iter,ms
0,0.226304
1,0.218112
2,0.207872
3,0.226304
4,0.216064
5,0.242688
6,0.216064
7,0.205824
8,0.220160
9,0.227328
10,0.198656
11,0.223232
12,0.220160
13,0.236544
14,0.231424
15,0.204800
16,0.221184
17,0.205824
18,0.198656
19,0.199680
20,0.190464
21,0.203776
22,0.205824
23,0.204800
24,0.202752
25,0.215040
26,0.207872
27,0.206848
28,0.181248
29,0.210944
30,0.218112
31,0.277504
32,0.274432
33,0.312320
34,0.231424
35,0.347136
36,0.302080
37,0.242688
38,0.228352
39,0.330752
40,0.559104
41,0.402432
42,0.301056
43,0.408576
44,0.233472
45,0.205824
46,0.214016
47,0.230400
48,0.220160
49,0.233472
50,0.209920
51,0.223232
52,0.233472
53,0.199680
54,0.208896
55,0.200704
56,0.206848
57,0.203776
58,0.208896
59,0.211968
60,0.229376
61,0.203776
62,0.234496
63,0.265216
64,0.212992
65,0.300032
66,0.212992
67,0.217088
68,0.252928
69,0.257024
70,0.626688
71,0.225280
72,0.228352
73,0.247808
74,0.284672
75,0.221184
76,0.277504
77,0.219136
78,0.237568
79,0.317440
80,0.229376
81,0.216064
82,0.247808
83,0.233472
84,0.243712
85,0.234496
86,0.248832
87,0.212992
88,0.260096
89,0.238592
90,0.236544
91,0.227328
92,0.268288
93,0.215040
94,0.207872
95,0.248832
96,0.238592
97,0.230400
98,0.226304
99,0.256000
100,0.256000
101,0.189440
102,0.231424
103,0.212992
104,0.275456
105,0.230400
106,0.241664
107,0.221184
108,0.219136
109,0.237568
110,0.228352
111,0.238592
112,0.204800
113,0.207872
114,0.195584
115,0.196608
116,0.203776
117,0.224256
118,0.199680
119,0.224256
120,0.218112
121,0.234496
122,0.308224
123,0.320512
124,0.320512
125,0.257024
126,0.329728
127,0.605184
128,0.302080
129,0.270336
130,0.427008
131,0.302080
132,0.214016
133,0.263168
134,0.291840
135,0.299008
136,0.247808
137,0.300032
138,0.268288
139,0.249856
140,0.311296
141,0.254976
142,0.282624
143,0.307200
144,0.281600
145,0.269312
146,0.275456
147,0.259072
148,0.293888
149,0.280576
150,0.280576
151,0.297984
152,0.352256
153,0.553984
154,0.365568
155,0.236544
156,0.321536
157,0.263168
158,0.411648
159,0.328704
160,0.404480
161,0.453632
162,0.410624
163,0.372736
164,0.420864
165,0.384000
166,0.444416
167,0.440320
168,0.422912
169,0.353280
170,0.346112
171,0.415744
172,0.415744
173,0.473088
174,0.431104
175,0.415744
176,0.407552
177,0.417792
178,0.396288
179,0.432128
180,0.237568
181,0.310272
182,0.314368
183,0.377856
184,0.438272
185,0.390144
186,0.410624
187,0.354304
188,0.365568
189,0.414720
190,0.364544
191,0.416768
192,0.440320
193,0.444416
194,0.404480
195,0.429056
196,0.434176
197,0.413696
198,0.454656
199,0.416768
200,0.417792
201,0.419840
202,0.386048
203,0.432128
204,0.394240
205,0.327680
206,0.303104
207,0.414720
208,0.382976
209,0.421888
210,0.448512
211,0.388096
212,0.423936
213,0.399360
214,0.354304
215,0.440320
216,0.449536
217,0.416768
218,0.434176
219,0.465920
220,0.478208
221,0.485376
222,0.440320
223,0.508928
224,0.490496
225,0.473088
226,0.458752
227,0.474112
228,0.473088
229,0.480256
230,0.518144
231,0.517120
232,0.528384
233,0.510976
234,0.557056
235,0.508928
236,0.534528
237,0.552960
238,0.508928
239,0.538624
240,0.541696
241,0.584704
242,0.526336
243,0.556032
244,0.608256
245,0.571392
246,0.549888
247,0.565248
248,0.508928
249,0.545792
250,0.542720
251,0.541696
252,0.538624
253,0.533504
254,0.537600
255,0.539648
256,0.578560
257,0.621568
258,0.617472
259,0.603136
260,0.621568
261,0.785408
262,0.579584
263,0.646144
264,0.648192
265,0.619520
266,0.619520
267,0.683008
268,0.624640
269,0.698368
270,0.638976
271,0.640000
272,0.693248
273,0.709632
274,0.669696
275,0.642048
276,0.625664
277,0.647168
278,0.705536
279,0.760832
280,0.674816
281,0.619520
282,0.852992
283,0.702464
284,0.700416
285,0.701440
286,0.739328
287,0.695296
288,0.687104
289,0.726016
290,0.730112
291,0.669696
292,0.626688
293,0.522240
294,0.523264
295,0.477184
296,0.490496
297,0.441344
298,0.450560
299,0.431104
300,0.370688
301,0.354304
302,0.719872
303,0.738304
304,0.734208
305,0.688128
306,0.739328
307,0.721920
308,0.698368
309,0.650240
310,0.732160
311,0.691200
312,0.711680
313,0.716800
314,0.700416
315,0.744448
316,0.711680
317,0.717824
318,0.748544
319,0.727040
320,0.728064
321,0.709632
322,0.766976
323,0.701440
324,0.740352
325,0.708608
326,0.714752
327,0.734208
328,0.717824
329,0.721920
330,0.781312
331,0.700416
332,0.735232
333,0.724992
334,0.727040
335,0.744448
336,0.775168
337,0.695296
338,0.791552
339,0.699392
340,0.795648
341,0.711680
342,0.713728
343,0.681984
344,0.733184
345,0.701440
346,0.745472
347,0.680960
348,0.731136
349,0.764928
350,0.747520
351,0.789504
352,0.859136
353,0.724992
354,0.812032
355,0.653312
356,0.783360
357,0.743424
358,0.781312
359,0.741376
360,0.730112
361,0.813056
362,0.722944
363,0.788480
364,0.704512
365,0.716800
366,0.783360
367,0.794624
368,0.680960
369,0.717824
370,0.838656
371,0.804864
372,0.787456
373,0.775168
374,0.823296
375,0.801792
376,0.791552
377,0.815104
378,0.678912
379,0.746496
380,0.792576
381,0.816128
382,0.584704
383,0.660480
384,0.783360
385,0.821248
386,0.838656
387,0.838656
388,0.779264
389,0.822272
390,0.803840
391,0.823296
392,0.775168
393,0.772096
394,0.785408
395,0.830464
396,0.823296
397,0.817152
398,0.860160
399,0.773120
400,0.874496
401,0.799744
402,0.829440
403,0.820224
404,0.812032
405,0.852992
406,0.821248
407,0.813056
408,0.830464
409,0.816128
410,0.785408
411,0.786432
412,0.847872
413,0.911360
414,0.786432
415,0.863232
416,0.828416
417,0.851968
418,0.828416
419,0.784384
420,0.812032
421,0.869376
422,0.830464
423,0.826368
424,0.856064
425,0.805888
426,0.535552
427,0.780288
428,0.755712
429,0.819200
430,0.844800
431,0.805888
432,0.827392
433,0.823296
434,0.837632
435,0.851968
436,0.856064
437,0.839680
438,0.857088
439,0.818176
440,0.811008
441,0.830464
442,0.865280
443,0.837632
444,0.800768
445,0.833536
446,0.848896
447,0.836608
448,0.546816
449,0.836608
450,0.838656
451,0.842752
452,0.827392
453,0.817152
454,0.822272
455,0.792576
456,0.782336
457,0.812032
458,0.860160
459,0.855040
460,0.840704
461,0.864256
462,0.849920
463,0.877568
464,0.889856
465,0.878592
466,0.860160
467,0.862208
468,0.857088
469,0.848896
470,1.001472
471,0.889856
472,0.868352
473,0.835584
474,0.865280
475,0.891904
476,0.871424
477,0.850944
478,0.856064
479,0.899072
480,0.851968
481,0.871424
482,0.881664
483,0.868352
484,0.841728
485,0.809984
486,0.847872
487,0.909312
488,0.896000
489,0.904192
490,0.835584
491,0.900096
492,0.870400
493,0.891904
494,0.828416
495,0.926720
496,0.750592
497,0.892928
498,0.878592
499,0.951296
500,0.837632
501,0.868352
502,0.827392
503,0.877568
504,0.862208
505,0.897024
506,0.825344
507,0.857088
508,0.903168
509,0.829440
510,0.926720
511,0.874496
512,0.859136
513,0.854016
514,0.892928
515,0.625664
516,0.920576
517,0.934912
518,0.930816
519,0.892928
520,0.927744
521,0.937984
522,0.927744
523,0.896000
524,0.933888
525,0.899072
526,0.940032
527,0.883712
528,0.910336
529,0.905216
530,0.909312
531,0.889856
532,0.924672
533,0.872448
534,0.916480
535,0.918528
536,0.917504
537,0.930816
538,0.897024
539,0.874496
540,0.904192
541,0.869376
542,0.890880
543,0.846848
544,0.883712
545,0.872448
546,0.827392
547,0.867328
548,0.870400
549,0.886784
550,0.940032
551,0.911360
552,0.923648
553,0.870400
554,0.868352
555,0.937984
556,0.909312
557,0.878592
558,0.909312
559,0.859136
560,0.925696
561,0.887808
562,0.930816
563,0.889856
564,0.885760
565,0.918528
566,0.899072
567,0.865280
568,0.871424
569,0.917504
570,0.911360
571,0.921600
572,0.915456
573,0.926720
574,0.950272
575,0.873472
576,0.886784
577,0.920576
578,0.946176
579,0.898048
580,0.871424
581,0.719872
582,0.642048
583,0.854016
584,0.892928
585,0.896000
586,0.892928
587,0.909312
588,0.884736
589,0.866304
590,0.769024
591,0.795648
592,0.925696
593,0.902144
594,0.878592
595,0.873472
596,0.925696
597,0.908288
598,0.897024
599,0.900096
600,0.947200
601,0.829440
602,0.882688
603,0.935936
604,0.869376
605,0.947200
606,0.930816
607,0.894976
608,0.826368
609,0.878592
610,0.896000
611,0.914432
612,0.916480
613,0.934912
614,0.897024
615,0.916480
616,0.921600
617,0.919552
618,0.942080
619,0.912384
620,0.936960
621,0.922624
622,0.917504
623,0.953344
624,0.875520
625,0.946176
626,0.950272
627,0.880640
628,0.906240
629,0.864256
630,0.909312
631,0.898048
632,0.904192
633,0.882688
634,0.913408
635,0.824320
636,0.908288
637,0.933888
638,0.882688
639,0.898048
640,0.883712
641,0.960512
642,0.945152
643,0.945152
644,0.883712
645,0.964608
646,0.887808
647,0.654336
648,0.849920
649,0.792576
650,0.884736
651,0.962560
652,0.934912
653,0.908288
654,0.881664
655,0.917504
656,0.902144
657,0.899072
658,0.893952
659,0.952320
660,0.896000
661,0.927744
662,0.862208
663,0.960512
664,0.934912
665,0.909312
666,0.910336
667,0.881664
668,0.869376
669,0.896000
670,0.886784
671,0.854016
672,0.901120
673,0.847872
674,0.901120
675,0.870400
676,0.893952
677,0.865280
678,0.903168
679,0.900096
680,0.870400
681,0.942080
682,0.898048
683,0.898048
684,0.963584
685,0.912384
686,0.936960
687,0.936960
688,0.916480
689,0.945152
690,0.867328
691,0.899072
692,0.968704
693,0.875520
694,0.897024
695,0.867328
696,0.898048
697,0.901120
698,0.965632
699,0.903168
700,0.906240
701,0.920576
702,0.922624
703,0.924672
704,0.913408
705,0.922624
706,0.901120
707,0.930816
708,0.933888
709,0.934912
710,0.949248
711,0.863232
712,0.776192
713,0.657408
714,0.536576
715,0.495616
716,0.472064
717,0.332800
718,0.216064
719,0.229376
720,0.226304
721,0.883712
722,0.923648
723,0.936960
724,0.918528
725,0.910336
726,0.958464
727,0.960512
728,0.930816
729,0.945152
730,1.018880
731,0.862208
732,0.971776
733,0.916480
734,0.896000
735,0.907264
736,0.905216
737,0.869376
738,0.930816
739,0.944128
740,0.920576
741,0.907264
742,0.936960
743,0.867328
744,0.961536
745,0.908288
746,0.905216
747,0.899072
748,0.925696
749,0.913408
750,0.907264
751,0.926720
752,0.893952
753,0.903168
754,0.894976
755,0.948224
756,0.916480
757,0.937984
758,0.882688
759,0.927744
760,0.974848
761,0.873472
762,0.899072
763,0.904192
764,0.887808
765,0.864256
766,0.885760
767,0.849920
768,0.899072
769,0.920576
770,0.899072
771,0.923648
772,0.887808
773,0.894976
774,0.894976
775,0.908288
776,0.935936
777,0.935936
778,0.917504
779,0.986112
780,0.959488
781,0.911360
782,0.914432
783,0.916480
784,0.949248
785,0.724992
786,0.681984
787,0.951296
788,0.928768
789,0.904192
790,0.935936
791,0.918528
792,0.922624
793,0.902144
794,0.931840
795,0.923648
796,0.668672
797,0.923648
798,0.865280
799,0.931840
800,0.910336
801,0.890880
802,0.908288
803,0.986112
804,0.868352
805,0.918528
806,0.861184
807,0.928768
808,0.919552
809,0.877568
810,0.911360
811,0.916480
812,0.912384
813,0.866304
814,0.911360
815,0.879616
816,0.901120
817,0.902144
818,0.903168
819,0.893952
820,0.893952
821,0.888832
822,0.897024
823,0.886784
824,0.890880
825,0.894976
826,0.852992
827,0.828416
828,0.923648
829,0.855040
830,0.914432
831,0.878592
832,0.922624
833,0.924672
834,0.906240
835,0.949248
836,0.906240
837,0.896000
838,0.957440
839,0.947200
840,0.921600
841,0.909312
842,0.930816
843,0.919552
844,0.950272
845,0.925696
846,0.912384
847,0.946176
848,0.884736
849,0.928768
850,0.889856
851,0.583680
852,0.871424
853,0.898048
854,0.854016
855,0.847872
856,0.816128
857,0.907264
858,0.860160
859,0.934912
860,0.919552
861,0.912384
862,0.955392
863,0.918528
864,0.900096
865,0.887808
866,0.922624
867,0.902144
868,0.929792
869,0.812032
870,0.866304
871,0.906240
872,0.961536
873,0.873472
874,0.905216
875,0.932864
876,0.904192
877,0.858112
878,0.922624
879,0.906240
880,0.969728
881,0.879616
882,0.879616
883,0.889856
884,0.919552
885,0.932864
886,0.888832
887,0.877568
888,0.934912
889,0.904192
890,0.914432
891,0.889856
892,0.927744
893,0.890880
894,0.899072
895,0.919552
896,0.897024
897,0.882688
898,0.924672
899,0.906240
900,0.902144
901,0.933888
902,0.945152
903,0.904192
904,0.874496
905,0.915456
906,0.916480
907,0.925696
908,0.947200
909,0.897024
910,0.882688
911,0.881664
912,0.875520
913,0.883712
914,0.846848
915,0.801792
916,0.607232
917,0.727040
918,0.956416
919,0.905216
920,0.907264
921,0.855040
922,0.934912
923,0.908288
924,0.835584
925,0.892928
926,0.939008
927,0.914432
928,0.892928
929,0.924672
930,0.892928
931,0.933888
932,0.894976
933,0.910336
934,0.889856
935,0.922624
936,0.914432
937,0.949248
938,0.877568
939,0.870400
940,0.868352
941,0.794624
942,0.899072
943,0.908288
944,0.848896
945,0.921600
946,0.935936
947,0.870400
948,0.921600
949,0.884736
950,0.875520
951,0.863232
952,0.937984
953,0.841728
954,0.920576
955,0.870400
956,0.933888
957,0.886784
958,0.864256
959,0.956416
960,0.941056
961,0.932864
962,0.851968
963,0.931840
964,0.881664
965,0.846848
966,0.880640
967,0.913408
968,0.892928
969,0.906240
970,0.899072
971,0.924672
972,0.894976
973,0.941056
974,0.923648
975,0.936960
976,0.934912
977,0.873472
978,0.929792
979,0.947200
980,0.848896
981,0.911360
982,0.778240
983,0.472064
984,0.395264
985,0.296960
986,0.314368
987,0.278528
988,0.248832
989,0.243712
990,0.239616
991,0.231424
992,0.217088
993,0.222208
994,0.212992
995,0.917504
996,0.924672
997,0.922624
998,0.922624
999,0.961536
1000,0.886784
1001,0.942080
1002,0.969728
1003,0.932864
1004,0.927744
1005,0.856064
1006,0.892928
1007,0.939008
1008,0.876544
1009,0.978944
1010,0.930816
1011,0.890880
1012,0.870400
1013,0.854016
1014,0.893952
1015,0.901120
1016,0.868352
1017,0.917504
1018,0.933888
1019,0.892928
1020,0.922624
1021,0.940032
1022,0.905216
1023,0.925696
1024,0.926720
1025,0.919552
1026,0.897024
1027,0.917504
1028,0.868352
1029,0.905216
1030,0.982016
1031,0.868352
1032,0.902144
1033,0.927744
1034,0.929792
1035,0.915456
1036,0.943104
1037,0.881664
1038,0.956416
1039,0.943104
1040,0.875520
1041,0.924672
1042,0.873472
1043,0.890880
1044,0.912384
1045,0.841728
1046,0.903168
1047,0.873472
1048,0.876544
1049,0.907264
1050,0.941056
1051,0.925696
1052,0.959488
1053,0.927744
1054,0.948224
1055,0.930816
1056,0.979968
1057,1.070080
1058,0.863232
1059,0.850944
1060,0.925696
1061,0.894976
1062,0.911360
1063,0.957440
1064,0.916480
1065,0.927744
1066,0.948224
1067,0.910336
1068,0.929792
1069,0.926720
1070,0.932864
1071,0.932864
1072,0.908288
1073,0.959488
1074,0.937984
1075,0.920576
1076,0.902144
1077,0.898048
1078,0.940032
1079,0.961536
1080,0.934912
1081,0.904192
1082,0.909312
1083,0.946176
1084,0.904192
1085,0.904192
1086,0.955392
1087,0.891904
1088,0.936960
1089,0.907264
1090,0.901120
1091,0.920576
1092,0.896000
1093,0.930816
1094,0.902144
1095,0.857088
1096,0.788480
1097,0.857088
1098,0.889856
1099,0.858112
1100,0.905216
1101,0.936960
1102,0.903168
1103,0.916480
1104,0.942080
1105,0.884736
1106,0.915456
1107,0.950272
1108,0.948224
1109,0.900096
1110,0.899072
1111,0.936960
1112,0.882688
1113,0.907264
1114,0.949248
1115,0.890880
1116,0.961536
1117,0.883712
1118,0.917504
1119,0.903168
1120,0.928768
1121,0.949248
1122,0.922624
1123,0.589824
1124,0.735232
1125,0.893952
1126,0.902144
1127,0.970752
1128,0.905216
1129,0.926720
1130,0.952320
1131,0.864256
1132,0.949248
1133,0.940032
1134,0.914432
1135,0.943104
1136,0.867328
1137,0.883712
1138,0.937984
1139,0.888832
1140,0.868352
1141,0.875520
1142,0.865280
1143,0.867328
1144,0.909312
1145,0.894976
1146,0.897024
1147,0.900096
1148,0.889856
1149,0.868352
1150,0.875520
1151,0.864256
1152,0.860160
1153,0.926720
1154,0.937984
1155,0.909312
1156,0.880640
1157,0.907264
1158,0.917504
1159,0.933888
1160,0.875520
1161,0.900096
1162,0.959488
1163,0.916480
1164,0.877568
1165,0.883712
1166,0.933888
1167,0.900096
1168,0.927744
1169,0.906240
1170,0.946176
1171,0.881664
1172,0.927744
1173,0.929792
1174,0.903168
1175,0.930816
1176,0.920576
1177,0.982016
1178,0.927744
1179,0.922624
1180,0.921600
1181,0.946176
1182,0.904192
1183,0.876544
1184,0.905216
1185,0.875520
1186,0.856064
1187,0.898048
1188,0.850944
1189,0.740352
1190,0.482304
1191,0.490496
1192,0.465920
1193,0.287744
1194,0.229376
1195,0.226304
1196,0.215040
1197,0.180224
1198,0.184320
1199,0.189440
1200,0.190464
1201,0.176128
1202,0.932864
1203,0.915456
1204,0.861184
1205,0.884736
1206,0.948224
1207,1.149952
1208,0.969728
1209,0.887808
1210,0.927744
1211,0.934912
1212,0.913408
1213,0.943104
1214,0.903168
1215,0.929792
1216,0.927744
1217,0.861184
1218,0.909312
1219,0.926720
1220,0.925696
1221,0.976896
1222,0.903168
1223,0.927744
1224,0.931840
1225,0.931840
1226,0.909312
1227,0.922624
1228,0.941056
1229,0.894976
1230,0.932864
1231,0.903168
1232,0.911360
1233,0.966656
1234,0.920576
1235,0.887808
1236,0.900096
1237,0.937984
1238,0.950272
1239,0.906240
1240,0.863232
1241,0.850944
1242,0.865280
1243,0.889856
1244,0.879616
1245,0.840704
1246,0.893952
1247,0.914432
1248,0.959488
1249,0.963584
1250,0.926720
1251,0.948224
1252,0.953344
1253,0.886784
1254,0.943104
1255,0.969728
1256,0.917504
1257,0.941056
1258,0.924672
1259,0.926720
1260,0.888832
1261,0.926720
1262,0.929792
1263,0.920576
1264,0.923648
1265,0.852992
1266,0.626688
1267,0.527360
1268,0.364544
1269,0.325632
1270,0.348160
1271,0.317440
1272,0.351232
1273,0.863232
1274,0.968704
1275,0.921600
1276,0.929792
1277,0.920576
1278,0.927744
1279,0.990208
1280,0.876544
1281,0.892928
1282,0.904192
1283,0.924672
1284,0.921600
1285,0.972800
1286,0.865280
1287,0.917504
1288,0.893952
1289,0.934912
1290,0.937984
1291,0.913408
1292,0.923648
1293,0.926720
1294,0.944128
1295,0.900096
1296,0.854016
1297,0.963584
1298,0.943104
1299,0.898048
1300,0.852992
1301,0.922624
1302,0.937984
1303,0.948224
1304,0.859136
1305,0.913408
1306,0.955392
1307,0.923648
1308,0.873472
1309,0.921600
1310,0.945152
1311,0.874496
1312,0.861184
1313,0.869376
1314,0.920576
1315,0.912384
1316,0.891904
1317,0.931840
1318,0.880640
1319,0.905216
1320,0.936960
1321,0.739328
1322,0.908288
1323,0.918528
1324,0.917504
1325,0.941056
1326,0.934912
1327,0.908288
1328,0.917504
1329,1.007616
1330,0.918528
1331,0.900096
1332,0.939008
1333,0.886784
1334,0.905216
1335,0.963584
1336,0.897024
1337,0.885760
1338,0.944128
1339,0.943104
1340,0.921600
1341,0.931840
1342,0.893952
1343,0.905216
1344,0.896000
1345,0.893952
1346,0.937984
1347,0.949248
1348,0.909312
1349,0.900096
1350,0.900096
1351,0.926720
1352,0.883712
1353,0.878592
1354,0.902144
1355,0.864256
1356,0.926720
1357,0.906240
1358,0.924672
1359,0.912384
1360,0.944128
1361,0.881664
1362,0.928768
1363,0.960512
1364,0.909312
1365,0.934912
1366,0.897024
1367,0.901120
1368,0.926720
1369,0.928768
1370,0.907264
1371,0.908288
1372,0.920576
1373,0.912384
1374,0.904192
1375,0.885760
1376,0.856064
1377,0.894976
1378,0.867328
1379,0.893952
1380,0.833536
1381,0.941056
1382,0.851968
1383,0.859136
1384,0.889856
1385,0.933888
1386,0.964608
1387,0.919552
1388,0.893952
1389,0.909312
1390,0.896000
1391,0.937984
1392,0.926720
1393,1.149952
1394,0.826368
1395,0.954368
1396,0.901120
1397,0.902144
1398,0.885760
1399,0.946176
1400,0.869376
1401,0.722944
1402,0.583680
1403,0.521216
1404,0.409600
1405,0.420864
1406,0.317440
1407,0.284672
1408,0.239616
1409,0.179200
1410,0.177152
1411,0.185344
1412,0.180224
1413,0.892928
1414,0.928768
1415,0.927744
1416,0.943104
1417,0.921600
1418,0.920576
1419,0.931840
1420,0.897024
1421,0.889856
1422,0.893952
1423,0.974848
1424,0.929792
1425,1.046528
1426,0.906240
1427,0.935936
1428,0.857088
1429,0.889856
1430,0.881664
1431,0.856064
1432,0.894976
1433,0.913408
1434,0.896000
1435,0.866304
1436,0.856064
1437,0.947200
1438,0.963584
1439,0.918528
1440,0.899072
1441,0.898048
1442,0.829440
1443,0.939008
1444,0.889856
1445,0.882688
1446,0.869376
1447,0.896000
1448,0.868352
1449,0.914432
1450,0.877568
1451,0.889856
1452,0.914432
1453,0.885760
1454,0.897024
1455,0.903168
1456,0.859136
1457,0.852992
1458,0.886784
1459,0.900096
1460,0.872448
1461,0.921600
1462,0.904192
1463,0.971776
1464,0.884736
1465,0.934912
1466,0.932864
1467,0.870400
1468,0.914432
1469,0.870400
1470,0.798720
1471,0.892928
1472,0.915456
1473,0.850944
1474,0.732160
1475,0.717824
1476,0.860160
1477,0.919552
1478,0.883712
1479,0.945152
1480,0.902144
1481,0.899072
1482,0.880640
1483,0.822272
1484,0.860160
1485,0.884736
1486,0.925696
1487,0.905216
1488,0.860160
1489,0.875520
1490,1.037312
1491,0.854016
1492,0.858112
1493,0.947200
1494,0.941056
1495,0.910336
1496,0.879616
1497,0.925696
1498,0.865280
1499,0.914432
1500,0.929792
1501,0.870400
1502,0.907264
1503,0.897024
1504,0.905216
1505,0.933888
1506,0.918528
1507,0.922624
1508,0.872448
1509,0.891904
1510,0.851968
1511,0.863232
1512,0.912384
1513,0.891904
1514,0.891904
1515,0.893952
1516,0.915456
1517,0.913408
1518,0.881664
1519,0.723968
1520,0.864256
1521,0.843776
1522,0.826368
1523,0.870400
1524,0.878592
1525,0.908288
1526,0.863232
1527,0.924672
1528,0.846848
1529,0.909312
1530,0.901120
1531,0.926720
1532,0.928768
1533,0.967680
1534,0.901120
1535,0.872448
1536,0.932864
1537,0.886784
1538,0.924672
1539,0.843776
1540,0.800768
1541,0.482304
1542,0.380928
1543,0.303104
1544,0.311296
1545,0.217088
1546,0.210944
1547,0.195584
1548,0.197632
1549,0.186368
1550,0.172032
1551,0.184320
1552,0.179200
1553,0.190464
1554,0.179200
1555,0.915456
1556,0.904192
1557,0.949248
1558,0.888832
1559,0.951296
1560,0.910336
1561,0.922624
1562,0.912384
1563,0.957440
1564,0.896000
1565,0.942080
1566,0.885760
1567,0.930816
1568,0.919552
1569,0.864256
1570,0.915456
1571,0.864256
1572,0.890880
1573,0.962560
1574,0.964608
1575,0.886784
1576,0.899072
1577,0.847872
1578,0.885760
1579,0.881664
1580,0.899072
1581,0.860160
1582,0.923648
1583,0.940032
1584,0.927744
1585,0.899072
1586,0.910336
1587,0.934912
1588,0.914432
1589,0.931840
1590,0.889856
1591,0.983040
1592,0.935936
1593,0.864256
1594,0.909312
1595,0.870400
1596,0.912384
1597,0.926720
1598,0.934912
1599,0.866304
1600,0.875520
1601,0.871424
1602,0.859136
1603,0.903168
1604,0.923648
1605,0.902144
1606,0.908288
1607,0.931840
1608,0.917504
1609,0.907264
1610,0.913408
1611,0.911360
1612,0.921600
1613,0.923648
1614,0.926720
1615,0.880640
1616,0.942080
1617,0.923648
1618,0.894976
1619,0.708608
1620,0.594944
1621,0.662528
1622,0.908288
1623,0.939008
1624,0.852992
1625,0.851968
1626,0.862208
1627,0.858112
1628,0.860160
1629,0.894976
1630,0.860160
1631,0.879616
1632,0.808960
1633,0.876544
1634,0.906240
1635,0.908288
1636,0.906240
1637,0.829440
1638,0.836608
1639,0.849920
1640,0.906240
1641,0.916480
1642,0.893952
1643,0.915456
1644,0.826368
1645,0.827392
1646,0.841728
1647,0.950272
1648,0.865280
1649,0.928768
1650,0.862208
1651,0.892928
1652,0.885760
1653,0.901120
1654,0.913408
1655,0.899072
1656,0.878592
1657,0.980992
1658,0.856064
1659,0.920576
1660,0.921600
1661,0.858112
1662,0.897024
1663,0.939008
1664,0.857088
1665,0.920576
1666,0.918528
1667,0.893952
1668,0.912384
1669,0.934912
1670,0.899072
1671,0.874496
1672,0.924672
1673,0.837632
1674,0.889856
1675,0.925696
1676,0.892928
1677,0.894976
1678,0.860160
1679,0.906240
1680,0.907264
1681,0.920576
1682,0.845824
1683,0.963584
1684,0.879616
1685,0.949248
1686,0.788480
1687,0.581632
1688,0.540672
1689,0.418816
1690,0.419840
1691,0.294912
1692,0.276480
1693,0.261120
1694,0.233472
1695,0.235520
1696,0.229376
1697,0.216064
1698,0.877568
1699,0.914432
1700,0.899072
1701,0.954368
1702,0.892928
1703,0.892928
1704,0.924672
1705,0.932864
1706,0.887808
1707,0.899072
1708,0.965632
1709,0.930816
1710,0.911360
1711,0.915456
1712,0.919552
1713,0.920576
1714,0.873472
1715,0.939008
1716,0.934912
1717,0.940032
1718,0.945152
1719,0.874496
1720,0.889856
1721,0.968704
1722,0.908288
1723,0.933888
1724,0.877568
1725,0.849920
1726,0.859136
1727,0.829440
1728,0.861184
1729,0.927744
1730,0.902144
1731,0.924672
1732,0.923648
1733,0.958464
1734,0.902144
1735,0.871424
1736,0.910336
1737,0.924672
1738,0.951296
1739,0.916480
1740,0.911360
1741,0.884736
1742,0.906240
1743,0.955392
1744,0.925696
1745,0.927744
1746,0.899072
1747,0.942080
1748,0.888832
1749,0.905216
1750,0.965632
1751,0.876544
1752,0.917504
1753,0.900096
1754,0.915456
1755,0.888832
1756,0.884736
1757,0.964608
1758,0.954368
1759,0.892928
1760,0.907264
1761,0.879616
1762,0.649216
1763,0.538624
1764,0.490496
1765,0.398336
1766,0.393216
1767,0.256000
1768,0.224256
1769,0.233472
1770,0.186368
1771,0.161792
1772,0.168960
1773,0.171008
1774,0.165888
1775,0.161792
1776,0.800768
1777,0.869376
1778,0.902144
1779,0.941056
1780,0.922624
1781,0.891904
1782,0.923648
1783,0.933888
1784,0.905216
1785,0.972800
1786,0.876544
1787,0.939008
1788,0.920576
1789,0.915456
1790,0.857088
1791,0.914432
1792,0.893952
1793,0.937984
1794,0.887808
1795,0.827392
1796,0.865280
1797,0.880640
1798,0.881664
1799,0.883712
1800,0.937984
1801,0.856064
1802,0.907264
1803,0.940032
1804,0.930816
1805,0.951296
1806,0.900096
1807,0.934912
1808,0.917504
1809,0.936960
1810,0.848896
1811,0.942080
1812,0.870400
1813,0.964608
1814,0.906240
1815,0.936960
1816,0.916480
1817,0.919552
1818,0.934912
1819,0.928768
1820,0.910336
1821,0.921600
1822,0.956416
1823,0.894976
1824,0.899072
1825,0.928768
1826,0.943104
1827,0.841728
1828,0.960512
1829,0.923648
1830,0.926720
1831,0.897024
1832,0.923648
1833,0.909312
1834,0.861184
1835,0.922624
1836,0.975872
1837,0.949248
1838,0.919552
1839,0.954368
1840,0.691200
1841,0.548864
1842,0.513024
1843,0.419840
1844,0.329728
1845,0.286720
1846,0.270336
1847,0.267264
1848,0.201728
1849,0.176128
1850,0.182272
1851,0.177152
1852,0.181248
1853,0.168960
1854,0.929792
1855,0.907264
1856,0.907264
1857,0.913408
1858,0.931840
1859,0.928768
1860,0.930816
1861,0.961536
1862,0.911360
1863,0.947200
1864,0.947200
1865,1.022976
1866,0.902144
1867,0.919552
1868,0.945152
1869,0.856064
1870,0.867328
1871,0.902144
1872,0.911360
1873,0.907264
1874,0.926720
1875,0.970752
1876,0.906240
1877,0.851968
1878,0.907264
1879,0.929792
1880,0.911360
1881,0.901120
1882,0.910336
1883,0.881664
1884,0.914432
1885,0.916480
1886,0.952320
1887,0.913408
1888,0.852992
1889,0.927744
1890,0.875520
1891,0.941056
1892,0.926720
1893,0.913408
1894,0.897024
1895,0.897024
1896,0.903168
1897,0.918528
1898,0.925696
1899,0.926720
1900,0.925696
1901,0.906240
1902,0.930816
1903,0.857088
1904,0.961536
1905,0.923648
1906,0.891904
1907,0.920576
1908,0.911360
1909,0.910336
1910,0.942080
1911,0.933888
1912,0.937984
1913,0.930816
1914,0.949248
1915,0.901120
1916,0.874496
1917,0.927744
1918,0.620544
1919,0.419840
1920,0.258048
1921,0.262144
1922,0.936960
1923,0.934912
1924,0.909312
1925,0.920576
1926,0.919552
1927,0.889856
1928,0.958464
1929,0.914432
1930,0.909312
1931,0.918528
1932,0.933888
1933,1.050624
1934,1.044480
1935,0.824320
1936,0.887808
1937,0.962560
1938,0.914432
1939,0.922624
1940,0.886784
1941,0.966656
1942,0.874496
1943,0.937984
1944,0.924672
1945,0.925696
1946,0.893952
1947,0.917504
1948,0.932864
1949,0.887808
1950,0.914432
1951,0.877568
1952,0.927744
1953,0.889856
1954,0.843776
1955,0.865280
1956,0.884736
1957,0.873472
1958,0.884736
1959,0.966656
1960,0.883712
1961,0.924672
1962,0.899072
1963,0.932864
1964,0.906240
1965,0.963584
1966,0.966656
1967,0.975872
1968,0.878592
1969,0.942080
1970,0.891904
1971,0.941056
1972,0.947200
1973,0.904192
1974,0.899072
1975,0.922624
1976,0.921600
1977,0.891904
1978,0.948224
1979,0.949248
1980,0.898048
1981,0.891904
1982,0.935936
1983,0.966656
1984,0.900096
1985,0.921600
1986,0.720896
1987,0.822272
1988,0.918528
1989,0.943104
1990,0.929792
1991,0.903168
1992,0.901120
1993,0.924672
1994,0.923648
1995,0.943104
1996,0.942080
1997,0.875520
1998,0.906240
1999,0.929792
2000,0.920576
2001,0.912384
2002,0.890880
2003,0.912384
2004,0.906240
2005,0.906240
2006,0.962560
2007,0.932864
2008,0.958464
2009,0.950272
2010,0.919552
2011,0.892928
2012,0.982016
2013,0.879616
2014,0.882688
2015,0.882688
2016,0.897024
2017,0.917504
2018,0.873472
2019,0.917504
2020,0.952320
2021,0.855040
2022,0.856064
2023,0.920576
2024,0.918528
2025,0.957440
2026,0.918528
2027,0.913408
2028,0.911360
2029,0.925696
2030,0.963584
2031,0.950272
2032,0.888832
2033,0.942080
2034,0.879616
2035,0.914432
2036,0.933888
2037,0.935936
2038,0.955392
2039,0.906240
2040,0.935936
2041,0.908288
2042,0.985088
2043,0.951296
2044,0.917504
2045,0.941056
2046,0.959488
2047,0.920576
2048,0.901120
2049,0.876544
2050,0.777216
2051,0.759808
2052,0.952320
2053,0.934912
2054,0.905216
2055,0.965632
2056,0.951296
2057,0.960512
2058,0.878592
2059,0.950272
2060,0.898048
2061,0.920576
2062,0.950272
2063,0.928768
2064,0.902144
2065,0.918528
2066,0.944128
2067,0.917504
2068,0.912384
2069,0.897024
2070,0.934912
2071,0.899072
2072,0.910336
2073,0.982016
2074,0.888832
2075,0.907264
2076,0.915456
2077,0.920576
2078,0.899072
2079,0.979968
2080,0.923648
2081,0.918528
2082,0.856064
2083,0.936960
2084,0.922624
2085,0.862208
2086,0.857088
2087,0.845824
2088,0.841728
2089,0.887808
2090,0.905216
2091,0.893952
2092,0.908288
2093,0.898048
2094,0.913408
2095,0.933888
2096,0.937984
2097,0.924672
2098,0.937984
2099,0.924672
2100,0.926720
2101,0.891904
2102,0.918528
2103,0.902144
2104,1.123328
2105,0.891904
2106,0.930816
2107,0.908288
2108,0.907264
2109,0.891904
2110,0.923648
2111,0.937984
2112,0.917504
2113,0.903168
2114,0.908288
2115,0.805888
2116,0.665600
2117,0.948224
2118,0.883712
2119,0.906240
2120,0.874496
2121,0.917504
2122,0.929792
2123,0.903168
2124,0.955392
2125,0.861184
2126,0.917504
2127,0.899072
2128,0.939008
2129,0.912384
2130,0.874496
2131,0.888832
2132,0.885760
2133,0.965632
2134,0.881664
2135,0.885760
2136,0.824320
2137,0.844800
2138,0.920576
2139,0.894976
2140,0.888832
2141,0.875520
2142,0.893952
2143,0.846848
2144,0.923648
2145,0.866304
2146,0.893952
2147,0.970752
2148,0.890880
2149,0.889856
2150,0.872448
2151,0.948224
2152,0.872448
2153,0.876544
2154,0.929792
2155,0.912384
2156,0.899072
2157,0.876544
2158,0.966656
2159,0.936960
2160,0.927744
2161,0.860160
2162,0.888832
2163,0.929792
2164,0.925696
2165,0.916480
2166,0.859136
2167,0.936960
2168,0.949248
2169,0.922624
2170,0.811008
2171,0.928768
2172,0.961536
2173,0.905216
2174,0.885760
2175,0.977920
2176,0.946176
2177,0.880640
2178,0.902144
2179,0.958464
2180,0.749568
2181,0.565248
2182,0.446464
2183,0.416768
2184,0.361472
2185,0.337920
2186,0.361472
2187,0.302080
2188,0.307200
2189,0.196608
2190,0.197632
2191,0.193536
2192,0.196608
2193,0.826368
2194,0.861184
2195,0.941056
2196,0.887808
2197,0.947200
2198,0.915456
2199,0.946176
2200,0.892928
2201,0.915456
2202,0.912384
2203,0.887808
2204,0.926720
2205,0.928768
2206,0.924672
2207,0.883712
2208,0.920576
2209,0.946176
2210,0.953344
2211,0.956416
2212,0.902144
2213,0.939008
2214,0.925696
2215,0.888832
2216,0.940032
2217,0.946176
2218,0.888832
2219,0.936960
2220,0.875520
2221,0.890880
2222,0.862208
2223,0.929792
2224,0.907264
2225,0.802816
2226,0.819200
2227,0.886784
2228,0.923648
2229,0.899072
2230,0.874496
2231,0.878592
2232,0.908288
2233,0.896000
2234,0.894976
2235,0.919552
2236,0.899072
2237,0.877568
2238,0.868352
2239,0.924672
2240,0.929792
2241,0.900096
2242,0.884736
2243,0.886784
2244,0.898048
2245,0.907264
2246,0.928768
2247,0.923648
2248,0.923648
2249,0.942080
2250,0.879616
2251,0.952320
2252,0.947200
2253,0.941056
2254,0.947200
2255,0.917504
2256,0.937984
2257,0.828416
2258,0.854016
2259,0.863232
2260,0.931840
2261,0.873472
2262,0.934912
2263,0.920576
2264,0.876544
2265,1.069056
2266,0.825344
2267,0.906240
2268,0.899072
2269,0.936960
2270,0.955392
2271,0.918528
2272,0.926720
2273,0.932864
2274,0.911360
2275,0.926720
2276,0.898048
2277,0.911360
2278,0.948224
2279,0.925696
2280,0.873472
2281,0.946176
2282,0.927744
2283,0.878592
2284,0.903168
2285,0.933888
2286,0.879616
2287,0.866304
2288,0.873472
2289,0.831488
2290,0.876544
2291,0.896000
2292,0.941056
2293,0.875520
2294,0.912384
2295,0.896000
2296,0.874496
2297,0.965632
2298,0.909312
2299,0.914432
2300,0.885760
2301,0.967680
2302,0.903168
2303,0.891904
2304,0.900096
2305,0.854016
2306,0.910336
2307,0.957440
2308,0.940032
2309,0.920576
2310,0.931840
2311,0.960512
2312,0.900096
2313,0.921600
2314,0.915456
2315,0.919552
2316,0.905216
2317,0.904192
2318,0.997376
2319,0.898048
2320,0.885760
2321,0.915456
2322,0.880640
2323,0.529408
2324,0.390144
2325,0.300032
2326,0.332800
2327,0.242688
2328,0.268288
2329,0.270336
2330,0.235520
2331,0.230400
2332,0.245760
2333,0.217088
2334,0.174080
2335,0.161792
2336,0.164864
2337,0.168960
2338,0.162816
2339,0.161792
2340,0.844800
2341,0.964608
2342,0.904192
2343,0.888832
2344,0.910336
2345,0.922624
2346,0.945152
2347,0.928768
2348,0.923648
2349,0.949248
2350,0.946176
2351,0.923648
2352,0.900096
2353,0.892928
2354,0.875520
2355,0.893952
2356,0.899072
2357,0.913408
2358,0.949248
2359,0.898048
2360,0.900096
2361,0.882688
2362,0.888832
2363,0.928768
2364,0.951296
2365,0.902144
2366,0.919552
2367,0.930816
2368,0.893952
2369,0.923648
2370,0.900096
2371,0.871424
2372,0.862208
2373,0.846848
2374,0.899072
2375,0.926720
2376,0.908288
2377,0.933888
2378,0.900096
2379,0.945152
2380,0.908288
2381,0.931840
2382,0.882688
2383,0.871424
2384,0.905216
2385,0.937984
2386,0.916480
2387,0.887808
2388,0.878592
2389,0.906240
2390,0.919552
2391,0.920576
2392,0.906240
2393,0.891904
2394,0.923648
2395,0.922624
2396,0.929792
2397,0.957440
2398,0.875520
2399,0.870400
2400,0.948224
2401,0.906240
2402,0.944128
2403,0.939008
2404,0.794624
2405,0.567296
2406,0.785408
2407,0.911360
2408,0.919552
2409,0.936960
2410,0.891904
2411,0.910336
2412,0.977920
2413,0.911360
2414,0.933888
2415,0.941056
2416,0.929792
2417,0.915456
2418,0.977920
2419,0.913408
2420,0.947200
2421,0.908288
2422,0.896000
2423,0.976896
2424,0.910336
2425,0.893952
2426,0.947200
2427,0.920576
2428,0.921600
2429,0.920576
2430,0.929792
2431,0.900096
2432,0.915456
2433,0.878592
2434,0.884736
2435,0.898048
2436,0.871424
2437,0.844800
2438,0.871424
2439,0.890880
2440,0.906240
2441,0.880640
2442,0.901120
2443,0.889856
2444,0.896000
2445,0.894976
2446,0.925696
2447,0.856064
2448,0.936960
2449,0.909312
2450,0.944128
2451,0.874496
2452,0.909312
2453,0.939008
2454,0.935936
2455,0.937984
2456,0.919552
2457,0.894976
2458,0.947200
2459,0.915456
2460,0.921600
2461,0.920576
2462,0.916480
2463,0.942080
2464,0.889856
2465,0.929792
2466,0.937984
2467,0.933888
2468,0.925696
2469,0.915456
2470,0.901120
2471,0.523264
2472,0.244736
2473,0.209920
2474,0.203776
2475,0.217088
2476,0.196608
2477,0.204800
2478,0.208896
2479,0.205824
2480,0.205824
2481,0.196608
2482,0.194560
2483,0.201728
2484,0.195584
2485,0.188416
2486,0.180224
2487,0.184320
2488,0.177152
2489,0.180224
2490,0.181248
2491,0.848896
2492,0.964608
2493,0.890880
2494,0.903168
2495,0.956416
2496,0.905216
2497,0.967680
2498,0.900096
2499,0.935936
2500,0.904192
2501,0.912384
2502,0.942080
2503,0.947200
2504,0.907264
2505,0.899072
2506,0.918528
2507,0.889856
2508,0.939008
2509,0.914432
2510,0.905216
2511,0.964608
2512,0.937984
2513,0.901120
2514,0.956416
2515,0.956416
2516,0.909312
2517,0.918528
2518,0.903168
2519,0.918528
2520,0.892928
2521,0.878592
2522,0.947200
2523,0.930816
2524,0.922624
2525,0.942080
2526,0.899072
2527,0.921600
2528,0.906240
2529,0.873472
2530,0.879616
2531,0.850944
2532,0.820224
2533,0.891904
2534,0.884736
2535,0.945152
2536,0.933888
2537,0.917504
2538,0.901120
2539,0.948224
2540,0.930816
2541,0.878592
2542,0.921600
2543,0.909312
2544,0.920576
2545,0.906240
2546,0.956416
2547,0.890880
2548,0.893952
2549,0.948224
2550,0.867328
2551,0.908288
2552,0.971776
2553,0.936960
2554,0.875520
2555,0.731136
2556,0.838656
2557,0.910336
2558,0.896000
2559,0.941056
2560,0.922624
2561,0.931840
2562,0.951296
2563,0.884736
2564,0.905216
2565,0.932864
2566,0.919552
2567,0.888832
2568,0.930816
2569,0.939008
2570,0.957440
2571,0.942080
2572,0.930816
2573,0.884736
2574,0.942080
2575,0.963584
2576,0.932864
2577,0.922624
2578,0.905216
2579,0.915456
2580,0.921600
2581,0.935936
2582,0.925696
2583,0.940032
2584,0.904192
2585,0.917504
2586,0.877568
2587,0.936960
2588,0.864256
2589,0.904192
2590,0.902144
2591,0.843776
2592,0.842752
2593,0.869376
2594,0.879616
2595,0.911360
2596,0.934912
2597,0.884736
2598,0.865280
2599,0.892928
2600,0.861184
2601,0.892928
2602,0.871424
2603,0.887808
2604,0.966656
2605,0.894976
2606,0.882688
2607,0.912384
2608,0.871424
2609,0.962560
2610,0.879616
2611,0.940032
2612,0.943104
2613,0.910336
2614,0.970752
2615,0.855040
2616,1.047552
2617,0.870400
2618,0.847872
2619,0.824320
2620,0.755712
2621,0.856064
2622,0.974848
2623,0.928768
2624,0.883712
2625,0.914432
2626,0.918528
2627,0.928768
2628,0.879616
2629,0.913408
2630,1.018880
2631,0.840704
2632,0.915456
2633,0.906240
2634,0.942080
2635,0.934912
2636,0.892928
2637,0.903168
2638,0.876544
2639,0.968704
2640,0.918528
2641,0.886784
2642,0.907264
2643,0.935936
2644,0.931840
2645,0.939008
2646,0.908288
2647,0.929792
2648,0.947200
2649,0.928768
2650,0.941056
2651,0.932864
2652,0.958464
2653,0.918528
2654,0.953344
2655,0.885760
2656,0.920576
2657,0.910336
2658,0.878592
2659,0.817152
2660,0.859136
2661,0.892928
2662,0.878592
2663,0.913408
2664,0.925696
2665,0.908288
2666,0.906240
2667,0.954368
2668,0.898048
2669,0.971776
2670,0.874496
2671,0.911360
2672,0.901120
2673,0.928768
2674,0.922624
2675,0.892928
2676,0.924672
2677,0.911360
2678,0.866304
2679,0.903168
2680,0.926720
2681,0.966656
2682,0.929792
2683,0.841728
2684,0.785408
2685,0.692224
2686,0.600064
2687,0.545792
2688,0.453632
2689,0.149504
2690,0.149504
2691,0.149504
2692,0.148480
2693,0.145408
2694,0.146432
2695,0.144384
2696,0.146432
2697,0.144384
2698,0.146432
2699,0.146432
2700,0.889856
2701,0.844800
2702,0.926720
2703,0.862208
2704,0.888832
2705,0.946176
2706,0.928768
2707,0.923648
2708,0.906240
2709,0.892928
2710,1.159168
2711,0.857088
2712,0.894976
2713,0.914432
2714,0.867328
2715,0.843776
2716,0.855040
2717,0.897024
2718,0.879616
2719,0.874496
2720,0.894976
2721,0.899072
2722,0.874496
2723,0.846848
2724,0.891904
2725,0.928768
2726,0.922624
2727,0.874496
2728,0.935936
2729,0.886784
2730,0.923648
2731,0.925696
2732,0.905216
2733,0.904192
2734,0.923648
2735,1.029120
2736,0.994304
2737,0.735232
2738,0.930816
2739,0.908288
2740,0.891904
2741,0.834560
2742,0.922624
2743,0.803840
2744,0.911360
2745,0.868352
2746,0.883712
2747,0.881664
2748,0.849920
2749,0.925696
2750,0.909312
2751,0.930816
2752,0.905216
2753,0.886784
2754,0.941056
2755,0.856064
2756,0.864256
2757,0.965632
2758,0.901120
2759,0.932864
2760,0.912384
2761,0.878592
2762,0.965632
2763,0.912384
2764,0.891904
2765,0.693248
2766,0.929792
2767,0.917504
2768,0.919552
2769,0.962560
2770,0.946176
2771,0.903168
2772,0.894976
2773,0.907264
2774,0.920576
2775,0.909312
2776,0.882688
2777,0.868352
2778,0.862208
2779,0.868352
2780,0.865280
2781,0.921600
2782,0.878592
2783,0.930816
2784,0.949248
2785,0.876544
2786,0.947200
2787,0.891904
2788,0.963584
2789,0.875520
2790,0.893952
2791,0.891904
2792,0.872448
2793,0.923648
2794,0.894976
2795,0.921600
2796,0.939008
2797,0.923648
2798,0.864256
2799,0.878592
2800,0.970752
2801,0.925696
2802,0.860160
2803,0.992256
2804,0.476160
2805,0.855040
2806,0.890880
2807,0.929792
2808,0.910336
2809,0.925696
2810,0.906240
2811,0.906240
2812,0.907264
2813,0.898048
2814,0.920576
2815,0.930816
2816,0.869376
2817,0.952320
2818,0.891904
2819,0.894976
2820,0.909312
2821,0.926720
2822,0.872448
2823,0.970752
2824,0.936960
2825,0.902144
2826,0.903168
2827,0.888832
2828,0.930816
2829,0.908288
2830,0.947200
2831,0.780288
2832,0.901120
2833,0.909312
2834,0.945152
2835,0.908288
2836,0.932864
2837,0.922624
2838,0.935936
2839,0.930816
2840,0.925696
2841,0.892928
2842,0.973824
2843,0.906240
2844,0.948224
2845,0.897024
2846,0.911360
2847,0.920576
2848,0.919552
2849,0.901120
2850,0.927744
2851,0.955392
2852,0.911360
2853,0.883712
2854,0.876544
2855,0.893952
2856,0.856064
2857,0.866304
2858,0.886784
2859,0.907264
2860,0.893952
2861,0.862208
2862,0.815104
2863,0.845824
2864,0.881664
2865,0.867328
2866,0.870400
2867,0.922624
2868,0.893952
2869,0.902144
2870,0.835584
2871,0.898048
2872,0.918528
2873,0.915456
2874,0.826368
2875,0.950272
2876,0.920576
2877,0.929792
2878,0.925696
2879,0.833536
2880,0.834560
2881,0.827392
2882,0.922624
2883,0.876544
2884,0.956416
2885,0.913408
2886,0.917504
2887,0.912384
2888,0.911360
2889,0.891904
2890,1.036288
2891,0.835584
2892,0.935936
2893,0.907264
2894,0.906240
2895,0.816128
2896,0.608256
2897,0.503808
2898,0.247808
2899,0.214016
2900,0.223232
2901,0.208896
2902,0.215040
2903,0.208896
2904,0.208896
2905,0.217088
2906,0.195584
2907,0.200704
2908,0.193536
2909,0.197632
2910,0.196608
2911,0.906240
2912,0.919552
2913,0.890880
2914,0.911360
2915,0.915456
2916,0.921600
2917,0.946176
2918,0.962560
2919,0.893952
2920,0.899072
2921,0.918528
2922,0.899072
2923,0.885760
2924,0.859136
2925,0.909312
2926,0.874496
2927,0.876544
2928,0.939008
2929,0.902144
2930,0.863232
2931,0.898048
2932,0.850944
2933,0.924672
2934,0.918528
2935,0.838656
2936,0.845824
2937,0.937984
2938,0.909312
2939,0.920576
2940,0.876544
2941,0.936960
2942,0.886784
2943,0.893952
2944,0.922624
2945,0.899072
2946,0.908288
2947,0.911360
2948,0.946176
2949,0.885760
2950,0.912384
2951,0.920576
2952,0.933888
2953,0.882688
2954,0.902144
2955,0.891904
2956,0.894976
2957,0.908288
2958,0.901120
2959,0.931840
2960,1.083392
2961,1.111040
2962,0.782336
2963,0.898048
2964,0.971776
2965,0.905216
2966,0.976896
2967,0.913408
2968,0.897024
2969,0.952320
2970,0.947200
2971,0.860160
2972,0.880640
2973,0.945152
2974,0.781312
2975,0.587776
2976,0.538624
2977,0.501760
2978,0.740352
2979,0.912384
2980,0.918528
2981,1.008640
2982,0.939008
2983,0.892928
2984,0.983040
2985,0.936960
2986,0.915456
2987,0.888832
2988,0.945152
2989,0.957440
2990,0.908288
2991,0.948224
2992,0.901120
2993,0.949248
2994,0.866304
2995,0.916480
2996,0.910336
2997,0.951296
2998,0.900096
2999,0.920576
3000,0.893952
3001,0.921600
3002,0.886784
3003,0.922624
3004,0.939008
3005,0.893952
3006,0.918528
3007,0.883712
3008,0.922624
3009,0.934912
3010,0.937984
3011,0.867328
3012,0.880640
3013,0.823296
3014,0.869376
3015,0.884736
3016,0.892928
3017,0.926720
3018,0.936960
3019,0.925696
3020,0.897024
3021,0.924672
3022,0.939008
3023,0.905216
3024,0.935936
3025,0.890880
3026,0.956416
3027,0.910336
3028,0.912384
3029,1.005568
3030,0.900096
3031,0.946176
3032,0.911360
3033,0.948224
3034,0.906240
3035,0.898048
3036,0.964608
3037,0.928768
3038,0.943104
3039,0.941056
3040,0.937984
3041,0.898048
3042,0.693248
3043,0.578560
3044,0.470016
3045,0.263168
3046,0.261120
3047,0.250880
3048,0.260096
3049,0.262144
3050,0.251904
3051,0.244736
3052,0.226304
3053,0.214016
3054,0.230400
3055,0.177152
3056,0.161792
3057,0.174080
3058,0.164864
3059,0.168960
3060,0.156672
3061,0.845824
3062,0.945152
3063,0.932864
3064,0.942080
3065,0.924672
3066,0.882688
3067,0.944128
3068,0.931840
3069,0.985088
3070,0.882688
3071,0.923648
3072,0.954368
3073,0.939008
3074,0.948224
3075,0.875520
3076,0.928768
3077,0.942080
3078,0.920576
3079,0.872448
3080,0.903168
3081,0.951296
3082,0.861184
3083,0.932864
3084,0.945152
3085,0.917504
3086,0.877568
3087,0.946176
3088,0.885760
3089,0.932864
3090,0.923648
3091,0.875520
3092,0.905216
3093,0.936960
3094,0.930816
3095,0.922624
3096,0.927744
3097,0.900096
3098,0.952320
3099,0.928768
3100,0.922624
3101,0.933888
3102,0.941056
3103,0.920576
3104,0.906240
3105,0.890880
3106,0.908288
3107,0.859136
3108,0.867328
3109,0.843776
3110,0.884736
3111,0.892928
3112,0.920576
3113,0.929792
3114,0.921600
3115,0.864256
3116,0.920576
3117,0.948224
3118,1.010688
3119,0.915456
3120,0.877568
3121,0.877568
3122,0.932864
3123,0.987136
3124,0.940032
3125,0.906240
3126,0.561152
3127,0.330752
3128,0.249856
3129,0.256000
3130,0.842752
3131,0.880640
3132,0.935936
3133,0.941056
3134,0.882688
3135,0.955392
3136,0.882688
3137,0.889856
3138,0.904192
3139,0.937984
3140,0.880640
3141,0.914432
3142,0.937984
3143,0.915456
3144,0.900096
3145,0.907264
3146,0.925696
3147,0.953344
3148,0.918528
3149,0.878592
3150,0.889856
3151,0.955392
3152,0.919552
3153,0.923648
3154,0.919552
3155,0.931840
3156,0.884736
3157,0.934912
3158,0.906240
3159,0.946176
3160,0.891904
3161,0.921600
3162,0.946176
3163,0.899072
3164,0.928768
3165,0.943104
3166,0.926720
3167,0.912384
3168,0.906240
3169,0.899072
3170,0.958464
3171,0.915456
3172,0.934912
3173,0.932864
3174,0.876544
3175,0.845824
3176,0.863232
3177,0.848896
3178,0.867328
3179,0.957440
3180,0.930816
3181,0.951296
3182,0.874496
3183,0.962560
3184,0.927744
3185,0.936960
3186,0.872448
3187,0.928768
3188,0.945152
3189,0.945152
3190,0.925696
3191,0.980992
3192,0.955392
3193,0.891904
3194,0.644096
3195,0.929792
3196,0.963584
3197,0.929792
3198,0.950272
3199,0.887808
3200,0.917504
3201,0.922624
3202,0.930816
3203,0.906240
3204,0.887808
3205,0.894976
3206,0.951296
3207,0.888832
3208,0.842752
3209,0.878592
3210,0.915456
3211,0.869376
3212,0.843776
3213,0.888832
3214,0.909312
3215,0.943104
3216,0.933888
3217,0.859136
3218,0.874496
3219,0.921600
3220,0.962560
3221,0.873472
3222,0.924672
3223,0.869376
3224,0.926720
3225,0.925696
3226,0.899072
3227,0.872448
3228,0.897024
3229,0.870400
3230,0.924672
3231,0.909312
3232,0.916480
3233,0.861184
3234,0.907264
3235,0.933888
3236,0.918528
3237,0.907264
3238,0.939008
3239,0.849920
3240,0.940032
3241,0.877568
3242,0.929792
3243,0.874496
3244,0.941056
3245,1.099776
3246,0.472064
3247,0.908288
3248,0.893952
3249,0.836608
3250,0.916480
3251,0.906240
3252,0.900096
3253,0.907264
3254,0.939008
3255,0.903168
3256,0.920576
3257,0.937984
3258,0.952320
3259,0.832512
3260,0.574464
3261,0.346112
3262,0.337920
3263,0.284672
3264,0.303104
3265,0.272384
3266,0.914432
3267,0.923648
3268,0.911360
3269,0.896000
3270,0.941056
3271,0.918528
3272,0.864256
3273,0.990208
3274,0.918528
3275,0.899072
3276,0.867328
3277,0.891904
3278,0.881664
3279,0.929792
3280,0.910336
3281,0.924672
3282,0.913408
3283,0.928768
3284,0.916480
3285,0.889856
3286,0.932864
3287,0.847872
3288,0.898048
3289,0.911360
3290,0.944128
3291,0.903168
3292,0.913408
3293,0.880640
3294,0.898048
3295,0.914432
3296,0.884736
3297,0.897024
3298,0.906240
3299,0.918528
3300,0.881664
3301,0.914432
3302,0.956416
3303,0.897024
3304,0.908288
3305,0.944128
3306,0.916480
3307,0.887808
3308,0.945152
3309,0.906240
3310,0.940032
3311,0.922624
3312,0.940032
3313,0.910336
3314,0.920576
3315,0.897024
3316,0.930816
3317,0.820224
3318,0.901120
3319,0.898048
3320,0.859136
3321,0.908288
3322,0.892928
3323,0.951296
3324,0.907264
3325,0.934912
3326,0.890880
3327,0.894976
3328,0.922624
3329,0.927744
3330,0.772096
3331,0.864256
3332,0.926720
3333,0.943104
3334,0.916480
3335,0.869376
3336,0.900096
3337,0.862208
3338,0.879616
3339,0.894976
3340,0.926720
3341,0.936960
3342,0.864256
3343,0.926720
3344,0.921600
3345,0.887808
3346,0.949248
3347,0.910336
3348,0.872448
3349,0.921600
3350,0.934912
3351,0.922624
3352,0.943104
3353,0.871424
3354,0.874496
3355,0.889856
3356,0.908288
3357,0.940032
3358,0.922624
3359,0.926720
3360,0.951296
3361,0.875520
3362,0.893952
3363,0.851968
3364,0.896000
3365,0.896000
3366,0.883712
3367,0.846848
3368,0.849920
3369,0.937984
3370,0.888832
3371,0.952320
3372,0.920576
3373,0.923648
3374,0.931840
3375,0.923648
3376,0.943104
3377,0.955392
3378,0.918528
3379,0.916480
3380,0.930816
3381,0.902144
3382,0.966656
3383,0.883712
3384,0.902144
3385,0.994304
3386,0.898048
3387,0.896000
3388,0.937984
3389,0.896000
3390,0.939008
3391,0.935936
3392,0.966656
3393,0.950272
3394,0.902144
3395,0.768000
3396,0.688128
3397,0.405504
3398,0.237568
3399,0.223232
3400,0.835584
3401,0.861184
3402,0.932864
3403,0.908288
3404,0.963584
3405,0.950272
3406,0.901120
3407,0.896000
3408,0.906240
3409,0.960512
3410,0.878592
3411,0.966656
3412,0.917504
3413,0.910336
3414,0.945152
3415,0.896000
3416,0.891904
3417,0.883712
3418,0.918528
3419,0.881664
3420,0.898048
3421,0.844800
3422,0.891904
3423,0.962560
3424,0.926720
3425,0.914432
3426,0.925696
3427,0.935936
3428,0.911360
3429,0.856064
3430,0.876544
3431,0.919552
3432,0.919552
3433,0.927744
3434,0.915456
3435,0.927744
3436,0.919552
3437,0.908288
3438,0.918528
3439,0.929792
3440,0.950272
3441,0.917504
3442,0.927744
3443,0.919552
3444,0.930816
3445,0.883712
3446,0.907264
3447,0.859136
3448,0.865280
3449,0.905216
3450,0.911360
3451,0.865280
3452,0.885760
3453,0.875520
3454,0.883712
3455,0.919552
3456,0.915456
3457,0.941056
3458,0.929792
3459,0.888832
3460,0.846848
3461,0.899072
3462,0.921600
3463,0.898048
3464,0.801792
3465,0.741376
3466,0.679936
3467,0.474112
3468,0.220160
3469,0.189440
3470,0.190464
3471,0.197632
3472,0.178176
3473,0.183296
3474,0.180224
3475,0.183296
3476,0.171008
3477,0.158720
3478,0.154624
3479,0.149504
3480,0.150528
3481,0.152576
3482,0.147456
3483,0.847872
3484,0.910336
3485,0.952320
3486,0.915456
3487,0.916480
3488,0.917504
3489,0.889856
3490,0.882688
3491,0.936960
3492,0.924672
3493,0.882688
3494,0.900096
3495,0.900096
3496,0.901120
3497,0.862208
3498,0.917504
3499,0.909312
3500,0.855040
3501,0.894976
3502,0.852992
3503,0.869376
3504,0.890880
3505,0.989184
3506,0.822272
3507,0.852992
3508,0.921600
3509,0.954368
3510,0.875520
3511,0.942080
3512,0.930816
3513,0.870400
3514,0.901120
3515,0.896000
3516,0.939008
3517,0.890880
3518,0.929792
3519,0.911360
3520,0.927744
3521,0.935936
3522,0.882688
3523,0.890880
3524,0.870400
3525,0.871424
3526,0.817152
3527,0.913408
3528,0.875520
3529,0.886784
3530,0.948224
3531,0.919552
3532,0.949248
3533,0.898048
3534,0.925696
3535,0.930816
3536,0.984064
3537,0.923648
3538,0.962560
3539,0.891904
3540,0.944128
3541,0.902144
3542,0.922624
3543,0.919552
3544,0.957440
3545,0.915456
3546,0.901120
3547,0.817152
3548,0.548864
3549,0.508928
3550,0.417792
3551,0.382976
3552,0.839680
3553,0.911360
3554,0.909312
3555,0.848896
3556,0.889856
3557,0.875520
3558,0.886784
3559,0.957440
3560,0.882688
3561,0.955392
3562,0.923648
3563,0.903168
3564,0.872448
3565,0.914432
3566,0.904192
3567,0.885760
3568,0.911360
3569,0.901120
3570,0.894976
3571,0.943104
3572,0.920576
3573,0.914432
3574,0.901120
3575,0.881664
3576,0.960512
3577,0.911360
3578,0.919552
3579,0.879616
3580,0.916480
3581,0.896000
3582,0.908288
3583,0.905216
3584,0.900096
3585,0.868352
3586,0.866304
3587,0.870400
3588,0.845824
3589,0.836608
3590,0.900096
3591,0.888832
3592,0.889856
3593,0.897024
3594,0.942080
3595,0.898048
3596,0.980992
3597,0.909312
3598,0.884736
3599,0.970752
3600,0.925696
3601,0.910336
3602,0.917504
3603,0.917504
3604,0.899072
3605,0.907264
3606,0.901120
3607,0.876544
3608,0.931840
3609,0.917504
3610,0.926720
3611,0.600064
3612,0.883712
3613,0.886784
3614,0.956416
3615,0.949248
3616,0.873472
3617,0.590848
3618,0.863232
3619,0.860160
3620,0.891904
3621,0.848896
3622,0.883712
3623,0.880640
3624,0.939008
3625,0.880640
3626,0.936960
3627,0.883712
3628,0.922624
3629,0.899072
3630,0.903168
3631,0.871424
3632,0.919552
3633,0.906240
3634,0.929792
3635,0.887808
3636,0.912384
3637,0.919552
3638,0.871424
3639,0.943104
3640,0.937984
3641,0.942080
3642,0.872448
3643,0.906240
3644,0.965632
3645,0.913408
3646,0.862208
3647,0.908288
3648,0.911360
3649,0.870400
3650,0.905216
3651,0.913408
3652,0.909312
3653,0.887808
3654,0.899072
3655,0.868352
3656,0.932864
3657,0.871424
3658,0.950272
3659,0.884736
3660,0.953344
3661,0.880640
3662,0.905216
3663,0.906240
3664,0.980992
3665,0.876544
3666,0.935936
3667,0.928768
3668,0.870400
3669,0.860160
3670,0.835584
3671,0.949248
3672,0.864256
3673,0.905216
3674,0.941056
3675,0.880640
3676,0.917504
3677,0.946176
3678,0.863232
3679,0.899072
3680,0.920576
3681,0.807936
3682,0.814080
3683,0.560128
3684,0.468992
3685,0.370688
3686,0.349184
3687,0.327680
3688,0.330752
3689,0.321536
3690,0.842752
3691,0.856064
3692,0.985088
3693,0.910336
3694,0.893952
3695,0.868352
3696,0.891904
3697,0.941056
3698,0.920576
3699,0.942080
3700,0.897024
3701,0.930816
3702,0.913408
3703,0.958464
3704,0.897024
3705,0.927744
3706,0.892928
3707,0.915456
3708,0.906240
3709,0.923648
3710,0.914432
3711,0.921600
3712,0.882688
3713,0.916480
3714,0.925696
3715,0.899072
3716,0.868352
3717,0.903168
3718,0.876544
3719,0.823296
3720,0.874496
3721,0.891904
3722,0.970752
3723,0.893952
3724,0.892928
3725,0.927744
3726,0.879616
3727,0.952320
3728,0.865280
3729,0.913408
3730,0.897024
3731,0.886784
3732,0.908288
3733,0.951296
3734,0.911360
3735,0.881664
3736,0.917504
3737,0.933888
3738,0.915456
3739,0.950272
3740,0.920576
3741,0.915456
3742,0.934912
3743,0.958464
3744,0.909312
3745,0.952320
3746,0.902144
3747,0.929792
3748,0.964608
3749,0.883712
3750,0.915456
3751,0.900096
3752,0.880640
3753,0.867328
3754,0.825344
3755,0.759808
3756,0.926720
3757,0.973824
3758,0.410624
3759,0.859136
3760,0.931840
3761,0.915456
3762,0.857088
3763,0.879616
3764,0.889856
3765,0.934912
3766,0.894976
3767,0.899072
3768,0.922624
3769,0.932864
3770,0.934912
3771,0.928768
3772,0.901120
3773,0.953344
3774,0.875520
3775,0.924672
3776,0.934912
3777,0.898048
3778,0.915456
3779,0.930816
3780,0.892928
3781,0.934912
3782,0.973824
3783,0.880640
3784,1.050624
3785,0.968704
3786,0.706560
3787,0.907264
3788,0.862208
3789,0.817152
3790,0.863232
3791,0.876544
3792,0.874496
3793,0.881664
3794,0.922624
3795,0.942080
3796,0.916480
3797,0.908288
3798,0.919552
3799,0.878592
3800,0.930816
3801,0.871424
3802,0.861184
3803,0.959488
3804,0.915456
3805,0.904192
3806,0.973824
3807,0.897024
3808,0.936960
3809,0.908288
3810,0.893952
3811,0.945152
3812,0.933888
3813,0.832512
3814,0.926720
3815,0.952320
3816,0.941056
3817,0.940032
3818,0.881664
3819,0.884736
3820,0.763904
3821,0.562176
3822,0.910336
3823,0.907264
3824,0.965632
3825,0.910336
3826,0.889856
3827,0.956416
3828,0.903168
3829,0.830464
3830,0.939008
3831,0.885760
3832,0.900096
3833,0.943104
3834,0.921600
3835,0.890880
3836,0.928768
3837,0.930816
3838,0.896000
3839,0.944128
3840,0.944128
3841,0.935936
3842,0.949248
3843,0.952320
3844,0.940032
3845,0.940032
3846,0.872448
3847,0.951296
3848,0.897024
3849,0.910336
3850,0.875520
3851,0.920576
3852,0.834560
3853,0.994304
3854,0.901120
3855,0.933888
3856,0.917504
3857,0.911360
3858,0.916480
3859,0.932864
3860,0.891904
3861,0.882688
3862,0.957440
3863,0.914432
3864,0.912384
3865,0.899072
3866,0.906240
3867,0.865280
3868,0.859136
3869,0.838656
3870,0.905216
3871,0.900096
3872,0.889856
3873,0.885760
3874,0.877568
3875,0.932864
3876,0.891904
3877,0.970752
3878,0.972800
3879,0.933888
3880,0.762880
3881,0.928768
3882,0.941056
3883,0.934912
3884,0.912384
3885,0.906240
3886,0.839680
3887,0.617472
3888,0.566272
3889,0.449536
3890,0.422912
3891,0.945152
3892,0.922624
3893,0.893952
3894,0.889856
3895,0.915456
3896,0.934912
3897,0.918528
3898,0.908288
3899,0.911360
3900,0.921600
3901,0.908288
3902,0.904192
3903,0.911360
3904,0.887808
3905,0.964608
3906,0.900096
3907,0.936960
3908,0.894976
3909,0.883712
3910,0.915456
3911,0.888832
3912,0.893952
3913,0.864256
3914,0.903168
3915,0.873472
3916,0.931840
3917,0.921600
3918,0.897024
3919,0.974848
3920,0.887808
3921,0.890880
3922,0.950272
3923,0.904192
3924,0.901120
3925,0.911360
3926,0.893952
3927,0.907264
3928,0.941056
3929,0.877568
3930,0.937984
3931,0.925696
3932,0.878592
3933,0.909312
3934,0.925696
3935,0.923648
3936,0.946176
3937,0.890880
3938,0.908288
3939,0.906240
3940,0.941056
3941,0.948224
3942,0.940032
3943,0.905216
3944,0.915456
3945,0.864256
3946,0.898048
3947,0.936960
3948,0.683008
3949,0.911360
3950,0.886784
3951,0.893952
3952,0.936960
3953,0.933888
3954,0.923648
3955,0.869376
3956,0.572416
3957,0.939008
3958,0.928768
3959,0.871424
3960,0.944128
3961,0.875520
3962,0.944128
3963,0.963584
3964,0.919552
3965,0.887808
3966,0.865280
3967,0.946176
3968,0.904192
3969,0.956416
3970,0.902144
3971,0.908288
3972,0.906240
3973,0.878592
3974,0.855040
3975,0.946176
3976,0.927744
3977,0.864256
3978,0.874496
3979,0.910336
3980,0.877568
3981,0.909312
3982,0.902144
3983,0.915456
3984,0.892928
3985,0.913408
3986,0.870400
3987,0.883712
3988,0.937984
3989,0.877568
3990,0.861184
3991,0.897024
3992,0.947200
3993,0.919552
3994,0.874496
3995,0.906240
3996,0.889856
3997,0.916480
3998,0.914432
3999,0.905216
4000,0.912384
4001,0.913408
4002,0.843776
4003,0.845824
4004,0.959488
4005,0.869376
4006,0.915456
4007,0.846848
4008,0.847872
4009,0.948224
4010,0.885760
4011,0.961536
4012,0.863232
4013,0.899072
4014,0.872448
4015,0.917504
4016,0.909312
4017,0.869376
4018,0.925696
4019,0.935936
4020,0.915456
4021,0.793600
4022,0.632832
4023,0.516096
4024,0.876544
4025,0.925696
4026,0.798720
4027,0.937984
4028,0.865280
4029,0.960512
4030,0.907264
4031,0.910336
4032,0.908288
4033,0.899072
4034,0.956416
4035,0.900096
4036,0.873472
4037,0.904192
4038,0.913408
4039,0.867328
4040,0.888832
4041,0.914432
4042,0.870400
4043,0.921600
4044,0.889856
4045,0.903168
4046,0.930816
4047,0.897024
4048,0.954368
4049,0.913408
4050,0.899072
4051,0.899072
4052,0.886784
4053,0.898048
4054,0.904192
4055,0.940032
4056,0.922624
4057,0.937984
4058,0.903168
4059,0.942080
4060,0.901120
4061,0.943104
4062,0.948224
4063,0.953344
4064,0.901120
4065,0.888832
4066,0.927744
4067,0.936960
4068,0.889856
4069,0.889856
4070,0.968704
4071,0.905216
4072,0.892928
4073,0.876544
4074,0.869376
4075,0.870400
4076,0.872448
4077,0.857088
4078,0.888832
4079,0.919552
4080,0.926720
4081,0.856064
4082,0.926720
4083,0.963584
4084,0.942080
4085,0.940032
4086,0.908288
4087,0.933888
4088,0.737280
4089,0.814080
4090,0.900096
4091,0.749568
4092,0.960512
4093,0.944128
4094,1.140736
4095,0.838656
4096,0.913408
4097,0.852992
4098,0.907264
4099,0.925696
4100,0.821248
4101,0.875520
4102,0.835584
4103,0.888832
4104,0.916480
4105,0.909312
4106,0.874496
4107,0.904192
4108,0.910336
4109,0.902144
4110,0.931840
4111,0.849920
4112,0.893952
4113,0.949248
4114,0.967680
4115,0.867328
4116,0.852992
4117,0.896000
4118,0.931840
4119,0.873472
4120,0.917504
4121,0.907264
4122,0.885760
4123,0.892928
4124,0.891904
4125,0.871424
4126,0.861184
4127,0.910336
4128,0.896000
4129,0.892928
4130,0.911360
4131,0.932864
4132,0.880640
4133,0.872448
4134,0.881664
4135,0.858112
4136,0.915456
4137,0.880640
4138,0.877568
4139,0.783360
4140,0.859136
4141,0.924672
4142,0.837632
4143,0.926720
4144,0.922624
4145,0.917504
4146,0.907264
4147,0.905216
4148,0.946176
4149,0.901120
4150,0.972800
4151,0.940032
4152,0.833536
4153,0.803840
4154,0.751616
4155,0.663552
4156,0.724992
4157,0.917504
4158,0.868352
4159,0.930816
4160,0.894976
4161,0.869376
4162,0.898048
4163,0.884736
4164,0.906240
4165,0.881664
4166,0.894976
4167,0.909312
4168,0.937984
4169,0.851968
4170,0.921600
4171,0.913408
4172,0.913408
4173,0.899072
4174,0.897024
4175,0.888832
4176,0.858112
4177,0.876544
4178,0.961536
4179,0.890880
4180,0.919552
4181,0.860160
4182,0.929792
4183,0.897024
4184,0.900096
4185,0.929792
4186,0.942080
4187,0.861184
4188,0.931840
4189,0.933888
4190,0.922624
4191,0.937984
4192,0.886784
4193,0.949248
4194,0.899072
4195,0.940032
4196,0.912384
4197,0.886784
4198,0.923648
4199,0.928768
4200,0.909312
4201,0.933888
4202,0.945152
4203,0.919552
4204,0.903168
4205,0.909312
4206,0.918528
4207,0.908288
4208,0.858112
4209,0.850944
4210,0.814080
4211,0.848896
4212,0.934912
4213,0.901120
4214,0.961536
4215,0.907264
4216,0.888832
4217,0.900096
4218,0.909312
4219,0.952320
4220,0.837632
4221,0.644096
4222,0.805888
4223,0.908288
4224,0.891904
4225,0.942080
4226,0.899072
4227,0.887808
4228,0.898048
4229,0.933888
4230,0.867328
4231,0.925696
4232,0.862208
4233,0.903168
4234,0.899072
4235,0.913408
4236,0.868352
4237,0.913408
4238,0.893952
4239,0.911360
4240,0.903168
4241,0.923648
4242,0.932864
4243,0.857088
4244,0.908288
4245,0.941056
4246,0.950272
4247,0.918528
4248,0.899072
4249,0.894976
4250,0.933888
4251,0.873472
4252,0.940032
4253,0.919552
4254,0.862208
4255,0.919552
4256,0.877568
4257,0.908288
4258,0.891904
4259,0.877568
4260,0.918528
4261,0.870400
4262,0.844800
4263,0.899072
4264,0.919552
4265,0.846848
4266,0.918528
4267,0.888832
4268,0.932864
4269,0.930816
4270,0.894976
4271,0.956416
4272,0.933888
4273,0.913408
4274,0.966656
4275,0.910336
4276,0.881664
4277,0.901120
4278,0.873472
4279,0.924672
4280,0.882688
4281,0.921600
4282,0.951296
4283,0.899072
4284,0.917504
4285,0.937984
4286,0.806912
4287,0.470016
4288,0.335872
4289,0.302080
4290,0.314368
4291,0.295936
4292,0.299008
4293,0.274432
4294,0.278528
4295,0.274432
4296,0.253952
4297,0.252928
4298,0.272384
4299,0.798720
4300,0.911360
4301,0.963584
4302,0.891904
4303,0.945152
4304,0.897024
4305,0.865280
4306,0.910336
4307,0.885760
4308,0.942080
4309,0.907264
4310,0.956416
4311,0.902144
4312,0.910336
4313,0.927744
4314,0.923648
4315,0.897024
4316,0.949248
4317,0.908288
4318,0.877568
4319,0.946176
4320,0.922624
4321,0.908288
4322,0.915456
4323,0.928768
4324,0.911360
4325,0.897024
4326,0.905216
4327,0.964608
4328,0.921600
4329,0.901120
4330,0.892928
4331,0.904192
4332,0.910336
4333,0.903168
4334,0.914432
4335,0.887808
4336,0.890880
4337,0.946176
4338,0.852992
4339,0.862208
4340,0.806912
4341,0.847872
4342,0.897024
4343,0.916480
4344,0.942080
4345,0.894976
4346,0.923648
4347,0.893952
4348,0.907264
4349,0.898048
4350,0.917504
4351,0.905216
4352,0.915456
4353,0.892928
4354,0.894976
4355,0.933888
4356,0.873472
4357,0.912384
4358,0.926720
4359,0.946176
4360,0.926720
4361,0.892928
4362,0.909312
4363,0.757760
4364,0.629760
4365,0.502784
4366,0.937984
4367,0.926720
4368,0.905216
4369,0.927744
4370,0.951296
4371,0.886784
4372,0.907264
4373,0.917504
4374,0.916480
4375,0.923648
4376,0.889856
4377,0.907264
4378,0.928768
4379,0.908288
4380,0.907264
4381,0.915456
4382,0.901120
4383,0.872448
4384,0.933888
4385,0.902144
4386,0.952320
4387,0.920576
4388,0.893952
4389,0.888832
4390,0.949248
4391,0.890880
4392,0.906240
4393,0.930816
4394,0.894976
4395,0.926720
4396,0.963584
4397,0.888832
4398,0.878592
4399,0.898048
4400,0.924672
4401,0.911360
4402,0.936960
4403,0.923648
4404,0.904192
4405,0.904192
4406,0.855040
4407,0.908288
4408,0.956416
4409,0.902144
4410,0.948224
4411,0.952320
4412,0.928768
4413,0.918528
4414,0.940032
4415,0.929792
4416,0.915456
4417,0.911360
4418,0.917504
4419,0.896000
4420,0.927744
4421,0.906240
4422,0.912384
4423,0.929792
4424,0.914432
4425,0.939008
4426,0.970752
4427,0.951296
4428,0.906240
4429,0.876544
4430,0.671744
4431,0.506880
4432,0.247808
4433,0.224256
4434,0.221184
4435,0.192512
4436,0.190464
4437,0.182272
4438,0.189440
4439,0.182272
4440,0.852992
4441,0.902144
4442,0.907264
4443,0.934912
4444,0.891904
4445,0.909312
4446,0.902144
4447,0.948224
4448,0.921600
4449,0.904192
4450,0.927744
4451,0.879616
4452,0.869376
4453,0.890880
4454,0.945152
4455,0.896000
4456,0.922624
4457,0.887808
4458,0.918528
4459,0.957440
4460,0.835584
4461,0.906240
4462,0.934912
4463,0.933888
4464,0.916480
4465,0.892928
4466,0.948224
4467,0.915456
4468,0.928768
4469,0.894976
4470,0.900096
4471,0.919552
4472,0.889856
4473,0.971776
4474,0.912384
4475,0.918528
4476,0.917504
4477,0.925696
4478,0.942080
4479,0.909312
4480,0.929792
4481,0.946176
4482,0.870400
4483,0.906240
4484,0.919552
4485,0.936960
4486,0.926720
4487,0.868352
4488,0.931840
4489,0.873472
4490,0.916480
4491,0.891904
4492,0.921600
4493,0.932864
4494,0.883712
4495,0.952320
4496,0.901120
4497,0.891904
4498,0.878592
4499,0.901120
4500,0.866304
4501,0.878592
4502,0.897024
4503,0.891904
4504,0.758784
4505,0.708608
4506,0.962560
4507,0.871424
4508,0.913408
4509,0.939008
4510,0.927744
4511,0.926720
4512,0.885760
4513,0.937984
4514,0.914432
4515,0.872448
4516,0.914432
4517,0.917504
4518,0.911360
4519,0.841728
4520,0.915456
4521,0.869376
4522,0.844800
4523,0.843776
4524,0.861184
4525,0.948224
4526,0.886784
4527,0.873472
4528,0.894976
4529,0.913408
4530,0.922624
4531,0.862208
4532,0.887808
4533,0.881664
4534,0.905216
4535,0.906240
4536,0.872448
4537,0.962560
4538,0.908288
4539,0.982016
4540,0.924672
4541,0.914432
4542,0.861184
4543,0.871424
4544,0.945152
4545,0.874496
4546,0.936960
4547,0.879616
4548,0.927744
4549,0.929792
4550,0.851968
4551,0.888832
4552,0.945152
4553,0.903168
4554,0.930816
4555,0.906240
4556,0.959488
4557,0.941056
4558,0.933888
4559,0.906240
4560,0.951296
4561,0.899072
4562,0.922624
4563,0.933888
4564,0.936960
4565,0.934912
4566,0.928768
4567,0.942080
4568,0.914432
4569,0.890880
4570,0.590848
4571,0.367616
4572,0.305152
4573,0.228352
4574,0.224256
4575,0.222208
4576,0.216064
4577,0.217088
4578,0.235520
4579,0.228352
4580,0.237568
4581,0.224256
4582,0.226304
4583,0.219136
4584,0.205824
4585,0.191488
4586,0.192512
4587,0.186368
4588,0.185344
4589,0.171008
4590,0.172032
4591,0.175104
4592,0.172032
4593,0.171008
4594,0.162816
4595,0.910336
4596,1.072128
4597,0.984064
4598,0.680960
4599,0.852992
4600,0.914432
4601,0.840704
4602,0.883712
4603,0.864256
4604,0.886784
4605,0.923648
4606,0.925696
4607,0.846848
4608,0.899072
4609,0.910336
4610,0.872448
4611,0.888832
4612,0.889856
4613,0.891904
4614,0.916480
4615,0.902144
4616,0.937984
4617,0.884736
4618,0.898048
4619,0.865280
4620,0.868352
4621,0.927744
4622,0.913408
4623,0.924672
4624,0.898048
4625,0.936960
4626,0.907264
4627,0.914432
4628,0.905216
4629,0.922624
4630,0.885760
4631,0.851968
4632,0.948224
4633,0.907264
4634,0.879616
4635,0.971776
4636,0.925696
4637,0.953344
4638,0.873472
4639,0.925696
4640,0.952320
4641,0.924672
4642,0.942080
4643,0.888832
4644,0.911360
4645,0.941056
4646,0.862208
4647,0.893952
4648,0.879616
4649,0.857088
4650,0.867328
4651,0.876544
4652,0.910336
4653,0.925696
4654,0.941056
4655,0.898048
4656,0.891904
4657,0.899072
4658,0.887808
4659,0.752640
4660,37.326847
4661,0.920576
4662,0.945152
4663,0.943104
4664,0.814080
4665,0.861184
4666,0.871424
4667,0.903168
4668,0.876544
4669,0.919552
4670,0.904192
4671,0.900096
4672,0.923648
4673,0.868352
4674,0.962560
4675,0.914432
4676,0.874496
4677,0.885760
4678,0.930816
4679,0.902144
4680,0.889856
4681,0.894976
4682,0.945152
4683,0.873472
4684,0.924672
4685,0.954368
4686,0.913408
4687,0.931840
4688,0.918528
4689,0.939008
4690,0.902144
4691,0.908288
4692,0.874496
4693,0.932864
4694,0.896000
4695,0.869376
4696,0.910336
4697,0.919552
4698,0.934912
4699,0.914432
4700,0.903168
4701,0.951296
4702,0.901120
4703,0.884736
4704,0.944128
4705,0.884736
4706,0.951296
4707,0.935936
4708,0.906240
4709,0.919552
4710,0.929792
4711,0.934912
4712,0.907264
4713,0.936960
4714,0.913408
4715,0.888832
4716,0.831488
4717,0.814080
4718,0.903168
4719,0.914432
4720,0.908288
4721,0.924672
4722,0.871424
4723,0.931840
4724,0.890880
4725,0.675840
4726,0.474112
4727,0.501760
4728,0.454656
4729,0.448512
4730,0.329728
4731,0.350208
4732,0.174080
4733,0.175104
4734,0.176128
4735,0.180224
4736,0.173056
4737,0.832512
4738,0.934912
4739,0.881664
4740,0.914432
4741,0.892928
4742,0.908288
4743,0.931840
4744,0.911360
4745,0.842752
4746,0.950272
4747,0.872448
4748,0.889856
4749,0.900096
4750,0.899072
4751,0.925696
4752,0.942080
4753,0.907264
4754,0.949248
4755,0.915456
4756,0.925696
4757,0.882688
4758,0.904192
4759,0.974848
4760,0.873472
4761,0.911360
4762,0.875520
4763,0.931840
4764,0.926720
4765,0.922624
4766,0.901120
4767,0.891904
4768,0.936960
4769,0.922624
4770,0.881664
4771,0.903168
4772,0.844800
4773,0.832512
4774,0.891904
4775,0.901120
4776,0.858112
4777,0.931840
4778,0.921600
4779,0.881664
4780,0.872448
4781,0.894976
4782,0.891904
4783,0.896000
4784,0.888832
4785,0.856064
4786,0.881664
4787,0.943104
4788,0.948224
4789,0.912384
4790,0.871424
4791,0.900096
4792,0.912384
4793,0.931840
4794,0.919552
4795,0.955392
4796,0.930816
4797,0.918528
4798,0.980992
4799,0.891904
4800,0.955392
4801,0.916480
4802,0.631808
4803,0.484352
4804,0.819200
4805,0.883712
4806,0.894976
4807,0.958464
4808,0.913408
4809,0.942080
4810,0.920576
4811,0.904192
4812,0.937984
4813,0.937984
4814,0.906240
4815,0.906240
4816,0.951296
4817,0.889856
4818,0.889856
4819,0.863232
4820,0.928768
4821,0.951296
4822,0.859136
4823,0.915456
4824,0.927744
4825,0.941056
4826,0.933888
4827,0.916480
4828,0.906240
4829,0.885760
4830,0.860160
4831,0.918528
4832,0.876544
4833,0.906240
4834,0.925696
4835,0.924672
4836,0.942080
4837,0.941056
4838,0.891904
4839,0.890880
4840,0.904192
4841,0.892928
4842,0.891904
4843,0.915456
4844,0.928768
4845,0.892928
4846,0.825344
4847,0.841728
4848,0.840704
4849,0.885760
4850,0.940032
4851,0.926720
4852,0.908288
4853,0.961536
4854,0.917504
4855,0.929792
4856,0.900096
4857,0.884736
4858,0.942080
4859,0.904192
4860,0.923648
4861,0.937984
4862,0.945152
4863,0.910336
4864,0.953344
4865,0.916480
4866,0.903168
4867,0.837632
4868,0.698368
4869,0.620544
4870,0.440320
4871,0.403456
4872,0.394240
4873,36.209663
4874,0.928768
4875,0.970752
4876,0.896000
4877,0.887808
4878,0.878592
4879,0.912384
4880,0.916480
4881,0.916480
4882,0.889856
4883,0.881664
4884,0.900096
4885,0.894976
4886,0.962560
4887,0.905216
4888,0.888832
4889,0.896000
4890,0.900096
4891,0.933888
4892,0.908288
4893,0.877568
4894,0.884736
4895,0.866304
4896,0.861184
4897,0.859136
4898,0.842752
4899,0.900096
4900,0.887808
4901,0.903168
4902,0.912384
4903,0.905216
4904,0.910336
4905,0.947200
4906,0.869376
4907,0.898048
4908,0.856064
4909,0.896000
4910,0.911360
4911,0.854016
4912,0.893952
4913,1.063936
4914,0.894976
4915,0.909312
4916,0.982016
4917,0.905216
4918,0.844800
4919,0.867328
4920,0.905216
4921,0.936960
4922,0.876544
4923,0.914432
4924,0.948224
4925,0.916480
4926,0.898048
4927,0.921600
4928,0.854016
4929,0.921600
4930,0.943104
4931,0.864256
4932,0.920576
4933,0.896000
4934,0.903168
4935,0.913408
4936,0.904192
4937,0.833536
4938,0.604160
4939,0.507904
4940,0.464896
4941,0.413696
4942,0.411648
4943,0.415744
4944,0.380928
4945,0.896000
4946,0.966656
4947,0.917504
4948,0.915456
4949,0.928768
4950,0.876544
4951,0.956416
4952,0.953344
4953,0.889856
4954,0.936960
4955,0.905216
4956,0.943104
4957,0.911360
4958,0.893952
4959,0.890880
4960,0.930816
4961,0.901120
4962,0.972800
4963,0.889856
4964,0.932864
4965,0.827392
4966,0.925696
4967,0.953344
4968,0.881664
4969,0.890880
4970,0.841728
4971,0.928768
4972,0.936960
4973,0.898048
4974,0.863232
4975,0.976896
4976,0.916480
4977,0.902144
4978,0.879616
4979,0.930816
4980,0.961536
4981,0.900096
4982,0.913408
4983,0.935936
4984,0.876544
4985,0.909312
4986,0.889856
4987,0.950272
4988,0.928768
4989,0.986112
4990,0.954368
4991,0.864256
4992,0.948224
4993,0.927744
4994,0.929792
4995,0.912384
4996,0.950272
4997,0.953344
4998,0.915456
4999,0.877568
5000,0.898048
5001,0.904192
5002,0.968704
5003,0.951296
5004,0.589824
5005,0.889856
5006,0.880640
5007,0.904192
5008,0.855040
5009,0.805888
5010,0.669696
5011,0.811008
5012,0.939008
5013,0.885760
5014,0.906240
5015,0.930816
5016,0.870400
5017,0.909312
5018,0.925696
5019,0.924672
5020,0.897024
5021,0.961536
5022,0.898048
5023,0.950272
5024,0.939008
5025,0.934912
5026,0.896000
5027,0.911360
5028,0.915456
5029,0.935936
5030,0.924672
5031,0.890880
5032,0.893952
5033,0.900096
5034,0.931840
5035,0.958464
5036,0.947200
5037,0.940032
5038,0.904192
5039,0.994304
5040,0.940032
5041,0.905216
5042,0.892928
5043,0.926720
5044,0.920576
5045,0.891904
5046,0.896000
5047,0.890880
5048,0.872448
5049,0.833536
5050,0.827392
5051,0.892928
5052,0.911360
5053,0.921600
5054,0.921600
5055,0.953344
5056,0.912384
5057,0.915456
5058,0.927744
5059,0.909312
5060,0.945152
5061,0.910336
5062,0.901120
5063,0.963584
5064,0.909312
5065,0.949248
5066,0.885760
5067,0.958464
5068,0.880640
5069,0.922624
5070,0.935936
5071,0.903168
5072,0.961536
5073,0.951296
5074,0.921600
5075,0.887808
5076,0.697344
5077,0.896000
5078,0.908288
5079,0.942080
5080,0.940032
5081,0.932864
5082,0.919552
5083,0.917504
5084,0.920576
5085,0.976896
5086,0.854016
5087,0.890880
5088,0.889856
5089,0.919552
5090,0.924672
5091,0.898048
5092,0.913408
5093,0.919552
5094,0.926720
5095,0.886784
5096,0.913408
5097,0.967680
5098,0.936960
5099,0.930816
5100,0.883712
5101,0.893952
5102,0.935936
5103,0.917504
5104,0.915456
5105,0.928768
5106,0.920576
5107,0.924672
5108,0.902144
5109,0.882688
5110,0.942080
5111,0.921600
5112,0.886784
5113,0.893952
5114,0.882688
5115,0.934912
5116,0.602112
5117,0.870400
5118,0.913408
5119,0.904192
5120,0.973824
5121,0.876544
5122,0.946176
5123,0.901120
5124,0.897024
5125,0.908288
5126,0.918528
5127,0.944128
5128,0.948224
5129,0.852992
5130,0.965632
5131,0.958464
5132,0.921600
5133,0.930816
5134,0.885760
5135,0.905216
5136,0.840704
5137,0.918528
5138,0.899072
5139,0.910336
5140,0.827392
5141,0.623616
5142,0.480256
5143,0.497664
5144,0.390144
5145,0.357376
5146,0.902144
5147,0.885760
5148,0.915456
5149,0.909312
5150,0.893952
5151,0.930816
5152,0.988160
5153,0.903168
5154,0.913408
5155,0.876544
5156,0.912384
5157,0.945152
5158,0.917504
5159,0.881664
5160,0.913408
5161,0.879616
5162,0.935936
5163,0.975872
5164,0.913408
5165,0.908288
5166,0.873472
5167,0.902144
5168,0.882688
5169,0.928768
5170,0.892928
5171,0.931840
5172,0.947200
5173,0.904192
5174,0.885760
5175,0.890880
5176,0.950272
5177,0.920576
5178,0.887808
5179,0.909312
5180,0.917504
5181,0.898048
5182,0.908288
5183,0.950272
5184,0.911360
5185,0.883712
5186,0.914432
5187,0.924672
5188,0.887808
5189,0.924672
5190,0.950272
5191,0.910336
5192,0.941056
5193,0.905216
5194,0.916480
5195,0.908288
5196,0.914432
5197,0.867328
5198,0.934912
5199,0.913408
5200,0.908288
5201,0.859136
5202,0.857088
5203,0.871424
5204,0.894976
5205,0.899072
5206,0.896000
5207,0.901120
5208,0.871424
5209,0.948224
5210,0.865280
5211,0.866304
5212,0.919552
5213,0.924672
5214,0.926720
5215,0.913408
5216,0.913408
5217,0.860160
5218,0.886784
5219,0.934912
5220,0.934912
5221,1.112064
5222,0.846848
5223,0.941056
5224,0.918528
5225,0.870400
5226,0.888832
5227,1.042432
5228,0.691200
5229,0.893952
5230,0.861184
5231,0.862208
5232,0.921600
5233,0.920576
5234,0.934912
5235,0.870400
5236,0.937984
5237,0.965632
5238,0.870400
5239,0.900096
5240,0.905216
5241,0.918528
5242,0.836608
5243,0.882688
5244,0.927744
5245,0.940032
5246,0.906240
5247,0.894976
5248,0.894976
5249,0.925696
5250,0.883712
5251,0.859136
5252,0.923648
5253,0.943104
5254,0.900096
5255,0.900096
5256,0.884736
5257,0.955392
5258,0.901120
5259,0.830464
5260,0.855040
5261,0.901120
5262,0.920576
5263,0.930816
5264,0.929792
5265,0.865280
5266,0.915456
5267,0.926720
5268,0.900096
5269,0.887808
5270,0.885760
5271,0.889856
5272,0.899072
5273,0.869376
5274,0.847872
5275,0.665600
5276,0.544768
5277,0.354304
5278,0.351232
5279,0.323584
5280,0.324608
5281,0.278528
5282,0.278528
5283,0.267264
5284,0.242688
5285,0.173056
5286,0.169984
5287,0.167936
5288,0.174080
5289,0.167936
5290,0.857088
5291,0.891904
5292,0.909312
5293,0.942080
5294,0.929792
5295,0.888832
5296,0.955392
5297,0.892928
5298,0.964608
5299,0.892928
5300,0.944128
5301,0.905216
5302,0.854016
5303,0.911360
5304,0.911360
5305,0.877568
5306,0.956416
5307,0.862208
5308,0.872448
5309,0.837632
5310,0.788480
5311,0.838656
5312,0.884736
5313,0.906240
5314,0.901120
5315,0.919552
5316,0.905216
5317,0.885760
5318,0.913408
5319,0.921600
5320,0.915456
5321,0.882688
5322,0.879616
5323,0.882688
5324,0.883712
5325,0.912384
5326,0.983040
5327,0.847872
5328,0.949248
5329,0.871424
5330,0.902144
5331,0.883712
5332,0.904192
5333,0.907264
5334,0.880640
5335,0.906240
5336,0.870400
5337,0.888832
5338,0.914432
5339,0.887808
5340,0.844800
5341,0.816128
5342,0.924672
5343,0.875520
5344,0.931840
5345,0.927744
5346,0.891904
5347,0.907264
5348,0.843776
5349,0.900096
5350,0.867328
5351,0.966656
5352,0.915456
5353,0.869376
5354,0.899072
5355,0.637952
5356,0.453632
5357,0.309248
5358,0.306176
5359,0.260096
5360,0.847872
5361,0.955392
5362,0.909312
5363,0.844800
5364,0.935936
5365,0.937984
5366,0.865280
5367,0.896000
5368,0.912384
5369,0.944128
5370,0.892928
5371,0.909312
5372,0.916480
5373,0.885760
5374,0.933888
5375,0.928768
5376,0.922624
5377,0.883712
5378,0.890880
5379,0.885760
5380,0.782336
5381,0.995328
5382,0.845824
5383,0.945152
5384,0.868352
5385,0.865280
5386,0.939008
5387,0.834560
5388,0.929792
5389,0.948224
5390,0.864256
5391,0.932864
5392,0.953344
5393,0.932864
5394,0.912384
5395,0.911360
5396,0.878592
5397,0.926720
5398,0.934912
5399,0.894976
5400,0.905216
5401,0.934912
5402,0.905216
5403,0.884736
5404,0.986112
5405,0.923648
5406,0.888832
5407,0.911360
5408,0.877568
5409,0.909312
5410,0.832512
5411,0.955392
5412,0.879616
5413,0.874496
5414,0.881664
5415,0.894976
5416,0.929792
5417,0.908288
5418,0.918528
5419,0.857088
5420,0.887808
5421,0.913408
5422,0.923648
5423,0.956416
5424,0.809984
5425,0.820224
5426,0.931840
5427,0.874496
5428,0.943104
5429,0.969728
5430,0.844800
5431,0.903168
5432,0.894976
5433,0.933888
5434,0.917504
5435,0.901120
5436,0.872448
5437,0.917504
5438,0.928768
5439,0.917504
5440,0.970752
5441,0.942080
5442,0.907264
5443,0.935936
5444,0.936960
5445,0.861184
5446,0.862208
5447,0.934912
5448,1.014784
5449,0.917504
5450,0.862208
5451,0.916480
5452,0.894976
5453,0.877568
5454,0.858112
5455,0.908288
5456,0.905216
5457,0.846848
5458,0.873472
5459,0.884736
5460,0.928768
5461,0.887808
5462,0.988160
5463,0.914432
5464,0.926720
5465,0.922624
5466,0.897024
5467,0.903168
5468,0.899072
5469,0.965632
5470,0.910336
5471,0.923648
5472,0.918528
5473,0.900096
5474,0.955392
5475,0.935936
5476,0.940032
5477,0.911360
5478,0.928768
5479,0.884736
5480,0.887808
5481,0.849920
5482,0.916480
5483,0.908288
5484,0.885760
5485,0.902144
5486,0.961536
5487,0.920576
5488,0.908288
5489,0.779264
5490,0.715776
5491,0.600064
5492,0.702464
5493,0.960512
5494,0.873472
5495,0.924672
5496,0.946176
5497,0.888832
5498,0.954368
5499,0.925696
5500,0.925696
5501,0.905216
5502,0.923648
5503,0.902144
5504,0.956416
5505,0.956416
5506,0.920576
5507,0.906240
5508,0.888832
5509,0.950272
5510,0.889856
5511,0.956416
5512,0.953344
5513,0.919552
5514,0.914432
5515,0.931840
5516,0.911360
5517,0.918528
5518,0.935936
5519,0.927744
5520,0.928768
5521,0.873472
5522,0.933888
5523,0.878592
5524,0.885760
5525,0.874496
5526,0.892928
5527,0.820224
5528,0.889856
5529,0.928768
5530,0.909312
5531,0.881664
5532,0.871424
5533,0.908288
5534,0.866304
5535,0.943104
5536,0.924672
5537,0.923648
5538,0.904192
5539,0.934912
5540,0.901120
5541,0.896000
5542,0.882688
5543,0.954368
5544,0.875520
5545,0.854016
5546,0.907264
5547,0.831488
5548,0.941056
5549,0.911360
5550,0.923648
5551,0.926720
5552,0.867328
5553,0.915456
5554,0.878592
5555,0.976896
5556,0.874496
5557,0.757760
5558,0.549888
5559,0.735232
5560,0.929792
5561,0.927744
5562,0.891904
5563,0.925696
5564,0.939008
5565,0.937984
5566,0.948224
5567,0.936960
5568,0.914432
5569,0.933888
5570,0.902144
5571,0.953344
5572,0.926720
5573,0.898048
5574,0.857088
5575,0.873472
5576,0.937984
5577,0.944128
5578,0.913408
5579,0.852992
5580,0.753664
5581,0.954368
5582,0.912384
5583,0.821248
5584,0.928768
5585,0.922624
5586,0.927744
5587,0.905216
5588,0.928768
5589,0.917504
5590,0.957440
5591,0.828416
5592,1.029120
5593,0.860160
5594,0.949248
5595,0.924672
5596,0.950272
5597,0.882688
5598,0.906240
5599,0.957440
5600,0.901120
5601,0.936960
5602,0.896000
5603,0.940032
5604,0.932864
5605,0.970752
5606,0.893952
5607,0.949248
5608,0.926720
5609,0.918528
5610,0.927744
5611,0.924672
5612,0.910336
5613,0.918528
5614,0.913408
5615,0.868352
5616,0.961536
5617,0.947200
5618,0.931840
5619,0.926720
5620,0.966656
5621,0.910336
5622,0.848896
5623,0.760832
5624,0.910336
5625,0.922624
5626,0.978944
5627,0.915456
5628,0.916480
5629,0.863232
5630,0.892928
5631,0.914432
5632,0.867328
5633,0.922624
5634,0.905216
5635,0.973824
5636,0.917504
5637,0.937984
5638,0.915456
5639,0.915456
5640,0.937984
5641,0.930816
5642,0.949248
5643,0.888832
5644,0.914432
5645,0.950272
5646,0.901120
5647,0.921600
5648,0.917504
5649,0.910336
5650,0.948224
5651,0.905216
5652,0.908288
5653,0.937984
5654,0.914432
5655,0.928768
5656,0.869376
5657,0.931840
5658,0.927744
5659,0.866304
5660,0.826368
5661,0.813056
5662,0.831488
5663,0.908288
5664,0.923648
5665,0.951296
5666,0.946176
5667,0.919552
5668,0.886784
5669,0.948224
5670,0.929792
5671,0.917504
5672,0.939008
5673,0.944128
5674,0.899072
5675,0.955392
5676,0.931840
5677,0.878592
5678,0.940032
5679,0.967680
5680,0.886784
5681,0.911360
5682,0.992256
5683,0.944128
5684,0.901120
5685,0.931840
5686,0.896000
5687,0.748544
5688,0.579584
5689,0.468992
5690,0.334848
5691,0.307200
5692,0.305152
5693,0.251904
5694,0.253952
5695,0.246784
5696,0.208896
5697,0.797696
5698,0.908288
5699,0.827392
5700,0.889856
5701,0.871424
5702,0.973824
5703,0.921600
5704,0.914432
5705,0.927744
5706,0.896000
5707,0.915456
5708,0.906240
5709,0.898048
5710,0.897024
5711,0.854016
5712,0.923648
5713,0.894976
5714,0.783360
5715,0.956416
5716,0.718848
5717,0.892928
5718,0.911360
5719,0.903168
5720,0.848896
5721,0.849920
5722,0.879616
5723,0.921600
5724,0.915456
5725,0.883712
5726,0.925696
5727,0.896000
5728,0.909312
5729,0.884736
5730,0.905216
5731,0.952320
5732,0.873472
5733,0.917504
5734,0.887808
5735,0.871424
5736,0.898048
5737,0.911360
5738,0.900096
5739,0.944128
5740,0.909312
5741,0.954368
5742,0.907264
5743,0.905216
5744,0.948224
5745,0.903168
5746,0.946176
5747,0.885760
5748,0.893952
5749,0.899072
5750,0.861184
5751,0.931840
5752,0.856064
5753,0.879616
5754,0.904192
5755,0.909312
5756,0.922624
5757,0.897024
5758,0.929792
5759,0.932864
5760,0.917504
5761,0.865280
5762,0.643072
5763,0.398336
5764,0.305152
5765,0.278528
5766,0.284672
5767,0.285696
5768,0.282624
5769,0.273408
5770,0.246784
5771,0.180224
5772,0.191488
5773,0.181248
5774,0.190464
5775,0.166912
5776,0.163840
5777,0.166912
5778,0.167936
5779,0.168960
5780,0.157696
5781,0.907264
5782,0.909312
5783,0.888832
5784,0.932864
5785,0.936960
5786,0.909312
5787,0.905216
5788,0.904192
5789,0.890880
5790,0.886784
5791,0.914432
5792,0.918528
5793,0.915456
5794,0.920576
5795,0.906240
5796,0.920576
5797,0.931840
5798,0.908288
5799,0.893952
5800,0.857088
5801,0.943104
5802,0.877568
5803,0.894976
5804,0.950272
5805,0.893952
5806,0.924672
5807,0.911360
5808,0.909312
5809,0.870400
5810,1.021952
5811,0.704512
5812,0.917504
5813,0.926720
5814,0.886784
5815,0.903168
5816,0.899072
5817,0.859136
5818,0.876544
5819,0.875520
5820,0.861184
5821,0.865280
5822,0.879616
5823,0.923648
5824,0.911360
5825,0.937984
5826,0.911360
5827,0.936960
5828,0.939008
5829,0.870400
5830,0.933888
5831,0.897024
5832,0.899072
5833,0.868352
5834,0.962560
5835,0.910336
5836,0.916480
5837,0.933888
5838,0.898048
5839,0.936960
5840,0.898048
5841,0.891904
5842,0.944128
5843,0.936960
5844,0.849920
5845,0.908288
5846,0.692224
5847,0.974848
5848,0.880640
5849,0.904192
5850,0.882688
5851,0.878592
5852,0.879616
5853,0.882688
5854,0.862208
5855,0.825344
5856,0.935936
5857,0.786432
5858,0.911360
5859,0.882688
5860,0.900096
5861,0.889856
5862,0.899072
5863,0.886784
5864,0.902144
5865,0.886784
5866,0.876544
5867,0.873472
5868,0.911360
5869,0.896000
5870,0.933888
5871,0.875520
5872,0.958464
5873,0.917504
5874,0.867328
5875,0.849920
5876,1.040384
5877,0.766976
5878,0.827392
5879,0.910336
5880,0.912384
5881,0.792576
5882,0.884736
5883,0.930816
5884,0.858112
5885,0.861184
5886,0.900096
5887,0.888832
5888,0.983040
5889,0.921600
5890,0.930816
5891,0.926720
5892,0.913408
5893,0.886784
5894,0.913408
5895,0.862208
5896,0.848896
5897,0.887808
5898,0.969728
5899,0.957440
5900,0.992256
5901,0.673792
5902,0.724992
5903,0.915456
5904,0.952320
5905,0.909312
5906,0.888832
5907,0.921600
5908,0.961536
5909,0.957440
5910,0.940032
5911,0.788480
5912,0.873472
5913,0.877568
5914,0.917504
5915,0.915456
5916,0.927744
5917,0.914432
5918,0.862208
5919,0.928768
5920,0.918528
5921,0.959488
5922,0.870400
5923,0.954368
5924,0.948224
5925,0.873472
5926,0.888832
5927,0.897024
5928,0.975872
5929,0.871424
5930,0.880640
5931,0.882688
5932,0.915456
5933,0.919552
5934,0.941056
5935,0.903168
5936,0.901120
5937,0.925696
5938,0.839680
5939,0.928768
5940,0.919552
5941,0.971776
5942,0.913408
5943,0.911360
5944,0.955392
5945,0.928768
5946,0.923648
5947,0.912384
5948,0.877568
5949,0.913408
5950,0.934912
5951,0.904192
5952,0.918528
5953,0.952320
5954,0.863232
5955,0.940032
5956,0.921600
5957,0.890880
5958,0.890880
5959,0.869376
5960,0.863232
5961,0.922624
5962,0.861184
5963,0.904192
5964,0.905216
5965,0.881664
5966,0.914432
5967,0.866304
5968,0.793600
5969,0.857088
5970,0.950272
5971,0.893952
5972,0.874496
5973,0.944128
5974,0.929792
5975,0.889856
5976,0.701440
5977,0.890880
5978,0.883712
5979,0.934912
5980,0.931840
5981,0.935936
5982,0.902144
5983,0.931840
5984,0.916480
5985,0.928768
5986,0.904192
5987,0.893952
5988,0.885760
5989,0.910336
5990,0.883712
5991,0.856064
5992,0.845824
5993,0.826368
5994,0.921600
5995,0.917504
5996,0.882688
5997,0.913408
5998,0.906240
5999,0.921600
6000,0.935936
6001,0.946176
6002,0.881664
6003,0.962560
6004,0.919552
6005,0.926720
6006,0.884736
6007,0.932864
6008,0.903168
6009,0.934912
6010,0.924672
6011,0.916480
6012,0.870400
6013,0.911360
6014,0.910336
6015,0.926720
6016,0.997376
6017,0.943104
6018,0.923648
6019,0.876544
6020,0.915456
6021,0.926720
6022,0.928768
6023,0.878592
6024,0.879616
6025,0.959488
6026,0.925696
6027,0.888832
6028,0.999424
6029,0.909312
6030,0.907264
6031,0.948224
6032,0.960512
6033,0.907264
6034,0.874496
6035,0.925696
6036,0.931840
6037,0.933888
6038,0.904192
6039,0.930816
6040,0.804864
6041,0.771072
6042,0.948224
6043,0.936960
6044,0.926720
6045,0.992256
6046,0.873472
6047,0.901120
6048,0.924672
6049,0.902144
6050,0.916480
6051,0.880640
6052,0.915456
6053,0.893952
6054,0.908288
6055,0.891904
6056,0.971776
6057,0.919552
6058,0.882688
6059,0.980992
6060,0.882688
6061,0.955392
6062,0.908288
6063,0.946176
6064,0.935936
6065,0.937984
6066,0.901120
6067,0.865280
6068,0.964608
6069,0.915456
6070,0.908288
6071,0.943104
6072,0.907264
6073,0.924672
6074,0.890880
6075,0.909312
6076,0.912384
6077,0.936960
6078,0.939008
6079,0.924672
6080,0.920576
6081,0.963584
6082,0.902144
6083,0.883712
6084,0.890880
6085,0.881664
6086,0.836608
6087,0.829440
6088,0.898048
6089,0.877568
6090,0.862208
6091,0.920576
6092,0.858112
6093,0.962560
6094,0.939008
6095,0.924672
6096,0.955392
6097,0.900096
6098,0.946176
6099,0.884736
6100,0.946176
6101,0.975872
6102,0.923648
6103,0.946176
6104,0.894976
6105,0.877568
6106,0.606208
6107,0.885760
6108,0.946176
6109,0.906240
6110,0.852992
6111,0.857088
6112,0.811008
6113,0.905216
6114,0.901120
6115,0.880640
6116,0.932864
6117,0.909312
6118,0.941056
6119,0.931840
6120,0.956416
6121,0.896000
6122,0.926720
6123,0.891904
6124,0.871424
6125,0.902144
6126,0.878592
6127,0.966656
6128,0.934912
6129,0.882688
6130,0.909312
6131,0.929792
6132,0.918528
6133,0.897024
6134,0.903168
6135,0.902144
6136,0.886784
6137,0.889856
6138,0.893952
6139,0.872448
6140,0.878592
6141,0.964608
6142,0.911360
6143,0.891904
6144,0.904192
6145,0.893952
6146,0.864256
6147,0.991232
6148,0.909312
6149,0.928768
6150,0.881664
6151,0.914432
6152,0.916480
6153,0.906240
6154,0.896000
6155,0.936960
6156,0.912384
6157,0.897024
6158,0.918528
6159,0.914432
6160,0.908288
6161,0.915456
6162,0.904192
6163,0.914432
6164,0.894976
6165,0.862208
6166,0.868352
6167,0.875520
6168,0.898048
6169,0.921600
6170,0.884736
6171,0.798720
6172,0.507904
6173,0.423936
6174,0.270336
6175,0.254976
6176,0.263168
6177,0.234496
6178,0.236544
6179,0.220160
6180,0.215040
6181,0.183296
6182,0.177152
6183,0.190464
6184,0.189440
6185,0.878592
6186,0.912384
6187,0.955392
6188,0.898048
6189,0.937984
6190,0.883712
6191,0.960512
6192,0.945152
6193,0.904192
6194,0.917504
6195,0.935936
6196,0.902144
6197,0.926720
6198,0.886784
6199,0.910336
6200,0.876544
6201,0.920576
6202,0.886784
6203,0.905216
6204,0.874496
6205,0.898048
6206,0.899072
6207,0.886784
6208,0.893952
6209,0.898048
6210,0.923648
6211,0.851968
6212,0.885760
6213,0.935936
6214,0.912384
6215,0.870400
6216,0.854016
6217,0.851968
6218,0.874496
6219,0.883712
6220,0.871424
6221,0.889856
6222,0.934912
6223,0.891904
6224,0.922624
6225,0.899072
6226,0.884736
6227,0.908288
6228,0.921600
6229,0.915456
6230,0.917504
6231,0.891904
6232,0.906240
6233,0.888832
6234,0.890880
6235,1.018880
6236,0.954368
6237,0.931840
6238,0.921600
6239,0.913408
6240,0.930816
6241,0.914432
6242,0.941056
6243,0.914432
6244,0.892928
6245,0.931840
6246,0.864256
6247,0.896000
6248,0.936960
6249,0.923648
6250,0.693248
6251,0.800768
6252,0.904192
6253,0.885760
6254,0.908288
6255,0.878592
6256,0.898048
6257,0.910336
6258,1.043456
6259,0.778240
6260,0.916480
6261,0.951296
6262,0.941056
6263,0.880640
6264,0.867328
6265,0.901120
6266,0.918528
6267,0.834560
6268,0.865280
6269,0.857088
6270,0.844800
6271,0.892928
6272,0.873472
6273,0.915456
6274,0.873472
6275,0.959488
6276,0.885760
6277,0.904192
6278,0.878592
6279,0.915456
6280,0.911360
6281,0.956416
6282,0.907264
6283,0.883712
6284,0.883712
6285,0.881664
6286,0.906240
6287,0.899072
6288,0.905216
6289,0.943104
6290,0.914432
6291,0.930816
6292,0.907264
6293,0.909312
6294,0.941056
6295,0.900096
6296,0.909312
6297,0.826368
6298,0.911360
6299,0.913408
6300,0.882688
6301,0.891904
6302,0.898048
6303,0.939008
6304,0.868352
6305,0.916480
6306,0.955392
6307,0.896000
6308,0.873472
6309,0.943104
6310,0.944128
6311,0.954368
6312,0.924672
6313,0.887808
6314,0.880640
6315,0.658432
6316,0.438272
6317,0.375808
6318,0.359424
6319,0.300032
6320,0.306176
6321,0.301056
6322,0.274432
6323,0.210944
6324,0.214016
6325,0.217088
6326,0.217088
6327,0.164864
6328,0.163840
6329,0.165888
6330,0.160768
6331,0.164864
6332,0.947200
6333,0.908288
6334,0.957440
6335,0.828416
6336,0.921600
6337,0.881664
6338,0.896000
6339,0.928768
6340,0.922624
6341,0.892928
6342,0.903168
6343,0.925696
6344,0.875520
6345,0.901120
6346,0.824320
6347,0.863232
6348,0.901120
6349,0.865280
6350,0.935936
6351,0.899072
6352,0.965632
6353,0.884736
6354,0.909312
6355,0.948224
6356,0.908288
6357,0.934912
6358,0.939008
6359,0.934912
6360,0.880640
6361,0.912384
6362,0.903168
6363,0.970752
6364,0.944128
6365,0.906240
6366,0.886784
6367,0.885760
6368,0.919552
6369,0.945152
6370,0.945152
6371,0.904192
6372,0.923648
6373,0.943104
6374,0.889856
6375,0.892928
6376,0.926720
6377,0.862208
6378,0.867328
6379,0.881664
6380,0.885760
6381,0.879616
6382,0.900096
6383,0.923648
6384,0.921600
6385,0.963584
6386,0.890880
6387,0.937984
6388,0.941056
6389,0.872448
6390,0.919552
6391,0.912384
6392,0.920576
6393,0.918528
6394,0.972800
6395,0.942080
6396,0.873472
6397,0.621568
6398,0.408576
6399,0.401408
6400,0.871424
6401,0.916480
6402,0.923648
6403,0.903168
6404,0.935936
6405,0.949248
6406,0.913408
6407,0.939008
6408,0.891904
6409,0.973824
6410,0.905216
6411,0.891904
6412,0.913408
6413,0.925696
6414,0.965632
6415,0.890880
6416,0.912384
6417,0.856064
6418,0.887808
6419,0.901120
6420,0.868352
6421,0.875520
6422,0.904192
6423,0.905216
6424,0.879616
6425,0.897024
6426,0.926720
6427,0.888832
6428,0.884736
6429,0.941056
6430,0.914432
6431,0.907264
6432,0.889856
6433,0.878592
6434,0.904192
6435,0.878592
6436,0.882688
6437,0.855040
6438,0.867328
6439,0.889856
6440,0.918528
6441,0.891904
6442,0.883712
6443,0.881664
6444,0.890880
6445,0.873472
6446,0.932864
6447,0.885760
6448,0.898048
6449,0.851968
6450,0.920576
6451,0.967680
6452,0.880640
6453,0.971776
6454,0.918528
6455,0.944128
6456,0.928768
6457,0.983040
6458,0.909312
6459,0.918528
6460,0.928768
6461,0.894976
6462,0.984064
6463,0.883712
6464,0.587776
6465,0.466944
6466,0.420864
6467,0.498688
6468,0.350208
6469,0.411648
6470,0.338944
6471,0.354304
6472,0.319488
6473,0.318464
6474,0.352256
6475,0.880640
6476,0.917504
6477,0.976896
6478,0.898048
6479,0.963584
6480,0.922624
6481,0.935936
6482,0.900096
6483,0.931840
6484,0.893952
6485,0.960512
6486,0.949248
6487,0.910336
6488,0.931840
6489,0.905216
6490,0.871424
6491,0.913408
6492,0.932864
6493,0.922624
6494,0.887808
6495,0.916480
6496,0.933888
6497,0.932864
6498,0.931840
6499,0.966656
6500,0.910336
6501,0.915456
6502,0.902144
6503,0.959488
6504,0.882688
6505,0.994304
6506,0.925696
6507,0.911360
6508,0.869376
6509,0.951296
6510,0.909312
6511,0.932864
6512,0.921600
6513,0.935936
6514,0.962560
6515,0.914432
6516,0.950272
6517,0.892928
6518,0.926720
6519,0.918528
6520,0.880640
6521,0.917504
6522,0.892928
6523,0.859136
6524,0.877568
6525,0.889856
6526,0.885760
6527,0.856064
6528,0.903168
6529,0.928768
6530,0.919552
6531,0.923648
6532,0.891904
6533,0.913408
6534,0.903168
6535,0.945152
6536,0.913408
6537,0.896000
6538,0.857088
6539,0.616448
6540,0.561152
6541,0.539648
6542,0.423936
6543,0.257024
6544,0.259072
6545,0.267264
6546,0.161792
6547,0.153600
6548,0.155648
6549,0.153600
6550,0.154624
6551,0.152576
6552,0.838656
6553,0.897024
6554,0.878592
6555,0.877568
6556,0.977920
6557,0.873472
6558,0.929792
6559,0.894976
6560,0.891904
6561,0.867328
6562,0.956416
6563,0.910336
6564,0.870400
6565,0.928768
6566,0.891904
6567,0.906240
6568,0.890880
6569,0.914432
6570,0.861184
6571,0.929792
6572,0.915456
6573,0.891904
6574,0.906240
6575,0.909312
6576,0.917504
6577,0.937984
6578,0.929792
6579,0.905216
6580,0.891904
6581,0.880640
6582,0.594944
6583,0.877568
6584,0.890880
6585,0.898048
6586,0.885760
6587,0.919552
6588,0.971776
6589,0.897024
6590,0.989184
6591,0.932864
6592,0.943104
6593,0.908288
6594,0.953344
6595,0.899072
6596,0.955392
6597,0.859136
6598,0.881664
6599,0.929792
6600,0.883712
6601,0.897024
6602,0.937984
6603,0.877568
6604,0.929792
6605,0.898048
6606,0.942080
6607,0.925696
6608,0.925696
6609,0.944128
6610,0.915456
6611,0.920576
6612,0.919552
6613,0.921600
6614,0.953344
6615,0.881664
6616,0.917504
6617,0.573440
6618,0.387072
6619,0.364544
6620,0.349184
6621,0.913408
6622,0.858112
6623,0.891904
6624,0.928768
6625,0.896000
6626,0.959488
6627,0.930816
6628,0.889856
6629,0.915456
6630,0.909312
6631,0.918528
6632,0.935936
6633,0.927744
6634,0.892928
6635,0.927744
6636,0.932864
6637,0.912384
6638,0.891904
6639,0.901120
6640,0.930816
6641,0.884736
6642,0.953344
6643,0.955392
6644,0.894976
6645,0.924672
6646,0.916480
6647,0.922624
6648,0.920576
6649,0.870400
6650,0.964608
6651,1.042432
6652,0.756736
6653,0.926720
6654,0.902144
6655,0.937984
6656,0.909312
6657,1.070080
6658,0.569344
6659,0.902144
6660,0.905216
6661,0.872448
6662,0.861184
6663,0.856064
6664,0.931840
6665,0.935936
6666,0.933888
6667,0.890880
6668,0.919552
6669,0.850944
6670,0.950272
6671,0.922624
6672,0.894976
6673,0.909312
6674,0.897024
6675,0.944128
6676,0.871424
6677,0.930816
6678,0.893952
6679,0.934912
6680,0.894976
6681,0.922624
6682,0.908288
6683,0.879616
6684,0.839680
6685,0.624640
6686,0.500736
6687,0.429056
6688,0.242688
6689,0.267264
6690,0.260096
6691,0.252928
6692,0.249856
6693,0.210944
6694,0.849920
6695,0.885760
6696,0.899072
6697,0.872448
6698,0.922624
6699,0.902144
6700,0.947200
6701,0.863232
6702,0.903168
6703,0.911360
6704,0.932864
6705,0.955392
6706,0.879616
6707,0.898048
6708,0.915456
6709,0.923648
6710,0.921600
6711,0.907264
6712,0.917504
6713,0.871424
6714,0.894976
6715,0.954368
6716,0.885760
6717,0.937984
6718,0.917504
6719,0.928768
6720,0.898048
6721,0.936960
6722,0.923648
6723,0.883712
6724,0.892928
6725,0.916480
6726,0.929792
6727,0.906240
6728,0.905216
6729,0.901120
6730,0.917504
6731,0.885760
6732,0.843776
6733,0.859136
6734,0.919552
6735,0.908288
6736,0.887808
6737,0.941056
6738,0.903168
6739,0.944128
6740,0.897024
6741,0.931840
6742,0.890880
6743,0.913408
6744,0.917504
6745,0.920576
6746,0.903168
6747,0.922624
6748,0.925696
6749,0.926720
6750,0.915456
6751,0.933888
6752,0.864256
6753,0.886784
6754,0.836608
6755,0.879616
6756,0.922624
6757,0.845824
6758,0.739328
6759,0.636928
6760,0.876544
6761,0.934912
6762,0.916480
6763,0.872448
6764,0.912384
6765,0.945152
6766,0.852992
6767,0.899072
6768,0.905216
6769,0.905216
6770,0.888832
6771,0.907264
6772,0.914432
6773,0.906240
6774,0.892928
6775,0.879616
6776,0.887808
6777,0.920576
6778,0.890880
6779,0.859136
6780,0.940032
6781,0.934912
6782,0.893952
6783,0.856064
6784,0.911360
6785,0.846848
6786,0.911360
6787,0.966656
6788,0.906240
6789,0.943104
6790,0.915456
6791,0.927744
6792,0.919552
6793,0.878592
6794,0.908288
6795,0.886784
6796,0.857088
6797,0.861184
6798,0.840704
6799,0.923648
6800,0.899072
6801,0.879616
6802,0.971776
6803,0.863232
6804,0.921600
6805,0.917504
6806,0.893952
6807,0.921600
6808,0.909312
6809,0.898048
6810,0.950272
6811,0.923648
6812,0.946176
6813,0.912384
6814,0.931840
6815,0.918528
6816,0.905216
6817,0.920576
6818,0.908288
6819,0.866304
6820,0.900096
6821,0.905216
6822,0.946176
6823,0.942080
6824,0.935936
6825,0.744448
6826,0.610304
6827,0.906240
6828,0.906240
6829,0.907264
6830,0.950272
6831,0.904192
6832,0.897024
6833,0.896000
6834,0.949248
6835,0.880640
6836,0.917504
6837,0.902144
6838,0.944128
6839,0.931840
6840,0.897024
6841,0.937984
6842,0.921600
6843,0.885760
6844,0.859136
6845,0.897024
6846,0.874496
6847,0.942080
6848,0.945152
6849,0.949248
6850,0.884736
6851,0.929792
6852,0.961536
6853,0.915456
6854,0.896000
6855,0.973824
6856,0.914432
6857,0.898048
6858,0.929792
6859,0.932864
6860,0.943104
6861,0.888832
6862,0.929792
6863,0.935936
6864,0.922624
6865,0.917504
6866,0.927744
6867,0.942080
6868,0.870400
6869,0.901120
6870,0.908288
6871,0.978944
6872,0.937984
6873,0.941056
6874,0.902144
6875,0.894976
6876,0.929792
6877,0.959488
6878,0.912384
6879,0.943104
6880,0.950272
6881,0.936960
6882,0.907264
6883,0.942080
6884,0.923648
6885,0.904192
6886,0.865280
6887,0.900096
6888,0.877568
6889,0.841728
6890,0.594944
6891,0.923648
6892,0.915456
6893,0.902144
6894,0.885760
6895,0.887808
6896,0.889856
6897,0.898048
6898,0.868352
6899,0.871424
6900,0.866304
6901,0.944128
6902,0.939008
6903,0.805888
6904,0.842752
6905,0.952320
6906,0.904192
6907,0.884736
6908,0.881664
6909,0.943104
6910,0.890880
6911,0.891904
6912,0.797696
6913,0.928768
6914,0.920576
6915,0.956416
6916,0.892928
6917,0.923648
6918,0.939008
6919,0.939008
6920,0.897024
6921,0.901120
6922,0.908288
6923,0.861184
6924,1.006592
6925,0.985088
6926,0.864256
6927,0.930816
6928,0.874496
6929,0.960512
6930,0.900096
6931,0.879616
6932,0.930816
6933,1.071104
6934,1.044480
6935,0.795648
6936,0.876544
6937,0.962560
6938,0.905216
6939,0.916480
6940,0.888832
6941,0.918528
6942,0.881664
6943,0.858112
6944,0.868352
6945,0.915456
6946,0.860160
6947,0.943104
6948,0.827392
6949,0.917504
6950,0.934912
6951,0.920576
6952,0.930816
6953,0.944128
6954,0.894976
6955,0.693248
6956,0.701440
6957,0.921600
6958,0.913408
6959,0.926720
6960,0.906240
6961,0.924672
6962,0.919552
6963,0.947200
6964,0.914432
6965,0.910336
6966,0.941056
6967,0.908288
6968,0.927744
6969,0.941056
6970,0.888832
6971,0.897024
6972,0.942080
6973,0.890880
6974,0.948224
6975,0.875520
6976,0.899072
6977,0.834560
6978,0.934912
6979,0.863232
6980,0.879616
6981,0.878592
6982,0.804864
6983,0.860160
6984,0.965632
6985,0.877568
6986,0.910336
6987,0.920576
6988,0.860160
6989,0.907264
6990,0.875520
6991,0.901120
6992,0.878592
6993,0.927744
6994,0.916480
6995,0.919552
6996,0.875520
6997,0.941056
6998,0.908288
6999,0.928768
7000,0.884736
7001,0.705536
7002,0.870400
7003,0.924672
7004,0.925696
7005,0.918528
7006,0.906240
7007,0.975872
7008,0.857088
7009,0.882688
7010,0.925696
7011,0.902144
7012,0.912384
7013,0.931840
7014,0.851968
7015,0.939008
7016,0.886784
7017,0.957440
7018,0.960512
7019,0.910336
7020,0.963584
7021,0.700416
7022,0.531456
7023,0.685056
7024,0.935936
7025,0.954368
7026,0.924672
7027,1.127424
7028,0.697344
7029,0.906240
7030,0.918528
7031,0.879616
7032,0.884736
7033,0.891904
7034,0.874496
7035,0.891904
7036,0.864256
7037,0.930816
7038,0.891904
7039,0.983040
7040,0.862208
7041,0.910336
7042,0.881664
7043,0.915456
7044,0.896000
7045,0.956416
7046,0.899072
7047,0.897024
7048,0.871424
7049,0.896000
7050,0.936960
7051,0.862208
7052,0.954368
7053,0.904192
7054,0.920576
7055,0.956416
7056,0.888832
7057,0.932864
7058,0.888832
7059,0.950272
7060,0.939008
7061,0.904192
7062,0.889856
7063,0.873472
7064,0.892928
7065,0.908288
7066,0.928768
7067,0.922624
7068,0.931840
7069,0.904192
7070,0.957440
7071,0.932864
7072,0.939008
7073,0.979968
7074,0.912384
7075,0.916480
7076,0.904192
7077,0.936960
7078,0.910336
7079,0.922624
7080,0.920576
7081,0.931840
7082,0.867328
7083,0.914432
7084,0.898048
7085,0.891904
7086,0.835584
7087,0.570368
7088,0.528384
7089,0.532480
7090,0.513024
7091,0.384000
7092,0.356352
7093,0.297984
7094,0.264192
7095,0.943104
7096,0.896000
7097,0.928768
7098,0.950272
7099,0.904192
7100,0.924672
7101,0.906240
7102,0.920576
7103,0.937984
7104,0.880640
7105,0.915456
7106,0.893952
7107,0.882688
7108,0.874496
7109,0.836608
7110,0.878592
7111,0.979968
7112,0.899072
7113,0.905216
7114,0.944128
7115,0.905216
7116,0.910336
7117,0.894976
7118,0.947200
7119,0.893952
7120,0.946176
7121,0.869376
7122,0.892928
7123,0.867328
7124,0.922624
7125,0.892928
7126,0.884736
7127,0.923648
7128,0.888832
7129,0.928768
7130,0.900096
7131,0.862208
7132,0.854016
7133,0.888832
7134,0.852992
7135,0.841728
7136,0.846848
7137,0.955392
7138,0.928768
7139,0.921600
7140,0.878592
7141,0.932864
7142,0.954368
7143,0.874496
7144,0.929792
7145,0.919552
7146,0.925696
7147,0.900096
7148,0.929792
7149,0.876544
7150,0.959488
7151,0.944128
7152,0.913408
7153,0.930816
7154,0.892928
7155,0.890880
7156,0.887808
7157,0.930816
7158,0.848896
7159,0.683008
7160,0.594944
7161,0.567296
7162,0.562176
7163,0.903168
7164,0.959488
7165,0.936960
7166,0.941056
7167,0.906240
7168,0.897024
7169,0.873472
7170,0.878592
7171,0.884736
7172,0.959488
7173,0.930816
7174,0.929792
7175,0.935936
7176,0.890880
7177,0.899072
7178,0.925696
7179,0.947200
7180,0.882688
7181,0.908288
7182,0.918528
7183,0.893952
7184,0.927744
7185,0.905216
7186,0.936960
7187,0.908288
7188,0.980992
7189,0.892928
7190,0.896000
7191,0.907264
7192,0.878592
7193,0.968704
7194,0.931840
7195,0.927744
7196,0.933888
7197,0.876544
7198,0.843776
7199,0.915456
7200,0.884736
7201,0.916480
7202,0.906240
7203,0.912384
7204,0.922624
7205,0.935936
7206,0.874496
7207,0.923648
7208,0.937984
7209,0.933888
7210,0.952320
7211,0.935936
7212,0.928768
7213,0.914432
7214,0.948224
7215,0.890880
7216,0.965632
7217,0.897024
7218,0.909312
7219,0.909312
7220,0.813056
7221,0.847872
7222,0.831488
7223,0.923648
7224,1.033216
7225,0.971776
7226,0.888832
7227,0.713728
7228,0.642048
7229,0.718848
7230,0.948224
7231,0.909312
7232,0.931840
7233,0.953344
7234,0.852992
7235,0.940032
7236,0.889856
7237,0.907264
7238,0.931840
7239,0.928768
7240,0.927744
7241,0.926720
7242,0.956416
7243,0.869376
7244,0.923648
7245,0.929792
7246,0.915456
7247,0.894976
7248,0.921600
7249,0.846848
7250,0.900096
7251,0.866304
7252,0.848896
7253,0.819200
7254,0.915456
7255,0.899072
7256,0.869376
7257,0.873472
7258,0.916480
7259,0.887808
7260,0.857088
7261,0.943104
7262,0.926720
7263,0.934912
7264,0.923648
7265,0.923648
7266,0.889856
7267,0.935936
7268,0.889856
7269,0.927744
7270,0.957440
7271,0.890880
7272,0.863232
7273,0.860160
7274,0.947200
7275,0.930816
7276,0.921600
7277,0.860160
7278,0.900096
7279,0.907264
7280,0.911360
7281,0.937984
7282,0.905216
7283,0.921600
7284,0.937984
7285,0.926720
7286,0.890880
7287,0.953344
7288,0.878592
7289,0.936960
7290,0.872448
7291,0.934912
7292,0.889856
7293,0.898048
7294,0.805888
7295,0.568320
7296,0.862208
7297,0.917504
7298,0.960512
7299,0.894976
7300,0.957440
7301,0.896000
7302,0.917504
7303,0.889856
7304,0.892928
7305,0.898048
7306,0.909312
7307,0.920576
7308,0.924672
7309,0.876544
7310,0.964608
7311,0.919552
7312,0.911360
7313,0.887808
7314,0.903168
7315,0.886784
7316,0.904192
7317,0.922624
7318,0.910336
7319,0.928768
7320,0.919552
7321,0.914432
7322,0.892928
7323,0.899072
7324,0.916480
7325,0.888832
7326,0.901120
7327,0.951296
7328,0.914432
7329,0.917504
7330,0.932864
7331,0.902144
7332,0.871424
7333,0.939008
7334,0.868352
7335,0.909312
7336,0.940032
7337,0.869376
7338,0.928768
7339,0.983040
7340,0.944128
7341,0.904192
7342,0.910336
7343,0.882688
7344,0.954368
7345,0.894976
7346,0.936960
7347,0.916480
7348,0.885760
7349,0.928768
7350,0.914432
7351,0.907264
7352,0.972800
7353,0.945152
7354,0.902144
7355,0.913408
7356,0.909312
7357,0.940032
7358,0.949248
7359,0.880640
7360,0.678912
7361,0.765952
7362,0.933888
7363,0.854016
7364,0.874496
7365,0.959488
7366,0.911360
7367,0.936960
7368,0.896000
7369,0.972800
7370,0.931840
7371,0.905216
7372,0.867328
7373,0.918528
7374,0.940032
7375,0.921600
7376,0.915456
7377,0.944128
7378,0.913408
7379,0.915456
7380,0.928768
7381,0.935936
7382,0.901120
7383,0.896000
7384,0.919552
7385,0.900096
7386,0.897024
7387,0.857088
7388,0.823296
7389,0.844800
7390,0.914432
7391,0.883712
7392,0.926720
7393,0.902144
7394,0.898048
7395,0.911360
7396,0.915456
7397,0.893952
7398,0.846848
7399,0.908288
7400,0.868352
7401,0.925696
7402,0.948224
7403,0.881664
7404,0.885760
7405,0.905216
7406,0.904192
7407,0.859136
7408,0.860160
7409,0.941056
7410,0.848896
7411,0.896000
7412,0.923648
7413,0.902144
7414,0.972800
7415,0.921600
7416,0.835584
7417,0.855040
7418,0.881664
7419,0.937984
7420,0.947200
7421,0.915456
7422,0.963584
7423,0.880640
7424,0.947200
7425,0.668672
7426,0.896000
7427,0.935936
7428,0.947200
7429,0.956416
7430,0.925696
7431,0.894976
7432,0.865280
7433,0.871424
7434,0.816128
7435,0.874496
7436,0.875520
7437,0.878592
7438,0.959488
7439,0.897024
7440,0.880640
7441,0.900096
7442,0.908288
7443,0.916480
7444,0.891904
7445,0.890880
7446,0.927744
7447,0.885760
7448,0.871424
7449,0.945152
7450,0.868352
7451,0.937984
7452,0.931840
7453,0.887808
7454,0.876544
7455,0.944128
7456,0.912384
7457,0.902144
7458,0.906240
7459,0.886784
7460,0.894976
7461,0.897024
7462,0.891904
7463,0.914432
7464,0.957440
7465,0.912384
7466,0.899072
7467,0.873472
7468,0.924672
7469,0.912384
7470,0.959488
7471,0.854016
7472,0.965632
7473,0.870400
7474,0.866304
7475,0.900096
7476,0.894976
7477,0.902144
7478,0.937984
7479,0.993280
7480,0.719872
7481,0.911360
7482,0.916480
7483,0.851968
7484,0.829440
7485,0.870400
7486,0.858112
7487,0.944128
7488,0.926720
7489,0.901120
7490,0.786432
7491,0.414720
7492,0.357376
7493,0.257024
7494,0.303104
7495,0.283648
7496,0.205824
7497,0.198656
7498,0.191488
7499,0.198656
7500,0.192512
7501,0.187392
7502,0.188416
7503,0.184320
7504,0.191488
7505,0.171008
7506,0.175104
7507,0.167936
7508,0.167936
7509,0.163840
7510,0.162816
7511,0.956416
7512,0.930816
7513,0.920576
7514,0.925696
7515,0.891904
7516,0.906240
7517,0.934912
7518,0.943104
7519,0.891904
7520,0.941056
7521,0.862208
7522,0.896000
7523,0.908288
7524,0.918528
7525,0.876544
7526,0.968704
7527,0.863232
7528,0.951296
7529,0.898048
7530,0.934912
7531,0.913408
7532,0.907264
7533,0.856064
7534,0.854016
7535,0.916480
7536,0.894976
7537,0.917504
7538,0.930816
7539,0.886784
7540,0.892928
7541,0.913408
7542,0.936960
7543,0.898048
7544,0.929792
7545,0.887808
7546,0.937984
7547,0.904192
7548,0.929792
7549,0.925696
7550,0.901120
7551,0.945152
7552,0.903168
7553,0.903168
7554,0.849920
7555,0.873472
7556,0.872448
7557,0.847872
7558,0.880640
7559,0.893952
7560,0.905216
7561,0.893952
7562,0.947200
7563,0.843776
7564,0.842752
7565,0.953344
7566,0.921600
7567,0.902144
7568,0.950272
7569,0.970752
7570,0.950272
7571,0.900096
7572,0.929792
7573,0.931840
7574,0.902144
7575,0.838656
7576,0.732160
7577,0.882688
7578,0.899072
7579,0.951296
7580,0.941056
7581,0.898048
7582,0.907264
7583,0.887808
7584,0.952320
7585,0.866304
7586,0.849920
7587,0.849920
7588,0.896000
7589,0.880640
7590,0.900096
7591,0.875520
7592,0.871424
7593,0.960512
7594,0.896000
7595,0.924672
7596,0.939008
7597,0.866304
7598,0.902144
7599,0.901120
7600,0.878592
7601,0.942080
7602,0.924672
7603,0.906240
7604,0.882688
7605,0.991232
7606,0.846848
7607,0.930816
7608,0.920576
7609,0.891904
7610,0.884736
7611,0.909312
7612,0.911360
7613,0.920576
7614,0.931840
7615,0.874496
7616,0.887808
7617,0.927744
7618,0.951296
7619,0.915456
7620,0.887808
7621,0.883712
7622,0.927744
7623,0.898048
7624,0.890880
7625,0.850944
7626,0.913408
7627,0.909312
7628,0.893952
7629,0.906240
7630,0.851968
7631,0.852992
7632,0.876544
7633,0.898048
7634,0.941056
7635,0.950272
7636,0.942080
7637,0.932864
7638,0.864256
7639,0.977920
7640,0.832512
7641,0.638976
7642,0.896000
7643,0.869376
7644,0.933888
7645,0.896000
7646,0.972800
7647,0.905216
7648,0.924672
7649,0.908288
7650,0.904192
7651,0.945152
7652,0.911360
7653,0.936960
7654,0.896000
7655,0.971776
7656,0.934912
7657,0.910336
7658,0.898048
7659,0.922624
7660,0.923648
7661,0.914432
7662,0.924672
7663,0.913408
7664,0.928768
7665,0.863232
7666,0.924672
7667,0.934912
7668,0.927744
7669,0.934912
7670,0.959488
7671,0.922624
7672,0.913408
7673,0.891904
7674,0.915456
7675,0.935936
7676,0.872448
7677,0.893952
7678,0.967680
7679,0.899072
7680,0.898048
7681,0.921600
7682,0.923648
7683,0.914432
7684,0.932864
7685,0.922624
7686,0.909312
7687,0.904192
7688,0.900096
7689,0.920576
7690,0.911360
7691,0.930816
7692,0.931840
7693,0.905216
7694,0.966656
7695,0.913408
7696,0.931840
7697,0.854016
7698,0.817152
7699,0.847872
7700,0.909312
7701,0.862208
7702,0.904192
7703,0.929792
7704,0.929792
7705,0.901120
7706,0.719872
7707,0.733184
7708,0.907264
7709,0.964608
7710,0.922624
7711,0.818176
7712,0.911360
7713,0.914432
7714,0.909312
7715,0.875520
7716,0.897024
7717,0.881664
7718,0.869376
7719,0.882688
7720,0.876544
7721,0.894976
7722,0.903168
7723,0.878592
7724,0.872448
7725,0.911360
7726,0.974848
7727,0.837632
7728,0.971776
7729,0.857088
7730,0.943104
7731,0.893952
7732,0.844800
7733,0.917504
7734,0.876544
7735,0.887808
7736,0.897024
7737,0.899072
7738,0.941056
7739,0.921600
7740,0.909312
7741,1.130496
7742,0.631808
7743,0.939008
7744,0.873472
7745,0.858112
7746,0.871424
7747,0.926720
7748,0.881664
7749,0.881664
7750,0.876544
7751,0.916480
7752,0.922624
7753,0.910336
7754,0.901120
7755,0.992256
7756,0.925696
7757,0.835584
7758,0.933888
7759,0.892928
7760,0.956416
7761,0.912384
7762,0.949248
7763,0.911360
7764,0.888832
7765,0.899072
7766,0.915456
7767,0.899072
7768,0.878592
7769,0.967680
7770,0.869376
7771,0.869376
7772,0.634880
7773,0.935936
7774,0.900096
7775,0.908288
7776,0.904192
7777,0.897024
7778,0.887808
7779,0.917504
7780,0.825344
7781,0.881664
7782,0.871424
7783,0.941056
7784,0.924672
7785,0.838656
7786,0.924672
7787,0.877568
7788,0.936960
7789,0.915456
7790,0.908288
7791,0.939008
7792,0.929792
7793,0.888832
7794,0.921600
7795,0.923648
7796,0.891904
7797,0.939008
7798,0.842752
7799,0.940032
7800,0.894976
7801,0.901120
7802,0.852992
7803,0.889856
7804,0.874496
7805,0.937984
7806,0.871424
7807,0.700416
7808,0.919552
7809,0.877568
7810,0.868352
7811,0.912384
7812,0.844800
7813,0.958464
7814,0.893952
7815,0.950272
7816,0.887808
7817,0.925696
7818,0.927744
7819,0.940032
7820,0.904192
7821,0.878592
7822,0.954368
7823,0.926720
7824,0.830464
7825,0.927744
7826,0.904192
7827,0.930816
7828,0.939008
7829,0.861184
7830,0.927744
7831,0.915456
7832,0.877568
7833,0.950272
7834,0.989184
7835,0.915456
7836,0.813056
7837,0.736256
7838,0.571392
7839,0.472064
7840,0.451584
7841,0.745472
7842,0.923648
7843,0.765952
7844,0.944128
7845,0.889856
7846,0.932864
7847,0.909312
7848,0.917504
7849,0.926720
7850,0.904192
7851,0.912384
7852,0.925696
7853,0.854016
7854,0.860160
7855,0.869376
7856,0.869376
7857,0.884736
7858,0.915456
7859,0.924672
7860,0.927744
7861,0.957440
7862,0.913408
7863,0.947200
7864,0.847872
7865,0.893952
7866,0.874496
7867,0.929792
7868,0.919552
7869,0.869376
7870,0.970752
7871,0.904192
7872,0.887808
7873,0.939008
7874,0.899072
7875,0.906240
7876,0.894976
7877,0.899072
7878,0.930816
7879,0.918528
7880,0.935936
7881,0.899072
7882,0.877568
7883,0.917504
7884,0.913408
7885,0.923648
7886,0.928768
7887,0.947200
7888,0.940032
7889,0.941056
7890,0.894976
7891,0.940032
7892,0.890880
7893,0.906240
7894,0.937984
7895,0.968704
7896,0.872448
7897,0.903168
7898,0.935936
7899,0.908288
7900,0.918528
7901,0.907264
7902,0.986112
7903,0.926720
7904,0.947200
7905,0.877568
7906,0.607232
7907,0.484352
7908,0.228352
7909,0.187392
7910,0.182272
7911,0.173056
7912,0.173056
7913,0.165888
7914,0.172032
7915,0.173056
7916,0.176128
7917,0.158720
7918,0.158720
7919,0.167936
7920,0.160768
7921,0.164864
7922,0.152576
7923,0.909312
7924,0.939008
7925,0.916480
7926,0.896000
7927,0.954368
7928,0.906240
7929,1.126400
7930,1.015808
7931,0.890880
7932,0.926720
7933,0.862208
7934,0.947200
7935,0.896000
7936,0.918528
7937,0.900096
7938,0.851968
7939,0.840704
7940,0.877568
7941,0.867328
7942,0.931840
7943,0.878592
7944,0.922624
7945,0.931840
7946,0.893952
7947,0.931840
7948,0.964608
7949,0.866304
7950,0.933888
7951,0.924672
7952,0.941056
7953,0.961536
7954,0.876544
7955,0.978944
7956,0.927744
7957,0.887808
7958,0.953344
7959,0.908288
7960,0.943104
7961,0.915456
7962,0.876544
7963,0.924672
7964,0.914432
7965,0.941056
7966,0.924672
7967,0.886784
7968,0.923648
7969,0.920576
7970,0.910336
7971,0.927744
7972,0.945152
7973,0.926720
7974,0.905216
7975,0.926720
7976,0.940032
7977,0.892928
7978,0.920576
7979,0.936960
7980,0.961536
7981,0.909312
7982,0.922624
7983,0.887808
7984,0.927744
7985,0.880640
7986,0.605184
7987,0.921600
7988,0.964608
7989,0.890880
7990,0.861184
7991,0.903168
7992,0.863232
7993,0.874496
7994,0.983040
7995,0.815104
7996,0.830464
7997,0.858112
7998,0.862208
7999,0.964608
8000,0.899072
8001,0.921600
8002,0.944128
8003,0.966656
8004,0.955392
8005,0.848896
8006,0.901120
8007,0.906240
8008,0.878592
8009,0.889856
8010,0.913408
8011,0.948224
8012,0.889856
8013,0.932864
8014,0.946176
8015,0.921600
8016,0.887808
8017,0.904192
8018,0.907264
8019,0.907264
8020,0.925696
8021,0.904192
8022,0.889856
8023,0.920576
8024,0.929792
8025,0.907264
8026,0.886784
8027,0.888832
8028,0.902144
8029,0.925696
8030,0.906240
8031,0.908288
8032,0.908288
8033,0.918528
8034,0.953344
8035,0.926720
8036,0.906240
8037,0.928768
8038,0.936960
8039,0.946176
8040,0.959488
8041,0.906240
8042,0.916480
8043,0.933888
8044,0.935936
8045,0.907264
8046,0.948224
8047,0.869376
8048,0.876544
8049,0.869376
8050,0.791552
8051,0.633856
8052,0.444416
8053,0.812032
8054,0.844800
8055,0.922624
8056,0.864256
8057,0.932864
8058,0.891904
8059,0.898048
8060,0.931840
8061,0.973824
8062,0.927744
8063,0.905216
8064,0.949248
8065,0.847872
8066,0.901120
8067,0.900096
8068,0.912384
8069,0.986112
8070,0.884736
8071,0.892928
8072,0.889856
8073,0.899072
8074,0.948224
8075,0.890880
8076,0.908288
8077,0.953344
8078,0.884736
8079,0.925696
8080,0.871424
8081,0.930816
8082,0.871424
8083,0.924672
8084,0.915456
8085,0.928768
8086,0.929792
8087,0.896000
8088,0.904192
8089,0.887808
8090,0.843776
8091,0.873472
8092,0.887808
8093,0.876544
8094,0.896000
8095,0.897024
8096,0.898048
8097,0.953344
8098,0.897024
8099,0.915456
8100,0.946176
8101,0.949248
8102,0.900096
8103,0.871424
8104,0.947200
8105,0.911360
8106,0.967680
8107,0.914432
8108,0.919552
8109,0.931840
8110,0.848896
8111,0.923648
8112,0.920576
8113,0.908288
8114,0.910336
8115,0.889856
8116,0.933888
8117,0.855040
8118,0.700416
8119,0.395264
8120,0.369664
8121,0.873472
8122,0.912384
8123,0.898048
8124,0.904192
8125,0.919552
8126,0.857088
8127,0.925696
8128,0.917504
8129,0.846848
8130,0.903168
8131,0.914432
8132,1.127424
8133,0.755712
8134,1.137664
8135,0.651264
8136,0.857088
8137,0.828416
8138,0.821248
8139,0.867328
8140,0.865280
8141,0.922624
8142,0.905216
8143,0.960512
8144,0.868352
8145,0.910336
8146,0.923648
8147,0.905216
8148,0.929792
8149,0.954368
8150,0.846848
8151,0.953344
8152,0.912384
8153,0.880640
8154,0.839680
8155,0.912384
8156,0.905216
8157,0.950272
8158,0.914432
8159,0.889856
8160,0.930816
8161,0.889856
8162,0.888832
8163,0.860160
8164,0.930816
8165,0.880640
8166,0.882688
8167,0.883712
8168,0.906240
8169,0.889856
8170,0.844800
8171,0.875520
8172,0.835584
8173,0.919552
8174,0.900096
8175,0.924672
8176,0.978944
8177,0.905216
8178,0.915456
8179,0.928768
8180,0.904192
8181,0.970752
8182,0.878592
8183,0.970752
8184,0.836608
8185,0.724992
8186,0.674816
8187,0.615424
8188,0.449536
8189,0.408576
8190,0.427008
8191,0.373760
8192,0.324608
8193,0.159744
8194,0.158720
8195,0.159744
8196,0.157696
8197,0.157696
8198,0.813056
8199,0.902144
8200,0.922624
8201,0.932864
8202,0.977920
8203,0.878592
8204,0.917504
8205,0.913408
8206,0.941056
8207,0.879616
8208,0.944128
8209,0.907264
8210,0.880640
8211,0.868352
8212,0.806912
8213,0.870400
8214,0.945152
8215,0.866304
8216,0.915456
8217,0.872448
8218,0.933888
8219,0.819200
8220,0.969728
8221,0.903168
8222,0.916480
8223,0.877568
8224,0.914432
8225,0.927744
8226,0.905216
8227,0.930816
8228,0.953344
8229,0.906240
8230,0.920576
8231,0.926720
8232,0.855040
8233,0.911360
8234,1.132544
8235,0.826368
8236,0.932864
8237,0.915456
8238,0.884736
8239,0.909312
8240,0.869376
8241,0.880640
8242,0.913408
8243,0.889856
8244,0.896000
8245,0.969728
8246,0.842752
8247,0.866304
8248,0.864256
8249,0.920576
8250,0.912384
8251,0.936960
8252,0.929792
8253,0.911360
8254,0.899072
8255,0.887808
8256,0.920576
8257,0.904192
8258,0.941056
8259,0.902144
8260,0.945152
8261,0.898048
8262,0.696320
8263,0.721920
8264,0.937984
8265,0.869376
8266,0.898048
8267,0.915456
8268,0.891904
8269,0.985088
8270,0.924672
8271,0.962560
8272,0.954368
8273,0.894976
8274,0.924672
8275,0.898048
8276,0.920576
8277,0.920576
8278,0.861184
8279,0.885760
8280,0.874496
8281,0.804864
8282,0.846848
8283,0.901120
8284,0.910336
8285,0.879616
8286,0.887808
8287,0.866304
8288,0.865280
8289,0.986112
8290,0.859136
8291,0.881664
8292,0.911360
8293,0.908288
8294,0.901120
8295,0.921600
8296,0.856064
8297,0.914432
8298,0.850944
8299,0.881664
8300,0.882688
8301,0.882688
8302,0.891904
8303,0.933888
8304,0.886784
8305,0.921600
8306,1.076224
8307,0.800768
8308,0.906240
8309,0.913408
8310,0.892928
8311,0.964608
8312,0.897024
8313,0.983040
8314,0.866304
8315,0.950272
8316,0.921600
8317,0.920576
8318,0.945152
8319,0.959488
8320,0.930816
8321,0.902144
8322,0.934912
8323,0.920576
8324,0.930816
8325,0.902144
8326,0.912384
8327,0.869376
8328,0.819200
8329,0.901120
8330,0.898048
8331,0.941056
8332,0.911360
8333,0.906240
8334,0.903168
8335,0.899072
8336,0.897024
8337,0.928768
8338,0.924672
8339,0.933888
8340,0.913408
8341,0.914432
8342,0.890880
8343,0.945152
8344,0.891904
8345,0.933888
8346,0.947200
8347,0.889856
8348,0.914432
8349,0.936960
8350,0.893952
8351,0.922624
8352,0.891904
8353,0.922624
8354,0.906240
8355,0.904192
8356,0.870400
8357,0.903168
8358,0.899072
8359,0.839680
8360,0.909312
8361,0.886784
8362,0.879616
8363,0.888832
8364,0.900096
8365,0.885760
8366,0.896000
8367,0.913408
8368,0.964608
8369,0.905216
8370,0.861184
8371,1.042432
8372,0.863232
8373,0.902144
8374,0.911360
8375,0.931840
8376,0.907264
8377,0.960512
8378,0.932864
8379,0.920576
8380,0.898048
8381,0.892928
8382,0.946176
8383,0.913408
8384,0.904192
8385,0.928768
8386,0.891904
8387,0.978944
8388,0.919552
8389,0.943104
8390,0.896000
8391,0.946176
8392,0.845824
8393,0.472064
8394,0.343040
8395,0.296960
8396,0.307200
8397,0.270336
8398,0.238592
8399,0.239616
8400,0.253952
8401,0.252928
8402,0.237568
8403,0.265216
8404,0.203776
8405,0.926720
8406,0.934912
8407,0.880640
8408,0.920576
8409,0.959488
8410,0.850944
8411,0.911360
8412,0.931840
8413,0.887808
8414,0.926720
8415,0.913408
8416,0.904192
8417,0.919552
8418,0.910336
8419,0.891904
8420,0.859136
8421,0.908288
8422,0.894976
8423,0.905216
8424,0.929792
8425,0.900096
8426,0.896000
8427,0.898048
8428,0.950272
8429,0.913408
8430,0.875520
8431,0.919552
8432,0.879616
8433,0.894976
8434,0.877568
8435,0.919552
8436,0.923648
8437,0.912384
8438,0.887808
8439,0.909312
8440,0.986112
8441,0.890880
8442,0.904192
8443,0.910336
8444,0.886784
8445,0.862208
8446,0.876544
8447,0.889856
8448,0.913408
8449,0.870400
8450,0.851968
8451,0.919552
8452,0.841728
8453,0.861184
8454,0.874496
8455,0.882688
8456,0.914432
8457,0.902144
8458,0.943104
8459,0.945152
8460,0.950272
8461,0.923648
8462,0.910336
8463,0.918528
8464,0.916480
8465,0.943104
8466,0.935936
8467,0.832512
8468,0.747520
8469,0.570368
8470,0.510976
8471,0.489472
8472,0.274432
8473,0.279552
8474,0.263168
8475,0.273408
8476,0.266240
8477,0.278528
8478,0.226304
8479,0.242688
8480,0.252928
8481,0.253952
8482,0.883712
8483,0.943104
8484,0.930816
8485,0.919552
8486,0.954368
8487,0.898048
8488,0.910336
8489,0.946176
8490,0.902144
8491,0.906240
8492,0.953344
8493,0.897024
8494,0.952320
8495,0.893952
8496,0.954368
8497,0.928768
8498,0.906240
8499,0.944128
8500,0.871424
8501,0.890880
8502,0.946176
8503,0.880640
8504,0.905216
8505,0.925696
8506,0.924672
8507,0.907264
8508,0.900096
8509,0.916480
8510,0.957440
8511,0.903168
8512,0.941056
8513,0.910336
8514,0.912384
8515,0.927744
8516,0.909312
8517,0.920576
8518,0.936960
8519,0.874496
8520,0.944128
8521,0.887808
8522,0.932864
8523,0.951296
8524,0.934912
8525,0.888832
8526,0.925696
8527,0.923648
8528,0.943104
8529,0.935936
8530,0.900096
8531,0.878592
8532,0.902144
8533,0.918528
8534,0.909312
8535,0.827392
8536,0.873472
8537,0.876544
8538,0.868352
8539,0.867328
8540,0.907264
8541,0.965632
8542,0.916480
8543,0.958464
8544,0.917504
8545,0.940032
8546,0.891904
8547,0.589824
8548,0.934912
8549,0.914432
8550,0.947200
8551,0.890880
8552,0.849920
8553,0.886784
8554,0.931840
8555,0.842752
8556,0.932864
8557,0.910336
8558,0.898048
8559,0.909312
8560,0.922624
8561,1.025024
8562,0.846848
8563,0.918528
8564,0.932864
8565,0.912384
8566,0.951296
8567,0.935936
8568,0.949248
8569,0.908288
8570,0.944128
8571,0.878592
8572,0.912384
8573,0.953344
8574,0.917504
8575,0.929792
8576,0.861184
8577,0.963584
8578,0.925696
8579,0.845824
8580,0.883712
8581,0.854016
8582,0.901120
8583,0.842752
8584,0.908288
8585,0.913408
8586,0.901120
8587,0.942080
8588,0.872448
8589,0.901120
8590,0.888832
8591,0.893952
8592,0.899072
8593,0.908288
8594,0.886784
8595,0.899072
8596,0.919552
8597,0.930816
8598,0.898048
8599,0.931840
8600,0.917504
8601,0.961536
8602,0.965632
8603,0.907264
8604,0.909312
8605,0.786432
8606,0.806912
8607,0.892928
8608,0.902144
8609,0.878592
8610,0.948224
8611,0.709632
8612,0.962560
8613,0.913408
8614,0.990208
8615,0.902144
8616,0.890880
8617,0.902144
8618,0.568320
8619,0.925696
8620,0.859136
8621,0.929792
8622,0.883712
8623,0.876544
8624,0.898048
8625,0.922624
8626,0.934912
8627,0.917504
8628,0.879616
8629,0.925696
8630,0.922624
8631,0.900096
8632,0.908288
8633,0.920576
8634,0.936960
8635,0.970752
8636,0.887808
8637,0.924672
8638,0.910336
8639,0.855040
8640,0.867328
8641,0.807936
8642,0.826368
8643,0.940032
8644,0.867328
8645,0.915456
8646,0.901120
8647,0.905216
8648,0.923648
8649,0.929792
8650,0.909312
8651,0.916480
8652,0.922624
8653,0.939008
8654,0.871424
8655,0.897024
8656,0.909312
8657,0.907264
8658,0.967680
8659,0.898048
8660,0.885760
8661,0.957440
8662,0.965632
8663,0.965632
8664,0.900096
8665,0.905216
8666,0.889856
8667,0.915456
8668,0.931840
8669,0.880640
8670,0.915456
8671,0.972800
8672,0.959488
8673,0.982016
8674,0.894976
8675,0.896000
8676,0.752640
8677,0.595968
8678,0.842752
8679,0.940032
8680,0.883712
8681,0.877568
8682,0.923648
8683,0.937984
8684,0.971776
8685,0.876544
8686,0.889856
8687,0.896000
8688,0.887808
8689,0.888832
8690,0.939008
8691,0.943104
8692,0.881664
8693,0.904192
8694,0.886784
8695,0.934912
8696,0.882688
8697,0.920576
8698,0.905216
8699,0.917504
8700,0.879616
8701,0.947200
8702,0.930816
8703,0.931840
8704,0.884736
8705,0.861184
8706,0.891904
8707,0.928768
8708,0.842752
8709,0.813056
8710,0.869376
8711,0.964608
8712,0.925696
8713,0.914432
8714,0.898048
8715,0.914432
8716,0.902144
8717,0.893952
8718,0.920576
8719,0.873472
8720,0.948224
8721,0.902144
8722,0.923648
8723,0.929792
8724,0.923648
8725,0.930816
8726,0.902144
8727,0.917504
8728,0.897024
8729,0.897024
8730,0.950272
8731,0.921600
8732,0.949248
8733,0.899072
8734,0.921600
8735,0.922624
8736,0.948224
8737,0.874496
8738,0.936960
8739,0.923648
8740,0.923648
8741,0.903168
8742,0.880640
8743,0.619520
8744,0.936960
8745,0.914432
8746,0.898048
8747,0.943104
8748,0.758784
8749,0.890880
8750,0.887808
8751,0.904192
8752,0.863232
8753,0.845824
8754,0.947200
8755,0.891904
8756,0.932864
8757,0.868352
8758,0.857088
8759,0.907264
8760,0.886784
8761,0.940032
8762,0.901120
8763,0.864256
8764,0.911360
8765,0.917504
8766,0.870400
8767,0.899072
8768,0.908288
8769,0.910336
8770,0.934912
8771,0.916480
8772,0.916480
8773,0.918528
8774,0.931840
8775,0.918528
8776,0.897024
8777,0.911360
8778,0.921600
8779,0.931840
8780,0.883712
8781,0.927744
8782,0.887808
8783,0.920576
8784,0.908288
8785,0.909312
8786,0.959488
8787,0.941056
8788,0.886784
8789,0.913408
8790,0.901120
8791,0.866304
8792,0.888832
8793,0.844800
8794,0.908288
8795,0.860160
8796,0.864256
8797,0.836608
8798,0.885760
8799,0.949248
8800,0.942080
8801,0.937984
8802,0.933888
8803,0.905216
8804,0.937984
8805,0.948224
8806,0.914432
8807,0.934912
8808,0.923648
8809,0.784384
8810,0.869376
8811,0.887808
8812,0.940032
8813,0.885760
8814,0.927744
8815,0.922624
8816,0.920576
8817,0.936960
8818,0.926720
8819,0.867328
8820,0.963584
8821,0.866304
8822,0.903168
8823,0.963584
8824,0.870400
8825,0.865280
8826,0.917504
8827,0.928768
8828,0.894976
8829,0.943104
8830,0.886784
8831,0.892928
8832,0.914432
8833,0.902144
8834,0.909312
8835,0.904192
8836,0.903168
8837,0.892928
8838,0.906240
8839,0.881664
8840,0.868352
8841,0.862208
8842,0.830464
8843,0.867328
8844,0.879616
8845,0.906240
8846,0.847872
8847,0.950272
8848,0.900096
8849,0.905216
8850,0.972800
8851,0.886784
8852,1.068032
8853,0.940032
8854,0.881664
8855,0.906240
8856,0.902144
8857,0.909312
8858,0.924672
8859,0.864256
8860,0.918528
8861,0.897024
8862,0.989184
8863,0.744448
8864,0.894976
8865,0.913408
8866,0.858112
8867,0.844800
8868,0.937984
8869,0.881664
8870,0.917504
8871,0.941056
8872,0.893952
8873,0.917504
8874,0.633856
8875,0.926720
8876,0.917504
8877,0.920576
8878,0.891904
8879,0.837632
8880,0.893952
8881,0.892928
8882,0.897024
8883,0.866304
8884,0.848896
8885,0.891904
8886,0.855040
8887,0.868352
8888,0.937984
8889,0.916480
8890,0.950272
8891,0.929792
8892,0.932864
8893,0.860160
8894,0.902144
8895,0.870400
8896,0.909312
8897,0.894976
8898,0.852992
8899,0.945152
8900,0.825344
8901,0.948224
8902,0.866304
8903,0.910336
8904,0.863232
8905,0.926720
8906,0.879616
8907,0.902144
8908,0.932864
8909,0.889856
8910,0.887808
8911,0.883712
8912,0.890880
8913,0.898048
8914,0.869376
8915,0.923648
8916,0.897024
8917,0.929792
8918,0.892928
8919,0.889856
8920,0.880640
8921,0.906240
8922,0.884736
8923,0.894976
8924,0.902144
8925,0.936960
8926,0.884736
8927,0.800768
8928,0.834560
8929,0.855040
8930,0.926720
8931,0.856064
8932,0.911360
8933,0.922624
8934,0.922624
8935,0.950272
8936,0.934912
8937,0.993280
8938,0.841728
8939,0.659456
8940,0.817152
8941,0.891904
8942,0.940032
8943,0.891904
8944,0.899072
8945,0.943104
8946,0.937984
8947,0.924672
8948,0.952320
8949,0.940032
8950,0.916480
8951,0.906240
8952,0.876544
8953,0.954368
8954,0.917504
8955,0.902144
8956,0.901120
8957,0.834560
8958,0.886784
8959,0.883712
8960,0.904192
8961,0.821248
8962,0.861184
8963,0.851968
8964,0.908288
8965,0.892928
8966,0.908288
8967,0.911360
8968,0.896000
8969,0.896000
8970,0.962560
8971,0.856064
8972,0.709632
8973,0.869376
8974,0.883712
8975,0.890880
8976,0.892928
8977,0.925696
8978,0.861184
8979,0.882688
8980,0.880640
8981,0.919552
8982,0.892928
8983,0.877568
8984,0.947200
8985,0.871424
8986,0.910336
8987,0.864256
8988,0.909312
8989,0.873472
8990,0.877568
8991,0.906240
8992,0.880640
8993,0.879616
8994,0.862208
8995,0.880640
8996,0.921600
8997,0.878592
8998,0.907264
8999,0.880640
9000,0.918528
9001,0.885760
9002,0.898048
9003,0.923648
9004,0.931840
9005,0.774144
9006,0.605184
9007,0.910336
9008,0.945152
9009,0.940032
9010,0.894976
9011,0.881664
9012,0.891904
9013,0.906240
9014,0.865280
9015,0.893952
9016,0.931840
9017,0.919552
9018,0.875520
9019,0.871424
9020,0.912384
9021,0.880640
9022,0.860160
9023,0.806912
9024,0.868352
9025,0.861184
9026,0.849920
9027,0.879616
9028,0.878592
9029,0.911360
9030,0.897024
9031,0.943104
9032,0.897024
9033,0.906240
9034,0.849920
9035,0.865280
9036,0.878592
9037,0.875520
9038,0.892928
9039,0.821248
9040,0.930816
9041,0.869376
9042,0.854016
9043,0.936960
9044,0.866304
9045,0.977920
9046,0.887808
9047,0.876544
9048,0.917504
9049,0.916480
9050,0.888832
9051,0.925696
9052,0.856064
9053,0.881664
9054,0.873472
9055,0.868352
9056,0.863232
9057,0.866304
9058,0.897024
9059,0.897024
9060,0.887808
9061,0.900096
9062,0.897024
9063,0.883712
9064,0.862208
9065,0.896000
9066,0.870400
9067,0.911360
9068,0.896000
9069,0.906240
9070,0.848896
9071,0.805888
9072,0.579584
9073,0.471040
9074,0.460800
9075,0.344064
9076,0.256000
9077,0.266240
9078,0.234496
9079,0.231424
9080,0.241664
9081,0.233472
9082,0.244736
9083,0.224256
9084,0.242688
9085,0.217088
9086,0.904192
9087,0.920576
9088,0.881664
9089,0.921600
9090,0.887808
9091,0.864256
9092,0.891904
9093,0.908288
9094,0.867328
9095,0.881664
9096,0.856064
9097,0.893952
9098,0.877568
9099,0.900096
9100,0.871424
9101,0.921600
9102,0.893952
9103,2.336768
9104,2.438144
9105,0.916480
9106,0.854016
9107,0.902144
9108,0.886784
9109,0.919552
9110,0.902144
9111,0.901120
9112,0.902144
9113,0.911360
9114,0.877568
9115,0.915456
9116,0.876544
9117,0.859136
9118,0.877568
9119,0.989184
9120,0.876544
9121,0.985088
9122,0.897024
9123,0.865280
9124,0.880640
9125,0.898048
9126,0.943104
9127,0.840704
9128,0.859136
9129,0.939008
9130,0.862208
9131,0.885760
9132,0.912384
9133,0.910336
9134,0.921600
9135,0.875520
9136,0.880640
9137,0.834560
9138,0.915456
9139,0.897024
9140,3.377152
9141,0.914432
9142,0.883712
9143,0.922624
9144,0.924672
9145,0.711680
9146,0.743424
9147,0.788480
9148,0.908288
9149,0.868352
9150,0.912384
9151,0.914432
9152,0.849920
9153,0.902144
9154,1.987584
9155,0.862208
9156,3.454976
9157,0.909312
9158,0.890880
9159,0.890880
9160,0.858112
9161,0.917504
9162,0.914432
9163,0.883712
9164,0.928768
9165,0.878592
9166,0.914432
9167,0.912384
9168,0.898048
9169,0.916480
9170,0.878592
9171,0.861184
9172,0.885760
9173,0.887808
9174,0.878592
9175,0.889856
9176,0.872448
9177,0.850944
9178,0.873472
9179,0.824320
9180,0.813056
9181,0.838656
9182,0.897024
9183,0.899072
9184,0.877568
9185,0.905216
9186,0.914432
9187,0.928768
9188,0.915456
9189,0.882688
9190,0.911360
9191,0.929792
9192,0.892928
9193,0.891904
9194,0.935936
9195,0.920576
9196,0.882688
9197,0.944128
9198,0.878592
9199,0.849920
9200,0.888832
9201,0.860160
9202,0.971776
9203,0.908288
9204,0.884736
9205,0.923648
9206,0.921600
9207,0.681984
9208,0.547840
9209,0.704512
9210,0.953344
9211,0.870400
9212,0.869376
9213,0.888832
9214,0.882688
9215,0.864256
9216,0.912384
9217,0.927744
9218,0.874496
9219,0.890880
9220,0.916480
9221,0.904192
9222,0.941056
9223,0.927744
9224,0.889856
9225,0.903168
9226,0.907264
9227,0.885760
9228,0.886784
9229,0.912384
9230,0.881664
9231,0.930816
9232,0.900096
9233,0.894976
9234,0.889856
9235,0.883712
9236,0.923648
9237,0.916480
9238,0.930816
9239,0.892928
9240,0.867328
9241,0.926720
9242,0.859136
9243,0.893952
9244,0.923648
9245,0.910336
9246,0.912384
9247,0.887808
9248,0.896000
9249,0.902144
9250,0.857088
9251,0.840704
9252,0.848896
9253,0.824320
9254,0.875520
9255,0.861184
9256,0.907264
9257,0.904192
9258,0.912384
9259,0.892928
9260,0.863232
9261,0.880640
9262,0.918528
9263,0.885760
9264,0.887808
9265,0.919552
9266,0.870400
9267,0.883712
9268,0.904192
9269,0.912384
9270,0.889856
9271,0.879616
9272,0.919552
9273,0.929792
9274,0.891904
9275,0.854016
9276,0.685056
9277,0.823296
9278,0.893952
9279,0.877568
9280,0.878592
9281,0.912384
9282,0.887808
9283,0.896000
9284,0.818176
9285,0.878592
9286,0.871424
9287,0.914432
9288,0.890880
9289,0.908288
9290,0.909312
9291,0.876544
9292,0.876544
9293,0.937984
9294,0.867328
9295,1.080320
9296,0.863232
9297,0.823296
9298,0.865280
9299,0.897024
9300,0.850944
9301,0.915456
9302,0.872448
9303,0.855040
9304,0.860160
9305,0.880640
9306,0.924672
9307,0.852992
9308,0.869376
9309,0.881664
9310,0.897024
9311,0.872448
9312,0.886784
9313,0.946176
9314,0.894976
9315,0.904192
9316,0.897024
9317,0.922624
9318,0.894976
9319,0.898048
9320,0.908288
9321,0.923648
9322,0.933888
9323,0.860160
9324,0.931840
9325,0.874496
9326,0.889856
9327,0.891904
9328,0.882688
9329,0.923648
9330,0.868352
9331,0.866304
9332,0.903168
9333,0.867328
9334,0.827392
9335,0.862208
9336,0.868352
9337,0.834560
9338,0.868352
9339,0.912384
9340,0.947200
9341,0.914432
9342,0.903168
9343,0.726016
9344,0.566272
9345,0.524288
9346,0.539648
9347,0.537600
9348,0.540672
9349,0.472064
9350,0.199680
9351,0.196608
9352,0.193536
9353,0.180224
9354,0.825344
9355,0.889856
9356,0.920576
9357,0.921600
9358,0.896000
9359,0.943104
9360,0.900096
9361,0.868352
9362,0.943104
9363,0.874496
9364,0.937984
9365,0.929792
9366,0.904192
9367,0.845824
9368,0.904192
9369,0.882688
9370,0.867328
9371,0.899072
9372,0.842752
9373,0.908288
9374,0.911360
9375,0.813056
9376,0.850944
9377,0.846848
9378,0.844800
9379,0.862208
9380,0.800768
9381,0.869376
9382,0.873472
9383,0.835584
9384,0.849920
9385,0.797696
9386,0.878592
9387,0.871424
9388,0.848896
9389,0.833536
9390,0.934912
9391,0.908288
9392,0.899072
9393,0.928768
9394,0.903168
9395,0.882688
9396,0.932864
9397,0.909312
9398,0.893952
9399,0.913408
9400,0.846848
9401,0.923648
9402,0.838656
9403,0.927744
9404,0.943104
9405,0.922624
9406,0.916480
9407,0.912384
9408,0.910336
9409,0.918528
9410,0.893952
9411,0.887808
9412,0.922624
9413,0.894976
9414,0.916480
9415,0.920576
9416,0.932864
9417,0.877568
9418,0.894976
9419,1.034240
9420,0.760832
9421,0.793600
9422,0.504832
9423,0.455680
9424,0.343040
9425,0.300032
9426,0.206848
9427,0.164864
9428,0.165888
9429,0.166912
9430,0.164864
9431,0.167936
9432,0.902144
9433,0.889856
9434,0.876544
9435,0.894976
9436,0.909312
9437,0.915456
9438,0.867328
9439,0.918528
9440,0.909312
9441,0.966656
9442,0.846848
9443,0.881664
9444,0.876544
9445,0.872448
9446,0.892928
9447,0.836608
9448,0.845824
9449,0.872448
9450,0.907264
9451,0.854016
9452,0.868352
9453,0.924672
9454,0.935936
9455,0.929792
9456,0.898048
9457,0.877568
9458,0.852992
9459,0.905216
9460,0.897024
9461,0.873472
9462,0.896000
9463,0.858112
9464,0.885760
9465,0.921600
9466,0.868352
9467,0.852992
9468,0.867328
9469,0.862208
9470,0.845824
9471,0.849920
9472,0.869376
9473,0.917504
9474,0.842752
9475,0.896000
9476,0.845824
9477,0.863232
9478,0.915456
9479,0.826368
9480,0.889856
9481,0.891904
9482,0.902144
9483,0.867328
9484,0.888832
9485,0.904192
9486,0.899072
9487,0.928768
9488,0.855040
9489,0.864256
9490,0.900096
9491,0.860160
9492,0.845824
9493,0.817152
9494,0.843776
9495,0.795648
9496,0.843776
9497,0.855040
9498,0.868352
9499,0.780288
9500,0.822272
9501,0.849920
9502,0.930816
9503,0.903168
9504,0.878592
9505,0.948224
9506,0.829440
9507,0.848896
9508,0.874496
9509,0.897024
9510,0.819200
9511,0.876544
9512,0.947200
9513,0.912384
9514,0.904192
9515,0.867328
9516,0.835584
9517,0.901120
9518,0.912384
9519,0.880640
9520,0.868352
9521,0.887808
9522,0.849920
9523,0.857088
9524,0.949248
9525,0.829440
9526,0.883712
9527,0.864256
9528,0.831488
9529,0.903168
9530,0.830464
9531,0.884736
9532,0.901120
9533,0.846848
9534,0.851968
9535,0.878592
9536,0.939008
9537,0.609280
9538,0.876544
9539,0.856064
9540,0.849920
9541,0.839680
9542,0.893952
9543,0.803840
9544,0.836608
9545,0.891904
9546,0.908288
9547,0.832512
9548,0.907264
9549,0.843776
9550,0.854016
9551,0.890880
9552,0.867328
9553,0.923648
9554,0.843776
9555,0.897024
9556,0.849920
9557,0.876544
9558,0.837632
9559,0.924672
9560,0.861184
9561,0.885760
9562,0.886784
9563,0.840704
9564,0.875520
9565,0.915456
9566,0.872448
9567,0.854016
9568,2.199552
9569,0.519168
9570,0.747520
9571,0.885760
9572,0.915456
9573,0.891904
9574,0.854016
9575,0.872448
9576,0.920576
9577,0.835584
9578,0.919552
9579,0.894976
9580,0.876544
9581,0.924672
9582,0.840704
9583,0.840704
9584,0.880640
9585,0.845824
9586,0.914432
9587,0.861184
9588,0.863232
9589,0.894976
9590,0.840704
9591,0.871424
9592,0.855040
9593,0.859136
9594,0.813056
9595,0.829440
9596,0.841728
9597,0.823296
9598,0.861184
9599,0.822272
9600,0.860160
9601,0.866304
9602,0.858112
9603,0.906240
9604,0.867328
9605,0.872448
9606,0.896000
9607,3.183616
9608,0.760832
9609,0.844800
9610,0.879616
9611,0.871424
9612,0.889856
9613,0.830464
9614,0.879616
9615,2.007040
9616,0.839680
9617,0.937984
9618,0.835584
9619,0.896000
9620,0.889856
9621,1.922048
9622,0.898048
9623,3.320832
9624,0.850944
9625,0.869376
9626,0.857088
9627,0.909312
9628,0.873472
9629,0.890880
9630,0.854016
9631,0.811008
9632,0.588800
9633,0.539648
9634,0.516096
9635,0.706560
9636,0.902144
9637,0.887808
9638,0.872448
9639,0.910336
9640,0.892928
9641,0.869376
9642,0.875520
9643,0.815104
9644,0.849920
9645,0.856064
9646,0.877568
9647,0.855040
9648,0.871424
9649,0.877568
9650,0.850944
9651,0.855040
9652,0.848896
9653,0.831488
9654,0.836608
9655,0.773120
9656,0.794624
9657,0.838656
9658,0.824320
9659,0.883712
9660,0.850944
9661,0.819200
9662,0.898048
9663,0.862208
9664,0.871424
9665,0.875520
9666,0.877568
9667,0.830464
9668,0.875520
9669,0.874496
9670,0.859136
9671,0.899072
9672,0.856064
9673,0.862208
9674,0.844800
9675,0.857088
9676,0.860160
9677,0.863232
9678,0.762880
9679,0.885760
9680,0.857088
9681,0.869376
9682,0.842752
9683,0.827392
9684,0.825344
9685,0.897024
9686,0.823296
9687,0.897024
9688,0.880640
9689,0.826368
9690,0.869376
9691,0.817152
9692,0.801792
9693,0.814080
9694,0.845824
9695,0.860160
9696,0.886784
9697,0.869376
9698,0.833536
9699,0.897024
9700,0.860160
9701,0.887808
9702,0.867328
9703,0.880640
9704,0.782336
9705,0.628736
9706,0.573440
9707,0.575488
9708,0.527360
9709,0.452608
9710,0.412672
9711,0.776192
9712,0.886784
9713,0.852992
9714,0.878592
9715,0.869376
9716,0.839680
9717,0.872448
9718,0.875520
9719,0.835584
9720,0.870400
9721,0.885760
9722,0.846848
9723,0.870400
9724,0.866304
9725,0.874496
9726,0.812032
9727,0.887808
9728,0.872448
9729,0.922624
9730,0.830464
9731,0.845824
9732,0.859136
9733,0.881664
9734,0.843776
9735,0.876544
9736,0.887808
9737,0.837632
9738,0.858112
9739,0.862208
9740,0.872448
9741,0.903168
9742,0.863232
9743,0.820224
9744,0.839680
9745,0.844800
9746,0.840704
9747,0.841728
9748,0.862208
9749,0.878592
9750,0.822272
9751,0.889856
9752,0.923648
9753,0.615424
9754,0.829440
9755,0.842752
9756,0.844800
9757,0.867328
9758,0.864256
9759,0.837632
9760,0.826368
9761,0.876544
9762,0.838656
9763,0.880640
9764,0.858112
9765,0.850944
9766,0.868352
9767,0.893952
9768,0.902144
9769,0.869376
9770,0.901120
9771,0.799744
9772,0.880640
9773,0.864256
9774,0.878592
9775,0.862208
9776,0.855040
9777,0.815104
9778,0.914432
9779,0.823296
9780,0.847872
9781,0.711680
9782,0.625664
9783,0.595968
9784,0.657408
9785,0.560128
9786,0.773120
9787,0.909312
9788,0.847872
9789,0.867328
9790,0.870400
9791,0.832512
9792,0.880640
9793,0.863232
9794,0.873472
9795,0.865280
9796,0.857088
9797,0.848896
9798,0.879616
9799,0.877568
9800,0.843776
9801,0.832512
9802,0.873472
9803,0.815104
9804,0.855040
9805,0.870400
9806,0.887808
9807,0.819200
9808,0.909312
9809,0.851968
9810,0.883712
9811,0.801792
9812,0.878592
9813,0.811008
9814,0.848896
9815,0.873472
9816,0.805888
9817,0.873472
9818,0.832512
9819,0.865280
9820,0.793600
9821,0.830464
9822,0.850944
9823,0.846848
9824,0.847872
9825,0.829440
9826,0.794624
9827,0.808960
9828,0.824320
9829,0.815104
9830,0.882688
9831,0.874496
9832,0.805888
9833,0.845824
9834,0.839680
9835,0.855040
9836,0.867328
9837,0.878592
9838,2.358272
9839,2.363392
9840,0.803840
9841,0.839680
9842,0.864256
9843,0.809984
9844,0.874496
9845,0.814080
9846,0.837632
9847,0.831488
9848,0.836608
9849,0.854016
9850,0.812032
9851,0.878592
9852,0.812032
9853,0.711680
9854,0.723968
9855,0.662528
9856,0.625664
9857,0.522240
9858,0.826368
9859,0.838656
9860,0.858112
9861,0.856064
9862,0.840704
9863,0.837632
9864,0.831488
9865,0.866304
9866,0.834560
9867,0.841728
9868,0.846848
9869,0.843776
9870,0.815104
9871,0.813056
9872,0.817152
9873,0.822272
9874,0.836608
9875,0.866304
9876,0.805888
9877,0.857088
9878,0.814080
9879,0.819200
9880,0.861184
9881,0.854016
9882,0.852992
9883,0.904192
9884,0.826368
9885,0.830464
9886,0.794624
9887,0.914432
9888,0.814080
9889,0.819200
9890,0.809984
9891,0.825344
9892,3.145728
9893,0.849920
9894,0.808960
9895,0.873472
9896,0.833536
9897,0.817152
9898,0.844800
9899,0.850944
9900,1.886208
9901,0.839680
9902,0.821248
9903,0.869376
9904,0.826368
9905,0.848896
9906,0.872448
9907,1.829888
9908,0.808960
9909,3.140608
9910,0.809984
9911,0.888832
9912,0.872448
9913,0.806912
9914,0.847872
9915,0.841728
9916,0.817152
9917,0.842752
9918,0.817152
9919,0.866304
9920,0.819200
9921,0.812032
9922,0.734208
9923,0.656384
9924,0.695296
9925,0.612352
9926,0.306176
9927,0.242688
9928,0.229376
9929,0.679936
9930,0.849920
9931,0.778240
9932,0.845824
9933,0.775168
9934,0.769024
9935,0.787456
9936,0.774144
9937,0.826368
9938,0.808960
9939,0.820224
9940,0.820224
9941,0.821248
9942,0.789504
9943,0.822272
9944,0.808960
9945,0.813056
9946,0.791552
9947,0.803840
9948,0.821248
9949,0.760832
9950,0.760832
9951,0.735232
9952,0.765952
9953,0.749568
9954,0.761856
9955,0.774144
9956,0.749568
9957,0.750592
9958,0.742400
9959,0.748544
9960,0.708608
9961,0.711680
9962,0.745472
9963,0.700416
9964,0.702464
9965,0.733184
9966,0.705536
9967,0.703488
9968,0.693248
9969,0.720896
9970,0.744448
9971,0.705536
9972,0.729088
9973,0.698368
9974,0.706560
9975,0.752640
9976,0.739328
9977,0.762880
9978,0.768000
9979,0.771072
9980,0.750592
9981,0.751616
9982,0.735232
9983,0.736256
9984,0.694272
9985,0.752640
9986,0.723968
9987,0.700416
9988,0.718848
9989,0.729088
9990,0.737280
9991,0.731136
9992,0.756736
9993,0.760832
9994,0.741376
9995,0.752640
9996,0.763904
9997,0.749568
9998,0.759808
9999,0.734208
