iter,ms
0,0.953344
1,0.773120
2,0.804864
3,0.429056
4,0.740352
5,0.797696
6,0.822272
7,0.846848
8,0.837632
9,0.785408
10,0.757760
11,0.773120
12,0.758784
13,0.838656
14,0.797696
15,0.784384
16,0.831488
17,0.794624
18,0.799744
19,0.848896
20,0.824320
21,0.826368
22,0.812032
23,0.834560
24,0.818176
25,0.858112
26,0.860160
27,0.808960
28,0.824320
29,0.830464
30,0.825344
31,0.809984
32,0.838656
33,0.831488
34,0.871424
35,0.808960
36,0.784384
37,0.841728
38,0.743424
39,0.827392
40,0.730112
41,0.812032
42,0.809984
43,0.803840
44,0.857088
45,0.840704
46,0.744448
47,1.010688
48,0.691200
49,0.850944
50,0.846848
51,0.841728
52,0.847872
53,0.830464
54,0.865280
55,0.847872
56,0.829440
57,0.819200
58,0.824320
59,0.768000
60,0.776192
61,0.743424
62,0.806912
63,0.847872
64,0.821248
65,0.835584
66,0.861184
67,0.808960
68,0.813056
69,0.807936
70,0.749568
71,0.604160
72,0.863232
73,0.841728
74,0.867328
75,0.830464
76,0.871424
77,0.850944
78,0.871424
79,0.856064
80,0.830464
81,0.849920
82,0.840704
83,0.814080
84,0.875520
85,0.858112
86,0.842752
87,0.861184
88,0.774144
89,0.862208
90,0.861184
91,0.878592
92,0.882688
93,0.931840
94,0.955392
95,0.844800
96,0.841728
97,0.894976
98,0.813056
99,0.844800
100,0.885760
101,0.865280
102,0.866304
103,0.876544
104,0.946176
105,0.927744
106,0.844800
107,0.903168
108,0.883712
109,0.826368
110,0.869376
111,0.854016
112,0.890880
113,0.860160
114,0.877568
115,0.845824
116,0.921600
117,0.850944
118,0.888832
119,0.814080
120,0.886784
121,0.873472
122,0.909312
123,0.845824
124,0.876544
125,0.877568
126,0.908288
127,0.928768
128,0.829440
129,0.891904
130,0.926720
131,0.901120
132,0.878592
133,0.876544
134,0.868352
135,0.821248
136,0.859136
137,0.834560
138,0.770048
139,0.880640
140,0.909312
141,0.925696
142,0.946176
143,0.906240
144,0.920576
145,0.868352
146,0.887808
147,0.813056
148,0.956416
149,0.890880
150,0.889856
151,0.933888
152,0.860160
153,0.927744
154,0.923648
155,0.930816
156,0.868352
157,0.869376
158,0.912384
159,0.917504
160,0.911360
161,0.886784
162,0.919552
163,0.856064
164,0.913408
165,0.915456
166,0.917504
167,0.886784
168,0.909312
169,0.928768
170,0.929792
171,0.917504
172,0.935936
173,0.898048
174,0.909312
175,0.910336
176,0.875520
177,0.892928
178,0.888832
179,0.864256
180,0.847872
181,0.812032
182,0.850944
183,0.858112
184,0.931840
185,0.869376
186,0.831488
187,0.860160
188,0.932864
189,0.912384
190,0.896000
191,0.892928
192,0.904192
193,0.932864
194,0.904192
195,0.903168
196,0.917504
197,0.927744
198,0.890880
199,0.848896
200,0.904192
201,0.952320
202,0.868352
203,0.849920
204,0.711680
205,0.867328
206,0.886784
207,0.905216
208,0.935936
209,0.919552
210,0.917504
211,0.879616
212,0.910336
213,0.900096
214,0.909312
215,0.904192
216,0.873472
217,0.930816
218,0.896000
219,0.833536
220,0.950272
221,0.876544
222,1.042432
223,0.827392
224,0.886784
225,0.916480
226,0.928768
227,0.887808
228,0.893952
229,0.951296
230,0.896000
231,0.900096
232,0.905216
233,0.892928
234,0.952320
235,0.885760
236,0.961536
237,0.910336
238,0.936960
239,0.966656
240,0.934912
241,0.902144
242,0.870400
243,0.946176
244,0.901120
245,0.963584
246,0.926720
247,0.915456
248,0.942080
249,0.922624
250,0.914432
251,0.911360
252,0.903168
253,0.918528
254,0.952320
255,0.900096
256,0.936960
257,0.911360
258,0.861184
259,0.855040
260,0.892928
261,0.888832
262,0.884736
263,0.934912
264,0.885760
265,0.930816
266,0.889856
267,0.901120
268,0.855040
269,0.796672
270,0.567296
271,0.535552
272,0.539648
273,0.672768
274,0.623616
275,0.825344
276,0.863232
277,0.845824
278,0.935936
279,0.946176
280,0.878592
281,0.908288
282,0.915456
283,0.844800
284,0.913408
285,0.951296
286,0.871424
287,0.900096
288,0.913408
289,0.944128
290,0.922624
291,0.898048
292,0.869376
293,0.901120
294,0.911360
295,0.920576
296,0.890880
297,0.902144
298,0.888832
299,0.957440
300,0.898048
301,0.866304
302,0.850944
303,0.836608
304,0.933888
305,0.904192
306,0.878592
307,0.891904
308,0.899072
309,0.954368
310,0.918528
311,0.939008
312,0.918528
313,0.907264
314,0.967680
315,0.904192
316,0.907264
317,0.927744
318,0.926720
319,0.872448
320,0.921600
321,0.907264
322,0.936960
323,0.921600
324,0.902144
325,0.871424
326,0.889856
327,0.899072
328,0.934912
329,0.985088
330,0.862208
331,0.929792
332,0.939008
333,0.923648
334,0.940032
335,0.927744
336,0.891904
337,0.707584
338,0.667648
339,0.673792
340,0.905216
341,0.924672
342,0.957440
343,0.919552
344,0.834560
345,0.894976
346,0.915456
347,0.852992
348,0.827392
349,0.764928
350,0.835584
351,0.903168
352,0.919552
353,0.914432
354,0.975872
355,0.911360
356,0.916480
357,0.927744
358,0.922624
359,0.912384
360,0.833536
361,0.939008
362,0.905216
363,0.957440
364,0.953344
365,0.897024
366,0.915456
367,0.922624
368,0.910336
369,0.888832
370,0.940032
371,0.912384
372,0.930816
373,0.931840
374,0.900096
375,0.905216
376,0.907264
377,0.879616
378,0.901120
379,0.878592
380,0.825344
381,0.839680
382,0.919552
383,0.909312
384,0.921600
385,0.969728
386,0.968704
387,0.921600
388,0.933888
389,0.911360
390,0.870400
391,0.952320
392,0.936960
393,0.964608
394,0.963584
395,0.893952
396,0.872448
397,0.985088
398,0.932864
399,0.942080
400,0.977920
401,0.956416
402,0.904192
403,0.916480
404,0.606208
405,0.915456
406,0.926720
407,0.836608
408,0.864256
409,0.809984
410,0.892928
411,0.859136
412,0.881664
413,0.910336
414,0.908288
415,0.764928
416,0.860160
417,0.905216
418,0.935936
419,0.878592
420,0.905216
421,0.848896
422,0.925696
423,0.901120
424,0.888832
425,0.918528
426,0.942080
427,0.884736
428,0.932864
429,0.872448
430,0.899072
431,0.897024
432,0.930816
433,0.860160
434,0.952320
435,0.996352
436,0.891904
437,0.886784
438,0.942080
439,0.912384
440,0.880640
441,0.928768
442,0.878592
443,0.907264
444,0.904192
445,0.912384
446,0.884736
447,0.917504
448,0.866304
449,0.852992
450,0.929792
451,0.905216
452,0.902144
453,0.909312
454,0.884736
455,0.899072
456,0.943104
457,0.919552
458,0.889856
459,0.929792
460,0.929792
461,0.920576
462,0.893952
463,0.892928
464,0.936960
465,0.933888
466,0.901120
467,0.946176
468,0.915456
469,0.831488
470,0.493568
471,0.352256
472,0.342016
473,0.342016
474,0.335872
475,0.380928
476,0.358400
477,0.365568
478,0.327680
479,0.295936
480,0.926720
481,0.894976
482,0.914432
483,0.881664
484,0.961536
485,0.907264
486,0.910336
487,0.931840
488,0.923648
489,0.908288
490,0.918528
491,0.929792
492,0.906240
493,0.855040
494,0.923648
495,0.907264
496,0.954368
497,0.855040
498,0.918528
499,0.905216
500,0.911360
501,0.889856
502,0.884736
503,0.965632
504,0.860160
505,0.927744
506,0.859136
507,0.878592
508,0.888832
509,0.951296
510,0.893952
511,0.893952
512,0.946176
513,0.857088
514,0.931840
515,0.929792
516,0.919552
517,0.851968
518,0.925696
519,0.931840
520,0.919552
521,0.885760
522,0.962560
523,0.918528
524,0.959488
525,0.887808
526,0.910336
527,0.881664
528,0.831488
529,0.860160
530,0.896000
531,0.902144
532,0.930816
533,0.907264
534,0.909312
535,0.904192
536,0.906240
537,0.911360
538,0.918528
539,0.892928
540,0.858112
541,0.961536
542,0.922624
543,0.892928
544,0.648192
545,0.705536
546,0.939008
547,0.917504
548,0.942080
549,0.845824
550,0.953344
551,0.952320
552,0.799744
553,0.905216
554,0.916480
555,0.882688
556,0.934912
557,0.931840
558,0.940032
559,0.920576
560,0.910336
561,0.936960
562,0.924672
563,0.925696
564,0.930816
565,0.878592
566,0.896000
567,0.902144
568,0.903168
569,0.860160
570,0.936960
571,0.885760
572,0.848896
573,0.883712
574,0.840704
575,0.890880
576,0.898048
577,0.876544
578,0.963584
579,0.881664
580,0.865280
581,0.844800
582,0.917504
583,0.919552
584,0.896000
585,0.945152
586,0.959488
587,0.929792
588,0.924672
589,0.935936
590,0.922624
591,0.952320
592,0.943104
593,0.933888
594,0.892928
595,0.947200
596,0.911360
597,0.898048
598,0.920576
599,0.902144
600,0.929792
601,0.886784
602,0.937984
603,0.925696
604,0.888832
605,0.909312
606,0.868352
607,0.912384
608,0.918528
609,0.863232
610,0.736256
611,0.845824
612,0.920576
613,0.908288
614,0.890880
615,0.937984
616,0.925696
617,0.893952
618,0.893952
619,0.973824
620,0.865280
621,0.923648
622,0.893952
623,0.870400
624,0.924672
625,0.944128
626,0.901120
627,0.947200
628,0.975872
629,0.887808
630,0.919552
631,0.925696
632,0.894976
633,0.870400
634,0.918528
635,0.908288
636,0.874496
637,0.890880
638,0.929792
639,0.873472
640,0.889856
641,0.865280
642,0.878592
643,0.842752
644,0.867328
645,0.903168
646,0.884736
647,0.892928
648,0.884736
649,0.873472
650,0.861184
651,0.931840
652,0.862208
653,0.933888
654,0.882688
655,0.915456
656,0.930816
657,0.925696
658,0.888832
659,0.836608
660,0.912384
661,0.888832
662,0.925696
663,0.925696
664,1.002496
665,0.948224
666,0.874496
667,0.955392
668,0.936960
669,0.937984
670,0.934912
671,0.943104
672,0.932864
673,0.939008
674,0.381952
675,0.876544
676,0.876544
677,0.942080
678,0.925696
679,0.898048
680,0.936960
681,0.872448
682,0.914432
683,0.967680
684,0.964608
685,0.940032
686,0.963584
687,0.903168
688,0.940032
689,0.927744
690,0.911360
691,0.925696
692,0.856064
693,0.900096
694,0.900096
695,0.912384
696,0.899072
697,0.903168
698,0.948224
699,0.919552
700,0.944128
701,0.945152
702,0.925696
703,0.946176
704,0.913408
705,0.936960
706,0.900096
707,0.876544
708,0.919552
709,0.935936
710,0.936960
711,0.908288
712,0.896000
713,0.849920
714,0.857088
715,0.814080
716,0.911360
717,0.910336
718,0.897024
719,0.912384
720,0.916480
721,0.965632
722,0.892928
723,0.910336
724,0.889856
725,0.916480
726,0.894976
727,0.901120
728,0.931840
729,0.947200
730,0.910336
731,0.958464
732,0.929792
733,0.934912
734,0.906240
735,0.924672
736,0.890880
737,0.915456
738,0.962560
739,0.872448
740,0.536576
741,0.821248
742,0.922624
743,0.912384
744,0.960512
745,0.890880
746,0.873472
747,0.912384
748,0.907264
749,0.937984
750,0.955392
751,0.929792
752,0.963584
753,0.925696
754,0.882688
755,0.919552
756,0.878592
757,0.982016
758,0.883712
759,0.918528
760,0.906240
761,0.874496
762,0.845824
763,0.880640
764,0.891904
765,0.824320
766,0.811008
767,0.863232
768,0.910336
769,0.960512
770,0.887808
771,0.931840
772,0.928768
773,0.871424
774,0.922624
775,0.932864
776,0.921600
777,0.923648
778,0.914432
779,0.910336
780,0.904192
781,0.921600
782,0.929792
783,0.940032
784,0.881664
785,0.978944
786,0.908288
787,0.915456
788,0.912384
789,0.909312
790,0.953344
791,0.933888
792,0.929792
793,0.939008
794,0.933888
795,0.975872
796,0.970752
797,0.878592
798,0.941056
799,0.947200
800,0.920576
801,0.947200
802,0.943104
803,0.859136
804,0.924672
805,0.766976
806,0.525312
807,0.525312
808,0.493568
809,0.315392
810,0.219136
811,0.224256
812,0.231424
813,0.836608
814,0.880640
815,0.892928
816,0.904192
817,0.915456
818,0.881664
819,0.589824
820,0.917504
821,0.896000
822,0.916480
823,0.901120
824,0.913408
825,0.947200
826,0.874496
827,0.966656
828,0.977920
829,0.925696
830,0.916480
831,0.901120
832,0.905216
833,0.974848
834,0.925696
835,0.909312
836,0.925696
837,0.949248
838,0.884736
839,0.903168
840,0.946176
841,0.899072
842,0.950272
843,0.916480
844,0.831488
845,0.970752
846,0.901120
847,0.925696
848,0.871424
849,0.956416
850,0.910336
851,0.918528
852,0.949248
853,0.901120
854,0.856064
855,0.922624
856,0.943104
857,0.929792
858,0.897024
859,0.952320
860,0.886784
861,0.959488
862,0.896000
863,0.942080
864,0.950272
865,0.934912
866,0.963584
867,0.936960
868,0.932864
869,0.940032
870,0.898048
871,0.928768
872,0.977920
873,0.925696
874,0.933888
875,0.930816
876,0.900096
877,0.713728
878,0.600064
879,0.429056
880,0.309248
881,0.343040
882,0.309248
883,0.323584
884,0.349184
885,0.259072
886,0.249856
887,0.244736
888,0.204800
889,0.905216
890,0.954368
891,0.932864
892,0.918528
893,0.918528
894,0.921600
895,0.838656
896,0.869376
897,0.879616
898,0.909312
899,0.925696
900,0.926720
901,0.968704
902,0.946176
903,0.910336
904,0.886784
905,0.939008
906,0.935936
907,0.950272
908,0.887808
909,0.933888
910,0.906240
911,0.952320
912,0.950272
913,0.919552
914,0.949248
915,0.927744
916,0.831488
917,0.961536
918,0.960512
919,0.898048
920,0.930816
921,0.928768
922,0.866304
923,0.932864
924,0.871424
925,0.953344
926,0.925696
927,0.894976
928,0.919552
929,0.900096
930,0.899072
931,0.880640
932,0.914432
933,0.894976
934,0.940032
935,0.900096
936,0.931840
937,0.737280
938,0.898048
939,0.927744
940,0.893952
941,0.959488
942,0.892928
943,0.941056
944,0.900096
945,0.967680
946,0.925696
947,0.916480
948,0.925696
949,0.931840
950,0.961536
951,0.920576
952,0.863232
953,0.692224
954,0.281600
955,0.283648
956,0.251904
957,0.261120
958,0.251904
959,0.191488
960,0.196608
961,0.188416
962,0.194560
963,0.176128
964,0.168960
965,0.159744
966,0.160768
967,0.166912
968,0.164864
969,0.155648
970,0.150528
971,0.150528
972,0.149504
973,0.149504
974,0.150528
975,0.150528
976,0.837632
977,0.936960
978,0.952320
979,0.862208
980,0.937984
981,0.884736
982,0.896000
983,0.984064
984,0.923648
985,0.887808
986,0.960512
987,0.900096
988,0.964608
989,0.911360
990,0.935936
991,0.884736
992,0.861184
993,0.933888
994,0.839680
995,0.914432
996,0.927744
997,0.930816
998,0.939008
999,0.945152
1000,0.883712
1001,0.898048
1002,0.934912
1003,0.946176
1004,0.931840
1005,0.928768
1006,0.894976
1007,0.891904
1008,0.908288
1009,0.876544
1010,0.873472
1011,0.956416
1012,0.877568
1013,0.887808
1014,0.949248
1015,0.886784
1016,0.894976
1017,0.861184
1018,0.928768
1019,0.910336
1020,0.882688
1021,0.899072
1022,0.890880
1023,0.898048
1024,0.898048
1025,0.868352
1026,0.890880
1027,0.879616
1028,0.909312
1029,0.932864
1030,0.943104
1031,0.923648
1032,1.011712
1033,0.869376
1034,0.948224
1035,0.889856
1036,0.921600
1037,0.889856
1038,0.884736
1039,0.816128
1040,0.786432
1041,0.598016
1042,0.553984
1043,0.812032
1044,0.868352
1045,0.907264
1046,0.870400
1047,0.968704
1048,0.918528
1049,0.900096
1050,0.906240
1051,0.892928
1052,0.875520
1053,0.921600
1054,0.911360
1055,0.990208
1056,0.855040
1057,0.883712
1058,0.827392
1059,0.884736
1060,0.859136
1061,0.903168
1062,0.920576
1063,0.933888
1064,0.947200
1065,0.947200
1066,0.886784
1067,0.935936
1068,0.916480
1069,0.919552
1070,0.918528
1071,0.900096
1072,0.927744
1073,0.902144
1074,0.860160
1075,0.868352
1076,0.821248
1077,0.858112
1078,0.880640
1079,0.896000
1080,0.876544
1081,0.867328
1082,0.922624
1083,0.888832
1084,0.891904
1085,0.898048
1086,0.894976
1087,0.859136
1088,0.888832
1089,0.933888
1090,0.882688
1091,0.922624
1092,0.843776
1093,0.913408
1094,0.915456
1095,0.898048
1096,0.940032
1097,0.904192
1098,0.879616
1099,0.874496
1100,0.881664
1101,0.908288
1102,0.920576
1103,0.934912
1104,0.960512
1105,0.907264
1106,0.897024
1107,0.815104
1108,0.651264
1109,0.739328
1110,0.931840
1111,0.937984
1112,0.930816
1113,0.944128
1114,0.951296
1115,0.868352
1116,0.925696
1117,0.933888
1118,0.940032
1119,0.923648
1120,0.926720
1121,0.896000
1122,0.932864
1123,1.087488
1124,0.593920
1125,0.815104
1126,0.890880
1127,0.945152
1128,0.934912
1129,0.894976
1130,0.860160
1131,0.935936
1132,0.939008
1133,0.914432
1134,0.919552
1135,0.910336
1136,0.872448
1137,0.948224
1138,0.927744
1139,0.934912
1140,0.891904
1141,0.934912
1142,0.933888
1143,0.943104
1144,0.943104
1145,0.911360
1146,0.881664
1147,0.878592
1148,0.878592
1149,0.864256
1150,0.861184
1151,0.855040
1152,1.013760
1153,0.885760
1154,0.913408
1155,0.921600
1156,0.958464
1157,0.882688
1158,0.873472
1159,0.911360
1160,0.820224
1161,0.914432
1162,0.890880
1163,0.891904
1164,0.890880
1165,0.921600
1166,0.845824
1167,0.852992
1168,0.911360
1169,0.905216
1170,0.914432
1171,0.922624
1172,0.897024
1173,0.834560
1174,0.779264
1175,0.440320
1176,0.756736
1177,0.913408
1178,0.922624
1179,0.916480
1180,0.899072
1181,0.927744
1182,0.893952
1183,0.922624
1184,0.871424
1185,0.913408
1186,0.908288
1187,0.890880
1188,0.886784
1189,0.885760
1190,0.887808
1191,0.940032
1192,0.838656
1193,0.900096
1194,0.920576
1195,0.885760
1196,0.940032
1197,0.913408
1198,0.975872
1199,0.917504
1200,0.920576
1201,0.949248
1202,0.878592
1203,0.932864
1204,0.906240
1205,0.844800
1206,0.888832
1207,0.897024
1208,0.871424
1209,0.868352
1210,0.906240
1211,0.878592
1212,0.930816
1213,0.874496
1214,0.902144
1215,0.883712
1216,0.933888
1217,0.889856
1218,0.888832
1219,0.847872
1220,0.922624
1221,0.922624
1222,0.945152
1223,0.903168
1224,0.834560
1225,0.931840
1226,0.970752
1227,0.917504
1228,0.891904
1229,0.868352
1230,0.884736
1231,0.880640
1232,0.915456
1233,0.891904
1234,0.870400
1235,0.945152
1236,0.978944
1237,0.916480
1238,0.902144
1239,0.927744
1240,0.865280
1241,38.178818
1242,0.955392
1243,0.863232
1244,0.899072
1245,0.914432
1246,0.923648
1247,0.892928
1248,0.910336
1249,0.931840
1250,0.924672
1251,0.876544
1252,0.900096
1253,0.873472
1254,0.838656
1255,0.899072
1256,0.903168
1257,0.871424
1258,0.841728
1259,0.878592
1260,0.906240
1261,0.905216
1262,0.920576
1263,0.913408
1264,0.891904
1265,0.896000
1266,0.904192
1267,0.878592
1268,0.898048
1269,0.920576
1270,0.883712
1271,0.967680
1272,0.883712
1273,0.870400
1274,0.930816
1275,0.862208
1276,0.884736
1277,0.915456
1278,0.863232
1279,0.903168
1280,0.917504
1281,0.877568
1282,0.920576
1283,0.955392
1284,0.902144
1285,0.926720
1286,0.924672
1287,0.898048
1288,0.943104
1289,0.905216
1290,0.935936
1291,0.909312
1292,0.887808
1293,0.967680
1294,0.877568
1295,0.881664
1296,0.955392
1297,0.940032
1298,0.916480
1299,0.903168
1300,0.900096
1301,0.894976
1302,0.923648
1303,0.917504
1304,0.965632
1305,0.863232
1306,0.696320
1307,0.918528
1308,0.914432
1309,0.898048
1310,0.929792
1311,0.869376
1312,0.869376
1313,0.927744
1314,0.832512
1315,0.928768
1316,0.843776
1317,0.882688
1318,0.953344
1319,0.955392
1320,0.937984
1321,0.914432
1322,0.924672
1323,0.842752
1324,0.939008
1325,0.974848
1326,0.910336
1327,0.961536
1328,0.847872
1329,0.906240
1330,0.941056
1331,0.961536
1332,0.896000
1333,0.841728
1334,0.902144
1335,0.891904
1336,0.906240
1337,0.917504
1338,0.894976
1339,0.935936
1340,0.898048
1341,0.872448
1342,0.868352
1343,0.892928
1344,0.924672
1345,0.905216
1346,0.897024
1347,0.912384
1348,0.888832
1349,0.926720
1350,0.910336
1351,0.873472
1352,0.886784
1353,0.871424
1354,0.855040
1355,0.922624
1356,0.834560
1357,0.908288
1358,0.931840
1359,0.928768
1360,0.863232
1361,0.905216
1362,0.902144
1363,0.921600
1364,0.942080
1365,0.869376
1366,0.918528
1367,0.911360
1368,0.912384
1369,0.966656
1370,0.875520
1371,0.663552
1372,0.867328
1373,0.907264
1374,0.942080
1375,0.880640
1376,0.959488
1377,0.884736
1378,0.889856
1379,0.899072
1380,0.882688
1381,0.969728
1382,0.913408
1383,0.900096
1384,0.903168
1385,0.888832
1386,0.865280
1387,0.930816
1388,0.910336
1389,0.932864
1390,0.889856
1391,0.881664
1392,0.884736
1393,0.915456
1394,0.950272
1395,0.919552
1396,0.914432
1397,0.911360
1398,0.905216
1399,0.939008
1400,0.953344
1401,0.942080
1402,0.934912
1403,0.941056
1404,0.921600
1405,0.873472
1406,0.931840
1407,0.924672
1408,0.955392
1409,0.899072
1410,0.888832
1411,0.884736
1412,0.899072
1413,0.887808
1414,0.850944
1415,0.864256
1416,0.879616
1417,0.928768
1418,0.914432
1419,0.903168
1420,0.934912
1421,0.909312
1422,0.890880
1423,0.898048
1424,0.905216
1425,0.923648
1426,0.920576
1427,0.915456
1428,0.928768
1429,0.919552
1430,0.935936
1431,0.923648
1432,0.967680
1433,0.926720
1434,0.883712
1435,0.900096
1436,0.689152
1437,0.588800
1438,0.563200
1439,0.419840
1440,0.353280
1441,0.289792
1442,0.260096
1443,0.275456
1444,35.284992
1445,0.960512
1446,0.848896
1447,0.915456
1448,0.909312
1449,0.896000
1450,0.903168
1451,0.912384
1452,0.966656
1453,0.893952
1454,1.000448
1455,0.887808
1456,0.731136
1457,0.898048
1458,0.885760
1459,0.869376
1460,0.885760
1461,0.911360
1462,0.885760
1463,0.915456
1464,0.878592
1465,0.870400
1466,0.931840
1467,0.878592
1468,0.887808
1469,0.924672
1470,0.933888
1471,0.924672
1472,0.908288
1473,0.907264
1474,0.944128
1475,0.939008
1476,0.944128
1477,0.883712
1478,0.941056
1479,0.953344
1480,0.942080
1481,0.963584
1482,0.900096
1483,0.893952
1484,0.909312
1485,0.904192
1486,0.907264
1487,0.883712
1488,0.951296
1489,0.877568
1490,0.908288
1491,0.911360
1492,0.928768
1493,0.929792
1494,0.927744
1495,0.933888
1496,0.947200
1497,0.946176
1498,0.922624
1499,0.917504
1500,0.880640
1501,0.957440
1502,0.942080
1503,0.950272
1504,0.934912
1505,0.942080
1506,0.944128
1507,0.962560
1508,0.897024
1509,0.708608
1510,0.907264
1511,0.920576
1512,0.875520
1513,0.885760
1514,0.957440
1515,0.868352
1516,0.902144
1517,0.923648
1518,0.927744
1519,0.918528
1520,0.868352
1521,0.775168
1522,0.889856
1523,0.835584
1524,0.932864
1525,0.859136
1526,0.916480
1527,0.950272
1528,0.936960
1529,0.957440
1530,0.913408
1531,0.880640
1532,0.923648
1533,0.971776
1534,0.858112
1535,0.963584
1536,0.913408
1537,0.905216
1538,0.930816
1539,0.920576
1540,0.914432
1541,0.928768
1542,0.896000
1543,0.949248
1544,0.897024
1545,0.896000
1546,0.954368
1547,0.862208
1548,0.885760
1549,0.857088
1550,0.801792
1551,0.880640
1552,0.945152
1553,0.862208
1554,0.941056
1555,0.900096
1556,0.882688
1557,0.975872
1558,0.936960
1559,0.921600
1560,0.886784
1561,0.951296
1562,0.887808
1563,0.926720
1564,0.984064
1565,0.879616
1566,0.915456
1567,0.927744
1568,0.960512
1569,0.941056
1570,0.937984
1571,0.917504
1572,0.912384
1573,0.884736
1574,0.688128
1575,0.805888
1576,0.903168
1577,0.959488
1578,0.907264
1579,0.930816
1580,0.873472
1581,0.907264
1582,0.868352
1583,0.906240
1584,0.915456
1585,0.904192
1586,0.925696
1587,0.921600
1588,0.941056
1589,0.930816
1590,0.947200
1591,0.900096
1592,0.942080
1593,0.914432
1594,0.913408
1595,0.963584
1596,0.917504
1597,0.960512
1598,0.905216
1599,0.903168
1600,0.896000
1601,0.875520
1602,0.871424
1603,0.802816
1604,0.872448
1605,0.887808
1606,0.896000
1607,0.892928
1608,0.865280
1609,0.919552
1610,0.920576
1611,0.922624
1612,0.900096
1613,0.927744
1614,0.932864
1615,0.916480
1616,0.908288
1617,0.918528
1618,0.921600
1619,0.886784
1620,0.968704
1621,0.911360
1622,0.937984
1623,0.942080
1624,0.916480
1625,0.911360
1626,0.878592
1627,0.924672
1628,0.907264
1629,0.966656
1630,0.896000
1631,0.929792
1632,0.959488
1633,0.942080
1634,0.900096
1635,0.892928
1636,0.943104
1637,0.953344
1638,0.921600
1639,0.786432
1640,0.615424
1641,0.550912
1642,0.334848
1643,0.299008
1644,0.256000
1645,0.253952
1646,0.252928
1647,0.225280
1648,0.812032
1649,0.994304
1650,0.927744
1651,0.917504
1652,0.955392
1653,0.933888
1654,0.888832
1655,0.959488
1656,0.880640
1657,0.968704
1658,0.913408
1659,0.946176
1660,0.896000
1661,0.929792
1662,0.937984
1663,0.858112
1664,0.889856
1665,0.960512
1666,0.919552
1667,0.924672
1668,0.855040
1669,0.915456
1670,0.908288
1671,0.880640
1672,0.889856
1673,0.888832
1674,0.905216
1675,0.855040
1676,0.828416
1677,0.785408
1678,0.892928
1679,0.896000
1680,0.955392
1681,0.928768
1682,0.877568
1683,0.894976
1684,0.946176
1685,0.887808
1686,0.908288
1687,0.882688
1688,0.903168
1689,0.917504
1690,0.917504
1691,0.955392
1692,0.927744
1693,0.925696
1694,0.904192
1695,0.891904
1696,0.946176
1697,0.905216
1698,0.937984
1699,0.918528
1700,0.945152
1701,1.125376
1702,0.804864
1703,0.928768
1704,0.924672
1705,0.863232
1706,0.917504
1707,0.820224
1708,0.873472
1709,0.873472
1710,0.903168
1711,0.978944
1712,0.893952
1713,0.901120
1714,0.870400
1715,0.929792
1716,0.953344
1717,0.857088
1718,0.921600
1719,0.932864
1720,0.915456
1721,0.899072
1722,0.941056
1723,0.880640
1724,0.906240
1725,0.883712
1726,0.949248
1727,0.923648
1728,0.897024
1729,0.903168
1730,0.928768
1731,0.892928
1732,0.874496
1733,0.866304
1734,0.931840
1735,0.925696
1736,0.915456
1737,0.916480
1738,0.910336
1739,0.936960
1740,0.960512
1741,0.883712
1742,0.915456
1743,0.908288
1744,0.939008
1745,0.929792
1746,0.891904
1747,0.937984
1748,0.915456
1749,0.937984
1750,0.871424
1751,0.930816
1752,0.957440
1753,0.896000
1754,0.912384
1755,0.897024
1756,0.926720
1757,0.910336
1758,0.905216
1759,0.850944
1760,0.888832
1761,0.863232
1762,0.930816
1763,0.928768
1764,0.920576
1765,0.905216
1766,0.937984
1767,0.862208
1768,0.924672
1769,0.919552
1770,0.880640
1771,0.875520
1772,0.896000
1773,0.902144
1774,0.888832
1775,0.890880
1776,0.900096
1777,0.744448
1778,0.877568
1779,0.923648
1780,0.927744
1781,0.928768
1782,0.872448
1783,0.887808
1784,0.961536
1785,0.940032
1786,0.969728
1787,0.953344
1788,0.907264
1789,0.911360
1790,0.910336
1791,0.869376
1792,0.892928
1793,0.918528
1794,0.854016
1795,0.867328
1796,0.864256
1797,0.889856
1798,0.885760
1799,0.933888
1800,0.891904
1801,0.918528
1802,0.907264
1803,0.899072
1804,0.880640
1805,0.867328
1806,0.892928
1807,0.949248
1808,0.935936
1809,0.855040
1810,0.924672
1811,0.838656
1812,0.851968
1813,0.923648
1814,0.922624
1815,0.893952
1816,0.882688
1817,0.911360
1818,0.911360
1819,0.875520
1820,0.901120
1821,0.906240
1822,0.901120
1823,0.935936
1824,0.882688
1825,0.948224
1826,0.917504
1827,0.939008
1828,0.914432
1829,0.922624
1830,0.894976
1831,0.893952
1832,0.965632
1833,0.902144
1834,0.915456
1835,0.905216
1836,0.913408
1837,0.917504
1838,0.899072
1839,0.955392
1840,0.929792
1841,0.839680
1842,0.624640
1843,0.437248
1844,0.339968
1845,0.240640
1846,0.237568
1847,0.208896
1848,0.179200
1849,0.175104
1850,0.176128
1851,0.177152
1852,0.180224
1853,0.179200
1854,0.166912
1855,0.179200
1856,0.172032
1857,0.174080
1858,0.800768
1859,0.886784
1860,0.874496
1861,0.876544
1862,0.885760
1863,0.901120
1864,0.978944
1865,0.857088
1866,0.750592
1867,0.868352
1868,0.873472
1869,0.847872
1870,0.834560
1871,0.901120
1872,0.879616
1873,0.924672
1874,0.948224
1875,0.920576
1876,0.887808
1877,0.944128
1878,0.936960
1879,0.887808
1880,0.881664
1881,0.931840
1882,0.966656
1883,0.972800
1884,0.896000
1885,0.907264
1886,0.901120
1887,0.899072
1888,0.947200
1889,0.932864
1890,0.907264
1891,0.926720
1892,0.874496
1893,0.901120
1894,0.959488
1895,0.951296
1896,0.893952
1897,0.952320
1898,0.891904
1899,0.931840
1900,0.916480
1901,0.945152
1902,0.941056
1903,0.887808
1904,0.864256
1905,0.844800
1906,0.917504
1907,0.881664
1908,0.883712
1909,0.909312
1910,0.935936
1911,0.901120
1912,0.889856
1913,0.930816
1914,0.922624
1915,0.937984
1916,0.913408
1917,0.950272
1918,0.905216
1919,0.883712
1920,0.860160
1921,0.837632
1922,0.903168
1923,0.776192
1924,0.715776
1925,0.901120
1926,0.932864
1927,0.904192
1928,0.899072
1929,0.962560
1930,0.911360
1931,0.897024
1932,0.914432
1933,0.918528
1934,0.884736
1935,0.870400
1936,0.806912
1937,0.905216
1938,0.933888
1939,0.896000
1940,0.880640
1941,0.890880
1942,0.934912
1943,0.907264
1944,0.891904
1945,0.916480
1946,0.911360
1947,0.979968
1948,0.917504
1949,0.935936
1950,0.873472
1951,0.923648
1952,0.925696
1953,0.917504
1954,0.887808
1955,0.972800
1956,0.931840
1957,0.887808
1958,0.988160
1959,0.921600
1960,0.911360
1961,0.971776
1962,0.942080
1963,0.879616
1964,0.918528
1965,0.889856
1966,0.929792
1967,0.896000
1968,0.916480
1969,0.921600
1970,0.922624
1971,0.862208
1972,0.933888
1973,0.898048
1974,0.907264
1975,0.958464
1976,0.913408
1977,0.901120
1978,0.887808
1979,0.946176
1980,0.897024
1981,0.930816
1982,0.947200
1983,0.914432
1984,0.971776
1985,0.875520
1986,0.915456
1987,0.903168
1988,0.762880
1989,0.562176
1990,0.381952
1991,0.336896
1992,0.305152
1993,0.214016
1994,0.211968
1995,0.209920
1996,0.193536
1997,0.830464
1998,0.983040
1999,0.855040
2000,0.929792
2001,0.893952
2002,0.907264
2003,0.983040
2004,0.872448
2005,0.913408
2006,0.918528
2007,0.904192
2008,0.914432
2009,0.959488
2010,0.926720
2011,0.927744
2012,0.950272
2013,0.931840
2014,0.955392
2015,0.884736
2016,0.889856
2017,0.966656
2018,0.927744
2019,0.916480
2020,0.907264
2021,0.917504
2022,0.939008
2023,0.887808
2024,0.889856
2025,0.873472
2026,0.845824
2027,0.889856
2028,0.886784
2029,0.890880
2030,0.923648
2031,0.881664
2032,0.878592
2033,0.917504
2034,0.869376
2035,0.914432
2036,0.837632
2037,0.913408
2038,0.900096
2039,0.927744
2040,0.903168
2041,0.933888
2042,0.948224
2043,0.911360
2044,0.934912
2045,0.927744
2046,0.920576
2047,0.933888
2048,0.911360
2049,0.943104
2050,0.890880
2051,0.961536
2052,0.915456
2053,0.932864
2054,0.896000
2055,0.914432
2056,0.928768
2057,0.921600
2058,0.927744
2059,0.941056
2060,0.901120
2061,0.858112
2062,0.652288
2063,0.290816
2064,0.726016
2065,0.960512
2066,0.898048
2067,0.902144
2068,0.955392
2069,0.921600
2070,0.904192
2071,0.866304
2072,0.933888
2073,0.935936
2074,0.951296
2075,0.891904
2076,0.886784
2077,0.833536
2078,0.831488
2079,0.873472
2080,0.879616
2081,0.854016
2082,0.911360
2083,0.902144
2084,0.925696
2085,0.885760
2086,0.949248
2087,0.880640
2088,0.930816
2089,0.911360
2090,0.888832
2091,0.935936
2092,0.983040
2093,0.876544
2094,0.916480
2095,0.901120
2096,0.905216
2097,0.915456
2098,0.960512
2099,0.903168
2100,0.918528
2101,0.927744
2102,0.865280
2103,0.914432
2104,0.863232
2105,0.966656
2106,0.925696
2107,0.830464
2108,0.909312
2109,0.887808
2110,0.915456
2111,0.892928
2112,0.953344
2113,0.879616
2114,0.906240
2115,0.909312
2116,0.912384
2117,0.905216
2118,0.870400
2119,0.915456
2120,0.933888
2121,0.896000
2122,0.931840
2123,0.851968
2124,0.903168
2125,0.915456
2126,0.858112
2127,0.919552
2128,0.715776
2129,0.937984
2130,0.949248
2131,0.942080
2132,0.943104
2133,0.958464
2134,0.922624
2135,0.930816
2136,0.917504
2137,0.934912
2138,0.948224
2139,0.941056
2140,0.889856
2141,0.909312
2142,0.944128
2143,0.923648
2144,0.961536
2145,0.918528
2146,0.908288
2147,0.927744
2148,0.843776
2149,0.844800
2150,0.875520
2151,0.843776
2152,0.872448
2153,0.911360
2154,0.896000
2155,0.900096
2156,0.969728
2157,0.937984
2158,0.914432
2159,0.877568
2160,0.904192
2161,0.930816
2162,0.913408
2163,0.925696
2164,0.915456
2165,0.916480
2166,0.905216
2167,0.901120
2168,0.835584
2169,0.906240
2170,0.911360
2171,0.942080
2172,0.881664
2173,0.944128
2174,0.922624
2175,0.917504
2176,0.939008
2177,0.894976
2178,0.901120
2179,0.944128
2180,0.917504
2181,0.890880
2182,0.920576
2183,0.937984
2184,0.939008
2185,0.942080
2186,0.925696
2187,0.849920
2188,1.043456
2189,0.872448
2190,0.899072
2191,0.901120
2192,0.775168
2193,0.615424
2194,0.505856
2195,0.309248
2196,0.312320
2197,0.931840
2198,0.937984
2199,0.935936
2200,0.881664
2201,0.975872
2202,0.907264
2203,0.935936
2204,0.878592
2205,0.908288
2206,0.939008
2207,0.939008
2208,0.870400
2209,0.880640
2210,0.961536
2211,0.933888
2212,0.957440
2213,0.911360
2214,0.919552
2215,0.937984
2216,0.925696
2217,0.955392
2218,0.918528
2219,0.916480
2220,0.908288
2221,0.919552
2222,0.940032
2223,0.913408
2224,0.916480
2225,0.930816
2226,0.911360
2227,0.926720
2228,0.933888
2229,0.904192
2230,0.918528
2231,0.868352
2232,0.936960
2233,0.914432
2234,0.883712
2235,0.864256
2236,0.892928
2237,0.845824
2238,0.891904
2239,0.880640
2240,0.918528
2241,0.888832
2242,0.890880
2243,0.941056
2244,0.974848
2245,0.940032
2246,0.933888
2247,0.900096
2248,0.903168
2249,0.899072
2250,0.909312
2251,0.908288
2252,0.975872
2253,0.886784
2254,0.941056
2255,0.854016
2256,0.974848
2257,0.888832
2258,0.933888
2259,0.837632
2260,0.795648
2261,0.721920
2262,0.562176
2263,0.557056
2264,0.519168
2265,0.851968
2266,0.848896
2267,0.945152
2268,0.894976
2269,0.964608
2270,0.886784
2271,0.862208
2272,0.901120
2273,0.839680
2274,0.857088
2275,0.903168
2276,0.647168
2277,0.977920
2278,0.850944
2279,0.897024
2280,0.939008
2281,0.892928
2282,0.875520
2283,0.907264
2284,0.858112
2285,0.829440
2286,0.962560
2287,0.937984
2288,0.922624
2289,0.918528
2290,0.911360
2291,0.900096
2292,0.875520
2293,0.909312
2294,0.888832
2295,0.931840
2296,0.897024
2297,0.867328
2298,0.929792
2299,0.894976
2300,0.865280
2301,0.957440
2302,0.728064
2303,0.900096
2304,0.886784
2305,0.935936
2306,0.882688
2307,0.887808
2308,0.956416
2309,0.923648
2310,0.878592
2311,0.928768
2312,0.907264
2313,0.936960
2314,0.923648
2315,0.911360
2316,0.909312
2317,0.936960
2318,0.880640
2319,0.874496
2320,0.918528
2321,0.877568
2322,0.887808
2323,0.894976
2324,0.923648
2325,0.971776
2326,0.872448
2327,0.947200
2328,0.941056
2329,0.930816
2330,0.794624
2331,0.483328
2332,0.420864
2333,0.378880
2334,0.316416
2335,0.303104
2336,0.267264
2337,0.270336
2338,0.267264
2339,0.244736
2340,0.159744
2341,0.153600
2342,0.157696
2343,0.160768
2344,0.154624
2345,0.150528
2346,0.793600
2347,0.929792
2348,0.885760
2349,0.926720
2350,0.952320
2351,0.870400
2352,0.908288
2353,0.915456
2354,0.913408
2355,0.911360
2356,0.941056
2357,0.851968
2358,0.867328
2359,0.928768
2360,0.918528
2361,0.899072
2362,0.918528
2363,0.914432
2364,0.889856
2365,0.883712
2366,0.888832
2367,0.820224
2368,0.867328
2369,0.843776
2370,0.965632
2371,0.936960
2372,0.910336
2373,0.937984
2374,0.923648
2375,0.903168
2376,0.876544
2377,0.918528
2378,0.901120
2379,0.920576
2380,0.925696
2381,0.910336
2382,0.897024
2383,0.821248
2384,1.000448
2385,0.910336
2386,0.934912
2387,0.894976
2388,0.934912
2389,0.958464
2390,0.888832
2391,0.889856
2392,0.886784
2393,0.888832
2394,0.944128
2395,0.909312
2396,0.898048
2397,0.921600
2398,0.872448
2399,0.944128
2400,0.950272
2401,0.979968
2402,0.907264
2403,0.949248
2404,0.918528
2405,0.960512
2406,0.904192
2407,0.901120
2408,0.953344
2409,0.922624
2410,0.924672
2411,0.513024
2412,0.257024
2413,0.185344
2414,0.183296
2415,0.177152
2416,0.181248
2417,0.180224
2418,0.191488
2419,0.187392
2420,0.179200
2421,0.179200
2422,0.882688
2423,0.891904
2424,0.920576
2425,0.962560
2426,0.891904
2427,0.936960
2428,0.893952
2429,0.954368
2430,0.907264
2431,0.961536
2432,0.976896
2433,0.867328
2434,0.896000
2435,0.910336
2436,0.881664
2437,0.880640
2438,0.888832
2439,0.891904
2440,0.910336
2441,0.858112
2442,0.916480
2443,0.888832
2444,0.884736
2445,0.871424
2446,0.902144
2447,0.852992
2448,0.921600
2449,0.885760
2450,0.884736
2451,0.860160
2452,0.896000
2453,0.859136
2454,0.806912
2455,0.917504
2456,0.926720
2457,0.918528
2458,0.914432
2459,0.905216
2460,1.017856
2461,0.850944
2462,0.867328
2463,0.901120
2464,0.927744
2465,0.887808
2466,0.940032
2467,0.896000
2468,0.952320
2469,0.966656
2470,0.902144
2471,0.908288
2472,0.875520
2473,0.959488
2474,0.891904
2475,0.874496
2476,0.902144
2477,0.918528
2478,0.945152
2479,0.903168
2480,0.899072
2481,0.648192
2482,0.896000
2483,0.920576
2484,0.968704
2485,0.897024
2486,0.825344
2487,0.733184
2488,0.948224
2489,0.898048
2490,0.926720
2491,0.954368
2492,0.914432
2493,0.948224
2494,0.942080
2495,0.870400
2496,0.913408
2497,0.911360
2498,0.888832
2499,0.912384
2500,0.846848
2501,0.825344
2502,0.892928
2503,0.959488
2504,0.858112
2505,0.900096
2506,0.911360
2507,0.891904
2508,0.921600
2509,0.883712
2510,0.928768
2511,0.968704
2512,0.909312
2513,0.868352
2514,0.967680
2515,0.837632
2516,0.864256
2517,0.904192
2518,0.958464
2519,0.839680
2520,0.886784
2521,0.929792
2522,0.917504
2523,0.933888
2524,0.920576
2525,0.950272
2526,0.914432
2527,0.882688
2528,0.875520
2529,0.970752
2530,0.929792
2531,0.923648
2532,0.868352
2533,0.918528
2534,0.922624
2535,0.934912
2536,0.888832
2537,0.832512
2538,0.924672
2539,0.784384
2540,0.854016
2541,0.952320
2542,0.914432
2543,0.915456
2544,0.917504
2545,0.917504
2546,0.913408
2547,0.925696
2548,0.957440
2549,0.913408
2550,0.946176
2551,0.697344
2552,0.610304
2553,0.564224
2554,0.477184
2555,0.720896
2556,0.954368
2557,0.905216
2558,0.928768
2559,0.883712
2560,0.912384
2561,0.916480
2562,0.898048
2563,0.887808
2564,0.907264
2565,0.864256
2566,0.836608
2567,0.865280
2568,0.919552
2569,0.924672
2570,0.947200
2571,0.873472
2572,0.935936
2573,0.899072
2574,0.921600
2575,0.941056
2576,0.928768
2577,0.906240
2578,0.919552
2579,0.912384
2580,0.905216
2581,0.894976
2582,0.912384
2583,0.890880
2584,0.875520
2585,0.879616
2586,0.916480
2587,0.881664
2588,0.856064
2589,0.886784
2590,0.914432
2591,0.942080
2592,0.878592
2593,0.943104
2594,0.913408
2595,0.910336
2596,0.928768
2597,0.950272
2598,0.924672
2599,0.882688
2600,0.932864
2601,0.906240
2602,0.907264
2603,0.960512
2604,0.936960
2605,0.897024
2606,1.045504
2607,0.916480
2608,0.902144
2609,0.916480
2610,0.943104
2611,0.941056
2612,0.977920
2613,0.932864
2614,0.929792
2615,0.928768
2616,0.946176
2617,0.906240
2618,0.911360
2619,0.796672
2620,0.607232
2621,0.530432
2622,0.327680
2623,0.251904
2624,0.245760
2625,0.232448
2626,0.260096
2627,0.257024
2628,0.249856
2629,0.234496
2630,0.214016
2631,0.207872
2632,0.228352
2633,0.879616
2634,0.912384
2635,0.940032
2636,0.908288
2637,0.949248
2638,0.930816
2639,0.924672
2640,0.921600
2641,0.913408
2642,0.898048
2643,0.897024
2644,0.892928
2645,0.914432
2646,0.947200
2647,0.939008
2648,0.929792
2649,0.937984
2650,0.917504
2651,0.905216
2652,0.901120
2653,0.905216
2654,0.913408
2655,0.923648
2656,0.884736
2657,0.923648
2658,0.928768
2659,0.931840
2660,0.930816
2661,0.911360
2662,0.888832
2663,0.885760
2664,0.894976
2665,0.920576
2666,0.920576
2667,0.913408
2668,0.950272
2669,0.917504
2670,0.877568
2671,0.909312
2672,0.838656
2673,0.901120
2674,0.877568
2675,0.870400
2676,0.904192
2677,0.921600
2678,0.877568
2679,0.922624
2680,0.897024
2681,0.923648
2682,0.941056
2683,0.897024
2684,0.848896
2685,0.963584
2686,0.947200
2687,0.952320
2688,0.959488
2689,0.916480
2690,0.914432
2691,0.869376
2692,0.903168
2693,0.910336
2694,0.911360
2695,0.949248
2696,0.881664
2697,0.873472
2698,0.622592
2699,0.817152
2700,0.868352
2701,0.946176
2702,0.936960
2703,0.883712
2704,0.930816
2705,0.854016
2706,0.934912
2707,0.912384
2708,0.912384
2709,0.904192
2710,0.886784
2711,0.901120
2712,0.913408
2713,0.899072
2714,0.901120
2715,0.924672
2716,0.887808
2717,0.888832
2718,0.921600
2719,0.889856
2720,0.912384
2721,0.948224
2722,0.899072
2723,0.878592
2724,0.927744
2725,0.898048
2726,0.848896
2727,0.860160
2728,0.890880
2729,0.918528
2730,0.844800
2731,0.904192
2732,0.871424
2733,0.916480
2734,0.925696
2735,0.876544
2736,0.919552
2737,0.946176
2738,0.911360
2739,0.908288
2740,0.913408
2741,0.946176
2742,0.908288
2743,0.897024
2744,0.914432
2745,0.948224
2746,0.925696
2747,0.883712
2748,0.953344
2749,0.912384
2750,1.056768
2751,0.796672
2752,0.957440
2753,0.920576
2754,0.961536
2755,0.948224
2756,0.929792
2757,0.984064
2758,0.921600
2759,0.880640
2760,0.916480
2761,0.951296
2762,0.911360
2763,0.675840
2764,0.883712
2765,0.901120
2766,0.911360
2767,0.918528
2768,0.914432
2769,0.943104
2770,0.928768
2771,0.928768
2772,0.945152
2773,0.950272
2774,0.950272
2775,0.929792
2776,0.892928
2777,0.877568
2778,0.934912
2779,0.884736
2780,0.918528
2781,0.887808
2782,0.898048
2783,0.841728
2784,0.865280
2785,0.878592
2786,0.833536
2787,0.921600
2788,0.886784
2789,0.973824
2790,0.880640
2791,0.944128
2792,0.928768
2793,0.914432
2794,0.882688
2795,0.898048
2796,0.902144
2797,0.918528
2798,0.871424
2799,0.922624
2800,0.907264
2801,0.899072
2802,0.876544
2803,0.877568
2804,0.913408
2805,0.937984
2806,0.922624
2807,0.912384
2808,0.921600
2809,0.911360
2810,0.912384
2811,0.964608
2812,0.855040
2813,0.903168
2814,1.071104
2815,0.654336
2816,0.975872
2817,0.923648
2818,0.890880
2819,0.907264
2820,0.910336
2821,0.892928
2822,0.859136
2823,0.875520
2824,0.790528
2825,0.961536
2826,0.927744
2827,0.910336
2828,0.819200
2829,0.563200
2830,0.816128
2831,0.908288
2832,0.930816
2833,0.869376
2834,0.914432
2835,0.934912
2836,0.917504
2837,0.942080
2838,0.917504
2839,0.936960
2840,0.900096
2841,0.904192
2842,0.868352
2843,0.917504
2844,0.913408
2845,0.936960
2846,0.907264
2847,0.949248
2848,0.892928
2849,0.924672
2850,0.929792
2851,0.884736
2852,0.929792
2853,0.892928
2854,0.901120
2855,0.882688
2856,0.873472
2857,0.877568
2858,0.881664
2859,0.827392
2860,0.907264
2861,0.848896
2862,0.927744
2863,0.935936
2864,0.955392
2865,0.933888
2866,0.886784
2867,0.964608
2868,0.918528
2869,0.934912
2870,0.930816
2871,0.929792
2872,0.935936
2873,0.910336
2874,0.947200
2875,0.957440
2876,0.935936
2877,0.934912
2878,0.922624
2879,0.949248
2880,0.925696
2881,0.937984
2882,0.886784
2883,0.937984
2884,0.839680
2885,0.888832
2886,0.922624
2887,0.923648
2888,0.935936
2889,0.893952
2890,0.973824
2891,0.884736
2892,0.945152
2893,0.885760
2894,0.800768
2895,0.946176
2896,0.893952
2897,0.913408
2898,0.945152
2899,0.931840
2900,0.860160
2901,0.926720
2902,0.940032
2903,0.923648
2904,0.935936
2905,0.909312
2906,0.910336
2907,0.877568
2908,0.910336
2909,0.912384
2910,0.902144
2911,0.882688
2912,0.914432
2913,0.899072
2914,0.925696
2915,0.879616
2916,0.945152
2917,0.877568
2918,0.977920
2919,0.896000
2920,0.946176
2921,0.890880
2922,0.865280
2923,0.917504
2924,0.912384
2925,0.941056
2926,0.905216
2927,0.987136
2928,0.898048
2929,0.898048
2930,0.932864
2931,0.906240
2932,0.865280
2933,0.918528
2934,0.896000
2935,0.986112
2936,0.920576
2937,0.921600
2938,0.917504
2939,0.958464
2940,0.931840
2941,0.907264
2942,0.916480
2943,0.925696
2944,0.936960
2945,0.955392
2946,0.932864
2947,0.954368
2948,0.948224
2949,0.927744
2950,0.912384
2951,0.941056
2952,0.920576
2953,0.911360
2954,0.971776
2955,0.916480
2956,0.911360
2957,0.960512
2958,0.681984
2959,0.922624
2960,0.945152
2961,0.908288
2962,0.931840
2963,0.960512
2964,0.925696
2965,0.926720
2966,0.925696
2967,0.914432
2968,0.899072
2969,0.917504
2970,0.950272
2971,0.921600
2972,0.921600
2973,0.935936
2974,0.874496
2975,0.873472
2976,0.866304
2977,0.848896
2978,0.911360
2979,0.964608
2980,0.916480
2981,0.953344
2982,0.924672
2983,0.911360
2984,0.930816
2985,0.933888
2986,0.896000
2987,0.913408
2988,0.860160
2989,0.935936
2990,0.897024
2991,0.861184
2992,0.863232
2993,0.906240
2994,0.846848
2995,0.943104
2996,0.880640
2997,0.950272
2998,0.918528
2999,0.965632
3000,0.914432
3001,0.919552
3002,0.944128
3003,0.977920
3004,0.915456
3005,0.880640
3006,0.880640
3007,0.900096
3008,0.845824
3009,0.940032
3010,0.893952
3011,0.930816
3012,0.964608
3013,0.878592
3014,0.953344
3015,0.861184
3016,0.954368
3017,0.888832
3018,0.863232
3019,0.867328
3020,0.885760
3021,0.833536
3022,0.899072
3023,0.771072
3024,0.766976
3025,0.836608
3026,0.903168
3027,0.892928
3028,0.879616
3029,0.896000
3030,0.878592
3031,0.907264
3032,0.950272
3033,0.955392
3034,0.890880
3035,0.840704
3036,0.936960
3037,0.901120
3038,0.900096
3039,0.911360
3040,0.904192
3041,0.827392
3042,0.846848
3043,0.899072
3044,0.913408
3045,0.907264
3046,0.916480
3047,0.804864
3048,0.552960
3049,0.929792
3050,0.879616
3051,0.924672
3052,0.977920
3053,0.904192
3054,0.904192
3055,0.944128
3056,0.878592
3057,0.886784
3058,0.890880
3059,0.935936
3060,0.909312
3061,0.916480
3062,0.881664
3063,0.944128
3064,0.882688
3065,0.889856
3066,0.927744
3067,0.889856
3068,0.953344
3069,0.907264
3070,0.929792
3071,0.932864
3072,0.923648
3073,0.923648
3074,0.866304
3075,0.917504
3076,0.944128
3077,0.978944
3078,0.891904
3079,0.913408
3080,0.944128
3081,0.919552
3082,0.942080
3083,0.902144
3084,0.914432
3085,0.935936
3086,0.947200
3087,0.874496
3088,0.920576
3089,0.834560
3090,0.653312
3091,0.805888
3092,0.914432
3093,0.909312
3094,0.908288
3095,0.905216
3096,0.883712
3097,0.877568
3098,0.922624
3099,0.885760
3100,0.900096
3101,0.931840
3102,0.897024
3103,0.906240
3104,0.892928
3105,0.884736
3106,0.925696
3107,0.943104
3108,0.917504
3109,0.888832
3110,0.879616
3111,0.885760
3112,0.877568
3113,0.870400
3114,0.831488
3115,0.873472
3116,0.837632
3117,0.841728
3118,0.878592
3119,0.900096
3120,0.951296
3121,0.886784
3122,0.932864
3123,0.880640
3124,0.941056
3125,0.908288
3126,0.951296
3127,0.892928
3128,0.857088
3129,0.893952
3130,0.937984
3131,0.874496
3132,0.959488
3133,0.900096
3134,0.893952
3135,0.964608
3136,0.875520
3137,0.891904
3138,0.891904
3139,0.943104
3140,0.868352
3141,0.918528
3142,0.955392
3143,0.931840
3144,0.901120
3145,0.977920
3146,0.880640
3147,0.934912
3148,0.963584
3149,0.877568
3150,0.680960
3151,0.892928
3152,0.962560
3153,0.906240
3154,0.894976
3155,0.877568
3156,0.614400
3157,0.460800
3158,0.403456
3159,0.313344
3160,0.302080
3161,0.236544
3162,0.223232
3163,0.223232
3164,0.221184
3165,0.189440
3166,0.801792
3167,0.931840
3168,0.919552
3169,0.917504
3170,0.870400
3171,0.925696
3172,0.957440
3173,0.896000
3174,0.883712
3175,0.946176
3176,0.904192
3177,0.924672
3178,0.942080
3179,0.928768
3180,0.927744
3181,0.916480
3182,0.934912
3183,0.923648
3184,0.931840
3185,0.947200
3186,0.850944
3187,0.920576
3188,0.883712
3189,0.922624
3190,0.852992
3191,0.897024
3192,0.851968
3193,0.836608
3194,0.915456
3195,0.876544
3196,0.880640
3197,0.955392
3198,0.902144
3199,0.955392
3200,0.944128
3201,0.886784
3202,0.900096
3203,0.922624
3204,0.897024
3205,0.896000
3206,0.927744
3207,0.958464
3208,0.941056
3209,0.929792
3210,0.936960
3211,0.865280
3212,0.905216
3213,0.946176
3214,0.936960
3215,0.914432
3216,0.910336
3217,0.944128
3218,0.883712
3219,0.918528
3220,0.937984
3221,0.882688
3222,0.903168
3223,0.927744
3224,0.926720
3225,0.934912
3226,0.987136
3227,0.915456
3228,0.968704
3229,0.820224
3230,0.827392
3231,0.561152
3232,0.477184
3233,0.400384
3234,0.339968
3235,0.321536
3236,0.355328
3237,0.325632
3238,0.893952
3239,0.928768
3240,0.856064
3241,0.893952
3242,0.887808
3243,0.932864
3244,0.882688
3245,0.912384
3246,0.892928
3247,0.919552
3248,0.928768
3249,0.924672
3250,0.960512
3251,0.909312
3252,0.885760
3253,0.935936
3254,0.892928
3255,0.923648
3256,0.880640
3257,0.928768
3258,0.874496
3259,0.876544
3260,0.820224
3261,0.894976
3262,0.899072
3263,0.922624
3264,0.838656
3265,0.886784
3266,0.906240
3267,0.902144
3268,0.972800
3269,0.877568
3270,0.945152
3271,0.867328
3272,0.957440
3273,0.907264
3274,0.880640
3275,0.878592
3276,0.859136
3277,0.913408
3278,0.888832
3279,0.861184
3280,0.894976
3281,0.931840
3282,0.921600
3283,0.910336
3284,0.877568
3285,0.893952
3286,0.948224
3287,0.941056
3288,0.891904
3289,0.907264
3290,0.922624
3291,0.879616
3292,0.823296
3293,0.907264
3294,0.904192
3295,0.885760
3296,0.941056
3297,0.916480
3298,0.904192
3299,0.909312
3300,0.940032
3301,0.917504
3302,0.865280
3303,0.752640
3304,0.468992
3305,0.295936
3306,0.291840
3307,0.256000
3308,0.271360
3309,0.259072
3310,0.285696
3311,0.236544
3312,0.187392
3313,0.191488
3314,0.182272
3315,0.186368
3316,0.850944
3317,0.900096
3318,1.159168
3319,0.903168
3320,0.918528
3321,0.864256
3322,0.920576
3323,0.729088
3324,0.934912
3325,0.935936
3326,0.894976
3327,0.894976
3328,0.904192
3329,0.892928
3330,0.907264
3331,0.916480
3332,0.851968
3333,0.897024
3334,0.876544
3335,0.929792
3336,0.841728
3337,0.907264
3338,0.932864
3339,0.905216
3340,0.882688
3341,0.943104
3342,0.896000
3343,0.898048
3344,0.890880
3345,0.915456
3346,0.929792
3347,0.827392
3348,0.909312
3349,0.891904
3350,0.897024
3351,0.911360
3352,0.913408
3353,0.935936
3354,0.944128
3355,0.912384
3356,0.867328
3357,0.927744
3358,0.953344
3359,0.905216
3360,0.847872
3361,0.865280
3362,0.839680
3363,0.791552
3364,0.919552
3365,0.921600
3366,0.922624
3367,0.920576
3368,0.908288
3369,0.881664
3370,0.919552
3371,0.907264
3372,0.880640
3373,0.931840
3374,0.897024
3375,0.945152
3376,0.923648
3377,0.896000
3378,0.929792
3379,0.887808
3380,0.948224
3381,0.769024
3382,0.795648
3383,0.917504
3384,0.899072
3385,0.870400
3386,0.954368
3387,0.925696
3388,0.910336
3389,0.858112
3390,0.875520
3391,0.846848
3392,0.856064
3393,0.896000
3394,0.847872
3395,0.874496
3396,0.857088
3397,0.892928
3398,0.935936
3399,0.881664
3400,0.923648
3401,0.930816
3402,0.903168
3403,0.934912
3404,0.948224
3405,0.921600
3406,0.928768
3407,0.879616
3408,0.994304
3409,0.901120
3410,0.871424
3411,0.879616
3412,0.896000
3413,0.899072
3414,0.835584
3415,0.873472
3416,0.930816
3417,0.906240
3418,0.925696
3419,0.960512
3420,0.908288
3421,0.855040
3422,0.884736
3423,0.946176
3424,0.896000
3425,0.898048
3426,0.896000
3427,0.929792
3428,0.889856
3429,0.884736
3430,0.897024
3431,0.935936
3432,0.951296
3433,0.910336
3434,0.940032
3435,0.960512
3436,0.887808
3437,0.893952
3438,1.134592
3439,0.914432
3440,0.598016
3441,0.921600
3442,0.892928
3443,0.899072
3444,0.880640
3445,0.869376
3446,0.886784
3447,0.772096
3448,0.626688
3449,0.533504
3450,0.415744
3451,0.755712
3452,0.892928
3453,0.961536
3454,0.905216
3455,0.926720
3456,0.931840
3457,0.939008
3458,0.910336
3459,0.909312
3460,0.920576
3461,0.933888
3462,0.874496
3463,0.934912
3464,0.917504
3465,0.955392
3466,0.916480
3467,0.934912
3468,0.904192
3469,0.922624
3470,0.957440
3471,0.876544
3472,0.912384
3473,0.931840
3474,0.901120
3475,0.873472
3476,0.917504
3477,0.864256
3478,0.908288
3479,0.899072
3480,0.890880
3481,0.832512
3482,0.858112
3483,0.907264
3484,0.879616
3485,0.840704
3486,0.920576
3487,0.883712
3488,0.890880
3489,0.875520
3490,0.872448
3491,0.909312
3492,0.893952
3493,0.924672
3494,0.882688
3495,0.900096
3496,0.915456
3497,0.933888
3498,0.923648
3499,0.896000
3500,0.931840
3501,0.872448
3502,0.919552
3503,0.885760
3504,0.866304
3505,0.890880
3506,0.900096
3507,0.882688
3508,0.935936
3509,1.006592
3510,0.860160
3511,0.834560
3512,0.960512
3513,0.935936
3514,0.918528
3515,0.930816
3516,0.896000
3517,0.585728
3518,0.917504
3519,0.920576
3520,0.857088
3521,0.957440
3522,0.911360
3523,0.921600
3524,0.899072
3525,0.969728
3526,0.943104
3527,0.858112
3528,0.897024
3529,0.950272
3530,0.957440
3531,0.912384
3532,0.887808
3533,0.903168
3534,0.911360
3535,0.874496
3536,0.882688
3537,0.930816
3538,0.908288
3539,0.884736
3540,0.922624
3541,0.883712
3542,0.899072
3543,0.865280
3544,0.904192
3545,0.887808
3546,0.876544
3547,0.907264
3548,0.867328
3549,0.899072
3550,0.923648
3551,0.882688
3552,0.896000
3553,0.905216
3554,0.930816
3555,0.910336
3556,0.927744
3557,0.898048
3558,0.946176
3559,0.881664
3560,0.901120
3561,0.925696
3562,0.900096
3563,0.890880
3564,0.889856
3565,0.962560
3566,0.875520
3567,0.912384
3568,0.889856
3569,0.935936
3570,0.920576
3571,0.894976
3572,0.897024
3573,0.939008
3574,0.870400
3575,0.876544
3576,0.908288
3577,0.927744
3578,0.910336
3579,0.929792
3580,0.900096
3581,0.918528
3582,0.768000
3583,0.796672
3584,0.935936
3585,0.753664
3586,0.945152
3587,0.871424
3588,0.934912
3589,0.908288
3590,0.914432
3591,0.919552
3592,0.916480
3593,0.877568
3594,0.908288
3595,0.937984
3596,0.872448
3597,0.908288
3598,0.921600
3599,0.914432
3600,0.907264
3601,0.935936
3602,0.937984
3603,0.889856
3604,0.889856
3605,0.919552
3606,0.924672
3607,0.900096
3608,0.932864
3609,0.889856
3610,0.906240
3611,0.880640
3612,0.928768
3613,0.916480
3614,0.923648
3615,0.919552
3616,0.909312
3617,0.935936
3618,0.927744
3619,0.906240
3620,0.922624
3621,0.926720
3622,0.872448
3623,0.868352
3624,0.862208
3625,0.896000
3626,0.919552
3627,0.858112
3628,0.922624
3629,0.918528
3630,0.911360
3631,0.860160
3632,0.965632
3633,0.893952
3634,0.914432
3635,0.871424
3636,0.886784
3637,0.932864
3638,0.905216
3639,0.936960
3640,0.940032
3641,0.893952
3642,0.871424
3643,0.920576
3644,0.907264
3645,0.932864
3646,0.944128
3647,0.626688
3648,0.881664
3649,0.448512
3650,0.979968
3651,0.944128
3652,0.884736
3653,0.946176
3654,0.873472
3655,0.929792
3656,0.947200
3657,0.918528
3658,0.882688
3659,0.898048
3660,0.896000
3661,0.921600
3662,0.947200
3663,0.910336
3664,0.898048
3665,0.919552
3666,0.936960
3667,0.935936
3668,0.931840
3669,0.862208
3670,0.944128
3671,0.891904
3672,0.906240
3673,0.947200
3674,0.912384
3675,0.896000
3676,0.914432
3677,0.824320
3678,0.866304
3679,0.865280
3680,0.881664
3681,0.892928
3682,0.909312
3683,0.878592
3684,0.922624
3685,0.900096
3686,0.894976
3687,0.891904
3688,0.922624
3689,0.910336
3690,0.906240
3691,0.916480
3692,0.902144
3693,0.861184
3694,0.914432
3695,0.929792
3696,0.928768
3697,0.910336
3698,0.875520
3699,0.907264
3700,0.927744
3701,0.929792
3702,0.913408
3703,0.905216
3704,0.911360
3705,0.888832
3706,0.911360
3707,0.843776
3708,0.876544
3709,0.898048
3710,0.879616
3711,0.850944
3712,0.784384
3713,0.712704
3714,0.645120
3715,0.405504
3716,0.315392
3717,0.261120
3718,0.242688
3719,0.247808
3720,0.258048
3721,0.248832
3722,0.262144
3723,0.948224
3724,0.906240
3725,0.899072
3726,0.891904
3727,0.968704
3728,0.914432
3729,0.908288
3730,0.874496
3731,0.963584
3732,0.921600
3733,0.979968
3734,0.883712
3735,0.923648
3736,0.912384
3737,0.972800
3738,0.875520
3739,0.930816
3740,0.906240
3741,0.918528
3742,0.891904
3743,0.930816
3744,0.933888
3745,0.950272
3746,0.913408
3747,0.901120
3748,0.919552
3749,0.896000
3750,0.892928
3751,0.894976
3752,0.898048
3753,0.879616
3754,0.855040
3755,0.899072
3756,0.867328
3757,0.941056
3758,0.898048
3759,0.882688
3760,0.932864
3761,0.931840
3762,0.928768
3763,0.908288
3764,0.918528
3765,0.912384
3766,0.924672
3767,0.914432
3768,0.927744
3769,0.911360
3770,0.901120
3771,0.915456
3772,0.844800
3773,0.966656
3774,0.929792
3775,0.875520
3776,0.881664
3777,0.919552
3778,0.882688
3779,0.900096
3780,0.953344
3781,0.887808
3782,0.949248
3783,0.939008
3784,0.934912
3785,0.967680
3786,0.527360
3787,0.851968
3788,0.816128
3789,0.832512
3790,0.869376
3791,0.884736
3792,0.854016
3793,0.908288
3794,0.903168
3795,0.966656
3796,0.942080
3797,0.884736
3798,0.906240
3799,0.874496
3800,0.929792
3801,0.931840
3802,0.937984
3803,0.894976
3804,0.920576
3805,0.868352
3806,0.969728
3807,0.857088
3808,0.859136
3809,0.888832
3810,0.902144
3811,0.883712
3812,0.904192
3813,0.999424
3814,0.904192
3815,0.914432
3816,0.911360
3817,0.902144
3818,0.894976
3819,0.912384
3820,0.871424
3821,0.929792
3822,0.935936
3823,0.901120
3824,0.934912
3825,0.890880
3826,0.903168
3827,0.901120
3828,0.911360
3829,0.914432
3830,0.910336
3831,0.918528
3832,0.919552
3833,0.907264
3834,0.860160
3835,0.886784
3836,0.777216
3837,0.847872
3838,0.901120
3839,0.911360
3840,0.922624
3841,0.898048
3842,0.906240
3843,0.945152
3844,0.940032
3845,0.908288
3846,0.923648
3847,0.940032
3848,0.935936
3849,0.932864
3850,0.881664
3851,0.755712
3852,0.790528
3853,0.914432
3854,0.874496
3855,0.929792
3856,0.933888
3857,0.898048
3858,0.886784
3859,0.939008
3860,0.939008
3861,0.921600
3862,0.935936
3863,0.935936
3864,0.880640
3865,0.932864
3866,0.927744
3867,0.967680
3868,0.880640
3869,0.896000
3870,0.913408
3871,0.926720
3872,0.912384
3873,0.928768
3874,0.926720
3875,0.933888
3876,0.930816
3877,0.904192
3878,0.909312
3879,0.910336
3880,0.909312
3881,0.935936
3882,0.894976
3883,0.809984
3884,0.852992
3885,0.878592
3886,0.898048
3887,0.908288
3888,0.937984
3889,0.902144
3890,0.927744
3891,0.876544
3892,0.894976
3893,0.909312
3894,0.890880
3895,0.939008
3896,0.902144
3897,0.876544
3898,0.924672
3899,0.941056
3900,0.930816
3901,0.918528
3902,0.920576
3903,0.904192
3904,0.904192
3905,0.916480
3906,0.942080
3907,0.942080
3908,0.926720
3909,0.888832
3910,0.971776
3911,0.906240
3912,0.944128
3913,0.888832
3914,0.965632
3915,0.902144
3916,0.791552
3917,0.604160
3918,0.538624
3919,0.386048
3920,0.392192
3921,0.279552
3922,0.257024
3923,0.243712
3924,0.265216
3925,0.198656
3926,0.197632
3927,0.196608
3928,0.191488
3929,0.159744
3930,0.149504
3931,0.149504
3932,0.151552
3933,0.151552
3934,0.148480
3935,0.948224
3936,0.869376
3937,0.892928
3938,0.929792
3939,0.890880
3940,0.941056
3941,0.930816
3942,0.913408
3943,0.968704
3944,0.925696
3945,0.937984
3946,0.953344
3947,0.933888
3948,0.878592
3949,0.979968
3950,0.920576
3951,0.951296
3952,0.893952
3953,0.905216
3954,0.905216
3955,0.951296
3956,0.913408
3957,0.916480
3958,0.934912
3959,0.947200
3960,0.907264
3961,0.905216
3962,0.910336
3963,0.922624
3964,0.946176
3965,0.908288
3966,0.942080
3967,0.900096
3968,0.980992
3969,0.956416
3970,0.941056
3971,0.901120
3972,0.918528
3973,0.903168
3974,0.854016
3975,1.008640
3976,0.932864
3977,0.910336
3978,0.875520
3979,0.926720
3980,0.887808
3981,0.913408
3982,0.972800
3983,0.924672
3984,0.919552
3985,0.912384
3986,0.907264
3987,0.927744
3988,0.898048
3989,0.920576
3990,0.897024
3991,0.888832
3992,0.927744
3993,0.897024
3994,0.963584
3995,0.952320
3996,0.947200
3997,0.909312
3998,0.902144
3999,0.646144
4000,0.734208
4001,0.913408
4002,0.928768
4003,0.896000
4004,0.899072
4005,0.909312
4006,0.913408
4007,0.964608
4008,0.915456
4009,0.907264
4010,0.924672
4011,0.896000
4012,0.935936
4013,0.913408
4014,0.886784
4015,0.919552
4016,0.885760
4017,0.945152
4018,0.885760
4019,0.932864
4020,0.916480
4021,0.920576
4022,0.920576
4023,0.967680
4024,0.925696
4025,0.933888
4026,0.920576
4027,0.918528
4028,0.949248
4029,0.905216
4030,0.912384
4031,0.932864
4032,0.948224
4033,0.887808
4034,0.890880
4035,0.881664
4036,0.931840
4037,0.899072
4038,0.824320
4039,0.825344
4040,0.864256
4041,0.923648
4042,0.924672
4043,0.941056
4044,0.879616
4045,0.959488
4046,0.936960
4047,0.944128
4048,0.907264
4049,0.917504
4050,0.956416
4051,0.949248
4052,0.937984
4053,0.915456
4054,0.935936
4055,0.953344
4056,0.928768
4057,0.908288
4058,0.900096
4059,0.927744
4060,0.919552
4061,0.944128
4062,0.949248
4063,0.893952
4064,0.675840
4065,0.918528
4066,0.906240
4067,0.911360
4068,0.896000
4069,0.949248
4070,0.928768
4071,0.890880
4072,0.922624
4073,0.856064
4074,0.826368
4075,0.822272
4076,0.879616
4077,0.896000
4078,0.870400
4079,0.962560
4080,0.912384
4081,0.930816
4082,0.884736
4083,0.921600
4084,0.909312
4085,0.925696
4086,0.935936
4087,0.912384
4088,0.903168
4089,0.863232
4090,0.906240
4091,0.918528
4092,0.984064
4093,0.919552
4094,0.897024
4095,0.908288
4096,0.948224
4097,0.906240
4098,0.907264
4099,0.923648
4100,0.868352
4101,0.883712
4102,0.930816
4103,0.913408
4104,0.922624
4105,0.982016
4106,0.911360
4107,0.922624
4108,0.923648
4109,0.915456
4110,0.917504
4111,0.960512
4112,0.910336
4113,0.948224
4114,0.911360
4115,0.914432
4116,0.939008
4117,0.929792
4118,0.935936
4119,0.946176
4120,0.919552
4121,0.906240
4122,0.918528
4123,0.928768
4124,0.923648
4125,0.947200
4126,0.905216
4127,0.950272
4128,0.851968
4129,0.866304
4130,1.094656
4131,1.041408
4132,0.769024
4133,0.909312
4134,0.917504
4135,0.894976
4136,0.908288
4137,0.909312
4138,0.920576
4139,0.869376
4140,0.912384
4141,0.911360
4142,0.919552
4143,0.857088
4144,0.916480
4145,0.874496
4146,0.865280
4147,0.893952
4148,0.880640
4149,0.913408
4150,0.891904
4151,0.921600
4152,0.930816
4153,0.894976
4154,0.885760
4155,0.919552
4156,0.919552
4157,0.877568
4158,0.877568
4159,0.910336
4160,0.919552
4161,0.949248
4162,0.902144
4163,0.912384
4164,0.975872
4165,0.855040
4166,0.919552
4167,0.840704
4168,0.947200
4169,0.979968
4170,0.936960
4171,0.917504
4172,0.947200
4173,0.956416
4174,0.901120
4175,0.958464
4176,0.948224
4177,0.907264
4178,0.943104
4179,0.884736
4180,0.910336
4181,0.917504
4182,0.975872
4183,0.936960
4184,0.920576
4185,0.937984
4186,0.931840
4187,0.896000
4188,0.932864
4189,0.896000
4190,0.937984
4191,0.859136
4192,0.849920
4193,0.685056
4194,0.833536
4195,0.926720
4196,0.899072
4197,0.901120
4198,0.885760
4199,0.876544
4200,0.937984
4201,0.878592
4202,0.973824
4203,0.921600
4204,0.877568
4205,0.931840
4206,0.904192
4207,0.873472
4208,0.914432
4209,0.871424
4210,0.898048
4211,0.999424
4212,0.874496
4213,0.915456
4214,0.883712
4215,0.942080
4216,0.910336
4217,0.940032
4218,0.899072
4219,0.862208
4220,0.912384
4221,0.907264
4222,0.916480
4223,0.896000
4224,0.928768
4225,0.911360
4226,0.883712
4227,0.910336
4228,0.929792
4229,0.921600
4230,0.961536
4231,0.928768
4232,0.942080
4233,0.916480
4234,0.916480
4235,0.930816
4236,0.878592
4237,0.899072
4238,0.886784
4239,0.959488
4240,0.906240
4241,0.890880
4242,0.864256
4243,0.827392
4244,0.912384
4245,0.926720
4246,0.924672
4247,0.914432
4248,0.915456
4249,0.954368
4250,0.900096
4251,0.956416
4252,0.898048
4253,0.957440
4254,0.903168
4255,0.863232
4256,0.952320
4257,0.857088
4258,0.702464
4259,0.908288
4260,0.907264
4261,0.927744
4262,0.896000
4263,0.915456
4264,0.927744
4265,0.977920
4266,0.865280
4267,0.883712
4268,0.881664
4269,0.906240
4270,0.894976
4271,0.809984
4272,0.858112
4273,0.891904
4274,0.892928
4275,0.892928
4276,0.918528
4277,0.907264
4278,0.947200
4279,0.897024
4280,0.928768
4281,0.930816
4282,0.861184
4283,0.880640
4284,0.869376
4285,0.845824
4286,0.891904
4287,0.917504
4288,0.863232
4289,0.920576
4290,0.912384
4291,0.905216
4292,0.924672
4293,0.929792
4294,0.858112
4295,0.880640
4296,0.940032
4297,0.873472
4298,0.894976
4299,0.964608
4300,0.872448
4301,0.950272
4302,0.919552
4303,0.905216
4304,0.914432
4305,0.894976
4306,0.922624
4307,0.849920
4308,0.879616
4309,0.940032
4310,0.877568
4311,0.914432
4312,0.922624
4313,0.985088
4314,0.931840
4315,0.907264
4316,0.956416
4317,0.907264
4318,0.898048
4319,0.952320
4320,0.911360
4321,0.893952
4322,0.930816
4323,0.925696
4324,0.892928
4325,0.936960
4326,0.891904
4327,0.822272
4328,0.948224
4329,0.906240
4330,0.858112
4331,0.932864
4332,0.941056
4333,0.908288
4334,0.914432
4335,0.908288
4336,0.929792
4337,0.879616
4338,0.862208
4339,0.917504
4340,0.928768
4341,0.940032
4342,0.887808
4343,0.972800
4344,0.928768
4345,0.868352
4346,0.940032
4347,0.896000
4348,0.879616
4349,0.891904
4350,0.932864
4351,0.932864
4352,0.943104
4353,0.957440
4354,0.898048
4355,0.906240
4356,0.880640
4357,0.900096
4358,0.925696
4359,0.933888
4360,0.889856
4361,0.904192
4362,0.900096
4363,0.877568
4364,0.907264
4365,0.807936
4366,0.817152
4367,0.910336
4368,0.904192
4369,0.958464
4370,0.905216
4371,0.864256
4372,0.905216
4373,1.005568
4374,0.906240
4375,0.898048
4376,0.947200
4377,0.952320
4378,0.872448
4379,0.919552
4380,0.929792
4381,0.882688
4382,0.899072
4383,0.932864
4384,0.922624
4385,0.911360
4386,0.834560
4387,0.728064
4388,0.621568
4389,0.483328
4390,0.809984
4391,0.907264
4392,0.956416
4393,0.899072
4394,0.899072
4395,0.908288
4396,0.910336
4397,0.932864
4398,0.900096
4399,0.897024
4400,0.937984
4401,0.890880
4402,0.904192
4403,0.936960
4404,0.875520
4405,0.965632
4406,0.941056
4407,0.878592
4408,0.910336
4409,0.951296
4410,0.910336
4411,0.902144
4412,0.913408
4413,0.914432
4414,0.912384
4415,0.933888
4416,0.894976
4417,0.876544
4418,0.871424
4419,0.851968
4420,0.848896
4421,0.862208
4422,0.912384
4423,0.939008
4424,0.907264
4425,0.909312
4426,0.905216
4427,0.917504
4428,0.903168
4429,0.899072
4430,1.057792
4431,0.858112
4432,0.966656
4433,0.919552
4434,0.955392
4435,0.913408
4436,0.952320
4437,0.931840
4438,0.904192
4439,0.899072
4440,0.894976
4441,0.928768
4442,0.924672
4443,0.929792
4444,0.930816
4445,0.940032
4446,0.884736
4447,0.876544
4448,0.912384
4449,0.941056
4450,0.908288
4451,0.945152
4452,0.936960
4453,0.905216
4454,0.721920
4455,0.891904
4456,0.919552
4457,0.932864
4458,0.954368
4459,0.908288
4460,0.904192
4461,0.894976
4462,0.890880
4463,0.886784
4464,0.875520
4465,0.835584
4466,0.836608
4467,0.912384
4468,0.950272
4469,0.900096
4470,0.939008
4471,0.906240
4472,0.956416
4473,0.910336
4474,0.909312
4475,0.922624
4476,0.898048
4477,0.911360
4478,0.848896
4479,0.916480
4480,0.869376
4481,0.894976
4482,0.942080
4483,0.882688
4484,0.905216
4485,0.906240
4486,0.921600
4487,0.903168
4488,0.908288
4489,0.894976
4490,0.934912
4491,0.903168
4492,0.901120
4493,0.942080
4494,0.918528
4495,0.941056
4496,0.924672
4497,0.911360
4498,0.933888
4499,0.997376
4500,0.897024
4501,0.883712
4502,0.899072
4503,0.879616
4504,0.875520
4505,0.904192
4506,0.874496
4507,0.866304
4508,0.925696
4509,0.882688
4510,0.934912
4511,0.903168
4512,0.968704
4513,0.874496
4514,0.923648
4515,0.854016
4516,0.985088
4517,0.918528
4518,0.854016
4519,0.865280
4520,0.738304
4521,0.866304
4522,0.931840
4523,0.877568
4524,0.913408
4525,0.937984
4526,0.924672
4527,0.901120
4528,0.916480
4529,0.899072
4530,0.917504
4531,0.881664
4532,0.852992
4533,0.922624
4534,0.922624
4535,0.904192
4536,0.870400
4537,0.930816
4538,0.921600
4539,0.963584
4540,0.903168
4541,0.908288
4542,0.928768
4543,0.927744
4544,0.898048
4545,0.902144
4546,0.913408
4547,0.949248
4548,0.945152
4549,0.913408
4550,0.986112
4551,0.878592
4552,0.946176
4553,0.920576
4554,0.843776
4555,0.948224
4556,0.896000
4557,0.911360
4558,0.908288
4559,1.087488
4560,0.866304
4561,0.913408
4562,0.924672
4563,0.920576
4564,0.944128
4565,0.907264
4566,0.897024
4567,0.933888
4568,0.907264
4569,0.928768
4570,0.893952
4571,0.888832
4572,0.899072
4573,0.915456
4574,0.948224
4575,0.943104
4576,0.977920
4577,0.897024
4578,0.909312
4579,0.936960
4580,0.934912
4581,0.948224
4582,0.915456
4583,0.915456
4584,0.851968
4585,0.662528
4586,0.815104
4587,0.875520
4588,0.965632
4589,0.941056
4590,0.908288
4591,0.890880
4592,0.935936
4593,0.879616
4594,0.964608
4595,0.877568
4596,0.889856
4597,0.933888
4598,0.916480
4599,0.930816
4600,0.880640
4601,0.939008
4602,0.934912
4603,0.875520
4604,0.854016
4605,0.877568
4606,0.858112
4607,0.829440
4608,0.921600
4609,0.873472
4610,0.902144
4611,0.937984
4612,0.866304
4613,0.876544
4614,0.919552
4615,0.902144
4616,0.916480
4617,0.903168
4618,0.844800
4619,0.877568
4620,0.900096
4621,0.851968
4622,0.910336
4623,0.909312
4624,0.907264
4625,1.058816
4626,0.760832
4627,0.978944
4628,0.898048
4629,0.925696
4630,0.957440
4631,0.944128
4632,0.910336
4633,0.956416
4634,0.884736
4635,0.924672
4636,0.942080
4637,0.916480
4638,0.913408
4639,0.947200
4640,0.900096
4641,0.945152
4642,0.911360
4643,0.901120
4644,0.899072
4645,0.858112
4646,0.908288
4647,0.849920
4648,0.936960
4649,0.862208
4650,0.774144
4651,0.875520
4652,0.958464
4653,0.920576
4654,0.844800
4655,0.892928
4656,0.870400
4657,0.905216
4658,0.892928
4659,0.907264
4660,0.923648
4661,0.919552
4662,0.923648
4663,0.923648
4664,0.915456
4665,0.904192
4666,0.885760
4667,0.901120
4668,0.871424
4669,0.901120
4670,0.914432
4671,0.913408
4672,0.882688
4673,0.961536
4674,0.906240
4675,0.877568
4676,0.890880
4677,0.932864
4678,0.890880
4679,0.892928
4680,0.894976
4681,0.843776
4682,0.784384
4683,0.922624
4684,0.871424
4685,0.886784
4686,0.957440
4687,0.890880
4688,0.890880
4689,0.873472
4690,0.945152
4691,0.935936
4692,0.950272
4693,0.887808
4694,0.874496
4695,0.863232
4696,0.910336
4697,0.926720
4698,0.923648
4699,0.848896
4700,0.901120
4701,0.888832
4702,0.943104
4703,0.875520
4704,0.923648
4705,0.936960
4706,0.932864
4707,0.923648
4708,0.964608
4709,0.949248
4710,0.865280
4711,0.953344
4712,0.910336
4713,0.920576
4714,0.922624
4715,0.944128
4716,0.772096
4717,0.906240
4718,0.909312
4719,0.936960
4720,0.982016
4721,0.923648
4722,0.918528
4723,0.907264
4724,0.927744
4725,0.936960
4726,0.940032
4727,0.793600
4728,0.931840
4729,0.886784
4730,0.924672
4731,0.886784
4732,0.863232
4733,0.820224
4734,0.906240
4735,0.805888
4736,0.950272
4737,0.890880
4738,0.858112
4739,0.882688
4740,0.928768
4741,0.890880
4742,0.877568
4743,0.894976
4744,0.894976
4745,0.913408
4746,0.913408
4747,0.915456
4748,0.922624
4749,0.893952
4750,0.922624
4751,0.933888
4752,0.902144
4753,0.974848
4754,0.919552
4755,0.922624
4756,0.908288
4757,0.927744
4758,0.882688
4759,0.908288
4760,0.883712
4761,0.886784
4762,0.844800
4763,0.871424
4764,0.892928
4765,0.882688
4766,0.908288
4767,0.914432
4768,0.892928
4769,0.910336
4770,0.914432
4771,0.973824
4772,0.908288
4773,0.880640
4774,0.929792
4775,0.946176
4776,0.955392
4777,0.926720
4778,0.864256
4779,0.916480
4780,0.770048
4781,0.621568
4782,0.402432
4783,0.372736
4784,0.333824
4785,0.332800
4786,0.889856
4787,0.984064
4788,0.880640
4789,0.936960
4790,0.871424
4791,0.886784
4792,0.961536
4793,0.904192
4794,0.898048
4795,0.890880
4796,0.860160
4797,0.864256
4798,0.921600
4799,0.877568
4800,0.899072
4801,0.902144
4802,0.906240
4803,0.875520
4804,0.944128
4805,0.825344
4806,0.802816
4807,0.900096
4808,0.943104
4809,0.904192
4810,0.912384
4811,0.926720
4812,0.873472
4813,0.948224
4814,0.922624
4815,0.864256
4816,0.903168
4817,0.869376
4818,0.905216
4819,0.929792
4820,0.952320
4821,0.931840
4822,0.924672
4823,0.887808
4824,0.898048
4825,0.911360
4826,0.962560
4827,0.910336
4828,0.924672
4829,0.868352
4830,0.869376
4831,0.957440
4832,0.913408
4833,0.901120
4834,0.905216
4835,0.885760
4836,0.935936
4837,0.859136
4838,0.904192
4839,0.945152
4840,0.913408
4841,0.923648
4842,0.882688
4843,0.928768
4844,0.925696
4845,0.892928
4846,0.883712
4847,0.892928
4848,0.870400
4849,0.869376
4850,0.921600
4851,0.713728
4852,0.923648
4853,0.922624
4854,0.903168
4855,0.943104
4856,0.916480
4857,0.915456
4858,0.854016
4859,0.909312
4860,0.846848
4861,0.861184
4862,0.897024
4863,0.910336
4864,0.881664
4865,0.892928
4866,0.883712
4867,0.961536
4868,0.885760
4869,0.885760
4870,0.878592
4871,0.967680
4872,0.854016
4873,0.778240
4874,0.836608
4875,0.943104
4876,0.836608
4877,0.928768
4878,0.957440
4879,0.840704
4880,0.909312
4881,0.912384
4882,0.929792
4883,0.967680
4884,0.888832
4885,0.943104
4886,0.834560
4887,0.899072
4888,0.909312
4889,0.880640
4890,0.972800
4891,0.883712
4892,0.901120
4893,0.941056
4894,0.901120
4895,0.899072
4896,0.912384
4897,0.885760
4898,0.922624
4899,0.882688
4900,0.858112
4901,0.834560
4902,0.894976
4903,0.889856
4904,0.877568
4905,0.905216
4906,0.898048
4907,0.974848
4908,0.879616
4909,0.931840
4910,0.942080
4911,0.883712
4912,0.888832
4913,0.903168
4914,0.976896
4915,0.908288
4916,0.842752
4917,0.447488
4918,0.433152
4919,0.382976
4920,0.397312
4921,0.343040
4922,0.357376
4923,0.251904
4924,0.954368
4925,0.941056
4926,0.912384
4927,0.927744
4928,0.890880
4929,0.917504
4930,0.921600
4931,0.890880
4932,0.949248
4933,0.935936
4934,0.886784
4935,0.937984
4936,0.928768
4937,0.941056
4938,0.906240
4939,0.874496
4940,0.975872
4941,0.970752
4942,0.902144
4943,0.928768
4944,0.896000
4945,0.941056
4946,0.892928
4947,0.877568
4948,0.956416
4949,0.872448
4950,0.902144
4951,0.890880
4952,0.869376
4953,0.925696
4954,0.912384
4955,0.860160
4956,0.925696
4957,0.889856
4958,0.927744
4959,0.980992
4960,0.920576
4961,0.911360
4962,0.881664
4963,0.930816
4964,0.904192
4965,0.854016
4966,0.908288
4967,0.941056
4968,0.924672
4969,0.913408
4970,0.904192
4971,0.908288
4972,0.907264
4973,0.947200
4974,0.901120
4975,0.891904
4976,0.948224
4977,0.928768
4978,0.906240
4979,0.829440
4980,0.859136
4981,0.899072
4982,0.920576
4983,0.903168
4984,0.964608
4985,0.910336
4986,0.902144
4987,0.827392
4988,0.692224
4989,0.633856
4990,0.412672
4991,0.333824
4992,0.275456
4993,0.229376
4994,0.225280
4995,0.228352
4996,0.812032
4997,0.924672
4998,0.943104
4999,0.941056
5000,0.917504
5001,0.905216
5002,0.936960
5003,0.907264
5004,0.909312
5005,0.880640
5006,0.947200
5007,0.903168
5008,0.907264
5009,0.964608
5010,0.984064
5011,0.919552
5012,0.905216
5013,0.953344
5014,0.913408
5015,0.900096
5016,0.901120
5017,0.890880
5018,0.955392
5019,0.876544
5020,0.863232
5021,0.877568
5022,0.909312
5023,0.891904
5024,0.903168
5025,0.912384
5026,0.903168
5027,0.922624
5028,0.884736
5029,0.916480
5030,0.920576
5031,0.916480
5032,0.935936
5033,0.936960
5034,0.968704
5035,0.951296
5036,0.957440
5037,0.909312
5038,0.908288
5039,0.904192
5040,0.940032
5041,0.960512
5042,0.904192
5043,0.915456
5044,0.925696
5045,0.919552
5046,0.902144
5047,0.897024
5048,0.873472
5049,0.814080
5050,0.848896
5051,0.911360
5052,0.905216
5053,0.910336
5054,0.934912
5055,0.906240
5056,0.923648
5057,0.900096
5058,0.893952
5059,0.970752
5060,0.820224
5061,0.736256
5062,0.912384
5063,0.930816
5064,0.925696
5065,0.923648
5066,0.934912
5067,0.932864
5068,0.966656
5069,0.921600
5070,0.929792
5071,0.930816
5072,0.935936
5073,0.916480
5074,0.916480
5075,0.923648
5076,0.929792
5077,0.950272
5078,0.892928
5079,0.917504
5080,0.951296
5081,0.892928
5082,1.103872
5083,0.861184
5084,1.083392
5085,0.656384
5086,0.912384
5087,0.900096
5088,0.879616
5089,0.877568
5090,0.878592
5091,0.888832
5092,0.866304
5093,0.890880
5094,0.820224
5095,1.010688
5096,0.857088
5097,0.936960
5098,0.890880
5099,0.902144
5100,0.913408
5101,0.930816
5102,0.920576
5103,0.886784
5104,0.937984
5105,0.866304
5106,0.909312
5107,0.899072
5108,0.902144
5109,0.948224
5110,0.905216
5111,0.939008
5112,0.918528
5113,0.935936
5114,0.924672
5115,0.962560
5116,0.918528
5117,0.903168
5118,0.953344
5119,0.946176
5120,0.956416
5121,0.899072
5122,0.907264
5123,0.931840
5124,0.871424
5125,0.835584
5126,0.744448
5127,0.892928
5128,0.912384
5129,0.906240
5130,0.968704
5131,0.963584
5132,0.896000
5133,0.892928
5134,0.901120
5135,0.949248
5136,0.931840
5137,0.943104
5138,0.894976
5139,0.919552
5140,0.933888
5141,0.920576
5142,0.922624
5143,0.933888
5144,0.923648
5145,0.949248
5146,0.913408
5147,0.882688
5148,0.886784
5149,0.933888
5150,0.921600
5151,0.899072
5152,0.904192
5153,0.925696
5154,0.892928
5155,0.928768
5156,0.884736
5157,0.872448
5158,0.864256
5159,1.024000
5160,0.896000
5161,0.886784
5162,0.791552
5163,0.847872
5164,0.847872
5165,0.880640
5166,0.929792
5167,0.908288
5168,0.921600
5169,0.919552
5170,0.914432
5171,0.843776
5172,0.931840
5173,0.892928
5174,0.941056
5175,0.937984
5176,0.941056
5177,0.903168
5178,0.917504
5179,0.932864
5180,0.918528
5181,0.899072
5182,0.964608
5183,0.911360
5184,0.901120
5185,0.927744
5186,0.876544
5187,0.847872
5188,0.890880
5189,0.954368
5190,0.715776
5191,0.628736
5192,0.446464
5193,0.354304
5194,0.269312
5195,0.299008
5196,0.250880
5197,0.251904
5198,0.251904
5199,0.236544
5200,0.187392
5201,0.179200
5202,0.176128
5203,0.187392
5204,0.183296
5205,0.876544
5206,0.905216
5207,0.889856
5208,0.856064
5209,0.855040
5210,0.903168
5211,0.912384
5212,0.878592
5213,0.911360
5214,0.891904
5215,0.916480
5216,0.892928
5217,0.844800
5218,0.918528
5219,0.885760
5220,0.911360
5221,0.963584
5222,0.817152
5223,1.041408
5224,0.873472
5225,0.913408
5226,0.923648
5227,0.939008
5228,0.899072
5229,0.864256
5230,0.911360
5231,0.912384
5232,0.932864
5233,0.858112
5234,0.811008
5235,0.862208
5236,0.878592
5237,0.907264
5238,0.934912
5239,0.879616
5240,0.915456
5241,0.896000
5242,0.920576
5243,0.917504
5244,0.942080
5245,0.923648
5246,0.950272
5247,0.897024
5248,0.929792
5249,0.975872
5250,0.949248
5251,0.923648
5252,0.918528
5253,0.873472
5254,0.926720
5255,0.988160
5256,0.921600
5257,0.890880
5258,0.900096
5259,0.944128
5260,0.933888
5261,0.910336
5262,0.928768
5263,0.899072
5264,0.946176
5265,0.884736
5266,0.897024
5267,0.878592
5268,0.913408
5269,0.782336
5270,0.815104
5271,0.951296
5272,0.918528
5273,0.904192
5274,0.876544
5275,0.910336
5276,0.930816
5277,0.877568
5278,0.856064
5279,0.945152
5280,0.912384
5281,0.868352
5282,0.903168
5283,0.937984
5284,0.881664
5285,0.915456
5286,0.912384
5287,0.879616
5288,0.886784
5289,0.913408
5290,0.928768
5291,0.889856
5292,0.906240
5293,0.857088
5294,0.855040
5295,0.817152
5296,0.875520
5297,0.939008
5298,0.907264
5299,0.870400
5300,0.881664
5301,0.913408
5302,0.936960
5303,0.899072
5304,0.907264
5305,0.897024
5306,0.926720
5307,0.842752
5308,0.891904
5309,0.934912
5310,0.948224
5311,0.908288
5312,0.951296
5313,0.929792
5314,0.885760
5315,0.907264
5316,0.903168
5317,0.965632
5318,0.918528
5319,0.926720
5320,0.907264
5321,0.918528
5322,0.909312
5323,0.941056
5324,0.894976
5325,0.929792
5326,0.915456
5327,0.902144
5328,0.907264
5329,0.801792
5330,0.856064
5331,0.915456
5332,0.923648
5333,0.918528
5334,0.925696
5335,0.788480
5336,0.307200
5337,0.202752
5338,0.204800
5339,0.215040
5340,0.207872
5341,0.203776
5342,0.208896
5343,0.216064
5344,0.207872
5345,0.192512
5346,0.181248
5347,0.177152
5348,0.179200
5349,0.178176
5350,0.183296
5351,0.173056
5352,0.178176
5353,0.175104
5354,0.178176
5355,0.173056
5356,0.824320
5357,0.935936
5358,0.888832
5359,0.872448
5360,0.824320
5361,0.954368
5362,0.885760
5363,0.861184
5364,0.912384
5365,0.869376
5366,0.969728
5367,0.930816
5368,0.863232
5369,0.928768
5370,0.928768
5371,0.909312
5372,0.911360
5373,0.936960
5374,0.942080
5375,0.927744
5376,0.879616
5377,0.858112
5378,0.885760
5379,0.900096
5380,0.839680
5381,0.845824
5382,0.878592
5383,0.864256
5384,0.872448
5385,0.950272
5386,1.029120
5387,0.915456
5388,0.925696
5389,0.955392
5390,0.934912
5391,0.885760
5392,0.910336
5393,0.916480
5394,0.877568
5395,0.880640
5396,0.919552
5397,0.877568
5398,0.933888
5399,0.899072
5400,0.920576
5401,0.920576
5402,0.940032
5403,0.870400
5404,0.891904
5405,0.837632
5406,0.819200
5407,0.876544
5408,0.928768
5409,0.874496
5410,0.947200
5411,0.918528
5412,0.873472
5413,0.959488
5414,0.911360
5415,0.945152
5416,0.943104
5417,0.898048
5418,0.964608
5419,0.945152
5420,0.841728
5421,0.626688
5422,0.544768
5423,0.418816
5424,0.379904
5425,0.844800
5426,0.864256
5427,0.901120
5428,0.909312
5429,0.870400
5430,0.910336
5431,0.878592
5432,0.879616
5433,0.896000
5434,0.898048
5435,0.914432
5436,0.903168
5437,0.933888
5438,0.944128
5439,0.923648
5440,0.960512
5441,0.949248
5442,0.913408
5443,0.912384
5444,0.904192
5445,0.929792
5446,0.894976
5447,0.897024
5448,0.982016
5449,0.875520
5450,0.934912
5451,0.913408
5452,0.891904
5453,0.871424
5454,0.872448
5455,0.875520
5456,0.864256
5457,0.890880
5458,0.845824
5459,0.910336
5460,0.906240
5461,0.880640
5462,0.949248
5463,0.924672
5464,0.957440
5465,0.924672
5466,0.940032
5467,0.925696
5468,0.948224
5469,0.911360
5470,0.921600
5471,0.900096
5472,0.921600
5473,0.948224
5474,0.944128
5475,0.920576
5476,0.926720
5477,0.912384
5478,0.911360
5479,0.913408
5480,1.026048
5481,0.830464
5482,0.900096
5483,0.918528
5484,0.904192
5485,0.941056
5486,0.898048
5487,0.911360
5488,0.905216
5489,0.663552
5490,0.641024
5491,0.590848
5492,0.254976
5493,0.229376
5494,0.242688
5495,0.248832
5496,0.240640
5497,0.244736
5498,0.196608
5499,0.189440
5500,0.189440
5501,0.182272
5502,0.184320
5503,0.923648
5504,0.929792
5505,0.914432
5506,0.919552
5507,0.943104
5508,0.923648
5509,0.924672
5510,0.903168
5511,0.922624
5512,0.904192
5513,0.913408
5514,0.907264
5515,0.935936
5516,0.967680
5517,0.923648
5518,0.879616
5519,0.932864
5520,0.924672
5521,0.913408
5522,0.882688
5523,0.942080
5524,0.939008
5525,0.923648
5526,0.861184
5527,0.911360
5528,0.898048
5529,0.928768
5530,0.909312
5531,0.868352
5532,0.883712
5533,0.977920
5534,0.922624
5535,0.888832
5536,0.926720
5537,0.914432
5538,0.929792
5539,0.926720
5540,0.893952
5541,0.906240
5542,0.901120
5543,0.934912
5544,0.917504
5545,0.945152
5546,0.947200
5547,0.925696
5548,0.917504
5549,0.972800
5550,0.944128
5551,0.900096
5552,0.910336
5553,0.883712
5554,0.930816
5555,0.953344
5556,0.965632
5557,0.957440
5558,0.906240
5559,0.966656
5560,0.904192
5561,0.944128
5562,0.970752
5563,0.883712
5564,0.919552
5565,0.934912
5566,0.666624
5567,0.928768
5568,0.901120
5569,0.939008
5570,0.950272
5571,0.932864
5572,0.905216
5573,0.879616
5574,0.909312
5575,0.856064
5576,0.836608
5577,0.867328
5578,0.862208
5579,0.886784
5580,0.930816
5581,0.902144
5582,0.936960
5583,0.877568
5584,0.935936
5585,0.878592
5586,0.873472
5587,0.928768
5588,0.937984
5589,0.923648
5590,0.848896
5591,0.865280
5592,0.923648
5593,0.955392
5594,0.876544
5595,0.902144
5596,0.907264
5597,0.924672
5598,0.893952
5599,0.909312
5600,0.862208
5601,0.908288
5602,0.876544
5603,0.909312
5604,0.913408
5605,0.955392
5606,0.936960
5607,0.894976
5608,0.897024
5609,0.935936
5610,0.925696
5611,0.911360
5612,0.925696
5613,0.935936
5614,0.962560
5615,0.912384
5616,0.905216
5617,0.892928
5618,0.912384
5619,0.910336
5620,0.927744
5621,0.918528
5622,0.937984
5623,0.889856
5624,0.901120
5625,0.848896
5626,0.812032
5627,0.922624
5628,0.950272
5629,0.877568
5630,0.922624
5631,0.816128
5632,0.721920
5633,0.917504
5634,0.902144
5635,0.945152
5636,0.937984
5637,0.910336
5638,0.871424
5639,0.931840
5640,0.894976
5641,0.887808
5642,0.988160
5643,0.888832
5644,0.886784
5645,0.918528
5646,0.921600
5647,0.872448
5648,0.928768
5649,0.946176
5650,0.935936
5651,0.935936
5652,0.923648
5653,0.897024
5654,0.919552
5655,0.867328
5656,0.915456
5657,0.906240
5658,0.850944
5659,0.919552
5660,0.911360
5661,0.907264
5662,0.919552
5663,0.903168
5664,0.889856
5665,0.891904
5666,0.901120
5667,0.909312
5668,0.920576
5669,0.918528
5670,0.936960
5671,0.891904
5672,0.923648
5673,0.924672
5674,0.883712
5675,0.894976
5676,0.920576
5677,0.915456
5678,0.877568
5679,0.905216
5680,0.880640
5681,0.860160
5682,0.868352
5683,0.905216
5684,0.899072
5685,0.923648
5686,0.864256
5687,0.947200
5688,0.899072
5689,0.894976
5690,0.907264
5691,0.905216
5692,0.902144
5693,0.894976
5694,0.931840
5695,0.883712
5696,0.935936
5697,0.672768
5698,0.910336
5699,0.947200
5700,0.909312
5701,0.898048
5702,0.862208
5703,0.888832
5704,0.924672
5705,0.869376
5706,0.829440
5707,0.872448
5708,0.878592
5709,0.902144
5710,0.880640
5711,0.934912
5712,0.936960
5713,0.841728
5714,0.867328
5715,0.905216
5716,0.925696
5717,0.878592
5718,0.921600
5719,0.901120
5720,0.932864
5721,0.886784
5722,0.921600
5723,0.911360
5724,0.888832
5725,0.889856
5726,0.915456
5727,0.856064
5728,0.845824
5729,0.894976
5730,0.936960
5731,0.858112
5732,0.852992
5733,0.897024
5734,0.911360
5735,0.933888
5736,0.886784
5737,0.898048
5738,0.934912
5739,0.897024
5740,0.921600
5741,0.961536
5742,0.903168
5743,0.921600
5744,0.858112
5745,0.881664
5746,0.867328
5747,0.914432
5748,0.905216
5749,0.870400
5750,0.890880
5751,0.914432
5752,0.916480
5753,0.867328
5754,0.900096
5755,0.931840
5756,0.931840
5757,0.921600
5758,0.892928
5759,0.979968
5760,0.867328
5761,0.937984
5762,0.893952
5763,0.804864
5764,0.935936
5765,0.878592
5766,0.905216
5767,0.959488
5768,0.900096
5769,0.857088
5770,0.947200
5771,0.740352
5772,0.880640
5773,0.856064
5774,0.862208
5775,0.883712
5776,0.865280
5777,0.886784
5778,0.916480
5779,0.924672
5780,0.901120
5781,0.882688
5782,0.888832
5783,0.923648
5784,0.911360
5785,0.954368
5786,0.909312
5787,0.941056
5788,0.899072
5789,0.910336
5790,0.915456
5791,0.889856
5792,0.888832
5793,0.930816
5794,0.900096
5795,0.902144
5796,0.892928
5797,0.908288
5798,0.901120
5799,0.906240
5800,0.951296
5801,0.885760
5802,0.931840
5803,0.876544
5804,0.854016
5805,0.834560
5806,0.888832
5807,0.897024
5808,0.921600
5809,0.935936
5810,0.924672
5811,0.897024
5812,0.871424
5813,0.887808
5814,0.935936
5815,0.898048
5816,0.893952
5817,0.948224
5818,0.963584
5819,0.931840
5820,0.883712
5821,0.883712
5822,0.955392
5823,0.945152
5824,0.927744
5825,0.897024
5826,0.913408
5827,0.763904
5828,0.782336
5829,0.933888
5830,0.923648
5831,0.923648
5832,0.966656
5833,0.869376
5834,0.894976
5835,0.944128
5836,0.878592
5837,0.861184
5838,0.812032
5839,0.908288
5840,0.917504
5841,0.888832
5842,0.864256
5843,0.880640
5844,0.883712
5845,0.921600
5846,0.854016
5847,0.883712
5848,0.896000
5849,0.930816
5850,0.943104
5851,0.958464
5852,0.957440
5853,0.918528
5854,0.925696
5855,0.910336
5856,0.891904
5857,0.909312
5858,0.907264
5859,0.887808
5860,0.836608
5861,0.851968
5862,0.877568
5863,0.929792
5864,0.869376
5865,0.907264
5866,0.894976
5867,0.896000
5868,0.909312
5869,0.964608
5870,0.954368
5871,0.927744
5872,0.928768
5873,0.905216
5874,0.909312
5875,0.928768
5876,0.939008
5877,0.909312
5878,0.958464
5879,0.973824
5880,0.900096
5881,0.859136
5882,0.919552
5883,0.951296
5884,0.941056
5885,0.909312
5886,0.934912
5887,0.916480
5888,0.928768
5889,0.921600
5890,0.896000
5891,0.858112
5892,0.861184
5893,0.748544
5894,0.515072
5895,0.923648
5896,0.900096
5897,0.915456
5898,0.914432
5899,0.874496
5900,0.975872
5901,0.879616
5902,0.963584
5903,0.881664
5904,0.942080
5905,0.891904
5906,0.971776
5907,0.899072
5908,0.935936
5909,0.910336
5910,0.868352
5911,0.904192
5912,0.897024
5913,0.917504
5914,0.947200
5915,0.885760
5916,0.903168
5917,0.911360
5918,0.906240
5919,0.885760
5920,0.956416
5921,0.934912
5922,0.930816
5923,0.926720
5924,0.944128
5925,0.864256
5926,0.883712
5927,0.918528
5928,0.909312
5929,0.877568
5930,0.921600
5931,0.914432
5932,0.945152
5933,0.915456
5934,0.908288
5935,0.921600
5936,0.918528
5937,0.886784
5938,0.894976
5939,0.914432
5940,0.909312
5941,0.893952
5942,0.876544
5943,0.811008
5944,0.908288
5945,0.848896
5946,0.920576
5947,0.924672
5948,0.918528
5949,0.905216
5950,0.909312
5951,0.944128
5952,0.957440
5953,0.927744
5954,0.893952
5955,0.904192
5956,0.904192
5957,0.928768
5958,0.869376
5959,0.727040
5960,0.946176
5961,0.940032
5962,0.967680
5963,0.911360
5964,0.966656
5965,0.950272
5966,0.910336
5967,0.919552
5968,0.980992
5969,0.910336
5970,0.949248
5971,0.877568
5972,0.884736
5973,0.854016
5974,0.950272
5975,0.854016
5976,0.910336
5977,0.887808
5978,0.942080
5979,0.899072
5980,0.891904
5981,0.894976
5982,0.907264
5983,0.933888
5984,0.915456
5985,0.967680
5986,0.898048
5987,0.891904
5988,0.904192
5989,0.914432
5990,0.928768
5991,0.877568
5992,0.871424
5993,0.839680
5994,0.925696
5995,0.922624
5996,0.945152
5997,0.931840
5998,0.934912
5999,0.890880
6000,0.883712
6001,0.869376
6002,0.857088
6003,0.856064
6004,0.877568
6005,0.943104
6006,0.928768
6007,0.903168
6008,0.900096
6009,0.916480
6010,0.934912
6011,0.882688
6012,0.893952
6013,0.887808
6014,0.906240
6015,0.897024
6016,0.942080
6017,0.897024
6018,0.849920
6019,0.949248
6020,0.943104
6021,0.920576
6022,0.887808
6023,0.876544
6024,0.670720
6025,0.727040
6026,0.914432
6027,0.957440
6028,0.920576
6029,0.939008
6030,0.896000
6031,0.884736
6032,0.888832
6033,0.913408
6034,0.893952
6035,0.918528
6036,0.951296
6037,0.897024
6038,0.924672
6039,0.887808
6040,0.923648
6041,0.899072
6042,0.871424
6043,0.886784
6044,0.852992
6045,0.888832
6046,0.852992
6047,0.893952
6048,0.886784
6049,0.917504
6050,0.930816
6051,0.864256
6052,0.867328
6053,0.911360
6054,0.950272
6055,0.934912
6056,0.666624
6057,0.803840
6058,0.889856
6059,0.882688
6060,0.887808
6061,0.851968
6062,0.916480
6063,0.920576
6064,0.872448
6065,0.905216
6066,0.906240
6067,0.913408
6068,0.930816
6069,0.897024
6070,0.913408
6071,0.934912
6072,0.922624
6073,0.916480
6074,0.906240
6075,0.946176
6076,0.944128
6077,0.921600
6078,0.919552
6079,0.920576
6080,0.933888
6081,0.916480
6082,0.934912
6083,0.963584
6084,0.896000
6085,0.944128
6086,0.994304
6087,0.951296
6088,0.889856
6089,0.924672
6090,0.864256
6091,0.668672
6092,0.919552
6093,0.999424
6094,0.871424
6095,0.930816
6096,0.906240
6097,0.939008
6098,0.909312
6099,0.931840
6100,0.963584
6101,0.916480
6102,0.898048
6103,0.931840
6104,0.945152
6105,0.902144
6106,0.948224
6107,0.945152
6108,0.947200
6109,0.855040
6110,0.873472
6111,0.910336
6112,0.888832
6113,0.856064
6114,0.902144
6115,0.930816
6116,0.879616
6117,0.928768
6118,0.898048
6119,0.903168
6120,0.900096
6121,0.932864
6122,0.982016
6123,0.826368
6124,0.923648
6125,0.907264
6126,0.874496
6127,0.933888
6128,1.052672
6129,0.756736
6130,0.946176
6131,0.929792
6132,0.874496
6133,0.912384
6134,0.894976
6135,0.891904
6136,0.891904
6137,0.899072
6138,0.859136
6139,0.857088
6140,0.855040
6141,0.947200
6142,0.883712
6143,0.892928
6144,0.980992
6145,0.885760
6146,0.921600
6147,0.851968
6148,0.926720
6149,0.930816
6150,0.925696
6151,0.945152
6152,0.955392
6153,0.921600
6154,0.967680
6155,0.572416
6156,0.907264
6157,0.852992
6158,0.800768
6159,0.852992
6160,0.901120
6161,0.933888
6162,0.921600
6163,0.881664
6164,0.913408
6165,0.943104
6166,0.917504
6167,0.908288
6168,0.915456
6169,0.904192
6170,0.921600
6171,0.945152
6172,0.910336
6173,0.919552
6174,0.907264
6175,0.900096
6176,0.887808
6177,0.892928
6178,0.894976
6179,0.877568
6180,0.873472
6181,0.883712
6182,0.927744
6183,0.916480
6184,0.953344
6185,0.921600
6186,0.967680
6187,0.913408
6188,0.880640
6189,0.912384
6190,0.929792
6191,0.979968
6192,0.880640
6193,0.939008
6194,0.884736
6195,0.897024
6196,0.909312
6197,0.929792
6198,0.943104
6199,0.929792
6200,0.890880
6201,0.924672
6202,0.902144
6203,0.924672
6204,0.869376
6205,0.925696
6206,0.912384
6207,0.902144
6208,0.878592
6209,0.913408
6210,0.956416
6211,0.919552
6212,0.936960
6213,0.929792
6214,0.926720
6215,0.976896
6216,0.928768
6217,0.942080
6218,0.898048
6219,0.763904
6220,0.711680
6221,0.581632
6222,0.834560
6223,0.888832
6224,0.974848
6225,0.907264
6226,0.912384
6227,0.873472
6228,0.942080
6229,0.892928
6230,0.920576
6231,0.910336
6232,0.888832
6233,0.908288
6234,0.910336
6235,0.906240
6236,0.908288
6237,0.889856
6238,0.893952
6239,0.929792
6240,0.963584
6241,0.871424
6242,0.927744
6243,0.882688
6244,0.947200
6245,0.883712
6246,0.972800
6247,0.865280
6248,0.949248
6249,0.939008
6250,0.906240
6251,0.930816
6252,0.920576
6253,0.900096
6254,0.864256
6255,0.893952
6256,0.888832
6257,0.881664
6258,0.848896
6259,0.835584
6260,0.880640
6261,0.986112
6262,0.881664
6263,0.902144
6264,0.973824
6265,0.893952
6266,0.933888
6267,0.925696
6268,0.896000
6269,0.872448
6270,0.972800
6271,0.927744
6272,0.934912
6273,0.928768
6274,0.881664
6275,0.907264
6276,0.945152
6277,0.889856
6278,0.899072
6279,0.968704
6280,0.883712
6281,0.894976
6282,0.883712
6283,0.914432
6284,0.934912
6285,0.950272
6286,0.874496
6287,0.722944
6288,0.596992
6289,0.399360
6290,0.880640
6291,0.917504
6292,0.876544
6293,0.933888
6294,0.913408
6295,0.955392
6296,0.899072
6297,0.903168
6298,0.920576
6299,0.925696
6300,0.868352
6301,0.874496
6302,0.913408
6303,0.957440
6304,0.875520
6305,0.881664
6306,0.932864
6307,0.822272
6308,0.898048
6309,0.903168
6310,0.894976
6311,0.952320
6312,0.979968
6313,0.875520
6314,0.965632
6315,0.901120
6316,0.859136
6317,0.955392
6318,0.939008
6319,0.924672
6320,0.901120
6321,0.910336
6322,0.915456
6323,0.968704
6324,0.914432
6325,0.914432
6326,0.897024
6327,0.926720
6328,0.904192
6329,0.930816
6330,0.949248
6331,0.917504
6332,0.922624
6333,0.918528
6334,0.927744
6335,0.929792
6336,0.957440
6337,0.932864
6338,0.901120
6339,0.934912
6340,0.892928
6341,0.875520
6342,0.868352
6343,0.833536
6344,0.892928
6345,0.922624
6346,0.914432
6347,0.915456
6348,0.896000
6349,0.952320
6350,0.892928
6351,0.937984
6352,0.963584
6353,0.953344
6354,0.734208
6355,0.610304
6356,0.556032
6357,0.830464
6358,0.900096
6359,0.880640
6360,0.909312
6361,0.942080
6362,0.889856
6363,0.926720
6364,0.892928
6365,0.892928
6366,0.929792
6367,0.916480
6368,0.901120
6369,0.863232
6370,0.896000
6371,0.903168
6372,0.884736
6373,0.880640
6374,0.904192
6375,0.906240
6376,0.805888
6377,0.818176
6378,0.852992
6379,0.898048
6380,0.892928
6381,0.928768
6382,0.896000
6383,0.893952
6384,0.916480
6385,0.878592
6386,0.937984
6387,0.899072
6388,0.900096
6389,0.929792
6390,0.897024
6391,0.918528
6392,1.062912
6393,0.873472
6394,0.915456
6395,0.864256
6396,0.877568
6397,0.887808
6398,0.936960
6399,0.917504
6400,0.995328
6401,1.003520
6402,0.816128
6403,0.899072
6404,0.926720
6405,0.925696
6406,0.933888
6407,0.915456
6408,0.865280
6409,0.923648
6410,0.932864
6411,0.866304
6412,0.909312
6413,0.936960
6414,0.873472
6415,0.925696
6416,0.926720
6417,0.948224
6418,0.920576
6419,0.909312
6420,0.889856
6421,0.755712
6422,0.574464
6423,0.841728
6424,0.908288
6425,0.893952
6426,0.926720
6427,0.906240
6428,0.909312
6429,0.889856
6430,0.881664
6431,0.913408
6432,0.945152
6433,0.913408
6434,0.887808
6435,0.868352
6436,0.924672
6437,0.911360
6438,0.901120
6439,0.905216
6440,0.864256
6441,0.908288
6442,0.912384
6443,0.948224
6444,0.899072
6445,0.901120
6446,0.957440
6447,0.874496
6448,0.881664
6449,0.912384
6450,0.910336
6451,0.858112
6452,0.951296
6453,0.880640
6454,0.904192
6455,0.843776
6456,0.870400
6457,0.885760
6458,0.919552
6459,0.870400
6460,0.887808
6461,0.862208
6462,0.959488
6463,0.883712
6464,0.863232
6465,0.877568
6466,0.909312
6467,0.943104
6468,0.777216
6469,0.858112
6470,0.931840
6471,0.903168
6472,0.941056
6473,0.956416
6474,0.891904
6475,0.893952
6476,0.971776
6477,0.902144
6478,0.955392
6479,0.923648
6480,0.937984
6481,0.920576
6482,0.899072
6483,0.932864
6484,0.903168
6485,0.959488
6486,0.923648
6487,0.919552
6488,0.727040
6489,0.506880
6490,0.277504
6491,0.261120
6492,0.239616
6493,0.211968
6494,0.210944
6495,0.206848
6496,0.218112
6497,0.915456
6498,0.893952
6499,0.945152
6500,0.922624
6501,1.070080
6502,0.902144
6503,0.876544
6504,0.926720
6505,0.886784
6506,0.951296
6507,0.950272
6508,0.909312
6509,0.914432
6510,0.884736
6511,0.870400
6512,1.080320
6513,0.900096
6514,0.852992
6515,0.939008
6516,0.934912
6517,0.903168
6518,0.909312
6519,0.931840
6520,0.874496
6521,0.910336
6522,0.886784
6523,0.866304
6524,0.908288
6525,0.891904
6526,0.784384
6527,0.928768
6528,0.925696
6529,0.904192
6530,0.891904
6531,0.946176
6532,0.975872
6533,0.879616
6534,0.918528
6535,0.898048
6536,0.896000
6537,0.904192
6538,0.872448
6539,0.946176
6540,0.848896
6541,0.919552
6542,0.964608
6543,0.875520
6544,0.861184
6545,0.925696
6546,0.906240
6547,0.961536
6548,0.921600
6549,0.930816
6550,0.875520
6551,0.926720
6552,0.925696
6553,0.971776
6554,0.890880
6555,0.921600
6556,0.929792
6557,0.953344
6558,0.965632
6559,0.894976
6560,0.794624
6561,0.608256
6562,0.866304
6563,0.911360
6564,0.850944
6565,0.859136
6566,0.872448
6567,0.919552
6568,0.871424
6569,0.851968
6570,0.888832
6571,0.851968
6572,0.909312
6573,0.886784
6574,0.872448
6575,0.889856
6576,0.922624
6577,0.922624
6578,1.146880
6579,0.888832
6580,0.866304
6581,0.924672
6582,0.896000
6583,0.925696
6584,0.943104
6585,0.894976
6586,0.884736
6587,0.890880
6588,0.883712
6589,0.891904
6590,0.891904
6591,0.834560
6592,0.867328
6593,0.861184
6594,0.840704
6595,0.892928
6596,0.927744
6597,0.857088
6598,0.927744
6599,0.933888
6600,0.960512
6601,0.908288
6602,0.946176
6603,0.892928
6604,0.904192
6605,0.899072
6606,0.890880
6607,0.829440
6608,0.896000
6609,0.861184
6610,0.909312
6611,0.925696
6612,0.951296
6613,0.940032
6614,0.887808
6615,0.880640
6616,0.925696
6617,0.909312
6618,0.924672
6619,0.927744
6620,0.872448
6621,0.913408
6622,0.955392
6623,0.900096
6624,0.944128
6625,0.883712
6626,0.650240
6627,0.637952
6628,0.587776
6629,0.536576
6630,0.510976
6631,0.444416
6632,0.893952
6633,0.928768
6634,0.939008
6635,0.953344
6636,0.907264
6637,0.931840
6638,0.940032
6639,0.899072
6640,0.941056
6641,0.915456
6642,0.932864
6643,0.920576
6644,0.904192
6645,0.891904
6646,0.886784
6647,0.947200
6648,0.942080
6649,0.893952
6650,0.900096
6651,0.916480
6652,0.930816
6653,0.898048
6654,0.911360
6655,0.923648
6656,0.942080
6657,0.890880
6658,0.907264
6659,0.888832
6660,0.929792
6661,0.943104
6662,0.956416
6663,0.890880
6664,0.961536
6665,0.945152
6666,0.911360
6667,0.914432
6668,0.908288
6669,0.925696
6670,0.891904
6671,0.876544
6672,0.899072
6673,0.878592
6674,0.929792
6675,0.858112
6676,0.839680
6677,0.835584
6678,0.908288
6679,0.866304
6680,0.996352
6681,0.941056
6682,0.929792
6683,0.923648
6684,0.947200
6685,0.939008
6686,0.947200
6687,0.872448
6688,0.899072
6689,0.940032
6690,0.963584
6691,0.877568
6692,0.936960
6693,1.053696
6694,0.985088
6695,0.792576
6696,0.752640
6697,0.685056
6698,0.716800
6699,0.943104
6700,0.922624
6701,0.930816
6702,0.929792
6703,0.909312
6704,0.889856
6705,0.891904
6706,0.914432
6707,0.941056
6708,0.902144
6709,0.889856
6710,0.918528
6711,0.897024
6712,0.827392
6713,0.837632
6714,0.873472
6715,0.928768
6716,0.902144
6717,0.898048
6718,0.894976
6719,0.868352
6720,0.858112
6721,0.925696
6722,0.875520
6723,0.906240
6724,0.905216
6725,0.914432
6726,0.905216
6727,0.867328
6728,0.946176
6729,0.901120
6730,0.875520
6731,0.924672
6732,0.856064
6733,0.949248
6734,0.955392
6735,0.947200
6736,0.881664
6737,0.946176
6738,0.937984
6739,0.879616
6740,0.890880
6741,0.918528
6742,0.932864
6743,0.964608
6744,0.874496
6745,0.933888
6746,0.913408
6747,0.913408
6748,0.952320
6749,0.944128
6750,0.918528
6751,0.917504
6752,0.918528
6753,0.909312
6754,0.898048
6755,0.841728
6756,0.897024
6757,0.870400
6758,0.928768
6759,0.924672
6760,0.871424
6761,1.054720
6762,0.859136
6763,0.854016
6764,0.623616
6765,0.877568
6766,0.936960
6767,0.906240
6768,0.904192
6769,0.882688
6770,0.968704
6771,0.934912
6772,0.874496
6773,0.935936
6774,0.868352
6775,0.903168
6776,0.903168
6777,0.909312
6778,0.940032
6779,0.879616
6780,0.861184
6781,0.915456
6782,0.947200
6783,0.903168
6784,0.894976
6785,0.881664
6786,0.994304
6787,0.884736
6788,0.854016
6789,0.923648
6790,0.912384
6791,0.921600
6792,0.884736
6793,0.918528
6794,0.876544
6795,0.906240
6796,0.969728
6797,0.887808
6798,0.930816
6799,0.925696
6800,0.896000
6801,0.924672
6802,0.923648
6803,0.862208
6804,0.969728
6805,0.931840
6806,0.877568
6807,0.936960
6808,0.923648
6809,0.935936
6810,0.905216
6811,0.918528
6812,0.951296
6813,0.900096
6814,0.963584
6815,0.882688
6816,0.935936
6817,0.968704
6818,0.955392
6819,0.910336
6820,0.913408
6821,0.960512
6822,0.913408
6823,0.863232
6824,0.927744
6825,0.964608
6826,0.937984
6827,0.933888
6828,0.877568
6829,0.689152
6830,0.828416
6831,0.946176
6832,0.964608
6833,0.880640
6834,0.959488
6835,0.910336
6836,0.909312
6837,0.969728
6838,0.858112
6839,0.956416
6840,0.901120
6841,0.859136
6842,0.911360
6843,0.939008
6844,0.927744
6845,0.896000
6846,0.926720
6847,0.958464
6848,0.884736
6849,0.942080
6850,0.930816
6851,0.894976
6852,0.946176
6853,0.943104
6854,0.899072
6855,0.903168
6856,0.913408
6857,0.919552
6858,0.907264
6859,0.861184
6860,0.901120
6861,0.829440
6862,0.850944
6863,0.839680
6864,0.921600
6865,0.929792
6866,1.083392
6867,0.893952
6868,0.911360
6869,0.899072
6870,0.899072
6871,0.928768
6872,0.889856
6873,0.852992
6874,0.884736
6875,0.901120
6876,0.905216
6877,0.924672
6878,0.880640
6879,0.917504
6880,0.905216
6881,0.850944
6882,0.926720
6883,0.922624
6884,0.983040
6885,0.828416
6886,0.888832
6887,0.957440
6888,0.876544
6889,0.876544
6890,0.972800
6891,0.905216
6892,0.904192
6893,0.903168
6894,0.782336
6895,0.577536
6896,0.536576
6897,0.812032
6898,0.925696
6899,0.937984
6900,0.943104
6901,0.923648
6902,0.903168
6903,0.921600
6904,0.931840
6905,0.919552
6906,0.859136
6907,0.936960
6908,0.945152
6909,0.905216
6910,0.941056
6911,0.898048
6912,0.894976
6913,0.879616
6914,0.921600
6915,0.926720
6916,0.900096
6917,0.899072
6918,0.880640
6919,0.884736
6920,0.925696
6921,0.920576
6922,0.872448
6923,0.902144
6924,0.900096
6925,0.878592
6926,0.878592
6927,0.843776
6928,0.849920
6929,0.911360
6930,0.916480
6931,0.885760
6932,0.899072
6933,0.914432
6934,0.907264
6935,0.922624
6936,0.886784
6937,0.871424
6938,0.876544
6939,0.878592
6940,0.886784
6941,0.914432
6942,0.903168
6943,0.845824
6944,0.926720
6945,0.903168
6946,0.839680
6947,0.949248
6948,0.936960
6949,0.931840
6950,0.907264
6951,1.056768
6952,0.873472
6953,0.915456
6954,0.913408
6955,0.907264
6956,0.927744
6957,0.934912
6958,0.922624
6959,0.924672
6960,0.927744
6961,0.828416
6962,0.806912
6963,0.907264
6964,0.857088
6965,0.911360
6966,0.907264
6967,0.915456
6968,0.922624
6969,0.959488
6970,0.968704
6971,0.916480
6972,0.905216
6973,0.920576
6974,0.931840
6975,0.881664
6976,0.878592
6977,0.913408
6978,0.885760
6979,0.921600
6980,0.889856
6981,0.877568
6982,0.889856
6983,0.841728
6984,0.846848
6985,0.906240
6986,0.901120
6987,0.905216
6988,0.880640
6989,0.928768
6990,0.919552
6991,0.932864
6992,0.905216
6993,0.869376
6994,0.909312
6995,0.868352
6996,0.904192
6997,0.883712
6998,0.917504
6999,0.935936
7000,0.885760
7001,0.903168
7002,0.869376
7003,0.918528
7004,0.881664
7005,0.897024
7006,0.937984
7007,0.892928
7008,0.883712
7009,0.930816
7010,0.910336
7011,0.893952
7012,0.912384
7013,0.946176
7014,0.890880
7015,0.924672
7016,0.906240
7017,0.927744
7018,0.961536
7019,0.866304
7020,0.920576
7021,0.911360
7022,0.937984
7023,0.879616
7024,0.858112
7025,0.857088
7026,0.896000
7027,0.792576
7028,0.448512
7029,0.258048
7030,0.253952
7031,0.229376
7032,0.179200
7033,0.187392
7034,0.187392
7035,0.184320
7036,0.185344
7037,0.166912
7038,0.165888
7039,0.162816
7040,0.165888
7041,0.166912
7042,0.163840
7043,0.155648
7044,0.154624
7045,0.155648
7046,0.156672
7047,0.157696
7048,0.148480
7049,0.912384
7050,0.942080
7051,0.882688
7052,0.975872
7053,0.882688
7054,0.899072
7055,0.942080
7056,0.861184
7057,0.944128
7058,0.876544
7059,0.873472
7060,0.915456
7061,0.966656
7062,0.889856
7063,0.897024
7064,0.918528
7065,0.847872
7066,0.914432
7067,0.924672
7068,0.909312
7069,0.920576
7070,0.940032
7071,0.918528
7072,0.875520
7073,0.917504
7074,0.929792
7075,0.950272
7076,0.874496
7077,1.075200
7078,0.799744
7079,0.926720
7080,0.918528
7081,0.903168
7082,0.932864
7083,0.920576
7084,0.940032
7085,0.856064
7086,0.975872
7087,0.922624
7088,0.899072
7089,0.918528
7090,0.934912
7091,0.913408
7092,0.877568
7093,0.886784
7094,0.948224
7095,0.865280
7096,0.905216
7097,0.875520
7098,0.878592
7099,0.823296
7100,0.820224
7101,0.940032
7102,0.934912
7103,0.914432
7104,0.887808
7105,0.916480
7106,0.950272
7107,0.930816
7108,0.957440
7109,0.918528
7110,0.896000
7111,0.929792
7112,0.925696
7113,0.674816
7114,0.471040
7115,0.448512
7116,0.276480
7117,0.293888
7118,0.268288
7119,0.263168
7120,0.251904
7121,0.283648
7122,0.280576
7123,0.300032
7124,0.282624
7125,0.292864
7126,0.814080
7127,0.940032
7128,0.952320
7129,0.903168
7130,0.960512
7131,0.905216
7132,0.873472
7133,0.920576
7134,0.955392
7135,0.934912
7136,0.922624
7137,0.951296
7138,0.931840
7139,0.902144
7140,0.945152
7141,0.934912
7142,0.918528
7143,0.925696
7144,0.946176
7145,0.886784
7146,0.931840
7147,0.908288
7148,0.932864
7149,0.870400
7150,0.945152
7151,0.897024
7152,0.915456
7153,0.863232
7154,1.053696
7155,0.892928
7156,0.884736
7157,0.883712
7158,0.868352
7159,0.880640
7160,0.889856
7161,0.865280
7162,0.928768
7163,0.872448
7164,0.959488
7165,0.928768
7166,0.849920
7167,0.909312
7168,0.877568
7169,0.961536
7170,0.908288
7171,0.940032
7172,0.904192
7173,0.944128
7174,0.911360
7175,0.958464
7176,0.914432
7177,0.932864
7178,0.916480
7179,0.949248
7180,0.927744
7181,0.880640
7182,0.943104
7183,0.949248
7184,0.874496
7185,0.931840
7186,0.996352
7187,0.930816
7188,0.889856
7189,0.932864
7190,0.755712
7191,0.508928
7192,0.445440
7193,0.839680
7194,0.889856
7195,0.887808
7196,0.924672
7197,0.886784
7198,0.911360
7199,0.902144
7200,0.888832
7201,0.925696
7202,0.916480
7203,0.892928
7204,0.911360
7205,0.867328
7206,0.892928
7207,0.891904
7208,0.962560
7209,0.952320
7210,0.922624
7211,0.924672
7212,0.916480
7213,0.886784
7214,0.692224
7215,0.858112
7216,0.944128
7217,0.902144
7218,0.884736
7219,0.912384
7220,0.869376
7221,0.924672
7222,0.890880
7223,0.848896
7224,0.943104
7225,0.950272
7226,0.894976
7227,0.974848
7228,0.723968
7229,0.923648
7230,0.929792
7231,0.892928
7232,0.930816
7233,0.923648
7234,0.930816
7235,0.880640
7236,0.928768
7237,0.944128
7238,0.891904
7239,0.866304
7240,0.874496
7241,0.863232
7242,0.884736
7243,0.915456
7244,0.926720
7245,0.879616
7246,0.926720
7247,0.908288
7248,0.963584
7249,0.959488
7250,0.918528
7251,0.913408
7252,0.921600
7253,0.924672
7254,0.889856
7255,0.961536
7256,0.877568
7257,0.824320
7258,0.619520
7259,0.506880
7260,0.874496
7261,0.936960
7262,0.910336
7263,0.922624
7264,0.886784
7265,0.899072
7266,0.891904
7267,0.927744
7268,0.868352
7269,0.919552
7270,0.937984
7271,0.900096
7272,0.917504
7273,0.923648
7274,0.915456
7275,0.923648
7276,0.916480
7277,0.899072
7278,0.968704
7279,0.884736
7280,0.968704
7281,0.924672
7282,0.869376
7283,0.921600
7284,0.941056
7285,0.922624
7286,0.962560
7287,0.899072
7288,0.876544
7289,0.922624
7290,0.945152
7291,0.930816
7292,0.935936
7293,0.877568
7294,0.729088
7295,0.878592
7296,0.909312
7297,0.915456
7298,0.911360
7299,0.867328
7300,0.950272
7301,0.897024
7302,0.912384
7303,0.917504
7304,0.924672
7305,0.978944
7306,0.952320
7307,0.936960
7308,0.898048
7309,0.899072
7310,0.973824
7311,0.915456
7312,0.912384
7313,0.926720
7314,0.906240
7315,0.899072
7316,0.920576
7317,0.886784
7318,0.945152
7319,0.915456
7320,0.891904
7321,0.896000
7322,0.872448
7323,0.835584
7324,0.618496
7325,0.874496
7326,0.741376
7327,0.892928
7328,0.893952
7329,0.909312
7330,0.870400
7331,0.892928
7332,0.871424
7333,0.890880
7334,0.917504
7335,0.884736
7336,0.901120
7337,0.931840
7338,0.925696
7339,0.866304
7340,0.892928
7341,0.871424
7342,0.932864
7343,0.897024
7344,0.904192
7345,0.927744
7346,0.929792
7347,0.890880
7348,0.909312
7349,0.865280
7350,0.879616
7351,0.903168
7352,0.867328
7353,0.956416
7354,0.903168
7355,0.874496
7356,0.923648
7357,0.883712
7358,0.893952
7359,0.883712
7360,0.890880
7361,0.899072
7362,0.916480
7363,0.898048
7364,0.940032
7365,0.840704
7366,0.861184
7367,0.851968
7368,0.832512
7369,0.914432
7370,0.891904
7371,0.912384
7372,0.925696
7373,0.909312
7374,0.945152
7375,0.939008
7376,0.930816
7377,0.866304
7378,0.906240
7379,0.921600
7380,0.845824
7381,0.920576
7382,0.881664
7383,0.926720
7384,0.910336
7385,0.923648
7386,0.925696
7387,0.928768
7388,0.929792
7389,0.850944
7390,0.636928
7391,0.521216
7392,0.740352
7393,0.999424
7394,0.945152
7395,0.875520
7396,0.901120
7397,0.880640
7398,0.876544
7399,0.890880
7400,0.799744
7401,0.934912
7402,0.934912
7403,0.969728
7404,0.892928
7405,0.874496
7406,0.909312
7407,0.932864
7408,0.922624
7409,0.909312
7410,0.921600
7411,0.916480
7412,0.919552
7413,0.955392
7414,0.913408
7415,0.906240
7416,0.951296
7417,0.920576
7418,0.902144
7419,0.946176
7420,0.912384
7421,0.953344
7422,0.899072
7423,0.956416
7424,0.898048
7425,0.917504
7426,0.932864
7427,0.924672
7428,0.925696
7429,0.909312
7430,0.936960
7431,0.909312
7432,0.911360
7433,0.844800
7434,0.834560
7435,0.903168
7436,0.901120
7437,0.950272
7438,0.922624
7439,0.912384
7440,0.900096
7441,0.920576
7442,0.905216
7443,0.972800
7444,0.881664
7445,0.919552
7446,0.862208
7447,0.930816
7448,0.913408
7449,0.919552
7450,0.916480
7451,0.907264
7452,0.930816
7453,0.917504
7454,0.942080
7455,0.882688
7456,0.662528
7457,0.634880
7458,0.613376
7459,0.844800
7460,0.970752
7461,0.878592
7462,0.935936
7463,0.912384
7464,0.925696
7465,0.851968
7466,0.900096
7467,0.873472
7468,0.964608
7469,0.905216
7470,0.898048
7471,0.909312
7472,0.980992
7473,0.926720
7474,0.940032
7475,0.904192
7476,0.884736
7477,0.918528
7478,0.883712
7479,0.900096
7480,0.876544
7481,0.939008
7482,0.916480
7483,0.945152
7484,0.931840
7485,0.872448
7486,0.985088
7487,0.931840
7488,0.934912
7489,0.947200
7490,0.898048
7491,0.959488
7492,0.845824
7493,0.930816
7494,0.908288
7495,0.935936
7496,0.936960
7497,0.940032
7498,0.889856
7499,0.935936
7500,0.873472
7501,0.921600
7502,0.866304
7503,0.858112
7504,0.893952
7505,0.868352
7506,0.943104
7507,0.906240
7508,0.925696
7509,0.920576
7510,0.924672
7511,0.905216
7512,0.930816
7513,0.953344
7514,0.930816
7515,0.929792
7516,0.900096
7517,0.910336
7518,0.929792
7519,0.937984
7520,0.912384
7521,0.947200
7522,0.922624
7523,0.681984
7524,0.488448
7525,0.384000
7526,0.201728
7527,0.207872
7528,0.196608
7529,0.210944
7530,0.203776
7531,0.196608
7532,0.211968
7533,0.204800
7534,0.191488
7535,0.184320
7536,0.181248
7537,0.185344
7538,0.184320
7539,0.846848
7540,0.875520
7541,0.920576
7542,0.871424
7543,0.923648
7544,0.930816
7545,0.904192
7546,0.930816
7547,0.884736
7548,0.960512
7549,0.949248
7550,0.994304
7551,0.896000
7552,0.911360
7553,0.907264
7554,0.927744
7555,0.934912
7556,0.900096
7557,0.924672
7558,0.951296
7559,0.915456
7560,0.893952
7561,0.966656
7562,0.918528
7563,0.918528
7564,0.888832
7565,0.866304
7566,0.897024
7567,0.847872
7568,0.872448
7569,0.884736
7570,0.856064
7571,0.933888
7572,0.920576
7573,0.886784
7574,0.915456
7575,0.940032
7576,0.950272
7577,0.925696
7578,0.922624
7579,0.908288
7580,0.922624
7581,0.914432
7582,0.940032
7583,0.882688
7584,0.870400
7585,0.925696
7586,0.930816
7587,0.884736
7588,0.921600
7589,0.978944
7590,0.897024
7591,0.925696
7592,0.964608
7593,0.939008
7594,0.940032
7595,0.920576
7596,0.878592
7597,0.869376
7598,0.899072
7599,0.880640
7600,0.845824
7601,0.883712
7602,0.919552
7603,0.945152
7604,0.745472
7605,0.929792
7606,0.839680
7607,0.920576
7608,0.929792
7609,0.903168
7610,0.929792
7611,0.867328
7612,0.881664
7613,0.909312
7614,0.898048
7615,0.882688
7616,0.840704
7617,0.841728
7618,1.042432
7619,0.832512
7620,0.862208
7621,0.915456
7622,0.961536
7623,0.881664
7624,0.910336
7625,0.969728
7626,0.886784
7627,0.911360
7628,0.894976
7629,0.949248
7630,0.876544
7631,0.913408
7632,0.931840
7633,0.903168
7634,0.885760
7635,0.892928
7636,0.945152
7637,0.875520
7638,0.903168
7639,0.914432
7640,0.921600
7641,0.879616
7642,0.882688
7643,0.893952
7644,0.928768
7645,0.939008
7646,0.882688
7647,0.887808
7648,0.905216
7649,0.818176
7650,0.880640
7651,0.921600
7652,0.874496
7653,0.872448
7654,0.903168
7655,0.901120
7656,0.914432
7657,0.872448
7658,0.905216
7659,0.876544
7660,0.946176
7661,0.900096
7662,0.926720
7663,0.937984
7664,0.969728
7665,0.859136
7666,0.909312
7667,0.835584
7668,0.696320
7669,0.661504
7670,0.625664
7671,0.524288
7672,0.400384
7673,0.411648
7674,0.373760
7675,0.354304
7676,0.906240
7677,0.961536
7678,0.986112
7679,0.857088
7680,0.965632
7681,0.917504
7682,0.920576
7683,0.926720
7684,0.912384
7685,0.899072
7686,0.929792
7687,0.877568
7688,0.942080
7689,0.900096
7690,0.914432
7691,0.906240
7692,0.907264
7693,1.044480
7694,0.910336
7695,0.939008
7696,0.896000
7697,0.923648
7698,0.900096
7699,0.908288
7700,0.878592
7701,0.913408
7702,0.860160
7703,0.904192
7704,0.876544
7705,0.922624
7706,0.877568
7707,0.920576
7708,0.921600
7709,0.898048
7710,0.920576
7711,0.890880
7712,0.983040
7713,0.890880
7714,0.946176
7715,0.907264
7716,0.892928
7717,0.903168
7718,0.913408
7719,0.928768
7720,0.869376
7721,0.917504
7722,0.924672
7723,0.915456
7724,0.916480
7725,0.899072
7726,0.921600
7727,0.845824
7728,0.883712
7729,0.888832
7730,0.971776
7731,0.847872
7732,0.915456
7733,0.922624
7734,0.892928
7735,0.950272
7736,0.921600
7737,0.875520
7738,0.932864
7739,0.860160
7740,0.681984
7741,0.590848
7742,0.515072
7743,0.268288
7744,0.241664
7745,0.253952
7746,0.251904
7747,0.248832
7748,0.272384
7749,0.221184
7750,0.864256
7751,0.919552
7752,0.837632
7753,0.927744
7754,0.898048
7755,0.920576
7756,0.910336
7757,0.890880
7758,0.969728
7759,0.893952
7760,0.917504
7761,0.921600
7762,0.913408
7763,0.898048
7764,0.925696
7765,0.911360
7766,0.924672
7767,0.932864
7768,0.894976
7769,0.888832
7770,0.925696
7771,0.899072
7772,0.912384
7773,0.943104
7774,0.914432
7775,0.940032
7776,0.947200
7777,0.923648
7778,0.921600
7779,0.909312
7780,0.885760
7781,0.901120
7782,0.873472
7783,0.919552
7784,0.916480
7785,0.908288
7786,0.957440
7787,0.918528
7788,0.887808
7789,0.919552
7790,0.894976
7791,0.872448
7792,0.848896
7793,0.647168
7794,0.828416
7795,0.911360
7796,0.930816
7797,0.907264
7798,0.896000
7799,0.961536
7800,0.887808
7801,0.922624
7802,0.867328
7803,0.883712
7804,0.924672
7805,0.943104
7806,0.934912
7807,0.932864
7808,0.875520
7809,0.957440
7810,0.899072
7811,0.898048
7812,0.857088
7813,0.825344
7814,0.854016
7815,0.789504
7816,0.906240
7817,0.878592
7818,0.908288
7819,0.909312
7820,0.920576
7821,0.923648
7822,0.913408
7823,0.893952
7824,0.921600
7825,0.856064
7826,0.917504
7827,0.852992
7828,0.839680
7829,0.890880
7830,0.898048
7831,0.847872
7832,0.881664
7833,0.900096
7834,0.904192
7835,0.898048
7836,0.921600
7837,0.913408
7838,0.916480
7839,0.939008
7840,0.934912
7841,0.892928
7842,0.915456
7843,0.909312
7844,0.918528
7845,0.901120
7846,0.924672
7847,0.902144
7848,0.871424
7849,0.913408
7850,0.885760
7851,0.922624
7852,0.875520
7853,0.899072
7854,0.860160
7855,0.886784
7856,0.902144
7857,0.934912
7858,1.006592
7859,0.814080
7860,0.944128
7861,0.929792
7862,0.882688
7863,0.973824
7864,0.916480
7865,0.908288
7866,0.964608
7867,0.881664
7868,0.931840
7869,0.954368
7870,0.927744
7871,0.913408
7872,0.894976
7873,0.898048
7874,0.847872
7875,0.857088
7876,0.884736
7877,0.894976
7878,0.861184
7879,0.897024
7880,0.754688
7881,0.428032
7882,0.304128
7883,0.294912
7884,0.309248
7885,0.261120
7886,0.239616
7887,0.245760
7888,0.233472
7889,0.251904
7890,0.256000
7891,0.250880
7892,0.197632
7893,0.151552
7894,0.147456
7895,0.148480
7896,0.147456
7897,0.146432
7898,0.146432
7899,0.795648
7900,0.940032
7901,0.925696
7902,0.897024
7903,0.930816
7904,0.954368
7905,0.905216
7906,0.921600
7907,0.899072
7908,0.932864
7909,0.914432
7910,0.863232
7911,0.872448
7912,0.934912
7913,0.942080
7914,0.924672
7915,0.923648
7916,0.919552
7917,0.911360
7918,0.908288
7919,0.922624
7920,0.922624
7921,0.906240
7922,0.906240
7923,0.833536
7924,0.792576
7925,0.847872
7926,0.939008
7927,0.886784
7928,0.896000
7929,0.920576
7930,0.874496
7931,0.889856
7932,0.934912
7933,0.933888
7934,0.955392
7935,0.937984
7936,0.865280
7937,0.939008
7938,0.915456
7939,0.924672
7940,0.887808
7941,0.921600
7942,0.898048
7943,0.943104
7944,0.888832
7945,0.870400
7946,0.923648
7947,0.866304
7948,0.897024
7949,0.978944
7950,0.976896
7951,0.907264
7952,0.958464
7953,0.906240
7954,0.941056
7955,0.937984
7956,0.960512
7957,0.866304
7958,0.933888
7959,0.964608
7960,0.907264
7961,0.825344
7962,0.885760
7963,0.664576
7964,0.580608
7965,0.509952
7966,0.326656
7967,0.271360
7968,0.265216
7969,0.251904
7970,0.267264
7971,0.266240
7972,0.269312
7973,0.238592
7974,0.252928
7975,0.265216
7976,0.937984
7977,0.940032
7978,0.913408
7979,0.927744
7980,0.935936
7981,0.969728
7982,0.887808
7983,0.893952
7984,0.868352
7985,0.925696
7986,0.929792
7987,0.869376
7988,0.899072
7989,0.932864
7990,0.976896
7991,0.921600
7992,0.866304
7993,0.902144
7994,0.927744
7995,0.886784
7996,0.948224
7997,0.901120
7998,0.921600
7999,0.934912
8000,0.976896
8001,0.861184
8002,0.934912
8003,0.946176
8004,0.887808
8005,0.931840
8006,0.875520
8007,0.897024
8008,0.917504
8009,0.952320
8010,0.886784
8011,0.913408
8012,0.934912
8013,0.894976
8014,0.908288
8015,0.925696
8016,0.945152
8017,0.887808
8018,0.900096
8019,0.921600
8020,0.945152
8021,0.927744
8022,0.874496
8023,0.915456
8024,0.930816
8025,0.929792
8026,0.956416
8027,0.882688
8028,0.923648
8029,0.910336
8030,0.917504
8031,0.858112
8032,0.899072
8033,0.894976
8034,0.840704
8035,0.798720
8036,0.910336
8037,0.924672
8038,0.962560
8039,0.886784
8040,0.877568
8041,0.435200
8042,0.733184
8043,0.954368
8044,0.928768
8045,0.921600
8046,0.900096
8047,0.932864
8048,0.951296
8049,0.913408
8050,0.951296
8051,0.922624
8052,0.946176
8053,0.932864
8054,0.965632
8055,0.904192
8056,0.618496
8057,0.870400
8058,0.870400
8059,0.899072
8060,0.878592
8061,0.962560
8062,0.948224
8063,0.931840
8064,0.920576
8065,0.907264
8066,0.939008
8067,0.917504
8068,0.916480
8069,0.933888
8070,0.887808
8071,0.974848
8072,0.933888
8073,0.971776
8074,0.910336
8075,0.904192
8076,0.926720
8077,0.912384
8078,0.888832
8079,0.919552
8080,0.930816
8081,0.912384
8082,0.944128
8083,0.956416
8084,0.917504
8085,0.911360
8086,0.921600
8087,0.907264
8088,0.931840
8089,0.967680
8090,0.954368
8091,0.926720
8092,0.852992
8093,0.886784
8094,0.952320
8095,0.901120
8096,0.924672
8097,0.918528
8098,0.946176
8099,0.919552
8100,0.894976
8101,0.912384
8102,0.917504
8103,0.902144
8104,0.892928
8105,0.781312
8106,0.610304
8107,0.594944
8108,0.909312
8109,0.932864
8110,0.894976
8111,0.934912
8112,0.909312
8113,0.949248
8114,1.040384
8115,1.046528
8116,0.870400
8117,0.915456
8118,0.931840
8119,0.876544
8120,0.931840
8121,0.884736
8122,0.887808
8123,0.944128
8124,0.899072
8125,0.955392
8126,0.915456
8127,0.917504
8128,0.914432
8129,0.907264
8130,0.932864
8131,0.918528
8132,0.892928
8133,0.919552
8134,0.912384
8135,0.905216
8136,0.871424
8137,0.876544
8138,0.901120
8139,0.924672
8140,0.897024
8141,0.845824
8142,0.873472
8143,0.928768
8144,0.913408
8145,0.910336
8146,0.875520
8147,0.923648
8148,0.849920
8149,0.901120
8150,0.939008
8151,0.899072
8152,0.897024
8153,0.905216
8154,0.965632
8155,0.919552
8156,0.944128
8157,0.904192
8158,0.887808
8159,0.929792
8160,0.936960
8161,0.922624
8162,0.901120
8163,0.918528
8164,0.947200
8165,0.899072
8166,0.953344
8167,0.973824
8168,0.887808
8169,0.947200
8170,0.904192
8171,0.908288
8172,0.745472
8173,0.813056
8174,0.863232
8175,0.894976
8176,0.928768
8177,0.922624
8178,0.930816
8179,0.912384
8180,0.888832
8181,0.913408
8182,0.982016
8183,0.877568
8184,0.890880
8185,0.929792
8186,0.912384
8187,0.939008
8188,0.896000
8189,0.920576
8190,0.935936
8191,0.910336
8192,0.945152
8193,0.925696
8194,0.914432
8195,0.902144
8196,0.929792
8197,0.889856
8198,0.918528
8199,0.878592
8200,0.882688
8201,0.896000
8202,0.889856
8203,0.858112
8204,0.910336
8205,0.873472
8206,0.918528
8207,0.902144
8208,0.918528
8209,0.915456
8210,0.919552
8211,0.900096
8212,0.958464
8213,0.918528
8214,0.903168
8215,0.867328
8216,0.901120
8217,0.923648
8218,0.920576
8219,0.917504
8220,0.912384
8221,0.893952
8222,0.900096
8223,0.902144
8224,0.950272
8225,0.872448
8226,0.913408
8227,0.891904
8228,0.868352
8229,0.923648
8230,0.935936
8231,0.912384
8232,0.909312
8233,0.887808
8234,0.865280
8235,0.829440
8236,0.921600
8237,0.886784
8238,0.648192
8239,0.439296
8240,0.781312
8241,0.891904
8242,0.971776
8243,0.936960
8244,0.931840
8245,0.937984
8246,0.893952
8247,0.907264
8248,0.926720
8249,0.955392
8250,0.913408
8251,0.890880
8252,0.949248
8253,0.898048
8254,0.898048
8255,0.979968
8256,0.930816
8257,0.940032
8258,0.887808
8259,0.924672
8260,0.876544
8261,0.931840
8262,0.901120
8263,0.903168
8264,0.878592
8265,0.913408
8266,0.865280
8267,0.897024
8268,0.863232
8269,0.879616
8270,0.929792
8271,0.921600
8272,0.924672
8273,0.859136
8274,0.915456
8275,0.947200
8276,0.964608
8277,0.898048
8278,0.894976
8279,0.932864
8280,0.940032
8281,0.923648
8282,0.922624
8283,0.880640
8284,0.918528
8285,0.924672
8286,0.935936
8287,0.909312
8288,0.888832
8289,0.875520
8290,0.894976
8291,0.934912
8292,0.948224
8293,0.917504
8294,0.920576
8295,0.872448
8296,0.906240
8297,0.950272
8298,0.937984
8299,0.940032
8300,0.966656
8301,0.921600
8302,0.920576
8303,0.920576
8304,0.925696
8305,0.817152
8306,0.758784
8307,0.922624
8308,0.889856
8309,0.926720
8310,0.909312
8311,0.925696
8312,0.915456
8313,0.905216
8314,0.910336
8315,0.910336
8316,0.900096
8317,0.931840
8318,0.891904
8319,0.956416
8320,0.900096
8321,0.919552
8322,0.930816
8323,0.908288
8324,0.915456
8325,0.912384
8326,0.875520
8327,0.825344
8328,0.893952
8329,0.924672
8330,0.842752
8331,0.831488
8332,0.939008
8333,0.903168
8334,0.890880
8335,0.903168
8336,0.850944
8337,0.888832
8338,0.899072
8339,0.951296
8340,0.864256
8341,0.939008
8342,0.944128
8343,0.909312
8344,0.949248
8345,0.937984
8346,0.886784
8347,0.921600
8348,1.048576
8349,0.919552
8350,0.936960
8351,0.888832
8352,0.954368
8353,0.914432
8354,0.979968
8355,0.916480
8356,0.899072
8357,0.954368
8358,0.815104
8359,0.841728
8360,0.884736
8361,0.877568
8362,0.880640
8363,0.857088
8364,0.889856
8365,0.882688
8366,0.927744
8367,0.936960
8368,0.930816
8369,0.865280
8370,0.863232
8371,0.694272
8372,0.586752
8373,0.754688
8374,0.927744
8375,0.951296
8376,0.928768
8377,0.939008
8378,0.888832
8379,0.886784
8380,0.891904
8381,0.923648
8382,0.909312
8383,0.932864
8384,0.916480
8385,0.957440
8386,0.919552
8387,0.917504
8388,0.956416
8389,0.934912
8390,0.894976
8391,0.940032
8392,0.875520
8393,0.861184
8394,0.913408
8395,0.870400
8396,0.906240
8397,0.865280
8398,0.803840
8399,0.856064
8400,0.826368
8401,0.902144
8402,0.936960
8403,0.861184
8404,0.950272
8405,0.892928
8406,0.896000
8407,0.937984
8408,0.870400
8409,0.904192
8410,0.929792
8411,0.891904
8412,0.911360
8413,0.876544
8414,0.961536
8415,0.906240
8416,0.928768
8417,0.934912
8418,0.936960
8419,0.900096
8420,0.972800
8421,0.871424
8422,0.942080
8423,0.910336
8424,0.911360
8425,0.915456
8426,0.959488
8427,0.838656
8428,0.940032
8429,0.893952
8430,0.912384
8431,0.940032
8432,0.901120
8433,0.943104
8434,0.947200
8435,1.094656
8436,0.826368
8437,0.661504
8438,0.509952
8439,0.324608
8440,0.330752
8441,0.357376
8442,0.356352
8443,0.334848
8444,0.378880
8445,0.290816
8446,0.166912
8447,0.162816
8448,0.161792
8449,0.159744
8450,0.159744
8451,0.153600
8452,0.877568
8453,0.905216
8454,0.918528
8455,0.926720
8456,0.884736
8457,0.888832
8458,0.877568
8459,0.921600
8460,0.868352
8461,0.952320
8462,0.899072
8463,0.882688
8464,0.921600
8465,0.914432
8466,0.928768
8467,0.929792
8468,0.872448
8469,0.857088
8470,0.927744
8471,0.877568
8472,0.929792
8473,0.898048
8474,0.908288
8475,0.949248
8476,0.968704
8477,0.889856
8478,0.879616
8479,0.879616
8480,0.904192
8481,0.930816
8482,0.841728
8483,0.961536
8484,0.771072
8485,0.922624
8486,0.943104
8487,0.951296
8488,0.899072
8489,0.915456
8490,0.920576
8491,0.908288
8492,0.912384
8493,0.900096
8494,0.923648
8495,0.959488
8496,0.969728
8497,0.907264
8498,0.873472
8499,0.944128
8500,0.901120
8501,0.880640
8502,0.905216
8503,0.921600
8504,0.904192
8505,0.901120
8506,0.872448
8507,0.876544
8508,0.840704
8509,0.754688
8510,0.826368
8511,0.904192
8512,0.840704
8513,0.894976
8514,0.875520
8515,0.919552
8516,0.899072
8517,0.570368
8518,0.892928
8519,0.922624
8520,0.925696
8521,0.913408
8522,0.862208
8523,0.859136
8524,0.869376
8525,0.812032
8526,0.827392
8527,0.839680
8528,0.861184
8529,0.892928
8530,0.843776
8531,0.865280
8532,0.937984
8533,0.926720
8534,0.889856
8535,0.907264
8536,0.924672
8537,0.892928
8538,0.936960
8539,0.918528
8540,0.880640
8541,0.907264
8542,0.916480
8543,0.913408
8544,0.886784
8545,0.889856
8546,0.863232
8547,0.889856
8548,0.896000
8549,0.840704
8550,0.829440
8551,0.908288
8552,0.892928
8553,0.899072
8554,0.875520
8555,0.873472
8556,0.880640
8557,0.900096
8558,0.902144
8559,0.881664
8560,0.945152
8561,0.894976
8562,0.934912
8563,0.882688
8564,0.930816
8565,0.909312
8566,0.910336
8567,0.902144
8568,0.937984
8569,0.896000
8570,0.891904
8571,0.927744
8572,0.912384
8573,0.886784
8574,0.881664
8575,0.860160
8576,0.904192
8577,0.843776
8578,0.881664
8579,0.914432
8580,0.885760
8581,0.911360
8582,0.899072
8583,0.868352
8584,0.867328
8585,0.913408
8586,0.872448
8587,0.885760
8588,0.961536
8589,0.849920
8590,0.889856
8591,0.932864
8592,0.896000
8593,0.878592
8594,0.843776
8595,0.883712
8596,0.912384
8597,0.884736
8598,0.872448
8599,0.881664
8600,2.366464
8601,2.473984
8602,0.849920
8603,0.878592
8604,0.873472
8605,0.916480
8606,0.869376
8607,0.907264
8608,0.944128
8609,0.912384
8610,0.946176
8611,0.885760
8612,0.896000
8613,0.850944
8614,0.928768
8615,0.943104
8616,0.931840
8617,0.858112
8618,0.951296
8619,0.887808
8620,0.880640
8621,0.907264
8622,0.864256
8623,0.852992
8624,0.910336
8625,0.923648
8626,0.898048
8627,0.865280
8628,0.864256
8629,0.941056
8630,0.871424
8631,0.933888
8632,0.861184
8633,0.898048
8634,0.872448
8635,0.904192
8636,0.912384
8637,3.373056
8638,0.902144
8639,0.850944
8640,0.899072
8641,0.896000
8642,0.706560
8643,0.476160
8644,0.362496
8645,0.372736
8646,0.317440
8647,0.310272
8648,0.297984
8649,0.191488
8650,0.182272
8651,0.186368
8652,0.189440
8653,0.185344
8654,0.797696
8655,1.844224
8656,0.905216
8657,0.868352
8658,0.929792
8659,0.888832
8660,0.911360
8661,0.901120
8662,2.038784
8663,0.832512
8664,3.453952
8665,0.880640
8666,0.871424
8667,0.912384
8668,0.883712
8669,0.900096
8670,0.894976
8671,0.900096
8672,0.900096
8673,0.892928
8674,0.908288
8675,0.873472
8676,0.833536
8677,0.890880
8678,0.885760
8679,0.818176
8680,0.823296
8681,0.823296
8682,0.936960
8683,0.880640
8684,0.905216
8685,0.818176
8686,0.908288
8687,0.881664
8688,0.881664
8689,0.904192
8690,0.952320
8691,0.873472
8692,0.891904
8693,0.903168
8694,0.908288
8695,0.932864
8696,0.939008
8697,0.912384
8698,0.877568
8699,0.889856
8700,0.946176
8701,0.885760
8702,0.928768
8703,0.933888
8704,0.888832
8705,0.926720
8706,0.924672
8707,0.812032
8708,0.875520
8709,0.871424
8710,0.909312
8711,0.921600
8712,0.944128
8713,0.915456
8714,0.894976
8715,0.750592
8716,0.586752
8717,0.844800
8718,0.913408
8719,0.946176
8720,0.919552
8721,0.859136
8722,0.838656
8723,0.839680
8724,0.869376
8725,0.799744
8726,0.871424
8727,0.924672
8728,0.906240
8729,0.880640
8730,0.918528
8731,0.923648
8732,0.926720
8733,0.899072
8734,0.892928
8735,0.889856
8736,0.840704
8737,0.861184
8738,0.908288
8739,0.904192
8740,0.856064
8741,0.892928
8742,0.888832
8743,0.900096
8744,0.836608
8745,0.892928
8746,0.894976
8747,0.864256
8748,0.887808
8749,0.926720
8750,0.905216
8751,0.900096
8752,0.879616
8753,0.930816
8754,0.877568
8755,0.930816
8756,0.921600
8757,0.905216
8758,0.893952
8759,0.904192
8760,0.925696
8761,0.907264
8762,0.864256
8763,0.880640
8764,0.932864
8765,0.900096
8766,0.894976
8767,0.891904
8768,0.892928
8769,0.892928
8770,0.898048
8771,0.890880
8772,0.908288
8773,0.901120
8774,0.845824
8775,0.900096
8776,0.830464
8777,0.866304
8778,0.830464
8779,0.891904
8780,0.798720
8781,0.648192
8782,0.464896
8783,36.230145
8784,0.892928
8785,0.878592
8786,0.878592
8787,0.901120
8788,0.881664
8789,0.887808
8790,0.847872
8791,0.880640
8792,0.925696
8793,0.916480
8794,0.915456
8795,0.875520
8796,0.828416
8797,0.902144
8798,0.863232
8799,0.883712
8800,0.904192
8801,1.043456
8802,0.837632
8803,0.677888
8804,0.879616
8805,0.863232
8806,0.840704
8807,0.840704
8808,0.877568
8809,0.880640
8810,0.822272
8811,0.891904
8812,0.861184
8813,0.845824
8814,0.892928
8815,0.838656
8816,0.873472
8817,0.919552
8818,0.860160
8819,0.879616
8820,0.926720
8821,0.879616
8822,0.913408
8823,0.904192
8824,0.899072
8825,0.913408
8826,0.933888
8827,0.902144
8828,0.892928
8829,0.857088
8830,0.907264
8831,0.909312
8832,0.851968
8833,0.898048
8834,0.901120
8835,0.912384
8836,0.862208
8837,0.916480
8838,0.886784
8839,0.896000
8840,0.897024
8841,0.803840
8842,0.866304
8843,0.867328
8844,0.856064
8845,0.912384
8846,0.900096
8847,0.871424
8848,0.927744
8849,0.842752
8850,0.743424
8851,0.587776
8852,0.535552
8853,0.549888
8854,0.507904
8855,0.519168
8856,0.528384
8857,0.719872
8858,0.977920
8859,0.887808
8860,0.885760
8861,0.899072
8862,0.926720
8863,0.878592
8864,0.947200
8865,0.897024
8866,0.922624
8867,0.926720
8868,0.892928
8869,0.910336
8870,0.898048
8871,0.872448
8872,0.907264
8873,0.869376
8874,0.884736
8875,0.906240
8876,0.883712
8877,0.829440
8878,0.586752
8879,0.859136
8880,0.905216
8881,0.880640
8882,0.849920
8883,0.870400
8884,0.893952
8885,0.919552
8886,0.929792
8887,0.832512
8888,0.855040
8889,0.877568
8890,0.889856
8891,0.896000
8892,0.845824
8893,0.828416
8894,0.848896
8895,0.869376
8896,0.870400
8897,0.879616
8898,0.908288
8899,0.879616
8900,0.919552
8901,0.900096
8902,0.875520
8903,0.892928
8904,0.867328
8905,0.880640
8906,0.890880
8907,0.926720
8908,0.886784
8909,0.884736
8910,0.896000
8911,0.910336
8912,0.912384
8913,0.906240
8914,0.893952
8915,0.879616
8916,0.875520
8917,0.905216
8918,0.881664
8919,0.917504
8920,0.919552
8921,0.947200
8922,0.910336
8923,0.988160
8924,0.800768
8925,0.776192
8926,0.503808
8927,0.458752
8928,0.702464
8929,0.890880
8930,0.919552
8931,0.898048
8932,0.885760
8933,0.854016
8934,0.882688
8935,0.875520
8936,0.872448
8937,0.883712
8938,0.804864
8939,0.827392
8940,0.858112
8941,0.898048
8942,0.880640
8943,0.905216
8944,0.849920
8945,0.902144
8946,0.875520
8947,0.873472
8948,0.898048
8949,0.866304
8950,0.868352
8951,0.918528
8952,0.871424
8953,0.871424
8954,0.832512
8955,0.907264
8956,0.908288
8957,0.880640
8958,0.889856
8959,0.908288
8960,0.890880
8961,0.887808
8962,0.840704
8963,0.860160
8964,0.865280
8965,0.892928
8966,0.860160
8967,0.825344
8968,0.890880
8969,0.888832
8970,0.864256
8971,0.863232
8972,0.845824
8973,0.855040
8974,0.836608
8975,0.881664
8976,0.882688
8977,0.865280
8978,0.817152
8979,0.832512
8980,0.864256
8981,0.821248
8982,0.860160
8983,0.866304
8984,0.888832
8985,0.886784
8986,0.851968
8987,0.898048
8988,0.891904
8989,0.920576
8990,0.890880
8991,0.880640
8992,0.848896
8993,0.848896
8994,0.855040
8995,0.871424
8996,0.813056
8997,0.686080
8998,0.350208
8999,0.437248
9000,0.521216
9001,0.397312
9002,0.353280
9003,0.346112
9004,0.828416
9005,0.903168
9006,0.885760
9007,0.919552
9008,0.885760
9009,0.925696
9010,0.871424
9011,0.875520
9012,0.920576
9013,0.858112
9014,0.889856
9015,0.940032
9016,0.900096
9017,0.852992
9018,0.876544
9019,0.866304
9020,0.888832
9021,0.903168
9022,0.901120
9023,0.849920
9024,0.870400
9025,0.882688
9026,0.861184
9027,0.815104
9028,0.863232
9029,0.867328
9030,0.802816
9031,0.814080
9032,0.838656
9033,0.884736
9034,0.891904
9035,0.894976
9036,0.860160
9037,0.902144
9038,0.859136
9039,0.920576
9040,1.069056
9041,0.719872
9042,0.865280
9043,0.878592
9044,0.915456
9045,0.906240
9046,0.904192
9047,0.868352
9048,0.883712
9049,0.898048
9050,0.862208
9051,0.868352
9052,0.845824
9053,0.832512
9054,0.843776
9055,0.837632
9056,0.829440
9057,0.863232
9058,0.877568
9059,0.881664
9060,0.874496
9061,0.897024
9062,0.841728
9063,0.869376
9064,0.865280
9065,0.878592
9066,0.902144
9067,0.915456
9068,0.873472
9069,0.871424
9070,0.874496
9071,0.625664
9072,0.849920
9073,0.884736
9074,0.899072
9075,0.856064
9076,0.861184
9077,0.893952
9078,0.833536
9079,0.835584
9080,0.805888
9081,0.854016
9082,0.923648
9083,0.819200
9084,0.840704
9085,0.903168
9086,0.840704
9087,0.845824
9088,0.889856
9089,0.860160
9090,0.861184
9091,0.881664
9092,0.864256
9093,0.874496
9094,0.864256
9095,0.889856
9096,0.843776
9097,0.852992
9098,0.820224
9099,0.915456
9100,0.866304
9101,0.865280
9102,0.900096
9103,0.874496
9104,0.881664
9105,0.871424
9106,0.860160
9107,0.862208
9108,0.965632
9109,3.032064
9110,0.838656
9111,0.883712
9112,0.904192
9113,0.813056
9114,0.830464
9115,0.805888
9116,0.822272
9117,1.959936
9118,0.811008
9119,0.889856
9120,0.839680
9121,0.833536
9122,0.830464
9123,2.000896
9124,0.835584
9125,3.381248
9126,0.825344
9127,0.903168
9128,0.880640
9129,0.847872
9130,0.872448
9131,0.846848
9132,0.874496
9133,0.868352
9134,0.652288
9135,0.575488
9136,0.534528
9137,0.325632
9138,0.299008
9139,0.761856
9140,0.858112
9141,0.901120
9142,0.878592
9143,0.898048
9144,0.893952
9145,0.890880
9146,0.820224
9147,0.849920
9148,0.847872
9149,0.852992
9150,0.866304
9151,0.886784
9152,0.882688
9153,0.898048
9154,0.869376
9155,0.857088
9156,0.871424
9157,0.865280
9158,0.862208
9159,0.847872
9160,0.883712
9161,0.858112
9162,0.833536
9163,0.845824
9164,0.794624
9165,0.819200
9166,0.769024
9167,0.846848
9168,0.867328
9169,0.794624
9170,0.928768
9171,0.813056
9172,0.905216
9173,0.827392
9174,0.875520
9175,0.832512
9176,0.847872
9177,0.844800
9178,0.858112
9179,0.854016
9180,0.939008
9181,0.644096
9182,0.348160
9183,0.833536
9184,0.896000
9185,0.881664
9186,0.856064
9187,0.863232
9188,0.855040
9189,0.893952
9190,0.869376
9191,0.859136
9192,0.830464
9193,0.856064
9194,0.885760
9195,0.850944
9196,0.811008
9197,0.918528
9198,0.870400
9199,0.888832
9200,0.845824
9201,0.837632
9202,0.884736
9203,0.887808
9204,0.829440
9205,0.877568
9206,0.851968
9207,0.874496
9208,0.813056
9209,0.679936
9210,0.553984
9211,0.548864
9212,0.529408
9213,0.804864
9214,0.808960
9215,0.859136
9216,0.884736
9217,0.898048
9218,0.828416
9219,0.901120
9220,0.839680
9221,0.849920
9222,0.873472
9223,0.834560
9224,0.862208
9225,0.873472
9226,0.880640
9227,0.861184
9228,0.870400
9229,0.830464
9230,0.900096
9231,0.859136
9232,0.878592
9233,0.906240
9234,0.868352
9235,0.872448
9236,0.877568
9237,0.867328
9238,0.824320
9239,0.879616
9240,0.897024
9241,0.883712
9242,0.835584
9243,0.865280
9244,0.870400
9245,0.863232
9246,0.849920
9247,0.829440
9248,0.770048
9249,0.785408
9250,0.789504
9251,0.841728
9252,0.865280
9253,0.883712
9254,0.872448
9255,0.946176
9256,0.792576
9257,0.885760
9258,0.896000
9259,0.875520
9260,0.880640
9261,0.899072
9262,0.846848
9263,0.829440
9264,0.892928
9265,0.883712
9266,0.867328
9267,0.860160
9268,0.886784
9269,0.866304
9270,0.898048
9271,0.864256
9272,0.880640
9273,0.872448
9274,0.884736
9275,0.907264
9276,0.826368
9277,0.861184
9278,0.863232
9279,0.867328
9280,0.892928
9281,0.883712
9282,0.872448
9283,0.757760
9284,0.660480
9285,0.661504
9286,0.614400
9287,0.528384
9288,0.477184
9289,0.809984
9290,0.890880
9291,0.838656
9292,0.832512
9293,0.871424
9294,0.868352
9295,0.857088
9296,0.879616
9297,0.903168
9298,0.864256
9299,0.851968
9300,0.875520
9301,0.852992
9302,0.839680
9303,0.862208
9304,0.795648
9305,0.868352
9306,0.869376
9307,0.858112
9308,0.845824
9309,0.896000
9310,0.884736
9311,0.903168
9312,0.842752
9313,0.823296
9314,0.824320
9315,0.849920
9316,0.888832
9317,0.831488
9318,0.823296
9319,0.805888
9320,0.769024
9321,0.822272
9322,0.854016
9323,0.848896
9324,0.854016
9325,0.889856
9326,0.841728
9327,0.866304
9328,0.870400
9329,0.904192
9330,0.851968
9331,0.864256
9332,0.892928
9333,0.862208
9334,0.831488
9335,0.859136
9336,0.852992
9337,0.891904
9338,0.844800
9339,0.887808
9340,0.909312
9341,2.344960
9342,2.344960
9343,0.730112
9344,0.870400
9345,0.887808
9346,0.816128
9347,0.880640
9348,0.844800
9349,0.808960
9350,0.851968
9351,0.829440
9352,0.827392
9353,0.864256
9354,0.883712
9355,0.833536
9356,0.776192
9357,0.703488
9358,0.692224
9359,0.592896
9360,0.555008
9361,0.424960
9362,0.257024
9363,0.812032
9364,0.819200
9365,0.858112
9366,0.865280
9367,0.838656
9368,0.889856
9369,0.846848
9370,0.839680
9371,0.845824
9372,0.868352
9373,0.859136
9374,0.839680
9375,0.838656
9376,0.818176
9377,0.836608
9378,0.862208
9379,0.832512
9380,0.865280
9381,0.833536
9382,0.865280
9383,0.790528
9384,0.863232
9385,0.824320
9386,0.775168
9387,0.846848
9388,0.890880
9389,0.814080
9390,0.827392
9391,0.846848
9392,0.841728
9393,0.846848
9394,0.860160
9395,0.856064
9396,0.796672
9397,3.203072
9398,0.794624
9399,0.815104
9400,0.850944
9401,0.859136
9402,0.813056
9403,0.872448
9404,0.824320
9405,1.926144
9406,0.751616
9407,0.843776
9408,0.852992
9409,0.875520
9410,0.845824
9411,0.871424
9412,1.885184
9413,0.808960
9414,3.151872
9415,0.877568
9416,0.809984
9417,0.807936
9418,0.801792
9419,0.869376
9420,0.841728
9421,0.825344
9422,0.862208
9423,0.846848
9424,0.814080
9425,0.799744
9426,0.839680
9427,0.731136
9428,0.580608
9429,0.823296
9430,0.787456
9431,0.817152
9432,0.808960
9433,0.776192
9434,0.816128
9435,0.822272
9436,0.816128
9437,0.811008
9438,0.830464
9439,0.793600
9440,0.808960
9441,0.796672
9442,0.778240
9443,0.840704
9444,0.804864
9445,0.765952
9446,0.808960
9447,0.795648
9448,0.707584
9449,0.700416
9450,0.701440
9451,0.679936
9452,0.744448
9453,0.712704
9454,0.796672
9455,0.755712
9456,0.715776
9457,0.736256
9458,0.738304
9459,0.733184
9460,0.719872
9461,0.755712
9462,0.765952
9463,0.743424
9464,0.722944
9465,0.727040
9466,0.729088
9467,0.738304
9468,0.740352
9469,0.739328
9470,0.746496
9471,0.690176
9472,0.727040
9473,0.724992
9474,0.732160
9475,0.762880
9476,0.730112
9477,0.778240
9478,0.750592
9479,0.739328
9480,0.726016
9481,0.746496
9482,0.730112
9483,0.787456
9484,0.800768
9485,0.813056
9486,0.745472
9487,0.752640
9488,0.733184
9489,0.770048
9490,0.768000
9491,0.736256
9492,0.748544
9493,0.743424
9494,0.772096
9495,0.789504
9496,0.760832
9497,0.737280
9498,0.715776
9499,0.734208
9500,0.747520
9501,0.746496
9502,0.769024
9503,0.757760
9504,0.742400
9505,0.709632
9506,0.696320
9507,0.738304
9508,0.724992
9509,0.719872
9510,0.733184
9511,0.729088
9512,0.699392
9513,0.585728
9514,0.742400
9515,0.730112
9516,0.687104
9517,0.715776
9518,0.699392
9519,0.719872
9520,0.685056
9521,0.731136
9522,0.723968
9523,0.741376
9524,0.690176
9525,0.712704
9526,0.673792
9527,0.716800
9528,0.715776
9529,0.712704
9530,0.699392
9531,0.686080
9532,0.680960
9533,0.706560
9534,0.705536
9535,0.697344
9536,0.695296
9537,0.697344
9538,0.721920
9539,0.706560
9540,0.722944
9541,0.702464
9542,0.666624
9543,0.720896
9544,0.689152
9545,0.701440
9546,0.691200
9547,0.722944
9548,0.714752
9549,0.707584
9550,0.713728
9551,0.731136
9552,0.724992
9553,0.749568
9554,0.614400
9555,0.539648
9556,0.709632
9557,0.733184
9558,0.677888
9559,0.681984
9560,0.671744
9561,0.674816
9562,0.737280
9563,0.711680
9564,0.726016
9565,0.672768
9566,0.715776
9567,0.655360
9568,0.689152
9569,0.713728
9570,0.665600
9571,2.356224
9572,0.686080
9573,0.733184
9574,2.250752
9575,0.745472
9576,0.708608
9577,0.735232
9578,0.733184
9579,0.689152
9580,0.643072
9581,0.722944
9582,0.665600
9583,0.705536
9584,0.704512
9585,0.715776
9586,0.756736
9587,0.711680
9588,0.697344
9589,0.685056
9590,0.694272
9591,0.668672
9592,0.709632
9593,0.680960
9594,0.707584
9595,0.701440
9596,0.698368
9597,0.717824
9598,0.688128
9599,0.724992
9600,0.694272
9601,0.746496
9602,0.752640
9603,0.685056
9604,0.620544
9605,0.555008
9606,0.545792
9607,0.561152
9608,0.696320
9609,0.662528
9610,0.644096
9611,0.660480
9612,0.684032
9613,0.631808
9614,0.675840
9615,0.438272
9616,0.654336
9617,0.609280
9618,0.589824
9619,0.679936
9620,0.606208
9621,0.700416
9622,0.658432
9623,0.687104
9624,0.667648
9625,0.700416
9626,0.698368
9627,0.676864
9628,0.665600
9629,0.666624
9630,0.643072
9631,0.694272
9632,0.668672
9633,0.651264
9634,0.641024
9635,0.671744
9636,0.657408
9637,0.662528
9638,0.673792
9639,1.718272
9640,0.657408
9641,0.672768
9642,0.598016
9643,0.629760
9644,0.671744
9645,0.663552
9646,0.622592
9647,1.862656
9648,0.599040
9649,2.894848
9650,0.630784
9651,0.600064
9652,0.659456
9653,0.631808
9654,0.628736
9655,0.631808
9656,0.623616
9657,0.649216
9658,0.607232
9659,0.631808
9660,0.607232
9661,0.589824
9662,0.643072
9663,0.620544
9664,0.598016
9665,0.659456
9666,0.621568
9667,0.632832
9668,0.582656
9669,0.622592
9670,0.626688
9671,0.602112
9672,0.622592
9673,0.642048
9674,0.587776
9675,0.616448
9676,0.669696
9677,0.618496
9678,0.613376
9679,0.617472
9680,0.638976
9681,0.621568
9682,0.610304
9683,0.625664
9684,0.592896
9685,0.617472
9686,0.620544
9687,0.649216
9688,0.619520
9689,0.600064
9690,0.627712
9691,0.623616
9692,0.631808
9693,0.621568
9694,0.627712
9695,0.660480
9696,0.632832
9697,0.434176
9698,0.406528
9699,0.325632
9700,0.342016
9701,0.559104
9702,0.628736
9703,0.575488
9704,0.559104
9705,0.557056
9706,0.541696
9707,0.540672
9708,0.545792
9709,0.607232
9710,0.577536
9711,0.606208
9712,0.579584
9713,0.586752
9714,0.580608
9715,0.544768
9716,0.547840
9717,0.552960
9718,0.587776
9719,0.546816
9720,0.551936
9721,0.551936
9722,0.576512
9723,0.579584
9724,0.570368
9725,0.535552
9726,0.551936
9727,0.540672
9728,0.555008
9729,0.566272
9730,0.593920
9731,0.541696
9732,0.572416
9733,0.602112
9734,0.556032
9735,0.540672
9736,0.555008
9737,0.568320
9738,0.559104
9739,0.603136
9740,0.557056
9741,0.587776
9742,0.557056
9743,0.560128
9744,0.571392
9745,0.543744
9746,0.592896
9747,0.582656
9748,0.556032
9749,0.555008
9750,0.558080
9751,0.559104
9752,0.540672
9753,0.582656
9754,0.553984
9755,0.716800
9756,0.506880
9757,0.519168
9758,0.549888
9759,0.546816
9760,0.551936
9761,0.513024
9762,0.585728
9763,0.560128
9764,0.524288
9765,0.530432
9766,0.556032
9767,0.589824
9768,0.534528
9769,0.527360
9770,0.489472
9771,0.540672
9772,0.520192
9773,0.544768
9774,0.512000
9775,0.543744
9776,0.528384
9777,0.529408
9778,0.480256
9779,0.531456
9780,0.510976
9781,0.465920
9782,0.509952
9783,0.524288
9784,0.521216
9785,0.489472
9786,0.498688
9787,0.506880
9788,0.507904
9789,0.535552
9790,0.508928
9791,0.509952
9792,0.524288
9793,0.551936
9794,0.507904
9795,0.505856
9796,0.482304
9797,0.514048
9798,0.496640
9799,0.504832
9800,0.484352
9801,0.490496
9802,0.494592
9803,0.476160
9804,0.522240
9805,0.507904
9806,0.447488
9807,0.482304
9808,0.459776
9809,0.460800
9810,0.458752
9811,0.451584
9812,0.481280
9813,0.465920
9814,0.452608
9815,0.461824
9816,0.465920
9817,0.486400
9818,0.452608
9819,0.524288
9820,0.449536
9821,0.452608
9822,0.429056
9823,0.454656
9824,0.451584
9825,0.427008
9826,0.458752
9827,0.423936
9828,0.408576
9829,0.416768
9830,0.432128
9831,0.427008
9832,0.376832
9833,0.441344
9834,0.423936
9835,0.393216
9836,0.462848
9837,0.401408
9838,0.430080
9839,0.401408
9840,0.398336
9841,0.366592
9842,0.402432
9843,0.360448
9844,0.384000
9845,0.396288
9846,0.354304
9847,0.342016
9848,0.333824
9849,0.335872
9850,0.326656
9851,0.340992
9852,0.338944
9853,0.303104
9854,0.322560
9855,0.323584
9856,0.307200
9857,0.284672
9858,0.316416
9859,0.293888
9860,0.321536
9861,0.301056
9862,0.322560
9863,0.295936
9864,0.268288
9865,0.289792
9866,0.267264
9867,0.270336
9868,0.272384
9869,0.262144
9870,0.274432
9871,0.282624
9872,0.282624
9873,0.297984
9874,0.284672
9875,0.268288
9876,0.265216
9877,0.283648
9878,0.274432
9879,0.269312
9880,0.303104
9881,0.285696
9882,0.269312
9883,0.271360
9884,0.267264
9885,0.280576
9886,0.268288
9887,0.291840
9888,0.304128
9889,0.271360
9890,0.272384
9891,0.267264
9892,0.271360
9893,0.297984
9894,0.203776
9895,0.169984
9896,0.167936
9897,0.163840
9898,0.164864
9899,0.164864
9900,0.160768
9901,0.160768
9902,0.158720
9903,0.159744
9904,0.160768
9905,0.161792
9906,0.161792
9907,0.156672
9908,0.163840
9909,0.158720
9910,0.158720
9911,0.162816
9912,0.158720
9913,0.158720
9914,0.158720
9915,0.157696
9916,0.160768
9917,0.159744
9918,0.256000
9919,0.208896
9920,0.216064
9921,0.215040
9922,0.215040
9923,0.219136
9924,0.210944
9925,0.218112
9926,0.214016
9927,0.204800
9928,0.224256
9929,0.210944
9930,0.220160
9931,0.225280
9932,0.209920
9933,0.212992
9934,0.206848
9935,0.203776
9936,0.203776
9937,0.186368
9938,0.195584
9939,0.185344
9940,0.194560
9941,0.187392
9942,0.202752
9943,0.197632
9944,0.196608
9945,0.198656
9946,0.192512
9947,0.198656
9948,0.192512
9949,0.196608
9950,0.181248
9951,0.189440
9952,0.197632
9953,0.186368
9954,0.181248
9955,0.187392
9956,0.189440
9957,0.187392
9958,0.201728
9959,0.185344
9960,0.187392
9961,0.184320
9962,0.180224
9963,0.183296
9964,0.190464
9965,0.189440
9966,0.191488
9967,0.185344
9968,0.190464
9969,0.196608
9970,0.192512
9971,0.184320
9972,0.186368
9973,0.187392
9974,0.188416
9975,0.195584
9976,0.203776
9977,0.187392
9978,0.190464
9979,0.183296
9980,0.186368
9981,0.186368
9982,0.184320
9983,0.190464
9984,0.180224
9985,0.189440
9986,0.191488
9987,0.187392
9988,0.184320
9989,0.185344
9990,0.178176
9991,0.184320
9992,0.186368
9993,0.174080
9994,0.179200
9995,0.179200
9996,0.181248
9997,0.185344
9998,0.180224
9999,0.187392
