iter,ms
0,0.695296
1,0.738304
2,0.743424
3,0.751616
4,0.752640
5,0.714752
6,0.699392
7,0.715776
8,0.690176
9,0.737280
10,0.694272
11,0.741376
12,0.727040
13,0.802816
14,0.718848
15,0.688128
16,0.785408
17,0.718848
18,0.752640
19,0.732160
20,0.724992
21,0.743424
22,0.703488
23,0.705536
24,0.662528
25,0.686080
26,0.759808
27,0.706560
28,0.679936
29,0.738304
30,0.722944
31,0.695296
32,0.757760
33,0.740352
34,0.707584
35,0.658432
36,0.713728
37,0.805888
38,0.799744
39,0.706560
40,0.755712
41,0.549888
42,0.656384
43,0.786432
44,0.691200
45,0.766976
46,0.758784
47,0.729088
48,0.745472
49,0.804864
50,0.736256
51,0.688128
52,0.746496
53,0.727040
54,0.691200
55,0.787456
56,0.505856
57,0.701440
58,0.781312
59,0.760832
60,0.815104
61,0.766976
62,0.800768
63,0.719872
64,0.684032
65,0.811008
66,0.801792
67,0.712704
68,0.593920
69,0.508928
70,0.438272
71,0.336896
72,0.328704
73,0.295936
74,0.274432
75,0.254976
76,0.245760
77,0.196608
78,0.182272
79,0.199680
80,0.195584
81,0.182272
82,0.756736
83,0.743424
84,0.662528
85,0.802816
86,0.425984
87,0.648192
88,0.842752
89,0.821248
90,0.822272
91,0.820224
92,0.787456
93,0.834560
94,0.774144
95,0.795648
96,0.803840
97,0.792576
98,0.787456
99,0.791552
100,0.795648
101,0.797696
102,0.803840
103,0.799744
104,0.864256
105,0.801792
106,0.829440
107,0.816128
108,0.788480
109,0.852992
110,0.856064
111,0.817152
112,0.825344
113,0.824320
114,0.805888
115,0.833536
116,0.822272
117,0.833536
118,0.798720
119,0.786432
120,0.809984
121,0.817152
122,0.822272
123,0.773120
124,0.817152
125,0.757760
126,0.843776
127,0.811008
128,0.766976
129,0.789504
130,1.036288
131,0.691200
132,0.848896
133,0.844800
134,0.839680
135,0.844800
136,0.827392
137,0.823296
138,0.806912
139,0.794624
140,0.771072
141,0.744448
142,0.790528
143,0.814080
144,0.821248
145,0.804864
146,0.801792
147,0.862208
148,0.827392
149,0.821248
150,0.809984
151,0.835584
152,0.847872
153,0.735232
154,0.658432
155,0.407552
156,0.311296
157,0.296960
158,0.299008
159,0.316416
160,0.307200
161,0.315392
162,0.210944
163,0.185344
164,0.185344
165,0.185344
166,0.174080
167,0.736256
168,0.872448
169,0.825344
170,0.880640
171,0.847872
172,0.826368
173,0.852992
174,0.845824
175,0.837632
176,0.836608
177,0.872448
178,0.896000
179,0.804864
180,0.852992
181,0.889856
182,0.897024
183,0.852992
184,0.850944
185,0.841728
186,0.872448
187,0.893952
188,0.885760
189,0.883712
190,0.855040
191,0.848896
192,0.897024
193,0.900096
194,0.886784
195,0.864256
196,0.851968
197,0.851968
198,0.902144
199,0.865280
200,0.783360
201,0.864256
202,0.890880
203,0.880640
204,0.887808
205,0.876544
206,0.826368
207,0.913408
208,0.888832
209,0.884736
210,0.898048
211,0.860160
212,0.878592
213,0.826368
214,0.967680
215,0.858112
216,0.839680
217,0.858112
218,0.820224
219,0.802816
220,0.878592
221,0.872448
222,0.906240
223,0.939008
224,0.916480
225,0.868352
226,0.889856
227,0.911360
228,0.993280
229,0.906240
230,0.912384
231,0.882688
232,0.852992
233,0.782336
234,0.669696
235,0.586752
236,0.483328
237,0.471040
238,0.432128
239,0.485376
240,0.774144
241,0.883712
242,0.908288
243,0.927744
244,0.893952
245,0.905216
246,0.921600
247,0.917504
248,0.994304
249,0.868352
250,0.930816
251,0.952320
252,0.904192
253,0.918528
254,0.910336
255,0.898048
256,0.926720
257,0.927744
258,0.831488
259,0.918528
260,0.900096
261,0.865280
262,0.916480
263,0.944128
264,0.913408
265,0.909312
266,0.869376
267,0.909312
268,0.887808
269,0.890880
270,0.886784
271,0.909312
272,0.919552
273,0.921600
274,0.878592
275,0.922624
276,0.837632
277,0.904192
278,0.891904
279,0.931840
280,0.899072
281,0.909312
282,0.881664
283,0.858112
284,0.902144
285,0.926720
286,0.868352
287,0.956416
288,0.847872
289,0.911360
290,0.904192
291,0.905216
292,0.868352
293,0.924672
294,0.881664
295,0.899072
296,0.906240
297,0.922624
298,0.909312
299,0.857088
300,0.917504
301,0.887808
302,0.871424
303,0.848896
304,0.750592
305,0.645120
306,0.903168
307,0.883712
308,0.898048
309,0.891904
310,0.917504
311,0.935936
312,0.931840
313,0.897024
314,0.872448
315,0.889856
316,0.907264
317,0.899072
318,0.927744
319,0.873472
320,0.847872
321,0.811008
322,0.814080
323,0.962560
324,0.875520
325,0.867328
326,0.939008
327,0.850944
328,0.867328
329,0.885760
330,0.871424
331,0.859136
332,0.883712
333,0.888832
334,0.872448
335,0.943104
336,0.873472
337,0.900096
338,0.897024
339,0.936960
340,0.909312
341,0.892928
342,0.952320
343,0.926720
344,0.949248
345,0.948224
346,0.905216
347,0.922624
348,0.867328
349,0.950272
350,0.928768
351,0.916480
352,0.913408
353,0.946176
354,0.877568
355,0.908288
356,0.906240
357,0.879616
358,0.867328
359,0.850944
360,0.906240
361,0.881664
362,0.949248
363,0.931840
364,0.908288
365,0.927744
366,0.878592
367,0.907264
368,0.933888
369,0.929792
370,0.802816
371,0.624640
372,0.536576
373,0.413696
374,0.427008
375,0.374784
376,0.395264
377,0.358400
378,0.312320
379,0.302080
380,0.600064
381,0.674816
382,0.649216
383,0.797696
384,0.879616
385,0.852992
386,0.868352
387,0.890880
388,0.859136
389,0.841728
390,0.925696
391,0.848896
392,0.917504
393,0.951296
394,0.877568
395,0.900096
396,0.917504
397,0.942080
398,0.926720
399,0.857088
400,0.888832
401,0.906240
402,0.881664
403,0.948224
404,0.906240
405,0.927744
406,0.955392
407,0.904192
408,0.918528
409,0.944128
410,0.885760
411,0.897024
412,0.894976
413,0.907264
414,0.954368
415,0.922624
416,0.935936
417,0.923648
418,0.903168
419,0.930816
420,0.904192
421,0.907264
422,0.945152
423,0.888832
424,0.910336
425,0.972800
426,0.847872
427,0.940032
428,0.951296
429,0.971776
430,0.932864
431,0.925696
432,0.904192
433,0.954368
434,0.876544
435,0.883712
436,0.931840
437,0.924672
438,0.940032
439,0.924672
440,0.940032
441,0.896000
442,0.912384
443,0.917504
444,0.865280
445,0.720896
446,0.643072
447,0.534528
448,0.451584
449,0.438272
450,0.326656
451,0.216064
452,0.218112
453,0.227328
454,0.885760
455,0.915456
456,0.918528
457,0.976896
458,0.946176
459,0.906240
460,0.936960
461,0.917504
462,0.903168
463,1.003520
464,0.838656
465,0.974848
466,0.899072
467,0.964608
468,0.890880
469,0.896000
470,0.908288
471,0.896000
472,0.909312
473,0.908288
474,0.897024
475,0.923648
476,0.881664
477,0.963584
478,0.873472
479,0.923648
480,0.879616
481,0.896000
482,0.885760
483,0.910336
484,0.860160
485,0.886784
486,0.870400
487,0.936960
488,0.943104
489,0.892928
490,0.947200
491,0.931840
492,0.932864
493,0.920576
494,0.920576
495,0.893952
496,0.905216
497,0.912384
498,0.929792
499,0.774144
500,0.884736
501,0.820224
502,0.915456
503,0.909312
504,0.858112
505,0.875520
506,0.933888
507,0.958464
508,0.906240
509,0.888832
510,0.937984
511,0.987136
512,0.918528
513,0.958464
514,0.967680
515,0.953344
516,0.898048
517,0.906240
518,0.700416
519,0.667648
520,0.911360
521,0.923648
522,0.921600
523,0.949248
524,0.888832
525,0.861184
526,0.929792
527,0.898048
528,0.876544
529,0.826368
530,0.921600
531,0.881664
532,0.919552
533,0.917504
534,0.933888
535,0.859136
536,1.104896
537,0.883712
538,0.869376
539,0.839680
540,0.906240
541,0.925696
542,0.880640
543,0.917504
544,0.922624
545,0.917504
546,0.905216
547,0.940032
548,0.900096
549,0.890880
550,0.885760
551,0.881664
552,0.842752
553,0.917504
554,0.914432
555,0.905216
556,0.918528
557,0.843776
558,0.884736
559,0.841728
560,0.880640
561,0.923648
562,0.907264
563,0.943104
564,0.907264
565,0.914432
566,0.898048
567,0.911360
568,0.941056
569,0.865280
570,0.866304
571,0.935936
572,0.922624
573,0.893952
574,0.875520
575,0.911360
576,0.915456
577,0.931840
578,0.911360
579,0.890880
580,0.941056
581,0.911360
582,0.896000
583,0.870400
584,0.768000
585,0.709632
586,0.936960
587,0.920576
588,0.945152
589,0.928768
590,0.874496
591,0.906240
592,0.941056
593,0.896000
594,0.875520
595,0.919552
596,0.916480
597,0.912384
598,0.909312
599,0.930816
600,0.930816
601,0.900096
602,0.854016
603,0.886784
604,0.882688
605,0.883712
606,0.803840
607,0.824320
608,0.855040
609,0.894976
610,0.927744
611,0.901120
612,0.911360
613,0.912384
614,0.908288
615,0.894976
616,0.961536
617,0.900096
618,0.941056
619,0.889856
620,0.932864
621,0.873472
622,0.939008
623,0.921600
624,0.958464
625,0.931840
626,0.948224
627,0.948224
628,0.934912
629,0.956416
630,0.882688
631,0.946176
632,0.893952
633,0.906240
634,0.901120
635,0.923648
636,0.925696
637,0.909312
638,0.923648
639,0.914432
640,0.971776
641,0.894976
642,0.928768
643,0.932864
644,0.911360
645,0.921600
646,0.871424
647,0.915456
648,0.877568
649,0.751616
650,0.541696
651,0.701440
652,0.933888
653,0.918528
654,0.934912
655,0.844800
656,0.950272
657,0.947200
658,0.756736
659,0.900096
660,0.973824
661,0.884736
662,0.871424
663,0.918528
664,0.937984
665,0.916480
666,0.913408
667,0.889856
668,0.868352
669,0.887808
670,0.902144
671,0.871424
672,0.861184
673,0.820224
674,0.889856
675,0.839680
676,0.898048
677,0.857088
678,0.935936
679,0.857088
680,0.918528
681,0.922624
682,0.873472
683,0.837632
684,0.994304
685,0.852992
686,0.932864
687,0.843776
688,0.921600
689,0.911360
690,0.903168
691,0.935936
692,0.902144
693,0.921600
694,0.907264
695,0.928768
696,0.913408
697,0.956416
698,0.945152
699,0.932864
700,0.896000
701,0.944128
702,0.875520
703,0.943104
704,0.871424
705,0.860160
706,0.928768
707,0.884736
708,0.878592
709,0.931840
710,0.942080
711,0.899072
712,0.915456
713,0.907264
714,0.962560
715,0.866304
716,0.754688
717,0.661504
718,0.915456
719,0.849920
720,0.887808
721,0.883712
722,0.831488
723,0.872448
724,0.894976
725,0.910336
726,0.922624
727,0.896000
728,0.900096
729,0.905216
730,0.907264
731,0.897024
732,0.945152
733,0.909312
734,0.934912
735,0.967680
736,0.904192
737,0.899072
738,0.870400
739,0.931840
740,0.888832
741,0.960512
742,0.893952
743,0.914432
744,0.832512
745,0.933888
746,0.858112
747,0.923648
748,0.890880
749,0.902144
750,0.890880
751,0.875520
752,0.894976
753,0.931840
754,0.872448
755,0.918528
756,0.904192
757,0.917504
758,0.904192
759,0.965632
760,0.925696
761,0.873472
762,0.930816
763,0.901120
764,0.941056
765,0.877568
766,0.904192
767,0.951296
768,0.919552
769,0.941056
770,0.920576
771,0.960512
772,0.907264
773,0.866304
774,0.825344
775,0.873472
776,0.874496
777,0.885760
778,0.896000
779,0.939008
780,1.082368
781,0.862208
782,0.530432
783,0.496640
784,0.826368
785,0.958464
786,0.924672
787,0.905216
788,0.955392
789,0.935936
790,0.926720
791,0.965632
792,0.958464
793,0.931840
794,0.910336
795,0.897024
796,0.920576
797,0.933888
798,0.933888
799,0.930816
800,0.930816
801,0.890880
802,0.892928
803,0.909312
804,0.891904
805,0.891904
806,0.888832
807,0.870400
808,0.908288
809,0.907264
810,0.893952
811,0.843776
812,0.834560
813,0.851968
814,0.882688
815,0.915456
816,0.919552
817,0.926720
818,0.933888
819,0.946176
820,0.909312
821,0.925696
822,0.894976
823,0.956416
824,0.887808
825,0.859136
826,0.930816
827,0.923648
828,0.855040
829,0.904192
830,0.894976
831,0.941056
832,0.907264
833,0.947200
834,0.954368
835,0.918528
836,0.912384
837,0.878592
838,0.916480
839,0.929792
840,0.891904
841,0.966656
842,0.934912
843,0.919552
844,0.896000
845,0.931840
846,0.920576
847,0.890880
848,0.553984
849,0.701440
850,0.977920
851,0.912384
852,0.949248
853,0.892928
854,0.899072
855,0.973824
856,0.901120
857,0.985088
858,0.944128
859,0.925696
860,0.963584
861,0.921600
862,0.891904
863,0.926720
864,0.878592
865,0.905216
866,0.885760
867,0.928768
868,0.910336
869,0.886784
870,0.893952
871,0.930816
872,0.896000
873,0.817152
874,0.861184
875,0.865280
876,0.884736
877,0.915456
878,0.892928
879,0.936960
880,0.929792
881,0.869376
882,0.917504
883,0.868352
884,0.909312
885,0.922624
886,0.894976
887,0.958464
888,0.914432
889,0.920576
890,0.937984
891,0.868352
892,0.931840
893,0.871424
894,0.950272
895,0.890880
896,0.947200
897,0.919552
898,0.950272
899,0.932864
900,0.927744
901,0.949248
902,0.934912
903,0.920576
904,0.960512
905,0.891904
906,0.931840
907,0.948224
908,0.923648
909,0.951296
910,0.934912
911,0.875520
912,0.883712
913,0.783360
914,0.589824
915,0.536576
916,0.495616
917,0.350208
918,0.790528
919,0.952320
920,0.887808
921,0.907264
922,0.913408
923,0.937984
924,0.745472
925,0.884736
926,0.916480
927,0.875520
928,0.922624
929,0.914432
930,0.978944
931,0.876544
932,0.894976
933,0.924672
934,0.918528
935,0.909312
936,0.910336
937,0.907264
938,0.912384
939,0.917504
940,0.962560
941,0.928768
942,0.957440
943,0.881664
944,0.966656
945,0.863232
946,0.911360
947,0.951296
948,0.921600
949,0.916480
950,0.902144
951,0.917504
952,0.921600
953,0.872448
954,0.947200
955,0.871424
956,0.910336
957,0.893952
958,0.920576
959,0.894976
960,0.921600
961,0.942080
962,0.935936
963,0.908288
964,0.958464
965,0.897024
966,0.962560
967,0.953344
968,0.900096
969,0.943104
970,0.943104
971,0.921600
972,0.948224
973,0.942080
974,0.940032
975,0.905216
976,0.878592
977,0.891904
978,0.884736
979,0.838656
980,0.930816
981,0.872448
982,0.759808
983,0.626688
984,0.560128
985,0.376832
986,0.358400
987,0.334848
988,0.332800
989,0.339968
990,0.272384
991,0.243712
992,0.243712
993,0.223232
994,0.850944
995,0.954368
996,0.929792
997,0.924672
998,0.920576
999,0.971776
1000,0.843776
1001,0.865280
1002,0.879616
1003,0.909312
1004,0.922624
1005,0.929792
1006,0.970752
1007,0.880640
1008,0.910336
1009,0.952320
1010,0.945152
1011,0.875520
1012,0.942080
1013,0.883712
1014,0.948224
1015,0.956416
1016,0.896000
1017,0.924672
1018,0.962560
1019,0.947200
1020,0.922624
1021,0.914432
1022,0.887808
1023,0.915456
1024,0.896000
1025,0.931840
1026,0.932864
1027,0.912384
1028,0.930816
1029,0.864256
1030,0.898048
1031,0.942080
1032,0.913408
1033,0.905216
1034,0.912384
1035,0.912384
1036,0.942080
1037,0.900096
1038,0.963584
1039,0.917504
1040,0.943104
1041,0.921600
1042,0.813056
1043,0.884736
1044,0.890880
1045,0.939008
1046,0.864256
1047,0.848896
1048,0.843776
1049,0.890880
1050,0.878592
1051,0.915456
1052,0.897024
1053,0.912384
1054,0.920576
1055,0.939008
1056,0.968704
1057,0.915456
1058,0.605184
1059,0.323584
1060,0.271360
1061,0.252928
1062,0.246784
1063,0.245760
1064,0.188416
1065,0.189440
1066,0.188416
1067,0.191488
1068,0.168960
1069,0.840704
1070,0.871424
1071,0.929792
1072,0.923648
1073,0.936960
1074,0.890880
1075,0.891904
1076,0.908288
1077,0.926720
1078,0.952320
1079,0.952320
1080,0.897024
1081,0.861184
1082,0.963584
1083,0.928768
1084,0.876544
1085,0.860160
1086,0.924672
1087,0.912384
1088,0.915456
1089,0.920576
1090,0.868352
1091,0.939008
1092,0.935936
1093,0.886784
1094,0.889856
1095,0.940032
1096,0.893952
1097,0.928768
1098,0.934912
1099,0.890880
1100,0.912384
1101,0.916480
1102,0.898048
1103,0.940032
1104,0.904192
1105,0.932864
1106,0.885760
1107,0.946176
1108,0.889856
1109,0.891904
1110,0.859136
1111,0.927744
1112,0.848896
1113,0.879616
1114,0.851968
1115,0.874496
1116,0.941056
1117,0.838656
1118,0.919552
1119,0.884736
1120,0.858112
1121,0.882688
1122,0.918528
1123,0.925696
1124,0.917504
1125,1.065984
1126,0.872448
1127,0.950272
1128,0.889856
1129,0.923648
1130,0.948224
1131,0.933888
1132,0.887808
1133,0.720896
1134,0.642048
1135,0.521216
1136,0.459776
1137,0.356352
1138,0.282624
1139,0.289792
1140,0.736256
1141,0.872448
1142,0.931840
1143,0.894976
1144,0.912384
1145,0.918528
1146,0.914432
1147,0.923648
1148,0.881664
1149,0.899072
1150,0.890880
1151,0.846848
1152,0.789504
1153,1.076224
1154,0.870400
1155,0.832512
1156,0.926720
1157,0.839680
1158,0.951296
1159,0.897024
1160,0.911360
1161,0.891904
1162,0.881664
1163,0.889856
1164,0.926720
1165,0.847872
1166,0.946176
1167,0.921600
1168,0.863232
1169,0.849920
1170,0.866304
1171,0.870400
1172,0.862208
1173,0.890880
1174,0.850944
1175,0.916480
1176,0.929792
1177,0.890880
1178,0.871424
1179,0.875520
1180,0.846848
1181,0.930816
1182,0.897024
1183,0.879616
1184,0.922624
1185,0.898048
1186,0.945152
1187,0.881664
1188,0.856064
1189,0.860160
1190,0.887808
1191,0.925696
1192,0.917504
1193,0.995328
1194,0.926720
1195,0.934912
1196,0.870400
1197,0.910336
1198,0.914432
1199,0.905216
1200,0.906240
1201,0.909312
1202,0.840704
1203,0.934912
1204,0.805888
1205,0.735232
1206,0.629760
1207,0.743424
1208,0.943104
1209,0.929792
1210,0.939008
1211,0.951296
1212,0.947200
1213,0.874496
1214,0.925696
1215,0.871424
1216,0.933888
1217,0.877568
1218,0.940032
1219,0.884736
1220,0.944128
1221,0.912384
1222,0.660480
1223,0.859136
1224,0.890880
1225,0.940032
1226,0.898048
1227,0.905216
1228,0.906240
1229,0.915456
1230,0.924672
1231,0.904192
1232,0.916480
1233,0.918528
1234,0.864256
1235,0.880640
1236,0.939008
1237,0.928768
1238,0.918528
1239,0.926720
1240,0.921600
1241,0.937984
1242,0.943104
1243,0.914432
1244,0.928768
1245,0.878592
1246,0.826368
1247,0.787456
1248,0.891904
1249,0.825344
1250,0.994304
1251,0.933888
1252,0.870400
1253,0.882688
1254,0.897024
1255,0.936960
1256,0.869376
1257,0.924672
1258,0.897024
1259,0.913408
1260,0.888832
1261,0.891904
1262,0.891904
1263,0.869376
1264,0.852992
1265,0.891904
1266,0.907264
1267,0.906240
1268,0.910336
1269,0.919552
1270,0.887808
1271,0.834560
1272,0.775168
1273,0.756736
1274,0.913408
1275,0.920576
1276,0.920576
1277,0.888832
1278,0.925696
1279,0.891904
1280,0.916480
1281,0.871424
1282,0.912384
1283,0.803840
1284,0.845824
1285,0.926720
1286,0.927744
1287,0.933888
1288,0.937984
1289,0.891904
1290,0.897024
1291,0.911360
1292,0.913408
1293,0.871424
1294,0.913408
1295,0.911360
1296,0.916480
1297,0.905216
1298,0.852992
1299,0.907264
1300,0.867328
1301,0.820224
1302,0.885760
1303,0.900096
1304,0.932864
1305,0.880640
1306,0.909312
1307,0.935936
1308,0.927744
1309,0.855040
1310,0.897024
1311,0.964608
1312,0.883712
1313,0.930816
1314,0.886784
1315,0.891904
1316,0.831488
1317,0.911360
1318,0.841728
1319,0.929792
1320,0.916480
1321,0.852992
1322,0.930816
1323,0.916480
1324,0.879616
1325,0.879616
1326,0.930816
1327,0.900096
1328,0.939008
1329,0.847872
1330,0.865280
1331,0.894976
1332,0.945152
1333,0.898048
1334,0.929792
1335,0.909312
1336,0.910336
1337,0.871424
1338,0.669696
1339,0.584704
1340,0.274432
1341,0.220160
1342,0.224256
1343,0.227328
1344,0.205824
1345,0.216064
1346,0.210944
1347,0.200704
1348,0.813056
1349,0.911360
1350,0.941056
1351,0.893952
1352,0.909312
1353,0.923648
1354,0.885760
1355,0.906240
1356,0.924672
1357,0.924672
1358,0.874496
1359,0.858112
1360,0.816128
1361,0.880640
1362,0.896000
1363,0.842752
1364,0.913408
1365,0.826368
1366,0.880640
1367,0.878592
1368,0.903168
1369,0.896000
1370,0.892928
1371,0.870400
1372,0.894976
1373,0.902144
1374,0.897024
1375,0.864256
1376,0.923648
1377,0.865280
1378,0.867328
1379,0.874496
1380,0.894976
1381,0.894976
1382,0.918528
1383,0.893952
1384,0.909312
1385,0.902144
1386,0.883712
1387,0.896000
1388,0.928768
1389,0.888832
1390,0.930816
1391,0.893952
1392,0.926720
1393,0.914432
1394,0.960512
1395,0.935936
1396,0.903168
1397,0.927744
1398,0.901120
1399,0.884736
1400,0.891904
1401,0.927744
1402,0.829440
1403,0.935936
1404,0.943104
1405,0.922624
1406,0.891904
1407,0.896000
1408,0.897024
1409,0.913408
1410,0.901120
1411,0.899072
1412,0.870400
1413,0.721920
1414,0.698368
1415,0.921600
1416,0.960512
1417,0.883712
1418,0.929792
1419,0.876544
1420,0.866304
1421,0.926720
1422,0.879616
1423,0.872448
1424,0.845824
1425,0.942080
1426,0.840704
1427,0.891904
1428,0.924672
1429,0.905216
1430,0.918528
1431,0.909312
1432,0.867328
1433,0.954368
1434,0.876544
1435,0.934912
1436,0.915456
1437,0.905216
1438,0.872448
1439,0.928768
1440,0.933888
1441,0.844800
1442,0.902144
1443,0.896000
1444,0.914432
1445,0.916480
1446,0.854016
1447,0.875520
1448,0.915456
1449,0.941056
1450,0.883712
1451,0.903168
1452,0.927744
1453,0.902144
1454,0.848896
1455,0.908288
1456,0.885760
1457,0.879616
1458,0.907264
1459,0.867328
1460,0.878592
1461,0.949248
1462,0.860160
1463,0.915456
1464,0.898048
1465,0.900096
1466,0.931840
1467,0.860160
1468,0.842752
1469,0.906240
1470,0.916480
1471,0.913408
1472,0.958464
1473,0.927744
1474,0.873472
1475,0.979968
1476,0.914432
1477,0.904192
1478,0.865280
1479,0.653312
1480,0.916480
1481,0.922624
1482,0.901120
1483,0.898048
1484,0.888832
1485,0.861184
1486,0.874496
1487,0.907264
1488,0.871424
1489,0.847872
1490,0.885760
1491,0.906240
1492,0.924672
1493,0.911360
1494,0.882688
1495,0.886784
1496,0.920576
1497,0.923648
1498,0.891904
1499,0.934912
1500,0.903168
1501,0.889856
1502,0.889856
1503,0.903168
1504,0.894976
1505,0.890880
1506,0.881664
1507,0.885760
1508,0.896000
1509,0.914432
1510,0.857088
1511,0.904192
1512,0.931840
1513,0.830464
1514,0.903168
1515,0.888832
1516,0.884736
1517,0.927744
1518,0.897024
1519,0.862208
1520,0.889856
1521,0.923648
1522,0.891904
1523,0.903168
1524,0.923648
1525,0.950272
1526,0.857088
1527,0.916480
1528,0.884736
1529,0.855040
1530,0.807936
1531,0.900096
1532,0.850944
1533,0.942080
1534,0.922624
1535,0.961536
1536,0.930816
1537,0.925696
1538,0.891904
1539,0.923648
1540,0.971776
1541,0.910336
1542,0.879616
1543,0.931840
1544,0.652288
1545,0.561152
1546,0.508928
1547,0.398336
1548,0.332800
1549,0.809984
1550,0.957440
1551,0.925696
1552,0.901120
1553,0.903168
1554,0.901120
1555,0.901120
1556,0.903168
1557,0.910336
1558,0.913408
1559,1.047552
1560,0.889856
1561,0.738304
1562,0.900096
1563,0.886784
1564,0.866304
1565,0.883712
1566,0.910336
1567,0.886784
1568,0.869376
1569,0.828416
1570,0.862208
1571,0.921600
1572,0.917504
1573,0.935936
1574,0.918528
1575,0.934912
1576,0.916480
1577,0.897024
1578,0.898048
1579,0.932864
1580,0.886784
1581,0.931840
1582,0.871424
1583,0.979968
1584,0.944128
1585,0.942080
1586,0.924672
1587,0.912384
1588,0.903168
1589,0.923648
1590,0.919552
1591,0.965632
1592,0.887808
1593,0.931840
1594,0.870400
1595,0.906240
1596,0.909312
1597,0.929792
1598,0.929792
1599,0.918528
1600,0.927744
1601,0.944128
1602,0.945152
1603,0.908288
1604,0.912384
1605,0.935936
1606,0.945152
1607,0.923648
1608,0.884736
1609,0.926720
1610,0.931840
1611,0.928768
1612,0.905216
1613,0.922624
1614,0.619520
1615,0.928768
1616,0.878592
1617,0.892928
1618,0.885760
1619,0.928768
1620,0.864256
1621,0.898048
1622,0.863232
1623,0.872448
1624,0.863232
1625,0.859136
1626,0.957440
1627,0.975872
1628,0.490496
1629,0.876544
1630,0.926720
1631,0.929792
1632,0.859136
1633,0.918528
1634,0.920576
1635,0.913408
1636,0.931840
1637,0.931840
1638,0.902144
1639,0.912384
1640,0.921600
1641,0.906240
1642,0.944128
1643,0.902144
1644,0.909312
1645,0.919552
1646,0.845824
1647,0.925696
1648,0.898048
1649,0.875520
1650,0.958464
1651,0.872448
1652,0.932864
1653,0.946176
1654,0.946176
1655,0.925696
1656,0.892928
1657,0.948224
1658,0.900096
1659,0.924672
1660,0.947200
1661,0.912384
1662,0.961536
1663,0.930816
1664,0.874496
1665,0.921600
1666,0.922624
1667,0.912384
1668,0.954368
1669,0.936960
1670,0.883712
1671,0.952320
1672,0.922624
1673,0.963584
1674,0.968704
1675,0.972800
1676,0.896000
1677,0.924672
1678,0.920576
1679,0.735232
1680,0.350208
1681,0.260096
1682,0.256000
1683,0.242688
1684,0.239616
1685,0.238592
1686,0.223232
1687,0.230400
1688,0.232448
1689,0.232448
1690,0.226304
1691,0.232448
1692,0.230400
1693,0.197632
1694,0.756736
1695,0.899072
1696,0.971776
1697,0.931840
1698,0.921600
1699,0.942080
1700,0.920576
1701,0.927744
1702,0.920576
1703,0.943104
1704,0.909312
1705,0.904192
1706,0.919552
1707,0.882688
1708,0.930816
1709,0.900096
1710,0.955392
1711,0.949248
1712,0.913408
1713,0.912384
1714,0.963584
1715,0.918528
1716,0.906240
1717,0.901120
1718,0.947200
1719,0.897024
1720,0.917504
1721,0.916480
1722,0.889856
1723,0.877568
1724,0.937984
1725,0.846848
1726,0.858112
1727,0.915456
1728,0.884736
1729,0.882688
1730,0.917504
1731,0.901120
1732,0.934912
1733,0.883712
1734,0.929792
1735,0.975872
1736,0.918528
1737,0.920576
1738,0.896000
1739,0.913408
1740,0.919552
1741,0.943104
1742,0.943104
1743,0.935936
1744,0.894976
1745,0.874496
1746,0.928768
1747,0.965632
1748,0.978944
1749,0.896000
1750,0.943104
1751,0.996352
1752,0.944128
1753,0.927744
1754,0.910336
1755,0.893952
1756,0.910336
1757,0.897024
1758,0.721920
1759,0.802816
1760,0.933888
1761,0.920576
1762,0.958464
1763,0.949248
1764,0.927744
1765,0.886784
1766,0.900096
1767,0.942080
1768,0.969728
1769,0.912384
1770,0.886784
1771,0.946176
1772,0.925696
1773,0.879616
1774,0.923648
1775,0.889856
1776,0.876544
1777,0.915456
1778,0.917504
1779,0.862208
1780,0.903168
1781,0.903168
1782,0.856064
1783,0.880640
1784,0.871424
1785,0.867328
1786,0.856064
1787,0.866304
1788,0.884736
1789,0.887808
1790,0.878592
1791,0.886784
1792,0.915456
1793,0.936960
1794,0.884736
1795,0.880640
1796,0.889856
1797,0.910336
1798,0.892928
1799,0.900096
1800,0.902144
1801,0.910336
1802,0.947200
1803,0.951296
1804,0.942080
1805,0.952320
1806,0.885760
1807,0.940032
1808,0.916480
1809,0.931840
1810,0.908288
1811,0.901120
1812,0.970752
1813,0.713728
1814,0.826368
1815,0.832512
1816,0.854016
1817,0.903168
1818,0.963584
1819,0.899072
1820,0.968704
1821,0.898048
1822,0.922624
1823,0.905216
1824,0.754688
1825,0.420864
1826,0.905216
1827,0.933888
1828,0.867328
1829,0.914432
1830,0.917504
1831,0.910336
1832,0.919552
1833,0.904192
1834,0.882688
1835,0.928768
1836,0.880640
1837,0.908288
1838,0.884736
1839,0.947200
1840,0.859136
1841,0.891904
1842,0.924672
1843,0.897024
1844,0.905216
1845,0.901120
1846,0.872448
1847,0.929792
1848,0.924672
1849,0.920576
1850,0.959488
1851,0.916480
1852,0.929792
1853,0.896000
1854,0.900096
1855,0.913408
1856,0.914432
1857,0.921600
1858,0.945152
1859,0.900096
1860,0.941056
1861,0.912384
1862,0.900096
1863,0.923648
1864,0.921600
1865,0.870400
1866,0.909312
1867,0.822272
1868,0.888832
1869,0.882688
1870,0.887808
1871,0.905216
1872,0.923648
1873,0.898048
1874,0.958464
1875,0.915456
1876,0.921600
1877,0.881664
1878,0.912384
1879,0.932864
1880,0.878592
1881,0.930816
1882,0.969728
1883,0.906240
1884,0.874496
1885,0.931840
1886,0.870400
1887,0.933888
1888,0.937984
1889,0.903168
1890,0.581632
1891,0.873472
1892,0.898048
1893,0.821248
1894,0.899072
1895,0.856064
1896,0.890880
1897,0.926720
1898,0.839680
1899,0.922624
1900,0.915456
1901,0.887808
1902,0.918528
1903,0.936960
1904,0.931840
1905,0.933888
1906,0.882688
1907,0.940032
1908,0.946176
1909,0.931840
1910,0.928768
1911,0.894976
1912,0.904192
1913,0.944128
1914,0.928768
1915,0.878592
1916,0.906240
1917,0.928768
1918,0.915456
1919,0.856064
1920,0.841728
1921,0.901120
1922,0.861184
1923,0.919552
1924,0.845824
1925,0.858112
1926,0.871424
1927,0.879616
1928,0.914432
1929,0.924672
1930,0.905216
1931,0.885760
1932,0.862208
1933,0.932864
1934,0.897024
1935,0.885760
1936,0.874496
1937,0.913408
1938,0.976896
1939,0.934912
1940,0.931840
1941,0.913408
1942,0.945152
1943,0.902144
1944,0.866304
1945,0.914432
1946,0.914432
1947,0.897024
1948,0.965632
1949,0.874496
1950,0.901120
1951,0.868352
1952,0.951296
1953,0.922624
1954,0.848896
1955,0.748544
1956,0.503808
1957,0.425984
1958,0.759808
1959,0.941056
1960,0.876544
1961,0.948224
1962,0.934912
1963,0.875520
1964,0.901120
1965,1.056768
1966,0.736256
1967,0.865280
1968,0.915456
1969,0.862208
1970,0.881664
1971,0.852992
1972,0.892928
1973,0.922624
1974,0.894976
1975,0.930816
1976,0.924672
1977,0.892928
1978,0.931840
1979,0.905216
1980,0.899072
1981,0.899072
1982,0.887808
1983,0.893952
1984,0.899072
1985,0.927744
1986,0.939008
1987,0.896000
1988,0.875520
1989,0.915456
1990,0.905216
1991,0.907264
1992,0.867328
1993,0.915456
1994,0.960512
1995,0.942080
1996,0.970752
1997,0.953344
1998,0.883712
1999,0.926720
2000,0.910336
2001,0.928768
2002,0.866304
2003,0.896000
2004,0.939008
2005,0.850944
2006,0.920576
2007,0.953344
2008,0.874496
2009,0.899072
2010,0.934912
2011,0.948224
2012,0.928768
2013,0.892928
2014,0.908288
2015,0.925696
2016,0.966656
2017,0.928768
2018,0.948224
2019,0.929792
2020,0.942080
2021,0.919552
2022,0.860160
2023,0.589824
2024,0.887808
2025,0.932864
2026,0.902144
2027,0.969728
2028,0.889856
2029,0.924672
2030,0.924672
2031,0.908288
2032,0.915456
2033,0.876544
2034,0.860160
2035,0.919552
2036,0.904192
2037,0.904192
2038,0.912384
2039,0.873472
2040,0.945152
2041,0.891904
2042,0.921600
2043,0.882688
2044,0.927744
2045,0.944128
2046,0.974848
2047,0.902144
2048,0.884736
2049,0.925696
2050,0.949248
2051,0.923648
2052,0.911360
2053,0.905216
2054,0.945152
2055,0.880640
2056,0.932864
2057,0.907264
2058,0.908288
2059,0.888832
2060,0.911360
2061,0.891904
2062,0.891904
2063,0.847872
2064,0.817152
2065,0.931840
2066,0.898048
2067,0.912384
2068,0.920576
2069,0.959488
2070,1.113088
2071,0.814080
2072,0.870400
2073,0.844800
2074,0.876544
2075,0.912384
2076,0.960512
2077,0.901120
2078,0.888832
2079,0.910336
2080,0.888832
2081,0.945152
2082,0.872448
2083,0.919552
2084,0.893952
2085,0.959488
2086,0.910336
2087,0.973824
2088,0.737280
2089,0.524288
2090,0.374784
2091,0.305152
2092,0.312320
2093,0.218112
2094,0.215040
2095,0.215040
2096,0.196608
2097,0.827392
2098,0.969728
2099,0.836608
2100,0.927744
2101,0.893952
2102,0.905216
2103,0.893952
2104,0.854016
2105,0.914432
2106,0.918528
2107,0.905216
2108,0.905216
2109,0.957440
2110,0.935936
2111,0.937984
2112,0.946176
2113,0.890880
2114,0.905216
2115,0.889856
2116,0.950272
2117,0.910336
2118,0.881664
2119,0.858112
2120,0.866304
2121,0.882688
2122,0.880640
2123,0.886784
2124,0.896000
2125,0.903168
2126,0.891904
2127,0.846848
2128,0.990208
2129,0.925696
2130,0.905216
2131,0.932864
2132,0.876544
2133,0.909312
2134,0.858112
2135,0.912384
2136,0.893952
2137,0.911360
2138,0.896000
2139,0.927744
2140,0.956416
2141,0.865280
2142,0.868352
2143,0.909312
2144,0.872448
2145,0.943104
2146,0.932864
2147,0.926720
2148,0.921600
2149,0.954368
2150,0.919552
2151,0.964608
2152,0.902144
2153,0.985088
2154,0.906240
2155,0.870400
2156,0.932864
2157,0.870400
2158,0.826368
2159,0.886784
2160,0.901120
2161,0.881664
2162,0.823296
2163,0.727040
2164,0.910336
2165,0.902144
2166,0.946176
2167,0.955392
2168,0.865280
2169,0.947200
2170,0.916480
2171,0.933888
2172,0.928768
2173,0.907264
2174,0.891904
2175,0.886784
2176,0.879616
2177,0.877568
2178,0.811008
2179,0.830464
2180,0.912384
2181,0.909312
2182,0.910336
2183,0.917504
2184,0.935936
2185,0.901120
2186,0.886784
2187,0.928768
2188,0.914432
2189,0.899072
2190,0.869376
2191,0.907264
2192,0.854016
2193,0.851968
2194,0.910336
2195,0.909312
2196,0.901120
2197,0.948224
2198,0.903168
2199,0.904192
2200,0.901120
2201,0.937984
2202,0.908288
2203,0.904192
2204,0.977920
2205,0.869376
2206,0.888832
2207,0.890880
2208,0.877568
2209,0.960512
2210,0.941056
2211,0.921600
2212,0.875520
2213,0.917504
2214,0.926720
2215,0.862208
2216,0.887808
2217,0.924672
2218,0.894976
2219,0.922624
2220,0.920576
2221,0.909312
2222,0.978944
2223,0.914432
2224,0.911360
2225,0.936960
2226,0.917504
2227,0.800768
2228,0.689152
2229,0.570368
2230,0.400384
2231,0.249856
2232,0.254976
2233,0.205824
2234,0.193536
2235,0.204800
2236,0.183296
2237,0.198656
2238,0.863232
2239,0.892928
2240,0.979968
2241,0.936960
2242,0.918528
2243,0.943104
2244,0.915456
2245,0.931840
2246,0.920576
2247,0.917504
2248,0.918528
2249,0.877568
2250,0.907264
2251,0.911360
2252,0.915456
2253,0.900096
2254,0.927744
2255,0.894976
2256,0.930816
2257,0.917504
2258,0.977920
2259,0.910336
2260,0.917504
2261,0.845824
2262,0.901120
2263,0.971776
2264,0.876544
2265,0.911360
2266,0.925696
2267,0.865280
2268,0.918528
2269,0.927744
2270,0.899072
2271,0.919552
2272,0.914432
2273,0.926720
2274,0.922624
2275,0.887808
2276,0.908288
2277,0.891904
2278,0.892928
2279,0.928768
2280,0.864256
2281,0.885760
2282,0.914432
2283,0.851968
2284,0.827392
2285,0.823296
2286,0.885760
2287,0.891904
2288,0.916480
2289,0.928768
2290,0.905216
2291,0.889856
2292,0.907264
2293,0.937984
2294,0.904192
2295,0.939008
2296,1.113088
2297,0.868352
2298,0.897024
2299,0.863232
2300,0.905216
2301,0.851968
2302,0.689152
2303,0.590848
2304,0.372736
2305,0.316416
2306,0.277504
2307,0.878592
2308,0.935936
2309,0.912384
2310,0.881664
2311,0.970752
2312,0.879616
2313,0.936960
2314,0.888832
2315,0.910336
2316,0.996352
2317,0.836608
2318,0.912384
2319,0.921600
2320,0.957440
2321,0.927744
2322,0.957440
2323,0.917504
2324,0.919552
2325,0.930816
2326,0.927744
2327,0.890880
2328,0.947200
2329,0.968704
2330,0.904192
2331,0.913408
2332,0.891904
2333,0.898048
2334,0.932864
2335,0.928768
2336,0.923648
2337,0.935936
2338,0.891904
2339,0.874496
2340,0.928768
2341,0.872448
2342,0.855040
2343,0.854016
2344,0.842752
2345,0.871424
2346,0.894976
2347,0.971776
2348,0.942080
2349,0.887808
2350,0.959488
2351,0.947200
2352,0.896000
2353,0.953344
2354,0.974848
2355,0.935936
2356,0.867328
2357,0.908288
2358,0.891904
2359,0.951296
2360,0.910336
2361,0.852992
2362,0.889856
2363,0.899072
2364,0.905216
2365,0.877568
2366,0.965632
2367,0.902144
2368,0.904192
2369,0.850944
2370,0.585728
2371,0.885760
2372,0.966656
2373,0.951296
2374,0.918528
2375,0.909312
2376,0.882688
2377,0.863232
2378,0.918528
2379,0.836608
2380,0.906240
2381,0.868352
2382,0.937984
2383,0.897024
2384,0.823296
2385,0.913408
2386,0.918528
2387,0.913408
2388,0.852992
2389,0.927744
2390,0.916480
2391,0.906240
2392,0.896000
2393,0.871424
2394,0.927744
2395,0.800768
2396,0.858112
2397,0.841728
2398,0.905216
2399,0.878592
2400,0.878592
2401,0.947200
2402,0.902144
2403,0.943104
2404,0.880640
2405,0.877568
2406,1.058816
2407,0.993280
2408,0.789504
2409,0.894976
2410,0.917504
2411,0.873472
2412,0.897024
2413,0.933888
2414,0.910336
2415,0.870400
2416,0.923648
2417,0.876544
2418,0.912384
2419,0.908288
2420,0.874496
2421,0.908288
2422,0.962560
2423,0.900096
2424,0.929792
2425,0.965632
2426,0.911360
2427,0.903168
2428,0.878592
2429,0.902144
2430,0.914432
2431,0.890880
2432,0.906240
2433,0.885760
2434,0.889856
2435,0.888832
2436,0.701440
2437,0.920576
2438,0.957440
2439,0.968704
2440,0.859136
2441,0.866304
2442,0.892928
2443,0.931840
2444,0.888832
2445,0.918528
2446,0.939008
2447,0.892928
2448,0.935936
2449,0.898048
2450,0.926720
2451,0.902144
2452,0.868352
2453,0.826368
2454,0.877568
2455,0.883712
2456,0.877568
2457,0.899072
2458,0.899072
2459,0.879616
2460,0.903168
2461,0.879616
2462,0.867328
2463,0.870400
2464,0.898048
2465,0.902144
2466,0.862208
2467,0.916480
2468,0.900096
2469,0.866304
2470,0.871424
2471,0.954368
2472,0.901120
2473,0.872448
2474,1.121280
2475,0.911360
2476,0.923648
2477,0.907264
2478,0.936960
2479,0.952320
2480,0.883712
2481,0.887808
2482,0.893952
2483,0.886784
2484,0.951296
2485,0.914432
2486,0.910336
2487,0.936960
2488,0.880640
2489,0.942080
2490,0.892928
2491,0.907264
2492,0.953344
2493,0.949248
2494,0.922624
2495,0.965632
2496,0.909312
2497,0.951296
2498,0.894976
2499,0.923648
2500,0.974848
2501,0.563200
2502,0.837632
2503,0.903168
2504,0.876544
2505,0.826368
2506,0.860160
2507,0.872448
2508,0.908288
2509,0.951296
2510,0.947200
2511,0.954368
2512,0.937984
2513,0.884736
2514,0.902144
2515,0.910336
2516,0.881664
2517,0.932864
2518,0.903168
2519,0.930816
2520,0.852992
2521,0.900096
2522,0.936960
2523,0.855040
2524,0.906240
2525,0.888832
2526,0.882688
2527,0.878592
2528,0.908288
2529,0.855040
2530,0.910336
2531,0.871424
2532,0.905216
2533,0.845824
2534,0.922624
2535,0.865280
2536,0.893952
2537,0.865280
2538,0.892928
2539,0.840704
2540,0.783360
2541,0.923648
2542,0.867328
2543,0.907264
2544,0.846848
2545,0.894976
2546,0.944128
2547,0.898048
2548,0.886784
2549,0.924672
2550,0.913408
2551,0.860160
2552,0.920576
2553,0.943104
2554,0.914432
2555,0.908288
2556,0.913408
2557,0.874496
2558,0.891904
2559,0.909312
2560,0.945152
2561,0.729088
2562,0.900096
2563,0.912384
2564,0.918528
2565,0.947200
2566,0.825344
2567,0.607232
2568,0.480256
2569,0.741376
2570,0.950272
2571,0.888832
2572,0.929792
2573,0.896000
2574,0.921600
2575,0.896000
2576,0.841728
2577,0.871424
2578,0.906240
2579,0.883712
2580,0.914432
2581,0.891904
2582,0.847872
2583,0.896000
2584,0.874496
2585,0.946176
2586,0.866304
2587,0.918528
2588,0.915456
2589,0.877568
2590,0.910336
2591,0.901120
2592,0.921600
2593,0.950272
2594,0.902144
2595,0.920576
2596,0.909312
2597,0.872448
2598,0.893952
2599,0.963584
2600,0.911360
2601,0.910336
2602,0.883712
2603,0.927744
2604,0.869376
2605,0.923648
2606,0.870400
2607,0.874496
2608,0.893952
2609,0.909312
2610,0.946176
2611,0.905216
2612,0.914432
2613,0.971776
2614,0.898048
2615,0.908288
2616,0.881664
2617,0.946176
2618,0.906240
2619,0.847872
2620,0.885760
2621,0.848896
2622,0.914432
2623,0.893952
2624,0.974848
2625,0.912384
2626,0.906240
2627,0.916480
2628,0.908288
2629,0.919552
2630,0.908288
2631,0.910336
2632,0.946176
2633,0.709632
2634,0.608256
2635,0.571392
2636,0.476160
2637,0.277504
2638,0.312320
2639,0.220160
2640,0.178176
2641,0.181248
2642,0.186368
2643,0.189440
2644,0.190464
2645,0.187392
2646,0.176128
2647,0.176128
2648,0.187392
2649,0.166912
2650,0.158720
2651,0.164864
2652,0.163840
2653,0.156672
2654,0.160768
2655,0.876544
2656,0.901120
2657,0.885760
2658,0.950272
2659,0.940032
2660,0.911360
2661,0.928768
2662,0.860160
2663,0.983040
2664,0.923648
2665,0.898048
2666,0.956416
2667,0.936960
2668,0.950272
2669,0.900096
2670,0.896000
2671,0.968704
2672,0.901120
2673,0.899072
2674,0.878592
2675,0.933888
2676,0.910336
2677,0.918528
2678,0.918528
2679,0.879616
2680,0.955392
2681,0.908288
2682,0.925696
2683,0.965632
2684,0.906240
2685,0.936960
2686,0.865280
2687,0.951296
2688,0.953344
2689,0.905216
2690,0.902144
2691,0.929792
2692,0.951296
2693,0.927744
2694,0.950272
2695,0.870400
2696,0.897024
2697,0.930816
2698,0.920576
2699,0.890880
2700,0.908288
2701,0.946176
2702,0.916480
2703,0.937984
2704,0.933888
2705,1.000448
2706,0.917504
2707,0.949248
2708,0.917504
2709,0.934912
2710,0.943104
2711,0.931840
2712,0.977920
2713,0.889856
2714,0.880640
2715,0.945152
2716,0.909312
2717,0.870400
2718,0.777216
2719,0.502784
2720,0.846848
2721,0.912384
2722,0.809984
2723,0.916480
2724,0.900096
2725,0.920576
2726,0.929792
2727,0.872448
2728,0.937984
2729,0.912384
2730,0.913408
2731,0.923648
2732,0.931840
2733,0.976896
2734,0.915456
2735,0.924672
2736,0.848896
2737,0.889856
2738,0.883712
2739,0.887808
2740,0.912384
2741,0.954368
2742,0.905216
2743,0.874496
2744,0.931840
2745,0.891904
2746,0.955392
2747,0.948224
2748,0.902144
2749,0.939008
2750,0.905216
2751,0.890880
2752,0.932864
2753,0.888832
2754,0.952320
2755,0.888832
2756,0.910336
2757,0.939008
2758,0.906240
2759,0.959488
2760,0.939008
2761,0.869376
2762,0.885760
2763,0.891904
2764,0.965632
2765,0.962560
2766,0.868352
2767,0.957440
2768,0.923648
2769,0.893952
2770,0.946176
2771,0.898048
2772,0.897024
2773,0.919552
2774,0.893952
2775,0.953344
2776,0.912384
2777,0.950272
2778,0.975872
2779,0.926720
2780,0.909312
2781,0.961536
2782,0.893952
2783,0.937984
2784,0.760832
2785,0.889856
2786,0.965632
2787,0.942080
2788,0.910336
2789,0.929792
2790,0.864256
2791,0.924672
2792,0.907264
2793,0.914432
2794,0.913408
2795,0.957440
2796,0.906240
2797,0.874496
2798,0.920576
2799,0.920576
2800,0.891904
2801,0.962560
2802,0.864256
2803,0.867328
2804,0.910336
2805,0.865280
2806,0.859136
2807,0.802816
2808,0.906240
2809,0.821248
2810,0.856064
2811,0.882688
2812,0.904192
2813,0.865280
2814,0.916480
2815,0.923648
2816,0.908288
2817,0.909312
2818,0.922624
2819,0.934912
2820,0.867328
2821,0.925696
2822,0.933888
2823,0.887808
2824,0.974848
2825,0.904192
2826,0.883712
2827,0.965632
2828,0.892928
2829,0.912384
2830,0.951296
2831,0.919552
2832,0.884736
2833,0.946176
2834,0.917504
2835,1.041408
2836,0.802816
2837,0.908288
2838,0.971776
2839,0.954368
2840,0.931840
2841,0.922624
2842,0.964608
2843,0.875520
2844,0.890880
2845,0.947200
2846,0.899072
2847,0.867328
2848,0.803840
2849,0.629760
2850,0.934912
2851,0.948224
2852,0.910336
2853,0.917504
2854,0.911360
2855,0.940032
2856,0.883712
2857,0.879616
2858,0.913408
2859,0.902144
2860,0.904192
2861,0.830464
2862,0.821248
2863,0.919552
2864,0.889856
2865,0.926720
2866,0.924672
2867,0.924672
2868,0.882688
2869,0.940032
2870,0.893952
2871,0.974848
2872,0.861184
2873,0.918528
2874,0.946176
2875,0.856064
2876,0.823296
2877,0.913408
2878,0.887808
2879,0.903168
2880,0.940032
2881,0.941056
2882,0.902144
2883,0.908288
2884,0.874496
2885,0.948224
2886,0.933888
2887,0.918528
2888,0.875520
2889,0.937984
2890,0.910336
2891,0.940032
2892,0.922624
2893,0.913408
2894,0.922624
2895,0.906240
2896,0.850944
2897,0.950272
2898,0.926720
2899,0.903168
2900,1.065984
2901,0.611328
2902,0.882688
2903,0.877568
2904,0.882688
2905,0.822272
2906,0.863232
2907,0.897024
2908,0.929792
2909,0.915456
2910,0.932864
2911,0.960512
2912,0.909312
2913,0.901120
2914,0.527360
2915,0.835584
2916,0.808960
2917,0.861184
2918,0.852992
2919,0.889856
2920,0.931840
2921,0.868352
2922,0.906240
2923,0.966656
2924,0.876544
2925,0.887808
2926,0.913408
2927,0.903168
2928,0.868352
2929,0.897024
2930,0.905216
2931,0.922624
2932,0.922624
2933,0.846848
2934,0.902144
2935,0.913408
2936,0.914432
2937,0.909312
2938,0.906240
2939,0.897024
2940,0.910336
2941,0.907264
2942,0.893952
2943,0.896000
2944,0.886784
2945,0.886784
2946,0.909312
2947,0.887808
2948,0.885760
2949,0.928768
2950,0.913408
2951,0.921600
2952,0.897024
2953,0.927744
2954,0.919552
2955,0.926720
2956,0.930816
2957,0.951296
2958,0.899072
2959,0.923648
2960,0.935936
2961,0.961536
2962,0.921600
2963,0.903168
2964,0.906240
2965,0.923648
2966,0.937984
2967,0.927744
2968,0.923648
2969,0.902144
2970,0.888832
2971,0.858112
2972,0.796672
2973,0.918528
2974,0.860160
2975,0.948224
2976,0.924672
2977,0.912384
2978,0.868352
2979,0.545792
2980,0.917504
2981,0.905216
2982,0.879616
2983,0.871424
2984,0.845824
2985,0.881664
2986,0.878592
2987,0.893952
2988,0.932864
2989,0.944128
2990,0.957440
2991,0.865280
2992,0.949248
2993,0.931840
2994,0.864256
2995,0.900096
2996,0.963584
2997,0.925696
2998,0.913408
2999,0.919552
3000,0.940032
3001,0.905216
3002,0.876544
3003,0.892928
3004,0.889856
3005,0.941056
3006,0.884736
3007,0.932864
3008,0.928768
3009,0.923648
3010,0.840704
3011,0.980992
3012,0.907264
3013,0.894976
3014,0.879616
3015,0.920576
3016,0.915456
3017,0.935936
3018,0.922624
3019,0.876544
3020,0.914432
3021,0.916480
3022,0.911360
3023,0.960512
3024,0.885760
3025,0.924672
3026,0.944128
3027,0.951296
3028,0.912384
3029,0.959488
3030,0.929792
3031,0.886784
3032,0.941056
3033,0.927744
3034,0.920576
3035,0.898048
3036,0.870400
3037,0.888832
3038,0.891904
3039,0.914432
3040,0.917504
3041,0.906240
3042,0.954368
3043,0.862208
3044,0.734208
3045,0.538624
3046,0.859136
3047,0.916480
3048,0.878592
3049,0.933888
3050,0.913408
3051,0.914432
3052,0.890880
3053,0.949248
3054,0.906240
3055,0.890880
3056,0.948224
3057,0.919552
3058,0.903168
3059,0.897024
3060,0.948224
3061,0.881664
3062,0.903168
3063,0.884736
3064,0.920576
3065,0.842752
3066,0.949248
3067,0.900096
3068,0.894976
3069,0.860160
3070,0.913408
3071,0.917504
3072,0.927744
3073,0.909312
3074,0.904192
3075,0.904192
3076,0.898048
3077,0.905216
3078,0.876544
3079,0.911360
3080,0.889856
3081,0.925696
3082,0.885760
3083,0.911360
3084,0.873472
3085,0.908288
3086,0.942080
3087,0.860160
3088,0.902144
3089,0.951296
3090,0.860160
3091,0.879616
3092,0.916480
3093,0.845824
3094,0.867328
3095,0.845824
3096,0.846848
3097,0.939008
3098,0.864256
3099,0.934912
3100,0.876544
3101,0.933888
3102,0.953344
3103,0.922624
3104,0.837632
3105,0.902144
3106,0.893952
3107,0.861184
3108,0.930816
3109,0.935936
3110,0.791552
3111,0.733184
3112,0.631808
3113,0.471040
3114,0.278528
3115,0.186368
3116,0.183296
3117,0.184320
3118,0.177152
3119,0.173056
3120,0.172032
3121,0.177152
3122,0.179200
3123,0.173056
3124,0.967680
3125,0.898048
3126,0.947200
3127,0.894976
3128,0.872448
3129,0.876544
3130,0.896000
3131,0.848896
3132,0.897024
3133,0.897024
3134,0.863232
3135,0.883712
3136,0.970752
3137,0.891904
3138,0.872448
3139,0.874496
3140,0.907264
3141,0.883712
3142,0.930816
3143,0.914432
3144,0.871424
3145,0.807936
3146,1.034240
3147,0.867328
3148,0.933888
3149,0.913408
3150,0.908288
3151,0.896000
3152,0.907264
3153,0.920576
3154,0.891904
3155,0.898048
3156,0.902144
3157,0.878592
3158,0.865280
3159,0.912384
3160,0.903168
3161,0.934912
3162,0.884736
3163,0.907264
3164,0.875520
3165,0.866304
3166,0.944128
3167,0.957440
3168,0.945152
3169,0.946176
3170,0.936960
3171,0.928768
3172,0.942080
3173,0.929792
3174,0.909312
3175,0.903168
3176,0.926720
3177,0.878592
3178,0.868352
3179,0.871424
3180,0.875520
3181,0.867328
3182,0.891904
3183,0.924672
3184,0.950272
3185,0.954368
3186,0.909312
3187,0.927744
3188,0.574464
3189,0.901120
3190,0.849920
3191,0.840704
3192,0.857088
3193,0.910336
3194,0.897024
3195,0.868352
3196,0.955392
3197,0.870400
3198,0.862208
3199,0.943104
3200,0.906240
3201,0.879616
3202,0.931840
3203,0.913408
3204,0.886784
3205,0.861184
3206,0.876544
3207,0.915456
3208,0.905216
3209,0.904192
3210,0.885760
3211,0.880640
3212,0.850944
3213,0.923648
3214,0.932864
3215,0.840704
3216,0.862208
3217,0.935936
3218,0.892928
3219,0.882688
3220,0.891904
3221,0.889856
3222,0.880640
3223,0.902144
3224,0.860160
3225,0.855040
3226,0.856064
3227,0.844800
3228,0.907264
3229,0.932864
3230,0.922624
3231,0.900096
3232,0.889856
3233,0.917504
3234,0.881664
3235,0.956416
3236,0.870400
3237,0.872448
3238,0.922624
3239,0.919552
3240,0.936960
3241,0.855040
3242,0.961536
3243,0.885760
3244,0.930816
3245,0.943104
3246,0.861184
3247,1.124352
3248,0.822272
3249,0.894976
3250,0.924672
3251,0.922624
3252,0.882688
3253,0.806912
3254,0.899072
3255,0.923648
3256,0.913408
3257,0.884736
3258,0.930816
3259,0.906240
3260,0.900096
3261,0.933888
3262,0.951296
3263,0.945152
3264,0.921600
3265,0.894976
3266,0.891904
3267,0.974848
3268,0.917504
3269,0.892928
3270,0.922624
3271,0.852992
3272,0.889856
3273,0.843776
3274,0.831488
3275,0.879616
3276,0.913408
3277,0.879616
3278,0.910336
3279,0.939008
3280,0.941056
3281,0.914432
3282,0.946176
3283,0.932864
3284,0.899072
3285,0.930816
3286,0.955392
3287,0.886784
3288,0.920576
3289,0.886784
3290,0.904192
3291,0.881664
3292,0.955392
3293,0.912384
3294,0.905216
3295,0.940032
3296,0.918528
3297,0.943104
3298,0.931840
3299,0.909312
3300,0.939008
3301,0.898048
3302,0.994304
3303,0.896000
3304,0.893952
3305,0.952320
3306,0.882688
3307,0.921600
3308,0.911360
3309,0.963584
3310,0.922624
3311,0.920576
3312,0.914432
3313,0.926720
3314,0.913408
3315,0.973824
3316,0.840704
3317,0.846848
3318,0.592896
3319,1.051648
3320,1.014784
3321,0.357376
3322,0.883712
3323,0.885760
3324,0.933888
3325,0.894976
3326,0.921600
3327,0.874496
3328,0.931840
3329,0.910336
3330,0.928768
3331,0.902144
3332,0.932864
3333,0.860160
3334,0.864256
3335,0.910336
3336,0.852992
3337,0.888832
3338,0.924672
3339,0.898048
3340,0.954368
3341,0.890880
3342,0.897024
3343,0.912384
3344,0.947200
3345,0.919552
3346,0.899072
3347,0.898048
3348,0.928768
3349,0.930816
3350,0.941056
3351,0.891904
3352,0.883712
3353,0.874496
3354,0.824320
3355,0.880640
3356,0.897024
3357,0.889856
3358,0.896000
3359,0.901120
3360,0.839680
3361,0.885760
3362,0.922624
3363,0.900096
3364,0.881664
3365,0.890880
3366,0.914432
3367,0.941056
3368,0.909312
3369,0.905216
3370,0.912384
3371,0.922624
3372,0.930816
3373,0.893952
3374,0.924672
3375,0.889856
3376,0.937984
3377,0.917504
3378,0.922624
3379,0.942080
3380,0.901120
3381,0.911360
3382,0.901120
3383,0.801792
3384,0.536576
3385,0.361472
3386,0.262144
3387,0.278528
3388,0.269312
3389,0.279552
3390,0.283648
3391,0.282624
3392,0.223232
3393,0.187392
3394,0.180224
3395,0.181248
3396,0.179200
3397,0.862208
3398,0.851968
3399,1.004544
3400,0.791552
3401,0.909312
3402,0.907264
3403,1.024000
3404,0.638976
3405,0.899072
3406,0.886784
3407,0.845824
3408,0.891904
3409,0.847872
3410,0.889856
3411,0.939008
3412,0.903168
3413,0.886784
3414,0.874496
3415,0.959488
3416,0.940032
3417,0.857088
3418,0.926720
3419,0.872448
3420,0.904192
3421,0.914432
3422,0.940032
3423,0.931840
3424,0.902144
3425,0.886784
3426,0.964608
3427,0.765952
3428,0.621568
3429,0.817152
3430,0.879616
3431,0.864256
3432,0.882688
3433,0.899072
3434,0.936960
3435,0.873472
3436,0.922624
3437,0.930816
3438,0.918528
3439,0.893952
3440,0.894976
3441,0.864256
3442,0.914432
3443,0.923648
3444,0.879616
3445,0.919552
3446,0.911360
3447,0.897024
3448,0.920576
3449,0.891904
3450,0.923648
3451,0.908288
3452,0.943104
3453,0.869376
3454,0.935936
3455,0.889856
3456,0.925696
3457,0.924672
3458,0.949248
3459,0.928768
3460,0.894976
3461,0.891904
3462,0.777216
3463,0.557056
3464,0.742400
3465,0.930816
3466,0.940032
3467,0.868352
3468,0.948224
3469,0.925696
3470,0.897024
3471,0.855040
3472,0.869376
3473,0.847872
3474,0.849920
3475,0.842752
3476,0.847872
3477,0.869376
3478,0.910336
3479,0.888832
3480,0.935936
3481,0.877568
3482,0.916480
3483,0.923648
3484,0.893952
3485,0.928768
3486,0.932864
3487,0.909312
3488,0.921600
3489,0.875520
3490,0.924672
3491,0.934912
3492,0.933888
3493,0.935936
3494,0.871424
3495,0.876544
3496,0.840704
3497,0.923648
3498,0.842752
3499,0.884736
3500,0.910336
3501,0.945152
3502,0.899072
3503,0.926720
3504,0.864256
3505,0.962560
3506,0.933888
3507,0.904192
3508,0.928768
3509,0.911360
3510,0.866304
3511,0.898048
3512,0.872448
3513,0.915456
3514,0.935936
3515,0.891904
3516,0.907264
3517,0.992256
3518,0.911360
3519,0.917504
3520,0.995328
3521,0.892928
3522,0.840704
3523,0.869376
3524,0.967680
3525,0.926720
3526,0.947200
3527,0.864256
3528,0.838656
3529,0.688128
3530,0.945152
3531,0.954368
3532,0.902144
3533,0.925696
3534,0.942080
3535,0.940032
3536,0.913408
3537,0.924672
3538,0.931840
3539,0.900096
3540,0.948224
3541,0.947200
3542,0.932864
3543,0.910336
3544,0.908288
3545,0.890880
3546,0.878592
3547,0.841728
3548,0.863232
3549,0.877568
3550,0.900096
3551,0.888832
3552,0.850944
3553,0.935936
3554,0.881664
3555,0.915456
3556,0.909312
3557,0.910336
3558,0.860160
3559,0.890880
3560,0.891904
3561,0.930816
3562,0.878592
3563,0.893952
3564,0.905216
3565,0.906240
3566,0.948224
3567,0.877568
3568,0.880640
3569,0.928768
3570,0.959488
3571,0.922624
3572,0.874496
3573,0.909312
3574,0.912384
3575,0.928768
3576,0.873472
3577,0.896000
3578,0.877568
3579,0.888832
3580,0.903168
3581,0.889856
3582,0.861184
3583,0.917504
3584,0.835584
3585,0.922624
3586,0.921600
3587,0.904192
3588,0.844800
3589,0.514048
3590,0.854016
3591,0.935936
3592,0.909312
3593,0.917504
3594,0.903168
3595,0.632832
3596,0.904192
3597,0.897024
3598,0.926720
3599,0.876544
3600,0.837632
3601,0.880640
3602,0.887808
3603,0.802816
3604,0.861184
3605,0.859136
3606,0.889856
3607,0.878592
3608,0.931840
3609,0.904192
3610,0.886784
3611,0.892928
3612,0.968704
3613,0.873472
3614,0.882688
3615,0.928768
3616,0.904192
3617,0.885760
3618,0.860160
3619,0.864256
3620,0.950272
3621,0.926720
3622,0.911360
3623,0.888832
3624,0.881664
3625,0.905216
3626,0.865280
3627,0.892928
3628,0.915456
3629,0.871424
3630,0.835584
3631,0.905216
3632,0.820224
3633,0.877568
3634,0.915456
3635,0.836608
3636,0.940032
3637,0.921600
3638,0.907264
3639,0.917504
3640,0.954368
3641,0.879616
3642,0.881664
3643,0.943104
3644,0.927744
3645,0.910336
3646,0.883712
3647,0.883712
3648,0.921600
3649,0.881664
3650,0.947200
3651,0.892928
3652,0.921600
3653,0.874496
3654,0.908288
3655,0.877568
3656,0.898048
3657,0.925696
3658,0.885760
3659,0.915456
3660,0.781312
3661,0.623616
3662,0.507904
3663,0.245760
3664,0.211968
3665,0.216064
3666,0.210944
3667,0.196608
3668,0.193536
3669,0.187392
3670,0.192512
3671,0.180224
3672,0.157696
3673,0.157696
3674,0.155648
3675,0.153600
3676,0.154624
3677,0.157696
3678,0.967680
3679,0.944128
3680,0.925696
3681,0.899072
3682,0.909312
3683,0.928768
3684,0.907264
3685,0.955392
3686,0.945152
3687,0.857088
3688,0.893952
3689,0.912384
3690,0.921600
3691,0.897024
3692,0.924672
3693,0.884736
3694,0.914432
3695,0.952320
3696,0.962560
3697,0.940032
3698,0.906240
3699,0.930816
3700,0.914432
3701,0.876544
3702,0.918528
3703,0.901120
3704,0.921600
3705,0.875520
3706,0.914432
3707,0.823296
3708,0.887808
3709,0.896000
3710,0.855040
3711,0.923648
3712,0.893952
3713,0.882688
3714,0.891904
3715,0.925696
3716,0.900096
3717,0.975872
3718,0.906240
3719,0.947200
3720,0.933888
3721,0.836608
3722,0.956416
3723,0.913408
3724,0.873472
3725,0.878592
3726,0.931840
3727,0.900096
3728,0.893952
3729,0.994304
3730,0.900096
3731,0.878592
3732,0.935936
3733,0.891904
3734,0.925696
3735,0.935936
3736,0.876544
3737,0.980992
3738,0.911360
3739,0.924672
3740,0.937984
3741,0.814080
3742,0.637952
3743,0.479232
3744,0.457728
3745,0.478208
3746,0.777216
3747,0.985088
3748,0.808960
3749,0.889856
3750,0.903168
3751,1.050624
3752,0.781312
3753,0.874496
3754,0.901120
3755,0.863232
3756,0.829440
3757,0.877568
3758,0.887808
3759,0.933888
3760,0.845824
3761,0.868352
3762,0.883712
3763,0.932864
3764,0.918528
3765,0.897024
3766,0.912384
3767,0.916480
3768,0.855040
3769,0.857088
3770,0.946176
3771,0.947200
3772,0.874496
3773,0.897024
3774,0.909312
3775,0.926720
3776,0.891904
3777,0.922624
3778,0.892928
3779,0.952320
3780,0.891904
3781,0.927744
3782,0.887808
3783,0.902144
3784,0.902144
3785,0.878592
3786,0.867328
3787,0.884736
3788,0.873472
3789,0.887808
3790,0.923648
3791,0.905216
3792,0.961536
3793,0.878592
3794,0.922624
3795,0.871424
3796,0.935936
3797,0.865280
3798,0.944128
3799,0.862208
3800,0.919552
3801,0.903168
3802,0.886784
3803,0.906240
3804,0.867328
3805,0.967680
3806,0.881664
3807,0.951296
3808,0.905216
3809,0.847872
3810,0.807936
3811,0.756736
3812,0.661504
3813,0.452608
3814,0.362496
3815,0.264192
3816,0.243712
3817,0.245760
3818,0.242688
3819,0.254976
3820,0.260096
3821,0.249856
3822,0.871424
3823,0.969728
3824,0.897024
3825,0.885760
3826,0.905216
3827,0.926720
3828,0.933888
3829,0.943104
3830,0.958464
3831,0.925696
3832,0.922624
3833,0.884736
3834,0.915456
3835,0.903168
3836,0.960512
3837,0.931840
3838,0.882688
3839,0.903168
3840,0.918528
3841,0.941056
3842,0.923648
3843,0.934912
3844,0.944128
3845,0.915456
3846,0.898048
3847,0.915456
3848,0.942080
3849,0.894976
3850,0.942080
3851,0.892928
3852,0.879616
3853,0.910336
3854,0.933888
3855,0.871424
3856,0.843776
3857,0.839680
3858,0.935936
3859,0.887808
3860,0.877568
3861,0.923648
3862,0.899072
3863,0.909312
3864,0.907264
3865,0.916480
3866,0.906240
3867,0.919552
3868,0.910336
3869,0.901120
3870,0.904192
3871,0.911360
3872,0.889856
3873,0.926720
3874,0.875520
3875,0.949248
3876,0.888832
3877,0.884736
3878,0.901120
3879,0.986112
3880,0.886784
3881,0.892928
3882,0.943104
3883,0.940032
3884,0.948224
3885,0.847872
3886,0.715776
3887,0.406528
3888,0.402432
3889,0.365568
3890,0.350208
3891,0.288768
3892,0.290816
3893,0.285696
3894,0.269312
3895,0.195584
3896,0.185344
3897,0.191488
3898,0.191488
3899,0.175104
3900,0.833536
3901,0.902144
3902,0.891904
3903,0.870400
3904,0.890880
3905,0.896000
3906,0.889856
3907,0.921600
3908,0.943104
3909,0.912384
3910,0.874496
3911,0.879616
3912,0.862208
3913,0.906240
3914,0.945152
3915,0.925696
3916,0.953344
3917,0.907264
3918,0.943104
3919,0.886784
3920,0.862208
3921,0.846848
3922,0.879616
3923,0.900096
3924,0.886784
3925,0.906240
3926,0.911360
3927,0.905216
3928,0.908288
3929,0.902144
3930,0.912384
3931,0.896000
3932,0.917504
3933,0.937984
3934,0.920576
3935,0.937984
3936,0.905216
3937,0.929792
3938,0.886784
3939,0.963584
3940,0.953344
3941,0.924672
3942,0.907264
3943,0.888832
3944,0.909312
3945,0.914432
3946,0.928768
3947,0.903168
3948,0.937984
3949,0.893952
3950,0.913408
3951,0.932864
3952,0.936960
3953,0.892928
3954,0.925696
3955,0.889856
3956,0.914432
3957,0.875520
3958,0.874496
3959,0.902144
3960,0.900096
3961,0.950272
3962,0.892928
3963,0.879616
3964,0.765952
3965,0.359424
3966,0.352256
3967,0.299008
3968,0.295936
3969,0.294912
3970,0.290816
3971,0.281600
3972,0.271360
3973,0.269312
3974,0.266240
3975,0.260096
3976,0.247808
3977,0.922624
3978,0.935936
3979,0.894976
3980,0.934912
3981,0.932864
3982,0.875520
3983,0.960512
3984,0.932864
3985,0.935936
3986,0.875520
3987,0.915456
3988,0.941056
3989,0.860160
3990,0.936960
3991,0.850944
3992,0.905216
3993,0.899072
3994,0.870400
3995,0.909312
3996,0.953344
3997,0.947200
3998,0.847872
3999,0.909312
4000,0.959488
4001,0.915456
4002,0.903168
4003,0.889856
4004,0.879616
4005,0.896000
4006,0.924672
4007,0.889856
4008,0.870400
4009,0.957440
4010,0.904192
4011,0.866304
4012,0.915456
4013,0.932864
4014,0.905216
4015,0.924672
4016,0.828416
4017,0.877568
4018,0.874496
4019,0.914432
4020,0.927744
4021,0.964608
4022,0.919552
4023,0.954368
4024,1.008640
4025,0.912384
4026,0.919552
4027,0.911360
4028,0.965632
4029,0.919552
4030,0.947200
4031,0.875520
4032,0.904192
4033,0.955392
4034,0.975872
4035,0.838656
4036,0.941056
4037,0.943104
4038,0.957440
4039,0.911360
4040,0.798720
4041,0.655360
4042,0.908288
4043,0.930816
4044,0.961536
4045,0.917504
4046,0.941056
4047,0.930816
4048,0.922624
4049,0.960512
4050,0.939008
4051,0.909312
4052,0.932864
4053,0.948224
4054,0.859136
4055,0.955392
4056,0.934912
4057,0.926720
4058,0.917504
4059,0.909312
4060,0.898048
4061,0.899072
4062,0.873472
4063,0.904192
4064,0.863232
4065,0.854016
4066,0.871424
4067,0.912384
4068,0.910336
4069,0.904192
4070,0.885760
4071,0.887808
4072,0.903168
4073,0.882688
4074,0.901120
4075,0.914432
4076,0.947200
4077,0.924672
4078,0.897024
4079,0.902144
4080,0.956416
4081,0.925696
4082,0.950272
4083,0.927744
4084,0.911360
4085,0.944128
4086,0.926720
4087,0.970752
4088,0.921600
4089,0.911360
4090,0.931840
4091,0.903168
4092,0.923648
4093,0.894976
4094,0.913408
4095,0.894976
4096,0.909312
4097,0.879616
4098,0.871424
4099,0.913408
4100,0.894976
4101,0.949248
4102,0.871424
4103,0.890880
4104,0.951296
4105,0.891904
4106,0.609280
4107,0.506880
4108,0.738304
4109,0.916480
4110,0.941056
4111,0.905216
4112,0.908288
4113,0.912384
4114,0.917504
4115,0.917504
4116,0.922624
4117,0.911360
4118,0.909312
4119,0.900096
4120,0.926720
4121,0.914432
4122,0.945152
4123,0.934912
4124,0.888832
4125,0.950272
4126,0.949248
4127,0.931840
4128,0.878592
4129,0.919552
4130,0.924672
4131,0.909312
4132,0.920576
4133,0.897024
4134,0.922624
4135,0.912384
4136,0.948224
4137,0.907264
4138,0.910336
4139,0.889856
4140,0.843776
4141,0.860160
4142,0.806912
4143,0.911360
4144,0.891904
4145,0.936960
4146,0.924672
4147,0.917504
4148,0.943104
4149,0.911360
4150,0.971776
4151,0.930816
4152,0.936960
4153,0.892928
4154,0.934912
4155,0.865280
4156,0.941056
4157,0.918528
4158,0.956416
4159,0.877568
4160,0.914432
4161,0.905216
4162,0.925696
4163,0.977920
4164,0.879616
4165,0.955392
4166,0.910336
4167,0.903168
4168,0.904192
4169,0.871424
4170,0.942080
4171,0.940032
4172,0.766976
4173,0.656384
4174,0.565248
4175,0.232448
4176,0.194560
4177,0.198656
4178,0.183296
4179,0.198656
4180,0.184320
4181,0.186368
4182,0.186368
4183,0.169984
4184,0.176128
4185,0.177152
4186,0.169984
4187,0.173056
4188,0.168960
4189,0.859136
4190,0.856064
4191,0.925696
4192,0.903168
4193,0.897024
4194,0.897024
4195,0.926720
4196,0.920576
4197,1.002496
4198,0.879616
4199,0.873472
4200,0.916480
4201,0.913408
4202,0.904192
4203,0.927744
4204,0.914432
4205,0.956416
4206,0.881664
4207,0.937984
4208,0.920576
4209,0.946176
4210,0.933888
4211,0.942080
4212,0.923648
4213,0.925696
4214,0.877568
4215,0.897024
4216,0.941056
4217,0.950272
4218,0.924672
4219,0.914432
4220,0.945152
4221,0.937984
4222,0.951296
4223,0.936960
4224,0.957440
4225,0.909312
4226,0.906240
4227,0.939008
4228,0.898048
4229,0.948224
4230,0.856064
4231,0.933888
4232,0.907264
4233,0.931840
4234,0.941056
4235,0.920576
4236,0.916480
4237,0.929792
4238,0.939008
4239,0.931840
4240,0.935936
4241,0.929792
4242,0.921600
4243,0.935936
4244,0.874496
4245,0.929792
4246,0.914432
4247,0.908288
4248,0.858112
4249,0.832512
4250,0.861184
4251,0.891904
4252,0.959488
4253,0.834560
4254,0.860160
4255,1.084416
4256,1.030144
4257,0.732160
4258,0.917504
4259,0.968704
4260,0.887808
4261,0.856064
4262,0.905216
4263,0.920576
4264,0.907264
4265,0.867328
4266,0.858112
4267,0.916480
4268,0.861184
4269,0.862208
4270,0.872448
4271,0.870400
4272,0.891904
4273,0.918528
4274,0.908288
4275,0.940032
4276,0.914432
4277,0.917504
4278,0.871424
4279,0.885760
4280,0.910336
4281,0.924672
4282,0.878592
4283,0.930816
4284,0.897024
4285,0.915456
4286,0.887808
4287,0.896000
4288,0.911360
4289,0.958464
4290,0.931840
4291,0.911360
4292,0.912384
4293,0.884736
4294,0.912384
4295,0.917504
4296,0.913408
4297,0.918528
4298,0.936960
4299,0.965632
4300,0.897024
4301,0.927744
4302,0.950272
4303,0.942080
4304,0.934912
4305,0.884736
4306,0.907264
4307,0.912384
4308,0.935936
4309,0.908288
4310,0.882688
4311,0.937984
4312,0.900096
4313,0.890880
4314,0.854016
4315,0.833536
4316,0.817152
4317,0.856064
4318,0.718848
4319,0.609280
4320,0.448512
4321,0.180224
4322,0.172032
4323,0.172032
4324,0.179200
4325,0.180224
4326,0.167936
4327,0.168960
4328,0.168960
4329,0.168960
4330,0.166912
4331,0.164864
4332,0.162816
4333,0.161792
4334,0.168960
4335,0.162816
4336,0.161792
4337,0.832512
4338,0.927744
4339,0.898048
4340,0.891904
4341,0.889856
4342,0.874496
4343,0.939008
4344,0.876544
4345,0.916480
4346,0.955392
4347,0.928768
4348,0.875520
4349,0.905216
4350,0.946176
4351,0.916480
4352,0.866304
4353,0.963584
4354,0.926720
4355,0.881664
4356,0.989184
4357,0.869376
4358,0.916480
4359,0.917504
4360,0.878592
4361,0.892928
4362,0.924672
4363,0.944128
4364,0.892928
4365,0.925696
4366,0.904192
4367,0.870400
4368,0.860160
4369,0.944128
4370,0.913408
4371,0.924672
4372,0.922624
4373,0.920576
4374,0.940032
4375,0.946176
4376,0.912384
4377,0.920576
4378,0.943104
4379,0.888832
4380,0.946176
4381,0.841728
4382,0.856064
4383,0.854016
4384,0.885760
4385,0.913408
4386,0.934912
4387,0.903168
4388,0.827392
4389,0.886784
4390,0.922624
4391,0.888832
4392,0.912384
4393,0.887808
4394,0.886784
4395,0.849920
4396,0.914432
4397,0.925696
4398,0.942080
4399,0.891904
4400,0.903168
4401,0.777216
4402,0.579584
4403,0.520192
4404,0.887808
4405,0.962560
4406,0.919552
4407,0.910336
4408,0.900096
4409,0.897024
4410,0.871424
4411,0.885760
4412,0.865280
4413,0.903168
4414,0.899072
4415,0.882688
4416,0.883712
4417,0.946176
4418,0.898048
4419,0.882688
4420,0.864256
4421,0.929792
4422,0.876544
4423,0.890880
4424,0.867328
4425,0.928768
4426,0.885760
4427,0.892928
4428,0.875520
4429,0.890880
4430,0.900096
4431,0.897024
4432,0.890880
4433,0.923648
4434,0.927744
4435,0.926720
4436,0.951296
4437,0.907264
4438,0.913408
4439,0.889856
4440,0.925696
4441,0.931840
4442,0.909312
4443,0.879616
4444,0.897024
4445,0.860160
4446,0.866304
4447,0.848896
4448,0.881664
4449,0.870400
4450,1.164288
4451,1.126400
4452,0.851968
4453,0.953344
4454,0.941056
4455,0.900096
4456,0.915456
4457,0.876544
4458,0.957440
4459,0.894976
4460,0.912384
4461,0.926720
4462,0.921600
4463,0.919552
4464,0.961536
4465,0.944128
4466,0.926720
4467,0.904192
4468,0.765952
4469,0.519168
4470,0.374784
4471,0.336896
4472,0.305152
4473,0.350208
4474,0.347136
4475,0.348160
4476,0.310272
4477,0.322560
4478,0.216064
4479,0.848896
4480,0.958464
4481,0.878592
4482,0.955392
4483,0.918528
4484,0.881664
4485,0.899072
4486,0.865280
4487,0.876544
4488,0.935936
4489,0.890880
4490,0.902144
4491,0.967680
4492,0.876544
4493,0.943104
4494,0.858112
4495,0.914432
4496,0.921600
4497,0.897024
4498,0.955392
4499,0.903168
4500,0.929792
4501,0.870400
4502,0.941056
4503,0.899072
4504,0.930816
4505,0.846848
4506,0.927744
4507,0.921600
4508,0.941056
4509,0.921600
4510,0.913408
4511,0.925696
4512,0.890880
4513,0.903168
4514,0.884736
4515,0.843776
4516,0.831488
4517,0.842752
4518,0.839680
4519,0.876544
4520,0.945152
4521,0.908288
4522,0.892928
4523,0.900096
4524,0.948224
4525,0.935936
4526,0.947200
4527,0.868352
4528,0.907264
4529,0.939008
4530,0.913408
4531,0.887808
4532,0.922624
4533,0.958464
4534,0.933888
4535,0.917504
4536,0.926720
4537,0.936960
4538,0.896000
4539,0.916480
4540,0.914432
4541,0.900096
4542,0.819200
4543,0.592896
4544,0.932864
4545,0.943104
4546,0.896000
4547,0.978944
4548,0.884736
4549,0.892928
4550,0.946176
4551,0.819200
4552,0.817152
4553,0.881664
4554,0.863232
4555,0.877568
4556,0.882688
4557,0.897024
4558,0.944128
4559,0.909312
4560,0.923648
4561,0.868352
4562,0.935936
4563,0.894976
4564,0.927744
4565,0.954368
4566,0.885760
4567,0.866304
4568,0.926720
4569,0.917504
4570,0.919552
4571,0.875520
4572,0.891904
4573,0.929792
4574,0.883712
4575,0.934912
4576,0.844800
4577,0.896000
4578,0.905216
4579,0.891904
4580,0.905216
4581,0.902144
4582,0.942080
4583,0.994304
4584,0.942080
4585,0.894976
4586,0.983040
4587,0.893952
4588,0.808960
4589,0.880640
4590,0.890880
4591,0.906240
4592,0.918528
4593,0.922624
4594,0.885760
4595,0.907264
4596,0.923648
4597,0.942080
4598,0.930816
4599,0.960512
4600,0.925696
4601,0.946176
4602,0.914432
4603,0.906240
4604,0.882688
4605,0.891904
4606,0.951296
4607,0.808960
4608,0.578560
4609,0.723968
4610,0.896000
4611,0.969728
4612,0.880640
4613,0.948224
4614,0.907264
4615,0.952320
4616,0.948224
4617,0.890880
4618,0.970752
4619,0.918528
4620,0.886784
4621,0.941056
4622,0.909312
4623,0.881664
4624,0.858112
4625,0.859136
4626,0.851968
4627,0.849920
4628,0.905216
4629,0.907264
4630,0.923648
4631,0.894976
4632,0.859136
4633,0.907264
4634,0.918528
4635,0.865280
4636,0.948224
4637,0.883712
4638,0.883712
4639,0.896000
4640,0.908288
4641,0.919552
4642,0.850944
4643,0.914432
4644,0.897024
4645,0.935936
4646,0.909312
4647,0.914432
4648,0.939008
4649,0.922624
4650,0.888832
4651,0.872448
4652,0.911360
4653,0.881664
4654,0.876544
4655,0.856064
4656,0.826368
4657,0.846848
4658,0.852992
4659,0.970752
4660,0.913408
4661,0.913408
4662,0.914432
4663,0.916480
4664,0.866304
4665,0.978944
4666,0.902144
4667,0.921600
4668,0.930816
4669,0.906240
4670,0.858112
4671,0.918528
4672,0.964608
4673,0.913408
4674,0.855040
4675,0.586752
4676,0.883712
4677,0.908288
4678,0.891904
4679,0.924672
4680,0.882688
4681,0.879616
4682,0.852992
4683,0.850944
4684,0.862208
4685,0.887808
4686,0.879616
4687,0.939008
4688,0.926720
4689,0.933888
4690,0.922624
4691,0.946176
4692,0.908288
4693,0.939008
4694,0.910336
4695,0.907264
4696,0.916480
4697,0.901120
4698,0.930816
4699,0.894976
4700,0.891904
4701,0.910336
4702,0.892928
4703,0.944128
4704,0.913408
4705,0.919552
4706,0.882688
4707,0.885760
4708,0.933888
4709,0.920576
4710,0.880640
4711,0.888832
4712,0.921600
4713,0.899072
4714,1.138688
4715,0.805888
4716,0.927744
4717,0.899072
4718,0.903168
4719,0.933888
4720,0.904192
4721,0.902144
4722,0.924672
4723,0.857088
4724,0.920576
4725,0.868352
4726,0.913408
4727,0.866304
4728,0.918528
4729,0.917504
4730,0.790528
4731,0.885760
4732,0.888832
4733,0.935936
4734,0.883712
4735,0.908288
4736,0.935936
4737,0.953344
4738,0.927744
4739,0.873472
4740,0.823296
4741,0.610304
4742,0.395264
4743,0.359424
4744,0.206848
4745,0.210944
4746,0.208896
4747,0.207872
4748,0.769024
4749,0.936960
4750,0.959488
4751,0.934912
4752,0.909312
4753,0.894976
4754,0.948224
4755,0.881664
4756,0.908288
4757,0.941056
4758,0.897024
4759,0.929792
4760,0.867328
4761,0.937984
4762,0.925696
4763,0.937984
4764,0.933888
4765,0.876544
4766,0.899072
4767,0.876544
4768,0.854016
4769,0.829440
4770,0.867328
4771,0.875520
4772,0.899072
4773,0.927744
4774,0.946176
4775,0.907264
4776,0.921600
4777,0.918528
4778,0.935936
4779,0.912384
4780,0.887808
4781,0.905216
4782,0.933888
4783,0.919552
4784,0.918528
4785,0.923648
4786,0.914432
4787,0.926720
4788,0.766976
4789,0.970752
4790,0.893952
4791,0.911360
4792,0.903168
4793,0.943104
4794,0.894976
4795,0.903168
4796,0.925696
4797,0.926720
4798,0.944128
4799,0.908288
4800,0.891904
4801,0.890880
4802,0.904192
4803,0.855040
4804,0.858112
4805,0.882688
4806,0.904192
4807,0.924672
4808,0.912384
4809,0.933888
4810,0.926720
4811,0.910336
4812,0.773120
4813,0.588800
4814,0.476160
4815,0.488448
4816,0.806912
4817,0.951296
4818,0.859136
4819,0.909312
4820,0.902144
4821,0.887808
4822,0.893952
4823,0.906240
4824,0.969728
4825,0.864256
4826,0.916480
4827,0.914432
4828,0.917504
4829,0.905216
4830,0.918528
4831,0.841728
4832,0.915456
4833,0.936960
4834,0.904192
4835,0.929792
4836,0.888832
4837,0.887808
4838,0.911360
4839,0.922624
4840,0.891904
4841,0.803840
4842,0.886784
4843,0.880640
4844,0.892928
4845,0.891904
4846,0.877568
4847,0.909312
4848,0.899072
4849,0.873472
4850,0.927744
4851,0.940032
4852,0.881664
4853,0.890880
4854,0.926720
4855,0.937984
4856,0.930816
4857,0.893952
4858,0.937984
4859,0.867328
4860,0.861184
4861,0.909312
4862,0.920576
4863,0.921600
4864,0.849920
4865,0.893952
4866,0.885760
4867,0.864256
4868,0.858112
4869,0.919552
4870,0.911360
4871,0.926720
4872,0.916480
4873,0.952320
4874,0.949248
4875,0.924672
4876,0.953344
4877,0.914432
4878,0.916480
4879,0.924672
4880,0.907264
4881,0.766976
4882,0.903168
4883,0.907264
4884,0.937984
4885,0.877568
4886,0.922624
4887,0.925696
4888,0.928768
4889,0.883712
4890,0.945152
4891,0.943104
4892,0.897024
4893,0.901120
4894,0.885760
4895,0.915456
4896,0.871424
4897,0.990208
4898,0.954368
4899,0.871424
4900,0.863232
4901,0.880640
4902,0.953344
4903,0.858112
4904,0.881664
4905,0.931840
4906,0.894976
4907,0.874496
4908,0.892928
4909,0.892928
4910,0.914432
4911,0.914432
4912,0.915456
4913,0.926720
4914,0.889856
4915,0.925696
4916,0.931840
4917,0.898048
4918,0.930816
4919,0.932864
4920,0.922624
4921,0.916480
4922,0.930816
4923,0.890880
4924,0.899072
4925,0.875520
4926,0.880640
4927,0.842752
4928,0.859136
4929,0.871424
4930,0.928768
4931,0.908288
4932,0.919552
4933,0.891904
4934,0.907264
4935,0.918528
4936,0.915456
4937,0.904192
4938,0.932864
4939,0.918528
4940,0.946176
4941,0.954368
4942,0.927744
4943,0.923648
4944,0.914432
4945,0.616448
4946,0.863232
4947,0.900096
4948,0.854016
4949,0.845824
4950,0.892928
4951,0.880640
4952,0.899072
4953,0.847872
4954,0.896000
4955,0.897024
4956,0.863232
4957,0.931840
4958,0.912384
4959,0.943104
4960,0.898048
4961,0.901120
4962,0.924672
4963,0.885760
4964,1.078272
4965,1.052672
4966,0.819200
4967,0.925696
4968,0.935936
4969,0.892928
4970,0.949248
4971,0.870400
4972,0.914432
4973,0.898048
4974,0.892928
4975,0.960512
4976,0.868352
4977,0.907264
4978,0.875520
4979,0.839680
4980,0.875520
4981,0.891904
4982,0.886784
4983,0.883712
4984,0.902144
4985,0.904192
4986,0.851968
4987,0.871424
4988,0.886784
4989,0.862208
4990,0.929792
4991,0.876544
4992,0.885760
4993,0.877568
4994,0.899072
4995,0.881664
4996,0.860160
4997,0.921600
4998,0.904192
4999,0.897024
5000,0.910336
5001,0.930816
5002,0.881664
5003,0.927744
5004,0.921600
5005,0.890880
5006,0.882688
5007,0.840704
5008,0.862208
5009,0.920576
5010,0.885760
5011,0.856064
5012,0.963584
5013,0.913408
5014,0.914432
5015,0.902144
5016,0.944128
5017,0.910336
5018,0.894976
5019,0.883712
5020,0.879616
5021,0.965632
5022,0.884736
5023,0.941056
5024,0.884736
5025,0.907264
5026,0.914432
5027,0.885760
5028,0.886784
5029,0.891904
5030,0.923648
5031,0.785408
5032,0.928768
5033,0.803840
5034,0.970752
5035,0.826368
5036,0.910336
5037,0.881664
5038,0.868352
5039,0.890880
5040,0.907264
5041,0.884736
5042,0.869376
5043,0.875520
5044,0.894976
5045,0.827392
5046,0.882688
5047,0.898048
5048,0.831488
5049,0.909312
5050,0.913408
5051,0.899072
5052,0.890880
5053,0.907264
5054,0.889856
5055,0.907264
5056,0.933888
5057,0.854016
5058,0.905216
5059,0.891904
5060,0.926720
5061,0.877568
5062,0.876544
5063,0.940032
5064,0.930816
5065,0.907264
5066,0.917504
5067,0.904192
5068,0.900096
5069,0.918528
5070,0.905216
5071,0.889856
5072,0.904192
5073,0.940032
5074,0.929792
5075,0.863232
5076,0.620544
5077,0.423936
5078,0.384000
5079,0.379904
5080,0.411648
5081,0.297984
5082,0.321536
5083,0.209920
5084,0.172032
5085,0.169984
5086,0.168960
5087,0.164864
5088,0.161792
5089,0.953344
5090,0.879616
5091,0.911360
5092,0.914432
5093,0.906240
5094,0.883712
5095,0.916480
5096,0.870400
5097,0.933888
5098,0.901120
5099,0.937984
5100,0.929792
5101,0.925696
5102,0.935936
5103,0.906240
5104,0.863232
5105,0.904192
5106,0.916480
5107,0.911360
5108,0.937984
5109,0.930816
5110,0.950272
5111,0.897024
5112,0.885760
5113,0.887808
5114,0.927744
5115,0.910336
5116,0.841728
5117,0.885760
5118,0.942080
5119,0.882688
5120,0.972800
5121,0.931840
5122,0.922624
5123,0.930816
5124,0.900096
5125,0.931840
5126,0.908288
5127,0.932864
5128,0.910336
5129,0.905216
5130,0.906240
5131,0.908288
5132,0.868352
5133,0.917504
5134,0.840704
5135,0.917504
5136,0.929792
5137,0.861184
5138,0.872448
5139,0.876544
5140,0.964608
5141,0.921600
5142,0.945152
5143,0.884736
5144,1.146880
5145,0.940032
5146,0.900096
5147,0.957440
5148,0.965632
5149,0.941056
5150,0.949248
5151,0.890880
5152,0.840704
5153,0.804864
5154,0.912384
5155,0.943104
5156,0.884736
5157,0.957440
5158,0.914432
5159,0.933888
5160,0.907264
5161,0.913408
5162,0.882688
5163,0.893952
5164,0.960512
5165,0.913408
5166,0.954368
5167,0.922624
5168,0.884736
5169,0.905216
5170,0.929792
5171,0.876544
5172,0.882688
5173,0.922624
5174,0.926720
5175,0.916480
5176,0.951296
5177,0.902144
5178,0.934912
5179,0.934912
5180,0.919552
5181,0.968704
5182,0.913408
5183,0.910336
5184,0.939008
5185,0.884736
5186,0.928768
5187,0.931840
5188,0.928768
5189,0.943104
5190,0.950272
5191,0.953344
5192,0.945152
5193,0.923648
5194,0.954368
5195,0.965632
5196,0.914432
5197,0.898048
5198,0.915456
5199,0.912384
5200,0.912384
5201,0.919552
5202,0.917504
5203,0.857088
5204,0.852992
5205,0.873472
5206,0.896000
5207,0.897024
5208,0.873472
5209,0.946176
5210,0.917504
5211,0.935936
5212,0.954368
5213,0.921600
5214,0.905216
5215,0.951296
5216,0.914432
5217,0.825344
5218,0.728064
5219,0.740352
5220,0.919552
5221,0.963584
5222,0.888832
5223,0.947200
5224,0.874496
5225,0.924672
5226,0.924672
5227,0.919552
5228,0.914432
5229,0.937984
5230,0.915456
5231,0.915456
5232,0.933888
5233,0.907264
5234,0.924672
5235,0.873472
5236,0.891904
5237,0.844800
5238,0.869376
5239,0.856064
5240,0.975872
5241,0.915456
5242,0.847872
5243,0.518144
5244,0.873472
5245,0.884736
5246,0.883712
5247,0.931840
5248,0.867328
5249,0.891904
5250,0.943104
5251,0.930816
5252,0.828416
5253,1.001472
5254,0.870400
5255,0.936960
5256,0.891904
5257,0.911360
5258,0.916480
5259,0.934912
5260,0.926720
5261,0.894976
5262,0.947200
5263,0.873472
5264,0.929792
5265,0.907264
5266,0.908288
5267,0.883712
5268,0.930816
5269,0.934912
5270,0.922624
5271,0.948224
5272,0.912384
5273,0.912384
5274,0.919552
5275,0.917504
5276,0.949248
5277,0.886784
5278,0.944128
5279,0.927744
5280,0.940032
5281,0.905216
5282,0.954368
5283,0.865280
5284,0.613376
5285,0.379904
5286,0.319488
5287,0.241664
5288,0.240640
5289,0.246784
5290,0.215040
5291,0.197632
5292,0.198656
5293,0.201728
5294,0.190464
5295,0.173056
5296,0.172032
5297,0.172032
5298,0.179200
5299,0.174080
5300,0.927744
5301,0.930816
5302,0.945152
5303,0.899072
5304,0.925696
5305,0.908288
5306,0.919552
5307,0.954368
5308,0.919552
5309,0.955392
5310,0.898048
5311,0.894976
5312,0.922624
5313,0.913408
5314,0.940032
5315,0.893952
5316,0.910336
5317,0.919552
5318,0.917504
5319,0.959488
5320,0.889856
5321,0.906240
5322,0.885760
5323,0.911360
5324,0.847872
5325,0.951296
5326,0.911360
5327,0.914432
5328,0.930816
5329,0.905216
5330,0.908288
5331,0.902144
5332,0.955392
5333,0.893952
5334,0.856064
5335,0.910336
5336,0.915456
5337,0.879616
5338,0.948224
5339,0.923648
5340,0.948224
5341,0.921600
5342,0.893952
5343,0.920576
5344,0.942080
5345,0.967680
5346,0.916480
5347,0.930816
5348,0.922624
5349,0.907264
5350,0.911360
5351,0.985088
5352,0.908288
5353,0.881664
5354,0.927744
5355,0.935936
5356,0.928768
5357,0.875520
5358,0.966656
5359,0.856064
5360,0.911360
5361,0.896000
5362,0.964608
5363,0.609280
5364,0.921600
5365,0.918528
5366,0.869376
5367,0.907264
5368,0.893952
5369,0.908288
5370,0.879616
5371,0.878592
5372,0.849920
5373,0.878592
5374,0.870400
5375,0.907264
5376,0.860160
5377,0.862208
5378,0.864256
5379,0.889856
5380,0.865280
5381,0.814080
5382,1.026048
5383,0.829440
5384,0.883712
5385,0.919552
5386,0.949248
5387,0.918528
5388,0.912384
5389,0.859136
5390,0.877568
5391,0.891904
5392,0.843776
5393,0.900096
5394,0.842752
5395,0.910336
5396,0.899072
5397,0.908288
5398,0.922624
5399,0.915456
5400,0.902144
5401,0.915456
5402,0.921600
5403,0.946176
5404,0.906240
5405,0.885760
5406,0.962560
5407,0.940032
5408,0.915456
5409,0.954368
5410,0.944128
5411,0.926720
5412,0.950272
5413,0.917504
5414,0.923648
5415,0.886784
5416,0.904192
5417,0.912384
5418,0.903168
5419,0.890880
5420,0.951296
5421,0.877568
5422,0.905216
5423,0.835584
5424,0.902144
5425,0.936960
5426,0.887808
5427,0.908288
5428,0.822272
5429,0.586752
5430,0.381952
5431,0.886784
5432,0.869376
5433,0.921600
5434,0.903168
5435,0.883712
5436,0.908288
5437,0.923648
5438,0.875520
5439,0.917504
5440,0.885760
5441,0.916480
5442,0.860160
5443,0.902144
5444,0.937984
5445,0.935936
5446,0.914432
5447,0.914432
5448,0.905216
5449,0.890880
5450,0.956416
5451,0.914432
5452,0.872448
5453,0.937984
5454,0.883712
5455,0.900096
5456,0.892928
5457,0.875520
5458,0.864256
5459,1.092608
5460,0.827392
5461,0.466944
5462,0.855040
5463,0.907264
5464,0.896000
5465,0.889856
5466,0.883712
5467,0.904192
5468,0.893952
5469,0.890880
5470,0.933888
5471,0.884736
5472,0.975872
5473,0.953344
5474,0.926720
5475,0.883712
5476,0.902144
5477,0.902144
5478,0.968704
5479,0.868352
5480,0.947200
5481,0.916480
5482,0.929792
5483,0.927744
5484,0.920576
5485,0.939008
5486,0.871424
5487,0.917504
5488,0.904192
5489,0.870400
5490,0.839680
5491,0.857088
5492,0.964608
5493,0.923648
5494,0.922624
5495,0.921600
5496,0.819200
5497,0.831488
5498,0.931840
5499,0.830464
5500,0.940032
5501,0.894976
5502,0.877568
5503,0.823296
5504,0.866304
5505,0.910336
5506,0.879616
5507,0.958464
5508,0.876544
5509,0.905216
5510,0.930816
5511,0.942080
5512,0.874496
5513,0.887808
5514,0.894976
5515,0.896000
5516,0.832512
5517,0.825344
5518,0.898048
5519,0.892928
5520,0.907264
5521,0.933888
5522,0.921600
5523,0.916480
5524,0.839680
5525,0.848896
5526,0.945152
5527,1.063936
5528,0.906240
5529,0.918528
5530,0.945152
5531,0.862208
5532,0.878592
5533,0.906240
5534,0.914432
5535,0.881664
5536,0.858112
5537,0.927744
5538,0.871424
5539,0.878592
5540,0.903168
5541,0.877568
5542,0.873472
5543,0.888832
5544,0.868352
5545,0.861184
5546,0.874496
5547,0.901120
5548,0.916480
5549,0.924672
5550,0.911360
5551,0.998400
5552,0.918528
5553,0.888832
5554,0.962560
5555,0.872448
5556,0.940032
5557,0.942080
5558,0.947200
5559,0.950272
5560,0.879616
5561,0.842752
5562,0.634880
5563,0.538624
5564,0.452608
5565,0.377856
5566,0.858112
5567,0.866304
5568,0.901120
5569,0.825344
5570,0.879616
5571,0.967680
5572,0.867328
5573,0.949248
5574,0.925696
5575,0.970752
5576,0.906240
5577,0.890880
5578,0.923648
5579,0.911360
5580,0.912384
5581,0.875520
5582,0.893952
5583,0.922624
5584,0.921600
5585,0.907264
5586,0.935936
5587,0.952320
5588,0.892928
5589,0.933888
5590,0.879616
5591,0.936960
5592,0.912384
5593,0.900096
5594,0.922624
5595,0.925696
5596,0.911360
5597,0.867328
5598,0.884736
5599,0.858112
5600,0.862208
5601,0.919552
5602,0.899072
5603,0.899072
5604,0.910336
5605,0.888832
5606,0.927744
5607,0.946176
5608,0.927744
5609,0.893952
5610,0.968704
5611,0.926720
5612,0.905216
5613,0.927744
5614,0.900096
5615,0.942080
5616,0.921600
5617,0.936960
5618,0.969728
5619,0.915456
5620,0.913408
5621,0.930816
5622,0.875520
5623,0.892928
5624,0.957440
5625,0.911360
5626,0.876544
5627,0.972800
5628,0.915456
5629,0.887808
5630,0.659456
5631,0.644096
5632,0.577536
5633,0.271360
5634,0.238592
5635,0.240640
5636,0.235520
5637,0.241664
5638,0.248832
5639,0.209920
5640,0.186368
5641,0.182272
5642,0.186368
5643,0.187392
5644,0.858112
5645,0.927744
5646,0.902144
5647,0.910336
5648,0.907264
5649,0.906240
5650,0.907264
5651,0.952320
5652,0.917504
5653,0.902144
5654,0.915456
5655,0.904192
5656,0.926720
5657,0.905216
5658,0.894976
5659,0.869376
5660,0.916480
5661,0.916480
5662,0.909312
5663,0.867328
5664,0.957440
5665,0.945152
5666,0.922624
5667,0.928768
5668,0.910336
5669,0.900096
5670,0.932864
5671,0.907264
5672,0.933888
5673,0.858112
5674,0.901120
5675,0.924672
5676,0.890880
5677,0.926720
5678,0.923648
5679,0.936960
5680,0.923648
5681,0.901120
5682,0.906240
5683,0.957440
5684,0.925696
5685,0.910336
5686,0.883712
5687,0.913408
5688,0.947200
5689,0.931840
5690,0.961536
5691,0.900096
5692,0.906240
5693,0.931840
5694,0.911360
5695,0.896000
5696,0.953344
5697,0.904192
5698,0.866304
5699,1.107968
5700,0.929792
5701,0.923648
5702,0.917504
5703,0.926720
5704,0.932864
5705,0.845824
5706,0.928768
5707,0.762880
5708,0.714752
5709,0.479232
5710,0.678912
5711,0.932864
5712,0.900096
5713,0.937984
5714,0.950272
5715,0.933888
5716,0.953344
5717,0.934912
5718,0.900096
5719,0.948224
5720,0.924672
5721,0.963584
5722,0.907264
5723,0.934912
5724,0.890880
5725,0.905216
5726,0.894976
5727,0.879616
5728,0.947200
5729,0.901120
5730,0.860160
5731,0.843776
5732,0.844800
5733,0.868352
5734,0.872448
5735,0.877568
5736,0.880640
5737,0.894976
5738,0.873472
5739,0.902144
5740,0.906240
5741,0.925696
5742,0.908288
5743,0.905216
5744,0.867328
5745,0.906240
5746,0.878592
5747,0.917504
5748,0.905216
5749,0.954368
5750,0.898048
5751,0.949248
5752,0.901120
5753,0.937984
5754,0.918528
5755,0.914432
5756,0.920576
5757,0.936960
5758,0.920576
5759,0.935936
5760,0.935936
5761,0.955392
5762,0.912384
5763,0.909312
5764,0.922624
5765,0.872448
5766,0.850944
5767,0.930816
5768,0.850944
5769,0.828416
5770,0.906240
5771,0.914432
5772,0.905216
5773,0.927744
5774,0.916480
5775,0.834560
5776,0.699392
5777,0.626688
5778,0.872448
5779,0.937984
5780,0.912384
5781,0.901120
5782,0.914432
5783,0.890880
5784,0.884736
5785,0.839680
5786,0.851968
5787,0.887808
5788,0.899072
5789,0.894976
5790,0.924672
5791,0.876544
5792,0.906240
5793,0.904192
5794,0.952320
5795,0.922624
5796,0.914432
5797,0.852992
5798,0.903168
5799,0.916480
5800,0.852992
5801,0.900096
5802,0.899072
5803,0.908288
5804,0.905216
5805,0.916480
5806,0.918528
5807,0.844800
5808,0.889856
5809,0.972800
5810,0.854016
5811,0.928768
5812,0.915456
5813,0.915456
5814,0.897024
5815,0.910336
5816,0.875520
5817,0.894976
5818,0.870400
5819,0.883712
5820,0.933888
5821,0.867328
5822,0.963584
5823,0.900096
5824,0.912384
5825,0.906240
5826,0.949248
5827,0.951296
5828,0.918528
5829,0.907264
5830,0.953344
5831,0.935936
5832,0.934912
5833,0.893952
5834,0.904192
5835,0.892928
5836,0.912384
5837,0.903168
5838,0.887808
5839,0.896000
5840,0.876544
5841,0.851968
5842,0.719872
5843,0.450560
5844,0.440320
5845,0.252928
5846,0.254976
5847,0.258048
5848,0.827392
5849,0.941056
5850,0.910336
5851,0.941056
5852,0.955392
5853,0.840704
5854,0.912384
5855,0.915456
5856,0.952320
5857,0.888832
5858,0.931840
5859,0.898048
5860,0.919552
5861,0.894976
5862,0.922624
5863,0.882688
5864,0.859136
5865,0.940032
5866,0.898048
5867,0.879616
5868,0.923648
5869,0.970752
5870,0.886784
5871,0.942080
5872,0.893952
5873,0.930816
5874,0.887808
5875,0.924672
5876,0.922624
5877,0.920576
5878,0.903168
5879,0.957440
5880,0.885760
5881,0.924672
5882,0.901120
5883,0.872448
5884,0.893952
5885,0.897024
5886,0.816128
5887,0.858112
5888,0.886784
5889,0.889856
5890,0.896000
5891,0.925696
5892,0.927744
5893,0.928768
5894,0.908288
5895,0.886784
5896,0.915456
5897,0.882688
5898,0.897024
5899,0.924672
5900,0.900096
5901,0.947200
5902,0.951296
5903,0.873472
5904,0.927744
5905,0.946176
5906,0.954368
5907,0.915456
5908,0.926720
5909,0.902144
5910,0.896000
5911,0.902144
5912,0.944128
5913,0.711680
5914,0.755712
5915,0.936960
5916,0.885760
5917,0.962560
5918,0.908288
5919,0.906240
5920,0.924672
5921,0.943104
5922,0.758784
5923,0.845824
5924,0.851968
5925,0.850944
5926,0.873472
5927,0.916480
5928,0.886784
5929,0.914432
5930,0.921600
5931,0.904192
5932,0.887808
5933,0.891904
5934,0.918528
5935,0.852992
5936,0.926720
5937,0.873472
5938,0.933888
5939,0.928768
5940,0.893952
5941,0.904192
5942,0.944128
5943,0.873472
5944,0.925696
5945,0.914432
5946,0.913408
5947,0.909312
5948,0.910336
5949,0.907264
5950,0.902144
5951,0.908288
5952,0.890880
5953,0.877568
5954,0.916480
5955,0.849920
5956,0.882688
5957,0.939008
5958,0.897024
5959,0.921600
5960,0.866304
5961,0.877568
5962,0.909312
5963,0.899072
5964,0.879616
5965,0.934912
5966,0.904192
5967,0.945152
5968,0.941056
5969,0.891904
5970,0.930816
5971,0.900096
5972,0.940032
5973,0.891904
5974,0.892928
5975,0.929792
5976,0.894976
5977,0.937984
5978,0.787456
5979,0.772096
5980,0.933888
5981,0.919552
5982,0.860160
5983,0.910336
5984,0.886784
5985,0.845824
5986,0.894976
5987,0.874496
5988,0.913408
5989,0.902144
5990,0.892928
5991,0.881664
5992,0.932864
5993,0.931840
5994,0.879616
5995,0.896000
5996,0.930816
5997,0.902144
5998,0.867328
5999,0.968704
6000,0.931840
6001,0.944128
6002,0.913408
6003,0.897024
6004,0.922624
6005,0.885760
6006,0.920576
6007,0.888832
6008,0.901120
6009,0.865280
6010,0.886784
6011,0.832512
6012,0.901120
6013,0.929792
6014,0.872448
6015,0.918528
6016,0.903168
6017,0.898048
6018,0.906240
6019,0.908288
6020,0.912384
6021,0.927744
6022,0.915456
6023,0.910336
6024,0.862208
6025,0.898048
6026,0.949248
6027,0.934912
6028,0.907264
6029,0.906240
6030,0.937984
6031,0.913408
6032,0.936960
6033,0.913408
6034,0.953344
6035,0.888832
6036,0.912384
6037,0.881664
6038,0.913408
6039,0.932864
6040,0.880640
6041,0.857088
6042,0.898048
6043,0.867328
6044,0.842752
6045,0.690176
6046,0.924672
6047,0.880640
6048,0.929792
6049,0.910336
6050,0.939008
6051,0.911360
6052,0.952320
6053,0.878592
6054,0.892928
6055,0.883712
6056,0.892928
6057,0.847872
6058,0.878592
6059,0.892928
6060,0.900096
6061,0.945152
6062,0.831488
6063,0.900096
6064,0.947200
6065,0.904192
6066,0.907264
6067,0.897024
6068,0.905216
6069,0.919552
6070,0.934912
6071,0.910336
6072,0.927744
6073,0.936960
6074,0.902144
6075,0.869376
6076,0.854016
6077,0.925696
6078,0.912384
6079,0.906240
6080,0.855040
6081,0.896000
6082,0.916480
6083,0.923648
6084,0.910336
6085,0.879616
6086,0.916480
6087,0.913408
6088,0.883712
6089,0.933888
6090,0.958464
6091,0.903168
6092,0.926720
6093,0.921600
6094,0.905216
6095,0.943104
6096,0.865280
6097,0.924672
6098,0.937984
6099,0.923648
6100,0.909312
6101,0.946176
6102,0.899072
6103,0.907264
6104,0.874496
6105,0.873472
6106,0.899072
6107,0.852992
6108,0.906240
6109,0.812032
6110,0.723968
6111,0.946176
6112,0.936960
6113,0.922624
6114,0.957440
6115,0.913408
6116,0.941056
6117,0.949248
6118,0.920576
6119,0.927744
6120,0.960512
6121,0.937984
6122,0.930816
6123,0.930816
6124,0.851968
6125,0.897024
6126,0.900096
6127,0.903168
6128,0.921600
6129,0.891904
6130,0.896000
6131,0.980992
6132,0.839680
6133,0.920576
6134,0.893952
6135,0.874496
6136,0.914432
6137,0.898048
6138,0.893952
6139,0.898048
6140,0.915456
6141,0.928768
6142,0.946176
6143,0.943104
6144,0.932864
6145,0.933888
6146,0.881664
6147,0.931840
6148,0.983040
6149,0.869376
6150,0.926720
6151,0.929792
6152,0.882688
6153,0.950272
6154,0.876544
6155,0.978944
6156,0.898048
6157,0.901120
6158,0.965632
6159,0.897024
6160,0.926720
6161,0.935936
6162,0.908288
6163,0.918528
6164,0.964608
6165,0.979968
6166,0.911360
6167,0.904192
6168,0.858112
6169,0.890880
6170,0.917504
6171,0.877568
6172,0.887808
6173,0.871424
6174,0.780288
6175,0.627712
6176,0.506880
6177,0.723968
6178,0.902144
6179,0.949248
6180,0.865280
6181,0.929792
6182,0.890880
6183,0.937984
6184,0.892928
6185,0.923648
6186,0.850944
6187,0.916480
6188,0.912384
6189,0.894976
6190,0.884736
6191,0.890880
6192,0.873472
6193,0.900096
6194,0.879616
6195,0.874496
6196,0.883712
6197,0.891904
6198,0.900096
6199,0.932864
6200,0.883712
6201,0.926720
6202,0.925696
6203,0.849920
6204,0.921600
6205,0.923648
6206,0.898048
6207,0.986112
6208,0.621568
6209,0.738304
6210,0.857088
6211,0.923648
6212,0.924672
6213,0.889856
6214,0.941056
6215,0.912384
6216,0.910336
6217,0.941056
6218,0.910336
6219,0.915456
6220,0.943104
6221,0.924672
6222,0.967680
6223,0.878592
6224,0.914432
6225,0.966656
6226,0.892928
6227,0.951296
6228,0.927744
6229,0.912384
6230,0.925696
6231,0.907264
6232,0.939008
6233,0.913408
6234,0.916480
6235,0.954368
6236,0.907264
6237,0.933888
6238,0.936960
6239,0.935936
6240,0.944128
6241,0.928768
6242,0.907264
6243,0.521216
6244,0.391168
6245,0.337920
6246,0.366592
6247,0.299008
6248,0.330752
6249,0.873472
6250,0.921600
6251,1.001472
6252,0.936960
6253,0.931840
6254,0.904192
6255,0.945152
6256,0.892928
6257,0.922624
6258,0.919552
6259,0.867328
6260,0.948224
6261,0.939008
6262,0.940032
6263,0.911360
6264,0.912384
6265,0.936960
6266,0.883712
6267,0.894976
6268,0.918528
6269,0.928768
6270,0.915456
6271,0.934912
6272,0.882688
6273,0.920576
6274,0.898048
6275,0.926720
6276,0.909312
6277,0.887808
6278,0.932864
6279,1.154048
6280,0.769024
6281,0.902144
6282,0.891904
6283,0.865280
6284,0.913408
6285,1.108992
6286,0.698368
6287,0.886784
6288,0.863232
6289,0.924672
6290,0.905216
6291,0.896000
6292,0.884736
6293,0.924672
6294,0.879616
6295,0.840704
6296,0.899072
6297,0.858112
6298,0.937984
6299,0.877568
6300,0.900096
6301,0.901120
6302,0.890880
6303,0.932864
6304,0.866304
6305,0.924672
6306,0.937984
6307,0.923648
6308,0.898048
6309,0.942080
6310,0.931840
6311,0.913408
6312,0.781312
6313,0.647168
6314,0.486400
6315,0.450560
6316,0.745472
6317,0.940032
6318,0.911360
6319,0.887808
6320,0.920576
6321,0.939008
6322,0.912384
6323,0.879616
6324,0.902144
6325,0.913408
6326,0.889856
6327,0.926720
6328,0.893952
6329,0.943104
6330,0.935936
6331,0.877568
6332,0.887808
6333,0.877568
6334,0.913408
6335,0.883712
6336,0.904192
6337,0.881664
6338,0.827392
6339,0.841728
6340,0.851968
6341,0.906240
6342,0.905216
6343,0.884736
6344,0.923648
6345,0.891904
6346,0.919552
6347,0.897024
6348,0.973824
6349,0.894976
6350,0.912384
6351,0.921600
6352,0.916480
6353,0.863232
6354,0.949248
6355,0.925696
6356,0.894976
6357,0.905216
6358,0.917504
6359,0.940032
6360,0.941056
6361,0.880640
6362,0.904192
6363,0.893952
6364,0.910336
6365,0.856064
6366,0.866304
6367,0.915456
6368,0.907264
6369,0.893952
6370,0.986112
6371,0.947200
6372,0.912384
6373,0.878592
6374,0.941056
6375,0.911360
6376,0.957440
6377,0.918528
6378,0.948224
6379,0.910336
6380,0.635904
6381,0.905216
6382,0.941056
6383,0.941056
6384,0.898048
6385,0.893952
6386,0.806912
6387,0.880640
6388,0.903168
6389,0.868352
6390,0.874496
6391,0.909312
6392,0.907264
6393,0.919552
6394,0.919552
6395,0.880640
6396,0.907264
6397,0.867328
6398,0.877568
6399,0.867328
6400,0.910336
6401,0.883712
6402,0.889856
6403,0.931840
6404,0.907264
6405,0.906240
6406,0.839680
6407,0.945152
6408,0.936960
6409,0.953344
6410,0.900096
6411,0.897024
6412,0.934912
6413,0.890880
6414,0.872448
6415,0.914432
6416,0.915456
6417,0.943104
6418,0.875520
6419,0.900096
6420,0.866304
6421,0.896000
6422,0.885760
6423,0.887808
6424,0.854016
6425,0.880640
6426,0.876544
6427,0.892928
6428,0.905216
6429,0.905216
6430,0.934912
6431,0.935936
6432,0.916480
6433,0.904192
6434,0.903168
6435,0.939008
6436,0.867328
6437,0.942080
6438,0.928768
6439,0.800768
6440,0.908288
6441,0.909312
6442,0.896000
6443,0.946176
6444,0.916480
6445,0.834560
6446,0.694272
6447,0.803840
6448,0.926720
6449,0.939008
6450,0.930816
6451,0.906240
6452,0.955392
6453,0.845824
6454,0.920576
6455,0.939008
6456,0.862208
6457,0.934912
6458,0.894976
6459,0.920576
6460,0.947200
6461,0.953344
6462,0.882688
6463,0.931840
6464,0.891904
6465,0.901120
6466,0.899072
6467,0.890880
6468,0.888832
6469,0.927744
6470,0.931840
6471,0.898048
6472,0.912384
6473,0.917504
6474,0.954368
6475,0.940032
6476,0.881664
6477,0.902144
6478,0.904192
6479,0.901120
6480,0.961536
6481,0.924672
6482,0.923648
6483,0.958464
6484,0.873472
6485,0.906240
6486,0.931840
6487,0.945152
6488,0.913408
6489,0.918528
6490,0.916480
6491,0.936960
6492,0.929792
6493,0.955392
6494,0.884736
6495,0.947200
6496,0.930816
6497,0.840704
6498,0.859136
6499,0.909312
6500,0.884736
6501,0.891904
6502,0.922624
6503,0.916480
6504,0.919552
6505,0.892928
6506,0.903168
6507,0.861184
6508,0.909312
6509,0.943104
6510,0.911360
6511,0.754688
6512,0.606208
6513,0.557056
6514,0.293888
6515,0.249856
6516,0.176128
6517,0.174080
6518,0.175104
6519,0.180224
6520,0.176128
6521,0.791552
6522,0.893952
6523,0.954368
6524,0.919552
6525,0.949248
6526,0.891904
6527,0.881664
6528,0.872448
6529,0.913408
6530,0.931840
6531,0.873472
6532,0.897024
6533,0.930816
6534,0.904192
6535,0.903168
6536,0.894976
6537,0.883712
6538,0.859136
6539,0.862208
6540,0.806912
6541,0.900096
6542,0.905216
6543,0.900096
6544,0.893952
6545,0.857088
6546,0.905216
6547,0.883712
6548,0.899072
6549,0.907264
6550,0.887808
6551,0.899072
6552,0.893952
6553,0.916480
6554,0.874496
6555,0.958464
6556,0.979968
6557,0.867328
6558,0.875520
6559,0.896000
6560,0.863232
6561,0.939008
6562,0.897024
6563,0.926720
6564,1.021952
6565,0.851968
6566,0.665600
6567,0.907264
6568,0.860160
6569,0.857088
6570,0.865280
6571,0.905216
6572,0.926720
6573,0.878592
6574,0.933888
6575,0.855040
6576,0.858112
6577,0.907264
6578,0.860160
6579,0.945152
6580,0.908288
6581,0.911360
6582,0.948224
6583,0.887808
6584,0.910336
6585,0.879616
6586,0.648192
6587,0.913408
6588,0.934912
6589,0.940032
6590,0.941056
6591,0.936960
6592,0.913408
6593,0.918528
6594,0.936960
6595,0.941056
6596,0.928768
6597,0.904192
6598,0.921600
6599,0.942080
6600,0.929792
6601,0.923648
6602,0.904192
6603,0.916480
6604,0.916480
6605,0.838656
6606,0.858112
6607,0.891904
6608,0.901120
6609,0.903168
6610,0.854016
6611,0.902144
6612,0.846848
6613,0.862208
6614,0.875520
6615,0.893952
6616,0.915456
6617,0.887808
6618,0.861184
6619,0.898048
6620,0.873472
6621,0.852992
6622,0.906240
6623,0.874496
6624,0.887808
6625,0.892928
6626,0.907264
6627,0.917504
6628,0.868352
6629,0.847872
6630,0.920576
6631,0.847872
6632,0.821248
6633,0.906240
6634,0.943104
6635,0.919552
6636,0.922624
6637,0.904192
6638,0.875520
6639,0.862208
6640,0.869376
6641,0.861184
6642,0.910336
6643,0.908288
6644,0.955392
6645,0.906240
6646,0.919552
6647,0.991232
6648,0.900096
6649,0.960512
6650,0.928768
6651,0.930816
6652,0.606208
6653,0.543744
6654,0.669696
6655,0.936960
6656,0.898048
6657,0.927744
6658,0.916480
6659,0.574464
6660,0.934912
6661,0.941056
6662,0.865280
6663,0.918528
6664,0.930816
6665,0.899072
6666,0.913408
6667,0.922624
6668,0.879616
6669,0.919552
6670,1.002496
6671,0.914432
6672,0.843776
6673,0.860160
6674,0.874496
6675,0.972800
6676,0.911360
6677,0.876544
6678,0.860160
6679,0.892928
6680,0.888832
6681,0.912384
6682,0.915456
6683,0.939008
6684,0.824320
6685,0.871424
6686,0.786432
6687,0.907264
6688,0.891904
6689,0.894976
6690,0.916480
6691,0.872448
6692,0.916480
6693,0.951296
6694,0.892928
6695,0.899072
6696,0.931840
6697,0.863232
6698,0.842752
6699,0.905216
6700,0.886784
6701,0.935936
6702,0.931840
6703,0.852992
6704,0.903168
6705,0.887808
6706,0.914432
6707,0.929792
6708,0.881664
6709,0.920576
6710,0.930816
6711,0.930816
6712,0.900096
6713,0.930816
6714,0.882688
6715,0.909312
6716,0.871424
6717,0.888832
6718,0.848896
6719,0.620544
6720,0.589824
6721,0.519168
6722,0.467968
6723,0.439296
6724,0.847872
6725,0.899072
6726,0.892928
6727,0.903168
6728,0.908288
6729,0.907264
6730,0.885760
6731,0.926720
6732,0.870400
6733,0.858112
6734,0.983040
6735,0.881664
6736,0.943104
6737,0.911360
6738,0.875520
6739,0.868352
6740,0.907264
6741,0.701440
6742,0.930816
6743,0.882688
6744,0.884736
6745,0.899072
6746,0.900096
6747,0.952320
6748,0.889856
6749,0.893952
6750,0.916480
6751,0.917504
6752,0.933888
6753,0.949248
6754,0.894976
6755,0.900096
6756,0.889856
6757,0.912384
6758,0.910336
6759,0.903168
6760,0.919552
6761,0.917504
6762,0.892928
6763,0.874496
6764,0.857088
6765,0.876544
6766,0.978944
6767,0.864256
6768,0.905216
6769,0.906240
6770,0.890880
6771,0.900096
6772,0.882688
6773,0.899072
6774,0.875520
6775,0.878592
6776,0.883712
6777,0.896000
6778,0.897024
6779,0.942080
6780,0.883712
6781,0.910336
6782,0.890880
6783,0.918528
6784,0.884736
6785,0.947200
6786,0.883712
6787,0.908288
6788,0.834560
6789,0.658432
6790,0.624640
6791,0.562176
6792,0.525312
6793,0.471040
6794,0.437248
6795,0.231424
6796,0.244736
6797,0.242688
6798,0.891904
6799,0.926720
6800,0.937984
6801,0.949248
6802,0.905216
6803,0.928768
6804,0.941056
6805,0.903168
6806,0.869376
6807,0.897024
6808,0.912384
6809,0.910336
6810,0.894976
6811,0.899072
6812,0.882688
6813,0.952320
6814,0.934912
6815,0.881664
6816,0.954368
6817,0.909312
6818,0.872448
6819,0.910336
6820,0.919552
6821,0.943104
6822,0.949248
6823,0.959488
6824,0.908288
6825,0.891904
6826,0.927744
6827,0.943104
6828,0.910336
6829,0.934912
6830,0.926720
6831,0.952320
6832,0.918528
6833,0.874496
6834,0.913408
6835,0.871424
6836,0.843776
6837,0.815104
6838,0.848896
6839,0.880640
6840,0.962560
6841,0.891904
6842,0.937984
6843,0.887808
6844,0.927744
6845,0.917504
6846,0.900096
6847,0.928768
6848,0.923648
6849,0.966656
6850,0.904192
6851,0.947200
6852,0.929792
6853,0.934912
6854,0.899072
6855,0.945152
6856,0.912384
6857,0.931840
6858,0.931840
6859,1.056768
6860,0.984064
6861,0.800768
6862,0.602112
6863,0.890880
6864,0.883712
6865,0.823296
6866,0.857088
6867,0.817152
6868,0.903168
6869,0.881664
6870,0.929792
6871,0.925696
6872,0.937984
6873,0.872448
6874,0.886784
6875,0.916480
6876,0.945152
6877,0.860160
6878,0.941056
6879,0.912384
6880,0.889856
6881,0.900096
6882,0.896000
6883,0.866304
6884,0.918528
6885,0.942080
6886,0.871424
6887,0.944128
6888,0.926720
6889,0.908288
6890,0.903168
6891,0.940032
6892,0.883712
6893,0.857088
6894,0.868352
6895,0.917504
6896,0.921600
6897,0.896000
6898,0.942080
6899,0.894976
6900,0.850944
6901,0.839680
6902,0.892928
6903,0.865280
6904,0.823296
6905,0.882688
6906,0.883712
6907,0.901120
6908,0.950272
6909,0.887808
6910,0.956416
6911,0.947200
6912,0.907264
6913,0.941056
6914,0.960512
6915,0.908288
6916,0.944128
6917,0.949248
6918,0.904192
6919,0.930816
6920,0.939008
6921,0.907264
6922,0.934912
6923,0.942080
6924,0.919552
6925,1.130496
6926,0.831488
6927,0.885760
6928,0.652288
6929,0.891904
6930,0.928768
6931,0.905216
6932,0.907264
6933,0.886784
6934,0.883712
6935,0.870400
6936,0.924672
6937,0.940032
6938,0.937984
6939,0.914432
6940,0.904192
6941,0.852992
6942,0.933888
6943,0.939008
6944,0.869376
6945,0.906240
6946,0.939008
6947,0.894976
6948,0.886784
6949,0.866304
6950,0.918528
6951,0.889856
6952,0.877568
6953,0.925696
6954,0.926720
6955,0.928768
6956,0.920576
6957,0.929792
6958,0.942080
6959,0.906240
6960,0.961536
6961,0.891904
6962,0.926720
6963,0.914432
6964,0.881664
6965,0.920576
6966,0.865280
6967,0.922624
6968,0.914432
6969,0.934912
6970,0.873472
6971,0.934912
6972,0.968704
6973,0.929792
6974,0.904192
6975,0.872448
6976,0.933888
6977,0.950272
6978,0.916480
6979,0.893952
6980,0.932864
6981,0.955392
6982,0.964608
6983,0.882688
6984,0.928768
6985,0.958464
6986,0.932864
6987,0.915456
6988,0.927744
6989,0.963584
6990,0.894976
6991,0.935936
6992,0.901120
6993,0.524288
6994,0.905216
6995,0.927744
6996,0.857088
6997,0.861184
6998,0.873472
6999,0.862208
7000,0.926720
7001,0.917504
7002,0.893952
7003,0.913408
7004,0.950272
7005,0.916480
7006,0.907264
7007,0.965632
7008,0.900096
7009,0.957440
7010,0.917504
7011,0.888832
7012,0.904192
7013,0.905216
7014,0.926720
7015,0.877568
7016,0.865280
7017,0.920576
7018,0.871424
7019,0.911360
7020,0.887808
7021,0.867328
7022,0.900096
7023,0.880640
7024,0.953344
7025,0.929792
7026,0.928768
7027,0.929792
7028,0.973824
7029,0.884736
7030,0.871424
7031,0.865280
7032,0.852992
7033,0.904192
7034,0.921600
7035,0.893952
7036,0.889856
7037,0.892928
7038,0.874496
7039,0.943104
7040,0.912384
7041,0.922624
7042,0.914432
7043,0.901120
7044,0.851968
7045,0.928768
7046,0.922624
7047,0.888832
7048,0.796672
7049,0.931840
7050,0.845824
7051,0.914432
7052,0.952320
7053,0.963584
7054,0.951296
7055,0.910336
7056,0.947200
7057,0.783360
7058,0.583680
7059,0.502784
7060,0.817152
7061,0.866304
7062,0.910336
7063,0.923648
7064,0.911360
7065,0.949248
7066,0.915456
7067,0.866304
7068,0.943104
7069,0.881664
7070,0.916480
7071,0.928768
7072,0.901120
7073,0.945152
7074,0.946176
7075,0.901120
7076,0.882688
7077,0.916480
7078,0.925696
7079,0.910336
7080,0.965632
7081,0.884736
7082,0.932864
7083,0.917504
7084,0.926720
7085,0.953344
7086,0.918528
7087,0.881664
7088,0.874496
7089,0.912384
7090,0.919552
7091,0.900096
7092,0.927744
7093,0.911360
7094,0.943104
7095,0.941056
7096,0.941056
7097,0.945152
7098,0.893952
7099,0.948224
7100,0.929792
7101,0.868352
7102,0.900096
7103,0.890880
7104,0.876544
7105,0.906240
7106,0.819200
7107,0.877568
7108,0.900096
7109,0.896000
7110,0.873472
7111,0.925696
7112,0.866304
7113,0.886784
7114,0.914432
7115,0.871424
7116,0.925696
7117,0.920576
7118,0.911360
7119,0.925696
7120,0.939008
7121,0.920576
7122,0.919552
7123,0.930816
7124,0.837632
7125,0.717824
7126,0.881664
7127,0.882688
7128,0.933888
7129,0.906240
7130,0.928768
7131,0.916480
7132,0.958464
7133,0.906240
7134,0.907264
7135,0.889856
7136,0.883712
7137,0.849920
7138,0.802816
7139,0.818176
7140,0.964608
7141,0.882688
7142,0.890880
7143,0.929792
7144,0.890880
7145,0.866304
7146,0.975872
7147,0.902144
7148,0.949248
7149,0.939008
7150,0.892928
7151,0.899072
7152,0.929792
7153,0.905216
7154,0.882688
7155,0.877568
7156,0.935936
7157,0.914432
7158,0.878592
7159,0.871424
7160,0.948224
7161,0.941056
7162,0.899072
7163,0.915456
7164,0.913408
7165,0.903168
7166,0.926720
7167,0.935936
7168,0.868352
7169,0.907264
7170,0.827392
7171,0.878592
7172,0.839680
7173,0.851968
7174,0.897024
7175,0.911360
7176,0.903168
7177,0.951296
7178,0.904192
7179,0.924672
7180,0.971776
7181,0.948224
7182,0.892928
7183,0.959488
7184,0.894976
7185,0.931840
7186,0.917504
7187,0.939008
7188,0.935936
7189,0.901120
7190,0.846848
7191,0.523264
7192,0.256000
7193,0.247808
7194,0.239616
7195,0.906240
7196,0.935936
7197,0.882688
7198,0.898048
7199,0.946176
7200,0.901120
7201,0.858112
7202,0.879616
7203,0.931840
7204,0.883712
7205,0.944128
7206,0.921600
7207,0.971776
7208,0.892928
7209,0.892928
7210,0.910336
7211,0.945152
7212,0.851968
7213,0.929792
7214,0.915456
7215,0.923648
7216,0.950272
7217,0.920576
7218,0.868352
7219,0.920576
7220,0.923648
7221,0.952320
7222,0.881664
7223,1.063936
7224,0.818176
7225,0.924672
7226,0.916480
7227,0.889856
7228,0.926720
7229,0.924672
7230,0.931840
7231,0.911360
7232,0.898048
7233,0.915456
7234,0.890880
7235,0.911360
7236,0.932864
7237,0.910336
7238,0.876544
7239,0.949248
7240,0.892928
7241,0.864256
7242,0.905216
7243,0.871424
7244,0.874496
7245,0.822272
7246,0.863232
7247,0.947200
7248,0.874496
7249,0.903168
7250,0.880640
7251,0.906240
7252,0.880640
7253,0.928768
7254,0.953344
7255,0.921600
7256,0.948224
7257,0.928768
7258,0.914432
7259,0.705536
7260,0.433152
7261,0.420864
7262,0.300032
7263,0.275456
7264,0.274432
7265,0.280576
7266,0.256000
7267,0.286720
7268,0.279552
7269,0.282624
7270,0.278528
7271,0.278528
7272,0.230400
7273,0.212992
7274,0.225280
7275,0.199680
7276,0.773120
7277,0.921600
7278,0.968704
7279,0.920576
7280,0.958464
7281,0.922624
7282,0.892928
7283,0.906240
7284,0.958464
7285,0.883712
7286,0.911360
7287,0.965632
7288,0.927744
7289,0.909312
7290,0.947200
7291,0.943104
7292,0.929792
7293,0.929792
7294,0.953344
7295,0.936960
7296,0.930816
7297,0.859136
7298,0.932864
7299,0.863232
7300,0.850944
7301,0.843776
7302,0.898048
7303,0.860160
7304,0.898048
7305,0.889856
7306,0.945152
7307,0.922624
7308,0.898048
7309,0.891904
7310,0.891904
7311,0.907264
7312,0.896000
7313,0.917504
7314,0.907264
7315,0.896000
7316,0.882688
7317,0.962560
7318,0.920576
7319,0.935936
7320,0.951296
7321,0.921600
7322,0.890880
7323,0.927744
7324,0.911360
7325,0.878592
7326,0.892928
7327,0.916480
7328,0.904192
7329,0.944128
7330,0.922624
7331,0.927744
7332,0.868352
7333,0.934912
7334,0.934912
7335,0.873472
7336,0.969728
7337,0.992256
7338,0.884736
7339,0.926720
7340,0.786432
7341,0.529408
7342,0.434176
7343,0.269312
7344,0.265216
7345,0.260096
7346,0.198656
7347,0.196608
7348,0.207872
7349,0.195584
7350,0.834560
7351,0.878592
7352,0.889856
7353,0.917504
7354,0.885760
7355,0.909312
7356,0.892928
7357,0.887808
7358,0.925696
7359,0.914432
7360,0.891904
7361,0.908288
7362,0.873472
7363,0.891904
7364,0.889856
7365,0.959488
7366,0.879616
7367,0.866304
7368,0.876544
7369,0.905216
7370,0.846848
7371,0.821248
7372,0.941056
7373,0.949248
7374,0.805888
7375,0.960512
7376,0.909312
7377,0.868352
7378,0.928768
7379,0.975872
7380,0.910336
7381,0.905216
7382,0.887808
7383,0.897024
7384,1.041408
7385,0.789504
7386,0.910336
7387,0.865280
7388,0.862208
7389,0.911360
7390,0.909312
7391,0.934912
7392,0.898048
7393,0.940032
7394,0.921600
7395,0.884736
7396,0.956416
7397,0.933888
7398,0.919552
7399,0.916480
7400,0.918528
7401,0.922624
7402,0.885760
7403,0.921600
7404,0.917504
7405,0.913408
7406,0.868352
7407,0.870400
7408,0.838656
7409,0.872448
7410,0.881664
7411,0.925696
7412,0.896000
7413,0.906240
7414,0.776192
7415,0.625664
7416,0.475136
7417,0.416768
7418,0.386048
7419,0.344064
7420,0.258048
7421,0.258048
7422,0.254976
7423,0.183296
7424,0.186368
7425,0.185344
7426,0.192512
7427,0.168960
7428,0.803840
7429,0.956416
7430,0.922624
7431,0.923648
7432,0.892928
7433,0.905216
7434,0.910336
7435,0.940032
7436,0.890880
7437,0.897024
7438,0.878592
7439,0.898048
7440,0.891904
7441,0.897024
7442,0.932864
7443,0.940032
7444,0.908288
7445,0.965632
7446,0.926720
7447,0.894976
7448,0.940032
7449,0.945152
7450,0.951296
7451,0.923648
7452,0.909312
7453,0.876544
7454,0.890880
7455,0.857088
7456,0.831488
7457,0.890880
7458,0.872448
7459,0.932864
7460,0.869376
7461,0.877568
7462,1.124352
7463,0.877568
7464,0.927744
7465,0.969728
7466,0.921600
7467,0.898048
7468,0.947200
7469,0.917504
7470,0.977920
7471,0.910336
7472,0.918528
7473,0.922624
7474,0.889856
7475,0.945152
7476,0.921600
7477,0.884736
7478,0.886784
7479,0.929792
7480,0.924672
7481,0.929792
7482,0.963584
7483,0.933888
7484,0.940032
7485,0.926720
7486,0.944128
7487,0.889856
7488,0.965632
7489,0.944128
7490,0.900096
7491,0.924672
7492,0.751616
7493,0.618496
7494,0.726016
7495,0.923648
7496,0.799744
7497,0.929792
7498,0.878592
7499,0.861184
7500,0.852992
7501,0.903168
7502,0.880640
7503,0.904192
7504,0.873472
7505,0.861184
7506,0.886784
7507,0.901120
7508,0.935936
7509,0.927744
7510,0.896000
7511,0.950272
7512,0.953344
7513,0.905216
7514,0.923648
7515,0.907264
7516,0.951296
7517,0.876544
7518,0.882688
7519,0.902144
7520,0.949248
7521,0.874496
7522,0.870400
7523,0.923648
7524,0.962560
7525,0.888832
7526,0.929792
7527,0.897024
7528,0.931840
7529,0.889856
7530,0.900096
7531,0.831488
7532,0.948224
7533,0.933888
7534,0.891904
7535,0.941056
7536,0.913408
7537,0.848896
7538,0.906240
7539,0.941056
7540,0.922624
7541,0.919552
7542,0.959488
7543,0.897024
7544,0.881664
7545,0.879616
7546,0.978944
7547,0.906240
7548,0.907264
7549,0.932864
7550,0.909312
7551,0.960512
7552,0.886784
7553,0.908288
7554,0.925696
7555,0.941056
7556,0.926720
7557,0.890880
7558,0.912384
7559,0.674816
7560,0.517120
7561,0.284672
7562,0.181248
7563,0.180224
7564,0.174080
7565,0.177152
7566,0.173056
7567,0.171008
7568,0.165888
7569,0.176128
7570,0.921600
7571,0.869376
7572,0.905216
7573,0.932864
7574,0.901120
7575,0.863232
7576,0.896000
7577,0.822272
7578,0.822272
7579,0.834560
7580,0.873472
7581,0.862208
7582,0.806912
7583,0.886784
7584,0.866304
7585,0.894976
7586,0.897024
7587,0.979968
7588,0.922624
7589,0.908288
7590,0.912384
7591,0.947200
7592,0.910336
7593,0.889856
7594,0.952320
7595,0.883712
7596,0.908288
7597,0.932864
7598,0.902144
7599,0.939008
7600,0.920576
7601,0.882688
7602,0.884736
7603,0.900096
7604,0.941056
7605,0.932864
7606,0.881664
7607,0.893952
7608,0.878592
7609,0.928768
7610,0.882688
7611,0.889856
7612,0.950272
7613,0.902144
7614,0.966656
7615,0.931840
7616,0.912384
7617,0.941056
7618,0.918528
7619,0.909312
7620,0.915456
7621,0.962560
7622,0.921600
7623,0.915456
7624,0.893952
7625,0.889856
7626,0.906240
7627,0.876544
7628,0.914432
7629,0.913408
7630,0.935936
7631,0.955392
7632,0.923648
7633,0.735232
7634,0.508928
7635,0.858112
7636,0.874496
7637,0.809984
7638,0.887808
7639,0.859136
7640,0.948224
7641,0.870400
7642,0.906240
7643,0.886784
7644,0.894976
7645,0.884736
7646,0.892928
7647,0.894976
7648,0.920576
7649,0.925696
7650,0.937984
7651,0.903168
7652,0.884736
7653,0.921600
7654,0.885760
7655,0.899072
7656,0.948224
7657,0.869376
7658,0.917504
7659,0.944128
7660,0.940032
7661,0.869376
7662,0.921600
7663,0.876544
7664,0.958464
7665,0.941056
7666,0.943104
7667,0.958464
7668,0.903168
7669,0.930816
7670,0.912384
7671,0.881664
7672,0.935936
7673,0.888832
7674,0.929792
7675,0.935936
7676,0.925696
7677,0.921600
7678,0.916480
7679,0.909312
7680,0.884736
7681,0.867328
7682,0.949248
7683,0.905216
7684,0.885760
7685,0.928768
7686,0.883712
7687,0.906240
7688,0.873472
7689,0.954368
7690,0.932864
7691,0.928768
7692,0.894976
7693,0.910336
7694,0.937984
7695,0.932864
7696,0.909312
7697,0.948224
7698,0.921600
7699,0.840704
7700,0.866304
7701,0.913408
7702,0.877568
7703,0.924672
7704,0.872448
7705,0.896000
7706,0.979968
7707,0.888832
7708,0.893952
7709,0.997376
7710,0.989184
7711,0.851968
7712,0.916480
7713,0.915456
7714,0.940032
7715,1.000448
7716,0.904192
7717,0.922624
7718,0.945152
7719,0.908288
7720,0.950272
7721,0.887808
7722,0.870400
7723,0.928768
7724,0.885760
7725,0.830464
7726,0.880640
7727,0.839680
7728,0.911360
7729,0.882688
7730,0.899072
7731,0.883712
7732,0.934912
7733,0.928768
7734,0.967680
7735,0.910336
7736,0.861184
7737,0.865280
7738,0.919552
7739,0.923648
7740,0.908288
7741,0.922624
7742,0.924672
7743,0.940032
7744,0.934912
7745,0.873472
7746,0.933888
7747,0.898048
7748,0.926720
7749,0.922624
7750,0.971776
7751,0.925696
7752,0.953344
7753,0.898048
7754,0.891904
7755,0.927744
7756,0.881664
7757,0.873472
7758,0.880640
7759,0.882688
7760,0.896000
7761,0.929792
7762,0.871424
7763,0.883712
7764,0.851968
7765,0.603136
7766,0.346112
7767,0.319488
7768,0.177152
7769,0.177152
7770,0.183296
7771,0.173056
7772,0.926720
7773,0.888832
7774,0.953344
7775,0.942080
7776,0.928768
7777,0.863232
7778,0.899072
7779,0.907264
7780,0.888832
7781,0.897024
7782,0.880640
7783,1.126400
7784,0.870400
7785,0.926720
7786,0.826368
7787,0.898048
7788,0.821248
7789,0.894976
7790,0.698368
7791,0.908288
7792,0.907264
7793,0.887808
7794,0.814080
7795,0.870400
7796,0.888832
7797,0.851968
7798,0.884736
7799,0.898048
7800,0.937984
7801,0.949248
7802,0.900096
7803,0.879616
7804,0.901120
7805,0.947200
7806,0.889856
7807,0.887808
7808,0.937984
7809,0.872448
7810,0.880640
7811,0.944128
7812,0.903168
7813,0.902144
7814,0.864256
7815,0.930816
7816,0.935936
7817,0.871424
7818,0.908288
7819,0.921600
7820,0.897024
7821,0.913408
7822,0.907264
7823,0.887808
7824,0.927744
7825,0.876544
7826,0.907264
7827,0.878592
7828,0.876544
7829,0.909312
7830,0.919552
7831,0.916480
7832,0.949248
7833,0.878592
7834,0.901120
7835,0.770048
7836,0.678912
7837,0.672768
7838,0.625664
7839,0.450560
7840,0.420864
7841,0.402432
7842,0.397312
7843,0.280576
7844,0.898048
7845,0.963584
7846,0.920576
7847,0.929792
7848,0.957440
7849,0.909312
7850,0.910336
7851,0.898048
7852,0.925696
7853,0.971776
7854,0.899072
7855,0.889856
7856,0.935936
7857,0.900096
7858,0.830464
7859,0.906240
7860,0.904192
7861,0.878592
7862,0.878592
7863,0.928768
7864,0.908288
7865,0.795648
7866,0.852992
7867,0.793600
7868,0.940032
7869,0.891904
7870,0.907264
7871,0.896000
7872,0.893952
7873,0.903168
7874,0.924672
7875,0.929792
7876,0.920576
7877,0.958464
7878,0.911360
7879,0.882688
7880,0.946176
7881,0.807936
7882,0.893952
7883,0.923648
7884,0.891904
7885,0.908288
7886,0.841728
7887,0.879616
7888,0.844800
7889,0.912384
7890,0.923648
7891,0.910336
7892,0.918528
7893,0.878592
7894,0.897024
7895,0.966656
7896,0.923648
7897,0.918528
7898,0.924672
7899,0.927744
7900,0.955392
7901,0.894976
7902,0.880640
7903,0.888832
7904,0.920576
7905,0.945152
7906,0.935936
7907,0.903168
7908,0.701440
7909,0.601088
7910,0.541696
7911,0.277504
7912,0.240640
7913,0.237568
7914,0.254976
7915,0.258048
7916,0.259072
7917,0.221184
7918,0.169984
7919,0.167936
7920,0.165888
7921,0.173056
7922,0.172032
7923,0.162816
7924,0.154624
7925,0.162816
7926,0.155648
7927,0.159744
7928,0.156672
7929,0.868352
7930,0.915456
7931,0.835584
7932,0.926720
7933,0.902144
7934,0.918528
7935,0.909312
7936,0.888832
7937,0.968704
7938,0.951296
7939,0.933888
7940,0.910336
7941,0.925696
7942,0.886784
7943,0.910336
7944,0.883712
7945,0.860160
7946,0.870400
7947,0.893952
7948,0.947200
7949,0.924672
7950,0.894976
7951,0.912384
7952,0.943104
7953,0.912384
7954,0.878592
7955,0.948224
7956,0.917504
7957,0.892928
7958,0.910336
7959,0.907264
7960,0.926720
7961,0.946176
7962,0.935936
7963,0.920576
7964,0.955392
7965,0.907264
7966,0.917504
7967,0.931840
7968,0.872448
7969,0.802816
7970,0.830464
7971,0.905216
7972,0.975872
7973,0.927744
7974,0.955392
7975,0.885760
7976,0.930816
7977,0.937984
7978,0.928768
7979,0.905216
7980,0.844800
7981,0.905216
7982,0.886784
7983,0.962560
7984,0.940032
7985,0.992256
7986,0.914432
7987,0.878592
7988,0.887808
7989,0.890880
7990,0.911360
7991,0.922624
7992,0.914432
7993,0.753664
7994,0.455680
7995,0.432128
7996,0.379904
7997,0.294912
7998,0.252928
7999,0.263168
8000,0.259072
8001,0.228352
8002,0.232448
8003,0.225280
8004,0.224256
8005,0.720896
8006,0.899072
8007,0.953344
8008,0.915456
8009,0.912384
8010,0.923648
8011,0.922624
8012,0.917504
8013,0.942080
8014,0.921600
8015,0.905216
8016,0.880640
8017,0.910336
8018,0.918528
8019,0.896000
8020,0.888832
8021,0.887808
8022,0.854016
8023,0.822272
8024,0.866304
8025,0.901120
8026,0.868352
8027,0.913408
8028,0.921600
8029,0.930816
8030,0.886784
8031,0.883712
8032,0.941056
8033,0.908288
8034,0.901120
8035,0.921600
8036,0.994304
8037,0.868352
8038,0.944128
8039,0.899072
8040,0.903168
8041,0.939008
8042,0.903168
8043,0.933888
8044,0.943104
8045,0.894976
8046,0.909312
8047,0.927744
8048,1.010688
8049,0.827392
8050,0.984064
8051,0.925696
8052,0.887808
8053,0.931840
8054,0.940032
8055,0.919552
8056,0.925696
8057,0.932864
8058,0.900096
8059,0.849920
8060,0.886784
8061,0.851968
8062,0.898048
8063,0.910336
8064,0.941056
8065,0.941056
8066,0.890880
8067,0.934912
8068,0.917504
8069,0.914432
8070,0.626688
8071,0.939008
8072,0.922624
8073,0.921600
8074,0.901120
8075,0.877568
8076,0.860160
8077,0.911360
8078,0.830464
8079,0.855040
8080,0.888832
8081,0.929792
8082,0.929792
8083,0.922624
8084,0.899072
8085,0.899072
8086,0.976896
8087,0.917504
8088,0.909312
8089,0.890880
8090,0.921600
8091,0.890880
8092,0.898048
8093,0.905216
8094,0.966656
8095,0.916480
8096,0.899072
8097,0.996352
8098,0.936960
8099,0.896000
8100,0.926720
8101,0.947200
8102,0.947200
8103,0.881664
8104,0.952320
8105,0.893952
8106,0.880640
8107,0.930816
8108,0.885760
8109,0.955392
8110,0.919552
8111,0.889856
8112,0.865280
8113,0.959488
8114,0.889856
8115,0.906240
8116,0.927744
8117,0.926720
8118,0.944128
8119,0.907264
8120,0.919552
8121,0.924672
8122,0.918528
8123,0.900096
8124,0.948224
8125,0.935936
8126,0.939008
8127,0.952320
8128,0.893952
8129,0.942080
8130,0.923648
8131,0.924672
8132,0.829440
8133,0.951296
8134,0.712704
8135,0.759808
8136,0.898048
8137,0.950272
8138,0.892928
8139,0.962560
8140,0.923648
8141,0.905216
8142,0.931840
8143,0.901120
8144,0.939008
8145,0.941056
8146,0.867328
8147,0.948224
8148,0.896000
8149,0.931840
8150,0.930816
8151,0.900096
8152,0.911360
8153,0.857088
8154,0.826368
8155,0.825344
8156,0.906240
8157,0.924672
8158,0.882688
8159,0.952320
8160,0.951296
8161,0.947200
8162,0.930816
8163,0.945152
8164,0.924672
8165,0.914432
8166,0.878592
8167,0.971776
8168,0.908288
8169,0.908288
8170,0.880640
8171,0.917504
8172,0.907264
8173,0.942080
8174,0.903168
8175,0.905216
8176,0.901120
8177,0.925696
8178,0.903168
8179,0.896000
8180,0.954368
8181,0.854016
8182,0.903168
8183,0.933888
8184,0.901120
8185,0.859136
8186,0.945152
8187,0.919552
8188,0.994304
8189,0.903168
8190,0.900096
8191,0.937984
8192,0.882688
8193,0.903168
8194,0.913408
8195,0.941056
8196,0.899072
8197,0.909312
8198,0.962560
8199,0.911360
8200,0.551936
8201,0.313344
8202,0.199680
8203,0.204800
8204,0.226304
8205,0.183296
8206,0.177152
8207,0.194560
8208,0.180224
8209,0.182272
8210,0.174080
8211,0.166912
8212,0.167936
8213,0.167936
8214,0.172032
8215,0.158720
8216,0.979968
8217,0.932864
8218,0.923648
8219,0.922624
8220,0.964608
8221,0.907264
8222,0.908288
8223,0.961536
8224,0.922624
8225,0.901120
8226,0.927744
8227,0.904192
8228,0.918528
8229,1.104896
8230,0.848896
8231,0.909312
8232,0.852992
8233,0.956416
8234,0.962560
8235,0.958464
8236,0.863232
8237,0.967680
8238,0.907264
8239,0.954368
8240,0.919552
8241,0.914432
8242,0.932864
8243,0.890880
8244,0.923648
8245,0.924672
8246,0.953344
8247,0.905216
8248,0.909312
8249,0.935936
8250,0.916480
8251,0.898048
8252,0.932864
8253,0.923648
8254,0.968704
8255,0.941056
8256,0.943104
8257,0.906240
8258,0.904192
8259,0.911360
8260,0.903168
8261,0.926720
8262,0.908288
8263,0.951296
8264,0.944128
8265,0.892928
8266,0.951296
8267,0.944128
8268,0.900096
8269,0.915456
8270,0.921600
8271,0.933888
8272,0.915456
8273,0.889856
8274,0.896000
8275,0.852992
8276,0.911360
8277,0.906240
8278,0.821248
8279,0.656384
8280,0.549888
8281,0.499712
8282,0.509952
8283,0.330752
8284,0.268288
8285,0.278528
8286,0.207872
8287,0.178176
8288,0.177152
8289,0.173056
8290,0.176128
8291,0.164864
8292,0.913408
8293,0.866304
8294,0.912384
8295,1.003520
8296,0.840704
8297,0.948224
8298,1.097728
8299,1.056768
8300,0.815104
8301,0.913408
8302,0.943104
8303,0.896000
8304,0.941056
8305,0.887808
8306,0.946176
8307,0.899072
8308,0.907264
8309,0.934912
8310,0.918528
8311,0.921600
8312,0.907264
8313,0.921600
8314,0.841728
8315,0.887808
8316,0.851968
8317,0.831488
8318,0.833536
8319,0.893952
8320,0.897024
8321,0.986112
8322,0.827392
8323,0.929792
8324,0.889856
8325,0.924672
8326,0.877568
8327,0.912384
8328,0.884736
8329,0.851968
8330,0.890880
8331,0.910336
8332,0.923648
8333,0.912384
8334,0.914432
8335,0.897024
8336,0.881664
8337,0.966656
8338,0.893952
8339,0.920576
8340,0.941056
8341,0.901120
8342,0.889856
8343,0.933888
8344,0.883712
8345,0.941056
8346,0.961536
8347,0.918528
8348,0.901120
8349,0.913408
8350,0.902144
8351,0.933888
8352,0.898048
8353,0.855040
8354,0.844800
8355,0.846848
8356,0.627712
8357,0.954368
8358,0.912384
8359,0.899072
8360,0.939008
8361,0.947200
8362,0.917504
8363,0.903168
8364,0.867328
8365,0.937984
8366,0.931840
8367,0.894976
8368,0.933888
8369,0.926720
8370,0.905216
8371,0.840704
8372,0.942080
8373,0.877568
8374,0.933888
8375,0.903168
8376,0.941056
8377,0.864256
8378,0.931840
8379,0.874496
8380,0.870400
8381,0.945152
8382,0.901120
8383,0.925696
8384,0.920576
8385,0.886784
8386,0.897024
8387,0.945152
8388,0.871424
8389,0.933888
8390,0.902144
8391,0.916480
8392,0.902144
8393,0.904192
8394,0.967680
8395,0.878592
8396,0.912384
8397,0.947200
8398,0.869376
8399,0.921600
8400,0.939008
8401,0.930816
8402,0.907264
8403,0.918528
8404,0.891904
8405,0.901120
8406,0.920576
8407,0.936960
8408,0.945152
8409,0.859136
8410,0.953344
8411,0.874496
8412,0.928768
8413,0.943104
8414,0.917504
8415,0.848896
8416,0.889856
8417,0.821248
8418,0.824320
8419,0.914432
8420,0.913408
8421,0.705536
8422,0.709632
8423,0.956416
8424,0.961536
8425,0.873472
8426,0.923648
8427,0.890880
8428,0.924672
8429,0.929792
8430,0.926720
8431,0.908288
8432,0.923648
8433,0.881664
8434,0.920576
8435,0.846848
8436,0.906240
8437,0.890880
8438,0.848896
8439,0.884736
8440,0.917504
8441,0.861184
8442,0.911360
8443,0.921600
8444,0.928768
8445,0.910336
8446,0.897024
8447,0.889856
8448,0.929792
8449,0.899072
8450,0.922624
8451,0.899072
8452,0.896000
8453,0.872448
8454,0.924672
8455,0.917504
8456,0.877568
8457,0.896000
8458,0.936960
8459,0.967680
8460,0.926720
8461,0.935936
8462,0.914432
8463,0.860160
8464,0.929792
8465,0.864256
8466,0.930816
8467,0.868352
8468,0.913408
8469,0.864256
8470,0.880640
8471,0.905216
8472,0.880640
8473,0.875520
8474,0.896000
8475,0.859136
8476,0.906240
8477,0.964608
8478,0.944128
8479,0.937984
8480,0.897024
8481,0.887808
8482,0.899072
8483,0.913408
8484,0.918528
8485,0.957440
8486,0.920576
8487,0.857088
8488,0.705536
8489,0.919552
8490,0.949248
8491,0.864256
8492,0.915456
8493,0.927744
8494,0.912384
8495,0.918528
8496,0.909312
8497,0.884736
8498,0.948224
8499,0.925696
8500,0.894976
8501,0.941056
8502,0.909312
8503,0.903168
8504,0.920576
8505,0.906240
8506,0.873472
8507,0.952320
8508,0.870400
8509,0.875520
8510,0.891904
8511,0.866304
8512,0.838656
8513,0.881664
8514,0.891904
8515,0.874496
8516,0.859136
8517,0.885760
8518,0.899072
8519,0.899072
8520,0.897024
8521,0.902144
8522,0.917504
8523,0.920576
8524,0.884736
8525,0.900096
8526,0.971776
8527,0.890880
8528,0.890880
8529,0.855040
8530,1.043456
8531,0.916480
8532,0.898048
8533,0.954368
8534,0.955392
8535,0.900096
8536,0.891904
8537,0.930816
8538,0.966656
8539,0.907264
8540,0.818176
8541,0.882688
8542,0.881664
8543,0.859136
8544,0.867328
8545,0.854016
8546,0.890880
8547,0.886784
8548,0.927744
8549,0.918528
8550,0.940032
8551,0.866304
8552,0.816128
8553,0.722944
8554,0.749568
8555,0.922624
8556,0.947200
8557,0.928768
8558,0.936960
8559,0.892928
8560,0.882688
8561,0.891904
8562,0.921600
8563,0.901120
8564,0.933888
8565,0.915456
8566,0.947200
8567,0.919552
8568,0.917504
8569,0.912384
8570,0.933888
8571,0.898048
8572,0.885760
8573,0.872448
8574,0.865280
8575,0.904192
8576,0.844800
8577,0.851968
8578,0.854016
8579,0.898048
8580,0.839680
8581,0.879616
8582,0.830464
8583,0.926720
8584,0.865280
8585,0.935936
8586,0.863232
8587,0.878592
8588,0.846848
8589,0.943104
8590,0.880640
8591,0.922624
8592,0.890880
8593,0.894976
8594,0.948224
8595,0.906240
8596,0.962560
8597,0.928768
8598,0.899072
8599,0.916480
8600,0.954368
8601,0.907264
8602,0.942080
8603,0.932864
8604,0.907264
8605,0.909312
8606,0.912384
8607,0.958464
8608,0.844800
8609,0.936960
8610,0.897024
8611,0.912384
8612,0.944128
8613,0.913408
8614,0.941056
8615,0.953344
8616,1.075200
8617,0.792576
8618,0.709632
8619,0.468992
8620,0.351232
8621,0.349184
8622,0.371712
8623,0.327680
8624,0.333824
8625,0.377856
8626,0.317440
8627,0.173056
8628,0.158720
8629,0.165888
8630,0.162816
8631,0.161792
8632,0.154624
8633,0.868352
8634,0.902144
8635,0.897024
8636,0.851968
8637,0.875520
8638,0.960512
8639,0.888832
8640,0.936960
8641,0.884736
8642,0.894976
8643,0.963584
8644,0.975872
8645,0.913408
8646,0.911360
8647,0.865280
8648,0.936960
8649,0.878592
8650,0.919552
8651,0.915456
8652,0.864256
8653,0.936960
8654,0.900096
8655,0.913408
8656,0.897024
8657,0.920576
8658,0.903168
8659,0.882688
8660,0.889856
8661,0.862208
8662,0.930816
8663,0.862208
8664,1.016832
8665,0.841728
8666,0.906240
8667,0.878592
8668,0.903168
8669,0.906240
8670,0.915456
8671,0.915456
8672,0.877568
8673,0.867328
8674,0.875520
8675,0.824320
8676,0.857088
8677,0.881664
8678,0.843776
8679,0.876544
8680,0.894976
8681,0.956416
8682,0.888832
8683,0.846848
8684,0.891904
8685,0.883712
8686,0.896000
8687,0.916480
8688,0.883712
8689,0.898048
8690,0.882688
8691,0.932864
8692,0.854016
8693,0.917504
8694,0.922624
8695,0.932864
8696,0.957440
8697,0.903168
8698,0.732160
8699,0.498688
8700,0.392192
8701,0.357376
8702,0.358400
8703,0.326656
8704,0.348160
8705,0.828416
8706,0.867328
8707,0.929792
8708,0.890880
8709,0.907264
8710,0.900096
8711,0.887808
8712,0.897024
8713,0.891904
8714,0.873472
8715,0.909312
8716,0.896000
8717,0.900096
8718,0.863232
8719,0.919552
8720,0.915456
8721,0.871424
8722,0.868352
8723,0.900096
8724,0.868352
8725,0.877568
8726,0.896000
8727,0.887808
8728,0.915456
8729,0.885760
8730,0.862208
8731,0.872448
8732,0.899072
8733,0.845824
8734,0.878592
8735,0.889856
8736,0.899072
8737,0.876544
8738,0.894976
8739,0.899072
8740,0.898048
8741,0.940032
8742,0.864256
8743,0.873472
8744,0.882688
8745,0.888832
8746,0.925696
8747,0.882688
8748,0.838656
8749,0.875520
8750,0.888832
8751,0.925696
8752,0.856064
8753,0.866304
8754,0.927744
8755,0.898048
8756,0.862208
8757,0.886784
8758,0.880640
8759,0.857088
8760,0.875520
8761,0.912384
8762,0.916480
8763,0.934912
8764,0.885760
8765,0.876544
8766,0.905216
8767,0.846848
8768,0.893952
8769,0.897024
8770,0.621568
8771,0.527360
8772,0.528384
8773,0.856064
8774,0.856064
8775,0.845824
8776,0.871424
8777,0.894976
8778,0.926720
8779,0.856064
8780,0.871424
8781,0.914432
8782,0.885760
8783,0.879616
8784,0.898048
8785,0.881664
8786,0.915456
8787,0.743424
8788,2.377728
8789,0.908288
8790,0.888832
8791,0.868352
8792,0.877568
8793,0.904192
8794,0.893952
8795,0.888832
8796,0.918528
8797,0.872448
8798,0.891904
8799,0.901120
8800,0.884736
8801,0.868352
8802,0.870400
8803,0.863232
8804,0.871424
8805,0.932864
8806,0.898048
8807,0.886784
8808,0.904192
8809,0.919552
8810,0.852992
8811,0.909312
8812,0.919552
8813,0.897024
8814,0.925696
8815,0.904192
8816,0.867328
8817,0.849920
8818,0.934912
8819,0.849920
8820,0.880640
8821,0.846848
8822,0.894976
8823,0.889856
8824,3.355648
8825,0.876544
8826,0.893952
8827,0.918528
8828,0.904192
8829,0.699392
8830,0.787456
8831,1.854464
8832,0.861184
8833,0.862208
8834,0.925696
8835,0.884736
8836,0.871424
8837,0.906240
8838,2.132992
8839,0.833536
8840,3.453952
8841,0.884736
8842,0.865280
8843,0.823296
8844,0.883712
8845,0.849920
8846,0.899072
8847,0.866304
8848,0.896000
8849,0.855040
8850,0.820224
8851,0.851968
8852,0.872448
8853,0.876544
8854,0.889856
8855,0.947200
8856,0.865280
8857,0.840704
8858,0.881664
8859,0.919552
8860,0.917504
8861,0.877568
8862,0.911360
8863,0.937984
8864,0.887808
8865,0.900096
8866,0.900096
8867,0.887808
8868,0.928768
8869,0.887808
8870,0.898048
8871,0.876544
8872,0.873472
8873,0.897024
8874,0.910336
8875,0.883712
8876,0.881664
8877,0.923648
8878,0.870400
8879,0.927744
8880,0.888832
8881,0.936960
8882,0.706560
8883,0.603136
8884,0.889856
8885,0.921600
8886,0.914432
8887,0.900096
8888,0.946176
8889,0.924672
8890,0.894976
8891,0.945152
8892,0.611328
8893,0.536576
8894,0.219136
8895,0.381952
8896,0.225280
8897,0.209920
8898,0.202752
8899,0.328704
8900,0.199680
8901,0.191488
8902,0.197632
8903,0.181248
8904,0.189440
8905,0.185344
8906,0.183296
8907,0.184320
8908,0.184320
8909,0.175104
8910,0.795648
8911,0.901120
8912,0.878592
8913,0.887808
8914,0.856064
8915,0.860160
8916,0.937984
8917,0.906240
8918,0.884736
8919,0.873472
8920,0.872448
8921,0.920576
8922,0.887808
8923,0.861184
8924,0.983040
8925,0.886784
8926,0.902144
8927,0.907264
8928,0.936960
8929,0.846848
8930,0.894976
8931,0.884736
8932,0.924672
8933,0.882688
8934,0.883712
8935,0.870400
8936,0.903168
8937,0.901120
8938,0.906240
8939,0.876544
8940,0.922624
8941,0.915456
8942,0.911360
8943,0.855040
8944,0.873472
8945,0.882688
8946,0.830464
8947,0.865280
8948,0.835584
8949,0.874496
8950,0.890880
8951,0.884736
8952,0.904192
8953,0.932864
8954,0.882688
8955,0.850944
8956,0.910336
8957,0.896000
8958,0.899072
8959,0.914432
8960,0.880640
8961,0.921600
8962,0.881664
8963,0.891904
8964,0.875520
8965,0.864256
8966,0.862208
8967,0.883712
8968,0.855040
8969,0.892928
8970,0.954368
8971,0.812032
8972,0.899072
8973,0.894976
8974,0.897024
8975,0.877568
8976,0.833536
8977,0.734208
8978,0.515072
8979,0.399360
8980,0.271360
8981,0.459776
8982,0.261120
8983,0.240640
8984,0.237568
8985,0.229376
8986,0.182272
8987,0.190464
8988,0.177152
8989,0.178176
8990,0.175104
8991,0.753664
8992,0.887808
8993,0.880640
8994,0.941056
8995,0.903168
8996,0.884736
8997,0.812032
8998,0.793600
8999,0.877568
9000,0.935936
9001,0.873472
9002,0.910336
9003,0.911360
9004,0.894976
9005,0.884736
9006,0.909312
9007,0.880640
9008,0.899072
9009,1.038336
9010,0.850944
9011,0.724992
9012,0.836608
9013,0.864256
9014,0.842752
9015,0.839680
9016,0.876544
9017,0.831488
9018,0.869376
9019,0.886784
9020,0.964608
9021,0.858112
9022,0.891904
9023,0.835584
9024,0.849920
9025,0.902144
9026,0.902144
9027,0.870400
9028,0.940032
9029,0.843776
9030,0.913408
9031,0.880640
9032,0.901120
9033,0.909312
9034,0.852992
9035,0.892928
9036,0.882688
9037,0.899072
9038,0.881664
9039,0.897024
9040,0.878592
9041,0.947200
9042,0.869376
9043,0.861184
9044,0.859136
9045,0.891904
9046,0.934912
9047,0.849920
9048,0.887808
9049,0.964608
9050,0.901120
9051,0.877568
9052,0.891904
9053,0.880640
9054,0.884736
9055,0.891904
9056,0.834560
9057,0.829440
9058,0.594944
9059,0.915456
9060,0.854016
9061,0.894976
9062,0.816128
9063,0.825344
9064,0.839680
9065,0.913408
9066,0.903168
9067,0.928768
9068,0.883712
9069,0.901120
9070,0.867328
9071,0.882688
9072,0.924672
9073,0.905216
9074,0.891904
9075,0.915456
9076,0.882688
9077,0.875520
9078,0.819200
9079,0.953344
9080,0.750592
9081,0.892928
9082,0.880640
9083,0.857088
9084,0.779264
9085,0.845824
9086,0.852992
9087,0.869376
9088,0.877568
9089,0.877568
9090,0.884736
9091,0.869376
9092,0.880640
9093,0.875520
9094,0.911360
9095,0.869376
9096,0.921600
9097,0.846848
9098,0.945152
9099,0.904192
9100,0.833536
9101,0.868352
9102,0.892928
9103,0.867328
9104,0.907264
9105,0.879616
9106,0.896000
9107,0.857088
9108,0.935936
9109,0.901120
9110,0.914432
9111,0.926720
9112,0.855040
9113,0.867328
9114,0.888832
9115,0.815104
9116,0.848896
9117,0.910336
9118,0.932864
9119,0.873472
9120,0.854016
9121,0.956416
9122,0.903168
9123,0.946176
9124,0.905216
9125,0.582656
9126,0.861184
9127,0.919552
9128,0.897024
9129,0.897024
9130,0.851968
9131,0.840704
9132,0.835584
9133,0.870400
9134,0.923648
9135,0.928768
9136,0.836608
9137,0.891904
9138,0.891904
9139,0.868352
9140,0.885760
9141,0.858112
9142,0.841728
9143,0.855040
9144,0.910336
9145,0.890880
9146,0.857088
9147,0.862208
9148,0.906240
9149,0.859136
9150,0.863232
9151,0.828416
9152,0.907264
9153,0.899072
9154,0.877568
9155,0.841728
9156,0.902144
9157,0.888832
9158,0.885760
9159,0.885760
9160,0.861184
9161,0.867328
9162,0.892928
9163,0.861184
9164,0.827392
9165,0.837632
9166,0.845824
9167,0.872448
9168,0.864256
9169,0.821248
9170,0.859136
9171,0.889856
9172,0.887808
9173,0.872448
9174,0.869376
9175,0.808960
9176,0.833536
9177,0.781312
9178,0.861184
9179,0.851968
9180,0.912384
9181,0.877568
9182,0.927744
9183,0.897024
9184,0.891904
9185,0.888832
9186,0.865280
9187,0.882688
9188,0.870400
9189,0.903168
9190,0.843776
9191,0.851968
9192,0.871424
9193,0.813056
9194,0.668672
9195,0.330752
9196,0.447488
9197,0.519168
9198,0.344064
9199,0.392192
9200,0.343040
9201,0.824320
9202,0.840704
9203,0.861184
9204,0.882688
9205,0.913408
9206,0.911360
9207,0.873472
9208,0.893952
9209,0.908288
9210,0.920576
9211,0.903168
9212,0.885760
9213,0.902144
9214,0.876544
9215,0.880640
9216,0.877568
9217,0.885760
9218,0.912384
9219,0.897024
9220,0.919552
9221,0.872448
9222,0.879616
9223,0.860160
9224,0.858112
9225,0.911360
9226,0.862208
9227,0.887808
9228,0.899072
9229,0.843776
9230,0.861184
9231,0.805888
9232,0.802816
9233,0.873472
9234,0.889856
9235,0.852992
9236,0.920576
9237,0.944128
9238,0.646144
9239,0.868352
9240,0.859136
9241,0.901120
9242,0.884736
9243,0.866304
9244,0.847872
9245,0.806912
9246,0.813056
9247,0.857088
9248,0.887808
9249,0.854016
9250,0.851968
9251,0.907264
9252,0.842752
9253,0.889856
9254,0.854016
9255,0.882688
9256,0.903168
9257,0.885760
9258,0.859136
9259,0.871424
9260,0.912384
9261,0.869376
9262,0.881664
9263,0.918528
9264,0.903168
9265,0.867328
9266,0.885760
9267,0.870400
9268,0.861184
9269,2.176000
9270,0.533504
9271,0.485376
9272,1.699840
9273,0.806912
9274,0.844800
9275,0.869376
9276,0.861184
9277,0.857088
9278,0.841728
9279,0.875520
9280,0.878592
9281,0.845824
9282,0.829440
9283,0.881664
9284,0.882688
9285,0.900096
9286,0.863232
9287,0.883712
9288,0.857088
9289,0.882688
9290,0.867328
9291,0.871424
9292,0.854016
9293,0.883712
9294,0.879616
9295,0.874496
9296,0.814080
9297,0.834560
9298,0.807936
9299,0.866304
9300,0.883712
9301,0.830464
9302,0.869376
9303,0.845824
9304,0.827392
9305,0.820224
9306,0.903168
9307,0.901120
9308,0.847872
9309,0.852992
9310,0.819200
9311,3.093504
9312,0.877568
9313,0.887808
9314,0.872448
9315,0.845824
9316,0.817152
9317,0.886784
9318,1.995776
9319,0.929792
9320,0.876544
9321,0.888832
9322,0.856064
9323,0.886784
9324,2.069504
9325,0.902144
9326,3.365888
9327,0.823296
9328,0.886784
9329,0.866304
9330,0.848896
9331,0.866304
9332,0.839680
9333,0.827392
9334,0.911360
9335,0.531456
9336,0.867328
9337,0.868352
9338,0.855040
9339,0.820224
9340,0.813056
9341,0.861184
9342,0.822272
9343,0.884736
9344,0.863232
9345,0.898048
9346,0.877568
9347,0.840704
9348,0.877568
9349,0.855040
9350,0.874496
9351,0.852992
9352,0.842752
9353,0.838656
9354,0.903168
9355,0.852992
9356,0.862208
9357,0.865280
9358,0.850944
9359,0.909312
9360,0.795648
9361,0.906240
9362,0.867328
9363,0.830464
9364,0.837632
9365,0.868352
9366,0.855040
9367,0.850944
9368,0.808960
9369,0.809984
9370,0.868352
9371,0.902144
9372,0.850944
9373,0.889856
9374,0.818176
9375,0.878592
9376,0.979968
9377,0.599040
9378,0.611328
9379,0.843776
9380,0.887808
9381,0.877568
9382,0.805888
9383,0.851968
9384,0.823296
9385,0.886784
9386,0.863232
9387,0.850944
9388,0.875520
9389,0.856064
9390,0.880640
9391,0.866304
9392,0.874496
9393,0.865280
9394,0.865280
9395,0.870400
9396,0.874496
9397,0.856064
9398,0.861184
9399,0.892928
9400,0.831488
9401,0.882688
9402,0.870400
9403,0.888832
9404,0.834560
9405,0.677888
9406,0.599040
9407,0.518144
9408,0.536576
9409,0.475136
9410,0.397312
9411,0.352256
9412,0.174080
9413,0.174080
9414,0.181248
9415,0.183296
9416,0.765952
9417,0.871424
9418,0.859136
9419,0.884736
9420,0.886784
9421,0.831488
9422,0.847872
9423,0.885760
9424,0.850944
9425,0.873472
9426,0.882688
9427,0.856064
9428,0.861184
9429,0.862208
9430,0.859136
9431,0.878592
9432,0.870400
9433,0.842752
9434,0.850944
9435,0.864256
9436,0.858112
9437,0.866304
9438,0.876544
9439,0.824320
9440,0.834560
9441,0.865280
9442,0.876544
9443,0.850944
9444,0.852992
9445,0.839680
9446,0.827392
9447,0.829440
9448,0.820224
9449,0.793600
9450,0.814080
9451,0.864256
9452,0.859136
9453,0.828416
9454,0.843776
9455,0.879616
9456,0.838656
9457,0.860160
9458,1.085440
9459,0.809984
9460,0.883712
9461,0.894976
9462,0.876544
9463,0.881664
9464,0.892928
9465,0.846848
9466,0.828416
9467,0.898048
9468,0.885760
9469,0.864256
9470,0.858112
9471,0.887808
9472,0.866304
9473,0.855040
9474,0.859136
9475,0.881664
9476,0.875520
9477,0.924672
9478,0.906240
9479,0.824320
9480,0.815104
9481,0.862208
9482,0.872448
9483,0.877568
9484,0.887808
9485,0.923648
9486,0.790528
9487,0.668672
9488,0.633856
9489,0.613376
9490,0.601088
9491,0.432128
9492,0.804864
9493,0.846848
9494,0.896000
9495,0.835584
9496,0.870400
9497,0.869376
9498,0.869376
9499,0.874496
9500,0.856064
9501,0.868352
9502,0.852992
9503,0.877568
9504,0.849920
9505,0.848896
9506,0.866304
9507,0.843776
9508,0.865280
9509,0.872448
9510,0.852992
9511,0.836608
9512,0.845824
9513,0.883712
9514,0.899072
9515,0.885760
9516,0.865280
9517,0.867328
9518,0.840704
9519,0.837632
9520,0.864256
9521,0.868352
9522,0.807936
9523,0.814080
9524,0.783360
9525,0.808960
9526,0.813056
9527,0.860160
9528,0.841728
9529,0.842752
9530,0.826368
9531,0.881664
9532,0.897024
9533,0.835584
9534,0.855040
9535,0.884736
9536,0.839680
9537,0.768000
9538,0.886784
9539,0.843776
9540,0.897024
9541,0.902144
9542,0.885760
9543,0.898048
9544,2.337792
9545,2.337792
9546,0.812032
9547,0.778240
9548,0.788480
9549,0.826368
9550,0.870400
9551,0.837632
9552,0.849920
9553,0.848896
9554,0.786432
9555,0.834560
9556,0.861184
9557,0.850944
9558,0.843776
9559,0.733184
9560,0.688128
9561,0.663552
9562,0.629760
9563,0.591872
9564,0.617472
9565,0.871424
9566,0.854016
9567,0.847872
9568,0.837632
9569,0.834560
9570,0.866304
9571,0.845824
9572,0.852992
9573,0.832512
9574,0.842752
9575,0.859136
9576,0.852992
9577,0.840704
9578,0.834560
9579,0.857088
9580,0.886784
9581,0.830464
9582,0.876544
9583,0.843776
9584,0.849920
9585,0.864256
9586,0.851968
9587,0.852992
9588,0.825344
9589,0.868352
9590,0.811008
9591,0.831488
9592,0.795648
9593,0.787456
9594,0.846848
9595,0.755712
9596,0.776192
9597,0.851968
9598,0.837632
9599,3.104768
9600,0.826368
9601,0.809984
9602,0.841728
9603,0.866304
9604,0.821248
9605,0.854016
9606,0.846848
9607,1.826816
9608,0.783360
9609,0.870400
9610,0.836608
9611,0.832512
9612,0.809984
9613,0.837632
9614,1.821696
9615,0.801792
9616,3.131392
9617,0.799744
9618,0.803840
9619,0.815104
9620,0.804864
9621,0.815104
9622,0.840704
9623,0.776192
9624,0.856064
9625,0.840704
9626,0.862208
9627,0.790528
9628,0.794624
9629,0.741376
9630,0.688128
9631,0.666624
9632,0.535552
9633,0.824320
9634,0.829440
9635,0.814080
9636,0.765952
9637,0.816128
9638,0.775168
9639,0.779264
9640,0.769024
9641,0.766976
9642,0.782336
9643,0.762880
9644,0.762880
9645,0.749568
9646,0.763904
9647,0.757760
9648,0.764928
9649,0.786432
9650,0.840704
9651,0.829440
9652,0.793600
9653,0.777216
9654,0.735232
9655,0.756736
9656,0.742400
9657,0.750592
9658,0.753664
9659,0.799744
9660,0.764928
9661,0.742400
9662,0.747520
9663,0.747520
9664,0.730112
9665,0.803840
9666,0.731136
9667,0.755712
9668,0.739328
9669,0.740352
9670,0.743424
9671,0.745472
9672,0.735232
9673,0.790528
9674,0.753664
9675,0.710656
9676,0.751616
9677,0.744448
9678,0.762880
9679,0.730112
9680,0.771072
9681,0.789504
9682,0.745472
9683,0.758784
9684,0.757760
9685,0.757760
9686,0.760832
9687,0.754688
9688,0.750592
9689,0.769024
9690,0.743424
9691,0.752640
9692,0.731136
9693,0.822272
9694,0.761856
9695,0.781312
9696,0.792576
9697,0.744448
9698,0.760832
9699,0.743424
9700,0.766976
9701,0.732160
9702,0.664576
9703,0.734208
9704,0.740352
9705,0.750592
9706,0.759808
9707,0.704512
9708,0.775168
9709,0.709632
9710,0.696320
9711,0.738304
9712,0.724992
9713,0.720896
9714,0.733184
9715,0.728064
9716,0.696320
9717,0.585728
9718,0.741376
9719,0.729088
9720,0.687104
9721,0.714752
9722,0.740352
9723,0.729088
9724,0.677888
9725,0.719872
9726,0.719872
9727,0.693248
9728,0.691200
9729,0.717824
9730,0.674816
9731,0.718848
9732,0.718848
9733,0.712704
9734,0.697344
9735,0.687104
9736,0.687104
9737,0.668672
9738,0.706560
9739,0.695296
9740,0.694272
9741,0.660480
9742,0.671744
9743,0.722944
9744,0.720896
9745,0.701440
9746,0.666624
9747,0.758784
9748,0.702464
9749,0.693248
9750,0.736256
9751,0.720896
9752,0.716800
9753,0.707584
9754,0.710656
9755,0.726016
9756,0.707584
9757,0.747520
9758,0.575488
9759,0.778240
9760,0.649216
9761,0.729088
9762,0.741376
9763,0.700416
9764,0.681984
9765,0.699392
9766,0.735232
9767,0.727040
9768,0.687104
9769,0.720896
9770,0.715776
9771,0.711680
9772,0.731136
9773,0.722944
9774,0.715776
9775,2.323456
9776,0.656384
9777,0.714752
9778,2.283520
9779,0.695296
9780,0.736256
9781,0.740352
9782,0.737280
9783,0.686080
9784,0.688128
9785,0.722944
9786,0.717824
9787,0.664576
9788,0.704512
9789,0.708608
9790,0.708608
9791,0.666624
9792,0.731136
9793,0.690176
9794,0.703488
9795,0.675840
9796,0.714752
9797,0.698368
9798,0.722944
9799,0.707584
9800,0.696320
9801,0.687104
9802,0.727040
9803,0.721920
9804,0.695296
9805,0.698368
9806,0.703488
9807,0.689152
9808,0.632832
9809,0.580608
9810,0.552960
9811,0.392192
9812,0.368640
9813,0.567296
9814,0.697344
9815,0.661504
9816,0.689152
9817,0.710656
9818,0.678912
9819,0.671744
9820,3.063808
9821,0.677888
9822,0.662528
9823,0.704512
9824,0.660480
9825,0.656384
9826,0.678912
9827,0.667648
9828,0.686080
9829,0.696320
9830,0.706560
9831,0.695296
9832,0.657408
9833,0.654336
9834,0.638976
9835,0.656384
9836,0.696320
9837,0.670720
9838,0.664576
9839,0.676864
9840,0.711680
9841,0.654336
9842,0.662528
9843,0.674816
9844,1.669120
9845,0.642048
9846,0.683008
9847,0.670720
9848,0.643072
9849,0.632832
9850,0.664576
9851,0.696320
9852,1.851392
9853,0.638976
9854,2.891776
9855,0.660480
9856,0.643072
9857,0.664576
9858,0.638976
9859,0.614400
9860,0.624640
9861,0.619520
9862,0.608256
9863,0.609280
9864,0.621568
9865,0.626688
9866,0.595968
9867,0.591872
9868,0.650240
9869,0.589824
9870,0.619520
9871,0.623616
9872,0.621568
9873,0.631808
9874,0.592896
9875,0.612352
9876,0.596992
9877,0.621568
9878,0.587776
9879,0.582656
9880,0.609280
9881,0.666624
9882,0.607232
9883,0.652288
9884,0.622592
9885,0.632832
9886,0.623616
9887,0.594944
9888,0.620544
9889,0.580608
9890,0.620544
9891,0.616448
9892,0.637952
9893,0.613376
9894,0.598016
9895,0.609280
9896,0.610304
9897,0.624640
9898,0.610304
9899,0.612352
9900,0.628736
9901,0.596992
9902,0.466944
9903,0.422912
9904,0.333824
9905,0.322560
9906,0.529408
9907,0.604160
9908,0.617472
9909,0.569344
9910,0.561152
9911,0.579584
9912,0.586752
9913,0.560128
9914,0.564224
9915,0.550912
9916,0.602112
9917,0.544768
9918,0.568320
9919,0.592896
9920,0.547840
9921,0.586752
9922,0.549888
9923,0.601088
9924,0.561152
9925,0.589824
9926,0.544768
9927,0.613376
9928,0.576512
9929,0.565248
9930,0.540672
9931,0.550912
9932,0.577536
9933,0.559104
9934,0.558080
9935,0.551936
9936,0.571392
9937,0.573440
9938,0.603136
9939,0.553984
9940,0.563200
9941,0.537600
9942,0.534528
9943,0.556032
9944,0.595968
9945,0.559104
9946,0.590848
9947,0.547840
9948,0.506880
9949,0.569344
9950,0.551936
9951,0.561152
9952,0.546816
9953,0.593920
9954,0.558080
9955,0.526336
9956,0.518144
9957,0.585728
9958,0.579584
9959,0.529408
9960,0.712704
9961,0.508928
9962,0.519168
9963,0.534528
9964,0.584704
9965,0.555008
9966,0.535552
9967,0.556032
9968,0.550912
9969,0.563200
9970,0.543744
9971,0.553984
9972,0.660480
9973,0.493568
9974,0.529408
9975,0.531456
9976,0.507904
9977,0.545792
9978,0.510976
9979,0.565248
9980,0.516096
9981,0.501760
9982,0.527360
9983,0.513024
9984,0.509952
9985,0.514048
9986,0.525312
9987,0.510976
9988,0.522240
9989,0.516096
9990,0.482304
9991,0.500736
9992,0.481280
9993,0.541696
9994,0.522240
9995,0.505856
9996,0.508928
9997,0.524288
9998,0.521216
9999,0.536576
