iter,ms
0,0.890880
1,0.908288
2,0.906240
3,0.889856
4,0.903168
5,0.919552
6,0.904192
7,0.905216
8,1.026048
9,0.916480
10,0.943104
11,0.906240
12,0.815104
13,0.870400
14,0.909312
15,0.892928
16,0.871424
17,0.924672
18,0.835584
19,0.917504
20,0.899072
21,0.915456
22,0.918528
23,0.944128
24,0.900096
25,0.891904
26,0.932864
27,0.906240
28,0.875520
29,0.927744
30,0.890880
31,0.856064
32,0.910336
33,0.862208
34,0.934912
35,0.864256
36,0.824320
37,0.883712
38,0.882688
39,0.875520
40,0.892928
41,0.844800
42,0.893952
43,0.861184
44,0.880640
45,0.861184
46,0.926720
47,0.891904
48,0.850944
49,0.917504
50,0.877568
51,0.911360
52,0.899072
53,0.906240
54,0.871424
55,0.904192
56,0.945152
57,0.951296
58,0.908288
59,0.920576
60,0.884736
61,0.897024
62,0.912384
63,0.850944
64,0.852992
65,0.807936
66,0.571392
67,0.841728
68,0.947200
69,0.898048
70,0.894976
71,0.873472
72,0.883712
73,0.845824
74,0.804864
75,0.813056
76,0.920576
77,0.898048
78,0.874496
79,0.914432
80,0.928768
81,0.883712
82,0.902144
83,0.897024
84,0.902144
85,0.830464
86,0.879616
87,0.917504
88,0.925696
89,0.884736
90,0.894976
91,0.945152
92,0.893952
93,0.896000
94,0.850944
95,0.940032
96,0.887808
97,0.940032
98,0.903168
99,0.885760
100,0.879616
101,0.926720
102,0.899072
103,0.896000
104,0.900096
105,0.909312
106,0.858112
107,0.866304
108,0.847872
109,0.858112
110,0.894976
111,0.950272
112,0.924672
113,0.891904
114,0.960512
115,0.906240
116,0.961536
117,0.937984
118,0.918528
119,0.908288
120,0.930816
121,0.949248
122,0.926720
123,0.943104
124,0.928768
125,0.969728
126,0.933888
127,0.927744
128,0.896000
129,0.900096
130,0.890880
131,0.782336
132,0.616448
133,0.543744
134,0.411648
135,0.423936
136,0.400384
137,0.378880
138,0.349184
139,0.357376
140,0.289792
141,0.652288
142,0.702464
143,0.857088
144,0.862208
145,0.910336
146,0.948224
147,0.870400
148,0.917504
149,0.919552
150,0.901120
151,0.890880
152,0.886784
153,0.904192
154,0.884736
155,0.914432
156,0.910336
157,0.910336
158,0.887808
159,0.888832
160,0.890880
161,0.876544
162,0.849920
163,0.943104
164,0.838656
165,0.864256
166,0.905216
167,0.897024
168,0.945152
169,0.883712
170,0.917504
171,0.884736
172,0.920576
173,0.876544
174,0.912384
175,0.941056
176,0.886784
177,0.932864
178,0.954368
179,0.897024
180,0.982016
181,0.913408
182,0.902144
183,0.958464
184,0.907264
185,0.906240
186,0.926720
187,0.848896
188,0.924672
189,0.976896
190,0.900096
191,0.919552
192,0.909312
193,0.904192
194,0.949248
195,0.955392
196,0.884736
197,0.923648
198,0.941056
199,0.917504
200,0.927744
201,0.951296
202,0.902144
203,0.916480
204,0.929792
205,0.839680
206,0.701440
207,0.629760
208,0.479232
209,0.488448
210,0.466944
211,0.297984
212,0.234496
213,0.229376
214,0.205824
215,0.880640
216,0.921600
217,0.920576
218,0.983040
219,0.957440
220,0.912384
221,0.937984
222,0.916480
223,0.906240
224,1.009664
225,0.836608
226,0.902144
227,0.915456
228,0.917504
229,0.932864
230,0.919552
231,0.925696
232,0.911360
233,0.906240
234,0.910336
235,0.907264
236,0.940032
237,0.906240
238,0.905216
239,0.961536
240,0.909312
241,0.920576
242,0.944128
243,0.912384
244,0.892928
245,0.893952
246,0.919552
247,0.934912
248,0.897024
249,0.902144
250,0.868352
251,0.815104
252,0.868352
253,0.886784
254,0.927744
255,0.923648
256,0.934912
257,0.909312
258,0.954368
259,0.913408
260,0.965632
261,0.929792
262,0.969728
263,0.870400
264,0.949248
265,0.921600
266,0.882688
267,0.940032
268,0.965632
269,0.908288
270,0.942080
271,0.918528
272,0.921600
273,0.928768
274,1.002496
275,0.919552
276,0.954368
277,0.903168
278,0.909312
279,0.699392
280,0.707584
281,0.945152
282,0.916480
283,0.862208
284,0.951296
285,0.881664
286,0.901120
287,0.931840
288,0.936960
289,0.927744
290,0.641024
291,0.923648
292,0.876544
293,0.925696
294,0.919552
295,0.934912
296,0.865280
297,1.100800
298,0.884736
299,0.930816
300,0.848896
301,0.918528
302,0.926720
303,0.875520
304,0.905216
305,0.908288
306,0.905216
307,0.916480
308,0.947200
309,0.952320
310,0.947200
311,0.868352
312,0.860160
313,0.861184
314,0.897024
315,0.879616
316,0.954368
317,0.886784
318,0.923648
319,0.915456
320,0.897024
321,0.921600
322,0.936960
323,0.916480
324,0.887808
325,0.973824
326,0.889856
327,0.923648
328,0.951296
329,0.900096
330,0.911360
331,0.915456
332,0.934912
333,0.863232
334,0.889856
335,0.897024
336,0.884736
337,0.862208
338,0.856064
339,0.873472
340,0.883712
341,0.958464
342,0.926720
343,0.943104
344,0.925696
345,0.708608
346,0.945152
347,0.915456
348,0.881664
349,0.923648
350,0.887808
351,0.898048
352,0.948224
353,0.905216
354,0.941056
355,0.915456
356,0.916480
357,0.909312
358,0.912384
359,0.933888
360,0.933888
361,0.905216
362,0.899072
363,0.928768
364,0.885760
365,0.879616
366,0.858112
367,0.830464
368,0.854016
369,0.855040
370,0.879616
371,0.907264
372,0.925696
373,0.911360
374,0.923648
375,0.918528
376,0.916480
377,0.901120
378,0.949248
379,0.898048
380,0.941056
381,0.913408
382,0.886784
383,0.922624
384,0.957440
385,0.936960
386,0.949248
387,0.946176
388,0.934912
389,0.906240
390,0.966656
391,0.890880
392,0.959488
393,0.909312
394,0.947200
395,0.902144
396,0.916480
397,0.902144
398,0.905216
399,0.894976
400,0.973824
401,0.882688
402,0.979968
403,0.925696
404,0.896000
405,0.952320
406,0.912384
407,0.918528
408,0.893952
409,0.723968
410,0.449536
411,0.359424
412,0.320512
413,0.301056
414,0.280576
415,0.269312
416,0.253952
417,0.244736
418,0.251904
419,0.238592
420,0.259072
421,0.249856
422,0.246784
423,0.196608
424,0.859136
425,0.946176
426,0.919552
427,0.923648
428,0.879616
429,0.906240
430,0.804864
431,0.871424
432,0.878592
433,0.994304
434,0.887808
435,0.995328
436,0.941056
437,0.897024
438,0.936960
439,0.880640
440,0.883712
441,0.896000
442,0.932864
443,0.925696
444,0.873472
445,0.924672
446,0.876544
447,0.868352
448,0.964608
449,0.885760
450,0.927744
451,0.905216
452,0.954368
453,0.870400
454,0.906240
455,0.944128
456,0.915456
457,0.900096
458,0.950272
459,0.871424
460,0.888832
461,0.913408
462,0.880640
463,0.934912
464,0.885760
465,0.880640
466,0.882688
467,0.943104
468,0.883712
469,0.821248
470,0.869376
471,0.863232
472,0.956416
473,0.929792
474,0.872448
475,0.930816
476,0.904192
477,0.932864
478,0.881664
479,0.899072
480,0.905216
481,0.903168
482,0.906240
483,0.916480
484,0.908288
485,0.904192
486,0.917504
487,0.982016
488,0.784384
489,0.506880
490,0.410624
491,0.296960
492,0.294912
493,0.273408
494,0.253952
495,0.261120
496,0.237568
497,0.204800
498,0.205824
499,0.217088
500,0.202752
501,0.161792
502,0.165888
503,0.169984
504,0.169984
505,0.162816
506,0.156672
507,0.846848
508,0.840704
509,0.907264
510,0.889856
511,0.951296
512,0.923648
513,0.960512
514,0.944128
515,0.908288
516,0.859136
517,0.922624
518,0.898048
519,0.873472
520,0.915456
521,0.943104
522,0.906240
523,0.939008
524,0.913408
525,0.963584
526,0.918528
527,0.923648
528,0.893952
529,0.934912
530,0.911360
531,0.908288
532,0.916480
533,0.873472
534,0.918528
535,0.847872
536,0.927744
537,0.861184
538,0.878592
539,0.908288
540,0.816128
541,0.910336
542,0.838656
543,0.914432
544,0.845824
545,0.888832
546,0.931840
547,0.889856
548,0.883712
549,0.930816
550,0.891904
551,0.914432
552,0.926720
553,0.928768
554,0.884736
555,0.904192
556,0.915456
557,0.899072
558,0.929792
559,0.889856
560,0.863232
561,0.942080
562,0.939008
563,0.901120
564,0.935936
565,0.939008
566,0.927744
567,0.943104
568,0.932864
569,0.933888
570,0.379904
571,0.872448
572,0.880640
573,0.944128
574,0.864256
575,0.962560
576,0.935936
577,0.872448
578,0.985088
579,0.894976
580,0.963584
581,0.936960
582,0.916480
583,0.898048
584,0.919552
585,0.932864
586,0.864256
587,0.921600
588,0.920576
589,0.899072
590,0.919552
591,0.914432
592,0.901120
593,0.907264
594,0.942080
595,0.920576
596,0.902144
597,0.951296
598,0.845824
599,0.897024
600,0.837632
601,0.800768
602,0.883712
603,0.924672
604,0.876544
605,0.925696
606,0.936960
607,0.947200
608,0.916480
609,0.926720
610,0.896000
611,0.960512
612,0.884736
613,0.907264
614,0.931840
615,0.923648
616,0.922624
617,0.919552
618,0.919552
619,0.879616
620,0.892928
621,0.930816
622,0.896000
623,0.915456
624,0.916480
625,0.880640
626,0.920576
627,0.925696
628,0.949248
629,0.986112
630,0.913408
631,0.918528
632,0.893952
633,0.920576
634,0.924672
635,0.876544
636,0.586752
637,0.476160
638,0.409600
639,0.286720
640,0.325632
641,0.296960
642,0.264192
643,0.252928
644,0.249856
645,0.820224
646,0.986112
647,0.881664
648,0.875520
649,0.887808
650,0.870400
651,0.905216
652,0.908288
653,0.937984
654,0.953344
655,0.925696
656,0.967680
657,0.920576
658,0.954368
659,0.933888
660,0.919552
661,0.883712
662,0.875520
663,0.911360
664,0.894976
665,0.896000
666,0.933888
667,0.893952
668,0.880640
669,0.896000
670,0.862208
671,0.900096
672,0.881664
673,0.899072
674,0.845824
675,0.893952
676,0.889856
677,0.874496
678,0.885760
679,0.868352
680,0.914432
681,0.918528
682,0.893952
683,0.904192
684,0.886784
685,0.857088
686,0.930816
687,0.943104
688,0.885760
689,0.923648
690,0.893952
691,0.957440
692,0.903168
693,0.964608
694,0.888832
695,0.939008
696,0.923648
697,0.943104
698,0.930816
699,0.977920
700,0.907264
701,0.956416
702,0.873472
703,1.010688
704,0.918528
705,0.950272
706,0.945152
707,0.932864
708,0.856064
709,0.771072
710,0.790528
711,0.897024
712,0.962560
713,0.903168
714,0.855040
715,0.930816
716,0.662528
717,0.934912
718,0.908288
719,0.923648
720,0.911360
721,0.914432
722,0.890880
723,0.953344
724,0.904192
725,0.888832
726,0.912384
727,0.973824
728,0.962560
729,0.896000
730,0.920576
731,0.918528
732,0.910336
733,0.929792
734,0.899072
735,0.956416
736,0.905216
737,0.946176
738,0.961536
739,0.889856
740,0.918528
741,0.912384
742,0.963584
743,0.898048
744,0.860160
745,0.871424
746,0.954368
747,0.912384
748,0.916480
749,0.896000
750,0.907264
751,0.903168
752,0.919552
753,0.945152
754,0.933888
755,0.961536
756,0.931840
757,0.927744
758,0.854016
759,0.937984
760,0.866304
761,0.883712
762,0.936960
763,0.920576
764,0.950272
765,0.937984
766,0.943104
767,0.945152
768,0.925696
769,0.940032
770,0.929792
771,0.935936
772,0.935936
773,0.907264
774,0.646144
775,0.963584
776,0.947200
777,0.945152
778,0.914432
779,0.928768
780,0.849920
781,0.966656
782,0.920576
783,0.868352
784,0.906240
785,0.905216
786,0.908288
787,0.897024
788,0.833536
789,0.828416
790,0.860160
791,0.947200
792,0.934912
793,0.897024
794,0.891904
795,0.871424
796,0.908288
797,0.898048
798,0.923648
799,0.967680
800,0.948224
801,0.926720
802,0.915456
803,0.894976
804,0.956416
805,0.897024
806,0.928768
807,0.877568
808,0.920576
809,0.931840
810,0.869376
811,0.893952
812,0.947200
813,0.920576
814,0.966656
815,0.847872
816,0.911360
817,0.947200
818,0.906240
819,0.897024
820,0.939008
821,0.902144
822,0.930816
823,0.678912
824,0.886784
825,0.911360
826,0.947200
827,0.948224
828,0.889856
829,0.883712
830,0.830464
831,0.997376
832,0.910336
833,0.903168
834,0.926720
835,0.935936
836,0.943104
837,0.932864
838,0.922624
839,0.690176
840,0.689152
841,0.902144
842,0.958464
843,0.921600
844,0.949248
845,0.908288
846,0.954368
847,0.892928
848,0.905216
849,0.919552
850,0.886784
851,0.925696
852,0.880640
853,0.867328
854,0.832512
855,0.882688
856,0.901120
857,0.869376
858,0.894976
859,0.839680
860,0.918528
861,0.907264
862,0.920576
863,0.947200
864,0.936960
865,0.849920
866,0.925696
867,0.891904
868,0.862208
869,0.921600
870,0.915456
871,0.888832
872,0.955392
873,0.930816
874,0.866304
875,0.910336
876,0.919552
877,0.906240
878,0.872448
879,0.914432
880,0.930816
881,0.949248
882,0.883712
883,0.927744
884,0.839680
885,0.873472
886,0.867328
887,0.873472
888,0.901120
889,0.946176
890,0.863232
891,0.912384
892,0.907264
893,0.884736
894,0.951296
895,0.867328
896,0.875520
897,0.804864
898,0.912384
899,0.911360
900,0.888832
901,0.881664
902,0.936960
903,0.856064
904,0.848896
905,0.737280
906,0.613376
907,0.477184
908,0.459776
909,0.322560
910,0.289792
911,0.275456
912,0.176128
913,0.177152
914,0.179200
915,0.178176
916,0.174080
917,0.162816
918,0.163840
919,0.159744
920,0.163840
921,0.161792
922,0.927744
923,0.907264
924,0.914432
925,0.933888
926,0.914432
927,0.943104
928,0.900096
929,0.936960
930,0.905216
931,0.935936
932,0.958464
933,0.918528
934,1.051648
935,0.859136
936,0.915456
937,0.878592
938,0.933888
939,0.880640
940,0.932864
941,0.908288
942,0.903168
943,0.875520
944,0.878592
945,0.900096
946,0.892928
947,0.930816
948,0.873472
949,0.954368
950,0.857088
951,0.912384
952,0.866304
953,0.873472
954,0.944128
955,0.919552
956,0.847872
957,0.930816
958,0.961536
959,0.931840
960,0.929792
961,0.903168
962,0.876544
963,0.897024
964,0.892928
965,0.913408
966,0.871424
967,0.872448
968,0.878592
969,0.855040
970,0.860160
971,0.954368
972,0.870400
973,0.929792
974,0.926720
975,0.921600
976,0.929792
977,0.865280
978,0.883712
979,0.898048
980,0.862208
981,0.900096
982,0.904192
983,0.893952
984,0.899072
985,0.791552
986,0.726016
987,0.739328
988,0.937984
989,0.932864
990,0.935936
991,0.945152
992,0.945152
993,0.874496
994,0.924672
995,0.871424
996,0.935936
997,0.935936
998,0.934912
999,0.899072
1000,0.936960
1001,0.867328
1002,0.663552
1003,0.950272
1004,0.881664
1005,0.946176
1006,0.923648
1007,0.898048
1008,0.912384
1009,0.932864
1010,0.931840
1011,0.915456
1012,0.916480
1013,0.879616
1014,0.867328
1015,0.939008
1016,0.933888
1017,0.948224
1018,0.873472
1019,0.927744
1020,0.924672
1021,0.882688
1022,0.848896
1023,0.867328
1024,0.871424
1025,0.898048
1026,0.873472
1027,0.941056
1028,0.890880
1029,0.822272
1030,0.997376
1031,0.850944
1032,0.877568
1033,0.867328
1034,0.912384
1035,0.947200
1036,0.909312
1037,0.948224
1038,0.923648
1039,0.899072
1040,0.899072
1041,0.894976
1042,0.845824
1043,0.912384
1044,0.847872
1045,0.923648
1046,0.881664
1047,0.923648
1048,0.899072
1049,0.868352
1050,0.949248
1051,0.865280
1052,0.775168
1053,0.478208
1054,0.403456
1055,0.292864
1056,0.294912
1057,0.210944
1058,0.196608
1059,0.197632
1060,0.189440
1061,0.187392
1062,0.175104
1063,0.182272
1064,0.177152
1065,0.182272
1066,0.182272
1067,0.165888
1068,0.164864
1069,0.164864
1070,0.165888
1071,0.161792
1072,0.157696
1073,0.928768
1074,0.896000
1075,0.914432
1076,0.872448
1077,0.921600
1078,0.926720
1079,0.918528
1080,0.909312
1081,0.918528
1082,0.906240
1083,0.925696
1084,0.881664
1085,0.838656
1086,0.892928
1087,0.932864
1088,0.898048
1089,0.896000
1090,0.911360
1091,0.924672
1092,0.904192
1093,0.877568
1094,0.921600
1095,0.892928
1096,0.879616
1097,0.854016
1098,0.932864
1099,0.888832
1100,0.858112
1101,0.946176
1102,0.891904
1103,0.910336
1104,0.941056
1105,0.883712
1106,0.952320
1107,0.906240
1108,0.861184
1109,0.904192
1110,0.952320
1111,0.897024
1112,0.937984
1113,0.872448
1114,0.899072
1115,0.883712
1116,0.915456
1117,0.937984
1118,0.942080
1119,0.914432
1120,0.915456
1121,0.930816
1122,0.906240
1123,0.917504
1124,0.881664
1125,0.872448
1126,0.845824
1127,0.882688
1128,0.842752
1129,0.918528
1130,0.973824
1131,0.941056
1132,0.911360
1133,0.918528
1134,0.926720
1135,0.940032
1136,0.843776
1137,0.658432
1138,0.814080
1139,0.957440
1140,0.858112
1141,0.894976
1142,0.911360
1143,0.925696
1144,0.888832
1145,0.908288
1146,0.855040
1147,0.851968
1148,0.825344
1149,0.868352
1150,0.841728
1151,0.878592
1152,0.894976
1153,0.917504
1154,0.900096
1155,0.889856
1156,0.889856
1157,0.882688
1158,0.898048
1159,0.899072
1160,0.890880
1161,0.866304
1162,0.901120
1163,0.843776
1164,0.902144
1165,0.914432
1166,0.925696
1167,0.869376
1168,0.917504
1169,0.884736
1170,0.897024
1171,0.940032
1172,0.923648
1173,0.859136
1174,0.922624
1175,0.917504
1176,0.897024
1177,0.908288
1178,0.870400
1179,0.966656
1180,0.956416
1181,0.900096
1182,0.925696
1183,0.922624
1184,0.907264
1185,0.939008
1186,0.836608
1187,0.918528
1188,0.889856
1189,0.946176
1190,0.893952
1191,0.931840
1192,0.832512
1193,0.937984
1194,0.882688
1195,0.844800
1196,0.964608
1197,0.910336
1198,0.965632
1199,0.916480
1200,0.902144
1201,0.958464
1202,0.861184
1203,0.696320
1204,0.697344
1205,0.972800
1206,0.964608
1207,0.931840
1208,0.915456
1209,0.910336
1210,0.893952
1211,0.932864
1212,0.907264
1213,0.939008
1214,0.932864
1215,0.907264
1216,0.906240
1217,0.874496
1218,0.850944
1219,0.886784
1220,0.828416
1221,0.857088
1222,0.875520
1223,0.905216
1224,0.978944
1225,0.955392
1226,0.846848
1227,0.907264
1228,0.940032
1229,0.960512
1230,0.888832
1231,0.921600
1232,0.922624
1233,0.915456
1234,0.912384
1235,0.920576
1236,0.971776
1237,0.894976
1238,0.890880
1239,0.918528
1240,0.921600
1241,0.926720
1242,0.837632
1243,0.930816
1244,0.919552
1245,0.891904
1246,0.924672
1247,0.914432
1248,0.926720
1249,0.886784
1250,0.932864
1251,0.915456
1252,0.873472
1253,0.912384
1254,0.915456
1255,0.904192
1256,0.877568
1257,0.947200
1258,0.900096
1259,0.923648
1260,0.894976
1261,0.916480
1262,0.877568
1263,0.865280
1264,0.923648
1265,0.872448
1266,0.894976
1267,0.927744
1268,0.765952
1269,0.555008
1270,0.510976
1271,0.424960
1272,0.471040
1273,0.301056
1274,0.224256
1275,0.229376
1276,0.205824
1277,0.864256
1278,0.903168
1279,0.870400
1280,0.930816
1281,0.957440
1282,0.880640
1283,0.889856
1284,0.900096
1285,0.876544
1286,0.968704
1287,0.849920
1288,0.921600
1289,0.915456
1290,0.908288
1291,0.881664
1292,0.918528
1293,0.917504
1294,0.878592
1295,0.905216
1296,0.897024
1297,0.883712
1298,0.905216
1299,0.897024
1300,0.927744
1301,0.904192
1302,0.919552
1303,0.865280
1304,0.883712
1305,0.860160
1306,0.844800
1307,0.817152
1308,0.864256
1309,0.900096
1310,0.943104
1311,0.891904
1312,0.924672
1313,0.934912
1314,0.926720
1315,0.948224
1316,0.926720
1317,0.886784
1318,0.928768
1319,0.928768
1320,0.944128
1321,0.901120
1322,0.939008
1323,0.955392
1324,0.886784
1325,0.862208
1326,0.908288
1327,0.932864
1328,0.900096
1329,0.907264
1330,0.922624
1331,0.921600
1332,0.912384
1333,0.925696
1334,0.919552
1335,0.937984
1336,0.919552
1337,0.967680
1338,0.926720
1339,0.886784
1340,0.897024
1341,0.661504
1342,0.589824
1343,0.532480
1344,0.406528
1345,0.327680
1346,0.293888
1347,0.258048
1348,0.280576
1349,0.239616
1350,0.182272
1351,0.179200
1352,0.180224
1353,0.180224
1354,0.172032
1355,0.811008
1356,0.958464
1357,0.923648
1358,0.906240
1359,0.902144
1360,0.897024
1361,0.897024
1362,0.905216
1363,0.922624
1364,0.918528
1365,1.054720
1366,0.888832
1367,0.781312
1368,0.882688
1369,0.933888
1370,0.886784
1371,0.900096
1372,0.912384
1373,0.870400
1374,0.830464
1375,0.829440
1376,0.813056
1377,0.923648
1378,0.922624
1379,0.885760
1380,0.922624
1381,0.887808
1382,0.929792
1383,0.906240
1384,0.961536
1385,0.935936
1386,0.934912
1387,0.883712
1388,0.944128
1389,0.934912
1390,0.950272
1391,0.945152
1392,0.924672
1393,0.909312
1394,0.911360
1395,0.926720
1396,0.926720
1397,0.963584
1398,0.885760
1399,0.944128
1400,0.874496
1401,0.909312
1402,0.914432
1403,0.926720
1404,0.929792
1405,0.925696
1406,0.931840
1407,0.943104
1408,0.892928
1409,0.980992
1410,0.909312
1411,0.939008
1412,0.901120
1413,0.934912
1414,0.899072
1415,0.927744
1416,0.937984
1417,0.928768
1418,0.919552
1419,0.928768
1420,0.666624
1421,0.882688
1422,0.969728
1423,0.932864
1424,0.886784
1425,0.918528
1426,0.876544
1427,0.899072
1428,0.874496
1429,0.875520
1430,0.869376
1431,0.870400
1432,0.941056
1433,0.887808
1434,0.836608
1435,0.929792
1436,0.914432
1437,0.907264
1438,0.933888
1439,0.875520
1440,0.905216
1441,0.915456
1442,0.932864
1443,0.922624
1444,0.919552
1445,0.864256
1446,0.915456
1447,0.952320
1448,0.903168
1449,0.877568
1450,0.874496
1451,0.877568
1452,0.887808
1453,0.835584
1454,0.814080
1455,0.894976
1456,0.913408
1457,0.884736
1458,0.927744
1459,0.918528
1460,0.930816
1461,0.934912
1462,0.894976
1463,0.945152
1464,0.914432
1465,0.933888
1466,0.951296
1467,0.877568
1468,0.984064
1469,0.930816
1470,0.920576
1471,0.876544
1472,0.871424
1473,0.855040
1474,0.917504
1475,0.934912
1476,0.878592
1477,0.892928
1478,0.914432
1479,0.946176
1480,0.935936
1481,0.970752
1482,0.928768
1483,0.965632
1484,0.842752
1485,0.701440
1486,0.806912
1487,0.899072
1488,0.913408
1489,0.971776
1490,0.922624
1491,0.943104
1492,0.960512
1493,0.904192
1494,0.886784
1495,0.922624
1496,0.904192
1497,0.913408
1498,0.948224
1499,0.863232
1500,0.947200
1501,0.937984
1502,0.904192
1503,0.882688
1504,0.947200
1505,0.949248
1506,0.902144
1507,0.942080
1508,0.870400
1509,0.879616
1510,0.899072
1511,0.958464
1512,0.890880
1513,0.892928
1514,0.896000
1515,0.911360
1516,0.911360
1517,0.879616
1518,0.886784
1519,0.903168
1520,0.929792
1521,0.907264
1522,0.963584
1523,0.934912
1524,0.914432
1525,0.902144
1526,0.915456
1527,0.912384
1528,0.906240
1529,0.904192
1530,0.939008
1531,0.935936
1532,0.904192
1533,0.912384
1534,0.890880
1535,0.931840
1536,0.932864
1537,0.921600
1538,0.909312
1539,0.906240
1540,0.961536
1541,0.926720
1542,0.897024
1543,0.929792
1544,0.974848
1545,0.888832
1546,0.944128
1547,0.949248
1548,0.914432
1549,0.732160
1550,0.625664
1551,0.559104
1552,0.318464
1553,0.297984
1554,0.256000
1555,0.250880
1556,0.259072
1557,0.235520
1558,0.808960
1559,0.936960
1560,0.929792
1561,0.896000
1562,0.885760
1563,0.930816
1564,0.870400
1565,0.922624
1566,0.943104
1567,0.948224
1568,0.912384
1569,0.855040
1570,0.898048
1571,0.873472
1572,0.880640
1573,0.927744
1574,0.794624
1575,0.861184
1576,0.879616
1577,0.872448
1578,0.869376
1579,0.934912
1580,0.899072
1581,0.942080
1582,0.911360
1583,0.898048
1584,0.907264
1585,0.950272
1586,0.900096
1587,0.906240
1588,0.914432
1589,0.861184
1590,0.883712
1591,0.896000
1592,0.902144
1593,0.897024
1594,0.952320
1595,0.891904
1596,0.913408
1597,0.889856
1598,0.901120
1599,0.903168
1600,0.970752
1601,0.956416
1602,0.924672
1603,0.885760
1604,0.870400
1605,0.943104
1606,0.946176
1607,0.911360
1608,0.934912
1609,0.912384
1610,0.952320
1611,1.119232
1612,0.757760
1613,0.834560
1614,0.881664
1615,0.857088
1616,0.901120
1617,0.871424
1618,0.891904
1619,0.906240
1620,0.955392
1621,0.918528
1622,0.854016
1623,0.760832
1624,0.427008
1625,0.190464
1626,0.181248
1627,0.189440
1628,0.174080
1629,0.176128
1630,0.180224
1631,0.179200
1632,0.172032
1633,0.179200
1634,0.168960
1635,0.168960
1636,0.161792
1637,0.174080
1638,0.166912
1639,0.171008
1640,0.903168
1641,0.927744
1642,0.919552
1643,0.890880
1644,0.847872
1645,0.917504
1646,0.928768
1647,0.909312
1648,0.891904
1649,0.935936
1650,0.877568
1651,0.910336
1652,0.879616
1653,0.897024
1654,0.931840
1655,0.886784
1656,0.914432
1657,0.893952
1658,0.951296
1659,0.875520
1660,0.869376
1661,0.927744
1662,0.924672
1663,0.915456
1664,0.911360
1665,0.914432
1666,0.936960
1667,0.902144
1668,0.898048
1669,0.954368
1670,0.908288
1671,0.933888
1672,0.933888
1673,0.888832
1674,0.933888
1675,0.912384
1676,0.941056
1677,0.873472
1678,0.927744
1679,0.912384
1680,0.867328
1681,0.913408
1682,0.906240
1683,0.879616
1684,0.852992
1685,0.899072
1686,0.937984
1687,0.935936
1688,0.860160
1689,0.926720
1690,0.903168
1691,0.917504
1692,0.954368
1693,0.940032
1694,0.861184
1695,0.872448
1696,0.866304
1697,0.866304
1698,0.923648
1699,0.886784
1700,0.890880
1701,0.877568
1702,0.941056
1703,0.902144
1704,0.673792
1705,0.570368
1706,0.417792
1707,0.372736
1708,0.342016
1709,0.354304
1710,0.329728
1711,0.322560
1712,0.296960
1713,0.194560
1714,0.189440
1715,0.194560
1716,0.192512
1717,0.748544
1718,0.939008
1719,0.905216
1720,0.865280
1721,0.929792
1722,0.926720
1723,0.922624
1724,0.919552
1725,0.872448
1726,0.960512
1727,0.900096
1728,0.921600
1729,0.878592
1730,0.824320
1731,0.829440
1732,0.882688
1733,0.870400
1734,0.840704
1735,0.875520
1736,0.940032
1737,0.937984
1738,0.925696
1739,0.874496
1740,0.876544
1741,0.912384
1742,0.954368
1743,0.900096
1744,0.947200
1745,0.863232
1746,0.885760
1747,0.881664
1748,0.906240
1749,0.923648
1750,0.927744
1751,0.844800
1752,0.851968
1753,0.915456
1754,0.856064
1755,0.846848
1756,0.920576
1757,0.903168
1758,0.878592
1759,0.839680
1760,0.886784
1761,0.898048
1762,0.893952
1763,0.947200
1764,0.933888
1765,0.886784
1766,0.910336
1767,0.876544
1768,0.896000
1769,0.934912
1770,0.908288
1771,0.911360
1772,0.974848
1773,0.911360
1774,0.936960
1775,0.964608
1776,0.879616
1777,0.927744
1778,0.992256
1779,0.894976
1780,0.921600
1781,0.837632
1782,0.621568
1783,0.795648
1784,0.881664
1785,0.875520
1786,0.947200
1787,0.937984
1788,0.875520
1789,0.910336
1790,1.058816
1791,0.730112
1792,0.913408
1793,0.869376
1794,0.912384
1795,0.924672
1796,0.857088
1797,0.840704
1798,0.873472
1799,0.897024
1800,0.931840
1801,0.932864
1802,0.891904
1803,0.934912
1804,0.913408
1805,0.901120
1806,0.899072
1807,0.894976
1808,0.971776
1809,0.891904
1810,0.908288
1811,0.894976
1812,0.896000
1813,0.940032
1814,0.862208
1815,0.908288
1816,0.910336
1817,0.926720
1818,0.899072
1819,0.901120
1820,0.943104
1821,0.896000
1822,0.932864
1823,0.893952
1824,0.918528
1825,0.902144
1826,0.920576
1827,0.936960
1828,0.894976
1829,0.939008
1830,0.902144
1831,0.906240
1832,0.949248
1833,0.860160
1834,0.957440
1835,0.925696
1836,0.947200
1837,0.919552
1838,0.941056
1839,0.909312
1840,0.914432
1841,0.894976
1842,0.962560
1843,0.952320
1844,0.922624
1845,0.913408
1846,0.941056
1847,0.798720
1848,0.531456
1849,0.371712
1850,0.313344
1851,0.329728
1852,0.238592
1853,0.262144
1854,0.251904
1855,0.236544
1856,0.244736
1857,0.253952
1858,0.227328
1859,0.160768
1860,0.171008
1861,0.175104
1862,0.162816
1863,0.161792
1864,0.154624
1865,0.925696
1866,0.930816
1867,0.922624
1868,0.906240
1869,0.896000
1870,0.927744
1871,0.928768
1872,0.908288
1873,0.919552
1874,0.878592
1875,0.920576
1876,0.934912
1877,0.930816
1878,0.922624
1879,0.960512
1880,0.890880
1881,0.888832
1882,0.875520
1883,0.923648
1884,0.956416
1885,0.904192
1886,0.850944
1887,0.923648
1888,0.904192
1889,0.942080
1890,0.921600
1891,0.887808
1892,0.925696
1893,0.912384
1894,0.909312
1895,0.951296
1896,0.877568
1897,0.931840
1898,0.955392
1899,0.956416
1900,0.896000
1901,0.918528
1902,0.882688
1903,0.888832
1904,0.900096
1905,0.819200
1906,0.900096
1907,0.859136
1908,0.862208
1909,0.923648
1910,0.961536
1911,1.125376
1912,0.813056
1913,0.872448
1914,0.905216
1915,0.875520
1916,0.919552
1917,0.906240
1918,0.954368
1919,0.902144
1920,0.921600
1921,0.897024
1922,0.944128
1923,0.891904
1924,0.927744
1925,0.911360
1926,0.886784
1927,0.912384
1928,0.904192
1929,0.760832
1930,0.823296
1931,0.888832
1932,0.845824
1933,0.932864
1934,0.887808
1935,0.914432
1936,0.881664
1937,0.949248
1938,0.972800
1939,0.918528
1940,0.893952
1941,0.913408
1942,0.958464
1943,0.924672
1944,0.925696
1945,0.946176
1946,0.884736
1947,0.961536
1948,0.930816
1949,0.885760
1950,0.914432
1951,0.917504
1952,0.907264
1953,0.900096
1954,0.921600
1955,0.889856
1956,0.888832
1957,0.879616
1958,0.820224
1959,0.891904
1960,0.832512
1961,0.872448
1962,0.925696
1963,0.904192
1964,0.934912
1965,0.877568
1966,0.914432
1967,0.861184
1968,0.912384
1969,0.894976
1970,0.914432
1971,0.900096
1972,0.847872
1973,0.899072
1974,0.930816
1975,0.929792
1976,0.906240
1977,0.925696
1978,0.926720
1979,0.931840
1980,0.928768
1981,0.907264
1982,0.892928
1983,0.918528
1984,0.965632
1985,0.947200
1986,0.944128
1987,0.955392
1988,0.917504
1989,0.928768
1990,0.918528
1991,0.924672
1992,0.899072
1993,0.903168
1994,0.893952
1995,0.663552
1996,0.305152
1997,0.214016
1998,0.209920
1999,0.205824
2000,0.216064
2001,0.199680
2002,0.196608
2003,0.200704
2004,0.185344
2005,0.203776
2006,0.198656
2007,0.194560
2008,0.203776
2009,0.195584
2010,0.185344
2011,0.181248
2012,0.182272
2013,0.178176
2014,0.181248
2015,0.869376
2016,0.944128
2017,0.941056
2018,0.846848
2019,0.903168
2020,0.941056
2021,0.960512
2022,0.849920
2023,0.944128
2024,0.905216
2025,0.933888
2026,0.871424
2027,0.912384
2028,0.913408
2029,0.877568
2030,0.873472
2031,0.909312
2032,0.872448
2033,0.952320
2034,0.918528
2035,0.942080
2036,0.911360
2037,0.942080
2038,0.945152
2039,0.940032
2040,0.910336
2041,0.914432
2042,0.894976
2043,0.923648
2044,0.866304
2045,0.919552
2046,0.917504
2047,0.944128
2048,0.910336
2049,0.955392
2050,0.899072
2051,0.953344
2052,0.891904
2053,0.920576
2054,0.901120
2055,0.963584
2056,0.947200
2057,0.899072
2058,0.956416
2059,0.928768
2060,0.960512
2061,0.925696
2062,0.911360
2063,0.910336
2064,0.906240
2065,0.861184
2066,0.905216
2067,0.880640
2068,0.889856
2069,0.940032
2070,0.881664
2071,0.918528
2072,0.905216
2073,0.934912
2074,0.917504
2075,1.000448
2076,0.932864
2077,0.953344
2078,0.771072
2079,0.715776
2080,0.579584
2081,0.858112
2082,0.888832
2083,0.889856
2084,0.921600
2085,0.902144
2086,0.883712
2087,0.974848
2088,0.846848
2089,0.909312
2090,0.910336
2091,0.915456
2092,0.927744
2093,0.826368
2094,0.885760
2095,0.943104
2096,0.905216
2097,0.949248
2098,0.873472
2099,0.890880
2100,0.903168
2101,0.933888
2102,0.889856
2103,0.919552
2104,0.888832
2105,0.913408
2106,0.933888
2107,0.907264
2108,0.930816
2109,0.876544
2110,0.864256
2111,0.870400
2112,0.829440
2113,0.863232
2114,0.936960
2115,0.909312
2116,0.921600
2117,0.926720
2118,0.911360
2119,0.842752
2120,0.892928
2121,0.925696
2122,0.910336
2123,0.901120
2124,0.867328
2125,0.879616
2126,0.880640
2127,0.912384
2128,0.910336
2129,0.946176
2130,0.954368
2131,0.901120
2132,0.945152
2133,0.912384
2134,0.888832
2135,0.915456
2136,0.937984
2137,0.886784
2138,0.920576
2139,0.913408
2140,0.843776
2141,1.010688
2142,0.973824
2143,0.894976
2144,0.897024
2145,0.745472
2146,0.688128
2147,0.947200
2148,0.910336
2149,0.896000
2150,0.949248
2151,0.890880
2152,0.889856
2153,0.891904
2154,0.870400
2155,0.825344
2156,0.831488
2157,0.931840
2158,0.886784
2159,0.932864
2160,0.887808
2161,0.911360
2162,0.933888
2163,0.886784
2164,0.907264
2165,0.915456
2166,0.914432
2167,0.885760
2168,0.957440
2169,0.923648
2170,0.961536
2171,0.903168
2172,0.951296
2173,0.927744
2174,0.930816
2175,0.941056
2176,0.897024
2177,0.948224
2178,0.890880
2179,0.905216
2180,0.935936
2181,0.866304
2182,0.878592
2183,0.918528
2184,0.935936
2185,0.891904
2186,0.909312
2187,0.909312
2188,0.906240
2189,0.885760
2190,0.917504
2191,0.837632
2192,0.914432
2193,0.941056
2194,0.920576
2195,0.894976
2196,0.913408
2197,0.899072
2198,0.913408
2199,0.918528
2200,0.869376
2201,0.946176
2202,0.887808
2203,0.914432
2204,0.871424
2205,0.867328
2206,0.906240
2207,0.874496
2208,0.873472
2209,0.784384
2210,0.738304
2211,0.689152
2212,0.583680
2213,0.533504
2214,0.466944
2215,0.152576
2216,0.149504
2217,0.148480
2218,0.149504
2219,0.145408
2220,0.145408
2221,0.145408
2222,0.145408
2223,0.145408
2224,0.145408
2225,0.145408
2226,0.858112
2227,0.932864
2228,0.955392
2229,0.876544
2230,0.881664
2231,0.948224
2232,0.937984
2233,0.893952
2234,0.876544
2235,0.866304
2236,1.135616
2237,0.870400
2238,0.973824
2239,0.898048
2240,0.901120
2241,0.867328
2242,0.858112
2243,0.919552
2244,0.933888
2245,0.920576
2246,0.951296
2247,0.940032
2248,0.902144
2249,0.865280
2250,0.928768
2251,0.910336
2252,0.866304
2253,0.924672
2254,0.885760
2255,0.874496
2256,0.856064
2257,0.872448
2258,0.913408
2259,0.896000
2260,0.826368
2261,1.013760
2262,1.001472
2263,0.795648
2264,0.893952
2265,0.909312
2266,0.875520
2267,0.896000
2268,0.935936
2269,0.848896
2270,0.879616
2271,0.923648
2272,0.933888
2273,0.915456
2274,0.910336
2275,0.923648
2276,0.904192
2277,0.967680
2278,0.899072
2279,0.928768
2280,0.917504
2281,0.951296
2282,0.899072
2283,0.913408
2284,0.891904
2285,0.922624
2286,0.887808
2287,0.914432
2288,0.889856
2289,0.893952
2290,0.833536
2291,0.604160
2292,0.476160
2293,0.424960
2294,0.351232
2295,0.304128
2296,0.294912
2297,0.274432
2298,0.267264
2299,0.269312
2300,0.178176
2301,0.153600
2302,0.154624
2303,0.157696
2304,0.158720
2305,0.155648
2306,0.797696
2307,0.929792
2308,0.896000
2309,0.926720
2310,0.889856
2311,0.940032
2312,0.912384
2313,0.919552
2314,0.912384
2315,0.910336
2316,0.940032
2317,0.921600
2318,0.925696
2319,0.904192
2320,0.885760
2321,0.858112
2322,0.912384
2323,0.883712
2324,0.872448
2325,0.920576
2326,0.937984
2327,0.869376
2328,0.869376
2329,0.866304
2330,0.779264
2331,0.880640
2332,0.909312
2333,0.882688
2334,0.926720
2335,0.917504
2336,0.868352
2337,0.926720
2338,0.957440
2339,0.920576
2340,0.923648
2341,0.857088
2342,0.954368
2343,0.827392
2344,0.997376
2345,0.908288
2346,0.931840
2347,0.952320
2348,0.932864
2349,0.875520
2350,0.885760
2351,0.890880
2352,0.890880
2353,0.931840
2354,0.911360
2355,0.875520
2356,0.892928
2357,0.919552
2358,0.912384
2359,0.882688
2360,0.852992
2361,0.899072
2362,0.908288
2363,0.944128
2364,0.919552
2365,0.912384
2366,0.957440
2367,0.900096
2368,0.950272
2369,0.921600
2370,0.921600
2371,0.496640
2372,0.271360
2373,0.187392
2374,0.177152
2375,0.183296
2376,0.185344
2377,0.190464
2378,0.182272
2379,0.181248
2380,0.175104
2381,0.182272
2382,0.184320
2383,0.173056
2384,0.182272
2385,0.177152
2386,0.172032
2387,0.178176
2388,0.889856
2389,0.885760
2390,0.912384
2391,0.891904
2392,0.864256
2393,0.902144
2394,0.982016
2395,0.955392
2396,0.911360
2397,0.898048
2398,0.977920
2399,0.891904
2400,0.917504
2401,0.932864
2402,0.888832
2403,0.950272
2404,0.887808
2405,0.894976
2406,0.912384
2407,0.926720
2408,0.857088
2409,0.880640
2410,0.887808
2411,0.870400
2412,0.907264
2413,0.847872
2414,0.869376
2415,0.861184
2416,0.871424
2417,0.873472
2418,0.880640
2419,0.858112
2420,0.856064
2421,0.868352
2422,0.900096
2423,0.903168
2424,0.921600
2425,0.901120
2426,0.950272
2427,0.904192
2428,0.939008
2429,0.900096
2430,0.925696
2431,0.891904
2432,0.875520
2433,0.891904
2434,0.952320
2435,0.926720
2436,0.910336
2437,0.917504
2438,0.925696
2439,0.882688
2440,0.911360
2441,0.905216
2442,0.915456
2443,0.923648
2444,0.896000
2445,0.908288
2446,0.946176
2447,0.689152
2448,0.903168
2449,0.920576
2450,0.925696
2451,0.946176
2452,0.827392
2453,0.622592
2454,0.470016
2455,0.252928
2456,0.227328
2457,0.220160
2458,0.202752
2459,0.201728
2460,0.210944
2461,0.203776
2462,0.203776
2463,0.196608
2464,0.208896
2465,0.190464
2466,0.202752
2467,0.182272
2468,0.919552
2469,0.918528
2470,0.909312
2471,0.921600
2472,0.950272
2473,0.924672
2474,0.928768
2475,0.924672
2476,0.886784
2477,0.887808
2478,0.935936
2479,0.892928
2480,0.889856
2481,0.857088
2482,0.913408
2483,0.860160
2484,0.965632
2485,0.863232
2486,0.882688
2487,0.873472
2488,0.923648
2489,0.880640
2490,0.886784
2491,0.992256
2492,0.918528
2493,0.918528
2494,0.899072
2495,0.876544
2496,0.890880
2497,0.928768
2498,0.866304
2499,0.849920
2500,0.857088
2501,0.903168
2502,0.879616
2503,0.945152
2504,0.893952
2505,0.875520
2506,0.888832
2507,0.886784
2508,0.943104
2509,0.901120
2510,0.890880
2511,0.951296
2512,0.908288
2513,0.882688
2514,0.888832
2515,0.847872
2516,0.872448
2517,0.975872
2518,0.974848
2519,0.650240
2520,0.896000
2521,0.865280
2522,0.890880
2523,0.916480
2524,0.864256
2525,0.881664
2526,0.872448
2527,0.923648
2528,0.927744
2529,0.897024
2530,0.954368
2531,0.890880
2532,0.591872
2533,0.561152
2534,0.561152
2535,0.875520
2536,0.903168
2537,0.949248
2538,0.966656
2539,0.942080
2540,0.886784
2541,0.923648
2542,0.901120
2543,0.913408
2544,0.905216
2545,0.863232
2546,0.939008
2547,0.921600
2548,0.892928
2549,0.951296
2550,0.906240
2551,0.911360
2552,0.907264
2553,0.909312
2554,0.881664
2555,0.936960
2556,0.965632
2557,0.914432
2558,0.850944
2559,0.939008
2560,0.932864
2561,0.898048
2562,0.919552
2563,0.917504
2564,0.908288
2565,0.941056
2566,0.899072
2567,0.888832
2568,0.959488
2569,0.909312
2570,0.946176
2571,0.924672
2572,0.939008
2573,0.872448
2574,0.953344
2575,0.922624
2576,0.944128
2577,0.923648
2578,0.879616
2579,0.885760
2580,0.950272
2581,0.904192
2582,0.955392
2583,0.893952
2584,0.942080
2585,1.000448
2586,0.918528
2587,0.947200
2588,0.965632
2589,0.885760
2590,0.944128
2591,0.932864
2592,0.936960
2593,0.935936
2594,0.932864
2595,0.950272
2596,0.908288
2597,0.917504
2598,0.633856
2599,0.891904
2600,0.956416
2601,0.970752
2602,0.898048
2603,0.966656
2604,0.923648
2605,0.924672
2606,0.933888
2607,0.888832
2608,0.885760
2609,0.846848
2610,0.869376
2611,0.874496
2612,0.846848
2613,0.868352
2614,0.931840
2615,0.932864
2616,0.915456
2617,0.912384
2618,0.964608
2619,0.872448
2620,0.907264
2621,0.901120
2622,0.927744
2623,0.866304
2624,0.890880
2625,0.957440
2626,0.951296
2627,0.905216
2628,0.947200
2629,0.833536
2630,0.960512
2631,0.934912
2632,0.881664
2633,0.868352
2634,0.856064
2635,0.886784
2636,0.859136
2637,0.882688
2638,0.915456
2639,0.920576
2640,0.902144
2641,0.887808
2642,0.896000
2643,0.946176
2644,0.892928
2645,0.944128
2646,0.935936
2647,0.913408
2648,0.887808
2649,0.904192
2650,0.912384
2651,0.911360
2652,0.918528
2653,0.876544
2654,0.870400
2655,0.875520
2656,0.847872
2657,0.879616
2658,0.889856
2659,0.857088
2660,0.881664
2661,0.910336
2662,0.965632
2663,0.880640
2664,0.533504
2665,0.330752
2666,0.230400
2667,0.247808
2668,0.757760
2669,0.894976
2670,0.966656
2671,0.928768
2672,0.907264
2673,0.923648
2674,0.921600
2675,0.931840
2676,0.913408
2677,0.914432
2678,0.907264
2679,0.973824
2680,0.915456
2681,0.907264
2682,0.898048
2683,0.912384
2684,0.928768
2685,0.893952
2686,0.864256
2687,0.909312
2688,0.943104
2689,0.897024
2690,0.916480
2691,0.908288
2692,0.884736
2693,0.937984
2694,0.865280
2695,0.908288
2696,0.897024
2697,0.927744
2698,0.911360
2699,0.886784
2700,0.944128
2701,0.924672
2702,0.926720
2703,0.930816
2704,0.891904
2705,0.913408
2706,0.905216
2707,0.923648
2708,0.903168
2709,0.896000
2710,0.807936
2711,0.807936
2712,0.875520
2713,0.877568
2714,0.954368
2715,0.877568
2716,0.934912
2717,0.964608
2718,0.912384
2719,0.926720
2720,0.800768
2721,0.911360
2722,0.916480
2723,0.962560
2724,0.935936
2725,0.978944
2726,0.975872
2727,0.876544
2728,0.937984
2729,0.906240
2730,0.907264
2731,0.908288
2732,0.787456
2733,0.596992
2734,0.473088
2735,0.441344
2736,0.323584
2737,0.228352
2738,0.233472
2739,0.228352
2740,0.197632
2741,0.877568
2742,0.937984
2743,0.898048
2744,0.917504
2745,0.914432
2746,0.916480
2747,0.926720
2748,0.883712
2749,0.887808
2750,0.914432
2751,0.868352
2752,0.870400
2753,0.894976
2754,0.941056
2755,0.907264
2756,0.963584
2757,0.920576
2758,0.927744
2759,0.933888
2760,0.925696
2761,0.884736
2762,0.917504
2763,0.909312
2764,0.865280
2765,0.919552
2766,0.926720
2767,0.882688
2768,0.926720
2769,0.897024
2770,0.905216
2771,0.886784
2772,0.898048
2773,0.890880
2774,0.931840
2775,0.957440
2776,0.973824
2777,0.963584
2778,0.920576
2779,0.921600
2780,0.956416
2781,0.929792
2782,0.906240
2783,0.929792
2784,0.933888
2785,0.919552
2786,0.965632
2787,0.916480
2788,0.891904
2789,0.923648
2790,0.901120
2791,0.961536
2792,0.445440
2793,0.842752
2794,0.916480
2795,0.925696
2796,0.919552
2797,0.932864
2798,0.931840
2799,0.919552
2800,0.928768
2801,0.903168
2802,0.896000
2803,0.963584
2804,0.914432
2805,0.857088
2806,0.627712
2807,0.372736
2808,0.324608
2809,0.293888
2810,0.302080
2811,0.295936
2812,0.812032
2813,0.903168
2814,0.923648
2815,0.868352
2816,0.909312
2817,0.937984
2818,0.863232
2819,0.946176
2820,0.918528
2821,0.925696
2822,0.890880
2823,0.903168
2824,0.913408
2825,0.914432
2826,0.917504
2827,0.934912
2828,0.905216
2829,0.897024
2830,0.899072
2831,0.914432
2832,0.882688
2833,0.881664
2834,0.930816
2835,0.889856
2836,0.854016
2837,0.828416
2838,0.880640
2839,0.874496
2840,0.866304
2841,0.897024
2842,0.877568
2843,0.912384
2844,0.930816
2845,0.925696
2846,0.936960
2847,0.924672
2848,0.929792
2849,0.905216
2850,0.920576
2851,0.931840
2852,0.949248
2853,0.921600
2854,0.918528
2855,0.909312
2856,0.918528
2857,0.956416
2858,0.944128
2859,0.911360
2860,0.960512
2861,0.952320
2862,0.927744
2863,0.931840
2864,0.956416
2865,0.929792
2866,0.933888
2867,0.908288
2868,0.929792
2869,0.866304
2870,0.920576
2871,0.899072
2872,0.915456
2873,0.883712
2874,0.937984
2875,0.887808
2876,0.798720
2877,0.484352
2878,0.314368
2879,0.256000
2880,0.250880
2881,0.253952
2882,0.240640
2883,0.182272
2884,0.181248
2885,0.174080
2886,0.175104
2887,0.178176
2888,0.178176
2889,0.168960
2890,0.178176
2891,0.175104
2892,0.174080
2893,0.172032
2894,0.888832
2895,0.903168
2896,0.898048
2897,0.912384
2898,0.937984
2899,0.910336
2900,0.866304
2901,0.929792
2902,0.913408
2903,0.924672
2904,0.969728
2905,0.863232
2906,0.934912
2907,0.846848
2908,0.904192
2909,0.908288
2910,0.880640
2911,0.913408
2912,0.907264
2913,0.916480
2914,0.875520
2915,0.929792
2916,0.958464
2917,0.901120
2918,0.904192
2919,0.940032
2920,0.898048
2921,0.946176
2922,0.916480
2923,0.911360
2924,0.890880
2925,0.973824
2926,0.933888
2927,0.915456
2928,0.911360
2929,0.925696
2930,0.923648
2931,0.944128
2932,0.917504
2933,0.898048
2934,0.929792
2935,0.923648
2936,0.948224
2937,0.963584
2938,0.910336
2939,0.936960
2940,0.928768
2941,0.967680
2942,0.913408
2943,0.937984
2944,0.952320
2945,0.926720
2946,0.953344
2947,0.906240
2948,0.882688
2949,0.906240
2950,0.937984
2951,0.914432
2952,0.908288
2953,0.924672
2954,0.978944
2955,0.949248
2956,0.918528
2957,0.815104
2958,0.702464
2959,0.569344
2960,0.858112
2961,0.848896
2962,0.948224
2963,0.930816
2964,0.913408
2965,0.969728
2966,0.899072
2967,0.951296
2968,0.916480
2969,0.889856
2970,0.892928
2971,0.920576
2972,0.902144
2973,0.893952
2974,0.952320
2975,0.885760
2976,0.904192
2977,0.882688
2978,0.916480
2979,0.834560
2980,0.900096
2981,0.897024
2982,0.891904
2983,0.901120
2984,0.911360
2985,0.923648
2986,0.924672
2987,0.908288
2988,0.904192
2989,0.910336
2990,0.900096
2991,0.907264
2992,0.877568
2993,0.911360
2994,0.886784
2995,0.918528
2996,0.882688
2997,0.913408
2998,0.867328
2999,0.908288
3000,0.945152
3001,0.860160
3002,0.960512
3003,0.891904
3004,0.946176
3005,0.916480
3006,0.886784
3007,0.925696
3008,0.897024
3009,0.892928
3010,0.907264
3011,0.927744
3012,0.880640
3013,0.836608
3014,0.904192
3015,0.841728
3016,0.874496
3017,0.934912
3018,0.900096
3019,0.916480
3020,0.902144
3021,0.915456
3022,0.907264
3023,0.875520
3024,0.809984
3025,0.739328
3026,0.599040
3027,0.479232
3028,0.769024
3029,0.913408
3030,0.888832
3031,0.941056
3032,0.893952
3033,0.953344
3034,0.908288
3035,0.875520
3036,0.903168
3037,0.898048
3038,0.903168
3039,0.887808
3040,0.896000
3041,0.940032
3042,0.906240
3043,0.856064
3044,0.818176
3045,0.842752
3046,0.887808
3047,0.887808
3048,0.885760
3049,0.973824
3050,0.808960
3051,0.546816
3052,0.928768
3053,0.877568
3054,0.912384
3055,0.916480
3056,0.903168
3057,0.910336
3058,0.921600
3059,0.890880
3060,0.907264
3061,0.907264
3062,0.954368
3063,0.882688
3064,0.897024
3065,0.883712
3066,0.929792
3067,0.877568
3068,0.889856
3069,0.872448
3070,0.921600
3071,0.952320
3072,0.935936
3073,0.926720
3074,0.926720
3075,0.913408
3076,0.922624
3077,0.930816
3078,0.920576
3079,0.937984
3080,0.899072
3081,0.900096
3082,0.971776
3083,0.941056
3084,0.969728
3085,0.998400
3086,0.885760
3087,0.929792
3088,0.913408
3089,0.888832
3090,0.917504
3091,0.910336
3092,0.806912
3093,0.640000
3094,0.533504
3095,0.455680
3096,0.374784
3097,0.805888
3098,0.914432
3099,0.881664
3100,0.909312
3101,0.919552
3102,0.903168
3103,0.897024
3104,0.916480
3105,0.955392
3106,0.898048
3107,0.929792
3108,0.851968
3109,0.922624
3110,0.937984
3111,0.881664
3112,0.880640
3113,0.937984
3114,0.870400
3115,0.896000
3116,0.919552
3117,0.879616
3118,0.874496
3119,0.868352
3120,0.848896
3121,0.903168
3122,0.885760
3123,0.872448
3124,0.922624
3125,0.947200
3126,0.904192
3127,0.930816
3128,0.929792
3129,0.873472
3130,0.928768
3131,0.905216
3132,0.888832
3133,0.882688
3134,0.924672
3135,0.892928
3136,0.934912
3137,0.942080
3138,0.892928
3139,0.841728
3140,0.899072
3141,0.963584
3142,0.898048
3143,0.958464
3144,0.887808
3145,0.944128
3146,0.871424
3147,0.916480
3148,0.953344
3149,0.933888
3150,0.897024
3151,0.921600
3152,0.947200
3153,0.931840
3154,0.897024
3155,0.942080
3156,0.622592
3157,0.947200
3158,0.901120
3159,0.947200
3160,0.897024
3161,0.908288
3162,0.609280
3163,0.475136
3164,0.376832
3165,0.302080
3166,0.302080
3167,0.239616
3168,0.215040
3169,0.229376
3170,0.225280
3171,0.197632
3172,0.174080
3173,0.168960
3174,0.175104
3175,0.172032
3176,0.166912
3177,0.804864
3178,0.902144
3179,0.926720
3180,0.915456
3181,0.924672
3182,0.922624
3183,0.911360
3184,0.908288
3185,0.932864
3186,0.896000
3187,0.951296
3188,0.921600
3189,0.943104
3190,0.929792
3191,0.923648
3192,0.919552
3193,0.931840
3194,0.920576
3195,0.935936
3196,0.945152
3197,0.898048
3198,0.916480
3199,0.880640
3200,0.919552
3201,0.894976
3202,0.944128
3203,0.901120
3204,0.793600
3205,0.826368
3206,0.940032
3207,0.887808
3208,0.902144
3209,0.858112
3210,0.907264
3211,0.891904
3212,0.927744
3213,0.892928
3214,0.970752
3215,0.897024
3216,0.889856
3217,0.917504
3218,0.909312
3219,0.946176
3220,0.923648
3221,0.944128
3222,0.929792
3223,0.905216
3224,0.940032
3225,0.896000
3226,0.943104
3227,0.971776
3228,0.891904
3229,0.952320
3230,0.924672
3231,0.931840
3232,0.887808
3233,0.898048
3234,0.926720
3235,0.919552
3236,0.923648
3237,0.926720
3238,0.915456
3239,0.980992
3240,0.838656
3241,0.847872
3242,0.598016
3243,0.476160
3244,0.404480
3245,0.338944
3246,0.325632
3247,0.340992
3248,0.327680
3249,0.199680
3250,0.181248
3251,0.188416
3252,0.182272
3253,0.806912
3254,0.912384
3255,0.945152
3256,0.894976
3257,0.887808
3258,0.928768
3259,0.876544
3260,0.912384
3261,0.891904
3262,0.919552
3263,0.879616
3264,0.913408
3265,0.906240
3266,0.924672
3267,0.925696
3268,0.931840
3269,0.935936
3270,0.868352
3271,0.844800
3272,0.881664
3273,0.873472
3274,0.874496
3275,0.852992
3276,0.849920
3277,0.945152
3278,0.881664
3279,0.884736
3280,0.942080
3281,0.903168
3282,0.894976
3283,0.913408
3284,0.946176
3285,0.940032
3286,0.865280
3287,0.887808
3288,0.930816
3289,0.892928
3290,0.903168
3291,0.924672
3292,0.909312
3293,0.884736
3294,0.856064
3295,0.892928
3296,0.929792
3297,0.866304
3298,0.916480
3299,0.892928
3300,0.899072
3301,0.911360
3302,0.901120
3303,0.936960
3304,0.903168
3305,0.872448
3306,0.923648
3307,0.878592
3308,0.902144
3309,0.894976
3310,0.943104
3311,0.931840
3312,0.916480
3313,0.907264
3314,0.908288
3315,0.935936
3316,0.913408
3317,0.867328
3318,0.740352
3319,0.856064
3320,0.900096
3321,0.948224
3322,0.787456
3323,0.912384
3324,0.909312
3325,1.027072
3326,0.678912
3327,0.896000
3328,0.889856
3329,0.845824
3330,0.840704
3331,0.851968
3332,0.892928
3333,0.940032
3334,0.910336
3335,0.894976
3336,0.933888
3337,0.962560
3338,0.866304
3339,0.918528
3340,0.921600
3341,0.885760
3342,0.910336
3343,0.921600
3344,0.880640
3345,0.930816
3346,0.902144
3347,0.883712
3348,1.043456
3349,0.926720
3350,0.777216
3351,0.918528
3352,0.883712
3353,0.896000
3354,0.910336
3355,0.870400
3356,0.892928
3357,0.899072
3358,0.877568
3359,0.809984
3360,0.869376
3361,0.897024
3362,0.887808
3363,0.939008
3364,0.913408
3365,0.893952
3366,0.882688
3367,0.914432
3368,0.921600
3369,0.907264
3370,0.915456
3371,0.892928
3372,0.921600
3373,0.911360
3374,0.889856
3375,0.868352
3376,0.940032
3377,0.893952
3378,0.929792
3379,0.934912
3380,0.948224
3381,0.932864
3382,0.887808
3383,0.892928
3384,0.778240
3385,0.561152
3386,0.741376
3387,0.925696
3388,0.947200
3389,0.871424
3390,0.889856
3391,0.919552
3392,0.905216
3393,0.815104
3394,0.922624
3395,0.844800
3396,0.851968
3397,0.848896
3398,0.902144
3399,0.874496
3400,0.915456
3401,0.891904
3402,0.881664
3403,0.868352
3404,0.922624
3405,0.902144
3406,0.873472
3407,0.892928
3408,0.952320
3409,0.892928
3410,0.934912
3411,0.941056
3412,0.926720
3413,0.935936
3414,0.941056
3415,0.878592
3416,0.898048
3417,0.893952
3418,0.844800
3419,0.870400
3420,0.930816
3421,0.901120
3422,0.924672
3423,0.898048
3424,0.910336
3425,0.865280
3426,0.887808
3427,0.947200
3428,0.899072
3429,0.951296
3430,0.899072
3431,0.934912
3432,0.888832
3433,0.888832
3434,0.896000
3435,0.930816
3436,0.905216
3437,0.965632
3438,0.876544
3439,0.940032
3440,0.942080
3441,0.952320
3442,1.078272
3443,0.680960
3444,0.524288
3445,0.913408
3446,0.930816
3447,0.898048
3448,0.918528
3449,0.903168
3450,0.923648
3451,0.769024
3452,0.608256
3453,0.758784
3454,0.885760
3455,0.908288
3456,0.901120
3457,0.931840
3458,0.941056
3459,0.937984
3460,0.915456
3461,0.922624
3462,0.932864
3463,0.903168
3464,0.904192
3465,0.903168
3466,0.928768
3467,0.956416
3468,0.911360
3469,0.881664
3470,0.934912
3471,0.886784
3472,0.957440
3473,0.841728
3474,0.863232
3475,0.890880
3476,0.897024
3477,0.892928
3478,0.872448
3479,0.868352
3480,0.974848
3481,0.931840
3482,0.863232
3483,0.915456
3484,0.917504
3485,0.885760
3486,0.872448
3487,0.950272
3488,0.901120
3489,0.886784
3490,0.882688
3491,0.882688
3492,0.930816
3493,0.905216
3494,0.891904
3495,0.926720
3496,0.877568
3497,0.904192
3498,0.912384
3499,0.931840
3500,0.868352
3501,0.899072
3502,0.927744
3503,0.881664
3504,0.905216
3505,0.836608
3506,0.862208
3507,0.918528
3508,0.838656
3509,0.923648
3510,0.978944
3511,0.999424
3512,0.851968
3513,0.830464
3514,0.962560
3515,0.930816
3516,0.921600
3517,0.934912
3518,0.893952
3519,0.712704
3520,0.898048
3521,0.937984
3522,0.920576
3523,0.885760
3524,0.922624
3525,0.923648
3526,0.903168
3527,0.854016
3528,0.830464
3529,0.870400
3530,0.891904
3531,0.887808
3532,0.911360
3533,0.949248
3534,0.933888
3535,0.906240
3536,0.826368
3537,0.897024
3538,0.908288
3539,0.875520
3540,0.901120
3541,0.883712
3542,0.918528
3543,0.917504
3544,0.877568
3545,0.899072
3546,0.900096
3547,0.890880
3548,0.922624
3549,0.865280
3550,0.914432
3551,0.892928
3552,0.922624
3553,0.843776
3554,0.901120
3555,0.876544
3556,0.924672
3557,0.885760
3558,0.882688
3559,0.893952
3560,0.891904
3561,0.925696
3562,0.900096
3563,0.915456
3564,0.850944
3565,0.909312
3566,0.879616
3567,0.962560
3568,0.878592
3569,0.885760
3570,0.907264
3571,0.915456
3572,0.978944
3573,0.893952
3574,0.901120
3575,0.931840
3576,0.912384
3577,0.873472
3578,0.961536
3579,0.880640
3580,0.901120
3581,0.872448
3582,0.963584
3583,0.907264
3584,0.759808
3585,0.736256
3586,0.998400
3587,0.754688
3588,0.943104
3589,0.867328
3590,0.890880
3591,0.956416
3592,0.909312
3593,0.916480
3594,0.867328
3595,0.873472
3596,0.907264
3597,0.924672
3598,0.919552
3599,0.909312
3600,0.865280
3601,0.899072
3602,0.926720
3603,0.908288
3604,0.935936
3605,0.881664
3606,0.902144
3607,0.932864
3608,0.907264
3609,0.922624
3610,0.943104
3611,0.886784
3612,0.914432
3613,0.900096
3614,0.924672
3615,0.912384
3616,0.931840
3617,0.919552
3618,0.952320
3619,0.891904
3620,0.926720
3621,0.855040
3622,0.961536
3623,0.869376
3624,0.868352
3625,0.901120
3626,0.860160
3627,0.887808
3628,0.903168
3629,0.906240
3630,0.917504
3631,0.911360
3632,0.909312
3633,0.922624
3634,0.897024
3635,0.884736
3636,0.859136
3637,0.925696
3638,0.885760
3639,0.931840
3640,0.907264
3641,0.941056
3642,0.942080
3643,0.890880
3644,0.873472
3645,0.917504
3646,0.909312
3647,0.924672
3648,0.875520
3649,0.832512
3650,0.776192
3651,0.864256
3652,0.405504
3653,0.919552
3654,0.882688
3655,0.887808
3656,1.006592
3657,0.867328
3658,0.929792
3659,0.937984
3660,0.916480
3661,0.885760
3662,0.893952
3663,0.898048
3664,0.924672
3665,0.948224
3666,0.909312
3667,0.892928
3668,0.917504
3669,0.884736
3670,0.879616
3671,0.880640
3672,0.885760
3673,0.943104
3674,0.868352
3675,0.907264
3676,0.860160
3677,0.864256
3678,0.839680
3679,0.884736
3680,0.884736
3681,0.907264
3682,0.936960
3683,0.860160
3684,0.928768
3685,0.893952
3686,0.892928
3687,0.937984
3688,0.898048
3689,0.910336
3690,0.943104
3691,0.869376
3692,0.923648
3693,0.916480
3694,0.936960
3695,0.899072
3696,0.921600
3697,0.857088
3698,0.923648
3699,0.912384
3700,0.912384
3701,0.876544
3702,0.891904
3703,0.928768
3704,0.866304
3705,0.883712
3706,0.904192
3707,0.873472
3708,0.886784
3709,0.901120
3710,0.861184
3711,0.912384
3712,0.931840
3713,0.833536
3714,0.784384
3715,0.841728
3716,0.717824
3717,0.655360
3718,0.428032
3719,0.876544
3720,0.966656
3721,0.894976
3722,0.885760
3723,0.907264
3724,0.927744
3725,0.924672
3726,0.947200
3727,0.959488
3728,0.923648
3729,0.930816
3730,0.882688
3731,0.916480
3732,0.961536
3733,0.905216
3734,0.926720
3735,0.884736
3736,0.954368
3737,0.867328
3738,0.882688
3739,0.928768
3740,0.882688
3741,0.944128
3742,0.913408
3743,0.889856
3744,0.912384
3745,0.891904
3746,0.887808
3747,0.904192
3748,0.881664
3749,0.864256
3750,0.900096
3751,0.887808
3752,0.861184
3753,0.930816
3754,0.941056
3755,0.880640
3756,0.861184
3757,0.929792
3758,0.923648
3759,0.899072
3760,0.908288
3761,0.912384
3762,0.917504
3763,0.911360
3764,0.908288
3765,0.921600
3766,0.911360
3767,0.898048
3768,0.963584
3769,0.884736
3770,0.925696
3771,0.874496
3772,0.949248
3773,0.894976
3774,0.879616
3775,0.898048
3776,0.990208
3777,0.883712
3778,0.942080
3779,0.935936
3780,0.942080
3781,0.947200
3782,0.825344
3783,0.685056
3784,0.834560
3785,0.845824
3786,0.897024
3787,0.934912
3788,0.893952
3789,0.894976
3790,0.887808
3791,0.919552
3792,0.945152
3793,0.919552
3794,0.882688
3795,0.885760
3796,0.917504
3797,0.916480
3798,0.932864
3799,0.872448
3800,0.883712
3801,0.898048
3802,0.912384
3803,0.960512
3804,0.859136
3805,0.854016
3806,0.882688
3807,0.899072
3808,0.886784
3809,0.905216
3810,0.909312
3811,0.905216
3812,0.909312
3813,0.963584
3814,0.904192
3815,0.888832
3816,0.869376
3817,0.936960
3818,0.927744
3819,0.939008
3820,0.844800
3821,0.947200
3822,0.909312
3823,0.960512
3824,0.953344
3825,0.894976
3826,0.914432
3827,0.909312
3828,0.918528
3829,0.922624
3830,0.904192
3831,0.901120
3832,0.882688
3833,0.798720
3834,0.867328
3835,0.905216
3836,0.869376
3837,0.857088
3838,0.897024
3839,0.905216
3840,0.866304
3841,0.933888
3842,0.897024
3843,0.927744
3844,0.940032
3845,0.898048
3846,0.935936
3847,0.929792
3848,0.798720
3849,0.723968
3850,0.918528
3851,0.860160
3852,0.930816
3853,0.887808
3854,0.955392
3855,0.904192
3856,0.946176
3857,0.899072
3858,0.918528
3859,0.887808
3860,0.928768
3861,0.896000
3862,0.940032
3863,0.890880
3864,0.921600
3865,0.870400
3866,0.904192
3867,0.828416
3868,0.913408
3869,0.818176
3870,0.920576
3871,0.916480
3872,0.879616
3873,0.856064
3874,0.921600
3875,0.896000
3876,0.950272
3877,0.945152
3878,0.921600
3879,0.937984
3880,0.936960
3881,0.882688
3882,0.952320
3883,0.879616
3884,0.897024
3885,0.924672
3886,0.877568
3887,0.902144
3888,0.926720
3889,0.893952
3890,0.902144
3891,0.884736
3892,0.936960
3893,0.904192
3894,0.877568
3895,0.923648
3896,0.933888
3897,0.932864
3898,0.919552
3899,0.912384
3900,0.903168
3901,0.905216
3902,0.972800
3903,0.939008
3904,0.866304
3905,0.932864
3906,0.955392
3907,0.912384
3908,0.904192
3909,0.937984
3910,0.891904
3911,0.961536
3912,0.963584
3913,0.758784
3914,0.604160
3915,0.524288
3916,0.351232
3917,0.367616
3918,0.733184
3919,0.907264
3920,0.912384
3921,0.913408
3922,0.909312
3923,0.955392
3924,0.937984
3925,0.923648
3926,0.912384
3927,0.941056
3928,0.964608
3929,0.885760
3930,0.952320
3931,0.907264
3932,0.910336
3933,0.941056
3934,0.984064
3935,0.913408
3936,0.917504
3937,0.904192
3938,0.945152
3939,0.923648
3940,0.949248
3941,0.904192
3942,0.903168
3943,0.918528
3944,0.953344
3945,0.921600
3946,0.897024
3947,0.944128
3948,0.906240
3949,0.916480
3950,0.904192
3951,0.811008
3952,0.863232
3953,0.844800
3954,0.928768
3955,0.897024
3956,0.914432
3957,0.907264
3958,0.932864
3959,0.954368
3960,0.979968
3961,0.915456
3962,0.913408
3963,0.936960
3964,0.919552
3965,0.920576
3966,0.910336
3967,0.941056
3968,0.917504
3969,0.857088
3970,0.902144
3971,0.915456
3972,0.892928
3973,0.912384
3974,0.882688
3975,0.935936
3976,0.903168
3977,0.893952
3978,0.890880
3979,0.925696
3980,0.874496
3981,0.902144
3982,0.852992
3983,0.651264
3984,0.507904
3985,0.233472
3986,0.222208
3987,0.203776
3988,0.737280
3989,0.951296
3990,0.923648
3991,0.887808
3992,0.925696
3993,0.925696
3994,0.916480
3995,0.904192
3996,0.870400
3997,0.965632
3998,0.921600
3999,0.892928
4000,0.932864
4001,0.911360
4002,0.958464
4003,0.909312
4004,0.873472
4005,0.949248
4006,0.930816
4007,0.905216
4008,0.848896
4009,0.915456
4010,0.922624
4011,0.911360
4012,0.922624
4013,0.887808
4014,0.931840
4015,0.912384
4016,0.901120
4017,0.910336
4018,0.957440
4019,0.885760
4020,0.890880
4021,0.913408
4022,0.846848
4023,0.822272
4024,0.877568
4025,0.892928
4026,0.882688
4027,0.920576
4028,0.949248
4029,0.911360
4030,0.897024
4031,0.925696
4032,0.923648
4033,0.885760
4034,0.931840
4035,0.919552
4036,0.944128
4037,0.916480
4038,0.958464
4039,0.947200
4040,0.935936
4041,0.917504
4042,0.937984
4043,0.927744
4044,0.951296
4045,0.917504
4046,0.839680
4047,0.961536
4048,0.968704
4049,0.881664
4050,0.957440
4051,0.949248
4052,0.799744
4053,0.620544
4054,0.572416
4055,0.208896
4056,0.193536
4057,0.199680
4058,0.185344
4059,0.187392
4060,0.188416
4061,0.188416
4062,0.185344
4063,0.167936
4064,0.172032
4065,0.173056
4066,0.168960
4067,0.171008
4068,0.167936
4069,0.155648
4070,0.153600
4071,0.153600
4072,0.149504
4073,0.150528
4074,0.148480
4075,0.869376
4076,0.912384
4077,0.908288
4078,0.892928
4079,0.900096
4080,0.953344
4081,0.909312
4082,0.899072
4083,0.973824
4084,0.907264
4085,0.894976
4086,0.913408
4087,0.879616
4088,0.916480
4089,0.958464
4090,0.848896
4091,0.900096
4092,0.934912
4093,0.899072
4094,0.909312
4095,0.982016
4096,0.929792
4097,0.913408
4098,0.892928
4099,0.927744
4100,0.908288
4101,0.858112
4102,0.903168
4103,0.922624
4104,0.910336
4105,0.906240
4106,0.921600
4107,0.847872
4108,0.867328
4109,0.893952
4110,0.917504
4111,0.885760
4112,0.951296
4113,0.885760
4114,0.932864
4115,0.955392
4116,0.918528
4117,0.918528
4118,0.931840
4119,0.908288
4120,0.924672
4121,0.909312
4122,0.844800
4123,0.935936
4124,0.862208
4125,0.955392
4126,0.909312
4127,0.902144
4128,0.947200
4129,0.913408
4130,0.899072
4131,0.968704
4132,0.893952
4133,0.932864
4134,0.908288
4135,0.872448
4136,0.913408
4137,0.877568
4138,0.878592
4139,0.405504
4140,0.358400
4141,0.258048
4142,0.223232
4143,0.215040
4144,0.214016
4145,0.238592
4146,0.214016
4147,0.234496
4148,0.224256
4149,0.231424
4150,0.218112
4151,0.224256
4152,0.230400
4153,0.189440
4154,0.189440
4155,0.185344
4156,0.189440
4157,0.188416
4158,0.169984
4159,0.167936
4160,0.165888
4161,0.163840
4162,0.172032
4163,0.166912
4164,0.862208
4165,1.090560
4166,1.032192
4167,0.769024
4168,0.912384
4169,0.913408
4170,0.889856
4171,0.858112
4172,0.907264
4173,0.920576
4174,0.909312
4175,0.870400
4176,0.907264
4177,0.872448
4178,0.862208
4179,0.864256
4180,0.874496
4181,0.909312
4182,0.889856
4183,0.924672
4184,0.914432
4185,0.943104
4186,0.865280
4187,0.920576
4188,0.878592
4189,0.943104
4190,0.866304
4191,0.932864
4192,0.939008
4193,0.877568
4194,0.905216
4195,0.921600
4196,0.885760
4197,0.901120
4198,0.990208
4199,0.891904
4200,0.928768
4201,0.913408
4202,0.924672
4203,0.941056
4204,0.913408
4205,0.927744
4206,0.919552
4207,0.946176
4208,0.952320
4209,0.898048
4210,0.835584
4211,0.925696
4212,0.950272
4213,0.947200
4214,0.944128
4215,0.908288
4216,0.913408
4217,0.907264
4218,0.935936
4219,0.921600
4220,0.947200
4221,0.935936
4222,0.902144
4223,0.894976
4224,0.858112
4225,0.836608
4226,0.817152
4227,0.553984
4228,0.865280
4229,0.922624
4230,0.923648
4231,0.821248
4232,0.811008
4233,0.876544
4234,0.836608
4235,0.923648
4236,0.866304
4237,0.924672
4238,0.880640
4239,0.922624
4240,0.934912
4241,0.959488
4242,0.945152
4243,0.896000
4244,0.929792
4245,0.907264
4246,0.954368
4247,0.902144
4248,0.901120
4249,0.922624
4250,0.908288
4251,0.919552
4252,0.909312
4253,0.904192
4254,0.926720
4255,0.878592
4256,0.882688
4257,0.879616
4258,0.967680
4259,0.894976
4260,0.920576
4261,0.941056
4262,0.911360
4263,0.900096
4264,0.911360
4265,0.923648
4266,0.855040
4267,0.931840
4268,0.909312
4269,0.968704
4270,0.953344
4271,0.887808
4272,0.941056
4273,0.897024
4274,0.902144
4275,0.891904
4276,0.924672
4277,0.925696
4278,0.884736
4279,0.899072
4280,0.901120
4281,0.905216
4282,0.894976
4283,0.877568
4284,0.864256
4285,0.927744
4286,0.918528
4287,0.923648
4288,0.944128
4289,0.898048
4290,0.902144
4291,0.804864
4292,0.539648
4293,0.519168
4294,0.451584
4295,0.465920
4296,0.364544
4297,0.356352
4298,0.175104
4299,0.178176
4300,0.174080
4301,0.173056
4302,0.171008
4303,0.168960
4304,0.166912
4305,0.164864
4306,0.167936
4307,0.166912
4308,0.160768
4309,0.937984
4310,0.883712
4311,0.916480
4312,0.911360
4313,0.898048
4314,0.900096
4315,0.948224
4316,0.908288
4317,0.898048
4318,0.901120
4319,0.922624
4320,0.893952
4321,0.880640
4322,0.881664
4323,0.902144
4324,0.884736
4325,0.861184
4326,0.931840
4327,0.880640
4328,0.896000
4329,0.870400
4330,0.933888
4331,0.888832
4332,0.966656
4333,0.875520
4334,0.865280
4335,0.893952
4336,0.934912
4337,0.941056
4338,0.910336
4339,0.910336
4340,0.902144
4341,0.915456
4342,0.916480
4343,0.897024
4344,0.855040
4345,0.870400
4346,0.918528
4347,0.894976
4348,0.908288
4349,0.896000
4350,0.900096
4351,0.904192
4352,0.892928
4353,0.899072
4354,0.960512
4355,0.890880
4356,1.036288
4357,0.847872
4358,0.956416
4359,0.944128
4360,0.897024
4361,0.914432
4362,0.878592
4363,0.955392
4364,0.947200
4365,0.973824
4366,0.971776
4367,0.915456
4368,0.917504
4369,0.956416
4370,0.868352
4371,0.909312
4372,0.890880
4373,0.711680
4374,0.519168
4375,0.387072
4376,0.323584
4377,0.321536
4378,0.332800
4379,0.336896
4380,0.314368
4381,0.348160
4382,0.332800
4383,0.181248
4384,0.166912
4385,0.159744
4386,0.161792
4387,0.160768
4388,0.152576
4389,0.849920
4390,0.876544
4391,0.953344
4392,0.951296
4393,0.914432
4394,0.878592
4395,0.903168
4396,0.862208
4397,0.939008
4398,0.869376
4399,0.897024
4400,0.896000
4401,0.898048
4402,0.945152
4403,0.936960
4404,0.861184
4405,0.914432
4406,0.927744
4407,0.941056
4408,0.884736
4409,0.897024
4410,0.931840
4411,0.927744
4412,0.936960
4413,0.893952
4414,0.874496
4415,0.892928
4416,0.928768
4417,0.927744
4418,0.888832
4419,0.967680
4420,0.916480
4421,0.926720
4422,0.901120
4423,0.901120
4424,0.927744
4425,0.891904
4426,0.879616
4427,0.847872
4428,0.855040
4429,0.875520
4430,0.858112
4431,0.879616
4432,0.892928
4433,0.909312
4434,0.884736
4435,0.930816
4436,0.954368
4437,0.864256
4438,0.904192
4439,0.945152
4440,0.907264
4441,0.894976
4442,0.923648
4443,0.903168
4444,0.911360
4445,0.913408
4446,0.926720
4447,0.936960
4448,0.896000
4449,0.870400
4450,0.919552
4451,0.944128
4452,0.893952
4453,0.690176
4454,0.626688
4455,0.492544
4456,0.395264
4457,0.381952
4458,0.755712
4459,0.916480
4460,0.947200
4461,0.908288
4462,0.956416
4463,0.907264
4464,0.911360
4465,0.927744
4466,0.891904
4467,0.893952
4468,0.931840
4469,0.890880
4470,0.903168
4471,0.924672
4472,0.877568
4473,0.911360
4474,0.950272
4475,0.937984
4476,0.907264
4477,0.950272
4478,0.907264
4479,0.906240
4480,0.913408
4481,0.912384
4482,0.908288
4483,0.884736
4484,0.842752
4485,0.851968
4486,0.873472
4487,0.900096
4488,0.891904
4489,0.858112
4490,0.912384
4491,0.935936
4492,0.905216
4493,0.906240
4494,0.902144
4495,0.907264
4496,0.903168
4497,0.900096
4498,1.057792
4499,0.860160
4500,0.964608
4501,0.916480
4502,0.897024
4503,0.861184
4504,0.942080
4505,0.929792
4506,0.947200
4507,0.890880
4508,0.859136
4509,0.983040
4510,0.921600
4511,0.926720
4512,0.928768
4513,0.931840
4514,0.883712
4515,0.940032
4516,0.921600
4517,0.940032
4518,0.911360
4519,0.896000
4520,0.934912
4521,0.958464
4522,0.670720
4523,0.533504
4524,0.500736
4525,0.432128
4526,0.413696
4527,0.438272
4528,0.412672
4529,0.312320
4530,0.181248
4531,0.181248
4532,0.182272
4533,0.181248
4534,0.932864
4535,0.901120
4536,0.932864
4537,0.886784
4538,0.908288
4539,0.888832
4540,0.940032
4541,0.922624
4542,0.873472
4543,0.899072
4544,0.886784
4545,0.939008
4546,0.890880
4547,0.903168
4548,0.905216
4549,0.857088
4550,0.893952
4551,0.940032
4552,0.875520
4553,0.894976
4554,0.892928
4555,0.893952
4556,0.900096
4557,0.898048
4558,0.907264
4559,0.829440
4560,0.916480
4561,0.934912
4562,0.908288
4563,0.902144
4564,0.880640
4565,0.899072
4566,0.908288
4567,0.885760
4568,0.851968
4569,0.854016
4570,0.852992
4571,0.907264
4572,0.906240
4573,0.924672
4574,0.904192
4575,0.911360
4576,0.949248
4577,0.910336
4578,0.884736
4579,0.965632
4580,0.869376
4581,0.869376
4582,0.864256
4583,0.897024
4584,0.893952
4585,0.868352
4586,0.901120
4587,0.921600
4588,0.909312
4589,0.908288
4590,0.913408
4591,0.914432
4592,0.952320
4593,1.028096
4594,0.702464
4595,0.975872
4596,0.924672
4597,0.941056
4598,0.859136
4599,0.780288
4600,0.446464
4601,0.248832
4602,0.243712
4603,0.201728
4604,0.175104
4605,0.184320
4606,0.184320
4607,0.181248
4608,0.165888
4609,0.158720
4610,0.167936
4611,0.165888
4612,0.164864
4613,0.156672
4614,0.155648
4615,0.154624
4616,0.158720
4617,0.159744
4618,0.155648
4619,32.484352
4620,0.876544
4621,0.925696
4622,0.925696
4623,0.915456
4624,0.897024
4625,0.863232
4626,0.912384
4627,0.935936
4628,0.888832
4629,0.957440
4630,0.880640
4631,0.939008
4632,0.927744
4633,0.933888
4634,0.924672
4635,0.945152
4636,0.905216
4637,0.874496
4638,0.886784
4639,0.898048
4640,0.984064
4641,0.898048
4642,0.936960
4643,0.892928
4644,0.885760
4645,0.911360
4646,0.892928
4647,0.948224
4648,0.911360
4649,0.923648
4650,0.958464
4651,0.888832
4652,0.863232
4653,0.924672
4654,0.884736
4655,0.958464
4656,0.866304
4657,0.956416
4658,1.078272
4659,0.799744
4660,0.926720
4661,0.902144
4662,0.907264
4663,0.936960
4664,0.905216
4665,0.906240
4666,0.926720
4667,0.911360
4668,0.918528
4669,0.902144
4670,0.966656
4671,0.907264
4672,0.916480
4673,0.949248
4674,0.940032
4675,0.932864
4676,0.896000
4677,0.916480
4678,0.898048
4679,0.931840
4680,0.951296
4681,0.887808
4682,0.926720
4683,0.874496
4684,0.774144
4685,0.940032
4686,0.963584
4687,0.941056
4688,0.908288
4689,0.957440
4690,0.910336
4691,0.933888
4692,0.870400
4693,0.860160
4694,0.931840
4695,0.923648
4696,0.899072
4697,0.918528
4698,0.920576
4699,0.911360
4700,0.919552
4701,0.921600
4702,0.893952
4703,0.913408
4704,0.909312
4705,0.929792
4706,0.925696
4707,0.900096
4708,0.861184
4709,0.886784
4710,0.862208
4711,0.832512
4712,0.887808
4713,0.868352
4714,0.941056
4715,0.870400
4716,0.891904
4717,0.904192
4718,0.935936
4719,0.926720
4720,0.977920
4721,0.875520
4722,0.917504
4723,0.925696
4724,0.763904
4725,0.908288
4726,0.888832
4727,0.914432
4728,0.958464
4729,0.948224
4730,0.897024
4731,0.950272
4732,0.932864
4733,0.923648
4734,0.897024
4735,0.913408
4736,0.892928
4737,0.946176
4738,0.943104
4739,0.841728
4740,0.815104
4741,0.892928
4742,0.907264
4743,0.941056
4744,0.914432
4745,0.890880
4746,0.929792
4747,0.913408
4748,0.774144
4749,0.592896
4750,0.475136
4751,0.488448
4752,0.377856
4753,0.355328
4754,0.271360
4755,0.244736
4756,0.243712
4757,0.214016
4758,0.151552
4759,0.152576
4760,0.151552
4761,0.148480
4762,0.149504
4763,0.149504
4764,0.876544
4765,0.961536
4766,0.849920
4767,0.911360
4768,0.889856
4769,0.926720
4770,0.917504
4771,0.957440
4772,0.925696
4773,0.912384
4774,0.904192
4775,0.917504
4776,0.862208
4777,0.937984
4778,0.910336
4779,0.880640
4780,0.898048
4781,0.934912
4782,0.905216
4783,0.921600
4784,0.893952
4785,0.850944
4786,0.894976
4787,0.903168
4788,0.917504
4789,0.932864
4790,0.918528
4791,0.871424
4792,0.928768
4793,0.928768
4794,0.928768
4795,0.919552
4796,0.891904
4797,0.918528
4798,0.898048
4799,0.914432
4800,0.866304
4801,0.899072
4802,0.847872
4803,0.833536
4804,0.835584
4805,0.905216
4806,0.916480
4807,0.942080
4808,0.909312
4809,0.877568
4810,0.955392
4811,0.855040
4812,0.896000
4813,0.881664
4814,0.945152
4815,0.868352
4816,0.914432
4817,0.901120
4818,0.888832
4819,0.903168
4820,0.912384
4821,0.963584
4822,0.962560
4823,0.911360
4824,0.954368
4825,0.913408
4826,0.910336
4827,0.950272
4828,0.902144
4829,0.510976
4830,0.447488
4831,0.417792
4832,0.337920
4833,0.221184
4834,0.240640
4835,0.230400
4836,0.216064
4837,0.200704
4838,0.203776
4839,0.203776
4840,0.191488
4841,0.173056
4842,0.181248
4843,0.180224
4844,0.174080
4845,0.169984
4846,0.978944
4847,0.893952
4848,0.926720
4849,0.884736
4850,0.901120
4851,0.944128
4852,0.904192
4853,0.885760
4854,0.869376
4855,0.921600
4856,1.086464
4857,0.822272
4858,0.893952
4859,0.908288
4860,0.903168
4861,0.973824
4862,1.026048
4863,0.859136
4864,0.841728
4865,0.920576
4866,0.879616
4867,0.863232
4868,0.948224
4869,0.875520
4870,0.883712
4871,0.899072
4872,0.906240
4873,0.913408
4874,0.881664
4875,0.956416
4876,0.919552
4877,0.890880
4878,0.906240
4879,0.882688
4880,0.877568
4881,0.905216
4882,0.903168
4883,0.824320
4884,0.868352
4885,0.921600
4886,0.914432
4887,0.926720
4888,0.896000
4889,0.890880
4890,0.917504
4891,0.886784
4892,0.916480
4893,0.842752
4894,0.886784
4895,0.894976
4896,0.901120
4897,0.892928
4898,0.852992
4899,0.939008
4900,0.897024
4901,0.915456
4902,0.946176
4903,0.962560
4904,0.883712
4905,0.942080
4906,0.931840
4907,0.943104
4908,0.922624
4909,0.785408
4910,0.617472
4911,0.403456
4912,0.370688
4913,0.348160
4914,0.314368
4915,0.288768
4916,0.296960
4917,0.273408
4918,0.245760
4919,0.890880
4920,0.882688
4921,0.868352
4922,0.860160
4923,0.904192
4924,0.881664
4925,0.910336
4926,0.875520
4927,0.873472
4928,0.903168
4929,0.939008
4930,0.863232
4931,0.912384
4932,0.881664
4933,0.899072
4934,0.898048
4935,0.902144
4936,0.869376
4937,0.884736
4938,0.808960
4939,0.868352
4940,0.808960
4941,0.851968
4942,0.904192
4943,0.947200
4944,0.877568
4945,0.912384
4946,0.876544
4947,0.878592
4948,0.858112
4949,0.874496
4950,0.910336
4951,0.946176
4952,0.858112
4953,0.969728
4954,0.915456
4955,0.941056
4956,0.886784
4957,0.905216
4958,0.893952
4959,0.916480
4960,0.909312
4961,0.837632
4962,0.837632
4963,0.879616
4964,0.830464
4965,0.852992
4966,0.912384
4967,0.914432
4968,0.926720
4969,0.907264
4970,0.863232
4971,0.909312
4972,0.858112
4973,0.875520
4974,0.986112
4975,0.885760
4976,0.967680
4977,0.864256
4978,0.872448
4979,0.863232
4980,0.904192
4981,0.944128
4982,0.932864
4983,0.939008
4984,0.573440
4985,0.883712
4986,0.857088
4987,0.874496
4988,0.929792
4989,0.869376
4990,0.862208
4991,0.924672
4992,0.905216
4993,0.888832
4994,0.932864
4995,0.930816
4996,0.883712
4997,0.935936
4998,0.939008
4999,0.932864
5000,0.909312
5001,0.934912
5002,0.887808
5003,0.878592
5004,0.964608
5005,0.857088
5006,0.777216
5007,0.838656
5008,0.932864
5009,0.830464
5010,0.841728
5011,0.862208
5012,0.928768
5013,0.883712
5014,0.923648
5015,0.915456
5016,0.886784
5017,0.914432
5018,0.943104
5019,0.924672
5020,0.959488
5021,0.908288
5022,0.881664
5023,0.915456
5024,0.898048
5025,0.900096
5026,0.887808
5027,0.917504
5028,0.860160
5029,0.894976
5030,0.887808
5031,0.953344
5032,0.820224
5033,0.866304
5034,0.871424
5035,0.888832
5036,0.880640
5037,0.888832
5038,0.948224
5039,0.887808
5040,0.962560
5041,0.933888
5042,0.926720
5043,0.941056
5044,0.890880
5045,0.952320
5046,0.903168
5047,0.913408
5048,0.911360
5049,0.841728
5050,0.954368
5051,0.887808
5052,0.913408
5053,0.919552
5054,0.901120
5055,0.965632
5056,0.922624
5057,0.883712
5058,0.949248
5059,0.939008
5060,0.881664
5061,0.931840
5062,0.927744
5063,0.939008
5064,0.903168
5065,0.867328
5066,0.969728
5067,0.890880
5068,0.903168
5069,0.931840
5070,0.915456
5071,0.892928
5072,0.893952
5073,0.887808
5074,0.942080
5075,0.851968
5076,0.913408
5077,0.904192
5078,0.874496
5079,0.937984
5080,0.920576
5081,0.889856
5082,0.918528
5083,0.901120
5084,0.886784
5085,0.903168
5086,0.927744
5087,0.958464
5088,0.931840
5089,0.902144
5090,0.902144
5091,0.908288
5092,0.914432
5093,0.906240
5094,0.917504
5095,0.937984
5096,0.830464
5097,0.877568
5098,0.865280
5099,0.864256
5100,0.914432
5101,0.914432
5102,0.924672
5103,0.946176
5104,0.889856
5105,1.157120
5106,0.945152
5107,0.952320
5108,0.954368
5109,0.953344
5110,0.954368
5111,0.907264
5112,0.956416
5113,0.828416
5114,0.663552
5115,0.645120
5116,0.807936
5117,0.915456
5118,0.945152
5119,0.878592
5120,0.965632
5121,0.908288
5122,0.932864
5123,0.904192
5124,0.912384
5125,0.878592
5126,0.948224
5127,0.907264
5128,0.911360
5129,0.961536
5130,0.926720
5131,0.939008
5132,0.849920
5133,0.932864
5134,0.867328
5135,0.944128
5136,0.927744
5137,0.912384
5138,0.898048
5139,0.894976
5140,0.950272
5141,0.935936
5142,0.931840
5143,0.912384
5144,0.972800
5145,0.866304
5146,0.957440
5147,0.918528
5148,0.882688
5149,0.973824
5150,0.930816
5151,0.914432
5152,0.945152
5153,0.888832
5154,0.965632
5155,0.947200
5156,0.917504
5157,0.959488
5158,0.954368
5159,0.952320
5160,0.881664
5161,0.947200
5162,0.894976
5163,0.897024
5164,0.918528
5165,0.905216
5166,0.954368
5167,0.890880
5168,0.911360
5169,0.899072
5170,0.868352
5171,0.956416
5172,0.861184
5173,0.824320
5174,0.889856
5175,0.909312
5176,0.908288
5177,0.906240
5178,0.899072
5179,0.940032
5180,0.874496
5181,0.721920
5182,0.434176
5183,0.216064
5184,0.215040
5185,0.173056
5186,0.186368
5187,0.183296
5188,0.172032
5189,0.174080
5190,0.175104
5191,0.164864
5192,0.176128
5193,0.172032
5194,0.164864
5195,0.166912
5196,0.875520
5197,0.969728
5198,0.917504
5199,0.865280
5200,0.977920
5201,0.926720
5202,0.957440
5203,0.855040
5204,0.920576
5205,0.898048
5206,0.942080
5207,0.956416
5208,0.909312
5209,0.917504
5210,0.926720
5211,0.947200
5212,0.886784
5213,0.910336
5214,0.945152
5215,0.897024
5216,1.099776
5217,0.926720
5218,0.977920
5219,0.606208
5220,0.868352
5221,0.890880
5222,0.832512
5223,0.885760
5224,0.871424
5225,0.891904
5226,0.943104
5227,0.934912
5228,0.887808
5229,0.942080
5230,0.923648
5231,0.927744
5232,0.896000
5233,0.907264
5234,0.911360
5235,0.924672
5236,0.917504
5237,0.887808
5238,0.951296
5239,0.871424
5240,0.936960
5241,0.899072
5242,0.908288
5243,0.884736
5244,0.850944
5245,0.936960
5246,0.923648
5247,0.939008
5248,0.913408
5249,0.913408
5250,0.923648
5251,0.917504
5252,0.947200
5253,0.954368
5254,0.881664
5255,0.921600
5256,0.947200
5257,0.907264
5258,0.956416
5259,0.865280
5260,0.635904
5261,0.703488
5262,0.903168
5263,0.964608
5264,0.901120
5265,0.910336
5266,0.970752
5267,0.915456
5268,0.905216
5269,0.888832
5270,0.893952
5271,0.902144
5272,0.909312
5273,0.905216
5274,0.937984
5275,0.883712
5276,0.898048
5277,0.885760
5278,0.892928
5279,0.846848
5280,0.844800
5281,0.863232
5282,0.915456
5283,0.902144
5284,0.935936
5285,0.894976
5286,0.876544
5287,0.929792
5288,0.906240
5289,0.917504
5290,0.892928
5291,0.904192
5292,0.953344
5293,0.909312
5294,0.899072
5295,0.936960
5296,0.850944
5297,0.942080
5298,0.947200
5299,0.881664
5300,0.863232
5301,0.908288
5302,0.952320
5303,0.919552
5304,0.857088
5305,0.890880
5306,0.907264
5307,0.927744
5308,0.889856
5309,0.879616
5310,0.932864
5311,0.954368
5312,0.881664
5313,0.901120
5314,0.902144
5315,0.877568
5316,0.935936
5317,0.935936
5318,0.912384
5319,0.848896
5320,0.980992
5321,0.857088
5322,0.967680
5323,0.888832
5324,0.901120
5325,0.774144
5326,0.599040
5327,0.658432
5328,0.921600
5329,0.927744
5330,0.871424
5331,0.928768
5332,0.900096
5333,0.906240
5334,0.883712
5335,0.878592
5336,0.903168
5337,0.882688
5338,0.871424
5339,0.858112
5340,0.858112
5341,0.905216
5342,0.867328
5343,0.929792
5344,0.891904
5345,0.797696
5346,0.681984
5347,0.830464
5348,0.927744
5349,0.922624
5350,0.943104
5351,0.911360
5352,0.910336
5353,0.908288
5354,0.866304
5355,0.857088
5356,0.889856
5357,0.848896
5358,0.856064
5359,0.921600
5360,0.850944
5361,0.911360
5362,0.929792
5363,0.916480
5364,0.891904
5365,0.919552
5366,0.915456
5367,0.942080
5368,0.915456
5369,0.948224
5370,0.955392
5371,0.945152
5372,0.903168
5373,0.951296
5374,0.885760
5375,0.932864
5376,0.948224
5377,0.916480
5378,0.929792
5379,0.936960
5380,0.903168
5381,0.897024
5382,0.904192
5383,0.901120
5384,0.951296
5385,0.942080
5386,0.957440
5387,0.890880
5388,0.880640
5389,0.900096
5390,0.937984
5391,0.863232
5392,0.822272
5393,0.669696
5394,0.919552
5395,0.888832
5396,0.873472
5397,0.881664
5398,0.887808
5399,0.875520
5400,0.876544
5401,0.846848
5402,0.879616
5403,0.849920
5404,0.875520
5405,0.931840
5406,0.943104
5407,0.881664
5408,0.920576
5409,0.893952
5410,0.900096
5411,0.954368
5412,0.883712
5413,0.910336
5414,0.931840
5415,0.911360
5416,0.929792
5417,0.871424
5418,0.864256
5419,0.915456
5420,0.909312
5421,0.860160
5422,0.942080
5423,0.877568
5424,0.640000
5425,0.868352
5426,0.858112
5427,0.871424
5428,0.900096
5429,0.872448
5430,0.855040
5431,0.885760
5432,0.867328
5433,0.905216
5434,0.899072
5435,0.880640
5436,0.957440
5437,0.942080
5438,0.925696
5439,0.893952
5440,0.891904
5441,0.947200
5442,0.892928
5443,0.869376
5444,0.884736
5445,0.972800
5446,0.888832
5447,0.965632
5448,0.896000
5449,0.886784
5450,0.935936
5451,0.861184
5452,0.905216
5453,0.977920
5454,0.902144
5455,0.945152
5456,0.934912
5457,0.935936
5458,0.857088
5459,0.409600
5460,0.829440
5461,0.931840
5462,0.884736
5463,0.950272
5464,0.904192
5465,0.873472
5466,0.885760
5467,0.865280
5468,0.906240
5469,0.863232
5470,0.908288
5471,0.862208
5472,0.878592
5473,0.924672
5474,0.883712
5475,0.874496
5476,0.841728
5477,0.838656
5478,0.843776
5479,0.854016
5480,0.879616
5481,0.885760
5482,0.885760
5483,0.901120
5484,0.915456
5485,0.910336
5486,0.901120
5487,0.902144
5488,0.971776
5489,0.885760
5490,1.070080
5491,0.910336
5492,0.923648
5493,0.881664
5494,0.926720
5495,0.884736
5496,0.915456
5497,0.915456
5498,0.882688
5499,0.864256
5500,0.927744
5501,0.873472
5502,0.880640
5503,0.956416
5504,0.923648
5505,0.883712
5506,0.933888
5507,0.916480
5508,0.923648
5509,0.903168
5510,0.934912
5511,0.538624
5512,0.799744
5513,0.841728
5514,0.968704
5515,0.894976
5516,0.929792
5517,0.860160
5518,0.893952
5519,0.958464
5520,0.944128
5521,0.841728
5522,0.774144
5523,0.866304
5524,0.897024
5525,0.896000
5526,0.882688
5527,0.913408
5528,0.926720
5529,0.952320
5530,0.928768
5531,0.909312
5532,0.911360
5533,0.967680
5534,0.924672
5535,0.913408
5536,0.912384
5537,0.876544
5538,0.955392
5539,0.898048
5540,0.903168
5541,0.891904
5542,0.917504
5543,0.958464
5544,0.876544
5545,0.918528
5546,0.919552
5547,0.930816
5548,0.907264
5549,0.932864
5550,0.909312
5551,0.913408
5552,0.905216
5553,0.914432
5554,0.962560
5555,0.896000
5556,0.915456
5557,0.956416
5558,0.913408
5559,0.887808
5560,0.940032
5561,0.873472
5562,0.840704
5563,0.863232
5564,0.875520
5565,0.887808
5566,0.860160
5567,0.925696
5568,0.905216
5569,0.925696
5570,0.872448
5571,0.950272
5572,0.917504
5573,0.922624
5574,0.909312
5575,0.915456
5576,0.912384
5577,0.932864
5578,0.872448
5579,0.955392
5580,0.912384
5581,0.911360
5582,0.934912
5583,0.897024
5584,0.910336
5585,0.901120
5586,0.753664
5587,0.886784
5588,0.883712
5589,0.921600
5590,0.918528
5591,0.929792
5592,0.894976
5593,0.900096
5594,0.904192
5595,0.960512
5596,0.915456
5597,0.881664
5598,0.911360
5599,0.886784
5600,0.916480
5601,0.841728
5602,0.922624
5603,0.908288
5604,0.835584
5605,0.858112
5606,0.897024
5607,0.863232
5608,0.901120
5609,0.935936
5610,0.920576
5611,0.857088
5612,0.924672
5613,0.946176
5614,0.920576
5615,0.878592
5616,0.931840
5617,0.920576
5618,0.867328
5619,0.934912
5620,0.858112
5621,0.913408
5622,0.994304
5623,0.900096
5624,0.877568
5625,0.910336
5626,0.880640
5627,0.917504
5628,0.915456
5629,0.931840
5630,0.880640
5631,0.906240
5632,0.884736
5633,0.906240
5634,0.885760
5635,0.894976
5636,0.922624
5637,0.951296
5638,0.934912
5639,0.952320
5640,0.965632
5641,0.902144
5642,0.909312
5643,0.972800
5644,0.914432
5645,0.901120
5646,0.963584
5647,0.891904
5648,0.927744
5649,0.973824
5650,0.824320
5651,0.730112
5652,0.969728
5653,0.877568
5654,0.903168
5655,0.933888
5656,0.912384
5657,0.894976
5658,0.933888
5659,0.908288
5660,0.910336
5661,0.919552
5662,0.966656
5663,0.909312
5664,0.937984
5665,0.892928
5666,0.950272
5667,0.899072
5668,0.928768
5669,0.947200
5670,0.913408
5671,0.902144
5672,0.913408
5673,0.918528
5674,0.894976
5675,0.898048
5676,0.829440
5677,0.812032
5678,0.902144
5679,0.911360
5680,0.918528
5681,0.873472
5682,0.869376
5683,0.899072
5684,0.920576
5685,0.910336
5686,0.921600
5687,0.916480
5688,0.960512
5689,0.894976
5690,0.935936
5691,0.889856
5692,0.914432
5693,0.902144
5694,0.850944
5695,0.905216
5696,0.878592
5697,0.921600
5698,0.921600
5699,0.886784
5700,0.873472
5701,0.887808
5702,0.934912
5703,0.962560
5704,0.937984
5705,0.910336
5706,0.883712
5707,0.921600
5708,0.929792
5709,0.927744
5710,0.913408
5711,0.914432
5712,0.921600
5713,0.949248
5714,0.918528
5715,0.866304
5716,0.675840
5717,0.918528
5718,0.936960
5719,0.914432
5720,0.946176
5721,0.906240
5722,0.896000
5723,0.927744
5724,0.847872
5725,0.862208
5726,0.883712
5727,0.860160
5728,0.866304
5729,0.877568
5730,0.904192
5731,0.922624
5732,0.924672
5733,0.902144
5734,0.921600
5735,0.913408
5736,0.859136
5737,0.908288
5738,0.916480
5739,0.854016
5740,0.902144
5741,0.893952
5742,0.911360
5743,0.910336
5744,0.917504
5745,0.922624
5746,0.918528
5747,0.900096
5748,0.923648
5749,0.852992
5750,0.925696
5751,0.914432
5752,0.917504
5753,0.898048
5754,0.911360
5755,0.870400
5756,0.894976
5757,0.924672
5758,0.939008
5759,0.930816
5760,0.858112
5761,0.916480
5762,0.894976
5763,0.919552
5764,0.903168
5765,0.953344
5766,0.940032
5767,0.903168
5768,0.918528
5769,0.902144
5770,0.882688
5771,0.934912
5772,0.891904
5773,0.912384
5774,0.894976
5775,0.914432
5776,0.902144
5777,0.887808
5778,0.851968
5779,0.870400
5780,0.912384
5781,0.735232
5782,0.901120
5783,0.882688
5784,0.907264
5785,0.948224
5786,0.956416
5787,0.901120
5788,0.916480
5789,0.919552
5790,0.879616
5791,0.891904
5792,0.936960
5793,0.900096
5794,0.919552
5795,0.893952
5796,0.924672
5797,0.881664
5798,0.918528
5799,0.880640
5800,0.897024
5801,0.943104
5802,0.909312
5803,0.906240
5804,0.891904
5805,0.945152
5806,0.948224
5807,0.873472
5808,0.887808
5809,0.924672
5810,0.926720
5811,0.921600
5812,0.903168
5813,0.953344
5814,0.886784
5815,0.926720
5816,0.902144
5817,0.923648
5818,0.887808
5819,0.950272
5820,0.868352
5821,0.863232
5822,0.845824
5823,0.903168
5824,0.898048
5825,0.881664
5826,0.871424
5827,0.862208
5828,0.893952
5829,0.899072
5830,0.919552
5831,0.949248
5832,0.905216
5833,0.925696
5834,0.943104
5835,0.933888
5836,0.884736
5837,0.872448
5838,0.937984
5839,0.948224
5840,0.948224
5841,0.911360
5842,0.928768
5843,0.971776
5844,0.934912
5845,0.916480
5846,0.920576
5847,0.705536
5848,0.754688
5849,0.936960
5850,0.942080
5851,0.908288
5852,0.905216
5853,0.908288
5854,0.925696
5855,0.944128
5856,0.799744
5857,0.877568
5858,0.908288
5859,0.905216
5860,0.834560
5861,0.867328
5862,0.883712
5863,0.922624
5864,0.875520
5865,0.899072
5866,0.897024
5867,0.902144
5868,0.928768
5869,0.926720
5870,0.878592
5871,0.909312
5872,0.856064
5873,0.912384
5874,0.902144
5875,0.900096
5876,0.874496
5877,0.879616
5878,0.925696
5879,0.846848
5880,0.926720
5881,0.924672
5882,0.864256
5883,0.859136
5884,0.857088
5885,0.907264
5886,0.870400
5887,0.863232
5888,0.908288
5889,0.882688
5890,0.913408
5891,0.858112
5892,0.926720
5893,0.912384
5894,0.843776
5895,0.953344
5896,0.892928
5897,0.961536
5898,0.875520
5899,0.944128
5900,0.955392
5901,0.892928
5902,0.947200
5903,0.893952
5904,0.940032
5905,0.898048
5906,0.885760
5907,0.956416
5908,0.945152
5909,0.921600
5910,0.896000
5911,0.928768
5912,0.774144
5913,0.471040
5914,0.779264
5915,0.936960
5916,0.924672
5917,0.919552
5918,0.905216
5919,0.873472
5920,0.887808
5921,0.887808
5922,0.884736
5923,0.859136
5924,0.857088
5925,0.896000
5926,0.887808
5927,0.934912
5928,0.925696
5929,0.881664
5930,0.897024
5931,0.937984
5932,0.972800
5933,0.868352
5934,0.925696
5935,0.933888
5936,0.947200
5937,0.912384
5938,0.930816
5939,0.954368
5940,0.891904
5941,0.899072
5942,0.883712
5943,0.908288
5944,0.910336
5945,0.880640
5946,0.837632
5947,0.911360
5948,0.931840
5949,0.882688
5950,0.877568
5951,0.864256
5952,0.911360
5953,0.912384
5954,0.905216
5955,0.907264
5956,0.881664
5957,0.919552
5958,0.918528
5959,0.954368
5960,0.900096
5961,0.926720
5962,0.934912
5963,0.906240
5964,0.958464
5965,0.919552
5966,0.869376
5967,0.940032
5968,0.918528
5969,0.950272
5970,0.935936
5971,0.910336
5972,0.934912
5973,0.918528
5974,0.932864
5975,0.884736
5976,0.900096
5977,0.856064
5978,0.892928
5979,0.775168
5980,0.568320
5981,0.835584
5982,0.877568
5983,0.841728
5984,0.863232
5985,0.835584
5986,0.936960
5987,0.883712
5988,0.944128
5989,0.874496
5990,0.934912
5991,0.874496
5992,0.904192
5993,0.890880
5994,0.929792
5995,0.904192
5996,0.870400
5997,0.904192
5998,0.901120
5999,0.918528
6000,0.871424
6001,0.944128
6002,0.899072
6003,0.907264
6004,0.905216
6005,0.945152
6006,0.879616
6007,0.936960
6008,0.859136
6009,0.915456
6010,0.932864
6011,0.898048
6012,0.904192
6013,0.921600
6014,0.877568
6015,0.884736
6016,0.923648
6017,0.875520
6018,0.893952
6019,0.908288
6020,0.902144
6021,0.828416
6022,0.861184
6023,0.887808
6024,0.913408
6025,0.925696
6026,0.892928
6027,0.892928
6028,0.894976
6029,0.901120
6030,0.900096
6031,0.897024
6032,0.917504
6033,0.909312
6034,0.894976
6035,0.967680
6036,0.911360
6037,0.943104
6038,0.953344
6039,0.926720
6040,0.897024
6041,0.975872
6042,0.913408
6043,0.936960
6044,0.831488
6045,0.529408
6046,0.424960
6047,0.407552
6048,0.460800
6049,0.393216
6050,0.436224
6051,0.338944
6052,0.368640
6053,0.364544
6054,0.338944
6055,0.254976
6056,0.917504
6057,0.931840
6058,0.910336
6059,0.904192
6060,0.868352
6061,0.909312
6062,0.915456
6063,0.948224
6064,0.936960
6065,0.900096
6066,0.892928
6067,0.902144
6068,0.934912
6069,0.877568
6070,0.912384
6071,0.935936
6072,0.913408
6073,0.888832
6074,0.921600
6075,0.924672
6076,0.888832
6077,0.910336
6078,0.912384
6079,0.932864
6080,0.959488
6081,0.915456
6082,0.987136
6083,0.891904
6084,0.918528
6085,0.940032
6086,0.896000
6087,0.910336
6088,0.921600
6089,0.871424
6090,0.893952
6091,0.827392
6092,0.869376
6093,0.881664
6094,0.943104
6095,0.921600
6096,0.910336
6097,0.939008
6098,0.932864
6099,0.838656
6100,0.929792
6101,0.900096
6102,0.925696
6103,0.891904
6104,0.893952
6105,0.914432
6106,0.918528
6107,0.882688
6108,0.900096
6109,0.921600
6110,0.871424
6111,1.026048
6112,0.884736
6113,0.893952
6114,0.919552
6115,0.906240
6116,0.939008
6117,0.944128
6118,0.868352
6119,0.850944
6120,0.677888
6121,0.560128
6122,0.727040
6123,0.908288
6124,0.891904
6125,0.928768
6126,0.931840
6127,0.929792
6128,0.936960
6129,0.901120
6130,0.916480
6131,0.892928
6132,0.915456
6133,0.889856
6134,0.894976
6135,0.914432
6136,0.890880
6137,0.920576
6138,0.856064
6139,0.832512
6140,0.840704
6141,0.892928
6142,0.842752
6143,0.944128
6144,0.885760
6145,0.934912
6146,0.914432
6147,0.861184
6148,0.919552
6149,0.963584
6150,0.930816
6151,0.880640
6152,0.934912
6153,0.666624
6154,0.756736
6155,0.884736
6156,0.883712
6157,0.881664
6158,0.900096
6159,0.866304
6160,0.922624
6161,0.912384
6162,0.907264
6163,0.902144
6164,0.910336
6165,0.926720
6166,0.894976
6167,0.906240
6168,0.879616
6169,0.908288
6170,0.897024
6171,0.951296
6172,0.948224
6173,0.937984
6174,0.918528
6175,0.921600
6176,0.912384
6177,0.934912
6178,0.913408
6179,0.925696
6180,0.956416
6181,0.901120
6182,0.942080
6183,0.933888
6184,0.994304
6185,0.945152
6186,0.916480
6187,0.834560
6188,0.671744
6189,0.917504
6190,0.940032
6191,0.919552
6192,0.982016
6193,0.910336
6194,0.943104
6195,0.908288
6196,0.883712
6197,0.960512
6198,0.912384
6199,0.896000
6200,0.927744
6201,0.942080
6202,0.898048
6203,0.945152
6204,0.882688
6205,0.927744
6206,0.897024
6207,0.870400
6208,0.864256
6209,0.888832
6210,0.830464
6211,0.880640
6212,0.926720
6213,0.919552
6214,0.871424
6215,0.883712
6216,0.901120
6217,0.884736
6218,0.928768
6219,1.041408
6220,0.831488
6221,0.917504
6222,0.906240
6223,0.872448
6224,0.929792
6225,1.048576
6226,0.756736
6227,0.899072
6228,0.923648
6229,0.874496
6230,0.909312
6231,0.940032
6232,0.885760
6233,0.888832
6234,0.896000
6235,0.857088
6236,0.851968
6237,0.857088
6238,0.945152
6239,0.879616
6240,0.897024
6241,0.904192
6242,0.888832
6243,0.932864
6244,0.915456
6245,0.923648
6246,0.930816
6247,0.924672
6248,0.949248
6249,0.950272
6250,0.923648
6251,0.913408
6252,0.864256
6253,0.602112
6254,0.516096
6255,0.387072
6256,0.257024
6257,0.269312
6258,0.787456
6259,0.870400
6260,0.909312
6261,0.894976
6262,0.857088
6263,0.880640
6264,0.977920
6265,0.901120
6266,0.913408
6267,0.912384
6268,0.893952
6269,0.921600
6270,0.896000
6271,0.886784
6272,0.911360
6273,0.948224
6274,0.889856
6275,0.873472
6276,0.830464
6277,0.826368
6278,0.900096
6279,0.930816
6280,0.873472
6281,0.877568
6282,0.897024
6283,0.891904
6284,0.953344
6285,0.948224
6286,0.932864
6287,0.933888
6288,0.859136
6289,0.959488
6290,0.915456
6291,0.888832
6292,0.911360
6293,0.872448
6294,0.918528
6295,0.931840
6296,0.931840
6297,0.873472
6298,0.898048
6299,0.907264
6300,0.923648
6301,0.942080
6302,0.874496
6303,0.902144
6304,0.908288
6305,0.892928
6306,0.919552
6307,0.890880
6308,0.952320
6309,0.920576
6310,0.915456
6311,0.956416
6312,0.913408
6313,0.951296
6314,0.912384
6315,0.929792
6316,0.884736
6317,0.982016
6318,0.967680
6319,0.928768
6320,0.940032
6321,0.898048
6322,0.805888
6323,0.669696
6324,0.603136
6325,0.831488
6326,0.891904
6327,0.965632
6328,0.910336
6329,0.910336
6330,0.876544
6331,0.894976
6332,0.952320
6333,0.925696
6334,0.906240
6335,0.889856
6336,0.909312
6337,0.911360
6338,0.907264
6339,0.912384
6340,0.888832
6341,0.894976
6342,0.926720
6343,0.891904
6344,0.931840
6345,0.856064
6346,0.882688
6347,0.925696
6348,0.891904
6349,0.906240
6350,0.923648
6351,0.910336
6352,0.902144
6353,0.920576
6354,0.885760
6355,0.874496
6356,0.898048
6357,0.828416
6358,0.876544
6359,0.897024
6360,0.908288
6361,0.924672
6362,0.944128
6363,0.933888
6364,0.924672
6365,0.870400
6366,0.964608
6367,0.894976
6368,0.889856
6369,0.918528
6370,0.921600
6371,0.897024
6372,0.927744
6373,0.962560
6374,0.924672
6375,0.884736
6376,0.906240
6377,0.959488
6378,0.907264
6379,0.884736
6380,0.905216
6381,0.949248
6382,0.960512
6383,0.899072
6384,0.916480
6385,0.912384
6386,0.970752
6387,0.935936
6388,0.949248
6389,0.869376
6390,0.661504
6391,0.894976
6392,0.966656
6393,0.951296
6394,0.946176
6395,0.909312
6396,0.920576
6397,0.902144
6398,0.874496
6399,0.877568
6400,0.905216
6401,0.873472
6402,0.893952
6403,0.836608
6404,0.839680
6405,0.852992
6406,0.911360
6407,0.928768
6408,0.876544
6409,0.918528
6410,0.890880
6411,0.902144
6412,0.898048
6413,0.943104
6414,0.920576
6415,0.921600
6416,0.901120
6417,0.939008
6418,0.934912
6419,0.855040
6420,0.873472
6421,0.952320
6422,0.897024
6423,0.897024
6424,0.913408
6425,0.859136
6426,0.919552
6427,0.884736
6428,0.890880
6429,0.924672
6430,0.908288
6431,0.912384
6432,0.888832
6433,0.891904
6434,0.900096
6435,0.955392
6436,0.945152
6437,0.918528
6438,0.845824
6439,0.911360
6440,0.972800
6441,0.884736
6442,0.916480
6443,0.932864
6444,0.916480
6445,0.935936
6446,0.879616
6447,0.961536
6448,0.873472
6449,0.909312
6450,0.919552
6451,0.954368
6452,0.951296
6453,0.932864
6454,0.787456
6455,0.642048
6456,0.557056
6457,0.339968
6458,0.246784
6459,0.182272
6460,0.176128
6461,0.180224
6462,0.185344
6463,0.176128
6464,0.830464
6465,0.899072
6466,0.931840
6467,0.913408
6468,0.933888
6469,0.896000
6470,0.909312
6471,0.892928
6472,0.893952
6473,0.929792
6474,0.890880
6475,0.885760
6476,0.903168
6477,0.826368
6478,0.892928
6479,0.946176
6480,0.911360
6481,0.905216
6482,0.900096
6483,0.898048
6484,0.916480
6485,0.884736
6486,0.867328
6487,0.838656
6488,0.839680
6489,0.851968
6490,0.916480
6491,0.855040
6492,0.877568
6493,0.941056
6494,0.896000
6495,0.898048
6496,0.931840
6497,0.897024
6498,0.917504
6499,1.065984
6500,0.872448
6501,0.913408
6502,0.861184
6503,0.874496
6504,0.893952
6505,0.933888
6506,0.918528
6507,0.992256
6508,1.000448
6509,0.816128
6510,0.904192
6511,0.919552
6512,0.860160
6513,0.880640
6514,0.876544
6515,0.870400
6516,0.941056
6517,0.898048
6518,0.903168
6519,0.925696
6520,0.859136
6521,0.884736
6522,0.910336
6523,0.891904
6524,0.846848
6525,0.873472
6526,0.947200
6527,0.872448
6528,0.827392
6529,0.675840
6530,0.486400
6531,0.173056
6532,0.184320
6533,0.173056
6534,0.167936
6535,0.178176
6536,0.175104
6537,0.174080
6538,0.177152
6539,0.175104
6540,0.171008
6541,0.171008
6542,0.181248
6543,0.174080
6544,0.174080
6545,0.174080
6546,0.153600
6547,0.150528
6548,0.149504
6549,0.149504
6550,0.149504
6551,0.148480
6552,32.438271
6553,0.919552
6554,0.942080
6555,0.941056
6556,0.909312
6557,0.916480
6558,0.904192
6559,0.899072
6560,0.883712
6561,0.917504
6562,0.888832
6563,0.893952
6564,0.881664
6565,0.911360
6566,0.903168
6567,0.917504
6568,0.854016
6569,0.909312
6570,0.904192
6571,0.958464
6572,0.873472
6573,0.927744
6574,0.943104
6575,0.885760
6576,0.912384
6577,0.902144
6578,0.905216
6579,0.922624
6580,0.859136
6581,0.876544
6582,0.921600
6583,0.950272
6584,0.925696
6585,0.899072
6586,0.872448
6587,0.915456
6588,0.850944
6589,0.868352
6590,0.892928
6591,0.888832
6592,0.856064
6593,0.917504
6594,0.917504
6595,0.892928
6596,0.931840
6597,0.866304
6598,0.919552
6599,0.908288
6600,0.918528
6601,0.940032
6602,0.900096
6603,0.943104
6604,0.908288
6605,0.924672
6606,0.933888
6607,0.931840
6608,0.912384
6609,0.924672
6610,0.915456
6611,0.875520
6612,0.879616
6613,0.870400
6614,0.821248
6615,0.887808
6616,0.911360
6617,0.871424
6618,0.640000
6619,0.505856
6620,0.241664
6621,0.254976
6622,0.860160
6623,0.946176
6624,0.934912
6625,0.918528
6626,1.068032
6627,0.840704
6628,0.928768
6629,0.928768
6630,0.883712
6631,0.943104
6632,0.904192
6633,0.914432
6634,0.916480
6635,0.898048
6636,0.863232
6637,1.065984
6638,0.942080
6639,0.859136
6640,0.934912
6641,0.930816
6642,0.900096
6643,0.906240
6644,0.933888
6645,0.872448
6646,0.906240
6647,0.883712
6648,0.862208
6649,0.871424
6650,0.847872
6651,0.870400
6652,0.870400
6653,0.915456
6654,0.899072
6655,0.880640
6656,0.942080
6657,0.975872
6658,0.875520
6659,0.859136
6660,0.949248
6661,0.905216
6662,0.911360
6663,0.884736
6664,0.930816
6665,0.877568
6666,0.910336
6667,0.898048
6668,0.947200
6669,0.889856
6670,0.937984
6671,0.909312
6672,0.960512
6673,0.918528
6674,0.933888
6675,0.935936
6676,0.916480
6677,0.925696
6678,0.919552
6679,0.935936
6680,0.919552
6681,0.925696
6682,0.946176
6683,0.919552
6684,0.896000
6685,0.800768
6686,0.561152
6687,0.866304
6688,0.811008
6689,0.845824
6690,0.896000
6691,0.932864
6692,0.920576
6693,0.851968
6694,0.902144
6695,0.811008
6696,0.836608
6697,0.844800
6698,0.936960
6699,0.863232
6700,0.914432
6701,0.943104
6702,0.918528
6703,0.907264
6704,0.780288
6705,0.927744
6706,0.881664
6707,0.913408
6708,0.880640
6709,0.927744
6710,0.864256
6711,0.859136
6712,0.859136
6713,0.881664
6714,0.884736
6715,0.870400
6716,0.899072
6717,0.894976
6718,0.885760
6719,0.885760
6720,0.915456
6721,0.906240
6722,0.900096
6723,0.916480
6724,0.906240
6725,0.880640
6726,0.860160
6727,0.908288
6728,0.854016
6729,0.894976
6730,0.867328
6731,0.908288
6732,0.919552
6733,0.889856
6734,0.947200
6735,0.913408
6736,0.946176
6737,0.910336
6738,0.870400
6739,0.925696
6740,0.906240
6741,0.847872
6742,0.888832
6743,0.866304
6744,0.867328
6745,0.908288
6746,0.910336
6747,0.903168
6748,0.884736
6749,0.893952
6750,0.911360
6751,0.809984
6752,0.583680
6753,0.893952
6754,0.948224
6755,0.896000
6756,0.848896
6757,0.826368
6758,0.849920
6759,0.928768
6760,0.874496
6761,0.939008
6762,0.910336
6763,0.924672
6764,0.912384
6765,0.846848
6766,0.946176
6767,0.890880
6768,0.937984
6769,0.934912
6770,0.948224
6771,0.889856
6772,0.867328
6773,0.913408
6774,0.967680
6775,0.930816
6776,0.858112
6777,0.944128
6778,0.908288
6779,0.911360
6780,0.914432
6781,0.902144
6782,0.883712
6783,0.903168
6784,0.927744
6785,0.963584
6786,0.910336
6787,0.913408
6788,0.880640
6789,0.920576
6790,0.936960
6791,0.887808
6792,0.861184
6793,0.892928
6794,0.876544
6795,0.933888
6796,0.905216
6797,0.859136
6798,0.882688
6799,0.884736
6800,0.906240
6801,0.898048
6802,0.910336
6803,0.932864
6804,0.925696
6805,0.930816
6806,0.898048
6807,0.910336
6808,0.894976
6809,0.940032
6810,0.883712
6811,0.933888
6812,0.952320
6813,1.103872
6814,0.863232
6815,0.364544
6816,0.867328
6817,0.748544
6818,0.620544
6819,0.243712
6820,0.217088
6821,0.210944
6822,0.200704
6823,0.194560
6824,0.197632
6825,0.195584
6826,0.877568
6827,0.970752
6828,0.885760
6829,0.894976
6830,0.974848
6831,0.954368
6832,0.886784
6833,0.868352
6834,0.904192
6835,0.927744
6836,0.934912
6837,0.891904
6838,0.917504
6839,0.943104
6840,0.929792
6841,0.944128
6842,0.914432
6843,0.941056
6844,0.894976
6845,0.882688
6846,0.910336
6847,0.866304
6848,0.916480
6849,0.879616
6850,0.874496
6851,0.928768
6852,0.912384
6853,0.911360
6854,0.933888
6855,0.950272
6856,0.905216
6857,0.883712
6858,0.911360
6859,0.913408
6860,0.894976
6861,0.943104
6862,0.937984
6863,0.937984
6864,0.886784
6865,0.926720
6866,0.937984
6867,0.889856
6868,0.921600
6869,0.934912
6870,0.906240
6871,0.919552
6872,0.932864
6873,0.867328
6874,0.912384
6875,0.905216
6876,0.904192
6877,0.866304
6878,0.915456
6879,0.851968
6880,0.887808
6881,0.919552
6882,0.875520
6883,0.933888
6884,0.910336
6885,0.914432
6886,0.877568
6887,0.918528
6888,1.080320
6889,0.885760
6890,0.836608
6891,0.668672
6892,0.885760
6893,0.931840
6894,0.966656
6895,0.892928
6896,0.890880
6897,0.961536
6898,0.863232
6899,0.878592
6900,0.932864
6901,0.868352
6902,0.909312
6903,0.905216
6904,0.915456
6905,0.863232
6906,0.936960
6907,0.866304
6908,0.910336
6909,0.942080
6910,0.897024
6911,0.889856
6912,0.873472
6913,0.926720
6914,0.896000
6915,0.934912
6916,0.921600
6917,0.911360
6918,0.920576
6919,0.883712
6920,0.915456
6921,0.871424
6922,0.906240
6923,0.917504
6924,0.902144
6925,0.924672
6926,0.936960
6927,0.955392
6928,0.921600
6929,0.865280
6930,0.923648
6931,0.966656
6932,0.878592
6933,0.933888
6934,0.933888
6935,0.916480
6936,0.931840
6937,0.904192
6938,0.912384
6939,0.947200
6940,0.901120
6941,0.914432
6942,0.944128
6943,0.936960
6944,0.965632
6945,0.952320
6946,0.909312
6947,0.910336
6948,0.912384
6949,0.944128
6950,0.912384
6951,0.925696
6952,0.916480
6953,0.945152
6954,0.934912
6955,0.918528
6956,0.641024
6957,0.478208
6958,0.761856
6959,0.934912
6960,0.941056
6961,0.945152
6962,0.896000
6963,0.963584
6964,0.909312
6965,0.968704
6966,0.848896
6967,0.880640
6968,0.889856
6969,0.868352
6970,0.974848
6971,0.935936
6972,0.929792
6973,0.892928
6974,0.919552
6975,0.910336
6976,0.932864
6977,0.894976
6978,0.928768
6979,0.894976
6980,0.894976
6981,0.896000
6982,0.861184
6983,0.896000
6984,0.822272
6985,0.863232
6986,0.835584
6987,0.906240
6988,0.932864
6989,0.841728
6990,0.945152
6991,0.926720
6992,0.901120
6993,0.909312
6994,0.885760
6995,0.818176
6996,0.921600
6997,0.855040
6998,0.956416
6999,0.866304
7000,0.894976
7001,0.888832
7002,0.892928
7003,0.875520
7004,0.894976
7005,0.894976
7006,0.928768
7007,0.921600
7008,0.880640
7009,0.921600
7010,0.936960
7011,0.919552
7012,0.898048
7013,0.792576
7014,0.934912
7015,0.947200
7016,0.873472
7017,0.891904
7018,0.903168
7019,0.907264
7020,0.922624
7021,0.908288
7022,0.802816
7023,0.621568
7024,0.468992
7025,0.355328
7026,0.222208
7027,0.260096
7028,0.271360
7029,0.241664
7030,0.252928
7031,0.246784
7032,0.815104
7033,0.923648
7034,0.929792
7035,0.942080
7036,0.859136
7037,0.953344
7038,0.917504
7039,0.926720
7040,0.922624
7041,0.858112
7042,0.927744
7043,0.942080
7044,0.905216
7045,0.891904
7046,0.947200
7047,0.896000
7048,0.876544
7049,0.917504
7050,0.926720
7051,0.958464
7052,0.906240
7053,0.887808
7054,0.940032
7055,0.913408
7056,0.932864
7057,0.955392
7058,0.917504
7059,0.923648
7060,0.866304
7061,0.917504
7062,0.924672
7063,0.908288
7064,0.927744
7065,0.945152
7066,0.894976
7067,0.893952
7068,0.939008
7069,0.947200
7070,0.896000
7071,0.898048
7072,0.927744
7073,0.872448
7074,0.907264
7075,0.894976
7076,0.869376
7077,0.902144
7078,0.817152
7079,0.884736
7080,0.900096
7081,0.890880
7082,0.850944
7083,0.924672
7084,0.924672
7085,0.931840
7086,0.868352
7087,0.927744
7088,0.934912
7089,0.923648
7090,0.912384
7091,0.931840
7092,0.928768
7093,0.916480
7094,0.921600
7095,0.916480
7096,0.753664
7097,0.718848
7098,0.937984
7099,0.936960
7100,0.911360
7101,0.902144
7102,0.914432
7103,0.921600
7104,0.900096
7105,0.898048
7106,0.928768
7107,0.922624
7108,0.887808
7109,0.943104
7110,0.902144
7111,0.850944
7112,0.817152
7113,0.842752
7114,0.866304
7115,0.890880
7116,0.897024
7117,0.914432
7118,0.919552
7119,0.886784
7120,0.946176
7121,0.880640
7122,0.899072
7123,0.966656
7124,0.922624
7125,0.905216
7126,0.942080
7127,0.904192
7128,0.926720
7129,0.907264
7130,0.872448
7131,0.904192
7132,0.885760
7133,0.917504
7134,0.931840
7135,0.883712
7136,0.905216
7137,0.866304
7138,0.913408
7139,0.881664
7140,0.960512
7141,0.943104
7142,0.908288
7143,0.887808
7144,0.930816
7145,0.916480
7146,0.898048
7147,0.904192
7148,0.962560
7149,0.894976
7150,0.916480
7151,0.964608
7152,0.889856
7153,0.951296
7154,0.899072
7155,0.958464
7156,0.898048
7157,0.934912
7158,0.911360
7159,0.907264
7160,0.952320
7161,0.900096
7162,0.680960
7163,0.326656
7164,0.254976
7165,0.241664
7166,0.198656
7167,0.180224
7168,0.189440
7169,0.184320
7170,0.184320
7171,0.177152
7172,0.905216
7173,0.933888
7174,0.883712
7175,0.975872
7176,0.928768
7177,0.887808
7178,0.972800
7179,0.933888
7180,0.881664
7181,0.877568
7182,0.879616
7183,0.915456
7184,0.901120
7185,0.888832
7186,0.892928
7187,0.913408
7188,0.944128
7189,0.902144
7190,0.916480
7191,0.914432
7192,0.909312
7193,0.878592
7194,0.920576
7195,0.868352
7196,0.920576
7197,0.931840
7198,0.950272
7199,0.939008
7200,1.003520
7201,0.806912
7202,0.925696
7203,0.869376
7204,0.910336
7205,0.928768
7206,0.931840
7207,0.941056
7208,0.909312
7209,0.914432
7210,0.908288
7211,0.896000
7212,0.960512
7213,0.932864
7214,0.915456
7215,0.877568
7216,0.885760
7217,0.854016
7218,0.865280
7219,0.866304
7220,0.866304
7221,0.864256
7222,0.868352
7223,0.916480
7224,0.942080
7225,0.874496
7226,0.909312
7227,0.879616
7228,0.914432
7229,0.936960
7230,0.933888
7231,0.956416
7232,0.923648
7233,0.954368
7234,0.927744
7235,0.916480
7236,0.650240
7237,0.466944
7238,0.447488
7239,0.299008
7240,0.275456
7241,0.274432
7242,0.280576
7243,0.271360
7244,0.283648
7245,0.259072
7246,0.300032
7247,0.282624
7248,0.278528
7249,0.815104
7250,0.866304
7251,0.972800
7252,0.972800
7253,0.898048
7254,0.918528
7255,0.939008
7256,0.918528
7257,0.904192
7258,0.943104
7259,0.916480
7260,0.949248
7261,0.974848
7262,0.905216
7263,0.944128
7264,0.930816
7265,0.918528
7266,0.924672
7267,0.902144
7268,0.933888
7269,0.929792
7270,0.905216
7271,0.888832
7272,0.870400
7273,0.942080
7274,0.900096
7275,0.860160
7276,0.872448
7277,0.847872
7278,0.888832
7279,0.887808
7280,0.929792
7281,0.903168
7282,0.909312
7283,0.893952
7284,0.918528
7285,0.916480
7286,0.909312
7287,0.911360
7288,0.902144
7289,0.881664
7290,0.916480
7291,0.927744
7292,0.937984
7293,0.874496
7294,0.923648
7295,0.959488
7296,0.934912
7297,0.915456
7298,0.882688
7299,0.954368
7300,0.927744
7301,0.912384
7302,0.949248
7303,0.874496
7304,0.930816
7305,0.867328
7306,0.933888
7307,0.934912
7308,0.934912
7309,0.933888
7310,0.987136
7311,0.886784
7312,0.929792
7313,0.690176
7314,0.899072
7315,0.950272
7316,0.936960
7317,0.855040
7318,0.893952
7319,0.861184
7320,0.806912
7321,0.825344
7322,0.842752
7323,0.858112
7324,0.867328
7325,0.892928
7326,0.863232
7327,0.910336
7328,0.918528
7329,0.861184
7330,0.901120
7331,0.866304
7332,0.910336
7333,0.889856
7334,0.865280
7335,0.785408
7336,0.819200
7337,0.854016
7338,0.815104
7339,0.962560
7340,0.882688
7341,0.885760
7342,0.907264
7343,0.905216
7344,0.922624
7345,0.896000
7346,0.914432
7347,0.899072
7348,0.899072
7349,0.791552
7350,0.908288
7351,0.866304
7352,0.863232
7353,0.908288
7354,0.968704
7355,0.934912
7356,0.948224
7357,0.934912
7358,0.954368
7359,0.868352
7360,0.899072
7361,0.923648
7362,0.925696
7363,0.892928
7364,0.914432
7365,0.929792
7366,0.936960
7367,0.921600
7368,0.974848
7369,0.915456
7370,0.954368
7371,0.919552
7372,0.923648
7373,0.892928
7374,0.936960
7375,0.902144
7376,0.905216
7377,0.835584
7378,0.693248
7379,0.529408
7380,0.479232
7381,0.405504
7382,0.360448
7383,0.316416
7384,0.240640
7385,0.253952
7386,0.239616
7387,0.879616
7388,0.898048
7389,0.924672
7390,0.924672
7391,0.903168
7392,0.957440
7393,0.896000
7394,0.921600
7395,0.868352
7396,0.910336
7397,0.943104
7398,0.894976
7399,0.916480
7400,0.921600
7401,0.920576
7402,0.855040
7403,0.901120
7404,0.891904
7405,0.944128
7406,0.915456
7407,0.956416
7408,0.923648
7409,0.935936
7410,0.915456
7411,0.939008
7412,0.922624
7413,0.909312
7414,0.960512
7415,0.872448
7416,0.922624
7417,0.945152
7418,0.931840
7419,0.932864
7420,0.876544
7421,0.649216
7422,0.874496
7423,0.922624
7424,0.920576
7425,0.918528
7426,0.940032
7427,0.891904
7428,0.970752
7429,0.913408
7430,0.916480
7431,0.920576
7432,0.928768
7433,0.890880
7434,0.948224
7435,0.925696
7436,0.888832
7437,0.946176
7438,0.941056
7439,0.926720
7440,0.932864
7441,0.950272
7442,0.926720
7443,0.924672
7444,0.918528
7445,0.953344
7446,0.937984
7447,0.915456
7448,0.935936
7449,0.891904
7450,0.915456
7451,0.765952
7452,0.575488
7453,0.522240
7454,0.460800
7455,0.722944
7456,0.934912
7457,0.801792
7458,0.941056
7459,0.883712
7460,0.906240
7461,0.890880
7462,0.887808
7463,0.890880
7464,0.884736
7465,0.883712
7466,0.862208
7467,0.887808
7468,0.850944
7469,0.935936
7470,0.914432
7471,0.855040
7472,0.952320
7473,0.957440
7474,0.907264
7475,0.925696
7476,0.913408
7477,0.954368
7478,0.879616
7479,0.969728
7480,0.879616
7481,0.937984
7482,0.868352
7483,0.908288
7484,0.949248
7485,0.889856
7486,0.885760
7487,0.939008
7488,0.880640
7489,0.918528
7490,0.889856
7491,0.884736
7492,0.890880
7493,0.868352
7494,0.852992
7495,0.898048
7496,0.945152
7497,0.916480
7498,0.914432
7499,0.914432
7500,0.876544
7501,0.925696
7502,0.930816
7503,0.956416
7504,0.898048
7505,0.885760
7506,0.932864
7507,0.860160
7508,0.916480
7509,0.917504
7510,0.892928
7511,0.930816
7512,0.925696
7513,0.932864
7514,0.920576
7515,0.888832
7516,0.857088
7517,0.882688
7518,0.894976
7519,0.884736
7520,0.809984
7521,0.509952
7522,0.742400
7523,0.949248
7524,0.945152
7525,0.923648
7526,0.902144
7527,0.892928
7528,0.925696
7529,0.838656
7530,0.851968
7531,0.928768
7532,0.928768
7533,0.917504
7534,0.890880
7535,0.923648
7536,0.907264
7537,0.926720
7538,0.918528
7539,0.913408
7540,0.926720
7541,0.916480
7542,0.917504
7543,0.955392
7544,0.911360
7545,0.902144
7546,0.894976
7547,0.921600
7548,0.893952
7549,0.946176
7550,0.956416
7551,0.956416
7552,0.898048
7553,0.911360
7554,0.898048
7555,0.911360
7556,0.937984
7557,0.874496
7558,0.925696
7559,0.889856
7560,0.890880
7561,0.912384
7562,0.811008
7563,0.884736
7564,0.929792
7565,0.907264
7566,0.946176
7567,0.945152
7568,0.918528
7569,0.871424
7570,0.945152
7571,0.918528
7572,0.877568
7573,0.896000
7574,0.897024
7575,0.922624
7576,0.932864
7577,0.864256
7578,0.912384
7579,0.904192
7580,0.910336
7581,0.901120
7582,0.908288
7583,0.916480
7584,0.943104
7585,0.909312
7586,0.672768
7587,0.932864
7588,0.917504
7589,0.906240
7590,0.897024
7591,0.946176
7592,0.901120
7593,0.897024
7594,0.886784
7595,0.917504
7596,0.899072
7597,0.920576
7598,0.833536
7599,0.874496
7600,0.861184
7601,0.868352
7602,0.934912
7603,0.846848
7604,0.862208
7605,0.918528
7606,0.902144
7607,0.926720
7608,0.922624
7609,0.876544
7610,0.894976
7611,0.925696
7612,0.946176
7613,0.891904
7614,0.873472
7615,0.917504
7616,0.885760
7617,0.927744
7618,0.911360
7619,0.901120
7620,0.930816
7621,0.912384
7622,0.916480
7623,0.916480
7624,0.846848
7625,0.909312
7626,0.922624
7627,0.919552
7628,0.942080
7629,0.902144
7630,0.936960
7631,0.886784
7632,0.910336
7633,0.984064
7634,0.930816
7635,0.905216
7636,0.922624
7637,0.922624
7638,0.940032
7639,0.912384
7640,0.894976
7641,0.915456
7642,0.845824
7643,0.892928
7644,0.884736
7645,0.872448
7646,0.884736
7647,0.920576
7648,0.913408
7649,0.931840
7650,0.863232
7651,0.635904
7652,0.468992
7653,0.846848
7654,0.872448
7655,0.919552
7656,0.873472
7657,0.918528
7658,0.875520
7659,0.953344
7660,0.930816
7661,0.884736
7662,0.893952
7663,1.006592
7664,0.994304
7665,0.892928
7666,0.917504
7667,0.903168
7668,0.921600
7669,0.939008
7670,0.897024
7671,0.923648
7672,0.947200
7673,0.912384
7674,0.888832
7675,0.969728
7676,0.915456
7677,0.873472
7678,0.935936
7679,0.823296
7680,0.944128
7681,0.845824
7682,0.870400
7683,0.880640
7684,0.852992
7685,0.930816
7686,0.917504
7687,0.879616
7688,0.911360
7689,0.932864
7690,0.943104
7691,0.862208
7692,0.921600
7693,0.925696
7694,0.913408
7695,0.926720
7696,0.925696
7697,0.934912
7698,0.932864
7699,0.926720
7700,0.950272
7701,0.957440
7702,0.887808
7703,0.913408
7704,0.908288
7705,0.886784
7706,0.914432
7707,0.907264
7708,0.887808
7709,0.892928
7710,0.878592
7711,0.884736
7712,0.892928
7713,0.902144
7714,0.889856
7715,0.889856
7716,0.889856
7717,0.849920
7718,0.750592
7719,0.681984
7720,0.875520
7721,0.912384
7722,0.917504
7723,0.915456
7724,0.851968
7725,0.893952
7726,0.875520
7727,0.840704
7728,0.861184
7729,0.868352
7730,0.905216
7731,0.963584
7732,0.923648
7733,1.037312
7734,0.830464
7735,0.869376
7736,0.908288
7737,0.956416
7738,0.876544
7739,0.901120
7740,0.887808
7741,0.947200
7742,0.906240
7743,0.892928
7744,0.859136
7745,0.939008
7746,0.912384
7747,0.924672
7748,0.894976
7749,0.887808
7750,0.898048
7751,0.875520
7752,0.957440
7753,0.840704
7754,0.912384
7755,0.876544
7756,0.937984
7757,0.890880
7758,0.896000
7759,0.925696
7760,0.892928
7761,0.924672
7762,0.885760
7763,0.869376
7764,0.855040
7765,0.882688
7766,0.919552
7767,0.869376
7768,0.922624
7769,0.897024
7770,0.899072
7771,0.835584
7772,0.925696
7773,0.906240
7774,0.872448
7775,0.946176
7776,0.900096
7777,0.926720
7778,0.934912
7779,0.964608
7780,0.861184
7781,0.973824
7782,0.832512
7783,0.692224
7784,0.653312
7785,0.594944
7786,0.903168
7787,0.963584
7788,0.980992
7789,0.854016
7790,0.962560
7791,0.911360
7792,0.915456
7793,0.929792
7794,0.910336
7795,0.899072
7796,0.933888
7797,0.875520
7798,0.940032
7799,0.902144
7800,0.910336
7801,0.903168
7802,0.904192
7803,1.041408
7804,0.855040
7805,0.937984
7806,0.903168
7807,0.933888
7808,0.905216
7809,0.910336
7810,0.821248
7811,0.862208
7812,0.869376
7813,0.879616
7814,0.911360
7815,0.911360
7816,0.917504
7817,0.932864
7818,0.914432
7819,0.901120
7820,0.909312
7821,0.881664
7822,1.031168
7823,0.827392
7824,0.888832
7825,0.912384
7826,0.879616
7827,0.893952
7828,0.867328
7829,0.882688
7830,0.877568
7831,0.864256
7832,0.873472
7833,0.910336
7834,0.877568
7835,0.894976
7836,0.907264
7837,0.975872
7838,0.941056
7839,0.931840
7840,0.934912
7841,0.944128
7842,0.902144
7843,0.897024
7844,0.936960
7845,0.896000
7846,0.914432
7847,0.937984
7848,0.929792
7849,0.862208
7850,0.663552
7851,0.918528
7852,0.884736
7853,0.946176
7854,0.929792
7855,0.923648
7856,0.913408
7857,0.911360
7858,0.906240
7859,0.903168
7860,0.875520
7861,0.898048
7862,0.874496
7863,0.840704
7864,0.876544
7865,0.868352
7866,0.875520
7867,0.866304
7868,0.920576
7869,0.878592
7870,0.901120
7871,0.923648
7872,0.913408
7873,0.914432
7874,0.930816
7875,0.863232
7876,0.919552
7877,0.934912
7878,0.913408
7879,0.877568
7880,0.885760
7881,0.889856
7882,0.922624
7883,0.881664
7884,0.943104
7885,0.911360
7886,0.883712
7887,0.941056
7888,0.866304
7889,0.965632
7890,0.856064
7891,0.905216
7892,0.852992
7893,1.122304
7894,0.429056
7895,0.872448
7896,0.905216
7897,0.891904
7898,0.937984
7899,0.882688
7900,0.930816
7901,0.909312
7902,0.845824
7903,0.901120
7904,0.954368
7905,0.947200
7906,0.883712
7907,0.898048
7908,0.908288
7909,0.899072
7910,0.888832
7911,0.914432
7912,0.934912
7913,0.877568
7914,0.923648
7915,0.840704
7916,0.791552
7917,0.908288
7918,0.874496
7919,0.908288
7920,0.965632
7921,0.910336
7922,0.901120
7923,0.887808
7924,0.914432
7925,0.915456
7926,0.896000
7927,0.879616
7928,0.909312
7929,0.923648
7930,0.913408
7931,0.902144
7932,0.900096
7933,0.904192
7934,0.868352
7935,0.884736
7936,0.861184
7937,0.877568
7938,0.866304
7939,0.920576
7940,0.884736
7941,0.891904
7942,0.934912
7943,0.911360
7944,0.898048
7945,0.923648
7946,0.897024
7947,0.921600
7948,0.897024
7949,0.870400
7950,0.863232
7951,0.894976
7952,0.929792
7953,0.897024
7954,0.921600
7955,0.880640
7956,0.901120
7957,0.962560
7958,0.932864
7959,1.009664
7960,0.818176
7961,0.936960
7962,0.926720
7963,0.876544
7964,0.916480
7965,0.926720
7966,0.919552
7967,0.925696
7968,0.887808
7969,0.958464
7970,0.901120
7971,0.886784
7972,0.852992
7973,0.857088
7974,0.911360
7975,0.892928
7976,0.944128
7977,0.933888
7978,0.936960
7979,0.906240
7980,0.892928
7981,0.743424
7982,0.452608
7983,0.329728
7984,0.304128
7985,0.285696
7986,0.250880
7987,0.248832
7988,0.244736
7989,0.237568
7990,0.250880
7991,0.251904
7992,0.241664
7993,0.188416
7994,0.799744
7995,0.939008
7996,0.926720
7997,0.961536
7998,0.919552
7999,0.862208
8000,0.904192
8001,0.918528
8002,0.906240
8003,0.931840
8004,0.919552
8005,0.925696
8006,0.916480
8007,0.870400
8008,0.943104
8009,0.918528
8010,0.907264
8011,0.905216
8012,0.913408
8013,0.962560
8014,0.913408
8015,0.963584
8016,0.901120
8017,0.937984
8018,0.873472
8019,0.893952
8020,0.909312
8021,0.798720
8022,0.850944
8023,0.872448
8024,0.869376
8025,0.897024
8026,0.900096
8027,0.931840
8028,0.904192
8029,0.896000
8030,0.933888
8031,0.936960
8032,0.882688
8033,0.909312
8034,0.916480
8035,0.889856
8036,0.921600
8037,0.897024
8038,0.932864
8039,0.888832
8040,0.927744
8041,0.918528
8042,0.879616
8043,0.912384
8044,0.919552
8045,0.921600
8046,0.920576
8047,0.952320
8048,0.955392
8049,0.944128
8050,0.936960
8051,0.956416
8052,0.869376
8053,0.939008
8054,0.960512
8055,0.861184
8056,0.821248
8057,0.944128
8058,0.636928
8059,0.920576
8060,0.858112
8061,0.922624
8062,0.928768
8063,0.899072
8064,0.831488
8065,0.830464
8066,0.903168
8067,0.890880
8068,0.939008
8069,0.966656
8070,0.880640
8071,0.861184
8072,0.852992
8073,0.925696
8074,0.929792
8075,0.861184
8076,0.885760
8077,0.988160
8078,0.884736
8079,0.940032
8080,0.899072
8081,0.915456
8082,0.928768
8083,0.926720
8084,0.931840
8085,0.936960
8086,0.878592
8087,0.905216
8088,0.925696
8089,0.926720
8090,0.900096
8091,0.911360
8092,0.952320
8093,0.889856
8094,0.908288
8095,0.942080
8096,0.894976
8097,0.910336
8098,0.915456
8099,0.894976
8100,0.916480
8101,0.908288
8102,0.925696
8103,0.943104
8104,0.939008
8105,0.922624
8106,0.912384
8107,0.890880
8108,0.933888
8109,0.951296
8110,0.978944
8111,0.916480
8112,0.951296
8113,0.916480
8114,0.908288
8115,0.904192
8116,0.888832
8117,0.883712
8118,0.897024
8119,0.912384
8120,0.883712
8121,0.875520
8122,0.838656
8123,0.875520
8124,0.736256
8125,0.944128
8126,0.928768
8127,0.917504
8128,0.894976
8129,0.930816
8130,0.949248
8131,0.913408
8132,0.941056
8133,0.923648
8134,0.946176
8135,0.921600
8136,0.914432
8137,0.915456
8138,0.662528
8139,0.871424
8140,0.928768
8141,0.914432
8142,0.930816
8143,0.881664
8144,0.935936
8145,0.917504
8146,0.920576
8147,0.913408
8148,0.924672
8149,0.921600
8150,0.899072
8151,0.943104
8152,0.887808
8153,0.915456
8154,0.927744
8155,0.908288
8156,0.908288
8157,0.906240
8158,0.931840
8159,0.964608
8160,0.885760
8161,0.919552
8162,0.927744
8163,0.906240
8164,0.943104
8165,0.952320
8166,0.910336
8167,0.904192
8168,0.913408
8169,0.901120
8170,0.927744
8171,0.908288
8172,0.959488
8173,0.897024
8174,0.899072
8175,0.943104
8176,0.952320
8177,0.908288
8178,0.937984
8179,0.879616
8180,0.996352
8181,0.933888
8182,0.921600
8183,0.907264
8184,0.896000
8185,0.914432
8186,0.921600
8187,0.841728
8188,0.698368
8189,0.865280
8190,0.930816
8191,0.933888
8192,0.915456
8193,0.931840
8194,0.911360
8195,0.673792
8196,1.003520
8197,0.870400
8198,0.918528
8199,0.908288
8200,0.870400
8201,0.954368
8202,0.921600
8203,0.862208
8204,0.886784
8205,0.915456
8206,0.892928
8207,0.901120
8208,0.920576
8209,0.903168
8210,0.883712
8211,0.921600
8212,0.894976
8213,0.857088
8214,0.903168
8215,0.834560
8216,0.893952
8217,0.870400
8218,0.819200
8219,0.843776
8220,0.868352
8221,0.890880
8222,0.875520
8223,0.916480
8224,0.873472
8225,0.861184
8226,0.880640
8227,0.889856
8228,0.906240
8229,0.952320
8230,0.894976
8231,0.936960
8232,0.887808
8233,0.898048
8234,0.948224
8235,0.902144
8236,0.867328
8237,0.942080
8238,0.910336
8239,0.889856
8240,0.986112
8241,0.943104
8242,0.919552
8243,0.904192
8244,0.924672
8245,0.949248
8246,0.892928
8247,0.948224
8248,0.918528
8249,0.950272
8250,0.892928
8251,0.947200
8252,0.861184
8253,0.685056
8254,0.572416
8255,0.418816
8256,0.297984
8257,0.254976
8258,0.186368
8259,0.198656
8260,0.189440
8261,0.191488
8262,0.189440
8263,0.185344
8264,0.187392
8265,0.189440
8266,0.194560
8267,0.738304
8268,0.936960
8269,0.953344
8270,0.935936
8271,0.933888
8272,0.859136
8273,0.902144
8274,0.941056
8275,0.827392
8276,0.918528
8277,0.928768
8278,0.888832
8279,0.928768
8280,0.920576
8281,0.940032
8282,0.897024
8283,0.926720
8284,0.932864
8285,0.859136
8286,0.900096
8287,0.920576
8288,0.915456
8289,0.940032
8290,0.878592
8291,0.937984
8292,0.918528
8293,0.897024
8294,0.930816
8295,0.892928
8296,0.940032
8297,0.802816
8298,0.848896
8299,0.870400
8300,0.889856
8301,0.881664
8302,0.891904
8303,0.900096
8304,0.911360
8305,0.903168
8306,0.891904
8307,0.908288
8308,0.949248
8309,0.870400
8310,0.925696
8311,0.941056
8312,0.931840
8313,0.909312
8314,0.925696
8315,0.891904
8316,0.964608
8317,0.899072
8318,0.949248
8319,0.878592
8320,0.912384
8321,0.892928
8322,0.926720
8323,0.926720
8324,0.924672
8325,0.952320
8326,0.851968
8327,0.888832
8328,0.923648
8329,0.921600
8330,0.832512
8331,0.867328
8332,0.783360
8333,0.890880
8334,0.969728
8335,0.936960
8336,0.916480
8337,0.872448
8338,0.909312
8339,0.921600
8340,0.922624
8341,0.900096
8342,0.976896
8343,0.960512
8344,0.897024
8345,0.949248
8346,0.897024
8347,0.917504
8348,0.917504
8349,0.898048
8350,0.916480
8351,0.916480
8352,0.916480
8353,0.882688
8354,0.844800
8355,0.856064
8356,0.913408
8357,0.857088
8358,0.900096
8359,0.840704
8360,0.909312
8361,0.921600
8362,0.907264
8363,0.892928
8364,0.887808
8365,0.909312
8366,0.913408
8367,0.859136
8368,0.937984
8369,0.869376
8370,0.902144
8371,0.875520
8372,0.921600
8373,0.863232
8374,0.933888
8375,0.867328
8376,0.929792
8377,0.867328
8378,0.914432
8379,0.867328
8380,0.942080
8381,0.848896
8382,0.879616
8383,0.881664
8384,0.974848
8385,0.909312
8386,0.908288
8387,0.908288
8388,0.955392
8389,0.947200
8390,0.982016
8391,0.943104
8392,0.915456
8393,0.988160
8394,0.920576
8395,0.862208
8396,0.931840
8397,0.859136
8398,0.760832
8399,0.913408
8400,0.885760
8401,0.920576
8402,0.857088
8403,0.930816
8404,0.916480
8405,0.925696
8406,0.907264
8407,0.929792
8408,0.902144
8409,0.933888
8410,0.893952
8411,0.944128
8412,0.911360
8413,0.906240
8414,0.980992
8415,0.910336
8416,0.867328
8417,0.952320
8418,0.923648
8419,0.911360
8420,0.932864
8421,0.879616
8422,0.850944
8423,0.788480
8424,0.875520
8425,0.849920
8426,0.885760
8427,0.896000
8428,0.852992
8429,0.894976
8430,0.900096
8431,0.949248
8432,0.857088
8433,0.927744
8434,0.940032
8435,0.905216
8436,0.955392
8437,0.837632
8438,0.961536
8439,0.913408
8440,1.051648
8441,0.923648
8442,0.931840
8443,0.887808
8444,0.954368
8445,0.909312
8446,0.975872
8447,0.919552
8448,0.908288
8449,0.908288
8450,0.825344
8451,0.783360
8452,0.863232
8453,0.934912
8454,0.905216
8455,0.933888
8456,0.891904
8457,0.886784
8458,0.925696
8459,0.932864
8460,0.935936
8461,0.924672
8462,0.674816
8463,0.878592
8464,0.942080
8465,0.922624
8466,0.927744
8467,0.858112
8468,0.922624
8469,0.850944
8470,0.935936
8471,0.870400
8472,0.877568
8473,0.796672
8474,0.896000
8475,0.899072
8476,0.926720
8477,0.897024
8478,0.950272
8479,0.890880
8480,0.889856
8481,0.915456
8482,0.944128
8483,0.898048
8484,0.889856
8485,0.949248
8486,0.903168
8487,0.885760
8488,0.901120
8489,0.873472
8490,0.903168
8491,0.928768
8492,0.867328
8493,0.861184
8494,0.898048
8495,0.968704
8496,0.916480
8497,0.859136
8498,0.887808
8499,0.921600
8500,0.892928
8501,0.975872
8502,0.956416
8503,0.883712
8504,0.904192
8505,0.930816
8506,0.932864
8507,0.859136
8508,0.896000
8509,0.965632
8510,0.942080
8511,0.940032
8512,0.909312
8513,0.912384
8514,0.914432
8515,0.958464
8516,0.891904
8517,0.870400
8518,0.960512
8519,0.897024
8520,0.956416
8521,0.923648
8522,0.924672
8523,0.934912
8524,0.953344
8525,0.787456
8526,0.739328
8527,0.872448
8528,0.858112
8529,0.970752
8530,0.861184
8531,0.950272
8532,0.885760
8533,0.951296
8534,0.964608
8535,0.961536
8536,0.859136
8537,0.888832
8538,0.881664
8539,0.913408
8540,0.914432
8541,0.933888
8542,0.918528
8543,0.854016
8544,0.843776
8545,0.915456
8546,0.867328
8547,0.940032
8548,0.903168
8549,0.917504
8550,0.953344
8551,0.904192
8552,0.950272
8553,0.879616
8554,0.942080
8555,0.875520
8556,0.920576
8557,0.849920
8558,0.946176
8559,0.858112
8560,0.891904
8561,0.872448
8562,0.948224
8563,0.875520
8564,0.896000
8565,0.879616
8566,0.913408
8567,0.910336
8568,0.913408
8569,0.930816
8570,0.886784
8571,0.920576
8572,0.904192
8573,0.894976
8574,0.937984
8575,0.861184
8576,0.879616
8577,0.867328
8578,0.829440
8579,0.805888
8580,0.839680
8581,0.824320
8582,0.910336
8583,0.842752
8584,0.866304
8585,0.899072
8586,0.899072
8587,0.940032
8588,0.879616
8589,0.879616
8590,0.969728
8591,0.899072
8592,0.732160
8593,0.719872
8594,0.886784
8595,0.911360
8596,0.880640
8597,0.949248
8598,0.847872
8599,0.883712
8600,0.886784
8601,0.886784
8602,0.864256
8603,0.896000
8604,0.904192
8605,0.908288
8606,0.878592
8607,0.903168
8608,0.880640
8609,0.891904
8610,0.873472
8611,0.893952
8612,0.822272
8613,0.897024
8614,0.876544
8615,0.832512
8616,0.833536
8617,0.866304
8618,0.869376
8619,0.912384
8620,0.882688
8621,0.885760
8622,0.862208
8623,0.828416
8624,0.839680
8625,0.901120
8626,0.818176
8627,0.965632
8628,0.899072
8629,0.838656
8630,0.925696
8631,0.870400
8632,0.878592
8633,0.896000
8634,0.903168
8635,0.933888
8636,0.880640
8637,0.844800
8638,0.945152
8639,0.889856
8640,0.928768
8641,0.905216
8642,0.909312
8643,0.893952
8644,0.893952
8645,0.901120
8646,0.941056
8647,0.922624
8648,0.909312
8649,0.888832
8650,0.823296
8651,0.866304
8652,0.848896
8653,0.937984
8654,0.893952
8655,0.875520
8656,0.911360
8657,0.888832
8658,0.914432
8659,0.591872
8660,0.560128
8661,0.865280
8662,0.860160
8663,0.910336
8664,0.871424
8665,0.888832
8666,0.880640
8667,0.857088
8668,0.877568
8669,0.916480
8670,0.883712
8671,0.876544
8672,0.893952
8673,0.874496
8674,0.843776
8675,0.860160
8676,0.870400
8677,0.879616
8678,2.341888
8679,2.526208
8680,0.847872
8681,0.871424
8682,0.923648
8683,0.856064
8684,0.866304
8685,0.905216
8686,0.888832
8687,0.877568
8688,0.939008
8689,0.940032
8690,0.900096
8691,0.869376
8692,0.923648
8693,0.886784
8694,0.924672
8695,0.883712
8696,0.883712
8697,0.874496
8698,0.900096
8699,0.884736
8700,0.917504
8701,0.862208
8702,0.872448
8703,0.834560
8704,0.774144
8705,0.890880
8706,0.875520
8707,0.886784
8708,0.887808
8709,0.913408
8710,0.882688
8711,0.870400
8712,0.909312
8713,0.869376
8714,0.909312
8715,0.892928
8716,3.428352
8717,0.886784
8718,0.924672
8719,0.925696
8720,0.883712
8721,0.632832
8722,0.780288
8723,1.856512
8724,0.861184
8725,0.916480
8726,0.881664
8727,0.928768
8728,0.815104
8729,0.909312
8730,0.854016
8731,0.867328
8732,3.463168
8733,0.842752
8734,0.835584
8735,0.875520
8736,0.882688
8737,0.899072
8738,0.844800
8739,0.827392
8740,0.885760
8741,0.805888
8742,0.864256
8743,0.886784
8744,0.873472
8745,0.882688
8746,0.877568
8747,0.920576
8748,0.903168
8749,0.897024
8750,0.923648
8751,0.924672
8752,0.917504
8753,0.883712
8754,0.918528
8755,0.936960
8756,0.936960
8757,0.828416
8758,0.902144
8759,0.887808
8760,0.933888
8761,0.896000
8762,0.901120
8763,0.873472
8764,0.928768
8765,0.924672
8766,0.932864
8767,0.890880
8768,0.876544
8769,0.936960
8770,0.874496
8771,0.935936
8772,0.894976
8773,0.987136
8774,0.916480
8775,0.814080
8776,0.877568
8777,0.917504
8778,0.960512
8779,0.856064
8780,0.898048
8781,0.920576
8782,0.850944
8783,0.759808
8784,0.616448
8785,0.790528
8786,0.903168
8787,0.875520
8788,0.883712
8789,0.849920
8790,0.860160
8791,0.932864
8792,0.910336
8793,0.880640
8794,0.925696
8795,0.900096
8796,0.918528
8797,0.861184
8798,0.886784
8799,0.870400
8800,0.873472
8801,0.902144
8802,0.939008
8803,0.914432
8804,0.941056
8805,0.876544
8806,0.847872
8807,0.894976
8808,0.858112
8809,0.842752
8810,0.833536
8811,0.874496
8812,0.856064
8813,0.875520
8814,0.894976
8815,0.906240
8816,0.889856
8817,0.894976
8818,0.861184
8819,0.884736
8820,0.920576
8821,0.899072
8822,0.896000
8823,0.873472
8824,0.870400
8825,0.873472
8826,0.882688
8827,0.934912
8828,0.915456
8829,0.907264
8830,0.870400
8831,0.925696
8832,0.868352
8833,0.880640
8834,0.880640
8835,0.892928
8836,0.771072
8837,0.852992
8838,0.834560
8839,0.838656
8840,0.870400
8841,0.873472
8842,0.887808
8843,0.945152
8844,0.882688
8845,0.923648
8846,0.866304
8847,0.866304
8848,0.906240
8849,0.937984
8850,0.879616
8851,0.884736
8852,0.658432
8853,0.616448
8854,0.946176
8855,0.896000
8856,0.890880
8857,0.921600
8858,0.888832
8859,0.900096
8860,0.762880
8861,0.917504
8862,0.872448
8863,0.914432
8864,0.915456
8865,0.914432
8866,0.855040
8867,0.918528
8868,0.899072
8869,0.892928
8870,0.854016
8871,0.857088
8872,0.585728
8873,0.846848
8874,0.833536
8875,0.867328
8876,0.889856
8877,0.886784
8878,0.888832
8879,0.873472
8880,0.927744
8881,0.913408
8882,0.944128
8883,0.847872
8884,0.879616
8885,0.884736
8886,0.870400
8887,0.883712
8888,0.908288
8889,0.876544
8890,0.869376
8891,0.949248
8892,0.865280
8893,0.893952
8894,0.888832
8895,0.874496
8896,0.880640
8897,0.914432
8898,0.897024
8899,0.934912
8900,0.858112
8901,0.918528
8902,0.857088
8903,0.888832
8904,0.900096
8905,0.861184
8906,0.860160
8907,0.823296
8908,0.843776
8909,0.917504
8910,0.889856
8911,0.881664
8912,0.934912
8913,0.900096
8914,0.904192
8915,0.862208
8916,0.954368
8917,0.863232
8918,0.916480
8919,0.846848
8920,0.742400
8921,0.590848
8922,0.501760
8923,0.544768
8924,0.515072
8925,0.512000
8926,0.499712
8927,0.246784
8928,0.198656
8929,0.211968
8930,0.184320
8931,0.906240
8932,0.876544
8933,0.939008
8934,0.900096
8935,0.920576
8936,0.910336
8937,0.904192
8938,0.889856
8939,0.931840
8940,0.886784
8941,0.879616
8942,0.878592
8943,0.893952
8944,0.862208
8945,0.865280
8946,0.887808
8947,0.920576
8948,0.867328
8949,0.875520
8950,0.905216
8951,1.044480
8952,0.749568
8953,0.893952
8954,0.927744
8955,0.891904
8956,0.858112
8957,0.812032
8958,0.819200
8959,0.889856
8960,0.838656
8961,0.889856
8962,0.836608
8963,0.869376
8964,0.880640
8965,0.881664
8966,0.906240
8967,0.870400
8968,0.924672
8969,0.847872
8970,0.953344
8971,0.898048
8972,0.888832
8973,0.866304
8974,0.900096
8975,0.871424
8976,0.917504
8977,0.873472
8978,0.929792
8979,0.900096
8980,0.879616
8981,0.948224
8982,0.901120
8983,0.912384
8984,0.883712
8985,0.915456
8986,0.917504
8987,0.907264
8988,0.893952
8989,0.901120
8990,0.900096
8991,0.845824
8992,0.924672
8993,0.828416
8994,0.807936
8995,0.856064
8996,0.945152
8997,0.905216
8998,0.826368
8999,0.620544
9000,0.450560
9001,0.418816
9002,0.295936
9003,0.303104
9004,0.883712
9005,0.878592
9006,0.882688
9007,0.889856
9008,0.847872
9009,0.855040
9010,0.858112
9011,0.966656
9012,0.833536
9013,0.886784
9014,0.848896
9015,0.978944
9016,0.916480
9017,0.873472
9018,0.898048
9019,0.829440
9020,0.863232
9021,0.915456
9022,0.892928
9023,0.902144
9024,0.867328
9025,0.854016
9026,0.905216
9027,0.875520
9028,0.879616
9029,0.906240
9030,0.835584
9031,0.836608
9032,0.865280
9033,0.856064
9034,0.863232
9035,0.886784
9036,0.869376
9037,0.894976
9038,0.878592
9039,0.886784
9040,0.854016
9041,0.873472
9042,0.845824
9043,0.852992
9044,0.869376
9045,0.851968
9046,0.779264
9047,0.827392
9048,0.855040
9049,0.840704
9050,0.890880
9051,0.884736
9052,0.866304
9053,0.873472
9054,0.804864
9055,0.844800
9056,0.883712
9057,0.901120
9058,0.857088
9059,0.891904
9060,0.867328
9061,0.865280
9062,0.851968
9063,0.890880
9064,0.875520
9065,0.864256
9066,0.888832
9067,0.890880
9068,0.913408
9069,0.819200
9070,0.906240
9071,0.796672
9072,0.772096
9073,0.827392
9074,0.905216
9075,0.881664
9076,0.880640
9077,0.875520
9078,0.910336
9079,0.921600
9080,0.877568
9081,0.907264
9082,0.907264
9083,0.886784
9084,0.862208
9085,0.896000
9086,0.852992
9087,0.874496
9088,0.869376
9089,0.883712
9090,0.855040
9091,0.899072
9092,0.868352
9093,0.839680
9094,0.875520
9095,0.871424
9096,0.832512
9097,0.873472
9098,0.831488
9099,0.833536
9100,0.854016
9101,0.879616
9102,0.838656
9103,0.882688
9104,0.891904
9105,0.914432
9106,0.819200
9107,0.868352
9108,0.970752
9109,1.069056
9110,0.685056
9111,0.876544
9112,0.900096
9113,0.866304
9114,0.926720
9115,0.904192
9116,0.888832
9117,0.888832
9118,0.860160
9119,0.796672
9120,0.862208
9121,0.823296
9122,0.815104
9123,0.934912
9124,0.842752
9125,0.870400
9126,0.907264
9127,0.873472
9128,0.876544
9129,0.872448
9130,0.832512
9131,0.842752
9132,0.862208
9133,0.874496
9134,0.883712
9135,0.918528
9136,0.841728
9137,0.882688
9138,0.832512
9139,0.914432
9140,0.806912
9141,0.733184
9142,2.016256
9143,0.462848
9144,1.784832
9145,0.805888
9146,0.842752
9147,0.867328
9148,0.861184
9149,0.857088
9150,0.900096
9151,0.884736
9152,0.825344
9153,0.843776
9154,0.886784
9155,0.890880
9156,0.872448
9157,0.905216
9158,0.866304
9159,0.892928
9160,0.930816
9161,0.885760
9162,0.864256
9163,0.857088
9164,0.891904
9165,0.861184
9166,0.878592
9167,0.864256
9168,0.880640
9169,0.860160
9170,0.850944
9171,0.825344
9172,0.800768
9173,0.836608
9174,0.835584
9175,0.901120
9176,0.894976
9177,0.835584
9178,0.873472
9179,0.852992
9180,0.850944
9181,0.854016
9182,3.175424
9183,0.778240
9184,0.798720
9185,0.904192
9186,0.873472
9187,0.867328
9188,0.877568
9189,0.867328
9190,1.943552
9191,0.859136
9192,0.814080
9193,0.900096
9194,0.888832
9195,0.872448
9196,0.807936
9197,0.858112
9198,3.393536
9199,0.798720
9200,0.942080
9201,0.862208
9202,0.864256
9203,0.887808
9204,0.847872
9205,0.879616
9206,0.870400
9207,0.684032
9208,0.546816
9209,0.540672
9210,0.757760
9211,0.905216
9212,0.839680
9213,0.876544
9214,0.843776
9215,0.884736
9216,0.854016
9217,0.892928
9218,0.860160
9219,0.860160
9220,0.849920
9221,0.898048
9222,0.837632
9223,0.834560
9224,0.858112
9225,0.914432
9226,0.849920
9227,0.872448
9228,0.861184
9229,0.859136
9230,0.843776
9231,0.838656
9232,0.861184
9233,0.828416
9234,0.798720
9235,0.793600
9236,0.820224
9237,0.841728
9238,0.800768
9239,0.867328
9240,0.837632
9241,0.885760
9242,0.850944
9243,0.851968
9244,0.876544
9245,0.872448
9246,0.902144
9247,0.786432
9248,0.845824
9249,0.858112
9250,0.844800
9251,0.935936
9252,0.644096
9253,0.352256
9254,0.904192
9255,0.835584
9256,0.878592
9257,0.857088
9258,0.865280
9259,0.852992
9260,0.839680
9261,0.876544
9262,0.869376
9263,0.825344
9264,0.904192
9265,0.819200
9266,0.867328
9267,0.833536
9268,0.874496
9269,0.928768
9270,0.867328
9271,0.865280
9272,0.857088
9273,0.890880
9274,0.920576
9275,0.832512
9276,0.830464
9277,0.860160
9278,0.874496
9279,0.822272
9280,0.620544
9281,0.839680
9282,0.879616
9283,0.888832
9284,0.823296
9285,0.844800
9286,0.838656
9287,0.860160
9288,0.784384
9289,0.790528
9290,0.804864
9291,0.826368
9292,0.867328
9293,0.874496
9294,0.863232
9295,0.811008
9296,0.859136
9297,0.874496
9298,0.835584
9299,0.855040
9300,0.818176
9301,0.850944
9302,0.854016
9303,0.871424
9304,0.873472
9305,0.841728
9306,0.906240
9307,0.838656
9308,0.815104
9309,0.813056
9310,0.871424
9311,0.808960
9312,0.827392
9313,0.841728
9314,0.861184
9315,0.843776
9316,0.870400
9317,0.805888
9318,0.805888
9319,0.834560
9320,0.845824
9321,0.837632
9322,0.795648
9323,0.826368
9324,0.770048
9325,0.861184
9326,0.856064
9327,0.860160
9328,0.906240
9329,0.856064
9330,0.817152
9331,0.891904
9332,0.866304
9333,0.868352
9334,0.850944
9335,0.821248
9336,0.901120
9337,0.834560
9338,0.887808
9339,0.893952
9340,0.882688
9341,0.884736
9342,0.835584
9343,0.892928
9344,0.848896
9345,0.859136
9346,0.866304
9347,0.843776
9348,0.879616
9349,0.868352
9350,0.878592
9351,0.711680
9352,0.600064
9353,0.636928
9354,0.623616
9355,0.588800
9356,0.343040
9357,0.169984
9358,0.165888
9359,0.171008
9360,0.164864
9361,0.806912
9362,0.886784
9363,0.834560
9364,0.829440
9365,0.862208
9366,0.864256
9367,0.862208
9368,0.879616
9369,0.859136
9370,0.873472
9371,0.851968
9372,0.882688
9373,0.848896
9374,0.891904
9375,0.859136
9376,0.840704
9377,0.814080
9378,0.818176
9379,0.857088
9380,0.885760
9381,0.842752
9382,0.883712
9383,0.900096
9384,0.882688
9385,0.869376
9386,0.867328
9387,0.841728
9388,0.885760
9389,0.864256
9390,0.866304
9391,0.849920
9392,0.849920
9393,0.826368
9394,0.856064
9395,0.731136
9396,0.794624
9397,0.842752
9398,0.841728
9399,0.871424
9400,0.828416
9401,0.868352
9402,0.899072
9403,0.856064
9404,0.835584
9405,0.899072
9406,0.829440
9407,0.851968
9408,0.851968
9409,0.881664
9410,0.846848
9411,0.886784
9412,0.906240
9413,2.339840
9414,2.342912
9415,0.816128
9416,0.775168
9417,0.887808
9418,0.814080
9419,0.836608
9420,0.835584
9421,0.804864
9422,0.846848
9423,0.832512
9424,0.837632
9425,0.862208
9426,0.847872
9427,0.840704
9428,0.791552
9429,0.705536
9430,0.693248
9431,0.623616
9432,0.586752
9433,0.667648
9434,0.816128
9435,0.848896
9436,0.900096
9437,0.834560
9438,0.881664
9439,0.855040
9440,0.789504
9441,0.858112
9442,0.841728
9443,0.845824
9444,0.863232
9445,0.814080
9446,0.842752
9447,0.835584
9448,0.861184
9449,0.889856
9450,0.873472
9451,0.835584
9452,0.845824
9453,0.806912
9454,0.862208
9455,0.857088
9456,0.852992
9457,0.782336
9458,0.830464
9459,0.807936
9460,0.746496
9461,0.801792
9462,0.864256
9463,0.851968
9464,0.799744
9465,0.815104
9466,0.839680
9467,0.804864
9468,3.151872
9469,0.833536
9470,0.819200
9471,0.847872
9472,0.796672
9473,0.785408
9474,0.849920
9475,0.864256
9476,1.893376
9477,0.790528
9478,0.802816
9479,0.890880
9480,0.832512
9481,0.811008
9482,0.842752
9483,1.823744
9484,0.801792
9485,3.133440
9486,0.866304
9487,0.812032
9488,0.863232
9489,0.802816
9490,0.875520
9491,0.849920
9492,0.806912
9493,0.836608
9494,0.814080
9495,0.829440
9496,0.778240
9497,0.783360
9498,0.677888
9499,0.643072
9500,0.660480
9501,0.550912
9502,0.284672
9503,0.231424
9504,0.224256
9505,0.743424
9506,0.836608
9507,0.816128
9508,0.796672
9509,0.807936
9510,0.776192
9511,0.805888
9512,0.817152
9513,0.793600
9514,0.758784
9515,0.791552
9516,0.805888
9517,0.832512
9518,0.782336
9519,0.801792
9520,0.806912
9521,0.773120
9522,0.776192
9523,0.807936
9524,0.763904
9525,0.719872
9526,0.701440
9527,0.759808
9528,0.738304
9529,0.741376
9530,0.739328
9531,0.770048
9532,0.768000
9533,0.724992
9534,0.745472
9535,0.746496
9536,0.751616
9537,0.805888
9538,0.723968
9539,0.753664
9540,0.732160
9541,0.745472
9542,0.735232
9543,0.757760
9544,0.738304
9545,0.781312
9546,0.741376
9547,0.743424
9548,0.723968
9549,0.727040
9550,0.729088
9551,0.703488
9552,0.762880
9553,0.766976
9554,0.740352
9555,0.739328
9556,0.740352
9557,0.751616
9558,0.712704
9559,0.741376
9560,0.762880
9561,0.798720
9562,0.730112
9563,0.719872
9564,0.748544
9565,0.750592
9566,0.745472
9567,0.743424
9568,0.758784
9569,0.788480
9570,0.714752
9571,0.763904
9572,0.745472
9573,0.753664
9574,0.752640
9575,0.683008
9576,0.720896
9577,0.738304
9578,0.740352
9579,0.754688
9580,0.735232
9581,0.712704
9582,0.737280
9583,0.728064
9584,0.748544
9585,0.712704
9586,0.722944
9587,0.723968
9588,0.741376
9589,0.512000
9590,0.369664
9591,0.175104
9592,0.176128
9593,0.177152
9594,0.183296
9595,0.171008
9596,0.174080
9597,0.166912
9598,0.163840
9599,0.168960
9600,0.163840
9601,0.173056
9602,0.166912
9603,0.167936
9604,0.164864
9605,0.169984
9606,0.715776
9607,0.744448
9608,0.683008
9609,0.716800
9610,0.709632
9611,0.706560
9612,0.698368
9613,0.726016
9614,0.716800
9615,0.730112
9616,0.750592
9617,0.722944
9618,0.703488
9619,0.663552
9620,0.670720
9621,0.753664
9622,0.708608
9623,0.719872
9624,0.652288
9625,0.681984
9626,0.683008
9627,0.716800
9628,0.708608
9629,0.647168
9630,0.723968
9631,0.741376
9632,0.715776
9633,0.686080
9634,0.705536
9635,0.689152
9636,0.679936
9637,0.698368
9638,0.683008
9639,0.688128
9640,0.709632
9641,0.713728
9642,0.666624
9643,0.672768
9644,0.713728
9645,0.694272
9646,0.793600
9647,0.700416
9648,0.461824
9649,0.713728
9650,0.679936
9651,0.686080
9652,0.676864
9653,0.678912
9654,0.680960
9655,0.697344
9656,0.708608
9657,0.678912
9658,0.711680
9659,0.671744
9660,0.713728
9661,0.691200
9662,0.714752
9663,0.716800
9664,2.367488
9665,0.657408
9666,0.687104
9667,2.246656
9668,0.742400
9669,0.697344
9670,0.733184
9671,0.693248
9672,0.726016
9673,0.687104
9674,0.723968
9675,0.672768
9676,0.702464
9677,0.705536
9678,0.670720
9679,0.714752
9680,0.712704
9681,0.731136
9682,0.728064
9683,0.709632
9684,0.674816
9685,0.715776
9686,0.691200
9687,0.720896
9688,0.664576
9689,0.695296
9690,0.686080
9691,0.730112
9692,0.721920
9693,0.691200
9694,0.743424
9695,0.720896
9696,0.696320
9697,0.632832
9698,0.588800
9699,0.545792
9700,0.406528
9701,0.326656
9702,0.203776
9703,0.191488
9704,0.185344
9705,0.188416
9706,0.163840
9707,0.712704
9708,0.660480
9709,0.669696
9710,0.647168
9711,0.699392
9712,0.686080
9713,0.666624
9714,2.902016
9715,0.672768
9716,0.662528
9717,0.700416
9718,0.659456
9719,0.687104
9720,0.630784
9721,0.667648
9722,0.686080
9723,0.694272
9724,0.702464
9725,0.644096
9726,0.644096
9727,0.656384
9728,0.691200
9729,0.656384
9730,0.699392
9731,0.670720
9732,0.666624
9733,0.677888
9734,0.710656
9735,0.654336
9736,0.663552
9737,0.675840
9738,1.669120
9739,0.637952
9740,0.681984
9741,0.671744
9742,0.644096
9743,0.674816
9744,0.674816
9745,0.660480
9746,1.855488
9747,0.596992
9748,2.891776
9749,0.629760
9750,0.599040
9751,0.659456
9752,0.680960
9753,0.580608
9754,0.630784
9755,0.620544
9756,0.621568
9757,0.604160
9758,0.627712
9759,0.601088
9760,0.625664
9761,0.600064
9762,0.613376
9763,0.627712
9764,0.618496
9765,0.619520
9766,0.628736
9767,0.670720
9768,0.628736
9769,0.621568
9770,0.603136
9771,0.578560
9772,0.601088
9773,0.629760
9774,0.617472
9775,0.628736
9776,0.628736
9777,0.652288
9778,0.620544
9779,0.641024
9780,0.617472
9781,0.611328
9782,0.623616
9783,0.633856
9784,0.620544
9785,0.615424
9786,0.595968
9787,0.619520
9788,0.598016
9789,0.629760
9790,0.580608
9791,0.618496
9792,0.617472
9793,0.628736
9794,0.626688
9795,0.631808
9796,0.497664
9797,0.412672
9798,0.330752
9799,0.323584
9800,0.239616
9801,0.218112
9802,0.227328
9803,0.205824
9804,0.524288
9805,0.601088
9806,0.613376
9807,0.599040
9808,0.523264
9809,0.616448
9810,0.546816
9811,0.604160
9812,0.563200
9813,0.578560
9814,0.561152
9815,0.547840
9816,0.531456
9817,0.591872
9818,0.543744
9819,0.585728
9820,0.549888
9821,0.603136
9822,0.561152
9823,0.555008
9824,0.581632
9825,0.576512
9826,0.577536
9827,0.570368
9828,0.536576
9829,0.551936
9830,0.542720
9831,0.555008
9832,0.565248
9833,0.550912
9834,0.538624
9835,0.567296
9836,0.558080
9837,0.593920
9838,0.578560
9839,0.561152
9840,0.569344
9841,0.560128
9842,0.602112
9843,0.560128
9844,0.581632
9845,0.522240
9846,0.591872
9847,0.534528
9848,0.623616
9849,0.562176
9850,0.583680
9851,0.556032
9852,0.556032
9853,0.558080
9854,0.560128
9855,0.544768
9856,0.546816
9857,0.529408
9858,0.714752
9859,0.473088
9860,0.556032
9861,0.562176
9862,0.548864
9863,0.553984
9864,0.536576
9865,0.556032
9866,0.589824
9867,0.560128
9868,0.536576
9869,0.514048
9870,0.662528
9871,0.494592
9872,0.529408
9873,0.530432
9874,0.537600
9875,0.481280
9876,0.540672
9877,0.539648
9878,0.489472
9879,0.533504
9880,0.487424
9881,0.515072
9882,0.504832
9883,0.506880
9884,0.528384
9885,0.539648
9886,0.488448
9887,0.524288
9888,0.546816
9889,0.527360
9890,0.476160
9891,0.547840
9892,0.530432
9893,0.501760
9894,0.510976
9895,0.527360
9896,0.516096
9897,0.534528
9898,0.496640
9899,0.507904
9900,0.482304
9901,0.499712
9902,0.539648
9903,0.452608
9904,0.512000
9905,0.515072
9906,0.500736
9907,0.521216
9908,0.476160
9909,0.503808
9910,0.510976
9911,0.454656
9912,0.468992
9913,0.446464
9914,0.474112
9915,0.450560
9916,0.439296
9917,0.450560
9918,0.491520
9919,0.489472
9920,0.456704
9921,0.486400
9922,0.483328
9923,0.466944
9924,0.470016
9925,0.442368
9926,0.443392
9927,0.389120
9928,0.421888
9929,0.382976
9930,0.429056
9931,0.408576
9932,0.388096
9933,0.406528
9934,0.431104
9935,0.420864
9936,0.424960
9937,0.400384
9938,0.443392
9939,0.384000
9940,0.430080
9941,0.404480
9942,0.401408
9943,0.370688
9944,0.367616
9945,0.395264
9946,0.364544
9947,0.389120
9948,0.394240
9949,0.338944
9950,0.314368
9951,0.305152
9952,0.318464
9953,0.333824
9954,0.352256
9955,0.328704
9956,0.302080
9957,0.301056
9958,0.297984
9959,0.305152
9960,0.310272
9961,0.289792
9962,0.318464
9963,0.302080
9964,0.303104
9965,0.318464
9966,0.293888
9967,0.303104
9968,0.275456
9969,0.266240
9970,0.293888
9971,0.270336
9972,0.271360
9973,0.297984
9974,0.262144
9975,0.284672
9976,0.275456
9977,0.287744
9978,0.272384
9979,0.265216
9980,0.279552
9981,0.281600
9982,0.286720
9983,0.277504
9984,0.272384
9985,0.269312
9986,0.258048
9987,0.262144
9988,0.274432
9989,0.288768
9990,0.284672
9991,0.273408
9992,0.273408
9993,0.284672
9994,0.296960
9995,0.266240
9996,0.282624
9997,0.265216
9998,0.177152
9999,0.176128
