iter,ms
0,0.356352
1,0.405504
2,0.418816
3,0.359424
4,0.429056
5,0.376832
6,0.379904
7,0.397312
8,0.380928
9,0.418816
10,0.388096
11,0.423936
12,0.424960
13,0.371712
14,0.447488
15,0.380928
16,0.389120
17,0.417792
18,0.384000
19,0.413696
20,0.429056
21,0.400384
22,0.409600
23,0.374784
24,0.245760
25,0.268288
26,0.378880
27,0.419840
28,0.379904
29,0.386048
30,0.430080
31,0.407552
32,0.404480
33,0.371712
34,0.377856
35,0.388096
36,0.416768
37,0.416768
38,0.459776
39,0.402432
40,0.458752
41,0.485376
42,0.432128
43,0.481280
44,0.477184
45,0.483328
46,0.502784
47,0.521216
48,0.465920
49,0.507904
50,0.495616
51,0.477184
52,0.529408
53,0.551936
54,0.531456
55,0.488448
56,0.549888
57,0.524288
58,0.485376
59,0.504832
60,0.580608
61,0.562176
62,0.509952
63,0.546816
64,0.544768
65,0.598016
66,0.540672
67,0.527360
68,0.539648
69,0.592896
70,0.501760
71,0.604160
72,0.532480
73,0.549888
74,0.457728
75,0.592896
76,0.543744
77,0.543744
78,0.544768
79,0.655360
80,0.585728
81,0.621568
82,0.578560
83,0.582656
84,0.617472
85,0.624640
86,0.616448
87,0.618496
88,0.623616
89,0.633856
90,0.667648
91,0.634880
92,0.626688
93,0.657408
94,0.648192
95,0.667648
96,0.621568
97,0.613376
98,0.681984
99,0.632832
100,0.623616
101,0.652288
102,0.770048
103,0.637952
104,0.758784
105,0.569344
106,0.687104
107,0.678912
108,0.701440
109,0.726016
110,0.680960
111,0.700416
112,0.732160
113,0.687104
114,0.701440
115,0.650240
116,0.499712
117,0.519168
118,0.644096
119,0.667648
120,0.743424
121,0.739328
122,0.707584
123,0.698368
124,0.802816
125,0.707584
126,0.708608
127,0.747520
128,0.683008
129,0.678912
130,0.704512
131,0.733184
132,0.736256
133,0.736256
134,0.716800
135,0.710656
136,0.760832
137,0.728064
138,0.708608
139,0.738304
140,0.742400
141,0.690176
142,0.738304
143,0.763904
144,0.729088
145,0.726016
146,0.722944
147,0.716800
148,0.688128
149,0.678912
150,0.670720
151,0.700416
152,0.689152
153,0.773120
154,0.744448
155,0.752640
156,0.698368
157,0.723968
158,0.703488
159,0.690176
160,0.703488
161,0.720896
162,0.730112
163,0.752640
164,0.707584
165,0.726016
166,0.742400
167,0.749568
168,0.802816
169,0.769024
170,0.664576
171,0.739328
172,0.681984
173,0.708608
174,0.710656
175,0.741376
176,0.761856
177,0.726016
178,0.778240
179,0.778240
180,0.779264
181,0.756736
182,0.757760
183,0.707584
184,0.761856
185,0.754688
186,0.698368
187,0.599040
188,0.775168
189,0.775168
190,0.764928
191,0.806912
192,0.763904
193,0.788480
194,0.804864
195,0.771072
196,0.797696
197,0.723968
198,0.684032
199,0.528384
200,0.452608
201,0.384000
202,0.804864
203,0.746496
204,0.665600
205,0.804864
206,0.431104
207,0.690176
208,0.844800
209,0.826368
210,0.846848
211,0.832512
212,0.784384
213,0.829440
214,0.805888
215,0.796672
216,0.813056
217,0.789504
218,0.745472
219,0.837632
220,0.759808
221,0.804864
222,0.808960
223,0.819200
224,0.826368
225,0.847872
226,0.787456
227,0.818176
228,0.859136
229,0.857088
230,0.806912
231,0.862208
232,0.806912
233,0.812032
234,0.778240
235,0.821248
236,0.808960
237,0.872448
238,0.789504
239,0.842752
240,0.835584
241,0.807936
242,0.754688
243,0.842752
244,0.797696
245,0.795648
246,0.812032
247,0.811008
248,0.799744
249,0.742400
250,0.882688
251,0.635904
252,0.833536
253,0.879616
254,0.840704
255,0.887808
256,0.817152
257,0.821248
258,0.804864
259,0.826368
260,0.813056
261,0.787456
262,0.758784
263,0.776192
264,0.783360
265,0.805888
266,0.851968
267,0.826368
268,0.790528
269,0.859136
270,0.759808
271,0.826368
272,0.803840
273,0.741376
274,0.630784
275,0.423936
276,0.732160
277,0.819200
278,0.821248
279,0.881664
280,0.847872
281,0.799744
282,0.873472
283,0.845824
284,0.828416
285,0.902144
286,0.864256
287,0.885760
288,0.855040
289,0.856064
290,0.878592
291,0.841728
292,0.860160
293,0.857088
294,0.833536
295,0.926720
296,0.840704
297,0.872448
298,0.881664
299,0.851968
300,0.842752
301,0.893952
302,0.889856
303,0.887808
304,0.915456
305,0.836608
306,0.894976
307,0.891904
308,0.911360
309,0.871424
310,0.824320
311,0.852992
312,0.837632
313,0.880640
314,0.877568
315,0.829440
316,0.867328
317,0.882688
318,0.817152
319,0.833536
320,0.859136
321,0.883712
322,0.900096
323,0.930816
324,0.949248
325,0.884736
326,0.871424
327,0.850944
328,0.866304
329,0.933888
330,0.833536
331,0.864256
332,0.905216
333,0.857088
334,0.874496
335,0.898048
336,0.908288
337,0.879616
338,0.870400
339,0.903168
340,0.859136
341,0.927744
342,0.783360
343,0.604160
344,0.898048
345,0.905216
346,0.932864
347,0.901120
348,0.869376
349,0.885760
350,0.876544
351,0.860160
352,0.808960
353,0.917504
354,0.942080
355,0.841728
356,0.857088
357,0.859136
358,0.854016
359,0.893952
360,0.872448
361,0.925696
362,0.887808
363,0.863232
364,0.900096
365,0.916480
366,0.856064
367,0.872448
368,0.915456
369,0.898048
370,0.866304
371,0.912384
372,0.947200
373,0.893952
374,0.885760
375,0.913408
376,0.915456
377,0.860160
378,0.936960
379,0.927744
380,0.829440
381,0.903168
382,0.942080
383,0.935936
384,0.898048
385,0.857088
386,0.883712
387,0.865280
388,0.901120
389,0.860160
390,0.865280
391,0.898048
392,0.850944
393,0.917504
394,0.924672
395,0.897024
396,0.878592
397,0.901120
398,0.852992
399,0.951296
400,0.946176
401,0.927744
402,0.916480
403,0.942080
404,0.856064
405,0.923648
406,0.893952
407,0.889856
408,0.809984
409,0.745472
410,0.584704
411,0.696320
412,0.845824
413,0.930816
414,0.900096
415,0.931840
416,0.913408
417,0.919552
418,0.917504
419,0.892928
420,0.907264
421,0.890880
422,0.904192
423,0.885760
424,0.929792
425,0.925696
426,0.874496
427,0.884736
428,0.910336
429,0.565248
430,0.876544
431,0.869376
432,0.861184
433,0.920576
434,0.865280
435,0.954368
436,0.874496
437,0.841728
438,0.884736
439,0.878592
440,0.933888
441,0.941056
442,0.872448
443,0.859136
444,0.902144
445,0.836608
446,0.892928
447,0.931840
448,0.900096
449,0.917504
450,0.888832
451,0.898048
452,0.963584
453,0.927744
454,0.864256
455,0.950272
456,0.927744
457,0.965632
458,0.910336
459,0.902144
460,0.966656
461,0.902144
462,0.855040
463,0.933888
464,0.863232
465,0.856064
466,0.856064
467,0.881664
468,0.897024
469,0.933888
470,0.923648
471,0.946176
472,0.935936
473,0.888832
474,0.897024
475,0.888832
476,0.908288
477,0.871424
478,0.892928
479,0.924672
480,0.849920
481,0.923648
482,0.955392
483,0.854016
484,0.880640
485,0.917504
486,0.888832
487,0.919552
488,0.921600
489,0.911360
490,0.980992
491,0.931840
492,0.901120
493,0.918528
494,0.949248
495,0.911360
496,0.921600
497,0.884736
498,0.947200
499,0.831488
500,0.948224
501,0.885760
502,0.865280
503,0.897024
504,0.838656
505,0.888832
506,0.847872
507,0.880640
508,0.888832
509,0.949248
510,0.965632
511,0.908288
512,0.932864
513,0.920576
514,0.912384
515,0.924672
516,0.896000
517,0.900096
518,0.926720
519,0.842752
520,0.932864
521,0.919552
522,0.909312
523,0.932864
524,0.925696
525,0.907264
526,0.949248
527,0.955392
528,0.946176
529,0.924672
530,0.947200
531,0.922624
532,0.936960
533,0.954368
534,0.900096
535,0.924672
536,0.936960
537,0.846848
538,0.703488
539,0.628736
540,0.519168
541,0.498688
542,0.466944
543,0.933888
544,0.921600
545,0.949248
546,0.924672
547,0.903168
548,0.911360
549,0.937984
550,0.918528
551,0.910336
552,1.018880
553,0.902144
554,0.915456
555,0.927744
556,0.908288
557,0.912384
558,0.910336
559,0.912384
560,0.925696
561,0.917504
562,0.912384
563,0.829440
564,0.935936
565,0.901120
566,0.954368
567,0.954368
568,0.891904
569,0.911360
570,0.916480
571,0.951296
572,0.877568
573,0.886784
574,0.972800
575,0.937984
576,0.879616
577,0.954368
578,0.906240
579,0.942080
580,0.874496
581,0.940032
582,0.917504
583,0.893952
584,0.812032
585,0.913408
586,0.920576
587,0.957440
588,0.917504
589,0.921600
590,0.936960
591,0.967680
592,0.867328
593,0.955392
594,0.934912
595,0.953344
596,0.910336
597,0.892928
598,0.919552
599,0.989184
600,0.933888
601,0.946176
602,0.929792
603,0.955392
604,0.936960
605,0.899072
606,0.704512
607,0.945152
608,0.912384
609,0.920576
610,0.948224
611,0.921600
612,0.874496
613,0.887808
614,0.920576
615,0.919552
616,0.659456
617,0.914432
618,0.872448
619,0.910336
620,0.897024
621,0.852992
622,0.918528
623,1.044480
624,0.884736
625,0.931840
626,0.851968
627,0.907264
628,0.929792
629,0.878592
630,0.910336
631,0.915456
632,0.902144
633,0.924672
634,0.951296
635,0.885760
636,0.933888
637,0.856064
638,0.921600
639,0.875520
640,0.905216
641,0.898048
642,0.961536
643,0.908288
644,0.917504
645,0.926720
646,0.915456
647,0.935936
648,0.940032
649,0.910336
650,0.936960
651,0.975872
652,0.888832
653,0.926720
654,0.905216
655,0.913408
656,0.868352
657,0.874496
658,0.852992
659,0.850944
660,0.894976
661,0.892928
662,0.837632
663,0.930816
664,0.939008
665,0.918528
666,0.869376
667,0.948224
668,0.906240
669,0.919552
670,0.899072
671,0.705536
672,0.398336
673,0.391168
674,0.362496
675,0.373760
676,0.359424
677,0.371712
678,0.338944
679,0.351232
680,0.321536
681,0.918528
682,0.954368
683,0.915456
684,0.886784
685,0.954368
686,0.914432
687,0.910336
688,0.956416
689,0.920576
690,0.913408
691,0.927744
692,0.948224
693,0.924672
694,0.924672
695,0.928768
696,0.915456
697,0.915456
698,0.812032
699,0.830464
700,0.875520
701,0.919552
702,0.884736
703,0.889856
704,0.907264
705,0.922624
706,0.847872
707,0.922624
708,0.881664
709,0.867328
710,0.873472
711,0.887808
712,0.896000
713,0.947200
714,0.914432
715,0.917504
716,0.869376
717,0.918528
718,0.854016
719,0.920576
720,0.927744
721,0.979968
722,0.887808
723,0.965632
724,0.899072
725,0.948224
726,0.918528
727,0.896000
728,0.865280
729,0.885760
730,0.857088
731,0.887808
732,0.864256
733,0.883712
734,0.924672
735,0.915456
736,0.906240
737,0.918528
738,0.921600
739,0.913408
740,0.906240
741,0.943104
742,0.892928
743,0.944128
744,0.876544
745,0.628736
746,0.755712
747,0.937984
748,0.864256
749,0.942080
750,0.847872
751,0.957440
752,0.958464
753,0.801792
754,0.961536
755,0.930816
756,0.908288
757,0.909312
758,0.889856
759,0.842752
760,0.904192
761,0.889856
762,0.927744
763,0.942080
764,0.906240
765,0.927744
766,0.869376
767,0.919552
768,0.851968
769,0.942080
770,0.890880
771,0.925696
772,0.916480
773,0.886784
774,0.906240
775,0.892928
776,0.818176
777,0.881664
778,0.887808
779,0.833536
780,0.900096
781,0.866304
782,0.904192
783,0.925696
784,0.897024
785,0.878592
786,0.883712
787,0.971776
788,0.919552
789,0.929792
790,0.857088
791,0.930816
792,0.861184
793,0.907264
794,0.919552
795,0.929792
796,0.950272
797,0.952320
798,0.915456
799,0.897024
800,0.920576
801,0.902144
802,0.954368
803,0.962560
804,0.909312
805,0.913408
806,0.907264
807,0.904192
808,0.913408
809,0.917504
810,0.845824
811,0.435200
812,0.414720
813,0.850944
814,0.911360
815,0.912384
816,0.891904
817,0.941056
818,0.928768
819,0.889856
820,0.948224
821,0.913408
822,0.868352
823,0.927744
824,0.891904
825,0.928768
826,0.885760
827,0.925696
828,0.898048
829,0.914432
830,0.911360
831,0.937984
832,0.848896
833,0.925696
834,0.894976
835,0.942080
836,0.920576
837,0.914432
838,0.864256
839,0.890880
840,0.933888
841,0.907264
842,0.931840
843,0.911360
844,0.923648
845,0.916480
846,0.856064
847,0.861184
848,0.831488
849,0.860160
850,0.881664
851,0.845824
852,0.886784
853,0.945152
854,0.886784
855,0.888832
856,0.900096
857,0.919552
858,0.933888
859,0.931840
860,0.901120
861,0.901120
862,0.914432
863,0.906240
864,0.926720
865,0.889856
866,0.939008
867,0.934912
868,0.931840
869,0.884736
870,0.911360
871,0.908288
872,0.910336
873,0.953344
874,0.929792
875,1.125376
876,0.614400
877,0.624640
878,0.562176
879,0.490496
880,0.266240
881,0.277504
882,0.279552
883,0.217088
884,0.214016
885,0.224256
886,0.224256
887,0.191488
888,0.189440
889,0.190464
890,0.189440
891,0.164864
892,0.876544
893,0.936960
894,0.925696
895,0.899072
896,0.942080
897,0.933888
898,0.913408
899,0.943104
900,0.902144
901,0.942080
902,0.912384
903,0.898048
904,0.915456
905,0.927744
906,0.916480
907,0.934912
908,0.926720
909,0.901120
910,0.898048
911,0.904192
912,0.958464
913,0.920576
914,0.873472
915,0.903168
916,0.937984
917,0.937984
918,0.866304
919,0.946176
920,0.911360
921,0.933888
922,0.900096
923,0.921600
924,0.924672
925,0.932864
926,0.893952
927,0.951296
928,0.929792
929,0.894976
930,0.857088
931,0.823296
932,0.824320
933,0.858112
934,0.902144
935,0.914432
936,0.916480
937,0.914432
938,0.948224
939,0.985088
940,0.910336
941,0.936960
942,0.909312
943,0.894976
944,0.943104
945,0.889856
946,0.907264
947,0.951296
948,0.926720
949,0.930816
950,0.907264
951,0.920576
952,0.890880
953,0.921600
954,0.964608
955,0.872448
956,0.530432
957,0.698368
958,0.982016
959,0.911360
960,0.947200
961,0.960512
962,0.892928
963,0.985088
964,0.903168
965,0.974848
966,0.888832
967,0.979968
968,0.909312
969,0.966656
970,0.892928
971,0.936960
972,0.848896
973,0.913408
974,0.942080
975,0.930816
976,0.849920
977,0.919552
978,0.896000
979,0.881664
980,0.893952
981,0.865280
982,0.871424
983,0.859136
984,0.886784
985,0.877568
986,0.903168
987,0.887808
988,0.932864
989,0.931840
990,0.881664
991,0.935936
992,0.921600
993,0.927744
994,0.917504
995,0.914432
996,0.956416
997,0.868352
998,0.929792
999,0.935936
1000,0.918528
1001,0.928768
1002,0.911360
1003,0.908288
1004,0.966656
1005,0.910336
1006,0.902144
1007,0.987136
1008,0.942080
1009,0.926720
1010,0.920576
1011,0.915456
1012,0.964608
1013,0.875520
1014,0.945152
1015,0.944128
1016,0.927744
1017,0.942080
1018,0.937984
1019,0.922624
1020,0.855040
1021,0.794624
1022,0.832512
1023,0.883712
1024,0.962560
1025,0.905216
1026,0.886784
1027,0.877568
1028,0.899072
1029,0.847872
1030,0.910336
1031,0.919552
1032,0.832512
1033,0.908288
1034,0.879616
1035,0.934912
1036,0.911360
1037,0.930816
1038,0.928768
1039,0.909312
1040,0.902144
1041,0.964608
1042,0.922624
1043,0.969728
1044,0.907264
1045,0.930816
1046,0.884736
1047,0.888832
1048,0.968704
1049,0.933888
1050,0.904192
1051,0.900096
1052,0.922624
1053,0.906240
1054,0.976896
1055,0.902144
1056,0.867328
1057,0.873472
1058,0.956416
1059,0.911360
1060,0.919552
1061,0.947200
1062,0.901120
1063,0.905216
1064,0.921600
1065,0.892928
1066,0.859136
1067,0.953344
1068,0.890880
1069,0.949248
1070,0.952320
1071,0.894976
1072,0.941056
1073,0.949248
1074,0.933888
1075,0.963584
1076,0.932864
1077,0.931840
1078,0.942080
1079,0.936960
1080,0.935936
1081,0.927744
1082,0.922624
1083,0.927744
1084,0.972800
1085,0.904192
1086,0.709632
1087,0.591872
1088,0.909312
1089,0.902144
1090,0.923648
1091,0.972800
1092,0.919552
1093,1.167360
1094,0.921600
1095,0.870400
1096,0.896000
1097,0.859136
1098,0.947200
1099,0.922624
1100,0.916480
1101,0.897024
1102,0.906240
1103,0.885760
1104,0.948224
1105,0.868352
1106,0.941056
1107,0.947200
1108,0.932864
1109,0.907264
1110,0.953344
1111,0.950272
1112,0.962560
1113,0.886784
1114,0.928768
1115,0.915456
1116,0.893952
1117,0.959488
1118,0.959488
1119,0.871424
1120,0.932864
1121,0.920576
1122,0.924672
1123,0.890880
1124,0.889856
1125,0.930816
1126,0.891904
1127,0.918528
1128,0.904192
1129,0.890880
1130,0.927744
1131,0.849920
1132,0.967680
1133,0.934912
1134,0.890880
1135,0.957440
1136,0.726016
1137,0.891904
1138,0.924672
1139,0.893952
1140,0.905216
1141,0.941056
1142,0.882688
1143,0.898048
1144,0.966656
1145,0.921600
1146,0.910336
1147,0.925696
1148,0.923648
1149,0.958464
1150,0.918528
1151,0.914432
1152,0.657408
1153,0.301056
1154,0.273408
1155,0.249856
1156,0.248832
1157,0.247808
1158,0.901120
1159,0.940032
1160,0.885760
1161,0.917504
1162,0.945152
1163,0.897024
1164,0.892928
1165,0.909312
1166,0.916480
1167,0.947200
1168,0.903168
1169,0.903168
1170,0.965632
1171,0.913408
1172,0.937984
1173,0.884736
1174,0.859136
1175,0.931840
1176,0.913408
1177,0.926720
1178,0.923648
1179,0.875520
1180,0.933888
1181,0.943104
1182,0.877568
1183,0.941056
1184,0.874496
1185,0.889856
1186,0.926720
1187,0.871424
1188,0.946176
1189,0.901120
1190,0.911360
1191,0.955392
1192,0.930816
1193,0.906240
1194,0.873472
1195,0.884736
1196,0.950272
1197,0.882688
1198,0.897024
1199,0.906240
1200,0.934912
1201,0.943104
1202,0.823296
1203,0.890880
1204,0.878592
1205,0.886784
1206,0.890880
1207,0.869376
1208,0.896000
1209,0.879616
1210,0.914432
1211,0.922624
1212,0.947200
1213,0.928768
1214,0.945152
1215,0.863232
1216,0.949248
1217,0.885760
1218,0.916480
1219,0.949248
1220,0.933888
1221,0.887808
1222,0.649216
1223,0.869376
1224,0.956416
1225,0.856064
1226,0.891904
1227,0.922624
1228,0.898048
1229,0.819200
1230,0.888832
1231,0.867328
1232,0.914432
1233,0.883712
1234,0.913408
1235,1.048576
1236,0.943104
1237,0.834560
1238,0.876544
1239,0.924672
1240,0.878592
1241,0.932864
1242,0.901120
1243,0.911360
1244,0.873472
1245,0.867328
1246,0.899072
1247,0.951296
1248,0.885760
1249,0.925696
1250,0.928768
1251,0.907264
1252,0.932864
1253,0.893952
1254,0.901120
1255,0.844800
1256,0.917504
1257,0.854016
1258,0.856064
1259,0.879616
1260,0.925696
1261,0.870400
1262,0.894976
1263,0.878592
1264,0.900096
1265,0.896000
1266,0.857088
1267,0.893952
1268,0.948224
1269,0.873472
1270,0.855040
1271,0.916480
1272,0.890880
1273,0.916480
1274,0.925696
1275,0.925696
1276,0.921600
1277,0.918528
1278,0.935936
1279,0.879616
1280,0.884736
1281,0.921600
1282,0.876544
1283,0.934912
1284,0.883712
1285,0.902144
1286,0.785408
1287,0.720896
1288,0.607232
1289,0.805888
1290,0.864256
1291,0.932864
1292,0.923648
1293,0.993280
1294,0.918528
1295,0.843776
1296,0.933888
1297,0.885760
1298,0.940032
1299,0.914432
1300,0.926720
1301,0.894976
1302,0.934912
1303,1.080320
1304,0.588800
1305,0.866304
1306,0.932864
1307,0.850944
1308,0.934912
1309,0.890880
1310,0.908288
1311,0.875520
1312,0.939008
1313,0.913408
1314,0.919552
1315,0.909312
1316,0.871424
1317,0.943104
1318,0.929792
1319,0.932864
1320,0.890880
1321,0.983040
1322,0.920576
1323,0.942080
1324,0.889856
1325,0.910336
1326,0.881664
1327,0.931840
1328,0.922624
1329,0.867328
1330,0.812032
1331,0.808960
1332,0.908288
1333,0.846848
1334,0.882688
1335,0.915456
1336,0.910336
1337,0.931840
1338,0.931840
1339,0.922624
1340,0.948224
1341,0.912384
1342,0.872448
1343,0.887808
1344,0.920576
1345,0.952320
1346,0.942080
1347,0.925696
1348,0.876544
1349,0.903168
1350,0.846848
1351,0.893952
1352,0.936960
1353,0.831488
1354,0.727040
1355,0.817152
1356,0.912384
1357,0.936960
1358,0.907264
1359,0.899072
1360,0.936960
1361,0.957440
1362,0.906240
1363,0.925696
1364,0.883712
1365,0.871424
1366,0.897024
1367,0.906240
1368,0.899072
1369,0.891904
1370,0.881664
1371,0.902144
1372,0.874496
1373,0.862208
1374,0.915456
1375,0.950272
1376,0.910336
1377,0.901120
1378,0.897024
1379,0.890880
1380,0.928768
1381,0.900096
1382,0.870400
1383,0.908288
1384,0.911360
1385,0.882688
1386,0.900096
1387,0.873472
1388,0.871424
1389,0.897024
1390,0.828416
1391,0.930816
1392,0.872448
1393,0.974848
1394,0.899072
1395,0.950272
1396,0.888832
1397,0.901120
1398,0.875520
1399,0.852992
1400,0.918528
1401,0.941056
1402,0.905216
1403,0.879616
1404,0.917504
1405,0.912384
1406,0.919552
1407,0.892928
1408,0.934912
1409,0.886784
1410,0.979968
1411,0.914432
1412,0.888832
1413,0.836608
1414,0.883712
1415,0.918528
1416,0.917504
1417,0.902144
1418,0.852992
1419,0.846848
1420,0.669696
1421,0.566272
1422,0.253952
1423,0.225280
1424,0.225280
1425,0.222208
1426,0.221184
1427,0.222208
1428,0.210944
1429,0.199680
1430,0.887808
1431,0.882688
1432,0.868352
1433,0.956416
1434,0.922624
1435,0.929792
1436,0.866304
1437,0.912384
1438,0.911360
1439,0.870400
1440,0.876544
1441,0.901120
1442,0.920576
1443,0.851968
1444,0.899072
1445,0.846848
1446,0.871424
1447,0.916480
1448,0.869376
1449,0.898048
1450,0.844800
1451,0.916480
1452,0.907264
1453,0.889856
1454,0.886784
1455,0.903168
1456,0.932864
1457,0.893952
1458,0.902144
1459,0.907264
1460,0.921600
1461,0.884736
1462,0.917504
1463,0.888832
1464,0.923648
1465,0.887808
1466,0.874496
1467,0.866304
1468,0.884736
1469,0.903168
1470,0.873472
1471,0.909312
1472,0.903168
1473,0.902144
1474,0.925696
1475,0.921600
1476,0.903168
1477,0.941056
1478,0.906240
1479,0.934912
1480,0.909312
1481,0.944128
1482,0.908288
1483,0.937984
1484,0.873472
1485,0.941056
1486,0.918528
1487,0.915456
1488,0.913408
1489,0.887808
1490,0.890880
1491,0.906240
1492,0.947200
1493,0.951296
1494,0.860160
1495,0.666624
1496,0.552960
1497,0.892928
1498,0.909312
1499,0.952320
1500,0.910336
1501,0.937984
1502,0.885760
1503,0.906240
1504,0.921600
1505,0.877568
1506,0.926720
1507,0.936960
1508,0.937984
1509,0.935936
1510,0.936960
1511,0.904192
1512,0.916480
1513,0.923648
1514,0.872448
1515,0.929792
1516,0.950272
1517,0.891904
1518,0.914432
1519,0.900096
1520,0.929792
1521,0.923648
1522,0.924672
1523,0.855040
1524,0.898048
1525,0.899072
1526,0.921600
1527,0.919552
1528,0.914432
1529,0.920576
1530,0.900096
1531,0.936960
1532,0.923648
1533,0.892928
1534,0.922624
1535,0.889856
1536,0.889856
1537,0.948224
1538,0.931840
1539,0.875520
1540,0.907264
1541,0.917504
1542,0.881664
1543,0.875520
1544,0.858112
1545,0.900096
1546,0.907264
1547,0.920576
1548,0.886784
1549,0.851968
1550,0.865280
1551,0.889856
1552,0.882688
1553,0.915456
1554,0.907264
1555,0.922624
1556,0.904192
1557,0.917504
1558,0.944128
1559,0.865280
1560,0.813056
1561,0.603136
1562,0.495616
1563,0.870400
1564,0.911360
1565,0.941056
1566,0.884736
1567,0.957440
1568,0.882688
1569,0.891904
1570,0.893952
1571,0.949248
1572,0.914432
1573,0.906240
1574,0.900096
1575,0.899072
1576,0.881664
1577,0.863232
1578,0.930816
1579,0.904192
1580,0.925696
1581,0.886784
1582,0.937984
1583,0.871424
1584,0.906240
1585,0.898048
1586,0.979968
1587,0.913408
1588,0.902144
1589,0.954368
1590,0.873472
1591,0.947200
1592,0.891904
1593,0.934912
1594,0.942080
1595,0.920576
1596,0.873472
1597,0.930816
1598,0.930816
1599,0.955392
1600,0.944128
1601,0.932864
1602,0.882688
1603,0.894976
1604,0.934912
1605,0.942080
1606,0.908288
1607,0.926720
1608,0.893952
1609,0.816128
1610,0.804864
1611,0.931840
1612,0.850944
1613,0.912384
1614,0.953344
1615,0.907264
1616,0.886784
1617,0.929792
1618,0.905216
1619,0.948224
1620,0.932864
1621,0.942080
1622,0.926720
1623,0.909312
1624,0.926720
1625,0.876544
1626,0.932864
1627,0.691200
1628,0.577536
1629,0.512000
1630,0.862208
1631,0.959488
1632,0.920576
1633,0.909312
1634,0.919552
1635,0.926720
1636,0.908288
1637,0.919552
1638,0.918528
1639,0.893952
1640,0.998400
1641,0.883712
1642,0.780288
1643,0.932864
1644,0.886784
1645,0.884736
1646,0.902144
1647,0.916480
1648,0.914432
1649,0.927744
1650,0.863232
1651,0.871424
1652,0.842752
1653,0.879616
1654,0.886784
1655,0.879616
1656,0.881664
1657,0.929792
1658,0.907264
1659,0.946176
1660,0.928768
1661,0.934912
1662,0.939008
1663,0.868352
1664,0.921600
1665,0.879616
1666,0.945152
1667,0.917504
1668,0.904192
1669,0.953344
1670,0.916480
1671,0.902144
1672,0.907264
1673,0.892928
1674,0.948224
1675,0.936960
1676,0.922624
1677,0.919552
1678,0.943104
1679,0.905216
1680,0.915456
1681,0.932864
1682,0.954368
1683,0.932864
1684,0.921600
1685,0.930816
1686,0.852992
1687,0.890880
1688,0.947200
1689,0.946176
1690,0.883712
1691,0.945152
1692,0.950272
1693,0.906240
1694,0.912384
1695,0.590848
1696,0.861184
1697,0.889856
1698,0.915456
1699,0.900096
1700,0.892928
1701,0.907264
1702,0.897024
1703,0.891904
1704,0.863232
1705,0.944128
1706,0.898048
1707,1.150976
1708,0.956416
1709,0.518144
1710,0.878592
1711,0.870400
1712,0.870400
1713,0.907264
1714,0.917504
1715,0.969728
1716,0.906240
1717,0.877568
1718,0.930816
1719,0.894976
1720,0.917504
1721,0.918528
1722,0.905216
1723,0.946176
1724,0.898048
1725,0.903168
1726,0.919552
1727,0.847872
1728,0.925696
1729,0.899072
1730,0.931840
1731,0.894976
1732,0.936960
1733,0.921600
1734,0.891904
1735,0.943104
1736,0.924672
1737,0.891904
1738,0.952320
1739,0.907264
1740,0.918528
1741,0.944128
1742,0.902144
1743,0.964608
1744,0.929792
1745,0.876544
1746,0.921600
1747,0.925696
1748,0.954368
1749,0.937984
1750,0.921600
1751,0.899072
1752,0.866304
1753,0.896000
1754,0.935936
1755,0.886784
1756,0.972800
1757,0.894976
1758,0.920576
1759,0.876544
1760,0.759808
1761,0.362496
1762,0.262144
1763,0.261120
1764,0.248832
1765,0.241664
1766,0.243712
1767,0.240640
1768,0.226304
1769,0.232448
1770,0.235520
1771,0.271360
1772,0.219136
1773,0.225280
1774,0.185344
1775,0.162816
1776,0.166912
1777,0.159744
1778,0.159744
1779,0.163840
1780,0.797696
1781,0.907264
1782,0.900096
1783,0.973824
1784,0.936960
1785,0.869376
1786,0.978944
1787,0.928768
1788,0.906240
1789,0.933888
1790,0.889856
1791,0.905216
1792,0.915456
1793,0.930816
1794,0.866304
1795,0.946176
1796,0.907264
1797,0.891904
1798,0.913408
1799,0.958464
1800,0.960512
1801,0.913408
1802,0.956416
1803,0.860160
1804,0.950272
1805,0.939008
1806,0.923648
1807,0.912384
1808,0.896000
1809,0.924672
1810,0.898048
1811,0.894976
1812,0.903168
1813,0.925696
1814,0.935936
1815,0.843776
1816,0.836608
1817,0.854016
1818,0.887808
1819,0.932864
1820,0.924672
1821,0.914432
1822,0.916480
1823,0.917504
1824,0.948224
1825,0.864256
1826,0.922624
1827,0.952320
1828,0.946176
1829,0.939008
1830,0.896000
1831,0.885760
1832,0.942080
1833,0.897024
1834,0.903168
1835,0.898048
1836,0.936960
1837,0.960512
1838,0.939008
1839,0.892928
1840,0.982016
1841,0.885760
1842,0.952320
1843,0.974848
1844,0.604160
1845,0.884736
1846,0.973824
1847,0.919552
1848,0.874496
1849,0.818176
1850,0.847872
1851,0.887808
1852,0.929792
1853,0.952320
1854,0.929792
1855,0.918528
1856,0.907264
1857,0.954368
1858,0.932864
1859,0.921600
1860,0.927744
1861,0.943104
1862,0.876544
1863,0.920576
1864,0.926720
1865,0.934912
1866,0.904192
1867,0.951296
1868,0.919552
1869,0.903168
1870,0.909312
1871,0.947200
1872,0.894976
1873,0.916480
1874,0.916480
1875,0.863232
1876,0.881664
1877,0.897024
1878,0.903168
1879,0.902144
1880,0.949248
1881,0.887808
1882,0.914432
1883,0.946176
1884,0.903168
1885,0.916480
1886,0.915456
1887,0.952320
1888,0.926720
1889,0.919552
1890,0.904192
1891,0.890880
1892,1.012736
1893,0.908288
1894,0.912384
1895,0.929792
1896,0.874496
1897,1.126400
1898,0.845824
1899,0.927744
1900,0.967680
1901,0.907264
1902,0.915456
1903,0.912384
1904,0.924672
1905,0.876544
1906,0.823296
1907,0.824320
1908,0.841728
1909,0.685056
1910,0.910336
1911,0.898048
1912,0.932864
1913,0.937984
1914,0.886784
1915,0.917504
1916,0.954368
1917,0.921600
1918,0.881664
1919,0.946176
1920,0.937984
1921,0.883712
1922,0.922624
1923,0.947200
1924,0.885760
1925,0.906240
1926,0.910336
1927,0.893952
1928,0.910336
1929,0.885760
1930,0.887808
1931,0.876544
1932,0.891904
1933,0.859136
1934,0.832512
1935,0.832512
1936,0.914432
1937,0.881664
1938,0.871424
1939,0.911360
1940,0.906240
1941,0.873472
1942,0.856064
1943,0.918528
1944,0.871424
1945,0.925696
1946,0.934912
1947,0.940032
1948,0.937984
1949,0.880640
1950,0.905216
1951,0.927744
1952,0.932864
1953,0.901120
1954,0.936960
1955,0.923648
1956,0.932864
1957,0.958464
1958,0.940032
1959,0.904192
1960,0.916480
1961,0.904192
1962,0.867328
1963,0.834560
1964,0.925696
1965,0.963584
1966,0.892928
1967,0.878592
1968,0.971776
1969,0.924672
1970,0.872448
1971,0.877568
1972,0.953344
1973,0.735232
1974,0.545792
1975,0.813056
1976,0.868352
1977,0.919552
1978,0.925696
1979,0.925696
1980,0.927744
1981,0.924672
1982,0.928768
1983,0.870400
1984,0.960512
1985,0.889856
1986,0.907264
1987,0.904192
1988,0.955392
1989,0.910336
1990,0.932864
1991,0.925696
1992,0.881664
1993,0.903168
1994,0.871424
1995,0.948224
1996,0.873472
1997,0.892928
1998,0.893952
1999,0.855040
2000,0.848896
2001,0.868352
2002,0.915456
2003,0.866304
2004,0.904192
2005,0.871424
2006,0.933888
2007,0.849920
2008,0.925696
2009,0.931840
2010,0.870400
2011,0.896000
2012,0.848896
2013,0.935936
2014,0.871424
2015,0.885760
2016,0.894976
2017,0.915456
2018,0.882688
2019,0.867328
2020,0.861184
2021,0.936960
2022,0.952320
2023,0.892928
2024,0.921600
2025,0.883712
2026,0.915456
2027,0.923648
2028,0.888832
2029,0.899072
2030,0.965632
2031,0.970752
2032,0.924672
2033,0.844800
2034,0.911360
2035,0.923648
2036,0.945152
2037,0.898048
2038,0.929792
2039,0.875520
2040,0.620544
2041,0.439296
2042,0.802816
2043,0.945152
2044,0.947200
2045,0.881664
2046,0.927744
2047,0.874496
2048,0.929792
2049,1.013760
2050,0.728064
2051,0.916480
2052,0.915456
2053,0.911360
2054,0.914432
2055,0.955392
2056,0.894976
2057,0.921600
2058,0.872448
2059,0.827392
2060,0.889856
2061,0.897024
2062,0.950272
2063,0.917504
2064,0.899072
2065,0.860160
2066,0.937984
2067,0.915456
2068,0.890880
2069,0.903168
2070,0.950272
2071,0.913408
2072,0.892928
2073,0.933888
2074,0.903168
2075,0.922624
2076,0.873472
2077,0.903168
2078,0.955392
2079,0.865280
2080,0.892928
2081,0.933888
2082,0.901120
2083,0.864256
2084,0.909312
2085,0.903168
2086,0.876544
2087,0.954368
2088,0.876544
2089,0.873472
2090,0.944128
2091,0.903168
2092,0.944128
2093,0.909312
2094,0.929792
2095,0.955392
2096,0.932864
2097,0.914432
2098,0.954368
2099,0.973824
2100,0.949248
2101,0.901120
2102,0.926720
2103,0.918528
2104,0.923648
2105,0.953344
2106,0.860160
2107,0.719872
2108,0.950272
2109,0.974848
2110,0.911360
2111,0.887808
2112,0.933888
2113,0.946176
2114,0.918528
2115,0.919552
2116,0.943104
2117,0.961536
2118,0.881664
2119,0.924672
2120,0.896000
2121,0.903168
2122,0.902144
2123,0.888832
2124,0.910336
2125,0.920576
2126,0.897024
2127,0.898048
2128,0.886784
2129,0.872448
2130,0.834560
2131,0.878592
2132,0.886784
2133,0.900096
2134,0.936960
2135,0.911360
2136,0.963584
2137,0.937984
2138,0.883712
2139,0.915456
2140,0.882688
2141,0.942080
2142,0.937984
2143,0.887808
2144,0.897024
2145,0.945152
2146,0.936960
2147,0.906240
2148,0.905216
2149,0.868352
2150,0.896000
2151,0.911360
2152,0.922624
2153,0.920576
2154,0.860160
2155,0.931840
2156,0.893952
2157,0.899072
2158,0.871424
2159,0.903168
2160,0.883712
2161,0.886784
2162,0.883712
2163,0.912384
2164,0.946176
2165,0.920576
2166,0.925696
2167,0.960512
2168,0.940032
2169,0.902144
2170,0.908288
2171,0.824320
2172,0.896000
2173,0.907264
2174,0.911360
2175,0.863232
2176,0.891904
2177,0.907264
2178,0.898048
2179,0.939008
2180,0.915456
2181,0.914432
2182,0.906240
2183,0.953344
2184,0.901120
2185,0.924672
2186,0.925696
2187,0.949248
2188,0.874496
2189,0.961536
2190,0.932864
2191,0.887808
2192,0.914432
2193,0.918528
2194,0.906240
2195,0.901120
2196,0.919552
2197,0.889856
2198,0.890880
2199,0.880640
2200,0.873472
2201,0.891904
2202,0.836608
2203,0.882688
2204,0.939008
2205,0.850944
2206,0.932864
2207,0.943104
2208,0.922624
2209,0.869376
2210,0.918528
2211,0.882688
2212,0.910336
2213,0.911360
2214,0.929792
2215,0.909312
2216,0.931840
2217,0.950272
2218,0.905216
2219,0.924672
2220,0.861184
2221,0.924672
2222,0.928768
2223,0.903168
2224,0.944128
2225,0.947200
2226,0.905216
2227,0.913408
2228,0.929792
2229,0.951296
2230,0.906240
2231,0.923648
2232,0.961536
2233,0.916480
2234,0.946176
2235,0.884736
2236,0.896000
2237,0.582656
2238,0.873472
2239,0.943104
2240,0.936960
2241,0.902144
2242,0.916480
2243,0.932864
2244,0.899072
2245,0.913408
2246,0.948224
2247,0.909312
2248,0.874496
2249,0.929792
2250,0.917504
2251,0.919552
2252,0.931840
2253,0.879616
2254,0.897024
2255,0.899072
2256,0.946176
2257,0.916480
2258,0.923648
2259,0.922624
2260,0.878592
2261,0.868352
2262,0.928768
2263,0.907264
2264,0.916480
2265,0.943104
2266,0.929792
2267,0.937984
2268,0.844800
2269,0.962560
2270,0.900096
2271,0.946176
2272,0.902144
2273,0.904192
2274,0.915456
2275,0.943104
2276,0.913408
2277,0.903168
2278,0.971776
2279,0.940032
2280,0.890880
2281,0.887808
2282,0.875520
2283,0.900096
2284,0.933888
2285,0.917504
2286,0.922624
2287,0.910336
2288,0.868352
2289,0.911360
2290,0.882688
2291,0.931840
2292,0.942080
2293,0.922624
2294,0.916480
2295,0.898048
2296,0.894976
2297,0.962560
2298,0.953344
2299,0.883712
2300,0.957440
2301,0.779264
2302,0.677888
2303,0.590848
2304,0.854016
2305,0.958464
2306,0.916480
2307,0.940032
2308,0.932864
2309,0.885760
2310,0.911360
2311,0.843776
2312,0.907264
2313,0.903168
2314,0.913408
2315,0.928768
2316,0.898048
2317,0.918528
2318,0.928768
2319,0.958464
2320,0.925696
2321,0.893952
2322,0.930816
2323,0.962560
2324,0.848896
2325,0.931840
2326,0.919552
2327,0.914432
2328,0.967680
2329,0.929792
2330,0.937984
2331,0.942080
2332,0.916480
2333,0.887808
2334,0.847872
2335,0.928768
2336,0.890880
2337,0.901120
2338,0.918528
2339,0.876544
2340,0.927744
2341,0.939008
2342,0.916480
2343,0.870400
2344,0.892928
2345,0.914432
2346,0.923648
2347,0.896000
2348,0.869376
2349,0.896000
2350,0.882688
2351,0.904192
2352,0.855040
2353,0.896000
2354,0.916480
2355,0.880640
2356,0.925696
2357,0.916480
2358,0.883712
2359,0.945152
2360,0.928768
2361,0.934912
2362,1.133568
2363,1.117184
2364,0.894976
2365,0.918528
2366,0.929792
2367,0.828416
2368,0.659456
2369,0.578560
2370,0.930816
2371,0.941056
2372,0.942080
2373,0.937984
2374,0.928768
2375,0.918528
2376,0.936960
2377,0.881664
2378,0.908288
2379,0.937984
2380,0.939008
2381,0.909312
2382,0.877568
2383,0.952320
2384,0.922624
2385,0.950272
2386,0.911360
2387,0.865280
2388,0.983040
2389,0.922624
2390,0.889856
2391,0.869376
2392,0.969728
2393,0.912384
2394,0.921600
2395,0.937984
2396,0.913408
2397,0.913408
2398,0.929792
2399,0.912384
2400,0.923648
2401,0.929792
2402,0.859136
2403,0.930816
2404,0.878592
2405,0.893952
2406,0.905216
2407,0.801792
2408,0.795648
2409,0.890880
2410,0.916480
2411,0.945152
2412,0.930816
2413,0.902144
2414,0.935936
2415,0.893952
2416,0.940032
2417,0.976896
2418,0.948224
2419,0.935936
2420,0.909312
2421,0.912384
2422,0.903168
2423,0.908288
2424,0.906240
2425,0.913408
2426,0.953344
2427,0.944128
2428,0.923648
2429,0.916480
2430,0.953344
2431,0.878592
2432,0.840704
2433,0.796672
2434,0.723968
2435,0.596992
2436,0.549888
2437,0.500736
2438,0.849920
2439,0.847872
2440,0.946176
2441,0.897024
2442,0.969728
2443,0.953344
2444,0.935936
2445,0.899072
2446,0.879616
2447,0.862208
2448,1.133568
2449,0.934912
2450,0.905216
2451,0.888832
2452,0.892928
2453,0.865280
2454,0.909312
2455,0.908288
2456,0.857088
2457,0.921600
2458,0.891904
2459,0.888832
2460,0.921600
2461,0.879616
2462,0.892928
2463,0.913408
2464,0.826368
2465,0.825344
2466,0.887808
2467,0.905216
2468,0.892928
2469,0.902144
2470,0.944128
2471,0.878592
2472,0.939008
2473,1.016832
2474,0.873472
2475,0.681984
2476,0.929792
2477,0.906240
2478,0.846848
2479,0.818176
2480,0.854016
2481,0.862208
2482,0.886784
2483,0.928768
2484,0.928768
2485,0.871424
2486,0.932864
2487,0.910336
2488,0.913408
2489,0.931840
2490,0.952320
2491,0.883712
2492,0.935936
2493,0.932864
2494,0.892928
2495,0.873472
2496,0.876544
2497,0.913408
2498,0.912384
2499,0.921600
2500,0.933888
2501,0.915456
2502,0.877568
2503,0.743424
2504,0.539648
2505,0.792576
2506,0.929792
2507,0.880640
2508,0.933888
2509,0.945152
2510,0.947200
2511,0.910336
2512,0.885760
2513,0.890880
2514,0.897024
2515,0.943104
2516,0.849920
2517,0.860160
2518,0.919552
2519,0.916480
2520,0.892928
2521,0.919552
2522,0.899072
2523,0.919552
2524,0.960512
2525,0.890880
2526,0.913408
2527,0.907264
2528,0.899072
2529,0.790528
2530,0.789504
2531,0.917504
2532,0.888832
2533,0.867328
2534,0.914432
2535,0.933888
2536,0.919552
2537,0.892928
2538,0.919552
2539,0.925696
2540,0.907264
2541,0.893952
2542,0.886784
2543,0.931840
2544,0.974848
2545,0.919552
2546,0.877568
2547,0.868352
2548,0.960512
2549,0.886784
2550,0.880640
2551,0.882688
2552,0.940032
2553,0.920576
2554,0.886784
2555,0.841728
2556,0.924672
2557,0.936960
2558,0.919552
2559,0.939008
2560,0.906240
2561,0.908288
2562,0.984064
2563,0.909312
2564,0.882688
2565,0.902144
2566,0.898048
2567,0.952320
2568,0.922624
2569,0.923648
2570,0.884736
2571,0.945152
2572,0.914432
2573,0.909312
2574,0.898048
2575,0.936960
2576,0.943104
2577,0.880640
2578,0.906240
2579,0.951296
2580,0.974848
2581,0.866304
2582,0.893952
2583,0.912384
2584,0.890880
2585,0.883712
2586,0.893952
2587,0.893952
2588,0.959488
2589,0.871424
2590,0.875520
2591,0.885760
2592,0.878592
2593,0.925696
2594,0.933888
2595,0.848896
2596,0.915456
2597,0.880640
2598,0.886784
2599,0.890880
2600,0.974848
2601,0.882688
2602,0.917504
2603,0.873472
2604,0.848896
2605,0.873472
2606,0.836608
2607,0.865280
2608,0.960512
2609,0.923648
2610,0.876544
2611,0.914432
2612,0.936960
2613,0.877568
2614,0.869376
2615,0.889856
2616,0.946176
2617,0.867328
2618,0.914432
2619,0.842752
2620,0.916480
2621,0.940032
2622,0.901120
2623,0.902144
2624,0.958464
2625,0.967680
2626,0.883712
2627,0.950272
2628,0.892928
2629,0.615424
2630,0.894976
2631,0.919552
2632,0.970752
2633,0.898048
2634,0.820224
2635,0.806912
2636,0.877568
2637,0.960512
2638,0.915456
2639,0.929792
2640,0.882688
2641,0.927744
2642,0.884736
2643,0.915456
2644,0.949248
2645,0.901120
2646,0.951296
2647,0.888832
2648,0.821248
2649,0.859136
2650,0.847872
2651,0.890880
2652,0.868352
2653,0.899072
2654,0.929792
2655,0.888832
2656,0.832512
2657,0.881664
2658,0.973824
2659,0.907264
2660,0.907264
2661,0.869376
2662,0.897024
2663,0.924672
2664,0.863232
2665,0.901120
2666,0.958464
2667,0.889856
2668,0.906240
2669,0.884736
2670,0.863232
2671,0.871424
2672,0.916480
2673,0.817152
2674,0.892928
2675,0.904192
2676,0.943104
2677,0.908288
2678,0.907264
2679,0.969728
2680,0.897024
2681,0.905216
2682,0.879616
2683,0.883712
2684,0.914432
2685,0.826368
2686,0.976896
2687,0.898048
2688,0.899072
2689,0.884736
2690,0.920576
2691,0.964608
2692,0.894976
2693,0.896000
2694,0.919552
2695,0.912384
2696,0.899072
2697,0.909312
2698,0.945152
2699,0.720896
2700,0.604160
2701,0.557056
2702,0.460800
2703,0.271360
2704,0.315392
2705,0.201728
2706,0.175104
2707,0.183296
2708,0.174080
2709,0.188416
2710,0.188416
2711,0.185344
2712,0.180224
2713,0.188416
2714,0.183296
2715,0.878592
2716,0.969728
2717,0.863232
2718,0.965632
2719,0.936960
2720,0.822272
2721,0.928768
2722,0.926720
2723,0.926720
2724,0.916480
2725,0.949248
2726,0.935936
2727,0.919552
2728,0.898048
2729,0.955392
2730,0.907264
2731,0.915456
2732,0.965632
2733,0.893952
2734,0.840704
2735,0.931840
2736,0.902144
2737,0.846848
2738,0.920576
2739,0.869376
2740,0.959488
2741,0.958464
2742,0.916480
2743,0.913408
2744,0.911360
2745,0.942080
2746,0.902144
2747,0.947200
2748,0.952320
2749,0.910336
2750,0.943104
2751,0.933888
2752,0.953344
2753,0.905216
2754,0.919552
2755,0.907264
2756,0.941056
2757,0.903168
2758,0.874496
2759,0.885760
2760,0.949248
2761,0.933888
2762,0.896000
2763,0.882688
2764,0.897024
2765,1.001472
2766,0.919552
2767,0.951296
2768,0.968704
2769,0.945152
2770,0.925696
2771,0.924672
2772,0.931840
2773,0.930816
2774,0.927744
2775,0.946176
2776,0.906240
2777,0.950272
2778,0.791552
2779,0.615424
2780,0.871424
2781,0.910336
2782,0.936960
2783,0.907264
2784,0.944128
2785,0.867328
2786,0.924672
2787,0.917504
2788,0.902144
2789,0.908288
2790,0.965632
2791,0.897024
2792,0.912384
2793,0.952320
2794,0.932864
2795,0.928768
2796,0.896000
2797,0.924672
2798,0.961536
2799,0.898048
2800,0.903168
2801,0.905216
2802,0.922624
2803,0.884736
2804,0.920576
2805,0.927744
2806,0.929792
2807,0.875520
2808,0.907264
2809,0.911360
2810,0.947200
2811,0.941056
2812,0.917504
2813,0.915456
2814,0.908288
2815,0.901120
2816,0.920576
2817,0.877568
2818,0.959488
2819,0.887808
2820,0.898048
2821,0.879616
2822,0.820224
2823,0.900096
2824,0.919552
2825,0.875520
2826,0.941056
2827,0.908288
2828,0.887808
2829,0.945152
2830,0.893952
2831,0.843776
2832,0.886784
2833,0.912384
2834,0.923648
2835,0.899072
2836,0.899072
2837,0.943104
2838,0.950272
2839,0.908288
2840,0.907264
2841,0.916480
2842,0.949248
2843,0.884736
2844,0.896000
2845,0.592896
2846,0.377856
2847,0.243712
2848,0.250880
2849,36.212734
2850,0.871424
2851,0.861184
2852,0.920576
2853,0.890880
2854,0.917504
2855,0.850944
2856,0.855040
2857,0.913408
2858,0.914432
2859,0.918528
2860,0.960512
2861,0.917504
2862,0.939008
2863,0.914432
2864,0.920576
2865,0.942080
2866,0.902144
2867,0.898048
2868,0.913408
2869,0.903168
2870,0.916480
2871,0.908288
2872,0.896000
2873,0.872448
2874,0.864256
2875,0.808960
2876,0.882688
2877,0.852992
2878,0.921600
2879,0.966656
2880,0.888832
2881,0.900096
2882,0.918528
2883,0.915456
2884,0.923648
2885,0.936960
2886,0.920576
2887,0.902144
2888,0.914432
2889,0.908288
2890,0.922624
2891,0.947200
2892,0.909312
2893,0.903168
2894,0.917504
2895,0.950272
2896,0.854016
2897,0.961536
2898,0.959488
2899,0.909312
2900,1.063936
2901,0.848896
2902,0.948224
2903,0.912384
2904,0.958464
2905,0.893952
2906,0.932864
2907,0.991232
2908,0.916480
2909,0.922624
2910,0.949248
2911,0.899072
2912,0.907264
2913,0.764928
2914,0.582656
2915,0.492544
2916,0.398336
2917,0.364544
2918,0.225280
2919,0.208896
2920,0.238592
2921,0.871424
2922,0.944128
2923,0.905216
2924,0.916480
2925,0.921600
2926,0.921600
2927,0.931840
2928,0.888832
2929,0.963584
2930,0.940032
2931,0.869376
2932,0.878592
2933,0.896000
2934,0.922624
2935,0.926720
2936,0.909312
2937,0.916480
2938,0.925696
2939,0.850944
2940,0.928768
2941,0.960512
2942,0.922624
2943,0.907264
2944,0.929792
2945,0.866304
2946,0.923648
2947,0.883712
2948,0.988160
2949,0.907264
2950,0.931840
2951,0.886784
2952,0.906240
2953,0.957440
2954,0.926720
2955,0.896000
2956,0.922624
2957,0.966656
2958,0.930816
2959,0.917504
2960,0.956416
2961,0.930816
2962,0.902144
2963,0.936960
2964,0.934912
2965,0.919552
2966,0.917504
2967,0.915456
2968,0.904192
2969,0.922624
2970,0.909312
2971,0.908288
2972,0.557056
2973,0.910336
2974,0.913408
2975,0.923648
2976,0.934912
2977,0.859136
2978,0.924672
2979,0.917504
2980,0.927744
2981,0.905216
2982,0.954368
2983,0.905216
2984,0.972800
2985,0.867328
2986,0.605184
2987,0.346112
2988,0.311296
2989,0.816128
2990,0.940032
2991,0.918528
2992,0.831488
2993,0.935936
2994,0.971776
2995,0.884736
2996,0.914432
2997,0.902144
2998,0.907264
2999,0.872448
3000,0.869376
3001,0.849920
3002,0.922624
3003,0.905216
3004,0.924672
3005,0.911360
3006,0.950272
3007,0.928768
3008,0.910336
3009,0.929792
3010,0.872448
3011,0.920576
3012,0.927744
3013,0.943104
3014,0.923648
3015,0.928768
3016,0.905216
3017,0.910336
3018,0.877568
3019,0.919552
3020,0.953344
3021,0.902144
3022,0.910336
3023,0.942080
3024,0.922624
3025,0.934912
3026,0.914432
3027,0.932864
3028,0.925696
3029,0.934912
3030,0.880640
3031,0.944128
3032,0.918528
3033,0.965632
3034,0.878592
3035,0.870400
3036,0.811008
3037,0.868352
3038,0.899072
3039,0.921600
3040,0.939008
3041,0.908288
3042,0.925696
3043,0.877568
3044,0.911360
3045,0.928768
3046,0.939008
3047,0.919552
3048,0.886784
3049,0.930816
3050,0.905216
3051,0.914432
3052,0.923648
3053,0.770048
3054,0.698368
3055,0.919552
3056,0.943104
3057,0.919552
3058,0.877568
3059,0.920576
3060,0.934912
3061,0.951296
3062,0.886784
3063,0.890880
3064,0.909312
3065,0.906240
3066,0.922624
3067,0.885760
3068,0.837632
3069,0.893952
3070,0.902144
3071,0.867328
3072,0.881664
3073,0.927744
3074,0.870400
3075,0.882688
3076,0.907264
3077,0.878592
3078,0.904192
3079,0.893952
3080,0.955392
3081,0.896000
3082,0.868352
3083,0.921600
3084,0.969728
3085,0.850944
3086,0.903168
3087,0.928768
3088,0.904192
3089,0.907264
3090,0.924672
3091,0.916480
3092,0.937984
3093,0.913408
3094,0.937984
3095,0.926720
3096,0.919552
3097,0.966656
3098,0.902144
3099,0.902144
3100,0.934912
3101,0.963584
3102,0.910336
3103,0.921600
3104,0.934912
3105,0.944128
3106,0.915456
3107,0.946176
3108,0.888832
3109,0.923648
3110,0.957440
3111,0.887808
3112,0.919552
3113,0.963584
3114,0.970752
3115,0.970752
3116,0.906240
3117,0.942080
3118,0.818176
3119,0.677888
3120,0.926720
3121,0.944128
3122,0.963584
3123,0.933888
3124,0.899072
3125,0.928768
3126,0.926720
3127,0.925696
3128,0.910336
3129,0.902144
3130,0.915456
3131,0.952320
3132,0.958464
3133,0.921600
3134,0.887808
3135,0.922624
3136,0.871424
3137,0.917504
3138,0.862208
3139,0.914432
3140,0.919552
3141,0.918528
3142,0.962560
3143,0.925696
3144,0.952320
3145,0.926720
3146,0.932864
3147,0.942080
3148,0.894976
3149,0.889856
3150,0.939008
3151,0.950272
3152,0.883712
3153,0.927744
3154,0.889856
3155,0.861184
3156,0.856064
3157,0.849920
3158,0.852992
3159,0.879616
3160,0.910336
3161,0.917504
3162,0.918528
3163,0.942080
3164,0.898048
3165,0.920576
3166,0.955392
3167,0.943104
3168,0.933888
3169,0.933888
3170,0.873472
3171,0.885760
3172,0.915456
3173,0.906240
3174,0.875520
3175,0.952320
3176,0.924672
3177,0.902144
3178,0.947200
3179,0.860160
3180,0.872448
3181,0.880640
3182,0.903168
3183,0.860160
3184,0.760832
3185,0.721920
3186,0.841728
3187,0.829440
3188,0.959488
3189,0.944128
3190,0.881664
3191,0.894976
3192,0.923648
3193,0.878592
3194,0.950272
3195,0.898048
3196,0.902144
3197,0.919552
3198,0.956416
3199,0.910336
3200,0.930816
3201,0.874496
3202,0.907264
3203,0.888832
3204,0.872448
3205,0.878592
3206,0.829440
3207,0.812032
3208,0.917504
3209,0.477184
3210,0.873472
3211,0.904192
3212,0.926720
3213,0.868352
3214,0.897024
3215,0.898048
3216,0.890880
3217,0.875520
3218,0.886784
3219,0.889856
3220,0.930816
3221,0.907264
3222,0.923648
3223,0.877568
3224,0.942080
3225,0.876544
3226,0.889856
3227,0.921600
3228,0.882688
3229,0.959488
3230,0.903168
3231,0.926720
3232,0.939008
3233,0.927744
3234,0.923648
3235,0.920576
3236,0.920576
3237,0.942080
3238,0.920576
3239,0.950272
3240,0.906240
3241,0.924672
3242,0.922624
3243,1.002496
3244,0.880640
3245,0.930816
3246,0.910336
3247,0.943104
3248,0.922624
3249,0.897024
3250,0.835584
3251,0.622592
3252,0.513024
3253,0.438272
3254,0.386048
3255,0.282624
3256,0.227328
3257,0.244736
3258,0.211968
3259,0.179200
3260,0.173056
3261,0.186368
3262,0.172032
3263,0.164864
3264,0.802816
3265,0.905216
3266,0.912384
3267,0.909312
3268,0.902144
3269,0.878592
3270,0.883712
3271,0.923648
3272,0.881664
3273,0.900096
3274,0.930816
3275,0.897024
3276,0.905216
3277,0.887808
3278,0.940032
3279,0.924672
3280,0.924672
3281,0.868352
3282,0.892928
3283,0.924672
3284,0.926720
3285,0.874496
3286,1.037312
3287,0.875520
3288,0.871424
3289,0.842752
3290,0.839680
3291,0.834560
3292,0.888832
3293,0.843776
3294,0.937984
3295,0.934912
3296,0.926720
3297,0.922624
3298,0.891904
3299,0.893952
3300,0.900096
3301,0.857088
3302,0.890880
3303,0.939008
3304,0.941056
3305,0.898048
3306,0.906240
3307,0.892928
3308,0.906240
3309,0.883712
3310,0.962560
3311,0.955392
3312,0.891904
3313,0.921600
3314,0.904192
3315,0.931840
3316,0.933888
3317,0.879616
3318,0.896000
3319,0.881664
3320,0.934912
3321,0.969728
3322,0.944128
3323,0.657408
3324,0.850944
3325,0.869376
3326,0.854016
3327,0.914432
3328,0.876544
3329,0.576512
3330,0.438272
3331,0.373760
3332,0.309248
3333,0.295936
3334,0.798720
3335,0.937984
3336,0.913408
3337,0.912384
3338,0.909312
3339,0.914432
3340,0.933888
3341,0.882688
3342,0.932864
3343,0.883712
3344,0.887808
3345,0.927744
3346,0.894976
3347,0.918528
3348,0.924672
3349,0.964608
3350,0.878592
3351,0.920576
3352,0.978944
3353,0.878592
3354,0.898048
3355,0.967680
3356,0.927744
3357,0.913408
3358,0.892928
3359,0.887808
3360,0.940032
3361,0.936960
3362,0.874496
3363,0.882688
3364,0.897024
3365,0.815104
3366,0.825344
3367,0.902144
3368,0.936960
3369,0.841728
3370,0.900096
3371,0.928768
3372,0.899072
3373,0.894976
3374,0.929792
3375,0.916480
3376,0.948224
3377,0.926720
3378,0.941056
3379,0.933888
3380,0.911360
3381,0.947200
3382,0.889856
3383,0.992256
3384,0.914432
3385,0.934912
3386,0.951296
3387,0.863232
3388,0.945152
3389,0.888832
3390,0.953344
3391,0.923648
3392,0.920576
3393,0.915456
3394,0.926720
3395,0.914432
3396,0.925696
3397,0.880640
3398,0.866304
3399,0.543744
3400,0.474112
3401,0.396288
3402,0.348160
3403,0.310272
3404,0.355328
3405,0.324608
3406,0.187392
3407,0.188416
3408,0.183296
3409,0.174080
3410,0.890880
3411,0.934912
3412,0.859136
3413,0.893952
3414,0.890880
3415,0.928768
3416,0.926720
3417,0.915456
3418,0.909312
3419,0.918528
3420,0.927744
3421,0.928768
3422,0.915456
3423,0.906240
3424,0.931840
3425,0.920576
3426,0.931840
3427,0.928768
3428,0.954368
3429,0.912384
3430,0.899072
3431,0.954368
3432,0.885760
3433,0.896000
3434,0.910336
3435,0.892928
3436,0.936960
3437,0.912384
3438,0.910336
3439,0.887808
3440,0.931840
3441,0.943104
3442,0.897024
3443,0.847872
3444,0.864256
3445,0.841728
3446,0.872448
3447,0.894976
3448,0.876544
3449,0.920576
3450,0.896000
3451,0.831488
3452,0.871424
3453,0.919552
3454,0.906240
3455,0.916480
3456,0.940032
3457,0.921600
3458,0.957440
3459,0.913408
3460,0.919552
3461,0.915456
3462,0.933888
3463,0.930816
3464,0.910336
3465,0.934912
3466,0.900096
3467,0.897024
3468,0.910336
3469,0.873472
3470,0.924672
3471,0.856064
3472,0.814080
3473,0.854016
3474,0.837632
3475,0.680960
3476,0.904192
3477,0.932864
3478,0.355328
3479,0.868352
3480,0.864256
3481,0.869376
3482,0.924672
3483,0.774144
3484,0.923648
3485,0.926720
3486,0.878592
3487,0.885760
3488,0.892928
3489,0.944128
3490,0.906240
3491,0.918528
3492,0.891904
3493,0.943104
3494,0.877568
3495,0.884736
3496,0.883712
3497,0.857088
3498,0.892928
3499,0.861184
3500,0.892928
3501,0.900096
3502,0.960512
3503,0.849920
3504,0.889856
3505,0.918528
3506,0.931840
3507,0.815104
3508,0.907264
3509,0.891904
3510,0.943104
3511,0.897024
3512,0.912384
3513,0.940032
3514,0.900096
3515,0.914432
3516,0.912384
3517,0.920576
3518,0.908288
3519,0.951296
3520,0.899072
3521,0.923648
3522,0.902144
3523,0.858112
3524,0.892928
3525,0.872448
3526,0.931840
3527,0.925696
3528,0.872448
3529,0.862208
3530,0.883712
3531,0.900096
3532,0.886784
3533,0.940032
3534,0.907264
3535,0.882688
3536,0.922624
3537,0.973824
3538,0.939008
3539,0.888832
3540,0.931840
3541,0.765952
3542,0.500736
3543,0.372736
3544,0.329728
3545,0.347136
3546,0.311296
3547,0.283648
3548,0.222208
3549,0.227328
3550,0.229376
3551,0.216064
3552,0.902144
3553,0.913408
3554,1.009664
3555,0.877568
3556,0.892928
3557,0.877568
3558,0.917504
3559,0.848896
3560,0.881664
3561,0.894976
3562,0.954368
3563,0.857088
3564,0.913408
3565,0.907264
3566,0.917504
3567,0.876544
3568,0.923648
3569,0.870400
3570,0.941056
3571,0.975872
3572,0.909312
3573,0.901120
3574,0.912384
3575,0.941056
3576,0.931840
3577,0.917504
3578,0.912384
3579,0.914432
3580,0.871424
3581,0.909312
3582,0.890880
3583,0.821248
3584,0.872448
3585,0.911360
3586,0.898048
3587,0.998400
3588,0.901120
3589,0.911360
3590,0.932864
3591,0.888832
3592,0.946176
3593,0.892928
3594,0.963584
3595,0.960512
3596,0.934912
3597,0.894976
3598,0.891904
3599,0.901120
3600,0.940032
3601,0.955392
3602,0.899072
3603,0.924672
3604,0.960512
3605,0.880640
3606,0.927744
3607,1.041408
3608,0.913408
3609,0.698368
3610,0.873472
3611,0.934912
3612,0.904192
3613,0.885760
3614,0.854016
3615,0.864256
3616,0.759808
3617,0.547840
3618,0.499712
3619,0.437248
3620,0.751616
3621,0.941056
3622,0.907264
3623,0.902144
3624,0.925696
3625,0.928768
3626,0.930816
3627,0.915456
3628,0.902144
3629,0.920576
3630,0.934912
3631,0.870400
3632,0.934912
3633,0.917504
3634,0.958464
3635,0.911360
3636,0.879616
3637,0.915456
3638,0.928768
3639,0.906240
3640,0.935936
3641,0.909312
3642,0.929792
3643,0.905216
3644,0.883712
3645,0.879616
3646,0.906240
3647,0.903168
3648,0.848896
3649,0.824320
3650,0.813056
3651,0.894976
3652,0.882688
3653,0.925696
3654,0.903168
3655,0.923648
3656,0.935936
3657,0.887808
3658,0.920576
3659,0.863232
3660,0.920576
3661,0.885760
3662,0.928768
3663,0.876544
3664,0.832512
3665,0.904192
3666,0.932864
3667,0.908288
3668,0.893952
3669,0.937984
3670,0.907264
3671,0.904192
3672,0.892928
3673,0.915456
3674,0.929792
3675,0.809984
3676,0.887808
3677,0.930816
3678,0.903168
3679,0.861184
3680,0.874496
3681,0.897024
3682,0.933888
3683,0.916480
3684,0.980992
3685,0.862208
3686,0.561152
3687,0.711680
3688,0.896000
3689,0.936960
3690,0.918528
3691,0.883712
3692,0.920576
3693,0.921600
3694,0.952320
3695,0.836608
3696,0.904192
3697,0.893952
3698,0.845824
3699,0.839680
3700,0.889856
3701,0.894976
3702,0.871424
3703,0.910336
3704,0.904192
3705,0.893952
3706,0.913408
3707,0.872448
3708,0.902144
3709,0.932864
3710,0.836608
3711,0.920576
3712,0.875520
3713,0.898048
3714,0.900096
3715,0.890880
3716,0.922624
3717,0.861184
3718,0.913408
3719,0.892928
3720,0.975872
3721,0.833536
3722,0.897024
3723,0.869376
3724,0.924672
3725,0.880640
3726,0.892928
3727,0.882688
3728,0.902144
3729,0.930816
3730,0.909312
3731,0.921600
3732,0.907264
3733,0.844800
3734,0.882688
3735,0.901120
3736,0.873472
3737,0.941056
3738,0.903168
3739,0.904192
3740,0.921600
3741,0.947200
3742,0.900096
3743,0.892928
3744,0.901120
3745,0.927744
3746,0.937984
3747,0.858112
3748,0.940032
3749,0.954368
3750,0.922624
3751,0.891904
3752,0.737280
3753,0.792576
3754,0.934912
3755,0.792576
3756,0.892928
3757,0.916480
3758,0.884736
3759,0.953344
3760,0.905216
3761,0.910336
3762,0.916480
3763,0.878592
3764,0.897024
3765,0.884736
3766,0.871424
3767,0.908288
3768,0.922624
3769,0.913408
3770,0.857088
3771,0.916480
3772,0.928768
3773,0.880640
3774,0.959488
3775,0.920576
3776,0.925696
3777,0.891904
3778,0.869376
3779,0.887808
3780,0.914432
3781,0.944128
3782,0.928768
3783,0.912384
3784,0.969728
3785,0.914432
3786,0.904192
3787,0.933888
3788,0.919552
3789,0.906240
3790,0.919552
3791,0.885760
3792,0.918528
3793,0.876544
3794,0.854016
3795,0.902144
3796,0.868352
3797,0.922624
3798,0.921600
3799,0.930816
3800,0.928768
3801,0.936960
3802,0.911360
3803,0.923648
3804,0.855040
3805,0.949248
3806,0.889856
3807,0.925696
3808,0.910336
3809,0.868352
3810,0.943104
3811,0.893952
3812,0.863232
3813,0.986112
3814,0.959488
3815,0.929792
3816,0.864256
3817,0.817152
3818,0.629760
3819,0.521216
3820,0.474112
3821,0.441344
3822,0.859136
3823,0.907264
3824,0.804864
3825,0.891904
3826,0.891904
3827,1.051648
3828,0.770048
3829,0.872448
3830,0.852992
3831,0.918528
3832,0.884736
3833,0.830464
3834,0.883712
3835,0.935936
3836,0.926720
3837,0.873472
3838,0.951296
3839,0.859136
3840,0.912384
3841,0.894976
3842,0.914432
3843,0.921600
3844,0.864256
3845,0.869376
3846,0.891904
3847,0.886784
3848,0.940032
3849,0.901120
3850,0.911360
3851,0.921600
3852,0.881664
3853,0.982016
3854,0.832512
3855,0.951296
3856,0.941056
3857,0.925696
3858,0.888832
3859,0.903168
3860,0.898048
3861,0.927744
3862,0.865280
3863,0.835584
3864,0.873472
3865,0.834560
3866,0.832512
3867,0.899072
3868,0.840704
3869,0.885760
3870,0.983040
3871,0.936960
3872,0.929792
3873,0.946176
3874,0.869376
3875,0.945152
3876,0.914432
3877,0.891904
3878,0.904192
3879,0.896000
3880,0.966656
3881,0.949248
3882,0.900096
3883,0.931840
3884,0.887808
3885,0.834560
3886,0.814080
3887,0.741376
3888,0.668672
3889,0.947200
3890,0.899072
3891,0.898048
3892,0.950272
3893,0.903168
3894,0.915456
3895,0.904192
3896,0.874496
3897,0.962560
3898,0.924672
3899,0.974848
3900,0.883712
3901,0.925696
3902,0.916480
3903,0.903168
3904,0.932864
3905,0.933888
3906,0.904192
3907,0.973824
3908,0.886784
3909,0.921600
3910,0.931840
3911,0.886784
3912,0.955392
3913,0.894976
3914,0.913408
3915,0.899072
3916,0.896000
3917,0.942080
3918,0.886784
3919,0.970752
3920,0.910336
3921,0.897024
3922,0.914432
3923,0.894976
3924,0.896000
3925,0.894976
3926,0.878592
3927,0.898048
3928,0.881664
3929,0.852992
3930,0.920576
3931,0.862208
3932,0.925696
3933,0.909312
3934,0.928768
3935,0.904192
3936,0.901120
3937,0.915456
3938,0.928768
3939,0.894976
3940,0.924672
3941,0.947200
3942,0.888832
3943,0.903168
3944,0.890880
3945,0.907264
3946,1.001472
3947,0.881664
3948,0.949248
3949,0.934912
3950,0.940032
3951,0.893952
3952,0.881664
3953,0.646144
3954,0.902144
3955,0.935936
3956,0.897024
3957,0.915456
3958,0.896000
3959,0.912384
3960,0.918528
3961,0.936960
3962,0.885760
3963,0.863232
3964,0.877568
3965,0.877568
3966,0.912384
3967,0.834560
3968,0.837632
3969,0.935936
3970,0.904192
3971,0.912384
3972,0.894976
3973,0.924672
3974,0.908288
3975,0.885760
3976,0.924672
3977,0.907264
3978,0.888832
3979,0.930816
3980,0.880640
3981,0.880640
3982,0.896000
3983,0.899072
3984,0.872448
3985,0.896000
3986,0.907264
3987,0.889856
3988,0.900096
3989,0.929792
3990,0.843776
3991,0.901120
3992,0.894976
3993,0.914432
3994,0.908288
3995,0.939008
3996,0.906240
3997,0.954368
3998,0.912384
3999,0.978944
4000,0.916480
4001,0.889856
4002,0.942080
4003,0.882688
4004,0.902144
4005,0.928768
4006,0.928768
4007,0.942080
4008,0.916480
4009,0.884736
4010,0.912384
4011,0.921600
4012,0.878592
4013,0.859136
4014,0.857088
4015,0.946176
4016,0.908288
4017,0.875520
4018,0.664576
4019,0.886784
4020,0.887808
4021,0.943104
4022,0.814080
4023,0.857088
4024,0.841728
4025,0.850944
4026,0.890880
4027,0.882688
4028,0.932864
4029,0.919552
4030,0.945152
4031,0.902144
4032,0.874496
4033,0.910336
4034,0.911360
4035,0.905216
4036,0.873472
4037,0.904192
4038,0.910336
4039,0.898048
4040,0.914432
4041,0.929792
4042,0.896000
4043,0.919552
4044,0.902144
4045,0.886784
4046,0.880640
4047,0.955392
4048,0.868352
4049,0.887808
4050,0.933888
4051,0.874496
4052,0.907264
4053,0.916480
4054,0.933888
4055,0.931840
4056,0.898048
4057,0.920576
4058,0.822272
4059,0.880640
4060,0.869376
4061,0.897024
4062,0.901120
4063,0.891904
4064,0.911360
4065,0.952320
4066,0.901120
4067,0.898048
4068,0.886784
4069,0.900096
4070,0.876544
4071,0.911360
4072,0.929792
4073,0.871424
4074,0.965632
4075,0.884736
4076,0.958464
4077,0.916480
4078,0.940032
4079,0.943104
4080,0.951296
4081,0.977920
4082,0.791552
4083,0.629760
4084,0.536576
4085,0.775168
4086,0.913408
4087,0.916480
4088,0.921600
4089,0.907264
4090,0.951296
4091,0.911360
4092,0.896000
4093,0.946176
4094,0.926720
4095,0.918528
4096,0.892928
4097,0.948224
4098,0.847872
4099,0.930816
4100,0.867328
4101,0.864256
4102,0.940032
4103,0.859136
4104,0.870400
4105,0.905216
4106,0.876544
4107,0.899072
4108,0.931840
4109,0.857088
4110,0.906240
4111,0.851968
4112,0.902144
4113,0.927744
4114,0.918528
4115,0.936960
4116,0.873472
4117,0.940032
4118,0.871424
4119,0.871424
4120,0.922624
4121,0.884736
4122,0.923648
4123,0.936960
4124,0.904192
4125,0.955392
4126,0.912384
4127,0.973824
4128,0.909312
4129,0.931840
4130,0.934912
4131,0.930816
4132,0.883712
4133,0.889856
4134,0.905216
4135,0.834560
4136,0.813056
4137,0.877568
4138,0.888832
4139,0.918528
4140,0.945152
4141,0.941056
4142,0.933888
4143,0.932864
4144,0.915456
4145,0.936960
4146,0.935936
4147,0.970752
4148,0.888832
4149,0.836608
4150,0.578560
4151,0.917504
4152,0.936960
4153,0.903168
4154,0.878592
4155,0.903168
4156,0.849920
4157,0.826368
4158,0.874496
4159,0.899072
4160,0.875520
4161,0.916480
4162,0.902144
4163,0.966656
4164,0.894976
4165,0.944128
4166,0.913408
4167,0.953344
4168,0.907264
4169,0.918528
4170,0.979968
4171,0.956416
4172,0.936960
4173,0.888832
4174,0.918528
4175,0.930816
4176,0.918528
4177,0.884736
4178,0.901120
4179,0.885760
4180,0.928768
4181,0.904192
4182,0.849920
4183,0.945152
4184,0.894976
4185,0.929792
4186,0.862208
4187,0.906240
4188,0.914432
4189,0.877568
4190,0.892928
4191,0.919552
4192,0.940032
4193,0.903168
4194,0.940032
4195,0.871424
4196,0.923648
4197,0.916480
4198,0.907264
4199,0.890880
4200,0.944128
4201,0.906240
4202,0.898048
4203,0.883712
4204,0.920576
4205,0.904192
4206,0.921600
4207,0.893952
4208,0.898048
4209,0.867328
4210,0.909312
4211,0.940032
4212,0.953344
4213,0.880640
4214,0.834560
4215,0.667648
4216,0.548864
4217,0.872448
4218,0.916480
4219,0.911360
4220,0.894976
4221,0.898048
4222,0.885760
4223,0.925696
4224,0.901120
4225,0.941056
4226,0.857088
4227,0.864256
4228,0.917504
4229,0.906240
4230,0.897024
4231,0.916480
4232,0.916480
4233,0.955392
4234,0.932864
4235,0.926720
4236,0.918528
4237,0.945152
4238,0.850944
4239,0.942080
4240,0.914432
4241,0.926720
4242,0.923648
4243,0.886784
4244,0.949248
4245,0.880640
4246,0.917504
4247,0.911360
4248,0.944128
4249,0.940032
4250,0.945152
4251,0.876544
4252,0.894976
4253,0.926720
4254,0.919552
4255,0.901120
4256,0.920576
4257,0.961536
4258,0.929792
4259,0.939008
4260,0.958464
4261,0.904192
4262,0.899072
4263,0.885760
4264,0.869376
4265,0.849920
4266,0.837632
4267,0.927744
4268,0.922624
4269,0.925696
4270,0.889856
4271,0.957440
4272,0.956416
4273,0.873472
4274,0.909312
4275,0.962560
4276,0.939008
4277,0.875520
4278,0.951296
4279,0.912384
4280,0.952320
4281,0.846848
4282,0.348160
4283,0.364544
4284,0.231424
4285,0.230400
4286,0.211968
4287,0.219136
4288,0.235520
4289,0.221184
4290,0.214016
4291,0.236544
4292,0.219136
4293,0.218112
4294,0.217088
4295,0.221184
4296,0.194560
4297,0.187392
4298,0.185344
4299,0.180224
4300,0.182272
4301,0.171008
4302,0.163840
4303,0.163840
4304,0.169984
4305,0.164864
4306,0.163840
4307,0.931840
4308,1.043456
4309,1.043456
4310,0.766976
4311,0.904192
4312,0.921600
4313,0.898048
4314,0.908288
4315,0.912384
4316,0.917504
4317,0.916480
4318,0.901120
4319,0.872448
4320,0.869376
4321,0.859136
4322,0.914432
4323,0.828416
4324,0.863232
4325,0.891904
4326,0.924672
4327,0.912384
4328,0.942080
4329,0.925696
4330,0.936960
4331,0.951296
4332,0.834560
4333,0.919552
4334,0.917504
4335,0.931840
4336,0.855040
4337,0.908288
4338,0.931840
4339,0.889856
4340,0.908288
4341,0.907264
4342,0.883712
4343,0.929792
4344,0.925696
4345,0.934912
4346,0.949248
4347,0.926720
4348,0.976896
4349,0.903168
4350,0.888832
4351,0.959488
4352,0.960512
4353,0.911360
4354,0.949248
4355,0.906240
4356,0.943104
4357,0.932864
4358,0.891904
4359,0.918528
4360,0.910336
4361,0.932864
4362,0.923648
4363,0.937984
4364,0.934912
4365,0.936960
4366,0.928768
4367,0.926720
4368,0.948224
4369,0.876544
4370,0.784384
4371,0.642048
4372,0.946176
4373,0.919552
4374,0.931840
4375,0.906240
4376,0.901120
4377,0.901120
4378,0.859136
4379,0.885760
4380,0.917504
4381,0.841728
4382,0.862208
4383,0.835584
4384,0.893952
4385,0.854016
4386,0.945152
4387,0.889856
4388,0.934912
4389,0.908288
4390,0.889856
4391,0.896000
4392,0.898048
4393,0.921600
4394,0.907264
4395,0.916480
4396,0.892928
4397,0.891904
4398,0.882688
4399,0.902144
4400,0.865280
4401,0.864256
4402,0.900096
4403,0.886784
4404,0.884736
4405,0.903168
4406,0.917504
4407,0.898048
4408,0.894976
4409,0.916480
4410,0.911360
4411,0.890880
4412,0.897024
4413,0.934912
4414,0.910336
4415,0.974848
4416,0.912384
4417,0.899072
4418,0.908288
4419,0.939008
4420,0.901120
4421,0.966656
4422,0.925696
4423,0.934912
4424,0.927744
4425,0.924672
4426,0.933888
4427,0.886784
4428,0.891904
4429,0.905216
4430,0.876544
4431,0.851968
4432,0.866304
4433,0.880640
4434,0.875520
4435,0.862208
4436,0.701440
4437,0.910336
4438,0.962560
4439,0.901120
4440,0.877568
4441,0.913408
4442,0.929792
4443,0.924672
4444,0.863232
4445,0.931840
4446,0.920576
4447,0.943104
4448,0.893952
4449,0.886784
4450,0.906240
4451,0.881664
4452,0.903168
4453,0.898048
4454,0.833536
4455,0.871424
4456,0.846848
4457,0.897024
4458,0.932864
4459,0.876544
4460,0.934912
4461,0.902144
4462,0.877568
4463,0.939008
4464,0.909312
4465,0.913408
4466,0.927744
4467,0.911360
4468,0.869376
4469,0.927744
4470,0.908288
4471,0.921600
4472,0.917504
4473,0.850944
4474,0.850944
4475,0.915456
4476,0.896000
4477,0.914432
4478,0.849920
4479,0.879616
4480,0.915456
4481,0.908288
4482,0.911360
4483,0.904192
4484,0.925696
4485,0.846848
4486,0.876544
4487,0.948224
4488,0.872448
4489,0.911360
4490,0.918528
4491,0.908288
4492,0.926720
4493,0.909312
4494,0.892928
4495,0.916480
4496,0.915456
4497,0.956416
4498,0.940032
4499,0.911360
4500,0.953344
4501,0.680960
4502,0.510976
4503,0.921600
4504,0.901120
4505,0.931840
4506,0.887808
4507,0.914432
4508,0.896000
4509,0.910336
4510,0.860160
4511,0.926720
4512,0.943104
4513,0.903168
4514,0.914432
4515,0.914432
4516,0.933888
4517,0.874496
4518,0.925696
4519,0.925696
4520,0.931840
4521,0.881664
4522,0.933888
4523,0.909312
4524,0.924672
4525,0.861184
4526,0.943104
4527,0.904192
4528,0.929792
4529,0.860160
4530,0.929792
4531,0.873472
4532,0.943104
4533,0.897024
4534,0.915456
4535,0.918528
4536,0.941056
4537,0.891904
4538,0.922624
4539,0.932864
4540,0.932864
4541,0.944128
4542,0.898048
4543,0.916480
4544,0.946176
4545,0.855040
4546,0.876544
4547,0.908288
4548,0.859136
4549,0.909312
4550,1.004544
4551,0.849920
4552,0.908288
4553,0.849920
4554,0.913408
4555,0.845824
4556,0.898048
4557,0.954368
4558,0.868352
4559,0.918528
4560,0.928768
4561,0.942080
4562,0.914432
4563,0.856064
4564,0.920576
4565,0.918528
4566,0.836608
4567,0.722944
4568,0.577536
4569,0.455680
4570,0.442368
4571,0.380928
4572,0.816128
4573,0.910336
4574,0.955392
4575,0.891904
4576,0.891904
4577,0.978944
4578,0.907264
4579,0.928768
4580,0.894976
4581,0.891904
4582,0.952320
4583,0.887808
4584,0.900096
4585,0.923648
4586,0.849920
4587,0.894976
4588,0.939008
4589,0.927744
4590,0.900096
4591,0.942080
4592,0.914432
4593,0.894976
4594,0.914432
4595,0.953344
4596,0.899072
4597,0.883712
4598,0.887808
4599,0.882688
4600,0.873472
4601,0.899072
4602,0.809984
4603,0.864256
4604,0.923648
4605,0.868352
4606,0.906240
4607,0.908288
4608,0.900096
4609,0.917504
4610,0.900096
4611,0.904192
4612,1.048576
4613,0.923648
4614,0.894976
4615,0.915456
4616,0.887808
4617,0.857088
4618,0.867328
4619,0.925696
4620,0.896000
4621,0.928768
4622,0.910336
4623,0.896000
4624,0.910336
4625,0.859136
4626,0.915456
4627,0.875520
4628,0.920576
4629,0.920576
4630,0.873472
4631,0.933888
4632,0.891904
4633,0.884736
4634,0.930816
4635,0.891904
4636,0.743424
4637,0.569344
4638,0.477184
4639,0.458752
4640,0.416768
4641,0.410624
4642,0.391168
4643,0.391168
4644,0.722944
4645,0.936960
4646,0.921600
4647,0.930816
4648,0.906240
4649,0.952320
4650,0.937984
4651,0.924672
4652,0.870400
4653,0.920576
4654,0.903168
4655,0.921600
4656,0.930816
4657,0.941056
4658,0.873472
4659,0.902144
4660,0.912384
4661,0.904192
4662,0.867328
4663,0.907264
4664,0.813056
4665,0.835584
4666,0.854016
4667,0.911360
4668,0.898048
4669,0.871424
4670,0.866304
4671,0.888832
4672,0.875520
4673,0.875520
4674,0.909312
4675,0.909312
4676,0.913408
4677,0.903168
4678,0.909312
4679,0.952320
4680,0.929792
4681,0.909312
4682,0.897024
4683,0.942080
4684,0.916480
4685,0.897024
4686,0.872448
4687,0.907264
4688,0.929792
4689,0.980992
4690,0.899072
4691,0.880640
4692,0.841728
4693,0.875520
4694,0.917504
4695,0.848896
4696,0.920576
4697,0.972800
4698,0.916480
4699,0.874496
4700,0.935936
4701,0.857088
4702,0.967680
4703,0.918528
4704,0.864256
4705,0.852992
4706,0.914432
4707,0.897024
4708,0.915456
4709,0.918528
4710,0.721920
4711,0.279552
4712,0.263168
4713,0.233472
4714,0.185344
4715,0.191488
4716,0.191488
4717,0.183296
4718,0.864256
4719,0.935936
4720,0.876544
4721,0.909312
4722,0.942080
4723,0.922624
4724,0.903168
4725,0.909312
4726,0.892928
4727,0.849920
4728,0.924672
4729,0.889856
4730,0.929792
4731,0.926720
4732,0.897024
4733,0.929792
4734,0.985088
4735,0.925696
4736,0.897024
4737,0.904192
4738,0.908288
4739,0.922624
4740,0.924672
4741,0.905216
4742,0.899072
4743,0.905216
4744,0.887808
4745,0.944128
4746,0.926720
4747,0.948224
4748,0.873472
4749,0.955392
4750,0.931840
4751,0.931840
4752,0.949248
4753,0.900096
4754,0.907264
4755,0.907264
4756,1.091584
4757,0.863232
4758,0.911360
4759,0.920576
4760,0.920576
4761,0.945152
4762,0.902144
4763,0.891904
4764,0.929792
4765,0.901120
4766,0.927744
4767,0.888832
4768,0.883712
4769,0.887808
4770,0.916480
4771,0.948224
4772,0.940032
4773,0.969728
4774,0.892928
4775,0.966656
4776,0.941056
4777,0.937984
4778,0.955392
4779,0.860160
4780,0.962560
4781,0.874496
4782,0.666624
4783,0.814080
4784,0.872448
4785,0.964608
4786,0.944128
4787,0.908288
4788,0.888832
4789,0.933888
4790,0.940032
4791,0.952320
4792,0.860160
4793,0.939008
4794,0.921600
4795,0.904192
4796,0.911360
4797,0.913408
4798,0.905216
4799,0.912384
4800,0.925696
4801,0.892928
4802,0.963584
4803,0.901120
4804,0.922624
4805,0.926720
4806,0.957440
4807,0.940032
4808,0.911360
4809,0.899072
4810,0.919552
4811,0.921600
4812,0.928768
4813,0.931840
4814,0.887808
4815,0.909312
4816,0.928768
4817,0.868352
4818,0.933888
4819,0.931840
4820,0.886784
4821,0.871424
4822,0.793600
4823,0.847872
4824,0.902144
4825,0.911360
4826,0.913408
4827,0.921600
4828,0.920576
4829,0.902144
4830,0.880640
4831,0.905216
4832,0.899072
4833,0.854016
4834,0.951296
4835,0.896000
4836,0.918528
4837,0.876544
4838,0.911360
4839,0.901120
4840,0.899072
4841,0.931840
4842,0.941056
4843,0.957440
4844,0.908288
4845,0.901120
4846,0.862208
4847,0.697344
4848,0.526336
4849,0.476160
4850,0.410624
4851,0.359424
4852,0.349184
4853,0.243712
4854,0.246784
4855,0.248832
4856,0.179200
4857,0.870400
4858,0.960512
4859,0.845824
4860,0.912384
4861,0.893952
4862,0.927744
4863,0.919552
4864,0.883712
4865,0.919552
4866,0.912384
4867,0.906240
4868,0.925696
4869,0.923648
4870,0.947200
4871,0.914432
4872,0.945152
4873,0.860160
4874,0.934912
4875,0.908288
4876,0.926720
4877,0.896000
4878,0.848896
4879,0.900096
4880,0.906240
4881,0.912384
4882,0.934912
4883,0.918528
4884,0.926720
4885,0.922624
4886,0.911360
4887,0.921600
4888,0.905216
4889,0.891904
4890,0.917504
4891,0.892928
4892,0.942080
4893,0.916480
4894,0.903168
4895,0.935936
4896,0.934912
4897,0.928768
4898,0.919552
4899,0.919552
4900,0.940032
4901,0.912384
4902,0.905216
4903,0.876544
4904,0.812032
4905,0.840704
4906,0.859136
4907,0.885760
4908,0.881664
4909,0.923648
4910,0.909312
4911,0.909312
4912,0.901120
4913,0.912384
4914,0.951296
4915,0.912384
4916,0.914432
4917,0.879616
4918,0.893952
4919,0.884736
4920,0.930816
4921,0.893952
4922,0.515072
4923,0.463872
4924,0.396288
4925,0.376832
4926,0.238592
4927,0.243712
4928,0.221184
4929,0.196608
4930,0.198656
4931,0.203776
4932,0.205824
4933,0.193536
4934,0.772096
4935,0.948224
4936,0.885760
4937,0.924672
4938,0.867328
4939,0.931840
4940,0.929792
4941,0.914432
4942,0.930816
4943,0.891904
4944,0.935936
4945,0.953344
4946,0.838656
4947,0.877568
4948,0.860160
4949,0.936960
4950,0.935936
4951,1.005568
4952,0.900096
4953,0.801792
4954,0.891904
4955,0.953344
4956,0.925696
4957,0.901120
4958,0.958464
4959,0.929792
4960,0.936960
4961,0.914432
4962,0.911360
4963,0.902144
4964,0.930816
4965,0.917504
4966,0.855040
4967,0.915456
4968,0.937984
4969,0.873472
4970,0.944128
4971,0.931840
4972,0.916480
4973,0.913408
4974,0.904192
4975,0.984064
4976,0.921600
4977,0.855040
4978,0.882688
4979,0.892928
4980,0.839680
4981,0.874496
4982,0.845824
4983,0.881664
4984,0.911360
4985,0.912384
4986,0.894976
4987,0.912384
4988,0.914432
4989,0.897024
4990,0.969728
4991,0.936960
4992,0.927744
4993,0.885760
4994,0.955392
4995,0.923648
4996,0.925696
4997,0.910336
4998,0.750592
4999,0.616448
5000,0.715776
5001,0.900096
5002,0.912384
5003,0.898048
5004,0.930816
5005,0.885760
5006,0.962560
5007,0.947200
5008,0.869376
5009,0.872448
5010,0.881664
5011,0.850944
5012,0.867328
5013,0.863232
5014,0.862208
5015,0.835584
5016,0.889856
5017,0.857088
5018,0.893952
5019,1.077248
5020,1.055744
5021,0.868352
5022,0.919552
5023,0.928768
5024,0.900096
5025,0.894976
5026,0.865280
5027,0.914432
5028,0.906240
5029,0.884736
5030,0.846848
5031,0.876544
5032,0.911360
5033,0.785408
5034,0.882688
5035,0.899072
5036,0.869376
5037,0.923648
5038,0.866304
5039,0.876544
5040,0.882688
5041,0.929792
5042,0.879616
5043,0.885760
5044,0.859136
5045,0.860160
5046,0.884736
5047,0.916480
5048,0.963584
5049,0.899072
5050,0.882688
5051,0.952320
5052,0.913408
5053,0.888832
5054,0.901120
5055,0.915456
5056,0.922624
5057,0.923648
5058,0.918528
5059,0.912384
5060,0.933888
5061,0.922624
5062,0.878592
5063,0.929792
5064,0.951296
5065,0.764928
5066,0.571392
5067,0.930816
5068,0.899072
5069,0.873472
5070,0.885760
5071,0.876544
5072,0.915456
5073,0.877568
5074,0.914432
5075,0.903168
5076,0.940032
5077,0.921600
5078,0.888832
5079,0.926720
5080,0.884736
5081,0.941056
5082,0.903168
5083,0.937984
5084,0.886784
5085,0.935936
5086,0.907264
5087,0.850944
5088,0.781312
5089,0.831488
5090,0.939008
5091,0.896000
5092,0.900096
5093,0.887808
5094,0.897024
5095,0.838656
5096,0.912384
5097,0.840704
5098,0.872448
5099,0.917504
5100,0.941056
5101,0.861184
5102,0.914432
5103,0.918528
5104,0.898048
5105,0.879616
5106,0.939008
5107,0.904192
5108,0.884736
5109,0.924672
5110,0.904192
5111,0.902144
5112,0.845824
5113,0.893952
5114,0.882688
5115,0.914432
5116,0.859136
5117,0.875520
5118,0.879616
5119,0.879616
5120,0.942080
5121,0.868352
5122,0.935936
5123,0.856064
5124,0.922624
5125,0.899072
5126,0.925696
5127,0.888832
5128,0.902144
5129,0.902144
5130,0.926720
5131,0.867328
5132,0.757760
5133,0.935936
5134,0.900096
5135,0.910336
5136,0.890880
5137,0.942080
5138,0.921600
5139,0.881664
5140,0.928768
5141,0.906240
5142,0.857088
5143,0.925696
5144,0.925696
5145,0.909312
5146,0.924672
5147,0.911360
5148,0.908288
5149,0.929792
5150,0.881664
5151,0.873472
5152,0.823296
5153,0.865280
5154,0.882688
5155,0.931840
5156,0.880640
5157,0.909312
5158,0.890880
5159,0.918528
5160,0.885760
5161,0.878592
5162,0.939008
5163,0.859136
5164,0.937984
5165,0.909312
5166,0.899072
5167,0.856064
5168,0.907264
5169,0.916480
5170,0.907264
5171,0.883712
5172,0.926720
5173,0.903168
5174,0.848896
5175,0.907264
5176,0.939008
5177,0.925696
5178,0.851968
5179,0.919552
5180,0.915456
5181,0.932864
5182,0.945152
5183,0.907264
5184,0.959488
5185,0.944128
5186,0.929792
5187,0.902144
5188,0.833536
5189,0.913408
5190,0.905216
5191,0.907264
5192,0.949248
5193,0.919552
5194,0.912384
5195,0.943104
5196,0.796672
5197,0.683008
5198,0.646144
5199,0.812032
5200,0.926720
5201,0.939008
5202,0.866304
5203,0.976896
5204,0.903168
5205,0.974848
5206,0.902144
5207,0.939008
5208,0.893952
5209,0.943104
5210,0.911360
5211,0.881664
5212,0.901120
5213,0.921600
5214,0.937984
5215,0.850944
5216,0.930816
5217,0.863232
5218,0.939008
5219,0.928768
5220,0.915456
5221,0.900096
5222,0.949248
5223,0.900096
5224,0.932864
5225,0.921600
5226,0.912384
5227,0.968704
5228,0.908288
5229,0.964608
5230,0.914432
5231,0.908288
5232,0.906240
5233,0.925696
5234,0.891904
5235,0.902144
5236,0.942080
5237,0.962560
5238,0.929792
5239,0.889856
5240,0.958464
5241,0.949248
5242,0.893952
5243,0.940032
5244,0.952320
5245,0.898048
5246,0.898048
5247,0.923648
5248,0.953344
5249,0.901120
5250,0.940032
5251,0.908288
5252,0.901120
5253,0.952320
5254,0.909312
5255,0.965632
5256,0.962560
5257,0.919552
5258,0.922624
5259,0.916480
5260,0.924672
5261,0.934912
5262,0.862208
5263,0.799744
5264,0.619520
5265,0.305152
5266,0.204800
5267,0.198656
5268,0.180224
5269,0.177152
5270,0.172032
5271,0.177152
5272,0.177152
5273,0.165888
5274,0.164864
5275,0.176128
5276,0.171008
5277,0.163840
5278,0.162816
5279,0.960512
5280,0.920576
5281,0.913408
5282,0.923648
5283,0.973824
5284,0.880640
5285,0.930816
5286,0.913408
5287,0.933888
5288,0.927744
5289,0.934912
5290,0.950272
5291,0.928768
5292,0.939008
5293,0.920576
5294,0.894976
5295,0.946176
5296,0.902144
5297,0.944128
5298,0.902144
5299,1.042432
5300,0.930816
5301,0.989184
5302,0.596992
5303,0.866304
5304,0.943104
5305,0.876544
5306,0.831488
5307,0.874496
5308,0.897024
5309,0.966656
5310,0.888832
5311,0.882688
5312,1.017856
5313,0.859136
5314,0.931840
5315,0.904192
5316,0.910336
5317,0.921600
5318,0.924672
5319,0.923648
5320,0.888832
5321,0.956416
5322,0.931840
5323,0.950272
5324,0.910336
5325,0.927744
5326,0.894976
5327,0.914432
5328,0.934912
5329,0.924672
5330,0.944128
5331,0.936960
5332,0.970752
5333,0.862208
5334,0.909312
5335,0.949248
5336,0.890880
5337,0.955392
5338,0.912384
5339,0.923648
5340,0.875520
5341,0.889856
5342,0.844800
5343,0.600064
5344,0.742400
5345,0.893952
5346,0.915456
5347,0.902144
5348,0.968704
5349,0.908288
5350,0.897024
5351,0.907264
5352,0.888832
5353,0.885760
5354,0.957440
5355,0.947200
5356,0.904192
5357,0.943104
5358,0.933888
5359,0.939008
5360,0.923648
5361,0.937984
5362,0.929792
5363,0.905216
5364,0.887808
5365,0.861184
5366,0.807936
5367,0.844800
5368,0.883712
5369,0.893952
5370,0.882688
5371,0.911360
5372,0.859136
5373,0.899072
5374,0.906240
5375,0.890880
5376,0.906240
5377,0.897024
5378,0.886784
5379,0.911360
5380,0.873472
5381,0.916480
5382,0.864256
5383,0.865280
5384,0.913408
5385,0.950272
5386,0.917504
5387,0.934912
5388,0.890880
5389,0.931840
5390,0.900096
5391,0.916480
5392,0.937984
5393,0.911360
5394,0.897024
5395,0.961536
5396,0.908288
5397,0.906240
5398,0.883712
5399,0.867328
5400,0.928768
5401,0.876544
5402,0.898048
5403,0.926720
5404,0.894976
5405,0.839680
5406,0.838656
5407,0.877568
5408,0.826368
5409,0.662528
5410,0.910336
5411,0.918528
5412,0.871424
5413,0.916480
5414,0.949248
5415,0.908288
5416,0.885760
5417,0.870400
5418,0.859136
5419,0.936960
5420,0.877568
5421,0.908288
5422,0.858112
5423,0.864256
5424,0.831488
5425,0.883712
5426,0.894976
5427,0.842752
5428,0.648192
5429,0.877568
5430,0.912384
5431,0.925696
5432,0.935936
5433,0.940032
5434,0.892928
5435,0.881664
5436,0.900096
5437,0.879616
5438,0.857088
5439,0.902144
5440,0.865280
5441,0.887808
5442,0.849920
5443,0.889856
5444,0.881664
5445,0.867328
5446,0.937984
5447,0.920576
5448,0.911360
5449,0.919552
5450,0.913408
5451,0.864256
5452,0.957440
5453,0.964608
5454,0.909312
5455,0.948224
5456,0.922624
5457,0.919552
5458,0.928768
5459,0.902144
5460,0.926720
5461,0.926720
5462,0.893952
5463,0.900096
5464,0.948224
5465,0.879616
5466,0.910336
5467,0.917504
5468,0.893952
5469,0.887808
5470,0.936960
5471,0.947200
5472,0.880640
5473,0.916480
5474,0.809984
5475,0.461824
5476,0.346112
5477,0.889856
5478,0.878592
5479,0.919552
5480,0.903168
5481,0.921600
5482,0.893952
5483,0.867328
5484,0.875520
5485,0.916480
5486,0.888832
5487,0.910336
5488,0.923648
5489,0.906240
5490,0.931840
5491,0.888832
5492,0.978944
5493,0.921600
5494,0.902144
5495,0.880640
5496,0.957440
5497,0.911360
5498,0.900096
5499,0.922624
5500,0.919552
5501,0.875520
5502,0.912384
5503,0.913408
5504,0.845824
5505,0.910336
5506,0.966656
5507,0.684032
5508,0.907264
5509,0.906240
5510,0.913408
5511,0.908288
5512,0.854016
5513,0.861184
5514,0.884736
5515,0.876544
5516,0.850944
5517,0.857088
5518,0.920576
5519,0.848896
5520,0.943104
5521,0.928768
5522,0.893952
5523,0.901120
5524,0.943104
5525,0.901120
5526,0.945152
5527,0.906240
5528,0.911360
5529,0.958464
5530,0.881664
5531,0.896000
5532,0.885760
5533,0.933888
5534,0.937984
5535,0.892928
5536,0.909312
5537,0.904192
5538,0.953344
5539,0.930816
5540,0.928768
5541,0.859136
5542,0.820224
5543,0.943104
5544,0.882688
5545,0.948224
5546,0.901120
5547,0.880640
5548,0.890880
5549,0.856064
5550,0.914432
5551,0.861184
5552,0.992256
5553,0.871424
5554,0.923648
5555,0.939008
5556,0.867328
5557,0.969728
5558,0.901120
5559,0.915456
5560,0.937984
5561,0.837632
5562,0.922624
5563,0.893952
5564,0.927744
5565,0.899072
5566,0.933888
5567,0.894976
5568,0.917504
5569,0.915456
5570,0.888832
5571,0.869376
5572,0.837632
5573,0.919552
5574,0.893952
5575,0.908288
5576,0.928768
5577,0.884736
5578,0.907264
5579,0.915456
5580,0.876544
5581,0.943104
5582,0.909312
5583,0.931840
5584,0.898048
5585,0.909312
5586,0.920576
5587,0.925696
5588,0.929792
5589,0.908288
5590,0.838656
5591,0.846848
5592,0.823296
5593,0.885760
5594,0.877568
5595,0.882688
5596,0.954368
5597,1.057792
5598,0.893952
5599,0.900096
5600,0.899072
5601,0.926720
5602,0.909312
5603,0.879616
5604,0.927744
5605,0.867328
5606,0.886784
5607,0.616448
5608,0.537600
5609,0.393216
5610,0.367616
5611,0.840704
5612,0.858112
5613,0.902144
5614,0.905216
5615,0.870400
5616,0.915456
5617,0.929792
5618,0.933888
5619,0.875520
5620,0.982016
5621,0.851968
5622,0.899072
5623,0.915456
5624,0.913408
5625,0.914432
5626,0.892928
5627,0.946176
5628,0.907264
5629,0.908288
5630,0.899072
5631,0.921600
5632,0.946176
5633,0.942080
5634,0.919552
5635,0.917504
5636,0.868352
5637,0.912384
5638,0.935936
5639,0.912384
5640,0.917504
5641,0.955392
5642,0.911360
5643,0.950272
5644,0.896000
5645,0.966656
5646,0.904192
5647,0.914432
5648,0.927744
5649,0.934912
5650,0.865280
5651,0.886784
5652,0.868352
5653,0.873472
5654,0.847872
5655,0.871424
5656,0.877568
5657,0.910336
5658,0.933888
5659,0.941056
5660,0.881664
5661,0.918528
5662,0.926720
5663,0.910336
5664,0.907264
5665,0.914432
5666,0.834560
5667,0.828416
5668,0.905216
5669,0.980992
5670,0.854016
5671,0.935936
5672,0.896000
5673,0.915456
5674,0.898048
5675,0.754688
5676,0.951296
5677,0.881664
5678,0.925696
5679,0.915456
5680,0.915456
5681,0.887808
5682,0.900096
5683,0.924672
5684,0.977920
5685,0.919552
5686,0.924672
5687,0.887808
5688,0.891904
5689,0.920576
5690,0.902144
5691,0.960512
5692,0.954368
5693,0.917504
5694,0.892928
5695,0.954368
5696,0.948224
5697,0.876544
5698,0.896000
5699,0.924672
5700,0.877568
5701,0.859136
5702,0.826368
5703,0.787456
5704,0.883712
5705,0.947200
5706,0.910336
5707,0.893952
5708,0.953344
5709,0.932864
5710,0.867328
5711,0.918528
5712,0.904192
5713,0.878592
5714,0.921600
5715,0.886784
5716,0.917504
5717,0.845824
5718,0.935936
5719,0.879616
5720,0.912384
5721,0.950272
5722,0.905216
5723,0.850944
5724,0.900096
5725,0.902144
5726,0.945152
5727,0.915456
5728,0.954368
5729,0.906240
5730,0.898048
5731,0.911360
5732,0.966656
5733,0.899072
5734,0.965632
5735,0.917504
5736,0.890880
5737,0.926720
5738,0.972800
5739,0.845824
5740,0.549888
5741,0.472064
5742,0.208896
5743,0.190464
5744,0.189440
5745,0.188416
5746,0.190464
5747,0.189440
5748,0.187392
5749,0.189440
5750,0.184320
5751,0.187392
5752,0.193536
5753,0.190464
5754,0.182272
5755,0.174080
5756,0.970752
5757,0.907264
5758,0.873472
5759,0.939008
5760,0.990208
5761,0.917504
5762,0.939008
5763,0.947200
5764,0.894976
5765,0.864256
5766,0.922624
5767,0.931840
5768,0.898048
5769,0.910336
5770,0.908288
5771,0.968704
5772,0.878592
5773,0.879616
5774,0.917504
5775,0.933888
5776,0.940032
5777,0.888832
5778,0.899072
5779,0.903168
5780,0.877568
5781,0.915456
5782,0.894976
5783,0.933888
5784,0.851968
5785,0.899072
5786,0.915456
5787,0.885760
5788,0.941056
5789,0.884736
5790,0.900096
5791,0.872448
5792,0.900096
5793,0.957440
5794,0.931840
5795,0.954368
5796,0.949248
5797,0.958464
5798,0.879616
5799,0.934912
5800,0.907264
5801,0.930816
5802,0.875520
5803,0.922624
5804,0.928768
5805,0.889856
5806,0.950272
5807,0.874496
5808,0.918528
5809,0.920576
5810,0.882688
5811,0.901120
5812,0.880640
5813,0.880640
5814,0.836608
5815,0.942080
5816,0.912384
5817,0.890880
5818,0.922624
5819,0.915456
5820,0.887808
5821,0.716800
5822,0.441344
5823,0.404480
5824,0.181248
5825,0.181248
5826,0.178176
5827,0.168960
5828,0.179200
5829,0.172032
5830,0.176128
5831,0.173056
5832,0.172032
5833,0.172032
5834,0.169984
5835,0.167936
5836,0.180224
5837,0.168960
5838,0.166912
5839,0.158720
5840,0.916480
5841,0.902144
5842,0.944128
5843,0.939008
5844,0.915456
5845,0.942080
5846,0.931840
5847,0.916480
5848,0.948224
5849,0.877568
5850,0.884736
5851,0.886784
5852,0.921600
5853,0.922624
5854,0.927744
5855,0.917504
5856,0.892928
5857,0.933888
5858,0.936960
5859,0.927744
5860,0.891904
5861,0.912384
5862,0.855040
5863,0.918528
5864,0.909312
5865,0.845824
5866,0.917504
5867,0.911360
5868,0.900096
5869,0.917504
5870,0.898048
5871,0.883712
5872,0.891904
5873,0.901120
5874,0.904192
5875,0.969728
5876,0.890880
5877,0.912384
5878,0.955392
5879,0.902144
5880,0.931840
5881,0.869376
5882,0.934912
5883,0.860160
5884,0.904192
5885,0.960512
5886,0.921600
5887,0.902144
5888,0.949248
5889,0.941056
5890,0.905216
5891,0.921600
5892,0.949248
5893,0.940032
5894,0.927744
5895,0.902144
5896,0.906240
5897,0.891904
5898,0.919552
5899,0.904192
5900,0.889856
5901,0.944128
5902,0.880640
5903,0.886784
5904,0.647168
5905,0.904192
5906,0.890880
5907,0.910336
5908,0.953344
5909,0.955392
5910,0.900096
5911,0.921600
5912,0.923648
5913,0.883712
5914,0.889856
5915,0.939008
5916,0.901120
5917,0.924672
5918,0.894976
5919,0.926720
5920,0.889856
5921,0.916480
5922,0.880640
5923,0.904192
5924,0.944128
5925,0.908288
5926,0.902144
5927,0.888832
5928,0.951296
5929,0.951296
5930,0.930816
5931,0.886784
5932,0.908288
5933,0.861184
5934,0.979968
5935,0.859136
5936,0.901120
5937,0.930816
5938,0.926720
5939,0.896000
5940,0.866304
5941,0.889856
5942,0.900096
5943,0.817152
5944,0.858112
5945,0.839680
5946,0.886784
5947,0.892928
5948,0.929792
5949,0.927744
5950,0.928768
5951,0.907264
5952,0.886784
5953,0.914432
5954,0.888832
5955,0.913408
5956,0.927744
5957,0.942080
5958,0.941056
5959,0.881664
5960,0.917504
5961,0.918528
5962,0.900096
5963,0.950272
5964,0.908288
5965,0.929792
5966,0.972800
5967,0.937984
5968,0.911360
5969,0.927744
5970,0.724992
5971,0.809984
5972,0.928768
5973,0.946176
5974,0.909312
5975,0.880640
5976,0.891904
5977,0.916480
5978,0.982016
5979,0.830464
5980,0.936960
5981,0.889856
5982,0.872448
5983,0.880640
5984,0.913408
5985,0.924672
5986,0.916480
5987,0.925696
5988,0.920576
5989,0.896000
5990,0.881664
5991,0.851968
5992,0.839680
5993,0.868352
5994,0.855040
5995,0.896000
5996,0.898048
5997,0.905216
5998,0.886784
5999,0.893952
6000,0.886784
6001,0.944128
6002,0.882688
6003,0.893952
6004,0.875520
6005,0.893952
6006,0.922624
6007,0.896000
6008,0.888832
6009,0.885760
6010,0.914432
6011,0.917504
6012,0.899072
6013,0.882688
6014,0.890880
6015,0.896000
6016,0.889856
6017,0.837632
6018,0.923648
6019,0.886784
6020,0.846848
6021,0.922624
6022,0.869376
6023,0.950272
6024,0.896000
6025,0.903168
6026,0.896000
6027,0.916480
6028,0.884736
6029,0.933888
6030,0.961536
6031,0.940032
6032,0.907264
6033,0.882688
6034,0.922624
6035,0.674816
6036,0.443392
6037,0.358400
6038,0.373760
6039,0.310272
6040,0.304128
6041,0.295936
6042,0.270336
6043,0.235520
6044,0.206848
6045,0.210944
6046,0.214016
6047,0.787456
6048,0.999424
6049,0.923648
6050,0.913408
6051,0.954368
6052,0.901120
6053,0.879616
6054,0.890880
6055,0.920576
6056,0.901120
6057,0.863232
6058,0.906240
6059,0.818176
6060,0.852992
6061,0.943104
6062,0.890880
6063,0.899072
6064,0.924672
6065,0.902144
6066,0.917504
6067,0.916480
6068,0.916480
6069,0.942080
6070,0.857088
6071,0.943104
6072,0.951296
6073,0.900096
6074,0.905216
6075,0.933888
6076,0.908288
6077,0.867328
6078,0.935936
6079,0.838656
6080,0.860160
6081,0.879616
6082,0.876544
6083,0.883712
6084,0.933888
6085,0.927744
6086,0.923648
6087,0.915456
6088,0.923648
6089,0.953344
6090,0.922624
6091,0.926720
6092,0.905216
6093,0.965632
6094,0.912384
6095,0.928768
6096,0.949248
6097,0.916480
6098,0.919552
6099,0.896000
6100,0.894976
6101,0.948224
6102,0.944128
6103,0.921600
6104,0.896000
6105,0.929792
6106,0.914432
6107,0.980992
6108,0.925696
6109,0.893952
6110,0.906240
6111,0.909312
6112,0.692224
6113,0.925696
6114,0.925696
6115,0.942080
6116,0.903168
6117,0.940032
6118,0.893952
6119,0.948224
6120,0.919552
6121,0.926720
6122,0.892928
6123,0.932864
6124,0.907264
6125,0.927744
6126,0.865280
6127,0.820224
6128,0.882688
6129,0.847872
6130,0.909312
6131,0.887808
6132,0.893952
6133,0.898048
6134,0.900096
6135,0.921600
6136,0.918528
6137,0.877568
6138,0.905216
6139,0.930816
6140,0.859136
6141,0.902144
6142,0.869376
6143,0.948224
6144,0.922624
6145,0.907264
6146,0.905216
6147,0.917504
6148,0.889856
6149,0.914432
6150,0.909312
6151,0.902144
6152,0.858112
6153,0.889856
6154,0.916480
6155,0.874496
6156,0.928768
6157,0.943104
6158,0.887808
6159,0.867328
6160,0.921600
6161,0.897024
6162,0.944128
6163,0.921600
6164,0.921600
6165,0.921600
6166,0.916480
6167,0.907264
6168,0.901120
6169,0.897024
6170,0.956416
6171,0.915456
6172,0.875520
6173,0.869376
6174,0.847872
6175,0.862208
6176,0.838656
6177,0.492544
6178,0.429056
6179,0.438272
6180,0.411648
6181,0.393216
6182,0.438272
6183,0.363520
6184,0.352256
6185,0.356352
6186,0.323584
6187,0.254976
6188,0.171008
6189,0.176128
6190,0.168960
6191,0.165888
6192,0.161792
6193,0.915456
6194,0.933888
6195,0.966656
6196,0.830464
6197,0.873472
6198,0.914432
6199,0.918528
6200,0.870400
6201,0.929792
6202,0.896000
6203,0.965632
6204,0.907264
6205,0.930816
6206,0.934912
6207,0.898048
6208,0.929792
6209,0.907264
6210,0.916480
6211,0.911360
6212,0.882688
6213,0.952320
6214,0.905216
6215,0.959488
6216,0.867328
6217,0.907264
6218,0.900096
6219,0.926720
6220,0.957440
6221,0.958464
6222,0.862208
6223,0.926720
6224,0.898048
6225,0.889856
6226,0.864256
6227,0.888832
6228,0.832512
6229,0.926720
6230,0.836608
6231,0.841728
6232,0.854016
6233,0.898048
6234,0.914432
6235,0.916480
6236,0.915456
6237,0.926720
6238,0.897024
6239,0.914432
6240,0.888832
6241,0.891904
6242,0.972800
6243,0.932864
6244,0.881664
6245,0.894976
6246,0.892928
6247,0.907264
6248,0.949248
6249,0.932864
6250,0.889856
6251,0.928768
6252,0.885760
6253,0.952320
6254,0.924672
6255,0.894976
6256,0.833536
6257,0.573440
6258,0.908288
6259,0.913408
6260,0.891904
6261,0.838656
6262,0.854016
6263,0.927744
6264,0.846848
6265,0.865280
6266,0.901120
6267,0.906240
6268,0.889856
6269,0.886784
6270,0.860160
6271,0.884736
6272,0.921600
6273,0.910336
6274,0.864256
6275,0.894976
6276,0.881664
6277,0.898048
6278,0.941056
6279,0.911360
6280,0.885760
6281,0.889856
6282,0.904192
6283,0.910336
6284,0.912384
6285,0.928768
6286,0.906240
6287,1.067008
6288,0.919552
6289,0.773120
6290,0.889856
6291,0.884736
6292,0.889856
6293,0.941056
6294,0.873472
6295,0.867328
6296,0.904192
6297,0.868352
6298,0.911360
6299,0.925696
6300,0.946176
6301,0.909312
6302,0.887808
6303,0.879616
6304,0.918528
6305,0.915456
6306,0.939008
6307,0.954368
6308,0.920576
6309,0.932864
6310,0.917504
6311,0.917504
6312,0.932864
6313,0.924672
6314,0.922624
6315,0.905216
6316,0.954368
6317,0.951296
6318,0.943104
6319,0.953344
6320,0.951296
6321,0.919552
6322,0.830464
6323,0.521216
6324,0.386048
6325,0.369664
6326,0.344064
6327,0.319488
6328,0.316416
6329,0.941056
6330,0.915456
6331,0.953344
6332,0.934912
6333,0.932864
6334,0.901120
6335,0.945152
6336,0.892928
6337,0.921600
6338,0.920576
6339,0.867328
6340,0.942080
6341,0.874496
6342,0.931840
6343,0.907264
6344,0.920576
6345,0.935936
6346,0.947200
6347,0.970752
6348,0.915456
6349,0.914432
6350,0.919552
6351,0.945152
6352,0.881664
6353,0.928768
6354,0.924672
6355,0.929792
6356,0.902144
6357,0.872448
6358,0.930816
6359,0.976896
6360,0.406528
6361,0.819200
6362,0.892928
6363,0.878592
6364,0.899072
6365,0.879616
6366,0.951296
6367,0.870400
6368,0.871424
6369,0.924672
6370,0.894976
6371,0.934912
6372,0.924672
6373,0.918528
6374,0.920576
6375,0.882688
6376,1.062912
6377,0.670720
6378,0.884736
6379,0.854016
6380,0.854016
6381,0.855040
6382,0.855040
6383,0.886784
6384,0.897024
6385,0.942080
6386,0.948224
6387,0.913408
6388,0.936960
6389,0.897024
6390,0.949248
6391,1.055744
6392,0.913408
6393,0.777216
6394,0.790528
6395,0.878592
6396,0.905216
6397,0.901120
6398,0.908288
6399,0.936960
6400,0.919552
6401,0.887808
6402,0.908288
6403,0.918528
6404,0.891904
6405,0.920576
6406,0.893952
6407,0.886784
6408,0.939008
6409,0.937984
6410,0.933888
6411,0.879616
6412,0.953344
6413,0.872448
6414,0.903168
6415,0.926720
6416,0.887808
6417,0.910336
6418,0.848896
6419,0.815104
6420,0.848896
6421,0.906240
6422,0.925696
6423,0.936960
6424,0.867328
6425,0.910336
6426,0.927744
6427,0.896000
6428,0.919552
6429,0.923648
6430,0.925696
6431,0.875520
6432,0.942080
6433,0.891904
6434,0.892928
6435,0.908288
6436,0.932864
6437,0.943104
6438,0.921600
6439,0.889856
6440,0.933888
6441,0.903168
6442,0.932864
6443,0.872448
6444,0.925696
6445,0.911360
6446,0.904192
6447,0.948224
6448,0.921600
6449,0.889856
6450,0.915456
6451,0.935936
6452,0.923648
6453,0.926720
6454,0.979968
6455,0.927744
6456,0.937984
6457,0.949248
6458,0.785408
6459,0.667648
6460,0.599040
6461,0.388096
6462,0.325632
6463,0.912384
6464,0.896000
6465,0.913408
6466,0.901120
6467,0.908288
6468,0.943104
6469,0.862208
6470,0.959488
6471,0.918528
6472,0.916480
6473,0.888832
6474,0.915456
6475,0.917504
6476,0.912384
6477,0.914432
6478,0.894976
6479,0.889856
6480,0.922624
6481,0.899072
6482,0.915456
6483,0.897024
6484,0.864256
6485,0.863232
6486,0.934912
6487,0.907264
6488,0.925696
6489,0.889856
6490,0.942080
6491,0.893952
6492,0.932864
6493,0.919552
6494,0.899072
6495,0.917504
6496,0.900096
6497,0.943104
6498,0.879616
6499,0.844800
6500,0.908288
6501,0.899072
6502,0.877568
6503,0.897024
6504,0.905216
6505,0.922624
6506,0.888832
6507,0.932864
6508,0.930816
6509,0.908288
6510,0.930816
6511,0.893952
6512,0.937984
6513,0.929792
6514,0.869376
6515,0.952320
6516,0.905216
6517,0.945152
6518,0.899072
6519,0.892928
6520,0.972800
6521,0.885760
6522,0.894976
6523,0.879616
6524,0.908288
6525,0.976896
6526,0.893952
6527,0.877568
6528,0.717824
6529,0.588800
6530,0.406528
6531,0.885760
6532,0.912384
6533,0.876544
6534,0.937984
6535,0.914432
6536,0.883712
6537,0.897024
6538,0.972800
6539,0.860160
6540,0.927744
6541,0.866304
6542,0.891904
6543,0.919552
6544,0.945152
6545,0.878592
6546,0.957440
6547,0.931840
6548,0.886784
6549,0.909312
6550,0.903168
6551,0.892928
6552,0.896000
6553,0.975872
6554,0.871424
6555,0.897024
6556,0.912384
6557,0.924672
6558,0.949248
6559,0.932864
6560,0.926720
6561,0.902144
6562,0.910336
6563,0.922624
6564,0.915456
6565,0.914432
6566,0.921600
6567,0.960512
6568,0.923648
6569,0.902144
6570,0.926720
6571,0.949248
6572,0.910336
6573,0.923648
6574,0.917504
6575,0.927744
6576,0.929792
6577,0.957440
6578,0.932864
6579,0.899072
6580,0.932864
6581,0.930816
6582,0.915456
6583,0.970752
6584,0.887808
6585,0.894976
6586,0.873472
6587,0.911360
6588,0.869376
6589,0.852992
6590,0.904192
6591,0.886784
6592,0.934912
6593,0.907264
6594,0.901120
6595,0.735232
6596,0.591872
6597,0.528384
6598,0.827392
6599,0.891904
6600,0.928768
6601,0.917504
6602,0.926720
6603,0.897024
6604,0.914432
6605,0.904192
6606,0.834560
6607,0.929792
6608,0.910336
6609,0.901120
6610,0.921600
6611,0.890880
6612,0.946176
6613,0.948224
6614,0.910336
6615,0.950272
6616,0.924672
6617,0.884736
6618,0.900096
6619,0.888832
6620,0.940032
6621,0.905216
6622,0.878592
6623,0.897024
6624,0.844800
6625,0.806912
6626,0.866304
6627,0.898048
6628,0.865280
6629,0.893952
6630,0.928768
6631,0.905216
6632,0.856064
6633,0.943104
6634,0.871424
6635,0.924672
6636,0.841728
6637,0.856064
6638,0.864256
6639,0.916480
6640,0.901120
6641,1.002496
6642,0.950272
6643,0.775168
6644,0.875520
6645,0.883712
6646,0.935936
6647,0.908288
6648,0.909312
6649,0.943104
6650,0.893952
6651,0.907264
6652,0.910336
6653,0.918528
6654,0.863232
6655,0.890880
6656,0.856064
6657,0.886784
6658,0.875520
6659,0.868352
6660,0.947200
6661,0.877568
6662,0.674816
6663,0.907264
6664,0.940032
6665,0.941056
6666,0.949248
6667,0.933888
6668,0.902144
6669,0.912384
6670,0.927744
6671,0.879616
6672,0.933888
6673,0.952320
6674,0.923648
6675,0.891904
6676,0.928768
6677,0.877568
6678,0.904192
6679,0.920576
6680,0.917504
6681,0.835584
6682,0.813056
6683,0.884736
6684,0.894976
6685,0.833536
6686,0.884736
6687,0.916480
6688,0.921600
6689,0.870400
6690,0.937984
6691,0.909312
6692,0.936960
6693,0.898048
6694,0.918528
6695,0.902144
6696,0.864256
6697,0.918528
6698,0.846848
6699,0.923648
6700,0.887808
6701,0.944128
6702,0.894976
6703,0.916480
6704,0.896000
6705,0.925696
6706,0.928768
6707,0.741376
6708,0.900096
6709,0.921600
6710,0.921600
6711,0.943104
6712,0.897024
6713,0.939008
6714,0.846848
6715,0.929792
6716,0.933888
6717,0.932864
6718,0.915456
6719,0.926720
6720,0.917504
6721,0.879616
6722,0.881664
6723,0.920576
6724,0.874496
6725,0.899072
6726,0.867328
6727,0.857088
6728,0.726016
6729,0.922624
6730,0.896000
6731,0.923648
6732,0.912384
6733,0.451584
6734,0.950272
6735,0.889856
6736,0.884736
6737,0.926720
6738,0.882688
6739,0.952320
6740,0.917504
6741,0.870400
6742,0.939008
6743,0.921600
6744,1.012736
6745,0.855040
6746,0.839680
6747,0.928768
6748,0.905216
6749,0.893952
6750,0.881664
6751,0.912384
6752,0.866304
6753,0.873472
6754,0.923648
6755,0.915456
6756,0.884736
6757,0.940032
6758,0.896000
6759,0.876544
6760,0.862208
6761,0.944128
6762,0.896000
6763,0.893952
6764,0.927744
6765,0.888832
6766,0.845824
6767,0.867328
6768,0.826368
6769,0.934912
6770,0.937984
6771,0.942080
6772,0.891904
6773,0.878592
6774,0.887808
6775,0.949248
6776,0.879616
6777,0.919552
6778,0.882688
6779,0.942080
6780,0.909312
6781,0.881664
6782,0.906240
6783,0.873472
6784,0.918528
6785,0.931840
6786,0.890880
6787,0.887808
6788,0.928768
6789,0.932864
6790,0.947200
6791,0.918528
6792,0.729088
6793,0.558080
6794,0.553984
6795,0.472064
6796,0.459776
6797,0.395264
6798,0.312320
6799,0.304128
6800,0.916480
6801,0.883712
6802,0.900096
6803,0.918528
6804,0.916480
6805,0.903168
6806,0.888832
6807,0.846848
6808,0.926720
6809,0.844800
6810,0.921600
6811,0.873472
6812,0.952320
6813,0.908288
6814,0.862208
6815,0.919552
6816,0.904192
6817,0.634880
6818,0.930816
6819,0.942080
6820,0.887808
6821,0.908288
6822,0.889856
6823,0.903168
6824,0.892928
6825,0.894976
6826,0.913408
6827,0.922624
6828,0.870400
6829,0.929792
6830,0.849920
6831,0.912384
6832,0.965632
6833,0.912384
6834,0.892928
6835,0.910336
6836,0.912384
6837,0.909312
6838,0.834560
6839,0.934912
6840,0.861184
6841,0.868352
6842,0.916480
6843,0.833536
6844,0.925696
6845,0.873472
6846,0.907264
6847,0.817152
6848,0.826368
6849,0.857088
6850,0.957440
6851,0.880640
6852,0.953344
6853,0.889856
6854,0.966656
6855,0.939008
6856,0.934912
6857,0.908288
6858,0.962560
6859,0.922624
6860,0.887808
6861,0.951296
6862,0.952320
6863,0.910336
6864,0.812032
6865,0.679936
6866,0.942080
6867,0.947200
6868,0.937984
6869,0.879616
6870,0.902144
6871,0.910336
6872,0.893952
6873,0.915456
6874,0.952320
6875,0.948224
6876,0.890880
6877,0.837632
6878,0.856064
6879,0.858112
6880,0.901120
6881,0.913408
6882,0.878592
6883,0.876544
6884,0.889856
6885,0.945152
6886,0.901120
6887,0.956416
6888,0.925696
6889,0.912384
6890,0.888832
6891,0.918528
6892,0.904192
6893,0.914432
6894,0.893952
6895,0.890880
6896,0.910336
6897,0.921600
6898,0.900096
6899,0.845824
6900,0.901120
6901,0.882688
6902,0.930816
6903,0.899072
6904,0.894976
6905,0.881664
6906,0.889856
6907,0.889856
6908,0.928768
6909,0.867328
6910,0.929792
6911,0.891904
6912,0.906240
6913,0.972800
6914,0.898048
6915,0.912384
6916,0.935936
6917,0.986112
6918,0.921600
6919,0.823296
6920,0.913408
6921,0.896000
6922,0.944128
6923,0.926720
6924,0.937984
6925,0.899072
6926,1.047552
6927,0.868352
6928,0.617472
6929,0.893952
6930,0.749568
6931,0.592896
6932,0.239616
6933,0.216064
6934,0.212992
6935,0.203776
6936,0.201728
6937,0.204800
6938,0.196608
6939,0.160768
6940,0.148480
6941,0.148480
6942,0.149504
6943,0.148480
6944,0.149504
6945,0.150528
6946,0.929792
6947,0.935936
6948,0.889856
6949,0.951296
6950,0.934912
6951,0.954368
6952,0.947200
6953,0.923648
6954,0.922624
6955,0.878592
6956,0.936960
6957,0.896000
6958,0.915456
6959,0.962560
6960,0.868352
6961,0.950272
6962,0.915456
6963,0.941056
6964,0.884736
6965,0.887808
6966,0.915456
6967,0.855040
6968,0.866304
6969,0.948224
6970,0.913408
6971,0.913408
6972,0.908288
6973,0.910336
6974,0.881664
6975,0.945152
6976,0.863232
6977,0.937984
6978,0.856064
6979,0.917504
6980,0.894976
6981,0.936960
6982,0.944128
6983,0.930816
6984,0.872448
6985,0.920576
6986,0.844800
6987,0.896000
6988,0.929792
6989,0.889856
6990,0.857088
6991,0.856064
6992,0.876544
6993,0.850944
6994,0.890880
6995,0.908288
6996,0.932864
6997,0.956416
6998,0.959488
6999,0.936960
7000,0.887808
7001,0.906240
7002,0.935936
7003,0.937984
7004,0.905216
7005,0.922624
7006,0.879616
7007,0.910336
7008,1.141760
7009,0.882688
7010,0.872448
7011,0.646144
7012,0.897024
7013,0.891904
7014,0.941056
7015,0.906240
7016,0.869376
7017,0.876544
7018,0.836608
7019,0.855040
7020,0.882688
7021,0.889856
7022,0.930816
7023,0.864256
7024,0.933888
7025,0.885760
7026,0.909312
7027,0.907264
7028,0.903168
7029,0.911360
7030,0.885760
7031,0.892928
7032,0.885760
7033,0.927744
7034,0.878592
7035,0.859136
7036,0.925696
7037,0.911360
7038,0.922624
7039,0.882688
7040,0.916480
7041,0.957440
7042,0.889856
7043,0.916480
7044,0.889856
7045,0.928768
7046,0.924672
7047,0.888832
7048,0.923648
7049,0.922624
7050,0.914432
7051,0.910336
7052,0.924672
7053,0.926720
7054,0.923648
7055,0.921600
7056,0.956416
7057,0.904192
7058,0.912384
7059,0.899072
7060,0.947200
7061,0.909312
7062,0.880640
7063,0.982016
7064,0.907264
7065,0.959488
7066,0.911360
7067,0.913408
7068,0.963584
7069,0.904192
7070,0.908288
7071,0.910336
7072,0.905216
7073,0.939008
7074,0.933888
7075,0.909312
7076,0.661504
7077,0.456704
7078,0.346112
7079,0.306176
7080,0.321536
7081,0.208896
7082,0.199680
7083,0.195584
7084,0.193536
7085,0.177152
7086,0.183296
7087,0.187392
7088,0.182272
7089,0.183296
7090,0.185344
7091,0.183296
7092,0.182272
7093,0.179200
7094,0.186368
7095,0.824320
7096,0.944128
7097,0.889856
7098,0.954368
7099,0.956416
7100,0.912384
7101,0.906240
7102,0.967680
7103,0.909312
7104,0.901120
7105,0.892928
7106,0.917504
7107,0.900096
7108,0.872448
7109,0.872448
7110,0.947200
7111,0.972800
7112,0.915456
7113,0.937984
7114,0.934912
7115,0.926720
7116,0.887808
7117,0.880640
7118,0.935936
7119,0.951296
7120,0.935936
7121,0.897024
7122,0.905216
7123,0.892928
7124,0.909312
7125,0.943104
7126,0.911360
7127,0.941056
7128,0.911360
7129,0.917504
7130,0.891904
7131,0.873472
7132,0.931840
7133,0.874496
7134,0.907264
7135,0.926720
7136,0.913408
7137,0.892928
7138,0.905216
7139,0.886784
7140,0.906240
7141,0.905216
7142,0.829440
7143,0.884736
7144,0.928768
7145,0.861184
7146,0.874496
7147,0.927744
7148,0.964608
7149,0.876544
7150,0.827392
7151,0.957440
7152,0.889856
7153,0.945152
7154,0.939008
7155,0.913408
7156,0.915456
7157,0.902144
7158,0.945152
7159,0.723968
7160,0.583680
7161,0.496640
7162,0.806912
7163,0.923648
7164,0.941056
7165,0.945152
7166,0.922624
7167,0.903168
7168,0.915456
7169,0.934912
7170,0.918528
7171,0.914432
7172,0.918528
7173,0.888832
7174,0.902144
7175,0.943104
7176,0.904192
7177,0.901120
7178,0.880640
7179,0.974848
7180,0.939008
7181,0.903168
7182,0.909312
7183,0.948224
7184,0.889856
7185,0.917504
7186,0.926720
7187,0.881664
7188,0.914432
7189,0.935936
7190,0.871424
7191,0.976896
7192,0.925696
7193,0.949248
7194,0.920576
7195,0.952320
7196,0.921600
7197,0.885760
7198,0.930816
7199,0.894976
7200,0.931840
7201,0.946176
7202,0.933888
7203,0.910336
7204,0.899072
7205,0.931840
7206,0.879616
7207,0.901120
7208,0.876544
7209,0.885760
7210,0.860160
7211,0.942080
7212,0.872448
7213,0.828416
7214,0.872448
7215,0.887808
7216,0.950272
7217,0.915456
7218,0.924672
7219,0.867328
7220,0.917504
7221,0.939008
7222,0.930816
7223,0.923648
7224,0.929792
7225,0.928768
7226,0.788480
7227,0.402432
7228,0.372736
7229,0.289792
7230,0.295936
7231,0.273408
7232,0.800768
7233,0.903168
7234,0.933888
7235,0.904192
7236,0.899072
7237,0.914432
7238,0.920576
7239,0.900096
7240,0.896000
7241,0.905216
7242,0.901120
7243,0.918528
7244,0.927744
7245,0.877568
7246,0.933888
7247,0.956416
7248,0.937984
7249,0.923648
7250,0.923648
7251,0.925696
7252,0.896000
7253,0.957440
7254,0.910336
7255,0.908288
7256,0.908288
7257,0.828416
7258,0.857088
7259,0.881664
7260,0.871424
7261,0.906240
7262,0.835584
7263,0.936960
7264,0.871424
7265,0.884736
7266,0.917504
7267,0.891904
7268,0.940032
7269,0.931840
7270,0.896000
7271,0.906240
7272,0.861184
7273,0.905216
7274,0.937984
7275,0.910336
7276,0.907264
7277,0.918528
7278,0.945152
7279,0.878592
7280,0.926720
7281,0.902144
7282,0.961536
7283,0.961536
7284,0.883712
7285,0.902144
7286,0.896000
7287,0.887808
7288,0.897024
7289,0.893952
7290,0.956416
7291,0.896000
7292,0.941056
7293,0.921600
7294,0.901120
7295,0.906240
7296,0.892928
7297,0.700416
7298,0.927744
7299,0.947200
7300,0.924672
7301,0.932864
7302,0.863232
7303,0.915456
7304,0.894976
7305,0.920576
7306,0.866304
7307,0.900096
7308,0.927744
7309,0.869376
7310,0.830464
7311,0.819200
7312,0.878592
7313,0.874496
7314,0.905216
7315,0.852992
7316,0.920576
7317,0.935936
7318,0.917504
7319,0.877568
7320,0.858112
7321,0.896000
7322,0.905216
7323,0.919552
7324,0.884736
7325,0.943104
7326,1.017856
7327,0.840704
7328,0.906240
7329,0.851968
7330,0.906240
7331,0.930816
7332,0.913408
7333,0.935936
7334,0.910336
7335,0.905216
7336,0.917504
7337,0.935936
7338,0.914432
7339,0.937984
7340,0.863232
7341,0.920576
7342,0.893952
7343,0.940032
7344,0.862208
7345,0.948224
7346,0.876544
7347,0.824320
7348,0.827392
7349,0.874496
7350,0.898048
7351,0.883712
7352,0.917504
7353,0.886784
7354,0.912384
7355,0.944128
7356,0.925696
7357,0.951296
7358,0.917504
7359,0.952320
7360,0.915456
7361,0.899072
7362,0.646144
7363,0.465920
7364,0.443392
7365,0.254976
7366,0.272384
7367,0.287744
7368,0.263168
7369,0.271360
7370,0.282624
7371,0.278528
7372,0.277504
7373,0.282624
7374,0.291840
7375,0.220160
7376,0.211968
7377,0.206848
7378,0.202752
7379,0.814080
7380,0.939008
7381,0.948224
7382,0.902144
7383,0.959488
7384,0.897024
7385,0.936960
7386,0.906240
7387,0.896000
7388,0.933888
7389,0.916480
7390,0.947200
7391,0.930816
7392,0.902144
7393,0.945152
7394,0.934912
7395,0.918528
7396,0.925696
7397,0.940032
7398,0.926720
7399,0.930816
7400,0.904192
7401,0.929792
7402,0.915456
7403,0.901120
7404,0.887808
7405,0.913408
7406,0.904192
7407,0.952320
7408,0.891904
7409,0.829440
7410,0.834560
7411,0.861184
7412,0.873472
7413,0.889856
7414,0.876544
7415,0.912384
7416,0.908288
7417,0.915456
7418,0.899072
7419,0.887808
7420,0.918528
7421,0.856064
7422,0.925696
7423,0.879616
7424,0.922624
7425,0.871424
7426,0.883712
7427,0.916480
7428,0.932864
7429,0.919552
7430,0.921600
7431,0.911360
7432,0.949248
7433,0.906240
7434,0.910336
7435,0.942080
7436,0.930816
7437,0.876544
7438,0.923648
7439,0.957440
7440,0.918528
7441,0.942080
7442,0.880640
7443,0.809984
7444,0.838656
7445,0.955392
7446,0.908288
7447,0.912384
7448,0.877568
7449,0.911360
7450,0.901120
7451,0.877568
7452,0.951296
7453,0.926720
7454,0.916480
7455,0.856064
7456,0.869376
7457,0.911360
7458,0.886784
7459,0.909312
7460,0.873472
7461,0.868352
7462,0.919552
7463,0.914432
7464,0.909312
7465,0.821248
7466,0.849920
7467,0.944128
7468,0.904192
7469,0.936960
7470,0.863232
7471,0.869376
7472,0.925696
7473,0.885760
7474,0.915456
7475,0.917504
7476,0.905216
7477,0.897024
7478,0.982016
7479,0.723968
7480,0.926720
7481,0.930816
7482,0.941056
7483,0.926720
7484,0.914432
7485,0.922624
7486,0.913408
7487,0.924672
7488,0.935936
7489,0.940032
7490,0.909312
7491,0.879616
7492,0.865280
7493,0.828416
7494,0.859136
7495,0.877568
7496,0.882688
7497,0.927744
7498,0.950272
7499,0.915456
7500,0.906240
7501,0.917504
7502,0.915456
7503,0.925696
7504,0.921600
7505,0.884736
7506,0.959488
7507,0.916480
7508,0.768000
7509,0.643072
7510,0.871424
7511,0.889856
7512,0.919552
7513,0.922624
7514,0.901120
7515,0.952320
7516,0.889856
7517,0.933888
7518,0.922624
7519,0.915456
7520,0.881664
7521,0.906240
7522,0.917504
7523,0.848896
7524,0.908288
7525,0.921600
7526,0.986112
7527,0.949248
7528,0.910336
7529,0.881664
7530,0.897024
7531,0.911360
7532,0.930816
7533,0.925696
7534,0.943104
7535,0.925696
7536,0.910336
7537,0.962560
7538,0.879616
7539,0.923648
7540,0.947200
7541,0.926720
7542,0.930816
7543,0.880640
7544,0.644096
7545,0.863232
7546,0.916480
7547,0.919552
7548,0.916480
7549,0.944128
7550,0.946176
7551,0.894976
7552,0.913408
7553,0.919552
7554,0.926720
7555,0.931840
7556,0.948224
7557,0.929792
7558,0.901120
7559,0.874496
7560,0.954368
7561,0.874496
7562,0.931840
7563,0.932864
7564,0.959488
7565,0.930816
7566,0.926720
7567,0.920576
7568,0.955392
7569,0.940032
7570,0.919552
7571,0.937984
7572,0.944128
7573,0.909312
7574,0.754688
7575,0.573440
7576,0.493568
7577,0.461824
7578,0.378880
7579,0.379904
7580,0.773120
7581,0.916480
7582,0.791552
7583,0.935936
7584,0.891904
7585,0.908288
7586,0.894976
7587,0.886784
7588,0.844800
7589,0.932864
7590,0.927744
7591,0.823296
7592,0.891904
7593,0.848896
7594,0.890880
7595,0.915456
7596,0.901120
7597,0.904192
7598,0.872448
7599,0.888832
7600,0.896000
7601,0.902144
7602,0.933888
7603,0.935936
7604,0.968704
7605,0.879616
7606,0.941056
7607,0.932864
7608,0.908288
7609,0.942080
7610,0.904192
7611,0.877568
7612,0.876544
7613,0.880640
7614,0.915456
7615,0.893952
7616,0.883712
7617,0.892928
7618,0.860160
7619,0.913408
7620,0.882688
7621,0.803840
7622,0.917504
7623,0.908288
7624,0.904192
7625,0.959488
7626,0.926720
7627,0.988160
7628,0.891904
7629,0.897024
7630,0.934912
7631,0.867328
7632,0.920576
7633,0.907264
7634,0.910336
7635,0.940032
7636,0.906240
7637,0.913408
7638,0.933888
7639,0.913408
7640,0.916480
7641,0.939008
7642,0.927744
7643,0.939008
7644,0.901120
7645,0.789504
7646,0.930816
7647,0.896000
7648,0.919552
7649,0.896000
7650,0.888832
7651,0.934912
7652,0.829440
7653,0.856064
7654,0.976896
7655,0.877568
7656,0.908288
7657,0.960512
7658,0.921600
7659,0.909312
7660,0.908288
7661,0.914432
7662,0.910336
7663,0.937984
7664,0.915456
7665,0.917504
7666,0.893952
7667,0.910336
7668,0.905216
7669,0.958464
7670,0.919552
7671,0.898048
7672,0.944128
7673,0.906240
7674,0.952320
7675,0.951296
7676,0.953344
7677,0.916480
7678,0.921600
7679,0.917504
7680,0.921600
7681,0.872448
7682,0.941056
7683,0.888832
7684,0.905216
7685,0.908288
7686,0.845824
7687,0.866304
7688,0.858112
7689,0.850944
7690,0.894976
7691,0.919552
7692,0.913408
7693,0.952320
7694,0.920576
7695,0.905216
7696,0.968704
7697,0.878592
7698,0.917504
7699,0.863232
7700,0.926720
7701,0.905216
7702,0.917504
7703,0.913408
7704,0.906240
7705,0.930816
7706,0.919552
7707,0.942080
7708,0.878592
7709,0.670720
7710,0.935936
7711,0.914432
7712,0.947200
7713,0.891904
7714,0.934912
7715,0.893952
7716,0.886784
7717,0.886784
7718,0.909312
7719,0.939008
7720,0.919552
7721,0.877568
7722,0.930816
7723,0.805888
7724,0.841728
7725,0.882688
7726,0.872448
7727,0.874496
7728,0.916480
7729,0.917504
7730,0.935936
7731,0.872448
7732,0.872448
7733,0.955392
7734,0.928768
7735,0.884736
7736,0.892928
7737,0.949248
7738,0.917504
7739,0.893952
7740,0.966656
7741,0.912384
7742,0.903168
7743,0.861184
7744,0.910336
7745,0.913408
7746,0.909312
7747,0.902144
7748,0.900096
7749,0.852992
7750,0.921600
7751,0.939008
7752,0.910336
7753,0.933888
7754,0.897024
7755,0.956416
7756,0.918528
7757,0.931840
7758,0.911360
7759,0.924672
7760,0.973824
7761,0.934912
7762,0.946176
7763,0.925696
7764,0.941056
7765,0.929792
7766,0.919552
7767,0.912384
7768,0.902144
7769,0.943104
7770,0.934912
7771,0.905216
7772,0.953344
7773,0.754688
7774,0.843776
7775,0.877568
7776,0.922624
7777,0.870400
7778,0.923648
7779,0.928768
7780,0.905216
7781,0.934912
7782,0.879616
7783,0.962560
7784,0.950272
7785,0.988160
7786,0.889856
7787,0.910336
7788,0.906240
7789,0.923648
7790,0.927744
7791,0.900096
7792,0.922624
7793,0.949248
7794,0.914432
7795,0.955392
7796,0.900096
7797,0.918528
7798,0.914432
7799,0.885760
7800,0.917504
7801,0.884736
7802,0.838656
7803,0.868352
7804,0.882688
7805,0.852992
7806,0.889856
7807,0.916480
7808,0.914432
7809,0.919552
7810,0.927744
7811,0.934912
7812,0.866304
7813,0.926720
7814,0.906240
7815,0.914432
7816,0.918528
7817,0.943104
7818,0.929792
7819,0.875520
7820,0.860160
7821,0.932864
7822,0.882688
7823,0.924672
7824,0.982016
7825,0.935936
7826,0.913408
7827,0.949248
7828,0.925696
7829,0.919552
7830,0.912384
7831,0.903168
7832,0.903168
7833,0.949248
7834,0.963584
7835,0.917504
7836,0.933888
7837,0.905216
7838,0.868352
7839,0.575488
7840,0.856064
7841,0.827392
7842,0.842752
7843,0.898048
7844,0.902144
7845,0.896000
7846,0.918528
7847,0.851968
7848,0.886784
7849,0.896000
7850,0.937984
7851,1.081344
7852,0.928768
7853,1.048576
7854,0.952320
7855,0.882688
7856,0.894976
7857,0.877568
7858,0.934912
7859,0.908288
7860,0.924672
7861,0.887808
7862,0.912384
7863,0.901120
7864,0.958464
7865,0.874496
7866,0.908288
7867,0.933888
7868,0.906240
7869,0.887808
7870,0.957440
7871,0.889856
7872,0.875520
7873,0.910336
7874,0.915456
7875,0.928768
7876,0.877568
7877,0.944128
7878,0.882688
7879,0.920576
7880,0.929792
7881,0.919552
7882,0.924672
7883,0.933888
7884,0.900096
7885,0.923648
7886,0.920576
7887,0.894976
7888,0.906240
7889,0.859136
7890,0.835584
7891,0.832512
7892,0.914432
7893,0.911360
7894,0.846848
7895,0.898048
7896,0.910336
7897,0.940032
7898,0.936960
7899,0.913408
7900,0.924672
7901,0.929792
7902,0.836608
7903,0.699392
7904,0.689152
7905,0.617472
7906,0.958464
7907,0.955392
7908,0.928768
7909,0.921600
7910,0.967680
7911,0.896000
7912,0.913408
7913,0.926720
7914,0.915456
7915,0.910336
7916,0.957440
7917,0.865280
7918,0.939008
7919,0.888832
7920,0.887808
7921,0.886784
7922,0.887808
7923,0.987136
7924,0.906240
7925,0.937984
7926,0.900096
7927,0.927744
7928,0.949248
7929,0.908288
7930,0.858112
7931,0.912384
7932,0.860160
7933,0.900096
7934,0.878592
7935,0.923648
7936,0.885760
7937,0.868352
7938,0.921600
7939,0.903168
7940,0.916480
7941,0.890880
7942,0.986112
7943,0.883712
7944,0.940032
7945,0.908288
7946,0.889856
7947,0.900096
7948,0.911360
7949,0.871424
7950,0.920576
7951,0.920576
7952,0.923648
7953,0.962560
7954,0.915456
7955,0.946176
7956,0.962560
7957,0.890880
7958,0.937984
7959,0.954368
7960,0.919552
7961,0.905216
7962,0.909312
7963,0.889856
7964,0.838656
7965,0.846848
7966,0.883712
7967,0.891904
7968,0.944128
7969,0.833536
7970,0.637952
7971,0.611328
7972,0.508928
7973,0.869376
7974,0.928768
7975,0.901120
7976,0.957440
7977,0.922624
7978,0.910336
7979,0.894976
7980,0.891904
7981,0.967680
7982,0.888832
7983,0.940032
7984,0.907264
7985,0.925696
7986,0.883712
7987,0.909312
7988,0.894976
7989,0.863232
7990,0.937984
7991,0.898048
7992,0.943104
7993,0.920576
7994,0.887808
7995,0.893952
7996,0.920576
7997,0.915456
7998,0.918528
7999,0.936960
8000,0.904192
8001,0.967680
8002,0.888832
8003,0.894976
8004,0.927744
8005,0.950272
8006,0.953344
8007,0.909312
8008,0.883712
8009,0.890880
8010,0.865280
8011,0.894976
8012,0.912384
8013,0.901120
8014,0.904192
8015,1.039360
8016,0.569344
8017,0.870400
8018,0.860160
8019,0.889856
8020,0.842752
8021,0.883712
8022,0.932864
8023,0.920576
8024,0.946176
8025,0.893952
8026,0.886784
8027,0.941056
8028,0.882688
8029,0.902144
8030,0.914432
8031,0.907264
8032,0.887808
8033,0.911360
8034,0.937984
8035,0.943104
8036,0.919552
8037,0.792576
8038,0.662528
8039,0.922624
8040,0.880640
8041,0.882688
8042,0.880640
8043,0.846848
8044,0.877568
8045,0.876544
8046,0.826368
8047,0.928768
8048,0.876544
8049,0.926720
8050,0.906240
8051,0.928768
8052,0.851968
8053,0.965632
8054,0.860160
8055,0.973824
8056,0.949248
8057,0.911360
8058,0.886784
8059,0.922624
8060,0.908288
8061,0.900096
8062,0.911360
8063,0.879616
8064,0.930816
8065,0.923648
8066,0.888832
8067,0.911360
8068,0.888832
8069,0.930816
8070,0.910336
8071,0.946176
8072,0.861184
8073,0.898048
8074,0.925696
8075,0.893952
8076,0.914432
8077,0.934912
8078,0.883712
8079,0.914432
8080,0.939008
8081,1.002496
8082,0.859136
8083,0.911360
8084,0.912384
8085,0.871424
8086,0.913408
8087,0.916480
8088,0.964608
8089,0.909312
8090,0.884736
8091,0.934912
8092,0.903168
8093,0.930816
8094,0.910336
8095,0.892928
8096,0.961536
8097,0.896000
8098,0.907264
8099,0.888832
8100,0.838656
8101,0.865280
8102,0.921600
8103,0.712704
8104,0.422912
8105,0.320512
8106,0.293888
8107,0.292864
8108,0.265216
8109,0.241664
8110,0.232448
8111,0.259072
8112,0.246784
8113,0.250880
8114,0.251904
8115,0.791552
8116,0.978944
8117,0.928768
8118,0.901120
8119,0.925696
8120,0.864256
8121,0.904192
8122,0.920576
8123,0.892928
8124,0.927744
8125,0.913408
8126,0.919552
8127,0.919552
8128,0.879616
8129,0.956416
8130,0.976896
8131,0.891904
8132,0.885760
8133,0.897024
8134,0.950272
8135,0.898048
8136,0.903168
8137,0.905216
8138,0.936960
8139,0.923648
8140,0.890880
8141,0.905216
8142,0.884736
8143,0.898048
8144,0.869376
8145,0.890880
8146,0.844800
8147,0.848896
8148,0.880640
8149,0.911360
8150,0.896000
8151,0.940032
8152,0.901120
8153,0.934912
8154,0.894976
8155,0.859136
8156,0.887808
8157,0.923648
8158,0.906240
8159,0.945152
8160,0.890880
8161,0.920576
8162,0.927744
8163,0.884736
8164,0.918528
8165,0.974848
8166,0.927744
8167,0.908288
8168,0.962560
8169,0.906240
8170,0.936960
8171,0.939008
8172,0.888832
8173,0.876544
8174,0.928768
8175,0.907264
8176,0.994304
8177,0.876544
8178,0.885760
8179,0.688128
8180,0.529408
8181,0.504832
8182,0.757760
8183,0.976896
8184,0.872448
8185,0.892928
8186,0.967680
8187,0.929792
8188,0.957440
8189,0.926720
8190,0.897024
8191,0.937984
8192,0.882688
8193,0.914432
8194,0.903168
8195,0.898048
8196,0.930816
8197,0.929792
8198,0.896000
8199,0.907264
8200,0.900096
8201,0.829440
8202,0.883712
8203,0.864256
8204,0.873472
8205,0.925696
8206,0.901120
8207,0.944128
8208,0.948224
8209,0.920576
8210,0.947200
8211,0.982016
8212,0.926720
8213,0.881664
8214,0.852992
8215,0.900096
8216,0.889856
8217,0.941056
8218,0.919552
8219,0.910336
8220,0.944128
8221,0.910336
8222,0.908288
8223,0.907264
8224,0.927744
8225,0.911360
8226,0.892928
8227,0.902144
8228,0.905216
8229,0.900096
8230,0.941056
8231,0.903168
8232,0.922624
8233,0.880640
8234,0.912384
8235,0.898048
8236,0.903168
8237,0.886784
8238,0.942080
8239,0.884736
8240,0.893952
8241,0.973824
8242,0.886784
8243,0.953344
8244,0.962560
8245,0.913408
8246,0.902144
8247,0.732160
8248,0.956416
8249,0.924672
8250,0.923648
8251,0.947200
8252,0.926720
8253,0.960512
8254,0.888832
8255,0.947200
8256,0.922624
8257,0.936960
8258,0.919552
8259,0.912384
8260,0.914432
8261,0.616448
8262,0.862208
8263,0.934912
8264,0.920576
8265,0.872448
8266,0.970752
8267,0.944128
8268,0.922624
8269,0.930816
8270,0.927744
8271,0.928768
8272,0.929792
8273,0.909312
8274,0.947200
8275,0.951296
8276,0.925696
8277,0.931840
8278,0.924672
8279,0.909312
8280,0.904192
8281,0.920576
8282,0.917504
8283,0.891904
8284,0.920576
8285,0.933888
8286,0.911360
8287,0.945152
8288,0.957440
8289,0.920576
8290,0.910336
8291,0.926720
8292,0.970752
8293,0.929792
8294,0.871424
8295,0.953344
8296,0.923648
8297,0.920576
8298,0.881664
8299,0.962560
8300,0.928768
8301,0.945152
8302,0.864256
8303,0.944128
8304,0.922624
8305,0.886784
8306,0.911360
8307,0.916480
8308,0.897024
8309,0.889856
8310,0.828416
8311,0.602112
8312,0.579584
8313,0.505856
8314,0.457728
8315,0.337920
8316,0.277504
8317,0.272384
8318,0.907264
8319,0.857088
8320,0.970752
8321,0.934912
8322,0.908288
8323,0.956416
8324,1.044480
8325,1.050624
8326,0.865280
8327,0.913408
8328,0.932864
8329,0.869376
8330,0.928768
8331,0.880640
8332,0.937984
8333,0.890880
8334,0.893952
8335,0.955392
8336,0.915456
8337,0.919552
8338,0.916480
8339,0.906240
8340,0.925696
8341,0.925696
8342,0.887808
8343,0.961536
8344,0.896000
8345,0.897024
8346,0.878592
8347,0.824320
8348,0.894976
8349,0.925696
8350,0.898048
8351,0.891904
8352,0.868352
8353,0.880640
8354,0.851968
8355,0.875520
8356,0.870400
8357,0.906240
8358,0.901120
8359,0.905216
8360,0.937984
8361,0.900096
8362,0.896000
8363,0.950272
8364,0.905216
8365,0.917504
8366,0.943104
8367,0.907264
8368,0.893952
8369,0.929792
8370,0.936960
8371,0.918528
8372,0.897024
8373,0.912384
8374,0.944128
8375,0.942080
8376,0.890880
8377,0.916480
8378,0.952320
8379,0.947200
8380,0.904192
8381,0.908288
8382,0.746496
8383,0.588800
8384,0.395264
8385,0.293888
8386,0.806912
8387,0.929792
8388,0.883712
8389,0.934912
8390,0.933888
8391,0.856064
8392,0.919552
8393,0.943104
8394,0.831488
8395,0.987136
8396,0.923648
8397,0.880640
8398,0.924672
8399,0.932864
8400,0.928768
8401,0.954368
8402,0.909312
8403,0.930816
8404,0.946176
8405,0.887808
8406,0.863232
8407,0.906240
8408,0.892928
8409,0.877568
8410,0.936960
8411,0.863232
8412,0.933888
8413,0.883712
8414,0.890880
8415,0.946176
8416,0.845824
8417,0.861184
8418,0.879616
8419,0.929792
8420,0.902144
8421,0.918528
8422,0.915456
8423,0.849920
8424,0.901120
8425,0.885760
8426,0.909312
8427,0.877568
8428,0.867328
8429,0.929792
8430,0.939008
8431,0.919552
8432,0.908288
8433,0.922624
8434,0.892928
8435,0.971776
8436,0.906240
8437,0.866304
8438,0.947200
8439,0.910336
8440,0.883712
8441,0.929792
8442,0.932864
8443,0.937984
8444,0.950272
8445,0.906240
8446,0.892928
8447,0.922624
8448,0.875520
8449,0.928768
8450,0.845824
8451,0.775168
8452,0.963584
8453,0.951296
8454,0.868352
8455,0.935936
8456,0.937984
8457,0.890880
8458,0.906240
8459,0.925696
8460,0.957440
8461,0.910336
8462,0.831488
8463,0.907264
8464,0.888832
8465,0.906240
8466,0.922624
8467,0.921600
8468,0.908288
8469,0.885760
8470,0.866304
8471,0.918528
8472,0.877568
8473,0.886784
8474,0.844800
8475,0.910336
8476,0.910336
8477,0.883712
8478,0.884736
8479,0.858112
8480,0.905216
8481,0.961536
8482,0.876544
8483,0.901120
8484,0.902144
8485,0.896000
8486,0.871424
8487,0.920576
8488,0.953344
8489,0.837632
8490,0.937984
8491,0.925696
8492,0.916480
8493,0.866304
8494,0.867328
8495,0.934912
8496,0.860160
8497,0.916480
8498,0.869376
8499,0.874496
8500,0.839680
8501,0.874496
8502,0.850944
8503,0.873472
8504,0.882688
8505,0.918528
8506,0.910336
8507,0.933888
8508,0.965632
8509,0.931840
8510,0.977920
8511,0.931840
8512,0.931840
8513,0.921600
8514,0.903168
8515,0.974848
8516,0.840704
8517,0.437248
8518,0.203776
8519,0.205824
8520,0.189440
8521,0.169984
8522,0.164864
8523,0.172032
8524,0.171008
8525,0.172032
8526,0.907264
8527,0.927744
8528,0.918528
8529,0.905216
8530,0.915456
8531,0.925696
8532,0.917504
8533,0.899072
8534,0.909312
8535,0.903168
8536,0.946176
8537,0.920576
8538,0.888832
8539,0.911360
8540,0.941056
8541,0.830464
8542,0.882688
8543,0.891904
8544,0.877568
8545,0.873472
8546,0.916480
8547,0.893952
8548,0.946176
8549,0.951296
8550,0.867328
8551,0.882688
8552,0.902144
8553,0.883712
8554,0.910336
8555,0.845824
8556,0.896000
8557,0.898048
8558,0.890880
8559,0.902144
8560,0.905216
8561,0.930816
8562,0.894976
8563,0.923648
8564,0.932864
8565,0.902144
8566,0.907264
8567,1.048576
8568,0.933888
8569,0.967680
8570,0.885760
8571,0.885760
8572,0.965632
8573,0.970752
8574,0.945152
8575,0.929792
8576,0.902144
8577,0.770048
8578,0.942080
8579,0.827392
8580,0.884736
8581,0.905216
8582,0.933888
8583,0.946176
8584,0.901120
8585,0.943104
8586,0.877568
8587,0.898048
8588,0.889856
8589,0.845824
8590,0.775168
8591,0.640000
8592,0.753664
8593,0.923648
8594,0.948224
8595,0.920576
8596,0.940032
8597,0.949248
8598,0.929792
8599,0.852992
8600,0.912384
8601,0.897024
8602,0.868352
8603,0.904192
8604,0.946176
8605,0.912384
8606,0.910336
8607,0.947200
8608,0.880640
8609,0.944128
8610,0.886784
8611,0.872448
8612,0.906240
8613,0.910336
8614,0.869376
8615,0.909312
8616,0.818176
8617,0.803840
8618,0.852992
8619,0.828416
8620,0.906240
8621,0.936960
8622,0.860160
8623,0.876544
8624,0.871424
8625,0.886784
8626,0.910336
8627,0.858112
8628,0.983040
8629,0.929792
8630,0.890880
8631,0.909312
8632,0.947200
8633,0.880640
8634,0.905216
8635,0.928768
8636,0.934912
8637,0.939008
8638,0.896000
8639,0.915456
8640,0.943104
8641,0.941056
8642,0.910336
8643,0.910336
8644,0.989184
8645,0.901120
8646,0.888832
8647,0.872448
8648,0.897024
8649,0.979968
8650,0.883712
8651,0.950272
8652,0.942080
8653,0.883712
8654,1.098752
8655,0.777216
8656,0.632832
8657,0.888832
8658,0.944128
8659,0.873472
8660,0.880640
8661,0.912384
8662,0.846848
8663,0.858112
8664,0.879616
8665,0.849920
8666,0.881664
8667,0.905216
8668,0.943104
8669,0.904192
8670,0.922624
8671,0.870400
8672,0.930816
8673,0.923648
8674,0.916480
8675,0.856064
8676,0.832512
8677,0.929792
8678,0.875520
8679,0.897024
8680,0.890880
8681,0.891904
8682,0.955392
8683,0.858112
8684,0.924672
8685,0.956416
8686,0.913408
8687,0.855040
8688,0.848896
8689,0.847872
8690,0.945152
8691,0.891904
8692,0.944128
8693,0.919552
8694,0.858112
8695,0.917504
8696,0.849920
8697,0.905216
8698,0.906240
8699,0.948224
8700,0.893952
8701,0.868352
8702,0.891904
8703,0.886784
8704,0.869376
8705,0.860160
8706,0.864256
8707,0.881664
8708,0.900096
8709,0.891904
8710,0.889856
8711,0.869376
8712,0.911360
8713,0.916480
8714,0.846848
8715,0.880640
8716,0.868352
8717,0.882688
8718,0.862208
8719,0.880640
8720,0.847872
8721,0.852992
8722,0.717824
8723,0.899072
8724,0.914432
8725,0.882688
8726,0.905216
8727,0.835584
8728,0.888832
8729,0.905216
8730,0.902144
8731,0.866304
8732,0.894976
8733,0.905216
8734,0.907264
8735,0.876544
8736,0.912384
8737,0.883712
8738,0.842752
8739,0.873472
8740,0.851968
8741,0.859136
8742,0.795648
8743,0.876544
8744,0.930816
8745,0.935936
8746,0.905216
8747,0.876544
8748,0.923648
8749,0.902144
8750,0.903168
8751,0.871424
8752,0.879616
8753,0.894976
8754,0.834560
8755,0.841728
8756,0.911360
8757,0.885760
8758,0.799744
8759,0.863232
8760,0.872448
8761,0.885760
8762,0.890880
8763,0.897024
8764,0.880640
8765,0.946176
8766,0.893952
8767,0.939008
8768,0.884736
8769,0.922624
8770,0.900096
8771,0.906240
8772,0.901120
8773,0.885760
8774,0.892928
8775,0.891904
8776,0.922624
8777,0.910336
8778,0.933888
8779,0.882688
8780,0.812032
8781,0.858112
8782,0.889856
8783,0.890880
8784,0.878592
8785,0.910336
8786,0.886784
8787,0.902144
8788,0.616448
8789,0.474112
8790,0.522240
8791,0.424960
8792,0.285696
8793,0.276480
8794,0.928768
8795,0.866304
8796,0.850944
8797,0.930816
8798,0.887808
8799,0.917504
8800,0.915456
8801,0.850944
8802,0.931840
8803,0.894976
8804,0.871424
8805,0.896000
8806,0.887808
8807,0.909312
8808,0.829440
8809,0.879616
8810,0.876544
8811,2.362368
8812,2.469888
8813,0.847872
8814,0.924672
8815,0.867328
8816,0.920576
8817,0.893952
8818,0.842752
8819,0.883712
8820,0.912384
8821,0.883712
8822,0.944128
8823,0.892928
8824,0.910336
8825,0.884736
8826,0.941056
8827,0.855040
8828,0.872448
8829,0.935936
8830,0.896000
8831,0.940032
8832,0.903168
8833,0.934912
8834,0.817152
8835,0.916480
8836,0.877568
8837,0.893952
8838,0.929792
8839,0.913408
8840,0.927744
8841,0.871424
8842,0.859136
8843,0.833536
8844,0.877568
8845,0.870400
8846,0.861184
8847,0.904192
8848,3.377152
8849,0.893952
8850,0.894976
8851,0.910336
8852,0.869376
8853,0.620544
8854,0.793600
8855,1.843200
8856,0.904192
8857,0.908288
8858,0.876544
8859,0.887808
8860,0.862208
8861,0.906240
8862,0.829440
8863,0.862208
8864,3.461120
8865,0.841728
8866,0.879616
8867,0.876544
8868,0.879616
8869,0.903168
8870,0.893952
8871,0.865280
8872,0.897024
8873,0.899072
8874,0.865280
8875,0.819200
8876,0.822272
8877,0.920576
8878,0.837632
8879,0.948224
8880,0.857088
8881,0.884736
8882,0.886784
8883,0.877568
8884,0.919552
8885,0.918528
8886,0.909312
8887,0.878592
8888,0.947200
8889,0.882688
8890,0.899072
8891,0.874496
8892,0.935936
8893,0.897024
8894,0.910336
8895,0.871424
8896,0.943104
8897,0.913408
8898,0.880640
8899,0.883712
8900,0.945152
8901,0.890880
8902,0.930816
8903,0.932864
8904,0.889856
8905,0.861184
8906,0.924672
8907,0.807936
8908,0.920576
8909,0.900096
8910,0.900096
8911,0.903168
8912,0.896000
8913,0.869376
8914,0.894976
8915,0.782336
8916,0.602112
8917,0.343040
8918,0.221184
8919,0.314368
8920,0.840704
8921,0.840704
8922,0.865280
8923,0.937984
8924,0.868352
8925,0.856064
8926,0.874496
8927,0.915456
8928,0.887808
8929,0.857088
8930,0.865280
8931,0.922624
8932,0.891904
8933,0.909312
8934,0.928768
8935,0.880640
8936,0.898048
8937,0.890880
8938,0.941056
8939,0.901120
8940,0.904192
8941,0.898048
8942,0.917504
8943,0.883712
8944,0.871424
8945,0.915456
8946,0.887808
8947,0.879616
8948,0.888832
8949,0.907264
8950,0.915456
8951,0.888832
8952,0.891904
8953,0.871424
8954,0.894976
8955,0.922624
8956,0.903168
8957,0.886784
8958,0.937984
8959,0.927744
8960,0.928768
8961,0.917504
8962,0.871424
8963,0.904192
8964,0.885760
8965,0.901120
8966,0.918528
8967,0.903168
8968,0.912384
8969,0.925696
8970,0.925696
8971,0.859136
8972,0.952320
8973,0.857088
8974,0.875520
8975,0.874496
8976,0.898048
8977,0.888832
8978,0.914432
8979,0.893952
8980,0.836608
8981,0.845824
8982,0.867328
8983,0.862208
8984,0.838656
8985,0.841728
8986,0.820224
8987,0.623616
8988,0.808960
8989,0.892928
8990,0.876544
8991,0.879616
8992,0.902144
8993,0.889856
8994,0.889856
8995,0.838656
8996,0.881664
8997,0.861184
8998,0.904192
8999,0.907264
9000,0.865280
9001,0.884736
9002,0.904192
9003,1.177600
9004,0.834560
9005,0.756736
9006,0.881664
9007,0.873472
9008,0.893952
9009,0.835584
9010,0.794624
9011,0.838656
9012,0.872448
9013,0.900096
9014,0.909312
9015,0.873472
9016,0.835584
9017,0.900096
9018,0.857088
9019,0.907264
9020,0.894976
9021,0.865280
9022,0.875520
9023,0.900096
9024,0.857088
9025,0.886784
9026,0.892928
9027,0.911360
9028,0.878592
9029,0.905216
9030,0.888832
9031,0.905216
9032,0.897024
9033,0.891904
9034,0.884736
9035,0.886784
9036,0.886784
9037,0.941056
9038,0.886784
9039,0.885760
9040,0.867328
9041,0.876544
9042,0.920576
9043,0.935936
9044,0.902144
9045,0.896000
9046,0.922624
9047,0.909312
9048,0.845824
9049,0.885760
9050,0.797696
9051,0.804864
9052,0.647168
9053,0.531456
9054,0.529408
9055,0.544768
9056,0.518144
9057,0.518144
9058,0.465920
9059,0.199680
9060,0.194560
9061,0.192512
9062,0.180224
9063,0.904192
9064,0.879616
9065,0.939008
9066,0.902144
9067,0.921600
9068,0.847872
9069,0.905216
9070,0.951296
9071,0.934912
9072,0.947200
9073,0.902144
9074,0.863232
9075,0.882688
9076,0.869376
9077,0.872448
9078,0.830464
9079,0.866304
9080,0.868352
9081,0.892928
9082,0.868352
9083,1.132544
9084,0.791552
9085,0.896000
9086,0.920576
9087,0.923648
9088,0.886784
9089,0.887808
9090,0.863232
9091,0.868352
9092,0.858112
9093,0.850944
9094,0.826368
9095,0.837632
9096,0.886784
9097,0.842752
9098,0.854016
9099,0.932864
9100,0.850944
9101,0.899072
9102,0.885760
9103,0.835584
9104,0.893952
9105,0.871424
9106,0.902144
9107,0.874496
9108,0.918528
9109,0.918528
9110,0.861184
9111,0.898048
9112,0.881664
9113,0.941056
9114,0.883712
9115,0.906240
9116,0.885760
9117,0.913408
9118,0.969728
9119,0.904192
9120,0.880640
9121,0.887808
9122,0.901120
9123,0.876544
9124,0.870400
9125,0.961536
9126,0.897024
9127,0.864256
9128,1.083392
9129,0.753664
9130,0.777216
9131,0.531456
9132,0.431104
9133,0.391168
9134,0.299008
9135,0.259072
9136,0.873472
9137,0.941056
9138,0.830464
9139,0.893952
9140,0.856064
9141,0.854016
9142,0.861184
9143,0.873472
9144,0.898048
9145,0.990208
9146,0.874496
9147,0.888832
9148,0.906240
9149,0.869376
9150,0.896000
9151,0.874496
9152,0.842752
9153,0.861184
9154,0.894976
9155,0.829440
9156,0.868352
9157,0.857088
9158,0.872448
9159,0.888832
9160,0.873472
9161,0.886784
9162,0.889856
9163,0.858112
9164,0.846848
9165,0.899072
9166,0.874496
9167,0.854016
9168,0.908288
9169,0.870400
9170,0.874496
9171,0.844800
9172,0.819200
9173,0.835584
9174,0.846848
9175,0.803840
9176,0.878592
9177,0.835584
9178,0.859136
9179,0.808960
9180,0.874496
9181,0.859136
9182,0.831488
9183,0.859136
9184,0.838656
9185,0.847872
9186,0.859136
9187,0.865280
9188,0.880640
9189,0.871424
9190,0.846848
9191,0.877568
9192,0.901120
9193,0.872448
9194,0.922624
9195,0.888832
9196,0.878592
9197,0.914432
9198,0.869376
9199,0.868352
9200,0.905216
9201,0.846848
9202,0.872448
9203,0.822272
9204,0.657408
9205,0.283648
9206,0.416768
9207,0.550912
9208,0.391168
9209,0.378880
9210,0.377856
9211,0.175104
9212,0.182272
9213,0.185344
9214,0.176128
9215,0.162816
9216,0.831488
9217,0.894976
9218,0.926720
9219,0.865280
9220,0.884736
9221,0.850944
9222,0.923648
9223,0.880640
9224,0.922624
9225,0.911360
9226,0.889856
9227,0.874496
9228,0.898048
9229,0.857088
9230,0.878592
9231,0.864256
9232,0.889856
9233,0.897024
9234,0.906240
9235,0.849920
9236,0.915456
9237,0.834560
9238,0.867328
9239,0.865280
9240,0.912384
9241,0.824320
9242,0.839680
9243,0.896000
9244,0.843776
9245,0.858112
9246,0.814080
9247,0.856064
9248,0.872448
9249,0.901120
9250,0.861184
9251,0.921600
9252,1.069056
9253,0.719872
9254,0.863232
9255,0.874496
9256,0.858112
9257,0.876544
9258,0.899072
9259,0.892928
9260,0.890880
9261,0.904192
9262,0.879616
9263,0.829440
9264,0.833536
9265,0.826368
9266,0.840704
9267,0.851968
9268,0.870400
9269,0.856064
9270,0.869376
9271,0.859136
9272,0.866304
9273,0.881664
9274,0.887808
9275,0.866304
9276,0.856064
9277,0.872448
9278,0.897024
9279,0.909312
9280,0.871424
9281,0.820224
9282,0.875520
9283,0.820224
9284,0.667648
9285,0.840704
9286,0.841728
9287,0.851968
9288,0.855040
9289,0.856064
9290,0.849920
9291,0.841728
9292,0.823296
9293,0.837632
9294,0.851968
9295,0.869376
9296,0.921600
9297,0.843776
9298,0.903168
9299,0.834560
9300,0.891904
9301,0.833536
9302,0.862208
9303,0.860160
9304,0.884736
9305,0.922624
9306,0.858112
9307,0.846848
9308,0.828416
9309,0.841728
9310,0.854016
9311,0.873472
9312,0.858112
9313,0.817152
9314,0.873472
9315,0.859136
9316,0.869376
9317,0.882688
9318,0.876544
9319,0.864256
9320,0.899072
9321,1.004544
9322,3.027968
9323,0.879616
9324,0.879616
9325,0.861184
9326,0.816128
9327,0.822272
9328,0.805888
9329,0.845824
9330,1.946624
9331,0.859136
9332,0.903168
9333,0.859136
9334,0.845824
9335,0.842752
9336,1.938432
9337,0.832512
9338,3.380224
9339,0.827392
9340,0.909312
9341,0.879616
9342,0.839680
9343,0.867328
9344,0.843776
9345,0.873472
9346,0.866304
9347,0.653312
9348,0.575488
9349,0.547840
9350,0.757760
9351,0.907264
9352,0.906240
9353,0.885760
9354,0.902144
9355,0.839680
9356,0.897024
9357,0.817152
9358,0.846848
9359,0.843776
9360,0.891904
9361,0.845824
9362,0.823296
9363,0.829440
9364,0.910336
9365,0.916480
9366,0.888832
9367,0.864256
9368,0.863232
9369,0.862208
9370,0.842752
9371,0.883712
9372,0.854016
9373,0.831488
9374,0.845824
9375,0.838656
9376,0.862208
9377,0.760832
9378,0.792576
9379,0.824320
9380,0.834560
9381,0.837632
9382,0.845824
9383,0.863232
9384,0.873472
9385,0.833536
9386,0.898048
9387,0.847872
9388,0.866304
9389,0.871424
9390,0.838656
9391,0.897024
9392,0.918528
9393,0.721920
9394,0.856064
9395,0.900096
9396,0.824320
9397,0.867328
9398,0.832512
9399,0.864256
9400,0.891904
9401,0.785408
9402,0.836608
9403,0.797696
9404,0.849920
9405,0.790528
9406,0.822272
9407,0.838656
9408,0.866304
9409,0.864256
9410,0.883712
9411,0.894976
9412,0.845824
9413,0.868352
9414,0.851968
9415,0.814080
9416,0.881664
9417,0.891904
9418,0.906240
9419,0.760832
9420,0.540672
9421,0.841728
9422,0.844800
9423,0.804864
9424,0.821248
9425,0.807936
9426,0.820224
9427,0.868352
9428,0.797696
9429,0.869376
9430,0.824320
9431,0.882688
9432,0.844800
9433,0.929792
9434,0.792576
9435,0.864256
9436,0.868352
9437,0.879616
9438,0.841728
9439,0.865280
9440,0.821248
9441,0.914432
9442,0.838656
9443,0.847872
9444,0.863232
9445,0.839680
9446,0.843776
9447,0.845824
9448,0.813056
9449,0.875520
9450,0.807936
9451,0.803840
9452,0.905216
9453,0.864256
9454,0.875520
9455,0.862208
9456,0.880640
9457,0.849920
9458,0.828416
9459,0.887808
9460,0.877568
9461,0.830464
9462,0.877568
9463,0.667648
9464,0.896000
9465,0.839680
9466,0.913408
9467,0.897024
9468,0.833536
9469,0.896000
9470,0.908288
9471,0.843776
9472,0.824320
9473,0.869376
9474,0.852992
9475,0.819200
9476,0.904192
9477,0.888832
9478,0.835584
9479,0.900096
9480,0.889856
9481,0.890880
9482,0.887808
9483,0.845824
9484,0.848896
9485,0.854016
9486,0.866304
9487,0.893952
9488,0.885760
9489,0.868352
9490,0.855040
9491,0.705536
9492,0.593920
9493,0.643072
9494,0.629760
9495,0.576512
9496,0.866304
9497,0.815104
9498,0.829440
9499,0.877568
9500,0.869376
9501,0.813056
9502,0.903168
9503,0.861184
9504,0.852992
9505,0.867328
9506,0.850944
9507,0.882688
9508,0.845824
9509,0.884736
9510,0.838656
9511,0.824320
9512,0.850944
9513,0.827392
9514,0.852992
9515,0.828416
9516,0.838656
9517,0.883712
9518,0.900096
9519,0.889856
9520,0.860160
9521,0.827392
9522,0.886784
9523,0.884736
9524,0.862208
9525,0.857088
9526,0.841728
9527,0.880640
9528,0.862208
9529,0.848896
9530,0.814080
9531,0.840704
9532,0.838656
9533,0.838656
9534,0.829440
9535,0.746496
9536,0.849920
9537,0.848896
9538,0.867328
9539,0.826368
9540,0.861184
9541,0.816128
9542,0.859136
9543,0.850944
9544,0.834560
9545,0.882688
9546,0.878592
9547,0.855040
9548,2.347008
9549,2.344960
9550,0.811008
9551,0.843776
9552,0.780288
9553,0.817152
9554,0.821248
9555,0.837632
9556,0.858112
9557,0.892928
9558,0.828416
9559,0.874496
9560,0.815104
9561,0.882688
9562,0.833536
9563,0.772096
9564,0.704512
9565,0.693248
9566,0.629760
9567,0.559104
9568,0.449536
9569,0.848896
9570,0.821248
9571,0.862208
9572,0.865280
9573,0.834560
9574,0.847872
9575,0.849920
9576,0.838656
9577,0.850944
9578,0.868352
9579,0.857088
9580,0.839680
9581,0.832512
9582,0.809984
9583,0.842752
9584,0.863232
9585,0.830464
9586,0.862208
9587,0.830464
9588,0.858112
9589,0.785408
9590,0.860160
9591,0.822272
9592,0.852992
9593,0.834560
9594,0.849920
9595,0.815104
9596,0.820224
9597,0.780288
9598,0.850944
9599,0.849920
9600,0.831488
9601,0.839680
9602,0.855040
9603,3.196928
9604,0.788480
9605,0.819200
9606,0.848896
9607,0.857088
9608,0.862208
9609,0.814080
9610,0.819200
9611,1.935360
9612,0.797696
9613,0.826368
9614,0.866304
9615,0.872448
9616,0.838656
9617,0.873472
9618,1.835008
9619,0.807936
9620,3.140608
9621,0.817152
9622,0.835584
9623,0.877568
9624,0.793600
9625,0.807936
9626,0.826368
9627,0.832512
9628,0.800768
9629,0.845824
9630,0.862208
9631,0.851968
9632,0.832512
9633,0.731136
9634,0.679936
9635,0.661504
9636,0.618496
9637,0.845824
9638,0.729088
9639,0.815104
9640,0.805888
9641,0.811008
9642,0.811008
9643,0.771072
9644,0.809984
9645,0.807936
9646,0.826368
9647,0.796672
9648,0.796672
9649,0.826368
9650,0.807936
9651,0.783360
9652,0.776192
9653,0.805888
9654,0.791552
9655,0.800768
9656,0.778240
9657,0.751616
9658,0.750592
9659,0.731136
9660,0.793600
9661,0.747520
9662,0.736256
9663,0.762880
9664,0.755712
9665,0.754688
9666,0.738304
9667,0.730112
9668,0.705536
9669,0.782336
9670,0.737280
9671,0.793600
9672,0.753664
9673,0.722944
9674,0.762880
9675,0.727040
9676,0.740352
9677,0.749568
9678,0.760832
9679,0.748544
9680,0.707584
9681,0.748544
9682,0.744448
9683,0.771072
9684,0.743424
9685,0.790528
9686,0.707584
9687,0.719872
9688,0.713728
9689,0.705536
9690,0.709632
9691,0.680960
9692,0.719872
9693,0.808960
9694,0.747520
9695,0.750592
9696,0.739328
9697,0.774144
9698,0.762880
9699,0.744448
9700,0.790528
9701,0.690176
9702,0.764928
9703,0.795648
9704,0.772096
9705,0.741376
9706,0.755712
9707,0.726016
9708,0.722944
9709,0.750592
9710,0.754688
9711,0.798720
9712,0.694272
9713,0.689152
9714,0.746496
9715,0.706560
9716,0.717824
9717,0.722944
9718,0.743424
9719,0.712704
9720,0.732160
9721,0.430080
9722,0.582656
9723,0.739328
9724,0.729088
9725,0.733184
9726,0.679936
9727,0.743424
9728,0.678912
9729,0.688128
9730,0.728064
9731,0.719872
9732,0.742400
9733,0.738304
9734,0.705536
9735,0.675840
9736,0.723968
9737,0.672768
9738,0.709632
9739,0.698368
9740,0.736256
9741,0.686080
9742,0.712704
9743,0.705536
9744,0.696320
9745,0.728064
9746,0.694272
9747,0.730112
9748,0.692224
9749,0.719872
9750,0.735232
9751,0.674816
9752,0.654336
9753,0.678912
9754,0.694272
9755,0.643072
9756,0.706560
9757,0.686080
9758,0.684032
9759,0.674816
9760,0.733184
9761,0.719872
9762,0.706560
9763,0.620544
9764,0.734208
9765,0.676864
9766,0.732160
9767,0.699392
9768,0.699392
9769,0.719872
9770,0.687104
9771,0.733184
9772,0.710656
9773,0.719872
9774,0.669696
9775,0.721920
9776,0.711680
9777,0.745472
9778,0.678912
9779,0.755712
9780,2.330624
9781,0.668672
9782,0.730112
9783,2.265088
9784,0.721920
9785,0.693248
9786,0.719872
9787,0.677888
9788,0.688128
9789,0.723968
9790,0.689152
9791,0.719872
9792,0.706560
9793,0.708608
9794,0.661504
9795,0.711680
9796,0.711680
9797,0.696320
9798,0.730112
9799,0.711680
9800,0.679936
9801,0.723968
9802,0.727040
9803,0.760832
9804,0.699392
9805,0.654336
9806,0.672768
9807,0.719872
9808,0.722944
9809,0.721920
9810,0.671744
9811,0.708608
9812,0.683008
9813,0.581632
9814,0.579584
9815,0.530432
9816,0.558080
9817,0.649216
9818,0.625664
9819,0.667648
9820,0.665600
9821,0.683008
9822,0.691200
9823,0.697344
9824,2.646016
9825,0.650240
9826,0.648192
9827,0.662528
9828,0.659456
9829,0.644096
9830,0.679936
9831,0.665600
9832,0.689152
9833,0.697344
9834,0.637952
9835,0.634880
9836,0.695296
9837,0.666624
9838,0.695296
9839,0.692224
9840,0.656384
9841,0.712704
9842,0.666624
9843,0.640000
9844,0.714752
9845,0.707584
9846,0.669696
9847,0.683008
9848,1.665024
9849,0.611328
9850,0.643072
9851,0.675840
9852,0.675840
9853,0.632832
9854,0.621568
9855,0.647168
9856,1.906688
9857,0.599040
9858,2.894848
9859,0.668672
9860,0.641024
9861,0.665600
9862,0.634880
9863,0.612352
9864,0.624640
9865,0.581632
9866,0.587776
9867,0.644096
9868,0.631808
9869,0.637952
9870,0.636928
9871,0.592896
9872,0.610304
9873,0.632832
9874,0.616448
9875,0.622592
9876,0.668672
9877,0.627712
9878,0.593920
9879,0.610304
9880,0.600064
9881,0.624640
9882,0.630784
9883,0.596992
9884,0.616448
9885,0.617472
9886,0.610304
9887,0.653312
9888,0.620544
9889,0.631808
9890,0.620544
9891,0.592896
9892,0.617472
9893,0.581632
9894,0.619520
9895,0.621568
9896,0.637952
9897,0.613376
9898,0.600064
9899,0.611328
9900,0.608256
9901,0.624640
9902,0.610304
9903,0.614400
9904,0.631808
9905,0.598016
9906,0.459776
9907,0.438272
9908,0.330752
9909,0.313344
9910,0.229376
9911,0.218112
9912,0.231424
9913,0.207872
9914,0.179200
9915,0.185344
9916,0.179200
9917,0.184320
9918,0.176128
9919,0.164864
9920,0.171008
9921,0.163840
9922,0.172032
9923,0.162816
9924,0.166912
9925,0.159744
9926,0.153600
9927,0.155648
9928,0.153600
9929,0.157696
9930,0.148480
9931,0.553984
9932,0.593920
9933,0.579584
9934,0.599040
9935,0.558080
9936,0.583680
9937,0.549888
9938,0.559104
9939,0.603136
9940,0.582656
9941,0.563200
9942,0.582656
9943,0.540672
9944,0.546816
9945,0.579584
9946,0.541696
9947,0.546816
9948,0.627712
9949,0.545792
9950,0.579584
9951,0.589824
9952,0.534528
9953,0.580608
9954,0.574464
9955,0.580608
9956,0.526336
9957,0.576512
9958,0.521216
9959,0.529408
9960,0.593920
9961,0.540672
9962,0.571392
9963,0.603136
9964,0.555008
9965,0.617472
9966,0.588800
9967,0.533504
9968,0.550912
9969,0.567296
9970,0.563200
9971,0.553984
9972,0.550912
9973,0.556032
9974,0.603136
9975,0.557056
9976,0.563200
9977,0.537600
9978,0.590848
9979,0.553984
9980,0.560128
9981,0.558080
9982,0.540672
9983,0.538624
9984,0.558080
9985,0.685056
9986,0.505856
9987,0.558080
9988,0.559104
9989,0.547840
9990,0.552960
9991,0.528384
9992,0.549888
9993,0.553984
9994,0.520192
9995,0.491520
9996,0.591872
9997,0.674816
9998,0.536576
9999,0.485376
