iter,ms
0,0.270336
1,0.368640
2,0.398336
3,0.364544
4,0.386048
5,0.379904
6,0.385024
7,0.395264
8,0.339968
9,0.402432
10,0.408576
11,0.396288
12,0.386048
13,0.385024
14,0.390144
15,0.391168
16,0.422912
17,0.421888
18,0.384000
19,0.400384
20,0.399360
21,0.395264
22,0.409600
23,0.420864
24,0.400384
25,0.218112
26,0.280576
27,0.397312
28,0.410624
29,0.413696
30,0.419840
31,0.381952
32,0.404480
33,0.369664
34,0.339968
35,0.346112
36,0.414720
37,0.440320
38,0.416768
39,0.447488
40,0.445440
41,0.425984
42,0.462848
43,0.468992
44,0.446464
45,0.486400
46,0.450560
47,0.491520
48,0.439296
49,0.479232
50,0.508928
51,0.504832
52,0.497664
53,0.491520
54,0.538624
55,0.548864
56,0.513024
57,0.470016
58,0.523264
59,0.515072
60,0.552960
61,0.540672
62,0.538624
63,0.542720
64,0.547840
65,0.504832
66,0.567296
67,0.543744
68,0.528384
69,0.522240
70,0.560128
71,0.559104
72,0.565248
73,0.563200
74,0.614400
75,0.455680
76,0.564224
77,0.575488
78,0.542720
79,0.581632
80,0.619520
81,0.619520
82,0.666624
83,0.592896
84,0.533504
85,0.595968
86,0.651264
87,0.642048
88,0.624640
89,0.622592
90,0.675840
91,0.615424
92,0.645120
93,0.635904
94,0.609280
95,0.655360
96,0.626688
97,0.659456
98,0.648192
99,0.659456
100,0.633856
101,0.689152
102,0.720896
103,0.718848
104,0.579584
105,0.702464
106,0.612352
107,0.714752
108,0.685056
109,0.670720
110,0.708608
111,0.671744
112,0.733184
113,0.690176
114,0.686080
115,0.701440
116,0.598016
117,0.705536
118,0.703488
119,0.743424
120,0.733184
121,0.699392
122,0.713728
123,0.721920
124,0.687104
125,0.700416
126,0.724992
127,0.687104
128,0.693248
129,0.684032
130,0.726016
131,0.703488
132,0.693248
133,0.663552
134,0.683008
135,0.758784
136,0.724992
137,0.743424
138,0.735232
139,0.694272
140,0.690176
141,0.708608
142,0.718848
143,0.745472
144,0.723968
145,0.719872
146,0.738304
147,0.680960
148,0.751616
149,0.722944
150,0.724992
151,0.729088
152,0.745472
153,0.784384
154,0.732160
155,0.683008
156,0.691200
157,0.735232
158,0.736256
159,0.653312
160,0.692224
161,0.757760
162,0.728064
163,0.713728
164,0.703488
165,0.766976
166,0.755712
167,0.749568
168,0.768000
169,0.706560
170,0.852992
171,0.507904
172,0.715776
173,0.714752
174,0.813056
175,0.750592
176,0.737280
177,0.773120
178,0.761856
179,0.684032
180,0.743424
181,0.762880
182,0.745472
183,0.766976
184,0.789504
185,0.584704
186,0.662528
187,0.781312
188,0.772096
189,0.804864
190,0.730112
191,0.811008
192,0.719872
193,0.700416
194,0.788480
195,0.817152
196,0.730112
197,0.635904
198,0.522240
199,0.397312
200,0.356352
201,0.309248
202,0.294912
203,0.273408
204,0.271360
205,0.245760
206,0.233472
207,0.960512
208,0.776192
209,0.805888
210,0.434176
211,0.693248
212,0.844800
213,0.862208
214,0.834560
215,0.829440
216,0.802816
217,0.800768
218,0.813056
219,0.795648
220,0.821248
221,0.796672
222,0.817152
223,0.802816
224,0.830464
225,0.755712
226,0.773120
227,0.794624
228,0.848896
229,0.811008
230,0.833536
231,0.765952
232,0.858112
233,0.868352
234,0.804864
235,0.822272
236,0.820224
237,0.819200
238,0.800768
239,0.836608
240,0.860160
241,0.821248
242,0.795648
243,0.826368
244,0.796672
245,0.849920
246,0.769024
247,0.809984
248,0.799744
249,0.803840
250,0.806912
251,0.855040
252,0.763904
253,0.749568
254,1.021952
255,0.712704
256,0.840704
257,0.812032
258,0.842752
259,0.888832
260,0.814080
261,0.861184
262,0.845824
263,0.857088
264,0.827392
265,0.854016
266,0.807936
267,0.820224
268,0.784384
269,0.804864
270,0.815104
271,0.792576
272,0.797696
273,0.818176
274,0.772096
275,0.814080
276,0.832512
277,0.510976
278,0.816128
279,0.857088
280,0.817152
281,0.794624
282,0.825344
283,0.788480
284,0.870400
285,0.798720
286,0.820224
287,0.890880
288,0.900096
289,0.821248
290,0.844800
291,0.850944
292,0.874496
293,0.842752
294,0.879616
295,0.842752
296,0.852992
297,0.861184
298,0.834560
299,0.904192
300,0.873472
301,0.879616
302,0.868352
303,0.901120
304,0.838656
305,0.892928
306,0.916480
307,0.872448
308,0.868352
309,0.844800
310,0.906240
311,0.858112
312,0.856064
313,0.912384
314,0.883712
315,0.814080
316,0.930816
317,0.883712
318,0.915456
319,0.892928
320,0.920576
321,0.865280
322,0.877568
323,0.916480
324,1.001472
325,0.578560
326,0.865280
327,0.862208
328,0.860160
329,0.845824
330,0.840704
331,0.868352
332,0.820224
333,0.913408
334,0.898048
335,0.893952
336,0.874496
337,0.878592
338,0.921600
339,0.955392
340,0.869376
341,0.907264
342,0.877568
343,0.875520
344,0.569344
345,0.897024
346,0.911360
347,0.887808
348,0.862208
349,0.831488
350,0.836608
351,0.865280
352,0.852992
353,0.984064
354,0.914432
355,0.937984
356,0.907264
357,0.859136
358,0.861184
359,0.857088
360,0.897024
361,0.869376
362,0.929792
363,0.892928
364,0.862208
365,0.905216
366,0.920576
367,0.931840
368,0.886784
369,0.923648
370,0.919552
371,0.874496
372,0.909312
373,0.948224
374,0.879616
375,0.833536
376,0.920576
377,0.918528
378,0.920576
379,0.873472
380,0.928768
381,0.827392
382,0.968704
383,0.892928
384,0.944128
385,0.909312
386,0.867328
387,0.887808
388,0.868352
389,0.898048
390,0.917504
391,0.928768
392,0.857088
393,0.855040
394,0.957440
395,0.879616
396,0.875520
397,0.951296
398,0.905216
399,0.931840
400,0.906240
401,0.908288
402,0.916480
403,0.925696
404,0.890880
405,0.851968
406,0.908288
407,0.896000
408,0.923648
409,0.909312
410,0.707584
411,0.574464
412,0.865280
413,0.888832
414,0.899072
415,0.886784
416,0.914432
417,0.932864
418,0.945152
419,0.905216
420,0.900096
421,0.914432
422,0.903168
423,0.935936
424,0.867328
425,0.902144
426,0.897024
427,0.888832
428,0.955392
429,0.982016
430,0.809984
431,0.888832
432,0.966656
433,0.859136
434,0.950272
435,0.904192
436,0.888832
437,0.898048
438,0.899072
439,0.899072
440,0.894976
441,0.954368
442,0.949248
443,0.909312
444,0.914432
445,0.871424
446,0.913408
447,0.945152
448,0.900096
449,0.933888
450,0.945152
451,0.898048
452,0.914432
453,0.928768
454,0.922624
455,0.900096
456,0.875520
457,0.967680
458,0.873472
459,0.857088
460,0.815104
461,0.909312
462,0.941056
463,0.876544
464,0.920576
465,0.885760
466,0.949248
467,0.926720
468,0.950272
469,0.929792
470,0.982016
471,0.949248
472,0.936960
473,0.963584
474,0.903168
475,0.928768
476,0.736256
477,0.578560
478,0.543744
479,0.434176
480,0.419840
481,0.386048
482,0.395264
483,0.333824
484,0.357376
485,0.281600
486,0.582656
487,0.673792
488,0.681984
489,0.789504
490,0.927744
491,0.861184
492,0.872448
493,0.889856
494,0.873472
495,0.908288
496,0.915456
497,0.910336
498,0.894976
499,0.884736
500,0.942080
501,0.908288
502,0.852992
503,0.944128
504,0.923648
505,0.859136
506,0.883712
507,0.902144
508,0.939008
509,0.891904
510,0.906240
511,0.863232
512,0.930816
513,0.859136
514,0.962560
515,0.887808
516,0.905216
517,0.961536
518,0.905216
519,0.927744
520,0.903168
521,0.942080
522,0.939008
523,0.940032
524,0.918528
525,0.913408
526,0.944128
527,0.899072
528,0.946176
529,0.890880
530,0.929792
531,0.920576
532,0.828416
533,0.857088
534,0.854016
535,0.880640
536,0.903168
537,0.874496
538,0.936960
539,0.927744
540,0.945152
541,0.920576
542,0.891904
543,0.917504
544,0.951296
545,0.924672
546,0.940032
547,0.960512
548,0.962560
549,0.917504
550,0.887808
551,0.857088
552,0.705536
553,0.661504
554,0.707584
555,0.955392
556,0.916480
557,0.903168
558,0.979968
559,0.861184
560,0.909312
561,0.963584
562,0.937984
563,0.925696
564,0.631808
565,0.847872
566,0.854016
567,0.923648
568,0.910336
569,0.987136
570,0.914432
571,0.919552
572,0.907264
573,0.917504
574,0.930816
575,0.898048
576,0.920576
577,0.877568
578,0.890880
579,0.967680
580,0.932864
581,0.877568
582,0.899072
583,0.886784
584,0.911360
585,0.935936
586,0.958464
587,0.909312
588,0.905216
589,0.847872
590,0.847872
591,0.907264
592,0.898048
593,0.881664
594,0.884736
595,0.907264
596,0.909312
597,0.919552
598,0.944128
599,0.915456
600,0.901120
601,0.870400
602,0.901120
603,0.936960
604,0.879616
605,0.919552
606,0.869376
607,0.887808
608,0.868352
609,0.812032
610,0.949248
611,0.887808
612,0.928768
613,0.932864
614,0.896000
615,0.967680
616,0.959488
617,0.885760
618,0.902144
619,0.657408
620,0.282624
621,0.270336
622,0.257024
623,0.296960
624,0.254976
625,0.202752
626,0.203776
627,0.208896
628,0.202752
629,0.175104
630,0.175104
631,0.177152
632,0.179200
633,0.167936
634,0.889856
635,0.917504
636,0.901120
637,0.953344
638,0.954368
639,0.870400
640,0.886784
641,0.850944
642,0.985088
643,0.971776
644,0.760832
645,0.908288
646,0.916480
647,0.933888
648,0.928768
649,0.905216
650,0.898048
651,0.928768
652,0.846848
653,0.838656
654,0.871424
655,0.944128
656,0.960512
657,0.884736
658,0.929792
659,0.922624
660,0.902144
661,0.944128
662,0.911360
663,0.931840
664,0.945152
665,0.892928
666,0.888832
667,0.937984
668,0.915456
669,0.879616
670,0.925696
671,0.883712
672,0.907264
673,0.900096
674,0.908288
675,0.878592
676,0.918528
677,0.865280
678,0.894976
679,0.937984
680,0.900096
681,0.908288
682,0.901120
683,0.949248
684,0.887808
685,0.930816
686,0.905216
687,0.894976
688,0.877568
689,0.916480
690,0.908288
691,0.921600
692,0.928768
693,0.867328
694,0.889856
695,0.899072
696,0.936960
697,0.894976
698,0.766976
699,0.769024
700,0.933888
701,0.882688
702,0.949248
703,0.849920
704,0.926720
705,0.908288
706,0.885760
707,0.900096
708,0.945152
709,0.920576
710,0.918528
711,0.852992
712,0.972800
713,0.878592
714,0.931840
715,0.948224
716,0.884736
717,0.911360
718,0.878592
719,0.922624
720,0.899072
721,0.879616
722,0.888832
723,0.926720
724,0.923648
725,0.849920
726,0.867328
727,0.791552
728,0.863232
729,0.863232
730,0.917504
731,0.897024
732,0.952320
733,0.940032
734,0.932864
735,0.877568
736,0.893952
737,0.976896
738,0.950272
739,0.955392
740,0.928768
741,0.934912
742,0.889856
743,0.960512
744,0.897024
745,0.947200
746,0.891904
747,0.954368
748,0.878592
749,0.902144
750,0.915456
751,0.893952
752,0.901120
753,0.952320
754,0.890880
755,0.878592
756,0.917504
757,0.935936
758,0.898048
759,0.916480
760,0.918528
761,0.919552
762,0.908288
763,0.745472
764,0.488448
765,0.333824
766,0.353280
767,0.268288
768,0.276480
769,0.271360
770,0.262144
771,0.275456
772,0.271360
773,0.238592
774,0.259072
775,0.261120
776,0.240640
777,0.190464
778,0.904192
779,0.902144
780,0.918528
781,0.930816
782,0.830464
783,0.807936
784,0.780288
785,0.881664
786,0.880640
787,0.861184
788,0.852992
789,0.898048
790,0.898048
791,0.874496
792,0.896000
793,0.842752
794,0.896000
795,0.840704
796,0.941056
797,0.902144
798,0.854016
799,0.984064
800,0.874496
801,0.927744
802,0.897024
803,0.949248
804,0.922624
805,0.916480
806,0.930816
807,0.917504
808,0.875520
809,0.931840
810,0.932864
811,0.949248
812,0.926720
813,0.842752
814,0.919552
815,0.949248
816,0.882688
817,0.889856
818,0.918528
819,0.920576
820,0.897024
821,0.932864
822,0.925696
823,0.883712
824,0.943104
825,0.937984
826,0.935936
827,0.893952
828,0.964608
829,0.899072
830,0.931840
831,0.916480
832,0.971776
833,0.927744
834,0.934912
835,0.888832
836,0.900096
837,0.908288
838,0.878592
839,0.861184
840,0.881664
841,0.862208
842,0.675840
843,0.903168
844,0.885760
845,0.885760
846,0.936960
847,0.925696
848,0.840704
849,0.906240
850,0.876544
851,1.079296
852,0.843776
853,0.773120
854,0.844800
855,0.922624
856,0.896000
857,0.897024
858,0.914432
859,0.929792
860,0.965632
861,0.904192
862,0.894976
863,0.942080
864,0.868352
865,0.877568
866,0.873472
867,0.905216
868,0.900096
869,0.901120
870,0.933888
871,0.861184
872,0.924672
873,0.894976
874,0.972800
875,0.899072
876,0.883712
877,0.887808
878,0.885760
879,0.872448
880,0.912384
881,0.898048
882,0.921600
883,0.899072
884,0.960512
885,0.871424
886,0.949248
887,0.931840
888,0.898048
889,0.945152
890,0.875520
891,0.897024
892,0.900096
893,0.923648
894,0.933888
895,0.920576
896,0.869376
897,0.860160
898,0.867328
899,0.878592
900,0.915456
901,0.870400
902,0.941056
903,0.888832
904,0.932864
905,0.978944
906,0.660480
907,0.577536
908,0.654336
909,0.945152
910,0.936960
911,0.946176
912,0.943104
913,0.900096
914,0.900096
915,0.906240
916,0.857088
917,0.751616
918,0.936960
919,0.923648
920,0.931840
921,0.877568
922,0.943104
923,0.962560
924,0.889856
925,0.925696
926,0.883712
927,0.937984
928,0.970752
929,0.846848
930,0.933888
931,0.892928
932,0.903168
933,0.929792
934,0.909312
935,0.903168
936,0.876544
937,0.935936
938,0.904192
939,0.829440
940,0.879616
941,0.905216
942,0.922624
943,0.881664
944,0.948224
945,0.898048
946,0.878592
947,0.899072
948,0.881664
949,0.924672
950,0.873472
951,0.931840
952,0.918528
953,0.902144
954,0.903168
955,0.935936
956,0.925696
957,0.952320
958,0.885760
959,0.909312
960,0.953344
961,0.947200
962,0.932864
963,0.974848
964,0.897024
965,0.957440
966,0.889856
967,0.956416
968,0.887808
969,0.941056
970,0.983040
971,0.876544
972,0.587776
973,0.499712
974,0.464896
975,0.820224
976,0.926720
977,0.914432
978,0.953344
979,0.903168
980,0.877568
981,0.917504
982,0.900096
983,0.978944
984,0.936960
985,0.920576
986,0.962560
987,0.907264
988,0.890880
989,0.936960
990,0.918528
991,0.906240
992,0.887808
993,0.936960
994,0.909312
995,0.898048
996,0.933888
997,0.899072
998,0.880640
999,0.945152
1000,0.861184
1001,0.902144
1002,0.875520
1003,0.887808
1004,0.897024
1005,0.844800
1006,0.841728
1007,0.877568
1008,0.889856
1009,0.883712
1010,0.924672
1011,0.921600
1012,0.906240
1013,0.923648
1014,0.892928
1015,0.916480
1016,0.926720
1017,0.881664
1018,0.917504
1019,0.924672
1020,0.908288
1021,0.944128
1022,0.918528
1023,0.908288
1024,0.967680
1025,0.934912
1026,0.947200
1027,0.930816
1028,0.924672
1029,0.974848
1030,0.983040
1031,0.906240
1032,0.890880
1033,0.926720
1034,0.908288
1035,0.935936
1036,0.936960
1037,0.907264
1038,0.870400
1039,0.594944
1040,0.923648
1041,0.917504
1042,0.883712
1043,0.833536
1044,0.852992
1045,0.874496
1046,0.935936
1047,0.866304
1048,0.907264
1049,0.975872
1050,0.908288
1051,0.942080
1052,0.868352
1053,0.916480
1054,0.902144
1055,0.881664
1056,0.930816
1057,0.901120
1058,0.954368
1059,0.932864
1060,0.875520
1061,0.915456
1062,0.931840
1063,0.889856
1064,0.909312
1065,0.917504
1066,0.881664
1067,0.832512
1068,0.866304
1069,0.873472
1070,0.877568
1071,0.892928
1072,0.901120
1073,0.898048
1074,0.860160
1075,0.843776
1076,0.909312
1077,0.900096
1078,0.907264
1079,0.942080
1080,0.834560
1081,0.908288
1082,0.925696
1083,0.960512
1084,0.918528
1085,0.897024
1086,0.936960
1087,0.924672
1088,0.931840
1089,0.869376
1090,0.876544
1091,0.939008
1092,0.920576
1093,0.972800
1094,0.926720
1095,0.931840
1096,0.940032
1097,0.878592
1098,0.942080
1099,0.983040
1100,0.931840
1101,0.931840
1102,0.925696
1103,0.912384
1104,0.708608
1105,0.703488
1106,0.965632
1107,0.948224
1108,0.928768
1109,0.904192
1110,0.927744
1111,0.837632
1112,0.915456
1113,0.922624
1114,0.924672
1115,0.907264
1116,0.913408
1117,0.907264
1118,0.901120
1119,0.925696
1120,0.891904
1121,0.918528
1122,0.903168
1123,0.840704
1124,0.856064
1125,0.905216
1126,0.936960
1127,0.889856
1128,0.943104
1129,0.898048
1130,0.962560
1131,0.901120
1132,0.936960
1133,0.923648
1134,0.946176
1135,0.906240
1136,0.894976
1137,0.939008
1138,0.929792
1139,0.921600
1140,0.921600
1141,0.893952
1142,0.893952
1143,0.940032
1144,0.893952
1145,0.923648
1146,0.908288
1147,0.902144
1148,0.930816
1149,0.849920
1150,0.959488
1151,0.930816
1152,0.950272
1153,0.933888
1154,0.815104
1155,0.892928
1156,0.943104
1157,0.934912
1158,0.874496
1159,0.896000
1160,1.045504
1161,1.116160
1162,0.901120
1163,0.897024
1164,0.887808
1165,0.891904
1166,0.864256
1167,0.820224
1168,0.918528
1169,0.861184
1170,0.693248
1171,0.947200
1172,0.920576
1173,0.965632
1174,0.906240
1175,0.913408
1176,0.953344
1177,0.888832
1178,0.958464
1179,0.924672
1180,0.947200
1181,0.927744
1182,0.876544
1183,0.913408
1184,0.894976
1185,0.852992
1186,0.856064
1187,0.837632
1188,0.903168
1189,0.845824
1190,0.922624
1191,0.862208
1192,0.913408
1193,0.876544
1194,0.946176
1195,0.858112
1196,0.877568
1197,0.921600
1198,0.885760
1199,0.936960
1200,0.925696
1201,0.900096
1202,0.960512
1203,0.915456
1204,0.873472
1205,0.916480
1206,0.909312
1207,0.914432
1208,0.923648
1209,0.889856
1210,0.860160
1211,0.950272
1212,0.892928
1213,0.924672
1214,0.920576
1215,0.859136
1216,0.935936
1217,0.875520
1218,0.955392
1219,0.876544
1220,0.927744
1221,0.904192
1222,0.898048
1223,0.961536
1224,0.898048
1225,0.916480
1226,0.913408
1227,0.764928
1228,0.910336
1229,0.846848
1230,0.888832
1231,0.875520
1232,0.936960
1233,0.913408
1234,0.866304
1235,0.690176
1236,0.815104
1237,0.866304
1238,0.898048
1239,0.868352
1240,0.892928
1241,0.903168
1242,0.964608
1243,0.911360
1244,0.889856
1245,0.948224
1246,0.929792
1247,0.970752
1248,1.050624
1249,0.897024
1250,0.917504
1251,0.834560
1252,0.907264
1253,0.866304
1254,0.863232
1255,0.842752
1256,0.941056
1257,0.905216
1258,0.881664
1259,0.884736
1260,0.930816
1261,0.915456
1262,0.918528
1263,0.969728
1264,0.894976
1265,0.868352
1266,0.898048
1267,0.859136
1268,0.858112
1269,0.878592
1270,0.858112
1271,0.880640
1272,0.849920
1273,0.878592
1274,0.935936
1275,0.929792
1276,0.944128
1277,0.889856
1278,0.900096
1279,0.842752
1280,0.859136
1281,0.881664
1282,0.873472
1283,0.888832
1284,0.926720
1285,0.889856
1286,0.919552
1287,0.864256
1288,0.845824
1289,0.933888
1290,0.916480
1291,0.875520
1292,0.875520
1293,0.879616
1294,0.879616
1295,0.923648
1296,0.872448
1297,0.930816
1298,0.936960
1299,0.954368
1300,0.799744
1301,0.721920
1302,0.621568
1303,0.371712
1304,0.303104
1305,0.228352
1306,0.183296
1307,0.186368
1308,0.182272
1309,0.194560
1310,0.174080
1311,0.172032
1312,0.166912
1313,0.171008
1314,0.174080
1315,0.176128
1316,0.808960
1317,0.923648
1318,0.944128
1319,0.854016
1320,0.922624
1321,0.937984
1322,0.958464
1323,0.928768
1324,0.905216
1325,0.969728
1326,0.910336
1327,0.908288
1328,0.918528
1329,0.928768
1330,1.048576
1331,0.777216
1332,0.850944
1333,0.931840
1334,0.891904
1335,0.915456
1336,0.877568
1337,0.876544
1338,0.875520
1339,0.890880
1340,0.884736
1341,0.925696
1342,0.910336
1343,0.896000
1344,0.888832
1345,0.907264
1346,0.892928
1347,0.872448
1348,0.959488
1349,0.913408
1350,0.928768
1351,0.913408
1352,0.887808
1353,0.911360
1354,0.944128
1355,0.952320
1356,0.879616
1357,0.950272
1358,0.808960
1359,0.701440
1360,0.935936
1361,0.904192
1362,0.826368
1363,0.873472
1364,0.942080
1365,0.898048
1366,0.850944
1367,0.897024
1368,0.905216
1369,0.902144
1370,0.905216
1371,0.916480
1372,0.892928
1373,0.932864
1374,0.912384
1375,0.894976
1376,0.907264
1377,0.874496
1378,0.882688
1379,0.867328
1380,0.824320
1381,0.817152
1382,0.913408
1383,0.934912
1384,0.906240
1385,0.898048
1386,0.935936
1387,0.959488
1388,0.907264
1389,0.926720
1390,0.876544
1391,0.936960
1392,0.911360
1393,0.900096
1394,0.941056
1395,0.912384
1396,0.884736
1397,0.899072
1398,0.831488
1399,0.882688
1400,0.855040
1401,0.892928
1402,0.924672
1403,0.908288
1404,0.907264
1405,0.905216
1406,0.930816
1407,0.872448
1408,0.914432
1409,0.917504
1410,0.913408
1411,0.883712
1412,0.951296
1413,0.873472
1414,0.916480
1415,0.905216
1416,0.870400
1417,0.919552
1418,0.854016
1419,0.873472
1420,0.904192
1421,0.946176
1422,0.884736
1423,0.906240
1424,0.876544
1425,0.941056
1426,0.850944
1427,0.946176
1428,0.910336
1429,0.878592
1430,0.973824
1431,0.889856
1432,0.888832
1433,0.875520
1434,0.950272
1435,0.884736
1436,0.936960
1437,0.917504
1438,0.889856
1439,0.883712
1440,0.950272
1441,0.930816
1442,0.925696
1443,0.897024
1444,0.875520
1445,0.914432
1446,0.886784
1447,0.951296
1448,0.954368
1449,0.920576
1450,0.925696
1451,0.869376
1452,0.915456
1453,0.913408
1454,0.917504
1455,0.865280
1456,0.915456
1457,0.908288
1458,0.838656
1459,0.854016
1460,0.851968
1461,0.868352
1462,0.915456
1463,0.873472
1464,0.897024
1465,0.889856
1466,0.911360
1467,0.881664
1468,0.892928
1469,0.959488
1470,0.893952
1471,0.922624
1472,0.901120
1473,0.975872
1474,0.901120
1475,0.927744
1476,0.877568
1477,0.894976
1478,0.889856
1479,0.931840
1480,0.959488
1481,0.919552
1482,0.882688
1483,0.865280
1484,0.885760
1485,0.882688
1486,0.919552
1487,0.902144
1488,0.908288
1489,0.922624
1490,0.884736
1491,0.902144
1492,0.846848
1493,0.919552
1494,0.882688
1495,0.907264
1496,0.894976
1497,0.912384
1498,0.880640
1499,0.869376
1500,0.942080
1501,0.928768
1502,0.909312
1503,0.900096
1504,0.891904
1505,0.886784
1506,0.916480
1507,0.910336
1508,0.956416
1509,0.905216
1510,0.677888
1511,0.473088
1512,0.487424
1513,0.390144
1514,0.335872
1515,0.276480
1516,0.269312
1517,0.250880
1518,0.212992
1519,0.225280
1520,0.216064
1521,0.217088
1522,0.890880
1523,0.910336
1524,0.959488
1525,0.984064
1526,0.881664
1527,0.885760
1528,0.904192
1529,0.915456
1530,0.920576
1531,0.932864
1532,0.921600
1533,0.937984
1534,0.936960
1535,0.929792
1536,0.904192
1537,0.926720
1538,0.852992
1539,0.920576
1540,0.861184
1541,0.945152
1542,0.901120
1543,0.838656
1544,0.911360
1545,0.949248
1546,0.931840
1547,0.940032
1548,0.881664
1549,0.914432
1550,0.910336
1551,0.869376
1552,0.891904
1553,0.896000
1554,0.934912
1555,0.926720
1556,0.903168
1557,0.932864
1558,0.953344
1559,0.923648
1560,0.870400
1561,0.900096
1562,0.864256
1563,0.917504
1564,0.884736
1565,0.862208
1566,0.917504
1567,0.869376
1568,0.930816
1569,0.914432
1570,0.888832
1571,0.889856
1572,0.892928
1573,0.931840
1574,0.926720
1575,0.918528
1576,0.893952
1577,0.890880
1578,0.905216
1579,0.932864
1580,0.868352
1581,0.912384
1582,0.910336
1583,0.950272
1584,0.896000
1585,0.901120
1586,0.618496
1587,0.658432
1588,0.913408
1589,0.911360
1590,0.941056
1591,0.889856
1592,0.884736
1593,0.872448
1594,0.876544
1595,0.866304
1596,0.873472
1597,0.862208
1598,0.909312
1599,0.920576
1600,0.873472
1601,0.915456
1602,0.884736
1603,0.879616
1604,0.920576
1605,0.927744
1606,0.886784
1607,0.927744
1608,0.903168
1609,0.958464
1610,0.904192
1611,0.904192
1612,0.892928
1613,0.903168
1614,0.913408
1615,0.892928
1616,0.928768
1617,0.922624
1618,0.928768
1619,0.885760
1620,0.921600
1621,0.900096
1622,0.892928
1623,0.911360
1624,0.879616
1625,0.931840
1626,0.922624
1627,0.844800
1628,0.935936
1629,0.918528
1630,0.913408
1631,0.913408
1632,0.925696
1633,0.944128
1634,0.881664
1635,0.940032
1636,0.933888
1637,0.939008
1638,0.885760
1639,0.901120
1640,0.972800
1641,0.880640
1642,0.931840
1643,0.966656
1644,0.890880
1645,0.911360
1646,0.894976
1647,0.914432
1648,0.906240
1649,0.868352
1650,0.858112
1651,0.780288
1652,0.670720
1653,0.548864
1654,0.508928
1655,0.374784
1656,0.336896
1657,0.275456
1658,0.280576
1659,0.256000
1660,0.184320
1661,0.179200
1662,0.180224
1663,0.179200
1664,0.187392
1665,0.864256
1666,0.967680
1667,0.919552
1668,0.908288
1669,0.920576
1670,0.935936
1671,0.907264
1672,0.917504
1673,0.923648
1674,0.897024
1675,0.999424
1676,0.883712
1677,0.718848
1678,0.880640
1679,0.934912
1680,0.936960
1681,0.898048
1682,0.919552
1683,0.916480
1684,0.878592
1685,0.863232
1686,0.872448
1687,0.838656
1688,0.880640
1689,0.887808
1690,0.927744
1691,0.887808
1692,0.935936
1693,0.916480
1694,0.899072
1695,0.936960
1696,0.932864
1697,0.929792
1698,0.926720
1699,0.929792
1700,0.934912
1701,0.939008
1702,0.909312
1703,0.899072
1704,0.897024
1705,0.919552
1706,0.901120
1707,0.909312
1708,0.946176
1709,0.948224
1710,0.881664
1711,0.925696
1712,0.921600
1713,0.937984
1714,0.903168
1715,0.910336
1716,0.929792
1717,0.958464
1718,0.864256
1719,0.917504
1720,0.946176
1721,0.881664
1722,0.952320
1723,0.953344
1724,0.951296
1725,0.929792
1726,0.939008
1727,0.925696
1728,0.906240
1729,0.851968
1730,0.587776
1731,0.857088
1732,0.936960
1733,0.857088
1734,0.893952
1735,0.893952
1736,0.909312
1737,0.897024
1738,0.891904
1739,0.928768
1740,0.961536
1741,0.902144
1742,1.099776
1743,0.956416
1744,0.561152
1745,0.888832
1746,0.873472
1747,0.926720
1748,0.865280
1749,0.920576
1750,0.921600
1751,0.906240
1752,0.935936
1753,0.940032
1754,0.905216
1755,0.933888
1756,0.907264
1757,0.900096
1758,0.891904
1759,0.831488
1760,0.918528
1761,0.920576
1762,0.915456
1763,0.926720
1764,0.902144
1765,0.868352
1766,0.957440
1767,0.933888
1768,0.929792
1769,0.933888
1770,0.887808
1771,0.924672
1772,0.897024
1773,0.957440
1774,0.914432
1775,0.919552
1776,0.943104
1777,0.942080
1778,0.914432
1779,0.926720
1780,0.927744
1781,0.866304
1782,0.934912
1783,0.907264
1784,0.949248
1785,0.933888
1786,0.917504
1787,0.903168
1788,0.922624
1789,0.967680
1790,0.970752
1791,0.964608
1792,0.904192
1793,0.923648
1794,0.923648
1795,0.772096
1796,0.343040
1797,0.278528
1798,0.263168
1799,0.250880
1800,0.245760
1801,0.237568
1802,0.230400
1803,0.240640
1804,0.230400
1805,0.238592
1806,0.235520
1807,0.243712
1808,0.226304
1809,0.798720
1810,0.908288
1811,0.967680
1812,0.954368
1813,0.927744
1814,0.866304
1815,0.921600
1816,0.925696
1817,0.911360
1818,0.942080
1819,0.886784
1820,0.903168
1821,0.913408
1822,0.928768
1823,0.916480
1824,0.888832
1825,0.913408
1826,0.896000
1827,0.919552
1828,0.961536
1829,0.957440
1830,0.958464
1831,0.898048
1832,0.942080
1833,0.900096
1834,0.933888
1835,0.920576
1836,0.906240
1837,0.894976
1838,0.924672
1839,0.893952
1840,0.901120
1841,0.944128
1842,0.927744
1843,0.934912
1844,0.887808
1845,0.923648
1846,0.904192
1847,0.857088
1848,0.885760
1849,0.884736
1850,0.832512
1851,0.865280
1852,0.920576
1853,0.946176
1854,0.920576
1855,0.922624
1856,0.903168
1857,0.945152
1858,0.863232
1859,0.907264
1860,0.880640
1861,0.926720
1862,0.901120
1863,0.968704
1864,0.948224
1865,0.886784
1866,0.957440
1867,0.855040
1868,0.970752
1869,0.983040
1870,0.931840
1871,0.945152
1872,0.922624
1873,0.723968
1874,0.837632
1875,0.914432
1876,0.930816
1877,0.920576
1878,0.945152
1879,0.933888
1880,0.893952
1881,0.960512
1882,0.921600
1883,0.888832
1884,0.909312
1885,0.944128
1886,0.900096
1887,0.928768
1888,0.932864
1889,0.946176
1890,0.907264
1891,0.954368
1892,0.847872
1893,0.922624
1894,0.898048
1895,0.890880
1896,0.901120
1897,0.922624
1898,0.888832
1899,0.941056
1900,0.900096
1901,0.904192
1902,0.944128
1903,0.905216
1904,0.868352
1905,0.901120
1906,0.923648
1907,0.876544
1908,0.862208
1909,0.859136
1910,0.861184
1911,0.840704
1912,0.921600
1913,0.877568
1914,0.899072
1915,0.917504
1916,0.897024
1917,0.894976
1918,0.924672
1919,0.919552
1920,0.899072
1921,0.948224
1922,0.955392
1923,0.904192
1924,0.902144
1925,0.927744
1926,0.877568
1927,1.168384
1928,0.829440
1929,0.922624
1930,0.925696
1931,0.914432
1932,0.962560
1933,0.910336
1934,0.942080
1935,0.922624
1936,0.915456
1937,0.918528
1938,0.804864
1939,0.535552
1940,0.324608
1941,0.182272
1942,0.182272
1943,0.179200
1944,0.175104
1945,0.175104
1946,0.171008
1947,0.177152
1948,0.174080
1949,0.177152
1950,0.173056
1951,0.169984
1952,0.166912
1953,0.173056
1954,0.164864
1955,0.161792
1956,0.157696
1957,0.160768
1958,0.161792
1959,0.156672
1960,0.158720
1961,0.148480
1962,0.901120
1963,0.926720
1964,0.919552
1965,0.899072
1966,0.919552
1967,0.897024
1968,0.900096
1969,0.899072
1970,0.872448
1971,0.865280
1972,0.877568
1973,0.897024
1974,0.934912
1975,0.882688
1976,0.916480
1977,0.892928
1978,0.898048
1979,0.927744
1980,0.894976
1981,0.875520
1982,0.917504
1983,0.906240
1984,0.940032
1985,0.902144
1986,0.910336
1987,0.923648
1988,0.927744
1989,0.908288
1990,0.878592
1991,0.957440
1992,0.883712
1993,0.936960
1994,0.917504
1995,0.867328
1996,0.931840
1997,0.881664
1998,0.882688
1999,0.923648
2000,0.922624
2001,0.901120
2002,0.892928
2003,0.906240
2004,0.952320
2005,0.912384
2006,0.903168
2007,0.906240
2008,0.854016
2009,0.838656
2010,0.918528
2011,0.920576
2012,0.874496
2013,0.919552
2014,0.953344
2015,1.161216
2016,0.909312
2017,0.963584
2018,0.925696
2019,0.935936
2020,0.877568
2021,0.850944
2022,0.905216
2023,0.894976
2024,0.898048
2025,0.873472
2026,0.631808
2027,0.507904
2028,0.435200
2029,0.356352
2030,0.348160
2031,0.332800
2032,0.312320
2033,0.334848
2034,0.303104
2035,0.918528
2036,0.880640
2037,0.947200
2038,0.871424
2039,0.947200
2040,0.890880
2041,0.924672
2042,0.889856
2043,0.917504
2044,0.901120
2045,0.946176
2046,0.917504
2047,0.936960
2048,0.926720
2049,0.926720
2050,0.875520
2051,0.934912
2052,0.950272
2053,0.937984
2054,0.919552
2055,0.889856
2056,0.959488
2057,0.939008
2058,0.911360
2059,0.878592
2060,0.884736
2061,0.921600
2062,0.882688
2063,0.879616
2064,0.885760
2065,0.914432
2066,0.922624
2067,0.932864
2068,0.908288
2069,0.886784
2070,0.898048
2071,0.852992
2072,0.942080
2073,0.871424
2074,0.893952
2075,0.891904
2076,0.912384
2077,0.844800
2078,0.912384
2079,0.837632
2080,0.925696
2081,0.873472
2082,0.950272
2083,0.844800
2084,0.927744
2085,0.898048
2086,0.861184
2087,0.905216
2088,0.949248
2089,0.902144
2090,0.968704
2091,0.940032
2092,0.917504
2093,0.932864
2094,0.871424
2095,0.926720
2096,0.892928
2097,0.916480
2098,0.885760
2099,0.948224
2100,0.890880
2101,0.933888
2102,0.954368
2103,0.879616
2104,0.949248
2105,0.839680
2106,0.893952
2107,0.952320
2108,0.902144
2109,0.919552
2110,0.899072
2111,0.909312
2112,0.959488
2113,0.869376
2114,0.904192
2115,0.930816
2116,0.881664
2117,0.914432
2118,0.912384
2119,0.883712
2120,0.921600
2121,0.880640
2122,0.848896
2123,0.861184
2124,0.909312
2125,0.881664
2126,0.889856
2127,0.843776
2128,0.862208
2129,0.870400
2130,0.910336
2131,0.908288
2132,0.854016
2133,0.900096
2134,0.942080
2135,0.879616
2136,0.881664
2137,0.887808
2138,0.869376
2139,0.857088
2140,0.913408
2141,0.933888
2142,0.954368
2143,0.881664
2144,0.864256
2145,0.892928
2146,0.959488
2147,0.889856
2148,0.972800
2149,0.931840
2150,0.892928
2151,0.881664
2152,0.910336
2153,0.902144
2154,0.926720
2155,0.958464
2156,0.943104
2157,0.952320
2158,0.931840
2159,0.942080
2160,0.933888
2161,0.591872
2162,0.913408
2163,0.937984
2164,0.899072
2165,0.877568
2166,0.866304
2167,0.857088
2168,0.843776
2169,0.916480
2170,0.898048
2171,0.923648
2172,0.946176
2173,0.861184
2174,0.930816
2175,0.911360
2176,0.882688
2177,0.881664
2178,0.949248
2179,0.929792
2180,0.911360
2181,0.899072
2182,0.909312
2183,0.848896
2184,0.924672
2185,0.963584
2186,0.931840
2187,0.911360
2188,0.924672
2189,0.914432
2190,0.902144
2191,0.877568
2192,0.878592
2193,0.934912
2194,0.872448
2195,0.943104
2196,0.946176
2197,0.935936
2198,0.941056
2199,0.906240
2200,0.927744
2201,0.924672
2202,0.909312
2203,0.932864
2204,0.905216
2205,0.933888
2206,0.948224
2207,0.896000
2208,0.865280
2209,0.951296
2210,0.907264
2211,0.931840
2212,0.877568
2213,0.878592
2214,0.919552
2215,0.892928
2216,0.864256
2217,0.861184
2218,0.914432
2219,0.836608
2220,0.900096
2221,0.871424
2222,0.919552
2223,0.896000
2224,0.920576
2225,0.977920
2226,0.753664
2227,0.893952
2228,0.901120
2229,0.909312
2230,0.928768
2231,0.901120
2232,0.914432
2233,0.922624
2234,0.886784
2235,0.968704
2236,0.922624
2237,0.892928
2238,0.894976
2239,0.957440
2240,0.932864
2241,0.875520
2242,0.951296
2243,0.921600
2244,0.960512
2245,0.881664
2246,0.932864
2247,0.961536
2248,0.928768
2249,0.917504
2250,0.907264
2251,0.917504
2252,0.884736
2253,0.882688
2254,0.887808
2255,0.919552
2256,0.845824
2257,0.846848
2258,0.883712
2259,0.897024
2260,0.919552
2261,0.885760
2262,0.885760
2263,0.927744
2264,0.936960
2265,0.927744
2266,0.890880
2267,0.915456
2268,0.912384
2269,0.914432
2270,0.909312
2271,0.871424
2272,0.881664
2273,0.904192
2274,0.930816
2275,0.926720
2276,0.927744
2277,0.921600
2278,0.909312
2279,0.945152
2280,0.952320
2281,0.903168
2282,0.977920
2283,0.947200
2284,0.884736
2285,0.908288
2286,0.926720
2287,0.954368
2288,0.916480
2289,0.941056
2290,0.882688
2291,0.896000
2292,0.718848
2293,0.962560
2294,0.948224
2295,0.897024
2296,0.906240
2297,0.921600
2298,0.904192
2299,0.916480
2300,0.939008
2301,0.931840
2302,0.958464
2303,0.897024
2304,0.884736
2305,0.879616
2306,0.834560
2307,0.857088
2308,0.840704
2309,0.870400
2310,0.908288
2311,0.912384
2312,0.922624
2313,0.880640
2314,0.901120
2315,0.883712
2316,0.861184
2317,0.920576
2318,0.902144
2319,0.926720
2320,0.861184
2321,0.929792
2322,0.946176
2323,0.912384
2324,0.911360
2325,0.899072
2326,0.946176
2327,0.910336
2328,0.904192
2329,0.928768
2330,0.950272
2331,0.918528
2332,0.897024
2333,0.901120
2334,0.882688
2335,0.958464
2336,0.962560
2337,0.878592
2338,0.965632
2339,0.928768
2340,0.910336
2341,0.917504
2342,0.908288
2343,0.910336
2344,0.907264
2345,0.865280
2346,0.884736
2347,0.892928
2348,0.923648
2349,0.917504
2350,0.901120
2351,0.964608
2352,0.920576
2353,0.957440
2354,0.932864
2355,0.908288
2356,0.825344
2357,0.684032
2358,0.584704
2359,0.857088
2360,0.964608
2361,0.914432
2362,0.944128
2363,0.935936
2364,0.954368
2365,0.930816
2366,0.933888
2367,0.924672
2368,0.916480
2369,0.917504
2370,0.901120
2371,0.908288
2372,0.911360
2373,0.916480
2374,0.900096
2375,0.924672
2376,0.961536
2377,0.936960
2378,0.894976
2379,0.917504
2380,0.912384
2381,0.922624
2382,0.910336
2383,0.967680
2384,0.923648
2385,0.865280
2386,0.951296
2387,0.918528
2388,0.889856
2389,0.914432
2390,0.931840
2391,0.942080
2392,0.919552
2393,0.899072
2394,0.866304
2395,0.927744
2396,0.928768
2397,0.887808
2398,0.902144
2399,0.851968
2400,0.913408
2401,0.946176
2402,0.885760
2403,0.872448
2404,0.912384
2405,0.913408
2406,0.923648
2407,0.952320
2408,0.899072
2409,0.934912
2410,0.933888
2411,0.963584
2412,0.990208
2413,0.934912
2414,0.937984
2415,0.940032
2416,0.928768
2417,0.844800
2418,1.043456
2419,0.919552
2420,0.906240
2421,0.890880
2422,0.760832
2423,0.611328
2424,0.749568
2425,0.955392
2426,0.905216
2427,0.958464
2428,0.927744
2429,0.871424
2430,0.924672
2431,0.894976
2432,0.964608
2433,1.128448
2434,0.877568
2435,0.809984
2436,0.900096
2437,0.924672
2438,0.942080
2439,0.920576
2440,0.869376
2441,0.854016
2442,0.834560
2443,0.880640
2444,0.894976
2445,0.918528
2446,0.899072
2447,0.909312
2448,0.886784
2449,0.901120
2450,0.953344
2451,0.928768
2452,0.925696
2453,0.943104
2454,0.890880
2455,0.892928
2456,0.950272
2457,0.898048
2458,0.939008
2459,0.865280
2460,0.934912
2461,0.852992
2462,0.937984
2463,0.817152
2464,0.914432
2465,0.923648
2466,0.910336
2467,0.955392
2468,0.919552
2469,0.840704
2470,0.912384
2471,0.951296
2472,0.976896
2473,0.891904
2474,0.909312
2475,0.899072
2476,0.915456
2477,0.970752
2478,0.860160
2479,0.956416
2480,0.886784
2481,0.864256
2482,0.866304
2483,0.870400
2484,0.859136
2485,0.876544
2486,0.925696
2487,0.790528
2488,0.802816
2489,0.679936
2490,0.919552
2491,0.924672
2492,0.934912
2493,0.867328
2494,0.867328
2495,0.934912
2496,0.866304
2497,0.872448
2498,0.891904
2499,0.909312
2500,0.837632
2501,0.934912
2502,0.905216
2503,0.882688
2504,0.886784
2505,0.869376
2506,0.909312
2507,0.910336
2508,0.909312
2509,0.907264
2510,0.953344
2511,0.886784
2512,0.910336
2513,0.929792
2514,0.863232
2515,0.910336
2516,0.864256
2517,0.925696
2518,0.924672
2519,0.927744
2520,0.856064
2521,0.875520
2522,0.873472
2523,0.854016
2524,0.885760
2525,0.963584
2526,1.002496
2527,0.857088
2528,0.900096
2529,0.854016
2530,0.930816
2531,0.880640
2532,0.931840
2533,0.890880
2534,0.922624
2535,0.914432
2536,0.888832
2537,0.901120
2538,0.882688
2539,0.905216
2540,0.957440
2541,0.885760
2542,0.891904
2543,0.966656
2544,0.972800
2545,0.942080
2546,0.880640
2547,0.897024
2548,0.867328
2549,0.913408
2550,0.892928
2551,0.957440
2552,0.892928
2553,0.934912
2554,0.795648
2555,0.579584
2556,0.440320
2557,0.390144
2558,0.334848
2559,0.302080
2560,0.270336
2561,0.273408
2562,0.268288
2563,0.235520
2564,0.835584
2565,0.940032
2566,0.952320
2567,0.926720
2568,0.894976
2569,0.874496
2570,0.912384
2571,0.883712
2572,0.886784
2573,0.901120
2574,0.946176
2575,0.850944
2576,0.922624
2577,0.852992
2578,0.921600
2579,0.897024
2580,0.922624
2581,0.964608
2582,0.935936
2583,0.908288
2584,0.942080
2585,0.924672
2586,0.914432
2587,0.944128
2588,0.884736
2589,0.875520
2590,0.883712
2591,0.881664
2592,0.846848
2593,0.881664
2594,0.876544
2595,0.883712
2596,0.904192
2597,0.924672
2598,0.863232
2599,0.906240
2600,0.901120
2601,0.884736
2602,0.936960
2603,0.899072
2604,0.927744
2605,0.885760
2606,0.929792
2607,0.875520
2608,0.876544
2609,0.869376
2610,0.874496
2611,0.961536
2612,0.934912
2613,0.966656
2614,0.898048
2615,0.930816
2616,0.916480
2617,0.890880
2618,0.931840
2619,0.893952
2620,0.911360
2621,0.930816
2622,0.908288
2623,0.886784
2624,0.942080
2625,0.889856
2626,0.935936
2627,0.911360
2628,0.899072
2629,0.658432
2630,0.925696
2631,0.951296
2632,0.961536
2633,0.931840
2634,0.919552
2635,0.897024
2636,0.940032
2637,0.947200
2638,0.936960
2639,0.943104
2640,0.898048
2641,0.927744
2642,0.883712
2643,0.893952
2644,0.878592
2645,0.890880
2646,0.882688
2647,0.856064
2648,0.894976
2649,0.882688
2650,0.884736
2651,0.905216
2652,0.896000
2653,0.872448
2654,0.826368
2655,0.896000
2656,0.852992
2657,0.862208
2658,0.840704
2659,0.884736
2660,0.919552
2661,0.923648
2662,0.859136
2663,0.918528
2664,0.944128
2665,0.910336
2666,0.860160
2667,0.839680
2668,0.749568
2669,0.923648
2670,0.876544
2671,0.914432
2672,0.860160
2673,0.968704
2674,0.867328
2675,0.890880
2676,0.947200
2677,0.958464
2678,0.911360
2679,0.917504
2680,0.933888
2681,0.909312
2682,0.898048
2683,0.872448
2684,0.907264
2685,0.913408
2686,0.942080
2687,0.954368
2688,0.933888
2689,0.533504
2690,0.919552
2691,0.885760
2692,0.942080
2693,0.915456
2694,0.768000
2695,0.595968
2696,0.467968
2697,0.250880
2698,0.230400
2699,0.218112
2700,0.203776
2701,0.204800
2702,0.207872
2703,0.202752
2704,0.201728
2705,0.193536
2706,0.198656
2707,0.199680
2708,0.192512
2709,0.184320
2710,0.156672
2711,0.155648
2712,0.152576
2713,0.154624
2714,0.148480
2715,0.146432
2716,0.803840
2717,0.874496
2718,0.965632
2719,0.911360
2720,0.928768
2721,0.947200
2722,0.893952
2723,0.901120
2724,0.888832
2725,0.891904
2726,0.937984
2727,0.914432
2728,0.935936
2729,0.879616
2730,0.887808
2731,0.875520
2732,0.845824
2733,0.876544
2734,0.902144
2735,0.848896
2736,0.866304
2737,0.863232
2738,0.958464
2739,0.973824
2740,0.900096
2741,0.905216
2742,0.899072
2743,0.860160
2744,0.930816
2745,0.932864
2746,0.868352
2747,0.911360
2748,0.888832
2749,0.899072
2750,0.906240
2751,0.912384
2752,0.866304
2753,0.933888
2754,0.847872
2755,0.909312
2756,0.880640
2757,0.874496
2758,0.910336
2759,0.844800
2760,0.901120
2761,0.935936
2762,0.914432
2763,0.947200
2764,0.942080
2765,0.896000
2766,0.834560
2767,0.851968
2768,0.892928
2769,0.901120
2770,0.943104
2771,0.890880
2772,0.989184
2773,0.876544
2774,0.870400
2775,0.907264
2776,0.888832
2777,0.892928
2778,0.939008
2779,0.939008
2780,0.661504
2781,0.589824
2782,0.574464
2783,0.442368
2784,0.266240
2785,0.300032
2786,0.190464
2787,0.181248
2788,0.183296
2789,0.184320
2790,0.190464
2791,0.179200
2792,0.180224
2793,0.176128
2794,0.178176
2795,0.181248
2796,0.917504
2797,0.909312
2798,0.865280
2799,0.964608
2800,0.939008
2801,0.889856
2802,0.921600
2803,0.840704
2804,0.927744
2805,0.917504
2806,0.887808
2807,0.956416
2808,0.988160
2809,0.899072
2810,0.959488
2811,0.915456
2812,0.917504
2813,0.908288
2814,0.909312
2815,0.940032
2816,0.942080
2817,0.904192
2818,0.911360
2819,0.926720
2820,0.873472
2821,0.946176
2822,0.906240
2823,0.919552
2824,0.916480
2825,0.912384
2826,0.941056
2827,0.903168
2828,0.956416
2829,0.957440
2830,0.913408
2831,0.953344
2832,0.931840
2833,0.961536
2834,0.908288
2835,0.926720
2836,0.912384
2837,0.940032
2838,0.900096
2839,0.879616
2840,0.939008
2841,0.942080
2842,0.931840
2843,0.937984
2844,0.914432
2845,0.925696
2846,0.948224
2847,0.913408
2848,0.952320
2849,0.914432
2850,0.914432
2851,0.919552
2852,0.909312
2853,0.902144
2854,0.917504
2855,0.866304
2856,0.936960
2857,0.887808
2858,0.925696
2859,0.790528
2860,0.869376
2861,0.908288
2862,0.943104
2863,0.903168
2864,0.946176
2865,0.923648
2866,0.926720
2867,0.921600
2868,0.916480
2869,0.910336
2870,0.952320
2871,0.872448
2872,0.929792
2873,0.952320
2874,0.856064
2875,0.931840
2876,0.935936
2877,0.917504
2878,0.902144
2879,0.901120
2880,0.901120
2881,0.901120
2882,0.919552
2883,0.940032
2884,0.866304
2885,0.926720
2886,0.931840
2887,0.927744
2888,0.911360
2889,0.956416
2890,0.905216
2891,0.943104
2892,0.912384
2893,0.959488
2894,0.901120
2895,0.900096
2896,0.920576
2897,0.911360
2898,0.908288
2899,0.886784
2900,0.941056
2901,0.891904
2902,0.923648
2903,0.912384
2904,0.871424
2905,0.882688
2906,0.843776
2907,0.844800
2908,0.894976
2909,0.900096
2910,0.972800
2911,0.929792
2912,0.945152
2913,0.907264
2914,0.910336
2915,0.901120
2916,0.926720
2917,0.968704
2918,0.884736
2919,0.910336
2920,0.909312
2921,0.923648
2922,0.952320
2923,0.942080
2924,0.855040
2925,0.813056
2926,0.874496
2927,0.950272
2928,0.945152
2929,0.882688
2930,0.865280
2931,0.920576
2932,0.932864
2933,0.907264
2934,0.906240
2935,0.894976
2936,0.887808
2937,0.904192
2938,0.909312
2939,0.901120
2940,0.908288
2941,0.931840
2942,0.909312
2943,0.884736
2944,0.922624
2945,0.892928
2946,0.914432
2947,0.945152
2948,0.958464
2949,0.919552
2950,0.960512
2951,0.901120
2952,0.966656
2953,0.905216
2954,0.885760
2955,0.922624
2956,0.897024
2957,0.904192
2958,0.881664
2959,0.919552
2960,0.889856
2961,0.851968
2962,0.872448
2963,0.865280
2964,0.873472
2965,0.858112
2966,0.931840
2967,0.968704
2968,0.913408
2969,0.924672
2970,0.935936
2971,0.945152
2972,0.928768
2973,0.870400
2974,0.965632
2975,0.913408
2976,1.008640
2977,0.845824
2978,0.949248
2979,0.908288
2980,0.953344
2981,0.930816
2982,0.927744
2983,0.932864
2984,0.912384
2985,0.925696
2986,0.896000
2987,0.943104
2988,0.902144
2989,0.798720
2990,0.586752
2991,0.461824
2992,0.448512
2993,0.311296
2994,0.225280
2995,0.226304
2996,0.232448
2997,0.182272
2998,0.168960
2999,0.173056
3000,0.174080
3001,0.167936
3002,0.162816
3003,0.162816
3004,0.163840
3005,0.159744
3006,0.161792
3007,0.157696
3008,0.922624
3009,0.935936
3010,0.910336
3011,0.912384
3012,0.920576
3013,0.877568
3014,0.937984
3015,0.890880
3016,0.886784
3017,0.914432
3018,0.861184
3019,0.942080
3020,0.896000
3021,0.927744
3022,0.923648
3023,0.973824
3024,0.911360
3025,0.927744
3026,0.872448
3027,0.934912
3028,0.893952
3029,0.912384
3030,0.910336
3031,0.929792
3032,0.940032
3033,0.870400
3034,0.879616
3035,0.997376
3036,0.903168
3037,0.932864
3038,0.949248
3039,0.906240
3040,0.917504
3041,0.924672
3042,0.897024
3043,0.914432
3044,0.969728
3045,0.932864
3046,0.915456
3047,0.952320
3048,0.881664
3049,0.920576
3050,0.941056
3051,0.935936
3052,0.917504
3053,0.942080
3054,0.917504
3055,0.913408
3056,0.931840
3057,0.914432
3058,0.911360
3059,0.605184
3060,0.910336
3061,0.969728
3062,0.923648
3063,0.951296
3064,0.918528
3065,0.937984
3066,0.859136
3067,0.930816
3068,0.852992
3069,0.951296
3070,0.916480
3071,0.915456
3072,0.889856
3073,0.606208
3074,0.866304
3075,0.877568
3076,0.870400
3077,0.925696
3078,0.941056
3079,0.876544
3080,0.903168
3081,0.937984
3082,0.912384
3083,0.924672
3084,0.900096
3085,0.892928
3086,0.907264
3087,0.926720
3088,0.907264
3089,0.869376
3090,0.904192
3091,0.944128
3092,0.934912
3093,0.913408
3094,0.928768
3095,0.922624
3096,0.924672
3097,0.926720
3098,0.939008
3099,0.918528
3100,0.930816
3101,0.910336
3102,0.913408
3103,0.919552
3104,0.919552
3105,0.904192
3106,0.906240
3107,0.956416
3108,0.943104
3109,0.923648
3110,0.931840
3111,0.916480
3112,0.937984
3113,0.923648
3114,0.927744
3115,0.930816
3116,0.943104
3117,0.956416
3118,0.919552
3119,0.940032
3120,0.959488
3121,0.922624
3122,0.904192
3123,0.905216
3124,0.925696
3125,0.935936
3126,0.924672
3127,0.877568
3128,0.851968
3129,0.892928
3130,0.850944
3131,0.900096
3132,0.921600
3133,0.868352
3134,0.953344
3135,0.925696
3136,0.912384
3137,0.920576
3138,0.728064
3139,0.430080
3140,0.316416
3141,0.698368
3142,0.921600
3143,0.943104
3144,0.923648
3145,0.928768
3146,0.917504
3147,0.897024
3148,0.957440
3149,0.929792
3150,0.936960
3151,0.922624
3152,0.904192
3153,0.922624
3154,0.937984
3155,0.888832
3156,0.898048
3157,0.868352
3158,0.827392
3159,0.842752
3160,0.887808
3161,0.873472
3162,0.888832
3163,0.909312
3164,0.953344
3165,0.912384
3166,0.894976
3167,0.947200
3168,0.901120
3169,0.876544
3170,0.920576
3171,0.902144
3172,0.848896
3173,0.908288
3174,0.927744
3175,0.972800
3176,0.904192
3177,0.933888
3178,0.912384
3179,0.867328
3180,0.915456
3181,0.933888
3182,0.923648
3183,0.922624
3184,0.914432
3185,0.911360
3186,0.954368
3187,0.937984
3188,0.961536
3189,0.905216
3190,0.928768
3191,0.934912
3192,0.939008
3193,0.915456
3194,0.944128
3195,0.942080
3196,0.879616
3197,0.908288
3198,0.947200
3199,0.970752
3200,0.957440
3201,0.961536
3202,0.924672
3203,0.967680
3204,0.933888
3205,0.820224
3206,0.714752
3207,0.489472
3208,0.229376
3209,0.228352
3210,0.192512
3211,0.176128
3212,0.169984
3213,0.169984
3214,0.172032
3215,0.163840
3216,0.165888
3217,0.160768
3218,0.161792
3219,0.159744
3220,0.163840
3221,0.158720
3222,0.849920
3223,0.918528
3224,0.939008
3225,0.872448
3226,0.918528
3227,0.898048
3228,0.952320
3229,0.884736
3230,0.899072
3231,0.881664
3232,0.947200
3233,0.922624
3234,0.903168
3235,0.894976
3236,0.953344
3237,0.890880
3238,0.906240
3239,0.879616
3240,0.920576
3241,0.886784
3242,0.898048
3243,0.899072
3244,0.905216
3245,0.922624
3246,0.858112
3247,0.929792
3248,0.920576
3249,0.917504
3250,0.906240
3251,0.916480
3252,0.899072
3253,0.911360
3254,0.875520
3255,0.912384
3256,0.887808
3257,0.917504
3258,0.880640
3259,0.910336
3260,0.933888
3261,0.904192
3262,0.946176
3263,0.910336
3264,0.865280
3265,0.889856
3266,0.847872
3267,0.855040
3268,0.864256
3269,0.900096
3270,0.883712
3271,0.859136
3272,0.855040
3273,0.827392
3274,0.931840
3275,0.936960
3276,0.942080
3277,0.886784
3278,0.874496
3279,0.912384
3280,0.898048
3281,0.905216
3282,0.893952
3283,0.928768
3284,0.927744
3285,0.901120
3286,0.786432
3287,0.641024
3288,0.911360
3289,0.898048
3290,0.863232
3291,0.834560
3292,0.867328
3293,0.878592
3294,0.834560
3295,0.913408
3296,0.859136
3297,0.860160
3298,0.928768
3299,0.832512
3300,0.964608
3301,0.918528
3302,0.882688
3303,0.834560
3304,0.828416
3305,0.888832
3306,0.928768
3307,0.914432
3308,0.878592
3309,0.709632
3310,0.950272
3311,0.797696
3312,0.832512
3313,0.918528
3314,0.892928
3315,0.898048
3316,0.944128
3317,0.893952
3318,0.912384
3319,0.910336
3320,0.889856
3321,0.872448
3322,0.952320
3323,0.883712
3324,0.874496
3325,0.891904
3326,0.849920
3327,0.877568
3328,0.902144
3329,0.910336
3330,0.908288
3331,0.960512
3332,0.902144
3333,0.933888
3334,0.918528
3335,0.939008
3336,0.932864
3337,0.924672
3338,0.865280
3339,0.934912
3340,0.932864
3341,0.868352
3342,0.897024
3343,0.915456
3344,0.884736
3345,0.932864
3346,0.881664
3347,0.927744
3348,0.913408
3349,0.940032
3350,0.925696
3351,0.951296
3352,0.828416
3353,0.595968
3354,0.518144
3355,0.431104
3356,0.411648
3357,0.877568
3358,0.915456
3359,0.894976
3360,0.854016
3361,0.904192
3362,0.872448
3363,0.879616
3364,0.920576
3365,0.884736
3366,0.907264
3367,0.932864
3368,0.900096
3369,0.904192
3370,0.927744
3371,0.915456
3372,0.859136
3373,0.920576
3374,0.910336
3375,0.934912
3376,0.914432
3377,0.916480
3378,0.919552
3379,0.940032
3380,0.920576
3381,0.910336
3382,0.893952
3383,0.924672
3384,0.873472
3385,0.891904
3386,0.891904
3387,0.847872
3388,0.886784
3389,0.856064
3390,0.874496
3391,0.905216
3392,0.849920
3393,0.897024
3394,0.945152
3395,0.894976
3396,0.897024
3397,0.877568
3398,0.906240
3399,0.908288
3400,0.886784
3401,0.913408
3402,0.946176
3403,0.903168
3404,0.952320
3405,0.970752
3406,0.921600
3407,0.908288
3408,0.933888
3409,0.867328
3410,0.881664
3411,0.899072
3412,0.881664
3413,0.934912
3414,0.970752
3415,0.941056
3416,0.707584
3417,0.849920
3418,0.819200
3419,0.856064
3420,0.917504
3421,0.874496
3422,0.574464
3423,0.467968
3424,36.416512
3425,0.915456
3426,0.912384
3427,0.966656
3428,0.892928
3429,0.927744
3430,0.936960
3431,0.854016
3432,0.915456
3433,0.947200
3434,0.868352
3435,0.901120
3436,0.875520
3437,0.843776
3438,0.854016
3439,0.909312
3440,0.893952
3441,0.923648
3442,0.901120
3443,0.915456
3444,0.918528
3445,0.869376
3446,0.909312
3447,0.913408
3448,0.897024
3449,0.886784
3450,0.936960
3451,0.936960
3452,0.922624
3453,0.915456
3454,0.877568
3455,0.899072
3456,0.907264
3457,0.891904
3458,0.858112
3459,0.891904
3460,0.839680
3461,0.803840
3462,0.890880
3463,0.852992
3464,0.904192
3465,0.933888
3466,0.957440
3467,0.902144
3468,0.926720
3469,0.936960
3470,0.939008
3471,0.952320
3472,0.900096
3473,0.944128
3474,0.926720
3475,0.986112
3476,0.942080
3477,0.894976
3478,0.918528
3479,0.951296
3480,0.878592
3481,0.882688
3482,0.922624
3483,0.923648
3484,0.916480
3485,0.926720
3486,0.915456
3487,0.974848
3488,0.824320
3489,0.819200
3490,0.553984
3491,0.471040
3492,0.889856
3493,0.937984
3494,0.862208
3495,0.942080
3496,0.883712
3497,0.924672
3498,0.863232
3499,0.912384
3500,0.948224
3501,0.916480
3502,0.861184
3503,0.926720
3504,0.912384
3505,0.962560
3506,0.921600
3507,0.863232
3508,0.872448
3509,0.916480
3510,0.904192
3511,0.927744
3512,0.919552
3513,0.912384
3514,0.914432
3515,0.892928
3516,0.874496
3517,0.911360
3518,0.905216
3519,0.858112
3520,0.825344
3521,0.877568
3522,0.917504
3523,0.876544
3524,0.884736
3525,0.866304
3526,0.880640
3527,0.923648
3528,0.888832
3529,0.897024
3530,0.926720
3531,0.913408
3532,0.887808
3533,0.858112
3534,0.943104
3535,0.924672
3536,0.855040
3537,0.909312
3538,0.933888
3539,0.894976
3540,0.957440
3541,0.934912
3542,0.939008
3543,0.917504
3544,0.920576
3545,0.900096
3546,0.877568
3547,0.911360
3548,0.844800
3549,0.852992
3550,0.926720
3551,0.930816
3552,0.910336
3553,0.900096
3554,0.928768
3555,0.924672
3556,0.859136
3557,0.708608
3558,0.452608
3559,0.285696
3560,0.274432
3561,0.272384
3562,0.266240
3563,0.267264
3564,0.274432
3565,0.252928
3566,0.187392
3567,0.185344
3568,0.188416
3569,0.193536
3570,0.849920
3571,0.898048
3572,0.953344
3573,0.826368
3574,0.913408
3575,0.905216
3576,0.977920
3577,0.654336
3578,0.898048
3579,0.890880
3580,0.846848
3581,0.838656
3582,0.857088
3583,0.892928
3584,0.940032
3585,0.920576
3586,0.942080
3587,0.876544
3588,0.896000
3589,0.940032
3590,0.915456
3591,0.924672
3592,0.881664
3593,0.912384
3594,0.921600
3595,0.873472
3596,0.925696
3597,0.901120
3598,0.885760
3599,1.062912
3600,0.932864
3601,0.811008
3602,0.907264
3603,0.942080
3604,0.884736
3605,0.893952
3606,0.964608
3607,0.880640
3608,0.948224
3609,0.865280
3610,0.913408
3611,0.922624
3612,0.950272
3613,0.899072
3614,0.900096
3615,0.920576
3616,0.902144
3617,0.902144
3618,0.941056
3619,0.930816
3620,0.920576
3621,0.881664
3622,0.880640
3623,0.874496
3624,0.888832
3625,0.864256
3626,0.897024
3627,0.896000
3628,0.911360
3629,0.959488
3630,0.928768
3631,0.913408
3632,0.936960
3633,0.885760
3634,0.873472
3635,0.754688
3636,0.542720
3637,0.337920
3638,0.348160
3639,0.299008
3640,0.303104
3641,0.300032
3642,0.244736
3643,0.240640
3644,0.226304
3645,0.229376
3646,0.901120
3647,0.913408
3648,0.915456
3649,0.863232
3650,0.878592
3651,0.945152
3652,0.918528
3653,0.850944
3654,0.976896
3655,0.896000
3656,0.883712
3657,0.858112
3658,0.915456
3659,0.911360
3660,0.919552
3661,0.875520
3662,0.926720
3663,0.870400
3664,0.939008
3665,0.990208
3666,0.904192
3667,0.904192
3668,0.914432
3669,0.935936
3670,0.933888
3671,0.918528
3672,0.915456
3673,0.910336
3674,0.865280
3675,0.909312
3676,0.890880
3677,0.900096
3678,0.887808
3679,0.912384
3680,0.891904
3681,0.922624
3682,0.900096
3683,0.915456
3684,0.932864
3685,0.946176
3686,0.952320
3687,0.886784
3688,0.967680
3689,0.898048
3690,0.937984
3691,0.891904
3692,0.890880
3693,0.901120
3694,0.946176
3695,0.889856
3696,0.961536
3697,0.924672
3698,0.957440
3699,0.884736
3700,0.928768
3701,1.044480
3702,0.919552
3703,0.741376
3704,0.871424
3705,0.891904
3706,0.948224
3707,0.894976
3708,0.859136
3709,0.570368
3710,0.906240
3711,0.891904
3712,0.839680
3713,0.835584
3714,0.897024
3715,0.882688
3716,0.925696
3717,0.868352
3718,0.843776
3719,0.932864
3720,0.931840
3721,0.941056
3722,0.908288
3723,0.891904
3724,0.920576
3725,0.908288
3726,0.878592
3727,0.882688
3728,0.905216
3729,0.875520
3730,0.887808
3731,0.884736
3732,0.913408
3733,0.883712
3734,0.879616
3735,0.887808
3736,0.959488
3737,0.891904
3738,0.915456
3739,0.904192
3740,0.911360
3741,0.872448
3742,0.893952
3743,0.942080
3744,0.899072
3745,0.879616
3746,0.897024
3747,0.883712
3748,0.882688
3749,0.882688
3750,0.909312
3751,0.881664
3752,0.909312
3753,0.879616
3754,0.863232
3755,0.879616
3756,0.884736
3757,0.883712
3758,0.922624
3759,0.893952
3760,0.890880
3761,0.942080
3762,0.891904
3763,0.924672
3764,0.944128
3765,0.909312
3766,0.879616
3767,1.113088
3768,0.661504
3769,0.617472
3770,0.901120
3771,0.922624
3772,0.941056
3773,0.892928
3774,0.905216
3775,0.890880
3776,0.712704
3777,0.950272
3778,0.874496
3779,0.916480
3780,0.942080
3781,0.919552
3782,0.923648
3783,0.951296
3784,0.881664
3785,0.927744
3786,0.886784
3787,0.856064
3788,0.883712
3789,0.846848
3790,0.844800
3791,0.868352
3792,0.911360
3793,0.891904
3794,0.894976
3795,0.907264
3796,0.881664
3797,0.898048
3798,0.864256
3799,0.900096
3800,0.855040
3801,0.877568
3802,0.968704
3803,0.896000
3804,0.887808
3805,0.903168
3806,0.858112
3807,0.914432
3808,0.880640
3809,0.924672
3810,0.890880
3811,0.900096
3812,0.873472
3813,0.880640
3814,0.935936
3815,0.899072
3816,0.877568
3817,0.910336
3818,0.935936
3819,0.909312
3820,0.878592
3821,0.907264
3822,0.908288
3823,0.871424
3824,0.903168
3825,0.907264
3826,0.872448
3827,0.908288
3828,0.902144
3829,0.926720
3830,0.950272
3831,0.903168
3832,0.902144
3833,0.962560
3834,0.925696
3835,0.941056
3836,0.925696
3837,0.936960
3838,0.959488
3839,0.870400
3840,0.892928
3841,0.718848
3842,0.494592
3843,0.390144
3844,0.786432
3845,0.944128
3846,0.790528
3847,0.950272
3848,0.857088
3849,0.940032
3850,0.904192
3851,0.907264
3852,0.961536
3853,0.869376
3854,0.880640
3855,0.948224
3856,0.883712
3857,0.870400
3858,0.905216
3859,0.872448
3860,0.915456
3861,0.904192
3862,0.935936
3863,0.876544
3864,0.882688
3865,0.901120
3866,0.920576
3867,0.904192
3868,0.970752
3869,0.926720
3870,0.890880
3871,0.918528
3872,0.884736
3873,0.927744
3874,0.955392
3875,0.927744
3876,0.917504
3877,0.900096
3878,0.937984
3879,0.964608
3880,0.947200
3881,0.964608
3882,0.917504
3883,0.921600
3884,0.920576
3885,0.847872
3886,0.961536
3887,0.909312
3888,0.881664
3889,0.919552
3890,0.887808
3891,0.880640
3892,0.833536
3893,0.872448
3894,0.930816
3895,0.869376
3896,0.963584
3897,0.893952
3898,0.940032
3899,0.922624
3900,0.923648
3901,0.869376
3902,0.915456
3903,0.954368
3904,0.914432
3905,0.902144
3906,0.929792
3907,0.865280
3908,0.871424
3909,0.857088
3910,0.906240
3911,0.857088
3912,0.939008
3913,0.891904
3914,0.993280
3915,0.817152
3916,0.916480
3917,0.887808
3918,0.914432
3919,0.828416
3920,0.887808
3921,0.866304
3922,0.869376
3923,0.872448
3924,0.879616
3925,0.877568
3926,0.924672
3927,0.912384
3928,0.959488
3929,0.913408
3930,0.929792
3931,0.865280
3932,0.874496
3933,0.866304
3934,0.945152
3935,0.886784
3936,0.913408
3937,0.897024
3938,0.925696
3939,0.877568
3940,0.927744
3941,0.891904
3942,0.908288
3943,0.943104
3944,0.924672
3945,0.936960
3946,0.860160
3947,0.907264
3948,0.874496
3949,0.861184
3950,0.894976
3951,0.870400
3952,0.835584
3953,0.920576
3954,0.914432
3955,0.883712
3956,0.939008
3957,0.916480
3958,0.879616
3959,0.930816
3960,0.947200
3961,0.867328
3962,0.856064
3963,0.915456
3964,0.892928
3965,0.886784
3966,0.896000
3967,0.951296
3968,0.873472
3969,0.886784
3970,0.897024
3971,0.917504
3972,0.859136
3973,0.827392
3974,0.758784
3975,0.712704
3976,0.932864
3977,0.885760
3978,0.884736
3979,0.940032
3980,0.917504
3981,0.858112
3982,0.890880
3983,0.874496
3984,0.887808
3985,0.879616
3986,0.930816
3987,0.863232
3988,0.862208
3989,0.944128
3990,0.885760
3991,0.918528
3992,0.856064
3993,0.913408
3994,0.880640
3995,0.923648
3996,0.843776
3997,0.919552
3998,0.924672
3999,0.891904
4000,0.942080
4001,0.857088
4002,0.887808
4003,0.933888
4004,0.894976
4005,0.935936
4006,0.932864
4007,0.901120
4008,0.937984
4009,0.929792
4010,0.944128
4011,0.901120
4012,0.899072
4013,0.878592
4014,0.909312
4015,0.893952
4016,0.860160
4017,0.875520
4018,0.901120
4019,0.851968
4020,0.918528
4021,0.880640
4022,0.918528
4023,0.908288
4024,0.903168
4025,0.943104
4026,0.908288
4027,0.946176
4028,0.904192
4029,0.893952
4030,0.902144
4031,0.894976
4032,0.914432
4033,1.009664
4034,0.878592
4035,0.954368
4036,0.928768
4037,0.934912
4038,0.952320
4039,0.866304
4040,0.663552
4041,0.421888
4042,0.394240
4043,0.358400
4044,0.343040
4045,0.288768
4046,0.267264
4047,0.293888
4048,0.265216
4049,0.192512
4050,0.183296
4051,0.181248
4052,0.182272
4053,0.172032
4054,0.831488
4055,0.850944
4056,0.898048
4057,0.874496
4058,0.896000
4059,0.905216
4060,0.892928
4061,0.919552
4062,0.962560
4063,0.841728
4064,0.898048
4065,0.906240
4066,0.874496
4067,0.953344
4068,0.855040
4069,0.912384
4070,0.903168
4071,0.910336
4072,0.898048
4073,0.944128
4074,0.869376
4075,0.936960
4076,0.884736
4077,0.931840
4078,0.900096
4079,0.916480
4080,0.959488
4081,0.878592
4082,0.920576
4083,0.909312
4084,0.922624
4085,0.889856
4086,0.873472
4087,0.896000
4088,0.914432
4089,0.866304
4090,0.867328
4091,0.879616
4092,0.910336
4093,0.877568
4094,0.868352
4095,0.875520
4096,0.916480
4097,0.927744
4098,0.904192
4099,0.858112
4100,0.912384
4101,0.899072
4102,0.882688
4103,1.017856
4104,0.920576
4105,0.892928
4106,0.910336
4107,0.915456
4108,0.884736
4109,0.891904
4110,0.919552
4111,0.934912
4112,0.886784
4113,0.984064
4114,0.937984
4115,0.879616
4116,0.932864
4117,0.908288
4118,0.753664
4119,0.388096
4120,0.339968
4121,0.286720
4122,0.295936
4123,0.280576
4124,0.292864
4125,0.269312
4126,0.270336
4127,0.257024
4128,0.264192
4129,0.260096
4130,0.294912
4131,0.168960
4132,0.149504
4133,0.149504
4134,0.148480
4135,0.148480
4136,0.147456
4137,0.795648
4138,0.913408
4139,0.947200
4140,0.920576
4141,0.868352
4142,0.885760
4143,0.946176
4144,0.933888
4145,0.943104
4146,0.918528
4147,0.941056
4148,0.943104
4149,0.882688
4150,0.944128
4151,0.926720
4152,0.913408
4153,0.934912
4154,0.890880
4155,0.911360
4156,0.919552
4157,0.915456
4158,0.931840
4159,0.928768
4160,0.929792
4161,0.916480
4162,0.899072
4163,0.914432
4164,0.912384
4165,0.953344
4166,0.945152
4167,0.933888
4168,0.857088
4169,0.902144
4170,0.828416
4171,0.815104
4172,0.867328
4173,0.885760
4174,0.900096
4175,0.923648
4176,0.950272
4177,0.845824
4178,0.908288
4179,0.892928
4180,0.937984
4181,0.902144
4182,0.878592
4183,0.923648
4184,0.943104
4185,0.928768
4186,0.914432
4187,0.925696
4188,0.900096
4189,0.903168
4190,0.979968
4191,0.894976
4192,0.935936
4193,0.919552
4194,0.950272
4195,0.964608
4196,0.875520
4197,0.882688
4198,0.882688
4199,0.965632
4200,0.963584
4201,0.765952
4202,0.580608
4203,0.534528
4204,0.386048
4205,0.407552
4206,0.251904
4207,0.266240
4208,0.260096
4209,0.265216
4210,0.193536
4211,0.192512
4212,0.196608
4213,0.187392
4214,0.779264
4215,0.912384
4216,0.856064
4217,0.907264
4218,0.901120
4219,0.952320
4220,0.925696
4221,0.907264
4222,0.956416
4223,0.940032
4224,0.897024
4225,0.929792
4226,0.909312
4227,0.904192
4228,0.958464
4229,0.927744
4230,0.930816
4231,0.910336
4232,0.917504
4233,0.946176
4234,0.941056
4235,0.922624
4236,0.900096
4237,0.904192
4238,0.902144
4239,0.874496
4240,0.914432
4241,0.922624
4242,0.904192
4243,0.902144
4244,0.855040
4245,0.875520
4246,0.888832
4247,0.865280
4248,0.944128
4249,0.885760
4250,0.923648
4251,0.888832
4252,0.903168
4253,0.903168
4254,0.919552
4255,0.893952
4256,0.926720
4257,0.904192
4258,0.945152
4259,0.937984
4260,0.905216
4261,0.920576
4262,0.909312
4263,0.926720
4264,0.845824
4265,0.894976
4266,0.930816
4267,0.918528
4268,0.899072
4269,0.982016
4270,0.898048
4271,0.940032
4272,0.912384
4273,0.889856
4274,0.956416
4275,0.923648
4276,0.881664
4277,0.909312
4278,0.901120
4279,0.790528
4280,0.902144
4281,0.936960
4282,0.898048
4283,0.926720
4284,0.925696
4285,0.921600
4286,0.924672
4287,0.909312
4288,0.909312
4289,0.924672
4290,0.896000
4291,0.934912
4292,0.915456
4293,0.964608
4294,0.912384
4295,0.874496
4296,0.952320
4297,0.924672
4298,0.911360
4299,0.848896
4300,0.923648
4301,0.926720
4302,0.959488
4303,0.879616
4304,0.931840
4305,0.925696
4306,0.918528
4307,0.954368
4308,0.909312
4309,0.958464
4310,0.916480
4311,0.892928
4312,0.887808
4313,0.936960
4314,0.911360
4315,0.924672
4316,0.854016
4317,0.914432
4318,0.781312
4319,0.809984
4320,0.921600
4321,0.927744
4322,0.888832
4323,0.948224
4324,0.908288
4325,0.933888
4326,0.951296
4327,0.950272
4328,0.926720
4329,0.907264
4330,0.945152
4331,0.932864
4332,0.914432
4333,0.934912
4334,0.951296
4335,0.925696
4336,0.907264
4337,0.948224
4338,0.913408
4339,0.907264
4340,0.933888
4341,0.888832
4342,0.886784
4343,0.755712
4344,0.608256
4345,0.570368
4346,0.216064
4347,0.195584
4348,0.192512
4349,0.182272
4350,0.187392
4351,0.184320
4352,0.187392
4353,0.183296
4354,0.872448
4355,0.919552
4356,0.911360
4357,0.899072
4358,0.904192
4359,0.889856
4360,0.928768
4361,0.901120
4362,0.945152
4363,0.861184
4364,0.913408
4365,0.930816
4366,0.909312
4367,0.915456
4368,0.916480
4369,0.915456
4370,0.966656
4371,0.869376
4372,0.936960
4373,0.922624
4374,0.947200
4375,0.859136
4376,0.940032
4377,0.920576
4378,0.939008
4379,0.924672
4380,0.888832
4381,0.953344
4382,0.886784
4383,0.923648
4384,0.960512
4385,0.927744
4386,0.944128
4387,0.889856
4388,0.932864
4389,0.957440
4390,0.904192
4391,0.901120
4392,0.889856
4393,0.916480
4394,0.957440
4395,0.877568
4396,0.935936
4397,0.905216
4398,0.948224
4399,0.902144
4400,0.932864
4401,0.920576
4402,0.888832
4403,0.854016
4404,0.874496
4405,0.899072
4406,0.878592
4407,0.880640
4408,0.955392
4409,0.913408
4410,0.923648
4411,0.922624
4412,0.924672
4413,0.942080
4414,0.945152
4415,0.949248
4416,0.946176
4417,0.968704
4418,0.860160
4419,0.362496
4420,0.352256
4421,0.934912
4422,1.051648
4423,1.045504
4424,0.829440
4425,0.916480
4426,0.872448
4427,0.893952
4428,0.910336
4429,0.916480
4430,0.919552
4431,0.919552
4432,0.900096
4433,0.911360
4434,0.922624
4435,0.906240
4436,0.879616
4437,0.878592
4438,0.866304
4439,0.891904
4440,0.886784
4441,0.918528
4442,0.901120
4443,0.883712
4444,0.941056
4445,0.954368
4446,0.881664
4447,0.936960
4448,0.867328
4449,0.934912
4450,0.855040
4451,0.910336
4452,0.932864
4453,0.891904
4454,0.989184
4455,0.863232
4456,0.979968
4457,0.910336
4458,0.924672
4459,0.942080
4460,0.892928
4461,0.978944
4462,0.929792
4463,0.907264
4464,0.948224
4465,0.902144
4466,0.967680
4467,0.907264
4468,0.950272
4469,0.908288
4470,0.945152
4471,0.934912
4472,0.892928
4473,0.920576
4474,0.975872
4475,0.926720
4476,0.915456
4477,0.924672
4478,0.929792
4479,0.881664
4480,0.934912
4481,0.927744
4482,0.949248
4483,0.927744
4484,0.808960
4485,0.664576
4486,0.535552
4487,0.881664
4488,0.873472
4489,0.899072
4490,0.905216
4491,0.882688
4492,0.928768
4493,0.872448
4494,0.939008
4495,0.914432
4496,0.928768
4497,0.880640
4498,0.931840
4499,0.907264
4500,0.873472
4501,0.920576
4502,0.874496
4503,0.906240
4504,0.937984
4505,0.877568
4506,0.904192
4507,0.883712
4508,0.900096
4509,0.898048
4510,0.902144
4511,0.949248
4512,0.868352
4513,0.922624
4514,0.881664
4515,0.932864
4516,0.915456
4517,0.894976
4518,0.874496
4519,0.933888
4520,0.885760
4521,0.877568
4522,0.837632
4523,0.883712
4524,0.870400
4525,0.905216
4526,0.913408
4527,0.883712
4528,0.915456
4529,0.908288
4530,0.946176
4531,0.967680
4532,0.880640
4533,0.894976
4534,0.900096
4535,0.960512
4536,0.929792
4537,0.862208
4538,0.881664
4539,0.900096
4540,0.907264
4541,0.905216
4542,0.901120
4543,0.871424
4544,0.978944
4545,0.910336
4546,0.916480
4547,0.948224
4548,0.888832
4549,0.961536
4550,0.887808
4551,0.755712
4552,0.586752
4553,0.507904
4554,0.451584
4555,0.447488
4556,0.362496
4557,0.353280
4558,0.936960
4559,0.883712
4560,0.906240
4561,0.837632
4562,0.899072
4563,0.894976
4564,0.875520
4565,0.955392
4566,0.850944
4567,0.904192
4568,0.894976
4569,0.869376
4570,0.942080
4571,0.881664
4572,0.899072
4573,0.882688
4574,0.937984
4575,0.862208
4576,0.881664
4577,0.892928
4578,0.869376
4579,0.926720
4580,0.935936
4581,0.890880
4582,0.957440
4583,0.864256
4584,0.892928
4585,0.913408
4586,0.871424
4587,0.848896
4588,0.920576
4589,0.908288
4590,0.929792
4591,0.936960
4592,0.906240
4593,0.884736
4594,0.876544
4595,0.934912
4596,0.901120
4597,0.928768
4598,0.948224
4599,0.901120
4600,0.901120
4601,0.941056
4602,0.888832
4603,0.914432
4604,0.890880
4605,0.960512
4606,0.842752
4607,0.926720
4608,0.929792
4609,0.868352
4610,0.901120
4611,0.803840
4612,0.829440
4613,0.920576
4614,0.953344
4615,0.924672
4616,0.883712
4617,0.883712
4618,0.904192
4619,0.941056
4620,0.835584
4621,0.958464
4622,0.872448
4623,0.620544
4624,0.467968
4625,0.354304
4626,0.332800
4627,0.365568
4628,0.328704
4629,0.323584
4630,0.321536
4631,0.343040
4632,0.288768
4633,0.916480
4634,0.899072
4635,0.928768
4636,0.890880
4637,0.917504
4638,0.893952
4639,0.971776
4640,0.894976
4641,0.947200
4642,0.887808
4643,0.903168
4644,0.916480
4645,0.977920
4646,0.926720
4647,0.897024
4648,0.903168
4649,0.871424
4650,0.941056
4651,0.876544
4652,0.934912
4653,0.910336
4654,0.923648
4655,0.924672
4656,0.924672
4657,0.890880
4658,0.871424
4659,0.859136
4660,0.932864
4661,0.931840
4662,0.880640
4663,0.899072
4664,0.969728
4665,0.913408
4666,0.883712
4667,0.957440
4668,0.919552
4669,0.886784
4670,0.937984
4671,0.898048
4672,0.896000
4673,0.872448
4674,0.899072
4675,0.812032
4676,0.816128
4677,0.922624
4678,0.896000
4679,0.954368
4680,0.910336
4681,0.844800
4682,0.846848
4683,0.960512
4684,0.916480
4685,0.896000
4686,0.898048
4687,0.899072
4688,0.864256
4689,0.918528
4690,0.931840
4691,0.945152
4692,0.919552
4693,0.919552
4694,0.921600
4695,0.904192
4696,0.840704
4697,0.677888
4698,0.817152
4699,0.920576
4700,0.956416
4701,0.893952
4702,0.944128
4703,0.906240
4704,0.911360
4705,0.927744
4706,0.893952
4707,0.892928
4708,0.952320
4709,0.891904
4710,0.896000
4711,0.925696
4712,0.852992
4713,0.955392
4714,0.869376
4715,0.939008
4716,0.900096
4717,0.941056
4718,0.957440
4719,0.876544
4720,0.907264
4721,0.894976
4722,0.901120
4723,0.928768
4724,0.886784
4725,0.928768
4726,0.873472
4727,0.906240
4728,0.873472
4729,0.868352
4730,0.845824
4731,0.880640
4732,0.916480
4733,0.920576
4734,0.914432
4735,0.861184
4736,0.906240
4737,0.899072
4738,1.045504
4739,0.923648
4740,0.892928
4741,0.913408
4742,0.949248
4743,0.861184
4744,0.951296
4745,0.940032
4746,0.901120
4747,0.904192
4748,0.953344
4749,0.932864
4750,0.927744
4751,0.973824
4752,0.928768
4753,0.919552
4754,0.881664
4755,0.941056
4756,0.921600
4757,0.937984
4758,0.907264
4759,0.904192
4760,0.936960
4761,0.905216
4762,0.675840
4763,0.566272
4764,0.505856
4765,0.430080
4766,0.411648
4767,0.419840
4768,0.392192
4769,0.324608
4770,0.181248
4771,0.177152
4772,0.177152
4773,0.183296
4774,0.987136
4775,0.910336
4776,0.943104
4777,0.907264
4778,0.915456
4779,0.961536
4780,0.892928
4781,0.939008
4782,0.898048
4783,0.932864
4784,0.903168
4785,0.934912
4786,0.891904
4787,0.905216
4788,0.890880
4789,0.865280
4790,0.910336
4791,0.958464
4792,0.948224
4793,0.901120
4794,0.901120
4795,0.871424
4796,0.978944
4797,0.902144
4798,0.912384
4799,0.866304
4800,0.881664
4801,0.945152
4802,0.917504
4803,0.897024
4804,0.900096
4805,0.922624
4806,0.905216
4807,0.903168
4808,0.881664
4809,0.934912
4810,0.906240
4811,0.950272
4812,0.888832
4813,0.967680
4814,0.934912
4815,0.878592
4816,0.908288
4817,0.936960
4818,1.013760
4819,0.897024
4820,0.890880
4821,0.905216
4822,0.879616
4823,0.885760
4824,0.847872
4825,0.928768
4826,0.878592
4827,0.911360
4828,0.878592
4829,0.975872
4830,0.865280
4831,0.913408
4832,0.919552
4833,0.870400
4834,0.891904
4835,0.926720
4836,0.925696
4837,0.920576
4838,0.859136
4839,0.718848
4840,0.913408
4841,0.902144
4842,0.912384
4843,0.921600
4844,0.891904
4845,0.963584
4846,0.931840
4847,0.869376
4848,0.876544
4849,0.898048
4850,0.911360
4851,0.927744
4852,0.881664
4853,0.890880
4854,0.885760
4855,0.850944
4856,0.864256
4857,0.902144
4858,0.923648
4859,0.866304
4860,0.928768
4861,0.906240
4862,0.934912
4863,0.951296
4864,0.871424
4865,0.962560
4866,0.900096
4867,0.910336
4868,0.913408
4869,0.883712
4870,0.954368
4871,0.899072
4872,0.925696
4873,0.922624
4874,0.866304
4875,0.904192
4876,0.909312
4877,0.913408
4878,1.097728
4879,0.859136
4880,0.912384
4881,0.923648
4882,0.921600
4883,0.944128
4884,0.900096
4885,0.888832
4886,0.926720
4887,0.903168
4888,0.926720
4889,0.887808
4890,0.877568
4891,0.883712
4892,0.919552
4893,0.996352
4894,0.942080
4895,0.916480
4896,0.954368
4897,0.972800
4898,0.896000
4899,0.941056
4900,0.957440
4901,0.908288
4902,0.919552
4903,0.829440
4904,0.811008
4905,0.930816
4906,0.963584
4907,0.923648
4908,0.908288
4909,0.903168
4910,0.914432
4911,0.873472
4912,0.879616
4913,0.931840
4914,0.941056
4915,0.917504
4916,0.908288
4917,0.907264
4918,0.909312
4919,0.907264
4920,0.906240
4921,0.962560
4922,0.894976
4923,0.965632
4924,0.900096
4925,0.917504
4926,0.922624
4927,0.908288
4928,0.894976
4929,0.926720
4930,0.914432
4931,0.864256
4932,0.886784
4933,0.884736
4934,0.885760
4935,0.841728
4936,0.865280
4937,0.830464
4938,0.957440
4939,0.927744
4940,0.925696
4941,0.925696
4942,0.922624
4943,0.889856
4944,0.796672
4945,0.922624
4946,0.890880
4947,0.970752
4948,0.957440
4949,0.942080
4950,0.910336
4951,0.905216
4952,0.929792
4953,0.924672
4954,0.892928
4955,0.915456
4956,0.956416
4957,0.943104
4958,0.904192
4959,0.943104
4960,0.909312
4961,0.896000
4962,0.939008
4963,0.907264
4964,0.871424
4965,0.855040
4966,0.894976
4967,0.863232
4968,0.757760
4969,0.637952
4970,0.953344
4971,0.891904
4972,0.928768
4973,0.921600
4974,0.921600
4975,0.965632
4976,0.898048
4977,0.922624
4978,0.945152
4979,0.882688
4980,0.824320
4981,0.882688
4982,0.892928
4983,0.900096
4984,0.904192
4985,0.937984
4986,0.897024
4987,0.855040
4988,0.901120
4989,0.918528
4990,0.885760
4991,0.840704
4992,0.884736
4993,0.912384
4994,0.892928
4995,0.917504
4996,0.917504
4997,0.931840
4998,0.923648
4999,0.857088
5000,0.917504
5001,0.948224
5002,0.886784
5003,0.908288
5004,0.969728
5005,0.846848
5006,0.894976
5007,0.890880
5008,0.911360
5009,0.924672
5010,0.900096
5011,0.956416
5012,0.919552
5013,0.944128
5014,0.882688
5015,0.946176
5016,0.889856
5017,0.836608
5018,0.887808
5019,0.907264
5020,0.847872
5021,0.858112
5022,0.890880
5023,0.872448
5024,0.887808
5025,0.899072
5026,0.912384
5027,0.887808
5028,0.903168
5029,0.907264
5030,0.940032
5031,0.906240
5032,0.909312
5033,0.903168
5034,0.868352
5035,0.503808
5036,0.478208
5037,0.382976
5038,0.363520
5039,0.234496
5040,0.242688
5041,0.236544
5042,0.206848
5043,0.199680
5044,0.192512
5045,0.205824
5046,0.193536
5047,0.184320
5048,0.182272
5049,0.169984
5050,0.179200
5051,0.174080
5052,0.805888
5053,0.891904
5054,0.892928
5055,0.919552
5056,0.916480
5057,0.930816
5058,0.929792
5059,0.913408
5060,0.930816
5061,0.937984
5062,0.927744
5063,0.837632
5064,0.931840
5065,0.935936
5066,0.927744
5067,0.876544
5068,1.074176
5069,0.629760
5070,0.892928
5071,0.868352
5072,0.855040
5073,0.924672
5074,0.866304
5075,0.873472
5076,0.898048
5077,0.932864
5078,0.894976
5079,0.906240
5080,0.897024
5081,0.890880
5082,0.901120
5083,0.910336
5084,0.924672
5085,0.916480
5086,0.935936
5087,0.924672
5088,0.941056
5089,0.941056
5090,0.924672
5091,0.958464
5092,0.873472
5093,0.931840
5094,0.917504
5095,0.846848
5096,0.879616
5097,0.885760
5098,0.829440
5099,0.872448
5100,0.847872
5101,0.894976
5102,0.919552
5103,0.906240
5104,0.896000
5105,0.911360
5106,0.925696
5107,0.921600
5108,0.915456
5109,0.940032
5110,0.933888
5111,0.944128
5112,0.952320
5113,0.929792
5114,0.915456
5115,0.896000
5116,0.703488
5117,0.607232
5118,0.782336
5119,0.893952
5120,0.911360
5121,0.883712
5122,0.934912
5123,0.888832
5124,0.970752
5125,0.893952
5126,0.921600
5127,0.877568
5128,0.879616
5129,0.894976
5130,0.908288
5131,0.858112
5132,0.821248
5133,0.868352
5134,0.851968
5135,0.877568
5136,0.943104
5137,0.969728
5138,1.053696
5139,0.863232
5140,0.922624
5141,0.930816
5142,0.907264
5143,0.891904
5144,0.868352
5145,0.916480
5146,0.966656
5147,0.940032
5148,0.907264
5149,0.924672
5150,0.906240
5151,0.880640
5152,0.844800
5153,0.878592
5154,0.852992
5155,0.845824
5156,0.814080
5157,0.886784
5158,0.884736
5159,0.926720
5160,0.886784
5161,0.884736
5162,0.857088
5163,0.924672
5164,0.885760
5165,0.898048
5166,0.884736
5167,0.901120
5168,0.957440
5169,0.877568
5170,0.918528
5171,0.948224
5172,0.840704
5173,0.973824
5174,0.914432
5175,0.933888
5176,0.919552
5177,0.890880
5178,0.881664
5179,0.924672
5180,0.931840
5181,0.886784
5182,0.852992
5183,0.833536
5184,0.716800
5185,0.924672
5186,0.913408
5187,0.892928
5188,0.888832
5189,0.923648
5190,0.920576
5191,0.845824
5192,0.864256
5193,0.902144
5194,0.864256
5195,0.892928
5196,0.900096
5197,0.876544
5198,0.949248
5199,0.942080
5200,0.911360
5201,0.947200
5202,0.885760
5203,0.934912
5204,0.927744
5205,0.844800
5206,0.680960
5207,0.874496
5208,0.930816
5209,0.958464
5210,0.901120
5211,0.920576
5212,0.902144
5213,0.845824
5214,0.914432
5215,0.933888
5216,0.940032
5217,0.891904
5218,0.894976
5219,0.904192
5220,0.885760
5221,0.901120
5222,0.931840
5223,0.910336
5224,0.903168
5225,0.896000
5226,0.889856
5227,0.959488
5228,0.872448
5229,0.936960
5230,0.860160
5231,0.919552
5232,0.916480
5233,0.886784
5234,0.945152
5235,0.898048
5236,0.950272
5237,0.880640
5238,0.904192
5239,0.883712
5240,0.858112
5241,0.920576
5242,0.857088
5243,0.862208
5244,0.945152
5245,0.923648
5246,0.884736
5247,0.940032
5248,0.879616
5249,0.750592
5250,0.433152
5251,0.394240
5252,0.372736
5253,0.384000
5254,0.763904
5255,0.946176
5256,0.901120
5257,0.913408
5258,0.956416
5259,0.941056
5260,0.916480
5261,0.876544
5262,0.933888
5263,0.905216
5264,0.898048
5265,0.923648
5266,0.924672
5267,0.936960
5268,0.902144
5269,0.846848
5270,0.900096
5271,0.945152
5272,0.878592
5273,0.871424
5274,0.849920
5275,0.854016
5276,0.882688
5277,0.882688
5278,0.832512
5279,0.907264
5280,0.890880
5281,0.925696
5282,0.886784
5283,0.879616
5284,0.936960
5285,0.936960
5286,0.876544
5287,0.914432
5288,0.891904
5289,0.852992
5290,0.906240
5291,0.921600
5292,0.909312
5293,0.884736
5294,0.923648
5295,0.909312
5296,0.904192
5297,0.903168
5298,0.889856
5299,0.922624
5300,0.906240
5301,0.915456
5302,0.909312
5303,0.919552
5304,0.952320
5305,0.907264
5306,0.893952
5307,0.949248
5308,0.930816
5309,0.954368
5310,0.776192
5311,0.854016
5312,0.890880
5313,0.960512
5314,0.949248
5315,0.913408
5316,0.965632
5317,0.952320
5318,0.780288
5319,0.854016
5320,0.917504
5321,0.873472
5322,0.933888
5323,0.964608
5324,0.900096
5325,0.917504
5326,0.899072
5327,0.937984
5328,0.888832
5329,0.945152
5330,0.916480
5331,0.882688
5332,0.945152
5333,0.927744
5334,0.873472
5335,0.919552
5336,0.962560
5337,0.874496
5338,0.890880
5339,0.932864
5340,0.919552
5341,0.905216
5342,0.888832
5343,0.961536
5344,0.927744
5345,0.925696
5346,0.914432
5347,0.963584
5348,0.907264
5349,0.967680
5350,0.914432
5351,0.866304
5352,0.975872
5353,0.924672
5354,0.892928
5355,0.949248
5356,0.931840
5357,0.970752
5358,0.928768
5359,0.920576
5360,0.869376
5361,0.962560
5362,0.965632
5363,0.916480
5364,0.893952
5365,0.941056
5366,0.909312
5367,0.924672
5368,0.951296
5369,0.907264
5370,0.942080
5371,0.887808
5372,0.887808
5373,0.942080
5374,0.939008
5375,0.964608
5376,0.901120
5377,0.957440
5378,0.913408
5379,0.914432
5380,0.961536
5381,0.906240
5382,0.893952
5383,0.781312
5384,0.562176
5385,0.747520
5386,0.920576
5387,0.960512
5388,0.883712
5389,0.955392
5390,0.928768
5391,0.949248
5392,0.867328
5393,0.921600
5394,0.913408
5395,0.928768
5396,0.909312
5397,0.906240
5398,0.933888
5399,0.903168
5400,0.928768
5401,0.919552
5402,0.897024
5403,0.898048
5404,0.841728
5405,0.816128
5406,0.947200
5407,0.932864
5408,0.871424
5409,0.650240
5410,0.914432
5411,0.857088
5412,0.878592
5413,0.834560
5414,0.876544
5415,0.898048
5416,0.966656
5417,0.966656
5418,0.897024
5419,0.975872
5420,0.920576
5421,0.939008
5422,0.906240
5423,0.919552
5424,0.934912
5425,0.944128
5426,0.953344
5427,0.906240
5428,0.976896
5429,0.922624
5430,0.899072
5431,0.911360
5432,0.934912
5433,0.896000
5434,0.916480
5435,0.942080
5436,0.929792
5437,0.945152
5438,0.942080
5439,0.969728
5440,0.915456
5441,0.913408
5442,0.897024
5443,0.945152
5444,0.901120
5445,0.913408
5446,0.925696
5447,0.947200
5448,0.897024
5449,0.790528
5450,0.632832
5451,0.335872
5452,0.307200
5453,0.251904
5454,0.244736
5455,0.239616
5456,0.201728
5457,0.195584
5458,0.204800
5459,0.195584
5460,0.179200
5461,0.918528
5462,0.927744
5463,0.896000
5464,0.887808
5465,0.925696
5466,0.961536
5467,0.924672
5468,0.953344
5469,0.921600
5470,0.954368
5471,0.900096
5472,0.896000
5473,0.923648
5474,0.916480
5475,0.936960
5476,0.894976
5477,0.985088
5478,0.929792
5479,0.923648
5480,0.983040
5481,0.913408
5482,0.900096
5483,0.933888
5484,0.968704
5485,0.884736
5486,0.931840
5487,0.914432
5488,0.933888
5489,0.913408
5490,0.921600
5491,0.958464
5492,0.912384
5493,0.913408
5494,0.884736
5495,0.867328
5496,0.944128
5497,0.955392
5498,0.948224
5499,0.882688
5500,0.930816
5501,0.906240
5502,0.913408
5503,0.914432
5504,0.920576
5505,0.850944
5506,0.930816
5507,0.892928
5508,0.866304
5509,0.922624
5510,0.941056
5511,0.881664
5512,0.896000
5513,0.904192
5514,0.933888
5515,0.955392
5516,0.954368
5517,0.913408
5518,0.894976
5519,0.920576
5520,0.876544
5521,0.902144
5522,0.886784
5523,0.955392
5524,0.743424
5525,0.614400
5526,0.448512
5527,0.338944
5528,0.278528
5529,0.293888
5530,0.241664
5531,0.267264
5532,0.257024
5533,0.234496
5534,0.192512
5535,0.185344
5536,0.176128
5537,0.180224
5538,0.161792
5539,0.156672
5540,0.160768
5541,0.151552
5542,0.154624
5543,0.158720
5544,0.149504
5545,0.877568
5546,0.904192
5547,0.887808
5548,0.858112
5549,0.857088
5550,0.901120
5551,0.912384
5552,0.930816
5553,0.899072
5554,0.899072
5555,0.912384
5556,0.891904
5557,0.894976
5558,0.860160
5559,0.884736
5560,0.964608
5561,0.905216
5562,0.776192
5563,0.998400
5564,0.879616
5565,0.955392
5566,0.921600
5567,0.937984
5568,0.870400
5569,0.967680
5570,0.893952
5571,0.909312
5572,0.920576
5573,0.876544
5574,0.896000
5575,0.902144
5576,0.894976
5577,0.901120
5578,0.852992
5579,0.839680
5580,0.838656
5581,0.868352
5582,0.858112
5583,0.906240
5584,0.922624
5585,0.915456
5586,0.927744
5587,0.889856
5588,0.968704
5589,0.911360
5590,0.953344
5591,0.932864
5592,0.923648
5593,0.925696
5594,0.906240
5595,0.926720
5596,0.931840
5597,0.898048
5598,0.960512
5599,0.891904
5600,0.932864
5601,0.916480
5602,0.939008
5603,0.949248
5604,0.899072
5605,0.929792
5606,0.916480
5607,0.892928
5608,0.906240
5609,0.793600
5610,0.896000
5611,0.880640
5612,0.920576
5613,0.909312
5614,0.916480
5615,0.896000
5616,0.924672
5617,0.889856
5618,0.866304
5619,0.887808
5620,0.915456
5621,0.927744
5622,0.913408
5623,0.932864
5624,0.883712
5625,0.922624
5626,0.912384
5627,0.894976
5628,0.877568
5629,0.946176
5630,0.906240
5631,0.854016
5632,0.939008
5633,0.942080
5634,0.909312
5635,0.835584
5636,0.926720
5637,0.906240
5638,0.996352
5639,0.825344
5640,0.491520
5641,0.838656
5642,0.900096
5643,0.885760
5644,0.884736
5645,0.951296
5646,0.922624
5647,0.847872
5648,0.953344
5649,0.931840
5650,0.894976
5651,0.910336
5652,0.945152
5653,0.921600
5654,0.881664
5655,0.902144
5656,0.952320
5657,0.898048
5658,0.915456
5659,0.925696
5660,0.906240
5661,0.915456
5662,0.954368
5663,0.967680
5664,0.941056
5665,0.907264
5666,0.903168
5667,0.945152
5668,0.916480
5669,0.927744
5670,0.871424
5671,0.954368
5672,0.886784
5673,0.934912
5674,0.875520
5675,0.820224
5676,0.948224
5677,0.952320
5678,0.883712
5679,0.900096
5680,0.883712
5681,0.894976
5682,0.849920
5683,0.916480
5684,0.858112
5685,0.995328
5686,0.859136
5687,0.926720
5688,0.940032
5689,0.930816
5690,0.920576
5691,0.896000
5692,0.921600
5693,0.939008
5694,0.903168
5695,0.858112
5696,0.890880
5697,0.931840
5698,0.944128
5699,0.889856
5700,0.898048
5701,0.964608
5702,0.957440
5703,0.925696
5704,0.948224
5705,0.686080
5706,0.790528
5707,0.918528
5708,0.852992
5709,0.873472
5710,0.874496
5711,0.902144
5712,0.907264
5713,0.880640
5714,0.958464
5715,0.899072
5716,0.911360
5717,0.896000
5718,0.909312
5719,0.959488
5720,0.898048
5721,0.920576
5722,0.883712
5723,0.875520
5724,0.867328
5725,0.908288
5726,0.987136
5727,0.946176
5728,1.182720
5729,0.891904
5730,0.841728
5731,0.908288
5732,0.936960
5733,0.954368
5734,0.949248
5735,0.948224
5736,0.951296
5737,0.916480
5738,0.845824
5739,0.669696
5740,0.583680
5741,0.836608
5742,0.862208
5743,0.907264
5744,0.907264
5745,0.871424
5746,0.923648
5747,0.932864
5748,0.934912
5749,0.923648
5750,0.930816
5751,0.907264
5752,0.897024
5753,0.932864
5754,0.917504
5755,0.926720
5756,0.885760
5757,0.978944
5758,0.917504
5759,0.920576
5760,0.911360
5761,0.939008
5762,0.961536
5763,0.886784
5764,0.916480
5765,0.915456
5766,0.862208
5767,0.914432
5768,0.933888
5769,0.914432
5770,0.972800
5771,0.969728
5772,0.931840
5773,0.912384
5774,0.948224
5775,0.917504
5776,0.900096
5777,0.908288
5778,0.930816
5779,0.934912
5780,0.869376
5781,0.890880
5782,0.916480
5783,0.878592
5784,0.856064
5785,0.878592
5786,0.893952
5787,0.921600
5788,0.888832
5789,0.944128
5790,0.948224
5791,0.927744
5792,0.936960
5793,0.939008
5794,0.934912
5795,1.117184
5796,0.861184
5797,0.843776
5798,0.847872
5799,0.927744
5800,0.928768
5801,0.953344
5802,0.905216
5803,0.896000
5804,0.879616
5805,0.644096
5806,0.627712
5807,0.585728
5808,0.757760
5809,0.954368
5810,0.883712
5811,0.922624
5812,0.918528
5813,0.916480
5814,0.888832
5815,0.946176
5816,0.927744
5817,0.935936
5818,0.921600
5819,0.924672
5820,0.897024
5821,0.940032
5822,0.916480
5823,0.894976
5824,0.947200
5825,0.897024
5826,0.921600
5827,0.943104
5828,0.915456
5829,0.944128
5830,0.919552
5831,0.897024
5832,0.920576
5833,0.934912
5834,0.947200
5835,0.956416
5836,0.942080
5837,0.917504
5838,0.931840
5839,0.969728
5840,0.905216
5841,0.916480
5842,0.896000
5843,0.905216
5844,0.896000
5845,0.863232
5846,0.814080
5847,0.871424
5848,0.872448
5849,0.932864
5850,0.877568
5851,0.903168
5852,0.914432
5853,0.921600
5854,0.923648
5855,0.925696
5856,0.866304
5857,0.929792
5858,0.930816
5859,0.915456
5860,0.890880
5861,0.907264
5862,0.947200
5863,0.920576
5864,0.884736
5865,0.916480
5866,0.848896
5867,0.898048
5868,0.878592
5869,0.946176
5870,0.907264
5871,0.907264
5872,0.820224
5873,0.731136
5874,0.914432
5875,0.876544
5876,0.919552
5877,0.930816
5878,0.914432
5879,0.950272
5880,0.932864
5881,0.951296
5882,0.946176
5883,0.920576
5884,0.898048
5885,0.903168
5886,0.921600
5887,0.890880
5888,0.953344
5889,0.936960
5890,0.919552
5891,0.930816
5892,0.909312
5893,0.922624
5894,0.906240
5895,0.914432
5896,0.927744
5897,0.889856
5898,0.930816
5899,0.919552
5900,0.861184
5901,0.907264
5902,0.867328
5903,0.832512
5904,0.851968
5905,0.868352
5906,0.834560
5907,0.915456
5908,0.948224
5909,0.865280
5910,0.961536
5911,0.905216
5912,0.936960
5913,0.899072
5914,0.918528
5915,0.899072
5916,0.918528
5917,0.923648
5918,0.864256
5919,0.915456
5920,0.847872
5921,0.898048
5922,0.870400
5923,0.890880
5924,0.932864
5925,0.875520
5926,0.940032
5927,0.899072
5928,0.901120
5929,0.879616
5930,0.930816
5931,0.889856
5932,0.888832
5933,0.878592
5934,0.888832
5935,0.901120
5936,0.846848
5937,0.876544
5938,0.840704
5939,0.678912
5940,0.680960
5941,0.919552
5942,0.936960
5943,0.909312
5944,0.946176
5945,0.908288
5946,0.887808
5947,0.927744
5948,0.893952
5949,0.906240
5950,0.894976
5951,0.814080
5952,0.864256
5953,0.877568
5954,0.852992
5955,0.918528
5956,0.922624
5957,0.896000
5958,0.927744
5959,0.914432
5960,0.874496
5961,0.920576
5962,0.933888
5963,0.863232
5964,0.913408
5965,0.909312
5966,0.984064
5967,0.909312
5968,0.913408
5969,0.918528
5970,0.854016
5971,0.898048
5972,0.927744
5973,0.858112
5974,0.930816
5975,0.917504
5976,0.923648
5977,0.898048
5978,0.914432
5979,0.879616
5980,0.957440
5981,0.877568
5982,0.931840
5983,0.929792
5984,0.916480
5985,0.864256
5986,0.960512
5987,0.916480
5988,0.902144
5989,0.945152
5990,0.956416
5991,0.947200
5992,0.865280
5993,0.942080
5994,0.937984
5995,0.922624
5996,0.897024
5997,0.949248
5998,0.927744
5999,0.917504
6000,0.900096
6001,0.883712
6002,0.892928
6003,0.885760
6004,0.869376
6005,0.653312
6006,0.463872
6007,0.907264
6008,0.950272
6009,0.859136
6010,0.957440
6011,0.952320
6012,0.902144
6013,0.930816
6014,0.925696
6015,0.945152
6016,0.918528
6017,0.941056
6018,0.905216
6019,0.861184
6020,0.961536
6021,0.922624
6022,0.887808
6023,0.859136
6024,0.880640
6025,0.963584
6026,0.889856
6027,0.911360
6028,0.905216
6029,0.943104
6030,0.897024
6031,0.951296
6032,0.941056
6033,0.890880
6034,0.846848
6035,0.934912
6036,0.986112
6037,0.851968
6038,0.898048
6039,0.931840
6040,0.923648
6041,0.898048
6042,0.866304
6043,0.934912
6044,0.949248
6045,0.870400
6046,0.912384
6047,0.898048
6048,0.863232
6049,0.849920
6050,0.887808
6051,0.891904
6052,0.881664
6053,0.912384
6054,0.886784
6055,0.916480
6056,0.888832
6057,0.957440
6058,0.929792
6059,0.936960
6060,0.945152
6061,0.891904
6062,0.857088
6063,0.926720
6064,0.905216
6065,0.946176
6066,0.971776
6067,0.900096
6068,0.914432
6069,0.937984
6070,0.914432
6071,0.930816
6072,0.722944
6073,0.813056
6074,0.927744
6075,0.952320
6076,0.908288
6077,0.873472
6078,0.889856
6079,0.915456
6080,0.984064
6081,0.825344
6082,0.944128
6083,0.890880
6084,0.924672
6085,0.884736
6086,0.899072
6087,0.920576
6088,0.921600
6089,0.876544
6090,0.919552
6091,0.897024
6092,0.925696
6093,0.865280
6094,0.839680
6095,0.879616
6096,0.879616
6097,0.905216
6098,0.905216
6099,0.860160
6100,0.886784
6101,0.902144
6102,0.950272
6103,0.884736
6104,0.885760
6105,0.902144
6106,0.885760
6107,0.897024
6108,0.926720
6109,0.900096
6110,0.889856
6111,0.889856
6112,0.863232
6113,0.870400
6114,0.901120
6115,0.883712
6116,0.838656
6117,0.891904
6118,0.929792
6119,0.871424
6120,0.918528
6121,0.890880
6122,0.861184
6123,0.877568
6124,0.936960
6125,0.886784
6126,0.945152
6127,0.898048
6128,0.958464
6129,0.874496
6130,0.948224
6131,0.929792
6132,0.897024
6133,0.940032
6134,0.926720
6135,0.959488
6136,0.888832
6137,0.736256
6138,0.471040
6139,0.377856
6140,0.330752
6141,0.322560
6142,0.301056
6143,0.300032
6144,0.294912
6145,0.236544
6146,0.202752
6147,0.209920
6148,0.214016
6149,0.818176
6150,0.924672
6151,0.849920
6152,0.843776
6153,0.905216
6154,0.933888
6155,0.886784
6156,0.887808
6157,0.884736
6158,0.859136
6159,0.852992
6160,0.894976
6161,0.965632
6162,0.961536
6163,0.947200
6164,0.962560
6165,0.917504
6166,0.937984
6167,0.885760
6168,0.888832
6169,0.912384
6170,0.880640
6171,0.880640
6172,0.919552
6173,0.939008
6174,0.906240
6175,0.894976
6176,0.946176
6177,0.892928
6178,0.912384
6179,0.913408
6180,0.935936
6181,0.927744
6182,0.909312
6183,0.883712
6184,0.897024
6185,0.881664
6186,0.866304
6187,0.880640
6188,0.870400
6189,0.904192
6190,0.913408
6191,0.906240
6192,0.930816
6193,0.922624
6194,0.903168
6195,0.966656
6196,0.914432
6197,0.920576
6198,0.949248
6199,0.920576
6200,0.917504
6201,0.897024
6202,0.892928
6203,0.889856
6204,0.944128
6205,0.929792
6206,0.903168
6207,0.930816
6208,0.970752
6209,0.932864
6210,0.925696
6211,0.950272
6212,0.951296
6213,0.957440
6214,0.683008
6215,0.459776
6216,0.363520
6217,0.312320
6218,0.190464
6219,0.176128
6220,0.185344
6221,0.177152
6222,0.184320
6223,0.184320
6224,0.173056
6225,0.173056
6226,0.172032
6227,0.174080
6228,0.160768
6229,0.159744
6230,0.159744
6231,0.156672
6232,0.163840
6233,0.149504
6234,0.925696
6235,0.975872
6236,0.932864
6237,0.906240
6238,0.875520
6239,0.914432
6240,0.877568
6241,0.972800
6242,0.883712
6243,0.939008
6244,0.945152
6245,0.913408
6246,0.896000
6247,0.932864
6248,0.917504
6249,0.919552
6250,0.892928
6251,0.910336
6252,0.953344
6253,0.881664
6254,0.887808
6255,0.906240
6256,0.906240
6257,0.905216
6258,0.885760
6259,0.956416
6260,0.931840
6261,0.931840
6262,0.912384
6263,0.861184
6264,0.884736
6265,0.897024
6266,0.923648
6267,0.930816
6268,0.929792
6269,0.919552
6270,0.968704
6271,0.935936
6272,0.966656
6273,0.872448
6274,0.966656
6275,0.913408
6276,0.930816
6277,0.876544
6278,0.943104
6279,0.890880
6280,0.922624
6281,0.949248
6282,0.885760
6283,0.935936
6284,0.870400
6285,0.919552
6286,0.978944
6287,0.921600
6288,0.902144
6289,0.904192
6290,0.896000
6291,0.910336
6292,0.918528
6293,0.875520
6294,0.871424
6295,0.899072
6296,0.871424
6297,0.830464
6298,0.461824
6299,0.456704
6300,0.450560
6301,0.435200
6302,0.447488
6303,0.410624
6304,0.361472
6305,0.344064
6306,0.327680
6307,0.323584
6308,0.253952
6309,0.913408
6310,1.005568
6311,0.898048
6312,0.908288
6313,0.878592
6314,0.920576
6315,0.922624
6316,0.928768
6317,0.879616
6318,0.913408
6319,0.899072
6320,0.982016
6321,0.880640
6322,0.945152
6323,0.901120
6324,0.860160
6325,0.969728
6326,0.918528
6327,0.912384
6328,0.885760
6329,0.954368
6330,0.907264
6331,0.894976
6332,0.942080
6333,0.975872
6334,0.920576
6335,0.942080
6336,0.958464
6337,0.974848
6338,0.912384
6339,0.924672
6340,0.879616
6341,0.944128
6342,0.826368
6343,0.971776
6344,0.898048
6345,0.937984
6346,0.928768
6347,0.925696
6348,0.950272
6349,0.879616
6350,0.941056
6351,0.953344
6352,0.889856
6353,0.931840
6354,0.904192
6355,0.961536
6356,0.872448
6357,0.916480
6358,0.944128
6359,0.903168
6360,0.854016
6361,0.920576
6362,0.819200
6363,0.881664
6364,0.961536
6365,0.899072
6366,0.899072
6367,0.870400
6368,0.964608
6369,0.889856
6370,0.925696
6371,0.896000
6372,0.834560
6373,0.633856
6374,0.582656
6375,0.559104
6376,0.424960
6377,0.727040
6378,0.956416
6379,0.896000
6380,0.913408
6381,0.943104
6382,0.891904
6383,0.944128
6384,0.901120
6385,0.916480
6386,0.893952
6387,0.921600
6388,0.940032
6389,0.894976
6390,0.933888
6391,0.880640
6392,0.931840
6393,0.902144
6394,0.910336
6395,0.890880
6396,0.893952
6397,0.844800
6398,0.898048
6399,0.855040
6400,0.908288
6401,0.882688
6402,0.878592
6403,0.916480
6404,0.899072
6405,0.936960
6406,0.875520
6407,0.948224
6408,0.926720
6409,0.771072
6410,0.890880
6411,0.930816
6412,0.933888
6413,0.900096
6414,0.884736
6415,0.918528
6416,0.864256
6417,0.872448
6418,0.865280
6419,0.924672
6420,0.951296
6421,0.912384
6422,0.897024
6423,0.877568
6424,0.921600
6425,0.916480
6426,0.940032
6427,0.955392
6428,0.920576
6429,0.933888
6430,0.921600
6431,0.922624
6432,0.934912
6433,0.931840
6434,0.927744
6435,0.975872
6436,0.891904
6437,0.956416
6438,0.939008
6439,0.956416
6440,0.947200
6441,0.855040
6442,0.862208
6443,0.535552
6444,0.729088
6445,0.917504
6446,0.944128
6447,0.921600
6448,0.939008
6449,0.915456
6450,0.935936
6451,0.911360
6452,0.934912
6453,0.917504
6454,0.911360
6455,0.942080
6456,0.932864
6457,0.945152
6458,0.899072
6459,0.943104
6460,0.900096
6461,0.945152
6462,0.910336
6463,0.933888
6464,0.870400
6465,0.928768
6466,0.858112
6467,0.857088
6468,0.876544
6469,0.928768
6470,0.882688
6471,0.892928
6472,0.904192
6473,0.899072
6474,0.920576
6475,0.995328
6476,0.818176
6477,0.923648
6478,0.900096
6479,0.934912
6480,0.946176
6481,0.987136
6482,0.736256
6483,0.943104
6484,0.926720
6485,0.873472
6486,0.907264
6487,0.941056
6488,0.883712
6489,0.891904
6490,0.896000
6491,0.862208
6492,0.822272
6493,0.904192
6494,0.934912
6495,0.913408
6496,0.893952
6497,0.907264
6498,0.880640
6499,0.921600
6500,0.909312
6501,0.931840
6502,0.925696
6503,0.948224
6504,0.891904
6505,0.953344
6506,0.892928
6507,0.920576
6508,0.845824
6509,0.579584
6510,0.512000
6511,0.393216
6512,0.237568
6513,0.269312
6514,0.254976
6515,0.241664
6516,0.241664
6517,0.208896
6518,0.160768
6519,0.161792
6520,0.158720
6521,0.160768
6522,0.155648
6523,0.794624
6524,0.877568
6525,0.909312
6526,0.908288
6527,0.905216
6528,0.876544
6529,0.917504
6530,0.894976
6531,0.903168
6532,0.966656
6533,0.896000
6534,0.914432
6535,0.889856
6536,0.942080
6537,0.940032
6538,0.935936
6539,0.933888
6540,0.865280
6541,0.953344
6542,0.869376
6543,0.907264
6544,0.911360
6545,0.885760
6546,0.871424
6547,0.892928
6548,0.822272
6549,0.857088
6550,0.863232
6551,0.928768
6552,0.934912
6553,0.921600
6554,0.916480
6555,0.871424
6556,0.894976
6557,0.917504
6558,0.920576
6559,0.925696
6560,0.931840
6561,0.939008
6562,0.885760
6563,0.891904
6564,0.911360
6565,0.932864
6566,0.969728
6567,0.931840
6568,0.894976
6569,0.923648
6570,0.918528
6571,0.887808
6572,0.885760
6573,0.924672
6574,0.916480
6575,0.908288
6576,0.862208
6577,0.906240
6578,0.965632
6579,0.914432
6580,0.940032
6581,0.923648
6582,0.927744
6583,0.980992
6584,0.924672
6585,0.942080
6586,0.948224
6587,0.677888
6588,0.892928
6589,0.892928
6590,0.942080
6591,0.946176
6592,0.847872
6593,0.901120
6594,0.932864
6595,0.849920
6596,0.828416
6597,0.886784
6598,0.849920
6599,0.907264
6600,0.914432
6601,0.919552
6602,0.879616
6603,0.899072
6604,0.915456
6605,0.954368
6606,0.902144
6607,0.932864
6608,0.879616
6609,0.892928
6610,0.898048
6611,0.911360
6612,0.899072
6613,0.893952
6614,0.896000
6615,0.928768
6616,0.872448
6617,0.900096
6618,0.898048
6619,0.942080
6620,0.883712
6621,0.872448
6622,0.914432
6623,0.917504
6624,0.945152
6625,0.874496
6626,0.949248
6627,0.865280
6628,0.905216
6629,0.936960
6630,0.899072
6631,0.892928
6632,0.901120
6633,0.885760
6634,0.861184
6635,0.858112
6636,0.908288
6637,0.932864
6638,0.880640
6639,0.914432
6640,0.907264
6641,0.907264
6642,0.932864
6643,0.945152
6644,0.868352
6645,0.925696
6646,0.872448
6647,0.864256
6648,0.904192
6649,0.893952
6650,0.952320
6651,0.927744
6652,0.837632
6653,0.544768
6654,0.872448
6655,0.836608
6656,0.809984
6657,0.888832
6658,0.854016
6659,0.951296
6660,0.910336
6661,0.859136
6662,0.902144
6663,0.933888
6664,0.913408
6665,0.886784
6666,0.901120
6667,0.891904
6668,0.875520
6669,0.888832
6670,0.936960
6671,0.890880
6672,0.914432
6673,0.968704
6674,0.884736
6675,0.898048
6676,0.916480
6677,0.872448
6678,0.968704
6679,0.899072
6680,0.927744
6681,0.930816
6682,0.922624
6683,0.905216
6684,0.876544
6685,0.901120
6686,0.908288
6687,0.911360
6688,0.916480
6689,0.917504
6690,0.897024
6691,0.932864
6692,0.897024
6693,0.928768
6694,0.951296
6695,0.951296
6696,0.908288
6697,0.915456
6698,0.958464
6699,0.917504
6700,0.960512
6701,0.889856
6702,0.951296
6703,0.930816
6704,0.935936
6705,0.919552
6706,0.922624
6707,0.930816
6708,0.945152
6709,0.924672
6710,0.920576
6711,0.904192
6712,0.823296
6713,0.901120
6714,0.831488
6715,0.849920
6716,0.911360
6717,0.899072
6718,0.766976
6719,0.627712
6720,0.521216
6721,0.265216
6722,0.233472
6723,0.828416
6724,0.889856
6725,0.921600
6726,0.917504
6727,0.927744
6728,0.900096
6729,0.917504
6730,0.906240
6731,0.890880
6732,0.939008
6733,0.901120
6734,0.889856
6735,0.905216
6736,0.899072
6737,0.894976
6738,0.945152
6739,0.909312
6740,0.886784
6741,0.930816
6742,0.890880
6743,0.902144
6744,0.879616
6745,0.897024
6746,0.899072
6747,0.835584
6748,0.897024
6749,0.788480
6750,0.850944
6751,0.911360
6752,0.951296
6753,0.925696
6754,0.892928
6755,0.931840
6756,0.903168
6757,0.865280
6758,1.073152
6759,0.887808
6760,0.924672
6761,0.870400
6762,0.943104
6763,0.889856
6764,0.878592
6765,0.924672
6766,1.001472
6767,1.020928
6768,0.806912
6769,0.819200
6770,0.932864
6771,0.864256
6772,0.899072
6773,0.933888
6774,0.932864
6775,0.886784
6776,0.947200
6777,0.893952
6778,0.876544
6779,0.911360
6780,0.884736
6781,0.864256
6782,0.891904
6783,0.899072
6784,0.881664
6785,0.899072
6786,0.914432
6787,0.808960
6788,0.843776
6789,0.911360
6790,0.891904
6791,0.925696
6792,0.904192
6793,0.905216
6794,0.944128
6795,0.886784
6796,0.851968
6797,0.941056
6798,0.909312
6799,0.955392
6800,0.866304
6801,0.926720
6802,0.901120
6803,0.830464
6804,0.902144
6805,0.946176
6806,0.928768
6807,0.867328
6808,0.830464
6809,0.878592
6810,0.901120
6811,0.903168
6812,0.866304
6813,0.934912
6814,0.909312
6815,0.905216
6816,0.896000
6817,0.900096
6818,0.879616
6819,0.906240
6820,0.899072
6821,0.835584
6822,0.892928
6823,0.873472
6824,0.868352
6825,0.878592
6826,0.863232
6827,0.892928
6828,0.945152
6829,0.862208
6830,0.870400
6831,0.967680
6832,0.939008
6833,0.814080
6834,0.869376
6835,0.854016
6836,0.875520
6837,0.865280
6838,0.905216
6839,0.912384
6840,0.947200
6841,0.908288
6842,0.898048
6843,0.899072
6844,0.921600
6845,0.947200
6846,0.922624
6847,0.904192
6848,0.930816
6849,0.904192
6850,0.873472
6851,0.860160
6852,0.951296
6853,0.658432
6854,0.551936
6855,0.314368
6856,0.226304
6857,0.234496
6858,0.206848
6859,0.214016
6860,0.218112
6861,0.215040
6862,0.208896
6863,0.206848
6864,0.198656
6865,0.194560
6866,0.173056
6867,0.916480
6868,0.885760
6869,0.944128
6870,0.918528
6871,0.903168
6872,0.774144
6873,0.943104
6874,0.875520
6875,0.935936
6876,0.921600
6877,0.912384
6878,0.962560
6879,0.911360
6880,0.899072
6881,0.910336
6882,1.064960
6883,0.935936
6884,0.758784
6885,0.887808
6886,0.859136
6887,0.816128
6888,0.859136
6889,0.879616
6890,0.929792
6891,0.918528
6892,0.843776
6893,0.889856
6894,0.872448
6895,0.919552
6896,0.964608
6897,0.858112
6898,0.945152
6899,0.842752
6900,0.939008
6901,0.920576
6902,0.913408
6903,0.916480
6904,0.930816
6905,0.951296
6906,0.905216
6907,0.912384
6908,0.948224
6909,0.944128
6910,0.919552
6911,0.926720
6912,0.896000
6913,0.950272
6914,0.859136
6915,0.910336
6916,0.889856
6917,0.890880
6918,0.921600
6919,0.930816
6920,0.871424
6921,0.925696
6922,0.977920
6923,0.917504
6924,0.925696
6925,0.927744
6926,0.918528
6927,0.941056
6928,0.905216
6929,0.894976
6930,0.792576
6931,0.659456
6932,0.911360
6933,0.862208
6934,0.898048
6935,0.907264
6936,0.835584
6937,0.871424
6938,0.879616
6939,0.898048
6940,0.837632
6941,0.870400
6942,0.927744
6943,0.893952
6944,0.893952
6945,0.907264
6946,0.846848
6947,0.856064
6948,0.912384
6949,0.764928
6950,0.929792
6951,0.926720
6952,0.907264
6953,0.921600
6954,0.878592
6955,0.904192
6956,0.855040
6957,0.850944
6958,0.837632
6959,0.837632
6960,0.806912
6961,0.896000
6962,0.893952
6963,0.892928
6964,0.896000
6965,0.917504
6966,0.911360
6967,0.908288
6968,0.925696
6969,0.915456
6970,0.888832
6971,0.874496
6972,0.924672
6973,0.957440
6974,0.894976
6975,0.924672
6976,0.892928
6977,0.905216
6978,0.892928
6979,0.880640
6980,0.910336
6981,0.944128
6982,0.912384
6983,0.926720
6984,0.932864
6985,0.914432
6986,0.893952
6987,0.885760
6988,0.924672
6989,0.857088
6990,0.874496
6991,0.868352
6992,0.904192
6993,0.885760
6994,0.805888
6995,0.862208
6996,0.796672
6997,0.630784
6998,0.610304
6999,0.518144
7000,0.529408
7001,0.472064
7002,0.414720
7003,0.945152
7004,0.917504
7005,0.943104
7006,0.955392
7007,0.897024
7008,0.927744
7009,0.929792
7010,0.900096
7011,0.872448
7012,0.913408
7013,0.933888
7014,0.922624
7015,0.901120
7016,0.956416
7017,0.878592
7018,0.872448
7019,0.940032
7020,0.887808
7021,0.899072
7022,0.917504
7023,0.929792
7024,0.899072
7025,0.903168
7026,0.918528
7027,0.940032
7028,0.948224
7029,0.887808
7030,0.917504
7031,0.916480
7032,0.874496
7033,0.942080
7034,0.925696
7035,0.950272
7036,0.873472
7037,0.968704
7038,0.894976
7039,0.937984
7040,0.914432
7041,0.906240
7042,0.904192
7043,0.903168
7044,0.904192
7045,0.915456
7046,0.881664
7047,0.865280
7048,0.911360
7049,0.920576
7050,0.928768
7051,0.899072
7052,0.928768
7053,0.948224
7054,0.889856
7055,0.936960
7056,0.876544
7057,0.841728
7058,0.842752
7059,0.846848
7060,0.897024
7061,0.956416
7062,0.877568
7063,0.911360
7064,0.985088
7065,0.915456
7066,0.781312
7067,0.707584
7068,0.706560
7069,0.333824
7070,0.201728
7071,0.195584
7072,0.191488
7073,0.196608
7074,0.197632
7075,0.195584
7076,0.178176
7077,0.932864
7078,0.935936
7079,0.951296
7080,0.946176
7081,0.930816
7082,0.906240
7083,0.886784
7084,0.924672
7085,0.923648
7086,0.932864
7087,0.871424
7088,0.955392
7089,0.917504
7090,0.964608
7091,0.921600
7092,0.928768
7093,0.911360
7094,0.958464
7095,0.888832
7096,0.893952
7097,0.942080
7098,0.862208
7099,0.922624
7100,0.943104
7101,0.847872
7102,0.910336
7103,0.916480
7104,0.915456
7105,0.928768
7106,0.943104
7107,0.893952
7108,0.868352
7109,0.919552
7110,0.972800
7111,0.899072
7112,0.875520
7113,0.926720
7114,0.916480
7115,0.861184
7116,0.914432
7117,0.857088
7118,0.888832
7119,0.931840
7120,0.925696
7121,0.900096
7122,0.923648
7123,0.917504
7124,0.900096
7125,0.903168
7126,0.943104
7127,0.898048
7128,0.961536
7129,0.921600
7130,0.964608
7131,0.913408
7132,0.946176
7133,0.888832
7134,0.910336
7135,0.838656
7136,0.882688
7137,0.886784
7138,0.932864
7139,0.976896
7140,0.914432
7141,0.839680
7142,0.646144
7143,0.943104
7144,0.935936
7145,0.942080
7146,0.916480
7147,0.961536
7148,0.930816
7149,0.922624
7150,0.907264
7151,0.855040
7152,0.886784
7153,0.925696
7154,0.929792
7155,0.897024
7156,0.859136
7157,0.835584
7158,0.872448
7159,0.923648
7160,0.885760
7161,0.920576
7162,0.884736
7163,0.894976
7164,0.893952
7165,0.880640
7166,0.899072
7167,0.917504
7168,0.916480
7169,0.866304
7170,0.891904
7171,0.936960
7172,0.907264
7173,0.883712
7174,0.925696
7175,0.885760
7176,0.931840
7177,0.924672
7178,0.884736
7179,0.923648
7180,0.922624
7181,0.916480
7182,0.914432
7183,0.927744
7184,0.926720
7185,0.927744
7186,0.922624
7187,0.957440
7188,0.903168
7189,0.907264
7190,0.952320
7191,0.880640
7192,0.905216
7193,0.931840
7194,0.924672
7195,0.907264
7196,0.899072
7197,0.911360
7198,0.916480
7199,0.964608
7200,0.977920
7201,0.907264
7202,0.908288
7203,0.907264
7204,0.940032
7205,0.933888
7206,0.906240
7207,0.664576
7208,0.473088
7209,0.348160
7210,0.327680
7211,0.311296
7212,0.201728
7213,0.195584
7214,0.192512
7215,0.193536
7216,0.823296
7217,0.941056
7218,0.952320
7219,0.893952
7220,0.963584
7221,0.915456
7222,0.958464
7223,0.907264
7224,0.913408
7225,0.900096
7226,0.890880
7227,0.917504
7228,0.900096
7229,0.935936
7230,0.911360
7231,0.921600
7232,0.896000
7233,0.892928
7234,0.932864
7235,0.917504
7236,0.926720
7237,0.910336
7238,0.879616
7239,0.926720
7240,0.900096
7241,0.931840
7242,0.956416
7243,0.908288
7244,0.933888
7245,0.907264
7246,0.896000
7247,0.915456
7248,0.933888
7249,0.902144
7250,0.933888
7251,0.891904
7252,0.823296
7253,0.939008
7254,0.874496
7255,0.907264
7256,0.930816
7257,0.969728
7258,0.901120
7259,0.897024
7260,0.872448
7261,0.902144
7262,0.907264
7263,0.878592
7264,0.890880
7265,0.837632
7266,0.916480
7267,0.882688
7268,0.874496
7269,0.965632
7270,0.875520
7271,0.830464
7272,0.955392
7273,0.888832
7274,0.942080
7275,0.943104
7276,0.919552
7277,0.927744
7278,0.900096
7279,1.008640
7280,0.692224
7281,0.982016
7282,0.898048
7283,0.924672
7284,0.908288
7285,0.935936
7286,0.902144
7287,0.923648
7288,0.915456
7289,0.914432
7290,0.930816
7291,0.944128
7292,0.903168
7293,0.944128
7294,0.967680
7295,0.906240
7296,0.928768
7297,0.909312
7298,0.935936
7299,0.947200
7300,0.896000
7301,0.925696
7302,0.872448
7303,0.871424
7304,0.942080
7305,0.926720
7306,0.967680
7307,0.891904
7308,0.913408
7309,0.929792
7310,0.928768
7311,0.892928
7312,0.909312
7313,0.882688
7314,0.891904
7315,0.961536
7316,0.897024
7317,0.911360
7318,0.897024
7319,0.943104
7320,0.965632
7321,0.889856
7322,0.885760
7323,0.914432
7324,0.912384
7325,0.831488
7326,0.858112
7327,0.902144
7328,0.900096
7329,0.933888
7330,0.937984
7331,0.929792
7332,0.920576
7333,0.986112
7334,0.930816
7335,0.929792
7336,0.936960
7337,0.915456
7338,0.936960
7339,0.935936
7340,0.921600
7341,0.921600
7342,0.929792
7343,0.562176
7344,0.845824
7345,0.854016
7346,0.838656
7347,0.872448
7348,0.912384
7349,0.941056
7350,0.830464
7351,0.911360
7352,0.867328
7353,0.882688
7354,0.898048
7355,0.915456
7356,0.893952
7357,0.849920
7358,0.903168
7359,0.877568
7360,0.896000
7361,0.921600
7362,0.883712
7363,0.888832
7364,0.907264
7365,0.872448
7366,0.873472
7367,0.903168
7368,0.951296
7369,0.917504
7370,0.900096
7371,0.906240
7372,0.893952
7373,0.863232
7374,0.852992
7375,0.845824
7376,0.884736
7377,0.849920
7378,0.935936
7379,0.892928
7380,0.845824
7381,0.870400
7382,0.894976
7383,0.907264
7384,0.864256
7385,0.910336
7386,0.936960
7387,0.914432
7388,0.909312
7389,0.920576
7390,0.949248
7391,0.882688
7392,0.930816
7393,0.901120
7394,0.901120
7395,0.888832
7396,0.890880
7397,0.923648
7398,0.910336
7399,0.925696
7400,0.960512
7401,0.905216
7402,0.918528
7403,0.916480
7404,0.941056
7405,0.924672
7406,0.859136
7407,0.917504
7408,0.856064
7409,0.585728
7410,0.909312
7411,0.846848
7412,0.870400
7413,0.852992
7414,0.836608
7415,0.876544
7416,0.925696
7417,0.880640
7418,0.953344
7419,0.887808
7420,0.887808
7421,0.923648
7422,0.904192
7423,0.890880
7424,0.891904
7425,0.914432
7426,0.943104
7427,0.855040
7428,0.924672
7429,0.914432
7430,0.920576
7431,0.934912
7432,0.920576
7433,0.949248
7434,0.901120
7435,0.921600
7436,0.930816
7437,0.955392
7438,0.968704
7439,0.785408
7440,0.922624
7441,0.918528
7442,0.912384
7443,0.926720
7444,0.915456
7445,0.946176
7446,0.905216
7447,0.959488
7448,0.873472
7449,0.939008
7450,0.915456
7451,0.942080
7452,0.913408
7453,0.936960
7454,0.892928
7455,0.922624
7456,0.900096
7457,0.936960
7458,0.927744
7459,0.899072
7460,0.913408
7461,0.850944
7462,0.857088
7463,0.920576
7464,0.822272
7465,0.857088
7466,0.849920
7467,0.901120
7468,0.951296
7469,0.956416
7470,0.923648
7471,0.905216
7472,0.925696
7473,0.908288
7474,0.676864
7475,0.441344
7476,0.417792
7477,0.861184
7478,0.876544
7479,0.954368
7480,0.964608
7481,0.899072
7482,0.901120
7483,0.935936
7484,0.904192
7485,0.899072
7486,0.940032
7487,0.913408
7488,0.943104
7489,0.934912
7490,0.904192
7491,0.946176
7492,0.935936
7493,0.922624
7494,0.980992
7495,0.941056
7496,0.877568
7497,0.933888
7498,0.947200
7499,0.925696
7500,0.912384
7501,0.897024
7502,0.939008
7503,0.914432
7504,0.925696
7505,0.900096
7506,0.894976
7507,0.886784
7508,0.887808
7509,0.868352
7510,0.885760
7511,0.844800
7512,0.917504
7513,0.883712
7514,0.932864
7515,0.906240
7516,0.856064
7517,0.858112
7518,0.916480
7519,0.939008
7520,0.961536
7521,0.955392
7522,0.879616
7523,0.951296
7524,0.925696
7525,0.912384
7526,0.902144
7527,0.961536
7528,0.879616
7529,0.914432
7530,0.950272
7531,0.920576
7532,0.941056
7533,0.881664
7534,0.952320
7535,0.924672
7536,0.925696
7537,0.944128
7538,0.923648
7539,0.951296
7540,0.911360
7541,0.771072
7542,0.840704
7543,0.964608
7544,0.914432
7545,0.913408
7546,0.874496
7547,0.905216
7548,0.897024
7549,0.885760
7550,0.951296
7551,0.930816
7552,0.915456
7553,0.865280
7554,0.930816
7555,0.910336
7556,0.865280
7557,0.894976
7558,0.937984
7559,0.905216
7560,0.872448
7561,0.914432
7562,0.887808
7563,0.698368
7564,0.942080
7565,0.877568
7566,0.910336
7567,0.940032
7568,0.870400
7569,0.922624
7570,0.913408
7571,0.923648
7572,0.865280
7573,0.928768
7574,0.965632
7575,0.901120
7576,1.062912
7577,0.788480
7578,0.910336
7579,0.857088
7580,0.931840
7581,0.917504
7582,0.912384
7583,0.933888
7584,0.948224
7585,0.871424
7586,0.905216
7587,0.889856
7588,0.908288
7589,0.984064
7590,0.920576
7591,0.906240
7592,0.914432
7593,0.879616
7594,0.888832
7595,0.928768
7596,0.969728
7597,0.918528
7598,0.922624
7599,0.878592
7600,0.839680
7601,0.883712
7602,0.894976
7603,0.894976
7604,0.933888
7605,0.909312
7606,0.781312
7607,0.700416
7608,0.947200
7609,0.958464
7610,0.902144
7611,0.901120
7612,0.930816
7613,0.939008
7614,0.939008
7615,0.901120
7616,0.909312
7617,0.912384
7618,0.906240
7619,0.915456
7620,0.865280
7621,0.897024
7622,0.903168
7623,0.882688
7624,0.872448
7625,0.835584
7626,0.875520
7627,0.922624
7628,0.915456
7629,0.941056
7630,0.901120
7631,0.956416
7632,0.894976
7633,0.949248
7634,0.924672
7635,0.913408
7636,0.858112
7637,0.919552
7638,0.855040
7639,0.923648
7640,0.884736
7641,1.092608
7642,0.816128
7643,0.893952
7644,0.915456
7645,0.910336
7646,0.920576
7647,0.945152
7648,0.835584
7649,0.883712
7650,0.854016
7651,0.919552
7652,0.838656
7653,0.892928
7654,0.885760
7655,0.874496
7656,0.917504
7657,0.889856
7658,0.904192
7659,0.918528
7660,0.913408
7661,0.930816
7662,0.909312
7663,0.899072
7664,0.918528
7665,0.884736
7666,0.947200
7667,0.851968
7668,0.893952
7669,0.911360
7670,0.876544
7671,0.931840
7672,0.571392
7673,0.871424
7674,0.676864
7675,0.875520
7676,0.875520
7677,0.867328
7678,0.910336
7679,0.891904
7680,0.918528
7681,0.886784
7682,0.926720
7683,0.874496
7684,0.890880
7685,0.907264
7686,0.930816
7687,0.935936
7688,0.900096
7689,0.941056
7690,0.937984
7691,0.885760
7692,0.887808
7693,0.911360
7694,0.940032
7695,0.883712
7696,0.930816
7697,0.870400
7698,0.880640
7699,0.925696
7700,0.860160
7701,0.893952
7702,0.961536
7703,0.877568
7704,0.929792
7705,0.892928
7706,0.888832
7707,0.874496
7708,0.933888
7709,0.902144
7710,0.902144
7711,0.933888
7712,0.889856
7713,0.883712
7714,0.936960
7715,0.945152
7716,0.921600
7717,0.908288
7718,0.931840
7719,0.930816
7720,0.891904
7721,0.873472
7722,0.904192
7723,0.878592
7724,0.889856
7725,0.834560
7726,0.866304
7727,0.898048
7728,0.920576
7729,0.872448
7730,0.974848
7731,0.971776
7732,0.934912
7733,0.855040
7734,0.916480
7735,0.912384
7736,0.898048
7737,0.869376
7738,0.547840
7739,0.461824
7740,0.788480
7741,0.932864
7742,0.898048
7743,0.970752
7744,0.908288
7745,0.882688
7746,0.937984
7747,0.838656
7748,0.861184
7749,0.913408
7750,0.872448
7751,0.907264
7752,0.963584
7753,0.919552
7754,0.908288
7755,0.906240
7756,0.918528
7757,0.915456
7758,0.936960
7759,0.911360
7760,0.920576
7761,0.945152
7762,0.899072
7763,0.847872
7764,0.961536
7765,0.927744
7766,0.944128
7767,0.934912
7768,0.897024
7769,0.901120
7770,0.946176
7771,0.891904
7772,0.885760
7773,0.912384
7774,0.927744
7775,0.921600
7776,0.926720
7777,0.903168
7778,0.935936
7779,0.953344
7780,0.912384
7781,0.901120
7782,0.919552
7783,0.857088
7784,0.885760
7785,0.847872
7786,0.926720
7787,0.914432
7788,0.916480
7789,0.919552
7790,0.906240
7791,0.906240
7792,0.882688
7793,1.001472
7794,0.920576
7795,0.943104
7796,0.920576
7797,0.874496
7798,0.901120
7799,0.913408
7800,0.922624
7801,0.906240
7802,0.964608
7803,0.868352
7804,0.655360
7805,0.606208
7806,0.616448
7807,0.584704
7808,0.569344
7809,0.891904
7810,0.909312
7811,0.878592
7812,0.930816
7813,0.912384
7814,0.920576
7815,0.927744
7816,0.836608
7817,0.876544
7818,0.957440
7819,0.900096
7820,0.974848
7821,0.903168
7822,0.924672
7823,0.921600
7824,0.939008
7825,0.910336
7826,0.878592
7827,0.920576
7828,0.971776
7829,0.918528
7830,0.860160
7831,0.871424
7832,0.916480
7833,0.931840
7834,0.933888
7835,0.940032
7836,0.935936
7837,0.934912
7838,0.924672
7839,0.943104
7840,0.942080
7841,0.899072
7842,0.901120
7843,0.932864
7844,0.909312
7845,0.928768
7846,0.884736
7847,0.931840
7848,0.931840
7849,0.933888
7850,0.969728
7851,0.913408
7852,0.904192
7853,0.907264
7854,0.932864
7855,0.872448
7856,0.893952
7857,0.858112
7858,0.869376
7859,0.876544
7860,0.877568
7861,0.902144
7862,0.926720
7863,0.957440
7864,0.865280
7865,0.926720
7866,0.954368
7867,0.907264
7868,0.943104
7869,0.941056
7870,0.911360
7871,0.927744
7872,0.930816
7873,0.689152
7874,0.875520
7875,0.878592
7876,0.885760
7877,0.920576
7878,0.920576
7879,0.897024
7880,0.815104
7881,0.870400
7882,0.815104
7883,0.863232
7884,0.952320
7885,0.984064
7886,0.925696
7887,0.922624
7888,0.922624
7889,0.934912
7890,0.933888
7891,0.919552
7892,0.951296
7893,0.887808
7894,0.956416
7895,0.864256
7896,0.927744
7897,0.917504
7898,0.971776
7899,0.932864
7900,0.904192
7901,0.915456
7902,0.911360
7903,0.921600
7904,0.862208
7905,0.929792
7906,0.908288
7907,0.913408
7908,0.876544
7909,0.931840
7910,0.857088
7911,0.916480
7912,0.920576
7913,0.862208
7914,0.893952
7915,0.924672
7916,0.963584
7917,0.946176
7918,0.937984
7919,0.874496
7920,0.941056
7921,0.917504
7922,0.922624
7923,0.923648
7924,0.967680
7925,0.956416
7926,1.009664
7927,0.937984
7928,0.928768
7929,0.910336
7930,0.914432
7931,0.860160
7932,0.946176
7933,0.913408
7934,0.902144
7935,0.848896
7936,0.873472
7937,0.898048
7938,0.760832
7939,0.541696
7940,0.390144
7941,0.286720
7942,0.184320
7943,0.185344
7944,0.183296
7945,0.164864
7946,0.920576
7947,0.882688
7948,0.874496
7949,0.948224
7950,0.930816
7951,0.869376
7952,0.894976
7953,0.892928
7954,0.879616
7955,0.886784
7956,0.868352
7957,1.025024
7958,0.877568
7959,0.988160
7960,0.869376
7961,0.882688
7962,0.841728
7963,0.958464
7964,0.831488
7965,0.896000
7966,0.868352
7967,0.859136
7968,0.909312
7969,0.901120
7970,0.877568
7971,0.890880
7972,0.921600
7973,0.946176
7974,0.886784
7975,0.891904
7976,0.914432
7977,0.905216
7978,0.833536
7979,0.855040
7980,0.866304
7981,0.898048
7982,0.914432
7983,0.867328
7984,0.850944
7985,0.918528
7986,0.920576
7987,0.896000
7988,0.845824
7989,0.915456
7990,0.840704
7991,0.851968
7992,0.901120
7993,0.885760
7994,0.943104
7995,0.911360
7996,0.872448
7997,0.888832
7998,0.883712
7999,0.881664
8000,0.912384
8001,0.874496
8002,0.870400
8003,0.924672
8004,0.934912
8005,0.919552
8006,0.885760
8007,0.811008
8008,0.969728
8009,0.772096
8010,0.673792
8011,0.643072
8012,0.734208
8013,0.902144
8014,0.904192
8015,0.892928
8016,0.952320
8017,0.848896
8018,0.875520
8019,0.820224
8020,0.847872
8021,0.856064
8022,0.888832
8023,0.884736
8024,0.858112
8025,0.997376
8026,0.886784
8027,0.887808
8028,0.902144
8029,0.888832
8030,0.937984
8031,0.911360
8032,0.936960
8033,0.961536
8034,0.902144
8035,0.900096
8036,0.910336
8037,0.901120
8038,0.868352
8039,0.916480
8040,0.903168
8041,0.884736
8042,0.877568
8043,0.890880
8044,0.868352
8045,0.925696
8046,0.900096
8047,0.916480
8048,0.893952
8049,0.990208
8050,0.881664
8051,0.882688
8052,0.920576
8053,0.958464
8054,0.900096
8055,0.965632
8056,0.877568
8057,0.920576
8058,0.912384
8059,0.919552
8060,0.959488
8061,0.906240
8062,0.945152
8063,0.961536
8064,0.937984
8065,0.933888
8066,0.948224
8067,0.917504
8068,0.906240
8069,0.909312
8070,0.887808
8071,0.928768
8072,0.905216
8073,0.916480
8074,0.913408
8075,0.903168
8076,0.757760
8077,0.666624
8078,0.880640
8079,0.905216
8080,0.949248
8081,0.928768
8082,0.838656
8083,0.837632
8084,0.862208
8085,0.858112
8086,0.860160
8087,0.907264
8088,0.965632
8089,0.913408
8090,0.942080
8091,0.906240
8092,0.907264
8093,0.881664
8094,0.856064
8095,0.924672
8096,0.876544
8097,0.963584
8098,0.920576
8099,0.918528
8100,0.912384
8101,0.924672
8102,0.936960
8103,0.879616
8104,0.943104
8105,0.837632
8106,0.970752
8107,0.890880
8108,0.902144
8109,0.932864
8110,0.953344
8111,0.879616
8112,0.904192
8113,0.954368
8114,0.955392
8115,0.883712
8116,0.914432
8117,0.934912
8118,0.909312
8119,0.935936
8120,1.164288
8121,0.826368
8122,0.908288
8123,0.928768
8124,0.850944
8125,0.898048
8126,0.886784
8127,0.939008
8128,0.945152
8129,0.941056
8130,0.940032
8131,0.919552
8132,0.934912
8133,0.937984
8134,0.925696
8135,0.914432
8136,0.900096
8137,0.940032
8138,0.953344
8139,0.855040
8140,0.917504
8141,0.858112
8142,0.513024
8143,0.441344
8144,0.792576
8145,0.902144
8146,0.935936
8147,0.911360
8148,0.893952
8149,0.916480
8150,0.907264
8151,0.894976
8152,0.918528
8153,0.918528
8154,0.896000
8155,0.924672
8156,0.916480
8157,0.912384
8158,0.915456
8159,0.893952
8160,0.907264
8161,0.904192
8162,0.912384
8163,0.838656
8164,0.910336
8165,0.832512
8166,0.876544
8167,0.875520
8168,0.907264
8169,0.939008
8170,0.910336
8171,0.926720
8172,0.922624
8173,0.921600
8174,0.907264
8175,0.880640
8176,0.907264
8177,0.870400
8178,0.947200
8179,0.903168
8180,0.925696
8181,0.890880
8182,0.918528
8183,0.933888
8184,0.880640
8185,0.923648
8186,0.939008
8187,1.007616
8188,0.807936
8189,0.934912
8190,0.926720
8191,0.876544
8192,0.975872
8193,0.966656
8194,0.884736
8195,0.907264
8196,0.937984
8197,0.921600
8198,0.955392
8199,0.919552
8200,0.956416
8201,0.958464
8202,0.943104
8203,0.944128
8204,0.988160
8205,0.879616
8206,0.909312
8207,0.947200
8208,0.859136
8209,0.843776
8210,0.929792
8211,0.931840
8212,0.897024
8213,0.925696
8214,0.940032
8215,0.902144
8216,0.931840
8217,0.898048
8218,0.927744
8219,0.902144
8220,0.916480
8221,0.911360
8222,0.856064
8223,0.953344
8224,0.887808
8225,0.892928
8226,0.955392
8227,0.887808
8228,0.883712
8229,0.956416
8230,0.908288
8231,0.965632
8232,0.916480
8233,0.905216
8234,0.916480
8235,0.936960
8236,0.899072
8237,0.897024
8238,0.907264
8239,0.928768
8240,0.930816
8241,0.910336
8242,0.921600
8243,0.923648
8244,0.945152
8245,0.940032
8246,0.927744
8247,0.931840
8248,0.870400
8249,0.873472
8250,0.914432
8251,0.883712
8252,0.908288
8253,0.893952
8254,0.900096
8255,0.883712
8256,0.867328
8257,0.834560
8258,0.836608
8259,0.889856
8260,0.847872
8261,0.884736
8262,0.921600
8263,0.875520
8264,0.908288
8265,0.921600
8266,0.883712
8267,0.958464
8268,0.925696
8269,0.906240
8270,0.904192
8271,0.907264
8272,0.862208
8273,0.643072
8274,0.936960
8275,0.941056
8276,0.919552
8277,0.932864
8278,0.940032
8279,0.974848
8280,0.973824
8281,0.906240
8282,0.877568
8283,0.927744
8284,0.870400
8285,0.870400
8286,0.898048
8287,0.933888
8288,0.921600
8289,0.910336
8290,0.925696
8291,0.905216
8292,0.930816
8293,0.932864
8294,0.959488
8295,0.904192
8296,0.909312
8297,0.924672
8298,0.912384
8299,0.935936
8300,0.876544
8301,0.942080
8302,0.939008
8303,0.864256
8304,0.876544
8305,0.900096
8306,0.920576
8307,0.952320
8308,0.886784
8309,0.913408
8310,0.930816
8311,0.891904
8312,0.901120
8313,0.926720
8314,0.886784
8315,0.918528
8316,0.951296
8317,0.927744
8318,0.945152
8319,0.933888
8320,0.873472
8321,0.919552
8322,0.932864
8323,0.925696
8324,0.944128
8325,0.933888
8326,0.921600
8327,0.949248
8328,0.912384
8329,0.908288
8330,0.951296
8331,0.925696
8332,0.927744
8333,0.889856
8334,0.963584
8335,0.927744
8336,0.967680
8337,0.891904
8338,0.638976
8339,0.338944
8340,0.224256
8341,0.221184
8342,0.230400
8343,0.186368
8344,0.184320
8345,0.183296
8346,0.180224
8347,0.173056
8348,0.177152
8349,0.162816
8350,0.171008
8351,0.172032
8352,0.165888
8353,0.169984
8354,0.776192
8355,0.968704
8356,0.881664
8357,0.926720
8358,0.955392
8359,0.928768
8360,0.961536
8361,0.891904
8362,0.950272
8363,0.934912
8364,0.934912
8365,0.929792
8366,0.910336
8367,0.958464
8368,0.561152
8369,0.865280
8370,0.935936
8371,0.919552
8372,0.879616
8373,0.971776
8374,0.942080
8375,0.925696
8376,0.931840
8377,0.932864
8378,0.928768
8379,0.928768
8380,0.914432
8381,0.948224
8382,0.949248
8383,0.926720
8384,0.936960
8385,0.927744
8386,0.913408
8387,0.902144
8388,0.917504
8389,0.923648
8390,0.889856
8391,0.919552
8392,0.945152
8393,0.917504
8394,0.950272
8395,0.963584
8396,0.923648
8397,0.917504
8398,0.927744
8399,0.902144
8400,0.998400
8401,0.866304
8402,0.884736
8403,0.949248
8404,0.884736
8405,0.890880
8406,0.955392
8407,0.909312
8408,0.935936
8409,0.877568
8410,0.928768
8411,0.957440
8412,0.921600
8413,0.940032
8414,0.937984
8415,0.920576
8416,0.972800
8417,0.847872
8418,0.700416
8419,0.866304
8420,0.927744
8421,0.934912
8422,0.913408
8423,0.926720
8424,0.911360
8425,0.700416
8426,0.921600
8427,0.861184
8428,0.911360
8429,0.930816
8430,0.873472
8431,0.933888
8432,0.878592
8433,0.940032
8434,0.903168
8435,0.942080
8436,0.913408
8437,0.916480
8438,0.924672
8439,0.843776
8440,0.914432
8441,0.885760
8442,0.882688
8443,0.899072
8444,0.889856
8445,0.798720
8446,0.862208
8447,0.901120
8448,0.937984
8449,0.887808
8450,0.921600
8451,0.891904
8452,0.873472
8453,0.880640
8454,0.911360
8455,0.886784
8456,0.929792
8457,0.888832
8458,0.898048
8459,0.965632
8460,0.960512
8461,0.890880
8462,0.904192
8463,0.945152
8464,0.887808
8465,0.911360
8466,0.926720
8467,0.949248
8468,0.903168
8469,0.902144
8470,0.930816
8471,0.946176
8472,0.985088
8473,0.903168
8474,0.915456
8475,0.953344
8476,0.946176
8477,0.884736
8478,0.918528
8479,0.892928
8480,0.950272
8481,0.953344
8482,0.854016
8483,0.711680
8484,0.624640
8485,0.408576
8486,0.288768
8487,0.214016
8488,0.185344
8489,0.190464
8490,0.190464
8491,0.189440
8492,0.181248
8493,0.187392
8494,0.192512
8495,0.181248
8496,0.185344
8497,0.164864
8498,0.160768
8499,0.161792
8500,0.162816
8501,0.164864
8502,0.157696
8503,0.803840
8504,0.923648
8505,0.883712
8506,0.937984
8507,0.932864
8508,0.945152
8509,0.926720
8510,0.876544
8511,0.891904
8512,0.930816
8513,0.928768
8514,0.884736
8515,0.927744
8516,0.931840
8517,0.926720
8518,0.896000
8519,0.912384
8520,0.918528
8521,0.882688
8522,0.941056
8523,0.861184
8524,0.907264
8525,0.900096
8526,0.928768
8527,0.940032
8528,0.926720
8529,0.933888
8530,0.885760
8531,0.882688
8532,0.952320
8533,0.833536
8534,0.908288
8535,0.855040
8536,0.877568
8537,0.867328
8538,0.826368
8539,0.931840
8540,0.925696
8541,0.918528
8542,0.911360
8543,0.874496
8544,0.905216
8545,0.863232
8546,0.908288
8547,0.932864
8548,0.918528
8549,0.917504
8550,0.912384
8551,0.889856
8552,0.905216
8553,0.907264
8554,0.947200
8555,0.946176
8556,0.915456
8557,0.904192
8558,0.908288
8559,0.923648
8560,0.929792
8561,0.896000
8562,0.913408
8563,0.932864
8564,0.925696
8565,0.916480
8566,0.932864
8567,0.845824
8568,0.606208
8569,0.867328
8570,0.920576
8571,0.866304
8572,0.878592
8573,0.848896
8574,0.877568
8575,0.909312
8576,0.925696
8577,0.905216
8578,0.929792
8579,0.953344
8580,0.907264
8581,0.920576
8582,0.888832
8583,0.942080
8584,0.914432
8585,0.916480
8586,0.896000
8587,0.913408
8588,0.893952
8589,0.908288
8590,0.923648
8591,0.906240
8592,0.913408
8593,0.950272
8594,0.934912
8595,0.885760
8596,0.926720
8597,0.905216
8598,0.960512
8599,0.884736
8600,0.900096
8601,0.901120
8602,0.899072
8603,0.875520
8604,0.931840
8605,0.950272
8606,0.906240
8607,0.935936
8608,0.932864
8609,0.916480
8610,0.888832
8611,0.934912
8612,0.926720
8613,0.917504
8614,0.932864
8615,0.906240
8616,0.888832
8617,0.873472
8618,0.957440
8619,0.904192
8620,0.874496
8621,0.910336
8622,0.905216
8623,0.943104
8624,0.904192
8625,0.946176
8626,0.934912
8627,0.935936
8628,0.967680
8629,0.971776
8630,0.936960
8631,0.917504
8632,0.916480
8633,0.809984
8634,0.258048
8635,0.205824
8636,0.206848
8637,0.758784
8638,0.926720
8639,0.882688
8640,0.925696
8641,0.903168
8642,0.861184
8643,0.913408
8644,0.923648
8645,0.904192
8646,0.924672
8647,0.962560
8648,0.920576
8649,0.931840
8650,0.965632
8651,0.902144
8652,0.935936
8653,0.918528
8654,0.915456
8655,0.914432
8656,0.902144
8657,0.879616
8658,0.911360
8659,0.930816
8660,0.925696
8661,0.893952
8662,0.852992
8663,0.832512
8664,0.857088
8665,0.841728
8666,0.904192
8667,0.872448
8668,0.910336
8669,0.841728
8670,0.940032
8671,0.905216
8672,0.892928
8673,0.884736
8674,0.905216
8675,0.942080
8676,0.934912
8677,0.889856
8678,0.921600
8679,1.049600
8680,0.912384
8681,0.929792
8682,0.891904
8683,0.956416
8684,0.910336
8685,0.982016
8686,0.916480
8687,0.899072
8688,0.955392
8689,0.822272
8690,0.844800
8691,0.877568
8692,0.877568
8693,0.879616
8694,0.921600
8695,0.898048
8696,0.873472
8697,0.934912
8698,0.937984
8699,0.868352
8700,0.929792
8701,0.821248
8702,0.689152
8703,0.587776
8704,0.805888
8705,0.916480
8706,0.878592
8707,0.920576
8708,0.945152
8709,0.873472
8710,0.884736
8711,0.942080
8712,0.917504
8713,0.892928
8714,0.935936
8715,0.907264
8716,0.948224
8717,0.915456
8718,0.912384
8719,0.948224
8720,0.882688
8721,0.946176
8722,0.890880
8723,0.871424
8724,0.909312
8725,0.958464
8726,0.912384
8727,0.907264
8728,0.861184
8729,0.815104
8730,0.865280
8731,0.860160
8732,0.886784
8733,0.866304
8734,0.871424
8735,0.894976
8736,0.899072
8737,0.906240
8738,0.945152
8739,0.870400
8740,0.913408
8741,0.932864
8742,0.896000
8743,0.910336
8744,0.954368
8745,0.883712
8746,0.904192
8747,0.997376
8748,0.927744
8749,0.875520
8750,0.899072
8751,0.970752
8752,0.868352
8753,0.944128
8754,0.916480
8755,0.910336
8756,0.910336
8757,0.953344
8758,0.888832
8759,0.939008
8760,0.897024
8761,0.963584
8762,0.912384
8763,0.871424
8764,0.883712
8765,0.951296
8766,1.107968
8767,0.808960
8768,0.697344
8769,0.464896
8770,0.364544
8771,0.329728
8772,0.396288
8773,0.322560
8774,0.332800
8775,0.350208
8776,0.302080
8777,0.877568
8778,0.907264
8779,0.923648
8780,0.924672
8781,0.882688
8782,0.973824
8783,0.935936
8784,0.906240
8785,0.898048
8786,0.885760
8787,0.899072
8788,0.962560
8789,0.854016
8790,0.968704
8791,0.868352
8792,0.939008
8793,0.871424
8794,0.861184
8795,0.931840
8796,0.939008
8797,0.947200
8798,0.957440
8799,0.893952
8800,0.867328
8801,0.913408
8802,0.953344
8803,0.880640
8804,0.948224
8805,0.927744
8806,0.897024
8807,0.862208
8808,0.900096
8809,0.850944
8810,0.894976
8811,0.936960
8812,0.881664
8813,0.926720
8814,0.896000
8815,0.880640
8816,0.849920
8817,0.916480
8818,0.922624
8819,0.933888
8820,0.944128
8821,0.896000
8822,0.903168
8823,0.873472
8824,0.941056
8825,0.896000
8826,0.877568
8827,0.910336
8828,0.920576
8829,0.901120
8830,0.901120
8831,0.876544
8832,0.874496
8833,0.886784
8834,0.856064
8835,0.836608
8836,0.819200
8837,0.886784
8838,0.849920
8839,0.918528
8840,0.890880
8841,0.902144
8842,0.535552
8843,0.852992
8844,0.872448
8845,0.841728
8846,0.825344
8847,0.855040
8848,0.805888
8849,0.906240
8850,0.847872
8851,0.889856
8852,0.867328
8853,0.909312
8854,0.890880
8855,0.905216
8856,0.862208
8857,0.911360
8858,0.912384
8859,0.868352
8860,0.863232
8861,0.897024
8862,0.874496
8863,0.880640
8864,0.898048
8865,0.881664
8866,0.905216
8867,0.888832
8868,0.868352
8869,0.871424
8870,0.905216
8871,0.843776
8872,0.876544
8873,0.902144
8874,0.899072
8875,0.875520
8876,0.896000
8877,0.883712
8878,0.885760
8879,0.936960
8880,0.874496
8881,0.896000
8882,0.911360
8883,0.917504
8884,0.872448
8885,0.957440
8886,0.900096
8887,0.896000
8888,0.883712
8889,0.918528
8890,0.903168
8891,0.906240
8892,0.905216
8893,0.933888
8894,0.897024
8895,0.935936
8896,0.929792
8897,0.918528
8898,0.933888
8899,0.885760
8900,0.913408
8901,0.862208
8902,0.850944
8903,0.855040
8904,0.910336
8905,0.940032
8906,0.909312
8907,0.841728
8908,0.654336
8909,0.917504
8910,0.921600
8911,0.901120
8912,0.900096
8913,0.929792
8914,0.897024
8915,0.922624
8916,0.900096
8917,0.869376
8918,0.907264
8919,0.901120
8920,0.917504
8921,0.891904
8922,0.900096
8923,0.883712
8924,0.910336
8925,2.338816
8926,0.860160
8927,2.164736
8928,0.862208
8929,0.883712
8930,0.855040
8931,0.878592
8932,0.862208
8933,0.842752
8934,0.898048
8935,0.917504
8936,0.886784
8937,0.953344
8938,0.907264
8939,0.893952
8940,0.823296
8941,0.944128
8942,0.862208
8943,0.936960
8944,0.967680
8945,0.898048
8946,0.886784
8947,0.905216
8948,0.854016
8949,0.900096
8950,0.912384
8951,0.931840
8952,0.896000
8953,0.934912
8954,0.862208
8955,0.857088
8956,0.847872
8957,0.886784
8958,0.860160
8959,0.893952
8960,0.867328
8961,0.908288
8962,0.908288
8963,3.373056
8964,0.898048
8965,0.894976
8966,0.937984
8967,0.889856
8968,0.730112
8969,0.452608
8970,0.354304
8971,0.340992
8972,0.808960
8973,1.827840
8974,0.906240
8975,0.911360
8976,0.875520
8977,0.886784
8978,0.910336
8979,0.857088
8980,0.842752
8981,0.861184
8982,3.465216
8983,0.885760
8984,0.872448
8985,0.867328
8986,0.887808
8987,0.901120
8988,0.898048
8989,0.871424
8990,0.899072
8991,0.906240
8992,0.868352
8993,0.824320
8994,0.846848
8995,0.877568
8996,0.879616
8997,0.902144
8998,0.858112
8999,0.886784
9000,0.896000
9001,0.932864
9002,0.923648
9003,0.883712
9004,0.914432
9005,0.901120
9006,0.893952
9007,0.886784
9008,0.902144
9009,0.876544
9010,0.888832
9011,0.898048
9012,0.896000
9013,0.920576
9014,0.947200
9015,0.912384
9016,0.882688
9017,0.886784
9018,0.947200
9019,0.892928
9020,0.930816
9021,0.879616
9022,0.883712
9023,0.996352
9024,0.924672
9025,0.806912
9026,0.866304
9027,0.915456
9028,0.907264
9029,0.912384
9030,0.945152
9031,0.915456
9032,0.886784
9033,0.769024
9034,0.615424
9035,0.928768
9036,0.931840
9037,0.900096
9038,0.901120
9039,0.852992
9040,0.897024
9041,0.901120
9042,0.899072
9043,0.882688
9044,0.882688
9045,0.902144
9046,0.893952
9047,0.930816
9048,0.918528
9049,0.876544
9050,0.869376
9051,0.840704
9052,0.841728
9053,0.872448
9054,0.854016
9055,0.843776
9056,0.845824
9057,0.880640
9058,0.896000
9059,0.906240
9060,0.843776
9061,0.906240
9062,0.880640
9063,0.889856
9064,0.902144
9065,0.888832
9066,0.893952
9067,0.881664
9068,0.889856
9069,0.828416
9070,0.888832
9071,0.888832
9072,0.876544
9073,0.901120
9074,0.912384
9075,0.859136
9076,0.910336
9077,0.909312
9078,0.903168
9079,0.851968
9080,0.890880
9081,0.882688
9082,0.887808
9083,0.893952
9084,0.868352
9085,0.916480
9086,0.866304
9087,0.889856
9088,0.893952
9089,0.892928
9090,0.858112
9091,0.880640
9092,0.879616
9093,0.884736
9094,0.948224
9095,0.860160
9096,0.909312
9097,0.900096
9098,0.905216
9099,0.836608
9100,0.870400
9101,0.715776
9102,0.521216
9103,0.430080
9104,0.288768
9105,0.473088
9106,0.264192
9107,0.245760
9108,0.258048
9109,0.207872
9110,0.807936
9111,0.897024
9112,0.877568
9113,0.951296
9114,0.899072
9115,0.886784
9116,0.878592
9117,0.873472
9118,0.933888
9119,0.877568
9120,0.876544
9121,0.916480
9122,0.887808
9123,0.880640
9124,0.875520
9125,0.865280
9126,0.872448
9127,0.831488
9128,1.006592
9129,0.831488
9130,0.754688
9131,0.885760
9132,0.877568
9133,0.897024
9134,0.884736
9135,0.795648
9136,0.836608
9137,0.868352
9138,0.858112
9139,0.917504
9140,0.922624
9141,0.839680
9142,0.854016
9143,0.921600
9144,0.926720
9145,0.909312
9146,0.871424
9147,0.896000
9148,0.905216
9149,0.863232
9150,0.878592
9151,0.833536
9152,0.915456
9153,0.880640
9154,0.910336
9155,0.887808
9156,0.906240
9157,0.834560
9158,0.909312
9159,0.886784
9160,0.884736
9161,0.887808
9162,0.903168
9163,0.954368
9164,0.855040
9165,0.889856
9166,0.885760
9167,0.889856
9168,0.897024
9169,0.862208
9170,0.836608
9171,0.869376
9172,0.825344
9173,0.912384
9174,0.873472
9175,0.928768
9176,0.892928
9177,0.687104
9178,0.556032
9179,0.565248
9180,0.518144
9181,0.530432
9182,0.514048
9183,0.501760
9184,0.720896
9185,0.968704
9186,0.891904
9187,0.924672
9188,0.897024
9189,0.925696
9190,0.872448
9191,0.942080
9192,0.901120
9193,0.909312
9194,0.876544
9195,0.890880
9196,0.910336
9197,0.893952
9198,0.871424
9199,0.948224
9200,0.916480
9201,0.882688
9202,0.867328
9203,1.081344
9204,0.859136
9205,0.504832
9206,0.857088
9207,0.908288
9208,0.881664
9209,0.930816
9210,0.861184
9211,0.875520
9212,0.874496
9213,0.930816
9214,0.877568
9215,0.857088
9216,0.881664
9217,0.892928
9218,0.886784
9219,0.838656
9220,0.882688
9221,0.847872
9222,0.873472
9223,0.902144
9224,0.836608
9225,0.915456
9226,0.892928
9227,0.902144
9228,0.894976
9229,0.877568
9230,0.881664
9231,0.865280
9232,0.891904
9233,0.837632
9234,0.920576
9235,0.906240
9236,0.890880
9237,0.904192
9238,0.911360
9239,0.915456
9240,0.913408
9241,0.905216
9242,0.889856
9243,0.886784
9244,0.910336
9245,0.943104
9246,0.929792
9247,0.918528
9248,0.912384
9249,0.917504
9250,1.025024
9251,0.789504
9252,0.776192
9253,0.520192
9254,0.438272
9255,0.356352
9256,0.306176
9257,0.223232
9258,0.168960
9259,0.169984
9260,0.171008
9261,0.171008
9262,0.169984
9263,0.928768
9264,0.888832
9265,0.899072
9266,0.891904
9267,0.952320
9268,0.886784
9269,0.875520
9270,0.920576
9271,0.870400
9272,0.937984
9273,0.876544
9274,0.884736
9275,0.903168
9276,0.871424
9277,0.886784
9278,0.808960
9279,0.855040
9280,0.859136
9281,0.894976
9282,0.857088
9283,0.879616
9284,0.865280
9285,0.937984
9286,0.890880
9287,0.921600
9288,0.874496
9289,0.860160
9290,0.924672
9291,0.877568
9292,0.856064
9293,0.909312
9294,0.889856
9295,0.881664
9296,0.887808
9297,0.880640
9298,0.883712
9299,0.902144
9300,0.871424
9301,0.891904
9302,0.884736
9303,0.844800
9304,0.874496
9305,0.866304
9306,0.867328
9307,0.863232
9308,0.845824
9309,0.887808
9310,0.872448
9311,0.872448
9312,0.766976
9313,0.839680
9314,0.821248
9315,0.867328
9316,0.848896
9317,0.866304
9318,0.847872
9319,0.858112
9320,0.874496
9321,0.860160
9322,0.882688
9323,0.874496
9324,0.935936
9325,0.886784
9326,0.890880
9327,0.917504
9328,0.900096
9329,0.864256
9330,0.806912
9331,0.888832
9332,0.863232
9333,0.976896
9334,0.899072
9335,0.873472
9336,0.875520
9337,0.897024
9338,0.893952
9339,0.877568
9340,0.904192
9341,0.893952
9342,0.867328
9343,0.918528
9344,0.852992
9345,0.883712
9346,0.886784
9347,0.885760
9348,0.897024
9349,0.835584
9350,0.909312
9351,0.867328
9352,0.836608
9353,0.866304
9354,0.901120
9355,0.867328
9356,0.863232
9357,0.887808
9358,0.854016
9359,0.842752
9360,0.855040
9361,0.806912
9362,0.860160
9363,0.894976
9364,0.894976
9365,0.863232
9366,0.950272
9367,0.965632
9368,0.769024
9369,0.881664
9370,0.852992
9371,0.862208
9372,0.902144
9373,0.857088
9374,0.864256
9375,0.887808
9376,0.949248
9377,0.901120
9378,0.905216
9379,0.835584
9380,0.877568
9381,0.847872
9382,0.840704
9383,0.889856
9384,0.828416
9385,0.886784
9386,0.814080
9387,0.876544
9388,0.864256
9389,0.858112
9390,0.899072
9391,0.892928
9392,0.822272
9393,0.905216
9394,0.913408
9395,0.874496
9396,0.914432
9397,0.840704
9398,0.809984
9399,2.155520
9400,0.909312
9401,0.882688
9402,0.884736
9403,0.868352
9404,0.872448
9405,0.860160
9406,0.881664
9407,0.905216
9408,0.868352
9409,0.929792
9410,0.876544
9411,0.833536
9412,0.909312
9413,0.813056
9414,0.890880
9415,0.862208
9416,0.880640
9417,0.873472
9418,0.874496
9419,0.911360
9420,0.870400
9421,0.887808
9422,0.828416
9423,0.868352
9424,0.836608
9425,0.811008
9426,0.817152
9427,0.839680
9428,0.880640
9429,0.822272
9430,0.850944
9431,0.860160
9432,0.845824
9433,0.862208
9434,0.854016
9435,0.858112
9436,0.890880
9437,0.818176
9438,3.103744
9439,0.878592
9440,0.891904
9441,0.884736
9442,0.840704
9443,0.878592
9444,0.876544
9445,1.998848
9446,0.876544
9447,0.875520
9448,0.900096
9449,0.890880
9450,0.874496
9451,0.808960
9452,1.916928
9453,3.440640
9454,0.780288
9455,0.889856
9456,0.865280
9457,0.843776
9458,0.898048
9459,0.867328
9460,0.842752
9461,0.809984
9462,0.708608
9463,0.540672
9464,0.481280
9465,0.459776
9466,0.311296
9467,0.283648
9468,0.198656
9469,0.189440
9470,0.201728
9471,0.194560
9472,0.176128
9473,0.165888
9474,0.164864
9475,0.159744
9476,0.156672
9477,0.167936
9478,0.791552
9479,0.866304
9480,0.907264
9481,0.879616
9482,0.902144
9483,0.890880
9484,0.855040
9485,0.929792
9486,0.858112
9487,0.790528
9488,0.844800
9489,0.845824
9490,0.865280
9491,0.833536
9492,0.906240
9493,0.920576
9494,0.836608
9495,0.862208
9496,0.865280
9497,0.865280
9498,0.838656
9499,0.886784
9500,0.850944
9501,0.834560
9502,0.848896
9503,0.795648
9504,0.815104
9505,0.797696
9506,0.753664
9507,0.867328
9508,0.839680
9509,0.876544
9510,0.838656
9511,0.907264
9512,0.841728
9513,0.837632
9514,0.902144
9515,0.855040
9516,0.864256
9517,0.870400
9518,0.843776
9519,0.902144
9520,0.924672
9521,0.723968
9522,0.852992
9523,0.901120
9524,0.862208
9525,0.827392
9526,0.873472
9527,0.877568
9528,0.897024
9529,0.828416
9530,0.883712
9531,0.833536
9532,0.811008
9533,0.770048
9534,0.821248
9535,0.841728
9536,0.867328
9537,0.842752
9538,0.904192
9539,0.862208
9540,0.848896
9541,0.871424
9542,0.859136
9543,0.871424
9544,0.876544
9545,0.843776
9546,0.849920
9547,0.831488
9548,0.679936
9549,0.546816
9550,0.538624
9551,0.561152
9552,0.449536
9553,0.422912
9554,0.801792
9555,0.878592
9556,0.857088
9557,0.875520
9558,0.883712
9559,0.817152
9560,0.849920
9561,0.833536
9562,0.847872
9563,0.864256
9564,0.830464
9565,0.864256
9566,0.922624
9567,0.868352
9568,0.857088
9569,0.872448
9570,0.873472
9571,0.847872
9572,0.861184
9573,0.866304
9574,0.855040
9575,0.820224
9576,0.866304
9577,0.825344
9578,0.884736
9579,0.866304
9580,0.875520
9581,0.847872
9582,0.892928
9583,0.842752
9584,0.830464
9585,0.864256
9586,0.828416
9587,0.798720
9588,0.781312
9589,0.814080
9590,0.806912
9591,0.830464
9592,0.889856
9593,0.876544
9594,0.841728
9595,0.900096
9596,1.052672
9597,0.786432
9598,0.933888
9599,0.892928
9600,0.869376
9601,0.854016
9602,0.855040
9603,0.852992
9604,0.880640
9605,0.849920
9606,0.887808
9607,0.873472
9608,0.859136
9609,0.885760
9610,0.861184
9611,0.898048
9612,0.865280
9613,0.876544
9614,0.869376
9615,0.874496
9616,0.900096
9617,0.862208
9618,0.858112
9619,0.874496
9620,0.858112
9621,0.885760
9622,0.831488
9623,0.871424
9624,0.754688
9625,0.680960
9626,0.637952
9627,0.615424
9628,0.582656
9629,0.434176
9630,0.875520
9631,0.822272
9632,0.892928
9633,0.821248
9634,0.872448
9635,0.880640
9636,0.876544
9637,0.867328
9638,0.858112
9639,0.876544
9640,0.851968
9641,0.889856
9642,0.845824
9643,0.829440
9644,0.846848
9645,0.844800
9646,0.859136
9647,0.877568
9648,0.850944
9649,0.879616
9650,0.872448
9651,0.836608
9652,0.890880
9653,0.890880
9654,0.866304
9655,0.823296
9656,0.845824
9657,0.887808
9658,0.862208
9659,0.859136
9660,0.844800
9661,0.880640
9662,0.865280
9663,0.889856
9664,0.815104
9665,0.881664
9666,0.890880
9667,0.829440
9668,0.871424
9669,0.838656
9670,0.821248
9671,0.874496
9672,0.859136
9673,0.833536
9674,0.780288
9675,0.827392
9676,0.825344
9677,0.863232
9678,0.835584
9679,0.843776
9680,0.836608
9681,0.881664
9682,2.304000
9683,2.348032
9684,0.805888
9685,0.841728
9686,0.825344
9687,0.816128
9688,0.875520
9689,0.839680
9690,0.842752
9691,0.854016
9692,0.823296
9693,0.819200
9694,0.865280
9695,0.834560
9696,0.835584
9697,0.772096
9698,0.708608
9699,0.694272
9700,0.632832
9701,0.561152
9702,0.395264
9703,0.247808
9704,0.172032
9705,0.174080
9706,0.176128
9707,0.176128
9708,0.168960
9709,0.851968
9710,0.825344
9711,0.866304
9712,0.863232
9713,0.838656
9714,0.849920
9715,0.851968
9716,0.843776
9717,0.849920
9718,0.872448
9719,0.912384
9720,0.839680
9721,0.839680
9722,0.864256
9723,0.778240
9724,0.866304
9725,0.829440
9726,0.869376
9727,0.830464
9728,0.893952
9729,0.846848
9730,0.805888
9731,0.819200
9732,0.833536
9733,0.881664
9734,0.835584
9735,0.847872
9736,0.761856
9737,0.796672
9738,0.894976
9739,0.783360
9740,0.820224
9741,0.864256
9742,0.799744
9743,3.133440
9744,0.786432
9745,0.821248
9746,0.859136
9747,0.848896
9748,0.813056
9749,0.877568
9750,0.887808
9751,1.939456
9752,0.793600
9753,0.876544
9754,0.854016
9755,0.881664
9756,0.868352
9757,0.812032
9758,1.879040
9759,0.856064
9760,3.075072
9761,0.864256
9762,0.813056
9763,0.871424
9764,0.844800
9765,0.828416
9766,0.848896
9767,0.808960
9768,0.837632
9769,0.809984
9770,0.833536
9771,0.781312
9772,0.786432
9773,0.709632
9774,0.652288
9775,0.665600
9776,0.572416
9777,0.761856
9778,0.832512
9779,0.772096
9780,0.796672
9781,0.805888
9782,0.827392
9783,0.803840
9784,0.766976
9785,0.792576
9786,0.759808
9787,0.835584
9788,0.803840
9789,0.793600
9790,0.785408
9791,0.807936
9792,0.754688
9793,0.777216
9794,0.781312
9795,0.813056
9796,0.761856
9797,0.795648
9798,0.775168
9799,0.701440
9800,0.739328
9801,0.739328
9802,0.802816
9803,0.735232
9804,0.766976
9805,0.720896
9806,0.745472
9807,0.747520
9808,0.754688
9809,0.762880
9810,0.780288
9811,0.751616
9812,0.729088
9813,0.740352
9814,0.683008
9815,0.756736
9816,0.786432
9817,0.718848
9818,0.746496
9819,0.747520
9820,0.670720
9821,0.740352
9822,0.749568
9823,0.745472
9824,0.753664
9825,0.770048
9826,0.755712
9827,0.706560
9828,0.796672
9829,0.754688
9830,0.724992
9831,0.752640
9832,0.759808
9833,0.750592
9834,0.750592
9835,0.735232
9836,0.764928
9837,0.793600
9838,0.746496
9839,0.749568
9840,0.741376
9841,0.784384
9842,0.733184
9843,0.762880
9844,0.813056
9845,0.708608
9846,0.749568
9847,0.746496
9848,0.724992
9849,0.785408
9850,0.750592
9851,0.744448
9852,0.718848
9853,0.704512
9854,0.729088
9855,0.710656
9856,0.734208
9857,0.713728
9858,0.718848
9859,0.715776
9860,0.705536
9861,0.466944
9862,0.372736
9863,0.626688
9864,0.741376
9865,0.742400
9866,0.688128
9867,0.718848
9868,0.741376
9869,0.683008
9870,0.688128
9871,0.729088
9872,0.727040
9873,0.742400
9874,0.689152
9875,0.700416
9876,0.673792
9877,0.723968
9878,0.713728
9879,0.714752
9880,0.683008
9881,0.733184
9882,0.647168
9883,0.712704
9884,0.668672
9885,0.693248
9886,0.732160
9887,0.696320
9888,0.681984
9889,0.702464
9890,0.719872
9891,0.742400
9892,0.712704
9893,0.672768
9894,0.695296
9895,0.699392
9896,0.691200
9897,0.719872
9898,0.681984
9899,0.699392
9900,0.724992
9901,0.736256
9902,0.717824
9903,0.706560
9904,0.619520
9905,0.736256
9906,0.670720
9907,0.736256
9908,0.732160
9909,0.699392
9910,0.677888
9911,0.635904
9912,0.724992
9913,0.724992
9914,0.723968
9915,0.709632
9916,0.724992
9917,0.715776
9918,0.748544
9919,0.715776
9920,0.711680
9921,2.332672
9922,0.669696
9923,0.700416
9924,2.319360
9925,0.723968
9926,0.692224
9927,0.713728
9928,0.675840
9929,0.729088
9930,0.680960
9931,0.688128
9932,0.718848
9933,0.705536
9934,0.705536
9935,0.661504
9936,0.750592
9937,0.667648
9938,0.741376
9939,0.724992
9940,0.704512
9941,0.674816
9942,0.720896
9943,0.728064
9944,0.667648
9945,0.701440
9946,0.701440
9947,0.676864
9948,0.672768
9949,0.719872
9950,0.711680
9951,0.695296
9952,0.716800
9953,0.687104
9954,0.480256
9955,0.664576
9956,0.677888
9957,0.666624
9958,0.662528
9959,0.691200
9960,0.650240
9961,0.686080
9962,2.639872
9963,0.716800
9964,0.689152
9965,0.663552
9966,0.673792
9967,0.649216
9968,0.638976
9969,0.715776
9970,0.690176
9971,0.658432
9972,0.710656
9973,0.693248
9974,0.602112
9975,0.672768
9976,0.625664
9977,0.709632
9978,0.644096
9979,0.647168
9980,0.649216
9981,0.649216
9982,0.646144
9983,0.653312
9984,0.704512
9985,0.663552
9986,1.730560
9987,0.684032
9988,0.680960
9989,0.630784
9990,0.674816
9991,0.673792
9992,0.662528
9993,0.664576
9994,1.826816
9995,0.595968
9996,2.893824
9997,0.667648
9998,0.641024
9999,0.706560
