iter,ms
0,0.235520
1,0.217088
2,0.207872
3,0.211968
4,0.216064
5,0.209920
6,0.215040
7,0.194560
8,0.199680
9,0.221184
10,0.217088
11,0.235520
12,0.244736
13,0.235520
14,0.245760
15,0.205824
16,0.202752
17,0.221184
18,0.221184
19,0.205824
20,0.190464
21,0.210944
22,0.214016
23,0.201728
24,0.196608
25,0.206848
26,0.220160
27,0.191488
28,0.203776
29,0.211968
30,0.217088
31,0.225280
32,0.276480
33,0.321536
34,0.231424
35,0.338944
36,0.291840
37,0.244736
38,0.238592
39,0.330752
40,0.559104
41,0.408576
42,0.273408
43,0.405504
44,0.232448
45,0.203776
46,0.214016
47,0.229376
48,0.205824
49,0.233472
50,0.240640
51,0.217088
52,0.220160
53,0.216064
54,0.212992
55,0.200704
56,0.176128
57,0.210944
58,0.192512
59,0.212992
60,0.233472
61,0.205824
62,0.228352
63,0.303104
64,0.225280
65,0.220160
66,0.221184
67,0.228352
68,0.279552
69,0.494592
70,0.307200
71,0.259072
72,0.217088
73,0.245760
74,0.234496
75,0.244736
76,0.238592
77,0.243712
78,0.283648
79,0.249856
80,0.245760
81,0.240640
82,0.242688
83,0.219136
84,0.235520
85,0.232448
86,0.242688
87,0.231424
88,0.205824
89,0.248832
90,0.232448
91,0.225280
92,0.311296
93,0.207872
94,0.215040
95,0.239616
96,0.225280
97,0.251904
98,0.225280
99,0.230400
100,0.329728
101,0.226304
102,0.220160
103,0.231424
104,0.202752
105,0.194560
106,0.232448
107,0.216064
108,0.259072
109,0.299008
110,0.237568
111,0.214016
112,0.190464
113,0.185344
114,0.197632
115,0.193536
116,0.212992
117,0.208896
118,0.234496
119,0.229376
120,0.218112
121,0.334848
122,0.407552
123,0.277504
124,0.308224
125,0.258048
126,0.285696
127,0.393216
128,0.290816
129,0.267264
130,0.434176
131,0.300032
132,0.295936
133,0.199680
134,0.281600
135,0.295936
136,0.332800
137,0.262144
138,0.250880
139,0.278528
140,0.289792
141,0.274432
142,0.236544
143,0.316416
144,0.282624
145,0.263168
146,0.322560
147,0.302080
148,0.307200
149,0.342016
150,0.332800
151,0.360448
152,0.408576
153,0.386048
154,0.311296
155,0.406528
156,0.348160
157,0.328704
158,0.313344
159,0.374784
160,0.393216
161,0.360448
162,0.343040
163,0.376832
164,0.364544
165,0.366592
166,0.394240
167,0.380928
168,0.417792
169,0.403456
170,0.412672
171,0.435200
172,0.423936
173,0.377856
174,0.380928
175,0.413696
176,0.335872
177,0.386048
178,0.400384
179,0.354304
180,0.311296
181,0.283648
182,0.306176
183,0.301056
184,0.427008
185,0.398336
186,0.356352
187,0.387072
188,0.385024
189,0.363520
190,0.386048
191,0.363520
192,0.413696
193,0.379904
194,0.445440
195,0.379904
196,0.378880
197,0.403456
198,0.401408
199,0.424960
200,0.411648
201,0.388096
202,0.456704
203,0.397312
204,0.420864
205,0.450560
206,0.415744
207,0.247808
208,0.416768
209,0.457728
210,0.382976
211,0.423936
212,0.407552
213,0.416768
214,0.420864
215,0.322560
216,0.333824
217,0.390144
218,0.453632
219,0.442368
220,0.485376
221,0.478208
222,0.480256
223,0.464896
224,0.498688
225,0.492544
226,0.479232
227,0.517120
228,0.485376
229,0.475136
230,0.505856
231,0.489472
232,0.486400
233,0.537600
234,0.547840
235,0.495616
236,0.552960
237,0.559104
238,0.499712
239,0.535552
240,0.570368
241,0.549888
242,0.526336
243,0.564224
244,0.526336
245,0.618496
246,0.543744
247,0.538624
248,0.518144
249,0.537600
250,0.566272
251,0.599040
252,0.551936
253,0.599040
254,0.581632
255,0.611328
256,0.609280
257,0.588800
258,0.599040
259,0.624640
260,0.652288
261,0.582656
262,0.643072
263,0.602112
264,0.663552
265,0.607232
266,0.604160
267,0.626688
268,0.694272
269,0.636928
270,0.659456
271,0.651264
272,0.654336
273,0.684032
274,0.709632
275,0.678912
276,0.651264
277,0.663552
278,0.632832
279,0.660480
280,0.733184
281,0.737280
282,0.792576
283,0.589824
284,0.671744
285,0.652288
286,0.694272
287,0.738304
288,0.695296
289,0.715776
290,0.692224
291,0.731136
292,0.698368
293,0.598016
294,0.712704
295,0.720896
296,0.747520
297,0.719872
298,0.750592
299,0.826368
300,0.681984
301,0.699392
302,0.697344
303,0.706560
304,0.687104
305,0.717824
306,0.704512
307,0.747520
308,0.715776
309,0.749568
310,0.768000
311,0.731136
312,0.760832
313,0.694272
314,0.762880
315,0.665600
316,0.744448
317,0.708608
318,0.733184
319,0.719872
320,0.711680
321,0.762880
322,0.766976
323,0.739328
324,0.680960
325,0.707584
326,0.749568
327,0.745472
328,0.752640
329,0.770048
330,0.709632
331,0.771072
332,0.697344
333,0.653312
334,0.726016
335,0.695296
336,0.745472
337,0.695296
338,0.715776
339,0.744448
340,0.694272
341,0.761856
342,0.749568
343,0.874496
344,0.778240
345,0.760832
346,0.674816
347,0.766976
348,0.793600
349,0.747520
350,0.778240
351,0.774144
352,0.787456
353,0.782336
354,0.758784
355,0.724992
356,0.706560
357,0.742400
358,0.727040
359,1.008640
360,0.696320
361,0.790528
362,0.808960
363,0.790528
364,0.773120
365,0.790528
366,0.779264
367,0.712704
368,0.786432
369,0.762880
370,0.653312
371,0.719872
372,0.791552
373,0.815104
374,0.585728
375,0.688128
376,0.786432
377,0.819200
378,0.845824
379,0.828416
380,0.809984
381,0.821248
382,0.846848
383,0.823296
384,0.830464
385,0.776192
386,0.819200
387,0.839680
388,0.764928
389,0.766976
390,0.825344
391,0.765952
392,0.870400
393,0.847872
394,0.783360
395,0.818176
396,0.840704
397,0.863232
398,0.836608
399,0.778240
400,0.831488
401,0.820224
402,0.791552
403,0.826368
404,0.836608
405,0.855040
406,0.848896
407,0.857088
408,0.866304
409,0.856064
410,0.763904
411,0.824320
412,0.803840
413,0.811008
414,0.777216
415,0.825344
416,0.849920
417,1.025024
418,0.766976
419,0.868352
420,0.844800
421,0.826368
422,0.841728
423,0.854016
424,0.869376
425,0.827392
426,0.841728
427,0.843776
428,0.831488
429,0.841728
430,0.790528
431,0.824320
432,0.821248
433,0.841728
434,0.818176
435,0.833536
436,0.862208
437,0.826368
438,0.817152
439,0.732160
440,0.647168
441,0.407552
442,0.310272
443,0.308224
444,0.297984
445,0.310272
446,0.317440
447,0.314368
448,0.219136
449,0.185344
450,0.185344
451,0.182272
452,0.187392
453,0.167936
454,0.165888
455,0.166912
456,0.166912
457,0.164864
458,0.157696
459,0.842752
460,0.847872
461,0.821248
462,0.869376
463,0.862208
464,0.852992
465,0.814080
466,0.816128
467,0.846848
468,0.851968
469,0.878592
470,0.849920
471,0.859136
472,0.846848
473,0.869376
474,0.892928
475,0.802816
476,0.864256
477,0.855040
478,0.847872
479,0.871424
480,0.838656
481,0.846848
482,0.836608
483,0.825344
484,0.861184
485,0.874496
486,0.870400
487,0.859136
488,0.831488
489,0.868352
490,0.883712
491,0.929792
492,0.901120
493,0.825344
494,0.889856
495,0.898048
496,0.854016
497,0.836608
498,0.863232
499,0.880640
500,0.873472
501,0.854016
502,0.885760
503,0.842752
504,0.992256
505,1.166336
506,0.781312
507,0.900096
508,0.928768
509,0.844800
510,0.886784
511,0.857088
512,0.833536
513,0.917504
514,0.860160
515,0.887808
516,0.885760
517,0.858112
518,0.862208
519,0.878592
520,0.875520
521,0.886784
522,0.863232
523,0.848896
524,0.834560
525,0.698368
526,0.665600
527,0.537600
528,0.737280
529,0.949248
530,0.936960
531,0.905216
532,0.893952
533,0.858112
534,0.861184
535,0.865280
536,0.891904
537,0.926720
538,0.926720
539,0.886784
540,0.929792
541,0.904192
542,0.906240
543,0.916480
544,0.879616
545,0.922624
546,0.917504
547,0.915456
548,0.912384
549,0.922624
550,0.924672
551,0.936960
552,0.924672
553,0.909312
554,0.909312
555,0.930816
556,0.932864
557,0.874496
558,0.907264
559,0.920576
560,0.868352
561,0.910336
562,0.892928
563,0.860160
564,0.852992
565,0.863232
566,0.840704
567,0.834560
568,0.859136
569,0.865280
570,0.869376
571,0.875520
572,0.913408
573,0.883712
574,0.903168
575,0.912384
576,0.894976
577,0.834560
578,0.935936
579,0.900096
580,0.871424
581,0.873472
582,0.909312
583,0.907264
584,0.922624
585,0.921600
586,0.909312
587,0.947200
588,0.866304
589,0.941056
590,0.934912
591,0.923648
592,0.881664
593,0.528384
594,0.862208
595,0.857088
596,0.817152
597,0.841728
598,0.819200
599,0.920576
600,0.854016
601,0.949248
602,0.880640
603,0.918528
604,0.880640
605,0.881664
606,0.937984
607,0.925696
608,0.901120
609,0.889856
610,0.904192
611,1.012736
612,0.813056
613,0.886784
614,0.867328
615,0.865280
616,0.866304
617,0.885760
618,0.935936
619,0.842752
620,0.889856
621,0.913408
622,0.922624
623,0.903168
624,0.942080
625,0.903168
626,0.920576
627,0.903168
628,0.939008
629,0.898048
630,0.897024
631,0.906240
632,0.927744
633,0.884736
634,0.854016
635,0.843776
636,0.903168
637,0.858112
638,0.956416
639,0.932864
640,0.894976
641,0.925696
642,0.922624
643,0.941056
644,0.925696
645,0.899072
646,0.917504
647,0.935936
648,0.916480
649,0.942080
650,0.890880
651,0.935936
652,0.957440
653,0.940032
654,0.925696
655,0.874496
656,0.962560
657,0.930816
658,0.732160
659,0.557056
660,0.513024
661,0.450560
662,0.432128
663,0.380928
664,0.401408
665,0.324608
666,0.340992
667,0.320512
668,0.666624
669,0.891904
670,0.785408
671,0.835584
672,0.966656
673,0.886784
674,0.873472
675,0.901120
676,0.914432
677,0.885760
678,0.898048
679,0.903168
680,0.903168
681,0.906240
682,0.928768
683,0.884736
684,0.856064
685,0.894976
686,0.812032
687,0.907264
688,0.882688
689,0.918528
690,0.880640
691,0.880640
692,0.943104
693,0.911360
694,0.925696
695,0.952320
696,0.911360
697,0.887808
698,0.896000
699,0.896000
700,0.949248
701,0.927744
702,0.941056
703,0.892928
704,0.964608
705,0.923648
706,0.912384
707,0.874496
708,0.925696
709,0.844800
710,0.942080
711,0.930816
712,0.843776
713,0.920576
714,0.966656
715,0.918528
716,0.916480
717,0.921600
718,0.892928
719,0.978944
720,0.891904
721,0.920576
722,0.916480
723,0.905216
724,0.922624
725,0.893952
726,0.966656
727,0.996352
728,0.890880
729,0.934912
730,0.943104
731,0.859136
732,0.676864
733,0.632832
734,0.513024
735,0.487424
736,0.466944
737,0.288768
738,0.222208
739,0.237568
740,0.211968
741,0.156672
742,0.150528
743,0.157696
744,0.154624
745,0.154624
746,0.152576
747,0.706560
748,0.956416
749,0.912384
750,0.941056
751,0.927744
752,0.916480
753,0.930816
754,0.917504
755,0.905216
756,0.855040
757,0.448512
758,0.828416
759,0.894976
760,0.935936
761,0.975872
762,0.906240
763,0.900096
764,0.935936
765,0.930816
766,0.871424
767,0.906240
768,0.894976
769,0.945152
770,0.865280
771,0.961536
772,0.903168
773,0.899072
774,0.890880
775,0.928768
776,0.917504
777,0.900096
778,0.927744
779,0.894976
780,0.896000
781,0.939008
782,0.943104
783,0.907264
784,0.916480
785,0.914432
786,0.960512
787,0.910336
788,0.900096
789,0.894976
790,0.911360
791,0.979968
792,0.918528
793,0.916480
794,0.892928
795,0.925696
796,0.932864
797,0.899072
798,0.922624
799,0.914432
800,0.880640
801,0.947200
802,0.922624
803,0.951296
804,0.935936
805,0.949248
806,0.967680
807,0.910336
808,0.899072
809,0.930816
810,0.907264
811,0.777216
812,0.438272
813,0.276480
814,0.272384
815,0.278528
816,0.274432
817,0.236544
818,0.190464
819,0.205824
820,0.197632
821,0.190464
822,0.733184
823,0.941056
824,0.871424
825,0.906240
826,0.929792
827,0.919552
828,0.918528
829,0.899072
830,0.922624
831,0.912384
832,0.599040
833,0.931840
834,0.868352
835,0.913408
836,0.910336
837,0.936960
838,0.901120
839,1.007616
840,0.880640
841,0.923648
842,0.882688
843,0.943104
844,0.920576
845,0.870400
846,0.904192
847,0.966656
848,0.921600
849,0.926720
850,0.945152
851,0.870400
852,0.876544
853,0.899072
854,0.933888
855,0.869376
856,0.912384
857,0.942080
858,0.916480
859,0.931840
860,0.902144
861,0.901120
862,0.935936
863,0.906240
864,0.962560
865,0.886784
866,0.866304
867,0.979968
868,0.898048
869,0.914432
870,0.939008
871,0.968704
872,0.894976
873,0.958464
874,0.946176
875,0.928768
876,0.913408
877,0.921600
878,0.862208
879,0.924672
880,0.845824
881,0.940032
882,0.948224
883,0.941056
884,0.992256
885,0.882688
886,0.629760
887,0.918528
888,0.946176
889,0.942080
890,0.943104
891,0.923648
892,0.885760
893,0.908288
894,0.906240
895,0.921600
896,0.910336
897,0.903168
898,0.832512
899,0.864256
900,0.801792
901,0.834560
902,0.913408
903,1.119232
904,0.816128
905,0.862208
906,0.849920
907,0.884736
908,0.878592
909,0.913408
910,0.933888
911,0.965632
912,0.862208
913,0.907264
914,0.906240
915,0.846848
916,0.908288
917,0.866304
918,0.898048
919,0.901120
920,0.902144
921,0.871424
922,0.860160
923,0.918528
924,0.896000
925,0.894976
926,0.897024
927,0.937984
928,0.872448
929,0.887808
930,0.923648
931,0.907264
932,0.901120
933,0.890880
934,0.913408
935,0.904192
936,0.878592
937,0.900096
938,0.888832
939,0.903168
940,0.848896
941,0.926720
942,0.862208
943,0.883712
944,0.908288
945,0.932864
946,0.923648
947,0.870400
948,0.859136
949,0.955392
950,0.890880
951,0.647168
952,0.420864
953,0.339968
954,0.322560
955,0.280576
956,0.287744
957,0.260096
958,0.250880
959,0.265216
960,0.263168
961,0.253952
962,0.252928
963,0.262144
964,0.217088
965,0.758784
966,0.939008
967,0.894976
968,0.966656
969,0.842752
970,0.903168
971,0.975872
972,0.832512
973,0.876544
974,0.906240
975,0.836608
976,0.872448
977,0.919552
978,0.883712
979,0.920576
980,0.930816
981,0.884736
982,0.872448
983,0.911360
984,0.966656
985,0.893952
986,0.905216
987,0.862208
988,0.926720
989,0.886784
990,0.913408
991,0.859136
992,0.826368
993,0.868352
994,0.848896
995,0.950272
996,0.885760
997,0.902144
998,0.927744
999,0.862208
1000,0.941056
1001,0.889856
1002,0.915456
1003,0.921600
1004,0.891904
1005,0.899072
1006,0.874496
1007,0.926720
1008,0.913408
1009,0.929792
1010,0.928768
1011,0.907264
1012,0.912384
1013,0.906240
1014,0.901120
1015,0.978944
1016,0.937984
1017,0.902144
1018,0.905216
1019,0.928768
1020,0.940032
1021,0.887808
1022,0.905216
1023,0.901120
1024,0.920576
1025,0.879616
1026,0.934912
1027,0.850944
1028,0.901120
1029,0.897024
1030,0.684032
1031,0.440320
1032,0.410624
1033,0.317440
1034,0.314368
1035,0.251904
1036,0.242688
1037,0.256000
1038,0.250880
1039,0.204800
1040,0.205824
1041,0.204800
1042,0.207872
1043,0.168960
1044,0.158720
1045,0.166912
1046,0.161792
1047,0.162816
1048,0.157696
1049,0.985088
1050,0.888832
1051,0.917504
1052,0.914432
1053,0.906240
1054,0.933888
1055,0.943104
1056,0.914432
1057,0.928768
1058,0.976896
1059,0.865280
1060,0.904192
1061,0.881664
1062,0.870400
1063,0.987136
1064,0.867328
1065,0.959488
1066,0.936960
1067,0.956416
1068,0.834560
1069,0.901120
1070,0.921600
1071,0.941056
1072,0.907264
1073,0.893952
1074,0.905216
1075,0.883712
1076,0.967680
1077,0.873472
1078,0.930816
1079,0.963584
1080,0.908288
1081,0.934912
1082,0.862208
1083,0.883712
1084,0.968704
1085,0.901120
1086,0.903168
1087,0.872448
1088,0.928768
1089,0.899072
1090,0.964608
1091,0.930816
1092,0.939008
1093,0.957440
1094,0.906240
1095,0.934912
1096,0.910336
1097,0.877568
1098,0.964608
1099,0.900096
1100,0.917504
1101,0.958464
1102,0.933888
1103,0.953344
1104,0.939008
1105,0.933888
1106,0.976896
1107,0.939008
1108,0.972800
1109,0.925696
1110,0.900096
1111,0.598016
1112,0.844800
1113,0.553984
1114,0.515072
1115,0.838656
1116,0.928768
1117,0.949248
1118,0.896000
1119,0.908288
1120,0.965632
1121,0.908288
1122,0.903168
1123,0.976896
1124,0.865280
1125,0.927744
1126,0.976896
1127,0.924672
1128,0.932864
1129,0.880640
1130,0.947200
1131,0.916480
1132,0.893952
1133,0.945152
1134,0.929792
1135,0.957440
1136,0.913408
1137,0.892928
1138,0.902144
1139,0.877568
1140,0.905216
1141,0.945152
1142,0.947200
1143,0.927744
1144,0.917504
1145,0.888832
1146,0.927744
1147,0.914432
1148,0.931840
1149,0.906240
1150,0.903168
1151,0.929792
1152,0.877568
1153,0.914432
1154,0.908288
1155,0.906240
1156,0.915456
1157,0.915456
1158,0.912384
1159,0.920576
1160,0.868352
1161,0.840704
1162,0.886784
1163,0.906240
1164,0.905216
1165,0.907264
1166,0.898048
1167,0.883712
1168,0.957440
1169,0.889856
1170,0.970752
1171,0.921600
1172,0.944128
1173,0.925696
1174,0.916480
1175,0.902144
1176,0.875520
1177,0.950272
1178,0.898048
1179,0.567296
1180,0.446464
1181,0.331776
1182,0.287744
1183,0.301056
1184,0.266240
1185,0.259072
1186,0.248832
1187,0.235520
1188,0.795648
1189,0.969728
1190,0.869376
1191,0.901120
1192,0.962560
1193,0.931840
1194,0.888832
1195,0.935936
1196,0.943104
1197,0.943104
1198,0.891904
1199,0.898048
1200,0.935936
1201,0.912384
1202,0.883712
1203,0.942080
1204,0.897024
1205,0.882688
1206,0.911360
1207,0.919552
1208,0.921600
1209,0.881664
1210,0.832512
1211,0.857088
1212,0.867328
1213,0.881664
1214,0.881664
1215,0.874496
1216,0.917504
1217,0.937984
1218,0.937984
1219,0.898048
1220,0.917504
1221,0.930816
1222,0.917504
1223,0.877568
1224,0.916480
1225,0.907264
1226,0.930816
1227,0.869376
1228,0.934912
1229,0.935936
1230,0.872448
1231,0.906240
1232,0.917504
1233,0.954368
1234,0.900096
1235,0.911360
1236,0.976896
1237,0.991232
1238,0.899072
1239,0.926720
1240,0.931840
1241,0.898048
1242,0.956416
1243,0.966656
1244,0.872448
1245,0.872448
1246,0.945152
1247,0.866304
1248,0.949248
1249,0.925696
1250,0.927744
1251,0.927744
1252,0.776192
1253,0.509952
1254,0.525312
1255,0.489472
1256,0.353280
1257,0.227328
1258,0.219136
1259,0.219136
1260,0.198656
1261,0.190464
1262,0.188416
1263,0.189440
1264,0.187392
1265,0.925696
1266,0.917504
1267,0.936960
1268,0.913408
1269,0.886784
1270,1.003520
1271,0.865280
1272,0.897024
1273,0.940032
1274,0.936960
1275,0.913408
1276,0.923648
1277,0.894976
1278,0.878592
1279,0.928768
1280,0.894976
1281,0.880640
1282,0.886784
1283,0.851968
1284,0.873472
1285,0.870400
1286,0.878592
1287,0.898048
1288,0.872448
1289,0.897024
1290,0.922624
1291,0.922624
1292,0.961536
1293,0.927744
1294,0.903168
1295,0.923648
1296,0.951296
1297,0.887808
1298,0.862208
1299,0.949248
1300,0.934912
1301,0.914432
1302,0.888832
1303,0.925696
1304,0.844800
1305,0.898048
1306,0.888832
1307,0.904192
1308,0.927744
1309,0.902144
1310,0.880640
1311,0.955392
1312,0.869376
1313,0.978944
1314,0.919552
1315,0.927744
1316,0.855040
1317,0.900096
1318,0.972800
1319,0.976896
1320,0.919552
1321,0.903168
1322,0.912384
1323,0.949248
1324,0.919552
1325,0.921600
1326,0.912384
1327,0.921600
1328,0.842752
1329,0.617472
1330,0.526336
1331,0.352256
1332,0.324608
1333,0.314368
1334,0.344064
1335,0.381952
1336,0.746496
1337,0.978944
1338,0.927744
1339,0.903168
1340,0.921600
1341,0.905216
1342,0.876544
1343,0.959488
1344,0.909312
1345,0.946176
1346,0.929792
1347,0.900096
1348,0.915456
1349,0.962560
1350,0.897024
1351,0.945152
1352,0.915456
1353,0.934912
1354,0.915456
1355,0.922624
1356,0.937984
1357,0.904192
1358,0.925696
1359,0.937984
1360,0.856064
1361,0.921600
1362,0.821248
1363,0.863232
1364,0.889856
1365,0.904192
1366,0.888832
1367,0.907264
1368,0.923648
1369,0.965632
1370,0.888832
1371,0.867328
1372,0.889856
1373,0.894976
1374,0.911360
1375,0.861184
1376,0.896000
1377,0.852992
1378,0.885760
1379,0.942080
1380,0.879616
1381,0.989184
1382,0.901120
1383,0.922624
1384,1.018880
1385,0.873472
1386,0.935936
1387,0.970752
1388,0.935936
1389,0.922624
1390,0.925696
1391,0.911360
1392,0.977920
1393,0.900096
1394,0.925696
1395,0.941056
1396,0.953344
1397,0.892928
1398,0.919552
1399,0.970752
1400,0.651264
1401,0.946176
1402,0.969728
1403,0.913408
1404,0.892928
1405,0.917504
1406,0.900096
1407,0.903168
1408,0.866304
1409,0.884736
1410,0.831488
1411,0.850944
1412,0.900096
1413,0.954368
1414,0.874496
1415,0.915456
1416,0.929792
1417,0.879616
1418,0.859136
1419,0.874496
1420,0.884736
1421,0.904192
1422,0.884736
1423,0.959488
1424,0.919552
1425,0.924672
1426,0.949248
1427,0.952320
1428,0.890880
1429,0.932864
1430,0.888832
1431,0.901120
1432,0.887808
1433,0.924672
1434,0.901120
1435,0.915456
1436,0.908288
1437,0.932864
1438,0.899072
1439,0.930816
1440,0.921600
1441,0.928768
1442,0.891904
1443,0.944128
1444,0.903168
1445,0.846848
1446,0.898048
1447,0.876544
1448,0.905216
1449,0.857088
1450,0.850944
1451,0.920576
1452,0.928768
1453,0.921600
1454,0.940032
1455,0.947200
1456,0.886784
1457,1.032192
1458,0.867328
1459,0.969728
1460,0.936960
1461,0.907264
1462,0.945152
1463,0.945152
1464,0.865280
1465,0.706560
1466,0.747520
1467,0.856064
1468,0.952320
1469,0.896000
1470,0.893952
1471,0.925696
1472,0.902144
1473,0.893952
1474,0.829440
1475,0.864256
1476,0.890880
1477,0.887808
1478,0.924672
1479,1.059840
1480,0.893952
1481,0.860160
1482,0.920576
1483,0.863232
1484,0.908288
1485,0.877568
1486,0.926720
1487,0.869376
1488,0.889856
1489,0.916480
1490,0.905216
1491,0.894976
1492,0.886784
1493,0.979968
1494,0.877568
1495,0.934912
1496,0.888832
1497,0.879616
1498,0.876544
1499,0.851968
1500,0.865280
1501,0.857088
1502,0.904192
1503,0.900096
1504,0.921600
1505,0.901120
1506,0.865280
1507,0.949248
1508,0.867328
1509,0.919552
1510,0.928768
1511,0.887808
1512,0.884736
1513,0.901120
1514,0.896000
1515,0.906240
1516,0.923648
1517,0.900096
1518,0.866304
1519,0.919552
1520,0.882688
1521,0.912384
1522,0.894976
1523,0.919552
1524,0.934912
1525,0.916480
1526,0.919552
1527,0.889856
1528,0.887808
1529,0.912384
1530,0.841728
1531,0.709632
1532,0.719872
1533,0.918528
1534,0.919552
1535,0.872448
1536,0.933888
1537,0.944128
1538,0.881664
1539,0.923648
1540,0.892928
1541,0.866304
1542,0.883712
1543,0.931840
1544,0.907264
1545,0.869376
1546,0.836608
1547,0.862208
1548,0.854016
1549,0.849920
1550,0.970752
1551,0.942080
1552,0.908288
1553,0.877568
1554,0.923648
1555,0.924672
1556,0.894976
1557,0.918528
1558,0.932864
1559,0.867328
1560,0.910336
1561,0.879616
1562,0.885760
1563,0.903168
1564,0.859136
1565,0.920576
1566,0.898048
1567,0.914432
1568,0.864256
1569,0.874496
1570,0.877568
1571,0.845824
1572,0.964608
1573,0.904192
1574,0.848896
1575,0.884736
1576,0.825344
1577,0.956416
1578,0.870400
1579,0.929792
1580,0.944128
1581,0.901120
1582,0.940032
1583,0.923648
1584,0.864256
1585,0.852992
1586,0.879616
1587,0.876544
1588,0.844800
1589,0.871424
1590,0.940032
1591,0.894976
1592,0.872448
1593,0.933888
1594,0.871424
1595,0.947200
1596,0.883712
1597,0.776192
1598,0.470016
1599,0.376832
1600,0.294912
1601,0.285696
1602,0.215040
1603,0.206848
1604,0.196608
1605,0.204800
1606,0.184320
1607,0.182272
1608,0.173056
1609,0.182272
1610,0.177152
1611,0.171008
1612,0.162816
1613,0.159744
1614,0.160768
1615,0.160768
1616,0.163840
1617,0.155648
1618,0.766976
1619,0.889856
1620,0.913408
1621,0.901120
1622,0.883712
1623,0.931840
1624,0.980992
1625,0.924672
1626,0.934912
1627,0.889856
1628,0.896000
1629,0.905216
1630,0.889856
1631,0.899072
1632,0.881664
1633,0.944128
1634,0.920576
1635,0.830464
1636,0.915456
1637,0.874496
1638,0.899072
1639,0.871424
1640,0.904192
1641,0.941056
1642,0.916480
1643,0.877568
1644,0.928768
1645,0.902144
1646,0.892928
1647,0.932864
1648,0.899072
1649,0.909312
1650,0.874496
1651,0.913408
1652,0.940032
1653,0.891904
1654,0.872448
1655,0.887808
1656,0.871424
1657,0.900096
1658,0.918528
1659,0.886784
1660,0.899072
1661,0.838656
1662,0.875520
1663,0.860160
1664,0.944128
1665,0.939008
1666,0.884736
1667,0.925696
1668,0.931840
1669,0.846848
1670,0.913408
1671,0.907264
1672,0.883712
1673,0.954368
1674,0.918528
1675,0.894976
1676,0.874496
1677,0.940032
1678,0.861184
1679,0.942080
1680,0.898048
1681,0.870400
1682,0.851968
1683,0.642048
1684,0.540672
1685,0.243712
1686,0.223232
1687,0.226304
1688,0.230400
1689,0.209920
1690,0.220160
1691,0.207872
1692,0.204800
1693,0.175104
1694,0.167936
1695,0.183296
1696,0.178176
1697,0.165888
1698,0.915456
1699,0.957440
1700,0.919552
1701,0.892928
1702,0.964608
1703,0.901120
1704,0.918528
1705,0.902144
1706,0.872448
1707,0.940032
1708,0.851968
1709,0.900096
1710,0.904192
1711,0.864256
1712,0.852992
1713,0.901120
1714,0.884736
1715,0.815104
1716,0.880640
1717,0.854016
1718,0.910336
1719,0.871424
1720,0.923648
1721,0.886784
1722,0.934912
1723,0.914432
1724,0.937984
1725,0.900096
1726,0.935936
1727,0.917504
1728,0.878592
1729,0.915456
1730,0.900096
1731,0.915456
1732,0.890880
1733,0.912384
1734,0.921600
1735,0.912384
1736,0.868352
1737,0.946176
1738,0.907264
1739,0.883712
1740,0.999424
1741,0.922624
1742,0.913408
1743,0.890880
1744,0.909312
1745,0.929792
1746,0.899072
1747,0.921600
1748,0.873472
1749,0.833536
1750,0.943104
1751,0.896000
1752,0.942080
1753,0.887808
1754,0.913408
1755,0.911360
1756,0.906240
1757,0.918528
1758,0.905216
1759,0.918528
1760,0.884736
1761,0.901120
1762,0.764928
1763,0.571392
1764,0.532480
1765,0.417792
1766,0.391168
1767,0.287744
1768,0.281600
1769,0.265216
1770,0.230400
1771,0.220160
1772,0.232448
1773,0.216064
1774,0.156672
1775,0.150528
1776,0.149504
1777,0.148480
1778,0.149504
1779,0.149504
1780,0.864256
1781,0.914432
1782,0.903168
1783,0.951296
1784,0.957440
1785,0.901120
1786,0.912384
1787,0.917504
1788,0.897024
1789,0.906240
1790,0.911360
1791,0.919552
1792,0.958464
1793,0.904192
1794,0.924672
1795,0.920576
1796,0.873472
1797,0.883712
1798,0.983040
1799,0.953344
1800,0.904192
1801,0.894976
1802,0.922624
1803,0.956416
1804,0.881664
1805,0.915456
1806,0.877568
1807,0.928768
1808,0.877568
1809,0.925696
1810,0.867328
1811,0.850944
1812,0.914432
1813,0.848896
1814,0.862208
1815,0.903168
1816,0.918528
1817,0.905216
1818,0.937984
1819,0.906240
1820,0.909312
1821,0.900096
1822,0.906240
1823,0.883712
1824,0.859136
1825,0.891904
1826,0.921600
1827,0.916480
1828,0.979968
1829,0.932864
1830,0.901120
1831,0.956416
1832,0.884736
1833,0.885760
1834,0.908288
1835,0.891904
1836,0.979968
1837,0.872448
1838,0.934912
1839,0.873472
1840,0.966656
1841,0.932864
1842,0.935936
1843,0.886784
1844,0.655360
1845,0.539648
1846,0.477184
1847,0.466944
1848,0.325632
1849,0.217088
1850,0.218112
1851,0.231424
1852,0.813056
1853,0.916480
1854,0.873472
1855,0.917504
1856,0.880640
1857,0.882688
1858,0.908288
1859,0.917504
1860,0.900096
1861,0.916480
1862,0.922624
1863,0.929792
1864,0.905216
1865,0.958464
1866,0.883712
1867,0.922624
1868,0.929792
1869,0.923648
1870,0.924672
1871,0.926720
1872,0.911360
1873,0.931840
1874,0.922624
1875,0.924672
1876,0.913408
1877,0.898048
1878,0.871424
1879,0.940032
1880,0.935936
1881,0.909312
1882,0.891904
1883,0.918528
1884,0.885760
1885,0.850944
1886,0.818176
1887,0.880640
1888,0.920576
1889,0.894976
1890,0.901120
1891,0.930816
1892,0.876544
1893,0.931840
1894,0.950272
1895,0.939008
1896,0.857088
1897,0.931840
1898,0.980992
1899,0.945152
1900,0.879616
1901,0.945152
1902,0.872448
1903,0.903168
1904,0.904192
1905,0.925696
1906,0.936960
1907,0.951296
1908,0.949248
1909,0.915456
1910,0.926720
1911,0.940032
1912,0.928768
1913,0.969728
1914,0.901120
1915,0.954368
1916,0.696320
1917,0.519168
1918,0.560128
1919,0.381952
1920,0.353280
1921,0.288768
1922,0.281600
1923,0.265216
1924,0.801792
1925,0.950272
1926,0.906240
1927,0.900096
1928,0.920576
1929,0.901120
1930,0.900096
1931,0.901120
1932,0.947200
1933,0.933888
1934,0.936960
1935,0.349184
1936,0.922624
1937,0.894976
1938,0.920576
1939,0.946176
1940,0.845824
1941,0.927744
1942,0.917504
1943,0.902144
1944,0.840704
1945,0.922624
1946,0.900096
1947,0.901120
1948,0.909312
1949,0.903168
1950,0.849920
1951,0.900096
1952,0.896000
1953,0.926720
1954,0.947200
1955,0.844800
1956,0.920576
1957,0.860160
1958,0.917504
1959,0.948224
1960,0.946176
1961,0.890880
1962,0.875520
1963,0.940032
1964,0.928768
1965,0.915456
1966,0.913408
1967,0.914432
1968,0.967680
1969,0.944128
1970,0.926720
1971,0.946176
1972,0.921600
1973,0.870400
1974,0.956416
1975,0.955392
1976,0.937984
1977,0.909312
1978,0.933888
1979,0.911360
1980,0.923648
1981,0.941056
1982,0.942080
1983,0.947200
1984,0.936960
1985,0.903168
1986,0.903168
1987,0.868352
1988,0.840704
1989,0.734208
1990,0.903168
1991,0.935936
1992,0.910336
1993,0.891904
1994,0.885760
1995,0.872448
1996,0.910336
1997,0.924672
1998,0.906240
1999,0.962560
2000,0.912384
2001,0.646144
2002,0.945152
2003,0.872448
2004,0.942080
2005,0.888832
2006,0.904192
2007,0.923648
2008,0.920576
2009,0.921600
2010,0.907264
2011,0.964608
2012,0.915456
2013,0.869376
2014,0.928768
2015,0.919552
2016,0.936960
2017,0.931840
2018,0.911360
2019,0.924672
2020,0.921600
2021,0.927744
2022,0.904192
2023,0.948224
2024,0.948224
2025,0.876544
2026,0.941056
2027,0.909312
2028,0.920576
2029,0.927744
2030,0.903168
2031,0.933888
2032,0.882688
2033,0.897024
2034,0.871424
2035,0.864256
2036,0.839680
2037,0.897024
2038,0.911360
2039,0.922624
2040,0.903168
2041,0.874496
2042,0.923648
2043,0.912384
2044,0.948224
2045,0.941056
2046,0.886784
2047,1.007616
2048,0.904192
2049,0.888832
2050,0.922624
2051,0.931840
2052,0.883712
2053,0.918528
2054,0.703488
2055,0.867328
2056,0.901120
2057,0.931840
2058,0.941056
2059,0.906240
2060,0.954368
2061,0.920576
2062,0.917504
2063,0.935936
2064,0.959488
2065,0.871424
2066,0.902144
2067,0.953344
2068,0.899072
2069,0.885760
2070,0.965632
2071,0.921600
2072,0.913408
2073,0.922624
2074,0.950272
2075,0.906240
2076,0.860160
2077,0.870400
2078,0.907264
2079,0.873472
2080,0.892928
2081,0.888832
2082,0.899072
2083,0.899072
2084,0.905216
2085,0.927744
2086,0.939008
2087,0.970752
2088,0.889856
2089,0.920576
2090,0.909312
2091,0.883712
2092,0.897024
2093,0.902144
2094,0.904192
2095,0.959488
2096,0.904192
2097,0.907264
2098,0.908288
2099,0.941056
2100,0.885760
2101,0.866304
2102,0.933888
2103,0.886784
2104,0.859136
2105,0.927744
2106,0.883712
2107,0.914432
2108,0.941056
2109,0.915456
2110,0.924672
2111,0.950272
2112,0.892928
2113,0.952320
2114,0.969728
2115,0.944128
2116,0.937984
2117,0.912384
2118,0.780288
2119,0.618496
2120,0.566272
2121,0.385024
2122,0.299008
2123,0.267264
2124,0.241664
2125,0.261120
2126,0.246784
2127,0.165888
2128,0.162816
2129,0.159744
2130,0.160768
2131,0.159744
2132,0.150528
2133,0.852992
2134,0.880640
2135,0.933888
2136,0.918528
2137,0.952320
2138,0.931840
2139,0.917504
2140,0.994304
2141,0.925696
2142,0.919552
2143,0.906240
2144,0.886784
2145,0.922624
2146,0.961536
2147,0.890880
2148,0.884736
2149,0.910336
2150,0.908288
2151,0.968704
2152,0.942080
2153,0.873472
2154,0.909312
2155,0.911360
2156,0.916480
2157,0.898048
2158,0.912384
2159,0.904192
2160,0.908288
2161,0.936960
2162,0.886784
2163,0.951296
2164,0.900096
2165,0.920576
2166,0.914432
2167,0.946176
2168,0.889856
2169,0.921600
2170,0.900096
2171,0.896000
2172,0.948224
2173,0.916480
2174,0.920576
2175,0.919552
2176,0.911360
2177,0.896000
2178,0.841728
2179,0.857088
2180,0.852992
2181,0.897024
2182,0.876544
2183,0.937984
2184,0.935936
2185,0.939008
2186,1.029120
2187,0.924672
2188,0.925696
2189,0.844800
2190,0.901120
2191,0.946176
2192,0.908288
2193,0.942080
2194,0.977920
2195,0.927744
2196,0.889856
2197,0.789504
2198,0.703488
2199,0.898048
2200,0.909312
2201,0.905216
2202,0.892928
2203,0.932864
2204,0.878592
2205,0.965632
2206,0.899072
2207,0.935936
2208,0.868352
2209,0.907264
2210,0.887808
2211,0.961536
2212,0.890880
2213,0.887808
2214,0.887808
2215,0.823296
2216,0.825344
2217,0.876544
2218,0.868352
2219,0.935936
2220,0.916480
2221,0.875520
2222,0.942080
2223,0.859136
2224,0.948224
2225,0.914432
2226,0.920576
2227,0.861184
2228,0.901120
2229,0.892928
2230,0.963584
2231,0.914432
2232,0.929792
2233,0.885760
2234,0.893952
2235,0.877568
2236,0.871424
2237,0.892928
2238,0.908288
2239,0.873472
2240,0.883712
2241,0.940032
2242,0.939008
2243,0.922624
2244,0.904192
2245,0.943104
2246,0.940032
2247,0.919552
2248,0.925696
2249,0.930816
2250,0.867328
2251,0.911360
2252,0.793600
2253,0.950272
2254,0.960512
2255,0.901120
2256,0.931840
2257,0.979968
2258,0.945152
2259,0.892928
2260,0.948224
2261,0.901120
2262,0.747520
2263,0.590848
2264,0.478208
2265,0.389120
2266,0.365568
2267,0.344064
2268,0.357376
2269,0.328704
2270,0.311296
2271,0.202752
2272,0.207872
2273,0.197632
2274,0.186368
2275,0.817152
2276,0.856064
2277,0.937984
2278,0.881664
2279,0.951296
2280,0.915456
2281,0.936960
2282,0.890880
2283,0.910336
2284,0.896000
2285,0.946176
2286,0.928768
2287,0.879616
2288,0.941056
2289,0.842752
2290,0.931840
2291,0.887808
2292,0.952320
2293,0.949248
2294,0.949248
2295,0.930816
2296,0.915456
2297,0.942080
2298,0.876544
2299,0.933888
2300,0.884736
2301,0.931840
2302,0.901120
2303,0.890880
2304,0.929792
2305,0.921600
2306,0.908288
2307,0.919552
2308,0.860160
2309,0.883712
2310,0.870400
2311,0.894976
2312,0.877568
2313,0.884736
2314,0.889856
2315,0.884736
2316,0.918528
2317,0.971776
2318,0.929792
2319,0.912384
2320,0.912384
2321,0.900096
2322,0.913408
2323,0.909312
2324,0.926720
2325,0.881664
2326,0.936960
2327,0.958464
2328,0.880640
2329,0.907264
2330,0.933888
2331,0.875520
2332,0.898048
2333,0.879616
2334,0.874496
2335,0.899072
2336,0.863232
2337,0.896000
2338,0.870400
2339,0.780288
2340,0.635904
2341,0.880640
2342,0.888832
2343,0.912384
2344,0.874496
2345,0.848896
2346,0.856064
2347,0.795648
2348,0.953344
2349,0.886784
2350,0.892928
2351,0.867328
2352,0.906240
2353,0.875520
2354,0.906240
2355,0.913408
2356,0.935936
2357,0.908288
2358,0.860160
2359,0.894976
2360,0.913408
2361,0.943104
2362,0.968704
2363,0.927744
2364,0.923648
2365,0.956416
2366,0.840704
2367,0.902144
2368,0.925696
2369,0.931840
2370,0.886784
2371,0.911360
2372,0.917504
2373,0.927744
2374,0.887808
2375,0.940032
2376,0.935936
2377,0.956416
2378,0.924672
2379,0.945152
2380,0.926720
2381,0.904192
2382,0.867328
2383,0.932864
2384,0.888832
2385,0.856064
2386,0.823296
2387,0.885760
2388,0.854016
2389,0.861184
2390,0.829440
2391,0.868352
2392,0.930816
2393,0.897024
2394,0.972800
2395,0.916480
2396,0.952320
2397,0.884736
2398,0.914432
2399,0.923648
2400,0.949248
2401,0.963584
2402,0.918528
2403,0.928768
2404,0.921600
2405,0.826368
2406,0.546816
2407,0.354304
2408,0.320512
2409,0.324608
2410,0.258048
2411,0.257024
2412,0.256000
2413,0.249856
2414,0.236544
2415,0.228352
2416,0.218112
2417,0.892928
2418,0.892928
2419,0.897024
2420,0.965632
2421,0.922624
2422,0.921600
2423,0.932864
2424,0.921600
2425,0.917504
2426,0.956416
2427,0.854016
2428,0.926720
2429,0.907264
2430,0.887808
2431,0.872448
2432,0.897024
2433,0.965632
2434,0.911360
2435,0.887808
2436,0.891904
2437,0.902144
2438,0.936960
2439,0.937984
2440,0.928768
2441,0.900096
2442,0.947200
2443,0.893952
2444,0.924672
2445,0.893952
2446,0.930816
2447,0.903168
2448,0.916480
2449,0.863232
2450,0.909312
2451,0.852992
2452,0.844800
2453,0.960512
2454,0.894976
2455,0.910336
2456,0.933888
2457,0.901120
2458,0.872448
2459,0.902144
2460,0.867328
2461,0.917504
2462,0.939008
2463,0.921600
2464,0.886784
2465,0.954368
2466,0.915456
2467,0.931840
2468,0.918528
2469,0.903168
2470,0.912384
2471,0.941056
2472,0.886784
2473,0.931840
2474,0.960512
2475,0.887808
2476,0.926720
2477,0.897024
2478,0.894976
2479,0.951296
2480,0.942080
2481,0.831488
2482,0.570368
2483,0.349184
2484,0.350208
2485,0.309248
2486,0.836608
2487,0.905216
2488,0.902144
2489,0.919552
2490,0.887808
2491,0.907264
2492,0.905216
2493,0.907264
2494,0.923648
2495,0.924672
2496,0.928768
2497,0.966656
2498,0.961536
2499,0.897024
2500,0.865280
2501,0.914432
2502,0.947200
2503,0.926720
2504,0.909312
2505,0.932864
2506,0.885760
2507,0.966656
2508,0.905216
2509,0.898048
2510,0.918528
2511,0.902144
2512,0.972800
2513,0.920576
2514,0.854016
2515,0.893952
2516,0.912384
2517,0.905216
2518,0.924672
2519,0.894976
2520,0.942080
2521,0.877568
2522,0.912384
2523,0.862208
2524,0.869376
2525,0.867328
2526,0.885760
2527,0.887808
2528,0.876544
2529,0.925696
2530,0.894976
2531,0.888832
2532,0.927744
2533,0.928768
2534,0.939008
2535,0.881664
2536,0.928768
2537,0.955392
2538,0.885760
2539,0.912384
2540,0.990208
2541,0.922624
2542,0.928768
2543,0.860160
2544,0.880640
2545,0.975872
2546,0.948224
2547,0.940032
2548,0.927744
2549,0.915456
2550,0.882688
2551,0.624640
2552,0.893952
2553,0.914432
2554,0.935936
2555,0.886784
2556,0.827392
2557,0.862208
2558,0.829440
2559,0.943104
2560,0.890880
2561,0.908288
2562,0.924672
2563,0.885760
2564,0.933888
2565,0.902144
2566,0.870400
2567,0.883712
2568,0.916480
2569,0.870400
2570,0.889856
2571,0.889856
2572,0.942080
2573,0.897024
2574,0.908288
2575,0.873472
2576,0.946176
2577,0.918528
2578,0.917504
2579,0.873472
2580,0.837632
2581,0.907264
2582,0.911360
2583,0.946176
2584,0.917504
2585,0.913408
2586,0.923648
2587,0.932864
2588,0.926720
2589,0.913408
2590,0.943104
2591,0.886784
2592,1.015808
2593,0.873472
2594,0.887808
2595,0.930816
2596,0.937984
2597,0.928768
2598,0.925696
2599,0.917504
2600,0.920576
2601,0.915456
2602,0.928768
2603,0.911360
2604,0.924672
2605,0.909312
2606,0.907264
2607,0.888832
2608,0.917504
2609,0.930816
2610,0.858112
2611,0.897024
2612,0.966656
2613,0.898048
2614,0.945152
2615,0.772096
2616,0.667648
2617,0.594944
2618,0.822272
2619,0.910336
2620,0.949248
2621,0.924672
2622,0.909312
2623,0.920576
2624,0.968704
2625,0.875520
2626,0.919552
2627,0.933888
2628,0.918528
2629,0.949248
2630,0.911360
2631,0.866304
2632,0.889856
2633,0.942080
2634,0.933888
2635,0.943104
2636,0.927744
2637,0.900096
2638,0.917504
2639,0.928768
2640,0.951296
2641,0.914432
2642,0.917504
2643,0.928768
2644,0.916480
2645,0.930816
2646,0.894976
2647,0.959488
2648,0.932864
2649,0.924672
2650,0.894976
2651,0.934912
2652,0.897024
2653,0.942080
2654,0.941056
2655,0.954368
2656,0.882688
2657,0.871424
2658,0.855040
2659,0.892928
2660,0.911360
2661,0.876544
2662,0.911360
2663,0.872448
2664,0.873472
2665,0.855040
2666,0.910336
2667,0.924672
2668,0.888832
2669,0.891904
2670,0.877568
2671,0.908288
2672,0.961536
2673,0.908288
2674,0.930816
2675,0.911360
2676,1.161216
2677,1.074176
2678,0.920576
2679,0.914432
2680,0.894976
2681,0.856064
2682,0.653312
2683,0.658432
2684,0.935936
2685,0.924672
2686,0.956416
2687,0.919552
2688,0.917504
2689,0.907264
2690,0.818176
2691,0.820224
2692,0.871424
2693,0.864256
2694,0.846848
2695,0.916480
2696,0.902144
2697,0.944128
2698,0.926720
2699,0.902144
2700,0.974848
2701,0.885760
2702,0.921600
2703,0.920576
2704,0.878592
2705,0.908288
2706,0.916480
2707,0.939008
2708,0.989184
2709,0.907264
2710,0.920576
2711,0.929792
2712,0.972800
2713,0.874496
2714,0.932864
2715,0.960512
2716,0.901120
2717,0.950272
2718,0.889856
2719,0.910336
2720,0.893952
2721,0.920576
2722,0.868352
2723,0.918528
2724,0.857088
2725,0.842752
2726,0.877568
2727,0.897024
2728,0.912384
2729,0.922624
2730,0.892928
2731,0.903168
2732,0.904192
2733,0.881664
2734,0.932864
2735,0.919552
2736,0.910336
2737,0.928768
2738,0.960512
2739,0.879616
2740,0.913408
2741,0.883712
2742,0.909312
2743,0.918528
2744,0.945152
2745,0.910336
2746,0.820224
2747,0.800768
2748,0.729088
2749,0.627712
2750,0.542720
2751,0.498688
2752,0.171008
2753,0.150528
2754,0.149504
2755,0.150528
2756,0.146432
2757,0.147456
2758,0.146432
2759,0.147456
2760,0.148480
2761,0.146432
2762,0.149504
2763,0.967680
2764,0.910336
2765,0.951296
2766,0.933888
2767,0.962560
2768,0.908288
2769,0.877568
2770,0.971776
2771,0.906240
2772,0.864256
2773,1.038336
2774,0.921600
2775,0.945152
2776,0.888832
2777,0.930816
2778,0.832512
2779,0.887808
2780,0.901120
2781,0.905216
2782,0.893952
2783,0.951296
2784,0.925696
2785,0.888832
2786,0.943104
2787,0.900096
2788,0.906240
2789,0.879616
2790,0.860160
2791,0.856064
2792,0.875520
2793,0.878592
2794,0.926720
2795,0.932864
2796,0.912384
2797,0.864256
2798,0.991232
2799,0.991232
2800,0.841728
2801,0.890880
2802,0.884736
2803,0.931840
2804,0.899072
2805,0.908288
2806,0.896000
2807,0.933888
2808,0.910336
2809,0.935936
2810,0.931840
2811,0.907264
2812,0.919552
2813,0.904192
2814,0.951296
2815,0.899072
2816,0.929792
2817,0.964608
2818,0.947200
2819,0.905216
2820,0.928768
2821,0.945152
2822,0.894976
2823,0.947200
2824,0.933888
2825,0.944128
2826,0.903168
2827,0.799744
2828,0.778240
2829,0.870400
2830,0.910336
2831,0.918528
2832,0.959488
2833,0.889856
2834,0.900096
2835,0.959488
2836,0.900096
2837,0.923648
2838,0.949248
2839,0.923648
2840,0.906240
2841,0.899072
2842,0.918528
2843,0.918528
2844,0.864256
2845,0.833536
2846,0.887808
2847,0.904192
2848,0.868352
2849,0.901120
2850,0.910336
2851,0.899072
2852,0.956416
2853,0.862208
2854,0.890880
2855,0.948224
2856,0.931840
2857,0.897024
2858,0.843776
2859,0.935936
2860,0.920576
2861,0.915456
2862,0.866304
2863,0.916480
2864,0.914432
2865,0.909312
2866,0.997376
2867,0.802816
2868,0.896000
2869,0.887808
2870,0.913408
2871,0.962560
2872,0.900096
2873,0.907264
2874,0.913408
2875,0.910336
2876,0.906240
2877,0.927744
2878,0.883712
2879,0.944128
2880,0.882688
2881,0.866304
2882,0.865280
2883,0.817152
2884,0.844800
2885,0.915456
2886,0.949248
2887,0.859136
2888,0.911360
2889,0.902144
2890,0.896000
2891,0.939008
2892,0.918528
2893,0.855040
2894,0.706560
2895,0.879616
2896,0.930816
2897,0.944128
2898,0.908288
2899,0.893952
2900,0.948224
2901,0.930816
2902,0.939008
2903,0.936960
2904,0.940032
2905,0.860160
2906,0.890880
2907,0.923648
2908,0.908288
2909,0.885760
2910,0.869376
2911,0.846848
2912,0.897024
2913,0.863232
2914,0.874496
2915,0.933888
2916,0.860160
2917,0.901120
2918,0.859136
2919,0.869376
2920,0.882688
2921,0.876544
2922,0.879616
2923,0.901120
2924,0.841728
2925,0.912384
2926,0.939008
2927,0.855040
2928,0.855040
2929,0.963584
2930,0.909312
2931,0.883712
2932,1.049600
2933,0.747520
2934,0.921600
2935,0.911360
2936,0.840704
2937,0.836608
2938,0.841728
2939,0.848896
2940,0.900096
2941,0.893952
2942,0.832512
2943,0.891904
2944,0.910336
2945,0.889856
2946,0.927744
2947,0.928768
2948,0.904192
2949,0.888832
2950,0.927744
2951,0.933888
2952,0.957440
2953,0.979968
2954,0.839680
2955,0.952320
2956,0.867328
2957,0.904192
2958,0.839680
2959,0.634880
2960,0.891904
2961,0.888832
2962,0.845824
2963,0.792576
2964,0.886784
2965,0.921600
2966,0.894976
2967,0.953344
2968,0.899072
2969,0.907264
2970,0.913408
2971,0.875520
2972,0.883712
2973,0.884736
2974,0.978944
2975,0.896000
2976,0.915456
2977,0.934912
2978,0.856064
2979,0.890880
2980,0.894976
2981,0.902144
2982,0.916480
2983,0.896000
2984,0.869376
2985,0.902144
2986,0.899072
2987,0.878592
2988,0.866304
2989,0.891904
2990,0.924672
2991,0.839680
2992,0.848896
2993,0.919552
2994,0.974848
2995,0.886784
2996,0.837632
2997,0.882688
2998,0.856064
2999,0.909312
3000,0.974848
3001,0.902144
3002,0.920576
3003,0.915456
3004,0.923648
3005,0.901120
3006,0.943104
3007,0.912384
3008,0.877568
3009,0.912384
3010,1.041408
3011,0.822272
3012,0.967680
3013,0.884736
3014,0.894976
3015,0.995328
3016,0.933888
3017,0.965632
3018,0.869376
3019,0.929792
3020,0.851968
3021,0.902144
3022,0.946176
3023,0.664576
3024,0.599040
3025,0.565248
3026,0.830464
3027,0.932864
3028,0.905216
3029,0.907264
3030,0.922624
3031,0.934912
3032,0.930816
3033,0.926720
3034,0.933888
3035,0.939008
3036,0.894976
3037,0.966656
3038,0.898048
3039,0.945152
3040,0.908288
3041,0.952320
3042,0.916480
3043,0.922624
3044,0.904192
3045,0.950272
3046,0.876544
3047,0.921600
3048,0.934912
3049,0.882688
3050,0.894976
3051,0.920576
3052,0.939008
3053,0.885760
3054,0.913408
3055,0.923648
3056,0.918528
3057,0.936960
3058,0.932864
3059,0.919552
3060,0.882688
3061,0.920576
3062,0.934912
3063,0.900096
3064,0.855040
3065,0.820224
3066,0.897024
3067,0.896000
3068,0.918528
3069,0.919552
3070,0.892928
3071,0.898048
3072,0.932864
3073,0.882688
3074,0.887808
3075,0.916480
3076,0.901120
3077,0.995328
3078,0.896000
3079,0.935936
3080,0.903168
3081,0.952320
3082,0.915456
3083,0.953344
3084,0.959488
3085,0.924672
3086,0.940032
3087,0.926720
3088,0.936960
3089,0.894976
3090,0.723968
3091,0.575488
3092,0.451584
3093,0.840704
3094,0.925696
3095,0.944128
3096,0.943104
3097,0.927744
3098,0.927744
3099,0.939008
3100,0.935936
3101,0.940032
3102,0.933888
3103,0.919552
3104,0.963584
3105,0.882688
3106,0.955392
3107,0.880640
3108,0.928768
3109,0.939008
3110,0.925696
3111,0.872448
3112,0.890880
3113,0.951296
3114,0.911360
3115,0.926720
3116,0.934912
3117,0.906240
3118,0.919552
3119,0.883712
3120,0.947200
3121,0.904192
3122,0.911360
3123,0.908288
3124,0.886784
3125,0.924672
3126,0.906240
3127,0.902144
3128,0.975872
3129,0.951296
3130,0.916480
3131,0.845824
3132,0.886784
3133,0.969728
3134,0.927744
3135,0.889856
3136,0.891904
3137,0.886784
3138,0.926720
3139,0.933888
3140,0.916480
3141,0.921600
3142,0.893952
3143,0.900096
3144,0.953344
3145,0.852992
3146,0.868352
3147,0.887808
3148,0.931840
3149,0.933888
3150,0.942080
3151,0.933888
3152,0.901120
3153,0.970752
3154,0.892928
3155,0.908288
3156,0.920576
3157,0.701440
3158,0.422912
3159,0.916480
3160,0.913408
3161,0.927744
3162,0.885760
3163,0.924672
3164,0.917504
3165,0.886784
3166,0.889856
3167,0.901120
3168,0.934912
3169,0.862208
3170,0.976896
3171,0.925696
3172,0.898048
3173,0.905216
3174,0.903168
3175,0.924672
3176,0.972800
3177,0.915456
3178,0.877568
3179,0.912384
3180,0.905216
3181,0.928768
3182,0.922624
3183,0.904192
3184,0.936960
3185,0.930816
3186,0.930816
3187,0.944128
3188,0.918528
3189,0.935936
3190,0.851968
3191,0.941056
3192,0.875520
3193,0.899072
3194,0.936960
3195,0.900096
3196,0.909312
3197,0.873472
3198,0.889856
3199,0.942080
3200,0.889856
3201,0.970752
3202,0.936960
3203,0.912384
3204,0.926720
3205,0.914432
3206,0.909312
3207,0.929792
3208,0.959488
3209,0.928768
3210,0.656384
3211,0.867328
3212,0.847872
3213,0.931840
3214,0.926720
3215,0.920576
3216,0.924672
3217,0.965632
3218,0.912384
3219,0.903168
3220,0.916480
3221,0.936960
3222,0.882688
3223,0.771072
3224,0.528384
3225,0.461824
3226,0.414720
3227,0.315392
3228,0.228352
3229,0.227328
3230,0.232448
3231,0.901120
3232,0.918528
3233,0.923648
3234,0.905216
3235,0.906240
3236,0.934912
3237,0.939008
3238,0.910336
3239,0.891904
3240,0.919552
3241,0.943104
3242,0.885760
3243,0.844800
3244,0.912384
3245,0.942080
3246,0.889856
3247,0.933888
3248,0.922624
3249,0.912384
3250,0.965632
3251,0.862208
3252,0.845824
3253,0.888832
3254,0.922624
3255,0.917504
3256,0.907264
3257,0.877568
3258,0.918528
3259,0.880640
3260,0.905216
3261,0.919552
3262,0.916480
3263,0.916480
3264,0.917504
3265,0.899072
3266,0.945152
3267,0.907264
3268,0.945152
3269,0.958464
3270,0.928768
3271,0.943104
3272,0.944128
3273,0.937984
3274,0.956416
3275,0.929792
3276,0.959488
3277,0.887808
3278,0.936960
3279,0.939008
3280,0.883712
3281,1.121280
3282,0.600064
3283,0.918528
3284,0.894976
3285,0.889856
3286,0.820224
3287,0.905216
3288,0.904192
3289,0.915456
3290,0.950272
3291,0.848896
3292,0.926720
3293,0.898048
3294,0.882688
3295,0.845824
3296,0.613376
3297,0.313344
3298,0.340992
3299,0.285696
3300,0.302080
3301,0.277504
3302,0.901120
3303,0.917504
3304,0.907264
3305,0.896000
3306,0.937984
3307,0.912384
3308,0.870400
3309,0.909312
3310,0.901120
3311,0.893952
3312,0.921600
3313,0.891904
3314,0.868352
3315,0.930816
3316,0.904192
3317,0.850944
3318,0.904192
3319,0.925696
3320,0.886784
3321,0.945152
3322,0.881664
3323,0.911360
3324,0.900096
3325,0.923648
3326,0.877568
3327,0.912384
3328,0.915456
3329,0.939008
3330,0.905216
3331,0.916480
3332,0.887808
3333,0.906240
3334,0.922624
3335,0.914432
3336,0.885760
3337,0.909312
3338,0.953344
3339,0.965632
3340,0.891904
3341,0.933888
3342,0.963584
3343,0.927744
3344,0.909312
3345,0.932864
3346,0.954368
3347,0.914432
3348,0.933888
3349,0.905216
3350,0.910336
3351,0.937984
3352,0.967680
3353,0.911360
3354,0.941056
3355,0.901120
3356,0.910336
3357,0.918528
3358,0.903168
3359,0.904192
3360,0.933888
3361,0.893952
3362,0.847872
3363,0.844800
3364,0.913408
3365,0.858112
3366,0.731136
3367,0.362496
3368,0.326656
3369,0.240640
3370,0.254976
3371,0.251904
3372,0.241664
3373,0.924672
3374,0.917504
3375,0.937984
3376,0.948224
3377,0.884736
3378,0.904192
3379,0.931840
3380,0.951296
3381,0.924672
3382,0.876544
3383,0.947200
3384,0.922624
3385,0.892928
3386,0.904192
3387,0.917504
3388,0.902144
3389,0.939008
3390,0.864256
3391,0.900096
3392,0.943104
3393,0.939008
3394,0.912384
3395,0.924672
3396,0.940032
3397,0.921600
3398,0.924672
3399,0.912384
3400,0.916480
3401,0.927744
3402,0.952320
3403,0.875520
3404,0.947200
3405,0.911360
3406,0.906240
3407,0.912384
3408,0.945152
3409,0.926720
3410,0.924672
3411,0.929792
3412,0.957440
3413,0.925696
3414,0.902144
3415,0.913408
3416,0.882688
3417,0.880640
3418,0.949248
3419,0.902144
3420,0.954368
3421,0.879616
3422,0.913408
3423,0.952320
3424,0.913408
3425,0.936960
3426,0.901120
3427,0.902144
3428,0.957440
3429,0.906240
3430,0.900096
3431,0.915456
3432,0.920576
3433,0.957440
3434,0.930816
3435,0.952320
3436,0.814080
3437,0.721920
3438,0.521216
3439,0.228352
3440,0.226304
3441,0.194560
3442,0.823296
3443,0.922624
3444,0.950272
3445,0.942080
3446,0.934912
3447,0.919552
3448,0.896000
3449,0.918528
3450,0.898048
3451,0.901120
3452,0.917504
3453,0.908288
3454,0.901120
3455,0.899072
3456,0.935936
3457,0.926720
3458,0.886784
3459,0.880640
3460,0.902144
3461,0.847872
3462,0.896000
3463,0.839680
3464,0.950272
3465,0.898048
3466,0.849920
3467,0.917504
3468,0.913408
3469,0.955392
3470,0.910336
3471,0.876544
3472,0.881664
3473,0.922624
3474,0.959488
3475,0.916480
3476,0.832512
3477,0.922624
3478,0.908288
3479,0.962560
3480,0.904192
3481,0.908288
3482,0.950272
3483,0.924672
3484,0.911360
3485,0.941056
3486,0.865280
3487,0.932864
3488,0.898048
3489,0.886784
3490,0.906240
3491,0.864256
3492,0.859136
3493,0.826368
3494,0.897024
3495,0.883712
3496,0.953344
3497,0.941056
3498,0.919552
3499,0.897024
3500,0.929792
3501,0.906240
3502,0.933888
3503,0.905216
3504,0.920576
3505,0.885760
3506,0.788480
3507,0.739328
3508,0.642048
3509,0.483328
3510,0.905216
3511,0.898048
3512,0.950272
3513,0.845824
3514,0.914432
3515,0.928768
3516,0.876544
3517,0.883712
3518,0.940032
3519,0.926720
3520,0.885760
3521,0.900096
3522,0.899072
3523,0.897024
3524,0.950272
3525,0.910336
3526,0.846848
3527,0.851968
3528,0.942080
3529,0.840704
3530,0.863232
3531,0.864256
3532,1.007616
3533,0.807936
3534,0.899072
3535,0.914432
3536,0.899072
3537,0.870400
3538,0.883712
3539,0.929792
3540,0.867328
3541,0.892928
3542,0.885760
3543,0.890880
3544,0.882688
3545,0.925696
3546,0.916480
3547,0.880640
3548,0.935936
3549,0.831488
3550,0.861184
3551,0.905216
3552,0.869376
3553,0.911360
3554,0.918528
3555,0.917504
3556,0.941056
3557,0.882688
3558,0.889856
3559,0.910336
3560,0.887808
3561,0.923648
3562,0.911360
3563,0.876544
3564,0.888832
3565,0.869376
3566,0.925696
3567,1.000448
3568,0.924672
3569,0.918528
3570,0.912384
3571,0.935936
3572,0.927744
3573,0.911360
3574,0.798720
3575,0.584704
3576,0.529408
3577,0.467968
3578,0.406528
3579,0.913408
3580,0.922624
3581,0.896000
3582,0.915456
3583,0.907264
3584,0.891904
3585,0.905216
3586,0.948224
3587,0.861184
3588,0.901120
3589,0.841728
3590,0.900096
3591,0.881664
3592,0.903168
3593,0.898048
3594,0.871424
3595,0.912384
3596,0.900096
3597,0.893952
3598,0.933888
3599,0.861184
3600,0.968704
3601,0.884736
3602,0.918528
3603,0.951296
3604,0.894976
3605,0.920576
3606,0.930816
3607,0.915456
3608,0.892928
3609,0.839680
3610,0.902144
3611,0.951296
3612,0.874496
3613,0.909312
3614,0.921600
3615,0.884736
3616,0.861184
3617,0.856064
3618,0.854016
3619,0.852992
3620,0.876544
3621,0.934912
3622,0.892928
3623,0.916480
3624,0.903168
3625,0.942080
3626,0.910336
3627,0.931840
3628,0.919552
3629,0.935936
3630,0.919552
3631,0.936960
3632,0.921600
3633,0.911360
3634,0.925696
3635,0.943104
3636,0.920576
3637,1.119232
3638,0.848896
3639,0.944128
3640,0.924672
3641,0.925696
3642,0.919552
3643,0.692224
3644,0.487424
3645,0.401408
3646,0.345088
3647,0.300032
3648,0.278528
3649,0.217088
3650,0.244736
3651,0.220160
3652,0.196608
3653,0.178176
3654,0.176128
3655,0.171008
3656,0.180224
3657,0.168960
3658,0.946176
3659,0.908288
3660,0.967680
3661,0.926720
3662,0.921600
3663,0.921600
3664,0.939008
3665,0.879616
3666,0.875520
3667,0.886784
3668,0.864256
3669,0.948224
3670,0.878592
3671,0.858112
3672,0.944128
3673,0.891904
3674,0.913408
3675,0.898048
3676,0.909312
3677,0.918528
3678,0.936960
3679,0.860160
3680,0.932864
3681,0.929792
3682,0.943104
3683,0.875520
3684,0.943104
3685,0.929792
3686,0.940032
3687,0.923648
3688,0.921600
3689,0.937984
3690,0.893952
3691,0.914432
3692,0.918528
3693,0.893952
3694,0.909312
3695,0.891904
3696,0.873472
3697,0.928768
3698,0.945152
3699,0.881664
3700,0.906240
3701,0.944128
3702,0.957440
3703,0.896000
3704,0.928768
3705,0.920576
3706,0.930816
3707,0.930816
3708,0.868352
3709,0.911360
3710,0.883712
3711,0.856064
3712,0.914432
3713,0.865280
3714,0.883712
3715,0.884736
3716,0.936960
3717,0.948224
3718,0.873472
3719,0.900096
3720,0.928768
3721,0.864256
3722,0.695296
3723,0.941056
3724,1.013760
3725,0.315392
3726,0.838656
3727,0.902144
3728,0.884736
3729,0.869376
3730,0.945152
3731,0.908288
3732,0.920576
3733,0.877568
3734,0.926720
3735,0.917504
3736,0.951296
3737,0.960512
3738,0.909312
3739,0.872448
3740,0.908288
3741,0.904192
3742,0.890880
3743,0.897024
3744,0.921600
3745,0.921600
3746,0.903168
3747,0.919552
3748,0.940032
3749,0.945152
3750,0.899072
3751,0.894976
3752,0.916480
3753,0.876544
3754,0.960512
3755,0.892928
3756,0.901120
3757,0.923648
3758,0.889856
3759,0.816128
3760,0.868352
3761,0.874496
3762,0.926720
3763,0.876544
3764,0.881664
3765,0.909312
3766,0.891904
3767,0.908288
3768,0.923648
3769,0.855040
3770,1.001472
3771,0.910336
3772,0.921600
3773,0.956416
3774,0.936960
3775,0.948224
3776,0.918528
3777,0.898048
3778,0.951296
3779,0.941056
3780,0.963584
3781,0.917504
3782,0.919552
3783,0.906240
3784,0.941056
3785,0.918528
3786,0.850944
3787,0.804864
3788,0.701440
3789,0.909312
3790,0.882688
3791,0.303104
3792,0.925696
3793,0.912384
3794,0.900096
3795,0.961536
3796,0.922624
3797,0.890880
3798,0.933888
3799,0.888832
3800,0.910336
3801,0.922624
3802,0.867328
3803,0.937984
3804,0.965632
3805,0.878592
3806,0.887808
3807,0.927744
3808,0.911360
3809,0.929792
3810,0.882688
3811,0.902144
3812,0.922624
3813,0.880640
3814,0.929792
3815,0.907264
3816,0.935936
3817,0.990208
3818,0.939008
3819,0.712704
3820,0.906240
3821,0.917504
3822,0.861184
3823,0.874496
3824,0.881664
3825,0.823296
3826,0.851968
3827,0.860160
3828,0.945152
3829,0.908288
3830,0.903168
3831,0.919552
3832,0.876544
3833,0.918528
3834,0.917504
3835,0.911360
3836,0.944128
3837,0.849920
3838,0.901120
3839,0.977920
3840,0.900096
3841,0.934912
3842,0.906240
3843,0.887808
3844,0.933888
3845,0.935936
3846,0.909312
3847,0.923648
3848,0.940032
3849,0.877568
3850,0.932864
3851,0.887808
3852,0.883712
3853,0.795648
3854,0.538624
3855,0.904192
3856,0.904192
3857,0.968704
3858,0.891904
3859,0.942080
3860,0.905216
3861,0.967680
3862,0.850944
3863,0.922624
3864,0.891904
3865,0.884736
3866,0.925696
3867,0.907264
3868,0.907264
3869,0.939008
3870,0.874496
3871,0.936960
3872,0.863232
3873,0.922624
3874,0.936960
3875,0.911360
3876,0.864256
3877,0.920576
3878,0.932864
3879,0.855040
3880,0.941056
3881,0.951296
3882,0.879616
3883,0.914432
3884,0.913408
3885,0.862208
3886,0.865280
3887,0.892928
3888,0.927744
3889,0.897024
3890,0.953344
3891,0.900096
3892,0.909312
3893,0.930816
3894,0.923648
3895,0.876544
3896,0.892928
3897,0.902144
3898,0.930816
3899,0.913408
3900,0.908288
3901,0.909312
3902,0.925696
3903,0.911360
3904,0.910336
3905,0.936960
3906,0.858112
3907,0.979968
3908,0.888832
3909,0.823296
3910,0.909312
3911,0.863232
3912,0.914432
3913,0.824320
3914,0.931840
3915,0.928768
3916,0.922624
3917,0.954368
3918,0.940032
3919,0.764928
3920,0.727040
3921,0.932864
3922,0.881664
3923,0.940032
3924,0.954368
3925,0.928768
3926,0.931840
3927,0.939008
3928,0.900096
3929,0.929792
3930,0.903168
3931,0.912384
3932,0.940032
3933,0.916480
3934,0.918528
3935,0.921600
3936,0.904192
3937,0.893952
3938,0.925696
3939,0.912384
3940,0.893952
3941,0.909312
3942,0.883712
3943,0.879616
3944,0.865280
3945,0.833536
3946,0.870400
3947,0.874496
3948,0.912384
3949,0.903168
3950,0.907264
3951,0.886784
3952,0.892928
3953,0.961536
3954,0.888832
3955,0.927744
3956,0.898048
3957,0.914432
3958,0.860160
3959,0.936960
3960,0.877568
3961,0.917504
3962,0.932864
3963,0.910336
3964,0.924672
3965,0.931840
3966,0.948224
3967,0.888832
3968,0.887808
3969,0.885760
3970,0.934912
3971,0.933888
3972,0.959488
3973,0.927744
3974,0.908288
3975,0.889856
3976,0.885760
3977,0.929792
3978,0.541696
3979,0.791552
3980,0.935936
3981,0.875520
3982,0.924672
3983,0.897024
3984,0.903168
3985,0.889856
3986,0.534528
3987,0.176128
3988,0.177152
3989,0.181248
3990,0.924672
3991,0.917504
3992,0.935936
3993,0.922624
3994,0.937984
3995,0.888832
3996,0.960512
3997,0.942080
3998,0.902144
3999,0.869376
4000,0.964608
4001,0.896000
4002,0.952320
4003,0.897024
4004,0.885760
4005,0.897024
4006,0.897024
4007,0.914432
4008,0.946176
4009,0.913408
4010,0.900096
4011,0.879616
4012,0.901120
4013,0.873472
4014,0.916480
4015,0.901120
4016,0.915456
4017,0.909312
4018,0.889856
4019,0.887808
4020,0.866304
4021,0.912384
4022,0.890880
4023,0.874496
4024,0.899072
4025,0.911360
4026,0.910336
4027,0.910336
4028,0.903168
4029,0.894976
4030,0.921600
4031,0.908288
4032,0.902144
4033,0.872448
4034,0.923648
4035,0.864256
4036,0.919552
4037,0.907264
4038,0.880640
4039,0.932864
4040,0.885760
4041,0.934912
4042,0.937984
4043,0.927744
4044,0.960512
4045,0.905216
4046,0.904192
4047,0.941056
4048,0.954368
4049,0.883712
4050,0.935936
4051,0.888832
4052,0.941056
4053,0.894976
4054,0.712704
4055,0.961536
4056,0.514048
4057,0.908288
4058,0.878592
4059,0.916480
4060,0.881664
4061,0.908288
4062,0.908288
4063,0.931840
4064,0.858112
4065,0.862208
4066,0.901120
4067,0.931840
4068,0.864256
4069,0.949248
4070,0.912384
4071,0.901120
4072,0.953344
4073,0.907264
4074,0.872448
4075,0.886784
4076,0.876544
4077,0.899072
4078,0.844800
4079,0.860160
4080,0.939008
4081,0.856064
4082,0.921600
4083,0.933888
4084,0.848896
4085,0.932864
4086,0.912384
4087,0.894976
4088,0.913408
4089,0.858112
4090,0.876544
4091,0.903168
4092,0.956416
4093,0.941056
4094,0.906240
4095,0.877568
4096,0.904192
4097,0.924672
4098,0.913408
4099,0.875520
4100,0.930816
4101,0.887808
4102,0.899072
4103,0.919552
4104,0.869376
4105,0.899072
4106,0.909312
4107,0.923648
4108,0.919552
4109,0.891904
4110,0.927744
4111,0.901120
4112,0.929792
4113,0.881664
4114,0.917504
4115,0.899072
4116,0.851968
4117,0.875520
4118,0.910336
4119,0.733184
4120,0.594944
4121,0.481280
4122,0.806912
4123,0.926720
4124,0.828416
4125,0.886784
4126,0.926720
4127,0.969728
4128,0.721920
4129,0.892928
4130,0.811008
4131,0.879616
4132,0.854016
4133,0.891904
4134,0.881664
4135,0.935936
4136,0.917504
4137,0.891904
4138,0.909312
4139,0.874496
4140,0.911360
4141,0.891904
4142,0.963584
4143,0.919552
4144,0.857088
4145,0.893952
4146,0.886784
4147,0.943104
4148,0.901120
4149,0.930816
4150,0.926720
4151,0.935936
4152,0.901120
4153,0.924672
4154,0.907264
4155,0.884736
4156,0.957440
4157,0.901120
4158,0.875520
4159,0.954368
4160,0.909312
4161,0.898048
4162,0.901120
4163,0.909312
4164,0.876544
4165,0.942080
4166,0.901120
4167,0.942080
4168,0.939008
4169,0.918528
4170,0.890880
4171,0.922624
4172,0.898048
4173,0.935936
4174,0.946176
4175,0.948224
4176,0.901120
4177,0.889856
4178,0.893952
4179,0.958464
4180,0.907264
4181,0.873472
4182,0.812032
4183,0.913408
4184,0.883712
4185,0.802816
4186,0.761856
4187,0.712704
4188,0.743424
4189,0.959488
4190,0.862208
4191,0.923648
4192,0.942080
4193,0.873472
4194,0.902144
4195,0.879616
4196,0.907264
4197,0.886784
4198,0.850944
4199,0.855040
4200,0.864256
4201,0.897024
4202,0.926720
4203,0.910336
4204,0.920576
4205,0.912384
4206,0.898048
4207,0.894976
4208,0.872448
4209,0.935936
4210,0.906240
4211,0.889856
4212,0.928768
4213,0.912384
4214,0.921600
4215,0.885760
4216,0.887808
4217,0.935936
4218,0.950272
4219,0.930816
4220,0.914432
4221,0.880640
4222,0.915456
4223,0.934912
4224,0.883712
4225,0.875520
4226,0.894976
4227,0.941056
4228,0.911360
4229,0.882688
4230,0.924672
4231,0.924672
4232,0.908288
4233,0.929792
4234,0.947200
4235,0.920576
4236,0.901120
4237,0.862208
4238,0.861184
4239,0.918528
4240,0.848896
4241,0.805888
4242,0.850944
4243,0.877568
4244,0.903168
4245,0.947200
4246,0.952320
4247,0.898048
4248,0.969728
4249,0.915456
4250,0.928768
4251,0.897024
4252,0.841728
4253,0.651264
4254,0.377856
4255,0.387072
4256,0.360448
4257,0.322560
4258,0.322560
4259,0.275456
4260,0.290816
4261,0.258048
4262,0.193536
4263,0.186368
4264,0.186368
4265,0.185344
4266,0.799744
4267,0.909312
4268,0.898048
4269,0.948224
4270,0.912384
4271,0.893952
4272,0.903168
4273,0.948224
4274,0.884736
4275,0.928768
4276,0.870400
4277,0.919552
4278,0.850944
4279,0.909312
4280,0.952320
4281,0.921600
4282,0.894976
4283,0.909312
4284,0.886784
4285,0.999424
4286,0.856064
4287,0.927744
4288,0.881664
4289,0.865280
4290,0.940032
4291,0.911360
4292,0.910336
4293,0.889856
4294,0.931840
4295,0.872448
4296,0.952320
4297,0.927744
4298,0.911360
4299,0.908288
4300,0.875520
4301,0.940032
4302,0.890880
4303,0.922624
4304,0.970752
4305,0.917504
4306,0.888832
4307,0.894976
4308,0.872448
4309,0.862208
4310,0.872448
4311,0.912384
4312,0.820224
4313,0.933888
4314,0.910336
4315,0.910336
4316,0.930816
4317,0.913408
4318,0.907264
4319,0.912384
4320,0.890880
4321,0.907264
4322,0.961536
4323,0.941056
4324,0.900096
4325,0.924672
4326,0.950272
4327,0.901120
4328,0.992256
4329,0.898048
4330,0.772096
4331,0.378880
4332,0.334848
4333,0.286720
4334,0.285696
4335,0.313344
4336,0.303104
4337,0.273408
4338,0.284672
4339,0.280576
4340,0.283648
4341,0.269312
4342,0.240640
4343,0.878592
4344,0.966656
4345,0.894976
4346,0.916480
4347,0.872448
4348,0.892928
4349,0.932864
4350,0.892928
4351,0.946176
4352,0.876544
4353,0.874496
4354,0.894976
4355,0.889856
4356,0.962560
4357,0.919552
4358,0.905216
4359,0.886784
4360,0.870400
4361,0.901120
4362,0.920576
4363,0.890880
4364,0.925696
4365,0.901120
4366,0.913408
4367,0.935936
4368,0.910336
4369,0.950272
4370,0.908288
4371,0.923648
4372,0.922624
4373,0.903168
4374,0.891904
4375,0.951296
4376,0.902144
4377,0.899072
4378,0.918528
4379,0.928768
4380,0.919552
4381,0.897024
4382,0.894976
4383,0.905216
4384,0.892928
4385,0.852992
4386,0.899072
4387,0.884736
4388,0.860160
4389,0.861184
4390,0.937984
4391,0.859136
4392,0.906240
4393,0.913408
4394,0.930816
4395,0.916480
4396,0.933888
4397,0.868352
4398,0.902144
4399,0.953344
4400,0.934912
4401,0.964608
4402,0.927744
4403,0.890880
4404,0.929792
4405,0.887808
4406,0.949248
4407,0.770048
4408,0.571392
4409,0.523264
4410,0.376832
4411,0.385024
4412,0.283648
4413,0.261120
4414,0.247808
4415,0.261120
4416,0.192512
4417,0.194560
4418,0.198656
4419,0.188416
4420,0.918528
4421,0.930816
4422,0.905216
4423,0.925696
4424,0.947200
4425,0.887808
4426,0.841728
4427,0.905216
4428,0.902144
4429,0.919552
4430,0.932864
4431,0.896000
4432,0.920576
4433,0.901120
4434,0.899072
4435,0.913408
4436,0.949248
4437,0.888832
4438,0.924672
4439,0.889856
4440,0.898048
4441,0.918528
4442,0.942080
4443,0.898048
4444,0.893952
4445,0.879616
4446,0.974848
4447,0.884736
4448,0.884736
4449,0.925696
4450,0.968704
4451,0.881664
4452,0.927744
4453,0.949248
4454,0.860160
4455,0.924672
4456,0.864256
4457,0.926720
4458,0.908288
4459,0.907264
4460,0.921600
4461,0.900096
4462,0.902144
4463,0.973824
4464,0.934912
4465,0.959488
4466,0.915456
4467,0.890880
4468,0.914432
4469,0.906240
4470,0.911360
4471,0.910336
4472,0.916480
4473,0.875520
4474,0.928768
4475,0.886784
4476,0.882688
4477,0.933888
4478,0.912384
4479,0.924672
4480,0.936960
4481,0.949248
4482,0.907264
4483,0.876544
4484,0.650240
4485,0.927744
4486,0.918528
4487,0.864256
4488,0.946176
4489,0.936960
4490,0.892928
4491,0.924672
4492,0.902144
4493,0.916480
4494,0.918528
4495,0.865280
4496,0.908288
4497,0.855040
4498,0.843776
4499,0.822272
4500,0.876544
4501,0.876544
4502,0.909312
4503,0.958464
4504,0.902144
4505,0.896000
4506,0.875520
4507,0.946176
4508,0.920576
4509,0.902144
4510,0.886784
4511,0.941056
4512,0.900096
4513,0.952320
4514,0.953344
4515,0.896000
4516,0.854016
4517,0.954368
4518,0.928768
4519,0.861184
4520,0.925696
4521,0.906240
4522,0.983040
4523,0.934912
4524,0.886784
4525,0.913408
4526,0.879616
4527,0.905216
4528,0.907264
4529,0.872448
4530,0.916480
4531,0.918528
4532,0.849920
4533,0.908288
4534,0.925696
4535,0.866304
4536,0.914432
4537,0.898048
4538,0.905216
4539,0.912384
4540,0.901120
4541,0.943104
4542,0.867328
4543,0.963584
4544,0.902144
4545,0.902144
4546,0.937984
4547,0.941056
4548,0.850944
4549,0.654336
4550,0.577536
4551,0.328704
4552,0.203776
4553,0.199680
4554,0.188416
4555,0.196608
4556,0.187392
4557,0.189440
4558,0.187392
4559,0.173056
4560,0.166912
4561,0.168960
4562,0.165888
4563,0.173056
4564,0.173056
4565,0.153600
4566,0.148480
4567,0.149504
4568,0.148480
4569,0.151552
4570,0.149504
4571,0.950272
4572,0.940032
4573,0.915456
4574,0.914432
4575,0.864256
4576,0.922624
4577,0.934912
4578,0.902144
4579,0.942080
4580,0.883712
4581,0.846848
4582,0.916480
4583,0.887808
4584,0.903168
4585,0.892928
4586,0.896000
4587,0.968704
4588,0.893952
4589,0.902144
4590,0.884736
4591,0.936960
4592,0.880640
4593,0.837632
4594,0.924672
4595,0.918528
4596,0.887808
4597,0.916480
4598,0.950272
4599,0.879616
4600,0.918528
4601,0.929792
4602,0.911360
4603,0.920576
4604,0.950272
4605,0.910336
4606,0.935936
4607,0.891904
4608,0.965632
4609,0.952320
4610,0.913408
4611,0.943104
4612,0.921600
4613,0.939008
4614,0.943104
4615,0.947200
4616,0.955392
4617,0.907264
4618,0.907264
4619,0.936960
4620,0.900096
4621,0.859136
4622,0.949248
4623,0.878592
4624,0.852992
4625,0.865280
4626,0.892928
4627,0.917504
4628,0.940032
4629,0.866304
4630,0.920576
4631,0.941056
4632,0.921600
4633,0.899072
4634,0.907264
4635,0.865280
4636,0.362496
4637,0.349184
4638,0.227328
4639,0.239616
4640,0.232448
4641,0.237568
4642,0.235520
4643,0.221184
4644,0.231424
4645,0.224256
4646,0.240640
4647,0.230400
4648,0.221184
4649,0.201728
4650,0.191488
4651,0.190464
4652,0.186368
4653,0.189440
4654,0.168960
4655,0.169984
4656,0.174080
4657,0.169984
4658,0.165888
4659,0.167936
4660,0.905216
4661,1.082368
4662,0.979968
4663,0.708608
4664,0.909312
4665,0.960512
4666,0.844800
4667,0.927744
4668,0.924672
4669,0.934912
4670,0.883712
4671,0.892928
4672,0.863232
4673,0.903168
4674,0.867328
4675,0.844800
4676,0.866304
4677,0.926720
4678,0.921600
4679,0.924672
4680,0.920576
4681,0.873472
4682,0.882688
4683,0.894976
4684,0.870400
4685,0.931840
4686,0.914432
4687,0.912384
4688,0.916480
4689,0.894976
4690,0.872448
4691,0.910336
4692,0.910336
4693,0.896000
4694,0.917504
4695,0.875520
4696,0.847872
4697,0.950272
4698,0.901120
4699,0.935936
4700,0.902144
4701,0.918528
4702,0.890880
4703,0.944128
4704,0.957440
4705,0.896000
4706,0.920576
4707,0.927744
4708,0.927744
4709,0.957440
4710,0.925696
4711,0.905216
4712,0.922624
4713,0.911360
4714,0.937984
4715,0.917504
4716,0.901120
4717,0.970752
4718,0.871424
4719,0.861184
4720,0.880640
4721,0.878592
4722,0.855040
4723,0.839680
4724,0.759808
4725,0.952320
4726,0.908288
4727,0.913408
4728,0.900096
4729,0.867328
4730,0.914432
4731,0.905216
4732,0.964608
4733,0.902144
4734,0.952320
4735,0.896000
4736,0.917504
4737,0.900096
4738,0.935936
4739,0.864256
4740,0.911360
4741,0.874496
4742,0.883712
4743,0.888832
4744,0.856064
4745,0.830464
4746,0.914432
4747,0.837632
4748,0.934912
4749,0.894976
4750,0.917504
4751,0.879616
4752,0.907264
4753,0.856064
4754,0.890880
4755,0.940032
4756,0.889856
4757,0.925696
4758,0.894976
4759,0.886784
4760,0.897024
4761,0.924672
4762,0.933888
4763,0.958464
4764,0.898048
4765,0.939008
4766,0.894976
4767,0.874496
4768,0.926720
4769,0.913408
4770,0.941056
4771,0.917504
4772,0.897024
4773,0.923648
4774,0.959488
4775,0.936960
4776,0.922624
4777,0.907264
4778,0.947200
4779,0.916480
4780,0.868352
4781,0.966656
4782,0.897024
4783,0.921600
4784,0.912384
4785,0.894976
4786,0.977920
4787,0.907264
4788,0.757760
4789,0.610304
4790,0.529408
4791,0.434176
4792,0.449536
4793,0.397312
4794,0.310272
4795,0.268288
4796,0.875520
4797,0.877568
4798,0.862208
4799,0.903168
4800,0.887808
4801,0.903168
4802,0.929792
4803,0.932864
4804,0.880640
4805,0.904192
4806,0.948224
4807,0.862208
4808,0.891904
4809,0.888832
4810,0.931840
4811,0.937984
4812,0.887808
4813,0.939008
4814,0.894976
4815,0.909312
4816,0.862208
4817,0.882688
4818,0.973824
4819,0.907264
4820,0.912384
4821,0.905216
4822,0.908288
4823,0.907264
4824,0.955392
4825,0.894976
4826,0.943104
4827,0.873472
4828,0.918528
4829,0.932864
4830,0.885760
4831,0.883712
4832,0.939008
4833,0.920576
4834,0.878592
4835,0.906240
4836,0.933888
4837,0.898048
4838,0.919552
4839,0.911360
4840,0.878592
4841,0.866304
4842,0.897024
4843,1.088512
4844,0.813056
4845,0.881664
4846,0.906240
4847,0.850944
4848,0.843776
4849,0.846848
4850,0.915456
4851,0.913408
4852,0.935936
4853,0.905216
4854,0.901120
4855,0.928768
4856,0.917504
4857,0.906240
4858,0.936960
4859,0.898048
4860,0.924672
4861,0.608256
4862,0.473088
4863,0.335872
4864,0.335872
4865,0.316416
4866,0.332800
4867,0.331776
4868,0.322560
4869,0.361472
4870,0.280576
4871,0.899072
4872,0.878592
4873,0.900096
4874,0.934912
4875,0.890880
4876,0.930816
4877,0.923648
4878,0.890880
4879,0.865280
4880,0.949248
4881,0.923648
4882,0.926720
4883,0.899072
4884,0.984064
4885,0.896000
4886,0.969728
4887,0.921600
4888,0.891904
4889,0.863232
4890,0.928768
4891,0.900096
4892,0.945152
4893,0.932864
4894,0.939008
4895,0.901120
4896,0.892928
4897,0.848896
4898,0.917504
4899,0.875520
4900,0.892928
4901,0.914432
4902,0.915456
4903,0.920576
4904,0.933888
4905,0.896000
4906,0.937984
4907,0.884736
4908,0.932864
4909,0.934912
4910,0.899072
4911,0.922624
4912,0.943104
4913,0.863232
4914,0.894976
4915,0.919552
4916,0.889856
4917,0.870400
4918,0.927744
4919,0.916480
4920,0.927744
4921,0.867328
4922,0.885760
4923,0.849920
4924,0.886784
4925,0.952320
4926,0.893952
4927,0.933888
4928,0.936960
4929,0.939008
4930,0.926720
4931,0.945152
4932,0.928768
4933,0.880640
4934,0.817152
4935,0.866304
4936,0.920576
4937,0.975872
4938,0.901120
4939,0.945152
4940,0.901120
4941,0.891904
4942,0.902144
4943,0.904192
4944,0.883712
4945,0.862208
4946,0.871424
4947,0.879616
4948,0.882688
4949,0.924672
4950,0.871424
4951,0.865280
4952,0.891904
4953,0.936960
4954,0.951296
4955,0.906240
4956,0.912384
4957,0.896000
4958,0.879616
4959,0.951296
4960,0.900096
4961,0.922624
4962,0.861184
4963,0.906240
4964,0.940032
4965,0.899072
4966,0.927744
4967,0.882688
4968,0.847872
4969,0.911360
4970,0.807936
4971,0.876544
4972,0.849920
4973,0.878592
4974,0.937984
4975,0.982016
4976,0.903168
4977,0.917504
4978,0.918528
4979,0.867328
4980,0.887808
4981,0.870400
4982,0.934912
4983,0.896000
4984,0.894976
4985,0.887808
4986,0.925696
4987,0.884736
4988,0.968704
4989,0.922624
4990,0.899072
4991,0.937984
4992,0.899072
4993,0.899072
4994,0.939008
4995,0.907264
4996,0.893952
4997,0.904192
4998,0.886784
4999,0.770048
5000,0.534528
5001,0.518144
5002,0.396288
5003,0.427008
5004,0.421888
5005,0.405504
5006,0.363520
5007,0.184320
5008,0.185344
5009,0.181248
5010,0.179200
5011,0.730112
5012,0.952320
5013,0.922624
5014,0.943104
5015,0.966656
5016,0.908288
5017,0.932864
5018,0.879616
5019,0.899072
5020,0.918528
5021,0.911360
5022,0.911360
5023,0.932864
5024,0.927744
5025,0.882688
5026,0.917504
5027,0.894976
5028,0.873472
5029,0.823296
5030,0.871424
5031,0.843776
5032,0.894976
5033,0.902144
5034,0.947200
5035,0.884736
5036,0.912384
5037,0.874496
5038,0.854016
5039,0.937984
5040,0.903168
5041,0.855040
5042,0.921600
5043,0.932864
5044,0.884736
5045,0.924672
5046,0.863232
5047,0.903168
5048,0.896000
5049,0.907264
5050,0.957440
5051,0.928768
5052,0.842752
5053,0.919552
5054,0.939008
5055,0.923648
5056,0.959488
5057,0.890880
5058,0.896000
5059,0.925696
5060,0.861184
5061,0.927744
5062,0.965632
5063,0.939008
5064,0.928768
5065,0.905216
5066,0.919552
5067,0.886784
5068,0.947200
5069,0.934912
5070,0.964608
5071,0.650240
5072,0.897024
5073,0.831488
5074,0.845824
5075,0.913408
5076,0.843776
5077,0.667648
5078,0.954368
5079,0.891904
5080,0.934912
5081,0.935936
5082,0.883712
5083,0.922624
5084,0.933888
5085,0.935936
5086,0.900096
5087,0.849920
5088,0.834560
5089,0.844800
5090,0.828416
5091,0.896000
5092,0.940032
5093,0.849920
5094,0.918528
5095,0.916480
5096,0.940032
5097,0.893952
5098,0.927744
5099,0.926720
5100,0.918528
5101,0.907264
5102,0.871424
5103,0.918528
5104,0.905216
5105,0.913408
5106,0.912384
5107,0.901120
5108,0.896000
5109,0.900096
5110,0.933888
5111,0.850944
5112,0.929792
5113,0.905216
5114,0.860160
5115,0.900096
5116,1.044480
5117,0.748544
5118,0.924672
5119,0.935936
5120,0.930816
5121,0.944128
5122,0.881664
5123,0.922624
5124,0.946176
5125,0.914432
5126,0.958464
5127,0.867328
5128,0.879616
5129,0.787456
5130,0.894976
5131,0.912384
5132,0.894976
5133,0.934912
5134,0.913408
5135,0.922624
5136,0.878592
5137,0.904192
5138,0.905216
5139,0.950272
5140,0.844800
5141,0.910336
5142,0.865280
5143,0.731136
5144,0.929792
5145,0.905216
5146,0.941056
5147,0.944128
5148,0.935936
5149,0.920576
5150,0.886784
5151,0.921600
5152,0.886784
5153,0.879616
5154,0.912384
5155,0.848896
5156,0.803840
5157,0.834560
5158,0.907264
5159,0.917504
5160,0.898048
5161,0.930816
5162,0.929792
5163,0.905216
5164,0.912384
5165,0.909312
5166,0.950272
5167,0.861184
5168,0.897024
5169,0.880640
5170,0.909312
5171,0.882688
5172,0.935936
5173,0.913408
5174,0.863232
5175,0.915456
5176,0.914432
5177,0.924672
5178,0.880640
5179,0.910336
5180,0.854016
5181,0.898048
5182,0.862208
5183,0.373760
5184,0.887808
5185,0.923648
5186,0.887808
5187,0.898048
5188,0.913408
5189,0.897024
5190,0.901120
5191,0.894976
5192,0.888832
5193,0.925696
5194,0.909312
5195,0.888832
5196,0.919552
5197,0.884736
5198,0.959488
5199,0.914432
5200,0.927744
5201,0.966656
5202,0.900096
5203,0.926720
5204,0.864256
5205,0.875520
5206,0.912384
5207,0.805888
5208,0.756736
5209,0.954368
5210,0.905216
5211,0.908288
5212,0.879616
5213,0.916480
5214,0.941056
5215,0.936960
5216,0.916480
5217,0.926720
5218,0.931840
5219,0.956416
5220,0.927744
5221,0.940032
5222,0.932864
5223,0.902144
5224,0.908288
5225,0.917504
5226,0.894976
5227,0.912384
5228,0.849920
5229,0.833536
5230,0.889856
5231,0.892928
5232,0.820224
5233,0.902144
5234,0.874496
5235,0.888832
5236,0.894976
5237,0.955392
5238,0.963584
5239,0.882688
5240,0.877568
5241,0.877568
5242,0.910336
5243,0.923648
5244,0.861184
5245,0.889856
5246,0.943104
5247,0.903168
5248,0.921600
5249,0.885760
5250,0.940032
5251,0.855040
5252,0.931840
5253,0.925696
5254,0.902144
5255,0.878592
5256,0.864256
5257,0.893952
5258,0.891904
5259,0.919552
5260,0.903168
5261,0.916480
5262,0.914432
5263,0.954368
5264,0.952320
5265,0.936960
5266,0.974848
5267,0.842752
5268,0.916480
5269,0.906240
5270,0.955392
5271,0.949248
5272,0.892928
5273,0.619520
5274,0.450560
5275,0.371712
5276,0.402432
5277,0.917504
5278,0.913408
5279,0.851968
5280,0.928768
5281,0.914432
5282,0.914432
5283,0.926720
5284,0.849920
5285,0.913408
5286,0.923648
5287,1.031168
5288,0.876544
5289,0.935936
5290,0.923648
5291,0.901120
5292,0.952320
5293,0.972800
5294,0.779264
5295,0.916480
5296,0.933888
5297,0.912384
5298,0.922624
5299,0.900096
5300,0.907264
5301,0.916480
5302,0.888832
5303,0.923648
5304,0.866304
5305,0.898048
5306,0.848896
5307,0.877568
5308,0.843776
5309,0.888832
5310,0.873472
5311,0.842752
5312,0.958464
5313,0.902144
5314,0.943104
5315,0.908288
5316,0.905216
5317,0.902144
5318,0.916480
5319,0.870400
5320,0.902144
5321,0.900096
5322,0.902144
5323,0.877568
5324,0.894976
5325,0.922624
5326,0.870400
5327,0.922624
5328,0.926720
5329,0.900096
5330,0.936960
5331,0.903168
5332,0.911360
5333,0.919552
5334,0.921600
5335,0.922624
5336,0.917504
5337,0.977920
5338,0.929792
5339,0.904192
5340,0.768000
5341,0.706560
5342,0.908288
5343,0.881664
5344,0.933888
5345,0.919552
5346,0.903168
5347,0.921600
5348,0.923648
5349,0.874496
5350,0.866304
5351,0.888832
5352,0.841728
5353,0.832512
5354,0.876544
5355,0.884736
5356,0.915456
5357,0.897024
5358,0.890880
5359,0.866304
5360,0.933888
5361,0.804864
5362,0.807936
5363,0.900096
5364,0.905216
5365,0.869376
5366,0.880640
5367,0.805888
5368,0.879616
5369,0.866304
5370,0.886784
5371,0.870400
5372,0.919552
5373,0.898048
5374,0.910336
5375,0.868352
5376,0.874496
5377,0.919552
5378,0.902144
5379,0.840704
5380,0.862208
5381,0.943104
5382,0.899072
5383,0.931840
5384,0.918528
5385,0.880640
5386,0.887808
5387,0.917504
5388,0.899072
5389,0.929792
5390,0.957440
5391,0.924672
5392,0.871424
5393,0.911360
5394,0.917504
5395,0.886784
5396,0.924672
5397,0.908288
5398,0.861184
5399,0.940032
5400,0.834560
5401,0.879616
5402,0.896000
5403,0.931840
5404,0.945152
5405,0.935936
5406,0.883712
5407,0.583680
5408,0.472064
5409,0.319488
5410,0.282624
5411,0.238592
5412,0.228352
5413,0.224256
5414,0.223232
5415,0.174080
5416,0.169984
5417,0.171008
5418,0.168960
5419,0.166912
5420,0.168960
5421,0.150528
5422,0.148480
5423,0.149504
5424,0.149504
5425,0.148480
5426,0.148480
5427,0.149504
5428,0.148480
5429,0.149504
5430,0.150528
5431,0.149504
5432,0.148480
5433,0.882688
5434,0.959488
5435,0.944128
5436,0.889856
5437,0.968704
5438,0.931840
5439,0.891904
5440,0.912384
5441,0.903168
5442,0.864256
5443,0.888832
5444,0.894976
5445,0.896000
5446,0.935936
5447,0.878592
5448,0.915456
5449,0.913408
5450,0.879616
5451,0.891904
5452,0.874496
5453,0.787456
5454,1.011712
5455,0.818176
5456,0.952320
5457,0.849920
5458,0.855040
5459,0.863232
5460,0.890880
5461,0.927744
5462,0.891904
5463,0.934912
5464,0.868352
5465,0.959488
5466,0.894976
5467,0.914432
5468,0.927744
5469,0.891904
5470,0.892928
5471,0.917504
5472,0.906240
5473,0.924672
5474,0.921600
5475,0.902144
5476,0.906240
5477,0.893952
5478,0.930816
5479,0.883712
5480,0.882688
5481,0.865280
5482,0.854016
5483,0.877568
5484,0.897024
5485,0.901120
5486,0.915456
5487,0.925696
5488,0.859136
5489,0.890880
5490,0.944128
5491,0.876544
5492,0.882688
5493,0.941056
5494,0.925696
5495,0.917504
5496,0.916480
5497,0.870400
5498,0.681984
5499,0.954368
5500,0.941056
5501,0.896000
5502,0.947200
5503,0.885760
5504,0.891904
5505,0.866304
5506,0.869376
5507,0.778240
5508,0.910336
5509,0.922624
5510,0.865280
5511,0.887808
5512,0.901120
5513,0.885760
5514,0.871424
5515,0.914432
5516,0.890880
5517,0.901120
5518,0.916480
5519,0.924672
5520,0.950272
5521,0.923648
5522,0.876544
5523,0.953344
5524,0.878592
5525,0.886784
5526,0.887808
5527,0.872448
5528,0.955392
5529,0.911360
5530,0.884736
5531,0.931840
5532,0.925696
5533,0.865280
5534,0.932864
5535,0.899072
5536,0.903168
5537,0.909312
5538,0.972800
5539,0.878592
5540,0.882688
5541,0.910336
5542,0.881664
5543,0.888832
5544,0.926720
5545,0.904192
5546,0.972800
5547,0.959488
5548,0.908288
5549,0.909312
5550,0.896000
5551,0.925696
5552,0.947200
5553,0.891904
5554,0.847872
5555,0.958464
5556,0.915456
5557,0.936960
5558,0.917504
5559,0.952320
5560,0.931840
5561,0.886784
5562,0.743424
5563,0.676864
5564,0.606208
5565,0.761856
5566,0.966656
5567,0.873472
5568,0.913408
5569,0.942080
5570,0.924672
5571,0.894976
5572,0.912384
5573,0.905216
5574,0.896000
5575,0.941056
5576,0.943104
5577,0.909312
5578,0.900096
5579,0.932864
5580,0.908288
5581,0.891904
5582,0.956416
5583,0.898048
5584,0.955392
5585,0.911360
5586,0.937984
5587,0.923648
5588,0.982016
5589,0.908288
5590,0.907264
5591,0.931840
5592,0.925696
5593,0.970752
5594,0.882688
5595,0.939008
5596,0.927744
5597,0.877568
5598,0.919552
5599,0.887808
5600,0.876544
5601,0.882688
5602,0.837632
5603,0.875520
5604,0.900096
5605,0.897024
5606,0.925696
5607,0.877568
5608,0.884736
5609,0.946176
5610,0.985088
5611,0.939008
5612,0.936960
5613,0.923648
5614,0.904192
5615,0.922624
5616,0.907264
5617,0.943104
5618,0.918528
5619,0.912384
5620,0.901120
5621,0.913408
5622,0.961536
5623,0.924672
5624,0.930816
5625,0.935936
5626,0.872448
5627,0.918528
5628,0.898048
5629,0.893952
5630,0.741376
5631,0.821248
5632,0.915456
5633,0.916480
5634,0.876544
5635,0.912384
5636,0.880640
5637,0.929792
5638,0.927744
5639,0.920576
5640,0.907264
5641,0.927744
5642,0.899072
5643,0.940032
5644,0.908288
5645,0.875520
5646,0.918528
5647,0.913408
5648,0.924672
5649,0.902144
5650,0.945152
5651,0.892928
5652,0.689152
5653,0.842752
5654,0.913408
5655,0.865280
5656,0.858112
5657,0.923648
5658,0.926720
5659,0.890880
5660,0.933888
5661,0.979968
5662,0.889856
5663,0.899072
5664,0.967680
5665,0.872448
5666,0.927744
5667,0.921600
5668,0.880640
5669,0.959488
5670,0.957440
5671,0.932864
5672,0.905216
5673,0.943104
5674,0.882688
5675,0.929792
5676,0.918528
5677,0.909312
5678,0.946176
5679,0.851968
5680,0.917504
5681,0.912384
5682,0.919552
5683,0.909312
5684,0.899072
5685,0.903168
5686,0.971776
5687,0.937984
5688,0.961536
5689,0.890880
5690,0.993280
5691,0.910336
5692,0.952320
5693,0.873472
5694,0.811008
5695,0.628736
5696,0.813056
5697,0.903168
5698,0.925696
5699,0.909312
5700,0.904192
5701,0.921600
5702,0.860160
5703,0.961536
5704,0.913408
5705,0.834560
5706,0.909312
5707,0.934912
5708,0.928768
5709,0.910336
5710,0.930816
5711,0.912384
5712,0.912384
5713,0.935936
5714,0.925696
5715,0.878592
5716,0.941056
5717,0.917504
5718,0.873472
5719,0.947200
5720,0.909312
5721,0.899072
5722,0.893952
5723,0.925696
5724,0.894976
5725,0.923648
5726,0.883712
5727,0.908288
5728,0.921600
5729,0.914432
5730,0.880640
5731,0.970752
5732,0.954368
5733,0.871424
5734,0.905216
5735,0.925696
5736,0.905216
5737,0.917504
5738,0.888832
5739,0.870400
5740,0.878592
5741,0.794624
5742,0.902144
5743,0.884736
5744,0.912384
5745,0.943104
5746,0.894976
5747,0.892928
5748,0.961536
5749,0.935936
5750,0.880640
5751,0.931840
5752,0.969728
5753,0.945152
5754,0.893952
5755,0.927744
5756,0.937984
5757,0.936960
5758,0.930816
5759,0.897024
5760,0.626688
5761,0.923648
5762,0.914432
5763,0.886784
5764,0.915456
5765,0.897024
5766,0.905216
5767,0.881664
5768,0.882688
5769,0.867328
5770,0.889856
5771,0.821248
5772,0.914432
5773,0.862208
5774,0.879616
5775,0.864256
5776,0.920576
5777,0.867328
5778,0.732160
5779,0.813056
5780,0.781312
5781,0.878592
5782,0.906240
5783,0.959488
5784,0.916480
5785,0.802816
5786,0.892928
5787,0.885760
5788,0.873472
5789,0.950272
5790,0.855040
5791,0.889856
5792,0.900096
5793,0.886784
5794,0.893952
5795,0.902144
5796,0.873472
5797,0.910336
5798,0.891904
5799,0.873472
5800,0.897024
5801,0.894976
5802,0.900096
5803,0.940032
5804,0.897024
5805,0.957440
5806,0.902144
5807,0.902144
5808,0.941056
5809,0.965632
5810,0.878592
5811,0.883712
5812,0.896000
5813,0.947200
5814,0.923648
5815,0.877568
5816,0.893952
5817,0.896000
5818,0.926720
5819,0.872448
5820,0.874496
5821,0.953344
5822,0.936960
5823,0.874496
5824,0.920576
5825,0.865280
5826,0.659456
5827,0.848896
5828,0.875520
5829,0.854016
5830,0.844800
5831,0.896000
5832,0.807936
5833,0.912384
5834,0.849920
5835,0.887808
5836,0.884736
5837,0.937984
5838,0.923648
5839,0.902144
5840,0.934912
5841,0.905216
5842,0.939008
5843,0.922624
5844,0.901120
5845,0.892928
5846,0.877568
5847,0.936960
5848,0.879616
5849,0.888832
5850,0.872448
5851,0.873472
5852,0.919552
5853,0.906240
5854,0.896000
5855,0.876544
5856,1.025024
5857,0.738304
5858,0.910336
5859,0.927744
5860,0.941056
5861,0.904192
5862,0.889856
5863,0.940032
5864,0.839680
5865,0.918528
5866,0.908288
5867,0.916480
5868,0.887808
5869,0.897024
5870,0.860160
5871,0.852992
5872,0.870400
5873,0.927744
5874,0.906240
5875,0.936960
5876,0.878592
5877,0.898048
5878,0.911360
5879,0.945152
5880,0.979968
5881,0.926720
5882,0.922624
5883,0.879616
5884,0.977920
5885,0.881664
5886,0.911360
5887,0.957440
5888,0.932864
5889,0.933888
5890,0.923648
5891,0.858112
5892,0.419840
5893,0.740352
5894,0.918528
5895,0.925696
5896,0.883712
5897,0.873472
5898,0.918528
5899,0.879616
5900,0.885760
5901,0.919552
5902,0.870400
5903,0.896000
5904,0.845824
5905,0.814080
5906,0.902144
5907,0.871424
5908,0.914432
5909,0.915456
5910,0.918528
5911,0.911360
5912,0.907264
5913,0.907264
5914,0.887808
5915,0.888832
5916,0.906240
5917,0.921600
5918,0.867328
5919,0.903168
5920,0.917504
5921,0.864256
5922,0.917504
5923,1.103872
5924,0.849920
5925,0.857088
5926,0.962560
5927,0.927744
5928,0.910336
5929,0.917504
5930,0.880640
5931,0.840704
5932,0.866304
5933,0.878592
5934,0.916480
5935,0.849920
5936,0.877568
5937,0.899072
5938,0.877568
5939,0.961536
5940,0.894976
5941,0.918528
5942,0.867328
5943,0.870400
5944,0.897024
5945,0.904192
5946,0.946176
5947,1.015808
5948,0.863232
5949,0.821248
5950,0.933888
5951,0.914432
5952,0.940032
5953,0.916480
5954,0.940032
5955,0.873472
5956,0.852992
5957,0.814080
5958,0.736256
5959,0.711680
5960,0.908288
5961,0.921600
5962,0.922624
5963,0.862208
5964,0.951296
5965,0.910336
5966,0.939008
5967,0.934912
5968,0.894976
5969,0.877568
5970,0.881664
5971,0.901120
5972,0.806912
5973,0.844800
5974,0.869376
5975,0.901120
5976,0.955392
5977,0.927744
5978,0.913408
5979,0.906240
5980,0.870400
5981,0.947200
5982,0.913408
5983,0.922624
5984,0.909312
5985,0.892928
5986,0.867328
5987,0.919552
5988,0.908288
5989,0.901120
5990,0.882688
5991,0.911360
5992,0.940032
5993,0.852992
5994,0.971776
5995,0.877568
5996,0.889856
5997,0.868352
5998,0.861184
5999,0.880640
6000,0.885760
6001,0.887808
6002,0.909312
6003,0.889856
6004,0.917504
6005,0.933888
6006,0.900096
6007,0.870400
6008,0.871424
6009,0.817152
6010,0.865280
6011,0.913408
6012,0.918528
6013,0.959488
6014,0.868352
6015,0.857088
6016,0.788480
6017,0.871424
6018,0.952320
6019,0.897024
6020,0.886784
6021,0.957440
6022,0.924672
6023,0.878592
6024,0.613376
6025,0.867328
6026,0.914432
6027,0.900096
6028,0.858112
6029,0.872448
6030,0.858112
6031,0.825344
6032,0.918528
6033,0.890880
6034,0.980992
6035,0.879616
6036,0.874496
6037,0.896000
6038,0.911360
6039,0.936960
6040,0.913408
6041,0.893952
6042,0.927744
6043,0.921600
6044,0.934912
6045,0.888832
6046,0.921600
6047,0.924672
6048,0.877568
6049,0.906240
6050,0.872448
6051,0.950272
6052,0.977920
6053,0.927744
6054,0.880640
6055,0.936960
6056,0.971776
6057,0.921600
6058,0.864256
6059,0.916480
6060,0.950272
6061,0.913408
6062,0.859136
6063,0.906240
6064,0.961536
6065,0.896000
6066,0.941056
6067,0.894976
6068,0.912384
6069,0.928768
6070,0.926720
6071,0.929792
6072,0.929792
6073,0.956416
6074,0.916480
6075,0.974848
6076,0.931840
6077,0.931840
6078,0.923648
6079,0.907264
6080,0.925696
6081,0.915456
6082,0.882688
6083,0.929792
6084,0.936960
6085,0.945152
6086,0.869376
6087,0.980992
6088,0.818176
6089,0.664576
6090,0.948224
6091,0.943104
6092,0.921600
6093,0.935936
6094,0.918528
6095,0.908288
6096,0.955392
6097,0.950272
6098,0.899072
6099,0.890880
6100,0.857088
6101,0.852992
6102,0.881664
6103,0.858112
6104,0.845824
6105,0.870400
6106,0.877568
6107,0.879616
6108,0.921600
6109,0.954368
6110,0.950272
6111,0.919552
6112,0.928768
6113,0.909312
6114,0.948224
6115,0.851968
6116,0.909312
6117,0.909312
6118,0.963584
6119,0.850944
6120,0.936960
6121,0.862208
6122,0.875520
6123,0.892928
6124,0.855040
6125,0.872448
6126,0.902144
6127,0.880640
6128,0.909312
6129,0.910336
6130,0.884736
6131,0.899072
6132,0.910336
6133,0.939008
6134,0.903168
6135,0.927744
6136,0.863232
6137,0.905216
6138,0.926720
6139,0.959488
6140,0.927744
6141,0.958464
6142,0.937984
6143,0.966656
6144,0.968704
6145,0.935936
6146,0.909312
6147,0.956416
6148,0.900096
6149,0.883712
6150,0.899072
6151,0.902144
6152,0.959488
6153,0.885760
6154,0.738304
6155,0.509952
6156,0.421888
6157,0.729088
6158,0.903168
6159,0.890880
6160,0.944128
6161,0.956416
6162,0.939008
6163,0.902144
6164,0.937984
6165,0.892928
6166,0.928768
6167,0.929792
6168,0.885760
6169,0.886784
6170,0.891904
6171,0.902144
6172,0.935936
6173,0.935936
6174,0.932864
6175,0.897024
6176,0.849920
6177,0.817152
6178,0.854016
6179,0.824320
6180,0.886784
6181,0.905216
6182,0.944128
6183,0.931840
6184,0.928768
6185,0.914432
6186,0.944128
6187,0.905216
6188,0.898048
6189,0.930816
6190,0.875520
6191,0.931840
6192,0.929792
6193,0.883712
6194,0.901120
6195,0.907264
6196,0.913408
6197,0.911360
6198,0.936960
6199,0.905216
6200,0.932864
6201,0.872448
6202,0.976896
6203,0.924672
6204,0.946176
6205,0.876544
6206,0.936960
6207,0.900096
6208,0.873472
6209,0.917504
6210,0.913408
6211,0.898048
6212,0.905216
6213,0.914432
6214,0.950272
6215,0.894976
6216,0.946176
6217,0.911360
6218,0.915456
6219,0.945152
6220,0.930816
6221,0.842752
6222,0.734208
6223,0.919552
6224,0.885760
6225,0.941056
6226,0.902144
6227,0.941056
6228,0.898048
6229,0.911360
6230,0.947200
6231,0.867328
6232,0.875520
6233,0.871424
6234,0.851968
6235,0.850944
6236,0.847872
6237,0.886784
6238,0.831488
6239,0.927744
6240,0.866304
6241,0.871424
6242,0.876544
6243,0.970752
6244,0.921600
6245,0.945152
6246,0.892928
6247,0.945152
6248,0.905216
6249,0.896000
6250,0.950272
6251,0.866304
6252,0.897024
6253,0.910336
6254,0.942080
6255,0.903168
6256,0.930816
6257,0.863232
6258,0.875520
6259,0.847872
6260,0.931840
6261,0.898048
6262,0.862208
6263,0.951296
6264,0.890880
6265,0.901120
6266,0.922624
6267,0.848896
6268,0.889856
6269,0.904192
6270,0.944128
6271,0.921600
6272,0.886784
6273,0.900096
6274,0.920576
6275,0.926720
6276,0.939008
6277,0.942080
6278,0.908288
6279,0.917504
6280,0.921600
6281,0.902144
6282,0.908288
6283,0.955392
6284,0.955392
6285,0.909312
6286,0.933888
6287,0.789504
6288,0.837632
6289,0.899072
6290,0.868352
6291,0.886784
6292,0.877568
6293,0.897024
6294,0.914432
6295,0.987136
6296,0.825344
6297,0.907264
6298,0.880640
6299,0.932864
6300,0.923648
6301,0.891904
6302,0.929792
6303,0.890880
6304,0.910336
6305,0.977920
6306,0.911360
6307,0.942080
6308,0.920576
6309,0.865280
6310,0.871424
6311,0.910336
6312,0.858112
6313,0.898048
6314,0.862208
6315,0.912384
6316,0.872448
6317,0.870400
6318,0.919552
6319,0.918528
6320,0.891904
6321,0.900096
6322,0.904192
6323,0.889856
6324,0.885760
6325,0.918528
6326,0.921600
6327,0.841728
6328,0.920576
6329,0.953344
6330,0.871424
6331,0.879616
6332,0.918528
6333,0.891904
6334,0.859136
6335,0.906240
6336,0.909312
6337,0.904192
6338,0.881664
6339,0.951296
6340,0.916480
6341,0.913408
6342,0.878592
6343,0.852992
6344,0.893952
6345,0.886784
6346,0.954368
6347,0.872448
6348,0.949248
6349,0.939008
6350,0.907264
6351,0.899072
6352,0.637952
6353,0.459776
6354,0.937984
6355,0.976896
6356,0.897024
6357,0.893952
6358,0.926720
6359,0.926720
6360,0.875520
6361,0.913408
6362,0.898048
6363,0.899072
6364,0.909312
6365,0.882688
6366,0.941056
6367,0.897024
6368,0.915456
6369,0.876544
6370,0.964608
6371,0.892928
6372,0.951296
6373,0.925696
6374,0.890880
6375,0.889856
6376,0.945152
6377,0.909312
6378,0.903168
6379,0.849920
6380,0.873472
6381,0.882688
6382,0.904192
6383,0.890880
6384,0.914432
6385,0.837632
6386,0.908288
6387,0.894976
6388,0.865280
6389,0.918528
6390,0.906240
6391,0.877568
6392,0.946176
6393,0.911360
6394,0.915456
6395,0.939008
6396,0.930816
6397,0.922624
6398,0.873472
6399,0.912384
6400,0.908288
6401,0.870400
6402,0.931840
6403,0.947200
6404,0.933888
6405,0.922624
6406,0.876544
6407,0.907264
6408,0.899072
6409,0.935936
6410,0.868352
6411,0.872448
6412,0.883712
6413,0.883712
6414,0.910336
6415,0.830464
6416,0.968704
6417,0.871424
6418,0.832512
6419,0.589824
6420,0.877568
6421,0.900096
6422,0.931840
6423,0.864256
6424,0.904192
6425,0.836608
6426,0.871424
6427,0.936960
6428,0.899072
6429,0.867328
6430,0.904192
6431,0.932864
6432,0.844800
6433,0.924672
6434,0.966656
6435,0.887808
6436,0.971776
6437,0.913408
6438,0.883712
6439,0.908288
6440,0.888832
6441,0.887808
6442,0.910336
6443,0.908288
6444,0.883712
6445,0.950272
6446,0.884736
6447,0.962560
6448,0.910336
6449,0.880640
6450,0.891904
6451,0.892928
6452,0.923648
6453,0.906240
6454,0.907264
6455,0.923648
6456,0.907264
6457,0.956416
6458,0.937984
6459,0.860160
6460,0.934912
6461,0.890880
6462,0.940032
6463,0.901120
6464,0.879616
6465,0.891904
6466,0.908288
6467,0.944128
6468,0.908288
6469,0.890880
6470,0.908288
6471,0.904192
6472,0.894976
6473,0.823296
6474,0.898048
6475,0.876544
6476,0.883712
6477,0.925696
6478,0.917504
6479,0.928768
6480,0.983040
6481,0.869376
6482,0.875520
6483,0.838656
6484,0.536576
6485,0.451584
6486,0.444416
6487,0.413696
6488,0.365568
6489,0.445440
6490,0.325632
6491,0.359424
6492,0.335872
6493,0.334848
6494,0.294912
6495,0.937984
6496,0.982016
6497,0.939008
6498,0.877568
6499,0.903168
6500,0.919552
6501,0.939008
6502,0.934912
6503,0.877568
6504,0.891904
6505,0.891904
6506,0.950272
6507,0.901120
6508,0.924672
6509,0.892928
6510,0.933888
6511,0.909312
6512,0.911360
6513,0.961536
6514,0.882688
6515,0.866304
6516,0.926720
6517,0.922624
6518,0.912384
6519,0.906240
6520,0.905216
6521,0.907264
6522,0.899072
6523,0.899072
6524,0.951296
6525,0.931840
6526,0.930816
6527,0.930816
6528,0.887808
6529,0.904192
6530,0.876544
6531,0.925696
6532,0.926720
6533,0.886784
6534,0.914432
6535,0.868352
6536,0.803840
6537,0.882688
6538,0.873472
6539,0.876544
6540,0.881664
6541,0.890880
6542,0.905216
6543,0.934912
6544,0.912384
6545,0.900096
6546,0.878592
6547,0.894976
6548,0.935936
6549,0.929792
6550,0.924672
6551,0.924672
6552,0.875520
6553,0.906240
6554,0.890880
6555,0.926720
6556,0.930816
6557,0.893952
6558,0.872448
6559,0.665600
6560,0.588800
6561,0.835584
6562,0.894976
6563,0.871424
6564,0.951296
6565,0.911360
6566,0.921600
6567,0.871424
6568,0.893952
6569,0.894976
6570,0.850944
6571,0.889856
6572,0.910336
6573,0.876544
6574,0.940032
6575,0.887808
6576,0.985088
6577,0.898048
6578,0.915456
6579,0.933888
6580,0.902144
6581,0.914432
6582,0.885760
6583,0.899072
6584,0.899072
6585,0.885760
6586,0.913408
6587,0.926720
6588,0.882688
6589,0.940032
6590,1.071104
6591,0.516096
6592,0.760832
6593,0.896000
6594,0.919552
6595,0.901120
6596,0.899072
6597,0.913408
6598,0.966656
6599,0.954368
6600,0.876544
6601,0.941056
6602,0.912384
6603,0.932864
6604,0.915456
6605,0.901120
6606,0.914432
6607,0.900096
6608,0.886784
6609,0.907264
6610,0.966656
6611,0.880640
6612,0.946176
6613,0.924672
6614,0.939008
6615,0.904192
6616,0.924672
6617,0.931840
6618,0.957440
6619,0.897024
6620,0.934912
6621,0.917504
6622,0.932864
6623,0.901120
6624,0.935936
6625,0.911360
6626,0.551936
6627,0.381952
6628,0.356352
6629,0.362496
6630,0.319488
6631,0.311296
6632,0.182272
6633,0.174080
6634,0.175104
6635,0.172032
6636,0.167936
6637,0.173056
6638,0.169984
6639,0.171008
6640,0.161792
6641,0.166912
6642,0.158720
6643,0.906240
6644,0.975872
6645,0.899072
6646,0.873472
6647,0.974848
6648,0.894976
6649,0.941056
6650,0.890880
6651,0.841728
6652,0.912384
6653,0.927744
6654,0.887808
6655,0.914432
6656,0.923648
6657,0.906240
6658,0.925696
6659,0.923648
6660,0.955392
6661,0.918528
6662,0.933888
6663,0.876544
6664,0.952320
6665,0.941056
6666,0.870400
6667,0.928768
6668,0.914432
6669,0.925696
6670,0.921600
6671,0.931840
6672,0.888832
6673,1.070080
6674,0.805888
6675,0.923648
6676,0.890880
6677,0.877568
6678,1.000448
6679,1.008640
6680,0.701440
6681,0.892928
6682,0.908288
6683,0.874496
6684,0.916480
6685,0.862208
6686,0.876544
6687,0.876544
6688,0.896000
6689,0.894976
6690,0.883712
6691,0.902144
6692,0.898048
6693,0.919552
6694,0.898048
6695,0.922624
6696,0.914432
6697,0.964608
6698,0.941056
6699,0.894976
6700,0.896000
6701,0.952320
6702,0.953344
6703,0.974848
6704,0.914432
6705,0.936960
6706,0.819200
6707,0.557056
6708,0.503808
6709,0.360448
6710,0.259072
6711,0.274432
6712,0.259072
6713,0.259072
6714,0.257024
6715,0.899072
6716,0.912384
6717,0.927744
6718,0.896000
6719,0.935936
6720,0.919552
6721,0.956416
6722,0.899072
6723,0.921600
6724,0.936960
6725,0.881664
6726,0.963584
6727,0.883712
6728,0.903168
6729,0.914432
6730,0.919552
6731,0.924672
6732,0.902144
6733,0.911360
6734,0.877568
6735,0.900096
6736,0.893952
6737,0.860160
6738,0.950272
6739,0.863232
6740,0.855040
6741,0.910336
6742,0.919552
6743,0.931840
6744,0.885760
6745,0.927744
6746,0.925696
6747,0.947200
6748,0.919552
6749,0.912384
6750,0.939008
6751,0.886784
6752,0.894976
6753,0.917504
6754,0.950272
6755,0.921600
6756,0.927744
6757,0.959488
6758,0.913408
6759,0.916480
6760,0.945152
6761,0.913408
6762,1.035264
6763,0.831488
6764,0.921600
6765,0.925696
6766,0.887808
6767,0.868352
6768,0.912384
6769,0.882688
6770,0.840704
6771,0.872448
6772,0.884736
6773,0.910336
6774,0.911360
6775,0.924672
6776,0.894976
6777,0.908288
6778,0.860160
6779,0.749568
6780,0.678912
6781,0.580608
6782,0.687104
6783,0.875520
6784,0.923648
6785,0.937984
6786,0.907264
6787,0.947200
6788,0.905216
6789,0.956416
6790,0.892928
6791,0.880640
6792,0.930816
6793,0.878592
6794,0.867328
6795,0.857088
6796,0.841728
6797,0.904192
6798,0.900096
6799,0.854016
6800,0.883712
6801,0.904192
6802,0.902144
6803,0.888832
6804,0.936960
6805,0.894976
6806,0.891904
6807,0.913408
6808,0.871424
6809,0.905216
6810,0.912384
6811,0.832512
6812,0.930816
6813,0.911360
6814,0.912384
6815,0.919552
6816,0.912384
6817,0.910336
6818,0.927744
6819,0.905216
6820,0.884736
6821,0.949248
6822,0.873472
6823,0.912384
6824,0.923648
6825,0.856064
6826,0.872448
6827,0.890880
6828,0.871424
6829,0.870400
6830,0.874496
6831,0.925696
6832,0.888832
6833,0.898048
6834,0.972800
6835,0.890880
6836,0.939008
6837,0.935936
6838,0.917504
6839,0.885760
6840,0.875520
6841,0.896000
6842,0.891904
6843,0.916480
6844,0.920576
6845,0.927744
6846,0.929792
6847,0.861184
6848,0.619520
6849,0.882688
6850,0.914432
6851,0.929792
6852,0.931840
6853,0.832512
6854,0.878592
6855,0.861184
6856,0.863232
6857,0.897024
6858,0.883712
6859,0.928768
6860,0.892928
6861,0.933888
6862,0.953344
6863,0.939008
6864,0.914432
6865,0.898048
6866,0.951296
6867,0.925696
6868,0.889856
6869,0.940032
6870,0.918528
6871,0.970752
6872,0.899072
6873,0.865280
6874,0.902144
6875,0.890880
6876,0.932864
6877,0.905216
6878,0.907264
6879,0.962560
6880,0.921600
6881,0.924672
6882,0.948224
6883,0.888832
6884,0.946176
6885,0.960512
6886,0.924672
6887,0.906240
6888,0.914432
6889,0.961536
6890,0.927744
6891,0.884736
6892,0.919552
6893,0.944128
6894,0.945152
6895,0.949248
6896,0.902144
6897,0.932864
6898,0.901120
6899,0.968704
6900,0.914432
6901,0.886784
6902,0.964608
6903,0.945152
6904,0.914432
6905,0.966656
6906,0.931840
6907,0.855040
6908,0.893952
6909,0.922624
6910,0.906240
6911,0.877568
6912,0.804864
6913,0.659456
6914,0.566272
6915,0.849920
6916,0.893952
6917,0.927744
6918,0.886784
6919,0.911360
6920,0.878592
6921,0.900096
6922,0.848896
6923,0.889856
6924,0.939008
6925,0.850944
6926,0.901120
6927,0.857088
6928,0.898048
6929,0.888832
6930,0.892928
6931,0.863232
6932,0.896000
6933,0.826368
6934,0.865280
6935,0.844800
6936,0.849920
6937,0.893952
6938,0.865280
6939,0.916480
6940,0.906240
6941,0.947200
6942,0.834560
6943,0.876544
6944,0.947200
6945,0.903168
6946,0.930816
6947,0.926720
6948,0.852992
6949,0.918528
6950,0.966656
6951,0.881664
6952,0.869376
6953,0.923648
6954,0.890880
6955,0.870400
6956,0.880640
6957,0.871424
6958,1.070080
6959,1.059840
6960,0.821248
6961,0.893952
6962,0.956416
6963,0.966656
6964,0.880640
6965,0.885760
6966,0.912384
6967,0.956416
6968,0.947200
6969,0.898048
6970,0.878592
6971,0.908288
6972,0.901120
6973,0.955392
6974,0.883712
6975,0.937984
6976,0.877568
6977,0.904192
6978,0.874496
6979,0.780288
6980,0.616448
6981,0.396288
6982,0.173056
6983,0.175104
6984,0.172032
6985,0.180224
6986,0.176128
6987,0.174080
6988,0.173056
6989,0.177152
6990,0.176128
6991,0.176128
6992,0.172032
6993,0.172032
6994,0.179200
6995,0.173056
6996,0.176128
6997,0.953344
6998,0.870400
6999,0.913408
7000,0.889856
7001,0.910336
7002,0.911360
7003,0.921600
7004,0.907264
7005,0.910336
7006,0.946176
7007,0.910336
7008,0.925696
7009,0.899072
7010,0.927744
7011,0.912384
7012,0.908288
7013,0.905216
7014,0.893952
7015,0.925696
7016,0.918528
7017,0.912384
7018,0.913408
7019,0.858112
7020,0.941056
7021,0.914432
7022,0.910336
7023,0.865280
7024,0.825344
7025,0.876544
7026,0.919552
7027,0.910336
7028,0.951296
7029,0.909312
7030,0.932864
7031,0.848896
7032,0.878592
7033,0.920576
7034,0.925696
7035,0.894976
7036,0.866304
7037,0.918528
7038,0.908288
7039,0.871424
7040,0.948224
7041,0.703488
7042,0.932864
7043,0.928768
7044,0.876544
7045,0.928768
7046,0.913408
7047,0.966656
7048,0.922624
7049,0.884736
7050,0.940032
7051,0.876544
7052,0.916480
7053,0.943104
7054,0.916480
7055,0.932864
7056,0.927744
7057,0.884736
7058,0.896000
7059,0.935936
7060,0.967680
7061,0.705536
7062,0.536576
7063,0.323584
7064,0.259072
7065,0.236544
7066,0.211968
7067,0.219136
7068,0.209920
7069,0.220160
7070,0.200704
7071,0.191488
7072,0.204800
7073,0.201728
7074,0.815104
7075,0.941056
7076,0.896000
7077,0.925696
7078,1.058816
7079,0.772096
7080,0.942080
7081,0.858112
7082,0.918528
7083,0.914432
7084,0.928768
7085,0.925696
7086,0.943104
7087,0.914432
7088,0.893952
7089,1.082368
7090,0.996352
7091,0.816128
7092,0.894976
7093,0.896000
7094,0.858112
7095,0.791552
7096,0.891904
7097,0.870400
7098,0.883712
7099,0.893952
7100,0.900096
7101,0.919552
7102,0.898048
7103,1.019904
7104,0.902144
7105,0.899072
7106,0.863232
7107,0.891904
7108,0.998400
7109,0.948224
7110,0.900096
7111,0.881664
7112,0.920576
7113,0.897024
7114,0.928768
7115,0.894976
7116,0.907264
7117,0.927744
7118,0.922624
7119,0.927744
7120,0.917504
7121,0.961536
7122,0.932864
7123,0.920576
7124,0.930816
7125,0.918528
7126,0.899072
7127,0.880640
7128,0.944128
7129,0.951296
7130,0.918528
7131,0.920576
7132,0.943104
7133,0.918528
7134,0.951296
7135,0.947200
7136,0.947200
7137,0.782336
7138,0.577536
7139,0.598016
7140,0.504832
7141,0.452608
7142,0.378880
7143,0.301056
7144,0.308224
7145,0.211968
7146,0.827392
7147,0.881664
7148,0.935936
7149,0.885760
7150,0.939008
7151,0.918528
7152,0.909312
7153,0.886784
7154,0.921600
7155,0.877568
7156,0.930816
7157,0.906240
7158,0.946176
7159,0.941056
7160,0.913408
7161,0.891904
7162,0.924672
7163,0.659456
7164,0.876544
7165,0.887808
7166,0.937984
7167,0.914432
7168,0.918528
7169,0.920576
7170,0.892928
7171,0.880640
7172,0.942080
7173,0.927744
7174,0.898048
7175,0.834560
7176,0.902144
7177,0.888832
7178,0.925696
7179,0.902144
7180,0.950272
7181,0.921600
7182,0.940032
7183,0.906240
7184,0.913408
7185,0.936960
7186,0.880640
7187,0.902144
7188,0.893952
7189,0.920576
7190,0.885760
7191,0.927744
7192,0.888832
7193,0.898048
7194,0.864256
7195,0.844800
7196,0.862208
7197,0.939008
7198,0.932864
7199,0.923648
7200,0.896000
7201,0.927744
7202,0.913408
7203,0.932864
7204,0.944128
7205,0.904192
7206,0.907264
7207,0.884736
7208,0.890880
7209,0.932864
7210,0.843776
7211,0.721920
7212,0.942080
7213,0.922624
7214,0.937984
7215,0.888832
7216,0.919552
7217,0.913408
7218,0.917504
7219,0.885760
7220,0.927744
7221,0.915456
7222,0.928768
7223,0.904192
7224,0.944128
7225,0.884736
7226,0.863232
7227,0.837632
7228,0.875520
7229,0.894976
7230,0.880640
7231,0.843776
7232,0.834560
7233,0.908288
7234,0.882688
7235,0.962560
7236,0.891904
7237,0.931840
7238,0.879616
7239,0.875520
7240,0.879616
7241,0.865280
7242,0.897024
7243,0.923648
7244,0.932864
7245,0.874496
7246,0.952320
7247,0.924672
7248,0.914432
7249,0.901120
7250,0.925696
7251,0.916480
7252,0.923648
7253,0.925696
7254,0.936960
7255,0.855040
7256,0.905216
7257,0.922624
7258,0.923648
7259,0.937984
7260,0.930816
7261,0.926720
7262,0.911360
7263,0.943104
7264,0.927744
7265,0.920576
7266,0.933888
7267,0.905216
7268,0.887808
7269,0.913408
7270,0.900096
7271,0.926720
7272,0.935936
7273,0.897024
7274,0.803840
7275,0.876544
7276,0.744448
7277,0.616448
7278,0.238592
7279,0.214016
7280,0.214016
7281,0.195584
7282,0.193536
7283,0.192512
7284,0.198656
7285,0.777216
7286,0.954368
7287,0.903168
7288,0.925696
7289,0.899072
7290,0.953344
7291,0.891904
7292,0.937984
7293,0.908288
7294,0.910336
7295,0.914432
7296,0.848896
7297,0.929792
7298,0.949248
7299,0.886784
7300,0.934912
7301,0.918528
7302,0.911360
7303,0.885760
7304,0.918528
7305,0.893952
7306,0.891904
7307,0.910336
7308,0.937984
7309,0.873472
7310,0.885760
7311,0.924672
7312,0.881664
7313,0.841728
7314,0.848896
7315,0.848896
7316,0.900096
7317,0.923648
7318,0.871424
7319,0.940032
7320,0.873472
7321,0.922624
7322,0.937984
7323,0.862208
7324,0.947200
7325,0.935936
7326,0.903168
7327,0.892928
7328,0.867328
7329,0.937984
7330,0.884736
7331,0.939008
7332,0.919552
7333,0.907264
7334,0.911360
7335,0.937984
7336,0.904192
7337,0.921600
7338,0.896000
7339,0.907264
7340,0.879616
7341,0.923648
7342,0.963584
7343,0.953344
7344,0.918528
7345,0.947200
7346,0.897024
7347,0.992256
7348,0.985088
7349,0.942080
7350,0.680960
7351,0.745472
7352,0.945152
7353,0.937984
7354,0.940032
7355,0.891904
7356,0.897024
7357,0.883712
7358,0.905216
7359,0.902144
7360,0.865280
7361,0.914432
7362,0.908288
7363,0.920576
7364,0.875520
7365,0.949248
7366,0.921600
7367,0.957440
7368,0.931840
7369,0.915456
7370,0.898048
7371,0.939008
7372,0.922624
7373,0.861184
7374,0.905216
7375,0.975872
7376,0.896000
7377,0.940032
7378,0.901120
7379,0.942080
7380,0.903168
7381,0.923648
7382,0.906240
7383,0.901120
7384,0.942080
7385,0.911360
7386,0.912384
7387,0.913408
7388,0.926720
7389,0.937984
7390,0.879616
7391,0.887808
7392,0.834560
7393,0.896000
7394,0.880640
7395,0.888832
7396,0.891904
7397,0.929792
7398,0.925696
7399,0.866304
7400,0.957440
7401,0.891904
7402,0.852992
7403,0.973824
7404,0.912384
7405,0.977920
7406,0.922624
7407,0.909312
7408,0.932864
7409,0.934912
7410,0.927744
7411,0.923648
7412,0.898048
7413,0.941056
7414,0.936960
7415,0.885760
7416,0.652288
7417,0.945152
7418,0.931840
7419,0.948224
7420,0.910336
7421,0.922624
7422,0.902144
7423,0.874496
7424,0.877568
7425,0.902144
7426,0.799744
7427,0.831488
7428,0.852992
7429,0.906240
7430,0.877568
7431,0.900096
7432,0.918528
7433,0.914432
7434,0.900096
7435,0.893952
7436,0.877568
7437,0.942080
7438,0.962560
7439,0.855040
7440,0.877568
7441,0.916480
7442,0.941056
7443,0.930816
7444,0.899072
7445,0.920576
7446,0.850944
7447,0.873472
7448,0.877568
7449,0.929792
7450,0.912384
7451,0.959488
7452,0.926720
7453,0.871424
7454,0.889856
7455,0.886784
7456,0.910336
7457,0.879616
7458,0.913408
7459,0.876544
7460,0.913408
7461,0.909312
7462,0.908288
7463,0.954368
7464,0.926720
7465,0.873472
7466,0.887808
7467,0.876544
7468,0.877568
7469,1.069056
7470,0.891904
7471,0.701440
7472,0.858112
7473,0.830464
7474,0.839680
7475,0.901120
7476,0.911360
7477,0.925696
7478,0.922624
7479,0.923648
7480,0.929792
7481,0.581632
7482,0.859136
7483,0.835584
7484,0.848896
7485,0.867328
7486,0.858112
7487,0.879616
7488,0.952320
7489,0.899072
7490,0.953344
7491,0.918528
7492,0.861184
7493,0.963584
7494,0.889856
7495,0.885760
7496,0.927744
7497,0.907264
7498,0.906240
7499,0.907264
7500,0.879616
7501,0.889856
7502,0.928768
7503,0.874496
7504,0.927744
7505,0.936960
7506,0.871424
7507,0.936960
7508,0.930816
7509,0.883712
7510,0.924672
7511,0.936960
7512,0.918528
7513,0.908288
7514,0.920576
7515,0.900096
7516,0.913408
7517,0.892928
7518,0.903168
7519,0.930816
7520,0.888832
7521,0.908288
7522,0.894976
7523,0.929792
7524,0.914432
7525,0.905216
7526,0.903168
7527,0.849920
7528,0.962560
7529,0.866304
7530,0.920576
7531,0.899072
7532,0.896000
7533,0.900096
7534,0.873472
7535,0.992256
7536,0.713728
7537,0.916480
7538,0.918528
7539,0.900096
7540,0.876544
7541,0.877568
7542,0.857088
7543,0.846848
7544,0.926720
7545,0.901120
7546,0.777216
7547,0.414720
7548,0.328704
7549,0.257024
7550,0.280576
7551,0.305152
7552,0.204800
7553,0.199680
7554,0.192512
7555,0.196608
7556,0.193536
7557,0.186368
7558,0.189440
7559,0.198656
7560,0.200704
7561,0.165888
7562,0.171008
7563,0.164864
7564,0.168960
7565,0.163840
7566,0.161792
7567,0.785408
7568,0.927744
7569,0.940032
7570,0.897024
7571,0.905216
7572,0.944128
7573,0.908288
7574,0.889856
7575,0.906240
7576,0.917504
7577,0.949248
7578,0.930816
7579,0.875520
7580,0.914432
7581,0.928768
7582,0.923648
7583,0.937984
7584,0.921600
7585,0.872448
7586,0.907264
7587,0.838656
7588,0.851968
7589,0.847872
7590,0.860160
7591,0.886784
7592,0.877568
7593,0.954368
7594,0.890880
7595,0.921600
7596,0.898048
7597,0.903168
7598,0.891904
7599,0.927744
7600,0.898048
7601,0.921600
7602,0.901120
7603,0.928768
7604,0.941056
7605,0.901120
7606,0.891904
7607,0.937984
7608,0.920576
7609,0.863232
7610,0.923648
7611,0.915456
7612,0.891904
7613,0.901120
7614,0.908288
7615,0.943104
7616,0.893952
7617,0.894976
7618,0.912384
7619,0.892928
7620,0.933888
7621,0.941056
7622,0.903168
7623,0.968704
7624,0.910336
7625,0.899072
7626,0.900096
7627,0.906240
7628,0.899072
7629,0.893952
7630,0.925696
7631,0.881664
7632,0.733184
7633,0.926720
7634,0.878592
7635,0.941056
7636,0.913408
7637,0.882688
7638,0.946176
7639,0.924672
7640,0.896000
7641,0.944128
7642,0.890880
7643,0.933888
7644,0.905216
7645,0.883712
7646,0.890880
7647,0.897024
7648,0.883712
7649,0.834560
7650,0.808960
7651,0.879616
7652,0.871424
7653,0.876544
7654,0.904192
7655,0.959488
7656,0.876544
7657,0.943104
7658,0.867328
7659,0.964608
7660,0.880640
7661,0.968704
7662,0.887808
7663,0.876544
7664,0.915456
7665,0.932864
7666,0.872448
7667,0.894976
7668,0.914432
7669,0.851968
7670,0.942080
7671,0.921600
7672,0.877568
7673,0.922624
7674,0.935936
7675,0.922624
7676,0.881664
7677,0.888832
7678,0.856064
7679,0.892928
7680,0.939008
7681,0.897024
7682,0.906240
7683,0.901120
7684,0.888832
7685,0.910336
7686,0.860160
7687,0.904192
7688,0.891904
7689,0.892928
7690,0.887808
7691,0.898048
7692,0.939008
7693,0.869376
7694,0.913408
7695,0.920576
7696,0.868352
7697,0.651264
7698,0.707584
7699,0.911360
7700,0.926720
7701,0.904192
7702,0.893952
7703,0.901120
7704,0.891904
7705,0.844800
7706,0.867328
7707,0.914432
7708,0.874496
7709,0.913408
7710,0.908288
7711,0.927744
7712,0.913408
7713,0.943104
7714,0.910336
7715,0.881664
7716,0.930816
7717,0.896000
7718,0.905216
7719,0.940032
7720,0.884736
7721,0.934912
7722,0.954368
7723,0.831488
7724,0.936960
7725,0.912384
7726,0.935936
7727,0.908288
7728,0.864256
7729,0.919552
7730,0.924672
7731,0.908288
7732,0.872448
7733,0.928768
7734,0.867328
7735,0.871424
7736,0.862208
7737,0.941056
7738,0.914432
7739,0.968704
7740,0.901120
7741,0.905216
7742,0.930816
7743,0.874496
7744,0.930816
7745,0.877568
7746,0.894976
7747,0.889856
7748,0.915456
7749,0.896000
7750,0.857088
7751,0.944128
7752,0.905216
7753,0.926720
7754,0.940032
7755,0.936960
7756,0.882688
7757,0.894976
7758,0.899072
7759,0.868352
7760,0.891904
7761,0.898048
7762,0.656384
7763,0.876544
7764,0.951296
7765,0.921600
7766,0.901120
7767,0.940032
7768,0.927744
7769,0.875520
7770,0.904192
7771,0.842752
7772,0.822272
7773,0.844800
7774,0.912384
7775,0.848896
7776,0.923648
7777,0.870400
7778,0.899072
7779,0.917504
7780,0.886784
7781,0.920576
7782,0.828416
7783,0.978944
7784,0.877568
7785,0.887808
7786,0.874496
7787,0.883712
7788,0.910336
7789,0.898048
7790,0.916480
7791,0.873472
7792,0.948224
7793,0.886784
7794,0.934912
7795,0.905216
7796,0.869376
7797,0.745472
7798,0.954368
7799,0.922624
7800,0.881664
7801,0.886784
7802,0.912384
7803,0.930816
7804,0.926720
7805,0.924672
7806,0.904192
7807,0.910336
7808,0.926720
7809,0.912384
7810,0.908288
7811,0.912384
7812,0.883712
7813,0.863232
7814,0.937984
7815,0.917504
7816,0.968704
7817,0.899072
7818,0.951296
7819,0.961536
7820,0.877568
7821,0.916480
7822,0.957440
7823,0.879616
7824,0.909312
7825,0.934912
7826,0.858112
7827,0.834560
7828,0.877568
7829,0.910336
7830,0.898048
7831,0.929792
7832,0.919552
7833,0.955392
7834,0.904192
7835,0.899072
7836,0.933888
7837,0.943104
7838,0.933888
7839,0.887808
7840,0.924672
7841,0.919552
7842,0.959488
7843,0.924672
7844,0.921600
7845,0.923648
7846,0.887808
7847,0.919552
7848,0.937984
7849,0.918528
7850,0.918528
7851,0.929792
7852,0.942080
7853,0.942080
7854,0.912384
7855,0.866304
7856,0.940032
7857,0.960512
7858,0.899072
7859,0.947200
7860,0.888832
7861,0.700416
7862,0.834560
7863,0.947200
7864,0.935936
7865,0.906240
7866,0.920576
7867,0.884736
7868,0.969728
7869,0.887808
7870,0.888832
7871,0.920576
7872,0.931840
7873,0.856064
7874,0.881664
7875,0.879616
7876,0.892928
7877,0.925696
7878,0.920576
7879,0.873472
7880,0.977920
7881,0.901120
7882,0.964608
7883,0.936960
7884,0.910336
7885,0.923648
7886,0.911360
7887,0.944128
7888,0.979968
7889,0.897024
7890,0.912384
7891,0.727040
7892,0.804864
7893,0.976896
7894,0.782336
7895,0.915456
7896,0.855040
7897,0.906240
7898,0.899072
7899,0.904192
7900,0.908288
7901,0.950272
7902,0.912384
7903,0.909312
7904,0.944128
7905,0.921600
7906,0.930816
7907,0.903168
7908,0.949248
7909,0.910336
7910,0.886784
7911,0.925696
7912,0.940032
7913,0.953344
7914,0.948224
7915,0.925696
7916,0.897024
7917,0.897024
7918,0.911360
7919,0.893952
7920,0.925696
7921,0.919552
7922,0.935936
7923,0.877568
7924,0.886784
7925,0.873472
7926,0.837632
7927,0.858112
7928,0.866304
7929,0.875520
7930,0.929792
7931,0.923648
7932,0.900096
7933,0.899072
7934,0.925696
7935,0.922624
7936,0.921600
7937,0.923648
7938,0.867328
7939,0.955392
7940,0.929792
7941,0.867328
7942,0.912384
7943,0.870400
7944,0.883712
7945,0.904192
7946,0.883712
7947,0.943104
7948,0.932864
7949,0.939008
7950,0.948224
7951,0.881664
7952,0.914432
7953,0.969728
7954,0.917504
7955,0.914432
7956,0.863232
7957,0.594944
7958,0.477184
7959,0.726016
7960,0.963584
7961,0.940032
7962,0.923648
7963,0.934912
7964,0.909312
7965,0.930816
7966,0.843776
7967,0.861184
7968,0.959488
7969,0.866304
7970,0.891904
7971,0.952320
7972,0.911360
7973,0.906240
7974,0.920576
7975,0.923648
7976,0.934912
7977,0.914432
7978,0.902144
7979,0.869376
7980,0.972800
7981,0.920576
7982,0.886784
7983,0.927744
7984,0.916480
7985,0.908288
7986,0.919552
7987,0.890880
7988,0.913408
7989,0.912384
7990,0.951296
7991,0.903168
7992,0.931840
7993,0.921600
7994,0.905216
7995,0.878592
7996,0.915456
7997,0.890880
7998,0.917504
7999,0.921600
8000,0.843776
8001,0.884736
8002,0.861184
8003,0.882688
8004,0.920576
8005,0.958464
8006,0.923648
8007,0.906240
8008,0.905216
8009,0.909312
8010,0.950272
8011,0.912384
8012,0.867328
8013,0.939008
8014,0.878592
8015,0.898048
8016,0.909312
8017,0.942080
8018,0.916480
8019,0.934912
8020,0.898048
8021,0.942080
8022,0.925696
8023,0.647168
8024,0.971776
8025,0.906240
8026,0.869376
8027,0.911360
8028,0.908288
8029,0.917504
8030,0.902144
8031,0.889856
8032,0.927744
8033,0.886784
8034,0.864256
8035,0.838656
8036,0.830464
8037,0.896000
8038,0.914432
8039,0.884736
8040,0.867328
8041,0.951296
8042,0.825344
8043,0.873472
8044,0.887808
8045,0.860160
8046,0.914432
8047,0.867328
8048,0.957440
8049,0.905216
8050,0.951296
8051,0.956416
8052,0.892928
8053,0.905216
8054,0.918528
8055,0.924672
8056,0.910336
8057,0.935936
8058,0.959488
8059,0.901120
8060,0.891904
8061,0.947200
8062,0.894976
8063,0.910336
8064,0.949248
8065,0.927744
8066,0.926720
8067,0.889856
8068,0.928768
8069,0.897024
8070,0.827392
8071,0.929792
8072,0.876544
8073,0.833536
8074,0.929792
8075,0.934912
8076,0.907264
8077,0.940032
8078,0.963584
8079,0.904192
8080,0.890880
8081,0.877568
8082,0.968704
8083,0.945152
8084,0.939008
8085,0.918528
8086,0.934912
8087,0.874496
8088,0.698368
8089,0.503808
8090,0.361472
8091,0.892928
8092,0.809984
8093,0.930816
8094,0.905216
8095,0.937984
8096,0.899072
8097,0.920576
8098,0.961536
8099,0.874496
8100,0.935936
8101,0.925696
8102,0.961536
8103,0.893952
8104,0.909312
8105,0.911360
8106,0.911360
8107,0.925696
8108,0.940032
8109,0.948224
8110,0.894976
8111,0.889856
8112,0.879616
8113,0.928768
8114,0.920576
8115,0.933888
8116,0.884736
8117,0.968704
8118,0.910336
8119,0.861184
8120,0.854016
8121,0.900096
8122,0.888832
8123,0.916480
8124,0.922624
8125,0.904192
8126,0.928768
8127,0.907264
8128,0.915456
8129,0.905216
8130,0.846848
8131,0.931840
8132,0.869376
8133,0.955392
8134,0.890880
8135,0.901120
8136,0.873472
8137,0.952320
8138,0.868352
8139,0.923648
8140,0.939008
8141,0.939008
8142,0.866304
8143,0.930816
8144,0.884736
8145,0.857088
8146,0.889856
8147,0.870400
8148,0.908288
8149,0.933888
8150,0.889856
8151,0.861184
8152,0.947200
8153,0.880640
8154,0.912384
8155,0.816128
8156,0.623616
8157,0.354304
8158,0.333824
8159,0.878592
8160,0.919552
8161,0.892928
8162,0.905216
8163,0.930816
8164,0.912384
8165,0.909312
8166,0.915456
8167,0.893952
8168,0.907264
8169,0.905216
8170,1.010688
8171,0.795648
8172,1.074176
8173,0.662528
8174,0.859136
8175,0.837632
8176,0.774144
8177,0.689152
8178,0.896000
8179,0.878592
8180,0.899072
8181,0.960512
8182,0.936960
8183,0.916480
8184,0.939008
8185,0.839680
8186,0.916480
8187,0.962560
8188,0.918528
8189,0.894976
8190,0.900096
8191,0.890880
8192,0.915456
8193,0.903168
8194,0.910336
8195,0.883712
8196,0.901120
8197,0.896000
8198,0.924672
8199,0.880640
8200,0.879616
8201,0.929792
8202,0.867328
8203,0.869376
8204,0.874496
8205,0.880640
8206,0.958464
8207,0.890880
8208,0.898048
8209,0.913408
8210,0.807936
8211,0.874496
8212,0.916480
8213,0.917504
8214,0.909312
8215,0.957440
8216,0.901120
8217,0.960512
8218,0.948224
8219,0.915456
8220,0.846848
8221,0.980992
8222,0.848896
8223,0.691200
8224,0.637952
8225,0.872448
8226,0.918528
8227,0.901120
8228,0.915456
8229,0.939008
8230,0.869376
8231,0.909312
8232,0.939008
8233,0.932864
8234,0.905216
8235,0.931840
8236,0.903168
8237,0.960512
8238,0.871424
8239,0.911360
8240,0.911360
8241,0.845824
8242,1.093632
8243,0.849920
8244,0.907264
8245,0.916480
8246,0.815104
8247,0.838656
8248,0.863232
8249,0.898048
8250,0.902144
8251,0.897024
8252,0.927744
8253,0.896000
8254,0.901120
8255,0.960512
8256,0.893952
8257,0.850944
8258,0.943104
8259,0.890880
8260,0.904192
8261,1.027072
8262,0.865280
8263,0.929792
8264,0.927744
8265,0.933888
8266,0.898048
8267,0.921600
8268,0.915456
8269,0.915456
8270,0.950272
8271,0.939008
8272,0.927744
8273,0.926720
8274,0.957440
8275,0.937984
8276,0.942080
8277,0.933888
8278,0.903168
8279,0.909312
8280,0.979968
8281,0.921600
8282,0.927744
8283,0.886784
8284,0.956416
8285,0.879616
8286,0.899072
8287,0.943104
8288,0.760832
8289,0.591872
8290,0.545792
8291,0.418816
8292,0.722944
8293,0.932864
8294,0.867328
8295,0.905216
8296,0.910336
8297,0.889856
8298,0.930816
8299,0.921600
8300,0.881664
8301,0.905216
8302,0.870400
8303,0.798720
8304,0.832512
8305,0.921600
8306,0.870400
8307,0.863232
8308,0.848896
8309,0.893952
8310,0.862208
8311,0.906240
8312,0.918528
8313,0.942080
8314,0.892928
8315,0.916480
8316,0.933888
8317,0.891904
8318,0.956416
8319,0.890880
8320,0.910336
8321,0.942080
8322,0.923648
8323,0.913408
8324,0.916480
8325,0.941056
8326,0.944128
8327,0.948224
8328,0.893952
8329,0.919552
8330,0.911360
8331,0.927744
8332,0.883712
8333,0.909312
8334,0.929792
8335,1.045504
8336,0.487424
8337,0.882688
8338,0.882688
8339,0.864256
8340,0.905216
8341,0.878592
8342,0.875520
8343,0.987136
8344,0.890880
8345,0.920576
8346,0.946176
8347,0.882688
8348,0.979968
8349,0.936960
8350,0.954368
8351,0.880640
8352,0.906240
8353,0.955392
8354,0.849920
8355,0.952320
8356,0.865280
8357,0.811008
8358,0.688128
8359,0.931840
8360,0.908288
8361,0.900096
8362,0.920576
8363,0.880640
8364,0.912384
8365,0.885760
8366,0.913408
8367,0.847872
8368,0.849920
8369,0.852992
8370,0.862208
8371,0.888832
8372,0.867328
8373,0.931840
8374,0.894976
8375,0.962560
8376,0.865280
8377,0.879616
8378,0.899072
8379,0.894976
8380,0.903168
8381,0.919552
8382,0.954368
8383,0.898048
8384,0.891904
8385,0.835584
8386,0.876544
8387,0.935936
8388,0.899072
8389,0.917504
8390,0.882688
8391,0.910336
8392,0.915456
8393,0.936960
8394,0.936960
8395,0.863232
8396,0.868352
8397,0.911360
8398,0.894976
8399,0.946176
8400,0.911360
8401,1.067008
8402,0.809984
8403,0.940032
8404,0.950272
8405,0.887808
8406,0.928768
8407,0.957440
8408,0.854016
8409,0.894976
8410,0.858112
8411,0.899072
8412,0.838656
8413,0.903168
8414,0.887808
8415,0.934912
8416,0.890880
8417,0.982016
8418,0.924672
8419,0.884736
8420,0.909312
8421,0.878592
8422,0.924672
8423,0.755712
8424,0.446464
8425,0.303104
8426,0.296960
8427,0.307200
8428,0.265216
8429,0.241664
8430,0.240640
8431,0.239616
8432,0.249856
8433,0.249856
8434,0.253952
8435,0.206848
8436,0.731136
8437,0.989184
8438,0.903168
8439,0.897024
8440,0.932864
8441,0.892928
8442,0.939008
8443,0.923648
8444,0.864256
8445,0.939008
8446,0.894976
8447,0.936960
8448,0.930816
8449,0.887808
8450,0.899072
8451,0.919552
8452,0.863232
8453,0.888832
8454,0.821248
8455,0.894976
8456,0.878592
8457,0.900096
8458,0.915456
8459,0.906240
8460,0.899072
8461,0.924672
8462,0.885760
8463,0.954368
8464,0.903168
8465,0.886784
8466,0.924672
8467,0.943104
8468,0.911360
8469,0.886784
8470,0.921600
8471,0.891904
8472,0.930816
8473,0.882688
8474,0.911360
8475,0.913408
8476,0.890880
8477,0.897024
8478,0.921600
8479,0.899072
8480,0.850944
8481,0.901120
8482,0.880640
8483,0.923648
8484,0.899072
8485,0.913408
8486,0.917504
8487,0.930816
8488,0.911360
8489,0.904192
8490,0.905216
8491,0.956416
8492,0.922624
8493,0.882688
8494,0.825344
8495,0.870400
8496,0.874496
8497,0.890880
8498,0.881664
8499,0.872448
8500,0.762880
8501,0.715776
8502,0.948224
8503,0.937984
8504,0.884736
8505,0.968704
8506,0.961536
8507,0.944128
8508,0.951296
8509,0.890880
8510,0.906240
8511,0.943104
8512,0.907264
8513,0.923648
8514,0.900096
8515,0.942080
8516,0.889856
8517,0.926720
8518,0.903168
8519,0.941056
8520,0.889856
8521,0.908288
8522,0.851968
8523,0.837632
8524,0.861184
8525,0.882688
8526,0.925696
8527,0.959488
8528,0.887808
8529,0.849920
8530,0.881664
8531,0.880640
8532,0.874496
8533,0.907264
8534,0.904192
8535,0.882688
8536,0.880640
8537,0.865280
8538,0.928768
8539,0.917504
8540,0.882688
8541,0.883712
8542,0.926720
8543,0.965632
8544,0.927744
8545,0.923648
8546,0.932864
8547,0.916480
8548,0.894976
8549,0.957440
8550,0.925696
8551,0.930816
8552,0.937984
8553,0.904192
8554,0.957440
8555,0.935936
8556,0.919552
8557,0.934912
8558,0.920576
8559,0.897024
8560,0.969728
8561,0.940032
8562,0.940032
8563,0.920576
8564,0.923648
8565,0.936960
8566,0.706560
8567,0.977920
8568,0.957440
8569,0.941056
8570,0.919552
8571,0.893952
8572,0.975872
8573,0.911360
8574,0.959488
8575,0.920576
8576,0.975872
8577,0.941056
8578,0.859136
8579,0.917504
8580,0.531456
8581,0.849920
8582,0.916480
8583,0.923648
8584,0.921600
8585,0.944128
8586,0.830464
8587,0.855040
8588,0.915456
8589,0.931840
8590,0.911360
8591,0.939008
8592,0.953344
8593,0.855040
8594,0.936960
8595,0.855040
8596,0.922624
8597,0.926720
8598,0.902144
8599,0.888832
8600,0.927744
8601,0.979968
8602,0.941056
8603,0.907264
8604,0.922624
8605,0.908288
8606,0.931840
8607,0.947200
8608,0.907264
8609,0.882688
8610,0.908288
8611,0.904192
8612,0.928768
8613,0.888832
8614,0.958464
8615,0.907264
8616,0.915456
8617,0.929792
8618,0.921600
8619,0.902144
8620,0.947200
8621,0.926720
8622,0.892928
8623,0.950272
8624,0.898048
8625,0.892928
8626,0.906240
8627,0.923648
8628,0.862208
8629,0.816128
8630,0.759808
8631,0.900096
8632,0.967680
8633,0.928768
8634,0.912384
8635,0.892928
8636,0.977920
8637,0.709632
8638,0.830464
8639,0.863232
8640,0.849920
8641,0.886784
8642,0.925696
8643,0.897024
8644,0.925696
8645,0.924672
8646,0.876544
8647,0.905216
8648,0.905216
8649,0.883712
8650,0.882688
8651,0.901120
8652,0.843776
8653,0.928768
8654,0.905216
8655,0.899072
8656,0.908288
8657,0.869376
8658,0.892928
8659,0.926720
8660,0.877568
8661,0.932864
8662,0.894976
8663,0.908288
8664,0.918528
8665,0.920576
8666,0.916480
8667,0.884736
8668,0.887808
8669,0.929792
8670,0.890880
8671,0.849920
8672,0.924672
8673,0.870400
8674,0.855040
8675,0.865280
8676,0.894976
8677,0.899072
8678,0.933888
8679,0.909312
8680,0.912384
8681,0.906240
8682,0.907264
8683,0.957440
8684,0.899072
8685,0.926720
8686,0.904192
8687,0.931840
8688,0.944128
8689,0.940032
8690,0.917504
8691,0.888832
8692,0.991232
8693,0.927744
8694,0.832512
8695,0.711680
8696,0.566272
8697,0.830464
8698,0.922624
8699,0.946176
8700,0.896000
8701,0.922624
8702,0.882688
8703,0.978944
8704,0.888832
8705,0.930816
8706,0.954368
8707,0.893952
8708,0.910336
8709,0.941056
8710,0.897024
8711,0.948224
8712,0.891904
8713,0.957440
8714,0.885760
8715,0.932864
8716,0.927744
8717,0.897024
8718,0.950272
8719,0.877568
8720,0.902144
8721,0.915456
8722,0.928768
8723,0.898048
8724,0.956416
8725,0.948224
8726,0.887808
8727,0.823296
8728,0.920576
8729,0.886784
8730,0.906240
8731,0.891904
8732,0.882688
8733,0.842752
8734,0.877568
8735,0.913408
8736,0.896000
8737,0.888832
8738,0.887808
8739,0.950272
8740,0.918528
8741,0.923648
8742,0.925696
8743,0.926720
8744,0.927744
8745,0.903168
8746,0.927744
8747,0.893952
8748,0.892928
8749,0.958464
8750,0.916480
8751,0.958464
8752,0.909312
8753,0.915456
8754,0.910336
8755,0.874496
8756,0.917504
8757,0.922624
8758,0.919552
8759,0.942080
8760,0.951296
8761,0.835584
8762,0.801792
8763,0.918528
8764,0.953344
8765,0.837632
8766,0.972800
8767,0.874496
8768,0.913408
8769,0.900096
8770,0.924672
8771,0.931840
8772,0.974848
8773,0.908288
8774,0.903168
8775,0.902144
8776,0.932864
8777,0.926720
8778,0.915456
8779,0.909312
8780,0.925696
8781,0.893952
8782,0.933888
8783,0.912384
8784,0.918528
8785,0.920576
8786,0.896000
8787,0.925696
8788,0.900096
8789,0.887808
8790,0.873472
8791,0.830464
8792,0.887808
8793,0.931840
8794,0.886784
8795,0.923648
8796,0.936960
8797,0.920576
8798,0.892928
8799,0.896000
8800,0.919552
8801,0.872448
8802,0.911360
8803,0.877568
8804,0.948224
8805,0.950272
8806,0.875520
8807,0.879616
8808,0.919552
8809,0.906240
8810,0.904192
8811,0.849920
8812,0.903168
8813,0.933888
8814,0.936960
8815,0.890880
8816,0.903168
8817,0.927744
8818,0.979968
8819,0.921600
8820,0.903168
8821,0.900096
8822,0.907264
8823,0.900096
8824,0.872448
8825,0.879616
8826,0.935936
8827,0.861184
8828,0.314368
8829,0.207872
8830,0.204800
8831,0.178176
8832,0.167936
8833,0.167936
8834,0.171008
8835,0.164864
8836,0.175104
8837,0.165888
8838,0.164864
8839,0.161792
8840,0.174080
8841,0.166912
8842,0.160768
8843,0.160768
8844,0.155648
8845,0.155648
8846,0.155648
8847,0.152576
8848,0.150528
8849,0.864256
8850,0.965632
8851,0.922624
8852,0.873472
8853,0.911360
8854,0.916480
8855,0.899072
8856,0.922624
8857,0.894976
8858,0.878592
8859,0.905216
8860,0.916480
8861,0.894976
8862,0.906240
8863,0.944128
8864,0.906240
8865,0.911360
8866,0.852992
8867,0.882688
8868,0.961536
8869,0.922624
8870,0.882688
8871,0.928768
8872,0.909312
8873,0.910336
8874,0.881664
8875,0.889856
8876,0.905216
8877,0.884736
8878,0.910336
8879,0.903168
8880,0.889856
8881,0.870400
8882,0.915456
8883,0.858112
8884,0.912384
8885,0.883712
8886,0.962560
8887,0.967680
8888,0.930816
8889,0.930816
8890,1.107968
8891,0.948224
8892,0.913408
8893,0.919552
8894,0.924672
8895,0.946176
8896,0.933888
8897,0.867328
8898,0.927744
8899,0.834560
8900,0.916480
8901,1.017856
8902,0.879616
8903,0.926720
8904,0.867328
8905,0.898048
8906,0.906240
8907,0.908288
8908,0.943104
8909,0.901120
8910,0.874496
8911,0.890880
8912,0.835584
8913,0.772096
8914,0.686080
8915,0.316416
8916,0.176128
8917,0.177152
8918,0.175104
8919,0.177152
8920,0.174080
8921,0.188416
8922,0.176128
8923,0.179200
8924,0.905216
8925,0.866304
8926,0.880640
8927,0.906240
8928,0.897024
8929,0.896000
8930,0.896000
8931,0.899072
8932,0.917504
8933,0.873472
8934,0.906240
8935,0.890880
8936,0.903168
8937,0.935936
8938,0.931840
8939,0.929792
8940,0.870400
8941,0.907264
8942,0.886784
8943,0.872448
8944,0.896000
8945,0.947200
8946,0.908288
8947,0.916480
8948,0.872448
8949,0.891904
8950,0.914432
8951,0.926720
8952,0.924672
8953,0.877568
8954,0.871424
8955,0.888832
8956,0.914432
8957,0.944128
8958,0.923648
8959,0.922624
8960,0.912384
8961,0.910336
8962,0.924672
8963,0.892928
8964,0.900096
8965,0.952320
8966,0.933888
8967,0.914432
8968,0.935936
8969,0.893952
8970,0.910336
8971,0.888832
8972,0.847872
8973,0.954368
8974,0.888832
8975,0.931840
8976,0.859136
8977,0.849920
8978,0.868352
8979,0.925696
8980,0.933888
8981,0.919552
8982,0.934912
8983,0.918528
8984,0.960512
8985,0.941056
8986,0.967680
8987,0.854016
8988,0.653312
8989,0.399360
8990,0.353280
8991,0.338944
8992,0.371712
8993,0.357376
8994,0.818176
8995,0.942080
8996,0.945152
8997,0.885760
8998,0.970752
8999,0.911360
9000,0.902144
9001,0.881664
9002,0.937984
9003,0.896000
9004,0.901120
9005,0.872448
9006,0.940032
9007,0.896000
9008,0.897024
9009,0.926720
9010,0.877568
9011,0.861184
9012,0.932864
9013,0.879616
9014,0.931840
9015,0.900096
9016,0.963584
9017,0.907264
9018,0.930816
9019,0.904192
9020,0.908288
9021,0.886784
9022,0.948224
9023,0.891904
9024,0.879616
9025,0.886784
9026,0.814080
9027,0.915456
9028,0.882688
9029,0.919552
9030,0.916480
9031,0.925696
9032,0.903168
9033,0.886784
9034,0.902144
9035,0.950272
9036,0.936960
9037,0.942080
9038,0.920576
9039,0.946176
9040,0.867328
9041,0.940032
9042,0.909312
9043,0.876544
9044,0.881664
9045,0.886784
9046,0.884736
9047,0.846848
9048,0.846848
9049,0.851968
9050,0.838656
9051,0.760832
9052,0.841728
9053,0.901120
9054,0.945152
9055,0.878592
9056,0.867328
9057,0.916480
9058,0.880640
9059,0.655360
9060,0.926720
9061,0.936960
9062,0.941056
9063,0.880640
9064,0.869376
9065,0.882688
9066,0.903168
9067,0.910336
9068,0.896000
9069,0.930816
9070,0.912384
9071,0.872448
9072,0.927744
9073,0.901120
9074,0.872448
9075,0.872448
9076,0.856064
9077,0.923648
9078,0.892928
9079,0.857088
9080,0.840704
9081,0.787456
9082,0.868352
9083,0.885760
9084,0.891904
9085,0.915456
9086,0.842752
9087,0.925696
9088,0.818176
9089,0.872448
9090,0.866304
9091,0.894976
9092,0.900096
9093,0.868352
9094,0.870400
9095,0.844800
9096,0.929792
9097,0.873472
9098,0.891904
9099,0.884736
9100,0.902144
9101,0.869376
9102,0.940032
9103,0.899072
9104,0.927744
9105,0.924672
9106,0.886784
9107,0.883712
9108,0.910336
9109,0.869376
9110,0.859136
9111,0.884736
9112,0.889856
9113,0.887808
9114,0.906240
9115,0.903168
9116,0.892928
9117,0.918528
9118,0.953344
9119,0.915456
9120,0.911360
9121,0.903168
9122,0.904192
9123,0.893952
9124,0.768000
9125,0.539648
9126,0.496640
9127,0.488448
9128,0.313344
9129,0.273408
9130,0.254976
9131,0.224256
9132,0.230400
9133,0.219136
9134,0.231424
9135,0.241664
9136,0.226304
9137,0.237568
9138,0.194560
9139,0.156672
9140,0.158720
9141,0.158720
9142,0.156672
9143,0.159744
9144,33.469440
9145,0.846848
9146,0.886784
9147,0.863232
9148,0.889856
9149,0.924672
9150,0.891904
9151,0.902144
9152,0.870400
9153,0.956416
9154,0.861184
9155,0.887808
9156,0.887808
9157,0.897024
9158,0.868352
9159,0.864256
9160,0.890880
9161,2.380800
9162,2.506752
9163,0.888832
9164,0.837632
9165,0.847872
9166,0.914432
9167,0.857088
9168,0.884736
9169,0.889856
9170,0.902144
9171,0.904192
9172,0.939008
9173,0.908288
9174,0.865280
9175,0.887808
9176,0.850944
9177,0.928768
9178,0.860160
9179,0.925696
9180,0.879616
9181,0.928768
9182,0.909312
9183,0.904192
9184,0.936960
9185,0.892928
9186,0.908288
9187,0.898048
9188,0.899072
9189,0.856064
9190,0.916480
9191,0.847872
9192,0.882688
9193,0.867328
9194,0.898048
9195,0.882688
9196,0.864256
9197,0.893952
9198,3.357696
9199,0.883712
9200,0.840704
9201,0.919552
9202,0.909312
9203,0.647168
9204,0.431104
9205,0.386048
9206,2.031616
9207,0.788480
9208,0.844800
9209,0.911360
9210,0.861184
9211,0.914432
9212,0.891904
9213,0.890880
9214,1.954816
9215,0.901120
9216,3.451904
9217,0.888832
9218,0.841728
9219,0.881664
9220,0.914432
9221,0.908288
9222,0.912384
9223,0.890880
9224,0.935936
9225,0.857088
9226,0.906240
9227,0.901120
9228,0.899072
9229,0.924672
9230,0.914432
9231,0.854016
9232,0.869376
9233,0.914432
9234,0.866304
9235,0.926720
9236,0.923648
9237,0.884736
9238,0.890880
9239,0.911360
9240,0.878592
9241,0.917504
9242,0.897024
9243,0.913408
9244,0.887808
9245,0.949248
9246,0.851968
9247,0.904192
9248,0.945152
9249,0.891904
9250,0.921600
9251,0.925696
9252,0.932864
9253,0.907264
9254,0.908288
9255,0.882688
9256,0.894976
9257,0.842752
9258,0.917504
9259,0.842752
9260,0.910336
9261,0.879616
9262,0.891904
9263,0.947200
9264,0.671744
9265,0.479232
9266,0.774144
9267,0.901120
9268,0.871424
9269,0.894976
9270,0.832512
9271,0.883712
9272,0.901120
9273,0.918528
9274,0.926720
9275,0.854016
9276,0.868352
9277,0.909312
9278,0.864256
9279,0.925696
9280,0.932864
9281,0.879616
9282,0.894976
9283,0.905216
9284,0.883712
9285,0.870400
9286,0.914432
9287,0.885760
9288,0.912384
9289,0.885760
9290,0.886784
9291,0.887808
9292,0.885760
9293,0.923648
9294,0.901120
9295,0.879616
9296,0.889856
9297,0.901120
9298,0.920576
9299,0.894976
9300,0.881664
9301,0.918528
9302,0.900096
9303,0.899072
9304,0.887808
9305,0.897024
9306,0.898048
9307,0.910336
9308,0.924672
9309,0.941056
9310,0.889856
9311,0.923648
9312,0.959488
9313,0.922624
9314,0.891904
9315,0.890880
9316,0.923648
9317,0.925696
9318,0.915456
9319,0.855040
9320,0.823296
9321,0.903168
9322,0.837632
9323,0.889856
9324,0.905216
9325,0.867328
9326,0.785408
9327,0.855040
9328,0.874496
9329,0.927744
9330,0.881664
9331,0.904192
9332,0.874496
9333,0.641024
9334,0.463872
9335,0.405504
9336,0.258048
9337,0.442368
9338,0.257024
9339,0.234496
9340,0.256000
9341,0.224256
9342,0.181248
9343,0.177152
9344,0.186368
9345,0.174080
9346,0.163840
9347,0.871424
9348,0.912384
9349,0.878592
9350,0.889856
9351,0.905216
9352,0.897024
9353,0.887808
9354,0.859136
9355,0.822272
9356,0.863232
9357,0.886784
9358,0.887808
9359,0.860160
9360,0.875520
9361,0.889856
9362,0.889856
9363,0.905216
9364,0.866304
9365,0.854016
9366,0.841728
9367,0.808960
9368,0.876544
9369,0.920576
9370,0.859136
9371,0.890880
9372,0.884736
9373,0.908288
9374,0.879616
9375,0.912384
9376,0.829440
9377,0.856064
9378,0.903168
9379,0.861184
9380,0.892928
9381,0.873472
9382,0.851968
9383,0.822272
9384,0.837632
9385,0.878592
9386,0.874496
9387,0.882688
9388,0.866304
9389,0.885760
9390,0.907264
9391,0.935936
9392,0.888832
9393,0.884736
9394,0.864256
9395,0.904192
9396,0.893952
9397,0.877568
9398,0.891904
9399,0.904192
9400,0.908288
9401,0.882688
9402,0.910336
9403,0.915456
9404,0.884736
9405,0.963584
9406,0.851968
9407,0.906240
9408,0.933888
9409,0.917504
9410,0.936960
9411,0.908288
9412,0.830464
9413,0.737280
9414,0.565248
9415,0.516096
9416,0.525312
9417,0.533504
9418,0.538624
9419,0.503808
9420,0.202752
9421,0.202752
9422,0.205824
9423,0.174080
9424,0.866304
9425,0.891904
9426,0.898048
9427,0.879616
9428,0.951296
9429,0.906240
9430,0.903168
9431,0.921600
9432,0.881664
9433,0.888832
9434,0.935936
9435,0.933888
9436,0.916480
9437,0.911360
9438,0.849920
9439,0.901120
9440,0.878592
9441,0.919552
9442,0.911360
9443,0.864256
9444,0.936960
9445,0.854016
9446,0.926720
9447,0.905216
9448,0.913408
9449,0.870400
9450,0.883712
9451,0.866304
9452,0.846848
9453,0.889856
9454,0.831488
9455,0.898048
9456,0.912384
9457,0.892928
9458,0.863232
9459,0.875520
9460,0.881664
9461,0.872448
9462,0.860160
9463,0.835584
9464,0.877568
9465,0.859136
9466,0.930816
9467,0.865280
9468,0.879616
9469,0.930816
9470,0.925696
9471,0.857088
9472,0.864256
9473,0.923648
9474,0.965632
9475,0.924672
9476,0.919552
9477,0.899072
9478,0.910336
9479,0.915456
9480,0.888832
9481,0.881664
9482,0.902144
9483,0.944128
9484,0.901120
9485,0.911360
9486,0.919552
9487,0.919552
9488,0.886784
9489,1.005568
9490,0.735232
9491,0.924672
9492,0.893952
9493,0.894976
9494,0.929792
9495,0.910336
9496,0.890880
9497,0.908288
9498,0.904192
9499,0.935936
9500,0.835584
9501,0.870400
9502,0.917504
9503,0.869376
9504,0.918528
9505,0.832512
9506,0.833536
9507,0.841728
9508,0.882688
9509,0.833536
9510,0.860160
9511,0.874496
9512,0.866304
9513,0.868352
9514,0.886784
9515,0.907264
9516,0.885760
9517,0.867328
9518,0.875520
9519,0.904192
9520,0.844800
9521,0.906240
9522,0.833536
9523,0.894976
9524,0.923648
9525,0.878592
9526,0.833536
9527,0.921600
9528,0.802816
9529,0.820224
9530,0.903168
9531,0.865280
9532,0.901120
9533,0.854016
9534,0.879616
9535,0.799744
9536,0.906240
9537,0.869376
9538,0.844800
9539,0.877568
9540,0.913408
9541,0.855040
9542,0.896000
9543,0.882688
9544,0.869376
9545,0.879616
9546,0.847872
9547,0.890880
9548,0.889856
9549,0.891904
9550,0.828416
9551,0.868352
9552,0.855040
9553,0.857088
9554,0.912384
9555,0.881664
9556,0.834560
9557,0.814080
9558,0.687104
9559,0.668672
9560,0.869376
9561,0.879616
9562,0.876544
9563,0.860160
9564,0.902144
9565,0.910336
9566,0.840704
9567,0.845824
9568,0.860160
9569,0.794624
9570,0.832512
9571,0.866304
9572,0.858112
9573,0.909312
9574,0.850944
9575,0.859136
9576,0.880640
9577,0.929792
9578,0.840704
9579,0.886784
9580,0.920576
9581,0.870400
9582,0.890880
9583,0.845824
9584,0.878592
9585,0.867328
9586,0.843776
9587,0.896000
9588,0.825344
9589,0.896000
9590,0.849920
9591,0.923648
9592,0.855040
9593,0.859136
9594,0.934912
9595,1.072128
9596,0.744448
9597,0.850944
9598,0.896000
9599,0.901120
9600,0.884736
9601,0.883712
9602,0.899072
9603,0.872448
9604,0.887808
9605,0.891904
9606,0.886784
9607,0.836608
9608,0.809984
9609,0.872448
9610,0.871424
9611,0.865280
9612,0.875520
9613,0.819200
9614,0.862208
9615,0.843776
9616,0.875520
9617,0.874496
9618,0.894976
9619,0.920576
9620,0.886784
9621,0.861184
9622,0.929792
9623,0.880640
9624,0.871424
9625,0.841728
9626,0.772096
9627,2.166784
9628,0.791552
9629,0.858112
9630,0.881664
9631,0.805888
9632,0.856064
9633,0.919552
9634,0.854016
9635,0.809984
9636,0.911360
9637,0.887808
9638,0.871424
9639,0.922624
9640,0.861184
9641,0.857088
9642,0.871424
9643,0.900096
9644,0.863232
9645,0.867328
9646,0.859136
9647,0.890880
9648,0.875520
9649,0.875520
9650,0.898048
9651,0.924672
9652,0.849920
9653,0.882688
9654,0.889856
9655,0.870400
9656,0.872448
9657,0.866304
9658,0.835584
9659,0.822272
9660,0.849920
9661,0.861184
9662,0.829440
9663,0.832512
9664,0.858112
9665,3.180544
9666,0.843776
9667,0.805888
9668,0.835584
9669,0.928768
9670,0.833536
9671,0.912384
9672,0.867328
9673,1.975296
9674,0.840704
9675,0.896000
9676,0.901120
9677,0.886784
9678,0.873472
9679,1.918976
9680,0.859136
9681,3.417088
9682,0.825344
9683,0.881664
9684,0.865280
9685,0.855040
9686,0.888832
9687,0.900096
9688,0.875520
9689,0.854016
9690,0.607232
9691,0.552960
9692,0.536576
9693,0.798720
9694,0.884736
9695,0.838656
9696,0.868352
9697,0.885760
9698,0.889856
9699,0.866304
9700,0.882688
9701,0.856064
9702,0.887808
9703,0.799744
9704,0.865280
9705,0.892928
9706,0.819200
9707,0.860160
9708,0.857088
9709,0.854016
9710,0.879616
9711,0.861184
9712,0.900096
9713,0.881664
9714,0.886784
9715,0.855040
9716,0.892928
9717,0.876544
9718,0.843776
9719,0.866304
9720,0.858112
9721,0.883712
9722,0.899072
9723,0.875520
9724,0.851968
9725,0.886784
9726,0.815104
9727,0.888832
9728,0.865280
9729,0.866304
9730,0.870400
9731,0.862208
9732,0.835584
9733,0.863232
9734,0.377856
9735,0.922624
9736,0.816128
9737,0.872448
9738,0.843776
9739,0.882688
9740,0.825344
9741,0.854016
9742,0.824320
9743,0.894976
9744,0.834560
9745,0.820224
9746,0.862208
9747,0.875520
9748,0.844800
9749,0.888832
9750,0.851968
9751,0.896000
9752,0.875520
9753,0.851968
9754,0.838656
9755,0.844800
9756,0.865280
9757,0.818176
9758,0.909312
9759,0.842752
9760,0.899072
9761,0.787456
9762,0.694272
9763,0.605184
9764,0.568320
9765,0.573440
9766,0.439296
9767,0.431104
9768,0.811008
9769,0.896000
9770,0.857088
9771,0.878592
9772,0.852992
9773,0.877568
9774,0.859136
9775,0.816128
9776,0.888832
9777,0.819200
9778,0.877568
9779,0.854016
9780,0.871424
9781,0.866304
9782,0.884736
9783,0.888832
9784,0.862208
9785,0.836608
9786,0.852992
9787,0.798720
9788,0.854016
9789,0.855040
9790,0.874496
9791,0.774144
9792,0.872448
9793,0.873472
9794,0.846848
9795,0.857088
9796,0.852992
9797,0.862208
9798,0.837632
9799,0.868352
9800,0.893952
9801,0.857088
9802,0.916480
9803,0.846848
9804,0.844800
9805,0.808960
9806,0.875520
9807,0.869376
9808,0.877568
9809,0.872448
9810,0.627712
9811,0.847872
9812,0.904192
9813,0.869376
9814,0.828416
9815,0.872448
9816,0.924672
9817,0.817152
9818,0.863232
9819,0.851968
9820,0.875520
9821,0.860160
9822,0.848896
9823,0.872448
9824,0.896000
9825,0.860160
9826,0.867328
9827,0.904192
9828,0.867328
9829,0.817152
9830,0.881664
9831,0.826368
9832,0.846848
9833,0.863232
9834,0.864256
9835,0.864256
9836,0.898048
9837,0.852992
9838,0.719872
9839,0.588800
9840,0.589824
9841,0.642048
9842,0.565248
9843,0.360448
9844,0.871424
9845,0.881664
9846,0.847872
9847,0.859136
9848,0.818176
9849,0.884736
9850,0.834560
9851,0.869376
9852,0.919552
9853,0.866304
9854,0.863232
9855,0.862208
9856,0.864256
9857,0.811008
9858,0.841728
9859,0.882688
9860,0.831488
9861,0.820224
9862,0.875520
9863,0.867328
9864,0.825344
9865,0.879616
9866,0.910336
9867,0.889856
9868,0.870400
9869,0.830464
9870,0.826368
9871,0.817152
9872,0.901120
9873,0.870400
9874,0.803840
9875,0.838656
9876,0.838656
9877,0.915456
9878,0.836608
9879,0.857088
9880,0.894976
9881,0.884736
9882,0.818176
9883,0.857088
9884,0.883712
9885,0.860160
9886,0.833536
9887,0.893952
9888,0.848896
9889,0.880640
9890,0.822272
9891,0.901120
9892,0.836608
9893,0.860160
9894,0.884736
9895,2.513920
9896,2.221056
9897,0.737280
9898,0.844800
9899,0.811008
9900,0.836608
9901,0.838656
9902,0.825344
9903,0.823296
9904,0.794624
9905,0.805888
9906,0.788480
9907,0.792576
9908,0.859136
9909,0.855040
9910,0.852992
9911,0.684032
9912,0.681984
9913,0.624640
9914,0.582656
9915,0.528384
9916,0.416768
9917,0.193536
9918,0.176128
9919,0.176128
9920,0.171008
9921,0.179200
9922,0.160768
9923,0.153600
9924,0.158720
9925,0.155648
9926,0.155648
9927,0.156672
9928,0.859136
9929,0.832512
9930,0.856064
9931,0.796672
9932,0.852992
9933,0.847872
9934,0.836608
9935,0.867328
9936,0.841728
9937,0.882688
9938,0.856064
9939,0.833536
9940,0.832512
9941,0.884736
9942,0.832512
9943,0.870400
9944,0.814080
9945,0.820224
9946,0.819200
9947,0.870400
9948,0.855040
9949,0.845824
9950,0.795648
9951,0.839680
9952,0.836608
9953,0.852992
9954,0.843776
9955,0.839680
9956,0.850944
9957,0.868352
9958,0.824320
9959,0.832512
9960,0.864256
9961,0.817152
9962,3.146752
9963,0.845824
9964,0.815104
9965,0.827392
9966,0.835584
9967,0.807936
9968,0.839680
9969,0.845824
9970,1.949696
9971,0.773120
9972,0.829440
9973,0.874496
9974,0.887808
9975,0.799744
9976,0.879616
9977,1.836032
9978,0.809984
9979,3.155968
9980,0.815104
9981,0.833536
9982,0.825344
9983,0.822272
9984,0.840704
9985,0.892928
9986,0.808960
9987,0.841728
9988,0.822272
9989,0.871424
9990,0.831488
9991,0.816128
9992,0.736256
9993,0.656384
9994,0.688128
9995,0.593920
9996,0.385024
9997,0.256000
9998,0.239616
9999,0.771072
