iter,ms
0,0.165888
1,0.166912
2,0.164864
3,0.165888
4,0.163840
5,0.165888
6,0.168960
7,0.168960
8,0.162816
9,0.178176
10,0.164864
11,0.182272
12,0.174080
13,0.176128
14,0.175104
15,0.168960
16,0.169984
17,0.160768
18,0.161792
19,0.173056
20,0.167936
21,0.168960
22,0.164864
23,0.163840
24,0.173056
25,0.181248
26,0.172032
27,0.168960
28,0.164864
29,0.163840
30,0.160768
31,0.160768
32,0.158720
33,0.157696
34,0.157696
35,0.157696
36,0.156672
37,0.159744
38,0.167936
39,0.163840
40,0.162816
41,0.165888
42,0.171008
43,0.164864
44,0.163840
45,0.168960
46,0.169984
47,0.166912
48,0.172032
49,0.164864
50,0.162816
51,0.161792
52,0.161792
53,0.169984
54,0.179200
55,0.169984
56,0.169984
57,0.166912
58,0.165888
59,0.162816
60,0.168960
61,0.161792
62,0.157696
63,0.161792
64,0.180224
65,0.162816
66,0.169984
67,0.167936
68,0.172032
69,0.168960
70,0.233472
71,0.165888
72,0.172032
73,0.175104
74,0.174080
75,0.174080
76,0.175104
77,0.177152
78,0.168960
79,0.162816
80,0.166912
81,0.163840
82,0.169984
83,0.163840
84,0.163840
85,0.162816
86,0.162816
87,0.172032
88,0.163840
89,0.159744
90,0.158720
91,0.156672
92,0.157696
93,0.165888
94,0.167936
95,0.165888
96,0.161792
97,0.163840
98,0.166912
99,0.164864
100,0.165888
101,0.164864
102,0.164864
103,0.488448
104,0.177152
105,0.168960
106,0.180224
107,0.173056
108,0.179200
109,0.173056
110,0.185344
111,0.179200
112,0.174080
113,0.172032
114,0.173056
115,0.176128
116,0.179200
117,0.172032
118,0.167936
119,0.169984
120,0.178176
121,0.178176
122,0.344064
123,0.182272
124,0.179200
125,0.188416
126,0.211968
127,0.181248
128,0.180224
129,0.168960
130,0.173056
131,0.184320
132,0.165888
133,0.162816
134,0.162816
135,0.165888
136,0.167936
137,0.159744
138,0.157696
139,0.157696
140,0.156672
141,0.157696
142,0.157696
143,0.156672
144,0.158720
145,0.156672
146,0.158720
147,0.158720
148,0.156672
149,0.156672
150,0.157696
151,0.157696
152,0.158720
153,0.157696
154,0.157696
155,0.157696
156,0.157696
157,0.157696
158,0.165888
159,0.163840
160,0.157696
161,0.159744
162,0.156672
163,0.157696
164,0.158720
165,0.156672
166,0.156672
167,0.157696
168,0.160768
169,0.166912
170,0.162816
171,0.165888
172,0.171008
173,0.167936
174,0.174080
175,0.159744
176,0.160768
177,0.161792
178,0.164864
179,0.165888
180,0.169984
181,0.174080
182,0.175104
183,0.181248
184,0.178176
185,0.173056
186,0.179200
187,0.168960
188,0.195584
189,0.174080
190,0.177152
191,0.173056
192,0.162816
193,0.161792
194,0.159744
195,0.164864
196,0.158720
197,0.161792
198,0.167936
199,0.165888
200,0.161792
201,0.173056
202,0.160768
203,0.164864
204,0.159744
205,0.160768
206,0.158720
207,0.158720
208,0.158720
209,0.171008
210,0.165888
211,0.163840
212,0.164864
213,0.158720
214,0.160768
215,0.160768
216,0.161792
217,0.169984
218,0.174080
219,0.187392
220,0.177152
221,0.182272
222,0.167936
223,0.171008
224,0.164864
225,0.165888
226,0.162816
227,0.166912
228,0.159744
229,0.166912
230,0.181248
231,0.175104
232,0.179200
233,0.177152
234,0.177152
235,0.181248
236,0.167936
237,0.169984
238,0.173056
239,0.182272
240,0.179200
241,0.168960
242,0.171008
243,0.175104
244,0.193536
245,0.217088
246,0.183296
247,0.184320
248,0.192512
249,0.184320
250,0.176128
251,0.166912
252,0.179200
253,0.175104
254,0.165888
255,0.161792
256,0.159744
257,0.161792
258,0.173056
259,0.164864
260,0.163840
261,0.164864
262,0.167936
263,0.169984
264,0.162816
265,0.163840
266,0.159744
267,0.158720
268,0.161792
269,0.158720
270,0.160768
271,0.166912
272,0.168960
273,0.167936
274,0.174080
275,0.172032
276,0.172032
277,0.169984
278,0.161792
279,0.167936
280,0.166912
281,0.168960
282,0.171008
283,0.175104
284,0.167936
285,0.172032
286,0.164864
287,0.177152
288,0.165888
289,0.162816
290,0.162816
291,0.160768
292,0.161792
293,0.158720
294,0.159744
295,0.169984
296,0.171008
297,0.190464
298,0.184320
299,0.177152
300,0.212992
301,0.190464
302,0.181248
303,0.183296
304,0.169984
305,0.173056
306,0.172032
307,0.173056
308,0.169984
309,0.169984
310,0.167936
311,0.195584
312,0.214016
313,0.267264
314,0.179200
315,0.169984
316,0.214016
317,0.180224
318,0.183296
319,0.171008
320,0.172032
321,0.202752
322,0.241664
323,0.211968
324,0.377856
325,0.176128
326,0.174080
327,0.166912
328,0.163840
329,0.163840
330,0.158720
331,0.157696
332,0.159744
333,0.167936
334,0.159744
335,0.166912
336,0.162816
337,0.163840
338,0.164864
339,0.158720
340,0.159744
341,0.163840
342,0.165888
343,0.172032
344,0.164864
345,0.164864
346,0.176128
347,0.178176
348,0.164864
349,0.160768
350,0.162816
351,0.159744
352,0.159744
353,0.159744
354,0.158720
355,0.160768
356,0.165888
357,0.163840
358,0.164864
359,0.159744
360,0.158720
361,0.147456
362,0.154624
363,0.151552
364,0.152576
365,0.146432
366,0.156672
367,0.160768
368,0.151552
369,0.151552
370,0.155648
371,0.154624
372,0.151552
373,0.155648
374,0.153600
375,0.145408
376,0.152576
377,0.164864
378,0.160768
379,0.156672
380,0.167936
381,0.163840
382,0.157696
383,0.168960
384,0.165888
385,0.155648
386,0.147456
387,0.153600
388,0.151552
389,0.269312
390,0.165888
391,0.153600
392,0.161792
393,0.158720
394,0.157696
395,0.150528
396,0.163840
397,0.157696
398,0.150528
399,0.151552
400,0.149504
401,0.156672
402,0.157696
403,2.354176
404,0.155648
405,0.165888
406,0.161792
407,0.152576
408,0.156672
409,0.163840
410,0.174080
411,0.174080
412,0.190464
413,0.160768
414,0.154624
415,0.157696
416,0.162816
417,0.148480
418,0.150528
419,0.146432
420,0.144384
421,0.155648
422,0.153600
423,0.152576
424,0.157696
425,0.152576
426,0.156672
427,0.155648
428,0.156672
429,0.151552
430,0.156672
431,0.162816
432,0.158720
433,0.151552
434,0.151552
435,0.157696
436,0.152576
437,0.149504
438,0.150528
439,0.148480
440,0.159744
441,0.150528
442,0.145408
443,0.147456
444,0.149504
445,0.154624
446,0.156672
447,0.155648
448,0.163840
449,0.158720
450,0.156672
451,0.156672
452,0.171008
453,0.157696
454,0.159744
455,0.163840
456,0.166912
457,0.158720
458,0.159744
459,0.155648
460,0.152576
461,0.157696
462,0.152576
463,0.161792
464,0.153600
465,0.156672
466,0.156672
467,0.162816
468,0.162816
469,0.160768
470,0.174080
471,0.179200
472,0.175104
473,0.167936
474,0.156672
475,0.155648
476,0.156672
477,0.152576
478,0.153600
479,0.152576
480,0.147456
481,0.154624
482,0.154624
483,0.161792
484,0.163840
485,0.162816
486,0.171008
487,0.181248
488,0.167936
489,0.155648
490,0.152576
491,0.157696
492,0.158720
493,0.164864
494,0.165888
495,0.163840
496,0.162816
497,0.175104
498,0.165888
499,0.166912
500,0.171008
501,0.159744
502,0.156672
503,0.186368
504,0.165888
505,0.157696
506,0.173056
507,0.173056
508,0.174080
509,0.172032
510,0.174080
511,0.176128
512,0.176128
513,0.174080
514,0.179200
515,0.173056
516,0.167936
517,0.180224
518,0.182272
519,0.252928
520,0.300032
521,0.242688
522,0.188416
523,0.183296
524,0.165888
525,0.173056
526,0.195584
527,0.179200
528,0.209920
529,0.203776
530,0.181248
531,0.268288
532,0.193536
533,0.192512
534,0.179200
535,0.171008
536,0.171008
537,0.177152
538,0.215040
539,0.175104
540,0.188416
541,0.188416
542,0.186368
543,0.205824
544,0.184320
545,0.178176
546,0.274432
547,0.194560
548,0.188416
549,0.173056
550,0.164864
551,0.160768
552,0.171008
553,0.183296
554,0.188416
555,0.206848
556,0.188416
557,0.204800
558,0.188416
559,0.198656
560,0.198656
561,0.209920
562,0.188416
563,0.188416
564,0.197632
565,0.185344
566,0.192512
567,0.198656
568,0.183296
569,0.188416
570,0.199680
571,0.195584
572,0.203776
573,0.192512
574,0.201728
575,0.200704
576,0.189440
577,0.190464
578,0.179200
579,0.182272
580,0.174080
581,0.186368
582,0.168960
583,0.173056
584,0.179200
585,0.171008
586,0.181248
587,0.185344
588,0.193536
589,0.209920
590,0.183296
591,0.202752
592,0.203776
593,0.182272
594,0.171008
595,0.206848
596,0.210944
597,0.210944
598,0.260096
599,0.229376
600,0.483328
601,0.184320
602,0.191488
603,0.196608
604,0.188416
605,0.196608
606,0.203776
607,0.201728
608,0.204800
609,0.208896
610,0.200704
611,0.305152
612,0.337920
613,0.773120
614,0.185344
615,0.185344
616,0.187392
617,0.208896
618,0.212992
619,0.217088
620,0.230400
621,0.431104
622,0.220160
623,0.199680
624,0.185344
625,0.186368
626,0.189440
627,0.199680
628,0.195584
629,0.198656
630,0.209920
631,0.241664
632,0.221184
633,0.211968
634,0.206848
635,0.226304
636,0.207872
637,0.212992
638,0.214016
639,0.204800
640,0.216064
641,0.209920
642,0.222208
643,0.207872
644,0.211968
645,0.211968
646,0.203776
647,0.210944
648,0.202752
649,0.192512
650,0.205824
651,0.208896
652,0.201728
653,0.206848
654,0.209920
655,0.207872
656,0.206848
657,0.202752
658,0.203776
659,0.215040
660,0.208896
661,0.214016
662,0.222208
663,0.207872
664,0.219136
665,0.217088
666,0.210944
667,0.220160
668,0.222208
669,0.203776
670,0.203776
671,0.202752
672,0.215040
673,0.204800
674,0.206848
675,0.194560
676,0.214016
677,0.184320
678,0.221184
679,0.205824
680,0.210944
681,0.204800
682,0.199680
683,0.196608
684,0.195584
685,0.194560
686,0.194560
687,0.205824
688,0.201728
689,0.230400
690,0.175104
691,0.198656
692,0.234496
693,0.201728
694,0.220160
695,0.241664
696,0.258048
697,0.187392
698,0.249856
699,0.219136
700,0.345088
701,0.368640
702,0.210944
703,0.187392
704,0.234496
705,0.166912
706,0.248832
707,0.192512
708,0.227328
709,0.189440
710,0.187392
711,0.184320
712,0.206848
713,0.195584
714,0.194560
715,0.218112
716,0.206848
717,0.200704
718,0.205824
719,0.199680
720,0.211968
721,0.208896
722,0.184320
723,0.189440
724,0.191488
725,0.208896
726,0.216064
727,0.208896
728,0.220160
729,0.226304
730,0.193536
731,0.288768
732,0.204800
733,0.182272
734,0.223232
735,0.230400
736,0.202752
737,0.249856
738,0.331776
739,0.393216
740,0.266240
741,0.219136
742,0.238592
743,0.191488
744,0.220160
745,0.228352
746,0.219136
747,0.218112
748,0.208896
749,0.236544
750,0.222208
751,0.224256
752,0.230400
753,0.214016
754,0.206848
755,0.230400
756,0.233472
757,0.217088
758,0.225280
759,0.228352
760,0.236544
761,0.219136
762,0.239616
763,0.228352
764,0.223232
765,0.217088
766,0.190464
767,0.231424
768,0.226304
769,0.223232
770,0.218112
771,0.212992
772,0.217088
773,0.265216
774,0.217088
775,0.210944
776,0.212992
777,0.209920
778,0.212992
779,0.198656
780,0.216064
781,0.239616
782,0.228352
783,0.241664
784,0.195584
785,0.182272
786,0.225280
787,0.197632
788,0.214016
789,0.197632
790,0.192512
791,0.193536
792,0.193536
793,0.208896
794,0.203776
795,0.203776
796,0.214016
797,0.209920
798,0.280576
799,0.266240
800,0.381952
801,0.204800
802,0.233472
803,0.210944
804,0.226304
805,0.222208
806,0.267264
807,0.263168
808,0.271360
809,0.286720
810,0.195584
811,0.240640
812,0.227328
813,0.236544
814,0.241664
815,0.251904
816,0.248832
817,0.212992
818,0.264192
819,0.242688
820,0.238592
821,0.270336
822,0.238592
823,0.250880
824,0.241664
825,0.249856
826,0.238592
827,0.261120
828,0.246784
829,0.251904
830,0.303104
831,0.292864
832,0.238592
833,0.264192
834,0.249856
835,0.265216
836,0.275456
837,0.307200
838,0.301056
839,0.273408
840,0.267264
841,0.300032
842,0.256000
843,0.328704
844,0.245760
845,0.340992
846,0.396288
847,0.209920
848,0.324608
849,0.305152
850,0.219136
851,0.286720
852,0.362496
853,0.417792
854,0.268288
855,0.318464
856,0.372736
857,0.384000
858,0.406528
859,0.377856
860,0.393216
861,0.423936
862,0.393216
863,0.374784
864,0.412672
865,0.340992
866,0.372736
867,0.406528
868,0.361472
869,0.440320
870,0.359424
871,0.350208
872,0.380928
873,0.345088
874,0.234496
875,0.373760
876,0.421888
877,0.378880
878,0.332800
879,0.402432
880,0.382976
881,0.368640
882,0.403456
883,0.404480
884,0.385024
885,0.400384
886,0.429056
887,0.401408
888,0.431104
889,0.439296
890,0.388096
891,0.457728
892,0.422912
893,0.409600
894,0.403456
895,0.387072
896,0.379904
897,0.368640
898,0.400384
899,0.315392
900,0.314368
901,0.395264
902,0.397312
903,0.406528
904,0.435200
905,0.359424
906,0.406528
907,0.451584
908,0.332800
909,0.367616
910,0.418816
911,0.413696
912,0.437248
913,0.406528
914,0.445440
915,0.467968
916,0.476160
917,0.459776
918,0.493568
919,0.482304
920,0.481280
921,0.449536
922,0.480256
923,0.490496
924,0.517120
925,0.533504
926,0.552960
927,0.516096
928,0.538624
929,0.508928
930,0.527360
931,0.531456
932,0.503808
933,0.527360
934,0.557056
935,0.531456
936,0.563200
937,0.547840
938,0.534528
939,0.557056
940,0.560128
941,0.569344
942,0.583680
943,0.543744
944,0.569344
945,0.537600
946,0.507904
947,0.761856
948,0.477184
949,0.574464
950,0.549888
951,0.613376
952,0.576512
953,0.555008
954,0.622592
955,0.664576
956,0.574464
957,0.505856
958,0.558080
959,0.630784
960,0.646144
961,0.586752
962,0.603136
963,0.591872
964,0.669696
965,0.659456
966,0.651264
967,0.659456
968,0.680960
969,0.665600
970,0.619520
971,0.649216
972,0.631808
973,0.685056
974,0.658432
975,0.688128
976,0.719872
977,0.578560
978,0.698368
979,0.598016
980,0.655360
981,0.666624
982,0.705536
983,0.718848
984,0.678912
985,0.732160
986,0.719872
987,0.687104
988,0.732160
989,0.621568
990,0.708608
991,0.714752
992,0.738304
993,0.741376
994,0.703488
995,0.710656
996,0.705536
997,0.751616
998,0.690176
999,0.715776
1000,0.718848
1001,0.705536
1002,0.709632
1003,0.766976
1004,0.733184
1005,0.710656
1006,0.709632
1007,0.737280
1008,0.765952
1009,0.741376
1010,0.729088
1011,0.705536
1012,0.729088
1013,0.702464
1014,0.733184
1015,0.703488
1016,0.706560
1017,0.684032
1018,0.676864
1019,0.736256
1020,0.687104
1021,0.722944
1022,0.732160
1023,0.697344
1024,0.747520
1025,0.699392
1026,0.736256
1027,0.718848
1028,0.758784
1029,0.687104
1030,0.689152
1031,0.759808
1032,0.722944
1033,0.697344
1034,0.732160
1035,0.702464
1036,0.733184
1037,0.754688
1038,0.712704
1039,0.762880
1040,0.759808
1041,0.702464
1042,0.824320
1043,0.692224
1044,0.665600
1045,0.740352
1046,0.772096
1047,0.737280
1048,0.748544
1049,0.732160
1050,0.744448
1051,0.770048
1052,0.755712
1053,0.666624
1054,0.773120
1055,0.772096
1056,0.685056
1057,0.708608
1058,0.515072
1059,0.791552
1060,0.821248
1061,0.814080
1062,0.850944
1063,0.729088
1064,0.786432
1065,0.664576
1066,0.765952
1067,0.771072
1068,0.765952
1069,0.679936
1070,0.471040
1071,0.607232
1072,0.744448
1073,0.736256
1074,0.496640
1075,0.730112
1076,0.828416
1077,0.817152
1078,0.800768
1079,0.799744
1080,0.778240
1081,0.816128
1082,0.826368
1083,0.792576
1084,0.819200
1085,0.841728
1086,0.825344
1087,0.791552
1088,0.791552
1089,0.758784
1090,0.823296
1091,0.776192
1092,0.807936
1093,0.826368
1094,0.836608
1095,0.831488
1096,0.790528
1097,0.801792
1098,0.804864
1099,0.800768
1100,0.809984
1101,0.798720
1102,0.773120
1103,0.820224
1104,0.859136
1105,0.821248
1106,0.815104
1107,0.862208
1108,0.835584
1109,0.824320
1110,0.790528
1111,0.817152
1112,0.833536
1113,0.796672
1114,0.820224
1115,0.818176
1116,0.807936
1117,0.703488
1118,0.830464
1119,0.685056
1120,0.829440
1121,0.835584
1122,0.840704
1123,0.830464
1124,0.845824
1125,0.800768
1126,0.848896
1127,0.856064
1128,0.852992
1129,0.843776
1130,0.808960
1131,0.812032
1132,0.831488
1133,0.794624
1134,0.819200
1135,0.801792
1136,0.799744
1137,0.735232
1138,0.811008
1139,0.816128
1140,0.824320
1141,0.738304
1142,0.546816
1143,0.390144
1144,0.328704
1145,0.322560
1146,0.301056
1147,0.302080
1148,0.301056
1149,0.312320
1150,0.803840
1151,0.820224
1152,0.838656
1153,0.879616
1154,0.843776
1155,0.836608
1156,0.860160
1157,0.827392
1158,0.846848
1159,0.878592
1160,0.929792
1161,0.877568
1162,0.840704
1163,0.857088
1164,0.882688
1165,0.839680
1166,0.868352
1167,0.842752
1168,0.907264
1169,0.875520
1170,0.887808
1171,0.865280
1172,0.840704
1173,0.814080
1174,0.866304
1175,0.834560
1176,0.879616
1177,0.836608
1178,0.913408
1179,0.862208
1180,0.862208
1181,0.898048
1182,0.914432
1183,0.911360
1184,0.835584
1185,0.828416
1186,0.832512
1187,0.877568
1188,0.870400
1189,0.872448
1190,0.921600
1191,0.873472
1192,0.858112
1193,0.915456
1194,0.872448
1195,0.850944
1196,1.014784
1197,0.711680
1198,0.902144
1199,0.847872
1200,0.854016
1201,0.855040
1202,0.838656
1203,0.880640
1204,0.893952
1205,0.907264
1206,0.850944
1207,0.800768
1208,0.874496
1209,0.881664
1210,0.893952
1211,0.898048
1212,0.868352
1213,0.920576
1214,0.858112
1215,0.858112
1216,0.765952
1217,0.626688
1218,0.587776
1219,0.526336
1220,0.465920
1221,0.466944
1222,0.427008
1223,0.752640
1224,0.875520
1225,0.946176
1226,0.873472
1227,0.947200
1228,0.908288
1229,0.918528
1230,0.917504
1231,0.861184
1232,0.860160
1233,0.902144
1234,0.899072
1235,0.867328
1236,0.922624
1237,0.911360
1238,0.925696
1239,0.922624
1240,0.919552
1241,0.872448
1242,0.860160
1243,0.900096
1244,0.913408
1245,0.896000
1246,0.883712
1247,0.917504
1248,0.894976
1249,0.914432
1250,0.906240
1251,0.903168
1252,0.878592
1253,0.897024
1254,0.919552
1255,0.923648
1256,0.910336
1257,0.890880
1258,0.890880
1259,0.901120
1260,0.905216
1261,0.915456
1262,0.892928
1263,0.929792
1264,0.908288
1265,0.890880
1266,0.910336
1267,0.906240
1268,0.916480
1269,0.892928
1270,0.904192
1271,0.869376
1272,0.880640
1273,0.813056
1274,0.826368
1275,0.850944
1276,0.851968
1277,0.878592
1278,0.936960
1279,0.882688
1280,0.917504
1281,0.922624
1282,0.924672
1283,0.933888
1284,0.915456
1285,0.941056
1286,0.908288
1287,0.889856
1288,0.862208
1289,0.710656
1290,0.549888
1291,0.696320
1292,0.915456
1293,0.930816
1294,0.909312
1295,0.881664
1296,0.915456
1297,0.934912
1298,0.920576
1299,0.896000
1300,0.936960
1301,0.884736
1302,0.897024
1303,0.923648
1304,0.907264
1305,0.872448
1306,0.921600
1307,0.875520
1308,0.888832
1309,0.551936
1310,0.873472
1311,0.854016
1312,0.848896
1313,0.887808
1314,0.855040
1315,0.914432
1316,0.852992
1317,0.868352
1318,0.875520
1319,0.884736
1320,0.857088
1321,0.944128
1322,0.860160
1323,0.858112
1324,0.911360
1325,0.904192
1326,0.906240
1327,0.918528
1328,0.899072
1329,0.904192
1330,0.907264
1331,0.875520
1332,0.900096
1333,0.909312
1334,0.928768
1335,0.932864
1336,0.909312
1337,0.916480
1338,0.952320
1339,0.945152
1340,0.915456
1341,0.940032
1342,0.889856
1343,0.922624
1344,0.899072
1345,0.952320
1346,0.936960
1347,0.950272
1348,0.935936
1349,0.931840
1350,0.940032
1351,0.946176
1352,0.928768
1353,0.958464
1354,0.904192
1355,0.781312
1356,0.659456
1357,0.550912
1358,0.446464
1359,0.389120
1360,0.404480
1361,0.389120
1362,0.364544
1363,0.324608
1364,0.312320
1365,0.281600
1366,0.773120
1367,0.867328
1368,0.952320
1369,0.851968
1370,0.889856
1371,0.881664
1372,0.900096
1373,0.879616
1374,0.844800
1375,0.842752
1376,0.953344
1377,0.847872
1378,0.916480
1379,0.918528
1380,0.857088
1381,0.889856
1382,0.864256
1383,0.855040
1384,0.896000
1385,0.944128
1386,0.923648
1387,0.848896
1388,0.907264
1389,0.902144
1390,0.899072
1391,0.900096
1392,0.926720
1393,0.949248
1394,0.885760
1395,0.903168
1396,0.898048
1397,0.928768
1398,0.957440
1399,0.921600
1400,0.869376
1401,0.915456
1402,0.912384
1403,0.940032
1404,0.916480
1405,0.909312
1406,0.934912
1407,0.896000
1408,0.914432
1409,0.973824
1410,0.815104
1411,0.925696
1412,0.907264
1413,0.969728
1414,0.922624
1415,0.908288
1416,0.898048
1417,0.947200
1418,0.884736
1419,0.881664
1420,0.918528
1421,0.914432
1422,0.929792
1423,0.932864
1424,0.950272
1425,0.905216
1426,0.919552
1427,0.919552
1428,0.572416
1429,0.854016
1430,0.840704
1431,0.868352
1432,0.827392
1433,0.911360
1434,0.914432
1435,0.948224
1436,0.927744
1437,0.928768
1438,0.988160
1439,0.871424
1440,0.911360
1441,0.902144
1442,0.888832
1443,0.882688
1444,0.885760
1445,0.899072
1446,0.912384
1447,0.903168
1448,0.901120
1449,0.887808
1450,0.919552
1451,0.883712
1452,0.883712
1453,0.948224
1454,0.865280
1455,0.890880
1456,0.911360
1457,0.952320
1458,0.904192
1459,0.942080
1460,0.954368
1461,0.930816
1462,0.936960
1463,0.904192
1464,0.912384
1465,0.941056
1466,0.927744
1467,0.967680
1468,0.966656
1469,0.931840
1470,0.914432
1471,0.930816
1472,0.926720
1473,0.905216
1474,0.935936
1475,0.883712
1476,0.885760
1477,0.925696
1478,0.922624
1479,0.914432
1480,0.952320
1481,0.909312
1482,0.961536
1483,0.910336
1484,0.946176
1485,0.879616
1486,0.911360
1487,0.932864
1488,0.908288
1489,0.923648
1490,0.907264
1491,0.872448
1492,0.796672
1493,0.528384
1494,0.269312
1495,0.275456
1496,0.258048
1497,0.280576
1498,0.260096
1499,0.766976
1500,0.872448
1501,0.898048
1502,0.905216
1503,0.885760
1504,0.879616
1505,0.935936
1506,0.884736
1507,0.930816
1508,0.973824
1509,0.584704
1510,0.897024
1511,0.878592
1512,0.901120
1513,0.896000
1514,0.917504
1515,0.918528
1516,1.034240
1517,0.880640
1518,0.930816
1519,0.899072
1520,0.924672
1521,0.927744
1522,0.884736
1523,0.931840
1524,0.929792
1525,0.917504
1526,0.921600
1527,0.945152
1528,0.950272
1529,0.876544
1530,0.860160
1531,0.874496
1532,0.923648
1533,0.905216
1534,0.900096
1535,0.908288
1536,0.942080
1537,0.924672
1538,0.929792
1539,0.918528
1540,0.913408
1541,0.935936
1542,0.908288
1543,0.931840
1544,0.936960
1545,0.910336
1546,0.925696
1547,0.965632
1548,0.949248
1549,0.882688
1550,0.919552
1551,0.916480
1552,0.901120
1553,0.869376
1554,0.914432
1555,0.920576
1556,0.874496
1557,0.929792
1558,0.926720
1559,0.906240
1560,0.921600
1561,0.928768
1562,0.882688
1563,0.808960
1564,0.820224
1565,0.881664
1566,0.953344
1567,0.870400
1568,0.932864
1569,0.907264
1570,0.908288
1571,0.906240
1572,0.873472
1573,0.949248
1574,0.919552
1575,0.930816
1576,0.887808
1577,0.917504
1578,0.855040
1579,0.924672
1580,0.889856
1581,0.894976
1582,0.920576
1583,0.939008
1584,0.927744
1585,0.912384
1586,0.927744
1587,0.918528
1588,0.927744
1589,0.925696
1590,0.888832
1591,0.958464
1592,0.908288
1593,0.948224
1594,0.915456
1595,0.908288
1596,0.922624
1597,0.882688
1598,0.901120
1599,0.933888
1600,0.883712
1601,0.839680
1602,0.848896
1603,0.852992
1604,0.912384
1605,0.942080
1606,0.898048
1607,0.954368
1608,0.918528
1609,0.917504
1610,0.886784
1611,0.969728
1612,0.900096
1613,0.941056
1614,0.891904
1615,0.940032
1616,0.929792
1617,0.918528
1618,0.972800
1619,0.914432
1620,0.945152
1621,0.911360
1622,0.928768
1623,0.912384
1624,0.948224
1625,0.910336
1626,0.917504
1627,0.929792
1628,0.656384
1629,0.817152
1630,0.930816
1631,0.883712
1632,0.899072
1633,0.811008
1634,0.914432
1635,0.873472
1636,0.836608
1637,0.953344
1638,0.851968
1639,0.893952
1640,0.930816
1641,0.902144
1642,0.913408
1643,0.920576
1644,0.883712
1645,0.907264
1646,0.877568
1647,0.890880
1648,0.909312
1649,0.870400
1650,0.919552
1651,0.900096
1652,0.947200
1653,0.833536
1654,0.971776
1655,0.864256
1656,0.888832
1657,0.910336
1658,0.896000
1659,0.922624
1660,0.879616
1661,0.889856
1662,0.892928
1663,0.874496
1664,0.849920
1665,0.907264
1666,0.873472
1667,0.936960
1668,0.922624
1669,0.917504
1670,0.914432
1671,0.929792
1672,0.890880
1673,0.878592
1674,0.942080
1675,0.945152
1676,0.932864
1677,0.930816
1678,0.935936
1679,0.894976
1680,0.911360
1681,0.935936
1682,0.968704
1683,0.888832
1684,0.966656
1685,0.913408
1686,0.937984
1687,0.976896
1688,0.935936
1689,0.917504
1690,0.936960
1691,0.937984
1692,0.932864
1693,0.846848
1694,0.540672
1695,0.437248
1696,0.327680
1697,0.292864
1698,0.304128
1699,0.237568
1700,0.238592
1701,0.235520
1702,0.254976
1703,0.212992
1704,0.209920
1705,0.203776
1706,0.179200
1707,0.165888
1708,0.161792
1709,0.164864
1710,0.163840
1711,0.163840
1712,0.929792
1713,0.833536
1714,0.911360
1715,0.889856
1716,0.934912
1717,0.924672
1718,0.897024
1719,0.947200
1720,0.914432
1721,0.940032
1722,0.957440
1723,0.885760
1724,0.962560
1725,0.899072
1726,0.869376
1727,0.902144
1728,0.927744
1729,0.893952
1730,0.941056
1731,0.912384
1732,0.863232
1733,0.951296
1734,0.912384
1735,0.902144
1736,0.933888
1737,0.914432
1738,0.885760
1739,0.930816
1740,0.905216
1741,0.928768
1742,0.912384
1743,0.914432
1744,0.921600
1745,0.900096
1746,0.920576
1747,0.922624
1748,0.931840
1749,0.929792
1750,0.868352
1751,0.932864
1752,0.809984
1753,0.922624
1754,0.821248
1755,0.870400
1756,0.880640
1757,0.901120
1758,0.851968
1759,0.897024
1760,0.894976
1761,0.906240
1762,0.900096
1763,0.933888
1764,0.905216
1765,0.930816
1766,0.939008
1767,0.928768
1768,0.893952
1769,0.926720
1770,0.931840
1771,0.917504
1772,0.959488
1773,0.939008
1774,1.168384
1775,0.747520
1776,0.475136
1777,0.690176
1778,0.943104
1779,0.926720
1780,0.935936
1781,0.942080
1782,0.893952
1783,0.897024
1784,0.908288
1785,0.906240
1786,0.805888
1787,0.790528
1788,0.926720
1789,0.929792
1790,0.930816
1791,0.957440
1792,0.975872
1793,0.840704
1794,0.869376
1795,0.897024
1796,0.889856
1797,0.907264
1798,0.905216
1799,0.933888
1800,0.891904
1801,0.907264
1802,0.918528
1803,0.936960
1804,0.910336
1805,0.867328
1806,0.890880
1807,0.914432
1808,0.893952
1809,0.900096
1810,0.913408
1811,0.931840
1812,0.923648
1813,0.909312
1814,0.928768
1815,0.889856
1816,0.901120
1817,0.857088
1818,0.885760
1819,0.902144
1820,0.863232
1821,0.874496
1822,0.870400
1823,0.920576
1824,0.903168
1825,0.918528
1826,0.911360
1827,0.930816
1828,0.914432
1829,0.949248
1830,0.886784
1831,0.897024
1832,0.966656
1833,0.908288
1834,0.928768
1835,0.950272
1836,0.902144
1837,0.926720
1838,0.890880
1839,0.916480
1840,0.977920
1841,0.870400
1842,0.563200
1843,0.471040
1844,0.706560
1845,0.917504
1846,0.913408
1847,0.951296
1848,0.899072
1849,0.904192
1850,0.919552
1851,0.908288
1852,0.874496
1853,0.913408
1854,0.888832
1855,0.898048
1856,0.838656
1857,0.867328
1858,0.887808
1859,0.894976
1860,0.869376
1861,0.880640
1862,0.915456
1863,0.903168
1864,0.936960
1865,0.935936
1866,0.884736
1867,0.921600
1868,0.893952
1869,0.925696
1870,0.854016
1871,0.888832
1872,0.907264
1873,0.848896
1874,0.894976
1875,0.871424
1876,0.918528
1877,0.916480
1878,0.899072
1879,0.890880
1880,0.915456
1881,0.841728
1882,0.936960
1883,0.903168
1884,0.858112
1885,0.916480
1886,0.872448
1887,0.890880
1888,0.882688
1889,0.945152
1890,0.905216
1891,0.921600
1892,0.919552
1893,0.924672
1894,0.939008
1895,0.907264
1896,0.908288
1897,0.915456
1898,0.902144
1899,0.872448
1900,0.850944
1901,0.931840
1902,0.907264
1903,0.918528
1904,0.921600
1905,0.950272
1906,0.884736
1907,0.913408
1908,0.880640
1909,0.746496
1910,0.501760
1911,0.512000
1912,0.466944
1913,0.899072
1914,0.899072
1915,0.884736
1916,0.912384
1917,0.904192
1918,1.126400
1919,0.817152
1920,0.936960
1921,0.926720
1922,0.909312
1923,0.918528
1924,0.907264
1925,0.903168
1926,0.893952
1927,0.916480
1928,0.872448
1929,0.842752
1930,0.813056
1931,0.906240
1932,0.922624
1933,0.924672
1934,0.915456
1935,0.921600
1936,0.880640
1937,0.943104
1938,0.961536
1939,0.910336
1940,0.925696
1941,0.900096
1942,0.903168
1943,0.907264
1944,0.885760
1945,0.922624
1946,0.891904
1947,0.930816
1948,0.918528
1949,0.921600
1950,0.908288
1951,0.911360
1952,0.943104
1953,0.892928
1954,0.907264
1955,0.913408
1956,0.909312
1957,0.919552
1958,0.898048
1959,0.939008
1960,0.936960
1961,0.928768
1962,0.928768
1963,0.928768
1964,0.935936
1965,0.894976
1966,0.902144
1967,0.896000
1968,0.896000
1969,0.909312
1970,0.912384
1971,0.899072
1972,0.898048
1973,0.921600
1974,0.910336
1975,0.912384
1976,0.873472
1977,0.711680
1978,0.754688
1979,0.969728
1980,0.955392
1981,0.916480
1982,0.905216
1983,0.910336
1984,0.886784
1985,0.942080
1986,0.924672
1987,0.913408
1988,0.916480
1989,0.876544
1990,0.879616
1991,0.936960
1992,0.864256
1993,0.923648
1994,0.966656
1995,0.926720
1996,0.882688
1997,0.918528
1998,0.946176
1999,0.943104
2000,0.945152
2001,0.889856
2002,0.913408
2003,0.910336
2004,0.901120
2005,0.905216
2006,0.830464
2007,0.851968
2008,0.848896
2009,0.869376
2010,0.871424
2011,0.927744
2012,0.922624
2013,0.936960
2014,0.898048
2015,0.882688
2016,0.868352
2017,0.947200
2018,0.931840
2019,0.898048
2020,0.889856
2021,0.879616
2022,0.913408
2023,0.972800
2024,0.908288
2025,0.877568
2026,1.134592
2027,0.843776
2028,0.946176
2029,0.925696
2030,0.934912
2031,0.927744
2032,0.902144
2033,0.928768
2034,1.061888
2035,0.894976
2036,0.896000
2037,0.925696
2038,0.890880
2039,0.902144
2040,0.917504
2041,0.952320
2042,0.792576
2043,0.616448
2044,0.946176
2045,0.912384
2046,0.916480
2047,0.856064
2048,0.870400
2049,0.868352
2050,0.830464
2051,0.916480
2052,0.873472
2053,0.910336
2054,0.910336
2055,0.916480
2056,0.916480
2057,0.975872
2058,0.940032
2059,0.905216
2060,0.877568
2061,0.949248
2062,0.906240
2063,0.920576
2064,0.865280
2065,0.926720
2066,0.955392
2067,0.971776
2068,0.850944
2069,0.941056
2070,0.900096
2071,0.860160
2072,0.919552
2073,0.914432
2074,0.877568
2075,0.888832
2076,0.839680
2077,0.858112
2078,0.936960
2079,0.907264
2080,0.922624
2081,0.864256
2082,0.967680
2083,0.882688
2084,0.894976
2085,0.885760
2086,0.915456
2087,0.943104
2088,0.926720
2089,0.868352
2090,0.897024
2091,0.901120
2092,0.939008
2093,0.941056
2094,0.915456
2095,0.912384
2096,0.893952
2097,0.907264
2098,0.836608
2099,0.866304
2100,0.889856
2101,0.935936
2102,0.937984
2103,0.913408
2104,0.959488
2105,0.958464
2106,0.933888
2107,0.850944
2108,0.692224
2109,0.716800
2110,0.888832
2111,0.954368
2112,0.840704
2113,0.877568
2114,0.933888
2115,0.847872
2116,0.879616
2117,0.848896
2118,0.881664
2119,0.848896
2120,0.897024
2121,0.922624
2122,1.048576
2123,0.942080
2124,0.838656
2125,0.943104
2126,0.945152
2127,0.870400
2128,0.971776
2129,0.906240
2130,0.888832
2131,0.921600
2132,0.901120
2133,0.917504
2134,0.898048
2135,0.889856
2136,0.921600
2137,0.864256
2138,0.939008
2139,0.877568
2140,0.907264
2141,0.885760
2142,0.903168
2143,0.923648
2144,0.881664
2145,0.882688
2146,0.940032
2147,0.941056
2148,0.924672
2149,0.885760
2150,0.898048
2151,0.913408
2152,0.914432
2153,0.912384
2154,0.885760
2155,0.924672
2156,0.885760
2157,0.894976
2158,0.952320
2159,0.959488
2160,0.902144
2161,0.901120
2162,0.937984
2163,0.870400
2164,0.858112
2165,0.860160
2166,0.904192
2167,0.921600
2168,0.942080
2169,0.920576
2170,0.960512
2171,0.947200
2172,0.909312
2173,0.763904
2174,0.696320
2175,0.579584
2176,0.319488
2177,0.297984
2178,0.196608
2179,0.187392
2180,0.188416
2181,0.177152
2182,0.190464
2183,0.863232
2184,0.910336
2185,0.935936
2186,0.906240
2187,0.943104
2188,0.916480
2189,0.873472
2190,0.897024
2191,0.862208
2192,0.888832
2193,0.885760
2194,0.882688
2195,0.909312
2196,0.933888
2197,0.943104
2198,0.657408
2199,0.869376
2200,0.884736
2201,0.903168
2202,0.891904
2203,0.937984
2204,0.920576
2205,0.866304
2206,0.877568
2207,0.909312
2208,0.909312
2209,0.910336
2210,0.859136
2211,0.932864
2212,0.909312
2213,0.913408
2214,0.933888
2215,0.901120
2216,0.894976
2217,0.922624
2218,0.919552
2219,0.883712
2220,0.922624
2221,0.930816
2222,0.849920
2223,0.904192
2224,0.876544
2225,0.728064
2226,0.769024
2227,0.937984
2228,0.905216
2229,0.847872
2230,0.955392
2231,0.875520
2232,0.893952
2233,0.994304
2234,0.915456
2235,0.857088
2236,0.857088
2237,0.924672
2238,0.911360
2239,0.878592
2240,0.927744
2241,0.900096
2242,0.894976
2243,0.742400
2244,0.658432
2245,0.929792
2246,0.934912
2247,0.882688
2248,0.910336
2249,0.906240
2250,0.870400
2251,0.835584
2252,0.845824
2253,0.834560
2254,0.992256
2255,0.915456
2256,0.906240
2257,0.908288
2258,0.916480
2259,0.941056
2260,0.882688
2261,0.887808
2262,0.838656
2263,0.940032
2264,0.943104
2265,0.915456
2266,0.906240
2267,0.920576
2268,0.913408
2269,0.922624
2270,0.962560
2271,0.863232
2272,0.922624
2273,0.929792
2274,0.886784
2275,0.874496
2276,0.865280
2277,0.921600
2278,0.845824
2279,0.864256
2280,0.928768
2281,0.841728
2282,0.950272
2283,0.958464
2284,0.940032
2285,0.924672
2286,0.939008
2287,0.851968
2288,0.885760
2289,0.920576
2290,0.941056
2291,0.931840
2292,0.891904
2293,0.916480
2294,0.964608
2295,0.892928
2296,0.913408
2297,0.845824
2298,0.903168
2299,0.968704
2300,0.912384
2301,0.979968
2302,0.883712
2303,0.891904
2304,0.885760
2305,0.928768
2306,0.887808
2307,0.923648
2308,0.764928
2309,0.887808
2310,0.964608
2311,0.927744
2312,0.862208
2313,0.917504
2314,0.917504
2315,0.900096
2316,0.863232
2317,0.951296
2318,0.857088
2319,0.946176
2320,0.879616
2321,0.927744
2322,0.926720
2323,0.869376
2324,0.922624
2325,0.862208
2326,0.880640
2327,0.872448
2328,0.866304
2329,0.906240
2330,0.845824
2331,0.871424
2332,0.897024
2333,0.950272
2334,0.957440
2335,0.934912
2336,0.885760
2337,0.912384
2338,0.918528
2339,0.944128
2340,0.930816
2341,0.899072
2342,0.893952
2343,0.901120
2344,0.909312
2345,0.916480
2346,0.886784
2347,0.893952
2348,0.902144
2349,0.957440
2350,0.901120
2351,0.913408
2352,0.900096
2353,0.873472
2354,0.936960
2355,0.915456
2356,0.842752
2357,0.872448
2358,0.892928
2359,0.908288
2360,0.903168
2361,0.935936
2362,0.883712
2363,0.881664
2364,0.863232
2365,0.872448
2366,0.935936
2367,0.873472
2368,0.923648
2369,0.898048
2370,0.874496
2371,0.932864
2372,0.885760
2373,0.818176
2374,0.673792
2375,0.517120
2376,0.434176
2377,0.413696
2378,0.300032
2379,0.273408
2380,0.283648
2381,0.748544
2382,0.930816
2383,0.975872
2384,0.927744
2385,0.918528
2386,0.890880
2387,0.886784
2388,0.917504
2389,0.890880
2390,0.936960
2391,0.931840
2392,0.907264
2393,0.903168
2394,0.873472
2395,0.900096
2396,0.833536
2397,0.884736
2398,0.875520
2399,0.926720
2400,0.880640
2401,0.902144
2402,0.952320
2403,0.924672
2404,0.905216
2405,0.940032
2406,0.897024
2407,0.897024
2408,0.903168
2409,0.915456
2410,0.912384
2411,0.906240
2412,0.923648
2413,0.902144
2414,0.919552
2415,0.893952
2416,0.862208
2417,0.914432
2418,0.927744
2419,0.854016
2420,0.933888
2421,0.932864
2422,0.891904
2423,0.870400
2424,0.923648
2425,0.905216
2426,0.904192
2427,0.933888
2428,0.962560
2429,0.944128
2430,0.935936
2431,0.872448
2432,0.921600
2433,0.884736
2434,1.062912
2435,0.955392
2436,0.920576
2437,0.931840
2438,0.911360
2439,0.871424
2440,0.908288
2441,0.881664
2442,0.883712
2443,0.900096
2444,0.881664
2445,0.713728
2446,0.706560
2447,0.966656
2448,0.908288
2449,0.888832
2450,0.943104
2451,0.916480
2452,0.921600
2453,0.913408
2454,0.912384
2455,0.918528
2456,0.889856
2457,0.926720
2458,0.843776
2459,0.828416
2460,0.839680
2461,0.897024
2462,0.846848
2463,0.906240
2464,0.857088
2465,0.889856
2466,0.922624
2467,0.826368
2468,0.881664
2469,0.874496
2470,0.896000
2471,0.886784
2472,0.958464
2473,0.960512
2474,0.887808
2475,0.917504
2476,0.921600
2477,0.928768
2478,0.965632
2479,0.861184
2480,0.885760
2481,0.941056
2482,0.928768
2483,0.952320
2484,0.917504
2485,0.916480
2486,0.899072
2487,0.900096
2488,0.908288
2489,0.898048
2490,0.871424
2491,0.892928
2492,0.930816
2493,0.843776
2494,0.867328
2495,0.914432
2496,0.932864
2497,0.855040
2498,0.949248
2499,0.912384
2500,0.922624
2501,0.923648
2502,0.920576
2503,0.921600
2504,0.944128
2505,0.991232
2506,0.899072
2507,0.858112
2508,0.942080
2509,0.911360
2510,0.608256
2511,0.872448
2512,0.831488
2513,0.843776
2514,0.901120
2515,0.823296
2516,0.871424
2517,0.897024
2518,0.917504
2519,0.910336
2520,0.884736
2521,0.894976
2522,0.896000
2523,0.874496
2524,0.983040
2525,0.857088
2526,0.942080
2527,0.883712
2528,0.903168
2529,0.893952
2530,0.903168
2531,0.911360
2532,0.927744
2533,0.931840
2534,0.933888
2535,0.917504
2536,0.885760
2537,0.884736
2538,0.878592
2539,0.910336
2540,0.966656
2541,0.889856
2542,0.901120
2543,0.852992
2544,0.875520
2545,0.864256
2546,0.863232
2547,0.898048
2548,0.927744
2549,0.902144
2550,0.917504
2551,0.926720
2552,0.961536
2553,0.886784
2554,0.959488
2555,0.913408
2556,0.932864
2557,0.932864
2558,0.927744
2559,0.948224
2560,0.903168
2561,0.909312
2562,0.926720
2563,0.956416
2564,0.876544
2565,0.946176
2566,0.942080
2567,0.928768
2568,0.930816
2569,0.954368
2570,0.926720
2571,0.927744
2572,0.945152
2573,0.935936
2574,0.878592
2575,0.892928
2576,0.605184
2577,0.880640
2578,0.924672
2579,0.846848
2580,0.887808
2581,0.873472
2582,0.857088
2583,0.881664
2584,0.916480
2585,0.866304
2586,0.921600
2587,0.911360
2588,0.987136
2589,0.914432
2590,0.706560
2591,0.894976
2592,0.872448
2593,0.877568
2594,0.914432
2595,0.871424
2596,0.873472
2597,0.857088
2598,0.878592
2599,0.878592
2600,0.909312
2601,0.929792
2602,0.915456
2603,0.909312
2604,0.959488
2605,0.898048
2606,0.905216
2607,0.925696
2608,0.923648
2609,0.922624
2610,0.897024
2611,0.944128
2612,0.901120
2613,0.922624
2614,0.919552
2615,0.914432
2616,0.857088
2617,0.921600
2618,0.888832
2619,0.932864
2620,0.914432
2621,0.850944
2622,0.934912
2623,0.939008
2624,0.909312
2625,0.919552
2626,0.928768
2627,0.934912
2628,0.935936
2629,0.891904
2630,0.937984
2631,0.937984
2632,0.838656
2633,0.899072
2634,0.905216
2635,0.893952
2636,0.918528
2637,0.927744
2638,0.945152
2639,0.928768
2640,0.904192
2641,0.775168
2642,0.649216
2643,0.905216
2644,0.968704
2645,0.936960
2646,0.920576
2647,0.907264
2648,0.916480
2649,0.912384
2650,0.909312
2651,0.873472
2652,0.824320
2653,0.872448
2654,0.887808
2655,0.868352
2656,0.892928
2657,0.951296
2658,0.882688
2659,0.908288
2660,0.902144
2661,0.945152
2662,0.901120
2663,0.920576
2664,0.954368
2665,0.878592
2666,0.942080
2667,0.891904
2668,0.908288
2669,0.901120
2670,0.903168
2671,0.893952
2672,0.909312
2673,0.910336
2674,0.865280
2675,0.874496
2676,0.901120
2677,0.916480
2678,0.902144
2679,0.900096
2680,0.877568
2681,0.940032
2682,0.925696
2683,0.926720
2684,0.922624
2685,0.906240
2686,0.919552
2687,0.939008
2688,0.950272
2689,0.934912
2690,0.911360
2691,0.926720
2692,0.915456
2693,0.929792
2694,0.891904
2695,0.914432
2696,0.936960
2697,0.920576
2698,0.908288
2699,0.902144
2700,0.868352
2701,0.844800
2702,0.835584
2703,0.892928
2704,0.927744
2705,0.930816
2706,0.894976
2707,0.661504
2708,0.977920
2709,0.974848
2710,0.913408
2711,0.969728
2712,0.945152
2713,0.945152
2714,0.909312
2715,0.929792
2716,0.948224
2717,0.974848
2718,0.885760
2719,0.904192
2720,0.914432
2721,0.894976
2722,0.925696
2723,0.929792
2724,0.946176
2725,0.876544
2726,0.923648
2727,0.885760
2728,0.911360
2729,0.916480
2730,0.811008
2731,0.783360
2732,0.872448
2733,0.874496
2734,0.900096
2735,0.903168
2736,0.919552
2737,0.914432
2738,0.955392
2739,0.913408
2740,0.927744
2741,0.947200
2742,0.897024
2743,0.949248
2744,0.889856
2745,0.909312
2746,0.934912
2747,0.897024
2748,0.924672
2749,0.894976
2750,0.898048
2751,0.931840
2752,0.932864
2753,0.877568
2754,0.949248
2755,0.959488
2756,0.904192
2757,0.887808
2758,0.929792
2759,0.862208
2760,1.195008
2761,0.880640
2762,0.926720
2763,0.959488
2764,0.905216
2765,0.948224
2766,0.892928
2767,0.924672
2768,0.907264
2769,0.960512
2770,0.879616
2771,0.796672
2772,0.668672
2773,0.879616
2774,0.908288
2775,0.932864
2776,0.900096
2777,0.891904
2778,0.868352
2779,0.820224
2780,0.833536
2781,0.841728
2782,0.847872
2783,0.947200
2784,0.925696
2785,0.861184
2786,0.901120
2787,0.913408
2788,0.897024
2789,0.893952
2790,0.922624
2791,0.892928
2792,0.858112
2793,0.922624
2794,0.903168
2795,0.924672
2796,0.899072
2797,0.888832
2798,0.908288
2799,0.912384
2800,0.913408
2801,0.863232
2802,0.905216
2803,0.893952
2804,0.860160
2805,0.910336
2806,0.866304
2807,0.920576
2808,0.953344
2809,0.926720
2810,0.893952
2811,0.930816
2812,0.940032
2813,0.881664
2814,0.911360
2815,0.952320
2816,0.902144
2817,0.933888
2818,0.931840
2819,0.952320
2820,0.930816
2821,0.906240
2822,0.940032
2823,0.928768
2824,0.923648
2825,0.915456
2826,0.828416
2827,0.946176
2828,0.957440
2829,0.917504
2830,0.936960
2831,0.881664
2832,0.894976
2833,0.899072
2834,0.897024
2835,0.917504
2836,0.796672
2837,0.631808
2838,0.868352
2839,0.855040
2840,0.944128
2841,0.906240
2842,0.941056
2843,0.928768
2844,0.921600
2845,0.871424
2846,0.917504
2847,0.977920
2848,0.889856
2849,0.920576
2850,0.926720
2851,0.933888
2852,0.948224
2853,0.867328
2854,0.918528
2855,0.934912
2856,0.940032
2857,0.904192
2858,0.919552
2859,0.928768
2860,0.940032
2861,0.878592
2862,0.933888
2863,0.918528
2864,0.886784
2865,0.902144
2866,0.947200
2867,0.839680
2868,0.925696
2869,0.899072
2870,0.871424
2871,0.848896
2872,0.927744
2873,0.888832
2874,0.918528
2875,0.914432
2876,0.915456
2877,0.902144
2878,0.930816
2879,0.931840
2880,0.916480
2881,0.921600
2882,0.898048
2883,0.905216
2884,0.923648
2885,0.887808
2886,0.927744
2887,0.885760
2888,0.934912
2889,0.897024
2890,0.919552
2891,0.918528
2892,0.920576
2893,0.915456
2894,0.888832
2895,0.878592
2896,0.873472
2897,0.925696
2898,0.905216
2899,0.892928
2900,0.890880
2901,0.901120
2902,0.824320
2903,0.855040
2904,0.875520
2905,0.931840
2906,0.880640
2907,0.909312
2908,0.857088
2909,0.927744
2910,1.026048
2911,0.805888
2912,0.899072
2913,0.963584
2914,0.911360
2915,0.945152
2916,0.969728
2917,0.868352
2918,0.980992
2919,0.902144
2920,0.934912
2921,0.889856
2922,0.937984
2923,0.892928
2924,0.965632
2925,0.904192
2926,0.925696
2927,0.849920
2928,0.747520
2929,0.808960
2930,0.899072
2931,0.883712
2932,0.921600
2933,0.885760
2934,0.871424
2935,0.900096
2936,0.905216
2937,0.920576
2938,0.912384
2939,0.886784
2940,0.941056
2941,0.881664
2942,0.970752
2943,0.955392
2944,0.922624
2945,0.902144
2946,0.961536
2947,0.920576
2948,0.900096
2949,0.913408
2950,0.861184
2951,0.914432
2952,0.899072
2953,0.878592
2954,0.892928
2955,0.936960
2956,0.953344
2957,0.890880
2958,0.953344
2959,0.902144
2960,0.920576
2961,0.956416
2962,0.915456
2963,0.943104
2964,0.997376
2965,0.930816
2966,0.952320
2967,0.820224
2968,0.774144
2969,0.942080
2970,0.897024
2971,0.921600
2972,0.961536
2973,0.866304
2974,0.898048
2975,0.934912
2976,0.920576
2977,0.948224
2978,0.969728
2979,0.906240
2980,0.899072
2981,0.910336
2982,0.915456
2983,0.910336
2984,0.905216
2985,0.870400
2986,0.875520
2987,0.934912
2988,0.869376
2989,0.877568
2990,0.876544
2991,0.882688
2992,0.928768
2993,0.944128
2994,0.900096
2995,0.940032
2996,0.871424
2997,0.932864
2998,0.857088
2999,0.945152
3000,0.918528
3001,0.878592
3002,0.917504
3003,0.935936
3004,0.920576
3005,0.876544
3006,0.900096
3007,0.911360
3008,0.910336
3009,0.961536
3010,0.941056
3011,0.883712
3012,0.901120
3013,0.933888
3014,0.850944
3015,0.844800
3016,0.933888
3017,0.891904
3018,0.903168
3019,0.965632
3020,0.912384
3021,0.897024
3022,0.908288
3023,0.882688
3024,0.970752
3025,0.940032
3026,0.907264
3027,0.923648
3028,0.911360
3029,0.897024
3030,0.916480
3031,0.908288
3032,0.798720
3033,0.636928
3034,0.442368
3035,0.879616
3036,0.900096
3037,0.899072
3038,0.910336
3039,0.890880
3040,0.913408
3041,0.920576
3042,0.929792
3043,0.935936
3044,0.945152
3045,0.893952
3046,0.884736
3047,0.876544
3048,0.932864
3049,0.920576
3050,0.965632
3051,0.953344
3052,0.940032
3053,0.928768
3054,0.918528
3055,0.902144
3056,0.920576
3057,0.892928
3058,0.931840
3059,0.896000
3060,0.868352
3061,0.904192
3062,0.877568
3063,0.862208
3064,0.933888
3065,0.937984
3066,0.888832
3067,0.948224
3068,0.856064
3069,0.932864
3070,0.926720
3071,0.931840
3072,0.901120
3073,0.869376
3074,0.882688
3075,0.865280
3076,0.839680
3077,0.908288
3078,0.923648
3079,0.894976
3080,0.889856
3081,0.876544
3082,0.876544
3083,0.934912
3084,0.935936
3085,0.923648
3086,0.891904
3087,0.892928
3088,0.948224
3089,0.908288
3090,0.910336
3091,0.930816
3092,0.932864
3093,0.882688
3094,0.904192
3095,0.936960
3096,0.903168
3097,0.933888
3098,0.913408
3099,0.913408
3100,0.775168
3101,0.962560
3102,0.860160
3103,0.918528
3104,0.956416
3105,0.917504
3106,0.894976
3107,0.945152
3108,0.933888
3109,0.917504
3110,0.899072
3111,0.899072
3112,0.921600
3113,0.906240
3114,0.896000
3115,0.898048
3116,0.841728
3117,0.882688
3118,0.821248
3119,0.828416
3120,0.930816
3121,0.885760
3122,0.913408
3123,0.956416
3124,0.884736
3125,0.921600
3126,0.914432
3127,0.961536
3128,0.852992
3129,0.854016
3130,0.918528
3131,0.916480
3132,0.914432
3133,0.869376
3134,0.950272
3135,0.904192
3136,0.893952
3137,0.910336
3138,0.893952
3139,0.983040
3140,0.897024
3141,0.976896
3142,0.937984
3143,0.921600
3144,0.904192
3145,0.884736
3146,0.913408
3147,0.896000
3148,0.963584
3149,0.880640
3150,0.953344
3151,0.908288
3152,0.920576
3153,0.905216
3154,0.874496
3155,0.899072
3156,0.863232
3157,0.887808
3158,0.877568
3159,0.867328
3160,0.904192
3161,0.919552
3162,0.901120
3163,0.930816
3164,0.764928
3165,0.661504
3166,0.559104
3167,0.292864
3168,0.259072
3169,0.232448
3170,0.191488
3171,0.189440
3172,0.195584
3173,0.197632
3174,0.183296
3175,0.174080
3176,0.166912
3177,0.172032
3178,0.182272
3179,0.175104
3180,0.918528
3181,0.956416
3182,0.912384
3183,0.947200
3184,0.941056
3185,0.937984
3186,0.934912
3187,0.880640
3188,0.919552
3189,0.924672
3190,0.919552
3191,0.909312
3192,0.916480
3193,0.908288
3194,0.920576
3195,0.960512
3196,0.927744
3197,0.881664
3198,0.935936
3199,0.963584
3200,0.930816
3201,0.924672
3202,0.932864
3203,0.918528
3204,0.908288
3205,0.993280
3206,0.901120
3207,0.896000
3208,0.933888
3209,0.887808
3210,0.923648
3211,0.889856
3212,0.872448
3213,0.918528
3214,0.911360
3215,0.925696
3216,0.872448
3217,0.927744
3218,0.911360
3219,0.916480
3220,0.901120
3221,0.906240
3222,0.888832
3223,0.894976
3224,0.959488
3225,0.929792
3226,0.921600
3227,0.950272
3228,0.908288
3229,0.912384
3230,0.916480
3231,0.941056
3232,0.934912
3233,0.975872
3234,0.947200
3235,0.890880
3236,0.908288
3237,0.889856
3238,0.831488
3239,1.108992
3240,0.945152
3241,0.928768
3242,0.930816
3243,0.848896
3244,0.655360
3245,0.531456
3246,0.787456
3247,0.976896
3248,0.894976
3249,0.904192
3250,0.940032
3251,0.932864
3252,0.920576
3253,0.929792
3254,0.910336
3255,0.987136
3256,0.468992
3257,0.842752
3258,0.876544
3259,0.932864
3260,0.896000
3261,0.917504
3262,0.936960
3263,0.901120
3264,0.849920
3265,0.930816
3266,0.924672
3267,0.883712
3268,0.923648
3269,0.912384
3270,0.910336
3271,0.965632
3272,0.932864
3273,0.904192
3274,0.888832
3275,0.923648
3276,0.905216
3277,0.904192
3278,0.943104
3279,0.902144
3280,0.918528
3281,0.924672
3282,0.945152
3283,0.906240
3284,0.906240
3285,0.901120
3286,0.934912
3287,0.952320
3288,0.935936
3289,0.935936
3290,0.888832
3291,0.855040
3292,0.841728
3293,0.847872
3294,0.879616
3295,0.939008
3296,0.875520
3297,0.897024
3298,0.941056
3299,0.912384
3300,0.917504
3301,0.913408
3302,0.919552
3303,0.888832
3304,0.841728
3305,0.910336
3306,0.894976
3307,0.879616
3308,0.878592
3309,0.841728
3310,0.801792
3311,0.721920
3312,0.623616
3313,0.513024
3314,0.515072
3315,0.933888
3316,0.917504
3317,0.918528
3318,0.954368
3319,0.911360
3320,0.903168
3321,0.945152
3322,0.905216
3323,0.889856
3324,0.924672
3325,0.960512
3326,0.852992
3327,0.917504
3328,0.919552
3329,0.891904
3330,0.877568
3331,0.883712
3332,0.873472
3333,0.886784
3334,0.868352
3335,0.915456
3336,0.850944
3337,0.859136
3338,0.933888
3339,0.888832
3340,0.885760
3341,0.948224
3342,0.871424
3343,0.910336
3344,0.932864
3345,0.871424
3346,0.910336
3347,0.931840
3348,0.905216
3349,0.881664
3350,1.019904
3351,1.045504
3352,0.748544
3353,0.918528
3354,0.897024
3355,0.948224
3356,0.874496
3357,0.944128
3358,0.888832
3359,0.883712
3360,0.900096
3361,0.876544
3362,0.840704
3363,0.870400
3364,0.862208
3365,0.862208
3366,0.933888
3367,0.960512
3368,0.949248
3369,0.933888
3370,0.897024
3371,0.902144
3372,0.888832
3373,0.955392
3374,0.905216
3375,0.921600
3376,0.917504
3377,0.949248
3378,0.954368
3379,0.897024
3380,0.678912
3381,0.704512
3382,0.918528
3383,0.904192
3384,0.920576
3385,0.947200
3386,0.902144
3387,0.901120
3388,0.932864
3389,0.909312
3390,0.889856
3391,0.947200
3392,0.906240
3393,0.846848
3394,0.915456
3395,0.875520
3396,0.846848
3397,0.871424
3398,0.922624
3399,0.931840
3400,0.877568
3401,0.839680
3402,0.960512
3403,0.957440
3404,0.891904
3405,0.837632
3406,0.859136
3407,0.874496
3408,0.943104
3409,0.927744
3410,0.898048
3411,0.932864
3412,0.922624
3413,0.906240
3414,0.944128
3415,0.883712
3416,0.899072
3417,0.906240
3418,0.882688
3419,0.961536
3420,0.710656
3421,0.893952
3422,0.883712
3423,0.864256
3424,0.814080
3425,0.884736
3426,0.865280
3427,0.869376
3428,0.901120
3429,0.961536
3430,0.885760
3431,0.894976
3432,0.905216
3433,0.883712
3434,0.922624
3435,0.896000
3436,0.918528
3437,0.896000
3438,0.997376
3439,0.934912
3440,0.825344
3441,0.954368
3442,0.920576
3443,0.891904
3444,0.930816
3445,0.970752
3446,0.851968
3447,0.466944
3448,0.941056
3449,0.868352
3450,0.915456
3451,0.913408
3452,0.952320
3453,0.924672
3454,0.902144
3455,0.883712
3456,0.979968
3457,0.878592
3458,0.901120
3459,0.866304
3460,0.902144
3461,0.918528
3462,0.947200
3463,0.929792
3464,0.904192
3465,0.819200
3466,0.891904
3467,0.935936
3468,0.933888
3469,0.869376
3470,0.916480
3471,0.870400
3472,0.934912
3473,0.894976
3474,0.910336
3475,0.873472
3476,0.900096
3477,0.892928
3478,0.909312
3479,0.879616
3480,0.894976
3481,0.866304
3482,0.903168
3483,0.864256
3484,0.849920
3485,0.869376
3486,0.898048
3487,0.915456
3488,0.942080
3489,0.845824
3490,0.927744
3491,0.874496
3492,0.932864
3493,0.904192
3494,0.929792
3495,0.881664
3496,0.906240
3497,0.905216
3498,0.925696
3499,0.896000
3500,0.979968
3501,0.907264
3502,0.908288
3503,0.882688
3504,0.914432
3505,0.893952
3506,1.137664
3507,0.753664
3508,0.916480
3509,0.934912
3510,0.949248
3511,0.845824
3512,0.696320
3513,0.504832
3514,0.334848
3515,0.236544
3516,0.236544
3517,0.215040
3518,0.206848
3519,0.197632
3520,0.199680
3521,0.201728
3522,0.210944
3523,0.186368
3524,0.208896
3525,0.192512
3526,0.200704
3527,0.167936
3528,0.792576
3529,0.944128
3530,0.902144
3531,0.908288
3532,0.913408
3533,0.872448
3534,0.907264
3535,0.914432
3536,0.903168
3537,0.888832
3538,0.940032
3539,0.902144
3540,0.945152
3541,0.892928
3542,0.904192
3543,0.870400
3544,0.843776
3545,0.870400
3546,0.902144
3547,0.908288
3548,0.910336
3549,0.950272
3550,0.871424
3551,0.912384
3552,0.901120
3553,0.905216
3554,0.891904
3555,0.922624
3556,0.856064
3557,0.924672
3558,0.934912
3559,0.845824
3560,0.944128
3561,0.923648
3562,0.936960
3563,0.857088
3564,0.901120
3565,0.863232
3566,0.919552
3567,0.887808
3568,0.892928
3569,0.916480
3570,0.868352
3571,0.877568
3572,0.934912
3573,0.888832
3574,0.914432
3575,0.932864
3576,0.931840
3577,0.935936
3578,0.849920
3579,0.851968
3580,0.855040
3581,0.911360
3582,0.962560
3583,0.906240
3584,0.920576
3585,0.897024
3586,0.886784
3587,0.899072
3588,0.898048
3589,0.960512
3590,0.914432
3591,0.924672
3592,0.719872
3593,0.955392
3594,0.906240
3595,0.984064
3596,0.911360
3597,0.891904
3598,0.903168
3599,0.937984
3600,0.921600
3601,0.953344
3602,0.899072
3603,0.903168
3604,0.942080
3605,0.905216
3606,0.901120
3607,0.935936
3608,0.923648
3609,0.861184
3610,0.870400
3611,0.844800
3612,0.851968
3613,0.877568
3614,0.919552
3615,0.923648
3616,0.919552
3617,0.918528
3618,0.894976
3619,0.922624
3620,0.900096
3621,0.914432
3622,0.900096
3623,0.940032
3624,0.896000
3625,0.890880
3626,0.893952
3627,0.896000
3628,0.951296
3629,0.903168
3630,0.905216
3631,0.908288
3632,0.926720
3633,0.915456
3634,0.939008
3635,0.902144
3636,0.920576
3637,0.887808
3638,0.882688
3639,0.875520
3640,0.958464
3641,0.943104
3642,0.893952
3643,0.992256
3644,0.923648
3645,0.949248
3646,0.912384
3647,0.934912
3648,0.922624
3649,0.925696
3650,0.969728
3651,0.920576
3652,0.899072
3653,0.945152
3654,0.892928
3655,0.886784
3656,0.784384
3657,0.624640
3658,0.732160
3659,0.892928
3660,0.956416
3661,0.920576
3662,0.950272
3663,0.958464
3664,0.939008
3665,0.935936
3666,0.908288
3667,0.925696
3668,0.882688
3669,0.949248
3670,0.965632
3671,0.966656
3672,0.897024
3673,0.929792
3674,0.900096
3675,0.876544
3676,0.912384
3677,0.870400
3678,0.875520
3679,0.881664
3680,0.862208
3681,0.879616
3682,0.835584
3683,0.903168
3684,0.908288
3685,0.908288
3686,0.950272
3687,0.908288
3688,0.883712
3689,0.899072
3690,0.890880
3691,0.933888
3692,0.873472
3693,0.854016
3694,0.861184
3695,0.891904
3696,0.864256
3697,0.890880
3698,0.918528
3699,0.924672
3700,0.904192
3701,0.887808
3702,0.898048
3703,0.941056
3704,0.947200
3705,0.876544
3706,0.932864
3707,0.918528
3708,0.898048
3709,0.903168
3710,0.904192
3711,0.955392
3712,0.908288
3713,0.912384
3714,0.953344
3715,0.913408
3716,0.937984
3717,0.915456
3718,0.935936
3719,0.931840
3720,0.929792
3721,0.924672
3722,0.878592
3723,0.703488
3724,0.476160
3725,0.803840
3726,0.864256
3727,0.942080
3728,0.935936
3729,0.869376
3730,0.925696
3731,0.910336
3732,0.852992
3733,0.894976
3734,0.894976
3735,0.961536
3736,0.903168
3737,0.925696
3738,0.904192
3739,0.896000
3740,0.912384
3741,0.923648
3742,0.963584
3743,0.887808
3744,0.905216
3745,0.856064
3746,0.932864
3747,0.931840
3748,0.933888
3749,0.872448
3750,0.956416
3751,0.877568
3752,0.885760
3753,0.892928
3754,0.943104
3755,0.957440
3756,0.883712
3757,0.894976
3758,0.924672
3759,0.861184
3760,0.921600
3761,0.943104
3762,0.970752
3763,0.948224
3764,0.914432
3765,0.927744
3766,0.948224
3767,0.925696
3768,0.919552
3769,0.918528
3770,0.921600
3771,0.905216
3772,0.889856
3773,0.907264
3774,0.936960
3775,0.921600
3776,0.692224
3777,0.920576
3778,0.906240
3779,0.890880
3780,0.917504
3781,0.913408
3782,0.919552
3783,0.926720
3784,0.927744
3785,0.907264
3786,0.931840
3787,0.930816
3788,0.911360
3789,0.706560
3790,0.942080
3791,0.888832
3792,0.907264
3793,0.913408
3794,0.861184
3795,0.940032
3796,0.928768
3797,0.924672
3798,0.898048
3799,0.902144
3800,0.896000
3801,0.880640
3802,0.869376
3803,0.874496
3804,0.838656
3805,0.935936
3806,0.869376
3807,0.880640
3808,0.940032
3809,0.882688
3810,0.896000
3811,0.974848
3812,0.884736
3813,0.910336
3814,0.883712
3815,0.939008
3816,0.885760
3817,0.927744
3818,0.933888
3819,0.858112
3820,0.945152
3821,0.899072
3822,0.846848
3823,0.928768
3824,0.958464
3825,0.935936
3826,0.935936
3827,0.911360
3828,0.893952
3829,0.880640
3830,0.915456
3831,0.883712
3832,0.935936
3833,0.873472
3834,0.920576
3835,0.917504
3836,0.920576
3837,0.950272
3838,0.934912
3839,0.933888
3840,0.948224
3841,0.347136
3842,0.896000
3843,0.917504
3844,0.923648
3845,0.953344
3846,0.911360
3847,0.934912
3848,0.879616
3849,0.928768
3850,0.928768
3851,0.949248
3852,0.911360
3853,0.973824
3854,0.852992
3855,0.664576
3856,0.896000
3857,0.952320
3858,0.898048
3859,0.921600
3860,0.947200
3861,0.891904
3862,0.896000
3863,0.914432
3864,0.874496
3865,0.858112
3866,0.856064
3867,0.916480
3868,0.827392
3869,0.846848
3870,0.872448
3871,0.873472
3872,0.940032
3873,0.887808
3874,0.906240
3875,0.905216
3876,0.922624
3877,0.925696
3878,0.909312
3879,0.901120
3880,0.906240
3881,0.963584
3882,0.906240
3883,0.915456
3884,0.877568
3885,0.931840
3886,0.899072
3887,0.862208
3888,0.917504
3889,0.920576
3890,0.922624
3891,0.932864
3892,0.949248
3893,0.968704
3894,0.930816
3895,0.923648
3896,0.915456
3897,0.931840
3898,0.905216
3899,0.933888
3900,0.957440
3901,0.934912
3902,0.926720
3903,0.908288
3904,0.939008
3905,0.918528
3906,0.932864
3907,0.954368
3908,0.929792
3909,0.859136
3910,0.904192
3911,0.941056
3912,0.927744
3913,0.909312
3914,0.883712
3915,0.911360
3916,0.870400
3917,0.932864
3918,0.939008
3919,0.747520
3920,0.478208
3921,0.314368
3922,0.249856
3923,0.254976
3924,0.240640
3925,0.249856
3926,0.789504
3927,0.902144
3928,0.887808
3929,0.932864
3930,0.917504
3931,0.897024
3932,0.912384
3933,0.907264
3934,0.914432
3935,0.980992
3936,0.952320
3937,0.877568
3938,0.977920
3939,0.920576
3940,0.908288
3941,0.884736
3942,0.934912
3943,0.871424
3944,0.908288
3945,0.924672
3946,0.947200
3947,0.948224
3948,0.919552
3949,0.913408
3950,0.936960
3951,0.903168
3952,0.878592
3953,0.949248
3954,0.929792
3955,0.936960
3956,0.863232
3957,0.877568
3958,0.839680
3959,0.835584
3960,0.835584
3961,0.902144
3962,0.933888
3963,0.961536
3964,0.929792
3965,0.861184
3966,0.934912
3967,0.930816
3968,0.923648
3969,0.851968
3970,0.953344
3971,0.896000
3972,0.960512
3973,0.889856
3974,0.940032
3975,0.869376
3976,0.942080
3977,0.935936
3978,0.905216
3979,0.879616
3980,0.939008
3981,0.921600
3982,0.898048
3983,0.934912
3984,0.966656
3985,0.952320
3986,0.947200
3987,0.923648
3988,0.900096
3989,0.930816
3990,0.790528
3991,0.777216
3992,0.929792
3993,0.933888
3994,0.940032
3995,0.926720
3996,0.900096
3997,0.898048
3998,0.931840
3999,0.900096
4000,0.908288
4001,0.892928
4002,0.902144
4003,0.902144
4004,0.957440
4005,0.911360
4006,0.925696
4007,0.926720
4008,0.901120
4009,0.920576
4010,0.856064
4011,0.924672
4012,0.858112
4013,0.905216
4014,0.978944
4015,0.887808
4016,0.952320
4017,0.867328
4018,0.939008
4019,0.945152
4020,0.953344
4021,0.884736
4022,0.936960
4023,0.907264
4024,0.936960
4025,0.918528
4026,0.888832
4027,0.858112
4028,0.889856
4029,0.900096
4030,0.841728
4031,0.898048
4032,0.862208
4033,0.882688
4034,0.874496
4035,0.888832
4036,0.975872
4037,0.915456
4038,0.951296
4039,0.910336
4040,0.951296
4041,0.944128
4042,0.888832
4043,0.904192
4044,0.909312
4045,0.952320
4046,0.858112
4047,0.951296
4048,0.849920
4049,0.886784
4050,0.952320
4051,0.901120
4052,0.906240
4053,0.912384
4054,0.920576
4055,0.784384
4056,0.791552
4057,0.700416
4058,0.486400
4059,0.340992
4060,0.191488
4061,0.186368
4062,0.186368
4063,0.845824
4064,0.916480
4065,0.947200
4066,0.875520
4067,0.897024
4068,0.898048
4069,0.917504
4070,0.940032
4071,0.897024
4072,0.902144
4073,0.958464
4074,0.909312
4075,0.902144
4076,0.977920
4077,0.875520
4078,0.880640
4079,0.846848
4080,0.886784
4081,0.939008
4082,0.874496
4083,0.883712
4084,0.782336
4085,0.932864
4086,0.593920
4087,0.849920
4088,0.910336
4089,0.870400
4090,0.878592
4091,0.912384
4092,0.898048
4093,0.905216
4094,0.935936
4095,0.841728
4096,0.914432
4097,0.930816
4098,0.857088
4099,0.909312
4100,0.886784
4101,0.932864
4102,0.959488
4103,0.887808
4104,0.909312
4105,0.903168
4106,0.990208
4107,0.899072
4108,0.921600
4109,0.931840
4110,0.923648
4111,0.915456
4112,0.912384
4113,0.928768
4114,0.951296
4115,0.930816
4116,0.942080
4117,0.900096
4118,0.931840
4119,0.944128
4120,0.927744
4121,0.900096
4122,0.924672
4123,0.873472
4124,0.927744
4125,0.971776
4126,0.872448
4127,0.817152
4128,0.578560
4129,0.513024
4130,0.453632
4131,0.395264
4132,0.249856
4133,0.250880
4134,0.259072
4135,0.187392
4136,0.177152
4137,0.173056
4138,0.178176
4139,0.182272
4140,0.876544
4141,0.907264
4142,0.886784
4143,0.917504
4144,0.912384
4145,0.886784
4146,0.912384
4147,0.936960
4148,0.882688
4149,0.913408
4150,0.876544
4151,0.909312
4152,0.920576
4153,0.928768
4154,0.931840
4155,0.871424
4156,0.915456
4157,0.912384
4158,0.873472
4159,0.956416
4160,0.912384
4161,0.916480
4162,0.889856
4163,0.915456
4164,0.907264
4165,0.877568
4166,0.925696
4167,0.924672
4168,0.930816
4169,0.944128
4170,0.927744
4171,0.942080
4172,0.894976
4173,0.891904
4174,0.898048
4175,0.865280
4176,0.903168
4177,0.875520
4178,0.849920
4179,0.881664
4180,0.885760
4181,0.869376
4182,0.893952
4183,0.887808
4184,0.922624
4185,0.888832
4186,0.948224
4187,0.953344
4188,0.900096
4189,0.922624
4190,0.899072
4191,0.906240
4192,0.961536
4193,0.907264
4194,0.904192
4195,0.946176
4196,0.965632
4197,0.913408
4198,1.046528
4199,0.818176
4200,0.951296
4201,0.929792
4202,0.923648
4203,0.963584
4204,0.709632
4205,0.869376
4206,0.923648
4207,0.939008
4208,0.957440
4209,0.901120
4210,0.906240
4211,0.848896
4212,0.862208
4213,0.858112
4214,0.860160
4215,0.932864
4216,0.906240
4217,0.862208
4218,0.903168
4219,0.901120
4220,0.894976
4221,0.922624
4222,0.903168
4223,0.932864
4224,0.927744
4225,0.885760
4226,0.920576
4227,0.920576
4228,0.975872
4229,0.914432
4230,0.949248
4231,0.949248
4232,0.899072
4233,0.924672
4234,0.928768
4235,0.928768
4236,0.891904
4237,0.914432
4238,0.914432
4239,0.917504
4240,0.943104
4241,0.907264
4242,0.933888
4243,0.905216
4244,0.892928
4245,0.912384
4246,0.908288
4247,0.948224
4248,0.893952
4249,0.872448
4250,0.867328
4251,0.885760
4252,0.887808
4253,0.904192
4254,0.878592
4255,0.885760
4256,0.885760
4257,0.954368
4258,0.906240
4259,0.969728
4260,0.943104
4261,0.983040
4262,0.900096
4263,0.911360
4264,0.910336
4265,0.872448
4266,0.912384
4267,0.916480
4268,0.837632
4269,0.863232
4270,0.681984
4271,0.962560
4272,1.022976
4273,0.618496
4274,0.847872
4275,0.886784
4276,0.847872
4277,0.858112
4278,0.885760
4279,0.933888
4280,0.893952
4281,0.911360
4282,0.950272
4283,0.900096
4284,0.877568
4285,0.923648
4286,0.872448
4287,0.921600
4288,0.849920
4289,0.893952
4290,0.884736
4291,0.883712
4292,0.893952
4293,0.944128
4294,0.883712
4295,0.905216
4296,0.882688
4297,0.919552
4298,0.891904
4299,0.884736
4300,0.924672
4301,0.879616
4302,0.940032
4303,0.888832
4304,0.884736
4305,0.873472
4306,0.833536
4307,0.832512
4308,0.896000
4309,0.941056
4310,0.885760
4311,0.901120
4312,0.904192
4313,0.893952
4314,0.919552
4315,0.905216
4316,0.890880
4317,0.890880
4318,0.920576
4319,0.888832
4320,0.978944
4321,0.936960
4322,0.918528
4323,0.929792
4324,0.924672
4325,0.971776
4326,0.927744
4327,0.929792
4328,0.927744
4329,0.948224
4330,0.897024
4331,0.944128
4332,0.920576
4333,0.885760
4334,0.877568
4335,0.786432
4336,0.686080
4337,0.894976
4338,1.126400
4339,0.412672
4340,0.880640
4341,0.878592
4342,0.988160
4343,0.907264
4344,0.855040
4345,0.913408
4346,0.863232
4347,0.879616
4348,0.870400
4349,0.862208
4350,0.873472
4351,0.903168
4352,0.918528
4353,0.891904
4354,0.942080
4355,0.924672
4356,0.931840
4357,0.885760
4358,0.906240
4359,0.940032
4360,0.871424
4361,0.880640
4362,0.803840
4363,0.871424
4364,0.912384
4365,0.857088
4366,0.896000
4367,0.942080
4368,0.854016
4369,0.901120
4370,0.940032
4371,0.889856
4372,0.955392
4373,0.844800
4374,0.871424
4375,0.941056
4376,0.948224
4377,0.905216
4378,0.921600
4379,0.958464
4380,0.927744
4381,0.944128
4382,0.906240
4383,0.894976
4384,0.952320
4385,0.925696
4386,0.918528
4387,0.927744
4388,0.908288
4389,0.961536
4390,0.877568
4391,0.939008
4392,0.911360
4393,0.911360
4394,0.913408
4395,0.898048
4396,0.898048
4397,0.900096
4398,0.932864
4399,0.856064
4400,0.933888
4401,0.857088
4402,0.608256
4403,0.500736
4404,0.856064
4405,0.914432
4406,0.899072
4407,0.885760
4408,0.943104
4409,0.921600
4410,0.921600
4411,0.881664
4412,0.893952
4413,0.915456
4414,0.923648
4415,0.870400
4416,0.937984
4417,0.915456
4418,0.882688
4419,0.946176
4420,0.888832
4421,0.952320
4422,0.941056
4423,0.933888
4424,0.901120
4425,0.873472
4426,0.833536
4427,0.848896
4428,0.831488
4429,0.874496
4430,0.901120
4431,0.924672
4432,0.947200
4433,0.875520
4434,0.907264
4435,0.838656
4436,0.826368
4437,0.906240
4438,0.832512
4439,0.839680
4440,0.917504
4441,0.870400
4442,0.903168
4443,0.925696
4444,0.880640
4445,0.881664
4446,0.956416
4447,0.966656
4448,0.882688
4449,0.952320
4450,0.880640
4451,0.898048
4452,0.884736
4453,0.940032
4454,0.929792
4455,0.894976
4456,0.922624
4457,0.930816
4458,0.890880
4459,0.915456
4460,1.013760
4461,0.940032
4462,0.807936
4463,0.918528
4464,0.914432
4465,0.942080
4466,0.921600
4467,0.882688
4468,0.826368
4469,0.647168
4470,0.513024
4471,0.693248
4472,0.989184
4473,0.880640
4474,0.899072
4475,0.917504
4476,0.921600
4477,0.922624
4478,0.902144
4479,0.904192
4480,0.920576
4481,0.939008
4482,0.927744
4483,0.924672
4484,0.911360
4485,0.957440
4486,0.889856
4487,0.872448
4488,0.904192
4489,0.930816
4490,0.958464
4491,0.925696
4492,0.910336
4493,0.928768
4494,0.908288
4495,0.869376
4496,0.914432
4497,0.864256
4498,0.957440
4499,0.936960
4500,0.890880
4501,0.881664
4502,0.849920
4503,0.856064
4504,0.897024
4505,0.867328
4506,0.865280
4507,0.882688
4508,0.882688
4509,0.926720
4510,0.867328
4511,0.871424
4512,0.893952
4513,0.861184
4514,0.860160
4515,0.882688
4516,0.974848
4517,0.931840
4518,0.908288
4519,0.890880
4520,0.950272
4521,0.956416
4522,0.879616
4523,0.937984
4524,0.942080
4525,0.883712
4526,0.893952
4527,0.886784
4528,0.889856
4529,0.791552
4530,0.874496
4531,0.917504
4532,0.937984
4533,0.940032
4534,0.903168
4535,0.913408
4536,0.842752
4537,0.525312
4538,0.791552
4539,0.885760
4540,0.937984
4541,0.929792
4542,0.926720
4543,0.921600
4544,0.850944
4545,0.869376
4546,0.827392
4547,0.905216
4548,0.883712
4549,0.848896
4550,0.947200
4551,0.898048
4552,0.840704
4553,0.864256
4554,0.916480
4555,0.891904
4556,0.888832
4557,0.890880
4558,0.880640
4559,0.897024
4560,0.865280
4561,0.897024
4562,0.849920
4563,0.942080
4564,0.880640
4565,0.893952
4566,0.880640
4567,0.892928
4568,0.921600
4569,0.926720
4570,0.927744
4571,0.870400
4572,0.918528
4573,0.896000
4574,0.921600
4575,0.897024
4576,0.926720
4577,0.900096
4578,0.900096
4579,0.905216
4580,0.923648
4581,0.937984
4582,0.905216
4583,0.890880
4584,0.890880
4585,0.925696
4586,0.923648
4587,0.860160
4588,0.881664
4589,0.866304
4590,0.939008
4591,0.929792
4592,0.900096
4593,0.916480
4594,0.908288
4595,0.956416
4596,0.912384
4597,0.943104
4598,0.888832
4599,0.918528
4600,0.909312
4601,0.952320
4602,0.813056
4603,0.690176
4604,0.856064
4605,1.065984
4606,0.945152
4607,0.902144
4608,0.916480
4609,0.925696
4610,0.905216
4611,0.890880
4612,0.933888
4613,0.918528
4614,0.889856
4615,0.905216
4616,0.939008
4617,0.896000
4618,0.926720
4619,0.874496
4620,0.922624
4621,0.897024
4622,0.872448
4623,0.900096
4624,0.864256
4625,0.918528
4626,0.875520
4627,0.912384
4628,0.940032
4629,0.881664
4630,0.939008
4631,0.855040
4632,0.952320
4633,0.916480
4634,0.927744
4635,0.931840
4636,0.918528
4637,0.918528
4638,0.883712
4639,0.934912
4640,0.949248
4641,0.916480
4642,0.903168
4643,0.903168
4644,0.912384
4645,0.887808
4646,0.928768
4647,0.925696
4648,0.879616
4649,0.928768
4650,0.931840
4651,0.937984
4652,0.866304
4653,0.956416
4654,0.872448
4655,0.926720
4656,0.900096
4657,0.871424
4658,0.933888
4659,0.880640
4660,0.921600
4661,0.868352
4662,0.876544
4663,0.976896
4664,0.919552
4665,0.925696
4666,0.930816
4667,0.829440
4668,0.657408
4669,0.474112
4670,0.457728
4671,0.499712
4672,0.848896
4673,0.909312
4674,0.884736
4675,0.927744
4676,0.899072
4677,0.941056
4678,0.799744
4679,0.967680
4680,0.924672
4681,0.883712
4682,0.910336
4683,0.869376
4684,0.902144
4685,0.834560
4686,0.888832
4687,0.851968
4688,0.888832
4689,0.930816
4690,0.906240
4691,0.919552
4692,0.908288
4693,0.943104
4694,0.911360
4695,0.849920
4696,0.909312
4697,0.948224
4698,0.952320
4699,0.869376
4700,0.953344
4701,0.867328
4702,0.910336
4703,0.914432
4704,0.874496
4705,0.934912
4706,0.950272
4707,0.906240
4708,0.920576
4709,0.908288
4710,0.909312
4711,0.884736
4712,0.923648
4713,0.929792
4714,0.926720
4715,0.930816
4716,0.912384
4717,0.928768
4718,0.899072
4719,0.923648
4720,0.872448
4721,0.919552
4722,0.869376
4723,0.854016
4724,0.900096
4725,0.820224
4726,0.881664
4727,0.927744
4728,0.918528
4729,0.908288
4730,0.898048
4731,0.950272
4732,0.904192
4733,0.951296
4734,0.904192
4735,0.826368
4736,0.803840
4737,0.730112
4738,0.701440
4739,0.723968
4740,0.925696
4741,0.876544
4742,0.926720
4743,0.876544
4744,0.914432
4745,0.903168
4746,0.880640
4747,0.872448
4748,0.893952
4749,0.888832
4750,0.886784
4751,0.937984
4752,0.874496
4753,0.893952
4754,0.882688
4755,0.923648
4756,0.865280
4757,0.905216
4758,0.885760
4759,0.915456
4760,0.927744
4761,0.899072
4762,0.925696
4763,0.929792
4764,0.916480
4765,0.915456
4766,0.892928
4767,0.894976
4768,0.873472
4769,0.916480
4770,0.927744
4771,0.870400
4772,0.924672
4773,0.915456
4774,0.891904
4775,0.894976
4776,0.932864
4777,0.901120
4778,0.943104
4779,0.888832
4780,0.922624
4781,0.915456
4782,0.886784
4783,0.883712
4784,0.917504
4785,0.890880
4786,0.916480
4787,0.820224
4788,0.838656
4789,0.820224
4790,0.908288
4791,0.935936
4792,0.859136
4793,0.906240
4794,0.892928
4795,0.893952
4796,0.942080
4797,0.937984
4798,0.872448
4799,0.883712
4800,0.947200
4801,0.947200
4802,0.927744
4803,0.826368
4804,0.657408
4805,0.691200
4806,0.893952
4807,0.887808
4808,0.886784
4809,0.960512
4810,0.891904
4811,0.916480
4812,0.921600
4813,0.934912
4814,0.888832
4815,0.904192
4816,0.920576
4817,0.897024
4818,0.913408
4819,0.930816
4820,0.937984
4821,0.922624
4822,0.873472
4823,0.906240
4824,0.849920
4825,0.880640
4826,0.849920
4827,0.883712
4828,0.878592
4829,0.916480
4830,0.893952
4831,0.891904
4832,0.887808
4833,0.964608
4834,0.843776
4835,0.980992
4836,0.879616
4837,0.905216
4838,0.849920
4839,0.889856
4840,0.916480
4841,0.925696
4842,0.919552
4843,0.917504
4844,0.956416
4845,0.909312
4846,0.928768
4847,0.929792
4848,0.916480
4849,0.887808
4850,0.922624
4851,0.913408
4852,0.910336
4853,0.952320
4854,0.923648
4855,0.923648
4856,0.871424
4857,0.916480
4858,0.919552
4859,0.933888
4860,0.943104
4861,0.941056
4862,0.912384
4863,0.953344
4864,0.930816
4865,0.914432
4866,0.897024
4867,0.941056
4868,0.907264
4869,0.821248
4870,0.852992
4871,0.894976
4872,0.942080
4873,0.913408
4874,0.860160
4875,0.896000
4876,0.940032
4877,0.903168
4878,0.930816
4879,0.886784
4880,0.937984
4881,0.940032
4882,0.879616
4883,0.915456
4884,0.919552
4885,0.919552
4886,0.915456
4887,0.942080
4888,0.904192
4889,0.902144
4890,0.904192
4891,0.930816
4892,0.919552
4893,0.912384
4894,0.930816
4895,0.926720
4896,0.902144
4897,0.901120
4898,0.959488
4899,0.934912
4900,0.915456
4901,0.893952
4902,0.955392
4903,0.903168
4904,0.910336
4905,0.927744
4906,0.926720
4907,0.933888
4908,0.956416
4909,0.921600
4910,0.899072
4911,0.910336
4912,0.934912
4913,0.941056
4914,0.896000
4915,0.942080
4916,0.914432
4917,0.889856
4918,0.917504
4919,0.868352
4920,0.852992
4921,0.871424
4922,0.884736
4923,0.885760
4924,0.902144
4925,0.876544
4926,0.954368
4927,0.941056
4928,0.915456
4929,0.933888
4930,0.884736
4931,0.907264
4932,0.898048
4933,0.987136
4934,0.769024
4935,0.665600
4936,0.911360
4937,0.928768
4938,0.912384
4939,0.939008
4940,0.892928
4941,0.953344
4942,0.885760
4943,0.902144
4944,0.884736
4945,0.877568
4946,0.861184
4947,0.857088
4948,0.846848
4949,0.876544
4950,0.931840
4951,0.921600
4952,0.885760
4953,0.954368
4954,0.899072
4955,0.899072
4956,0.946176
4957,0.902144
4958,0.906240
4959,0.931840
4960,0.944128
4961,0.904192
4962,0.898048
4963,0.953344
4964,0.923648
4965,0.945152
4966,0.893952
4967,0.871424
4968,0.964608
4969,0.907264
4970,0.934912
4971,0.931840
4972,0.899072
4973,0.973824
4974,0.904192
4975,0.929792
4976,0.897024
4977,0.919552
4978,0.896000
4979,0.949248
4980,0.996352
4981,0.907264
4982,0.909312
4983,0.913408
4984,0.854016
4985,0.905216
4986,0.910336
4987,0.911360
4988,0.922624
4989,0.909312
4990,0.920576
4991,0.962560
4992,0.851968
4993,0.899072
4994,0.970752
4995,0.903168
4996,0.920576
4997,0.902144
4998,0.899072
4999,0.867328
5000,0.618496
5001,0.460800
5002,0.247808
5003,0.235520
5004,0.198656
5005,0.188416
5006,0.187392
5007,0.184320
5008,0.190464
5009,0.178176
5010,0.178176
5011,0.178176
5012,0.174080
5013,0.192512
5014,0.164864
5015,0.168960
5016,0.163840
5017,0.175104
5018,0.168960
5019,0.157696
5020,0.828416
5021,0.904192
5022,0.947200
5023,0.885760
5024,0.934912
5025,0.909312
5026,0.900096
5027,0.937984
5028,0.872448
5029,0.923648
5030,0.945152
5031,0.906240
5032,0.934912
5033,0.912384
5034,0.970752
5035,0.883712
5036,0.908288
5037,0.910336
5038,0.930816
5039,0.934912
5040,0.898048
5041,0.891904
5042,0.929792
5043,0.865280
5044,0.855040
5045,0.867328
5046,0.911360
5047,0.926720
5048,0.922624
5049,0.935936
5050,0.894976
5051,0.927744
5052,0.885760
5053,0.948224
5054,0.888832
5055,0.890880
5056,0.917504
5057,0.935936
5058,0.958464
5059,0.924672
5060,0.883712
5061,0.916480
5062,0.937984
5063,0.905216
5064,0.899072
5065,0.898048
5066,0.907264
5067,0.886784
5068,0.854016
5069,0.840704
5070,0.898048
5071,0.878592
5072,0.933888
5073,0.921600
5074,0.942080
5075,0.901120
5076,0.931840
5077,0.957440
5078,0.957440
5079,0.913408
5080,0.916480
5081,0.944128
5082,0.911360
5083,0.922624
5084,0.761856
5085,0.714752
5086,0.917504
5087,0.894976
5088,0.912384
5089,0.944128
5090,0.899072
5091,0.970752
5092,0.929792
5093,0.907264
5094,0.900096
5095,0.811008
5096,0.865280
5097,0.873472
5098,0.849920
5099,0.844800
5100,0.913408
5101,0.907264
5102,0.880640
5103,0.894976
5104,0.923648
5105,0.916480
5106,0.924672
5107,0.936960
5108,0.920576
5109,0.902144
5110,0.937984
5111,0.985088
5112,0.892928
5113,0.878592
5114,0.925696
5115,0.898048
5116,0.912384
5117,0.876544
5118,0.918528
5119,0.896000
5120,0.922624
5121,0.873472
5122,0.897024
5123,0.882688
5124,0.958464
5125,0.863232
5126,0.947200
5127,0.848896
5128,0.925696
5129,0.954368
5130,0.928768
5131,0.889856
5132,0.902144
5133,0.907264
5134,0.908288
5135,0.940032
5136,0.931840
5137,0.934912
5138,0.984064
5139,0.920576
5140,0.941056
5141,0.977920
5142,0.921600
5143,0.913408
5144,0.901120
5145,0.945152
5146,0.923648
5147,0.980992
5148,0.919552
5149,0.932864
5150,0.708608
5151,0.931840
5152,0.683008
5153,1.076224
5154,0.823296
5155,0.932864
5156,0.929792
5157,0.845824
5158,0.893952
5159,0.917504
5160,0.941056
5161,0.908288
5162,0.893952
5163,0.900096
5164,0.901120
5165,0.887808
5166,0.901120
5167,0.882688
5168,0.908288
5169,0.925696
5170,0.917504
5171,0.894976
5172,0.888832
5173,0.840704
5174,0.920576
5175,0.872448
5176,0.898048
5177,0.888832
5178,0.839680
5179,0.963584
5180,0.875520
5181,0.901120
5182,0.888832
5183,0.914432
5184,0.933888
5185,0.920576
5186,0.943104
5187,0.893952
5188,0.929792
5189,0.887808
5190,0.944128
5191,0.933888
5192,0.987136
5193,0.926720
5194,0.909312
5195,0.954368
5196,0.965632
5197,0.910336
5198,0.949248
5199,0.957440
5200,0.885760
5201,0.927744
5202,0.937984
5203,0.925696
5204,0.927744
5205,0.929792
5206,0.892928
5207,0.911360
5208,0.925696
5209,0.867328
5210,0.911360
5211,0.907264
5212,0.949248
5213,0.909312
5214,0.838656
5215,0.645120
5216,0.527360
5217,0.700416
5218,0.933888
5219,0.920576
5220,0.953344
5221,0.906240
5222,0.908288
5223,0.907264
5224,0.897024
5225,0.930816
5226,0.930816
5227,0.932864
5228,0.908288
5229,0.917504
5230,0.951296
5231,0.907264
5232,0.912384
5233,0.903168
5234,0.883712
5235,0.910336
5236,0.921600
5237,0.885760
5238,0.875520
5239,0.856064
5240,0.861184
5241,0.919552
5242,0.873472
5243,0.907264
5244,0.883712
5245,0.974848
5246,0.886784
5247,0.888832
5248,0.909312
5249,0.898048
5250,0.930816
5251,0.865280
5252,0.918528
5253,0.885760
5254,0.897024
5255,0.917504
5256,0.844800
5257,0.879616
5258,0.882688
5259,0.956416
5260,0.921600
5261,0.923648
5262,0.905216
5263,0.955392
5264,0.911360
5265,0.913408
5266,0.961536
5267,0.901120
5268,0.903168
5269,0.884736
5270,0.920576
5271,0.961536
5272,0.912384
5273,0.903168
5274,0.927744
5275,0.876544
5276,0.927744
5277,0.907264
5278,0.878592
5279,0.905216
5280,0.824320
5281,0.865280
5282,0.660480
5283,0.526336
5284,0.471040
5285,0.438272
5286,0.440320
5287,0.324608
5288,0.330752
5289,0.768000
5290,0.901120
5291,0.886784
5292,0.914432
5293,0.923648
5294,0.865280
5295,0.922624
5296,0.993280
5297,0.902144
5298,0.914432
5299,0.915456
5300,0.860160
5301,0.892928
5302,0.924672
5303,0.910336
5304,0.920576
5305,0.889856
5306,0.949248
5307,0.870400
5308,0.923648
5309,0.946176
5310,0.855040
5311,0.937984
5312,0.922624
5313,0.901120
5314,0.874496
5315,0.822272
5316,0.861184
5317,0.882688
5318,0.932864
5319,0.875520
5320,0.911360
5321,0.887808
5322,0.861184
5323,0.909312
5324,0.926720
5325,0.908288
5326,0.858112
5327,0.923648
5328,0.922624
5329,0.883712
5330,0.866304
5331,0.924672
5332,0.906240
5333,0.911360
5334,0.901120
5335,0.915456
5336,0.890880
5337,0.878592
5338,0.833536
5339,0.944128
5340,0.901120
5341,0.868352
5342,0.916480
5343,0.915456
5344,0.913408
5345,0.928768
5346,0.909312
5347,0.964608
5348,0.865280
5349,0.924672
5350,0.886784
5351,0.872448
5352,0.917504
5353,0.934912
5354,0.732160
5355,0.707584
5356,0.959488
5357,0.913408
5358,0.951296
5359,0.864256
5360,0.918528
5361,0.911360
5362,0.905216
5363,0.911360
5364,0.955392
5365,0.874496
5366,0.862208
5367,0.950272
5368,0.849920
5369,0.806912
5370,0.856064
5371,0.962560
5372,0.874496
5373,0.882688
5374,0.884736
5375,0.946176
5376,0.894976
5377,0.961536
5378,0.883712
5379,0.927744
5380,0.883712
5381,0.833536
5382,0.841728
5383,0.830464
5384,0.871424
5385,0.951296
5386,0.951296
5387,0.910336
5388,0.920576
5389,0.937984
5390,0.889856
5391,0.952320
5392,0.922624
5393,0.868352
5394,0.857088
5395,0.936960
5396,0.915456
5397,0.947200
5398,0.915456
5399,0.912384
5400,0.917504
5401,0.953344
5402,0.939008
5403,0.882688
5404,0.930816
5405,0.967680
5406,0.945152
5407,0.932864
5408,0.939008
5409,0.931840
5410,0.933888
5411,0.894976
5412,0.888832
5413,0.911360
5414,0.873472
5415,0.873472
5416,0.839680
5417,0.886784
5418,0.902144
5419,0.800768
5420,0.629760
5421,0.567296
5422,0.484352
5423,0.379904
5424,0.377856
5425,0.171008
5426,0.174080
5427,0.169984
5428,0.167936
5429,0.165888
5430,0.169984
5431,0.167936
5432,0.166912
5433,0.161792
5434,0.162816
5435,0.162816
5436,0.847872
5437,0.911360
5438,0.955392
5439,0.898048
5440,0.892928
5441,0.901120
5442,0.965632
5443,0.862208
5444,0.884736
5445,0.948224
5446,0.962560
5447,0.870400
5448,0.887808
5449,0.952320
5450,0.899072
5451,0.910336
5452,0.914432
5453,0.935936
5454,0.876544
5455,0.951296
5456,0.875520
5457,0.946176
5458,0.896000
5459,0.941056
5460,0.911360
5461,0.856064
5462,0.923648
5463,0.916480
5464,0.911360
5465,0.911360
5466,0.905216
5467,0.916480
5468,0.907264
5469,0.870400
5470,0.939008
5471,0.911360
5472,0.920576
5473,0.915456
5474,0.930816
5475,1.046528
5476,0.874496
5477,0.888832
5478,0.846848
5479,0.881664
5480,0.956416
5481,0.827392
5482,0.908288
5483,0.946176
5484,0.900096
5485,0.892928
5486,0.894976
5487,0.900096
5488,0.922624
5489,0.925696
5490,0.925696
5491,0.901120
5492,0.886784
5493,0.934912
5494,0.911360
5495,0.932864
5496,0.884736
5497,0.886784
5498,0.898048
5499,0.943104
5500,0.667648
5501,0.529408
5502,0.471040
5503,0.410624
5504,0.438272
5505,0.422912
5506,0.391168
5507,0.788480
5508,0.903168
5509,0.950272
5510,0.913408
5511,0.906240
5512,0.901120
5513,0.930816
5514,0.944128
5515,0.920576
5516,0.918528
5517,0.898048
5518,0.899072
5519,0.928768
5520,0.885760
5521,0.869376
5522,0.903168
5523,0.906240
5524,0.909312
5525,0.919552
5526,0.862208
5527,0.864256
5528,0.842752
5529,0.854016
5530,0.925696
5531,0.890880
5532,0.877568
5533,0.876544
5534,0.893952
5535,0.913408
5536,0.873472
5537,0.891904
5538,0.896000
5539,0.914432
5540,0.891904
5541,0.897024
5542,0.925696
5543,0.926720
5544,0.891904
5545,0.878592
5546,0.923648
5547,0.896000
5548,0.931840
5549,0.919552
5550,0.961536
5551,0.924672
5552,1.000448
5553,0.926720
5554,0.915456
5555,0.890880
5556,0.926720
5557,0.966656
5558,0.944128
5559,0.901120
5560,0.920576
5561,0.927744
5562,0.907264
5563,0.973824
5564,0.856064
5565,0.957440
5566,1.100800
5567,0.763904
5568,0.960512
5569,0.874496
5570,0.934912
5571,0.886784
5572,0.762880
5573,0.788480
5574,0.974848
5575,0.887808
5576,0.907264
5577,0.929792
5578,0.925696
5579,0.925696
5580,0.944128
5581,0.921600
5582,0.862208
5583,0.880640
5584,0.885760
5585,0.919552
5586,0.860160
5587,0.918528
5588,0.933888
5589,0.940032
5590,0.903168
5591,0.871424
5592,0.913408
5593,0.932864
5594,0.932864
5595,0.878592
5596,0.911360
5597,0.879616
5598,0.848896
5599,0.908288
5600,0.893952
5601,0.885760
5602,0.927744
5603,0.871424
5604,0.931840
5605,0.914432
5606,0.866304
5607,0.926720
5608,0.925696
5609,0.901120
5610,0.889856
5611,0.912384
5612,0.902144
5613,0.704512
5614,0.901120
5615,0.923648
5616,0.866304
5617,0.798720
5618,0.835584
5619,0.867328
5620,0.893952
5621,0.985088
5622,0.877568
5623,0.931840
5624,0.884736
5625,0.898048
5626,0.885760
5627,0.899072
5628,0.919552
5629,0.925696
5630,0.909312
5631,0.917504
5632,0.900096
5633,0.900096
5634,0.906240
5635,0.886784
5636,0.869376
5637,0.914432
5638,0.831488
5639,0.600064
5640,0.393216
5641,0.372736
5642,0.229376
5643,0.209920
5644,0.211968
5645,0.207872
5646,0.181248
5647,0.165888
5648,0.164864
5649,0.165888
5650,0.171008
5651,0.166912
5652,0.157696
5653,0.153600
5654,0.153600
5655,0.154624
5656,0.154624
5657,0.153600
5658,0.865280
5659,0.916480
5660,0.912384
5661,0.924672
5662,0.907264
5663,0.969728
5664,0.907264
5665,0.890880
5666,0.965632
5667,0.904192
5668,0.900096
5669,0.920576
5670,0.976896
5671,0.908288
5672,0.915456
5673,0.917504
5674,0.975872
5675,0.912384
5676,0.935936
5677,0.868352
5678,0.890880
5679,0.957440
5680,0.892928
5681,0.871424
5682,0.886784
5683,0.846848
5684,0.923648
5685,0.863232
5686,0.883712
5687,0.912384
5688,0.879616
5689,0.916480
5690,0.922624
5691,0.904192
5692,0.870400
5693,0.913408
5694,0.838656
5695,0.861184
5696,0.912384
5697,0.489472
5698,0.871424
5699,0.876544
5700,0.921600
5701,0.900096
5702,0.888832
5703,0.869376
5704,0.902144
5705,0.894976
5706,0.870400
5707,0.899072
5708,0.910336
5709,0.909312
5710,0.894976
5711,0.860160
5712,0.858112
5713,0.900096
5714,0.879616
5715,0.905216
5716,0.933888
5717,0.934912
5718,0.952320
5719,0.888832
5720,0.949248
5721,0.561152
5722,0.914432
5723,0.838656
5724,0.882688
5725,0.871424
5726,0.864256
5727,0.897024
5728,0.893952
5729,0.954368
5730,0.892928
5731,0.921600
5732,0.854016
5733,0.922624
5734,0.928768
5735,0.933888
5736,0.933888
5737,0.869376
5738,0.909312
5739,0.964608
5740,0.909312
5741,0.923648
5742,0.897024
5743,0.870400
5744,0.905216
5745,0.915456
5746,0.911360
5747,0.859136
5748,0.919552
5749,0.922624
5750,0.919552
5751,0.972800
5752,0.920576
5753,0.931840
5754,0.889856
5755,0.971776
5756,0.898048
5757,0.912384
5758,0.889856
5759,0.887808
5760,0.918528
5761,0.932864
5762,0.947200
5763,0.909312
5764,0.891904
5765,0.933888
5766,0.910336
5767,0.923648
5768,0.861184
5769,0.860160
5770,0.911360
5771,0.898048
5772,0.930816
5773,0.871424
5774,0.930816
5775,0.919552
5776,0.886784
5777,0.892928
5778,0.916480
5779,0.875520
5780,0.933888
5781,0.909312
5782,0.845824
5783,0.883712
5784,0.873472
5785,0.894976
5786,0.833536
5787,0.572416
5788,0.913408
5789,0.911360
5790,0.889856
5791,0.891904
5792,0.882688
5793,0.839680
5794,0.858112
5795,0.916480
5796,0.892928
5797,0.878592
5798,1.042432
5799,0.823296
5800,0.898048
5801,0.991232
5802,0.924672
5803,0.905216
5804,0.828416
5805,0.617472
5806,1.089536
5807,0.852992
5808,0.923648
5809,0.916480
5810,0.867328
5811,0.822272
5812,0.907264
5813,0.823296
5814,0.878592
5815,0.930816
5816,0.909312
5817,0.940032
5818,0.859136
5819,0.930816
5820,0.881664
5821,0.888832
5822,0.914432
5823,0.892928
5824,0.891904
5825,0.936960
5826,0.893952
5827,0.898048
5828,0.908288
5829,0.922624
5830,0.878592
5831,0.887808
5832,0.880640
5833,0.847872
5834,0.868352
5835,0.887808
5836,0.890880
5837,0.898048
5838,0.913408
5839,0.877568
5840,0.807936
5841,0.879616
5842,0.873472
5843,0.931840
5844,0.898048
5845,0.880640
5846,0.952320
5847,0.925696
5848,0.974848
5849,0.917504
5850,0.898048
5851,0.905216
5852,0.782336
5853,0.947200
5854,0.904192
5855,0.887808
5856,0.903168
5857,0.875520
5858,0.909312
5859,0.947200
5860,0.906240
5861,0.901120
5862,0.868352
5863,0.906240
5864,0.897024
5865,0.908288
5866,0.933888
5867,0.926720
5868,0.840704
5869,0.848896
5870,0.859136
5871,0.827392
5872,0.956416
5873,0.773120
5874,0.885760
5875,0.950272
5876,0.854016
5877,0.897024
5878,0.775168
5879,0.912384
5880,0.905216
5881,0.947200
5882,0.843776
5883,0.872448
5884,0.935936
5885,0.863232
5886,0.918528
5887,0.952320
5888,0.868352
5889,0.917504
5890,0.874496
5891,0.868352
5892,0.873472
5893,0.931840
5894,0.874496
5895,0.901120
5896,0.846848
5897,0.930816
5898,0.866304
5899,0.908288
5900,0.965632
5901,0.916480
5902,0.959488
5903,0.949248
5904,0.916480
5905,0.878592
5906,0.881664
5907,0.980992
5908,0.884736
5909,0.900096
5910,0.924672
5911,0.944128
5912,0.916480
5913,0.941056
5914,0.948224
5915,0.915456
5916,0.939008
5917,0.673792
5918,0.425984
5919,0.351232
5920,0.312320
5921,0.267264
5922,0.205824
5923,0.218112
5924,0.221184
5925,0.192512
5926,0.172032
5927,0.173056
5928,0.173056
5929,0.171008
5930,0.169984
5931,0.921600
5932,0.905216
5933,0.916480
5934,0.905216
5935,0.897024
5936,0.953344
5937,0.902144
5938,0.884736
5939,0.868352
5940,0.928768
5941,0.893952
5942,0.872448
5943,0.931840
5944,0.948224
5945,0.928768
5946,0.906240
5947,0.869376
5948,0.877568
5949,0.884736
5950,0.923648
5951,0.787456
5952,0.877568
5953,0.777216
5954,0.861184
5955,0.825344
5956,0.916480
5957,0.942080
5958,0.872448
5959,0.891904
5960,0.928768
5961,0.888832
5962,0.865280
5963,0.884736
5964,0.898048
5965,0.835584
5966,0.883712
5967,0.834560
5968,0.878592
5969,0.899072
5970,0.904192
5971,0.894976
5972,0.886784
5973,0.834560
5974,0.896000
5975,0.873472
5976,0.942080
5977,0.923648
5978,0.971776
5979,0.898048
5980,0.868352
5981,0.928768
5982,0.883712
5983,0.929792
5984,0.866304
5985,0.903168
5986,0.875520
5987,0.860160
5988,0.958464
5989,0.909312
5990,0.849920
5991,0.885760
5992,0.943104
5993,0.906240
5994,0.889856
5995,0.846848
5996,0.720896
5997,0.409600
5998,0.405504
5999,0.404480
6000,0.393216
6001,0.340992
6002,0.338944
6003,0.832512
6004,0.925696
6005,0.897024
6006,0.916480
6007,0.882688
6008,0.848896
6009,0.918528
6010,0.865280
6011,0.925696
6012,0.893952
6013,0.899072
6014,0.921600
6015,0.917504
6016,0.932864
6017,0.914432
6018,0.915456
6019,0.943104
6020,0.934912
6021,0.879616
6022,0.909312
6023,0.892928
6024,0.903168
6025,0.928768
6026,1.010688
6027,0.923648
6028,0.906240
6029,0.907264
6030,0.892928
6031,0.900096
6032,0.894976
6033,0.890880
6034,0.821248
6035,0.843776
6036,0.874496
6037,0.935936
6038,0.924672
6039,0.928768
6040,0.921600
6041,0.931840
6042,0.929792
6043,0.943104
6044,0.948224
6045,0.927744
6046,0.909312
6047,0.965632
6048,0.928768
6049,0.907264
6050,0.911360
6051,0.926720
6052,0.944128
6053,0.914432
6054,0.929792
6055,0.902144
6056,0.904192
6057,0.918528
6058,0.945152
6059,0.817152
6060,0.951296
6061,0.898048
6062,0.917504
6063,0.897024
6064,0.899072
6065,0.910336
6066,0.899072
6067,0.687104
6068,0.921600
6069,0.921600
6070,0.907264
6071,0.955392
6072,0.928768
6073,0.920576
6074,0.915456
6075,0.931840
6076,0.898048
6077,0.956416
6078,0.919552
6079,0.941056
6080,0.906240
6081,0.966656
6082,0.917504
6083,0.878592
6084,0.908288
6085,0.886784
6086,0.917504
6087,0.891904
6088,0.836608
6089,0.813056
6090,0.858112
6091,0.937984
6092,0.867328
6093,0.943104
6094,0.881664
6095,0.920576
6096,0.923648
6097,0.937984
6098,0.920576
6099,0.928768
6100,0.920576
6101,0.950272
6102,0.905216
6103,0.923648
6104,0.915456
6105,0.908288
6106,0.919552
6107,0.944128
6108,0.921600
6109,0.912384
6110,0.949248
6111,0.917504
6112,0.983040
6113,0.889856
6114,0.877568
6115,0.900096
6116,0.879616
6117,0.957440
6118,0.956416
6119,0.874496
6120,0.921600
6121,0.905216
6122,0.883712
6123,0.917504
6124,0.868352
6125,0.890880
6126,0.940032
6127,0.897024
6128,0.898048
6129,0.877568
6130,0.987136
6131,0.852992
6132,0.761856
6133,0.786432
6134,0.916480
6135,0.947200
6136,0.883712
6137,0.961536
6138,0.926720
6139,0.947200
6140,0.917504
6141,0.925696
6142,0.915456
6143,0.927744
6144,0.901120
6145,0.950272
6146,0.941056
6147,0.897024
6148,0.936960
6149,0.891904
6150,0.928768
6151,0.877568
6152,0.882688
6153,0.913408
6154,0.744448
6155,0.812032
6156,0.996352
6157,0.839680
6158,0.906240
6159,0.930816
6160,0.919552
6161,0.878592
6162,0.910336
6163,0.940032
6164,0.920576
6165,0.883712
6166,0.988160
6167,0.890880
6168,0.927744
6169,0.883712
6170,0.921600
6171,0.921600
6172,0.937984
6173,0.933888
6174,0.898048
6175,0.962560
6176,0.926720
6177,0.927744
6178,0.912384
6179,0.906240
6180,0.876544
6181,0.892928
6182,0.889856
6183,0.944128
6184,0.833536
6185,0.864256
6186,0.877568
6187,0.929792
6188,0.919552
6189,0.915456
6190,0.890880
6191,0.953344
6192,0.922624
6193,0.933888
6194,0.934912
6195,0.946176
6196,0.889856
6197,0.828416
6198,0.600064
6199,0.908288
6200,0.966656
6201,0.910336
6202,0.917504
6203,0.930816
6204,0.870400
6205,0.828416
6206,0.852992
6207,0.800768
6208,0.901120
6209,0.886784
6210,0.899072
6211,0.925696
6212,0.927744
6213,0.947200
6214,0.914432
6215,0.925696
6216,0.930816
6217,0.924672
6218,0.883712
6219,0.875520
6220,0.894976
6221,0.878592
6222,0.960512
6223,0.866304
6224,0.928768
6225,0.904192
6226,0.905216
6227,0.921600
6228,0.921600
6229,0.846848
6230,0.892928
6231,0.878592
6232,0.861184
6233,0.830464
6234,0.973824
6235,0.912384
6236,0.948224
6237,0.859136
6238,0.907264
6239,0.941056
6240,0.912384
6241,0.935936
6242,0.898048
6243,0.926720
6244,0.876544
6245,0.905216
6246,0.924672
6247,0.912384
6248,0.965632
6249,0.907264
6250,0.905216
6251,0.838656
6252,0.894976
6253,0.935936
6254,0.924672
6255,0.924672
6256,0.878592
6257,0.923648
6258,0.886784
6259,0.882688
6260,0.891904
6261,0.879616
6262,0.752640
6263,0.650240
6264,0.464896
6265,0.418816
6266,0.749568
6267,0.909312
6268,0.912384
6269,0.868352
6270,0.923648
6271,0.943104
6272,0.908288
6273,0.924672
6274,0.942080
6275,0.851968
6276,0.872448
6277,0.863232
6278,0.917504
6279,0.904192
6280,0.913408
6281,0.922624
6282,0.735232
6283,1.046528
6284,1.034240
6285,0.422912
6286,0.881664
6287,0.904192
6288,0.921600
6289,0.946176
6290,0.891904
6291,0.886784
6292,0.927744
6293,0.902144
6294,0.940032
6295,0.893952
6296,0.945152
6297,0.894976
6298,0.894976
6299,0.889856
6300,0.901120
6301,0.907264
6302,0.883712
6303,0.852992
6304,0.874496
6305,0.861184
6306,0.892928
6307,0.894976
6308,0.933888
6309,0.947200
6310,0.908288
6311,0.919552
6312,0.960512
6313,0.932864
6314,0.919552
6315,0.927744
6316,0.894976
6317,0.910336
6318,0.918528
6319,0.940032
6320,0.921600
6321,0.929792
6322,0.946176
6323,0.890880
6324,0.928768
6325,0.949248
6326,0.935936
6327,0.924672
6328,0.907264
6329,0.924672
6330,0.875520
6331,0.744448
6332,0.741376
6333,0.833536
6334,0.937984
6335,0.930816
6336,0.909312
6337,0.940032
6338,0.902144
6339,0.881664
6340,0.891904
6341,0.901120
6342,0.912384
6343,0.919552
6344,0.825344
6345,0.850944
6346,0.896000
6347,0.882688
6348,0.867328
6349,0.919552
6350,0.887808
6351,0.941056
6352,0.918528
6353,0.887808
6354,0.908288
6355,0.926720
6356,0.954368
6357,0.871424
6358,0.868352
6359,0.924672
6360,0.852992
6361,0.861184
6362,0.993280
6363,0.718848
6364,0.908288
6365,0.921600
6366,0.907264
6367,0.912384
6368,0.930816
6369,0.912384
6370,0.885760
6371,0.887808
6372,0.907264
6373,0.913408
6374,0.883712
6375,0.834560
6376,0.822272
6377,0.875520
6378,0.896000
6379,0.903168
6380,0.969728
6381,0.891904
6382,0.941056
6383,0.910336
6384,0.902144
6385,0.868352
6386,0.965632
6387,0.987136
6388,0.887808
6389,0.939008
6390,0.898048
6391,0.911360
6392,0.920576
6393,0.963584
6394,0.948224
6395,0.931840
6396,0.936960
6397,0.824320
6398,0.598016
6399,0.854016
6400,0.820224
6401,0.855040
6402,0.873472
6403,0.891904
6404,0.889856
6405,0.850944
6406,0.859136
6407,0.915456
6408,0.862208
6409,0.885760
6410,0.894976
6411,0.921600
6412,0.962560
6413,0.901120
6414,0.889856
6415,0.876544
6416,0.893952
6417,0.899072
6418,0.888832
6419,0.885760
6420,0.910336
6421,0.908288
6422,0.890880
6423,0.941056
6424,0.922624
6425,0.927744
6426,0.909312
6427,0.919552
6428,1.099776
6429,0.726016
6430,0.896000
6431,0.874496
6432,0.879616
6433,0.809984
6434,0.880640
6435,0.868352
6436,0.907264
6437,0.867328
6438,0.950272
6439,0.869376
6440,0.941056
6441,0.898048
6442,0.910336
6443,0.888832
6444,0.903168
6445,0.927744
6446,0.885760
6447,0.903168
6448,0.926720
6449,0.903168
6450,0.922624
6451,0.952320
6452,1.014784
6453,0.616448
6454,0.741376
6455,0.899072
6456,0.912384
6457,0.913408
6458,0.950272
6459,0.926720
6460,0.917504
6461,0.965632
6462,0.989184
6463,0.798720
6464,0.583680
6465,0.543744
6466,0.386048
6467,0.374784
6468,0.178176
6469,0.179200
6470,0.182272
6471,0.194560
6472,0.183296
6473,0.175104
6474,0.171008
6475,0.172032
6476,0.169984
6477,0.175104
6478,0.161792
6479,0.159744
6480,0.165888
6481,0.161792
6482,0.161792
6483,0.157696
6484,0.911360
6485,0.867328
6486,0.899072
6487,0.906240
6488,0.916480
6489,0.898048
6490,0.945152
6491,0.866304
6492,0.912384
6493,0.925696
6494,0.916480
6495,0.965632
6496,0.880640
6497,0.902144
6498,0.948224
6499,0.919552
6500,0.910336
6501,0.906240
6502,0.922624
6503,0.890880
6504,0.933888
6505,0.914432
6506,0.964608
6507,0.979968
6508,0.908288
6509,0.900096
6510,0.876544
6511,0.916480
6512,0.971776
6513,0.932864
6514,0.910336
6515,0.928768
6516,0.908288
6517,0.884736
6518,0.918528
6519,0.872448
6520,0.872448
6521,0.886784
6522,0.921600
6523,0.868352
6524,0.915456
6525,0.932864
6526,0.881664
6527,0.877568
6528,0.944128
6529,0.931840
6530,0.912384
6531,0.929792
6532,0.915456
6533,0.944128
6534,0.884736
6535,0.949248
6536,0.904192
6537,0.899072
6538,0.865280
6539,0.954368
6540,0.913408
6541,0.945152
6542,0.908288
6543,0.916480
6544,0.973824
6545,0.927744
6546,0.907264
6547,0.768000
6548,0.632832
6549,0.589824
6550,0.826368
6551,0.943104
6552,0.888832
6553,0.908288
6554,0.905216
6555,0.912384
6556,0.930816
6557,0.953344
6558,0.930816
6559,0.905216
6560,0.920576
6561,0.879616
6562,0.893952
6563,0.914432
6564,0.913408
6565,0.947200
6566,0.902144
6567,0.879616
6568,0.924672
6569,0.936960
6570,0.898048
6571,0.949248
6572,0.924672
6573,0.894976
6574,0.906240
6575,0.926720
6576,0.899072
6577,0.912384
6578,0.894976
6579,0.888832
6580,0.881664
6581,0.926720
6582,0.869376
6583,0.817152
6584,0.887808
6585,0.896000
6586,0.860160
6587,0.913408
6588,0.935936
6589,0.922624
6590,0.893952
6591,0.901120
6592,0.917504
6593,0.885760
6594,0.893952
6595,0.955392
6596,0.902144
6597,0.911360
6598,0.926720
6599,0.928768
6600,0.946176
6601,0.936960
6602,0.911360
6603,0.932864
6604,0.963584
6605,0.951296
6606,0.900096
6607,0.941056
6608,0.867328
6609,0.922624
6610,0.942080
6611,0.923648
6612,0.849920
6613,0.921600
6614,0.812032
6615,0.672768
6616,0.942080
6617,0.951296
6618,0.928768
6619,0.944128
6620,0.926720
6621,0.952320
6622,0.878592
6623,0.915456
6624,0.902144
6625,0.929792
6626,0.914432
6627,0.907264
6628,0.886784
6629,0.883712
6630,0.864256
6631,0.852992
6632,0.839680
6633,0.888832
6634,0.945152
6635,0.944128
6636,0.893952
6637,0.888832
6638,0.912384
6639,0.863232
6640,0.935936
6641,0.876544
6642,0.889856
6643,0.946176
6644,0.891904
6645,0.910336
6646,0.927744
6647,0.898048
6648,0.912384
6649,0.855040
6650,0.900096
6651,0.874496
6652,0.947200
6653,0.911360
6654,0.961536
6655,0.909312
6656,0.901120
6657,0.949248
6658,0.912384
6659,0.925696
6660,0.925696
6661,0.908288
6662,0.952320
6663,0.951296
6664,0.906240
6665,0.928768
6666,0.931840
6667,0.902144
6668,0.923648
6669,0.890880
6670,0.878592
6671,0.882688
6672,0.957440
6673,0.881664
6674,1.004544
6675,0.858112
6676,0.910336
6677,0.946176
6678,0.920576
6679,0.890880
6680,0.759808
6681,0.769024
6682,0.891904
6683,0.944128
6684,0.961536
6685,0.881664
6686,0.939008
6687,0.880640
6688,0.905216
6689,0.899072
6690,0.936960
6691,0.932864
6692,0.887808
6693,0.859136
6694,0.929792
6695,0.901120
6696,0.921600
6697,0.913408
6698,0.889856
6699,0.900096
6700,0.840704
6701,0.797696
6702,0.901120
6703,0.886784
6704,0.928768
6705,0.929792
6706,0.863232
6707,0.909312
6708,0.904192
6709,0.905216
6710,0.933888
6711,0.844800
6712,0.887808
6713,0.927744
6714,0.907264
6715,0.923648
6716,0.921600
6717,0.926720
6718,0.955392
6719,0.918528
6720,0.963584
6721,0.830464
6722,0.941056
6723,0.896000
6724,0.924672
6725,0.896000
6726,0.919552
6727,0.931840
6728,0.905216
6729,0.872448
6730,0.874496
6731,0.873472
6732,0.878592
6733,0.910336
6734,0.941056
6735,0.958464
6736,0.899072
6737,0.870400
6738,0.948224
6739,0.877568
6740,0.963584
6741,0.892928
6742,0.918528
6743,0.901120
6744,0.947200
6745,0.866304
6746,0.724992
6747,0.921600
6748,0.887808
6749,0.914432
6750,0.902144
6751,0.914432
6752,0.887808
6753,0.919552
6754,0.911360
6755,0.827392
6756,0.867328
6757,0.833536
6758,0.905216
6759,0.884736
6760,0.934912
6761,0.937984
6762,0.838656
6763,0.882688
6764,0.904192
6765,0.918528
6766,0.876544
6767,0.914432
6768,0.908288
6769,0.880640
6770,0.897024
6771,0.997376
6772,0.917504
6773,0.967680
6774,0.883712
6775,0.847872
6776,0.903168
6777,0.905216
6778,0.898048
6779,0.896000
6780,0.960512
6781,0.858112
6782,0.887808
6783,0.900096
6784,0.939008
6785,0.894976
6786,0.925696
6787,0.876544
6788,0.904192
6789,0.920576
6790,0.905216
6791,0.909312
6792,0.921600
6793,0.899072
6794,0.919552
6795,0.901120
6796,0.911360
6797,0.941056
6798,0.954368
6799,0.896000
6800,0.961536
6801,0.924672
6802,0.933888
6803,0.900096
6804,0.911360
6805,0.801792
6806,0.861184
6807,0.927744
6808,0.928768
6809,0.920576
6810,0.945152
6811,0.852992
6812,0.650240
6813,0.687104
6814,0.893952
6815,0.935936
6816,0.918528
6817,0.907264
6818,0.921600
6819,0.872448
6820,0.896000
6821,0.652288
6822,0.936960
6823,0.932864
6824,0.913408
6825,0.856064
6826,0.915456
6827,0.864256
6828,0.907264
6829,0.859136
6830,0.857088
6831,0.929792
6832,0.878592
6833,0.901120
6834,0.872448
6835,0.912384
6836,0.856064
6837,0.931840
6838,0.899072
6839,0.901120
6840,0.865280
6841,0.863232
6842,0.876544
6843,0.918528
6844,0.809984
6845,0.870400
6846,0.889856
6847,0.897024
6848,0.906240
6849,0.921600
6850,0.935936
6851,0.911360
6852,0.889856
6853,0.937984
6854,0.927744
6855,0.887808
6856,0.869376
6857,0.912384
6858,0.844800
6859,0.873472
6860,0.854016
6861,0.923648
6862,0.865280
6863,0.876544
6864,0.879616
6865,0.885760
6866,0.910336
6867,0.904192
6868,0.899072
6869,0.888832
6870,0.883712
6871,0.915456
6872,0.920576
6873,0.892928
6874,0.870400
6875,0.901120
6876,0.904192
6877,0.982016
6878,0.649216
6879,0.432128
6880,0.371712
6881,0.363520
6882,0.321536
6883,0.305152
6884,0.305152
6885,0.277504
6886,0.204800
6887,0.216064
6888,0.212992
6889,0.206848
6890,0.892928
6891,0.892928
6892,0.922624
6893,0.885760
6894,0.954368
6895,0.899072
6896,0.855040
6897,0.950272
6898,0.927744
6899,0.877568
6900,0.907264
6901,0.915456
6902,0.876544
6903,0.845824
6904,0.848896
6905,0.902144
6906,0.864256
6907,0.936960
6908,0.893952
6909,0.884736
6910,0.928768
6911,0.876544
6912,0.931840
6913,0.929792
6914,0.869376
6915,0.898048
6916,0.944128
6917,0.920576
6918,0.871424
6919,0.961536
6920,0.909312
6921,0.941056
6922,0.885760
6923,0.964608
6924,0.931840
6925,0.891904
6926,0.915456
6927,0.916480
6928,0.902144
6929,0.906240
6930,0.898048
6931,0.909312
6932,0.871424
6933,0.893952
6934,0.871424
6935,0.875520
6936,0.924672
6937,0.933888
6938,0.931840
6939,0.897024
6940,0.930816
6941,0.930816
6942,0.936960
6943,0.959488
6944,0.872448
6945,0.944128
6946,0.930816
6947,0.951296
6948,0.931840
6949,0.911360
6950,0.921600
6951,0.920576
6952,0.922624
6953,0.941056
6954,0.904192
6955,0.653312
6956,0.790528
6957,0.911360
6958,0.910336
6959,0.910336
6960,0.894976
6961,0.966656
6962,0.923648
6963,0.943104
6964,0.932864
6965,0.959488
6966,0.886784
6967,0.931840
6968,0.900096
6969,0.971776
6970,0.916480
6971,0.916480
6972,0.935936
6973,0.859136
6974,0.857088
6975,0.911360
6976,0.875520
6977,0.811008
6978,0.911360
6979,0.876544
6980,0.836608
6981,0.940032
6982,0.950272
6983,0.863232
6984,0.883712
6985,0.905216
6986,0.906240
6987,0.936960
6988,0.926720
6989,0.914432
6990,0.915456
6991,0.925696
6992,0.910336
6993,0.927744
6994,0.914432
6995,0.925696
6996,0.910336
6997,0.940032
6998,0.897024
6999,0.871424
7000,0.934912
7001,0.928768
7002,0.890880
7003,0.899072
7004,0.913408
7005,0.856064
7006,0.923648
7007,0.926720
7008,0.905216
7009,0.920576
7010,0.896000
7011,0.893952
7012,0.891904
7013,0.925696
7014,0.983040
7015,0.942080
7016,0.908288
7017,0.932864
7018,0.978944
7019,0.908288
7020,0.577536
7021,38.115330
7022,0.934912
7023,0.933888
7024,0.919552
7025,0.899072
7026,0.901120
7027,0.998400
7028,0.965632
7029,0.901120
7030,0.909312
7031,0.945152
7032,0.927744
7033,0.918528
7034,0.925696
7035,0.890880
7036,0.935936
7037,0.898048
7038,0.905216
7039,0.920576
7040,0.894976
7041,0.947200
7042,0.877568
7043,0.886784
7044,0.889856
7045,0.838656
7046,0.928768
7047,0.891904
7048,0.955392
7049,0.944128
7050,0.898048
7051,0.944128
7052,0.962560
7053,0.914432
7054,0.907264
7055,0.872448
7056,0.933888
7057,0.871424
7058,0.856064
7059,0.923648
7060,0.988160
7061,0.930816
7062,0.923648
7063,0.947200
7064,0.885760
7065,0.867328
7066,0.967680
7067,0.892928
7068,0.961536
7069,0.891904
7070,0.959488
7071,0.857088
7072,0.922624
7073,0.911360
7074,0.922624
7075,0.961536
7076,0.931840
7077,0.911360
7078,0.903168
7079,0.916480
7080,0.939008
7081,0.924672
7082,0.929792
7083,0.885760
7084,0.911360
7085,0.690176
7086,0.595968
7087,0.457728
7088,0.532480
7089,0.368640
7090,0.258048
7091,0.245760
7092,0.257024
7093,0.817152
7094,0.899072
7095,0.917504
7096,0.899072
7097,0.936960
7098,0.863232
7099,0.937984
7100,0.904192
7101,0.897024
7102,0.887808
7103,0.928768
7104,0.926720
7105,0.883712
7106,0.925696
7107,0.916480
7108,0.883712
7109,0.953344
7110,0.896000
7111,0.887808
7112,0.937984
7113,0.897024
7114,0.891904
7115,0.918528
7116,0.947200
7117,0.876544
7118,0.834560
7119,0.886784
7120,0.827392
7121,0.913408
7122,0.904192
7123,1.007616
7124,0.846848
7125,0.800768
7126,0.910336
7127,0.930816
7128,0.913408
7129,0.935936
7130,0.919552
7131,0.894976
7132,0.930816
7133,0.928768
7134,0.940032
7135,0.926720
7136,0.933888
7137,0.896000
7138,0.908288
7139,0.956416
7140,0.919552
7141,0.915456
7142,0.919552
7143,0.954368
7144,0.936960
7145,0.913408
7146,0.972800
7147,0.897024
7148,0.941056
7149,0.952320
7150,0.910336
7151,0.874496
7152,0.905216
7153,0.904192
7154,0.875520
7155,0.868352
7156,0.903168
7157,0.933888
7158,0.575488
7159,0.890880
7160,0.954368
7161,0.835584
7162,0.885760
7163,0.897024
7164,0.898048
7165,0.907264
7166,0.886784
7167,0.867328
7168,0.871424
7169,0.931840
7170,0.872448
7171,0.879616
7172,0.917504
7173,0.899072
7174,0.906240
7175,0.945152
7176,0.941056
7177,0.884736
7178,0.984064
7179,0.912384
7180,0.913408
7181,0.874496
7182,0.871424
7183,0.854016
7184,0.889856
7185,0.892928
7186,0.910336
7187,0.888832
7188,0.927744
7189,0.909312
7190,0.340992
7191,0.874496
7192,0.856064
7193,0.869376
7194,0.904192
7195,0.961536
7196,0.983040
7197,0.922624
7198,0.876544
7199,0.946176
7200,0.885760
7201,0.886784
7202,0.927744
7203,0.923648
7204,0.922624
7205,0.881664
7206,1.060864
7207,0.781312
7208,0.979968
7209,0.935936
7210,0.927744
7211,0.971776
7212,0.860160
7213,0.906240
7214,0.949248
7215,0.922624
7216,0.903168
7217,0.948224
7218,0.888832
7219,0.968704
7220,0.951296
7221,0.879616
7222,0.631808
7223,0.903168
7224,0.945152
7225,0.900096
7226,0.905216
7227,0.860160
7228,0.934912
7229,0.826368
7230,0.841728
7231,0.883712
7232,0.896000
7233,0.913408
7234,0.906240
7235,0.852992
7236,0.902144
7237,0.917504
7238,0.928768
7239,0.906240
7240,0.915456
7241,0.869376
7242,0.846848
7243,0.953344
7244,0.862208
7245,0.921600
7246,0.907264
7247,0.877568
7248,0.909312
7249,0.869376
7250,0.888832
7251,0.901120
7252,0.929792
7253,0.908288
7254,0.947200
7255,0.912384
7256,0.875520
7257,0.912384
7258,0.960512
7259,0.920576
7260,0.929792
7261,0.940032
7262,0.961536
7263,0.909312
7264,0.929792
7265,0.870400
7266,0.915456
7267,0.877568
7268,0.988160
7269,0.915456
7270,0.976896
7271,0.908288
7272,0.902144
7273,0.930816
7274,0.921600
7275,0.925696
7276,0.931840
7277,0.915456
7278,0.901120
7279,0.952320
7280,0.973824
7281,0.918528
7282,0.927744
7283,0.919552
7284,0.985088
7285,0.921600
7286,0.722944
7287,0.891904
7288,0.945152
7289,0.942080
7290,0.935936
7291,0.886784
7292,0.884736
7293,0.973824
7294,0.891904
7295,0.969728
7296,0.886784
7297,0.922624
7298,0.935936
7299,0.882688
7300,0.889856
7301,0.877568
7302,0.822272
7303,0.836608
7304,0.907264
7305,0.912384
7306,0.887808
7307,0.889856
7308,0.901120
7309,0.903168
7310,0.914432
7311,0.927744
7312,0.904192
7313,0.958464
7314,0.867328
7315,0.882688
7316,0.886784
7317,0.966656
7318,0.960512
7319,0.873472
7320,0.896000
7321,0.947200
7322,0.926720
7323,0.872448
7324,0.937984
7325,0.880640
7326,0.911360
7327,0.899072
7328,0.921600
7329,0.934912
7330,0.883712
7331,0.940032
7332,0.876544
7333,0.898048
7334,0.872448
7335,0.899072
7336,0.849920
7337,0.906240
7338,0.934912
7339,0.922624
7340,0.860160
7341,0.937984
7342,0.875520
7343,0.929792
7344,0.943104
7345,0.890880
7346,0.911360
7347,0.918528
7348,0.922624
7349,0.894976
7350,0.922624
7351,0.844800
7352,0.695296
7353,0.530432
7354,0.359424
7355,0.185344
7356,0.175104
7357,0.181248
7358,0.173056
7359,0.180224
7360,0.169984
7361,0.167936
7362,0.176128
7363,0.166912
7364,0.167936
7365,0.159744
7366,0.160768
7367,0.156672
7368,0.154624
7369,0.157696
7370,0.876544
7371,0.909312
7372,0.885760
7373,0.934912
7374,0.966656
7375,0.878592
7376,0.907264
7377,0.921600
7378,0.908288
7379,0.849920
7380,0.861184
7381,0.957440
7382,0.916480
7383,0.874496
7384,0.879616
7385,0.956416
7386,1.010688
7387,0.870400
7388,0.914432
7389,0.893952
7390,0.893952
7391,0.904192
7392,0.917504
7393,0.924672
7394,0.898048
7395,0.888832
7396,0.931840
7397,0.921600
7398,0.857088
7399,0.926720
7400,0.946176
7401,0.894976
7402,0.907264
7403,0.903168
7404,0.893952
7405,0.911360
7406,0.883712
7407,0.922624
7408,0.871424
7409,0.921600
7410,0.940032
7411,0.958464
7412,0.892928
7413,0.909312
7414,0.955392
7415,0.910336
7416,0.955392
7417,0.880640
7418,0.944128
7419,0.921600
7420,0.923648
7421,0.914432
7422,0.921600
7423,0.930816
7424,0.937984
7425,0.926720
7426,0.966656
7427,0.907264
7428,0.965632
7429,0.948224
7430,0.925696
7431,0.988160
7432,0.918528
7433,0.845824
7434,0.650240
7435,0.546816
7436,0.371712
7437,0.283648
7438,0.196608
7439,0.176128
7440,0.177152
7441,0.175104
7442,0.178176
7443,0.169984
7444,0.168960
7445,0.167936
7446,0.174080
7447,0.167936
7448,0.169984
7449,0.878592
7450,0.894976
7451,0.921600
7452,0.885760
7453,0.907264
7454,0.952320
7455,0.880640
7456,0.900096
7457,0.898048
7458,0.900096
7459,0.957440
7460,0.859136
7461,0.915456
7462,0.934912
7463,0.913408
7464,0.918528
7465,0.902144
7466,0.943104
7467,0.925696
7468,0.891904
7469,0.884736
7470,0.928768
7471,0.906240
7472,0.900096
7473,0.911360
7474,0.926720
7475,0.922624
7476,0.885760
7477,0.889856
7478,0.868352
7479,0.886784
7480,0.908288
7481,0.885760
7482,0.927744
7483,0.727040
7484,1.043456
7485,0.955392
7486,0.887808
7487,0.881664
7488,0.942080
7489,0.906240
7490,0.915456
7491,0.959488
7492,1.008640
7493,0.975872
7494,0.870400
7495,0.914432
7496,0.946176
7497,0.911360
7498,0.901120
7499,0.925696
7500,0.881664
7501,0.940032
7502,0.865280
7503,0.860160
7504,0.906240
7505,0.894976
7506,0.927744
7507,0.987136
7508,0.929792
7509,0.893952
7510,0.917504
7511,0.897024
7512,0.946176
7513,0.712704
7514,0.563200
7515,0.841728
7516,0.923648
7517,0.941056
7518,0.943104
7519,0.914432
7520,0.924672
7521,0.901120
7522,0.889856
7523,0.927744
7524,0.953344
7525,0.903168
7526,0.956416
7527,0.937984
7528,0.893952
7529,0.922624
7530,0.869376
7531,0.897024
7532,0.901120
7533,0.877568
7534,0.881664
7535,0.860160
7536,0.946176
7537,0.882688
7538,0.902144
7539,0.924672
7540,0.866304
7541,0.902144
7542,0.888832
7543,0.905216
7544,0.936960
7545,0.869376
7546,0.858112
7547,0.886784
7548,0.882688
7549,0.856064
7550,0.872448
7551,0.882688
7552,0.884736
7553,0.874496
7554,0.957440
7555,0.942080
7556,0.867328
7557,0.875520
7558,0.923648
7559,1.184768
7560,0.872448
7561,0.905216
7562,0.921600
7563,0.952320
7564,0.908288
7565,0.850944
7566,0.869376
7567,0.857088
7568,0.869376
7569,0.817152
7570,0.919552
7571,0.906240
7572,0.942080
7573,0.896000
7574,0.930816
7575,0.923648
7576,0.904192
7577,0.943104
7578,0.849920
7579,0.951296
7580,0.577536
7581,0.804864
7582,0.860160
7583,0.892928
7584,0.859136
7585,0.921600
7586,0.886784
7587,0.923648
7588,0.857088
7589,0.934912
7590,0.928768
7591,0.897024
7592,0.908288
7593,0.910336
7594,0.931840
7595,0.861184
7596,1.073152
7597,0.908288
7598,0.842752
7599,0.933888
7600,0.925696
7601,0.828416
7602,0.907264
7603,0.934912
7604,0.920576
7605,0.885760
7606,0.930816
7607,0.922624
7608,0.910336
7609,0.935936
7610,0.876544
7611,0.880640
7612,0.874496
7613,0.855040
7614,0.899072
7615,0.837632
7616,0.927744
7617,0.892928
7618,0.865280
7619,0.911360
7620,0.987136
7621,0.918528
7622,0.868352
7623,0.916480
7624,0.909312
7625,0.936960
7626,0.908288
7627,0.882688
7628,0.934912
7629,0.911360
7630,0.911360
7631,0.953344
7632,0.913408
7633,0.921600
7634,0.918528
7635,0.947200
7636,0.931840
7637,0.939008
7638,0.870400
7639,0.887808
7640,0.850944
7641,0.923648
7642,0.949248
7643,0.907264
7644,0.718848
7645,0.596992
7646,0.557056
7647,0.474112
7648,0.455680
7649,0.371712
7650,0.294912
7651,0.292864
7652,0.219136
7653,0.162816
7654,0.160768
7655,0.158720
7656,0.164864
7657,0.161792
7658,0.924672
7659,0.950272
7660,0.893952
7661,0.937984
7662,0.920576
7663,0.922624
7664,0.904192
7665,0.844800
7666,0.934912
7667,0.920576
7668,0.924672
7669,0.896000
7670,0.958464
7671,0.918528
7672,0.865280
7673,0.923648
7674,1.063936
7675,0.792576
7676,0.936960
7677,0.876544
7678,0.911360
7679,0.921600
7680,0.940032
7681,0.910336
7682,0.862208
7683,0.862208
7684,0.837632
7685,0.841728
7686,0.901120
7687,0.924672
7688,0.923648
7689,0.896000
7690,0.889856
7691,0.939008
7692,0.858112
7693,0.914432
7694,0.921600
7695,0.915456
7696,0.874496
7697,0.865280
7698,0.902144
7699,0.859136
7700,0.953344
7701,0.857088
7702,0.894976
7703,0.912384
7704,0.948224
7705,0.871424
7706,0.917504
7707,0.880640
7708,0.908288
7709,0.973824
7710,0.913408
7711,0.952320
7712,0.942080
7713,0.918528
7714,0.932864
7715,0.897024
7716,0.918528
7717,0.873472
7718,0.953344
7719,0.855040
7720,0.908288
7721,0.888832
7722,0.687104
7723,0.650240
7724,0.606208
7725,0.740352
7726,0.990208
7727,0.881664
7728,0.943104
7729,0.872448
7730,0.898048
7731,0.897024
7732,0.947200
7733,0.903168
7734,0.905216
7735,0.947200
7736,0.970752
7737,0.928768
7738,0.867328
7739,0.912384
7740,0.904192
7741,0.915456
7742,0.861184
7743,0.848896
7744,0.830464
7745,0.851968
7746,0.896000
7747,0.903168
7748,0.926720
7749,0.917504
7750,0.882688
7751,0.909312
7752,0.905216
7753,0.912384
7754,0.902144
7755,0.894976
7756,0.902144
7757,0.931840
7758,0.894976
7759,0.929792
7760,0.915456
7761,0.894976
7762,0.933888
7763,0.926720
7764,0.913408
7765,0.906240
7766,0.916480
7767,0.894976
7768,0.930816
7769,0.879616
7770,0.930816
7771,0.892928
7772,0.910336
7773,0.969728
7774,0.898048
7775,0.969728
7776,0.870400
7777,0.926720
7778,0.947200
7779,0.912384
7780,0.963584
7781,0.883712
7782,0.942080
7783,0.927744
7784,0.919552
7785,0.931840
7786,1.044480
7787,1.060864
7788,0.557056
7789,0.776192
7790,0.700416
7791,0.526336
7792,0.814080
7793,0.889856
7794,0.910336
7795,0.916480
7796,0.949248
7797,0.886784
7798,0.949248
7799,0.883712
7800,0.903168
7801,0.924672
7802,0.941056
7803,0.874496
7804,0.957440
7805,0.930816
7806,0.903168
7807,0.959488
7808,0.915456
7809,0.894976
7810,0.910336
7811,0.913408
7812,0.934912
7813,0.920576
7814,0.875520
7815,0.815104
7816,0.851968
7817,0.833536
7818,0.919552
7819,0.861184
7820,0.886784
7821,0.967680
7822,0.900096
7823,0.947200
7824,0.878592
7825,0.923648
7826,0.870400
7827,0.989184
7828,0.883712
7829,0.949248
7830,0.919552
7831,0.862208
7832,0.937984
7833,0.925696
7834,0.869376
7835,0.905216
7836,0.936960
7837,0.951296
7838,0.851968
7839,0.923648
7840,0.898048
7841,0.885760
7842,0.934912
7843,0.935936
7844,0.952320
7845,0.889856
7846,0.896000
7847,0.964608
7848,0.934912
7849,0.927744
7850,0.897024
7851,0.915456
7852,0.929792
7853,0.930816
7854,0.963584
7855,0.888832
7856,0.949248
7857,0.711680
7858,0.513024
7859,0.920576
7860,0.930816
7861,0.915456
7862,0.906240
7863,0.884736
7864,0.967680
7865,0.924672
7866,0.898048
7867,0.873472
7868,0.924672
7869,0.923648
7870,0.837632
7871,0.905216
7872,0.854016
7873,0.936960
7874,0.900096
7875,0.910336
7876,0.884736
7877,0.961536
7878,0.896000
7879,0.949248
7880,0.887808
7881,0.873472
7882,0.921600
7883,0.930816
7884,0.930816
7885,0.939008
7886,0.875520
7887,0.925696
7888,0.889856
7889,0.875520
7890,0.999424
7891,0.931840
7892,0.931840
7893,0.957440
7894,0.917504
7895,0.878592
7896,0.932864
7897,0.917504
7898,0.926720
7899,0.866304
7900,0.892928
7901,0.914432
7902,0.919552
7903,0.901120
7904,0.935936
7905,0.903168
7906,0.894976
7907,0.941056
7908,0.889856
7909,0.907264
7910,0.918528
7911,0.892928
7912,0.941056
7913,0.836608
7914,0.937984
7915,0.925696
7916,0.890880
7917,0.865280
7918,0.959488
7919,0.956416
7920,0.877568
7921,0.926720
7922,0.883712
7923,0.643072
7924,0.443392
7925,0.330752
7926,0.311296
7927,0.307200
7928,0.871424
7929,0.941056
7930,0.962560
7931,0.943104
7932,0.907264
7933,0.910336
7934,0.902144
7935,0.957440
7936,0.892928
7937,0.916480
7938,0.914432
7939,0.899072
7940,0.907264
7941,0.958464
7942,0.908288
7943,0.934912
7944,0.900096
7945,0.875520
7946,0.889856
7947,0.912384
7948,0.918528
7949,0.924672
7950,0.932864
7951,0.929792
7952,0.906240
7953,0.949248
7954,0.888832
7955,0.884736
7956,0.919552
7957,0.912384
7958,0.890880
7959,0.902144
7960,0.919552
7961,0.943104
7962,0.918528
7963,0.888832
7964,0.821248
7965,0.939008
7966,0.914432
7967,0.898048
7968,0.880640
7969,0.918528
7970,0.897024
7971,0.890880
7972,0.923648
7973,0.905216
7974,0.942080
7975,0.876544
7976,0.892928
7977,0.902144
7978,0.862208
7979,0.889856
7980,0.891904
7981,0.925696
7982,0.843776
7983,0.877568
7984,0.973824
7985,0.905216
7986,0.944128
7987,0.969728
7988,0.911360
7989,0.927744
7990,0.904192
7991,0.935936
7992,0.690176
7993,0.924672
7994,0.974848
7995,0.929792
7996,0.908288
7997,0.940032
7998,0.907264
7999,0.867328
8000,0.944128
8001,0.866304
8002,0.859136
8003,0.889856
8004,0.916480
8005,0.901120
8006,0.920576
8007,0.898048
8008,0.871424
8009,0.824320
8010,0.830464
8011,0.866304
8012,0.882688
8013,0.912384
8014,0.925696
8015,0.944128
8016,0.871424
8017,0.848896
8018,0.949248
8019,0.921600
8020,0.886784
8021,0.917504
8022,0.924672
8023,0.923648
8024,0.894976
8025,0.914432
8026,0.887808
8027,0.893952
8028,0.894976
8029,0.889856
8030,0.904192
8031,0.887808
8032,0.913408
8033,0.872448
8034,0.837632
8035,0.879616
8036,0.914432
8037,0.899072
8038,0.902144
8039,0.929792
8040,0.916480
8041,0.914432
8042,0.874496
8043,0.874496
8044,0.935936
8045,0.858112
8046,1.056768
8047,0.742400
8048,0.965632
8049,0.930816
8050,0.879616
8051,0.929792
8052,0.950272
8053,0.892928
8054,0.860160
8055,0.900096
8056,0.847872
8057,0.617472
8058,0.391168
8059,0.379904
8060,0.265216
8061,0.278528
8062,0.267264
8063,0.197632
8064,0.194560
8065,0.196608
8066,0.202752
8067,0.185344
8068,0.188416
8069,0.190464
8070,0.182272
8071,0.181248
8072,0.885760
8073,0.917504
8074,0.899072
8075,0.896000
8076,0.891904
8077,0.916480
8078,0.918528
8079,0.886784
8080,0.872448
8081,0.980992
8082,0.917504
8083,0.919552
8084,0.924672
8085,0.893952
8086,0.917504
8087,0.883712
8088,0.911360
8089,0.928768
8090,0.911360
8091,0.896000
8092,0.921600
8093,0.940032
8094,0.929792
8095,0.906240
8096,0.894976
8097,0.872448
8098,0.905216
8099,0.913408
8100,0.894976
8101,0.871424
8102,0.902144
8103,0.890880
8104,0.845824
8105,0.901120
8106,0.889856
8107,0.844800
8108,0.911360
8109,0.934912
8110,0.894976
8111,0.906240
8112,0.867328
8113,0.920576
8114,0.946176
8115,0.937984
8116,0.908288
8117,0.909312
8118,0.900096
8119,0.918528
8120,0.858112
8121,0.886784
8122,0.870400
8123,0.887808
8124,0.888832
8125,0.896000
8126,0.964608
8127,0.947200
8128,0.951296
8129,0.898048
8130,0.877568
8131,0.934912
8132,0.935936
8133,0.946176
8134,0.888832
8135,0.966656
8136,0.907264
8137,0.594944
8138,0.782336
8139,0.914432
8140,0.859136
8141,0.922624
8142,0.919552
8143,0.924672
8144,0.925696
8145,0.886784
8146,0.931840
8147,0.907264
8148,0.944128
8149,0.919552
8150,0.971776
8151,0.869376
8152,0.961536
8153,0.915456
8154,0.925696
8155,0.910336
8156,0.926720
8157,0.940032
8158,0.917504
8159,0.894976
8160,0.912384
8161,0.921600
8162,0.922624
8163,0.926720
8164,0.909312
8165,0.977920
8166,0.882688
8167,0.601088
8168,0.923648
8169,0.911360
8170,0.887808
8171,0.929792
8172,0.896000
8173,0.915456
8174,0.878592
8175,0.863232
8176,0.889856
8177,0.872448
8178,0.871424
8179,0.914432
8180,0.914432
8181,0.852992
8182,0.930816
8183,0.890880
8184,0.907264
8185,0.882688
8186,0.984064
8187,0.840704
8188,0.891904
8189,0.924672
8190,0.950272
8191,0.894976
8192,0.924672
8193,0.915456
8194,0.912384
8195,0.904192
8196,0.948224
8197,0.915456
8198,0.932864
8199,0.914432
8200,0.837632
8201,0.890880
8202,0.818176
8203,0.620544
8204,0.422912
8205,0.410624
8206,0.276480
8207,0.291840
8208,0.256000
8209,0.272384
8210,0.271360
8211,0.281600
8212,0.281600
8213,0.282624
8214,0.288768
8215,0.265216
8216,0.850944
8217,0.929792
8218,0.960512
8219,0.934912
8220,0.933888
8221,0.897024
8222,0.931840
8223,0.871424
8224,0.903168
8225,0.937984
8226,0.901120
8227,0.928768
8228,0.937984
8229,0.903168
8230,0.936960
8231,0.979968
8232,0.906240
8233,0.921600
8234,0.918528
8235,0.907264
8236,0.925696
8237,0.927744
8238,0.975872
8239,0.875520
8240,0.883712
8241,0.923648
8242,0.897024
8243,0.843776
8244,0.926720
8245,0.871424
8246,0.911360
8247,0.958464
8248,0.912384
8249,0.879616
8250,0.896000
8251,0.916480
8252,0.886784
8253,0.876544
8254,0.870400
8255,0.885760
8256,0.876544
8257,0.920576
8258,0.861184
8259,0.913408
8260,0.862208
8261,0.888832
8262,0.904192
8263,0.913408
8264,0.898048
8265,0.898048
8266,0.903168
8267,0.947200
8268,0.901120
8269,0.960512
8270,0.856064
8271,0.935936
8272,0.956416
8273,0.961536
8274,0.906240
8275,0.925696
8276,0.956416
8277,0.919552
8278,0.886784
8279,0.916480
8280,0.793600
8281,0.497664
8282,0.424960
8283,0.876544
8284,0.908288
8285,0.904192
8286,0.904192
8287,0.868352
8288,0.900096
8289,0.894976
8290,0.930816
8291,0.896000
8292,0.918528
8293,0.913408
8294,0.920576
8295,0.870400
8296,0.899072
8297,0.925696
8298,0.892928
8299,0.887808
8300,0.899072
8301,0.930816
8302,0.871424
8303,0.893952
8304,0.802816
8305,0.879616
8306,0.946176
8307,0.922624
8308,0.866304
8309,0.936960
8310,0.869376
8311,0.908288
8312,0.915456
8313,0.925696
8314,0.922624
8315,0.920576
8316,0.883712
8317,0.930816
8318,0.803840
8319,0.978944
8320,0.882688
8321,0.880640
8322,0.859136
8323,0.913408
8324,0.925696
8325,0.909312
8326,0.977920
8327,0.916480
8328,0.883712
8329,0.956416
8330,0.925696
8331,0.864256
8332,0.880640
8333,0.825344
8334,0.877568
8335,0.889856
8336,0.931840
8337,0.854016
8338,0.967680
8339,0.911360
8340,0.870400
8341,0.904192
8342,0.916480
8343,0.923648
8344,0.937984
8345,0.904192
8346,0.908288
8347,0.771072
8348,0.635904
8349,0.481280
8350,0.864256
8351,0.935936
8352,0.911360
8353,0.915456
8354,0.898048
8355,0.894976
8356,0.891904
8357,0.930816
8358,0.901120
8359,0.910336
8360,0.890880
8361,0.960512
8362,0.914432
8363,0.906240
8364,0.907264
8365,0.943104
8366,0.877568
8367,0.931840
8368,0.910336
8369,0.984064
8370,0.903168
8371,0.909312
8372,0.893952
8373,0.916480
8374,0.898048
8375,0.932864
8376,0.902144
8377,0.893952
8378,0.883712
8379,0.922624
8380,0.935936
8381,0.937984
8382,0.842752
8383,0.927744
8384,0.694272
8385,0.936960
8386,0.916480
8387,0.961536
8388,0.929792
8389,0.875520
8390,0.914432
8391,0.886784
8392,0.902144
8393,0.906240
8394,0.917504
8395,0.911360
8396,0.942080
8397,0.946176
8398,0.931840
8399,0.909312
8400,0.915456
8401,0.933888
8402,0.935936
8403,0.952320
8404,0.930816
8405,0.925696
8406,0.944128
8407,0.894976
8408,0.893952
8409,0.893952
8410,0.968704
8411,0.930816
8412,0.957440
8413,0.941056
8414,0.718848
8415,0.587776
8416,0.451584
8417,0.428032
8418,0.386048
8419,0.390144
8420,0.180224
8421,0.187392
8422,0.174080
8423,0.177152
8424,0.178176
8425,0.836608
8426,0.937984
8427,0.750592
8428,0.928768
8429,0.924672
8430,0.871424
8431,0.899072
8432,0.924672
8433,0.890880
8434,0.934912
8435,0.925696
8436,0.954368
8437,0.918528
8438,0.915456
8439,0.883712
8440,0.874496
8441,0.947200
8442,0.951296
8443,0.913408
8444,0.917504
8445,0.937984
8446,0.900096
8447,0.934912
8448,0.914432
8449,0.874496
8450,0.861184
8451,0.851968
8452,0.839680
8453,0.866304
8454,0.842752
8455,0.968704
8456,0.880640
8457,0.892928
8458,0.882688
8459,0.930816
8460,0.898048
8461,0.882688
8462,0.918528
8463,0.949248
8464,0.912384
8465,0.899072
8466,0.902144
8467,0.931840
8468,0.910336
8469,0.936960
8470,0.935936
8471,0.916480
8472,0.943104
8473,0.967680
8474,0.884736
8475,0.920576
8476,0.927744
8477,0.918528
8478,0.899072
8479,0.922624
8480,0.902144
8481,0.907264
8482,0.885760
8483,0.913408
8484,0.910336
8485,0.914432
8486,0.920576
8487,0.920576
8488,0.928768
8489,0.848896
8490,0.592896
8491,0.865280
8492,0.898048
8493,0.794624
8494,0.842752
8495,0.908288
8496,0.966656
8497,0.986112
8498,0.998400
8499,0.942080
8500,0.883712
8501,0.928768
8502,0.959488
8503,0.941056
8504,0.894976
8505,0.907264
8506,0.925696
8507,0.890880
8508,0.899072
8509,0.931840
8510,0.916480
8511,0.834560
8512,0.852992
8513,0.832512
8514,0.880640
8515,0.893952
8516,0.902144
8517,0.897024
8518,0.871424
8519,0.894976
8520,0.933888
8521,0.914432
8522,0.871424
8523,0.877568
8524,0.887808
8525,0.857088
8526,0.928768
8527,0.889856
8528,0.890880
8529,0.912384
8530,0.941056
8531,0.901120
8532,0.923648
8533,0.868352
8534,0.903168
8535,0.918528
8536,0.954368
8537,0.924672
8538,0.918528
8539,0.926720
8540,0.921600
8541,0.926720
8542,0.905216
8543,0.889856
8544,0.897024
8545,0.892928
8546,0.848896
8547,0.870400
8548,0.891904
8549,0.866304
8550,0.915456
8551,0.947200
8552,0.915456
8553,0.983040
8554,0.901120
8555,0.736256
8556,0.921600
8557,0.923648
8558,0.856064
8559,0.953344
8560,0.868352
8561,0.939008
8562,0.871424
8563,0.892928
8564,0.898048
8565,0.936960
8566,0.919552
8567,0.924672
8568,0.937984
8569,0.940032
8570,0.937984
8571,0.887808
8572,0.887808
8573,0.854016
8574,0.846848
8575,0.866304
8576,0.856064
8577,0.911360
8578,0.906240
8579,0.900096
8580,0.848896
8581,0.870400
8582,0.889856
8583,0.930816
8584,0.911360
8585,0.883712
8586,0.878592
8587,0.916480
8588,0.901120
8589,0.928768
8590,0.913408
8591,0.909312
8592,0.921600
8593,0.924672
8594,0.889856
8595,0.920576
8596,0.917504
8597,0.930816
8598,0.890880
8599,0.930816
8600,0.946176
8601,0.949248
8602,0.893952
8603,0.903168
8604,0.902144
8605,0.920576
8606,0.918528
8607,0.925696
8608,0.949248
8609,0.931840
8610,0.939008
8611,0.868352
8612,0.926720
8613,0.919552
8614,0.963584
8615,0.994304
8616,0.920576
8617,0.949248
8618,0.896000
8619,0.697344
8620,0.857088
8621,0.931840
8622,0.837632
8623,0.919552
8624,0.920576
8625,0.894976
8626,0.865280
8627,0.778240
8628,0.831488
8629,0.857088
8630,0.934912
8631,0.970752
8632,0.893952
8633,0.911360
8634,0.907264
8635,0.925696
8636,0.919552
8637,0.869376
8638,0.934912
8639,0.928768
8640,0.885760
8641,0.900096
8642,0.888832
8643,0.915456
8644,0.961536
8645,0.883712
8646,0.930816
8647,0.926720
8648,0.883712
8649,0.900096
8650,0.868352
8651,0.913408
8652,0.882688
8653,0.917504
8654,0.925696
8655,0.887808
8656,0.851968
8657,0.845824
8658,0.872448
8659,0.931840
8660,0.915456
8661,0.920576
8662,0.903168
8663,0.901120
8664,0.897024
8665,0.946176
8666,0.852992
8667,0.958464
8668,0.892928
8669,0.893952
8670,0.934912
8671,0.942080
8672,0.911360
8673,0.953344
8674,0.930816
8675,0.906240
8676,0.931840
8677,0.963584
8678,0.921600
8679,0.896000
8680,0.893952
8681,0.927744
8682,0.951296
8683,0.905216
8684,0.855040
8685,0.703488
8686,0.753664
8687,0.925696
8688,0.892928
8689,0.893952
8690,0.851968
8691,0.898048
8692,0.869376
8693,0.914432
8694,0.874496
8695,0.952320
8696,0.944128
8697,0.863232
8698,0.759808
8699,0.893952
8700,0.823296
8701,0.873472
8702,0.870400
8703,0.828416
8704,0.984064
8705,0.838656
8706,0.822272
8707,0.872448
8708,0.929792
8709,0.903168
8710,0.890880
8711,0.870400
8712,0.942080
8713,0.919552
8714,0.937984
8715,0.874496
8716,0.892928
8717,0.906240
8718,0.899072
8719,0.881664
8720,0.966656
8721,0.914432
8722,0.907264
8723,0.851968
8724,0.896000
8725,0.848896
8726,0.880640
8727,0.880640
8728,0.904192
8729,0.863232
8730,0.855040
8731,0.920576
8732,0.905216
8733,0.906240
8734,0.893952
8735,0.916480
8736,0.911360
8737,0.834560
8738,0.872448
8739,0.889856
8740,0.939008
8741,0.896000
8742,0.929792
8743,0.914432
8744,0.919552
8745,0.907264
8746,0.917504
8747,0.822272
8748,0.883712
8749,0.878592
8750,0.792576
8751,0.723968
8752,0.973824
8753,0.888832
8754,0.924672
8755,0.905216
8756,0.911360
8757,0.900096
8758,0.861184
8759,0.913408
8760,0.843776
8761,0.870400
8762,0.849920
8763,0.929792
8764,0.975872
8765,0.830464
8766,0.881664
8767,0.943104
8768,0.873472
8769,0.912384
8770,0.886784
8771,0.918528
8772,0.879616
8773,0.951296
8774,0.943104
8775,0.899072
8776,0.959488
8777,0.912384
8778,0.891904
8779,0.908288
8780,0.869376
8781,0.903168
8782,0.914432
8783,0.898048
8784,0.917504
8785,0.869376
8786,0.949248
8787,0.997376
8788,0.843776
8789,0.855040
8790,0.833536
8791,0.805888
8792,0.859136
8793,0.858112
8794,0.873472
8795,0.893952
8796,0.900096
8797,0.870400
8798,0.874496
8799,0.986112
8800,0.927744
8801,0.884736
8802,0.937984
8803,0.901120
8804,0.869376
8805,0.876544
8806,0.891904
8807,0.900096
8808,0.944128
8809,0.921600
8810,0.891904
8811,0.863232
8812,0.879616
8813,0.933888
8814,0.883712
8815,0.716800
8816,0.590848
8817,0.707584
8818,0.916480
8819,0.880640
8820,0.897024
8821,0.871424
8822,0.875520
8823,0.924672
8824,0.864256
8825,0.904192
8826,0.867328
8827,0.873472
8828,0.866304
8829,0.857088
8830,0.935936
8831,0.915456
8832,0.916480
8833,0.878592
8834,0.928768
8835,0.924672
8836,0.879616
8837,0.909312
8838,0.927744
8839,0.917504
8840,0.922624
8841,0.916480
8842,0.944128
8843,0.953344
8844,0.863232
8845,0.921600
8846,0.907264
8847,0.880640
8848,0.946176
8849,0.923648
8850,0.890880
8851,0.951296
8852,0.920576
8853,0.894976
8854,0.959488
8855,0.887808
8856,0.957440
8857,0.939008
8858,0.913408
8859,0.873472
8860,0.997376
8861,0.734208
8862,0.871424
8863,0.898048
8864,0.892928
8865,0.869376
8866,0.850944
8867,0.852992
8868,0.930816
8869,0.919552
8870,0.911360
8871,0.916480
8872,0.888832
8873,0.889856
8874,0.898048
8875,0.932864
8876,0.967680
8877,0.910336
8878,0.890880
8879,0.920576
8880,0.926720
8881,0.925696
8882,0.769024
8883,0.417792
8884,0.434176
8885,0.380928
8886,0.290816
8887,0.263168
8888,0.251904
8889,0.248832
8890,0.230400
8891,0.233472
8892,0.228352
8893,0.223232
8894,0.168960
8895,0.160768
8896,0.157696
8897,0.160768
8898,0.160768
8899,0.154624
8900,0.852992
8901,0.921600
8902,0.919552
8903,0.839680
8904,0.964608
8905,0.917504
8906,0.900096
8907,0.902144
8908,0.906240
8909,0.908288
8910,0.906240
8911,0.908288
8912,0.909312
8913,0.891904
8914,0.909312
8915,0.933888
8916,0.909312
8917,0.904192
8918,0.948224
8919,0.929792
8920,0.904192
8921,0.922624
8922,0.951296
8923,0.962560
8924,0.924672
8925,0.897024
8926,0.898048
8927,0.884736
8928,0.851968
8929,0.817152
8930,0.878592
8931,0.899072
8932,0.873472
8933,0.909312
8934,0.904192
8935,0.892928
8936,0.946176
8937,0.893952
8938,0.918528
8939,0.896000
8940,0.879616
8941,0.916480
8942,0.914432
8943,0.951296
8944,0.916480
8945,0.915456
8946,0.916480
8947,0.852992
8948,0.901120
8949,0.897024
8950,0.934912
8951,0.889856
8952,0.901120
8953,0.955392
8954,0.935936
8955,0.913408
8956,0.896000
8957,0.937984
8958,0.942080
8959,0.950272
8960,0.918528
8961,0.920576
8962,0.906240
8963,0.935936
8964,0.838656
8965,0.884736
8966,0.940032
8967,0.916480
8968,0.909312
8969,0.945152
8970,0.949248
8971,0.914432
8972,0.942080
8973,0.902144
8974,0.943104
8975,0.916480
8976,0.927744
8977,0.863232
8978,0.927744
8979,0.898048
8980,0.970752
8981,0.904192
8982,0.951296
8983,0.858112
8984,0.877568
8985,0.870400
8986,0.905216
8987,0.887808
8988,0.924672
8989,0.911360
8990,0.926720
8991,0.940032
8992,0.911360
8993,0.901120
8994,0.912384
8995,0.884736
8996,0.897024
8997,0.868352
8998,0.880640
8999,0.913408
9000,0.900096
9001,0.891904
9002,0.850944
9003,0.841728
9004,0.926720
9005,0.875520
9006,0.964608
9007,0.867328
9008,0.903168
9009,0.945152
9010,0.891904
9011,0.924672
9012,0.939008
9013,0.882688
9014,0.929792
9015,0.897024
9016,0.928768
9017,0.907264
9018,0.949248
9019,0.888832
9020,0.921600
9021,0.930816
9022,0.890880
9023,0.916480
9024,0.930816
9025,0.904192
9026,0.923648
9027,0.930816
9028,0.885760
9029,0.648192
9030,0.925696
9031,0.913408
9032,0.923648
9033,0.921600
9034,0.898048
9035,0.838656
9036,0.835584
9037,0.909312
9038,0.899072
9039,0.927744
9040,0.921600
9041,0.873472
9042,0.939008
9043,0.866304
9044,0.928768
9045,0.933888
9046,0.876544
9047,0.905216
9048,0.921600
9049,0.928768
9050,0.882688
9051,0.898048
9052,0.907264
9053,0.927744
9054,0.911360
9055,0.931840
9056,0.937984
9057,0.942080
9058,0.880640
9059,0.933888
9060,0.939008
9061,0.912384
9062,0.901120
9063,0.953344
9064,0.944128
9065,0.977920
9066,0.970752
9067,0.917504
9068,0.865280
9069,0.885760
9070,0.956416
9071,0.955392
9072,0.931840
9073,0.897024
9074,0.907264
9075,0.949248
9076,0.896000
9077,0.951296
9078,0.903168
9079,0.906240
9080,0.930816
9081,0.931840
9082,0.935936
9083,0.924672
9084,0.971776
9085,0.943104
9086,0.874496
9087,0.926720
9088,0.928768
9089,0.921600
9090,0.908288
9091,0.944128
9092,0.912384
9093,0.910336
9094,0.509952
9095,0.811008
9096,0.961536
9097,0.931840
9098,0.882688
9099,0.943104
9100,0.907264
9101,0.985088
9102,0.882688
9103,0.933888
9104,0.948224
9105,0.931840
9106,0.934912
9107,0.936960
9108,1.107968
9109,0.769024
9110,0.908288
9111,0.947200
9112,0.929792
9113,0.931840
9114,0.933888
9115,0.923648
9116,0.920576
9117,0.924672
9118,0.892928
9119,0.929792
9120,0.944128
9121,0.894976
9122,0.946176
9123,0.952320
9124,0.930816
9125,0.869376
9126,0.778240
9127,0.857088
9128,0.877568
9129,0.919552
9130,0.921600
9131,0.910336
9132,0.875520
9133,0.911360
9134,0.910336
9135,0.928768
9136,0.996352
9137,0.917504
9138,0.916480
9139,0.932864
9140,0.914432
9141,0.929792
9142,0.927744
9143,0.904192
9144,0.966656
9145,0.918528
9146,0.934912
9147,0.969728
9148,0.920576
9149,0.941056
9150,0.875520
9151,0.879616
9152,0.939008
9153,0.899072
9154,0.926720
9155,0.917504
9156,0.919552
9157,0.908288
9158,0.752640
9159,0.875520
9160,0.925696
9161,0.939008
9162,0.849920
9163,0.920576
9164,0.910336
9165,0.743424
9166,1.029120
9167,0.936960
9168,0.865280
9169,0.902144
9170,0.874496
9171,0.902144
9172,0.879616
9173,0.931840
9174,0.949248
9175,0.906240
9176,0.906240
9177,0.952320
9178,0.864256
9179,0.909312
9180,0.888832
9181,0.913408
9182,0.897024
9183,0.908288
9184,0.909312
9185,0.872448
9186,0.952320
9187,0.906240
9188,0.850944
9189,0.881664
9190,0.931840
9191,0.879616
9192,0.912384
9193,0.913408
9194,0.914432
9195,0.933888
9196,0.861184
9197,0.916480
9198,0.925696
9199,0.856064
9200,0.888832
9201,0.827392
9202,0.900096
9203,0.901120
9204,0.879616
9205,0.890880
9206,0.945152
9207,0.896000
9208,0.913408
9209,0.882688
9210,0.920576
9211,0.942080
9212,0.927744
9213,0.976896
9214,0.906240
9215,0.943104
9216,0.945152
9217,0.881664
9218,0.976896
9219,0.896000
9220,0.912384
9221,0.937984
9222,0.864256
9223,0.668672
9224,0.572416
9225,0.366592
9226,0.309248
9227,0.195584
9228,0.193536
9229,0.193536
9230,0.196608
9231,0.193536
9232,0.190464
9233,0.183296
9234,0.180224
9235,0.185344
9236,0.181248
9237,0.885760
9238,0.926720
9239,0.946176
9240,0.944128
9241,0.924672
9242,0.932864
9243,0.922624
9244,1.101824
9245,0.900096
9246,0.937984
9247,0.889856
9248,0.930816
9249,0.932864
9250,0.898048
9251,0.927744
9252,0.850944
9253,0.916480
9254,0.934912
9255,0.944128
9256,0.871424
9257,0.924672
9258,0.915456
9259,0.867328
9260,0.931840
9261,0.878592
9262,0.958464
9263,0.876544
9264,0.921600
9265,0.892928
9266,0.943104
9267,0.886784
9268,0.890880
9269,0.877568
9270,0.932864
9271,0.913408
9272,0.909312
9273,0.933888
9274,0.869376
9275,0.868352
9276,0.911360
9277,0.917504
9278,0.874496
9279,0.894976
9280,0.841728
9281,0.887808
9282,0.866304
9283,0.882688
9284,0.872448
9285,0.896000
9286,0.918528
9287,0.897024
9288,0.960512
9289,0.904192
9290,0.903168
9291,0.887808
9292,0.894976
9293,0.991232
9294,0.910336
9295,0.964608
9296,0.928768
9297,0.928768
9298,0.911360
9299,0.914432
9300,0.918528
9301,0.819200
9302,0.495616
9303,0.310272
9304,0.223232
9305,0.212992
9306,0.215040
9307,0.828416
9308,0.965632
9309,0.928768
9310,0.891904
9311,0.923648
9312,0.831488
9313,0.893952
9314,0.904192
9315,0.932864
9316,0.917504
9317,0.894976
9318,0.932864
9319,0.934912
9320,0.889856
9321,0.875520
9322,0.967680
9323,0.894976
9324,0.937984
9325,0.924672
9326,0.913408
9327,0.921600
9328,0.886784
9329,0.884736
9330,0.921600
9331,0.911360
9332,0.901120
9333,0.924672
9334,0.929792
9335,0.899072
9336,0.933888
9337,0.936960
9338,0.946176
9339,0.922624
9340,0.920576
9341,0.920576
9342,0.905216
9343,0.912384
9344,0.879616
9345,0.875520
9346,0.892928
9347,0.889856
9348,0.881664
9349,0.833536
9350,0.935936
9351,0.896000
9352,0.915456
9353,0.946176
9354,0.888832
9355,0.890880
9356,0.884736
9357,0.888832
9358,0.947200
9359,0.896000
9360,0.914432
9361,0.915456
9362,0.951296
9363,0.953344
9364,0.946176
9365,0.919552
9366,0.900096
9367,0.925696
9368,0.971776
9369,0.943104
9370,0.924672
9371,0.959488
9372,0.777216
9373,0.806912
9374,0.917504
9375,0.902144
9376,0.919552
9377,0.909312
9378,0.851968
9379,0.917504
9380,0.900096
9381,0.904192
9382,0.906240
9383,0.964608
9384,0.934912
9385,0.925696
9386,0.965632
9387,0.922624
9388,0.904192
9389,0.897024
9390,0.899072
9391,0.896000
9392,0.879616
9393,0.932864
9394,0.901120
9395,0.923648
9396,0.906240
9397,0.923648
9398,0.878592
9399,0.912384
9400,0.928768
9401,0.932864
9402,0.831488
9403,0.886784
9404,0.859136
9405,0.907264
9406,0.872448
9407,0.871424
9408,0.811008
9409,0.858112
9410,0.914432
9411,0.880640
9412,0.880640
9413,0.925696
9414,0.931840
9415,1.052672
9416,0.935936
9417,0.930816
9418,0.900096
9419,0.946176
9420,0.922624
9421,0.916480
9422,0.901120
9423,0.900096
9424,0.958464
9425,0.871424
9426,0.832512
9427,0.888832
9428,0.947200
9429,0.915456
9430,0.921600
9431,0.852992
9432,0.873472
9433,0.923648
9434,0.928768
9435,0.931840
9436,0.858112
9437,0.820224
9438,0.698368
9439,0.578560
9440,0.854016
9441,0.904192
9442,0.878592
9443,0.894976
9444,0.925696
9445,0.930816
9446,0.884736
9447,0.926720
9448,0.863232
9449,0.900096
9450,0.862208
9451,0.898048
9452,0.940032
9453,0.898048
9454,0.935936
9455,0.914432
9456,0.902144
9457,0.913408
9458,0.906240
9459,0.888832
9460,0.899072
9461,0.945152
9462,0.896000
9463,0.906240
9464,0.905216
9465,0.866304
9466,0.902144
9467,0.950272
9468,0.888832
9469,0.931840
9470,0.882688
9471,0.945152
9472,0.902144
9473,0.894976
9474,0.917504
9475,0.880640
9476,0.946176
9477,0.922624
9478,0.908288
9479,0.943104
9480,0.873472
9481,0.905216
9482,0.907264
9483,0.945152
9484,0.861184
9485,0.845824
9486,0.911360
9487,0.861184
9488,0.939008
9489,0.897024
9490,0.886784
9491,0.920576
9492,0.868352
9493,0.943104
9494,0.851968
9495,0.850944
9496,0.900096
9497,0.955392
9498,0.917504
9499,0.948224
9500,0.898048
9501,0.927744
9502,1.010688
9503,0.787456
9504,0.687104
9505,0.484352
9506,0.366592
9507,0.344064
9508,0.388096
9509,0.372736
9510,0.324608
9511,0.355328
9512,0.263168
9513,0.922624
9514,0.892928
9515,0.936960
9516,0.918528
9517,0.893952
9518,0.915456
9519,0.921600
9520,0.906240
9521,0.892928
9522,0.877568
9523,0.967680
9524,0.882688
9525,0.909312
9526,0.912384
9527,0.861184
9528,0.922624
9529,0.930816
9530,0.919552
9531,0.917504
9532,0.860160
9533,0.928768
9534,0.880640
9535,0.894976
9536,0.923648
9537,0.921600
9538,0.896000
9539,0.919552
9540,0.843776
9541,0.925696
9542,0.884736
9543,0.848896
9544,0.916480
9545,0.833536
9546,0.886784
9547,0.939008
9548,0.945152
9549,0.893952
9550,0.902144
9551,0.911360
9552,0.848896
9553,0.883712
9554,0.907264
9555,0.885760
9556,0.952320
9557,0.900096
9558,0.969728
9559,0.846848
9560,0.939008
9561,0.929792
9562,0.887808
9563,0.876544
9564,0.909312
9565,0.898048
9566,0.887808
9567,0.866304
9568,0.912384
9569,0.914432
9570,0.890880
9571,0.871424
9572,0.917504
9573,0.931840
9574,0.899072
9575,0.924672
9576,0.929792
9577,0.805888
9578,0.762880
9579,0.877568
9580,0.902144
9581,0.884736
9582,0.937984
9583,0.893952
9584,0.871424
9585,0.869376
9586,0.827392
9587,0.858112
9588,0.919552
9589,0.955392
9590,0.892928
9591,0.879616
9592,0.931840
9593,0.926720
9594,0.946176
9595,0.862208
9596,0.862208
9597,0.909312
9598,0.884736
9599,0.929792
9600,0.865280
9601,0.926720
9602,0.861184
9603,0.901120
9604,0.881664
9605,0.880640
9606,0.844800
9607,0.834560
9608,0.802816
9609,0.856064
9610,1.061888
9611,0.795648
9612,0.740352
9613,0.864256
9614,0.882688
9615,0.871424
9616,0.887808
9617,0.911360
9618,0.872448
9619,0.909312
9620,0.930816
9621,0.905216
9622,0.906240
9623,0.920576
9624,0.939008
9625,0.898048
9626,0.832512
9627,0.888832
9628,0.913408
9629,0.932864
9630,0.873472
9631,0.932864
9632,0.909312
9633,0.905216
9634,0.882688
9635,0.883712
9636,0.912384
9637,0.940032
9638,0.890880
9639,0.862208
9640,0.906240
9641,0.862208
9642,0.893952
9643,0.799744
9644,0.535552
9645,0.697344
9646,0.909312
9647,0.926720
9648,0.885760
9649,0.900096
9650,0.878592
9651,0.901120
9652,0.923648
9653,0.893952
9654,0.901120
9655,0.857088
9656,0.898048
9657,0.916480
9658,0.929792
9659,0.887808
9660,0.875520
9661,0.865280
9662,2.386944
9663,2.490368
9664,0.716800
9665,0.798720
9666,0.848896
9667,0.835584
9668,0.878592
9669,0.874496
9670,0.859136
9671,0.898048
9672,0.889856
9673,0.883712
9674,0.878592
9675,0.850944
9676,0.894976
9677,0.869376
9678,0.872448
9679,0.936960
9680,0.919552
9681,0.931840
9682,0.894976
9683,0.882688
9684,0.904192
9685,0.933888
9686,0.829440
9687,0.910336
9688,0.929792
9689,0.896000
9690,0.934912
9691,0.867328
9692,0.923648
9693,0.880640
9694,0.867328
9695,0.910336
9696,0.829440
9697,0.869376
9698,0.926720
9699,0.880640
9700,0.950272
9701,0.833536
9702,0.878592
9703,0.926720
9704,0.869376
9705,0.599040
9706,1.908736
9707,0.763904
9708,0.915456
9709,0.821248
9710,0.875520
9711,0.878592
9712,0.910336
9713,0.908288
9714,2.008064
9715,0.880640
9716,3.414016
9717,0.879616
9718,0.868352
9719,0.912384
9720,0.883712
9721,0.896000
9722,0.890880
9723,0.893952
9724,0.901120
9725,0.898048
9726,0.946176
9727,0.920576
9728,0.826368
9729,0.871424
9730,0.842752
9731,0.817152
9732,0.863232
9733,0.830464
9734,0.885760
9735,0.878592
9736,0.864256
9737,0.877568
9738,0.917504
9739,0.893952
9740,0.896000
9741,0.848896
9742,0.842752
9743,0.912384
9744,0.883712
9745,0.904192
9746,0.917504
9747,0.921600
9748,0.887808
9749,0.956416
9750,0.892928
9751,0.883712
9752,0.885760
9753,0.891904
9754,0.920576
9755,0.873472
9756,0.962560
9757,0.949248
9758,0.789504
9759,0.580608
9760,0.809984
9761,0.833536
9762,0.864256
9763,0.915456
9764,0.929792
9765,0.874496
9766,0.890880
9767,0.947200
9768,0.608256
9769,0.525312
9770,0.881664
9771,0.914432
9772,0.840704
9773,0.890880
9774,0.916480
9775,0.876544
9776,0.863232
9777,0.910336
9778,0.900096
9779,0.859136
9780,0.921600
9781,0.874496
9782,0.931840
9783,0.894976
9784,0.878592
9785,0.877568
9786,0.918528
9787,0.945152
9788,0.841728
9789,0.901120
9790,0.889856
9791,0.905216
9792,0.851968
9793,0.888832
9794,0.871424
9795,0.918528
9796,0.892928
9797,0.887808
9798,0.955392
9799,0.892928
9800,0.897024
9801,0.886784
9802,0.890880
9803,0.865280
9804,0.881664
9805,0.927744
9806,0.906240
9807,0.894976
9808,0.882688
9809,0.925696
9810,0.937984
9811,0.908288
9812,0.870400
9813,0.900096
9814,0.885760
9815,0.898048
9816,0.852992
9817,0.898048
9818,0.905216
9819,0.925696
9820,0.919552
9821,0.843776
9822,0.888832
9823,0.874496
9824,0.892928
9825,0.935936
9826,0.849920
9827,0.890880
9828,0.908288
9829,0.900096
9830,0.843776
9831,0.943104
9832,0.817152
9833,0.818176
9834,0.879616
9835,0.838656
9836,0.829440
9837,0.631808
9838,0.475136
9839,0.856064
9840,0.911360
9841,0.873472
9842,0.888832
9843,0.898048
9844,0.887808
9845,0.881664
9846,0.814080
9847,0.791552
9848,0.878592
9849,0.875520
9850,0.866304
9851,0.884736
9852,0.880640
9853,0.887808
9854,0.866304
9855,0.858112
9856,0.844800
9857,1.065984
9858,0.795648
9859,0.741376
9860,0.884736
9861,0.918528
9862,0.898048
9863,0.878592
9864,0.841728
9865,0.882688
9866,0.831488
9867,0.831488
9868,0.877568
9869,0.925696
9870,0.881664
9871,0.856064
9872,0.927744
9873,0.885760
9874,0.912384
9875,0.869376
9876,0.891904
9877,0.889856
9878,0.865280
9879,0.875520
9880,0.894976
9881,0.922624
9882,0.870400
9883,0.916480
9884,0.885760
9885,0.844800
9886,0.883712
9887,0.899072
9888,0.888832
9889,0.892928
9890,0.891904
9891,0.905216
9892,0.900096
9893,0.911360
9894,0.882688
9895,0.935936
9896,0.920576
9897,0.935936
9898,0.913408
9899,0.943104
9900,0.910336
9901,0.891904
9902,0.905216
9903,0.922624
9904,0.869376
9905,0.830464
9906,0.589824
9907,0.507904
9908,0.540672
9909,0.494592
9910,0.471040
9911,0.491520
9912,0.416768
9913,0.778240
9914,0.903168
9915,0.878592
9916,0.912384
9917,0.898048
9918,0.928768
9919,0.919552
9920,0.885760
9921,0.900096
9922,0.914432
9923,0.929792
9924,0.896000
9925,0.901120
9926,0.890880
9927,0.914432
9928,0.892928
9929,0.909312
9930,0.880640
9931,0.899072
9932,0.984064
9933,1.089536
9934,0.286720
9935,0.893952
9936,0.882688
9937,0.872448
9938,0.864256
9939,0.917504
9940,0.933888
9941,0.892928
9942,0.872448
9943,0.847872
9944,0.890880
9945,0.881664
9946,0.887808
9947,0.924672
9948,0.813056
9949,0.873472
9950,0.912384
9951,0.864256
9952,0.862208
9953,0.842752
9954,0.876544
9955,0.876544
9956,0.910336
9957,0.866304
9958,0.880640
9959,0.852992
9960,0.927744
9961,0.829440
9962,0.909312
9963,0.926720
9964,0.920576
9965,0.882688
9966,0.906240
9967,0.899072
9968,0.914432
9969,0.912384
9970,0.947200
9971,0.883712
9972,0.920576
9973,0.925696
9974,0.914432
9975,0.897024
9976,0.906240
9977,0.885760
9978,0.896000
9979,0.975872
9980,0.879616
9981,0.622592
9982,0.479232
9983,0.438272
9984,0.753664
9985,0.883712
9986,0.907264
9987,0.897024
9988,0.878592
9989,0.899072
9990,0.965632
9991,0.879616
9992,0.946176
9993,0.883712
9994,0.900096
9995,0.917504
9996,0.909312
9997,0.857088
9998,0.868352
9999,0.852992
