iter,ms
0,0.321536
1,0.385024
2,0.414720
3,0.362496
4,0.418816
5,0.363520
6,0.340992
7,0.375808
8,0.368640
9,0.402432
10,0.419840
11,0.409600
12,0.374784
13,0.430080
14,0.380928
15,0.422912
16,0.375808
17,0.407552
18,0.429056
19,0.416768
20,0.386048
21,0.398336
22,0.425984
23,0.368640
24,0.310272
25,0.204800
26,0.289792
27,0.403456
28,0.403456
29,0.412672
30,0.439296
31,0.365568
32,0.394240
33,0.411648
34,0.328704
35,0.324608
36,0.420864
37,0.427008
38,0.427008
39,0.439296
40,0.437248
41,0.427008
42,0.489472
43,0.471040
44,0.484352
45,0.523264
46,0.430080
47,0.498688
48,0.436224
49,0.439296
50,0.530432
51,0.436224
52,0.522240
53,0.508928
54,0.543744
55,0.539648
56,0.524288
57,0.496640
58,0.526336
59,0.512000
60,0.550912
61,0.540672
62,0.541696
63,0.549888
64,0.557056
65,0.547840
66,0.517120
67,0.568320
68,0.547840
69,0.535552
70,0.533504
71,0.538624
72,0.531456
73,0.540672
74,0.310272
75,0.539648
76,0.596992
77,0.573440
78,0.567296
79,0.571392
80,0.564224
81,0.608256
82,0.659456
83,0.565248
84,0.531456
85,0.689152
86,0.650240
87,0.615424
88,0.630784
89,0.662528
90,0.651264
91,0.648192
92,0.627712
93,0.654336
94,0.582656
95,0.646144
96,0.623616
97,0.692224
98,0.645120
99,0.660480
100,0.629760
101,0.653312
102,0.681984
103,0.669696
104,0.617472
105,0.734208
106,0.738304
107,0.673792
108,0.739328
109,0.710656
110,0.675840
111,0.730112
112,0.700416
113,0.717824
114,0.702464
115,0.614400
116,0.596992
117,0.710656
118,0.706560
119,0.713728
120,0.732160
121,0.734208
122,0.713728
123,0.723968
124,0.656384
125,0.669696
126,0.691200
127,0.681984
128,0.672768
129,0.702464
130,0.718848
131,0.738304
132,0.669696
133,0.730112
134,0.723968
135,0.727040
136,0.730112
137,0.739328
138,0.726016
139,0.692224
140,0.692224
141,0.738304
142,0.724992
143,0.746496
144,0.726016
145,0.726016
146,0.744448
147,0.718848
148,0.715776
149,0.728064
150,0.721920
151,0.739328
152,0.776192
153,0.749568
154,0.734208
155,0.720896
156,0.702464
157,0.703488
158,0.706560
159,0.691200
160,0.729088
161,0.724992
162,0.696320
163,0.713728
164,0.728064
165,0.720896
166,0.704512
167,0.739328
168,0.832512
169,0.728064
170,0.891904
171,0.486400
172,0.768000
173,0.719872
174,0.741376
175,0.783360
176,0.728064
177,0.734208
178,0.735232
179,0.769024
180,0.717824
181,0.705536
182,0.718848
183,0.777216
184,0.745472
185,0.570368
186,0.629760
187,0.782336
188,0.815104
189,0.770048
190,0.774144
191,0.812032
192,0.779264
193,0.775168
194,0.857088
195,0.834560
196,0.717824
197,0.618496
198,0.518144
199,0.413696
200,0.686080
201,0.348160
202,0.773120
203,0.802816
204,0.372736
205,0.684032
206,0.771072
207,0.861184
208,0.801792
209,0.803840
210,0.750592
211,0.794624
212,0.816128
213,0.801792
214,0.796672
215,0.796672
216,0.866304
217,0.783360
218,0.832512
219,0.816128
220,0.807936
221,0.819200
222,0.813056
223,0.887808
224,0.850944
225,0.815104
226,0.845824
227,0.852992
228,0.813056
229,0.818176
230,0.835584
231,0.790528
232,0.806912
233,0.799744
234,0.824320
235,0.833536
236,0.756736
237,0.875520
238,0.775168
239,0.815104
240,0.867328
241,0.786432
242,0.819200
243,0.804864
244,0.806912
245,0.800768
246,0.764928
247,0.803840
248,0.780288
249,0.441344
250,0.820224
251,0.789504
252,0.841728
253,0.849920
254,0.781312
255,0.855040
256,0.838656
257,0.793600
258,0.831488
259,0.846848
260,0.833536
261,0.845824
262,0.819200
263,0.782336
264,0.846848
265,0.835584
266,0.882688
267,0.851968
268,0.804864
269,0.835584
270,0.797696
271,0.617472
272,0.862208
273,0.849920
274,0.826368
275,0.876544
276,0.873472
277,0.855040
278,0.820224
279,0.812032
280,0.872448
281,0.848896
282,0.819200
283,0.834560
284,0.823296
285,0.797696
286,0.890880
287,0.852992
288,0.828416
289,0.840704
290,0.845824
291,0.870400
292,0.813056
293,0.852992
294,0.855040
295,0.844800
296,0.879616
297,0.844800
298,0.848896
299,0.894976
300,0.920576
301,0.861184
302,0.870400
303,0.849920
304,0.903168
305,0.901120
306,0.863232
307,0.892928
308,0.860160
309,0.819200
310,0.870400
311,0.885760
312,0.907264
313,0.889856
314,0.917504
315,0.867328
316,0.826368
317,0.929792
318,0.813056
319,0.615424
320,0.925696
321,0.852992
322,0.875520
323,0.858112
324,0.871424
325,0.920576
326,0.824320
327,0.916480
328,0.842752
329,0.878592
330,0.868352
331,0.862208
332,0.920576
333,0.925696
334,0.960512
335,0.909312
336,0.870400
337,0.856064
338,0.726016
339,0.665600
340,0.581632
341,0.491520
342,0.505856
343,0.510976
344,0.461824
345,0.714752
346,0.871424
347,0.905216
348,0.914432
349,0.935936
350,0.905216
351,0.910336
352,0.914432
353,0.915456
354,0.915456
355,0.872448
356,0.842752
357,0.883712
358,0.865280
359,0.858112
360,0.900096
361,0.927744
362,0.889856
363,0.888832
364,0.879616
365,0.955392
366,0.866304
367,0.917504
368,0.888832
369,0.925696
370,0.915456
371,0.928768
372,0.916480
373,0.883712
374,0.887808
375,0.889856
376,0.905216
377,0.916480
378,0.921600
379,0.871424
380,0.876544
381,0.902144
382,0.900096
383,0.887808
384,0.868352
385,0.907264
386,0.910336
387,0.898048
388,0.861184
389,0.880640
390,0.876544
391,0.929792
392,0.888832
393,0.920576
394,0.907264
395,0.906240
396,0.888832
397,0.869376
398,0.903168
399,0.906240
400,0.888832
401,0.932864
402,0.927744
403,0.906240
404,0.864256
405,0.870400
406,0.877568
407,0.947200
408,0.903168
409,0.861184
410,0.570368
411,0.798720
412,0.905216
413,0.860160
414,0.845824
415,0.832512
416,0.884736
417,0.891904
418,0.890880
419,0.911360
420,0.919552
421,0.902144
422,0.877568
423,0.850944
424,0.896000
425,0.876544
426,0.887808
427,0.877568
428,0.961536
429,0.786432
430,0.875520
431,0.909312
432,0.880640
433,0.929792
434,0.893952
435,0.903168
436,0.914432
437,0.901120
438,0.910336
439,0.947200
440,0.904192
441,0.907264
442,0.917504
443,0.891904
444,0.898048
445,0.858112
446,0.797696
447,0.859136
448,0.910336
449,0.894976
450,0.904192
451,0.952320
452,0.940032
453,0.905216
454,0.897024
455,0.948224
456,0.934912
457,0.946176
458,0.917504
459,0.915456
460,0.960512
461,0.947200
462,0.916480
463,0.894976
464,0.934912
465,0.928768
466,0.940032
467,0.954368
468,0.946176
469,0.966656
470,0.954368
471,0.934912
472,0.901120
473,0.923648
474,0.920576
475,0.800768
476,0.630784
477,0.505856
478,0.438272
479,0.402432
480,0.374784
481,0.412672
482,0.391168
483,0.346112
484,0.308224
485,0.659456
486,0.700416
487,0.687104
488,0.871424
489,1.097728
490,0.883712
491,0.870400
492,0.924672
493,0.904192
494,0.910336
495,0.943104
496,0.886784
497,0.903168
498,0.937984
499,0.918528
500,0.909312
501,0.905216
502,0.885760
503,0.846848
504,0.884736
505,0.881664
506,0.847872
507,0.891904
508,0.898048
509,0.859136
510,0.904192
511,0.902144
512,0.933888
513,0.878592
514,0.967680
515,0.887808
516,0.917504
517,0.937984
518,0.940032
519,0.937984
520,0.899072
521,0.941056
522,0.904192
523,0.901120
524,0.979968
525,0.916480
526,0.896000
527,0.959488
528,0.912384
529,0.911360
530,0.923648
531,0.848896
532,0.917504
533,0.922624
534,0.917504
535,0.935936
536,0.927744
537,0.901120
538,0.877568
539,0.882688
540,0.899072
541,0.872448
542,0.956416
543,0.917504
544,0.927744
545,0.883712
546,0.927744
547,0.953344
548,0.982016
549,0.900096
550,0.717824
551,0.638976
552,0.558080
553,0.444416
554,0.464896
555,0.350208
556,0.222208
557,0.211968
558,0.218112
559,0.166912
560,0.155648
561,0.155648
562,0.156672
563,0.153600
564,0.153600
565,0.835584
566,0.884736
567,0.982016
568,0.976896
569,0.939008
570,0.907264
571,0.940032
572,0.919552
573,0.910336
574,0.997376
575,0.794624
576,0.982016
577,0.929792
578,0.940032
579,0.934912
580,0.922624
581,0.883712
582,0.971776
583,0.907264
584,0.917504
585,0.860160
586,0.999424
587,0.912384
588,0.959488
589,0.899072
590,0.915456
591,0.920576
592,0.948224
593,0.961536
594,0.888832
595,0.946176
596,0.924672
597,0.935936
598,0.940032
599,0.905216
600,0.910336
601,0.860160
602,0.881664
603,0.855040
604,0.871424
605,0.877568
606,0.887808
607,0.912384
608,0.901120
609,0.908288
610,0.962560
611,0.925696
612,0.909312
613,0.956416
614,0.941056
615,0.881664
616,0.937984
617,0.932864
618,0.958464
619,0.898048
620,0.891904
621,0.937984
622,0.908288
623,0.901120
624,0.959488
625,0.966656
626,0.931840
627,0.893952
628,0.916480
629,0.747520
630,0.672768
631,0.912384
632,0.922624
633,0.922624
634,0.953344
635,0.890880
636,0.863232
637,0.878592
638,0.900096
639,0.878592
640,0.862208
641,0.932864
642,0.886784
643,0.917504
644,0.915456
645,0.884736
646,0.920576
647,1.045504
648,0.906240
649,0.943104
650,0.906240
651,0.923648
652,0.932864
653,0.878592
654,0.909312
655,0.913408
656,0.912384
657,0.908288
658,0.950272
659,0.905216
660,0.948224
661,0.886784
662,0.923648
663,0.898048
664,0.915456
665,0.901120
666,0.923648
667,0.963584
668,0.883712
669,0.934912
670,0.921600
671,0.940032
672,0.941056
673,0.922624
674,0.893952
675,0.932864
676,0.902144
677,0.972800
678,0.914432
679,0.913408
680,0.870400
681,0.919552
682,0.851968
683,0.804864
684,0.887808
685,0.898048
686,0.940032
687,0.933888
688,0.949248
689,0.857088
690,0.919552
691,0.943104
692,0.908288
693,0.912384
694,0.901120
695,0.662528
696,0.951296
697,0.972800
698,0.890880
699,0.930816
700,0.889856
701,0.916480
702,0.956416
703,0.909312
704,0.937984
705,0.920576
706,0.915456
707,0.869376
708,0.912384
709,0.893952
710,0.888832
711,0.913408
712,0.893952
713,0.880640
714,0.835584
715,0.797696
716,0.939008
717,0.881664
718,0.906240
719,0.896000
720,0.921600
721,0.899072
722,0.972800
723,0.863232
724,0.909312
725,0.891904
726,0.963584
727,0.899072
728,0.897024
729,0.941056
730,0.925696
731,0.872448
732,0.931840
733,0.925696
734,0.950272
735,0.933888
736,0.950272
737,0.890880
738,0.933888
739,0.961536
740,0.959488
741,0.894976
742,0.960512
743,0.908288
744,0.906240
745,0.915456
746,0.924672
747,0.914432
748,0.922624
749,0.916480
750,0.969728
751,0.948224
752,0.926720
753,0.933888
754,0.903168
755,0.924672
756,0.920576
757,0.918528
758,0.906240
759,0.684032
760,0.493568
761,0.351232
762,0.328704
763,0.860160
764,0.934912
765,0.908288
766,0.916480
767,0.877568
768,0.893952
769,0.956416
770,0.860160
771,0.902144
772,0.923648
773,0.884736
774,0.921600
775,0.929792
776,0.893952
777,0.939008
778,0.885760
779,0.923648
780,0.901120
781,0.874496
782,0.903168
783,0.858112
784,0.915456
785,0.880640
786,0.942080
787,0.922624
788,0.936960
789,0.925696
790,0.900096
791,0.880640
792,0.902144
793,0.941056
794,0.897024
795,0.906240
796,0.922624
797,0.898048
798,0.893952
799,0.904192
800,0.921600
801,0.849920
802,0.844800
803,0.840704
804,0.906240
805,0.892928
806,0.939008
807,0.872448
808,0.939008
809,0.867328
810,0.939008
811,0.916480
812,0.920576
813,0.924672
814,0.902144
815,0.906240
816,0.854016
817,0.924672
818,0.922624
819,0.905216
820,0.982016
821,0.909312
822,0.861184
823,0.894976
824,0.923648
825,0.926720
826,0.930816
827,0.833536
828,0.549888
829,0.431104
830,0.313344
831,0.303104
832,0.280576
833,0.260096
834,0.248832
835,0.248832
836,0.224256
837,0.210944
838,0.210944
839,0.211968
840,0.187392
841,0.851968
842,0.914432
843,0.912384
844,0.889856
845,0.933888
846,0.863232
847,0.909312
848,0.968704
849,0.931840
850,0.922624
851,0.918528
852,0.902144
853,0.875520
854,0.911360
855,0.941056
856,0.910336
857,0.928768
858,0.914432
859,0.901120
860,0.910336
861,0.881664
862,0.904192
863,0.932864
864,0.892928
865,0.955392
866,0.884736
867,0.846848
868,0.871424
869,0.798720
870,0.899072
871,0.908288
872,0.876544
873,0.904192
874,0.894976
875,0.894976
876,0.888832
877,0.893952
878,0.911360
879,0.868352
880,0.879616
881,0.933888
882,0.876544
883,0.939008
884,0.950272
885,0.937984
886,0.929792
887,0.943104
888,0.893952
889,0.840704
890,0.917504
891,0.887808
892,0.928768
893,0.916480
894,0.931840
895,0.940032
896,0.940032
897,0.903168
898,0.931840
899,0.921600
900,0.977920
901,0.941056
902,0.933888
903,0.931840
904,0.553984
905,0.874496
906,0.533504
907,0.515072
908,0.299008
909,0.283648
910,0.275456
911,0.835584
912,0.949248
913,0.929792
914,0.965632
915,0.928768
916,0.912384
917,0.887808
918,0.873472
919,0.908288
920,0.948224
921,0.919552
922,0.912384
923,0.937984
924,0.929792
925,0.899072
926,0.926720
927,0.948224
928,0.919552
929,0.889856
930,0.924672
931,0.942080
932,0.910336
933,0.890880
934,0.832512
935,0.825344
936,0.815104
937,0.882688
938,0.934912
939,0.907264
940,0.947200
941,0.926720
942,0.844800
943,0.934912
944,0.929792
945,0.936960
946,0.937984
947,0.904192
948,0.917504
949,0.885760
950,0.943104
951,0.955392
952,0.848896
953,0.916480
954,0.933888
955,0.915456
956,0.907264
957,0.902144
958,0.891904
959,0.914432
960,0.945152
961,0.948224
962,0.877568
963,0.926720
964,0.906240
965,0.985088
966,0.923648
967,0.897024
968,0.963584
969,0.892928
970,0.913408
971,0.902144
972,0.948224
973,0.968704
974,0.847872
975,0.635904
976,0.492544
977,0.474112
978,0.322560
979,0.310272
980,0.291840
981,0.256000
982,0.238592
983,0.252928
984,0.747520
985,0.978944
986,0.921600
987,0.891904
988,0.888832
989,0.908288
990,0.966656
991,0.912384
992,0.930816
993,0.940032
994,0.914432
995,0.915456
996,0.910336
997,0.950272
998,0.932864
999,0.872448
1000,0.967680
1001,0.897024
1002,0.918528
1003,0.860160
1004,0.889856
1005,0.896000
1006,0.885760
1007,0.894976
1008,0.828416
1009,0.804864
1010,0.870400
1011,0.908288
1012,0.838656
1013,0.854016
1014,0.906240
1015,0.873472
1016,0.918528
1017,0.864256
1018,0.900096
1019,0.903168
1020,0.925696
1021,0.921600
1022,0.869376
1023,0.851968
1024,0.919552
1025,0.913408
1026,0.931840
1027,0.892928
1028,0.882688
1029,0.943104
1030,0.900096
1031,0.922624
1032,0.964608
1033,0.967680
1034,0.937984
1035,0.945152
1036,0.952320
1037,0.916480
1038,0.928768
1039,0.925696
1040,0.916480
1041,0.934912
1042,0.921600
1043,0.942080
1044,0.971776
1045,0.907264
1046,0.919552
1047,0.862208
1048,0.671744
1049,0.915456
1050,0.914432
1051,0.934912
1052,0.915456
1053,0.916480
1054,0.704512
1055,0.855040
1056,0.879616
1057,0.908288
1058,0.914432
1059,0.910336
1060,0.941056
1061,0.929792
1062,0.921600
1063,0.978944
1064,0.863232
1065,0.913408
1066,0.955392
1067,0.939008
1068,0.982016
1069,0.918528
1070,0.899072
1071,0.919552
1072,0.917504
1073,0.904192
1074,0.921600
1075,0.919552
1076,0.952320
1077,0.897024
1078,0.921600
1079,0.908288
1080,0.954368
1081,0.926720
1082,0.859136
1083,0.893952
1084,0.913408
1085,0.936960
1086,0.911360
1087,0.937984
1088,0.880640
1089,0.885760
1090,0.926720
1091,0.946176
1092,0.896000
1093,0.925696
1094,0.920576
1095,0.902144
1096,0.880640
1097,0.854016
1098,0.905216
1099,0.887808
1100,0.892928
1101,0.965632
1102,0.881664
1103,0.917504
1104,0.934912
1105,0.934912
1106,0.929792
1107,0.929792
1108,0.908288
1109,0.925696
1110,0.920576
1111,0.924672
1112,0.814080
1113,0.623616
1114,0.541696
1115,0.355328
1116,0.323584
1117,0.349184
1118,0.339968
1119,0.324608
1120,0.317440
1121,0.848896
1122,0.875520
1123,0.925696
1124,0.973824
1125,0.918528
1126,0.958464
1127,0.912384
1128,0.952320
1129,0.935936
1130,0.905216
1131,0.925696
1132,0.875520
1133,0.961536
1134,0.940032
1135,0.910336
1136,0.909312
1137,0.873472
1138,0.921600
1139,0.946176
1140,0.956416
1141,0.942080
1142,0.888832
1143,0.893952
1144,0.922624
1145,0.973824
1146,0.951296
1147,0.972800
1148,0.916480
1149,0.881664
1150,0.899072
1151,0.891904
1152,0.932864
1153,0.929792
1154,0.904192
1155,0.925696
1156,0.867328
1157,0.910336
1158,0.935936
1159,0.908288
1160,0.900096
1161,0.915456
1162,0.915456
1163,0.894976
1164,0.894976
1165,0.909312
1166,0.942080
1167,0.918528
1168,0.988160
1169,0.622592
1170,0.896000
1171,0.925696
1172,0.951296
1173,0.937984
1174,0.953344
1175,0.894976
1176,0.910336
1177,1.008640
1178,0.918528
1179,0.912384
1180,0.934912
1181,0.935936
1182,0.944128
1183,0.927744
1184,0.903168
1185,0.678912
1186,0.633856
1187,0.944128
1188,0.911360
1189,0.917504
1190,0.948224
1191,0.914432
1192,0.916480
1193,0.902144
1194,0.903168
1195,0.884736
1196,0.841728
1197,0.878592
1198,0.871424
1199,0.912384
1200,0.921600
1201,0.927744
1202,0.889856
1203,0.928768
1204,0.892928
1205,0.906240
1206,0.932864
1207,0.932864
1208,0.860160
1209,0.945152
1210,0.945152
1211,0.855040
1212,0.915456
1213,0.899072
1214,0.859136
1215,0.920576
1216,0.914432
1217,0.889856
1218,0.956416
1219,0.867328
1220,0.867328
1221,0.918528
1222,0.910336
1223,0.910336
1224,0.869376
1225,0.898048
1226,0.932864
1227,0.881664
1228,0.904192
1229,0.935936
1230,0.929792
1231,0.855040
1232,0.855040
1233,0.884736
1234,0.962560
1235,0.951296
1236,0.923648
1237,0.905216
1238,0.898048
1239,0.953344
1240,0.888832
1241,0.915456
1242,0.918528
1243,0.751616
1244,0.908288
1245,0.949248
1246,0.967680
1247,0.893952
1248,0.974848
1249,0.962560
1250,0.814080
1251,0.688128
1252,0.580608
1253,0.463872
1254,0.444416
1255,0.302080
1256,0.297984
1257,0.241664
1258,0.180224
1259,0.179200
1260,0.186368
1261,0.182272
1262,0.167936
1263,0.164864
1264,0.161792
1265,0.160768
1266,0.164864
1267,0.157696
1268,0.929792
1269,0.906240
1270,0.915456
1271,0.932864
1272,0.920576
1273,0.944128
1274,0.896000
1275,0.932864
1276,0.921600
1277,0.930816
1278,0.874496
1279,0.924672
1280,1.046528
1281,0.878592
1282,0.936960
1283,0.973824
1284,0.858112
1285,0.966656
1286,0.939008
1287,0.910336
1288,0.906240
1289,0.883712
1290,0.879616
1291,0.854016
1292,0.943104
1293,0.888832
1294,0.945152
1295,0.885760
1296,0.861184
1297,0.893952
1298,0.867328
1299,0.883712
1300,0.930816
1301,0.910336
1302,0.843776
1303,0.924672
1304,0.896000
1305,0.867328
1306,0.875520
1307,0.915456
1308,0.869376
1309,0.880640
1310,0.944128
1311,0.920576
1312,0.839680
1313,0.876544
1314,0.893952
1315,0.878592
1316,0.869376
1317,0.936960
1318,0.930816
1319,0.910336
1320,0.933888
1321,0.863232
1322,0.926720
1323,0.867328
1324,0.921600
1325,0.865280
1326,0.862208
1327,0.887808
1328,0.839680
1329,0.899072
1330,0.944128
1331,0.889856
1332,0.770048
1333,0.626688
1334,0.580608
1335,0.306176
1336,0.285696
1337,0.923648
1338,0.912384
1339,0.908288
1340,0.968704
1341,0.918528
1342,0.924672
1343,0.899072
1344,0.926720
1345,0.905216
1346,0.904192
1347,0.949248
1348,0.926720
1349,0.955392
1350,0.887808
1351,0.977920
1352,0.901120
1353,0.849920
1354,0.920576
1355,0.919552
1356,0.923648
1357,0.906240
1358,0.862208
1359,0.934912
1360,0.921600
1361,0.927744
1362,0.923648
1363,0.911360
1364,0.887808
1365,0.909312
1366,0.937984
1367,0.923648
1368,0.884736
1369,0.886784
1370,0.829440
1371,0.890880
1372,0.856064
1373,0.884736
1374,0.968704
1375,0.874496
1376,0.926720
1377,0.881664
1378,0.890880
1379,1.069056
1380,0.813056
1381,0.955392
1382,0.869376
1383,0.862208
1384,0.913408
1385,0.910336
1386,0.869376
1387,0.874496
1388,0.852992
1389,0.914432
1390,0.924672
1391,0.856064
1392,0.956416
1393,0.875520
1394,0.939008
1395,0.957440
1396,0.857088
1397,0.913408
1398,0.934912
1399,0.945152
1400,0.822272
1401,0.779264
1402,0.515072
1403,0.934912
1404,0.892928
1405,0.915456
1406,0.960512
1407,0.920576
1408,0.939008
1409,0.852992
1410,0.914432
1411,0.838656
1412,0.879616
1413,0.925696
1414,0.883712
1415,0.934912
1416,0.890880
1417,0.932864
1418,0.907264
1419,0.902144
1420,0.987136
1421,0.928768
1422,0.877568
1423,0.928768
1424,0.916480
1425,0.877568
1426,0.942080
1427,0.920576
1428,0.868352
1429,0.874496
1430,0.890880
1431,0.890880
1432,0.869376
1433,0.904192
1434,0.878592
1435,0.887808
1436,0.901120
1437,0.923648
1438,0.940032
1439,0.908288
1440,0.952320
1441,0.907264
1442,0.881664
1443,0.900096
1444,0.936960
1445,0.948224
1446,0.926720
1447,0.948224
1448,0.852992
1449,0.947200
1450,0.875520
1451,0.987136
1452,0.923648
1453,0.876544
1454,0.934912
1455,0.924672
1456,0.898048
1457,0.942080
1458,0.859136
1459,0.858112
1460,0.893952
1461,0.942080
1462,0.903168
1463,0.916480
1464,0.907264
1465,0.925696
1466,0.839680
1467,0.643072
1468,0.553984
1469,0.739328
1470,0.902144
1471,0.934912
1472,0.903168
1473,0.872448
1474,0.926720
1475,0.862208
1476,0.822272
1477,0.815104
1478,0.922624
1479,0.882688
1480,0.892928
1481,0.878592
1482,0.919552
1483,0.888832
1484,0.898048
1485,0.911360
1486,0.885760
1487,0.868352
1488,0.861184
1489,0.898048
1490,0.875520
1491,0.902144
1492,0.882688
1493,0.850944
1494,0.859136
1495,0.865280
1496,0.911360
1497,0.883712
1498,0.907264
1499,0.866304
1500,0.909312
1501,0.886784
1502,0.876544
1503,0.897024
1504,0.879616
1505,0.958464
1506,0.871424
1507,0.852992
1508,0.834560
1509,0.900096
1510,0.939008
1511,0.931840
1512,0.908288
1513,0.918528
1514,0.907264
1515,0.894976
1516,0.914432
1517,0.968704
1518,0.863232
1519,0.964608
1520,0.892928
1521,0.899072
1522,0.941056
1523,0.820224
1524,0.934912
1525,0.882688
1526,0.909312
1527,0.906240
1528,0.899072
1529,0.939008
1530,0.925696
1531,0.896000
1532,0.965632
1533,0.874496
1534,0.694272
1535,0.561152
1536,0.476160
1537,0.911360
1538,0.924672
1539,0.956416
1540,0.909312
1541,0.943104
1542,0.889856
1543,0.918528
1544,0.927744
1545,0.887808
1546,0.926720
1547,0.940032
1548,0.942080
1549,0.946176
1550,0.940032
1551,0.907264
1552,0.924672
1553,0.868352
1554,0.942080
1555,0.925696
1556,0.874496
1557,0.923648
1558,0.916480
1559,0.929792
1560,0.958464
1561,0.945152
1562,0.944128
1563,0.885760
1564,0.920576
1565,0.917504
1566,0.889856
1567,0.898048
1568,0.904192
1569,0.886784
1570,0.883712
1571,0.844800
1572,0.881664
1573,0.897024
1574,0.873472
1575,0.915456
1576,0.880640
1577,0.887808
1578,0.872448
1579,0.876544
1580,0.959488
1581,0.936960
1582,0.925696
1583,0.925696
1584,0.927744
1585,0.885760
1586,0.971776
1587,0.914432
1588,0.889856
1589,0.935936
1590,0.899072
1591,0.913408
1592,0.919552
1593,0.920576
1594,0.902144
1595,0.953344
1596,0.955392
1597,0.925696
1598,0.916480
1599,0.947200
1600,0.867328
1601,0.660480
1602,0.530432
1603,0.475136
1604,0.450560
1605,0.354304
1606,0.216064
1607,0.222208
1608,0.223232
1609,0.815104
1610,0.957440
1611,0.942080
1612,0.875520
1613,0.904192
1614,0.888832
1615,0.901120
1616,0.904192
1617,0.875520
1618,0.965632
1619,0.862208
1620,0.990208
1621,0.922624
1622,0.908288
1623,0.945152
1624,0.927744
1625,0.972800
1626,0.856064
1627,0.891904
1628,0.937984
1629,0.876544
1630,0.905216
1631,0.948224
1632,0.922624
1633,0.905216
1634,0.904192
1635,0.902144
1636,0.931840
1637,0.899072
1638,0.940032
1639,0.886784
1640,0.902144
1641,0.909312
1642,0.916480
1643,0.927744
1644,0.920576
1645,0.908288
1646,0.949248
1647,0.937984
1648,0.838656
1649,0.854016
1650,0.885760
1651,0.892928
1652,0.847872
1653,0.885760
1654,0.884736
1655,0.893952
1656,0.875520
1657,0.860160
1658,0.909312
1659,0.932864
1660,0.909312
1661,0.899072
1662,0.905216
1663,0.907264
1664,0.902144
1665,0.990208
1666,0.924672
1667,0.939008
1668,0.926720
1669,0.907264
1670,0.945152
1671,0.888832
1672,0.914432
1673,0.701440
1674,0.574464
1675,0.555008
1676,0.447488
1677,0.349184
1678,0.328704
1679,0.275456
1680,0.269312
1681,0.208896
1682,0.183296
1683,0.180224
1684,0.176128
1685,0.179200
1686,0.171008
1687,0.814080
1688,0.952320
1689,0.927744
1690,0.908288
1691,0.906240
1692,0.907264
1693,0.907264
1694,0.905216
1695,0.906240
1696,0.916480
1697,1.030144
1698,0.896000
1699,0.698368
1700,0.898048
1701,0.890880
1702,0.862208
1703,0.838656
1704,0.873472
1705,0.880640
1706,0.880640
1707,0.918528
1708,0.903168
1709,0.919552
1710,0.913408
1711,0.933888
1712,0.856064
1713,0.946176
1714,0.931840
1715,0.900096
1716,0.906240
1717,0.922624
1718,0.944128
1719,0.934912
1720,0.948224
1721,0.918528
1722,0.936960
1723,0.944128
1724,0.930816
1725,0.883712
1726,0.958464
1727,0.924672
1728,0.922624
1729,0.960512
1730,0.903168
1731,0.883712
1732,0.943104
1733,0.918528
1734,0.916480
1735,0.937984
1736,0.937984
1737,0.892928
1738,0.929792
1739,0.945152
1740,0.906240
1741,0.968704
1742,0.945152
1743,0.940032
1744,0.914432
1745,0.940032
1746,0.959488
1747,0.929792
1748,0.950272
1749,0.932864
1750,0.920576
1751,0.898048
1752,0.662528
1753,0.354304
1754,0.259072
1755,0.250880
1756,0.866304
1757,0.893952
1758,0.871424
1759,0.927744
1760,0.914432
1761,0.911360
1762,0.930816
1763,0.947200
1764,0.870400
1765,0.947200
1766,0.903168
1767,1.142784
1768,0.979968
1769,0.453632
1770,0.875520
1771,0.916480
1772,0.924672
1773,0.906240
1774,0.918528
1775,0.911360
1776,0.906240
1777,0.929792
1778,0.930816
1779,0.898048
1780,0.911360
1781,0.921600
1782,0.897024
1783,0.928768
1784,0.896000
1785,0.904192
1786,0.913408
1787,0.903168
1788,0.920576
1789,0.883712
1790,0.943104
1791,0.874496
1792,0.922624
1793,0.902144
1794,0.901120
1795,0.935936
1796,0.911360
1797,0.888832
1798,0.920576
1799,0.898048
1800,0.914432
1801,0.943104
1802,0.932864
1803,0.919552
1804,0.928768
1805,0.913408
1806,0.879616
1807,0.925696
1808,0.854016
1809,0.918528
1810,0.941056
1811,0.885760
1812,0.894976
1813,0.904192
1814,0.941056
1815,0.934912
1816,0.966656
1817,0.928768
1818,0.971776
1819,0.840704
1820,0.740352
1821,0.718848
1822,0.951296
1823,0.955392
1824,0.921600
1825,0.912384
1826,0.893952
1827,0.911360
1828,0.897024
1829,0.912384
1830,0.943104
1831,0.915456
1832,0.915456
1833,0.923648
1834,0.898048
1835,0.933888
1836,0.946176
1837,0.905216
1838,0.911360
1839,0.917504
1840,0.914432
1841,0.918528
1842,0.884736
1843,0.867328
1844,0.854016
1845,0.889856
1846,0.901120
1847,0.875520
1848,0.924672
1849,0.926720
1850,0.918528
1851,0.898048
1852,0.940032
1853,0.891904
1854,0.910336
1855,0.932864
1856,0.941056
1857,0.928768
1858,0.947200
1859,0.931840
1860,0.925696
1861,0.917504
1862,0.906240
1863,0.920576
1864,0.921600
1865,0.888832
1866,0.965632
1867,0.900096
1868,0.933888
1869,0.927744
1870,0.909312
1871,0.847872
1872,0.929792
1873,0.914432
1874,0.914432
1875,0.906240
1876,0.962560
1877,0.867328
1878,0.963584
1879,0.921600
1880,0.915456
1881,0.937984
1882,0.943104
1883,0.944128
1884,0.915456
1885,0.744448
1886,0.694272
1887,0.915456
1888,0.918528
1889,0.910336
1890,0.915456
1891,0.905216
1892,0.909312
1893,0.924672
1894,0.851968
1895,0.863232
1896,0.842752
1897,0.869376
1898,0.906240
1899,0.899072
1900,0.929792
1901,0.923648
1902,0.926720
1903,0.947200
1904,0.928768
1905,0.925696
1906,0.872448
1907,0.936960
1908,0.901120
1909,0.883712
1910,0.971776
1911,0.901120
1912,0.909312
1913,0.907264
1914,0.902144
1915,0.899072
1916,0.875520
1917,0.879616
1918,0.889856
1919,0.886784
1920,0.881664
1921,0.928768
1922,0.972800
1923,0.942080
1924,0.866304
1925,0.910336
1926,0.952320
1927,0.897024
1928,0.909312
1929,0.953344
1930,0.947200
1931,0.875520
1932,0.918528
1933,0.889856
1934,0.982016
1935,0.920576
1936,0.897024
1937,0.965632
1938,0.911360
1939,0.904192
1940,0.737280
1941,0.863232
1942,0.942080
1943,0.949248
1944,0.899072
1945,0.914432
1946,0.953344
1947,0.894976
1948,0.958464
1949,0.930816
1950,0.910336
1951,0.723968
1952,0.430080
1953,0.833536
1954,0.854016
1955,0.937984
1956,0.953344
1957,0.907264
1958,0.904192
1959,0.910336
1960,0.974848
1961,0.874496
1962,0.931840
1963,0.866304
1964,0.890880
1965,0.920576
1966,0.885760
1967,0.914432
1968,0.892928
1969,0.881664
1970,0.911360
1971,0.868352
1972,0.856064
1973,0.919552
1974,0.899072
1975,0.914432
1976,0.881664
1977,0.886784
1978,0.889856
1979,0.897024
1980,0.903168
1981,0.926720
1982,0.888832
1983,0.862208
1984,0.935936
1985,0.909312
1986,0.922624
1987,0.866304
1988,0.931840
1989,0.943104
1990,0.891904
1991,0.929792
1992,0.949248
1993,0.904192
1994,0.851968
1995,0.927744
1996,0.919552
1997,0.944128
1998,0.982016
1999,0.872448
2000,0.922624
2001,0.962560
2002,0.926720
2003,0.922624
2004,0.935936
2005,0.919552
2006,0.838656
2007,0.891904
2008,0.907264
2009,0.963584
2010,0.888832
2011,0.917504
2012,0.956416
2013,0.952320
2014,0.939008
2015,0.971776
2016,0.739328
2017,0.573440
2018,0.761856
2019,0.890880
2020,0.882688
2021,0.876544
2022,0.933888
2023,0.875520
2024,0.844800
2025,1.093632
2026,0.891904
2027,0.966656
2028,0.957440
2029,0.921600
2030,0.878592
2031,0.871424
2032,0.878592
2033,0.886784
2034,0.822272
2035,0.845824
2036,0.897024
2037,0.947200
2038,0.894976
2039,0.926720
2040,0.887808
2041,0.867328
2042,0.852992
2043,0.935936
2044,0.884736
2045,0.916480
2046,0.887808
2047,0.876544
2048,0.906240
2049,0.924672
2050,0.935936
2051,0.931840
2052,0.939008
2053,0.859136
2054,0.916480
2055,0.926720
2056,0.841728
2057,0.933888
2058,0.910336
2059,0.910336
2060,0.872448
2061,0.891904
2062,0.898048
2063,0.900096
2064,0.884736
2065,0.885760
2066,0.947200
2067,0.911360
2068,0.875520
2069,0.967680
2070,0.917504
2071,0.893952
2072,0.900096
2073,0.906240
2074,0.913408
2075,0.933888
2076,0.964608
2077,0.890880
2078,0.925696
2079,0.896000
2080,0.914432
2081,0.920576
2082,0.866304
2083,0.678912
2084,0.472064
2085,0.750592
2086,0.897024
2087,0.880640
2088,0.955392
2089,0.906240
2090,0.904192
2091,0.923648
2092,0.887808
2093,0.758784
2094,0.906240
2095,0.906240
2096,0.923648
2097,0.913408
2098,0.907264
2099,0.873472
2100,0.937984
2101,0.940032
2102,0.917504
2103,0.948224
2104,0.935936
2105,0.892928
2106,0.945152
2107,0.886784
2108,0.930816
2109,0.897024
2110,0.932864
2111,0.902144
2112,0.929792
2113,0.936960
2114,0.890880
2115,0.869376
2116,0.915456
2117,0.892928
2118,0.891904
2119,0.865280
2120,0.905216
2121,0.955392
2122,0.934912
2123,0.888832
2124,0.865280
2125,0.940032
2126,0.888832
2127,0.923648
2128,0.909312
2129,0.961536
2130,0.960512
2131,0.891904
2132,0.887808
2133,0.945152
2134,0.913408
2135,0.903168
2136,0.962560
2137,0.946176
2138,0.955392
2139,0.927744
2140,0.914432
2141,0.913408
2142,0.924672
2143,0.957440
2144,0.934912
2145,0.949248
2146,0.925696
2147,0.948224
2148,0.973824
2149,0.861184
2150,0.623616
2151,0.916480
2152,0.940032
2153,0.951296
2154,0.958464
2155,0.907264
2156,0.912384
2157,0.901120
2158,0.912384
2159,0.877568
2160,0.889856
2161,0.871424
2162,0.901120
2163,0.911360
2164,0.939008
2165,0.899072
2166,0.952320
2167,0.900096
2168,0.873472
2169,0.907264
2170,0.965632
2171,0.918528
2172,0.852992
2173,0.921600
2174,0.912384
2175,0.930816
2176,0.921600
2177,0.923648
2178,0.862208
2179,0.902144
2180,0.948224
2181,0.962560
2182,0.937984
2183,0.887808
2184,0.933888
2185,0.939008
2186,0.878592
2187,0.949248
2188,0.913408
2189,0.915456
2190,0.916480
2191,0.965632
2192,0.869376
2193,0.886784
2194,0.917504
2195,0.934912
2196,0.936960
2197,0.797696
2198,0.944128
2199,0.912384
2200,0.930816
2201,0.921600
2202,0.882688
2203,0.925696
2204,0.930816
2205,0.907264
2206,0.868352
2207,0.879616
2208,0.858112
2209,0.918528
2210,0.890880
2211,0.888832
2212,0.900096
2213,0.930816
2214,0.889856
2215,0.764928
2216,0.509952
2217,0.833536
2218,0.972800
2219,0.833536
2220,0.873472
2221,0.888832
2222,0.924672
2223,0.970752
2224,0.863232
2225,0.926720
2226,0.925696
2227,0.911360
2228,0.915456
2229,0.957440
2230,0.931840
2231,0.932864
2232,0.946176
2233,0.887808
2234,0.954368
2235,0.926720
2236,0.894976
2237,0.913408
2238,0.929792
2239,0.912384
2240,0.917504
2241,0.930816
2242,0.887808
2243,0.855040
2244,0.876544
2245,0.874496
2246,0.854016
2247,0.858112
2248,0.920576
2249,0.867328
2250,0.973824
2251,0.882688
2252,0.911360
2253,0.898048
2254,0.844800
2255,0.911360
2256,0.887808
2257,0.912384
2258,0.889856
2259,0.922624
2260,0.906240
2261,0.919552
2262,0.927744
2263,0.898048
2264,0.933888
2265,0.932864
2266,0.916480
2267,0.924672
2268,0.916480
2269,0.946176
2270,0.944128
2271,0.960512
2272,0.957440
2273,0.919552
2274,0.922624
2275,0.871424
2276,0.902144
2277,0.944128
2278,0.879616
2279,0.888832
2280,0.887808
2281,0.889856
2282,0.689152
2283,0.969728
2284,0.901120
2285,0.947200
2286,0.907264
2287,0.867328
2288,0.959488
2289,0.866304
2290,0.929792
2291,0.940032
2292,0.899072
2293,0.805888
2294,0.884736
2295,0.889856
2296,0.870400
2297,0.906240
2298,0.916480
2299,0.860160
2300,0.917504
2301,0.902144
2302,0.921600
2303,0.888832
2304,0.889856
2305,0.893952
2306,0.943104
2307,0.922624
2308,0.899072
2309,0.925696
2310,0.939008
2311,0.870400
2312,0.929792
2313,0.856064
2314,0.964608
2315,0.901120
2316,0.903168
2317,0.962560
2318,0.911360
2319,0.897024
2320,0.939008
2321,0.908288
2322,0.902144
2323,0.920576
2324,0.884736
2325,0.904192
2326,0.948224
2327,0.930816
2328,0.899072
2329,0.951296
2330,0.922624
2331,0.922624
2332,0.914432
2333,0.872448
2334,0.917504
2335,0.886784
2336,0.928768
2337,0.892928
2338,0.874496
2339,0.877568
2340,0.910336
2341,1.020928
2342,0.915456
2343,0.914432
2344,0.891904
2345,0.917504
2346,0.778240
2347,0.657408
2348,0.576512
2349,0.450560
2350,0.867328
2351,0.950272
2352,0.913408
2353,0.939008
2354,0.921600
2355,0.941056
2356,0.913408
2357,0.929792
2358,0.928768
2359,0.913408
2360,0.923648
2361,0.878592
2362,0.907264
2363,0.920576
2364,0.920576
2365,0.904192
2366,0.932864
2367,0.896000
2368,0.934912
2369,0.979968
2370,0.915456
2371,0.867328
2372,0.928768
2373,0.854016
2374,0.967680
2375,0.970752
2376,0.875520
2377,0.915456
2378,0.925696
2379,0.863232
2380,0.919552
2381,0.931840
2382,0.901120
2383,0.920576
2384,0.912384
2385,0.928768
2386,0.926720
2387,0.892928
2388,0.910336
2389,0.890880
2390,0.898048
2391,0.877568
2392,0.916480
2393,0.939008
2394,0.915456
2395,0.892928
2396,0.884736
2397,0.906240
2398,0.855040
2399,0.897024
2400,0.863232
2401,0.927744
2402,0.928768
2403,0.915456
2404,0.945152
2405,0.879616
2406,0.929792
2407,0.933888
2408,1.124352
2409,1.053696
2410,0.899072
2411,0.977920
2412,0.941056
2413,0.831488
2414,0.602112
2415,0.915456
2416,0.888832
2417,0.854016
2418,0.852992
2419,0.842752
2420,0.924672
2421,0.948224
2422,0.918528
2423,0.918528
2424,0.968704
2425,0.921600
2426,0.892928
2427,0.935936
2428,0.975872
2429,0.915456
2430,0.932864
2431,0.882688
2432,0.898048
2433,0.919552
2434,0.916480
2435,0.894976
2436,0.952320
2437,0.955392
2438,0.887808
2439,0.909312
2440,0.951296
2441,0.930816
2442,0.876544
2443,0.907264
2444,0.898048
2445,0.882688
2446,0.940032
2447,0.869376
2448,0.919552
2449,0.893952
2450,0.922624
2451,0.880640
2452,0.939008
2453,0.916480
2454,0.924672
2455,0.934912
2456,0.922624
2457,0.948224
2458,0.916480
2459,0.912384
2460,0.896000
2461,0.930816
2462,0.903168
2463,0.893952
2464,0.899072
2465,0.909312
2466,0.912384
2467,0.929792
2468,0.917504
2469,0.898048
2470,0.881664
2471,0.861184
2472,0.868352
2473,0.869376
2474,0.843776
2475,0.918528
2476,0.875520
2477,0.837632
2478,0.756736
2479,0.709632
2480,0.586752
2481,0.526336
2482,0.429056
2483,0.149504
2484,0.149504
2485,0.147456
2486,0.149504
2487,0.790528
2488,0.955392
2489,0.947200
2490,0.908288
2491,0.902144
2492,0.949248
2493,0.864256
2494,0.838656
2495,0.861184
2496,0.870400
2497,0.899072
2498,0.698368
2499,0.915456
2500,0.914432
2501,0.897024
2502,0.850944
2503,0.897024
2504,0.882688
2505,0.927744
2506,0.931840
2507,0.908288
2508,0.882688
2509,0.870400
2510,0.899072
2511,0.916480
2512,0.909312
2513,0.903168
2514,0.904192
2515,0.913408
2516,0.965632
2517,0.933888
2518,0.905216
2519,0.934912
2520,0.924672
2521,0.886784
2522,1.119232
2523,0.805888
2524,0.629760
2525,0.901120
2526,0.952320
2527,0.939008
2528,0.905216
2529,0.888832
2530,0.910336
2531,0.878592
2532,0.879616
2533,0.934912
2534,0.914432
2535,0.926720
2536,0.922624
2537,0.918528
2538,0.921600
2539,0.936960
2540,0.887808
2541,0.936960
2542,0.926720
2543,0.882688
2544,0.941056
2545,0.877568
2546,0.914432
2547,0.918528
2548,0.921600
2549,0.939008
2550,0.875520
2551,0.930816
2552,0.663552
2553,0.925696
2554,0.917504
2555,0.971776
2556,0.955392
2557,0.905216
2558,0.914432
2559,0.889856
2560,0.879616
2561,0.891904
2562,0.902144
2563,0.861184
2564,0.850944
2565,0.904192
2566,0.917504
2567,0.887808
2568,0.904192
2569,0.911360
2570,0.924672
2571,0.858112
2572,0.913408
2573,0.888832
2574,0.924672
2575,0.873472
2576,0.898048
2577,0.843776
2578,0.874496
2579,0.939008
2580,0.852992
2581,0.950272
2582,0.923648
2583,0.849920
2584,0.905216
2585,0.932864
2586,0.878592
2587,0.891904
2588,0.918528
2589,0.907264
2590,1.173504
2591,0.838656
2592,0.936960
2593,0.917504
2594,0.923648
2595,0.945152
2596,0.912384
2597,0.901120
2598,0.909312
2599,0.898048
2600,0.936960
2601,0.917504
2602,0.899072
2603,0.865280
2604,0.892928
2605,0.947200
2606,0.909312
2607,0.924672
2608,0.955392
2609,0.970752
2610,0.929792
2611,0.904192
2612,0.957440
2613,0.945152
2614,0.963584
2615,0.931840
2616,0.943104
2617,0.890880
2618,0.906240
2619,0.924672
2620,0.906240
2621,0.873472
2622,0.912384
2623,0.905216
2624,0.967680
2625,0.896000
2626,0.899072
2627,0.952320
2628,0.901120
2629,0.889856
2630,0.865280
2631,0.892928
2632,0.891904
2633,0.954368
2634,0.909312
2635,0.887808
2636,0.891904
2637,0.902144
2638,0.910336
2639,0.943104
2640,0.894976
2641,0.900096
2642,0.869376
2643,0.880640
2644,0.872448
2645,0.889856
2646,0.839680
2647,0.887808
2648,0.855040
2649,0.890880
2650,0.854016
2651,0.893952
2652,0.907264
2653,0.980992
2654,0.893952
2655,1.084416
2656,0.852992
2657,0.932864
2658,0.910336
2659,0.846848
2660,0.879616
2661,0.874496
2662,0.896000
2663,0.952320
2664,0.925696
2665,0.903168
2666,0.855040
2667,0.915456
2668,0.886784
2669,0.929792
2670,0.865280
2671,0.921600
2672,0.928768
2673,0.941056
2674,0.865280
2675,0.896000
2676,0.807936
2677,0.839680
2678,0.917504
2679,0.915456
2680,0.917504
2681,0.836608
2682,0.624640
2683,0.673792
2684,0.924672
2685,0.905216
2686,0.884736
2687,0.879616
2688,0.835584
2689,0.852992
2690,0.917504
2691,0.944128
2692,0.839680
2693,0.888832
2694,0.864256
2695,0.968704
2696,0.901120
2697,0.887808
2698,0.956416
2699,0.939008
2700,0.872448
2701,0.925696
2702,0.914432
2703,0.951296
2704,0.908288
2705,0.881664
2706,0.925696
2707,0.886784
2708,0.899072
2709,0.922624
2710,0.850944
2711,0.928768
2712,0.889856
2713,0.854016
2714,0.918528
2715,0.915456
2716,0.889856
2717,0.913408
2718,0.916480
2719,0.849920
2720,0.886784
2721,0.916480
2722,0.837632
2723,0.954368
2724,0.940032
2725,0.906240
2726,0.908288
2727,0.891904
2728,0.960512
2729,0.907264
2730,0.939008
2731,0.950272
2732,0.907264
2733,0.854016
2734,0.888832
2735,0.862208
2736,0.914432
2737,0.958464
2738,0.910336
2739,0.974848
2740,0.879616
2741,0.902144
2742,0.915456
2743,0.910336
2744,0.899072
2745,0.912384
2746,0.992256
2747,0.691200
2748,0.577536
2749,0.553984
2750,0.463872
2751,0.872448
2752,0.901120
2753,0.892928
2754,0.947200
2755,0.940032
2756,0.851968
2757,0.926720
2758,0.920576
2759,0.984064
2760,0.928768
2761,0.902144
2762,0.949248
2763,0.939008
2764,0.953344
2765,0.904192
2766,0.893952
2767,0.907264
2768,0.920576
2769,0.967680
2770,0.877568
2771,0.935936
2772,0.912384
2773,0.923648
2774,0.922624
2775,0.881664
2776,0.947200
2777,0.967680
2778,0.912384
2779,0.909312
2780,0.909312
2781,0.896000
2782,0.921600
2783,0.950272
2784,0.953344
2785,0.909312
2786,0.899072
2787,0.930816
2788,0.947200
2789,0.930816
2790,0.951296
2791,0.927744
2792,0.890880
2793,0.918528
2794,0.925696
2795,0.883712
2796,0.903168
2797,0.946176
2798,0.910336
2799,0.889856
2800,0.939008
2801,1.006592
2802,0.919552
2803,0.903168
2804,0.919552
2805,0.932864
2806,0.949248
2807,0.929792
2808,0.927744
2809,0.891904
2810,0.925696
2811,0.897024
2812,0.866304
2813,0.882688
2814,0.847872
2815,0.590848
2816,0.898048
2817,0.914432
2818,0.913408
2819,0.871424
2820,0.872448
2821,0.922624
2822,0.885760
2823,0.886784
2824,0.889856
2825,0.910336
2826,0.931840
2827,0.909312
2828,0.924672
2829,0.934912
2830,0.918528
2831,0.924672
2832,0.925696
2833,0.914432
2834,0.902144
2835,0.907264
2836,0.930816
2837,0.903168
2838,0.902144
2839,0.876544
2840,0.935936
2841,0.893952
2842,0.953344
2843,0.902144
2844,0.960512
2845,0.883712
2846,0.908288
2847,0.955392
2848,0.935936
2849,0.886784
2850,0.881664
2851,0.954368
2852,0.907264
2853,0.871424
2854,0.965632
2855,0.905216
2856,0.943104
2857,0.926720
2858,0.952320
2859,0.881664
2860,0.906240
2861,0.958464
2862,0.858112
2863,0.870400
2864,0.901120
2865,0.953344
2866,0.903168
2867,0.898048
2868,0.897024
2869,0.963584
2870,0.901120
2871,0.953344
2872,0.908288
2873,0.937984
2874,0.911360
2875,0.924672
2876,0.962560
2877,0.907264
2878,0.958464
2879,0.929792
2880,0.646144
2881,0.431104
2882,0.229376
2883,0.240640
2884,0.190464
2885,0.926720
2886,0.921600
2887,0.934912
2888,0.922624
2889,0.903168
2890,0.958464
2891,0.875520
2892,0.915456
2893,0.926720
2894,0.944128
2895,0.904192
2896,0.902144
2897,0.944128
2898,0.908288
2899,0.957440
2900,0.957440
2901,0.948224
2902,0.888832
2903,0.898048
2904,0.957440
2905,0.943104
2906,0.916480
2907,0.953344
2908,0.949248
2909,0.866304
2910,0.947200
2911,0.884736
2912,0.889856
2913,0.892928
2914,0.972800
2915,0.919552
2916,0.902144
2917,0.904192
2918,0.916480
2919,0.926720
2920,0.925696
2921,0.913408
2922,0.931840
2923,0.885760
2924,0.904192
2925,0.906240
2926,0.861184
2927,0.916480
2928,0.950272
2929,0.907264
2930,0.904192
2931,0.924672
2932,0.902144
2933,0.941056
2934,0.984064
2935,1.198080
2936,0.837632
2937,0.939008
2938,0.952320
2939,0.893952
2940,0.902144
2941,0.906240
2942,0.909312
2943,0.872448
2944,0.910336
2945,0.940032
2946,0.876544
2947,0.870400
2948,0.759808
2949,0.573440
2950,0.476160
2951,0.419840
2952,0.875520
2953,0.897024
2954,0.949248
2955,0.867328
2956,0.918528
2957,0.903168
2958,0.926720
2959,0.945152
2960,0.879616
2961,0.899072
2962,0.855040
2963,0.939008
2964,0.889856
2965,0.909312
2966,0.911360
2967,0.901120
2968,0.910336
2969,0.919552
2970,0.937984
2971,0.877568
2972,0.907264
2973,0.925696
2974,0.908288
2975,0.884736
2976,0.985088
2977,0.926720
2978,0.886784
2979,0.921600
2980,0.901120
2981,0.912384
2982,0.897024
2983,0.904192
2984,0.906240
2985,0.937984
2986,0.952320
2987,0.884736
2988,0.965632
2989,0.940032
2990,0.923648
2991,0.949248
2992,0.904192
2993,0.929792
2994,0.893952
2995,0.892928
2996,0.926720
2997,0.899072
2998,0.871424
2999,0.823296
3000,0.931840
3001,0.865280
3002,0.898048
3003,1.002496
3004,0.854016
3005,0.913408
3006,0.985088
3007,0.919552
3008,0.845824
3009,0.923648
3010,0.912384
3011,0.869376
3012,0.955392
3013,0.902144
3014,0.921600
3015,0.975872
3016,0.852992
3017,0.609280
3018,0.395264
3019,0.316416
3020,0.294912
3021,0.299008
3022,0.304128
3023,0.808960
3024,0.831488
3025,0.891904
3026,0.943104
3027,0.909312
3028,0.948224
3029,0.873472
3030,0.937984
3031,0.917504
3032,0.922624
3033,0.884736
3034,0.851968
3035,0.923648
3036,0.965632
3037,0.881664
3038,0.950272
3039,0.958464
3040,0.891904
3041,0.888832
3042,0.925696
3043,0.929792
3044,0.883712
3045,0.924672
3046,0.889856
3047,0.953344
3048,0.832512
3049,0.870400
3050,0.785408
3051,0.869376
3052,0.900096
3053,0.883712
3054,0.902144
3055,0.928768
3056,0.872448
3057,0.936960
3058,0.924672
3059,0.930816
3060,0.901120
3061,0.915456
3062,0.931840
3063,0.945152
3064,0.923648
3065,0.930816
3066,0.921600
3067,0.922624
3068,0.960512
3069,0.945152
3070,0.903168
3071,0.904192
3072,1.003520
3073,0.864256
3074,0.913408
3075,0.965632
3076,0.941056
3077,0.923648
3078,0.910336
3079,0.869376
3080,0.927744
3081,0.955392
3082,0.964608
3083,0.987136
3084,0.892928
3085,0.907264
3086,0.925696
3087,0.745472
3088,1.032192
3089,0.898048
3090,0.894976
3091,0.913408
3092,0.878592
3093,0.910336
3094,0.931840
3095,0.929792
3096,0.922624
3097,0.927744
3098,0.911360
3099,0.914432
3100,0.935936
3101,0.912384
3102,0.912384
3103,0.904192
3104,0.939008
3105,0.914432
3106,0.900096
3107,0.843776
3108,0.879616
3109,0.868352
3110,0.899072
3111,0.963584
3112,0.908288
3113,0.937984
3114,0.901120
3115,0.898048
3116,0.935936
3117,0.980992
3118,0.892928
3119,0.915456
3120,0.948224
3121,0.918528
3122,0.918528
3123,0.888832
3124,0.923648
3125,0.865280
3126,0.936960
3127,0.911360
3128,0.927744
3129,0.874496
3130,0.916480
3131,0.833536
3132,0.887808
3133,0.887808
3134,0.924672
3135,0.907264
3136,0.967680
3137,0.907264
3138,0.900096
3139,0.917504
3140,0.900096
3141,0.943104
3142,0.923648
3143,0.935936
3144,0.893952
3145,0.972800
3146,0.908288
3147,0.885760
3148,0.944128
3149,0.952320
3150,0.924672
3151,0.901120
3152,0.805888
3153,0.646144
3154,0.443392
3155,0.225280
3156,0.222208
3157,0.865280
3158,0.923648
3159,0.877568
3160,0.934912
3161,0.906240
3162,0.914432
3163,0.894976
3164,0.947200
3165,0.906240
3166,0.890880
3167,0.888832
3168,0.937984
3169,0.906240
3170,0.904192
3171,0.946176
3172,0.922624
3173,0.914432
3174,0.958464
3175,0.925696
3176,0.845824
3177,0.904192
3178,0.859136
3179,0.887808
3180,0.898048
3181,0.921600
3182,0.909312
3183,0.931840
3184,0.906240
3185,0.913408
3186,0.923648
3187,0.962560
3188,0.915456
3189,0.876544
3190,0.918528
3191,0.898048
3192,0.875520
3193,0.904192
3194,0.928768
3195,0.896000
3196,0.915456
3197,0.948224
3198,0.934912
3199,0.901120
3200,0.954368
3201,0.946176
3202,0.922624
3203,0.894976
3204,0.874496
3205,0.919552
3206,0.902144
3207,0.856064
3208,0.934912
3209,0.883712
3210,0.899072
3211,0.852992
3212,0.937984
3213,0.879616
3214,0.876544
3215,0.909312
3216,0.882688
3217,0.909312
3218,0.912384
3219,0.925696
3220,0.855040
3221,0.787456
3222,0.736256
3223,0.651264
3224,0.479232
3225,0.231424
3226,0.188416
3227,0.190464
3228,0.184320
3229,0.178176
3230,0.187392
3231,0.176128
3232,0.174080
3233,0.189440
3234,0.158720
3235,0.151552
3236,0.151552
3237,0.148480
3238,0.149504
3239,0.149504
3240,0.149504
3241,0.885760
3242,0.963584
3243,0.878592
3244,0.882688
3245,0.874496
3246,0.901120
3247,0.913408
3248,0.930816
3249,0.894976
3250,0.901120
3251,0.956416
3252,0.894976
3253,0.897024
3254,0.897024
3255,0.879616
3256,0.942080
3257,0.905216
3258,0.867328
3259,0.936960
3260,0.914432
3261,0.870400
3262,0.651264
3263,0.952320
3264,0.789504
3265,0.896000
3266,0.920576
3267,0.898048
3268,0.858112
3269,0.932864
3270,0.896000
3271,0.901120
3272,0.905216
3273,0.893952
3274,0.927744
3275,0.902144
3276,0.882688
3277,0.874496
3278,0.890880
3279,0.900096
3280,0.871424
3281,0.907264
3282,0.916480
3283,0.906240
3284,0.959488
3285,0.908288
3286,0.932864
3287,0.922624
3288,0.942080
3289,0.930816
3290,0.920576
3291,0.934912
3292,0.946176
3293,0.939008
3294,0.949248
3295,0.910336
3296,0.876544
3297,0.955392
3298,0.928768
3299,0.881664
3300,0.907264
3301,0.944128
3302,0.957440
3303,0.977920
3304,0.864256
3305,0.811008
3306,0.543744
3307,0.463872
3308,0.446464
3309,0.379904
3310,0.807936
3311,0.918528
3312,0.878592
3313,0.908288
3314,0.923648
3315,0.905216
3316,0.886784
3317,0.918528
3318,0.916480
3319,0.910336
3320,0.932864
3321,0.921600
3322,0.867328
3323,0.943104
3324,0.891904
3325,0.845824
3326,0.885760
3327,0.877568
3328,0.891904
3329,0.910336
3330,0.892928
3331,0.870400
3332,0.913408
3333,0.892928
3334,0.889856
3335,0.939008
3336,0.871424
3337,0.917504
3338,0.880640
3339,0.955392
3340,0.926720
3341,0.927744
3342,0.873472
3343,0.917504
3344,0.905216
3345,0.887808
3346,0.885760
3347,0.923648
3348,0.899072
3349,0.932864
3350,0.881664
3351,0.893952
3352,0.921600
3353,0.902144
3354,0.959488
3355,0.896000
3356,0.963584
3357,0.885760
3358,0.885760
3359,0.896000
3360,0.920576
3361,0.950272
3362,0.936960
3363,0.921600
3364,0.932864
3365,0.958464
3366,0.987136
3367,0.912384
3368,0.897024
3369,0.694272
3370,0.893952
3371,0.960512
3372,0.894976
3373,0.948224
3374,0.875520
3375,0.638976
3376,0.883712
3377,0.971776
3378,0.920576
3379,0.901120
3380,0.884736
3381,0.912384
3382,0.907264
3383,0.842752
3384,0.850944
3385,0.893952
3386,0.928768
3387,0.909312
3388,0.882688
3389,0.917504
3390,0.931840
3391,0.924672
3392,0.876544
3393,0.964608
3394,0.927744
3395,0.928768
3396,0.916480
3397,0.918528
3398,0.916480
3399,0.935936
3400,0.903168
3401,0.919552
3402,0.930816
3403,0.952320
3404,0.896000
3405,0.921600
3406,0.936960
3407,0.930816
3408,0.946176
3409,0.887808
3410,0.868352
3411,0.893952
3412,0.973824
3413,0.959488
3414,0.880640
3415,0.856064
3416,0.957440
3417,0.878592
3418,0.930816
3419,0.948224
3420,0.979968
3421,0.857088
3422,0.977920
3423,0.893952
3424,0.936960
3425,0.882688
3426,0.894976
3427,0.937984
3428,0.877568
3429,0.919552
3430,0.979968
3431,0.904192
3432,0.979968
3433,0.880640
3434,0.934912
3435,0.979968
3436,0.920576
3437,0.916480
3438,0.904192
3439,0.845824
3440,0.599040
3441,0.474112
3442,0.386048
3443,0.334848
3444,0.335872
3445,0.369664
3446,0.309248
3447,0.200704
3448,0.182272
3449,0.176128
3450,0.182272
3451,0.158720
3452,0.816128
3453,0.905216
3454,0.933888
3455,0.843776
3456,0.901120
3457,0.918528
3458,0.888832
3459,0.905216
3460,0.892928
3461,0.922624
3462,0.934912
3463,0.916480
3464,0.906240
3465,0.878592
3466,0.873472
3467,0.926720
3468,0.898048
3469,0.870400
3470,0.844800
3471,0.825344
3472,0.869376
3473,0.921600
3474,0.951296
3475,0.906240
3476,0.900096
3477,0.935936
3478,0.891904
3479,0.944128
3480,0.907264
3481,0.955392
3482,0.888832
3483,0.867328
3484,0.884736
3485,0.942080
3486,0.892928
3487,0.937984
3488,0.893952
3489,0.900096
3490,0.889856
3491,0.892928
3492,0.876544
3493,0.898048
3494,0.949248
3495,0.924672
3496,0.903168
3497,0.843776
3498,0.942080
3499,0.985088
3500,0.890880
3501,0.978944
3502,0.909312
3503,0.910336
3504,0.926720
3505,0.930816
3506,0.974848
3507,0.923648
3508,0.936960
3509,0.933888
3510,0.901120
3511,0.914432
3512,0.935936
3513,0.934912
3514,0.906240
3515,0.898048
3516,0.625664
3517,0.923648
3518,0.942080
3519,0.502784
3520,0.909312
3521,0.917504
3522,0.862208
3523,0.889856
3524,0.731136
3525,0.936960
3526,0.877568
3527,0.893952
3528,0.892928
3529,0.894976
3530,0.889856
3531,0.905216
3532,0.828416
3533,0.844800
3534,0.883712
3535,0.921600
3536,0.928768
3537,0.886784
3538,0.954368
3539,0.873472
3540,0.901120
3541,0.856064
3542,0.854016
3543,0.936960
3544,0.874496
3545,0.862208
3546,0.956416
3547,0.911360
3548,0.780288
3549,0.916480
3550,0.936960
3551,0.946176
3552,0.903168
3553,0.912384
3554,0.932864
3555,0.949248
3556,0.906240
3557,0.908288
3558,0.913408
3559,0.950272
3560,0.939008
3561,0.901120
3562,0.915456
3563,0.900096
3564,0.902144
3565,0.942080
3566,0.930816
3567,0.927744
3568,0.921600
3569,0.927744
3570,0.883712
3571,0.886784
3572,0.818176
3573,0.863232
3574,0.891904
3575,0.891904
3576,0.880640
3577,0.933888
3578,0.900096
3579,0.940032
3580,0.881664
3581,0.903168
3582,0.714752
3583,0.524288
3584,0.350208
3585,0.330752
3586,0.353280
3587,0.328704
3588,0.296960
3589,0.914432
3590,0.919552
3591,0.930816
3592,0.890880
3593,0.896000
3594,0.943104
3595,0.929792
3596,0.862208
3597,0.894976
3598,0.899072
3599,0.885760
3600,0.920576
3601,0.917504
3602,0.918528
3603,0.872448
3604,0.950272
3605,0.863232
3606,0.944128
3607,0.944128
3608,0.896000
3609,0.984064
3610,0.907264
3611,0.933888
3612,0.944128
3613,0.880640
3614,0.928768
3615,0.904192
3616,0.917504
3617,0.898048
3618,0.905216
3619,0.836608
3620,0.960512
3621,0.961536
3622,0.922624
3623,0.899072
3624,0.929792
3625,0.846848
3626,0.872448
3627,0.923648
3628,0.942080
3629,0.940032
3630,0.903168
3631,0.952320
3632,0.909312
3633,0.933888
3634,0.893952
3635,0.913408
3636,0.909312
3637,0.941056
3638,0.922624
3639,0.917504
3640,0.897024
3641,0.953344
3642,0.908288
3643,0.917504
3644,0.975872
3645,0.620544
3646,0.985088
3647,0.931840
3648,0.928768
3649,0.946176
3650,0.921600
3651,0.906240
3652,0.937984
3653,0.770048
3654,0.577536
3655,0.531456
3656,0.509952
3657,0.171008
3658,0.173056
3659,0.174080
3660,0.166912
3661,0.164864
3662,0.162816
3663,0.160768
3664,0.163840
3665,0.161792
3666,0.152576
3667,0.146432
3668,0.145408
3669,0.145408
3670,0.145408
3671,0.144384
3672,0.147456
3673,0.915456
3674,0.921600
3675,0.894976
3676,0.888832
3677,0.936960
3678,0.927744
3679,0.913408
3680,0.912384
3681,0.910336
3682,0.929792
3683,0.925696
3684,0.874496
3685,0.911360
3686,0.915456
3687,0.908288
3688,0.955392
3689,0.874496
3690,0.888832
3691,0.910336
3692,0.963584
3693,0.892928
3694,0.891904
3695,0.934912
3696,0.896000
3697,0.891904
3698,0.941056
3699,0.881664
3700,0.891904
3701,0.910336
3702,0.872448
3703,0.886784
3704,0.924672
3705,0.939008
3706,0.897024
3707,0.916480
3708,0.914432
3709,0.951296
3710,0.874496
3711,0.877568
3712,0.925696
3713,0.901120
3714,0.934912
3715,0.940032
3716,0.913408
3717,0.914432
3718,0.927744
3719,0.878592
3720,0.854016
3721,0.885760
3722,0.849920
3723,0.900096
3724,0.890880
3725,0.907264
3726,0.908288
3727,0.897024
3728,0.918528
3729,0.915456
3730,0.893952
3731,0.849920
3732,0.429056
3733,0.915456
3734,0.872448
3735,0.874496
3736,0.896000
3737,0.906240
3738,0.844800
3739,0.515072
3740,0.179200
3741,0.179200
3742,0.176128
3743,0.926720
3744,0.874496
3745,0.927744
3746,0.961536
3747,0.920576
3748,0.930816
3749,0.911360
3750,0.963584
3751,0.886784
3752,0.932864
3753,0.888832
3754,0.882688
3755,0.932864
3756,0.905216
3757,0.897024
3758,0.905216
3759,0.889856
3760,0.936960
3761,0.887808
3762,0.932864
3763,0.855040
3764,0.947200
3765,0.867328
3766,0.868352
3767,0.957440
3768,0.872448
3769,0.913408
3770,0.894976
3771,0.884736
3772,0.869376
3773,0.864256
3774,0.912384
3775,0.929792
3776,0.891904
3777,0.891904
3778,0.893952
3779,0.885760
3780,0.875520
3781,0.918528
3782,0.901120
3783,0.874496
3784,0.923648
3785,0.909312
3786,0.915456
3787,0.890880
3788,0.886784
3789,0.882688
3790,0.932864
3791,0.854016
3792,0.925696
3793,0.918528
3794,0.888832
3795,0.920576
3796,0.886784
3797,0.949248
3798,0.870400
3799,0.921600
3800,0.872448
3801,0.923648
3802,0.920576
3803,0.893952
3804,0.920576
3805,0.939008
3806,0.915456
3807,0.727040
3808,0.991232
3809,0.695296
3810,0.942080
3811,0.880640
3812,0.885760
3813,0.899072
3814,0.961536
3815,0.920576
3816,0.867328
3817,0.923648
3818,0.852992
3819,0.865280
3820,0.915456
3821,0.898048
3822,0.918528
3823,0.846848
3824,0.859136
3825,0.896000
3826,0.864256
3827,0.898048
3828,0.910336
3829,0.909312
3830,0.866304
3831,0.858112
3832,0.831488
3833,0.884736
3834,0.886784
3835,0.908288
3836,0.899072
3837,0.898048
3838,0.930816
3839,0.925696
3840,0.928768
3841,0.929792
3842,0.968704
3843,0.935936
3844,0.896000
3845,0.917504
3846,0.898048
3847,0.977920
3848,0.909312
3849,0.900096
3850,0.934912
3851,0.921600
3852,0.901120
3853,0.934912
3854,0.927744
3855,0.883712
3856,0.936960
3857,0.902144
3858,0.899072
3859,0.926720
3860,0.915456
3861,0.897024
3862,0.942080
3863,0.976896
3864,0.925696
3865,0.882688
3866,0.893952
3867,0.917504
3868,0.943104
3869,0.939008
3870,0.902144
3871,0.859136
3872,0.689152
3873,0.780288
3874,0.877568
3875,0.348160
3876,0.921600
3877,0.944128
3878,0.924672
3879,0.925696
3880,0.864256
3881,0.921600
3882,0.852992
3883,0.934912
3884,0.918528
3885,0.976896
3886,0.903168
3887,0.874496
3888,0.956416
3889,0.903168
3890,0.890880
3891,0.912384
3892,0.940032
3893,0.927744
3894,0.924672
3895,0.913408
3896,0.881664
3897,0.903168
3898,0.953344
3899,0.950272
3900,0.965632
3901,0.880640
3902,0.969728
3903,0.891904
3904,0.921600
3905,0.841728
3906,0.929792
3907,0.889856
3908,0.821248
3909,0.850944
3910,0.879616
3911,0.851968
3912,0.900096
3913,0.931840
3914,0.862208
3915,0.905216
3916,0.909312
3917,0.901120
3918,0.899072
3919,0.915456
3920,0.876544
3921,0.913408
3922,0.920576
3923,0.836608
3924,0.865280
3925,0.909312
3926,0.926720
3927,0.913408
3928,0.973824
3929,0.952320
3930,0.924672
3931,0.896000
3932,0.907264
3933,0.904192
3934,0.924672
3935,0.863232
3936,0.865280
3937,0.803840
3938,0.743424
3939,0.634880
3940,0.577536
3941,0.390144
3942,0.864256
3943,0.971776
3944,0.897024
3945,0.883712
3946,0.905216
3947,0.909312
3948,0.928768
3949,0.934912
3950,0.879616
3951,0.913408
3952,0.924672
3953,0.934912
3954,0.916480
3955,0.884736
3956,0.900096
3957,0.890880
3958,0.897024
3959,0.942080
3960,0.914432
3961,0.884736
3962,0.849920
3963,0.875520
3964,0.894976
3965,0.855040
3966,0.868352
3967,0.923648
3968,0.888832
3969,0.854016
3970,0.887808
3971,0.934912
3972,0.910336
3973,0.889856
3974,0.960512
3975,0.919552
3976,0.856064
3977,0.932864
3978,0.871424
3979,0.917504
3980,0.931840
3981,0.918528
3982,0.897024
3983,0.910336
3984,0.907264
3985,0.915456
3986,0.915456
3987,0.910336
3988,0.924672
3989,0.898048
3990,0.902144
3991,0.893952
3992,0.900096
3993,0.939008
3994,0.932864
3995,0.901120
3996,0.923648
3997,0.911360
3998,0.910336
3999,0.956416
4000,0.910336
4001,0.947200
4002,0.943104
4003,0.942080
4004,0.956416
4005,0.898048
4006,0.713728
4007,0.837632
4008,0.859136
4009,0.902144
4010,0.880640
4011,0.911360
4012,0.916480
4013,0.894976
4014,0.927744
4015,0.970752
4016,0.866304
4017,0.905216
4018,0.916480
4019,0.933888
4020,0.903168
4021,0.934912
4022,0.907264
4023,0.893952
4024,0.902144
4025,0.923648
4026,0.947200
4027,0.830464
4028,0.933888
4029,0.878592
4030,0.944128
4031,0.890880
4032,0.909312
4033,0.960512
4034,0.907264
4035,0.905216
4036,0.901120
4037,0.869376
4038,0.889856
4039,0.921600
4040,0.891904
4041,0.966656
4042,0.954368
4043,0.914432
4044,0.958464
4045,0.915456
4046,0.920576
4047,0.926720
4048,0.921600
4049,0.916480
4050,0.913408
4051,0.874496
4052,0.872448
4053,0.859136
4054,0.862208
4055,0.882688
4056,0.907264
4057,0.857088
4058,0.902144
4059,0.911360
4060,0.921600
4061,0.888832
4062,0.906240
4063,0.926720
4064,0.934912
4065,0.893952
4066,0.924672
4067,0.939008
4068,0.893952
4069,0.930816
4070,0.927744
4071,0.800768
4072,0.428032
4073,0.356352
4074,0.307200
4075,0.302080
4076,0.304128
4077,0.295936
4078,0.260096
4079,0.271360
4080,0.271360
4081,0.269312
4082,0.287744
4083,0.242688
4084,0.916480
4085,0.934912
4086,0.894976
4087,0.933888
4088,0.932864
4089,0.878592
4090,0.959488
4091,0.928768
4092,0.855040
4093,0.943104
4094,0.915456
4095,0.940032
4096,0.872448
4097,0.934912
4098,0.911360
4099,0.914432
4100,0.906240
4101,0.889856
4102,0.921600
4103,0.897024
4104,0.890880
4105,0.922624
4106,0.906240
4107,0.893952
4108,0.906240
4109,0.898048
4110,0.893952
4111,0.947200
4112,0.958464
4113,0.941056
4114,0.891904
4115,0.945152
4116,0.904192
4117,0.872448
4118,0.901120
4119,0.867328
4120,0.932864
4121,0.885760
4122,0.911360
4123,0.892928
4124,0.888832
4125,0.887808
4126,0.924672
4127,0.904192
4128,0.951296
4129,0.915456
4130,0.921600
4131,0.917504
4132,0.832512
4133,0.915456
4134,0.916480
4135,0.901120
4136,0.982016
4137,0.890880
4138,0.937984
4139,0.918528
4140,0.962560
4141,0.974848
4142,0.908288
4143,0.918528
4144,0.949248
4145,0.961536
4146,0.969728
4147,0.715776
4148,0.607232
4149,0.552960
4150,0.397312
4151,0.375808
4152,0.262144
4153,0.259072
4154,0.245760
4155,0.247808
4156,0.194560
4157,0.193536
4158,0.197632
4159,0.181248
4160,0.919552
4161,0.921600
4162,0.896000
4163,0.923648
4164,0.890880
4165,0.945152
4166,0.929792
4167,0.913408
4168,0.967680
4169,0.925696
4170,0.932864
4171,0.901120
4172,0.919552
4173,0.942080
4174,0.910336
4175,0.969728
4176,0.951296
4177,0.893952
4178,0.903168
4179,0.914432
4180,0.949248
4181,0.916480
4182,0.922624
4183,0.928768
4184,0.897024
4185,0.917504
4186,0.879616
4187,0.897024
4188,0.910336
4189,0.935936
4190,0.966656
4191,0.901120
4192,0.949248
4193,0.923648
4194,0.962560
4195,0.935936
4196,0.908288
4197,0.906240
4198,0.905216
4199,0.919552
4200,0.924672
4201,0.932864
4202,0.972800
4203,0.945152
4204,0.923648
4205,0.896000
4206,0.852992
4207,0.913408
4208,0.926720
4209,0.935936
4210,0.903168
4211,0.859136
4212,0.917504
4213,0.914432
4214,0.995328
4215,0.972800
4216,0.949248
4217,0.915456
4218,0.896000
4219,0.890880
4220,0.951296
4221,0.884736
4222,0.914432
4223,0.910336
4224,0.680960
4225,0.906240
4226,0.913408
4227,0.891904
4228,0.920576
4229,0.937984
4230,0.893952
4231,0.985088
4232,0.915456
4233,0.962560
4234,0.975872
4235,0.894976
4236,0.927744
4237,0.855040
4238,0.937984
4239,0.899072
4240,0.891904
4241,0.948224
4242,0.942080
4243,0.929792
4244,0.882688
4245,0.922624
4246,0.923648
4247,0.908288
4248,0.873472
4249,0.936960
4250,0.927744
4251,0.913408
4252,0.855040
4253,0.816128
4254,0.904192
4255,0.886784
4256,0.893952
4257,0.903168
4258,0.899072
4259,0.910336
4260,0.886784
4261,0.935936
4262,0.918528
4263,0.962560
4264,0.884736
4265,0.906240
4266,0.964608
4267,0.920576
4268,0.867328
4269,0.888832
4270,0.925696
4271,0.913408
4272,0.937984
4273,0.913408
4274,0.944128
4275,0.929792
4276,0.920576
4277,0.910336
4278,0.931840
4279,0.967680
4280,0.880640
4281,0.901120
4282,0.904192
4283,0.958464
4284,0.921600
4285,0.877568
4286,0.944128
4287,0.888832
4288,0.823296
4289,0.661504
4290,0.545792
4291,0.822272
4292,0.926720
4293,0.929792
4294,0.899072
4295,0.896000
4296,0.905216
4297,0.924672
4298,0.914432
4299,0.904192
4300,0.907264
4301,0.878592
4302,0.970752
4303,0.901120
4304,0.898048
4305,0.880640
4306,0.915456
4307,0.959488
4308,0.941056
4309,0.928768
4310,0.916480
4311,0.954368
4312,0.936960
4313,0.884736
4314,0.919552
4315,0.933888
4316,0.936960
4317,0.900096
4318,0.947200
4319,0.902144
4320,0.928768
4321,0.914432
4322,0.948224
4323,0.902144
4324,0.913408
4325,0.945152
4326,0.900096
4327,0.929792
4328,0.918528
4329,0.900096
4330,0.875520
4331,0.874496
4332,0.833536
4333,0.845824
4334,0.903168
4335,0.939008
4336,0.930816
4337,0.920576
4338,0.914432
4339,0.936960
4340,0.971776
4341,0.922624
4342,0.923648
4343,0.897024
4344,0.930816
4345,0.939008
4346,0.951296
4347,0.923648
4348,0.909312
4349,0.910336
4350,0.910336
4351,0.909312
4352,0.945152
4353,0.888832
4354,0.955392
4355,0.887808
4356,0.346112
4357,0.344064
4358,0.238592
4359,0.225280
4360,0.210944
4361,0.208896
4362,0.235520
4363,0.229376
4364,0.232448
4365,0.225280
4366,0.235520
4367,0.217088
4368,0.219136
4369,0.218112
4370,0.191488
4371,0.185344
4372,0.188416
4373,0.190464
4374,0.184320
4375,0.168960
4376,0.171008
4377,0.172032
4378,0.173056
4379,0.164864
4380,0.158720
4381,0.864256
4382,1.085440
4383,1.027072
4384,0.752640
4385,0.919552
4386,0.914432
4387,0.848896
4388,0.916480
4389,0.913408
4390,0.885760
4391,0.825344
4392,0.908288
4393,0.858112
4394,0.862208
4395,0.908288
4396,0.917504
4397,0.861184
4398,0.968704
4399,0.892928
4400,0.919552
4401,0.909312
4402,0.942080
4403,0.912384
4404,0.921600
4405,0.872448
4406,0.944128
4407,0.856064
4408,0.927744
4409,0.880640
4410,0.887808
4411,0.961536
4412,0.916480
4413,0.891904
4414,0.901120
4415,0.909312
4416,0.958464
4417,0.873472
4418,0.903168
4419,0.914432
4420,0.961536
4421,0.920576
4422,0.936960
4423,0.923648
4424,0.928768
4425,0.951296
4426,0.912384
4427,0.912384
4428,0.941056
4429,0.917504
4430,0.953344
4431,0.897024
4432,0.855040
4433,0.923648
4434,0.879616
4435,0.830464
4436,0.868352
4437,0.858112
4438,0.926720
4439,0.875520
4440,0.918528
4441,0.919552
4442,0.896000
4443,0.976896
4444,0.914432
4445,0.642048
4446,0.897024
4447,0.924672
4448,0.939008
4449,0.871424
4450,0.909312
4451,0.950272
4452,0.863232
4453,0.934912
4454,0.920576
4455,0.890880
4456,0.816128
4457,0.831488
4458,0.840704
4459,0.904192
4460,0.948224
4461,0.899072
4462,0.851968
4463,0.962560
4464,0.908288
4465,0.897024
4466,0.962560
4467,0.924672
4468,0.913408
4469,0.921600
4470,0.911360
4471,0.903168
4472,0.926720
4473,0.887808
4474,0.959488
4475,0.883712
4476,0.905216
4477,0.893952
4478,0.929792
4479,0.864256
4480,0.919552
4481,0.901120
4482,0.915456
4483,0.935936
4484,0.936960
4485,0.928768
4486,0.849920
4487,0.963584
4488,0.877568
4489,0.935936
4490,0.970752
4491,0.963584
4492,0.898048
4493,0.890880
4494,0.922624
4495,0.929792
4496,0.943104
4497,0.897024
4498,0.919552
4499,0.887808
4500,0.917504
4501,0.888832
4502,0.879616
4503,0.848896
4504,0.921600
4505,0.926720
4506,0.880640
4507,0.948224
4508,0.916480
4509,0.736256
4510,0.582656
4511,0.503808
4512,0.472064
4513,0.449536
4514,0.348160
4515,0.354304
4516,0.889856
4517,0.966656
4518,0.924672
4519,0.917504
4520,0.901120
4521,0.901120
4522,0.873472
4523,0.888832
4524,0.872448
4525,0.909312
4526,0.901120
4527,0.880640
4528,0.885760
4529,0.885760
4530,0.962560
4531,0.888832
4532,0.947200
4533,0.948224
4534,0.879616
4535,0.882688
4536,0.867328
4537,0.898048
4538,0.864256
4539,0.892928
4540,0.870400
4541,0.874496
4542,0.898048
4543,0.925696
4544,0.947200
4545,0.906240
4546,0.912384
4547,0.903168
4548,0.859136
4549,0.872448
4550,0.910336
4551,0.889856
4552,0.877568
4553,0.932864
4554,0.868352
4555,0.883712
4556,0.906240
4557,0.817152
4558,0.911360
4559,0.842752
4560,0.881664
4561,0.918528
4562,1.090560
4563,0.872448
4564,0.734208
4565,0.933888
4566,0.843776
4567,0.809984
4568,0.924672
4569,0.887808
4570,0.906240
4571,0.899072
4572,0.933888
4573,0.925696
4574,0.880640
4575,0.880640
4576,0.892928
4577,0.962560
4578,0.912384
4579,0.881664
4580,0.901120
4581,0.647168
4582,0.475136
4583,0.847872
4584,0.884736
4585,0.882688
4586,0.950272
4587,0.911360
4588,0.877568
4589,0.881664
4590,0.943104
4591,0.876544
4592,0.940032
4593,0.887808
4594,0.907264
4595,0.906240
4596,0.946176
4597,0.945152
4598,0.864256
4599,0.920576
4600,0.919552
4601,0.897024
4602,0.952320
4603,0.908288
4604,0.933888
4605,0.871424
4606,0.941056
4607,0.893952
4608,0.890880
4609,0.899072
4610,0.884736
4611,0.926720
4612,0.901120
4613,0.936960
4614,0.918528
4615,0.883712
4616,0.898048
4617,0.825344
4618,0.841728
4619,0.884736
4620,0.892928
4621,0.947200
4622,0.946176
4623,0.878592
4624,0.879616
4625,0.954368
4626,0.899072
4627,0.902144
4628,0.893952
4629,0.932864
4630,1.006592
4631,0.870400
4632,0.905216
4633,0.924672
4634,0.910336
4635,0.883712
4636,1.001472
4637,0.941056
4638,0.863232
4639,0.915456
4640,0.857088
4641,0.941056
4642,0.899072
4643,0.942080
4644,0.924672
4645,0.882688
4646,0.891904
4647,0.692224
4648,0.631808
4649,0.468992
4650,0.421888
4651,0.381952
4652,0.749568
4653,0.914432
4654,0.948224
4655,0.866304
4656,0.948224
4657,0.910336
4658,0.928768
4659,0.904192
4660,0.955392
4661,0.915456
4662,0.926720
4663,0.888832
4664,0.911360
4665,0.905216
4666,0.888832
4667,0.929792
4668,0.912384
4669,0.894976
4670,0.867328
4671,0.901120
4672,0.780288
4673,0.892928
4674,0.910336
4675,0.908288
4676,0.879616
4677,0.913408
4678,0.846848
4679,0.935936
4680,0.961536
4681,0.893952
4682,0.873472
4683,0.956416
4684,0.971776
4685,0.868352
4686,0.894976
4687,0.907264
4688,0.965632
4689,0.846848
4690,0.893952
4691,0.870400
4692,1.057792
4693,0.929792
4694,0.959488
4695,0.909312
4696,0.897024
4697,0.868352
4698,0.879616
4699,0.939008
4700,0.907264
4701,0.919552
4702,0.928768
4703,0.916480
4704,0.901120
4705,0.929792
4706,0.916480
4707,0.883712
4708,0.919552
4709,0.923648
4710,0.924672
4711,0.939008
4712,0.893952
4713,0.886784
4714,0.931840
4715,0.891904
4716,0.743424
4717,0.550912
4718,0.484352
4719,0.435200
4720,0.453632
4721,0.419840
4722,0.372736
4723,0.348160
4724,0.935936
4725,0.904192
4726,0.927744
4727,0.898048
4728,0.976896
4729,0.900096
4730,0.929792
4731,0.917504
4732,0.880640
4733,0.921600
4734,0.892928
4735,0.864256
4736,0.881664
4737,0.894976
4738,0.904192
4739,0.869376
4740,0.896000
4741,0.942080
4742,0.882688
4743,0.894976
4744,0.897024
4745,0.896000
4746,0.904192
4747,0.901120
4748,0.909312
4749,0.896000
4750,0.928768
4751,0.929792
4752,0.954368
4753,0.845824
4754,0.974848
4755,0.935936
4756,0.904192
4757,0.973824
4758,0.894976
4759,0.927744
4760,0.864256
4761,0.920576
4762,0.892928
4763,0.923648
4764,0.845824
4765,0.827392
4766,0.858112
4767,0.859136
4768,0.957440
4769,0.972800
4770,0.913408
4771,0.887808
4772,0.954368
4773,0.899072
4774,0.900096
4775,0.923648
4776,0.910336
4777,0.973824
4778,0.870400
4779,0.920576
4780,0.910336
4781,0.886784
4782,0.922624
4783,0.932864
4784,0.864256
4785,0.918528
4786,0.914432
4787,0.930816
4788,0.872448
4789,0.727040
4790,0.324608
4791,0.248832
4792,0.235520
4793,0.889856
4794,0.924672
4795,0.873472
4796,0.916480
4797,0.929792
4798,0.927744
4799,0.909312
4800,0.918528
4801,0.901120
4802,0.923648
4803,0.829440
4804,0.897024
4805,0.920576
4806,0.925696
4807,0.902144
4808,0.937984
4809,0.926720
4810,0.919552
4811,0.916480
4812,0.917504
4813,0.912384
4814,0.924672
4815,0.897024
4816,0.910336
4817,0.891904
4818,0.885760
4819,0.977920
4820,0.947200
4821,0.935936
4822,0.935936
4823,0.926720
4824,0.870400
4825,0.961536
4826,0.892928
4827,0.934912
4828,0.917504
4829,0.910336
4830,0.892928
4831,0.909312
4832,0.627712
4833,0.900096
4834,0.917504
4835,0.885760
4836,0.912384
4837,0.902144
4838,0.913408
4839,0.882688
4840,0.977920
4841,0.935936
4842,0.922624
4843,0.901120
4844,0.909312
4845,0.904192
4846,0.901120
4847,0.928768
4848,0.927744
4849,0.919552
4850,0.918528
4851,0.983040
4852,0.914432
4853,0.928768
4854,0.904192
4855,0.920576
4856,0.939008
4857,0.822272
4858,0.608256
4859,0.719872
4860,0.940032
4861,0.899072
4862,0.932864
4863,0.907264
4864,0.916480
4865,0.955392
4866,0.885760
4867,0.929792
4868,0.941056
4869,0.915456
4870,0.885760
4871,0.921600
4872,0.846848
4873,0.877568
4874,0.828416
4875,0.846848
4876,0.912384
4877,0.886784
4878,0.899072
4879,0.943104
4880,0.912384
4881,0.883712
4882,0.916480
4883,0.893952
4884,0.909312
4885,0.927744
4886,0.883712
4887,0.932864
4888,0.912384
4889,0.915456
4890,0.905216
4891,0.859136
4892,0.894976
4893,0.913408
4894,0.867328
4895,0.907264
4896,0.904192
4897,0.902144
4898,1.031168
4899,0.730112
4900,0.912384
4901,0.906240
4902,0.915456
4903,0.909312
4904,0.900096
4905,0.901120
4906,0.915456
4907,0.926720
4908,0.931840
4909,0.843776
4910,0.856064
4911,0.825344
4912,0.866304
4913,0.901120
4914,0.911360
4915,0.929792
4916,0.908288
4917,0.875520
4918,0.914432
4919,0.931840
4920,0.848896
4921,0.965632
4922,0.915456
4923,0.583680
4924,0.911360
4925,0.934912
4926,0.920576
4927,0.876544
4928,0.922624
4929,0.909312
4930,0.897024
4931,0.863232
4932,0.891904
4933,0.878592
4934,0.920576
4935,0.879616
4936,0.925696
4937,0.937984
4938,0.876544
4939,0.856064
4940,0.878592
4941,0.958464
4942,0.906240
4943,0.925696
4944,0.891904
4945,0.909312
4946,0.886784
4947,0.927744
4948,0.910336
4949,0.926720
4950,0.857088
4951,0.862208
4952,0.908288
4953,0.897024
4954,0.913408
4955,0.880640
4956,0.935936
4957,0.903168
4958,0.901120
4959,0.940032
4960,0.890880
4961,0.897024
4962,0.928768
4963,0.919552
4964,0.911360
4965,0.912384
4966,0.924672
4967,0.941056
4968,0.904192
4969,0.953344
4970,0.888832
4971,0.889856
4972,0.892928
4973,0.820224
4974,0.893952
4975,0.850944
4976,0.892928
4977,0.865280
4978,0.855040
4979,0.966656
4980,0.842752
4981,0.946176
4982,0.903168
4983,0.965632
4984,0.928768
4985,0.849920
4986,0.908288
4987,0.966656
4988,0.875520
4989,0.596992
4990,0.912384
4991,0.908288
4992,0.939008
4993,0.937984
4994,0.920576
4995,0.900096
4996,0.829440
4997,0.883712
4998,0.856064
4999,0.880640
5000,1.043456
5001,0.905216
5002,0.924672
5003,0.931840
5004,0.920576
5005,0.908288
5006,0.913408
5007,0.785408
5008,0.930816
5009,0.919552
5010,0.894976
5011,0.939008
5012,0.948224
5013,0.878592
5014,0.899072
5015,0.892928
5016,0.897024
5017,0.904192
5018,0.880640
5019,0.908288
5020,0.920576
5021,0.937984
5022,0.949248
5023,0.942080
5024,0.875520
5025,0.893952
5026,0.901120
5027,0.960512
5028,0.876544
5029,0.915456
5030,0.888832
5031,0.833536
5032,0.901120
5033,0.916480
5034,0.860160
5035,0.896000
5036,0.902144
5037,0.930816
5038,0.851968
5039,0.896000
5040,0.901120
5041,0.881664
5042,0.921600
5043,0.969728
5044,0.910336
5045,0.905216
5046,0.932864
5047,0.917504
5048,0.890880
5049,0.943104
5050,0.914432
5051,0.935936
5052,0.921600
5053,0.769024
5054,0.609280
5055,0.421888
5056,0.364544
5057,0.349184
5058,0.347136
5059,0.263168
5060,0.270336
5061,0.286720
5062,0.233472
5063,0.892928
5064,0.978944
5065,0.879616
5066,0.865280
5067,0.917504
5068,0.937984
5069,0.905216
5070,0.903168
5071,0.977920
5072,0.901120
5073,0.868352
5074,0.862208
5075,0.906240
5076,0.929792
5077,0.874496
5078,0.953344
5079,0.928768
5080,0.844800
5081,0.881664
5082,0.750592
5083,0.809984
5084,0.866304
5085,0.889856
5086,0.930816
5087,0.900096
5088,0.939008
5089,0.919552
5090,0.905216
5091,0.937984
5092,0.945152
5093,0.869376
5094,0.936960
5095,0.870400
5096,0.927744
5097,0.891904
5098,0.934912
5099,0.934912
5100,0.889856
5101,0.889856
5102,0.903168
5103,0.948224
5104,0.837632
5105,0.924672
5106,0.929792
5107,0.877568
5108,0.952320
5109,0.918528
5110,0.908288
5111,0.914432
5112,0.958464
5113,0.939008
5114,0.910336
5115,0.892928
5116,0.886784
5117,0.966656
5118,0.906240
5119,0.922624
5120,0.903168
5121,0.891904
5122,0.876544
5123,0.926720
5124,0.839680
5125,0.885760
5126,0.910336
5127,0.794624
5128,0.473088
5129,0.435200
5130,0.297984
5131,0.296960
5132,0.243712
5133,0.235520
5134,0.220160
5135,0.221184
5136,0.175104
5137,0.173056
5138,0.176128
5139,0.169984
5140,0.175104
5141,0.161792
5142,0.148480
5143,0.148480
5144,0.148480
5145,0.148480
5146,0.147456
5147,0.148480
5148,0.147456
5149,0.148480
5150,0.148480
5151,0.149504
5152,0.149504
5153,0.147456
5154,0.862208
5155,0.960512
5156,0.912384
5157,0.872448
5158,0.953344
5159,0.954368
5160,0.912384
5161,0.891904
5162,0.884736
5163,0.873472
5164,0.909312
5165,0.881664
5166,0.942080
5167,0.936960
5168,0.912384
5169,0.911360
5170,0.880640
5171,0.889856
5172,0.885760
5173,0.929792
5174,0.780288
5175,0.924672
5176,0.815104
5177,0.973824
5178,0.835584
5179,0.911360
5180,0.877568
5181,0.868352
5182,0.963584
5183,0.919552
5184,0.911360
5185,0.924672
5186,0.937984
5187,0.958464
5188,0.871424
5189,0.926720
5190,0.921600
5191,0.890880
5192,0.886784
5193,0.937984
5194,0.862208
5195,0.854016
5196,0.825344
5197,0.899072
5198,0.913408
5199,0.872448
5200,0.918528
5201,0.956416
5202,0.894976
5203,0.875520
5204,0.928768
5205,0.906240
5206,0.935936
5207,0.877568
5208,0.887808
5209,0.918528
5210,0.887808
5211,0.943104
5212,0.923648
5213,0.890880
5214,0.939008
5215,0.909312
5216,0.898048
5217,0.926720
5218,0.851968
5219,0.689152
5220,0.894976
5221,0.902144
5222,0.885760
5223,0.966656
5224,0.909312
5225,0.885760
5226,0.869376
5227,0.860160
5228,0.811008
5229,0.829440
5230,0.948224
5231,0.908288
5232,0.931840
5233,0.872448
5234,0.974848
5235,0.889856
5236,0.898048
5237,0.885760
5238,0.894976
5239,0.921600
5240,0.893952
5241,0.861184
5242,0.887808
5243,0.876544
5244,0.949248
5245,0.935936
5246,0.904192
5247,0.891904
5248,0.872448
5249,0.930816
5250,0.845824
5251,0.946176
5252,0.922624
5253,0.943104
5254,0.869376
5255,0.916480
5256,0.921600
5257,0.871424
5258,0.979968
5259,0.950272
5260,0.915456
5261,0.881664
5262,0.907264
5263,0.949248
5264,0.917504
5265,0.962560
5266,0.909312
5267,0.907264
5268,0.924672
5269,0.947200
5270,0.908288
5271,0.896000
5272,0.951296
5273,0.916480
5274,0.899072
5275,0.780288
5276,0.910336
5277,0.900096
5278,0.919552
5279,0.905216
5280,0.904192
5281,0.896000
5282,0.893952
5283,0.821248
5284,0.677888
5285,0.673792
5286,0.393216
5287,0.316416
5288,0.309248
5289,0.230400
5290,0.228352
5291,0.238592
5292,0.180224
5293,0.172032
5294,0.167936
5295,0.160768
5296,0.171008
5297,0.163840
5298,0.165888
5299,0.166912
5300,0.161792
5301,0.159744
5302,0.161792
5303,0.747520
5304,0.911360
5305,0.988160
5306,0.878592
5307,0.892928
5308,0.902144
5309,0.908288
5310,0.892928
5311,0.910336
5312,0.888832
5313,0.944128
5314,0.906240
5315,0.918528
5316,0.942080
5317,0.960512
5318,0.890880
5319,0.919552
5320,0.900096
5321,0.943104
5322,0.947200
5323,0.927744
5324,0.902144
5325,0.897024
5326,0.943104
5327,0.888832
5328,0.882688
5329,0.934912
5330,0.920576
5331,0.972800
5332,0.913408
5333,0.912384
5334,0.944128
5335,0.890880
5336,0.881664
5337,0.930816
5338,0.928768
5339,0.943104
5340,0.948224
5341,0.909312
5342,0.901120
5343,0.927744
5344,0.897024
5345,0.878592
5346,0.855040
5347,0.827392
5348,0.926720
5349,0.935936
5350,0.892928
5351,0.916480
5352,0.884736
5353,0.913408
5354,0.886784
5355,0.952320
5356,0.941056
5357,0.955392
5358,0.923648
5359,0.947200
5360,0.912384
5361,0.930816
5362,0.950272
5363,0.916480
5364,0.907264
5365,0.899072
5366,0.873472
5367,0.851968
5368,0.737280
5369,0.920576
5370,0.913408
5371,0.935936
5372,0.902144
5373,0.885760
5374,0.973824
5375,0.931840
5376,0.921600
5377,0.918528
5378,0.940032
5379,0.919552
5380,0.916480
5381,0.935936
5382,0.909312
5383,0.924672
5384,0.875520
5385,0.893952
5386,0.846848
5387,0.821248
5388,0.865280
5389,1.015808
5390,0.913408
5391,0.838656
5392,0.430080
5393,0.875520
5394,0.873472
5395,0.927744
5396,0.928768
5397,0.848896
5398,0.870400
5399,0.944128
5400,0.920576
5401,0.840704
5402,0.965632
5403,0.897024
5404,0.932864
5405,0.878592
5406,0.898048
5407,0.912384
5408,0.929792
5409,0.902144
5410,0.885760
5411,0.939008
5412,0.884736
5413,0.915456
5414,0.927744
5415,0.959488
5416,0.885760
5417,0.878592
5418,0.922624
5419,0.913408
5420,0.889856
5421,0.973824
5422,0.920576
5423,0.920576
5424,0.929792
5425,0.896000
5426,0.940032
5427,0.908288
5428,0.933888
5429,0.939008
5430,0.924672
5431,0.954368
5432,0.837632
5433,0.720896
5434,0.358400
5435,0.334848
5436,0.876544
5437,0.919552
5438,0.950272
5439,0.952320
5440,0.877568
5441,0.955392
5442,0.915456
5443,0.894976
5444,0.968704
5445,0.884736
5446,0.946176
5447,0.897024
5448,0.926720
5449,0.919552
5450,0.941056
5451,0.890880
5452,0.906240
5453,0.923648
5454,0.920576
5455,0.960512
5456,0.889856
5457,0.910336
5458,0.889856
5459,0.957440
5460,0.872448
5461,0.934912
5462,0.906240
5463,0.907264
5464,0.926720
5465,0.926720
5466,0.855040
5467,0.964608
5468,0.897024
5469,0.888832
5470,0.852992
5471,0.914432
5472,0.927744
5473,0.882688
5474,0.885760
5475,0.928768
5476,0.996352
5477,0.890880
5478,0.940032
5479,0.919552
5480,0.925696
5481,0.889856
5482,0.899072
5483,0.930816
5484,0.933888
5485,0.980992
5486,0.898048
5487,0.933888
5488,0.932864
5489,0.904192
5490,0.947200
5491,0.936960
5492,0.945152
5493,0.946176
5494,0.918528
5495,0.887808
5496,0.936960
5497,0.950272
5498,0.920576
5499,0.809984
5500,0.659456
5501,0.460800
5502,0.827392
5503,0.977920
5504,0.890880
5505,1.012736
5506,0.872448
5507,0.892928
5508,0.912384
5509,0.887808
5510,0.899072
5511,0.897024
5512,0.927744
5513,0.903168
5514,0.908288
5515,0.916480
5516,0.900096
5517,0.917504
5518,0.882688
5519,0.788480
5520,1.087488
5521,0.784384
5522,0.940032
5523,0.919552
5524,0.902144
5525,0.923648
5526,0.864256
5527,0.858112
5528,0.837632
5529,0.880640
5530,0.933888
5531,0.889856
5532,0.883712
5533,0.902144
5534,0.884736
5535,0.904192
5536,0.913408
5537,0.836608
5538,0.923648
5539,0.903168
5540,0.885760
5541,0.949248
5542,0.959488
5543,0.961536
5544,0.892928
5545,0.941056
5546,0.921600
5547,0.957440
5548,0.907264
5549,0.917504
5550,0.910336
5551,0.910336
5552,0.926720
5553,0.863232
5554,0.963584
5555,0.911360
5556,0.919552
5557,0.897024
5558,0.893952
5559,0.915456
5560,0.867328
5561,0.898048
5562,0.901120
5563,0.949248
5564,0.891904
5565,0.912384
5566,0.874496
5567,0.836608
5568,0.957440
5569,0.863232
5570,0.920576
5571,0.872448
5572,0.872448
5573,0.940032
5574,0.947200
5575,0.916480
5576,0.890880
5577,0.915456
5578,0.863232
5579,0.910336
5580,0.937984
5581,0.935936
5582,0.918528
5583,0.919552
5584,0.912384
5585,0.894976
5586,0.899072
5587,0.931840
5588,0.876544
5589,0.929792
5590,0.884736
5591,0.908288
5592,0.857088
5593,0.844800
5594,0.831488
5595,0.858112
5596,0.852992
5597,0.787456
5598,0.846848
5599,0.907264
5600,0.898048
5601,0.890880
5602,0.891904
5603,0.906240
5604,0.891904
5605,0.893952
5606,0.937984
5607,0.883712
5608,0.910336
5609,0.921600
5610,0.942080
5611,0.910336
5612,0.907264
5613,0.957440
5614,0.894976
5615,0.877568
5616,0.933888
5617,0.918528
5618,0.935936
5619,0.910336
5620,0.915456
5621,0.904192
5622,0.892928
5623,0.821248
5624,0.862208
5625,0.906240
5626,0.932864
5627,0.952320
5628,0.896000
5629,0.923648
5630,0.885760
5631,0.983040
5632,0.804864
5633,0.297984
5634,0.778240
5635,0.936960
5636,0.890880
5637,0.934912
5638,0.889856
5639,0.870400
5640,0.896000
5641,0.862208
5642,0.917504
5643,0.873472
5644,0.949248
5645,0.875520
5646,0.940032
5647,0.926720
5648,0.929792
5649,0.916480
5650,0.919552
5651,0.934912
5652,0.941056
5653,0.879616
5654,0.894976
5655,0.904192
5656,0.888832
5657,0.850944
5658,0.837632
5659,0.840704
5660,0.869376
5661,0.849920
5662,0.907264
5663,0.881664
5664,1.056768
5665,0.903168
5666,0.840704
5667,0.931840
5668,0.924672
5669,0.883712
5670,0.903168
5671,0.848896
5672,0.883712
5673,0.920576
5674,0.871424
5675,0.930816
5676,0.876544
5677,0.904192
5678,0.878592
5679,0.927744
5680,0.932864
5681,0.860160
5682,0.799744
5683,0.816128
5684,0.896000
5685,0.912384
5686,0.918528
5687,0.891904
5688,0.989184
5689,0.914432
5690,0.899072
5691,0.888832
5692,0.941056
5693,0.935936
5694,0.925696
5695,0.893952
5696,0.941056
5697,0.947200
5698,0.842752
5699,0.646144
5700,0.666624
5701,0.926720
5702,0.916480
5703,0.917504
5704,0.860160
5705,0.932864
5706,0.896000
5707,0.875520
5708,0.826368
5709,0.885760
5710,0.889856
5711,0.866304
5712,0.882688
5713,0.949248
5714,0.903168
5715,0.915456
5716,0.898048
5717,0.936960
5718,0.937984
5719,0.931840
5720,0.935936
5721,0.924672
5722,0.877568
5723,0.857088
5724,0.934912
5725,0.917504
5726,0.898048
5727,0.923648
5728,0.930816
5729,0.902144
5730,0.877568
5731,0.915456
5732,0.925696
5733,0.901120
5734,0.880640
5735,0.920576
5736,0.870400
5737,0.876544
5738,0.901120
5739,0.931840
5740,0.928768
5741,0.915456
5742,0.946176
5743,0.882688
5744,0.946176
5745,0.915456
5746,0.947200
5747,0.896000
5748,0.891904
5749,0.913408
5750,0.919552
5751,0.920576
5752,0.937984
5753,0.925696
5754,0.920576
5755,0.839680
5756,0.873472
5757,0.940032
5758,0.961536
5759,0.908288
5760,0.933888
5761,0.982016
5762,0.918528
5763,0.929792
5764,0.566272
5765,0.823296
5766,0.887808
5767,0.850944
5768,0.835584
5769,0.887808
5770,0.924672
5771,0.911360
5772,0.899072
5773,0.911360
5774,0.918528
5775,0.915456
5776,0.902144
5777,0.924672
5778,0.897024
5779,0.917504
5780,0.874496
5781,0.928768
5782,0.849920
5783,0.907264
5784,0.936960
5785,0.878592
5786,0.871424
5787,0.897024
5788,0.862208
5789,0.948224
5790,0.887808
5791,0.929792
5792,0.903168
5793,0.946176
5794,0.886784
5795,0.917504
5796,0.919552
5797,0.879616
5798,0.875520
5799,0.921600
5800,0.936960
5801,0.919552
5802,0.910336
5803,0.956416
5804,0.906240
5805,0.916480
5806,0.921600
5807,0.936960
5808,0.905216
5809,0.934912
5810,0.934912
5811,0.955392
5812,0.902144
5813,0.911360
5814,0.932864
5815,0.914432
5816,0.904192
5817,0.954368
5818,0.914432
5819,0.874496
5820,0.860160
5821,0.865280
5822,0.833536
5823,0.922624
5824,0.914432
5825,0.915456
5826,0.931840
5827,0.915456
5828,0.878592
5829,0.835584
5830,0.605184
5831,0.943104
5832,0.910336
5833,0.946176
5834,0.908288
5835,0.881664
5836,0.837632
5837,0.836608
5838,0.898048
5839,0.905216
5840,0.883712
5841,0.920576
5842,0.884736
5843,0.939008
5844,0.923648
5845,0.956416
5846,0.869376
5847,0.933888
5848,0.886784
5849,0.932864
5850,0.874496
5851,0.931840
5852,0.886784
5853,0.915456
5854,0.905216
5855,0.864256
5856,0.915456
5857,0.891904
5858,0.863232
5859,0.876544
5860,0.905216
5861,0.925696
5862,0.892928
5863,0.935936
5864,0.877568
5865,0.915456
5866,0.882688
5867,0.909312
5868,0.953344
5869,0.914432
5870,0.910336
5871,0.910336
5872,0.918528
5873,0.893952
5874,0.880640
5875,0.901120
5876,0.860160
5877,0.847872
5878,0.859136
5879,0.910336
5880,0.911360
5881,0.941056
5882,0.890880
5883,0.922624
5884,0.935936
5885,0.894976
5886,0.904192
5887,0.925696
5888,0.901120
5889,0.946176
5890,0.957440
5891,0.922624
5892,0.893952
5893,0.940032
5894,0.918528
5895,0.860160
5896,0.632832
5897,0.873472
5898,0.993280
5899,0.921600
5900,0.900096
5901,0.915456
5902,0.891904
5903,0.883712
5904,0.850944
5905,0.851968
5906,0.890880
5907,0.906240
5908,0.912384
5909,0.868352
5910,0.950272
5911,0.847872
5912,0.900096
5913,0.948224
5914,0.849920
5915,0.915456
5916,0.914432
5917,0.890880
5918,0.906240
5919,0.844800
5920,0.896000
5921,0.896000
5922,0.906240
5923,0.906240
5924,0.851968
5925,0.906240
5926,0.905216
5927,0.884736
5928,0.902144
5929,0.944128
5930,0.922624
5931,0.919552
5932,0.917504
5933,0.901120
5934,0.918528
5935,0.868352
5936,0.835584
5937,0.930816
5938,0.892928
5939,0.939008
5940,0.868352
5941,0.963584
5942,0.893952
5943,0.917504
5944,0.915456
5945,0.901120
5946,0.905216
5947,0.915456
5948,0.867328
5949,0.882688
5950,0.839680
5951,0.839680
5952,0.891904
5953,0.903168
5954,0.928768
5955,0.923648
5956,0.926720
5957,0.928768
5958,0.880640
5959,0.883712
5960,0.933888
5961,0.798720
5962,0.821248
5963,0.946176
5964,0.906240
5965,0.928768
5966,0.871424
5967,0.902144
5968,0.913408
5969,0.908288
5970,0.896000
5971,0.900096
5972,0.959488
5973,0.892928
5974,0.928768
5975,0.878592
5976,0.944128
5977,0.884736
5978,0.935936
5979,0.897024
5980,0.920576
5981,0.939008
5982,0.918528
5983,0.918528
5984,0.954368
5985,0.876544
5986,0.955392
5987,0.928768
5988,0.889856
5989,0.877568
5990,0.925696
5991,0.969728
5992,0.863232
5993,0.865280
5994,0.899072
5995,0.826368
5996,0.827392
5997,0.852992
5998,0.845824
5999,0.929792
6000,0.960512
6001,0.935936
6002,0.925696
6003,0.937984
6004,0.911360
6005,0.915456
6006,0.933888
6007,0.927744
6008,0.897024
6009,0.907264
6010,0.918528
6011,0.905216
6012,0.963584
6013,0.923648
6014,0.889856
6015,0.935936
6016,0.899072
6017,0.942080
6018,0.919552
6019,0.936960
6020,0.955392
6021,0.917504
6022,0.926720
6023,0.920576
6024,0.901120
6025,0.910336
6026,0.904192
6027,0.740352
6028,0.748544
6029,0.877568
6030,0.881664
6031,0.952320
6032,0.902144
6033,0.906240
6034,0.912384
6035,1.005568
6036,0.717824
6037,0.843776
6038,0.795648
6039,0.862208
6040,0.916480
6041,0.904192
6042,0.861184
6043,0.923648
6044,0.906240
6045,0.880640
6046,0.864256
6047,0.886784
6048,0.909312
6049,0.929792
6050,0.917504
6051,0.866304
6052,0.933888
6053,0.879616
6054,0.901120
6055,0.904192
6056,0.939008
6057,0.873472
6058,0.937984
6059,0.921600
6060,0.879616
6061,0.930816
6062,0.826368
6063,0.861184
6064,0.901120
6065,0.902144
6066,0.858112
6067,0.871424
6068,0.897024
6069,0.884736
6070,0.906240
6071,0.923648
6072,0.932864
6073,0.906240
6074,0.852992
6075,0.879616
6076,0.900096
6077,0.908288
6078,0.948224
6079,0.890880
6080,0.954368
6081,0.881664
6082,0.943104
6083,0.936960
6084,0.880640
6085,0.898048
6086,0.956416
6087,0.905216
6088,0.886784
6089,0.893952
6090,0.903168
6091,0.827392
6092,0.884736
6093,0.519168
6094,0.419840
6095,0.771072
6096,0.922624
6097,0.922624
6098,0.866304
6099,0.912384
6100,0.886784
6101,0.896000
6102,0.894976
6103,0.882688
6104,0.868352
6105,0.849920
6106,0.891904
6107,0.865280
6108,0.939008
6109,0.867328
6110,0.883712
6111,0.949248
6112,0.940032
6113,0.956416
6114,0.875520
6115,0.972800
6116,0.883712
6117,0.886784
6118,0.961536
6119,0.893952
6120,0.967680
6121,0.887808
6122,0.872448
6123,0.937984
6124,0.902144
6125,0.868352
6126,0.889856
6127,0.834560
6128,0.901120
6129,0.926720
6130,0.875520
6131,0.920576
6132,0.837632
6133,0.898048
6134,0.894976
6135,0.886784
6136,0.905216
6137,0.915456
6138,0.911360
6139,0.912384
6140,0.949248
6141,0.914432
6142,0.954368
6143,0.932864
6144,0.957440
6145,0.960512
6146,0.919552
6147,0.916480
6148,0.926720
6149,0.918528
6150,0.948224
6151,0.936960
6152,0.910336
6153,0.931840
6154,0.916480
6155,0.925696
6156,0.929792
6157,0.898048
6158,0.909312
6159,0.909312
6160,0.779264
6161,0.496640
6162,0.347136
6163,0.390144
6164,0.935936
6165,0.901120
6166,0.921600
6167,0.917504
6168,0.936960
6169,0.912384
6170,0.889856
6171,0.962560
6172,0.891904
6173,0.947200
6174,0.904192
6175,0.964608
6176,0.894976
6177,0.922624
6178,0.903168
6179,0.877568
6180,0.910336
6181,0.904192
6182,0.923648
6183,0.957440
6184,0.878592
6185,0.900096
6186,0.907264
6187,0.907264
6188,0.900096
6189,0.966656
6190,0.927744
6191,0.874496
6192,0.994304
6193,0.939008
6194,0.874496
6195,0.944128
6196,0.919552
6197,0.971776
6198,0.854016
6199,0.901120
6200,0.913408
6201,0.918528
6202,0.905216
6203,0.885760
6204,0.917504
6205,0.920576
6206,0.887808
6207,0.932864
6208,0.906240
6209,0.848896
6210,0.892928
6211,0.878592
6212,0.817152
6213,0.858112
6214,0.844800
6215,0.923648
6216,0.926720
6217,0.921600
6218,0.919552
6219,0.942080
6220,0.868352
6221,0.945152
6222,0.919552
6223,0.899072
6224,0.906240
6225,0.917504
6226,0.935936
6227,0.881664
6228,0.680960
6229,0.945152
6230,0.930816
6231,0.963584
6232,0.958464
6233,0.913408
6234,0.946176
6235,0.956416
6236,0.884736
6237,0.930816
6238,0.965632
6239,0.896000
6240,0.933888
6241,0.936960
6242,0.849920
6243,0.862208
6244,0.900096
6245,0.904192
6246,0.889856
6247,0.937984
6248,0.898048
6249,0.933888
6250,0.894976
6251,0.909312
6252,0.937984
6253,0.913408
6254,0.908288
6255,0.955392
6256,0.894976
6257,0.985088
6258,0.918528
6259,1.017856
6260,0.838656
6261,0.881664
6262,0.929792
6263,0.939008
6264,0.882688
6265,0.927744
6266,0.908288
6267,0.907264
6268,0.922624
6269,0.867328
6270,0.933888
6271,0.886784
6272,0.934912
6273,0.973824
6274,0.900096
6275,0.902144
6276,0.912384
6277,0.913408
6278,0.946176
6279,0.942080
6280,0.908288
6281,0.922624
6282,0.962560
6283,0.934912
6284,0.912384
6285,0.861184
6286,0.918528
6287,0.930816
6288,0.913408
6289,0.832512
6290,0.885760
6291,0.910336
6292,0.768000
6293,0.575488
6294,0.513024
6295,0.926720
6296,0.919552
6297,0.905216
6298,0.934912
6299,0.934912
6300,0.924672
6301,0.937984
6302,0.914432
6303,0.908288
6304,0.906240
6305,0.887808
6306,0.893952
6307,0.864256
6308,0.885760
6309,0.881664
6310,0.962560
6311,0.871424
6312,0.894976
6313,0.881664
6314,0.902144
6315,0.948224
6316,0.864256
6317,0.901120
6318,0.966656
6319,0.918528
6320,0.917504
6321,0.918528
6322,0.882688
6323,0.941056
6324,1.089536
6325,0.479232
6326,0.811008
6327,0.918528
6328,0.927744
6329,0.926720
6330,0.896000
6331,0.939008
6332,0.910336
6333,0.904192
6334,0.948224
6335,0.906240
6336,0.915456
6337,0.927744
6338,0.919552
6339,0.901120
6340,0.872448
6341,0.910336
6342,0.956416
6343,0.937984
6344,0.892928
6345,0.930816
6346,0.972800
6347,0.929792
6348,0.896000
6349,0.887808
6350,0.920576
6351,0.926720
6352,0.934912
6353,0.902144
6354,0.922624
6355,0.927744
6356,0.914432
6357,0.918528
6358,0.942080
6359,0.900096
6360,0.575488
6361,0.380928
6362,0.344064
6363,0.348160
6364,0.345088
6365,0.328704
6366,0.210944
6367,0.165888
6368,0.166912
6369,0.164864
6370,0.171008
6371,0.169984
6372,0.167936
6373,0.164864
6374,0.166912
6375,0.163840
6376,0.166912
6377,0.866304
6378,0.915456
6379,0.925696
6380,0.946176
6381,0.909312
6382,0.901120
6383,0.913408
6384,0.878592
6385,0.899072
6386,0.925696
6387,0.936960
6388,0.899072
6389,0.933888
6390,0.929792
6391,0.831488
6392,0.917504
6393,0.922624
6394,0.940032
6395,0.939008
6396,0.909312
6397,0.861184
6398,0.912384
6399,0.928768
6400,0.882688
6401,0.908288
6402,0.957440
6403,0.934912
6404,0.914432
6405,0.891904
6406,0.927744
6407,1.146880
6408,0.781312
6409,0.907264
6410,0.902144
6411,0.865280
6412,0.855040
6413,0.897024
6414,0.620544
6415,0.943104
6416,0.929792
6417,0.910336
6418,0.946176
6419,0.947200
6420,0.926720
6421,0.868352
6422,0.923648
6423,0.834560
6424,1.058816
6425,0.861184
6426,0.882688
6427,0.939008
6428,0.903168
6429,0.900096
6430,0.886784
6431,0.929792
6432,0.927744
6433,0.919552
6434,0.928768
6435,0.908288
6436,0.950272
6437,0.950272
6438,0.922624
6439,0.909312
6440,0.826368
6441,0.583680
6442,0.514048
6443,0.425984
6444,0.265216
6445,0.264192
6446,0.261120
6447,0.249856
6448,0.252928
6449,0.217088
6450,0.901120
6451,0.936960
6452,0.930816
6453,0.945152
6454,0.900096
6455,0.912384
6456,0.961536
6457,0.936960
6458,0.914432
6459,0.947200
6460,0.920576
6461,0.908288
6462,0.910336
6463,0.908288
6464,0.920576
6465,0.944128
6466,0.913408
6467,0.921600
6468,0.907264
6469,0.904192
6470,0.889856
6471,0.901120
6472,0.909312
6473,0.887808
6474,0.882688
6475,0.882688
6476,0.874496
6477,0.893952
6478,0.953344
6479,0.893952
6480,0.916480
6481,0.963584
6482,0.917504
6483,0.965632
6484,0.866304
6485,0.908288
6486,0.942080
6487,0.903168
6488,0.930816
6489,0.962560
6490,0.902144
6491,0.839680
6492,0.962560
6493,0.956416
6494,0.909312
6495,0.968704
6496,0.892928
6497,0.903168
6498,0.849920
6499,0.861184
6500,0.900096
6501,0.913408
6502,0.900096
6503,0.897024
6504,0.874496
6505,0.932864
6506,0.954368
6507,0.946176
6508,0.914432
6509,0.922624
6510,0.974848
6511,0.956416
6512,0.911360
6513,0.843776
6514,0.687104
6515,0.606208
6516,0.424960
6517,0.355328
6518,0.830464
6519,0.905216
6520,0.893952
6521,0.901120
6522,0.923648
6523,0.950272
6524,0.890880
6525,0.937984
6526,0.885760
6527,0.979968
6528,0.900096
6529,0.852992
6530,0.984064
6531,0.909312
6532,0.914432
6533,0.892928
6534,0.902144
6535,0.927744
6536,0.883712
6537,0.936960
6538,0.926720
6539,0.878592
6540,0.939008
6541,0.888832
6542,0.915456
6543,0.940032
6544,0.900096
6545,0.901120
6546,0.919552
6547,0.926720
6548,0.917504
6549,0.862208
6550,0.921600
6551,0.841728
6552,0.850944
6553,0.864256
6554,0.865280
6555,0.944128
6556,0.868352
6557,0.871424
6558,0.930816
6559,0.945152
6560,0.912384
6561,0.922624
6562,0.978944
6563,0.854016
6564,0.958464
6565,0.933888
6566,0.910336
6567,0.939008
6568,0.892928
6569,0.952320
6570,0.948224
6571,0.905216
6572,0.950272
6573,0.953344
6574,0.889856
6575,0.950272
6576,0.829440
6577,0.905216
6578,0.912384
6579,0.915456
6580,0.947200
6581,0.952320
6582,0.897024
6583,0.774144
6584,0.537600
6585,0.431104
6586,0.817152
6587,0.865280
6588,0.903168
6589,0.935936
6590,0.962560
6591,0.891904
6592,0.918528
6593,0.917504
6594,0.941056
6595,0.932864
6596,0.874496
6597,0.892928
6598,0.921600
6599,0.939008
6600,0.898048
6601,0.886784
6602,0.992256
6603,0.840704
6604,0.904192
6605,0.910336
6606,0.903168
6607,0.945152
6608,0.880640
6609,0.917504
6610,0.971776
6611,0.915456
6612,0.917504
6613,0.890880
6614,0.934912
6615,0.871424
6616,0.956416
6617,0.901120
6618,0.904192
6619,0.910336
6620,0.931840
6621,0.929792
6622,0.956416
6623,0.884736
6624,0.867328
6625,0.929792
6626,0.899072
6627,0.860160
6628,0.877568
6629,0.874496
6630,0.871424
6631,0.875520
6632,0.907264
6633,0.908288
6634,0.887808
6635,0.932864
6636,0.961536
6637,0.952320
6638,0.962560
6639,0.925696
6640,0.945152
6641,0.913408
6642,0.907264
6643,0.901120
6644,0.882688
6645,0.899072
6646,0.909312
6647,0.912384
6648,0.935936
6649,0.901120
6650,0.755712
6651,0.637952
6652,0.537600
6653,0.795648
6654,0.894976
6655,0.875520
6656,0.970752
6657,0.905216
6658,0.891904
6659,0.894976
6660,0.927744
6661,0.913408
6662,0.880640
6663,0.932864
6664,0.901120
6665,0.934912
6666,0.861184
6667,0.908288
6668,0.904192
6669,0.888832
6670,0.865280
6671,0.861184
6672,0.859136
6673,0.903168
6674,0.907264
6675,0.902144
6676,0.897024
6677,0.923648
6678,0.899072
6679,0.888832
6680,0.906240
6681,0.873472
6682,0.949248
6683,0.902144
6684,0.893952
6685,0.930816
6686,0.847872
6687,0.952320
6688,1.068032
6689,0.879616
6690,0.918528
6691,0.862208
6692,0.937984
6693,0.818176
6694,0.935936
6695,0.913408
6696,0.998400
6697,0.983040
6698,0.817152
6699,0.906240
6700,0.931840
6701,0.920576
6702,0.934912
6703,0.923648
6704,0.867328
6705,0.927744
6706,0.943104
6707,0.867328
6708,0.852992
6709,0.900096
6710,0.929792
6711,0.886784
6712,0.982016
6713,0.945152
6714,0.919552
6715,0.909312
6716,0.910336
6717,0.768000
6718,0.576512
6719,0.234496
6720,0.174080
6721,0.177152
6722,0.176128
6723,0.172032
6724,0.174080
6725,0.175104
6726,0.177152
6727,0.175104
6728,0.167936
6729,0.182272
6730,0.177152
6731,0.168960
6732,0.174080
6733,0.173056
6734,0.167936
6735,0.850944
6736,0.910336
6737,0.890880
6738,0.936960
6739,0.906240
6740,0.920576
6741,0.951296
6742,0.884736
6743,0.915456
6744,0.935936
6745,0.902144
6746,0.884736
6747,0.877568
6748,0.855040
6749,0.906240
6750,0.897024
6751,0.903168
6752,0.861184
6753,0.891904
6754,0.904192
6755,0.892928
6756,0.834560
6757,0.899072
6758,0.902144
6759,0.948224
6760,0.879616
6761,0.916480
6762,0.877568
6763,0.855040
6764,0.852992
6765,0.920576
6766,0.871424
6767,0.922624
6768,0.865280
6769,0.929792
6770,0.884736
6771,0.910336
6772,0.897024
6773,0.914432
6774,0.955392
6775,0.886784
6776,0.921600
6777,0.879616
6778,0.912384
6779,0.942080
6780,0.776192
6781,0.911360
6782,0.949248
6783,0.921600
6784,0.888832
6785,0.965632
6786,0.899072
6787,0.885760
6788,0.971776
6789,0.911360
6790,0.950272
6791,0.914432
6792,0.936960
6793,0.926720
6794,0.902144
6795,1.003520
6796,0.894976
6797,0.897024
6798,0.925696
6799,0.928768
6800,0.699392
6801,0.552960
6802,0.281600
6803,0.262144
6804,0.235520
6805,0.860160
6806,0.911360
6807,0.933888
6808,0.897024
6809,0.958464
6810,0.744448
6811,0.949248
6812,0.916480
6813,0.927744
6814,0.917504
6815,0.914432
6816,0.917504
6817,0.915456
6818,0.919552
6819,0.906240
6820,1.072128
6821,1.067008
6822,0.862208
6823,0.931840
6824,0.935936
6825,0.898048
6826,0.912384
6827,0.943104
6828,0.874496
6829,0.860160
6830,0.884736
6831,0.871424
6832,0.872448
6833,0.845824
6834,0.839680
6835,0.920576
6836,0.905216
6837,0.903168
6838,0.885760
6839,0.943104
6840,0.974848
6841,0.874496
6842,0.915456
6843,0.894976
6844,0.908288
6845,0.857088
6846,0.961536
6847,0.932864
6848,0.883712
6849,0.918528
6850,0.911360
6851,0.910336
6852,0.941056
6853,0.891904
6854,0.920576
6855,0.961536
6856,0.936960
6857,0.887808
6858,0.897024
6859,0.893952
6860,0.888832
6861,0.936960
6862,0.847872
6863,0.872448
6864,0.930816
6865,0.858112
6866,0.913408
6867,0.952320
6868,0.964608
6869,0.630784
6870,0.583680
6871,0.551936
6872,0.456704
6873,0.447488
6874,0.362496
6875,0.304128
6876,0.277504
6877,0.847872
6878,0.893952
6879,0.979968
6880,0.914432
6881,0.907264
6882,0.899072
6883,0.878592
6884,0.842752
6885,0.928768
6886,0.916480
6887,0.908288
6888,0.937984
6889,0.951296
6890,0.903168
6891,0.830464
6892,0.847872
6893,0.908288
6894,0.733184
6895,0.940032
6896,0.903168
6897,0.914432
6898,0.882688
6899,0.887808
6900,0.815104
6901,0.794624
6902,0.901120
6903,0.900096
6904,0.913408
6905,0.869376
6906,0.880640
6907,0.902144
6908,0.901120
6909,0.883712
6910,0.907264
6911,0.908288
6912,0.898048
6913,0.914432
6914,0.916480
6915,0.890880
6916,0.869376
6917,0.929792
6918,0.867328
6919,0.952320
6920,0.864256
6921,0.901120
6922,0.906240
6923,0.893952
6924,0.897024
6925,0.925696
6926,0.951296
6927,0.925696
6928,0.933888
6929,0.931840
6930,0.910336
6931,0.852992
6932,0.890880
6933,0.813056
6934,0.921600
6935,0.913408
6936,0.915456
6937,0.907264
6938,0.946176
6939,0.894976
6940,0.909312
6941,0.805888
6942,0.636928
6943,0.620544
6944,0.549888
6945,0.530432
6946,0.831488
6947,0.942080
6948,0.926720
6949,0.939008
6950,0.954368
6951,0.932864
6952,0.940032
6953,0.897024
6954,0.874496
6955,0.908288
6956,0.914432
6957,0.910336
6958,0.905216
6959,0.894976
6960,0.893952
6961,0.948224
6962,0.892928
6963,0.946176
6964,0.868352
6965,0.901120
6966,0.929792
6967,0.914432
6968,0.917504
6969,0.941056
6970,0.947200
6971,0.960512
6972,0.857088
6973,0.901120
6974,0.971776
6975,0.904192
6976,0.958464
6977,0.936960
6978,0.930816
6979,0.906240
6980,0.921600
6981,0.924672
6982,0.914432
6983,0.875520
6984,0.845824
6985,0.817152
6986,0.849920
6987,0.882688
6988,0.925696
6989,0.942080
6990,0.880640
6991,0.891904
6992,0.970752
6993,0.920576
6994,0.994304
6995,0.869376
6996,0.922624
6997,0.927744
6998,0.953344
6999,0.947200
7000,0.933888
7001,0.876544
7002,0.948224
7003,0.940032
7004,0.914432
7005,0.934912
7006,0.930816
7007,1.061888
7008,0.974848
7009,0.769024
7010,0.716800
7011,0.886784
7012,0.928768
7013,0.927744
7014,0.893952
7015,0.916480
7016,0.939008
7017,0.893952
7018,0.925696
7019,0.884736
7020,0.907264
7021,0.842752
7022,0.870400
7023,0.833536
7024,0.913408
7025,0.932864
7026,0.874496
7027,0.914432
7028,0.952320
7029,0.894976
7030,0.951296
7031,0.882688
7032,0.925696
7033,0.873472
7034,0.922624
7035,0.914432
7036,0.890880
7037,0.899072
7038,0.925696
7039,0.949248
7040,0.865280
7041,0.944128
7042,0.922624
7043,0.924672
7044,0.908288
7045,0.918528
7046,0.945152
7047,0.884736
7048,0.917504
7049,0.867328
7050,0.876544
7051,0.931840
7052,0.863232
7053,0.920576
7054,0.930816
7055,0.871424
7056,0.907264
7057,0.900096
7058,0.884736
7059,0.932864
7060,0.927744
7061,0.923648
7062,0.941056
7063,0.930816
7064,0.941056
7065,0.960512
7066,0.931840
7067,0.936960
7068,0.949248
7069,0.901120
7070,0.940032
7071,0.917504
7072,1.172480
7073,0.781312
7074,0.896000
7075,0.668672
7076,0.337920
7077,0.194560
7078,0.188416
7079,0.183296
7080,0.185344
7081,0.181248
7082,0.184320
7083,0.181248
7084,0.175104
7085,0.169984
7086,0.172032
7087,0.177152
7088,0.171008
7089,0.166912
7090,0.159744
7091,0.153600
7092,0.154624
7093,0.155648
7094,0.154624
7095,0.156672
7096,0.817152
7097,0.909312
7098,0.963584
7099,0.906240
7100,0.883712
7101,0.969728
7102,0.931840
7103,0.877568
7104,0.923648
7105,0.878592
7106,0.917504
7107,0.909312
7108,0.916480
7109,0.868352
7110,0.939008
7111,0.885760
7112,0.906240
7113,0.939008
7114,0.907264
7115,0.892928
7116,0.871424
7117,0.922624
7118,0.897024
7119,0.890880
7120,0.977920
7121,0.907264
7122,0.915456
7123,0.841728
7124,0.941056
7125,0.943104
7126,0.875520
7127,0.964608
7128,0.910336
7129,0.931840
7130,0.940032
7131,0.905216
7132,0.880640
7133,0.921600
7134,0.865280
7135,0.925696
7136,0.934912
7137,0.925696
7138,0.936960
7139,0.979968
7140,0.952320
7141,0.926720
7142,0.885760
7143,0.930816
7144,0.912384
7145,0.931840
7146,0.905216
7147,0.937984
7148,0.919552
7149,0.866304
7150,0.796672
7151,0.830464
7152,0.868352
7153,0.930816
7154,0.907264
7155,0.915456
7156,0.946176
7157,0.940032
7158,0.886784
7159,0.922624
7160,0.846848
7161,0.580608
7162,0.454656
7163,0.778240
7164,0.932864
7165,0.872448
7166,0.935936
7167,0.949248
7168,0.921600
7169,0.963584
7170,0.899072
7171,0.966656
7172,0.885760
7173,0.893952
7174,0.928768
7175,0.891904
7176,0.923648
7177,0.916480
7178,0.933888
7179,0.903168
7180,0.888832
7181,0.924672
7182,0.859136
7183,0.919552
7184,0.947200
7185,0.865280
7186,0.933888
7187,0.881664
7188,0.933888
7189,0.894976
7190,0.913408
7191,0.908288
7192,0.959488
7193,0.942080
7194,0.865280
7195,0.900096
7196,0.912384
7197,0.921600
7198,0.902144
7199,0.871424
7200,0.890880
7201,0.914432
7202,0.910336
7203,0.918528
7204,0.915456
7205,0.848896
7206,0.908288
7207,0.888832
7208,0.849920
7209,0.833536
7210,0.856064
7211,0.925696
7212,0.860160
7213,0.907264
7214,0.923648
7215,0.907264
7216,0.931840
7217,0.964608
7218,0.823296
7219,0.879616
7220,0.946176
7221,0.883712
7222,0.883712
7223,0.891904
7224,0.900096
7225,0.919552
7226,0.961536
7227,0.745472
7228,0.611328
7229,0.489472
7230,0.346112
7231,0.228352
7232,0.233472
7233,0.249856
7234,0.236544
7235,0.245760
7236,0.246784
7237,0.184320
7238,0.754688
7239,0.923648
7240,0.913408
7241,0.930816
7242,0.859136
7243,0.956416
7244,0.932864
7245,0.891904
7246,0.896000
7247,0.923648
7248,0.907264
7249,0.935936
7250,0.964608
7251,0.882688
7252,0.930816
7253,0.907264
7254,0.898048
7255,0.870400
7256,0.921600
7257,0.906240
7258,0.883712
7259,0.888832
7260,0.875520
7261,0.814080
7262,0.877568
7263,0.832512
7264,0.885760
7265,0.923648
7266,0.912384
7267,0.923648
7268,0.936960
7269,0.897024
7270,0.900096
7271,0.921600
7272,0.925696
7273,0.957440
7274,0.917504
7275,0.904192
7276,0.924672
7277,0.891904
7278,0.877568
7279,0.969728
7280,0.896000
7281,0.893952
7282,0.912384
7283,0.910336
7284,0.905216
7285,0.935936
7286,0.917504
7287,0.893952
7288,0.877568
7289,0.939008
7290,0.862208
7291,0.926720
7292,0.951296
7293,0.866304
7294,0.930816
7295,0.922624
7296,0.917504
7297,0.989184
7298,0.923648
7299,0.912384
7300,0.919552
7301,0.901120
7302,0.782336
7303,0.418816
7304,0.349184
7305,0.278528
7306,0.270336
7307,0.264192
7308,0.234496
7309,0.186368
7310,0.198656
7311,0.195584
7312,0.191488
7313,0.191488
7314,0.185344
7315,0.186368
7316,0.182272
7317,0.187392
7318,0.166912
7319,0.164864
7320,0.161792
7321,0.161792
7322,0.162816
7323,0.159744
7324,0.949248
7325,0.925696
7326,0.919552
7327,0.905216
7328,0.889856
7329,0.918528
7330,0.881664
7331,0.910336
7332,0.864256
7333,0.954368
7334,0.904192
7335,0.929792
7336,0.900096
7337,0.956416
7338,0.905216
7339,0.905216
7340,0.862208
7341,0.933888
7342,0.891904
7343,0.927744
7344,0.917504
7345,0.891904
7346,0.912384
7347,0.871424
7348,0.956416
7349,0.948224
7350,0.927744
7351,0.906240
7352,0.880640
7353,0.877568
7354,0.931840
7355,0.912384
7356,0.879616
7357,0.870400
7358,0.956416
7359,0.881664
7360,0.964608
7361,0.910336
7362,0.916480
7363,0.855040
7364,0.884736
7365,0.896000
7366,0.864256
7367,0.901120
7368,0.864256
7369,0.825344
7370,0.879616
7371,0.950272
7372,0.890880
7373,0.912384
7374,0.903168
7375,0.951296
7376,0.902144
7377,0.875520
7378,0.944128
7379,0.896000
7380,0.940032
7381,0.906240
7382,0.959488
7383,0.907264
7384,0.897024
7385,0.920576
7386,0.940032
7387,0.903168
7388,0.876544
7389,0.729088
7390,0.935936
7391,0.884736
7392,0.991232
7393,0.939008
7394,0.882688
7395,0.917504
7396,0.901120
7397,0.917504
7398,0.919552
7399,0.950272
7400,0.932864
7401,0.914432
7402,0.876544
7403,0.865280
7404,0.934912
7405,0.934912
7406,0.868352
7407,0.832512
7408,0.837632
7409,0.873472
7410,0.871424
7411,0.896000
7412,0.928768
7413,0.920576
7414,0.907264
7415,0.954368
7416,0.920576
7417,0.933888
7418,0.967680
7419,0.881664
7420,0.918528
7421,0.906240
7422,0.911360
7423,0.867328
7424,0.894976
7425,0.928768
7426,0.954368
7427,0.904192
7428,0.847872
7429,0.930816
7430,0.931840
7431,0.944128
7432,0.873472
7433,0.861184
7434,0.874496
7435,0.912384
7436,0.869376
7437,0.929792
7438,0.934912
7439,0.867328
7440,0.926720
7441,0.929792
7442,0.914432
7443,0.961536
7444,0.879616
7445,0.851968
7446,0.927744
7447,0.922624
7448,0.942080
7449,0.932864
7450,0.932864
7451,0.901120
7452,0.890880
7453,0.711680
7454,0.763904
7455,0.923648
7456,0.964608
7457,0.918528
7458,0.957440
7459,0.926720
7460,0.902144
7461,0.910336
7462,0.900096
7463,0.893952
7464,0.922624
7465,0.978944
7466,0.919552
7467,0.913408
7468,0.954368
7469,0.901120
7470,0.885760
7471,0.929792
7472,0.867328
7473,0.847872
7474,0.916480
7475,0.910336
7476,0.871424
7477,0.949248
7478,0.884736
7479,0.872448
7480,0.866304
7481,0.913408
7482,0.908288
7483,0.884736
7484,0.927744
7485,0.913408
7486,0.904192
7487,0.913408
7488,0.904192
7489,0.906240
7490,0.946176
7491,0.860160
7492,0.859136
7493,0.908288
7494,0.881664
7495,0.898048
7496,0.931840
7497,0.899072
7498,0.951296
7499,0.973824
7500,0.918528
7501,0.893952
7502,0.934912
7503,0.903168
7504,0.967680
7505,0.940032
7506,0.930816
7507,0.959488
7508,0.910336
7509,0.932864
7510,0.906240
7511,0.944128
7512,0.812032
7513,0.913408
7514,0.854016
7515,0.867328
7516,0.898048
7517,0.922624
7518,0.893952
7519,0.726016
7520,0.797696
7521,0.943104
7522,0.902144
7523,0.931840
7524,0.894976
7525,0.912384
7526,0.902144
7527,0.894976
7528,0.871424
7529,0.936960
7530,0.906240
7531,0.901120
7532,0.877568
7533,0.890880
7534,0.854016
7535,0.899072
7536,0.878592
7537,0.840704
7538,0.886784
7539,0.897024
7540,0.883712
7541,0.979968
7542,0.854016
7543,0.922624
7544,0.886784
7545,0.903168
7546,0.923648
7547,0.879616
7548,0.915456
7549,0.959488
7550,0.921600
7551,0.883712
7552,0.941056
7553,0.908288
7554,0.972800
7555,0.704512
7556,0.932864
7557,0.933888
7558,0.902144
7559,0.874496
7560,0.923648
7561,0.887808
7562,0.891904
7563,0.920576
7564,0.850944
7565,0.883712
7566,0.919552
7567,0.916480
7568,0.960512
7569,0.927744
7570,0.859136
7571,0.923648
7572,0.881664
7573,0.971776
7574,0.912384
7575,0.964608
7576,0.915456
7577,0.920576
7578,0.918528
7579,0.929792
7580,0.921600
7581,0.888832
7582,0.956416
7583,0.944128
7584,0.648192
7585,0.962560
7586,0.917504
7587,0.956416
7588,0.925696
7589,0.898048
7590,0.894976
7591,0.908288
7592,0.894976
7593,0.866304
7594,0.919552
7595,0.863232
7596,0.859136
7597,0.867328
7598,0.868352
7599,0.932864
7600,0.936960
7601,0.951296
7602,0.875520
7603,0.892928
7604,0.891904
7605,0.893952
7606,0.904192
7607,0.877568
7608,0.915456
7609,0.949248
7610,0.875520
7611,0.893952
7612,0.906240
7613,0.920576
7614,0.910336
7615,0.851968
7616,0.927744
7617,0.884736
7618,0.902144
7619,0.831488
7620,0.897024
7621,0.921600
7622,0.907264
7623,0.870400
7624,0.906240
7625,0.877568
7626,0.875520
7627,0.848896
7628,0.914432
7629,0.937984
7630,0.894976
7631,0.899072
7632,0.921600
7633,0.884736
7634,0.911360
7635,0.966656
7636,0.871424
7637,0.926720
7638,0.950272
7639,0.916480
7640,0.908288
7641,0.921600
7642,0.882688
7643,0.935936
7644,0.930816
7645,0.935936
7646,0.960512
7647,0.905216
7648,0.888832
7649,0.698368
7650,0.570368
7651,0.903168
7652,0.944128
7653,0.892928
7654,0.930816
7655,0.874496
7656,0.916480
7657,0.896000
7658,0.922624
7659,0.887808
7660,0.921600
7661,0.879616
7662,0.894976
7663,0.925696
7664,0.949248
7665,0.954368
7666,0.900096
7667,0.933888
7668,0.933888
7669,0.897024
7670,0.897024
7671,0.860160
7672,0.935936
7673,0.890880
7674,0.911360
7675,0.872448
7676,0.883712
7677,0.907264
7678,0.939008
7679,0.889856
7680,0.912384
7681,0.929792
7682,0.923648
7683,0.886784
7684,0.886784
7685,0.930816
7686,0.876544
7687,0.898048
7688,0.906240
7689,0.883712
7690,0.954368
7691,0.887808
7692,0.945152
7693,0.949248
7694,0.923648
7695,0.900096
7696,0.887808
7697,0.930816
7698,0.985088
7699,0.918528
7700,0.904192
7701,0.883712
7702,0.886784
7703,0.838656
7704,0.870400
7705,0.910336
7706,0.859136
7707,0.877568
7708,0.913408
7709,0.908288
7710,0.931840
7711,0.911360
7712,0.920576
7713,0.909312
7714,0.904192
7715,0.877568
7716,0.552960
7717,0.472064
7718,0.745472
7719,0.947200
7720,0.943104
7721,0.925696
7722,0.901120
7723,0.901120
7724,0.929792
7725,0.841728
7726,0.850944
7727,0.929792
7728,0.886784
7729,0.918528
7730,0.949248
7731,0.884736
7732,0.965632
7733,0.930816
7734,0.924672
7735,0.914432
7736,0.930816
7737,0.921600
7738,0.920576
7739,0.906240
7740,0.906240
7741,0.906240
7742,0.946176
7743,0.917504
7744,0.900096
7745,0.942080
7746,0.908288
7747,0.950272
7748,0.907264
7749,0.908288
7750,0.898048
7751,0.866304
7752,0.897024
7753,0.916480
7754,0.874496
7755,0.894976
7756,0.888832
7757,0.909312
7758,0.841728
7759,0.933888
7760,0.929792
7761,0.956416
7762,0.890880
7763,0.948224
7764,0.917504
7765,0.924672
7766,0.951296
7767,0.923648
7768,0.957440
7769,0.910336
7770,0.926720
7771,0.918528
7772,0.917504
7773,0.862208
7774,0.915456
7775,0.903168
7776,0.908288
7777,0.902144
7778,0.911360
7779,0.913408
7780,0.931840
7781,0.881664
7782,0.588800
7783,0.906240
7784,0.923648
7785,0.912384
7786,0.941056
7787,0.908288
7788,0.900096
7789,0.799744
7790,1.019904
7791,0.828416
7792,0.792576
7793,0.912384
7794,0.930816
7795,0.963584
7796,0.855040
7797,0.970752
7798,0.936960
7799,0.849920
7800,0.934912
7801,0.916480
7802,0.909312
7803,0.860160
7804,0.924672
7805,0.881664
7806,0.898048
7807,0.928768
7808,0.944128
7809,0.898048
7810,0.953344
7811,0.910336
7812,0.899072
7813,0.959488
7814,0.907264
7815,0.902144
7816,0.850944
7817,0.915456
7818,0.916480
7819,0.924672
7820,0.918528
7821,0.898048
7822,0.924672
7823,0.912384
7824,0.931840
7825,0.874496
7826,0.914432
7827,0.871424
7828,0.945152
7829,0.899072
7830,0.907264
7831,0.948224
7832,0.907264
7833,0.907264
7834,0.925696
7835,0.888832
7836,0.930816
7837,0.949248
7838,0.925696
7839,0.926720
7840,0.922624
7841,0.902144
7842,0.948224
7843,0.940032
7844,0.918528
7845,0.910336
7846,0.745472
7847,0.566272
7848,0.397312
7849,0.770048
7850,0.887808
7851,0.974848
7852,0.876544
7853,0.871424
7854,0.897024
7855,0.961536
7856,0.924672
7857,0.889856
7858,0.953344
7859,0.923648
7860,1.015808
7861,0.931840
7862,0.920576
7863,0.911360
7864,0.933888
7865,0.932864
7866,0.909312
7867,0.930816
7868,0.887808
7869,0.957440
7870,0.906240
7871,0.917504
7872,0.887808
7873,0.929792
7874,0.867328
7875,0.829440
7876,0.886784
7877,0.842752
7878,0.912384
7879,0.936960
7880,0.882688
7881,0.868352
7882,0.915456
7883,0.865280
7884,0.885760
7885,0.931840
7886,0.860160
7887,0.924672
7888,0.928768
7889,0.927744
7890,0.894976
7891,0.930816
7892,0.907264
7893,0.950272
7894,0.886784
7895,0.896000
7896,0.947200
7897,0.878592
7898,0.883712
7899,0.928768
7900,0.929792
7901,0.873472
7902,0.881664
7903,0.837632
7904,0.949248
7905,0.946176
7906,0.863232
7907,0.905216
7908,0.936960
7909,0.873472
7910,0.882688
7911,0.883712
7912,0.865280
7913,0.945152
7914,0.830464
7915,0.673792
7916,0.926720
7917,0.888832
7918,0.891904
7919,0.946176
7920,0.934912
7921,0.870400
7922,0.902144
7923,0.899072
7924,0.887808
7925,0.894976
7926,0.882688
7927,1.039360
7928,0.859136
7929,1.058816
7930,0.834560
7931,0.903168
7932,0.924672
7933,0.945152
7934,0.803840
7935,0.897024
7936,0.883712
7937,0.937984
7938,0.918528
7939,0.855040
7940,0.885760
7941,0.910336
7942,0.926720
7943,0.893952
7944,0.891904
7945,0.901120
7946,0.870400
7947,0.851968
7948,0.874496
7949,0.859136
7950,0.913408
7951,0.943104
7952,0.908288
7953,0.913408
7954,0.852992
7955,0.925696
7956,0.917504
7957,0.911360
7958,0.851968
7959,0.913408
7960,0.844800
7961,0.914432
7962,0.909312
7963,0.870400
7964,0.874496
7965,0.909312
7966,0.925696
7967,0.871424
7968,0.897024
7969,0.888832
7970,0.913408
7971,0.881664
7972,0.883712
7973,0.922624
7974,0.885760
7975,0.870400
7976,0.884736
7977,0.880640
7978,0.900096
7979,0.819200
7980,0.673792
7981,0.663552
7982,0.590848
7983,0.454656
7984,0.421888
7985,0.366592
7986,0.357376
7987,0.321536
7988,0.160768
7989,0.165888
7990,0.160768
7991,0.155648
7992,0.156672
7993,0.904192
7994,0.951296
7995,0.921600
7996,0.931840
7997,0.941056
7998,0.908288
7999,0.914432
8000,0.904192
8001,0.929792
8002,0.921600
8003,0.915456
8004,0.889856
8005,0.907264
8006,0.910336
8007,0.912384
8008,0.884736
8009,0.854016
8010,0.880640
8011,0.807936
8012,0.892928
8013,0.939008
8014,0.897024
8015,0.942080
8016,0.863232
8017,0.921600
8018,0.960512
8019,0.901120
8020,0.896000
8021,0.901120
8022,0.907264
8023,0.856064
8024,0.928768
8025,0.920576
8026,0.918528
8027,0.916480
8028,0.890880
8029,1.001472
8030,0.820224
8031,0.913408
8032,0.929792
8033,0.898048
8034,0.866304
8035,0.887808
8036,0.839680
8037,0.892928
8038,0.870400
8039,0.920576
8040,0.913408
8041,0.907264
8042,0.933888
8043,0.834560
8044,0.955392
8045,0.911360
8046,0.885760
8047,0.971776
8048,0.919552
8049,0.948224
8050,0.885760
8051,0.873472
8052,0.951296
8053,0.911360
8054,0.941056
8055,0.876544
8056,0.947200
8057,0.658432
8058,0.587776
8059,0.551936
8060,0.789504
8061,0.912384
8062,0.860160
8063,0.922624
8064,0.913408
8065,0.846848
8066,0.972800
8067,0.937984
8068,0.887808
8069,0.948224
8070,0.927744
8071,0.915456
8072,0.931840
8073,0.896000
8074,0.909312
8075,0.846848
8076,0.939008
8077,0.928768
8078,0.901120
8079,0.908288
8080,0.929792
8081,0.909312
8082,0.918528
8083,0.947200
8084,0.903168
8085,0.944128
8086,0.856064
8087,0.923648
8088,0.915456
8089,0.907264
8090,0.958464
8091,0.926720
8092,0.897024
8093,0.896000
8094,0.828416
8095,0.807936
8096,0.848896
8097,0.878592
8098,0.919552
8099,0.912384
8100,0.912384
8101,0.913408
8102,0.885760
8103,0.929792
8104,0.861184
8105,0.919552
8106,0.883712
8107,0.921600
8108,0.906240
8109,0.889856
8110,0.936960
8111,0.969728
8112,0.939008
8113,0.893952
8114,0.925696
8115,0.944128
8116,0.935936
8117,0.940032
8118,0.879616
8119,0.917504
8120,0.854016
8121,0.941056
8122,0.813056
8123,0.924672
8124,0.821248
8125,0.724992
8126,0.900096
8127,0.944128
8128,0.920576
8129,0.912384
8130,0.925696
8131,0.922624
8132,0.917504
8133,0.892928
8134,0.838656
8135,0.901120
8136,0.888832
8137,0.907264
8138,0.837632
8139,0.840704
8140,0.901120
8141,0.898048
8142,0.935936
8143,0.893952
8144,0.897024
8145,0.892928
8146,0.923648
8147,0.914432
8148,0.918528
8149,0.916480
8150,0.884736
8151,0.923648
8152,0.905216
8153,0.878592
8154,0.923648
8155,0.893952
8156,0.919552
8157,0.893952
8158,0.946176
8159,0.904192
8160,0.896000
8161,0.854016
8162,0.867328
8163,0.893952
8164,0.925696
8165,0.944128
8166,0.922624
8167,0.919552
8168,0.933888
8169,0.884736
8170,0.905216
8171,0.919552
8172,0.927744
8173,0.961536
8174,0.937984
8175,0.912384
8176,0.937984
8177,0.946176
8178,0.994304
8179,0.940032
8180,0.945152
8181,0.931840
8182,0.916480
8183,0.933888
8184,0.939008
8185,0.933888
8186,0.932864
8187,0.925696
8188,0.925696
8189,0.756736
8190,0.460800
8191,0.319488
8192,0.279552
8193,0.292864
8194,0.278528
8195,0.227328
8196,0.240640
8197,0.229376
8198,0.236544
8199,0.232448
8200,0.260096
8201,0.224256
8202,0.793600
8203,0.933888
8204,0.930816
8205,0.899072
8206,0.934912
8207,0.903168
8208,0.924672
8209,0.929792
8210,0.870400
8211,0.943104
8212,0.940032
8213,0.929792
8214,0.886784
8215,0.891904
8216,0.934912
8217,0.932864
8218,0.930816
8219,0.869376
8220,0.884736
8221,0.917504
8222,0.824320
8223,0.873472
8224,0.889856
8225,0.922624
8226,0.913408
8227,0.927744
8228,0.892928
8229,0.982016
8230,0.875520
8231,0.899072
8232,0.928768
8233,0.879616
8234,0.897024
8235,0.898048
8236,0.920576
8237,0.896000
8238,0.949248
8239,0.932864
8240,0.937984
8241,0.893952
8242,0.924672
8243,0.950272
8244,0.918528
8245,0.880640
8246,0.891904
8247,0.896000
8248,0.925696
8249,0.923648
8250,0.875520
8251,0.923648
8252,0.925696
8253,0.910336
8254,0.921600
8255,0.899072
8256,0.958464
8257,0.990208
8258,0.943104
8259,0.907264
8260,0.947200
8261,0.888832
8262,0.924672
8263,0.932864
8264,0.832512
8265,0.915456
8266,0.735232
8267,0.551936
8268,0.530432
8269,0.343040
8270,0.242688
8271,0.265216
8272,0.257024
8273,0.267264
8274,0.284672
8275,0.267264
8276,0.235520
8277,0.245760
8278,0.248832
8279,0.214016
8280,0.902144
8281,0.980992
8282,0.905216
8283,0.921600
8284,0.937984
8285,0.954368
8286,0.891904
8287,0.908288
8288,0.950272
8289,0.920576
8290,0.943104
8291,0.859136
8292,0.918528
8293,0.848896
8294,0.922624
8295,0.945152
8296,0.939008
8297,0.879616
8298,0.910336
8299,0.879616
8300,0.932864
8301,0.891904
8302,0.841728
8303,0.910336
8304,0.907264
8305,0.986112
8306,0.877568
8307,0.935936
8308,0.918528
8309,0.884736
8310,0.926720
8311,0.913408
8312,0.926720
8313,0.901120
8314,0.899072
8315,0.954368
8316,0.948224
8317,0.870400
8318,0.896000
8319,0.881664
8320,0.952320
8321,0.966656
8322,0.910336
8323,0.928768
8324,0.944128
8325,0.936960
8326,0.883712
8327,0.919552
8328,0.872448
8329,0.881664
8330,0.906240
8331,0.892928
8332,0.842752
8333,0.863232
8334,0.911360
8335,0.932864
8336,0.908288
8337,0.941056
8338,0.915456
8339,0.896000
8340,0.926720
8341,0.916480
8342,0.953344
8343,0.935936
8344,0.888832
8345,0.732160
8346,0.951296
8347,0.940032
8348,0.984064
8349,0.898048
8350,0.934912
8351,0.951296
8352,0.928768
8353,0.888832
8354,0.925696
8355,0.952320
8356,0.927744
8357,0.917504
8358,0.913408
8359,0.692224
8360,0.876544
8361,0.857088
8362,0.982016
8363,0.859136
8364,0.898048
8365,0.964608
8366,0.863232
8367,0.964608
8368,0.906240
8369,0.959488
8370,0.917504
8371,0.904192
8372,0.921600
8373,0.939008
8374,0.903168
8375,0.911360
8376,0.960512
8377,0.887808
8378,0.883712
8379,0.917504
8380,0.876544
8381,0.874496
8382,0.907264
8383,0.914432
8384,0.894976
8385,0.934912
8386,0.927744
8387,0.900096
8388,0.892928
8389,0.905216
8390,0.910336
8391,0.923648
8392,0.915456
8393,0.952320
8394,0.898048
8395,0.911360
8396,0.907264
8397,0.953344
8398,0.920576
8399,0.939008
8400,0.949248
8401,0.937984
8402,0.970752
8403,0.934912
8404,0.940032
8405,0.932864
8406,0.920576
8407,0.924672
8408,0.830464
8409,0.633856
8410,0.877568
8411,0.942080
8412,0.944128
8413,0.918528
8414,0.930816
8415,0.862208
8416,0.753664
8417,0.996352
8418,0.876544
8419,0.847872
8420,0.919552
8421,0.861184
8422,0.923648
8423,0.936960
8424,0.928768
8425,0.884736
8426,0.858112
8427,0.890880
8428,0.897024
8429,0.915456
8430,0.915456
8431,0.905216
8432,0.876544
8433,0.915456
8434,0.898048
8435,0.873472
8436,0.852992
8437,0.866304
8438,0.860160
8439,0.862208
8440,0.880640
8441,0.920576
8442,0.898048
8443,0.941056
8444,0.860160
8445,0.873472
8446,0.896000
8447,0.871424
8448,0.890880
8449,0.899072
8450,0.929792
8451,0.835584
8452,0.908288
8453,0.896000
8454,0.877568
8455,0.888832
8456,0.946176
8457,0.922624
8458,0.877568
8459,0.914432
8460,0.888832
8461,0.999424
8462,0.941056
8463,0.885760
8464,0.908288
8465,0.927744
8466,0.961536
8467,0.915456
8468,0.951296
8469,0.972800
8470,0.901120
8471,0.946176
8472,0.907264
8473,0.883712
8474,0.768000
8475,0.605184
8476,0.402432
8477,0.294912
8478,0.247808
8479,0.184320
8480,0.187392
8481,0.191488
8482,0.192512
8483,0.193536
8484,0.184320
8485,0.187392
8486,0.190464
8487,0.190464
8488,0.824320
8489,0.865280
8490,0.900096
8491,0.873472
8492,0.945152
8493,0.926720
8494,0.937984
8495,0.966656
8496,0.854016
8497,0.935936
8498,0.933888
8499,0.892928
8500,0.930816
8501,0.925696
8502,0.886784
8503,0.947200
8504,0.882688
8505,0.933888
8506,0.909312
8507,0.944128
8508,0.873472
8509,0.915456
8510,0.886784
8511,0.882688
8512,0.933888
8513,0.917504
8514,0.894976
8515,0.892928
8516,0.884736
8517,0.889856
8518,0.896000
8519,0.862208
8520,0.880640
8521,0.876544
8522,0.901120
8523,0.922624
8524,0.971776
8525,0.904192
8526,0.890880
8527,0.878592
8528,0.911360
8529,0.874496
8530,0.945152
8531,0.922624
8532,0.890880
8533,0.929792
8534,0.910336
8535,0.934912
8536,0.896000
8537,0.967680
8538,0.872448
8539,0.888832
8540,0.956416
8541,0.936960
8542,0.909312
8543,0.900096
8544,0.884736
8545,0.888832
8546,0.861184
8547,0.857088
8548,0.881664
8549,0.924672
8550,0.968704
8551,0.864256
8552,0.960512
8553,0.737280
8554,0.717824
8555,0.942080
8556,0.902144
8557,0.888832
8558,0.921600
8559,0.842752
8560,0.884736
8561,0.930816
8562,0.880640
8563,0.955392
8564,0.790528
8565,0.869376
8566,0.865280
8567,0.935936
8568,0.939008
8569,0.883712
8570,0.923648
8571,0.928768
8572,0.905216
8573,0.854016
8574,0.899072
8575,0.909312
8576,0.922624
8577,0.916480
8578,0.924672
8579,0.956416
8580,0.899072
8581,0.897024
8582,0.964608
8583,0.905216
8584,0.896000
8585,0.949248
8586,0.911360
8587,0.919552
8588,0.978944
8589,0.864256
8590,0.936960
8591,0.943104
8592,0.899072
8593,0.872448
8594,0.913408
8595,0.916480
8596,0.881664
8597,0.941056
8598,0.896000
8599,0.914432
8600,0.932864
8601,0.908288
8602,0.881664
8603,0.877568
8604,0.902144
8605,0.884736
8606,0.920576
8607,0.918528
8608,0.913408
8609,0.885760
8610,0.954368
8611,0.869376
8612,0.919552
8613,0.992256
8614,0.928768
8615,0.949248
8616,0.916480
8617,0.934912
8618,0.931840
8619,0.871424
8620,0.705536
8621,0.918528
8622,0.946176
8623,0.867328
8624,0.918528
8625,0.925696
8626,0.914432
8627,0.919552
8628,0.911360
8629,0.886784
8630,0.901120
8631,0.930816
8632,0.900096
8633,0.945152
8634,0.879616
8635,0.904192
8636,0.882688
8637,0.871424
8638,0.870400
8639,0.849920
8640,0.851968
8641,0.891904
8642,0.908288
8643,0.900096
8644,0.900096
8645,0.921600
8646,0.933888
8647,0.923648
8648,0.854016
8649,0.889856
8650,0.904192
8651,0.905216
8652,0.900096
8653,0.949248
8654,0.904192
8655,0.838656
8656,0.881664
8657,0.972800
8658,0.900096
8659,0.988160
8660,0.874496
8661,0.903168
8662,1.048576
8663,0.923648
8664,0.927744
8665,0.884736
8666,0.894976
8667,0.960512
8668,0.888832
8669,0.927744
8670,0.907264
8671,0.896000
8672,0.760832
8673,0.894976
8674,0.873472
8675,0.862208
8676,0.920576
8677,0.921600
8678,0.882688
8679,0.898048
8680,0.933888
8681,0.946176
8682,0.952320
8683,0.881664
8684,0.594944
8685,0.893952
8686,0.953344
8687,0.888832
8688,0.900096
8689,0.869376
8690,0.838656
8691,0.889856
8692,0.878592
8693,0.872448
8694,0.879616
8695,0.926720
8696,0.886784
8697,0.944128
8698,0.929792
8699,0.879616
8700,0.928768
8701,0.947200
8702,0.894976
8703,0.918528
8704,0.945152
8705,0.898048
8706,0.903168
8707,0.889856
8708,0.969728
8709,0.890880
8710,0.905216
8711,0.875520
8712,0.901120
8713,0.926720
8714,0.865280
8715,0.871424
8716,0.946176
8717,0.880640
8718,0.849920
8719,0.945152
8720,0.897024
8721,0.873472
8722,0.951296
8723,0.902144
8724,0.943104
8725,0.908288
8726,0.899072
8727,0.929792
8728,0.958464
8729,0.920576
8730,0.900096
8731,0.890880
8732,0.941056
8733,0.936960
8734,0.869376
8735,0.902144
8736,0.969728
8737,0.864256
8738,0.881664
8739,0.932864
8740,0.928768
8741,0.924672
8742,0.905216
8743,0.942080
8744,0.877568
8745,0.912384
8746,0.940032
8747,0.722944
8748,0.839680
8749,0.660480
8750,0.821248
8751,0.933888
8752,0.955392
8753,0.856064
8754,0.959488
8755,0.951296
8756,0.865280
8757,0.950272
8758,0.893952
8759,0.881664
8760,0.891904
8761,0.907264
8762,0.933888
8763,0.923648
8764,0.922624
8765,0.939008
8766,0.883712
8767,0.872448
8768,0.944128
8769,0.894976
8770,0.943104
8771,0.913408
8772,0.926720
8773,0.962560
8774,0.919552
8775,0.903168
8776,0.888832
8777,0.886784
8778,0.855040
8779,0.881664
8780,0.908288
8781,1.016832
8782,0.807936
8783,0.929792
8784,0.943104
8785,0.908288
8786,0.906240
8787,0.914432
8788,0.874496
8789,0.879616
8790,0.916480
8791,0.831488
8792,0.821248
8793,0.856064
8794,0.880640
8795,0.897024
8796,0.873472
8797,0.899072
8798,0.959488
8799,0.886784
8800,0.847872
8801,0.896000
8802,0.886784
8803,0.897024
8804,0.927744
8805,0.883712
8806,0.896000
8807,0.930816
8808,0.884736
8809,0.863232
8810,0.870400
8811,0.924672
8812,0.950272
8813,0.956416
8814,0.924672
8815,0.762880
8816,0.680960
8817,0.897024
8818,0.916480
8819,0.887808
8820,0.911360
8821,0.893952
8822,0.858112
8823,0.865280
8824,0.856064
8825,0.835584
8826,0.902144
8827,0.871424
8828,0.819200
8829,0.881664
8830,0.871424
8831,0.885760
8832,0.884736
8833,0.892928
8834,0.863232
8835,0.863232
8836,0.876544
8837,0.899072
8838,0.897024
8839,0.828416
8840,0.919552
8841,0.897024
8842,0.875520
8843,0.888832
8844,0.906240
8845,0.907264
8846,1.077248
8847,0.917504
8848,0.918528
8849,0.874496
8850,0.940032
8851,0.884736
8852,0.906240
8853,0.912384
8854,0.851968
8855,0.953344
8856,0.912384
8857,0.882688
8858,0.893952
8859,0.892928
8860,0.868352
8861,0.826368
8862,0.879616
8863,0.816128
8864,0.894976
8865,0.923648
8866,0.908288
8867,0.857088
8868,0.966656
8869,0.917504
8870,0.900096
8871,0.915456
8872,0.899072
8873,0.871424
8874,0.908288
8875,0.903168
8876,0.905216
8877,0.898048
8878,0.651264
8879,0.870400
8880,0.930816
8881,0.907264
8882,0.942080
8883,0.889856
8884,0.857088
8885,0.922624
8886,0.900096
8887,0.916480
8888,0.844800
8889,0.911360
8890,0.912384
8891,0.837632
8892,0.896000
8893,0.852992
8894,0.809984
8895,2.349056
8896,0.789504
8897,2.370560
8898,0.831488
8899,0.882688
8900,0.872448
8901,0.875520
8902,0.904192
8903,0.894976
8904,0.887808
8905,0.921600
8906,0.881664
8907,0.896000
8908,0.900096
8909,0.897024
8910,0.870400
8911,0.862208
8912,0.925696
8913,0.854016
8914,0.944128
8915,0.809984
8916,0.884736
8917,0.904192
8918,0.921600
8919,0.854016
8920,0.852992
8921,0.919552
8922,0.910336
8923,0.933888
8924,0.868352
8925,0.944128
8926,0.871424
8927,0.932864
8928,0.863232
8929,0.858112
8930,0.871424
8931,0.944128
8932,0.877568
8933,3.379200
8934,0.864256
8935,0.857088
8936,0.896000
8937,0.842752
8938,0.719872
8939,0.552960
8940,0.761856
8941,1.825792
8942,0.854016
8943,0.912384
8944,0.921600
8945,0.833536
8946,0.864256
8947,0.908288
8948,0.880640
8949,0.830464
8950,3.449856
8951,0.843776
8952,0.834560
8953,0.774144
8954,0.841728
8955,0.847872
8956,0.849920
8957,0.910336
8958,0.883712
8959,0.883712
8960,0.910336
8961,0.873472
8962,0.927744
8963,0.881664
8964,0.866304
8965,0.860160
8966,0.864256
8967,0.883712
8968,0.906240
8969,0.917504
8970,0.921600
8971,0.865280
8972,0.883712
8973,0.870400
8974,0.922624
8975,0.909312
8976,0.944128
8977,0.883712
8978,0.881664
8979,0.878592
8980,0.903168
8981,0.872448
8982,0.944128
8983,0.904192
8984,0.972800
8985,0.878592
8986,0.944128
8987,0.860160
8988,0.925696
8989,0.867328
8990,0.883712
8991,0.966656
8992,0.922624
8993,0.775168
8994,0.887808
8995,0.924672
8996,0.913408
8997,0.925696
8998,0.900096
8999,0.874496
9000,0.849920
9001,0.771072
9002,0.610304
9003,0.754688
9004,0.912384
9005,0.852992
9006,0.893952
9007,0.899072
9008,0.866304
9009,0.900096
9010,0.909312
9011,0.893952
9012,0.929792
9013,0.877568
9014,0.904192
9015,0.894976
9016,0.918528
9017,0.914432
9018,0.899072
9019,0.910336
9020,0.873472
9021,0.936960
9022,0.917504
9023,0.902144
9024,0.900096
9025,0.903168
9026,0.894976
9027,0.907264
9028,0.884736
9029,0.902144
9030,0.863232
9031,0.862208
9032,0.875520
9033,0.789504
9034,0.823296
9035,0.875520
9036,0.893952
9037,0.864256
9038,0.920576
9039,0.930816
9040,0.948224
9041,0.883712
9042,0.924672
9043,0.886784
9044,0.887808
9045,0.903168
9046,0.910336
9047,0.919552
9048,0.855040
9049,0.912384
9050,0.900096
9051,0.897024
9052,0.849920
9053,0.928768
9054,0.873472
9055,0.955392
9056,0.897024
9057,0.827392
9058,0.899072
9059,0.873472
9060,0.891904
9061,0.885760
9062,0.898048
9063,0.954368
9064,0.877568
9065,0.914432
9066,0.907264
9067,0.910336
9068,0.904192
9069,0.898048
9070,0.616448
9071,0.905216
9072,0.902144
9073,0.890880
9074,0.923648
9075,0.934912
9076,0.848896
9077,0.809984
9078,0.924672
9079,0.924672
9080,0.906240
9081,0.904192
9082,0.905216
9083,0.847872
9084,0.869376
9085,0.862208
9086,0.894976
9087,0.901120
9088,0.862208
9089,0.569344
9090,0.841728
9091,0.793600
9092,0.919552
9093,0.892928
9094,0.898048
9095,0.845824
9096,0.874496
9097,0.931840
9098,0.899072
9099,0.910336
9100,0.878592
9101,0.867328
9102,0.944128
9103,0.892928
9104,0.940032
9105,0.883712
9106,0.873472
9107,0.829440
9108,0.850944
9109,0.877568
9110,0.852992
9111,0.837632
9112,0.827392
9113,0.887808
9114,0.854016
9115,0.882688
9116,0.889856
9117,0.862208
9118,0.818176
9119,0.894976
9120,0.878592
9121,0.897024
9122,0.884736
9123,0.886784
9124,0.955392
9125,0.879616
9126,0.858112
9127,0.868352
9128,0.902144
9129,0.900096
9130,0.850944
9131,0.878592
9132,0.894976
9133,0.890880
9134,0.908288
9135,0.983040
9136,0.852992
9137,0.797696
9138,0.599040
9139,0.529408
9140,0.539648
9141,0.512000
9142,0.519168
9143,0.531456
9144,0.863232
9145,0.926720
9146,0.945152
9147,0.899072
9148,0.863232
9149,0.905216
9150,0.918528
9151,0.884736
9152,0.877568
9153,0.933888
9154,0.887808
9155,0.896000
9156,0.943104
9157,0.928768
9158,0.862208
9159,0.896000
9160,0.914432
9161,0.882688
9162,0.877568
9163,0.916480
9164,0.955392
9165,0.715776
9166,0.856064
9167,0.893952
9168,0.860160
9169,0.830464
9170,0.834560
9171,0.899072
9172,0.865280
9173,0.879616
9174,0.806912
9175,0.883712
9176,0.860160
9177,0.880640
9178,0.933888
9179,0.857088
9180,0.864256
9181,0.916480
9182,0.906240
9183,0.889856
9184,0.894976
9185,0.889856
9186,0.875520
9187,0.893952
9188,0.936960
9189,0.911360
9190,0.869376
9191,0.929792
9192,0.848896
9193,0.930816
9194,0.951296
9195,0.911360
9196,0.912384
9197,0.887808
9198,0.912384
9199,0.875520
9200,0.914432
9201,0.898048
9202,0.864256
9203,0.941056
9204,0.845824
9205,0.880640
9206,0.870400
9207,0.861184
9208,0.854016
9209,0.906240
9210,0.675840
9211,0.948224
9212,0.873472
9213,0.946176
9214,0.934912
9215,0.900096
9216,0.881664
9217,0.931840
9218,0.908288
9219,0.931840
9220,0.854016
9221,0.848896
9222,0.812032
9223,0.832512
9224,0.929792
9225,0.869376
9226,0.870400
9227,0.856064
9228,0.812032
9229,0.904192
9230,0.890880
9231,0.866304
9232,0.865280
9233,0.907264
9234,0.866304
9235,0.867328
9236,0.837632
9237,0.912384
9238,0.849920
9239,0.926720
9240,0.894976
9241,0.856064
9242,0.886784
9243,0.884736
9244,0.820224
9245,0.862208
9246,0.865280
9247,0.836608
9248,0.875520
9249,0.851968
9250,0.892928
9251,0.855040
9252,0.882688
9253,0.870400
9254,0.868352
9255,0.859136
9256,0.844800
9257,0.897024
9258,0.834560
9259,0.834560
9260,0.801792
9261,0.883712
9262,0.861184
9263,0.850944
9264,0.898048
9265,0.865280
9266,0.865280
9267,0.874496
9268,0.887808
9269,0.873472
9270,0.872448
9271,0.866304
9272,0.931840
9273,0.871424
9274,0.894976
9275,0.830464
9276,0.845824
9277,0.834560
9278,0.831488
9279,0.708608
9280,0.773120
9281,0.897024
9282,0.861184
9283,0.886784
9284,0.914432
9285,0.864256
9286,0.930816
9287,0.892928
9288,0.916480
9289,0.925696
9290,0.907264
9291,0.893952
9292,0.913408
9293,0.881664
9294,0.881664
9295,0.874496
9296,0.886784
9297,0.877568
9298,0.846848
9299,0.799744
9300,0.892928
9301,0.861184
9302,0.855040
9303,0.829440
9304,0.824320
9305,0.887808
9306,0.858112
9307,0.860160
9308,0.911360
9309,0.879616
9310,0.879616
9311,0.889856
9312,0.854016
9313,0.837632
9314,0.876544
9315,1.022976
9316,0.823296
9317,0.368640
9318,0.834560
9319,0.907264
9320,0.900096
9321,0.888832
9322,0.873472
9323,0.831488
9324,0.894976
9325,0.886784
9326,0.843776
9327,0.879616
9328,0.869376
9329,0.900096
9330,0.911360
9331,0.850944
9332,0.910336
9333,0.833536
9334,0.933888
9335,0.912384
9336,0.845824
9337,0.873472
9338,0.891904
9339,0.915456
9340,0.931840
9341,0.880640
9342,0.863232
9343,0.898048
9344,0.886784
9345,0.841728
9346,0.876544
9347,0.822272
9348,0.699392
9349,2.012160
9350,0.483328
9351,1.842176
9352,0.809984
9353,0.849920
9354,0.873472
9355,0.874496
9356,0.817152
9357,0.962560
9358,0.878592
9359,0.892928
9360,0.854016
9361,0.872448
9362,0.894976
9363,0.894976
9364,0.906240
9365,0.854016
9366,0.878592
9367,0.870400
9368,0.879616
9369,0.870400
9370,0.870400
9371,0.894976
9372,0.866304
9373,0.878592
9374,0.862208
9375,0.830464
9376,0.865280
9377,0.852992
9378,0.871424
9379,0.884736
9380,0.878592
9381,0.801792
9382,0.861184
9383,0.852992
9384,0.837632
9385,0.824320
9386,0.899072
9387,0.851968
9388,0.858112
9389,3.173376
9390,0.729088
9391,0.848896
9392,0.862208
9393,0.924672
9394,0.873472
9395,0.833536
9396,0.875520
9397,1.934336
9398,0.876544
9399,0.829440
9400,0.896000
9401,0.916480
9402,0.887808
9403,2.063360
9404,0.851968
9405,3.353600
9406,0.871424
9407,0.887808
9408,0.869376
9409,0.880640
9410,0.834560
9411,0.856064
9412,0.882688
9413,0.878592
9414,0.694272
9415,0.560128
9416,0.568320
9417,0.712704
9418,0.913408
9419,0.858112
9420,0.933888
9421,0.892928
9422,0.886784
9423,0.886784
9424,0.880640
9425,0.828416
9426,0.903168
9427,0.875520
9428,0.869376
9429,0.839680
9430,0.870400
9431,0.921600
9432,0.887808
9433,0.886784
9434,0.844800
9435,0.848896
9436,0.839680
9437,0.843776
9438,0.875520
9439,0.851968
9440,0.868352
9441,0.824320
9442,0.839680
9443,0.852992
9444,0.832512
9445,0.831488
9446,0.890880
9447,0.855040
9448,0.876544
9449,0.842752
9450,0.850944
9451,0.870400
9452,0.892928
9453,0.845824
9454,0.841728
9455,0.847872
9456,0.876544
9457,1.096704
9458,0.566272
9459,0.655360
9460,0.842752
9461,0.831488
9462,0.828416
9463,0.908288
9464,0.842752
9465,0.826368
9466,0.881664
9467,0.865280
9468,0.850944
9469,0.878592
9470,0.858112
9471,0.878592
9472,0.860160
9473,0.830464
9474,0.881664
9475,0.887808
9476,0.876544
9477,0.875520
9478,0.866304
9479,0.868352
9480,0.919552
9481,0.868352
9482,0.841728
9483,0.871424
9484,0.880640
9485,0.838656
9486,0.759808
9487,0.873472
9488,0.857088
9489,0.845824
9490,0.904192
9491,0.885760
9492,0.887808
9493,0.830464
9494,0.858112
9495,0.871424
9496,0.841728
9497,0.865280
9498,0.832512
9499,0.872448
9500,0.860160
9501,0.875520
9502,0.857088
9503,0.860160
9504,0.860160
9505,0.854016
9506,0.868352
9507,0.911360
9508,0.832512
9509,0.832512
9510,0.809984
9511,0.862208
9512,0.785408
9513,0.807936
9514,0.849920
9515,0.848896
9516,0.867328
9517,0.870400
9518,0.900096
9519,0.838656
9520,0.861184
9521,0.866304
9522,0.870400
9523,0.842752
9524,0.881664
9525,0.794624
9526,0.860160
9527,0.839680
9528,0.875520
9529,0.583680
9530,0.816128
9531,0.847872
9532,0.871424
9533,0.854016
9534,0.842752
9535,0.878592
9536,0.861184
9537,0.855040
9538,0.881664
9539,0.894976
9540,0.854016
9541,0.844800
9542,0.889856
9543,0.836608
9544,0.878592
9545,0.834560
9546,0.885760
9547,0.890880
9548,0.890880
9549,0.826368
9550,0.838656
9551,0.821248
9552,0.881664
9553,0.888832
9554,0.883712
9555,0.872448
9556,0.879616
9557,0.710656
9558,0.617472
9559,0.618496
9560,0.648192
9561,0.556032
9562,0.373760
9563,0.796672
9564,0.839680
9565,0.855040
9566,0.855040
9567,0.857088
9568,0.826368
9569,0.878592
9570,0.916480
9571,0.861184
9572,0.868352
9573,0.898048
9574,0.844800
9575,0.852992
9576,0.901120
9577,0.865280
9578,0.838656
9579,0.822272
9580,0.874496
9581,0.827392
9582,0.851968
9583,0.854016
9584,0.885760
9585,0.860160
9586,0.851968
9587,0.835584
9588,0.788480
9589,0.762880
9590,0.835584
9591,0.857088
9592,0.854016
9593,0.843776
9594,0.862208
9595,0.871424
9596,0.839680
9597,0.872448
9598,0.832512
9599,0.885760
9600,0.890880
9601,0.863232
9602,0.884736
9603,0.812032
9604,0.824320
9605,0.851968
9606,0.889856
9607,0.910336
9608,0.838656
9609,0.888832
9610,0.846848
9611,0.830464
9612,0.846848
9613,0.878592
9614,0.884736
9615,2.376704
9616,2.255872
9617,0.734208
9618,0.892928
9619,0.859136
9620,0.837632
9621,0.826368
9622,0.891904
9623,0.837632
9624,0.823296
9625,0.838656
9626,0.831488
9627,0.859136
9628,0.808960
9629,0.841728
9630,0.740352
9631,0.649216
9632,0.653312
9633,0.665600
9634,0.608256
9635,0.814080
9636,0.819200
9637,0.852992
9638,0.860160
9639,0.835584
9640,0.836608
9641,0.847872
9642,0.844800
9643,0.834560
9644,0.884736
9645,0.868352
9646,0.848896
9647,0.818176
9648,0.820224
9649,0.830464
9650,0.866304
9651,0.814080
9652,0.859136
9653,0.849920
9654,0.835584
9655,0.794624
9656,0.876544
9657,0.826368
9658,0.843776
9659,0.806912
9660,0.873472
9661,0.819200
9662,0.831488
9663,0.813056
9664,0.868352
9665,0.852992
9666,0.842752
9667,0.854016
9668,0.865280
9669,3.207168
9670,0.812032
9671,0.827392
9672,0.873472
9673,0.850944
9674,0.831488
9675,0.891904
9676,0.872448
9677,1.916928
9678,0.757760
9679,0.838656
9680,0.855040
9681,0.828416
9682,0.841728
9683,0.872448
9684,1.841152
9685,0.818176
9686,3.190784
9687,0.836608
9688,0.834560
9689,0.877568
9690,0.819200
9691,0.886784
9692,0.830464
9693,0.794624
9694,0.859136
9695,0.856064
9696,0.817152
9697,0.816128
9698,0.798720
9699,0.747520
9700,0.620544
9701,0.677888
9702,0.547840
9703,0.445440
9704,0.220160
9705,0.244736
9706,0.216064
9707,0.738304
9708,0.827392
9709,0.780288
9710,0.846848
9711,0.778240
9712,0.817152
9713,0.799744
9714,0.764928
9715,0.785408
9716,0.798720
9717,0.789504
9718,0.799744
9719,0.794624
9720,0.790528
9721,0.774144
9722,0.818176
9723,0.837632
9724,0.779264
9725,0.764928
9726,0.827392
9727,0.743424
9728,0.761856
9729,0.752640
9730,0.738304
9731,0.745472
9732,0.744448
9733,0.779264
9734,0.768000
9735,0.727040
9736,0.745472
9737,0.743424
9738,0.737280
9739,0.762880
9740,0.728064
9741,0.790528
9742,0.732160
9743,0.746496
9744,0.737280
9745,0.710656
9746,0.736256
9747,0.774144
9748,0.749568
9749,0.745472
9750,0.730112
9751,0.737280
9752,0.742400
9753,0.753664
9754,0.742400
9755,0.765952
9756,0.747520
9757,0.743424
9758,0.727040
9759,0.748544
9760,0.773120
9761,0.720896
9762,0.697344
9763,0.743424
9764,0.750592
9765,0.727040
9766,0.758784
9767,0.745472
9768,0.755712
9769,0.723968
9770,0.798720
9771,0.754688
9772,0.734208
9773,0.764928
9774,0.770048
9775,0.724992
9776,0.705536
9777,0.713728
9778,0.761856
9779,0.746496
9780,0.702464
9781,0.756736
9782,0.711680
9783,0.717824
9784,0.680960
9785,0.744448
9786,0.674816
9787,0.692224
9788,0.675840
9789,0.721920
9790,0.664576
9791,0.661504
9792,0.419840
9793,0.322560
9794,0.178176
9795,0.180224
9796,0.189440
9797,0.181248
9798,0.720896
9799,0.696320
9800,0.724992
9801,0.719872
9802,0.663552
9803,0.748544
9804,0.700416
9805,0.677888
9806,0.707584
9807,0.733184
9808,0.749568
9809,0.729088
9810,0.700416
9811,0.710656
9812,0.674816
9813,0.709632
9814,0.709632
9815,0.680960
9816,0.693248
9817,0.680960
9818,0.686080
9819,0.730112
9820,0.709632
9821,0.702464
9822,0.663552
9823,0.751616
9824,0.688128
9825,0.730112
9826,0.703488
9827,0.701440
9828,0.683008
9829,0.741376
9830,0.680960
9831,0.650240
9832,0.704512
9833,0.710656
9834,0.709632
9835,0.671744
9836,0.710656
9837,0.695296
9838,0.879616
9839,0.750592
9840,0.804864
9841,0.731136
9842,0.700416
9843,0.740352
9844,0.687104
9845,0.694272
9846,0.732160
9847,0.693248
9848,0.719872
9849,0.715776
9850,0.729088
9851,0.705536
9852,0.687104
9853,0.728064
9854,0.753664
9855,2.341888
9856,0.651264
9857,0.699392
9858,2.266112
9859,0.749568
9860,0.734208
9861,0.688128
9862,0.705536
9863,0.691200
9864,0.728064
9865,0.690176
9866,0.668672
9867,0.715776
9868,0.706560
9869,0.715776
9870,0.713728
9871,0.706560
9872,0.699392
9873,0.690176
9874,0.702464
9875,0.691200
9876,0.709632
9877,0.698368
9878,0.687104
9879,0.693248
9880,0.702464
9881,0.732160
9882,0.723968
9883,0.710656
9884,0.729088
9885,0.703488
9886,0.740352
9887,0.699392
9888,0.638976
9889,0.580608
9890,0.524288
9891,0.420864
9892,0.339968
9893,0.216064
9894,0.192512
9895,0.185344
9896,0.188416
9897,0.171008
9898,0.664576
9899,0.660480
9900,0.670720
9901,0.701440
9902,0.655360
9903,0.672768
9904,0.656384
9905,2.934784
9906,0.641024
9907,0.697344
9908,0.654336
9909,0.664576
9910,0.706560
9911,0.676864
9912,0.669696
9913,0.683008
9914,0.695296
9915,0.656384
9916,0.705536
9917,0.700416
9918,0.652288
9919,0.637952
9920,0.658432
9921,0.655360
9922,0.661504
9923,0.670720
9924,0.672768
9925,0.661504
9926,0.709632
9927,0.675840
9928,0.681984
9929,1.730560
9930,0.646144
9931,0.684032
9932,0.667648
9933,0.642048
9934,0.672768
9935,0.628736
9936,0.659456
9937,1.892352
9938,0.602112
9939,2.893824
9940,0.590848
9941,0.688128
9942,0.662528
9943,0.668672
9944,0.660480
9945,0.622592
9946,0.615424
9947,0.603136
9948,0.608256
9949,0.621568
9950,0.626688
9951,0.594944
9952,0.586752
9953,0.653312
9954,0.588800
9955,0.618496
9956,0.581632
9957,0.630784
9958,0.588800
9959,0.631808
9960,0.625664
9961,0.564224
9962,0.662528
9963,0.589824
9964,0.582656
9965,0.620544
9966,0.636928
9967,0.602112
9968,0.647168
9969,0.661504
9970,0.603136
9971,0.618496
9972,0.614400
9973,0.614400
9974,0.594944
9975,0.660480
9976,0.588800
9977,0.640000
9978,0.623616
9979,0.635904
9980,0.630784
9981,0.627712
9982,0.630784
9983,0.623616
9984,0.665600
9985,0.623616
9986,0.582656
9987,0.467968
9988,0.429056
9989,0.337920
9990,0.326656
9991,0.242688
9992,0.225280
9993,0.240640
9994,0.223232
9995,0.178176
9996,0.171008
9997,0.180224
9998,0.169984
9999,0.176128
