iter,ms
0,0.207872
1,0.215040
2,0.201728
3,0.206848
4,0.200704
5,0.206848
6,0.196608
7,0.209920
8,0.207872
9,0.224256
10,0.209920
11,0.223232
12,0.222208
13,0.196608
14,0.236544
15,0.217088
16,0.200704
17,0.206848
18,0.200704
19,0.211968
20,0.205824
21,0.198656
22,0.216064
23,0.205824
24,0.217088
25,0.204800
26,0.235520
27,0.212992
28,0.193536
29,0.199680
30,0.198656
31,0.203776
32,0.227328
33,0.261120
34,0.237568
35,0.233472
36,0.333824
37,0.307200
38,0.338944
39,0.249856
40,0.468992
41,0.501760
42,0.400384
43,0.299008
44,0.234496
45,0.259072
46,0.286720
47,0.225280
48,0.224256
49,0.206848
50,0.206848
51,0.210944
52,0.221184
53,0.231424
54,0.223232
55,0.239616
56,0.219136
57,0.193536
58,0.211968
59,0.202752
60,0.207872
61,0.204800
62,0.215040
63,0.207872
64,0.207872
65,0.233472
66,0.518144
67,0.208896
68,0.234496
69,0.287744
70,0.268288
71,0.553984
72,0.236544
73,0.244736
74,0.248832
75,0.221184
76,0.217088
77,0.261120
78,0.203776
79,0.230400
80,0.249856
81,0.228352
82,0.239616
83,0.243712
84,0.211968
85,0.216064
86,0.201728
87,0.237568
88,0.222208
89,0.238592
90,0.231424
91,0.225280
92,0.233472
93,0.285696
94,0.194560
95,0.220160
96,0.216064
97,0.224256
98,0.219136
99,0.223232
100,0.221184
101,0.216064
102,0.319488
103,0.223232
104,0.210944
105,0.240640
106,0.187392
107,0.217088
108,0.242688
109,0.219136
110,0.237568
111,0.283648
112,0.240640
113,0.201728
114,0.210944
115,0.188416
116,0.195584
117,0.210944
118,0.211968
119,0.222208
120,0.223232
121,0.212992
122,0.190464
123,0.278528
124,0.424960
125,0.223232
126,0.208896
127,0.240640
128,0.227328
129,0.299008
130,0.363520
131,0.248832
132,0.314368
133,0.278528
134,0.266240
135,0.314368
136,0.291840
137,0.273408
138,0.261120
139,0.268288
140,0.252928
141,0.314368
142,0.297984
143,0.267264
144,0.296960
145,0.286720
146,0.266240
147,0.263168
148,0.296960
149,0.285696
150,0.271360
151,0.273408
152,0.363520
153,0.337920
154,0.278528
155,0.389120
156,0.352256
157,0.299008
158,0.387072
159,0.364544
160,0.365568
161,0.332800
162,0.330752
163,0.355328
164,0.348160
165,0.382976
166,0.395264
167,0.411648
168,0.358400
169,0.425984
170,0.436224
171,0.369664
172,0.410624
173,0.361472
174,0.432128
175,0.411648
176,0.429056
177,0.431104
178,0.416768
179,0.399360
180,0.416768
181,0.395264
182,0.387072
183,0.271360
184,0.248832
185,0.253952
186,0.240640
187,0.223232
188,0.234496
189,0.236544
190,0.240640
191,0.226304
192,0.220160
193,0.223232
194,0.215040
195,0.210944
196,0.223232
197,0.223232
198,0.253952
199,0.230400
200,0.314368
201,0.389120
202,0.421888
203,0.365568
204,0.435200
205,0.378880
206,0.370688
207,0.361472
208,0.388096
209,0.419840
210,0.392192
211,0.399360
212,0.454656
213,0.395264
214,0.440320
215,0.385024
216,0.407552
217,0.417792
218,0.411648
219,0.381952
220,0.421888
221,0.407552
222,0.456704
223,0.394240
224,0.275456
225,0.397312
226,0.442368
227,0.405504
228,0.439296
229,0.406528
230,0.406528
231,0.449536
232,0.355328
233,0.448512
234,0.423936
235,0.444416
236,0.402432
237,0.475136
238,0.446464
239,0.485376
240,0.459776
241,0.497664
242,0.449536
243,0.460800
244,0.531456
245,0.429056
246,0.477184
247,0.496640
248,0.522240
249,0.485376
250,0.555008
251,0.519168
252,0.499712
253,0.538624
254,0.513024
255,0.496640
256,0.496640
257,0.537600
258,0.549888
259,0.517120
260,0.561152
261,0.595968
262,0.615424
263,0.548864
264,0.548864
265,0.524288
266,0.574464
267,0.608256
268,0.545792
269,0.581632
270,0.541696
271,0.503808
272,0.592896
273,0.542720
274,0.578560
275,0.608256
276,0.585728
277,0.591872
278,0.663552
279,0.846848
280,0.575488
281,0.647168
282,0.614400
283,0.620544
284,0.617472
285,0.643072
286,0.659456
287,0.651264
288,0.657408
289,0.680960
290,0.698368
291,0.648192
292,0.636928
293,0.643072
294,0.653312
295,0.634880
296,0.637952
297,0.695296
298,0.652288
299,0.662528
300,0.766976
301,0.634880
302,0.671744
303,0.667648
304,0.699392
305,0.699392
306,0.651264
307,0.713728
308,0.685056
309,0.683008
310,0.714752
311,0.552960
312,0.642048
313,0.711680
314,0.722944
315,0.695296
316,0.712704
317,0.700416
318,0.736256
319,0.701440
320,0.706560
321,0.733184
322,0.700416
323,0.692224
324,0.718848
325,0.705536
326,0.747520
327,0.716800
328,0.699392
329,0.717824
330,0.733184
331,0.743424
332,0.739328
333,0.720896
334,0.737280
335,0.701440
336,0.741376
337,0.693248
338,0.714752
339,0.748544
340,0.757760
341,0.724992
342,0.744448
343,0.694272
344,0.746496
345,0.717824
346,0.731136
347,0.736256
348,0.775168
349,0.695296
350,0.720896
351,0.704512
352,0.699392
353,0.728064
354,0.712704
355,0.700416
356,0.712704
357,0.755712
358,0.724992
359,0.702464
360,0.723968
361,0.769024
362,0.793600
363,0.680960
364,0.779264
365,0.705536
366,0.814080
367,0.735232
368,0.734208
369,0.777216
370,0.776192
371,0.738304
372,0.731136
373,0.758784
374,0.751616
375,0.690176
376,0.693248
377,0.752640
378,0.790528
379,0.514048
380,0.713728
381,0.793600
382,0.816128
383,0.786432
384,0.768000
385,0.774144
386,0.831488
387,0.862208
388,0.775168
389,0.786432
390,0.616448
391,0.488448
392,0.428032
393,0.338944
394,0.312320
395,0.300032
396,0.280576
397,0.263168
398,0.250880
399,0.239616
400,0.190464
401,0.196608
402,0.184320
403,0.196608
404,0.197632
405,0.916480
406,0.717824
407,0.785408
408,0.416768
409,0.721920
410,0.826368
411,0.838656
412,0.796672
413,0.831488
414,0.780288
415,0.839680
416,0.860160
417,0.820224
418,0.818176
419,0.816128
420,0.821248
421,0.860160
422,0.811008
423,0.791552
424,0.812032
425,0.834560
426,0.867328
427,0.872448
428,0.814080
429,0.772096
430,0.838656
431,0.792576
432,0.780288
433,0.792576
434,0.828416
435,0.818176
436,0.794624
437,0.825344
438,0.844800
439,0.718848
440,0.776192
441,0.784384
442,0.804864
443,0.835584
444,0.805888
445,0.770048
446,0.800768
447,0.802816
448,0.834560
449,0.774144
450,0.873472
451,0.904192
452,0.765952
453,0.859136
454,0.836608
455,0.821248
456,0.826368
457,0.849920
458,0.824320
459,0.835584
460,0.844800
461,0.828416
462,0.842752
463,0.848896
464,0.799744
465,0.825344
466,0.819200
467,0.834560
468,0.825344
469,0.885760
470,0.796672
471,0.838656
472,0.811008
473,0.761856
474,0.643072
475,0.429056
476,0.327680
477,0.302080
478,0.295936
479,0.328704
480,0.304128
481,0.329728
482,0.228352
483,0.183296
484,0.177152
485,0.174080
486,0.180224
487,0.822272
488,0.859136
489,0.879616
490,0.830464
491,0.867328
492,0.860160
493,0.885760
494,0.832512
495,0.934912
496,0.863232
497,0.916480
498,0.836608
499,0.864256
500,0.848896
501,0.875520
502,0.824320
503,0.860160
504,0.860160
505,0.843776
506,0.854016
507,0.904192
508,0.866304
509,0.836608
510,0.802816
511,0.827392
512,0.860160
513,0.880640
514,0.869376
515,0.861184
516,0.852992
517,0.869376
518,0.880640
519,0.870400
520,0.907264
521,0.907264
522,0.836608
523,0.858112
524,0.856064
525,0.911360
526,0.872448
527,0.877568
528,0.880640
529,0.907264
530,0.883712
531,0.839680
532,0.926720
533,0.789504
534,0.609280
535,0.859136
536,0.914432
537,0.856064
538,0.878592
539,0.915456
540,0.875520
541,0.826368
542,0.915456
543,0.877568
544,0.937984
545,0.854016
546,0.928768
547,0.890880
548,0.948224
549,0.886784
550,0.926720
551,0.870400
552,0.835584
553,0.728064
554,0.677888
555,0.555008
556,0.421888
557,0.883712
558,0.875520
559,0.935936
560,0.894976
561,0.913408
562,0.880640
563,0.931840
564,0.891904
565,0.956416
566,0.905216
567,0.940032
568,0.867328
569,0.917504
570,0.840704
571,0.857088
572,0.908288
573,0.929792
574,0.958464
575,0.913408
576,0.888832
577,0.899072
578,0.909312
579,0.905216
580,0.903168
581,0.922624
582,0.886784
583,0.910336
584,0.863232
585,0.924672
586,0.911360
587,0.855040
588,0.958464
589,0.918528
590,0.872448
591,0.947200
592,0.908288
593,0.864256
594,0.864256
595,0.896000
596,0.939008
597,0.957440
598,0.878592
599,0.903168
600,0.864256
601,0.871424
602,0.939008
603,0.862208
604,0.922624
605,0.854016
606,0.916480
607,0.851968
608,0.916480
609,0.942080
610,0.916480
611,0.913408
612,0.925696
613,0.911360
614,0.928768
615,0.900096
616,0.866304
617,0.894976
618,0.918528
619,0.946176
620,0.902144
621,0.868352
622,0.761856
623,0.570368
624,0.280576
625,0.254976
626,0.244736
627,0.230400
628,0.206848
629,0.217088
630,0.218112
631,0.211968
632,0.225280
633,0.211968
634,0.218112
635,0.166912
636,0.148480
637,0.146432
638,0.146432
639,0.146432
640,0.146432
641,0.146432
642,0.921600
643,0.860160
644,0.880640
645,0.892928
646,0.905216
647,0.892928
648,0.901120
649,0.914432
650,0.931840
651,0.911360
652,0.889856
653,0.885760
654,0.880640
655,0.885760
656,0.874496
657,0.882688
658,0.894976
659,1.049600
660,0.787456
661,0.916480
662,0.877568
663,0.887808
664,0.933888
665,0.888832
666,0.892928
667,0.961536
668,0.932864
669,0.898048
670,0.909312
671,0.906240
672,0.867328
673,0.902144
674,0.921600
675,0.908288
676,0.930816
677,0.950272
678,0.901120
679,0.931840
680,0.922624
681,0.926720
682,0.911360
683,0.928768
684,0.955392
685,0.961536
686,0.928768
687,0.906240
688,0.864256
689,0.867328
690,0.894976
691,0.852992
692,0.867328
693,0.862208
694,0.916480
695,0.892928
696,0.915456
697,0.940032
698,0.885760
699,0.867328
700,0.955392
701,0.953344
702,0.956416
703,0.886784
704,0.966656
705,0.883712
706,0.743424
707,0.565248
708,0.505856
709,0.421888
710,0.430080
711,0.381952
712,0.398336
713,0.381952
714,0.303104
715,0.329728
716,0.610304
717,0.820224
718,0.891904
719,0.869376
720,0.858112
721,0.873472
722,0.847872
723,0.861184
724,0.919552
725,0.896000
726,0.901120
727,0.884736
728,0.877568
729,0.865280
730,0.904192
731,0.906240
732,0.925696
733,0.891904
734,0.903168
735,0.886784
736,0.924672
737,0.903168
738,0.934912
739,0.896000
740,0.940032
741,0.887808
742,0.896000
743,0.896000
744,0.842752
745,0.900096
746,0.859136
747,0.860160
748,0.840704
749,0.899072
750,0.892928
751,0.913408
752,0.926720
753,0.900096
754,0.951296
755,0.867328
756,0.922624
757,0.936960
758,0.867328
759,0.892928
760,0.896000
761,0.878592
762,0.839680
763,0.906240
764,0.949248
765,0.904192
766,0.917504
767,0.964608
768,0.910336
769,0.915456
770,0.927744
771,0.917504
772,0.974848
773,0.904192
774,0.889856
775,0.918528
776,0.920576
777,0.922624
778,0.934912
779,0.893952
780,0.754688
781,0.647168
782,0.545792
783,0.459776
784,0.450560
785,0.949248
786,0.930816
787,0.948224
788,0.919552
789,0.929792
790,0.887808
791,0.949248
792,0.919552
793,0.933888
794,1.015808
795,0.866304
796,0.893952
797,0.933888
798,0.911360
799,0.974848
800,0.894976
801,0.864256
802,0.917504
803,0.876544
804,0.914432
805,0.913408
806,0.951296
807,0.937984
808,0.894976
809,0.905216
810,0.919552
811,0.953344
812,0.926720
813,0.903168
814,0.905216
815,0.880640
816,0.914432
817,0.910336
818,0.948224
819,0.893952
820,0.916480
821,0.901120
822,0.883712
823,0.926720
824,0.940032
825,0.874496
826,0.801792
827,0.843776
828,0.866304
829,0.958464
830,0.926720
831,0.947200
832,0.882688
833,0.854016
834,0.931840
835,0.888832
836,0.873472
837,0.917504
838,0.888832
839,0.954368
840,0.935936
841,0.926720
842,0.915456
843,0.987136
844,0.888832
845,0.902144
846,0.967680
847,0.905216
848,0.932864
849,0.714752
850,0.685056
851,0.952320
852,0.939008
853,0.858112
854,0.930816
855,0.933888
856,0.926720
857,0.904192
858,0.949248
859,0.928768
860,0.661504
861,0.930816
862,0.868352
863,0.929792
864,0.918528
865,0.945152
866,0.902144
867,1.078272
868,0.897024
869,0.936960
870,0.871424
871,0.957440
872,0.852992
873,0.877568
874,0.912384
875,0.971776
876,0.925696
877,0.872448
878,0.916480
879,0.921600
880,0.867328
881,0.885760
882,0.920576
883,0.866304
884,0.831488
885,0.861184
886,0.891904
887,0.932864
888,0.929792
889,0.914432
890,0.888832
891,0.932864
892,0.939008
893,0.920576
894,0.865280
895,0.932864
896,0.909312
897,0.928768
898,0.912384
899,0.871424
900,0.819200
901,0.809984
902,0.890880
903,0.890880
904,0.925696
905,0.899072
906,0.917504
907,0.913408
908,0.879616
909,0.923648
910,0.896000
911,0.891904
912,0.940032
913,0.919552
914,0.889856
915,0.739328
916,0.796672
917,0.915456
918,0.901120
919,0.920576
920,0.860160
921,0.928768
922,0.924672
923,0.959488
924,0.894976
925,0.945152
926,0.883712
927,0.911360
928,0.847872
929,0.922624
930,0.908288
931,0.934912
932,0.891904
933,0.887808
934,0.922624
935,0.919552
936,0.937984
937,0.917504
938,0.914432
939,0.924672
940,0.894976
941,0.901120
942,0.891904
943,0.940032
944,0.903168
945,0.923648
946,0.854016
947,0.900096
948,0.949248
949,0.893952
950,0.813056
951,0.858112
952,0.857088
953,0.849920
954,0.919552
955,0.943104
956,0.915456
957,0.932864
958,0.968704
959,0.918528
960,0.923648
961,0.960512
962,0.905216
963,0.971776
964,0.918528
965,0.922624
966,0.893952
967,0.962560
968,0.931840
969,0.876544
970,0.905216
971,0.951296
972,0.919552
973,0.925696
974,0.918528
975,0.921600
976,0.852992
977,0.952320
978,0.950272
979,0.892928
980,0.656384
981,0.922624
982,0.905216
983,0.961536
984,0.820224
985,0.984064
986,0.903168
987,0.836608
988,0.906240
989,0.930816
990,0.854016
991,0.904192
992,0.934912
993,0.901120
994,0.887808
995,0.910336
996,0.875520
997,0.887808
998,0.868352
999,0.854016
1000,0.855040
1001,0.866304
1002,0.907264
1003,0.912384
1004,0.935936
1005,0.865280
1006,0.953344
1007,0.891904
1008,0.921600
1009,0.927744
1010,0.866304
1011,0.909312
1012,0.873472
1013,0.863232
1014,0.856064
1015,0.870400
1016,0.870400
1017,0.910336
1018,0.925696
1019,0.875520
1020,0.887808
1021,0.925696
1022,0.953344
1023,0.838656
1024,0.879616
1025,0.937984
1026,0.832512
1027,0.921600
1028,0.890880
1029,0.859136
1030,0.906240
1031,0.889856
1032,0.937984
1033,0.889856
1034,0.924672
1035,0.887808
1036,0.933888
1037,0.914432
1038,0.933888
1039,0.933888
1040,0.881664
1041,0.925696
1042,0.942080
1043,0.918528
1044,0.902144
1045,0.762880
1046,0.909312
1047,0.874496
1048,0.907264
1049,0.906240
1050,0.927744
1051,0.846848
1052,0.945152
1053,0.961536
1054,0.911360
1055,0.908288
1056,0.901120
1057,0.897024
1058,0.940032
1059,0.876544
1060,0.914432
1061,0.948224
1062,0.906240
1063,0.946176
1064,0.943104
1065,0.921600
1066,0.922624
1067,0.883712
1068,0.918528
1069,0.929792
1070,0.905216
1071,0.855040
1072,0.891904
1073,0.960512
1074,0.927744
1075,0.929792
1076,0.911360
1077,0.906240
1078,0.921600
1079,0.879616
1080,0.915456
1081,0.937984
1082,0.886784
1083,0.918528
1084,0.937984
1085,0.901120
1086,0.926720
1087,0.936960
1088,0.900096
1089,0.917504
1090,0.897024
1091,0.892928
1092,0.879616
1093,0.825344
1094,0.870400
1095,0.871424
1096,0.927744
1097,0.955392
1098,0.972800
1099,0.908288
1100,0.960512
1101,0.899072
1102,0.941056
1103,0.964608
1104,0.924672
1105,0.930816
1106,0.922624
1107,0.975872
1108,1.111040
1109,0.864256
1110,0.494592
1111,0.802816
1112,0.977920
1113,0.896000
1114,0.910336
1115,0.949248
1116,0.913408
1117,0.864256
1118,0.948224
1119,0.962560
1120,0.858112
1121,0.930816
1122,0.933888
1123,0.931840
1124,0.971776
1125,0.900096
1126,0.941056
1127,0.933888
1128,0.956416
1129,0.909312
1130,0.948224
1131,0.899072
1132,0.947200
1133,0.908288
1134,0.909312
1135,0.960512
1136,0.914432
1137,0.859136
1138,0.912384
1139,0.947200
1140,0.896000
1141,0.848896
1142,0.808960
1143,0.867328
1144,0.883712
1145,0.880640
1146,0.882688
1147,0.897024
1148,0.908288
1149,0.875520
1150,0.883712
1151,0.866304
1152,0.915456
1153,0.888832
1154,0.926720
1155,0.852992
1156,0.960512
1157,0.932864
1158,0.887808
1159,0.880640
1160,0.950272
1161,0.892928
1162,0.897024
1163,0.906240
1164,0.945152
1165,0.886784
1166,0.939008
1167,0.897024
1168,0.950272
1169,0.896000
1170,0.913408
1171,0.900096
1172,0.937984
1173,0.936960
1174,0.878592
1175,0.599040
1176,0.502784
1177,0.420864
1178,0.306176
1179,0.289792
1180,0.319488
1181,0.251904
1182,0.237568
1183,0.256000
1184,0.185344
1185,0.174080
1186,0.179200
1187,0.177152
1188,0.174080
1189,0.172032
1190,0.945152
1191,0.937984
1192,0.923648
1193,0.916480
1194,0.928768
1195,0.935936
1196,0.929792
1197,0.939008
1198,0.921600
1199,0.899072
1200,0.965632
1201,0.884736
1202,0.940032
1203,0.884736
1204,0.925696
1205,0.847872
1206,0.939008
1207,0.952320
1208,0.954368
1209,0.872448
1210,0.902144
1211,0.951296
1212,0.909312
1213,0.877568
1214,0.946176
1215,0.893952
1216,0.874496
1217,0.905216
1218,0.871424
1219,0.906240
1220,0.908288
1221,0.860160
1222,0.904192
1223,0.904192
1224,0.842752
1225,0.877568
1226,0.876544
1227,0.900096
1228,0.839680
1229,0.885760
1230,0.927744
1231,0.937984
1232,0.881664
1233,0.910336
1234,0.871424
1235,0.927744
1236,0.955392
1237,0.915456
1238,0.929792
1239,0.917504
1240,0.911360
1241,0.869376
1242,0.953344
1243,0.899072
1244,0.964608
1245,0.893952
1246,0.936960
1247,0.953344
1248,0.882688
1249,0.879616
1250,0.957440
1251,0.927744
1252,0.925696
1253,0.937984
1254,0.536576
1255,0.861184
1256,0.871424
1257,0.799744
1258,0.867328
1259,0.889856
1260,1.074176
1261,0.970752
1262,0.892928
1263,0.927744
1264,0.937984
1265,0.913408
1266,0.899072
1267,0.872448
1268,0.919552
1269,0.926720
1270,0.931840
1271,0.909312
1272,0.925696
1273,0.928768
1274,0.974848
1275,0.905216
1276,0.927744
1277,0.935936
1278,0.930816
1279,0.916480
1280,0.925696
1281,0.906240
1282,0.911360
1283,0.931840
1284,0.922624
1285,0.914432
1286,0.962560
1287,0.915456
1288,0.931840
1289,0.898048
1290,0.886784
1291,0.854016
1292,0.902144
1293,0.808960
1294,0.820224
1295,0.850944
1296,0.904192
1297,0.892928
1298,0.922624
1299,0.926720
1300,0.902144
1301,1.001472
1302,0.902144
1303,0.928768
1304,0.937984
1305,0.946176
1306,0.939008
1307,0.907264
1308,0.957440
1309,0.972800
1310,0.933888
1311,0.870400
1312,0.922624
1313,0.949248
1314,0.931840
1315,0.868352
1316,0.926720
1317,0.922624
1318,0.907264
1319,0.670720
1320,0.555008
1321,0.367616
1322,0.334848
1323,0.348160
1324,0.379904
1325,0.333824
1326,0.270336
1327,0.252928
1328,0.244736
1329,0.204800
1330,0.871424
1331,0.935936
1332,0.913408
1333,0.920576
1334,0.920576
1335,0.969728
1336,0.858112
1337,0.910336
1338,0.879616
1339,0.953344
1340,0.916480
1341,0.948224
1342,0.896000
1343,0.912384
1344,0.932864
1345,0.961536
1346,0.943104
1347,0.933888
1348,0.900096
1349,0.928768
1350,0.871424
1351,0.954368
1352,0.910336
1353,0.921600
1354,0.894976
1355,0.936960
1356,0.914432
1357,0.911360
1358,0.919552
1359,0.927744
1360,0.893952
1361,0.930816
1362,0.908288
1363,0.889856
1364,0.930816
1365,0.885760
1366,0.890880
1367,0.941056
1368,0.906240
1369,0.922624
1370,0.889856
1371,0.919552
1372,0.914432
1373,0.893952
1374,0.943104
1375,0.897024
1376,0.901120
1377,0.930816
1378,0.778240
1379,0.912384
1380,0.920576
1381,0.923648
1382,0.939008
1383,0.920576
1384,0.923648
1385,0.905216
1386,1.001472
1387,0.860160
1388,0.916480
1389,0.935936
1390,0.943104
1391,0.892928
1392,0.893952
1393,0.907264
1394,0.757760
1395,0.832512
1396,0.943104
1397,0.944128
1398,0.929792
1399,0.933888
1400,0.901120
1401,0.919552
1402,0.910336
1403,0.914432
1404,0.917504
1405,0.892928
1406,0.919552
1407,0.928768
1408,0.961536
1409,0.892928
1410,0.948224
1411,0.892928
1412,0.894976
1413,0.870400
1414,0.933888
1415,0.896000
1416,0.943104
1417,0.916480
1418,0.942080
1419,0.900096
1420,0.883712
1421,0.929792
1422,0.923648
1423,0.936960
1424,0.850944
1425,0.849920
1426,0.844800
1427,0.870400
1428,0.850944
1429,0.915456
1430,0.909312
1431,0.910336
1432,0.894976
1433,0.920576
1434,0.928768
1435,0.924672
1436,0.946176
1437,0.880640
1438,0.931840
1439,0.928768
1440,0.869376
1441,0.877568
1442,0.942080
1443,0.934912
1444,0.971776
1445,0.849920
1446,0.965632
1447,0.914432
1448,0.904192
1449,0.941056
1450,0.927744
1451,0.873472
1452,0.728064
1453,0.865280
1454,0.849920
1455,0.852992
1456,0.941056
1457,0.958464
1458,0.848896
1459,0.819200
1460,0.690176
1461,0.593920
1462,0.448512
1463,0.450560
1464,0.296960
1465,0.312320
1466,0.267264
1467,0.826368
1468,0.917504
1469,0.906240
1470,0.842752
1471,0.934912
1472,0.915456
1473,0.995328
1474,0.907264
1475,0.948224
1476,0.878592
1477,0.978944
1478,0.936960
1479,1.048576
1480,0.855040
1481,0.924672
1482,0.887808
1483,0.886784
1484,0.883712
1485,0.862208
1486,0.911360
1487,0.902144
1488,0.891904
1489,0.859136
1490,0.877568
1491,0.943104
1492,0.907264
1493,0.922624
1494,0.902144
1495,0.918528
1496,0.942080
1497,0.890880
1498,0.896000
1499,0.950272
1500,0.872448
1501,0.897024
1502,0.867328
1503,0.852992
1504,0.891904
1505,0.886784
1506,0.912384
1507,0.897024
1508,0.903168
1509,0.914432
1510,0.863232
1511,0.863232
1512,0.897024
1513,0.903168
1514,0.855040
1515,0.903168
1516,0.892928
1517,0.904192
1518,0.933888
1519,0.891904
1520,0.875520
1521,0.859136
1522,0.835584
1523,0.857088
1524,0.879616
1525,0.898048
1526,0.979968
1527,0.888832
1528,0.957440
1529,0.912384
1530,0.899072
1531,0.778240
1532,0.718848
1533,0.561152
1534,0.884736
1535,0.947200
1536,0.931840
1537,0.884736
1538,0.932864
1539,0.889856
1540,0.905216
1541,0.923648
1542,0.870400
1543,0.919552
1544,0.909312
1545,0.893952
1546,0.897024
1547,0.926720
1548,1.072128
1549,0.857088
1550,0.866304
1551,0.979968
1552,0.949248
1553,0.929792
1554,0.892928
1555,0.928768
1556,0.884736
1557,0.907264
1558,0.918528
1559,0.893952
1560,0.893952
1561,0.857088
1562,0.871424
1563,0.908288
1564,0.920576
1565,0.918528
1566,0.909312
1567,0.915456
1568,0.901120
1569,0.849920
1570,0.951296
1571,0.889856
1572,0.874496
1573,0.942080
1574,0.984064
1575,0.897024
1576,1.021952
1577,0.910336
1578,0.902144
1579,0.923648
1580,0.919552
1581,0.994304
1582,0.905216
1583,0.885760
1584,0.882688
1585,0.902144
1586,0.935936
1587,0.883712
1588,0.891904
1589,0.945152
1590,0.909312
1591,0.891904
1592,0.911360
1593,0.891904
1594,0.966656
1595,0.893952
1596,0.880640
1597,0.551936
1598,0.834560
1599,0.832512
1600,0.868352
1601,0.824320
1602,0.922624
1603,0.973824
1604,0.851968
1605,0.912384
1606,0.862208
1607,0.885760
1608,0.865280
1609,0.889856
1610,0.875520
1611,0.922624
1612,0.904192
1613,0.877568
1614,0.927744
1615,0.919552
1616,0.910336
1617,0.906240
1618,0.906240
1619,0.846848
1620,0.887808
1621,0.924672
1622,0.859136
1623,0.941056
1624,0.906240
1625,0.910336
1626,0.864256
1627,0.941056
1628,0.956416
1629,0.908288
1630,0.924672
1631,0.907264
1632,0.933888
1633,0.896000
1634,0.923648
1635,0.935936
1636,0.931840
1637,0.859136
1638,0.871424
1639,0.859136
1640,1.019904
1641,0.831488
1642,0.829440
1643,0.837632
1644,0.904192
1645,0.903168
1646,0.900096
1647,0.912384
1648,0.860160
1649,0.907264
1650,0.909312
1651,0.945152
1652,0.857088
1653,0.927744
1654,0.990208
1655,0.897024
1656,0.908288
1657,0.915456
1658,0.897024
1659,0.914432
1660,0.893952
1661,0.881664
1662,0.766976
1663,0.627712
1664,0.906240
1665,0.894976
1666,0.799744
1667,0.892928
1668,0.857088
1669,0.880640
1670,0.914432
1671,0.892928
1672,0.865280
1673,0.883712
1674,0.902144
1675,0.875520
1676,0.904192
1677,0.892928
1678,0.910336
1679,0.905216
1680,0.919552
1681,0.905216
1682,0.887808
1683,0.915456
1684,0.915456
1685,0.896000
1686,0.904192
1687,0.928768
1688,0.952320
1689,0.903168
1690,0.889856
1691,0.982016
1692,0.874496
1693,0.880640
1694,0.859136
1695,0.898048
1696,0.897024
1697,0.899072
1698,0.908288
1699,0.880640
1700,0.881664
1701,0.867328
1702,0.873472
1703,0.887808
1704,0.847872
1705,0.871424
1706,0.941056
1707,0.918528
1708,0.860160
1709,0.911360
1710,0.884736
1711,0.899072
1712,0.862208
1713,0.886784
1714,0.910336
1715,0.882688
1716,0.930816
1717,0.845824
1718,0.878592
1719,0.925696
1720,0.913408
1721,0.886784
1722,0.901120
1723,0.903168
1724,0.936960
1725,0.964608
1726,0.931840
1727,0.906240
1728,0.522240
1729,0.865280
1730,0.844800
1731,0.835584
1732,0.940032
1733,0.907264
1734,0.880640
1735,0.899072
1736,0.921600
1737,0.885760
1738,0.901120
1739,0.905216
1740,0.928768
1741,0.888832
1742,0.953344
1743,0.841728
1744,0.983040
1745,0.846848
1746,0.869376
1747,0.926720
1748,0.950272
1749,0.902144
1750,0.887808
1751,0.911360
1752,0.880640
1753,0.890880
1754,0.913408
1755,0.892928
1756,0.882688
1757,0.948224
1758,0.925696
1759,0.917504
1760,0.904192
1761,0.917504
1762,0.930816
1763,0.914432
1764,0.915456
1765,0.815104
1766,0.865280
1767,0.885760
1768,0.909312
1769,0.911360
1770,0.886784
1771,0.888832
1772,0.872448
1773,0.925696
1774,0.956416
1775,0.950272
1776,0.925696
1777,0.920576
1778,0.920576
1779,0.878592
1780,0.887808
1781,0.872448
1782,0.870400
1783,0.875520
1784,0.962560
1785,0.880640
1786,0.922624
1787,0.856064
1788,0.912384
1789,0.868352
1790,0.941056
1791,0.915456
1792,0.877568
1793,0.706560
1794,0.931840
1795,0.903168
1796,0.947200
1797,0.969728
1798,0.896000
1799,0.932864
1800,0.930816
1801,0.897024
1802,0.917504
1803,0.876544
1804,0.940032
1805,0.874496
1806,0.926720
1807,0.901120
1808,0.912384
1809,0.848896
1810,0.886784
1811,0.832512
1812,0.922624
1813,0.913408
1814,0.877568
1815,0.927744
1816,0.874496
1817,0.934912
1818,0.866304
1819,0.911360
1820,0.930816
1821,0.920576
1822,0.892928
1823,0.941056
1824,0.927744
1825,0.910336
1826,0.881664
1827,0.917504
1828,0.940032
1829,0.939008
1830,0.888832
1831,0.896000
1832,0.876544
1833,0.903168
1834,0.923648
1835,0.940032
1836,0.914432
1837,0.843776
1838,0.966656
1839,0.942080
1840,0.901120
1841,0.918528
1842,0.942080
1843,0.941056
1844,0.905216
1845,0.950272
1846,0.917504
1847,0.924672
1848,0.883712
1849,0.926720
1850,0.897024
1851,0.920576
1852,0.919552
1853,0.891904
1854,0.936960
1855,0.917504
1856,0.945152
1857,0.679936
1858,0.582656
1859,0.577536
1860,0.748544
1861,0.943104
1862,0.905216
1863,0.885760
1864,0.923648
1865,0.929792
1866,0.910336
1867,0.928768
1868,0.904192
1869,0.944128
1870,0.897024
1871,0.372736
1872,0.905216
1873,0.837632
1874,0.916480
1875,0.924672
1876,0.918528
1877,0.865280
1878,0.907264
1879,0.909312
1880,0.905216
1881,0.925696
1882,0.906240
1883,0.844800
1884,0.919552
1885,0.917504
1886,0.922624
1887,0.915456
1888,0.908288
1889,0.918528
1890,0.890880
1891,0.918528
1892,0.925696
1893,0.960512
1894,0.982016
1895,0.855040
1896,0.926720
1897,0.933888
1898,0.867328
1899,0.929792
1900,0.866304
1901,0.919552
1902,0.911360
1903,0.917504
1904,0.919552
1905,0.940032
1906,0.940032
1907,0.945152
1908,0.921600
1909,0.937984
1910,0.904192
1911,0.969728
1912,0.940032
1913,0.912384
1914,0.937984
1915,0.917504
1916,0.928768
1917,0.897024
1918,0.899072
1919,0.857088
1920,0.847872
1921,0.842752
1922,0.840704
1923,0.931840
1924,0.889856
1925,0.868352
1926,0.690176
1927,0.896000
1928,0.937984
1929,0.913408
1930,0.916480
1931,0.952320
1932,0.880640
1933,0.883712
1934,0.923648
1935,0.910336
1936,0.919552
1937,0.915456
1938,0.705536
1939,0.926720
1940,0.791552
1941,0.939008
1942,0.900096
1943,0.912384
1944,0.917504
1945,0.928768
1946,0.906240
1947,0.916480
1948,0.896000
1949,0.878592
1950,0.873472
1951,0.838656
1952,0.876544
1953,0.874496
1954,0.865280
1955,0.885760
1956,0.915456
1957,0.924672
1958,0.868352
1959,0.889856
1960,0.912384
1961,0.888832
1962,0.918528
1963,0.917504
1964,0.969728
1965,0.935936
1966,0.930816
1967,0.945152
1968,0.879616
1969,0.957440
1970,0.955392
1971,0.953344
1972,0.906240
1973,0.922624
1974,0.942080
1975,0.947200
1976,0.919552
1977,0.944128
1978,0.904192
1979,0.900096
1980,0.908288
1981,0.922624
1982,0.864256
1983,0.943104
1984,0.955392
1985,0.888832
1986,0.894976
1987,0.941056
1988,0.882688
1989,0.907264
1990,0.916480
1991,0.535552
1992,0.887808
1993,0.884736
1994,0.797696
1995,0.868352
1996,0.876544
1997,0.910336
1998,0.920576
1999,0.922624
2000,0.952320
2001,0.918528
2002,0.885760
2003,0.930816
2004,0.898048
2005,0.902144
2006,0.879616
2007,0.899072
2008,0.898048
2009,0.880640
2010,0.975872
2011,0.929792
2012,0.899072
2013,0.940032
2014,0.882688
2015,0.921600
2016,0.869376
2017,0.914432
2018,0.880640
2019,0.875520
2020,0.894976
2021,0.927744
2022,0.916480
2023,0.948224
2024,0.889856
2025,0.896000
2026,0.906240
2027,0.912384
2028,0.907264
2029,0.907264
2030,0.988160
2031,0.915456
2032,0.971776
2033,0.930816
2034,0.912384
2035,0.904192
2036,0.956416
2037,0.916480
2038,0.916480
2039,0.886784
2040,0.907264
2041,0.824320
2042,0.935936
2043,0.887808
2044,0.879616
2045,0.948224
2046,0.956416
2047,0.911360
2048,0.886784
2049,0.922624
2050,0.876544
2051,0.956416
2052,0.866304
2053,0.940032
2054,0.957440
2055,0.559104
2056,0.909312
2057,0.879616
2058,0.828416
2059,0.841728
2060,0.907264
2061,0.944128
2062,0.851968
2063,0.901120
2064,0.921600
2065,0.941056
2066,0.901120
2067,0.937984
2068,0.859136
2069,0.888832
2070,0.947200
2071,0.892928
2072,0.907264
2073,0.899072
2074,0.930816
2075,0.898048
2076,0.911360
2077,0.914432
2078,0.936960
2079,0.925696
2080,0.953344
2081,0.940032
2082,0.915456
2083,0.900096
2084,0.946176
2085,0.882688
2086,0.905216
2087,0.878592
2088,0.900096
2089,0.890880
2090,0.880640
2091,0.968704
2092,0.893952
2093,0.906240
2094,0.887808
2095,0.932864
2096,0.884736
2097,0.890880
2098,0.917504
2099,0.962560
2100,0.903168
2101,0.889856
2102,0.880640
2103,0.886784
2104,0.897024
2105,0.906240
2106,0.952320
2107,0.920576
2108,0.877568
2109,0.695296
2110,0.937984
2111,0.936960
2112,0.908288
2113,0.930816
2114,0.925696
2115,0.906240
2116,0.934912
2117,0.921600
2118,0.923648
2119,0.522240
2120,0.820224
2121,0.871424
2122,0.843776
2123,0.851968
2124,0.920576
2125,0.846848
2126,0.908288
2127,0.914432
2128,0.875520
2129,0.928768
2130,0.939008
2131,0.926720
2132,0.907264
2133,0.940032
2134,0.886784
2135,0.912384
2136,0.926720
2137,0.914432
2138,0.931840
2139,0.911360
2140,0.936960
2141,0.920576
2142,0.885760
2143,0.889856
2144,0.914432
2145,0.908288
2146,0.874496
2147,0.890880
2148,0.873472
2149,0.870400
2150,0.964608
2151,0.866304
2152,0.901120
2153,0.856064
2154,0.945152
2155,0.881664
2156,0.905216
2157,0.901120
2158,0.946176
2159,0.925696
2160,0.907264
2161,0.966656
2162,0.901120
2163,0.946176
2164,0.933888
2165,0.925696
2166,0.963584
2167,0.940032
2168,0.978944
2169,0.892928
2170,0.939008
2171,0.946176
2172,0.920576
2173,0.806912
2174,0.932864
2175,0.964608
2176,0.911360
2177,0.885760
2178,0.943104
2179,0.882688
2180,0.927744
2181,0.891904
2182,0.915456
2183,0.782336
2184,0.633856
2185,0.455680
2186,0.393216
2187,0.343040
2188,0.360448
2189,0.347136
2190,0.347136
2191,0.320512
2192,0.774144
2193,0.936960
2194,0.871424
2195,0.910336
2196,0.945152
2197,0.902144
2198,0.890880
2199,0.932864
2200,0.859136
2201,0.953344
2202,0.946176
2203,0.915456
2204,0.920576
2205,0.919552
2206,0.876544
2207,0.868352
2208,0.898048
2209,0.943104
2210,0.965632
2211,0.908288
2212,0.931840
2213,0.874496
2214,0.937984
2215,0.936960
2216,0.897024
2217,0.863232
2218,0.884736
2219,0.841728
2220,0.878592
2221,0.893952
2222,0.870400
2223,0.950272
2224,0.907264
2225,0.924672
2226,0.887808
2227,0.849920
2228,0.890880
2229,0.931840
2230,0.943104
2231,0.904192
2232,0.952320
2233,0.891904
2234,0.904192
2235,0.852992
2236,0.912384
2237,0.929792
2238,0.893952
2239,0.964608
2240,0.910336
2241,0.931840
2242,0.907264
2243,0.898048
2244,0.914432
2245,0.937984
2246,0.876544
2247,0.863232
2248,0.899072
2249,0.932864
2250,0.880640
2251,0.945152
2252,0.907264
2253,0.946176
2254,0.936960
2255,0.927744
2256,0.837632
2257,0.520192
2258,0.455680
2259,0.250880
2260,0.249856
2261,0.227328
2262,0.800768
2263,0.910336
2264,0.867328
2265,0.947200
2266,0.880640
2267,0.880640
2268,0.964608
2269,1.131520
2270,0.768000
2271,0.919552
2272,0.847872
2273,0.931840
2274,0.911360
2275,0.919552
2276,0.929792
2277,0.886784
2278,0.880640
2279,0.889856
2280,0.906240
2281,0.871424
2282,0.798720
2283,0.878592
2284,0.876544
2285,0.876544
2286,0.923648
2287,0.905216
2288,0.885760
2289,0.931840
2290,0.883712
2291,0.910336
2292,0.910336
2293,0.958464
2294,0.921600
2295,0.952320
2296,0.936960
2297,0.894976
2298,0.907264
2299,0.949248
2300,0.948224
2301,0.906240
2302,0.920576
2303,0.925696
2304,0.888832
2305,0.901120
2306,0.964608
2307,0.889856
2308,0.887808
2309,0.850944
2310,0.903168
2311,0.954368
2312,0.876544
2313,0.913408
2314,0.928768
2315,0.957440
2316,0.905216
2317,0.928768
2318,0.910336
2319,0.910336
2320,0.897024
2321,0.905216
2322,0.924672
2323,0.939008
2324,0.884736
2325,0.913408
2326,0.834560
2327,0.574464
2328,0.838656
2329,0.904192
2330,0.962560
2331,0.881664
2332,0.910336
2333,0.924672
2334,0.945152
2335,0.882688
2336,0.917504
2337,0.953344
2338,0.913408
2339,0.923648
2340,0.943104
2341,0.863232
2342,0.954368
2343,0.909312
2344,0.915456
2345,0.923648
2346,0.899072
2347,0.950272
2348,0.915456
2349,0.944128
2350,0.897024
2351,0.890880
2352,0.899072
2353,0.908288
2354,0.868352
2355,0.890880
2356,0.870400
2357,0.871424
2358,0.915456
2359,0.912384
2360,0.918528
2361,0.894976
2362,0.928768
2363,0.976896
2364,0.914432
2365,0.883712
2366,0.952320
2367,0.931840
2368,0.955392
2369,0.927744
2370,0.886784
2371,0.869376
2372,0.906240
2373,0.936960
2374,0.913408
2375,0.838656
2376,0.939008
2377,0.899072
2378,0.913408
2379,0.921600
2380,0.970752
2381,0.906240
2382,0.934912
2383,0.928768
2384,0.901120
2385,0.929792
2386,0.952320
2387,0.839680
2388,0.875520
2389,0.881664
2390,0.873472
2391,0.891904
2392,0.820224
2393,0.580608
2394,0.389120
2395,0.330752
2396,0.302080
2397,0.221184
2398,0.204800
2399,0.219136
2400,0.202752
2401,0.794624
2402,0.910336
2403,0.922624
2404,0.873472
2405,0.891904
2406,0.902144
2407,0.963584
2408,0.942080
2409,0.933888
2410,0.949248
2411,0.944128
2412,0.925696
2413,0.967680
2414,0.965632
2415,0.884736
2416,0.893952
2417,0.900096
2418,0.918528
2419,0.856064
2420,0.871424
2421,0.934912
2422,0.876544
2423,0.873472
2424,0.920576
2425,0.886784
2426,0.893952
2427,0.871424
2428,0.854016
2429,0.926720
2430,0.890880
2431,0.896000
2432,0.879616
2433,0.958464
2434,0.862208
2435,0.887808
2436,0.933888
2437,0.925696
2438,0.875520
2439,0.954368
2440,0.899072
2441,0.924672
2442,0.856064
2443,0.928768
2444,0.915456
2445,0.871424
2446,0.887808
2447,0.911360
2448,0.930816
2449,0.931840
2450,0.877568
2451,0.986112
2452,0.885760
2453,0.889856
2454,0.965632
2455,0.980992
2456,0.931840
2457,0.917504
2458,0.889856
2459,0.917504
2460,0.944128
2461,0.946176
2462,0.892928
2463,0.979968
2464,0.931840
2465,0.897024
2466,0.794624
2467,0.953344
2468,0.896000
2469,0.951296
2470,0.949248
2471,0.897024
2472,0.954368
2473,0.896000
2474,0.935936
2475,0.903168
2476,0.905216
2477,0.930816
2478,0.926720
2479,0.900096
2480,0.891904
2481,0.916480
2482,0.871424
2483,0.883712
2484,0.923648
2485,0.908288
2486,0.957440
2487,0.940032
2488,0.899072
2489,0.909312
2490,0.915456
2491,0.959488
2492,0.921600
2493,0.909312
2494,0.920576
2495,0.891904
2496,0.886784
2497,0.843776
2498,0.877568
2499,0.829440
2500,0.889856
2501,0.881664
2502,0.883712
2503,0.945152
2504,0.918528
2505,0.917504
2506,0.890880
2507,0.942080
2508,0.926720
2509,0.945152
2510,0.892928
2511,0.919552
2512,0.912384
2513,0.903168
2514,0.960512
2515,0.919552
2516,0.924672
2517,0.912384
2518,0.907264
2519,0.914432
2520,0.898048
2521,0.905216
2522,0.939008
2523,0.889856
2524,0.890880
2525,0.876544
2526,0.966656
2527,0.970752
2528,0.932864
2529,0.926720
2530,0.731136
2531,0.587776
2532,0.568320
2533,0.261120
2534,0.245760
2535,0.226304
2536,0.199680
2537,0.196608
2538,0.199680
2539,0.193536
2540,0.182272
2541,0.796672
2542,0.965632
2543,0.889856
2544,0.935936
2545,0.920576
2546,0.919552
2547,0.949248
2548,0.900096
2549,0.916480
2550,0.935936
2551,0.928768
2552,0.892928
2553,0.928768
2554,0.898048
2555,0.951296
2556,0.945152
2557,0.937984
2558,0.950272
2559,0.932864
2560,0.958464
2561,0.931840
2562,0.916480
2563,0.899072
2564,0.874496
2565,0.939008
2566,0.931840
2567,0.928768
2568,0.899072
2569,0.951296
2570,0.915456
2571,0.925696
2572,0.932864
2573,0.867328
2574,0.908288
2575,0.858112
2576,0.840704
2577,0.844800
2578,0.865280
2579,0.931840
2580,0.913408
2581,0.940032
2582,0.886784
2583,0.872448
2584,0.964608
2585,0.897024
2586,0.910336
2587,0.904192
2588,0.925696
2589,0.900096
2590,0.902144
2591,0.888832
2592,0.916480
2593,0.944128
2594,0.899072
2595,0.880640
2596,0.945152
2597,0.954368
2598,0.911360
2599,0.922624
2600,0.867328
2601,1.032192
2602,0.873472
2603,0.908288
2604,0.892928
2605,0.765952
2606,0.638976
2607,0.501760
2608,0.323584
2609,0.295936
2610,0.222208
2611,0.219136
2612,0.207872
2613,0.205824
2614,0.191488
2615,0.178176
2616,0.179200
2617,0.183296
2618,0.182272
2619,0.862208
2620,0.935936
2621,0.947200
2622,0.904192
2623,0.916480
2624,0.931840
2625,0.928768
2626,0.891904
2627,0.934912
2628,0.957440
2629,0.884736
2630,0.798720
2631,0.882688
2632,0.949248
2633,0.913408
2634,0.921600
2635,0.866304
2636,0.854016
2637,0.871424
2638,0.921600
2639,0.905216
2640,0.868352
2641,0.889856
2642,0.927744
2643,0.897024
2644,0.956416
2645,0.911360
2646,0.903168
2647,0.912384
2648,0.924672
2649,0.919552
2650,0.907264
2651,0.907264
2652,0.947200
2653,0.905216
2654,0.910336
2655,0.923648
2656,0.931840
2657,0.971776
2658,0.924672
2659,0.911360
2660,0.906240
2661,0.936960
2662,0.932864
2663,0.936960
2664,0.906240
2665,0.937984
2666,0.882688
2667,0.971776
2668,0.888832
2669,0.866304
2670,0.912384
2671,0.923648
2672,0.950272
2673,0.918528
2674,0.947200
2675,0.897024
2676,0.951296
2677,0.919552
2678,0.931840
2679,0.908288
2680,0.886784
2681,0.851968
2682,0.771072
2683,0.753664
2684,0.713728
2685,0.915456
2686,0.937984
2687,0.959488
2688,0.930816
2689,0.865280
2690,0.913408
2691,0.917504
2692,0.931840
2693,0.927744
2694,0.892928
2695,0.765952
2696,0.847872
2697,0.939008
2698,0.888832
2699,0.892928
2700,0.882688
2701,0.865280
2702,0.918528
2703,0.892928
2704,0.874496
2705,0.936960
2706,0.863232
2707,0.880640
2708,0.936960
2709,0.943104
2710,0.935936
2711,0.922624
2712,0.906240
2713,0.932864
2714,0.896000
2715,0.893952
2716,0.900096
2717,0.883712
2718,0.849920
2719,0.873472
2720,0.923648
2721,0.911360
2722,0.790528
2723,0.966656
2724,0.882688
2725,0.885760
2726,0.888832
2727,0.963584
2728,0.862208
2729,0.917504
2730,0.925696
2731,0.949248
2732,0.901120
2733,0.877568
2734,0.910336
2735,0.898048
2736,0.950272
2737,0.890880
2738,0.906240
2739,0.897024
2740,0.883712
2741,0.899072
2742,0.927744
2743,0.946176
2744,0.897024
2745,0.900096
2746,0.942080
2747,0.900096
2748,0.911360
2749,0.831488
2750,0.646144
2751,0.942080
2752,0.917504
2753,0.925696
2754,0.924672
2755,0.936960
2756,0.914432
2757,0.914432
2758,0.917504
2759,0.927744
2760,0.908288
2761,0.875520
2762,0.863232
2763,0.858112
2764,0.908288
2765,0.914432
2766,0.915456
2767,0.869376
2768,0.931840
2769,0.879616
2770,0.925696
2771,0.887808
2772,0.949248
2773,0.890880
2774,0.910336
2775,0.824320
2776,0.899072
2777,0.871424
2778,0.878592
2779,0.931840
2780,0.855040
2781,0.932864
2782,0.949248
2783,0.922624
2784,0.888832
2785,0.910336
2786,0.934912
2787,0.923648
2788,1.045504
2789,0.392192
2790,0.897024
2791,0.937984
2792,0.878592
2793,0.957440
2794,0.845824
2795,0.901120
2796,0.917504
2797,0.886784
2798,0.902144
2799,0.905216
2800,0.959488
2801,0.878592
2802,0.941056
2803,0.950272
2804,0.881664
2805,0.899072
2806,0.913408
2807,0.937984
2808,0.937984
2809,0.846848
2810,0.909312
2811,0.915456
2812,0.892928
2813,0.930816
2814,0.909312
2815,0.935936
2816,0.444416
2817,0.785408
2818,0.906240
2819,0.914432
2820,0.941056
2821,0.907264
2822,0.874496
2823,0.956416
2824,0.929792
2825,0.924672
2826,0.915456
2827,0.943104
2828,0.890880
2829,0.908288
2830,0.878592
2831,0.890880
2832,0.913408
2833,0.926720
2834,0.922624
2835,0.952320
2836,0.919552
2837,0.881664
2838,0.929792
2839,0.845824
2840,0.904192
2841,0.951296
2842,0.814080
2843,0.892928
2844,0.897024
2845,0.847872
2846,0.799744
2847,0.846848
2848,0.881664
2849,0.927744
2850,0.863232
2851,0.933888
2852,0.902144
2853,0.854016
2854,0.964608
2855,0.995328
2856,0.782336
2857,0.958464
2858,0.850944
2859,0.862208
2860,0.892928
2861,0.901120
2862,0.877568
2863,0.880640
2864,0.870400
2865,0.884736
2866,0.847872
2867,0.980992
2868,0.846848
2869,0.939008
2870,0.868352
2871,0.906240
2872,0.902144
2873,0.855040
2874,0.931840
2875,0.886784
2876,1.030144
2877,0.819200
2878,0.965632
2879,0.930816
2880,0.905216
2881,0.849920
2882,0.655360
2883,0.503808
2884,0.902144
2885,0.862208
2886,0.908288
2887,0.925696
2888,0.906240
2889,0.943104
2890,0.935936
2891,0.928768
2892,0.907264
2893,0.918528
2894,0.936960
2895,0.916480
2896,0.951296
2897,0.871424
2898,0.930816
2899,0.893952
2900,0.894976
2901,0.891904
2902,0.906240
2903,0.916480
2904,0.944128
2905,0.904192
2906,0.922624
2907,0.913408
2908,0.896000
2909,0.847872
2910,0.897024
2911,0.860160
2912,0.844800
2913,0.929792
2914,0.930816
2915,0.901120
2916,0.886784
2917,0.921600
2918,0.898048
2919,0.918528
2920,0.914432
2921,0.871424
2922,0.872448
2923,0.918528
2924,0.871424
2925,0.920576
2926,0.896000
2927,0.888832
2928,0.889856
2929,0.940032
2930,0.860160
2931,0.947200
2932,0.880640
2933,0.915456
2934,0.776192
2935,0.707584
2936,0.948224
2937,0.917504
2938,0.902144
2939,0.929792
2940,0.931840
2941,0.949248
2942,0.958464
2943,0.936960
2944,0.912384
2945,0.867328
2946,0.925696
2947,0.922624
2948,0.620544
2949,0.580608
2950,0.575488
2951,0.380928
2952,0.315392
2953,0.265216
2954,0.181248
2955,0.186368
2956,0.185344
2957,0.187392
2958,0.175104
2959,0.178176
2960,0.181248
2961,0.179200
2962,0.185344
2963,0.175104
2964,0.158720
2965,0.159744
2966,0.154624
2967,0.155648
2968,0.157696
2969,0.155648
2970,0.915456
2971,0.936960
2972,0.939008
2973,0.932864
2974,0.910336
2975,0.968704
2976,0.951296
2977,0.919552
2978,0.951296
2979,0.877568
2980,0.920576
2981,0.899072
2982,0.968704
2983,0.966656
2984,0.894976
2985,0.905216
2986,0.917504
2987,0.905216
2988,0.964608
2989,0.930816
2990,0.917504
2991,0.907264
2992,0.863232
2993,0.891904
2994,0.914432
2995,0.917504
2996,0.940032
2997,0.888832
2998,0.901120
2999,0.886784
3000,0.916480
3001,0.885760
3002,0.950272
3003,0.909312
3004,0.901120
3005,0.899072
3006,0.941056
3007,0.917504
3008,0.902144
3009,0.896000
3010,0.858112
3011,0.926720
3012,0.919552
3013,0.914432
3014,0.920576
3015,0.914432
3016,0.882688
3017,0.920576
3018,0.899072
3019,0.953344
3020,0.996352
3021,0.967680
3022,0.886784
3023,0.979968
3024,0.956416
3025,0.924672
3026,0.947200
3027,0.965632
3028,0.921600
3029,0.941056
3030,0.937984
3031,0.935936
3032,0.899072
3033,0.690176
3034,0.543744
3035,0.501760
3036,0.245760
3037,0.244736
3038,0.235520
3039,0.249856
3040,0.270336
3041,0.256000
3042,0.791552
3043,0.948224
3044,0.939008
3045,0.943104
3046,0.976896
3047,0.880640
3048,0.934912
3049,0.923648
3050,0.977920
3051,0.875520
3052,0.927744
3053,0.958464
3054,0.933888
3055,0.891904
3056,0.908288
3057,0.885760
3058,0.956416
3059,0.920576
3060,0.919552
3061,0.903168
3062,0.956416
3063,0.922624
3064,0.935936
3065,0.942080
3066,0.913408
3067,0.873472
3068,0.881664
3069,0.900096
3070,0.894976
3071,0.939008
3072,0.929792
3073,0.925696
3074,0.894976
3075,0.936960
3076,0.929792
3077,0.887808
3078,0.939008
3079,0.858112
3080,0.882688
3081,0.864256
3082,0.882688
3083,0.891904
3084,0.915456
3085,0.906240
3086,0.880640
3087,0.916480
3088,0.945152
3089,0.916480
3090,0.952320
3091,0.930816
3092,0.932864
3093,0.880640
3094,0.952320
3095,0.927744
3096,0.923648
3097,0.963584
3098,0.943104
3099,0.926720
3100,0.934912
3101,0.943104
3102,0.877568
3103,0.923648
3104,0.978944
3105,0.935936
3106,0.880640
3107,0.558080
3108,0.881664
3109,0.918528
3110,0.854016
3111,0.775168
3112,0.918528
3113,0.878592
3114,0.882688
3115,0.919552
3116,0.918528
3117,0.913408
3118,0.900096
3119,0.944128
3120,0.874496
3121,0.874496
3122,0.890880
3123,0.875520
3124,0.900096
3125,0.864256
3126,0.886784
3127,0.865280
3128,0.886784
3129,0.898048
3130,0.857088
3131,0.928768
3132,0.871424
3133,0.942080
3134,0.929792
3135,0.932864
3136,0.914432
3137,0.900096
3138,0.940032
3139,0.923648
3140,0.942080
3141,0.894976
3142,0.919552
3143,0.883712
3144,0.883712
3145,0.923648
3146,0.916480
3147,0.894976
3148,0.864256
3149,0.821248
3150,0.835584
3151,0.919552
3152,0.912384
3153,0.949248
3154,0.948224
3155,0.940032
3156,0.921600
3157,0.954368
3158,0.927744
3159,0.990208
3160,0.824320
3161,0.958464
3162,0.928768
3163,0.936960
3164,0.940032
3165,0.933888
3166,0.995328
3167,0.867328
3168,0.922624
3169,0.924672
3170,0.954368
3171,0.898048
3172,0.755712
3173,0.552960
3174,0.836608
3175,0.917504
3176,0.912384
3177,0.910336
3178,0.937984
3179,0.884736
3180,0.931840
3181,0.883712
3182,0.885760
3183,0.916480
3184,0.886784
3185,0.905216
3186,0.909312
3187,0.922624
3188,0.919552
3189,0.891904
3190,0.941056
3191,0.933888
3192,0.918528
3193,0.954368
3194,0.882688
3195,0.934912
3196,0.964608
3197,0.918528
3198,0.865280
3199,0.925696
3200,0.889856
3201,0.932864
3202,0.899072
3203,0.925696
3204,0.941056
3205,0.915456
3206,0.926720
3207,0.885760
3208,0.910336
3209,0.906240
3210,0.982016
3211,0.949248
3212,0.923648
3213,0.926720
3214,0.963584
3215,0.945152
3216,0.928768
3217,0.916480
3218,0.945152
3219,0.964608
3220,0.907264
3221,0.937984
3222,0.959488
3223,0.954368
3224,0.893952
3225,0.661504
3226,0.844800
3227,0.910336
3228,0.919552
3229,0.932864
3230,0.892928
3231,0.873472
3232,0.901120
3233,0.890880
3234,0.964608
3235,0.927744
3236,0.884736
3237,0.928768
3238,0.542720
3239,0.837632
3240,0.863232
3241,0.872448
3242,0.856064
3243,0.847872
3244,0.930816
3245,0.940032
3246,0.934912
3247,0.918528
3248,0.951296
3249,0.865280
3250,0.840704
3251,0.936960
3252,0.881664
3253,0.905216
3254,0.931840
3255,0.929792
3256,0.873472
3257,0.902144
3258,0.900096
3259,0.858112
3260,0.840704
3261,0.898048
3262,0.904192
3263,0.874496
3264,0.901120
3265,0.910336
3266,0.884736
3267,0.913408
3268,0.921600
3269,0.900096
3270,0.911360
3271,0.914432
3272,0.878592
3273,0.954368
3274,0.920576
3275,0.955392
3276,0.916480
3277,0.918528
3278,0.940032
3279,0.929792
3280,0.884736
3281,0.890880
3282,0.909312
3283,0.925696
3284,0.924672
3285,0.901120
3286,0.817152
3287,0.867328
3288,0.897024
3289,0.922624
3290,0.956416
3291,0.881664
3292,0.903168
3293,0.947200
3294,0.902144
3295,0.882688
3296,0.930816
3297,0.947200
3298,0.929792
3299,0.880640
3300,0.900096
3301,0.912384
3302,0.896000
3303,0.760832
3304,0.490496
3305,0.308224
3306,0.263168
3307,0.236544
3308,0.253952
3309,0.245760
3310,0.189440
3311,0.175104
3312,0.179200
3313,0.178176
3314,0.185344
3315,0.181248
3316,0.862208
3317,0.916480
3318,0.923648
3319,0.912384
3320,0.870400
3321,0.902144
3322,0.932864
3323,0.882688
3324,0.904192
3325,0.926720
3326,0.920576
3327,0.928768
3328,0.952320
3329,0.915456
3330,0.866304
3331,0.905216
3332,0.911360
3333,0.867328
3334,0.912384
3335,0.924672
3336,0.932864
3337,0.950272
3338,0.863232
3339,0.926720
3340,0.930816
3341,0.900096
3342,0.908288
3343,0.887808
3344,0.912384
3345,0.927744
3346,0.912384
3347,0.858112
3348,0.887808
3349,0.940032
3350,0.920576
3351,0.930816
3352,0.942080
3353,0.874496
3354,0.936960
3355,0.899072
3356,0.951296
3357,0.925696
3358,0.944128
3359,0.922624
3360,0.892928
3361,0.935936
3362,0.934912
3363,0.912384
3364,0.885760
3365,0.888832
3366,0.877568
3367,0.839680
3368,0.886784
3369,0.897024
3370,0.894976
3371,0.905216
3372,0.888832
3373,0.946176
3374,0.902144
3375,0.944128
3376,0.946176
3377,0.971776
3378,0.889856
3379,0.899072
3380,0.762880
3381,0.647168
3382,0.780288
3383,0.928768
3384,0.907264
3385,0.908288
3386,0.948224
3387,0.963584
3388,0.904192
3389,0.957440
3390,0.906240
3391,0.901120
3392,0.931840
3393,0.901120
3394,0.906240
3395,0.912384
3396,0.933888
3397,0.918528
3398,0.894976
3399,0.898048
3400,0.935936
3401,0.839680
3402,0.904192
3403,0.846848
3404,0.936960
3405,0.960512
3406,0.879616
3407,0.915456
3408,0.915456
3409,0.934912
3410,0.880640
3411,0.920576
3412,0.901120
3413,0.978944
3414,0.956416
3415,0.927744
3416,0.906240
3417,0.915456
3418,0.920576
3419,0.899072
3420,0.914432
3421,0.931840
3422,0.946176
3423,0.874496
3424,0.936960
3425,0.925696
3426,0.962560
3427,0.911360
3428,0.916480
3429,0.856064
3430,0.862208
3431,0.803840
3432,0.892928
3433,0.909312
3434,0.941056
3435,0.930816
3436,0.876544
3437,0.930816
3438,0.901120
3439,0.929792
3440,0.863232
3441,0.936960
3442,0.847872
3443,0.891904
3444,0.861184
3445,0.906240
3446,0.801792
3447,0.746496
3448,0.674816
3449,0.513024
3450,0.221184
3451,0.199680
3452,0.192512
3453,0.184320
3454,0.918528
3455,0.899072
3456,0.880640
3457,0.916480
3458,0.909312
3459,0.907264
3460,0.885760
3461,0.876544
3462,0.937984
3463,0.867328
3464,0.944128
3465,0.905216
3466,0.896000
3467,0.902144
3468,0.858112
3469,0.924672
3470,0.860160
3471,0.861184
3472,0.890880
3473,0.849920
3474,0.850944
3475,0.928768
3476,0.995328
3477,0.787456
3478,0.914432
3479,0.923648
3480,0.886784
3481,0.945152
3482,0.899072
3483,0.939008
3484,0.940032
3485,0.900096
3486,0.893952
3487,0.889856
3488,0.892928
3489,0.927744
3490,0.919552
3491,0.931840
3492,0.885760
3493,0.876544
3494,0.901120
3495,0.919552
3496,0.833536
3497,0.867328
3498,0.873472
3499,0.919552
3500,0.940032
3501,0.949248
3502,0.910336
3503,0.950272
3504,0.894976
3505,0.927744
3506,0.926720
3507,0.918528
3508,0.974848
3509,0.913408
3510,0.960512
3511,0.941056
3512,0.909312
3513,0.917504
3514,0.918528
3515,0.956416
3516,0.909312
3517,0.900096
3518,0.791552
3519,0.843776
3520,0.917504
3521,0.905216
3522,0.914432
3523,0.901120
3524,0.880640
3525,0.891904
3526,0.891904
3527,0.885760
3528,0.949248
3529,0.863232
3530,0.904192
3531,0.931840
3532,0.913408
3533,0.900096
3534,0.889856
3535,0.976896
3536,0.905216
3537,0.893952
3538,0.945152
3539,0.916480
3540,0.907264
3541,0.880640
3542,0.935936
3543,0.880640
3544,0.896000
3545,0.854016
3546,0.937984
3547,0.916480
3548,0.891904
3549,0.900096
3550,0.902144
3551,0.903168
3552,0.924672
3553,0.912384
3554,0.829440
3555,0.841728
3556,0.848896
3557,0.902144
3558,0.898048
3559,0.904192
3560,0.859136
3561,0.868352
3562,0.896000
3563,0.916480
3564,0.907264
3565,0.948224
3566,0.973824
3567,0.860160
3568,0.900096
3569,0.917504
3570,0.908288
3571,0.955392
3572,0.898048
3573,0.901120
3574,0.886784
3575,0.946176
3576,0.977920
3577,0.921600
3578,0.713728
3579,0.906240
3580,0.879616
3581,0.874496
3582,0.890880
3583,0.814080
3584,0.555008
3585,0.454656
3586,0.380928
3587,0.287744
3588,0.289792
3589,0.904192
3590,0.896000
3591,0.885760
3592,0.936960
3593,0.909312
3594,0.919552
3595,0.929792
3596,0.869376
3597,0.875520
3598,0.871424
3599,0.942080
3600,0.925696
3601,0.879616
3602,0.888832
3603,0.927744
3604,0.959488
3605,0.916480
3606,0.896000
3607,0.920576
3608,0.928768
3609,0.941056
3610,0.924672
3611,0.873472
3612,0.918528
3613,0.930816
3614,0.862208
3615,0.932864
3616,0.877568
3617,0.942080
3618,0.919552
3619,0.914432
3620,0.881664
3621,0.912384
3622,0.906240
3623,0.934912
3624,0.893952
3625,0.932864
3626,0.884736
3627,0.869376
3628,0.888832
3629,0.824320
3630,0.893952
3631,0.911360
3632,0.890880
3633,0.826368
3634,0.852992
3635,0.927744
3636,0.898048
3637,0.914432
3638,0.925696
3639,0.918528
3640,0.860160
3641,0.954368
3642,0.896000
3643,0.940032
3644,0.886784
3645,0.954368
3646,0.922624
3647,0.847872
3648,0.960512
3649,0.928768
3650,0.918528
3651,0.944128
3652,0.850944
3653,0.863232
3654,0.634880
3655,1.049600
3656,0.972800
3657,0.660480
3658,0.882688
3659,0.802816
3660,0.805888
3661,0.911360
3662,0.852992
3663,0.897024
3664,0.939008
3665,0.883712
3666,0.931840
3667,0.902144
3668,0.902144
3669,0.908288
3670,0.899072
3671,0.887808
3672,0.862208
3673,0.886784
3674,0.959488
3675,0.902144
3676,0.914432
3677,0.920576
3678,0.930816
3679,0.908288
3680,0.883712
3681,0.945152
3682,0.891904
3683,0.934912
3684,0.883712
3685,0.882688
3686,0.936960
3687,0.957440
3688,0.920576
3689,0.903168
3690,0.872448
3691,0.964608
3692,0.861184
3693,0.911360
3694,0.892928
3695,0.890880
3696,0.916480
3697,0.947200
3698,0.872448
3699,0.948224
3700,0.918528
3701,0.893952
3702,0.968704
3703,0.934912
3704,0.910336
3705,0.910336
3706,0.953344
3707,0.963584
3708,0.914432
3709,0.903168
3710,0.913408
3711,0.892928
3712,0.893952
3713,0.846848
3714,0.911360
3715,0.851968
3716,0.902144
3717,0.905216
3718,0.865280
3719,0.705536
3720,0.470016
3721,0.273408
3722,0.287744
3723,0.279552
3724,0.271360
3725,0.282624
3726,0.276480
3727,0.227328
3728,0.201728
3729,0.181248
3730,0.188416
3731,0.172032
3732,0.761856
3733,0.926720
3734,0.968704
3735,0.406528
3736,0.855040
3737,0.850944
3738,0.919552
3739,0.916480
3740,0.872448
3741,0.894976
3742,0.941056
3743,0.896000
3744,0.908288
3745,0.933888
3746,0.932864
3747,0.922624
3748,0.910336
3749,0.903168
3750,0.892928
3751,0.890880
3752,0.976896
3753,0.929792
3754,0.898048
3755,0.910336
3756,0.925696
3757,0.887808
3758,0.931840
3759,0.917504
3760,0.896000
3761,1.088512
3762,0.786432
3763,0.663552
3764,0.861184
3765,0.851968
3766,0.820224
3767,0.909312
3768,0.876544
3769,0.873472
3770,0.892928
3771,0.934912
3772,0.934912
3773,0.877568
3774,0.899072
3775,0.944128
3776,0.934912
3777,0.928768
3778,0.869376
3779,0.945152
3780,0.949248
3781,0.923648
3782,0.910336
3783,0.912384
3784,0.893952
3785,0.865280
3786,0.962560
3787,0.888832
3788,0.899072
3789,0.949248
3790,0.896000
3791,0.926720
3792,0.888832
3793,0.933888
3794,0.878592
3795,0.956416
3796,0.900096
3797,0.773120
3798,0.551936
3799,0.907264
3800,0.912384
3801,0.954368
3802,0.861184
3803,0.942080
3804,0.874496
3805,0.943104
3806,0.849920
3807,0.943104
3808,0.896000
3809,0.909312
3810,0.941056
3811,0.876544
3812,0.935936
3813,0.882688
3814,0.935936
3815,0.905216
3816,0.948224
3817,0.953344
3818,0.927744
3819,0.908288
3820,0.896000
3821,0.890880
3822,0.840704
3823,0.868352
3824,0.844800
3825,0.917504
3826,0.892928
3827,0.911360
3828,0.876544
3829,1.101824
3830,0.847872
3831,0.869376
3832,0.894976
3833,0.854016
3834,0.850944
3835,0.836608
3836,0.882688
3837,0.941056
3838,0.876544
3839,0.902144
3840,0.896000
3841,0.950272
3842,0.945152
3843,0.903168
3844,0.912384
3845,0.946176
3846,0.919552
3847,0.893952
3848,0.940032
3849,0.872448
3850,0.890880
3851,0.925696
3852,0.940032
3853,0.898048
3854,0.968704
3855,0.963584
3856,0.927744
3857,0.717824
3858,0.888832
3859,0.888832
3860,0.901120
3861,0.858112
3862,0.857088
3863,0.863232
3864,0.745472
3865,0.644096
3866,0.931840
3867,0.880640
3868,0.913408
3869,0.912384
3870,0.891904
3871,0.902144
3872,0.877568
3873,0.851968
3874,0.861184
3875,0.894976
3876,0.923648
3877,0.914432
3878,0.931840
3879,0.973824
3880,0.922624
3881,0.867328
3882,0.870400
3883,0.908288
3884,0.957440
3885,0.939008
3886,0.962560
3887,0.883712
3888,0.872448
3889,0.915456
3890,0.868352
3891,0.872448
3892,0.923648
3893,0.898048
3894,0.913408
3895,0.900096
3896,0.919552
3897,0.933888
3898,0.901120
3899,0.906240
3900,0.914432
3901,0.860160
3902,0.884736
3903,0.890880
3904,0.884736
3905,0.884736
3906,0.933888
3907,0.905216
3908,0.951296
3909,0.935936
3910,0.894976
3911,0.911360
3912,0.908288
3913,0.882688
3914,0.901120
3915,0.872448
3916,0.789504
3917,0.947200
3918,0.943104
3919,0.931840
3920,0.923648
3921,0.889856
3922,0.901120
3923,0.964608
3924,1.016832
3925,0.888832
3926,0.901120
3927,0.933888
3928,0.921600
3929,0.922624
3930,0.869376
3931,0.556032
3932,0.212992
3933,0.178176
3934,0.178176
3935,0.174080
3936,0.174080
3937,0.165888
3938,0.168960
3939,0.165888
3940,0.175104
3941,0.872448
3942,0.948224
3943,0.943104
3944,0.936960
3945,0.874496
3946,0.947200
3947,0.909312
3948,0.982016
3949,0.904192
3950,0.879616
3951,0.945152
3952,0.906240
3953,0.887808
3954,0.907264
3955,0.921600
3956,0.896000
3957,0.878592
3958,0.882688
3959,0.891904
3960,0.870400
3961,0.926720
3962,0.891904
3963,0.926720
3964,0.932864
3965,0.882688
3966,0.891904
3967,0.928768
3968,0.900096
3969,0.845824
3970,0.870400
3971,0.926720
3972,0.886784
3973,0.891904
3974,0.868352
3975,0.899072
3976,0.894976
3977,0.884736
3978,0.908288
3979,0.907264
3980,0.910336
3981,0.913408
3982,0.903168
3983,0.919552
3984,0.942080
3985,0.877568
3986,0.884736
3987,0.844800
3988,0.908288
3989,0.897024
3990,0.886784
3991,0.931840
3992,0.889856
3993,0.898048
3994,0.869376
3995,0.898048
3996,0.933888
3997,0.908288
3998,0.945152
3999,0.908288
4000,0.913408
4001,0.919552
4002,0.923648
4003,0.929792
4004,0.941056
4005,0.832512
4006,0.660480
4007,0.513024
4008,0.284672
4009,0.220160
4010,0.210944
4011,0.207872
4012,0.194560
4013,0.183296
4014,0.187392
4015,0.186368
4016,0.181248
4017,0.159744
4018,0.151552
4019,0.151552
4020,0.158720
4021,0.153600
4022,0.158720
4023,0.820224
4024,1.008640
4025,0.800768
4026,0.887808
4027,0.924672
4028,0.906240
4029,0.916480
4030,0.917504
4031,0.931840
4032,0.910336
4033,0.859136
4034,0.892928
4035,0.886784
4036,0.882688
4037,0.866304
4038,0.913408
4039,0.855040
4040,0.912384
4041,0.925696
4042,0.936960
4043,0.890880
4044,0.896000
4045,0.936960
4046,0.885760
4047,0.880640
4048,0.916480
4049,0.904192
4050,0.948224
4051,0.951296
4052,0.954368
4053,0.906240
4054,0.941056
4055,0.920576
4056,0.886784
4057,0.957440
4058,0.942080
4059,0.897024
4060,0.944128
4061,0.894976
4062,0.903168
4063,0.909312
4064,0.903168
4065,0.889856
4066,0.910336
4067,0.889856
4068,0.894976
4069,0.860160
4070,0.872448
4071,0.932864
4072,0.920576
4073,0.940032
4074,0.897024
4075,0.916480
4076,0.900096
4077,0.934912
4078,0.913408
4079,0.924672
4080,0.906240
4081,0.965632
4082,0.972800
4083,0.940032
4084,0.883712
4085,0.908288
4086,0.910336
4087,0.757760
4088,0.629760
4089,0.484352
4090,0.438272
4091,0.462848
4092,0.743424
4093,0.987136
4094,0.751616
4095,0.958464
4096,0.892928
4097,1.180672
4098,0.837632
4099,0.911360
4100,0.911360
4101,0.949248
4102,0.934912
4103,0.925696
4104,0.897024
4105,0.942080
4106,0.909312
4107,0.830464
4108,0.901120
4109,0.896000
4110,0.909312
4111,0.878592
4112,0.859136
4113,0.880640
4114,0.873472
4115,0.919552
4116,0.893952
4117,0.911360
4118,0.864256
4119,0.960512
4120,0.954368
4121,0.908288
4122,0.876544
4123,0.909312
4124,0.894976
4125,0.872448
4126,0.893952
4127,0.885760
4128,0.870400
4129,0.878592
4130,0.896000
4131,0.893952
4132,0.894976
4133,0.907264
4134,0.921600
4135,0.865280
4136,0.901120
4137,0.882688
4138,0.896000
4139,0.918528
4140,0.874496
4141,0.924672
4142,0.914432
4143,0.940032
4144,0.913408
4145,0.902144
4146,0.842752
4147,0.806912
4148,0.871424
4149,0.925696
4150,0.921600
4151,0.952320
4152,0.874496
4153,0.935936
4154,0.897024
4155,0.855040
4156,0.811008
4157,0.692224
4158,0.644096
4159,0.413696
4160,0.313344
4161,0.273408
4162,0.243712
4163,0.245760
4164,0.261120
4165,0.260096
4166,0.254976
4167,0.886784
4168,0.924672
4169,0.882688
4170,0.880640
4171,0.914432
4172,0.937984
4173,0.919552
4174,0.929792
4175,0.872448
4176,0.916480
4177,0.929792
4178,0.902144
4179,0.928768
4180,0.901120
4181,0.929792
4182,0.942080
4183,0.902144
4184,0.884736
4185,0.906240
4186,0.893952
4187,0.913408
4188,0.873472
4189,0.898048
4190,0.912384
4191,0.848896
4192,0.862208
4193,0.859136
4194,0.907264
4195,0.890880
4196,0.882688
4197,0.936960
4198,0.907264
4199,0.885760
4200,0.917504
4201,0.856064
4202,0.941056
4203,0.879616
4204,0.907264
4205,0.877568
4206,0.936960
4207,0.911360
4208,0.920576
4209,0.906240
4210,0.887808
4211,0.851968
4212,0.903168
4213,0.920576
4214,0.925696
4215,0.907264
4216,0.906240
4217,0.866304
4218,0.919552
4219,0.937984
4220,0.937984
4221,0.934912
4222,0.880640
4223,0.888832
4224,0.884736
4225,0.957440
4226,0.956416
4227,0.972800
4228,0.882688
4229,0.985088
4230,0.848896
4231,0.704512
4232,0.378880
4233,0.391168
4234,0.351232
4235,0.330752
4236,0.282624
4237,0.281600
4238,0.266240
4239,0.281600
4240,0.209920
4241,0.185344
4242,0.189440
4243,0.187392
4244,0.178176
4245,0.753664
4246,0.923648
4247,0.909312
4248,0.935936
4249,0.892928
4250,0.956416
4251,0.903168
4252,0.894976
4253,0.936960
4254,0.935936
4255,0.899072
4256,0.929792
4257,0.910336
4258,0.919552
4259,0.884736
4260,0.963584
4261,0.880640
4262,0.906240
4263,0.886784
4264,0.911360
4265,0.877568
4266,0.909312
4267,0.877568
4268,0.896000
4269,0.917504
4270,0.929792
4271,0.899072
4272,0.915456
4273,0.943104
4274,0.932864
4275,0.850944
4276,0.891904
4277,0.863232
4278,0.880640
4279,0.884736
4280,0.838656
4281,0.906240
4282,0.864256
4283,0.919552
4284,0.904192
4285,0.918528
4286,0.910336
4287,0.912384
4288,0.837632
4289,0.924672
4290,0.882688
4291,0.909312
4292,0.893952
4293,0.880640
4294,0.910336
4295,0.877568
4296,0.940032
4297,0.953344
4298,0.898048
4299,0.914432
4300,0.960512
4301,0.906240
4302,0.943104
4303,0.935936
4304,0.969728
4305,0.900096
4306,0.921600
4307,0.970752
4308,0.929792
4309,0.807936
4310,0.454656
4311,0.335872
4312,0.323584
4313,0.313344
4314,0.296960
4315,0.300032
4316,0.256000
4317,0.290816
4318,0.258048
4319,0.254976
4320,0.266240
4321,0.267264
4322,0.801792
4323,0.913408
4324,0.901120
4325,0.951296
4326,0.897024
4327,0.902144
4328,0.884736
4329,0.913408
4330,0.947200
4331,0.889856
4332,0.955392
4333,0.954368
4334,0.851968
4335,0.925696
4336,0.935936
4337,0.924672
4338,0.947200
4339,0.904192
4340,0.914432
4341,0.886784
4342,0.899072
4343,0.936960
4344,0.914432
4345,0.921600
4346,0.941056
4347,0.879616
4348,0.940032
4349,0.925696
4350,0.890880
4351,0.917504
4352,0.879616
4353,0.818176
4354,0.845824
4355,0.872448
4356,0.910336
4357,0.927744
4358,0.925696
4359,0.910336
4360,0.917504
4361,0.880640
4362,0.897024
4363,0.889856
4364,0.877568
4365,0.881664
4366,0.967680
4367,0.886784
4368,0.946176
4369,0.923648
4370,0.903168
4371,0.917504
4372,0.953344
4373,0.929792
4374,0.892928
4375,0.923648
4376,0.900096
4377,0.912384
4378,0.934912
4379,0.870400
4380,0.967680
4381,0.931840
4382,0.889856
4383,0.872448
4384,0.903168
4385,0.920576
4386,0.686080
4387,0.942080
4388,0.921600
4389,0.914432
4390,0.864256
4391,0.914432
4392,0.946176
4393,0.928768
4394,0.974848
4395,0.951296
4396,0.891904
4397,0.912384
4398,0.912384
4399,0.915456
4400,0.924672
4401,0.904192
4402,0.876544
4403,0.820224
4404,0.833536
4405,0.877568
4406,0.933888
4407,0.887808
4408,0.908288
4409,0.891904
4410,0.894976
4411,0.899072
4412,0.971776
4413,0.925696
4414,0.963584
4415,0.896000
4416,0.960512
4417,0.918528
4418,0.885760
4419,0.947200
4420,0.886784
4421,0.881664
4422,0.935936
4423,0.863232
4424,0.941056
4425,0.904192
4426,0.912384
4427,0.927744
4428,0.907264
4429,0.905216
4430,0.911360
4431,0.943104
4432,0.896000
4433,0.877568
4434,0.923648
4435,0.935936
4436,0.929792
4437,0.935936
4438,0.912384
4439,0.942080
4440,0.898048
4441,0.941056
4442,0.928768
4443,0.919552
4444,0.933888
4445,0.917504
4446,0.942080
4447,0.932864
4448,0.909312
4449,0.923648
4450,0.904192
4451,0.653312
4452,0.521216
4453,0.855040
4454,0.898048
4455,0.900096
4456,0.884736
4457,0.959488
4458,0.914432
4459,0.905216
4460,0.894976
4461,0.917504
4462,0.902144
4463,0.926720
4464,0.904192
4465,0.946176
4466,0.889856
4467,0.941056
4468,0.898048
4469,0.924672
4470,0.889856
4471,0.926720
4472,0.956416
4473,0.839680
4474,0.908288
4475,0.934912
4476,0.922624
4477,0.914432
4478,0.890880
4479,0.949248
4480,0.919552
4481,0.930816
4482,0.894976
4483,0.911360
4484,0.923648
4485,0.892928
4486,0.923648
4487,0.901120
4488,0.934912
4489,0.931840
4490,0.910336
4491,0.923648
4492,0.911360
4493,0.947200
4494,0.904192
4495,0.945152
4496,0.950272
4497,0.920576
4498,0.929792
4499,0.927744
4500,0.928768
4501,0.919552
4502,0.935936
4503,0.961536
4504,0.902144
4505,0.903168
4506,0.915456
4507,0.910336
4508,0.904192
4509,0.942080
4510,0.921600
4511,0.909312
4512,0.902144
4513,0.898048
4514,0.930816
4515,0.890880
4516,0.859136
4517,0.699392
4518,0.580608
4519,0.328704
4520,0.194560
4521,0.203776
4522,0.193536
4523,0.187392
4524,0.186368
4525,0.183296
4526,0.185344
4527,0.175104
4528,0.928768
4529,0.951296
4530,0.924672
4531,0.919552
4532,0.927744
4533,0.920576
4534,0.893952
4535,0.904192
4536,0.986112
4537,0.879616
4538,0.852992
4539,0.912384
4540,0.901120
4541,0.913408
4542,0.901120
4543,0.911360
4544,0.918528
4545,0.894976
4546,0.917504
4547,0.908288
4548,0.948224
4549,0.931840
4550,0.886784
4551,0.930816
4552,0.933888
4553,0.890880
4554,0.966656
4555,0.948224
4556,0.889856
4557,0.918528
4558,0.921600
4559,0.918528
4560,0.929792
4561,0.950272
4562,0.913408
4563,0.931840
4564,0.901120
4565,0.909312
4566,0.957440
4567,0.907264
4568,0.900096
4569,0.920576
4570,0.925696
4571,0.859136
4572,0.854016
4573,0.852992
4574,0.861184
4575,0.906240
4576,0.907264
4577,0.980992
4578,0.914432
4579,0.942080
4580,0.944128
4581,0.933888
4582,0.972800
4583,0.945152
4584,0.918528
4585,0.936960
4586,0.927744
4587,0.926720
4588,0.900096
4589,0.926720
4590,0.958464
4591,0.972800
4592,0.855040
4593,0.558080
4594,0.892928
4595,0.732160
4596,0.882688
4597,0.536576
4598,0.903168
4599,0.925696
4600,0.886784
4601,0.876544
4602,0.905216
4603,0.879616
4604,0.859136
4605,0.858112
4606,0.887808
4607,0.883712
4608,0.904192
4609,0.872448
4610,0.908288
4611,0.903168
4612,0.915456
4613,0.884736
4614,0.911360
4615,0.923648
4616,0.933888
4617,0.935936
4618,0.909312
4619,0.886784
4620,0.928768
4621,0.920576
4622,0.937984
4623,0.909312
4624,0.933888
4625,0.910336
4626,0.919552
4627,0.922624
4628,0.890880
4629,0.909312
4630,0.834560
4631,0.908288
4632,0.871424
4633,0.894976
4634,0.843776
4635,0.884736
4636,0.894976
4637,0.894976
4638,0.935936
4639,0.939008
4640,0.970752
4641,0.865280
4642,0.934912
4643,0.914432
4644,0.967680
4645,0.951296
4646,0.926720
4647,0.925696
4648,0.942080
4649,0.903168
4650,0.919552
4651,0.915456
4652,0.924672
4653,0.900096
4654,0.921600
4655,0.906240
4656,0.948224
4657,0.901120
4658,0.759808
4659,0.646144
4660,0.529408
4661,0.176128
4662,0.177152
4663,0.186368
4664,0.182272
4665,0.184320
4666,0.163840
4667,0.176128
4668,0.173056
4669,0.175104
4670,0.167936
4671,0.164864
4672,0.167936
4673,0.164864
4674,0.162816
4675,0.167936
4676,0.156672
4677,0.930816
4678,0.935936
4679,0.872448
4680,0.908288
4681,0.905216
4682,0.971776
4683,0.902144
4684,0.879616
4685,0.919552
4686,0.902144
4687,0.897024
4688,0.927744
4689,0.862208
4690,0.881664
4691,0.893952
4692,0.859136
4693,0.889856
4694,0.885760
4695,0.873472
4696,0.933888
4697,0.923648
4698,0.886784
4699,0.921600
4700,0.858112
4701,0.908288
4702,0.891904
4703,0.906240
4704,0.934912
4705,0.942080
4706,0.873472
4707,0.953344
4708,0.867328
4709,0.912384
4710,0.906240
4711,0.902144
4712,0.919552
4713,0.932864
4714,0.950272
4715,0.905216
4716,0.907264
4717,0.837632
4718,0.849920
4719,0.832512
4720,0.868352
4721,0.935936
4722,0.902144
4723,0.915456
4724,0.905216
4725,0.887808
4726,0.903168
4727,0.957440
4728,0.931840
4729,0.933888
4730,0.942080
4731,0.927744
4732,0.950272
4733,0.877568
4734,0.896000
4735,0.977920
4736,0.908288
4737,0.901120
4738,0.924672
4739,0.944128
4740,0.878592
4741,0.779264
4742,0.513024
4743,0.491520
4744,0.425984
4745,0.453632
4746,0.776192
4747,0.918528
4748,0.941056
4749,0.904192
4750,0.897024
4751,0.900096
4752,0.864256
4753,0.956416
4754,0.838656
4755,0.904192
4756,0.952320
4757,0.883712
4758,0.893952
4759,0.904192
4760,0.923648
4761,0.885760
4762,0.898048
4763,0.948224
4764,0.935936
4765,0.923648
4766,0.936960
4767,0.899072
4768,0.966656
4769,0.931840
4770,0.908288
4771,0.919552
4772,0.928768
4773,0.916480
4774,0.928768
4775,0.886784
4776,0.933888
4777,0.928768
4778,0.929792
4779,0.925696
4780,0.892928
4781,0.882688
4782,0.932864
4783,0.914432
4784,0.886784
4785,0.902144
4786,0.941056
4787,0.851968
4788,0.919552
4789,0.862208
4790,0.878592
4791,0.861184
4792,1.029120
4793,0.886784
4794,0.790528
4795,0.875520
4796,0.904192
4797,0.803840
4798,0.882688
4799,0.898048
4800,0.912384
4801,0.915456
4802,0.842752
4803,0.888832
4804,0.876544
4805,0.910336
4806,0.901120
4807,0.898048
4808,0.881664
4809,0.949248
4810,0.870400
4811,0.664576
4812,0.465920
4813,0.361472
4814,0.347136
4815,0.326656
4816,0.336896
4817,0.320512
4818,0.348160
4819,0.330752
4820,0.309248
4821,0.172032
4822,0.161792
4823,0.166912
4824,0.162816
4825,0.159744
4826,0.155648
4827,0.758784
4828,0.952320
4829,0.904192
4830,0.873472
4831,0.930816
4832,0.942080
4833,0.913408
4834,0.960512
4835,0.863232
4836,0.923648
4837,0.894976
4838,0.854016
4839,0.963584
4840,0.958464
4841,0.856064
4842,0.868352
4843,0.971776
4844,0.907264
4845,0.923648
4846,0.915456
4847,0.919552
4848,0.948224
4849,0.946176
4850,0.924672
4851,0.878592
4852,0.890880
4853,0.869376
4854,0.867328
4855,0.845824
4856,0.913408
4857,0.889856
4858,0.873472
4859,0.851968
4860,0.918528
4861,0.877568
4862,0.889856
4863,0.861184
4864,0.915456
4865,0.928768
4866,0.902144
4867,0.855040
4868,0.913408
4869,1.001472
4870,0.919552
4871,0.885760
4872,0.890880
4873,0.941056
4874,0.973824
4875,0.839680
4876,0.911360
4877,0.977920
4878,0.941056
4879,0.896000
4880,0.929792
4881,0.933888
4882,0.903168
4883,0.919552
4884,0.927744
4885,0.941056
4886,0.897024
4887,0.904192
4888,0.923648
4889,0.909312
4890,0.829440
4891,0.708608
4892,0.599040
4893,0.506880
4894,0.407552
4895,0.354304
4896,0.233472
4897,0.172032
4898,0.169984
4899,0.172032
4900,0.164864
4901,0.172032
4902,0.165888
4903,0.165888
4904,0.167936
4905,0.165888
4906,0.168960
4907,0.157696
4908,0.771072
4909,0.978944
4910,0.893952
4911,0.902144
4912,0.885760
4913,0.882688
4914,0.911360
4915,0.921600
4916,0.919552
4917,0.901120
4918,0.941056
4919,0.901120
4920,0.900096
4921,0.921600
4922,0.919552
4923,0.910336
4924,0.951296
4925,0.899072
4926,0.887808
4927,0.956416
4928,0.876544
4929,0.889856
4930,0.865280
4931,0.817152
4932,0.855040
4933,0.852992
4934,0.894976
4935,0.943104
4936,0.901120
4937,0.907264
4938,0.900096
4939,0.908288
4940,0.906240
4941,0.937984
4942,0.898048
4943,0.894976
4944,0.899072
4945,0.916480
4946,0.865280
4947,0.949248
4948,1.054720
4949,0.921600
4950,0.910336
4951,0.857088
4952,0.910336
4953,0.857088
4954,0.816128
4955,0.908288
4956,0.940032
4957,0.933888
4958,0.920576
4959,0.890880
4960,0.869376
4961,0.954368
4962,0.924672
4963,0.902144
4964,0.920576
4965,0.946176
4966,0.925696
4967,0.987136
4968,0.896000
4969,0.897024
4970,0.910336
4971,0.917504
4972,0.790528
4973,0.575488
4974,0.738304
4975,0.911360
4976,0.927744
4977,0.908288
4978,0.944128
4979,0.935936
4980,0.932864
4981,0.910336
4982,0.871424
4983,0.964608
4984,0.873472
4985,0.884736
4986,0.850944
4987,0.842752
4988,0.839680
4989,0.899072
4990,0.926720
4991,0.926720
4992,0.923648
4993,0.915456
4994,0.931840
4995,0.864256
4996,0.927744
4997,0.848896
4998,0.879616
4999,0.908288
5000,0.889856
5001,0.920576
5002,0.939008
5003,0.877568
5004,0.921600
5005,0.921600
5006,0.939008
5007,0.904192
5008,0.872448
5009,0.926720
5010,0.898048
5011,0.899072
5012,0.919552
5013,0.956416
5014,0.928768
5015,0.906240
5016,0.866304
5017,0.946176
5018,0.932864
5019,0.970752
5020,0.891904
5021,0.907264
5022,0.878592
5023,0.932864
5024,0.919552
5025,0.898048
5026,0.885760
5027,0.953344
5028,0.917504
5029,0.925696
5030,0.903168
5031,0.902144
5032,0.919552
5033,0.908288
5034,0.575488
5035,0.909312
5036,0.933888
5037,0.932864
5038,0.921600
5039,0.863232
5040,0.603136
5041,0.912384
5042,0.909312
5043,0.936960
5044,0.890880
5045,0.880640
5046,0.888832
5047,0.839680
5048,0.894976
5049,0.841728
5050,0.892928
5051,0.921600
5052,0.889856
5053,0.927744
5054,0.955392
5055,0.941056
5056,0.968704
5057,0.929792
5058,0.924672
5059,0.935936
5060,0.893952
5061,0.931840
5062,0.869376
5063,0.928768
5064,0.907264
5065,0.872448
5066,0.917504
5067,0.915456
5068,0.926720
5069,0.922624
5070,0.904192
5071,0.909312
5072,0.918528
5073,0.932864
5074,0.867328
5075,0.930816
5076,0.914432
5077,0.916480
5078,0.908288
5079,1.141760
5080,0.831488
5081,0.914432
5082,0.928768
5083,0.935936
5084,0.949248
5085,0.905216
5086,0.898048
5087,0.927744
5088,0.913408
5089,0.921600
5090,0.891904
5091,0.901120
5092,0.923648
5093,0.905216
5094,0.968704
5095,0.949248
5096,0.968704
5097,0.905216
5098,0.915456
5099,0.936960
5100,0.961536
5101,0.964608
5102,0.894976
5103,0.964608
5104,0.838656
5105,0.662528
5106,0.477184
5107,0.389120
5108,0.248832
5109,0.211968
5110,0.214016
5111,0.209920
5112,0.182272
5113,0.846848
5114,0.897024
5115,0.950272
5116,0.942080
5117,0.931840
5118,0.901120
5119,0.899072
5120,0.945152
5121,0.890880
5122,0.898048
5123,0.898048
5124,0.884736
5125,0.919552
5126,0.934912
5127,0.904192
5128,0.926720
5129,0.927744
5130,0.915456
5131,0.950272
5132,0.907264
5133,0.902144
5134,0.945152
5135,0.928768
5136,0.937984
5137,0.883712
5138,0.886784
5139,0.926720
5140,0.924672
5141,0.946176
5142,0.922624
5143,0.900096
5144,0.906240
5145,0.901120
5146,0.949248
5147,0.871424
5148,0.884736
5149,0.887808
5150,0.831488
5151,0.889856
5152,0.823296
5153,0.870400
5154,0.984064
5155,0.903168
5156,0.966656
5157,0.921600
5158,0.888832
5159,0.893952
5160,0.970752
5161,0.889856
5162,0.934912
5163,0.924672
5164,0.962560
5165,0.863232
5166,0.957440
5167,0.900096
5168,0.928768
5169,0.928768
5170,0.903168
5171,0.899072
5172,0.864256
5173,0.926720
5174,0.875520
5175,0.915456
5176,0.812032
5177,0.648192
5178,0.928768
5179,0.878592
5180,0.921600
5181,0.902144
5182,0.855040
5183,0.906240
5184,0.943104
5185,0.911360
5186,0.869376
5187,0.874496
5188,0.896000
5189,0.926720
5190,0.878592
5191,0.885760
5192,0.930816
5193,0.893952
5194,0.910336
5195,0.934912
5196,0.931840
5197,0.952320
5198,0.880640
5199,0.971776
5200,0.939008
5201,0.863232
5202,0.894976
5203,0.849920
5204,0.852992
5205,0.891904
5206,0.947200
5207,0.888832
5208,0.923648
5209,0.873472
5210,0.890880
5211,0.911360
5212,0.909312
5213,0.849920
5214,0.893952
5215,0.948224
5216,0.913408
5217,0.928768
5218,0.897024
5219,0.941056
5220,0.929792
5221,0.857088
5222,0.921600
5223,0.901120
5224,0.868352
5225,0.873472
5226,0.967680
5227,0.884736
5228,0.892928
5229,0.862208
5230,0.954368
5231,0.950272
5232,0.910336
5233,0.864256
5234,0.917504
5235,0.978944
5236,0.950272
5237,0.893952
5238,0.862208
5239,0.941056
5240,0.874496
5241,0.876544
5242,0.868352
5243,0.917504
5244,0.873472
5245,0.925696
5246,0.921600
5247,0.914432
5248,0.926720
5249,0.879616
5250,0.926720
5251,0.934912
5252,1.111040
5253,0.789504
5254,0.877568
5255,0.934912
5256,0.929792
5257,0.941056
5258,1.022976
5259,0.627712
5260,0.947200
5261,0.806912
5262,0.915456
5263,0.870400
5264,0.915456
5265,0.919552
5266,0.930816
5267,0.943104
5268,0.890880
5269,0.927744
5270,0.907264
5271,0.906240
5272,0.923648
5273,0.925696
5274,0.873472
5275,0.923648
5276,0.878592
5277,0.909312
5278,0.900096
5279,0.888832
5280,0.932864
5281,0.881664
5282,0.939008
5283,0.848896
5284,0.946176
5285,0.898048
5286,0.897024
5287,0.881664
5288,0.874496
5289,0.905216
5290,0.900096
5291,0.863232
5292,0.901120
5293,0.870400
5294,0.888832
5295,0.929792
5296,0.939008
5297,0.922624
5298,0.888832
5299,0.944128
5300,0.892928
5301,0.884736
5302,0.886784
5303,0.907264
5304,0.925696
5305,0.888832
5306,0.654336
5307,0.541696
5308,0.390144
5309,0.335872
5310,0.339968
5311,0.330752
5312,0.271360
5313,0.294912
5314,0.272384
5315,0.856064
5316,0.886784
5317,0.902144
5318,0.941056
5319,0.921600
5320,0.884736
5321,0.940032
5322,0.878592
5323,0.893952
5324,0.921600
5325,0.868352
5326,0.884736
5327,0.926720
5328,0.919552
5329,0.915456
5330,0.933888
5331,0.891904
5332,0.876544
5333,0.927744
5334,0.830464
5335,0.837632
5336,0.834560
5337,0.875520
5338,0.901120
5339,0.906240
5340,0.916480
5341,0.841728
5342,0.889856
5343,0.919552
5344,0.916480
5345,0.867328
5346,0.960512
5347,0.890880
5348,0.959488
5349,0.934912
5350,0.897024
5351,0.901120
5352,0.855040
5353,0.886784
5354,0.880640
5355,0.942080
5356,0.953344
5357,0.918528
5358,0.892928
5359,0.886784
5360,0.911360
5361,0.917504
5362,0.937984
5363,0.914432
5364,0.881664
5365,0.877568
5366,0.886784
5367,0.913408
5368,0.826368
5369,0.888832
5370,0.899072
5371,0.907264
5372,0.925696
5373,0.919552
5374,0.901120
5375,0.870400
5376,0.898048
5377,0.905216
5378,0.922624
5379,0.912384
5380,0.608256
5381,0.446464
5382,0.327680
5383,0.309248
5384,0.258048
5385,0.232448
5386,0.217088
5387,0.229376
5388,0.845824
5389,0.949248
5390,0.912384
5391,0.838656
5392,0.934912
5393,0.929792
5394,0.866304
5395,0.900096
5396,0.907264
5397,0.886784
5398,0.952320
5399,0.846848
5400,0.900096
5401,0.935936
5402,0.874496
5403,0.921600
5404,0.927744
5405,0.908288
5406,0.887808
5407,0.900096
5408,0.844800
5409,0.993280
5410,0.845824
5411,0.942080
5412,0.804864
5413,0.933888
5414,0.869376
5415,0.899072
5416,0.878592
5417,0.878592
5418,0.881664
5419,0.919552
5420,0.916480
5421,0.958464
5422,0.881664
5423,0.904192
5424,0.883712
5425,0.866304
5426,0.887808
5427,0.900096
5428,0.889856
5429,0.874496
5430,0.861184
5431,0.860160
5432,0.932864
5433,0.910336
5434,0.909312
5435,0.931840
5436,0.893952
5437,0.900096
5438,0.901120
5439,0.907264
5440,0.890880
5441,0.879616
5442,0.921600
5443,0.934912
5444,0.869376
5445,0.929792
5446,0.948224
5447,0.884736
5448,0.889856
5449,0.937984
5450,0.909312
5451,0.910336
5452,0.863232
5453,0.675840
5454,0.863232
5455,0.891904
5456,0.889856
5457,0.867328
5458,0.835584
5459,0.797696
5460,0.876544
5461,0.888832
5462,0.848896
5463,0.924672
5464,0.908288
5465,0.912384
5466,0.889856
5467,0.942080
5468,0.908288
5469,0.873472
5470,0.889856
5471,0.913408
5472,0.915456
5473,0.922624
5474,0.886784
5475,0.923648
5476,0.943104
5477,0.889856
5478,0.905216
5479,0.929792
5480,0.916480
5481,0.914432
5482,0.891904
5483,0.903168
5484,0.941056
5485,0.910336
5486,0.948224
5487,0.954368
5488,0.900096
5489,0.936960
5490,0.908288
5491,0.932864
5492,0.929792
5493,0.937984
5494,0.957440
5495,0.896000
5496,0.924672
5497,0.960512
5498,0.922624
5499,0.903168
5500,0.880640
5501,0.937984
5502,0.920576
5503,0.886784
5504,0.812032
5505,0.876544
5506,0.884736
5507,0.904192
5508,0.937984
5509,1.069056
5510,0.910336
5511,0.900096
5512,0.924672
5513,0.965632
5514,0.912384
5515,0.913408
5516,0.928768
5517,0.850944
5518,0.586752
5519,0.910336
5520,0.892928
5521,0.829440
5522,0.868352
5523,0.838656
5524,0.857088
5525,0.878592
5526,0.917504
5527,0.917504
5528,0.902144
5529,0.931840
5530,0.928768
5531,0.908288
5532,0.947200
5533,0.890880
5534,0.868352
5535,0.882688
5536,0.915456
5537,0.911360
5538,0.917504
5539,0.918528
5540,0.908288
5541,0.923648
5542,0.928768
5543,0.889856
5544,0.846848
5545,0.918528
5546,0.875520
5547,0.978944
5548,0.844800
5549,0.943104
5550,0.940032
5551,0.919552
5552,0.920576
5553,0.880640
5554,0.920576
5555,0.949248
5556,0.921600
5557,0.926720
5558,0.959488
5559,0.968704
5560,0.945152
5561,0.943104
5562,0.914432
5563,0.862208
5564,0.932864
5565,0.917504
5566,0.962560
5567,0.928768
5568,0.909312
5569,0.965632
5570,0.919552
5571,0.913408
5572,0.912384
5573,0.921600
5574,0.908288
5575,0.931840
5576,0.966656
5577,0.893952
5578,0.932864
5579,0.929792
5580,0.950272
5581,0.961536
5582,0.870400
5583,0.768000
5584,0.596992
5585,0.735232
5586,0.928768
5587,0.927744
5588,0.942080
5589,0.920576
5590,0.888832
5591,0.935936
5592,0.941056
5593,0.936960
5594,0.910336
5595,0.932864
5596,0.968704
5597,0.933888
5598,0.896000
5599,0.871424
5600,0.908288
5601,0.907264
5602,0.911360
5603,0.902144
5604,0.940032
5605,0.901120
5606,0.703488
5607,0.819200
5608,0.907264
5609,0.822272
5610,0.926720
5611,0.889856
5612,0.956416
5613,0.908288
5614,0.940032
5615,0.910336
5616,0.964608
5617,0.892928
5618,1.036288
5619,0.814080
5620,0.923648
5621,0.900096
5622,0.951296
5623,0.943104
5624,0.901120
5625,0.958464
5626,0.887808
5627,0.930816
5628,0.888832
5629,0.929792
5630,0.919552
5631,0.913408
5632,0.902144
5633,0.948224
5634,0.913408
5635,0.937984
5636,0.886784
5637,0.913408
5638,0.922624
5639,0.936960
5640,0.921600
5641,0.946176
5642,0.957440
5643,0.907264
5644,0.933888
5645,0.945152
5646,0.962560
5647,0.960512
5648,0.831488
5649,0.707584
5650,0.361472
5651,0.308224
5652,0.241664
5653,0.247808
5654,0.240640
5655,0.231424
5656,0.193536
5657,0.190464
5658,0.191488
5659,0.191488
5660,0.899072
5661,0.921600
5662,0.934912
5663,0.919552
5664,0.914432
5665,0.910336
5666,0.920576
5667,0.925696
5668,0.914432
5669,0.890880
5670,0.918528
5671,0.952320
5672,0.926720
5673,0.933888
5674,0.925696
5675,0.919552
5676,0.930816
5677,0.935936
5678,0.912384
5679,0.874496
5680,0.840704
5681,0.913408
5682,0.913408
5683,0.969728
5684,0.862208
5685,0.950272
5686,0.901120
5687,0.905216
5688,0.897024
5689,0.931840
5690,0.894976
5691,0.905216
5692,0.911360
5693,0.917504
5694,0.876544
5695,0.936960
5696,0.940032
5697,0.891904
5698,0.882688
5699,0.915456
5700,0.939008
5701,0.916480
5702,0.854016
5703,0.920576
5704,0.857088
5705,0.858112
5706,0.883712
5707,0.897024
5708,0.925696
5709,0.937984
5710,0.890880
5711,0.924672
5712,0.952320
5713,0.890880
5714,0.907264
5715,0.931840
5716,0.884736
5717,0.874496
5718,0.956416
5719,0.885760
5720,0.865280
5721,0.887808
5722,0.870400
5723,0.813056
5724,0.531456
5725,0.888832
5726,0.879616
5727,0.861184
5728,0.858112
5729,0.854016
5730,0.883712
5731,0.858112
5732,0.910336
5733,0.887808
5734,0.906240
5735,0.859136
5736,0.891904
5737,0.887808
5738,0.897024
5739,0.856064
5740,0.883712
5741,0.877568
5742,0.734208
5743,1.126400
5744,0.909312
5745,0.881664
5746,0.903168
5747,0.940032
5748,0.876544
5749,0.904192
5750,0.907264
5751,0.914432
5752,0.910336
5753,0.903168
5754,0.859136
5755,0.872448
5756,0.840704
5757,0.854016
5758,0.893952
5759,0.908288
5760,0.847872
5761,0.931840
5762,0.905216
5763,0.913408
5764,0.904192
5765,0.945152
5766,0.839680
5767,0.874496
5768,0.943104
5769,0.882688
5770,0.888832
5771,0.912384
5772,0.916480
5773,0.937984
5774,0.864256
5775,0.904192
5776,0.885760
5777,0.941056
5778,0.908288
5779,0.884736
5780,0.893952
5781,0.888832
5782,0.892928
5783,0.891904
5784,0.842752
5785,0.846848
5786,0.936960
5787,0.857088
5788,0.916480
5789,0.901120
5790,0.594944
5791,0.395264
5792,0.273408
5793,0.281600
5794,0.277504
5795,0.297984
5796,0.320512
5797,0.270336
5798,0.228352
5799,0.195584
5800,0.192512
5801,0.191488
5802,0.182272
5803,0.168960
5804,0.167936
5805,0.166912
5806,0.169984
5807,0.169984
5808,0.149504
5809,0.905216
5810,0.906240
5811,0.894976
5812,0.934912
5813,0.932864
5814,0.910336
5815,0.901120
5816,0.906240
5817,0.882688
5818,0.884736
5819,0.909312
5820,0.917504
5821,0.865280
5822,0.979968
5823,0.904192
5824,0.921600
5825,0.937984
5826,0.909312
5827,0.896000
5828,0.860160
5829,0.942080
5830,0.881664
5831,0.889856
5832,0.886784
5833,0.891904
5834,0.930816
5835,0.928768
5836,0.910336
5837,0.935936
5838,1.010688
5839,0.653312
5840,0.887808
5841,0.880640
5842,0.904192
5843,0.902144
5844,0.861184
5845,0.849920
5846,0.886784
5847,0.880640
5848,0.903168
5849,0.917504
5850,0.908288
5851,0.874496
5852,0.945152
5853,0.939008
5854,0.914432
5855,0.870400
5856,0.972800
5857,0.882688
5858,0.931840
5859,0.910336
5860,0.970752
5861,0.865280
5862,0.953344
5863,0.914432
5864,0.924672
5865,0.874496
5866,0.979968
5867,0.885760
5868,0.905216
5869,0.961536
5870,0.934912
5871,0.875520
5872,0.918528
5873,0.874496
5874,0.903168
5875,0.913408
5876,0.896000
5877,0.898048
5878,0.893952
5879,0.903168
5880,0.867328
5881,0.927744
5882,0.909312
5883,0.898048
5884,0.940032
5885,0.857088
5886,0.928768
5887,0.881664
5888,0.894976
5889,0.913408
5890,0.880640
5891,0.898048
5892,0.979968
5893,0.883712
5894,0.890880
5895,0.886784
5896,0.945152
5897,0.899072
5898,0.931840
5899,0.916480
5900,0.874496
5901,0.883712
5902,0.870400
5903,0.935936
5904,0.768000
5905,0.840704
5906,0.937984
5907,0.939008
5908,0.910336
5909,0.937984
5910,0.923648
5911,0.902144
5912,0.856064
5913,0.898048
5914,0.883712
5915,0.933888
5916,0.881664
5917,0.930816
5918,0.935936
5919,0.897024
5920,0.947200
5921,0.903168
5922,0.874496
5923,0.864256
5924,0.898048
5925,0.916480
5926,0.926720
5927,0.916480
5928,0.570368
5929,0.934912
5930,0.913408
5931,0.900096
5932,0.928768
5933,0.939008
5934,0.920576
5935,0.894976
5936,0.947200
5937,0.922624
5938,0.808960
5939,0.576512
5940,0.536576
5941,0.405504
5942,0.380928
5943,0.878592
5944,0.876544
5945,0.903168
5946,0.909312
5947,0.925696
5948,0.908288
5949,0.924672
5950,0.918528
5951,0.916480
5952,0.879616
5953,0.865280
5954,0.903168
5955,0.942080
5956,0.884736
5957,0.899072
5958,0.902144
5959,0.967680
5960,0.867328
5961,0.945152
5962,0.877568
5963,0.906240
5964,0.916480
5965,0.867328
5966,0.900096
5967,0.889856
5968,0.879616
5969,0.893952
5970,0.924672
5971,0.910336
5972,0.917504
5973,0.917504
5974,0.913408
5975,0.873472
5976,0.891904
5977,0.878592
5978,0.877568
5979,0.831488
5980,0.880640
5981,0.868352
5982,0.902144
5983,0.929792
5984,0.887808
5985,0.901120
5986,0.851968
5987,0.864256
5988,0.904192
5989,0.907264
5990,0.921600
5991,0.869376
5992,0.908288
5993,0.948224
5994,0.898048
5995,0.931840
5996,0.869376
5997,0.950272
5998,0.799744
5999,0.934912
6000,0.975872
6001,0.899072
6002,0.920576
6003,0.903168
6004,0.937984
6005,0.912384
6006,0.949248
6007,0.708608
6008,0.651264
6009,0.615424
6010,0.310272
6011,0.242688
6012,0.249856
6013,0.256000
6014,0.257024
6015,0.252928
6016,0.194560
6017,0.191488
6018,0.195584
6019,0.186368
6020,0.178176
6021,0.862208
6022,0.898048
6023,0.900096
6024,0.913408
6025,0.906240
6026,0.919552
6027,0.854016
6028,0.933888
6029,0.960512
6030,0.916480
6031,0.925696
6032,0.894976
6033,0.916480
6034,0.921600
6035,0.940032
6036,0.914432
6037,0.905216
6038,0.919552
6039,0.907264
6040,0.927744
6041,0.900096
6042,0.958464
6043,0.920576
6044,0.890880
6045,0.917504
6046,0.890880
6047,0.893952
6048,0.953344
6049,0.914432
6050,0.887808
6051,0.922624
6052,0.880640
6053,0.952320
6054,0.894976
6055,0.913408
6056,0.943104
6057,0.914432
6058,0.945152
6059,0.897024
6060,0.893952
6061,0.902144
6062,0.942080
6063,0.883712
6064,0.915456
6065,0.882688
6066,0.939008
6067,0.936960
6068,0.890880
6069,0.905216
6070,0.891904
6071,0.915456
6072,0.876544
6073,0.905216
6074,0.886784
6075,0.858112
6076,0.899072
6077,0.902144
6078,0.926720
6079,0.881664
6080,0.939008
6081,0.941056
6082,0.936960
6083,0.923648
6084,0.866304
6085,0.811008
6086,0.778240
6087,0.936960
6088,0.937984
6089,0.939008
6090,0.920576
6091,0.896000
6092,0.954368
6093,0.892928
6094,0.917504
6095,0.893952
6096,0.945152
6097,0.933888
6098,0.959488
6099,0.919552
6100,0.907264
6101,0.924672
6102,0.931840
6103,0.950272
6104,0.924672
6105,0.874496
6106,0.968704
6107,0.896000
6108,0.901120
6109,0.900096
6110,0.885760
6111,0.903168
6112,0.884736
6113,0.911360
6114,0.926720
6115,0.923648
6116,0.891904
6117,0.857088
6118,0.843776
6119,0.833536
6120,0.862208
6121,0.959488
6122,0.896000
6123,0.927744
6124,0.907264
6125,0.915456
6126,0.927744
6127,0.944128
6128,0.928768
6129,0.937984
6130,0.959488
6131,0.892928
6132,0.909312
6133,0.885760
6134,0.962560
6135,0.849920
6136,0.980992
6137,0.916480
6138,0.880640
6139,0.865280
6140,0.982016
6141,0.941056
6142,0.883712
6143,0.891904
6144,0.937984
6145,0.931840
6146,0.904192
6147,0.940032
6148,0.903168
6149,0.929792
6150,0.894976
6151,0.770048
6152,0.737280
6153,0.918528
6154,0.888832
6155,0.946176
6156,0.900096
6157,0.940032
6158,0.907264
6159,0.886784
6160,0.910336
6161,0.932864
6162,0.904192
6163,0.863232
6164,0.846848
6165,0.843776
6166,0.845824
6167,0.889856
6168,0.878592
6169,0.908288
6170,0.940032
6171,0.948224
6172,0.894976
6173,0.923648
6174,0.928768
6175,0.884736
6176,0.893952
6177,0.876544
6178,0.927744
6179,0.906240
6180,0.904192
6181,0.922624
6182,0.885760
6183,0.894976
6184,0.982016
6185,0.874496
6186,0.926720
6187,0.907264
6188,0.948224
6189,0.875520
6190,0.899072
6191,0.891904
6192,0.871424
6193,0.897024
6194,0.885760
6195,0.904192
6196,0.896000
6197,0.927744
6198,0.833536
6199,0.878592
6200,0.877568
6201,0.923648
6202,0.958464
6203,0.933888
6204,0.910336
6205,0.891904
6206,0.900096
6207,0.941056
6208,0.901120
6209,0.930816
6210,0.864256
6211,0.877568
6212,0.971776
6213,0.889856
6214,0.961536
6215,0.896000
6216,0.852992
6217,0.590848
6218,0.471040
6219,0.295936
6220,0.250880
6221,0.279552
6222,0.252928
6223,0.236544
6224,0.226304
6225,0.229376
6226,0.875520
6227,0.906240
6228,0.884736
6229,0.940032
6230,0.929792
6231,0.878592
6232,0.949248
6233,0.874496
6234,0.962560
6235,0.917504
6236,0.925696
6237,0.903168
6238,0.926720
6239,0.883712
6240,0.917504
6241,0.876544
6242,0.920576
6243,0.893952
6244,0.907264
6245,0.872448
6246,0.900096
6247,0.906240
6248,0.949248
6249,0.875520
6250,0.918528
6251,0.941056
6252,0.916480
6253,0.915456
6254,0.877568
6255,0.917504
6256,0.873472
6257,0.943104
6258,0.914432
6259,0.922624
6260,0.892928
6261,0.885760
6262,0.887808
6263,0.854016
6264,0.809984
6265,0.856064
6266,0.902144
6267,0.946176
6268,0.902144
6269,0.896000
6270,0.940032
6271,0.922624
6272,0.894976
6273,0.885760
6274,0.901120
6275,0.882688
6276,0.940032
6277,0.957440
6278,0.935936
6279,0.916480
6280,0.919552
6281,0.929792
6282,0.911360
6283,0.931840
6284,0.911360
6285,0.965632
6286,0.909312
6287,0.890880
6288,0.917504
6289,0.862208
6290,0.893952
6291,0.709632
6292,0.797696
6293,0.839680
6294,0.957440
6295,0.901120
6296,0.885760
6297,0.905216
6298,0.987136
6299,0.958464
6300,0.735232
6301,0.939008
6302,0.907264
6303,0.944128
6304,0.927744
6305,0.826368
6306,0.893952
6307,0.875520
6308,0.877568
6309,0.857088
6310,0.840704
6311,0.890880
6312,0.948224
6313,0.881664
6314,0.913408
6315,0.878592
6316,0.873472
6317,0.891904
6318,0.908288
6319,0.909312
6320,0.973824
6321,0.911360
6322,0.953344
6323,0.918528
6324,0.880640
6325,0.883712
6326,0.942080
6327,0.902144
6328,0.896000
6329,0.909312
6330,0.871424
6331,0.915456
6332,0.932864
6333,0.904192
6334,0.911360
6335,0.897024
6336,0.898048
6337,0.861184
6338,0.881664
6339,0.917504
6340,0.920576
6341,0.891904
6342,0.817152
6343,0.926720
6344,0.920576
6345,0.916480
6346,0.906240
6347,0.869376
6348,0.913408
6349,0.922624
6350,0.876544
6351,0.926720
6352,0.946176
6353,0.932864
6354,0.941056
6355,0.887808
6356,0.848896
6357,0.879616
6358,0.939008
6359,0.882688
6360,0.926720
6361,0.883712
6362,0.894976
6363,0.923648
6364,0.940032
6365,0.897024
6366,0.906240
6367,0.867328
6368,0.883712
6369,0.811008
6370,0.908288
6371,0.899072
6372,0.893952
6373,0.935936
6374,0.937984
6375,0.893952
6376,0.969728
6377,0.881664
6378,0.914432
6379,0.945152
6380,0.906240
6381,0.932864
6382,0.941056
6383,0.931840
6384,0.877568
6385,0.915456
6386,0.903168
6387,0.888832
6388,0.862208
6389,0.920576
6390,0.866304
6391,0.890880
6392,0.878592
6393,0.863232
6394,0.904192
6395,0.883712
6396,0.843776
6397,0.930816
6398,0.861184
6399,0.889856
6400,0.912384
6401,0.878592
6402,0.893952
6403,0.922624
6404,0.915456
6405,0.905216
6406,0.881664
6407,0.944128
6408,0.899072
6409,0.890880
6410,0.887808
6411,0.912384
6412,0.976896
6413,0.909312
6414,0.931840
6415,0.921600
6416,0.917504
6417,0.899072
6418,0.893952
6419,0.907264
6420,0.918528
6421,0.708608
6422,0.878592
6423,0.916480
6424,0.922624
6425,0.903168
6426,0.869376
6427,0.956416
6428,0.907264
6429,0.996352
6430,0.900096
6431,0.906240
6432,0.923648
6433,0.957440
6434,0.909312
6435,0.928768
6436,0.963584
6437,0.891904
6438,0.866304
6439,0.865280
6440,0.940032
6441,0.906240
6442,0.954368
6443,0.942080
6444,0.906240
6445,0.904192
6446,0.870400
6447,0.899072
6448,0.939008
6449,0.881664
6450,0.870400
6451,0.934912
6452,0.892928
6453,0.897024
6454,0.918528
6455,0.909312
6456,0.887808
6457,0.927744
6458,0.869376
6459,0.958464
6460,0.942080
6461,0.935936
6462,0.896000
6463,0.855040
6464,0.851968
6465,0.866304
6466,0.888832
6467,0.892928
6468,0.851968
6469,0.893952
6470,0.865280
6471,0.900096
6472,0.872448
6473,0.881664
6474,0.876544
6475,0.885760
6476,0.917504
6477,0.942080
6478,0.930816
6479,0.923648
6480,0.916480
6481,0.967680
6482,0.922624
6483,0.893952
6484,0.978944
6485,0.879616
6486,0.685056
6487,0.933888
6488,0.970752
6489,0.906240
6490,0.945152
6491,0.879616
6492,0.951296
6493,0.903168
6494,0.905216
6495,0.914432
6496,0.883712
6497,0.929792
6498,0.867328
6499,0.887808
6500,0.892928
6501,0.950272
6502,0.892928
6503,0.929792
6504,0.867328
6505,0.877568
6506,0.933888
6507,0.955392
6508,0.889856
6509,0.914432
6510,0.931840
6511,0.917504
6512,0.904192
6513,0.929792
6514,0.908288
6515,0.973824
6516,0.880640
6517,0.927744
6518,0.934912
6519,0.918528
6520,0.885760
6521,0.904192
6522,0.956416
6523,0.936960
6524,0.907264
6525,0.924672
6526,0.960512
6527,0.898048
6528,0.939008
6529,0.920576
6530,0.915456
6531,0.964608
6532,0.921600
6533,0.887808
6534,0.900096
6535,0.893952
6536,0.912384
6537,0.880640
6538,0.949248
6539,0.904192
6540,0.935936
6541,0.962560
6542,0.912384
6543,0.889856
6544,0.917504
6545,0.890880
6546,0.897024
6547,0.932864
6548,0.932864
6549,0.939008
6550,0.738304
6551,0.562176
6552,0.479232
6553,0.496640
6554,0.385024
6555,0.259072
6556,0.254976
6557,0.267264
6558,0.844800
6559,0.900096
6560,0.841728
6561,0.958464
6562,0.898048
6563,0.869376
6564,0.880640
6565,0.957440
6566,0.891904
6567,0.862208
6568,0.906240
6569,0.935936
6570,0.885760
6571,0.946176
6572,0.909312
6573,0.896000
6574,0.913408
6575,0.912384
6576,0.929792
6577,0.897024
6578,0.930816
6579,0.906240
6580,0.924672
6581,0.931840
6582,0.879616
6583,0.893952
6584,0.844800
6585,0.808960
6586,0.882688
6587,0.934912
6588,0.805888
6589,0.859136
6590,0.800768
6591,0.951296
6592,0.933888
6593,0.890880
6594,0.904192
6595,0.903168
6596,0.976896
6597,0.931840
6598,0.917504
6599,0.950272
6600,0.915456
6601,0.927744
6602,0.907264
6603,0.905216
6604,0.908288
6605,0.928768
6606,0.945152
6607,0.935936
6608,0.942080
6609,0.925696
6610,0.961536
6611,0.936960
6612,0.903168
6613,0.910336
6614,0.942080
6615,0.919552
6616,0.865280
6617,0.952320
6618,0.942080
6619,0.886784
6620,0.835584
6621,0.858112
6622,0.874496
6623,0.849920
6624,0.450560
6625,0.645120
6626,0.920576
6627,0.961536
6628,0.933888
6629,0.897024
6630,0.935936
6631,0.941056
6632,0.914432
6633,0.886784
6634,0.885760
6635,0.894976
6636,0.890880
6637,0.892928
6638,0.887808
6639,0.852992
6640,0.884736
6641,0.893952
6642,0.935936
6643,0.844800
6644,0.988160
6645,0.935936
6646,0.899072
6647,0.954368
6648,0.878592
6649,0.884736
6650,0.922624
6651,0.907264
6652,0.931840
6653,0.919552
6654,0.875520
6655,0.954368
6656,0.958464
6657,0.705536
6658,0.947200
6659,0.922624
6660,0.896000
6661,0.924672
6662,0.884736
6663,0.622592
6664,0.932864
6665,0.905216
6666,0.965632
6667,0.899072
6668,0.912384
6669,0.947200
6670,0.944128
6671,0.934912
6672,0.843776
6673,1.022976
6674,0.803840
6675,0.955392
6676,0.934912
6677,0.897024
6678,0.918528
6679,0.905216
6680,0.949248
6681,0.889856
6682,0.931840
6683,0.924672
6684,0.943104
6685,0.918528
6686,0.922624
6687,0.920576
6688,0.939008
6689,0.813056
6690,0.613376
6691,0.499712
6692,0.415744
6693,0.261120
6694,0.265216
6695,0.261120
6696,0.280576
6697,0.264192
6698,0.215040
6699,0.161792
6700,0.160768
6701,0.163840
6702,0.159744
6703,0.161792
6704,0.154624
6705,0.861184
6706,0.885760
6707,0.900096
6708,0.877568
6709,0.917504
6710,0.905216
6711,0.948224
6712,0.872448
6713,0.899072
6714,0.914432
6715,0.868352
6716,0.945152
6717,0.888832
6718,0.890880
6719,0.910336
6720,0.912384
6721,0.921600
6722,0.871424
6723,0.914432
6724,0.907264
6725,0.947200
6726,0.883712
6727,0.878592
6728,0.916480
6729,0.924672
6730,0.926720
6731,0.915456
6732,0.929792
6733,0.924672
6734,0.944128
6735,0.860160
6736,0.989184
6737,0.891904
6738,0.908288
6739,0.910336
6740,0.943104
6741,0.922624
6742,0.921600
6743,0.922624
6744,0.934912
6745,0.920576
6746,0.906240
6747,0.883712
6748,0.946176
6749,0.905216
6750,0.884736
6751,0.903168
6752,0.932864
6753,0.913408
6754,0.921600
6755,0.921600
6756,0.888832
6757,0.916480
6758,0.919552
6759,0.932864
6760,0.929792
6761,0.915456
6762,0.887808
6763,0.823296
6764,0.880640
6765,0.942080
6766,0.927744
6767,0.921600
6768,0.860160
6769,0.777216
6770,0.634880
6771,0.880640
6772,0.867328
6773,0.915456
6774,0.874496
6775,0.928768
6776,0.936960
6777,0.917504
6778,0.888832
6779,0.898048
6780,0.899072
6781,0.885760
6782,0.901120
6783,0.910336
6784,0.904192
6785,0.891904
6786,0.884736
6787,0.888832
6788,0.922624
6789,0.890880
6790,0.921600
6791,0.910336
6792,0.851968
6793,0.880640
6794,0.850944
6795,0.906240
6796,0.903168
6797,0.957440
6798,0.887808
6799,0.846848
6800,0.883712
6801,0.913408
6802,0.937984
6803,0.871424
6804,0.880640
6805,0.902144
6806,0.784384
6807,0.848896
6808,0.942080
6809,0.873472
6810,0.860160
6811,0.926720
6812,0.886784
6813,0.903168
6814,0.907264
6815,0.971776
6816,0.922624
6817,0.893952
6818,0.915456
6819,0.917504
6820,0.949248
6821,0.876544
6822,0.907264
6823,0.905216
6824,0.924672
6825,0.886784
6826,0.925696
6827,0.887808
6828,0.928768
6829,0.914432
6830,0.960512
6831,0.918528
6832,0.913408
6833,0.954368
6834,0.984064
6835,0.879616
6836,0.762880
6837,0.687104
6838,0.924672
6839,0.890880
6840,0.918528
6841,0.936960
6842,0.828416
6843,0.918528
6844,0.872448
6845,0.809984
6846,0.851968
6847,0.880640
6848,0.873472
6849,0.879616
6850,0.920576
6851,0.951296
6852,0.871424
6853,0.892928
6854,0.868352
6855,0.878592
6856,0.914432
6857,0.894976
6858,0.934912
6859,0.874496
6860,0.940032
6861,0.876544
6862,0.926720
6863,0.954368
6864,0.912384
6865,0.907264
6866,0.963584
6867,0.860160
6868,0.941056
6869,0.937984
6870,0.915456
6871,0.879616
6872,0.888832
6873,0.918528
6874,0.998400
6875,0.916480
6876,0.914432
6877,0.922624
6878,0.874496
6879,0.941056
6880,0.915456
6881,0.914432
6882,0.919552
6883,0.946176
6884,0.897024
6885,0.960512
6886,0.952320
6887,0.930816
6888,0.901120
6889,0.918528
6890,0.894976
6891,0.955392
6892,0.937984
6893,0.932864
6894,0.949248
6895,0.947200
6896,0.935936
6897,0.908288
6898,0.888832
6899,0.924672
6900,0.932864
6901,0.838656
6902,0.697344
6903,0.535552
6904,0.342016
6905,0.271360
6906,0.199680
6907,0.176128
6908,0.174080
6909,0.178176
6910,0.174080
6911,0.169984
6912,0.167936
6913,0.174080
6914,0.172032
6915,0.169984
6916,0.164864
6917,0.809984
6918,0.905216
6919,0.901120
6920,0.902144
6921,0.924672
6922,0.905216
6923,0.923648
6924,0.902144
6925,0.901120
6926,0.943104
6927,0.907264
6928,0.904192
6929,0.926720
6930,0.890880
6931,0.891904
6932,0.945152
6933,0.854016
6934,0.954368
6935,0.916480
6936,0.866304
6937,0.901120
6938,0.829440
6939,0.832512
6940,0.813056
6941,0.920576
6942,0.911360
6943,0.904192
6944,0.931840
6945,0.910336
6946,0.955392
6947,0.904192
6948,0.871424
6949,0.946176
6950,0.874496
6951,0.953344
6952,0.967680
6953,0.863232
6954,0.860160
6955,0.914432
6956,0.868352
6957,0.861184
6958,0.877568
6959,0.953344
6960,0.994304
6961,0.965632
6962,0.754688
6963,0.877568
6964,0.912384
6965,0.915456
6966,0.869376
6967,0.841728
6968,0.867328
6969,0.870400
6970,0.904192
6971,0.913408
6972,0.906240
6973,0.906240
6974,0.903168
6975,0.917504
6976,0.926720
6977,0.982016
6978,0.910336
6979,0.925696
6980,0.939008
6981,0.842752
6982,0.694272
6983,0.484352
6984,0.173056
6985,0.169984
6986,0.169984
6987,0.169984
6988,0.169984
6989,0.173056
6990,0.172032
6991,0.175104
6992,0.177152
6993,0.175104
6994,0.178176
6995,0.176128
6996,0.177152
6997,0.174080
6998,0.178176
6999,0.163840
7000,0.150528
7001,0.149504
7002,0.147456
7003,0.151552
7004,0.148480
7005,0.150528
7006,0.910336
7007,0.924672
7008,0.919552
7009,0.891904
7010,0.912384
7011,0.914432
7012,0.921600
7013,0.905216
7014,0.866304
7015,1.000448
7016,0.897024
7017,0.926720
7018,0.899072
7019,0.877568
7020,0.977920
7021,0.918528
7022,0.911360
7023,0.911360
7024,0.876544
7025,0.924672
7026,0.917504
7027,0.905216
7028,0.933888
7029,0.936960
7030,0.915456
7031,0.860160
7032,0.914432
7033,0.844800
7034,0.896000
7035,0.933888
7036,0.852992
7037,0.870400
7038,0.899072
7039,0.929792
7040,0.888832
7041,0.910336
7042,0.886784
7043,0.930816
7044,0.912384
7045,0.889856
7046,0.873472
7047,0.857088
7048,0.841728
7049,0.901120
7050,1.018880
7051,0.954368
7052,0.936960
7053,0.970752
7054,0.925696
7055,0.922624
7056,0.910336
7057,0.923648
7058,0.961536
7059,0.882688
7060,0.936960
7061,0.925696
7062,0.893952
7063,0.909312
7064,0.951296
7065,0.901120
7066,0.936960
7067,0.920576
7068,0.922624
7069,0.897024
7070,0.768000
7071,0.691200
7072,0.897024
7073,0.899072
7074,0.897024
7075,0.931840
7076,0.672768
7077,0.946176
7078,0.903168
7079,0.943104
7080,0.872448
7081,0.928768
7082,0.874496
7083,0.931840
7084,0.907264
7085,0.876544
7086,0.908288
7087,1.065984
7088,0.967680
7089,0.854016
7090,0.872448
7091,0.899072
7092,0.896000
7093,0.901120
7094,0.924672
7095,0.899072
7096,0.893952
7097,0.896000
7098,0.863232
7099,0.935936
7100,0.919552
7101,0.901120
7102,0.954368
7103,0.876544
7104,0.890880
7105,0.924672
7106,0.899072
7107,0.942080
7108,0.878592
7109,0.934912
7110,0.912384
7111,0.945152
7112,0.898048
7113,0.962560
7114,0.929792
7115,0.889856
7116,0.941056
7117,0.966656
7118,0.915456
7119,0.889856
7120,0.930816
7121,0.897024
7122,0.844800
7123,0.829440
7124,0.871424
7125,0.888832
7126,0.967680
7127,0.882688
7128,0.904192
7129,0.926720
7130,0.906240
7131,0.892928
7132,0.967680
7133,0.946176
7134,0.926720
7135,0.688128
7136,0.558080
7137,0.505856
7138,0.471040
7139,0.450560
7140,0.715776
7141,0.933888
7142,0.887808
7143,0.928768
7144,0.913408
7145,0.863232
7146,0.918528
7147,0.862208
7148,0.857088
7149,0.881664
7150,0.879616
7151,0.865280
7152,0.847872
7153,0.877568
7154,0.872448
7155,0.931840
7156,0.882688
7157,1.019904
7158,0.840704
7159,0.922624
7160,0.877568
7161,0.954368
7162,0.907264
7163,0.899072
7164,0.948224
7165,0.902144
7166,0.942080
7167,0.884736
7168,0.910336
7169,0.940032
7170,0.878592
7171,0.946176
7172,0.884736
7173,0.926720
7174,0.941056
7175,0.921600
7176,0.882688
7177,0.906240
7178,0.901120
7179,0.892928
7180,0.808960
7181,0.837632
7182,0.861184
7183,0.903168
7184,0.927744
7185,0.914432
7186,0.876544
7187,0.929792
7188,0.872448
7189,0.879616
7190,0.943104
7191,0.926720
7192,0.922624
7193,0.922624
7194,0.990208
7195,0.946176
7196,0.935936
7197,0.878592
7198,0.900096
7199,0.880640
7200,0.902144
7201,0.905216
7202,0.898048
7203,0.936960
7204,0.867328
7205,0.700416
7206,0.628736
7207,0.566272
7208,0.543744
7209,0.468992
7210,0.436224
7211,0.286720
7212,0.223232
7213,0.221184
7214,0.208896
7215,0.906240
7216,0.960512
7217,0.884736
7218,0.948224
7219,0.924672
7220,0.893952
7221,0.928768
7222,0.961536
7223,0.904192
7224,0.890880
7225,0.927744
7226,0.926720
7227,0.870400
7228,0.954368
7229,0.902144
7230,0.922624
7231,0.882688
7232,0.888832
7233,0.891904
7234,0.921600
7235,0.950272
7236,0.923648
7237,0.903168
7238,0.937984
7239,0.899072
7240,0.983040
7241,0.909312
7242,0.904192
7243,0.912384
7244,0.887808
7245,0.903168
7246,0.946176
7247,0.933888
7248,0.885760
7249,0.886784
7250,0.911360
7251,0.920576
7252,0.891904
7253,0.945152
7254,0.918528
7255,0.929792
7256,0.929792
7257,0.951296
7258,0.875520
7259,0.925696
7260,0.937984
7261,0.932864
7262,0.955392
7263,0.846848
7264,0.933888
7265,0.871424
7266,0.890880
7267,0.845824
7268,0.850944
7269,0.847872
7270,0.942080
7271,0.952320
7272,0.886784
7273,0.956416
7274,0.916480
7275,0.901120
7276,1.003520
7277,1.025024
7278,0.836608
7279,0.773120
7280,0.645120
7281,0.922624
7282,0.924672
7283,0.922624
7284,0.919552
7285,0.954368
7286,0.989184
7287,0.894976
7288,0.901120
7289,0.909312
7290,0.936960
7291,0.940032
7292,0.956416
7293,0.926720
7294,0.888832
7295,0.840704
7296,0.917504
7297,0.889856
7298,0.911360
7299,0.874496
7300,0.902144
7301,0.898048
7302,0.923648
7303,0.928768
7304,0.933888
7305,0.871424
7306,0.922624
7307,0.929792
7308,0.932864
7309,0.913408
7310,0.900096
7311,0.891904
7312,0.959488
7313,0.916480
7314,0.883712
7315,0.941056
7316,0.921600
7317,0.942080
7318,0.932864
7319,0.892928
7320,0.925696
7321,0.904192
7322,0.865280
7323,0.893952
7324,0.935936
7325,0.871424
7326,0.866304
7327,0.876544
7328,0.865280
7329,0.831488
7330,0.880640
7331,0.935936
7332,0.898048
7333,0.942080
7334,0.894976
7335,0.972800
7336,0.896000
7337,0.958464
7338,0.941056
7339,0.889856
7340,0.931840
7341,0.876544
7342,0.941056
7343,1.078272
7344,0.875520
7345,0.862208
7346,0.676864
7347,0.257024
7348,0.189440
7349,0.202752
7350,0.178176
7351,0.183296
7352,0.176128
7353,0.187392
7354,0.177152
7355,0.176128
7356,0.182272
7357,0.180224
7358,0.178176
7359,0.180224
7360,0.177152
7361,0.861184
7362,0.914432
7363,0.894976
7364,0.875520
7365,0.969728
7366,0.903168
7367,0.886784
7368,0.949248
7369,0.909312
7370,0.913408
7371,0.921600
7372,0.907264
7373,0.917504
7374,0.928768
7375,0.967680
7376,0.871424
7377,0.919552
7378,0.959488
7379,0.914432
7380,0.889856
7381,0.887808
7382,0.908288
7383,0.900096
7384,0.924672
7385,0.921600
7386,0.916480
7387,0.886784
7388,0.893952
7389,0.911360
7390,0.884736
7391,0.899072
7392,0.865280
7393,0.922624
7394,0.921600
7395,0.879616
7396,0.924672
7397,0.891904
7398,0.907264
7399,0.874496
7400,0.921600
7401,0.934912
7402,0.928768
7403,0.933888
7404,0.919552
7405,0.898048
7406,0.926720
7407,0.889856
7408,0.893952
7409,0.908288
7410,0.875520
7411,0.848896
7412,0.827392
7413,0.915456
7414,0.873472
7415,0.889856
7416,0.920576
7417,0.909312
7418,0.884736
7419,0.947200
7420,0.930816
7421,0.926720
7422,0.951296
7423,0.882688
7424,0.943104
7425,0.855040
7426,0.586752
7427,0.452608
7428,0.324608
7429,0.319488
7430,0.283648
7431,0.191488
7432,0.197632
7433,0.204800
7434,0.191488
7435,0.183296
7436,0.180224
7437,0.185344
7438,0.187392
7439,0.176128
7440,0.184320
7441,0.175104
7442,0.182272
7443,0.180224
7444,0.171008
7445,0.906240
7446,0.948224
7447,0.873472
7448,0.902144
7449,0.959488
7450,0.958464
7451,0.911360
7452,0.922624
7453,0.913408
7454,0.937984
7455,0.923648
7456,0.900096
7457,0.903168
7458,0.936960
7459,0.905216
7460,0.919552
7461,0.919552
7462,0.901120
7463,0.890880
7464,0.874496
7465,0.850944
7466,0.968704
7467,0.922624
7468,0.890880
7469,0.921600
7470,0.883712
7471,0.921600
7472,0.889856
7473,0.924672
7474,0.925696
7475,0.877568
7476,0.937984
7477,0.877568
7478,0.920576
7479,0.960512
7480,0.934912
7481,0.872448
7482,0.833536
7483,0.904192
7484,0.910336
7485,0.932864
7486,0.921600
7487,0.875520
7488,0.857088
7489,0.963584
7490,0.908288
7491,0.909312
7492,0.940032
7493,0.897024
7494,0.893952
7495,0.880640
7496,0.839680
7497,0.870400
7498,0.963584
7499,0.764928
7500,0.896000
7501,0.901120
7502,0.942080
7503,0.953344
7504,0.921600
7505,0.939008
7506,0.926720
7507,0.925696
7508,0.881664
7509,0.721920
7510,0.525312
7511,0.487424
7512,0.732160
7513,0.879616
7514,0.903168
7515,0.929792
7516,0.884736
7517,0.977920
7518,0.939008
7519,0.891904
7520,0.943104
7521,0.908288
7522,0.912384
7523,0.925696
7524,0.921600
7525,0.889856
7526,0.889856
7527,0.933888
7528,0.903168
7529,0.933888
7530,0.930816
7531,0.902144
7532,0.945152
7533,0.955392
7534,0.884736
7535,0.933888
7536,0.921600
7537,0.865280
7538,0.952320
7539,0.902144
7540,0.896000
7541,0.892928
7542,0.935936
7543,0.839680
7544,0.876544
7545,0.875520
7546,0.825344
7547,0.923648
7548,0.908288
7549,0.915456
7550,0.891904
7551,0.901120
7552,0.947200
7553,0.914432
7554,0.917504
7555,0.913408
7556,0.876544
7557,0.911360
7558,0.829440
7559,0.969728
7560,0.860160
7561,0.891904
7562,0.872448
7563,0.882688
7564,0.872448
7565,0.860160
7566,0.852992
7567,0.686080
7568,0.920576
7569,0.918528
7570,0.862208
7571,0.875520
7572,0.869376
7573,0.914432
7574,0.896000
7575,0.927744
7576,0.897024
7577,0.773120
7578,0.700416
7579,0.951296
7580,0.942080
7581,0.891904
7582,0.930816
7583,0.932864
7584,0.965632
7585,0.884736
7586,0.909312
7587,0.921600
7588,0.908288
7589,0.930816
7590,0.939008
7591,0.896000
7592,0.881664
7593,0.921600
7594,0.885760
7595,0.920576
7596,0.827392
7597,0.873472
7598,0.826368
7599,0.886784
7600,0.881664
7601,0.884736
7602,0.866304
7603,0.950272
7604,0.880640
7605,0.901120
7606,0.914432
7607,0.889856
7608,0.898048
7609,0.903168
7610,0.919552
7611,0.884736
7612,0.918528
7613,0.894976
7614,0.911360
7615,0.943104
7616,0.920576
7617,0.911360
7618,0.943104
7619,0.922624
7620,0.881664
7621,0.906240
7622,0.930816
7623,0.893952
7624,0.903168
7625,0.889856
7626,0.896000
7627,0.922624
7628,0.908288
7629,0.953344
7630,0.845824
7631,0.942080
7632,0.907264
7633,0.881664
7634,0.920576
7635,0.787456
7636,0.876544
7637,0.875520
7638,0.929792
7639,0.841728
7640,0.929792
7641,0.857088
7642,0.908288
7643,0.858112
7644,0.548864
7645,0.262144
7646,0.254976
7647,0.244736
7648,0.185344
7649,0.187392
7650,0.180224
7651,0.179200
7652,0.176128
7653,0.852992
7654,0.916480
7655,0.885760
7656,0.874496
7657,0.903168
7658,0.887808
7659,0.934912
7660,0.889856
7661,0.909312
7662,0.904192
7663,0.858112
7664,0.926720
7665,0.916480
7666,0.877568
7667,0.874496
7668,0.897024
7669,0.925696
7670,0.913408
7671,0.928768
7672,0.918528
7673,0.930816
7674,0.847872
7675,0.923648
7676,0.935936
7677,0.937984
7678,0.885760
7679,0.917504
7680,0.877568
7681,1.037312
7682,0.628736
7683,0.928768
7684,0.875520
7685,0.892928
7686,0.905216
7687,0.890880
7688,0.876544
7689,0.862208
7690,0.904192
7691,0.858112
7692,0.869376
7693,0.922624
7694,0.880640
7695,0.939008
7696,0.917504
7697,0.871424
7698,0.944128
7699,0.948224
7700,0.878592
7701,0.910336
7702,0.892928
7703,0.894976
7704,0.922624
7705,0.862208
7706,0.925696
7707,0.918528
7708,0.898048
7709,0.884736
7710,0.918528
7711,0.933888
7712,0.934912
7713,0.918528
7714,0.969728
7715,0.908288
7716,0.897024
7717,0.694272
7718,0.546816
7719,0.440320
7720,0.311296
7721,0.274432
7722,0.251904
7723,0.256000
7724,0.264192
7725,0.285696
7726,0.252928
7727,0.272384
7728,0.271360
7729,0.250880
7730,0.265216
7731,0.214016
7732,0.204800
7733,0.204800
7734,0.180224
7735,0.831488
7736,0.934912
7737,0.919552
7738,0.911360
7739,0.894976
7740,0.922624
7741,0.917504
7742,0.894976
7743,0.885760
7744,0.940032
7745,0.921600
7746,0.942080
7747,0.960512
7748,0.905216
7749,0.927744
7750,0.913408
7751,0.904192
7752,0.931840
7753,0.940032
7754,0.917504
7755,0.929792
7756,0.926720
7757,0.941056
7758,0.892928
7759,0.912384
7760,0.907264
7761,0.923648
7762,0.934912
7763,0.954368
7764,0.939008
7765,0.928768
7766,0.941056
7767,0.918528
7768,0.939008
7769,0.892928
7770,0.916480
7771,0.929792
7772,0.910336
7773,0.905216
7774,0.882688
7775,0.888832
7776,0.894976
7777,0.863232
7778,0.887808
7779,0.847872
7780,0.910336
7781,0.902144
7782,0.917504
7783,0.907264
7784,0.971776
7785,0.886784
7786,0.945152
7787,0.928768
7788,0.950272
7789,0.916480
7790,0.878592
7791,0.897024
7792,0.921600
7793,0.898048
7794,0.926720
7795,0.931840
7796,0.927744
7797,0.947200
7798,0.915456
7799,0.774144
7800,0.450560
7801,0.423936
7802,0.270336
7803,0.279552
7804,0.221184
7805,0.197632
7806,0.199680
7807,0.202752
7808,0.181248
7809,0.879616
7810,0.942080
7811,0.953344
7812,0.897024
7813,0.935936
7814,0.947200
7815,0.892928
7816,0.928768
7817,0.935936
7818,0.934912
7819,0.921600
7820,0.913408
7821,0.914432
7822,0.925696
7823,0.858112
7824,0.913408
7825,0.915456
7826,0.883712
7827,0.923648
7828,0.898048
7829,1.036288
7830,0.854016
7831,0.948224
7832,0.832512
7833,0.932864
7834,0.913408
7835,0.876544
7836,0.890880
7837,0.951296
7838,0.951296
7839,0.864256
7840,0.903168
7841,0.942080
7842,0.985088
7843,0.540672
7844,0.934912
7845,0.876544
7846,0.906240
7847,0.874496
7848,0.877568
7849,0.883712
7850,0.935936
7851,0.930816
7852,0.920576
7853,0.923648
7854,0.913408
7855,0.907264
7856,0.930816
7857,0.920576
7858,0.890880
7859,0.931840
7860,0.894976
7861,0.956416
7862,0.908288
7863,0.950272
7864,0.912384
7865,0.886784
7866,0.901120
7867,0.906240
7868,0.970752
7869,0.942080
7870,0.960512
7871,0.890880
7872,0.770048
7873,0.576512
7874,0.481280
7875,0.440320
7876,0.385024
7877,0.356352
7878,0.244736
7879,0.246784
7880,0.260096
7881,0.190464
7882,0.190464
7883,0.185344
7884,0.187392
7885,0.181248
7886,0.787456
7887,0.893952
7888,0.927744
7889,0.977920
7890,0.929792
7891,0.883712
7892,0.951296
7893,0.904192
7894,0.914432
7895,0.931840
7896,0.867328
7897,0.947200
7898,0.933888
7899,0.925696
7900,0.946176
7901,0.909312
7902,0.905216
7903,0.929792
7904,0.960512
7905,0.841728
7906,0.916480
7907,0.934912
7908,0.929792
7909,0.892928
7910,0.915456
7911,0.891904
7912,0.909312
7913,0.824320
7914,0.821248
7915,0.857088
7916,0.882688
7917,0.918528
7918,0.933888
7919,0.905216
7920,1.004544
7921,0.887808
7922,0.904192
7923,0.909312
7924,0.920576
7925,0.908288
7926,0.952320
7927,0.914432
7928,0.957440
7929,0.909312
7930,0.939008
7931,0.941056
7932,0.936960
7933,0.920576
7934,0.919552
7935,0.965632
7936,0.940032
7937,0.926720
7938,0.884736
7939,0.925696
7940,0.954368
7941,0.929792
7942,0.900096
7943,0.921600
7944,0.916480
7945,0.914432
7946,0.990208
7947,0.940032
7948,0.866304
7949,0.886784
7950,0.788480
7951,0.752640
7952,0.914432
7953,0.779264
7954,0.902144
7955,0.881664
7956,0.846848
7957,0.863232
7958,0.916480
7959,0.872448
7960,0.897024
7961,0.909312
7962,0.868352
7963,0.908288
7964,0.906240
7965,0.913408
7966,0.870400
7967,0.942080
7968,0.903168
7969,0.907264
7970,0.931840
7971,0.922624
7972,0.906240
7973,0.883712
7974,0.906240
7975,0.942080
7976,0.880640
7977,0.920576
7978,0.910336
7979,0.890880
7980,0.965632
7981,0.923648
7982,0.879616
7983,0.918528
7984,0.897024
7985,0.896000
7986,0.922624
7987,0.875520
7988,0.915456
7989,0.911360
7990,0.937984
7991,0.901120
7992,0.940032
7993,0.914432
7994,0.909312
7995,0.917504
7996,0.917504
7997,0.888832
7998,0.935936
7999,0.922624
8000,0.908288
8001,0.939008
8002,0.899072
8003,0.952320
8004,0.937984
8005,0.926720
8006,0.904192
8007,0.900096
8008,0.933888
8009,0.920576
8010,0.923648
8011,0.898048
8012,0.927744
8013,0.926720
8014,0.944128
8015,0.886784
8016,0.674816
8017,0.905216
8018,0.972800
8019,0.873472
8020,0.927744
8021,0.924672
8022,0.937984
8023,0.813056
8024,0.932864
8025,0.920576
8026,0.916480
8027,0.898048
8028,0.943104
8029,0.931840
8030,0.901120
8031,0.928768
8032,0.928768
8033,0.872448
8034,0.928768
8035,0.961536
8036,0.876544
8037,0.922624
8038,0.923648
8039,0.907264
8040,0.935936
8041,0.970752
8042,0.924672
8043,0.917504
8044,0.946176
8045,0.913408
8046,0.921600
8047,0.902144
8048,0.909312
8049,0.924672
8050,0.885760
8051,0.903168
8052,0.873472
8053,0.917504
8054,0.884736
8055,0.870400
8056,0.865280
8057,0.889856
8058,0.937984
8059,0.881664
8060,0.855040
8061,0.882688
8062,0.907264
8063,0.907264
8064,0.902144
8065,0.854016
8066,0.937984
8067,0.918528
8068,0.907264
8069,0.926720
8070,0.931840
8071,0.836608
8072,0.920576
8073,0.927744
8074,0.959488
8075,0.910336
8076,0.933888
8077,0.877568
8078,0.986112
8079,0.907264
8080,0.683008
8081,0.575488
8082,0.584704
8083,0.580608
8084,0.573440
8085,0.325632
8086,0.276480
8087,0.266240
8088,0.296960
8089,0.278528
8090,0.256000
8091,0.806912
8092,0.957440
8093,0.930816
8094,0.905216
8095,0.896000
8096,0.920576
8097,0.859136
8098,0.914432
8099,0.883712
8100,0.915456
8101,0.922624
8102,0.941056
8103,0.911360
8104,0.883712
8105,0.939008
8106,0.867328
8107,0.879616
8108,0.875520
8109,0.933888
8110,0.896000
8111,0.900096
8112,0.914432
8113,0.860160
8114,0.914432
8115,0.989184
8116,0.901120
8117,0.888832
8118,0.929792
8119,0.881664
8120,0.832512
8121,0.805888
8122,0.927744
8123,0.902144
8124,0.918528
8125,0.940032
8126,0.864256
8127,0.913408
8128,0.937984
8129,0.949248
8130,0.942080
8131,0.887808
8132,0.891904
8133,0.995328
8134,0.940032
8135,0.911360
8136,0.892928
8137,0.931840
8138,0.979968
8139,0.912384
8140,0.921600
8141,0.918528
8142,0.927744
8143,0.977920
8144,0.928768
8145,0.964608
8146,0.911360
8147,0.872448
8148,0.927744
8149,0.915456
8150,0.928768
8151,0.940032
8152,0.901120
8153,0.957440
8154,0.908288
8155,0.667648
8156,0.809984
8157,0.911360
8158,0.932864
8159,0.891904
8160,0.921600
8161,0.888832
8162,0.900096
8163,0.921600
8164,0.861184
8165,0.927744
8166,0.901120
8167,0.945152
8168,0.847872
8169,0.907264
8170,0.907264
8171,0.910336
8172,0.917504
8173,0.885760
8174,0.952320
8175,0.892928
8176,0.900096
8177,0.874496
8178,0.891904
8179,0.915456
8180,0.912384
8181,0.974848
8182,0.920576
8183,0.934912
8184,0.906240
8185,0.875520
8186,0.888832
8187,0.870400
8188,0.887808
8189,0.875520
8190,0.861184
8191,0.890880
8192,0.891904
8193,0.922624
8194,0.915456
8195,0.862208
8196,0.912384
8197,0.873472
8198,0.940032
8199,0.942080
8200,0.919552
8201,0.946176
8202,0.912384
8203,0.879616
8204,0.888832
8205,0.892928
8206,0.934912
8207,0.935936
8208,0.889856
8209,0.944128
8210,0.920576
8211,0.894976
8212,0.914432
8213,0.909312
8214,0.910336
8215,0.916480
8216,0.902144
8217,0.928768
8218,0.945152
8219,0.935936
8220,0.859136
8221,0.712704
8222,0.396288
8223,0.336896
8224,0.219136
8225,0.181248
8226,0.184320
8227,0.181248
8228,0.830464
8229,0.901120
8230,0.892928
8231,0.968704
8232,0.916480
8233,0.849920
8234,0.926720
8235,0.912384
8236,0.848896
8237,0.904192
8238,0.913408
8239,1.113088
8240,0.760832
8241,0.840704
8242,0.702464
8243,0.921600
8244,0.868352
8245,0.849920
8246,0.995328
8247,0.862208
8248,0.916480
8249,0.890880
8250,0.897024
8251,0.933888
8252,0.912384
8253,0.919552
8254,0.905216
8255,0.920576
8256,0.945152
8257,0.842752
8258,0.893952
8259,0.910336
8260,0.910336
8261,0.922624
8262,0.910336
8263,0.899072
8264,0.906240
8265,0.925696
8266,0.913408
8267,0.891904
8268,0.928768
8269,0.875520
8270,0.889856
8271,0.842752
8272,0.812032
8273,0.865280
8274,0.924672
8275,0.906240
8276,0.934912
8277,0.923648
8278,0.878592
8279,0.923648
8280,0.923648
8281,0.949248
8282,0.868352
8283,0.973824
8284,0.921600
8285,0.908288
8286,0.990208
8287,0.916480
8288,0.900096
8289,0.939008
8290,0.914432
8291,0.850944
8292,0.692224
8293,0.670720
8294,0.614400
8295,0.465920
8296,0.435200
8297,0.382976
8298,0.352256
8299,0.360448
8300,0.747520
8301,0.978944
8302,0.915456
8303,0.883712
8304,0.965632
8305,0.904192
8306,0.864256
8307,0.905216
8308,0.906240
8309,0.870400
8310,0.888832
8311,0.892928
8312,0.867328
8313,0.943104
8314,0.866304
8315,0.890880
8316,0.946176
8317,0.907264
8318,0.874496
8319,0.890880
8320,0.944128
8321,0.900096
8322,0.972800
8323,0.901120
8324,0.903168
8325,0.875520
8326,0.903168
8327,0.927744
8328,0.908288
8329,0.918528
8330,0.878592
8331,0.912384
8332,0.917504
8333,0.908288
8334,0.926720
8335,0.906240
8336,1.123328
8337,0.824320
8338,0.885760
8339,0.920576
8340,0.939008
8341,0.863232
8342,0.876544
8343,0.886784
8344,0.871424
8345,0.884736
8346,0.850944
8347,0.932864
8348,0.888832
8349,0.890880
8350,0.899072
8351,0.908288
8352,0.914432
8353,0.887808
8354,0.925696
8355,0.963584
8356,0.887808
8357,0.879616
8358,0.920576
8359,0.907264
8360,0.951296
8361,0.901120
8362,0.944128
8363,0.911360
8364,0.673792
8365,0.602112
8366,0.579584
8367,0.261120
8368,0.240640
8369,0.270336
8370,0.242688
8371,0.258048
8372,0.253952
8373,0.227328
8374,0.165888
8375,0.167936
8376,0.169984
8377,0.173056
8378,0.167936
8379,0.162816
8380,0.157696
8381,0.159744
8382,0.157696
8383,0.157696
8384,0.157696
8385,0.835584
8386,0.906240
8387,0.833536
8388,0.917504
8389,0.892928
8390,0.837632
8391,0.929792
8392,0.873472
8393,0.961536
8394,0.909312
8395,0.880640
8396,0.904192
8397,0.921600
8398,0.953344
8399,0.910336
8400,0.878592
8401,0.914432
8402,0.943104
8403,0.893952
8404,0.913408
8405,0.877568
8406,0.898048
8407,0.926720
8408,0.906240
8409,0.912384
8410,0.933888
8411,0.960512
8412,0.908288
8413,0.910336
8414,0.924672
8415,0.910336
8416,0.916480
8417,0.958464
8418,0.898048
8419,0.946176
8420,0.912384
8421,0.930816
8422,0.923648
8423,0.952320
8424,0.899072
8425,0.886784
8426,0.937984
8427,0.872448
8428,0.607232
8429,0.908288
8430,0.898048
8431,0.908288
8432,0.887808
8433,0.917504
8434,0.889856
8435,0.910336
8436,0.931840
8437,0.929792
8438,0.927744
8439,0.915456
8440,0.954368
8441,0.887808
8442,0.941056
8443,0.959488
8444,0.952320
8445,0.889856
8446,0.929792
8447,0.887808
8448,0.911360
8449,0.550912
8450,0.840704
8451,0.822272
8452,0.867328
8453,0.860160
8454,0.872448
8455,0.911360
8456,0.909312
8457,0.939008
8458,0.886784
8459,0.886784
8460,0.890880
8461,0.903168
8462,0.912384
8463,0.877568
8464,0.920576
8465,0.876544
8466,0.874496
8467,0.916480
8468,0.950272
8469,0.914432
8470,0.892928
8471,0.904192
8472,0.915456
8473,0.891904
8474,0.899072
8475,0.892928
8476,0.929792
8477,0.870400
8478,0.879616
8479,0.888832
8480,0.989184
8481,0.862208
8482,0.906240
8483,0.922624
8484,0.879616
8485,0.934912
8486,0.924672
8487,0.859136
8488,0.912384
8489,0.894976
8490,0.941056
8491,0.917504
8492,1.061888
8493,0.755712
8494,0.838656
8495,0.907264
8496,0.844800
8497,0.835584
8498,0.910336
8499,0.839680
8500,0.941056
8501,0.957440
8502,0.905216
8503,0.922624
8504,0.931840
8505,0.924672
8506,0.900096
8507,0.954368
8508,0.980992
8509,0.926720
8510,0.962560
8511,0.919552
8512,0.873472
8513,0.929792
8514,0.569344
8515,0.889856
8516,0.866304
8517,0.857088
8518,0.818176
8519,0.874496
8520,0.915456
8521,0.927744
8522,0.889856
8523,0.954368
8524,0.930816
8525,0.865280
8526,0.927744
8527,0.944128
8528,0.940032
8529,0.911360
8530,0.973824
8531,0.931840
8532,0.947200
8533,0.892928
8534,0.905216
8535,0.894976
8536,0.909312
8537,0.911360
8538,0.886784
8539,0.917504
8540,0.879616
8541,0.924672
8542,0.894976
8543,0.859136
8544,0.937984
8545,0.866304
8546,0.976896
8547,0.868352
8548,0.885760
8549,0.910336
8550,0.943104
8551,0.892928
8552,0.923648
8553,0.872448
8554,0.864256
8555,0.866304
8556,0.874496
8557,0.841728
8558,0.862208
8559,0.905216
8560,0.846848
8561,0.908288
8562,0.848896
8563,0.896000
8564,0.903168
8565,0.884736
8566,0.852992
8567,0.962560
8568,0.864256
8569,0.859136
8570,0.927744
8571,0.905216
8572,0.946176
8573,0.914432
8574,0.887808
8575,0.912384
8576,0.954368
8577,0.846848
8578,0.873472
8579,0.703488
8580,0.711680
8581,0.999424
8582,0.883712
8583,0.943104
8584,0.963584
8585,0.970752
8586,0.922624
8587,0.975872
8588,0.950272
8589,0.908288
8590,0.954368
8591,0.894976
8592,0.953344
8593,0.842752
8594,0.965632
8595,0.969728
8596,0.846848
8597,0.950272
8598,0.930816
8599,0.902144
8600,0.942080
8601,0.968704
8602,0.887808
8603,0.922624
8604,0.921600
8605,0.911360
8606,0.893952
8607,0.920576
8608,0.883712
8609,0.890880
8610,0.896000
8611,0.921600
8612,0.968704
8613,0.919552
8614,0.913408
8615,0.908288
8616,0.870400
8617,0.880640
8618,0.934912
8619,0.896000
8620,0.930816
8621,0.944128
8622,0.890880
8623,0.943104
8624,0.928768
8625,0.918528
8626,0.944128
8627,0.939008
8628,0.915456
8629,0.927744
8630,0.952320
8631,0.913408
8632,0.906240
8633,0.922624
8634,0.876544
8635,0.875520
8636,0.833536
8637,0.875520
8638,0.905216
8639,0.916480
8640,0.920576
8641,0.902144
8642,0.915456
8643,0.940032
8644,0.893952
8645,0.463872
8646,0.260096
8647,0.201728
8648,0.222208
8649,0.208896
8650,0.182272
8651,0.177152
8652,0.178176
8653,0.174080
8654,0.178176
8655,0.164864
8656,0.164864
8657,0.162816
8658,0.165888
8659,0.163840
8660,0.167936
8661,0.920576
8662,0.968704
8663,0.936960
8664,0.910336
8665,0.943104
8666,0.945152
8667,0.931840
8668,0.982016
8669,0.919552
8670,0.900096
8671,0.958464
8672,0.903168
8673,0.916480
8674,1.009664
8675,0.846848
8676,0.907264
8677,0.901120
8678,0.910336
8679,0.946176
8680,0.861184
8681,0.968704
8682,0.921600
8683,0.944128
8684,0.927744
8685,0.924672
8686,0.948224
8687,0.935936
8688,0.934912
8689,0.939008
8690,0.915456
8691,0.926720
8692,0.907264
8693,0.933888
8694,0.863232
8695,0.916480
8696,0.887808
8697,0.916480
8698,0.931840
8699,0.926720
8700,0.946176
8701,0.913408
8702,0.949248
8703,0.900096
8704,0.922624
8705,0.929792
8706,0.936960
8707,0.918528
8708,0.921600
8709,0.882688
8710,0.882688
8711,0.948224
8712,0.890880
8713,0.877568
8714,0.844800
8715,0.930816
8716,0.902144
8717,0.899072
8718,0.923648
8719,0.957440
8720,0.942080
8721,0.901120
8722,0.939008
8723,0.897024
8724,0.822272
8725,0.612352
8726,0.577536
8727,0.477184
8728,0.480256
8729,0.294912
8730,0.276480
8731,0.266240
8732,0.182272
8733,0.178176
8734,0.176128
8735,0.174080
8736,0.169984
8737,0.922624
8738,0.919552
8739,0.923648
8740,0.930816
8741,0.902144
8742,0.927744
8743,0.947200
8744,1.021952
8745,0.898048
8746,0.927744
8747,0.961536
8748,0.880640
8749,0.878592
8750,0.929792
8751,0.883712
8752,0.910336
8753,0.888832
8754,0.918528
8755,0.933888
8756,0.893952
8757,0.916480
8758,0.927744
8759,0.873472
8760,0.925696
8761,0.889856
8762,0.874496
8763,0.857088
8764,0.855040
8765,0.913408
8766,0.865280
8767,0.888832
8768,0.937984
8769,0.923648
8770,0.914432
8771,0.899072
8772,0.908288
8773,0.913408
8774,0.924672
8775,0.912384
8776,0.913408
8777,0.905216
8778,0.873472
8779,0.934912
8780,0.893952
8781,0.900096
8782,0.904192
8783,0.873472
8784,0.958464
8785,0.890880
8786,0.949248
8787,0.900096
8788,0.959488
8789,0.897024
8790,0.966656
8791,0.885760
8792,0.912384
8793,0.929792
8794,0.883712
8795,0.917504
8796,0.971776
8797,0.958464
8798,0.879616
8799,0.946176
8800,0.901120
8801,0.724992
8802,0.631808
8803,0.402432
8804,0.289792
8805,0.206848
8806,0.185344
8807,0.186368
8808,0.189440
8809,0.194560
8810,0.190464
8811,0.186368
8812,0.191488
8813,0.194560
8814,0.193536
8815,0.779264
8816,0.943104
8817,0.907264
8818,0.934912
8819,0.922624
8820,0.927744
8821,0.888832
8822,0.889856
8823,0.894976
8824,0.944128
8825,0.880640
8826,0.893952
8827,0.933888
8828,0.879616
8829,0.943104
8830,0.898048
8831,0.884736
8832,0.885760
8833,0.944128
8834,0.915456
8835,0.905216
8836,0.917504
8837,0.878592
8838,0.900096
8839,0.940032
8840,0.929792
8841,0.833536
8842,0.919552
8843,0.901120
8844,0.865280
8845,0.838656
8846,0.839680
8847,0.915456
8848,0.877568
8849,0.902144
8850,0.909312
8851,0.908288
8852,0.924672
8853,0.905216
8854,0.961536
8855,0.918528
8856,0.877568
8857,0.882688
8858,0.955392
8859,0.921600
8860,0.931840
8861,0.864256
8862,0.928768
8863,0.956416
8864,0.906240
8865,0.894976
8866,0.898048
8867,0.875520
8868,0.931840
8869,0.941056
8870,0.917504
8871,0.939008
8872,0.929792
8873,0.951296
8874,0.948224
8875,0.887808
8876,0.922624
8877,0.923648
8878,0.916480
8879,0.854016
8880,0.532480
8881,0.358400
8882,0.749568
8883,0.894976
8884,0.917504
8885,0.923648
8886,0.934912
8887,0.898048
8888,0.896000
8889,0.949248
8890,0.936960
8891,0.932864
8892,0.918528
8893,0.867328
8894,0.916480
8895,0.901120
8896,0.859136
8897,0.887808
8898,0.899072
8899,0.861184
8900,0.883712
8901,0.877568
8902,0.931840
8903,0.913408
8904,0.907264
8905,0.899072
8906,0.913408
8907,0.905216
8908,0.928768
8909,0.871424
8910,0.935936
8911,0.917504
8912,0.908288
8913,0.931840
8914,0.931840
8915,0.875520
8916,0.908288
8917,0.870400
8918,0.952320
8919,0.944128
8920,0.912384
8921,0.883712
8922,0.916480
8923,0.881664
8924,0.941056
8925,0.880640
8926,0.914432
8927,0.890880
8928,0.913408
8929,0.867328
8930,0.906240
8931,0.882688
8932,0.894976
8933,0.919552
8934,0.955392
8935,0.909312
8936,0.918528
8937,0.920576
8938,0.879616
8939,0.934912
8940,0.926720
8941,0.933888
8942,0.914432
8943,0.927744
8944,0.949248
8945,0.910336
8946,0.950272
8947,0.869376
8948,0.788480
8949,0.892928
8950,0.910336
8951,0.942080
8952,0.875520
8953,0.902144
8954,0.924672
8955,0.935936
8956,0.927744
8957,0.923648
8958,0.904192
8959,0.867328
8960,0.911360
8961,0.901120
8962,0.905216
8963,0.943104
8964,0.914432
8965,0.887808
8966,0.907264
8967,0.944128
8968,0.901120
8969,0.897024
8970,0.926720
8971,0.924672
8972,0.872448
8973,0.876544
8974,0.902144
8975,0.847872
8976,0.850944
8977,0.879616
8978,0.849920
8979,0.859136
8980,0.897024
8981,0.886784
8982,0.911360
8983,0.901120
8984,0.877568
8985,0.874496
8986,0.904192
8987,0.869376
8988,0.929792
8989,0.955392
8990,1.070080
8991,0.929792
8992,0.904192
8993,0.920576
8994,0.903168
8995,0.953344
8996,0.988160
8997,0.944128
8998,0.908288
8999,0.878592
9000,0.846848
9001,0.780288
9002,0.917504
9003,0.874496
9004,0.921600
9005,0.909312
9006,0.927744
9007,0.881664
9008,0.922624
9009,0.944128
9010,0.902144
9011,0.867328
9012,0.835584
9013,0.873472
9014,0.924672
9015,0.957440
9016,0.933888
9017,0.913408
9018,0.887808
9019,0.888832
9020,0.912384
9021,0.914432
9022,0.882688
9023,0.916480
9024,0.901120
9025,0.971776
9026,0.923648
9027,0.910336
9028,0.937984
9029,0.879616
9030,0.896000
9031,0.828416
9032,0.873472
9033,0.875520
9034,0.877568
9035,0.850944
9036,0.862208
9037,0.904192
9038,0.873472
9039,0.867328
9040,0.914432
9041,0.885760
9042,0.867328
9043,0.877568
9044,0.910336
9045,0.900096
9046,0.902144
9047,0.881664
9048,0.856064
9049,0.830464
9050,0.848896
9051,0.898048
9052,0.942080
9053,0.887808
9054,0.956416
9055,0.889856
9056,0.946176
9057,0.929792
9058,0.881664
9059,0.896000
9060,0.877568
9061,0.932864
9062,0.957440
9063,0.930816
9064,0.923648
9065,0.933888
9066,0.843776
9067,0.888832
9068,0.921600
9069,0.931840
9070,0.926720
9071,0.940032
9072,0.977920
9073,0.892928
9074,0.940032
9075,0.956416
9076,0.800768
9077,0.692224
9078,0.509952
9079,0.388096
9080,0.324608
9081,0.368640
9082,0.360448
9083,0.331776
9084,0.346112
9085,0.293888
9086,0.759808
9087,0.881664
9088,0.896000
9089,0.885760
9090,0.918528
9091,0.920576
9092,0.917504
9093,0.924672
9094,0.946176
9095,0.945152
9096,0.920576
9097,0.915456
9098,0.942080
9099,0.900096
9100,0.930816
9101,0.873472
9102,0.854016
9103,0.852992
9104,0.840704
9105,0.848896
9106,0.850944
9107,0.908288
9108,0.902144
9109,0.962560
9110,0.912384
9111,0.886784
9112,0.903168
9113,0.896000
9114,0.917504
9115,0.891904
9116,0.904192
9117,0.816128
9118,0.911360
9119,0.880640
9120,0.890880
9121,0.941056
9122,0.892928
9123,0.890880
9124,0.907264
9125,0.881664
9126,0.909312
9127,0.928768
9128,0.906240
9129,0.887808
9130,0.944128
9131,0.897024
9132,0.908288
9133,0.933888
9134,0.904192
9135,0.870400
9136,0.875520
9137,0.915456
9138,0.873472
9139,0.923648
9140,0.884736
9141,0.911360
9142,0.918528
9143,0.889856
9144,0.910336
9145,0.926720
9146,0.786432
9147,0.549888
9148,0.408576
9149,0.354304
9150,0.368640
9151,0.367616
9152,0.350208
9153,0.272384
9154,0.209920
9155,0.204800
9156,0.212992
9157,0.187392
9158,0.843776
9159,0.871424
9160,0.874496
9161,0.929792
9162,0.894976
9163,0.839680
9164,0.873472
9165,0.910336
9166,0.904192
9167,0.893952
9168,0.885760
9169,0.916480
9170,0.877568
9171,0.871424
9172,0.914432
9173,0.871424
9174,0.908288
9175,0.901120
9176,0.865280
9177,0.878592
9178,0.864256
9179,0.917504
9180,0.897024
9181,0.879616
9182,0.920576
9183,0.872448
9184,0.912384
9185,0.866304
9186,0.890880
9187,0.874496
9188,0.863232
9189,0.843776
9190,0.860160
9191,0.899072
9192,0.876544
9193,0.857088
9194,0.927744
9195,0.888832
9196,0.867328
9197,0.887808
9198,0.832512
9199,0.865280
9200,0.821248
9201,0.863232
9202,0.859136
9203,0.864256
9204,0.868352
9205,0.903168
9206,0.892928
9207,0.894976
9208,0.863232
9209,0.862208
9210,0.904192
9211,0.907264
9212,0.908288
9213,0.896000
9214,0.890880
9215,0.893952
9216,0.893952
9217,0.903168
9218,0.905216
9219,0.849920
9220,0.884736
9221,0.884736
9222,0.879616
9223,0.707584
9224,0.537600
9225,0.490496
9226,0.470016
9227,0.686080
9228,0.862208
9229,0.904192
9230,0.896000
9231,0.877568
9232,0.902144
9233,0.879616
9234,0.900096
9235,0.947200
9236,0.903168
9237,0.896000
9238,0.860160
9239,0.912384
9240,0.920576
9241,0.869376
9242,0.875520
9243,0.882688
9244,2.336768
9245,0.860160
9246,2.200576
9247,0.914432
9248,0.903168
9249,0.852992
9250,0.920576
9251,0.919552
9252,0.887808
9253,0.827392
9254,0.893952
9255,0.896000
9256,0.954368
9257,0.925696
9258,0.880640
9259,0.922624
9260,0.842752
9261,0.941056
9262,0.859136
9263,0.952320
9264,0.886784
9265,0.847872
9266,0.888832
9267,0.890880
9268,0.818176
9269,0.890880
9270,0.908288
9271,0.892928
9272,0.885760
9273,0.827392
9274,0.897024
9275,0.842752
9276,0.857088
9277,0.860160
9278,0.877568
9279,0.878592
9280,0.899072
9281,0.879616
9282,3.354624
9283,0.877568
9284,0.838656
9285,0.889856
9286,0.883712
9287,0.619520
9288,0.709632
9289,0.759808
9290,0.911360
9291,0.909312
9292,0.873472
9293,0.865280
9294,0.909312
9295,0.897024
9296,2.023424
9297,0.820224
9298,3.492864
9299,0.865280
9300,0.892928
9301,0.887808
9302,0.869376
9303,0.919552
9304,0.906240
9305,0.887808
9306,0.923648
9307,0.886784
9308,0.910336
9309,0.909312
9310,0.902144
9311,0.874496
9312,0.929792
9313,0.871424
9314,0.842752
9315,0.843776
9316,0.872448
9317,0.832512
9318,0.868352
9319,0.857088
9320,0.898048
9321,0.871424
9322,0.910336
9323,0.904192
9324,0.908288
9325,0.899072
9326,0.877568
9327,0.910336
9328,0.904192
9329,0.875520
9330,0.909312
9331,0.881664
9332,0.910336
9333,0.932864
9334,0.889856
9335,0.883712
9336,0.932864
9337,0.922624
9338,0.885760
9339,0.933888
9340,0.876544
9341,0.854016
9342,0.874496
9343,0.941056
9344,0.908288
9345,0.857088
9346,0.886784
9347,0.924672
9348,0.888832
9349,0.731136
9350,0.562176
9351,0.288768
9352,0.415744
9353,0.193536
9354,0.202752
9355,0.202752
9356,0.196608
9357,0.310272
9358,0.190464
9359,0.196608
9360,0.191488
9361,0.182272
9362,0.182272
9363,0.178176
9364,0.183296
9365,0.180224
9366,0.183296
9367,0.172032
9368,0.924672
9369,0.860160
9370,0.878592
9371,0.915456
9372,0.883712
9373,0.864256
9374,0.945152
9375,0.872448
9376,0.888832
9377,0.932864
9378,0.872448
9379,0.901120
9380,0.883712
9381,0.931840
9382,0.902144
9383,0.868352
9384,0.956416
9385,0.928768
9386,0.901120
9387,0.908288
9388,0.886784
9389,0.862208
9390,0.871424
9391,0.894976
9392,0.936960
9393,0.872448
9394,0.904192
9395,0.857088
9396,0.922624
9397,0.911360
9398,0.913408
9399,0.919552
9400,0.952320
9401,0.883712
9402,0.861184
9403,0.916480
9404,0.912384
9405,0.917504
9406,0.911360
9407,0.877568
9408,0.898048
9409,0.941056
9410,0.925696
9411,0.917504
9412,0.888832
9413,0.919552
9414,0.899072
9415,0.904192
9416,0.900096
9417,0.909312
9418,0.925696
9419,0.871424
9420,0.887808
9421,0.892928
9422,0.939008
9423,0.908288
9424,0.873472
9425,0.878592
9426,0.897024
9427,0.911360
9428,0.847872
9429,0.932864
9430,0.889856
9431,0.926720
9432,0.896000
9433,0.876544
9434,0.726016
9435,0.822272
9436,0.903168
9437,0.876544
9438,0.874496
9439,0.902144
9440,0.882688
9441,0.881664
9442,0.764928
9443,0.880640
9444,0.925696
9445,0.919552
9446,0.897024
9447,0.913408
9448,0.913408
9449,0.874496
9450,0.879616
9451,0.864256
9452,0.866304
9453,0.965632
9454,0.883712
9455,0.795648
9456,0.873472
9457,0.923648
9458,0.873472
9459,0.897024
9460,0.882688
9461,0.921600
9462,0.900096
9463,0.827392
9464,0.827392
9465,0.852992
9466,0.848896
9467,0.857088
9468,0.908288
9469,0.859136
9470,0.891904
9471,0.859136
9472,0.870400
9473,0.874496
9474,0.869376
9475,0.892928
9476,0.918528
9477,0.883712
9478,0.918528
9479,0.936960
9480,0.885760
9481,0.888832
9482,0.866304
9483,0.894976
9484,0.897024
9485,0.885760
9486,0.892928
9487,0.900096
9488,0.908288
9489,0.881664
9490,0.907264
9491,0.869376
9492,0.942080
9493,0.905216
9494,0.912384
9495,0.915456
9496,0.926720
9497,0.898048
9498,0.950272
9499,0.902144
9500,0.865280
9501,0.515072
9502,0.867328
9503,0.861184
9504,0.808960
9505,0.836608
9506,0.917504
9507,0.841728
9508,0.914432
9509,0.846848
9510,0.930816
9511,0.939008
9512,0.868352
9513,0.918528
9514,0.936960
9515,0.919552
9516,0.874496
9517,0.893952
9518,0.893952
9519,0.900096
9520,0.894976
9521,0.834560
9522,0.996352
9523,0.919552
9524,0.920576
9525,0.894976
9526,0.934912
9527,0.855040
9528,0.945152
9529,0.976896
9530,0.884736
9531,0.865280
9532,0.872448
9533,0.875520
9534,0.873472
9535,0.846848
9536,0.842752
9537,0.935936
9538,0.905216
9539,0.905216
9540,0.925696
9541,0.913408
9542,0.881664
9543,0.869376
9544,0.896000
9545,0.942080
9546,0.852992
9547,0.909312
9548,0.881664
9549,0.897024
9550,0.918528
9551,0.930816
9552,0.869376
9553,0.913408
9554,0.917504
9555,0.905216
9556,0.917504
9557,0.897024
9558,0.937984
9559,0.917504
9560,0.900096
9561,0.861184
9562,0.919552
9563,0.892928
9564,0.926720
9565,0.891904
9566,1.034240
9567,0.729088
9568,0.788480
9569,0.538624
9570,0.451584
9571,0.327680
9572,0.295936
9573,0.243712
9574,0.172032
9575,0.168960
9576,0.166912
9577,0.171008
9578,0.169984
9579,0.163840
9580,0.153600
9581,0.151552
9582,0.154624
9583,0.150528
9584,0.154624
9585,0.846848
9586,0.888832
9587,0.942080
9588,0.893952
9589,0.908288
9590,0.919552
9591,0.869376
9592,0.913408
9593,0.847872
9594,0.936960
9595,0.919552
9596,0.874496
9597,0.879616
9598,0.877568
9599,0.844800
9600,0.917504
9601,0.844800
9602,0.874496
9603,0.901120
9604,0.854016
9605,0.868352
9606,0.881664
9607,0.921600
9608,0.913408
9609,0.847872
9610,0.882688
9611,0.914432
9612,0.882688
9613,0.906240
9614,0.866304
9615,0.889856
9616,0.870400
9617,0.881664
9618,0.884736
9619,0.890880
9620,0.877568
9621,0.884736
9622,0.877568
9623,0.862208
9624,0.919552
9625,0.879616
9626,0.874496
9627,0.854016
9628,0.814080
9629,0.854016
9630,0.825344
9631,0.836608
9632,0.815104
9633,0.830464
9634,0.834560
9635,0.913408
9636,0.821248
9637,0.933888
9638,0.904192
9639,0.893952
9640,0.887808
9641,0.888832
9642,0.899072
9643,0.898048
9644,0.913408
9645,0.898048
9646,0.905216
9647,0.869376
9648,0.892928
9649,0.889856
9650,0.908288
9651,0.862208
9652,0.769024
9653,0.618496
9654,0.513024
9655,0.608256
9656,0.389120
9657,0.385024
9658,0.350208
9659,0.738304
9660,0.911360
9661,0.863232
9662,0.899072
9663,0.856064
9664,0.935936
9665,0.907264
9666,0.909312
9667,0.936960
9668,0.812032
9669,0.876544
9670,0.852992
9671,0.881664
9672,0.826368
9673,0.905216
9674,0.871424
9675,0.893952
9676,0.884736
9677,0.846848
9678,0.875520
9679,0.872448
9680,0.892928
9681,0.847872
9682,0.854016
9683,0.849920
9684,0.877568
9685,0.842752
9686,0.860160
9687,0.827392
9688,0.862208
9689,0.865280
9690,0.883712
9691,0.887808
9692,0.889856
9693,0.847872
9694,0.929792
9695,0.934912
9696,0.611328
9697,0.780288
9698,0.863232
9699,0.804864
9700,0.836608
9701,0.845824
9702,0.844800
9703,0.921600
9704,0.888832
9705,0.879616
9706,0.878592
9707,0.841728
9708,0.830464
9709,0.908288
9710,0.837632
9711,0.854016
9712,0.923648
9713,0.889856
9714,0.899072
9715,0.855040
9716,0.870400
9717,0.834560
9718,0.922624
9719,0.862208
9720,0.885760
9721,0.890880
9722,0.917504
9723,0.873472
9724,0.846848
9725,0.875520
9726,0.806912
9727,2.193408
9728,0.532480
9729,0.500736
9730,1.669120
9731,0.685056
9732,0.887808
9733,0.910336
9734,0.904192
9735,0.862208
9736,0.875520
9737,0.897024
9738,0.891904
9739,0.916480
9740,0.833536
9741,0.884736
9742,0.876544
9743,0.920576
9744,0.822272
9745,0.892928
9746,0.864256
9747,0.872448
9748,0.866304
9749,0.897024
9750,0.850944
9751,0.802816
9752,0.827392
9753,0.863232
9754,0.848896
9755,0.850944
9756,0.865280
9757,0.880640
9758,0.869376
9759,0.854016
9760,0.864256
9761,0.909312
9762,0.867328
9763,0.854016
9764,0.844800
9765,0.856064
9766,0.883712
9767,0.901120
9768,3.234816
9769,0.704512
9770,0.846848
9771,0.894976
9772,0.876544
9773,0.883712
9774,0.897024
9775,0.894976
9776,1.960960
9777,0.889856
9778,0.886784
9779,0.886784
9780,0.852992
9781,0.937984
9782,1.850368
9783,0.891904
9784,3.376128
9785,0.801792
9786,0.877568
9787,0.914432
9788,0.851968
9789,0.868352
9790,0.898048
9791,0.860160
9792,0.857088
9793,0.701440
9794,0.849920
9795,0.888832
9796,0.879616
9797,0.896000
9798,0.847872
9799,0.891904
9800,0.879616
9801,0.877568
9802,0.850944
9803,0.866304
9804,0.872448
9805,0.854016
9806,0.830464
9807,0.839680
9808,0.857088
9809,0.815104
9810,0.789504
9811,0.782336
9812,0.882688
9813,0.821248
9814,0.869376
9815,0.884736
9816,0.826368
9817,0.882688
9818,0.841728
9819,0.880640
9820,0.836608
9821,0.862208
9822,0.871424
9823,0.862208
9824,0.876544
9825,0.823296
9826,0.867328
9827,0.835584
9828,0.883712
9829,0.890880
9830,0.847872
9831,0.858112
9832,0.854016
9833,0.875520
9834,0.902144
9835,0.863232
9836,0.762880
9837,0.843776
9838,0.899072
9839,0.864256
9840,0.893952
9841,0.831488
9842,0.879616
9843,0.890880
9844,0.864256
9845,0.855040
9846,0.835584
9847,0.877568
9848,0.823296
9849,0.811008
9850,0.807936
9851,0.865280
9852,0.886784
9853,0.766976
9854,0.833536
9855,0.871424
9856,0.889856
9857,0.836608
9858,0.859136
9859,0.829440
9860,0.912384
9861,0.888832
9862,0.794624
9863,0.627712
9864,0.574464
9865,0.521216
9866,0.534528
9867,0.778240
9868,0.822272
9869,0.804864
9870,0.868352
9871,0.898048
9872,0.828416
9873,0.875520
9874,0.857088
9875,0.846848
9876,0.932864
9877,0.829440
9878,0.852992
9879,0.862208
9880,0.861184
9881,0.861184
9882,0.875520
9883,0.843776
9884,0.813056
9885,0.873472
9886,0.828416
9887,0.861184
9888,0.864256
9889,0.870400
9890,0.849920
9891,0.884736
9892,0.839680
9893,0.820224
9894,0.797696
9895,0.813056
9896,0.796672
9897,0.848896
9898,0.798720
9899,0.837632
9900,0.843776
9901,0.860160
9902,0.852992
9903,0.848896
9904,0.856064
9905,0.857088
9906,0.829440
9907,0.885760
9908,0.882688
9909,0.997376
9910,0.761856
9911,0.910336
9912,0.894976
9913,0.860160
9914,0.865280
9915,0.848896
9916,0.906240
9917,0.828416
9918,0.885760
9919,0.896000
9920,0.869376
9921,0.855040
9922,0.879616
9923,0.857088
9924,0.843776
9925,0.858112
9926,0.817152
9927,0.924672
9928,0.883712
9929,0.899072
9930,0.871424
9931,0.825344
9932,0.873472
9933,0.894976
9934,0.899072
9935,0.889856
9936,0.867328
9937,0.787456
9938,0.655360
9939,0.647168
9940,0.611328
9941,0.580608
9942,0.394240
9943,0.860160
9944,0.798720
9945,0.794624
9946,0.832512
9947,0.859136
9948,0.873472
9949,0.862208
9950,0.869376
9951,0.921600
9952,0.858112
9953,0.859136
9954,0.902144
9955,0.807936
9956,0.818176
9957,0.849920
9958,0.839680
9959,0.848896
9960,0.807936
9961,0.861184
9962,0.866304
9963,0.888832
9964,0.834560
9965,0.907264
9966,0.861184
9967,0.888832
9968,0.846848
9969,0.878592
9970,0.865280
9971,0.829440
9972,0.876544
9973,0.811008
9974,0.821248
9975,0.893952
9976,0.852992
9977,0.793600
9978,0.819200
9979,0.906240
9980,0.843776
9981,0.839680
9982,0.864256
9983,0.892928
9984,0.847872
9985,0.842752
9986,0.872448
9987,0.793600
9988,0.785408
9989,0.829440
9990,0.864256
9991,0.804864
9992,0.861184
9993,0.826368
9994,0.818176
9995,2.349056
9996,2.275328
9997,0.761856
9998,0.882688
9999,0.869376
