iter,ms
0,0.766976
1,0.689152
2,0.733184
3,0.690176
4,0.694272
5,0.668672
6,0.793600
7,0.709632
8,0.685056
9,0.692224
10,0.713728
11,0.716800
12,0.704512
13,0.739328
14,0.714752
15,0.715776
16,0.745472
17,0.733184
18,0.732160
19,0.789504
20,0.719872
21,0.704512
22,0.740352
23,0.710656
24,0.753664
25,0.730112
26,0.715776
27,0.723968
28,0.740352
29,0.755712
30,0.702464
31,0.723968
32,0.733184
33,0.702464
34,0.768000
35,0.748544
36,0.798720
37,0.711680
38,0.705536
39,0.751616
40,0.711680
41,0.734208
42,0.734208
43,0.704512
44,0.745472
45,0.727040
46,0.745472
47,0.739328
48,0.703488
49,0.790528
50,0.727040
51,0.781312
52,0.914432
53,0.713728
54,0.773120
55,0.739328
56,0.724992
57,0.740352
58,0.779264
59,0.766976
60,0.774144
61,0.831488
62,0.737280
63,0.751616
64,0.759808
65,0.795648
66,0.535552
67,0.707584
68,0.840704
69,0.826368
70,0.782336
71,0.817152
72,0.850944
73,0.786432
74,0.793600
75,0.799744
76,0.736256
77,0.635904
78,0.729088
79,0.791552
80,0.816128
81,0.583680
82,0.687104
83,0.783360
84,0.822272
85,0.845824
86,0.893952
87,0.815104
88,0.819200
89,0.807936
90,0.825344
91,0.827392
92,0.821248
93,0.824320
94,0.836608
95,0.811008
96,0.813056
97,0.826368
98,0.873472
99,0.814080
100,0.797696
101,0.789504
102,0.834560
103,0.747520
104,0.819200
105,0.799744
106,0.779264
107,0.832512
108,0.822272
109,0.794624
110,0.832512
111,0.834560
112,0.862208
113,0.847872
114,0.858112
115,0.872448
116,0.857088
117,0.818176
118,0.833536
119,0.804864
120,0.812032
121,0.832512
122,0.787456
123,0.803840
124,1.031168
125,0.804864
126,0.863232
127,0.829440
128,0.824320
129,0.833536
130,0.822272
131,0.811008
132,0.827392
133,0.840704
134,0.850944
135,0.828416
136,0.843776
137,0.855040
138,0.805888
139,0.820224
140,0.903168
141,0.759808
142,0.779264
143,0.798720
144,0.830464
145,0.823296
146,0.729088
147,0.649216
148,0.408576
149,0.335872
150,0.300032
151,0.320512
152,0.304128
153,0.317440
154,0.317440
155,0.715776
156,0.845824
157,0.871424
158,0.852992
159,0.854016
160,0.823296
161,0.836608
162,0.893952
163,0.832512
164,0.812032
165,0.905216
166,0.826368
167,0.836608
168,0.847872
169,0.872448
170,0.822272
171,0.881664
172,0.872448
173,0.856064
174,0.868352
175,0.884736
176,0.812032
177,0.824320
178,0.798720
179,0.829440
180,0.846848
181,0.869376
182,0.858112
183,0.814080
184,0.927744
185,0.866304
186,0.838656
187,0.836608
188,0.858112
189,0.893952
190,0.840704
191,0.905216
192,0.872448
193,0.852992
194,0.913408
195,0.881664
196,0.857088
197,0.934912
198,0.913408
199,0.861184
200,0.823296
201,0.866304
202,0.999424
203,0.809984
204,0.844800
205,0.920576
206,0.915456
207,0.848896
208,0.883712
209,0.836608
210,0.875520
211,0.925696
212,0.858112
213,0.884736
214,0.870400
215,0.887808
216,0.869376
217,0.871424
218,0.863232
219,0.930816
220,0.823296
221,0.797696
222,0.674816
223,0.614400
224,0.552960
225,0.467968
226,0.446464
227,0.515072
228,0.435200
229,0.786432
230,0.941056
231,0.872448
232,0.870400
233,0.907264
234,0.919552
235,0.867328
236,0.917504
237,0.892928
238,0.906240
239,0.929792
240,0.892928
241,0.870400
242,0.904192
243,0.907264
244,0.918528
245,0.929792
246,0.915456
247,0.908288
248,0.871424
249,0.915456
250,0.876544
251,0.927744
252,0.893952
253,0.879616
254,0.917504
255,0.909312
256,0.891904
257,0.899072
258,0.838656
259,0.869376
260,0.836608
261,0.868352
262,0.874496
263,0.852992
264,0.942080
265,0.910336
266,0.877568
267,0.872448
268,0.927744
269,0.937984
270,0.907264
271,0.865280
272,0.929792
273,0.872448
274,0.931840
275,0.903168
276,0.916480
277,0.897024
278,0.877568
279,0.931840
280,0.910336
281,0.899072
282,0.888832
283,0.936960
284,0.920576
285,0.921600
286,0.933888
287,0.913408
288,0.961536
289,0.901120
290,0.885760
291,0.944128
292,0.923648
293,0.885760
294,0.872448
295,0.794624
296,0.842752
297,0.948224
298,0.869376
299,0.894976
300,0.892928
301,0.893952
302,0.854016
303,0.879616
304,0.908288
305,0.856064
306,0.922624
307,0.910336
308,0.870400
309,0.863232
310,0.894976
311,0.891904
312,0.904192
313,0.571392
314,0.907264
315,0.884736
316,0.898048
317,0.937984
318,0.877568
319,0.876544
320,0.836608
321,0.876544
322,0.871424
323,0.877568
324,0.851968
325,0.916480
326,0.925696
327,0.904192
328,0.916480
329,0.910336
330,0.906240
331,0.931840
332,0.972800
333,0.913408
334,0.979968
335,0.858112
336,0.939008
337,0.967680
338,0.930816
339,0.941056
340,0.928768
341,0.919552
342,0.896000
343,0.891904
344,0.885760
345,0.922624
346,0.900096
347,0.899072
348,0.910336
349,0.919552
350,0.890880
351,0.925696
352,0.920576
353,0.919552
354,0.954368
355,0.921600
356,0.912384
357,0.926720
358,0.882688
359,0.777216
360,0.549888
361,0.687104
362,0.638976
363,0.855040
364,0.854016
365,0.915456
366,0.876544
367,0.922624
368,0.875520
369,0.870400
370,0.894976
371,0.882688
372,0.921600
373,0.959488
374,0.891904
375,0.939008
376,0.910336
377,0.913408
378,0.931840
379,0.893952
380,0.952320
381,0.926720
382,0.864256
383,0.902144
384,0.937984
385,0.930816
386,0.947200
387,0.879616
388,0.954368
389,0.932864
390,0.871424
391,0.909312
392,0.870400
393,0.942080
394,0.908288
395,0.909312
396,0.956416
397,0.930816
398,0.911360
399,0.875520
400,0.779264
401,0.861184
402,0.904192
403,0.958464
404,0.892928
405,0.911360
406,0.920576
407,0.897024
408,0.907264
409,0.965632
410,0.914432
411,0.898048
412,0.932864
413,0.915456
414,0.898048
415,0.915456
416,0.904192
417,0.930816
418,0.957440
419,0.902144
420,0.915456
421,0.917504
422,0.968704
423,0.940032
424,0.945152
425,0.858112
426,0.672768
427,0.670720
428,0.777216
429,0.899072
430,0.913408
431,0.944128
432,0.929792
433,0.918528
434,0.932864
435,0.915456
436,0.910336
437,1.098752
438,0.369664
439,0.926720
440,0.921600
441,0.921600
442,0.910336
443,0.935936
444,0.892928
445,0.954368
446,0.931840
447,0.880640
448,0.865280
449,0.886784
450,0.880640
451,0.914432
452,0.894976
453,0.913408
454,0.906240
455,0.888832
456,0.931840
457,0.917504
458,0.906240
459,0.868352
460,0.904192
461,0.959488
462,0.941056
463,0.946176
464,0.909312
465,0.912384
466,0.910336
467,0.901120
468,0.937984
469,0.906240
470,0.897024
471,0.883712
472,0.982016
473,0.906240
474,0.934912
475,0.908288
476,0.892928
477,0.942080
478,0.854016
479,0.878592
480,0.903168
481,0.862208
482,0.854016
483,0.864256
484,0.943104
485,0.877568
486,0.913408
487,0.932864
488,0.950272
489,0.894976
490,0.922624
491,0.911360
492,0.943104
493,0.732160
494,0.945152
495,0.866304
496,0.909312
497,0.927744
498,0.921600
499,0.925696
500,0.897024
501,0.922624
502,0.912384
503,0.601088
504,0.936960
505,0.867328
506,0.909312
507,0.974848
508,0.882688
509,0.908288
510,1.083392
511,0.899072
512,0.948224
513,0.946176
514,0.896000
515,0.855040
516,0.873472
517,0.905216
518,0.901120
519,0.907264
520,0.884736
521,0.930816
522,0.875520
523,0.950272
524,0.914432
525,0.876544
526,0.906240
527,0.946176
528,0.885760
529,0.948224
530,0.921600
531,0.931840
532,0.917504
533,0.953344
534,0.922624
535,0.936960
536,0.915456
537,0.905216
538,0.965632
539,0.907264
540,0.929792
541,0.902144
542,0.913408
543,0.912384
544,0.963584
545,0.928768
546,0.899072
547,0.901120
548,0.865280
549,0.925696
550,0.851968
551,0.811008
552,0.876544
553,0.913408
554,0.912384
555,0.896000
556,0.943104
557,0.892928
558,0.697344
559,0.684032
560,0.906240
561,0.899072
562,0.943104
563,0.937984
564,0.924672
565,0.886784
566,0.954368
567,0.898048
568,0.958464
569,0.917504
570,0.898048
571,0.883712
572,0.908288
573,0.906240
574,0.892928
575,0.832512
576,0.882688
577,0.872448
578,0.858112
579,0.852992
580,0.904192
581,0.934912
582,0.898048
583,0.947200
584,0.892928
585,0.933888
586,0.862208
587,0.885760
588,0.854016
589,0.847872
590,0.856064
591,0.840704
592,0.905216
593,0.901120
594,0.902144
595,0.885760
596,0.918528
597,0.923648
598,0.903168
599,0.952320
600,0.890880
601,0.906240
602,0.926720
603,0.914432
604,0.889856
605,0.872448
606,0.862208
607,0.959488
608,0.928768
609,0.899072
610,0.885760
611,0.954368
612,0.942080
613,0.872448
614,0.930816
615,0.894976
616,0.867328
617,0.888832
618,0.888832
619,0.914432
620,0.925696
621,0.905216
622,0.880640
623,0.587776
624,0.405504
625,0.368640
626,0.297984
627,0.289792
628,0.281600
629,0.270336
630,0.266240
631,0.250880
632,0.242688
633,0.252928
634,0.271360
635,0.260096
636,0.201728
637,0.947200
638,0.908288
639,0.909312
640,1.138688
641,1.060864
642,0.967680
643,0.816128
644,0.917504
645,0.917504
646,0.832512
647,0.882688
648,0.811008
649,0.856064
650,0.836608
651,0.921600
652,0.862208
653,0.946176
654,0.871424
655,0.936960
656,0.928768
657,0.870400
658,0.957440
659,0.910336
660,0.921600
661,0.874496
662,0.908288
663,0.903168
664,0.946176
665,0.857088
666,0.910336
667,0.928768
668,0.859136
669,0.890880
670,0.867328
671,0.905216
672,0.882688
673,0.904192
674,0.927744
675,0.819200
676,0.839680
677,0.881664
678,0.902144
679,0.898048
680,0.888832
681,0.930816
682,0.915456
683,0.932864
684,0.939008
685,0.947200
686,0.920576
687,0.930816
688,0.905216
689,0.879616
690,0.920576
691,0.906240
692,0.917504
693,0.907264
694,0.926720
695,0.951296
696,0.891904
697,0.925696
698,0.936960
699,0.925696
700,0.942080
701,0.730112
702,0.894976
703,0.893952
704,0.874496
705,0.875520
706,0.877568
707,0.887808
708,0.888832
709,0.913408
710,1.098752
711,0.898048
712,0.815104
713,0.923648
714,0.874496
715,0.878592
716,0.816128
717,0.867328
718,0.880640
719,0.937984
720,0.893952
721,0.865280
722,0.915456
723,0.914432
724,0.888832
725,0.917504
726,0.897024
727,0.903168
728,0.927744
729,0.913408
730,0.916480
731,0.922624
732,0.911360
733,0.913408
734,0.948224
735,0.931840
736,0.894976
737,0.910336
738,0.907264
739,0.949248
740,0.943104
741,0.993280
742,0.861184
743,0.871424
744,0.928768
745,0.908288
746,0.943104
747,0.890880
748,0.903168
749,0.905216
750,0.899072
751,0.882688
752,0.912384
753,0.941056
754,0.863232
755,0.913408
756,0.897024
757,0.906240
758,0.918528
759,0.928768
760,0.906240
761,0.886784
762,0.914432
763,0.948224
764,0.654336
765,0.888832
766,0.543744
767,0.485376
768,0.905216
769,0.918528
770,0.947200
771,0.912384
772,0.894976
773,0.917504
774,0.913408
775,0.906240
776,0.983040
777,0.925696
778,0.941056
779,0.927744
780,0.925696
781,0.923648
782,0.877568
783,0.952320
784,0.966656
785,0.899072
786,0.870400
787,0.927744
788,0.963584
789,0.910336
790,0.893952
791,0.906240
792,0.935936
793,0.906240
794,0.937984
795,0.953344
796,0.949248
797,0.879616
798,0.869376
799,0.855040
800,0.909312
801,0.937984
802,0.884736
803,0.883712
804,0.875520
805,0.880640
806,0.916480
807,0.916480
808,0.905216
809,0.963584
810,0.916480
811,0.913408
812,0.959488
813,0.905216
814,0.889856
815,0.899072
816,0.913408
817,0.859136
818,0.828416
819,0.911360
820,0.908288
821,0.970752
822,0.894976
823,0.918528
824,0.926720
825,0.940032
826,0.927744
827,0.920576
828,0.905216
829,0.937984
830,0.901120
831,0.904192
832,0.626688
833,0.965632
834,0.972800
835,0.927744
836,0.925696
837,0.929792
838,0.920576
839,0.947200
840,0.948224
841,0.906240
842,0.880640
843,0.900096
844,0.927744
845,0.948224
846,0.883712
847,0.835584
848,0.825344
849,0.864256
850,0.899072
851,0.893952
852,0.873472
853,0.900096
854,0.886784
855,0.958464
856,0.955392
857,0.862208
858,0.887808
859,0.928768
860,0.927744
861,0.927744
862,0.939008
863,0.884736
864,0.924672
865,0.920576
866,0.906240
867,0.935936
868,0.916480
869,0.902144
870,0.934912
871,0.921600
872,0.878592
873,0.932864
874,0.930816
875,0.889856
876,0.870400
877,0.958464
878,0.898048
879,0.908288
880,0.926720
881,0.930816
882,0.919552
883,0.913408
884,0.946176
885,0.921600
886,0.903168
887,0.904192
888,0.945152
889,0.892928
890,0.961536
891,0.919552
892,0.951296
893,0.957440
894,0.893952
895,0.949248
896,0.820224
897,0.577536
898,0.531456
899,0.748544
900,0.947200
901,0.928768
902,0.876544
903,0.915456
904,0.964608
905,0.680960
906,0.874496
907,0.915456
908,0.890880
909,0.922624
910,0.912384
911,0.933888
912,0.888832
913,0.917504
914,0.933888
915,0.867328
916,0.937984
917,0.937984
918,0.915456
919,0.918528
920,0.904192
921,0.913408
922,0.931840
923,0.921600
924,0.969728
925,0.924672
926,0.960512
927,0.885760
928,0.932864
929,0.911360
930,0.892928
931,0.912384
932,0.888832
933,0.915456
934,0.867328
935,0.910336
936,0.957440
937,0.930816
938,0.897024
939,0.930816
940,0.912384
941,0.935936
942,0.972800
943,0.917504
944,0.906240
945,0.946176
946,0.909312
947,0.924672
948,0.944128
949,0.944128
950,0.953344
951,0.903168
952,0.944128
953,0.954368
954,0.892928
955,0.934912
956,0.928768
957,0.880640
958,0.913408
959,0.904192
960,0.933888
961,0.921600
962,0.902144
963,0.582656
964,0.926720
965,0.894976
966,0.927744
967,0.912384
968,0.852992
969,0.886784
970,0.873472
971,0.832512
972,0.903168
973,0.852992
974,0.948224
975,0.869376
976,0.905216
977,0.926720
978,0.911360
979,0.940032
980,0.935936
981,0.875520
982,0.909312
983,0.894976
984,0.855040
985,0.939008
986,0.899072
987,0.899072
988,0.967680
989,0.952320
990,0.888832
991,0.926720
992,0.906240
993,0.924672
994,0.956416
995,0.930816
996,0.905216
997,0.942080
998,0.927744
999,0.887808
1000,0.901120
1001,0.902144
1002,0.898048
1003,0.892928
1004,0.893952
1005,0.907264
1006,0.879616
1007,0.901120
1008,0.862208
1009,0.903168
1010,0.899072
1011,0.918528
1012,0.728064
1013,0.905216
1014,0.929792
1015,0.935936
1016,0.918528
1017,0.931840
1018,0.889856
1019,0.889856
1020,0.972800
1021,0.916480
1022,0.896000
1023,0.927744
1024,0.925696
1025,0.896000
1026,0.909312
1027,0.924672
1028,0.651264
1029,0.990208
1030,0.920576
1031,0.912384
1032,0.941056
1033,0.932864
1034,0.902144
1035,0.901120
1036,0.915456
1037,0.880640
1038,0.882688
1039,0.864256
1040,0.869376
1041,0.916480
1042,0.897024
1043,0.932864
1044,0.942080
1045,0.886784
1046,0.893952
1047,0.919552
1048,0.928768
1049,0.888832
1050,0.900096
1051,0.880640
1052,0.891904
1053,0.839680
1054,0.920576
1055,0.923648
1056,0.885760
1057,0.931840
1058,0.923648
1059,0.894976
1060,0.888832
1061,0.917504
1062,0.868352
1063,0.881664
1064,0.898048
1065,0.907264
1066,0.874496
1067,0.924672
1068,0.860160
1069,0.909312
1070,0.870400
1071,0.884736
1072,0.906240
1073,0.886784
1074,0.892928
1075,0.874496
1076,0.903168
1077,0.847872
1078,0.854016
1079,0.920576
1080,0.873472
1081,0.916480
1082,0.937984
1083,0.896000
1084,0.949248
1085,1.036288
1086,0.913408
1087,0.901120
1088,0.939008
1089,0.907264
1090,0.946176
1091,0.950272
1092,0.897024
1093,0.722944
1094,0.625664
1095,0.750592
1096,0.922624
1097,0.931840
1098,0.885760
1099,0.884736
1100,0.976896
1101,0.921600
1102,0.924672
1103,0.924672
1104,0.952320
1105,0.898048
1106,0.942080
1107,1.024000
1108,0.855040
1109,1.121280
1110,0.891904
1111,0.891904
1112,0.889856
1113,0.879616
1114,0.903168
1115,0.897024
1116,0.877568
1117,0.923648
1118,0.872448
1119,0.944128
1120,0.897024
1121,0.931840
1122,0.896000
1123,0.909312
1124,0.877568
1125,0.888832
1126,0.886784
1127,0.951296
1128,0.886784
1129,0.891904
1130,0.846848
1131,0.906240
1132,0.885760
1133,0.885760
1134,0.908288
1135,0.875520
1136,0.966656
1137,0.910336
1138,0.925696
1139,0.804864
1140,0.944128
1141,0.846848
1142,0.926720
1143,0.930816
1144,0.893952
1145,0.920576
1146,0.885760
1147,0.880640
1148,0.883712
1149,0.917504
1150,0.873472
1151,0.869376
1152,0.861184
1153,0.879616
1154,0.890880
1155,0.886784
1156,0.952320
1157,0.906240
1158,0.889856
1159,0.683008
1160,0.935936
1161,0.916480
1162,0.948224
1163,0.937984
1164,0.948224
1165,0.882688
1166,0.925696
1167,0.897024
1168,0.934912
1169,0.879616
1170,0.917504
1171,0.910336
1172,0.881664
1173,0.831488
1174,0.807936
1175,0.922624
1176,0.896000
1177,0.899072
1178,0.932864
1179,0.888832
1180,0.883712
1181,0.860160
1182,0.927744
1183,0.896000
1184,0.918528
1185,0.944128
1186,0.868352
1187,0.911360
1188,0.926720
1189,0.944128
1190,0.946176
1191,0.885760
1192,0.893952
1193,0.945152
1194,0.883712
1195,0.949248
1196,0.898048
1197,0.907264
1198,0.935936
1199,0.885760
1200,0.835584
1201,0.711680
1202,0.940032
1203,0.893952
1204,0.960512
1205,0.903168
1206,0.924672
1207,0.929792
1208,0.892928
1209,0.941056
1210,0.879616
1211,0.921600
1212,0.930816
1213,0.899072
1214,0.936960
1215,0.934912
1216,0.899072
1217,0.948224
1218,0.903168
1219,0.882688
1220,0.956416
1221,0.877568
1222,0.887808
1223,0.610304
1224,0.907264
1225,0.882688
1226,0.846848
1227,0.870400
1228,0.838656
1229,0.903168
1230,0.931840
1231,0.944128
1232,0.868352
1233,0.972800
1234,0.923648
1235,0.896000
1236,0.905216
1237,0.925696
1238,0.944128
1239,0.913408
1240,0.908288
1241,0.885760
1242,0.931840
1243,0.959488
1244,0.932864
1245,0.927744
1246,0.884736
1247,0.916480
1248,0.930816
1249,0.867328
1250,0.907264
1251,0.898048
1252,0.898048
1253,0.908288
1254,0.856064
1255,0.837632
1256,0.899072
1257,0.907264
1258,0.879616
1259,0.955392
1260,0.884736
1261,0.941056
1262,0.880640
1263,0.949248
1264,0.869376
1265,0.901120
1266,0.821248
1267,0.944128
1268,0.851968
1269,0.893952
1270,0.909312
1271,0.911360
1272,0.993280
1273,0.932864
1274,0.880640
1275,0.916480
1276,0.908288
1277,0.881664
1278,0.900096
1279,0.912384
1280,0.880640
1281,0.926720
1282,0.924672
1283,0.914432
1284,0.935936
1285,0.902144
1286,0.929792
1287,0.846848
1288,0.620544
1289,0.545792
1290,0.224256
1291,0.220160
1292,0.238592
1293,0.222208
1294,0.221184
1295,0.210944
1296,0.206848
1297,0.206848
1298,0.917504
1299,0.952320
1300,0.921600
1301,0.940032
1302,0.903168
1303,0.904192
1304,0.920576
1305,0.909312
1306,0.868352
1307,0.944128
1308,0.915456
1309,0.908288
1310,0.914432
1311,0.855040
1312,0.911360
1313,0.909312
1314,0.910336
1315,0.842752
1316,0.904192
1317,0.920576
1318,0.887808
1319,0.909312
1320,0.831488
1321,0.832512
1322,0.840704
1323,0.882688
1324,0.946176
1325,0.941056
1326,0.861184
1327,0.893952
1328,0.882688
1329,0.899072
1330,0.911360
1331,0.899072
1332,0.949248
1333,0.917504
1334,0.931840
1335,0.844800
1336,0.868352
1337,0.892928
1338,0.905216
1339,0.950272
1340,0.937984
1341,0.866304
1342,0.919552
1343,0.901120
1344,0.917504
1345,0.888832
1346,0.912384
1347,0.920576
1348,0.885760
1349,0.887808
1350,0.894976
1351,1.007616
1352,0.951296
1353,0.942080
1354,0.911360
1355,0.904192
1356,0.899072
1357,0.949248
1358,0.907264
1359,0.913408
1360,0.886784
1361,0.899072
1362,0.667648
1363,0.905216
1364,0.926720
1365,0.908288
1366,0.911360
1367,0.888832
1368,0.849920
1369,0.931840
1370,0.871424
1371,0.892928
1372,0.862208
1373,0.871424
1374,0.948224
1375,0.924672
1376,0.882688
1377,0.928768
1378,0.915456
1379,0.910336
1380,0.873472
1381,0.852992
1382,0.963584
1383,0.918528
1384,0.897024
1385,0.923648
1386,0.951296
1387,0.899072
1388,0.930816
1389,0.898048
1390,0.881664
1391,0.937984
1392,0.914432
1393,0.949248
1394,0.901120
1395,0.914432
1396,0.929792
1397,0.913408
1398,0.910336
1399,0.866304
1400,0.870400
1401,0.902144
1402,0.861184
1403,0.882688
1404,0.902144
1405,0.897024
1406,0.933888
1407,0.909312
1408,0.883712
1409,0.951296
1410,0.870400
1411,0.909312
1412,0.913408
1413,0.952320
1414,0.910336
1415,0.955392
1416,0.848896
1417,0.894976
1418,0.892928
1419,0.904192
1420,0.873472
1421,0.939008
1422,0.927744
1423,0.956416
1424,0.925696
1425,0.918528
1426,0.880640
1427,0.594944
1428,0.889856
1429,0.913408
1430,0.922624
1431,0.901120
1432,0.874496
1433,0.882688
1434,0.875520
1435,0.871424
1436,0.912384
1437,0.860160
1438,0.884736
1439,0.851968
1440,0.883712
1441,0.892928
1442,0.911360
1443,0.911360
1444,0.912384
1445,0.892928
1446,0.903168
1447,0.904192
1448,0.862208
1449,0.906240
1450,0.907264
1451,0.876544
1452,0.915456
1453,0.921600
1454,0.902144
1455,0.878592
1456,0.980992
1457,0.882688
1458,0.879616
1459,0.948224
1460,0.869376
1461,0.945152
1462,0.946176
1463,0.903168
1464,0.926720
1465,0.872448
1466,0.887808
1467,0.876544
1468,0.921600
1469,0.947200
1470,0.924672
1471,0.913408
1472,0.936960
1473,0.941056
1474,0.922624
1475,0.922624
1476,0.946176
1477,0.954368
1478,0.893952
1479,0.848896
1480,0.905216
1481,0.901120
1482,0.858112
1483,0.904192
1484,0.882688
1485,0.865280
1486,0.929792
1487,0.888832
1488,0.919552
1489,0.916480
1490,0.889856
1491,0.930816
1492,0.716800
1493,0.805888
1494,0.955392
1495,0.839680
1496,0.970752
1497,0.991232
1498,0.899072
1499,0.901120
1500,0.889856
1501,0.929792
1502,0.918528
1503,0.962560
1504,0.916480
1505,0.788480
1506,0.970752
1507,0.936960
1508,0.903168
1509,0.904192
1510,0.923648
1511,0.964608
1512,0.872448
1513,0.934912
1514,0.901120
1515,0.891904
1516,0.923648
1517,0.888832
1518,0.880640
1519,0.848896
1520,0.819200
1521,0.878592
1522,0.898048
1523,0.940032
1524,0.884736
1525,0.884736
1526,0.942080
1527,0.872448
1528,0.958464
1529,0.948224
1530,0.948224
1531,0.867328
1532,0.945152
1533,0.912384
1534,0.892928
1535,0.918528
1536,0.932864
1537,0.927744
1538,0.934912
1539,0.920576
1540,0.939008
1541,0.889856
1542,0.908288
1543,0.905216
1544,0.926720
1545,0.899072
1546,0.867328
1547,0.909312
1548,0.875520
1549,0.912384
1550,0.959488
1551,0.937984
1552,0.913408
1553,0.924672
1554,0.921600
1555,0.915456
1556,0.881664
1557,0.854016
1558,0.578560
1559,0.783360
1560,0.885760
1561,0.886784
1562,0.913408
1563,0.889856
1564,0.946176
1565,0.928768
1566,0.906240
1567,0.913408
1568,0.920576
1569,0.921600
1570,0.872448
1571,0.652288
1572,0.949248
1573,0.871424
1574,0.951296
1575,0.891904
1576,0.908288
1577,0.928768
1578,0.923648
1579,0.965632
1580,0.896000
1581,0.899072
1582,0.921600
1583,0.924672
1584,0.930816
1585,0.909312
1586,0.945152
1587,0.885760
1588,0.960512
1589,0.919552
1590,0.912384
1591,0.930816
1592,0.896000
1593,0.885760
1594,0.951296
1595,0.880640
1596,0.944128
1597,0.913408
1598,0.924672
1599,0.929792
1600,0.906240
1601,0.934912
1602,0.883712
1603,0.899072
1604,0.873472
1605,0.916480
1606,0.884736
1607,0.847872
1608,0.862208
1609,0.922624
1610,0.904192
1611,0.934912
1612,0.918528
1613,0.924672
1614,0.904192
1615,0.948224
1616,0.940032
1617,0.896000
1618,0.912384
1619,0.948224
1620,0.927744
1621,0.934912
1622,0.947200
1623,0.629760
1624,0.926720
1625,0.936960
1626,0.898048
1627,0.883712
1628,0.879616
1629,0.883712
1630,0.844800
1631,0.882688
1632,0.894976
1633,0.873472
1634,0.941056
1635,0.936960
1636,0.901120
1637,0.914432
1638,0.905216
1639,0.910336
1640,0.921600
1641,0.918528
1642,0.924672
1643,0.954368
1644,0.908288
1645,0.954368
1646,0.893952
1647,0.942080
1648,0.948224
1649,0.873472
1650,0.880640
1651,0.951296
1652,0.915456
1653,0.935936
1654,0.934912
1655,0.887808
1656,0.893952
1657,0.909312
1658,0.909312
1659,0.917504
1660,0.897024
1661,0.905216
1662,0.915456
1663,0.900096
1664,0.884736
1665,0.897024
1666,0.905216
1667,0.904192
1668,0.950272
1669,0.968704
1670,0.928768
1671,0.885760
1672,0.893952
1673,0.855040
1674,0.947200
1675,0.970752
1676,0.886784
1677,0.941056
1678,0.946176
1679,0.916480
1680,0.893952
1681,0.919552
1682,0.879616
1683,0.955392
1684,0.925696
1685,0.909312
1686,0.874496
1687,0.781312
1688,0.564224
1689,0.557056
1690,0.857088
1691,0.880640
1692,0.941056
1693,0.965632
1694,0.936960
1695,0.926720
1696,0.897024
1697,0.933888
1698,0.924672
1699,0.923648
1700,0.903168
1701,0.881664
1702,0.926720
1703,0.912384
1704,0.907264
1705,0.947200
1706,0.912384
1707,0.950272
1708,0.891904
1709,0.940032
1710,0.876544
1711,0.904192
1712,0.910336
1713,0.927744
1714,0.901120
1715,0.910336
1716,0.964608
1717,0.898048
1718,0.930816
1719,0.885760
1720,0.863232
1721,0.970752
1722,0.914432
1723,0.906240
1724,0.881664
1725,0.936960
1726,0.901120
1727,0.882688
1728,0.892928
1729,0.947200
1730,0.914432
1731,0.918528
1732,0.920576
1733,0.963584
1734,0.926720
1735,0.923648
1736,0.913408
1737,0.897024
1738,0.909312
1739,0.894976
1740,0.887808
1741,0.892928
1742,0.844800
1743,0.880640
1744,0.922624
1745,0.927744
1746,0.908288
1747,0.901120
1748,0.971776
1749,0.904192
1750,0.936960
1751,0.903168
1752,0.930816
1753,0.931840
1754,0.829440
1755,0.473088
1756,0.933888
1757,0.921600
1758,0.937984
1759,0.907264
1760,0.916480
1761,0.914432
1762,0.913408
1763,0.918528
1764,0.879616
1765,0.865280
1766,0.881664
1767,0.932864
1768,0.908288
1769,0.915456
1770,0.870400
1771,0.885760
1772,0.823296
1773,0.944128
1774,0.904192
1775,0.916480
1776,0.927744
1777,0.909312
1778,0.932864
1779,0.866304
1780,0.919552
1781,0.902144
1782,0.886784
1783,0.919552
1784,0.809984
1785,0.909312
1786,0.884736
1787,0.940032
1788,0.891904
1789,0.848896
1790,0.934912
1791,0.880640
1792,0.917504
1793,0.868352
1794,0.943104
1795,0.918528
1796,0.927744
1797,0.952320
1798,0.924672
1799,0.946176
1800,0.892928
1801,0.929792
1802,0.911360
1803,0.901120
1804,0.900096
1805,0.839680
1806,0.891904
1807,0.823296
1808,0.869376
1809,1.159168
1810,0.901120
1811,0.962560
1812,0.925696
1813,0.880640
1814,0.892928
1815,0.889856
1816,0.889856
1817,0.848896
1818,0.886784
1819,0.905216
1820,0.549888
1821,0.840704
1822,0.877568
1823,0.884736
1824,0.886784
1825,0.909312
1826,0.916480
1827,0.871424
1828,0.860160
1829,0.902144
1830,0.854016
1831,0.970752
1832,0.879616
1833,0.929792
1834,0.948224
1835,0.909312
1836,0.885760
1837,0.932864
1838,0.866304
1839,0.882688
1840,0.909312
1841,0.888832
1842,0.947200
1843,0.876544
1844,0.921600
1845,0.880640
1846,0.947200
1847,0.921600
1848,0.912384
1849,0.923648
1850,0.884736
1851,0.923648
1852,0.884736
1853,0.863232
1854,0.877568
1855,0.875520
1856,0.925696
1857,0.881664
1858,0.878592
1859,0.888832
1860,0.856064
1861,0.894976
1862,0.859136
1863,0.883712
1864,0.919552
1865,0.902144
1866,0.892928
1867,0.923648
1868,0.920576
1869,0.951296
1870,0.891904
1871,0.878592
1872,0.943104
1873,0.904192
1874,0.932864
1875,0.915456
1876,0.924672
1877,0.924672
1878,0.891904
1879,0.924672
1880,0.905216
1881,0.988160
1882,0.934912
1883,0.942080
1884,0.843776
1885,0.599040
1886,0.876544
1887,0.889856
1888,0.864256
1889,0.872448
1890,0.844800
1891,0.861184
1892,0.887808
1893,0.960512
1894,0.880640
1895,0.900096
1896,0.944128
1897,0.909312
1898,0.924672
1899,0.915456
1900,0.902144
1901,0.949248
1902,0.886784
1903,0.922624
1904,0.961536
1905,0.842752
1906,0.945152
1907,0.873472
1908,0.930816
1909,0.903168
1910,0.863232
1911,0.892928
1912,0.858112
1913,0.847872
1914,0.915456
1915,0.886784
1916,0.876544
1917,0.892928
1918,0.908288
1919,0.914432
1920,0.930816
1921,0.856064
1922,0.916480
1923,0.885760
1924,0.915456
1925,0.892928
1926,0.868352
1927,0.898048
1928,0.939008
1929,0.925696
1930,0.901120
1931,0.906240
1932,0.889856
1933,0.958464
1934,0.939008
1935,0.900096
1936,0.928768
1937,0.936960
1938,0.923648
1939,0.857088
1940,0.924672
1941,0.905216
1942,0.894976
1943,0.876544
1944,0.828416
1945,0.916480
1946,0.914432
1947,0.930816
1948,0.939008
1949,0.937984
1950,0.590848
1951,0.891904
1952,0.891904
1953,0.927744
1954,0.844800
1955,0.854016
1956,0.897024
1957,0.899072
1958,0.915456
1959,0.941056
1960,0.882688
1961,0.943104
1962,0.944128
1963,0.930816
1964,0.916480
1965,0.919552
1966,0.889856
1967,0.888832
1968,0.949248
1969,0.880640
1970,0.912384
1971,0.921600
1972,0.872448
1973,0.866304
1974,0.931840
1975,0.880640
1976,0.944128
1977,0.935936
1978,0.913408
1979,0.865280
1980,0.913408
1981,0.950272
1982,0.909312
1983,0.899072
1984,0.935936
1985,0.952320
1986,0.903168
1987,0.906240
1988,0.892928
1989,0.905216
1990,0.915456
1991,0.845824
1992,0.851968
1993,0.816128
1994,0.903168
1995,0.870400
1996,0.947200
1997,1.124352
1998,0.857088
1999,0.864256
2000,0.862208
2001,0.871424
2002,0.984064
2003,0.898048
2004,0.900096
2005,0.888832
2006,0.901120
2007,0.893952
2008,0.939008
2009,0.945152
2010,0.913408
2011,0.896000
2012,0.879616
2013,0.934912
2014,0.912384
2015,0.637952
2016,0.937984
2017,0.925696
2018,0.907264
2019,0.875520
2020,0.866304
2021,0.904192
2022,0.744448
2023,0.917504
2024,0.952320
2025,0.909312
2026,0.913408
2027,0.943104
2028,0.925696
2029,0.903168
2030,0.941056
2031,0.919552
2032,0.934912
2033,0.918528
2034,0.948224
2035,0.924672
2036,0.883712
2037,0.927744
2038,0.905216
2039,0.929792
2040,0.850944
2041,0.881664
2042,0.904192
2043,0.894976
2044,0.906240
2045,0.883712
2046,0.942080
2047,0.885760
2048,0.923648
2049,0.888832
2050,0.868352
2051,0.928768
2052,0.948224
2053,0.911360
2054,0.902144
2055,0.897024
2056,0.920576
2057,0.887808
2058,0.931840
2059,0.922624
2060,0.956416
2061,0.950272
2062,0.934912
2063,0.880640
2064,0.898048
2065,0.942080
2066,0.899072
2067,0.873472
2068,0.864256
2069,0.864256
2070,0.845824
2071,0.928768
2072,0.880640
2073,0.948224
2074,0.942080
2075,0.883712
2076,0.952320
2077,0.921600
2078,0.922624
2079,0.890880
2080,0.855040
2081,0.409600
2082,0.221184
2083,0.209920
2084,0.203776
2085,0.208896
2086,0.197632
2087,0.198656
2088,0.199680
2089,0.197632
2090,0.192512
2091,0.191488
2092,0.195584
2093,0.196608
2094,0.195584
2095,34.301952
2096,0.961536
2097,0.936960
2098,0.934912
2099,0.904192
2100,0.923648
2101,0.903168
2102,0.924672
2103,0.943104
2104,0.910336
2105,0.913408
2106,0.915456
2107,0.957440
2108,0.902144
2109,0.955392
2110,0.858112
2111,0.921600
2112,0.948224
2113,0.906240
2114,0.901120
2115,0.944128
2116,0.915456
2117,0.920576
2118,0.873472
2119,0.958464
2120,0.891904
2121,0.923648
2122,0.922624
2123,0.965632
2124,0.907264
2125,0.907264
2126,0.944128
2127,0.912384
2128,0.912384
2129,0.921600
2130,0.931840
2131,0.936960
2132,0.912384
2133,0.942080
2134,0.920576
2135,0.892928
2136,0.894976
2137,0.892928
2138,0.937984
2139,0.921600
2140,0.928768
2141,0.906240
2142,0.907264
2143,0.907264
2144,0.912384
2145,0.918528
2146,0.961536
2147,0.877568
2148,0.960512
2149,0.910336
2150,0.890880
2151,0.912384
2152,0.933888
2153,0.860160
2154,0.944128
2155,0.960512
2156,0.904192
2157,0.933888
2158,0.793600
2159,0.678912
2160,0.592896
2161,0.348160
2162,0.219136
2163,0.236544
2164,0.208896
2165,0.192512
2166,0.200704
2167,0.197632
2168,0.190464
2169,0.176128
2170,0.172032
2171,0.176128
2172,0.168960
2173,0.174080
2174,0.161792
2175,0.817152
2176,0.912384
2177,0.947200
2178,0.926720
2179,0.912384
2180,0.917504
2181,0.967680
2182,0.874496
2183,0.926720
2184,0.941056
2185,0.979968
2186,0.885760
2187,0.903168
2188,0.934912
2189,0.883712
2190,0.930816
2191,0.934912
2192,0.876544
2193,0.929792
2194,0.899072
2195,0.915456
2196,0.926720
2197,0.947200
2198,0.916480
2199,0.924672
2200,0.939008
2201,0.912384
2202,0.934912
2203,0.959488
2204,0.906240
2205,0.930816
2206,0.918528
2207,0.887808
2208,0.927744
2209,0.901120
2210,0.940032
2211,0.941056
2212,0.953344
2213,0.890880
2214,0.912384
2215,0.912384
2216,0.884736
2217,0.912384
2218,0.889856
2219,0.943104
2220,0.925696
2221,0.909312
2222,0.913408
2223,0.927744
2224,0.888832
2225,0.910336
2226,0.866304
2227,0.891904
2228,0.872448
2229,0.916480
2230,0.862208
2231,0.957440
2232,0.927744
2233,1.105920
2234,1.075200
2235,0.921600
2236,0.913408
2237,0.986112
2238,0.684032
2239,0.983040
2240,0.921600
2241,0.914432
2242,0.969728
2243,0.914432
2244,0.953344
2245,0.909312
2246,0.913408
2247,0.926720
2248,0.730112
2249,0.824320
2250,0.870400
2251,0.900096
2252,0.952320
2253,0.866304
2254,0.951296
2255,0.913408
2256,0.896000
2257,0.927744
2258,0.923648
2259,0.942080
2260,0.909312
2261,0.925696
2262,0.933888
2263,0.929792
2264,0.905216
2265,0.923648
2266,0.934912
2267,0.975872
2268,0.929792
2269,0.922624
2270,0.904192
2271,0.901120
2272,0.945152
2273,0.890880
2274,0.917504
2275,0.945152
2276,0.913408
2277,0.906240
2278,0.914432
2279,0.896000
2280,0.901120
2281,0.831488
2282,0.812032
2283,0.865280
2284,0.924672
2285,0.896000
2286,0.908288
2287,0.906240
2288,0.943104
2289,0.924672
2290,0.921600
2291,0.925696
2292,0.933888
2293,0.896000
2294,0.939008
2295,0.846848
2296,0.942080
2297,0.903168
2298,0.925696
2299,0.881664
2300,0.912384
2301,0.811008
2302,0.804864
2303,0.731136
2304,0.634880
2305,0.541696
2306,0.481280
2307,0.971776
2308,0.913408
2309,0.953344
2310,0.934912
2311,0.903168
2312,0.907264
2313,0.868352
2314,0.920576
2315,0.913408
2316,0.898048
2317,1.088512
2318,0.959488
2319,0.956416
2320,0.915456
2321,0.915456
2322,0.890880
2323,0.866304
2324,0.971776
2325,0.878592
2326,0.926720
2327,0.943104
2328,0.918528
2329,0.896000
2330,0.871424
2331,0.931840
2332,0.934912
2333,0.923648
2334,0.909312
2335,0.919552
2336,0.897024
2337,0.935936
2338,0.904192
2339,0.882688
2340,0.900096
2341,0.889856
2342,0.891904
2343,0.869376
2344,0.865280
2345,0.896000
2346,0.881664
2347,0.968704
2348,0.894976
2349,0.896000
2350,0.917504
2351,0.884736
2352,0.914432
2353,0.877568
2354,0.899072
2355,0.870400
2356,0.912384
2357,0.894976
2358,0.949248
2359,0.955392
2360,0.906240
2361,0.907264
2362,0.940032
2363,0.904192
2364,0.970752
2365,0.885760
2366,0.940032
2367,0.945152
2368,0.917504
2369,0.952320
2370,0.876544
2371,0.778240
2372,0.868352
2373,0.911360
2374,0.978944
2375,0.896000
2376,0.892928
2377,0.905216
2378,0.964608
2379,0.932864
2380,0.919552
2381,0.954368
2382,0.906240
2383,0.896000
2384,0.925696
2385,0.961536
2386,0.900096
2387,0.923648
2388,0.940032
2389,0.888832
2390,0.901120
2391,0.932864
2392,0.914432
2393,0.902144
2394,0.901120
2395,0.833536
2396,0.871424
2397,0.872448
2398,0.830464
2399,0.886784
2400,0.908288
2401,0.902144
2402,0.947200
2403,0.945152
2404,0.919552
2405,0.851968
2406,0.919552
2407,0.919552
2408,0.910336
2409,0.874496
2410,0.801792
2411,0.901120
2412,0.951296
2413,0.924672
2414,0.904192
2415,0.903168
2416,0.910336
2417,0.914432
2418,0.965632
2419,0.905216
2420,0.925696
2421,0.898048
2422,0.948224
2423,0.945152
2424,0.921600
2425,0.962560
2426,0.936960
2427,0.947200
2428,0.933888
2429,0.913408
2430,0.930816
2431,0.920576
2432,0.913408
2433,0.873472
2434,0.886784
2435,0.859136
2436,0.705536
2437,0.879616
2438,0.928768
2439,0.944128
2440,0.976896
2441,0.888832
2442,0.944128
2443,0.916480
2444,0.925696
2445,0.936960
2446,0.947200
2447,0.886784
2448,0.883712
2449,0.933888
2450,0.883712
2451,0.878592
2452,0.916480
2453,0.899072
2454,0.866304
2455,0.921600
2456,0.897024
2457,0.838656
2458,0.864256
2459,0.846848
2460,0.901120
2461,0.867328
2462,0.838656
2463,0.877568
2464,0.901120
2465,0.909312
2466,0.855040
2467,0.919552
2468,0.861184
2469,0.852992
2470,0.860160
2471,0.886784
2472,0.911360
2473,0.885760
2474,0.871424
2475,0.675840
2476,0.877568
2477,0.859136
2478,0.834560
2479,0.899072
2480,0.935936
2481,0.932864
2482,0.901120
2483,0.896000
2484,0.905216
2485,0.891904
2486,0.898048
2487,0.898048
2488,0.839680
2489,0.924672
2490,0.908288
2491,0.988160
2492,0.920576
2493,0.924672
2494,0.906240
2495,0.977920
2496,0.899072
2497,0.888832
2498,0.931840
2499,0.921600
2500,0.822272
2501,0.688128
2502,0.923648
2503,0.929792
2504,0.932864
2505,0.926720
2506,0.871424
2507,0.832512
2508,0.909312
2509,0.912384
2510,0.910336
2511,0.873472
2512,0.947200
2513,0.879616
2514,0.881664
2515,0.904192
2516,0.939008
2517,0.867328
2518,0.892928
2519,0.894976
2520,0.843776
2521,0.893952
2522,0.864256
2523,0.918528
2524,0.894976
2525,0.910336
2526,0.851968
2527,0.916480
2528,0.931840
2529,0.926720
2530,0.907264
2531,0.916480
2532,0.910336
2533,0.851968
2534,0.877568
2535,0.934912
2536,0.868352
2537,0.888832
2538,0.900096
2539,0.883712
2540,0.865280
2541,0.917504
2542,0.893952
2543,0.933888
2544,0.881664
2545,0.909312
2546,0.913408
2547,0.955392
2548,0.885760
2549,0.915456
2550,0.927744
2551,0.854016
2552,0.970752
2553,0.884736
2554,0.901120
2555,0.944128
2556,0.926720
2557,0.948224
2558,0.948224
2559,0.904192
2560,0.942080
2561,0.936960
2562,0.856064
2563,0.876544
2564,0.941056
2565,0.832512
2566,0.990208
2567,0.874496
2568,0.962560
2569,0.913408
2570,0.924672
2571,0.925696
2572,0.924672
2573,0.931840
2574,0.921600
2575,0.941056
2576,0.961536
2577,0.913408
2578,0.889856
2579,0.914432
2580,0.898048
2581,0.897024
2582,0.914432
2583,0.970752
2584,0.909312
2585,0.925696
2586,0.966656
2587,0.851968
2588,0.917504
2589,0.944128
2590,0.896000
2591,0.934912
2592,0.966656
2593,0.913408
2594,0.883712
2595,0.897024
2596,0.865280
2597,0.897024
2598,0.913408
2599,0.912384
2600,0.941056
2601,0.887808
2602,0.909312
2603,0.930816
2604,0.964608
2605,0.916480
2606,0.913408
2607,0.921600
2608,0.918528
2609,0.843776
2610,0.888832
2611,0.875520
2612,0.907264
2613,0.902144
2614,0.898048
2615,0.994304
2616,0.876544
2617,0.891904
2618,0.948224
2619,0.898048
2620,0.911360
2621,0.951296
2622,0.947200
2623,0.893952
2624,0.914432
2625,0.946176
2626,0.926720
2627,0.934912
2628,0.747520
2629,0.575488
2630,0.543744
2631,0.840704
2632,0.921600
2633,0.952320
2634,0.947200
2635,0.974848
2636,0.912384
2637,0.925696
2638,0.927744
2639,0.947200
2640,0.878592
2641,0.924672
2642,0.899072
2643,0.939008
2644,0.959488
2645,0.879616
2646,0.923648
2647,0.934912
2648,0.923648
2649,0.874496
2650,0.954368
2651,0.898048
2652,0.916480
2653,0.929792
2654,0.933888
2655,0.905216
2656,0.861184
2657,0.890880
2658,0.876544
2659,0.927744
2660,0.933888
2661,0.933888
2662,0.903168
2663,0.933888
2664,0.925696
2665,0.918528
2666,0.924672
2667,0.952320
2668,0.896000
2669,0.921600
2670,0.913408
2671,0.917504
2672,0.886784
2673,0.965632
2674,0.907264
2675,0.931840
2676,0.956416
2677,0.945152
2678,0.915456
2679,0.932864
2680,0.903168
2681,0.887808
2682,0.882688
2683,0.846848
2684,0.891904
2685,0.818176
2686,0.870400
2687,0.936960
2688,0.911360
2689,0.918528
2690,0.899072
2691,0.912384
2692,0.958464
2693,0.979968
2694,0.947200
2695,0.891904
2696,0.688128
2697,0.923648
2698,0.913408
2699,0.909312
2700,0.941056
2701,0.918528
2702,0.900096
2703,0.888832
2704,0.875520
2705,0.828416
2706,0.834560
2707,0.860160
2708,0.893952
2709,0.919552
2710,0.887808
2711,0.904192
2712,0.897024
2713,0.917504
2714,0.886784
2715,0.893952
2716,0.840704
2717,0.875520
2718,0.913408
2719,0.919552
2720,0.919552
2721,0.917504
2722,0.876544
2723,0.933888
2724,0.869376
2725,0.892928
2726,0.948224
2727,0.882688
2728,0.912384
2729,0.930816
2730,0.891904
2731,0.924672
2732,0.988160
2733,0.914432
2734,0.911360
2735,0.945152
2736,0.893952
2737,0.941056
2738,0.894976
2739,0.977920
2740,0.933888
2741,0.910336
2742,0.929792
2743,0.916480
2744,0.958464
2745,0.930816
2746,0.909312
2747,0.931840
2748,0.663552
2749,0.867328
2750,0.926720
2751,0.939008
2752,0.945152
2753,0.916480
2754,0.923648
2755,0.987136
2756,0.923648
2757,0.911360
2758,0.930816
2759,0.943104
2760,0.858112
2761,0.708608
2762,0.687104
2763,0.926720
2764,0.964608
2765,0.922624
2766,0.910336
2767,0.941056
2768,0.908288
2769,0.922624
2770,0.926720
2771,0.899072
2772,0.876544
2773,0.898048
2774,0.959488
2775,0.925696
2776,0.894976
2777,0.917504
2778,0.910336
2779,0.959488
2780,0.892928
2781,0.865280
2782,0.847872
2783,0.906240
2784,0.847872
2785,0.857088
2786,0.902144
2787,0.879616
2788,0.918528
2789,0.871424
2790,0.851968
2791,0.882688
2792,0.918528
2793,0.923648
2794,0.894976
2795,0.889856
2796,0.911360
2797,0.891904
2798,0.955392
2799,0.919552
2800,0.946176
2801,0.896000
2802,0.928768
2803,0.946176
2804,0.945152
2805,0.941056
2806,0.952320
2807,0.931840
2808,0.965632
2809,0.898048
2810,0.936960
2811,0.942080
2812,0.885760
2813,1.120256
2814,0.640000
2815,0.868352
2816,0.898048
2817,0.936960
2818,0.913408
2819,0.908288
2820,0.902144
2821,0.865280
2822,0.909312
2823,0.862208
2824,0.939008
2825,0.908288
2826,0.902144
2827,0.832512
2828,0.758784
2829,0.882688
2830,0.920576
2831,0.919552
2832,0.926720
2833,0.945152
2834,0.864256
2835,0.929792
2836,0.924672
2837,0.864256
2838,0.897024
2839,0.890880
2840,0.879616
2841,0.941056
2842,0.881664
2843,0.864256
2844,0.851968
2845,0.859136
2846,0.850944
2847,0.860160
2848,0.921600
2849,0.919552
2850,0.932864
2851,0.874496
2852,0.927744
2853,0.900096
2854,0.908288
2855,0.859136
2856,0.894976
2857,0.897024
2858,0.923648
2859,0.877568
2860,0.911360
2861,0.900096
2862,0.923648
2863,0.868352
2864,0.902144
2865,0.919552
2866,0.904192
2867,0.866304
2868,0.920576
2869,0.889856
2870,0.879616
2871,0.918528
2872,0.929792
2873,0.962560
2874,0.915456
2875,0.984064
2876,0.915456
2877,0.960512
2878,0.948224
2879,0.917504
2880,0.951296
2881,0.931840
2882,0.874496
2883,0.907264
2884,0.917504
2885,0.906240
2886,0.898048
2887,0.946176
2888,0.943104
2889,0.901120
2890,0.892928
2891,0.866304
2892,0.788480
2893,0.699392
2894,0.901120
2895,0.968704
2896,0.899072
2897,0.907264
2898,0.941056
2899,0.916480
2900,0.922624
2901,0.943104
2902,0.916480
2903,0.918528
2904,0.919552
2905,0.934912
2906,0.891904
2907,0.890880
2908,0.885760
2909,0.879616
2910,0.841728
2911,0.894976
2912,0.901120
2913,0.877568
2914,0.887808
2915,0.939008
2916,0.935936
2917,0.946176
2918,0.861184
2919,0.929792
2920,0.910336
2921,0.923648
2922,0.940032
2923,0.955392
2924,0.949248
2925,0.941056
2926,0.894976
2927,0.887808
2928,0.913408
2929,0.885760
2930,0.930816
2931,0.922624
2932,0.932864
2933,0.898048
2934,0.934912
2935,0.914432
2936,0.929792
2937,0.956416
2938,0.882688
2939,0.900096
2940,0.907264
2941,0.898048
2942,0.884736
2943,0.961536
2944,0.943104
2945,0.859136
2946,0.944128
2947,0.917504
2948,0.957440
2949,0.918528
2950,0.908288
2951,0.932864
2952,0.917504
2953,0.978944
2954,0.961536
2955,0.931840
2956,0.900096
2957,0.818176
2958,0.760832
2959,0.527360
2960,0.891904
2961,0.861184
2962,0.957440
2963,0.944128
2964,0.933888
2965,0.928768
2966,0.903168
2967,0.923648
2968,0.959488
2969,0.908288
2970,0.913408
2971,0.901120
2972,0.930816
2973,0.909312
2974,0.937984
2975,0.869376
2976,0.883712
2977,0.882688
2978,0.896000
2979,0.848896
2980,0.900096
2981,0.842752
2982,0.950272
2983,0.964608
2984,0.858112
2985,0.932864
2986,0.908288
2987,0.901120
2988,0.912384
2989,0.880640
2990,0.934912
2991,0.905216
2992,0.884736
2993,0.919552
2994,0.891904
2995,0.926720
2996,0.890880
2997,0.894976
2998,0.902144
2999,0.910336
3000,0.952320
3001,0.921600
3002,0.916480
3003,0.943104
3004,0.954368
3005,0.904192
3006,0.934912
3007,0.862208
3008,0.892928
3009,0.908288
3010,0.908288
3011,0.905216
3012,0.899072
3013,0.854016
3014,0.891904
3015,0.868352
3016,0.848896
3017,0.960512
3018,0.880640
3019,0.942080
3020,0.923648
3021,0.898048
3022,0.917504
3023,0.866304
3024,0.534528
3025,0.778240
3026,0.806912
3027,0.890880
3028,0.920576
3029,0.904192
3030,0.881664
3031,0.921600
3032,0.858112
3033,0.933888
3034,0.854016
3035,0.918528
3036,0.909312
3037,0.902144
3038,0.890880
3039,0.937984
3040,0.926720
3041,0.868352
3042,0.923648
3043,0.871424
3044,0.910336
3045,0.890880
3046,0.683008
3047,0.842752
3048,0.809984
3049,0.900096
3050,0.918528
3051,0.966656
3052,0.908288
3053,0.886784
3054,0.928768
3055,0.918528
3056,0.871424
3057,0.900096
3058,0.881664
3059,0.884736
3060,0.928768
3061,0.914432
3062,0.926720
3063,0.940032
3064,0.918528
3065,0.902144
3066,0.936960
3067,0.920576
3068,0.880640
3069,0.957440
3070,0.877568
3071,0.869376
3072,0.905216
3073,0.899072
3074,0.859136
3075,0.854016
3076,0.932864
3077,0.930816
3078,0.925696
3079,0.915456
3080,0.967680
3081,0.894976
3082,0.943104
3083,0.961536
3084,0.931840
3085,0.911360
3086,0.949248
3087,0.919552
3088,0.896000
3089,0.553984
3090,0.865280
3091,0.866304
3092,0.841728
3093,0.840704
3094,0.906240
3095,0.900096
3096,0.902144
3097,0.911360
3098,0.863232
3099,0.841728
3100,0.842752
3101,0.900096
3102,0.941056
3103,0.896000
3104,0.896000
3105,0.860160
3106,0.914432
3107,0.911360
3108,0.911360
3109,0.940032
3110,0.928768
3111,0.925696
3112,0.904192
3113,0.950272
3114,0.898048
3115,0.894976
3116,0.917504
3117,0.927744
3118,0.915456
3119,0.900096
3120,0.891904
3121,0.943104
3122,0.955392
3123,0.864256
3124,0.905216
3125,0.929792
3126,0.927744
3127,0.887808
3128,0.900096
3129,0.897024
3130,0.945152
3131,0.909312
3132,0.881664
3133,0.873472
3134,0.832512
3135,0.861184
3136,0.902144
3137,0.869376
3138,0.926720
3139,0.911360
3140,0.921600
3141,0.922624
3142,0.886784
3143,0.917504
3144,0.918528
3145,0.932864
3146,0.944128
3147,0.932864
3148,1.124352
3149,0.896000
3150,0.898048
3151,0.926720
3152,0.927744
3153,0.928768
3154,0.709632
3155,0.936960
3156,0.945152
3157,0.937984
3158,0.930816
3159,0.920576
3160,0.933888
3161,0.896000
3162,0.900096
3163,0.928768
3164,0.906240
3165,0.940032
3166,0.897024
3167,0.915456
3168,0.906240
3169,0.929792
3170,0.928768
3171,0.874496
3172,0.845824
3173,0.902144
3174,0.851968
3175,0.887808
3176,0.887808
3177,0.936960
3178,0.894976
3179,0.902144
3180,0.919552
3181,0.906240
3182,0.921600
3183,0.922624
3184,0.914432
3185,0.852992
3186,0.886784
3187,0.906240
3188,0.864256
3189,0.921600
3190,0.871424
3191,0.887808
3192,0.878592
3193,0.902144
3194,0.909312
3195,0.911360
3196,0.931840
3197,0.948224
3198,0.917504
3199,0.929792
3200,0.925696
3201,0.935936
3202,0.883712
3203,0.914432
3204,0.909312
3205,0.887808
3206,0.898048
3207,0.882688
3208,0.944128
3209,0.926720
3210,0.917504
3211,0.934912
3212,0.904192
3213,0.907264
3214,0.956416
3215,0.887808
3216,0.881664
3217,0.833536
3218,0.794624
3219,0.730112
3220,0.733184
3221,0.947200
3222,0.860160
3223,0.316416
3224,0.902144
3225,0.874496
3226,0.873472
3227,0.914432
3228,0.902144
3229,0.912384
3230,0.931840
3231,0.890880
3232,0.927744
3233,0.918528
3234,0.925696
3235,0.893952
3236,0.912384
3237,0.880640
3238,0.912384
3239,0.905216
3240,0.893952
3241,0.952320
3242,0.921600
3243,0.910336
3244,0.903168
3245,0.912384
3246,0.879616
3247,0.941056
3248,0.900096
3249,0.942080
3250,0.907264
3251,0.910336
3252,0.945152
3253,0.874496
3254,0.889856
3255,0.919552
3256,0.889856
3257,0.857088
3258,0.879616
3259,0.872448
3260,0.880640
3261,0.837632
3262,0.891904
3263,0.922624
3264,0.903168
3265,0.916480
3266,0.920576
3267,0.900096
3268,0.898048
3269,0.951296
3270,0.904192
3271,0.907264
3272,0.944128
3273,0.950272
3274,0.917504
3275,0.953344
3276,0.935936
3277,0.929792
3278,0.902144
3279,0.913408
3280,0.913408
3281,0.910336
3282,0.944128
3283,0.963584
3284,0.849920
3285,0.815104
3286,0.523264
3287,0.336896
3288,0.268288
3289,0.267264
3290,0.265216
3291,0.274432
3292,0.273408
3293,0.261120
3294,0.828416
3295,0.900096
3296,0.917504
3297,0.553984
3298,0.876544
3299,0.840704
3300,0.924672
3301,0.850944
3302,0.922624
3303,0.888832
3304,0.935936
3305,0.889856
3306,0.914432
3307,0.923648
3308,0.929792
3309,0.921600
3310,0.904192
3311,0.875520
3312,0.954368
3313,0.869376
3314,0.915456
3315,0.934912
3316,0.942080
3317,0.900096
3318,0.867328
3319,0.937984
3320,0.860160
3321,0.910336
3322,0.937984
3323,0.992256
3324,0.936960
3325,0.757760
3326,0.901120
3327,0.914432
3328,0.904192
3329,0.919552
3330,0.896000
3331,0.876544
3332,0.886784
3333,0.907264
3334,0.848896
3335,0.906240
3336,0.871424
3337,0.922624
3338,0.882688
3339,0.880640
3340,0.921600
3341,0.922624
3342,0.902144
3343,0.916480
3344,0.970752
3345,0.912384
3346,0.906240
3347,0.934912
3348,0.923648
3349,0.904192
3350,0.942080
3351,0.946176
3352,0.838656
3353,0.928768
3354,0.935936
3355,0.934912
3356,0.939008
3357,0.891904
3358,0.654336
3359,0.923648
3360,0.893952
3361,0.867328
3362,0.915456
3363,0.884736
3364,0.827392
3365,0.897024
3366,0.894976
3367,0.905216
3368,0.877568
3369,0.929792
3370,0.881664
3371,0.898048
3372,0.841728
3373,0.878592
3374,0.935936
3375,0.878592
3376,0.859136
3377,0.920576
3378,0.940032
3379,0.913408
3380,0.922624
3381,0.909312
3382,0.870400
3383,0.861184
3384,0.936960
3385,0.955392
3386,0.872448
3387,0.916480
3388,0.913408
3389,0.862208
3390,0.927744
3391,0.885760
3392,0.864256
3393,0.896000
3394,0.899072
3395,0.910336
3396,0.923648
3397,0.940032
3398,0.920576
3399,0.958464
3400,0.890880
3401,0.964608
3402,0.925696
3403,0.888832
3404,0.955392
3405,0.890880
3406,0.917504
3407,0.912384
3408,0.902144
3409,0.940032
3410,0.898048
3411,0.971776
3412,0.929792
3413,0.917504
3414,0.944128
3415,0.433152
3416,0.839680
3417,0.873472
3418,0.883712
3419,0.934912
3420,0.926720
3421,0.954368
3422,0.877568
3423,0.828416
3424,0.644096
3425,0.544768
3426,0.510976
3427,0.780288
3428,0.912384
3429,0.917504
3430,0.891904
3431,0.932864
3432,0.919552
3433,0.916480
3434,0.915456
3435,0.902144
3436,0.934912
3437,0.899072
3438,0.855040
3439,0.886784
3440,0.926720
3441,0.914432
3442,0.924672
3443,0.924672
3444,0.900096
3445,0.925696
3446,0.916480
3447,0.886784
3448,0.907264
3449,0.928768
3450,0.923648
3451,0.866304
3452,0.878592
3453,0.883712
3454,0.914432
3455,0.837632
3456,0.900096
3457,0.859136
3458,0.940032
3459,0.887808
3460,0.899072
3461,0.884736
3462,0.935936
3463,0.955392
3464,0.852992
3465,0.914432
3466,0.866304
3467,0.879616
3468,0.982016
3469,0.880640
3470,0.964608
3471,0.861184
3472,0.932864
3473,0.952320
3474,0.896000
3475,0.886784
3476,0.887808
3477,0.942080
3478,0.934912
3479,0.889856
3480,0.939008
3481,0.921600
3482,0.903168
3483,0.942080
3484,0.934912
3485,0.540672
3486,0.793600
3487,0.933888
3488,0.950272
3489,0.951296
3490,0.911360
3491,0.929792
3492,0.836608
3493,0.533504
3494,0.727040
3495,0.881664
3496,0.892928
3497,0.920576
3498,0.911360
3499,0.906240
3500,0.897024
3501,0.928768
3502,0.876544
3503,0.926720
3504,0.885760
3505,0.819200
3506,0.871424
3507,0.924672
3508,0.900096
3509,0.879616
3510,0.881664
3511,0.892928
3512,0.905216
3513,0.871424
3514,0.916480
3515,0.881664
3516,0.867328
3517,0.885760
3518,0.854016
3519,0.883712
3520,0.952320
3521,0.885760
3522,0.891904
3523,0.909312
3524,0.884736
3525,0.884736
3526,0.899072
3527,0.910336
3528,0.883712
3529,0.893952
3530,0.858112
3531,0.874496
3532,0.901120
3533,0.858112
3534,0.881664
3535,0.911360
3536,0.901120
3537,0.894976
3538,0.914432
3539,0.869376
3540,0.915456
3541,0.912384
3542,0.898048
3543,0.870400
3544,0.945152
3545,0.847872
3546,0.890880
3547,0.932864
3548,0.915456
3549,0.886784
3550,0.920576
3551,0.930816
3552,0.879616
3553,0.942080
3554,0.877568
3555,0.962560
3556,0.921600
3557,0.939008
3558,0.859136
3559,0.717824
3560,0.463872
3561,0.396288
3562,0.879616
3563,0.928768
3564,0.893952
3565,0.949248
3566,0.917504
3567,0.937984
3568,0.907264
3569,0.911360
3570,0.933888
3571,0.851968
3572,0.902144
3573,0.954368
3574,0.919552
3575,0.905216
3576,0.917504
3577,0.921600
3578,0.876544
3579,0.912384
3580,0.879616
3581,0.940032
3582,0.869376
3583,0.855040
3584,0.882688
3585,0.913408
3586,0.908288
3587,0.939008
3588,0.912384
3589,0.907264
3590,0.891904
3591,0.922624
3592,0.948224
3593,0.946176
3594,0.911360
3595,0.923648
3596,0.872448
3597,0.951296
3598,0.912384
3599,0.888832
3600,0.941056
3601,0.907264
3602,0.889856
3603,0.925696
3604,0.947200
3605,0.922624
3606,0.951296
3607,0.897024
3608,0.956416
3609,0.910336
3610,0.894976
3611,0.939008
3612,0.896000
3613,0.904192
3614,0.873472
3615,0.916480
3616,0.932864
3617,0.879616
3618,0.861184
3619,0.829440
3620,0.918528
3621,0.919552
3622,0.905216
3623,0.899072
3624,0.927744
3625,0.923648
3626,0.799744
3627,0.596992
3628,0.506880
3629,0.453632
3630,0.422912
3631,0.204800
3632,0.185344
3633,0.191488
3634,0.195584
3635,0.179200
3636,0.180224
3637,0.182272
3638,0.185344
3639,0.185344
3640,0.185344
3641,0.177152
3642,0.177152
3643,0.175104
3644,0.176128
3645,0.906240
3646,1.007616
3647,0.945152
3648,0.942080
3649,0.872448
3650,0.951296
3651,0.834560
3652,0.931840
3653,0.886784
3654,0.882688
3655,0.926720
3656,0.914432
3657,0.916480
3658,0.863232
3659,0.914432
3660,0.879616
3661,0.897024
3662,0.890880
3663,0.947200
3664,0.919552
3665,0.922624
3666,0.867328
3667,0.891904
3668,0.924672
3669,0.909312
3670,0.883712
3671,0.904192
3672,0.883712
3673,0.878592
3674,0.881664
3675,0.841728
3676,0.888832
3677,0.905216
3678,0.880640
3679,0.910336
3680,0.883712
3681,0.931840
3682,0.912384
3683,0.913408
3684,0.887808
3685,0.914432
3686,0.905216
3687,0.946176
3688,0.850944
3689,0.935936
3690,0.885760
3691,0.925696
3692,0.892928
3693,0.901120
3694,0.933888
3695,0.954368
3696,0.854016
3697,0.871424
3698,0.889856
3699,0.915456
3700,0.956416
3701,0.946176
3702,0.904192
3703,0.903168
3704,0.974848
3705,0.958464
3706,0.908288
3707,0.854016
3708,0.847872
3709,0.744448
3710,0.685056
3711,0.478208
3712,0.355328
3713,0.270336
3714,0.274432
3715,0.250880
3716,0.238592
3717,0.269312
3718,0.257024
3719,0.234496
3720,0.924672
3721,0.932864
3722,0.897024
3723,0.870400
3724,0.902144
3725,0.914432
3726,0.890880
3727,0.852992
3728,0.954368
3729,0.926720
3730,0.957440
3731,0.891904
3732,0.937984
3733,0.898048
3734,0.914432
3735,0.926720
3736,0.902144
3737,0.950272
3738,0.957440
3739,0.900096
3740,0.885760
3741,0.913408
3742,0.952320
3743,0.879616
3744,0.931840
3745,0.873472
3746,0.919552
3747,0.914432
3748,0.934912
3749,0.954368
3750,0.932864
3751,0.890880
3752,0.901120
3753,0.923648
3754,0.936960
3755,0.901120
3756,0.941056
3757,0.876544
3758,0.910336
3759,0.889856
3760,0.872448
3761,0.935936
3762,0.873472
3763,0.875520
3764,0.885760
3765,0.898048
3766,0.921600
3767,0.903168
3768,0.910336
3769,0.923648
3770,0.909312
3771,0.922624
3772,0.897024
3773,0.910336
3774,0.873472
3775,0.966656
3776,0.878592
3777,0.935936
3778,0.902144
3779,0.875520
3780,0.969728
3781,0.914432
3782,0.963584
3783,0.837632
3784,0.622592
3785,0.876544
3786,0.904192
3787,0.913408
3788,0.891904
3789,0.921600
3790,0.879616
3791,0.905216
3792,0.882688
3793,0.807936
3794,0.814080
3795,0.918528
3796,0.866304
3797,0.838656
3798,0.850944
3799,0.931840
3800,0.936960
3801,0.885760
3802,0.844800
3803,0.870400
3804,0.904192
3805,0.847872
3806,0.860160
3807,0.924672
3808,0.870400
3809,0.891904
3810,0.913408
3811,0.910336
3812,0.883712
3813,0.915456
3814,0.922624
3815,0.871424
3816,0.918528
3817,0.854016
3818,0.911360
3819,0.884736
3820,0.939008
3821,0.892928
3822,0.925696
3823,0.919552
3824,0.971776
3825,0.886784
3826,0.892928
3827,0.920576
3828,0.864256
3829,0.877568
3830,0.866304
3831,0.867328
3832,0.886784
3833,0.911360
3834,0.913408
3835,0.927744
3836,0.912384
3837,0.908288
3838,0.913408
3839,0.888832
3840,0.907264
3841,0.965632
3842,0.945152
3843,0.901120
3844,0.924672
3845,0.948224
3846,0.945152
3847,0.929792
3848,0.898048
3849,0.774144
3850,0.875520
3851,0.965632
3852,0.897024
3853,0.918528
3854,0.942080
3855,0.894976
3856,0.944128
3857,0.901120
3858,0.921600
3859,0.886784
3860,0.917504
3861,0.900096
3862,0.842752
3863,0.974848
3864,0.933888
3865,0.908288
3866,0.893952
3867,0.879616
3868,0.933888
3869,0.907264
3870,0.892928
3871,0.920576
3872,0.890880
3873,0.903168
3874,0.985088
3875,0.902144
3876,0.892928
3877,0.913408
3878,0.899072
3879,0.918528
3880,0.904192
3881,0.904192
3882,0.891904
3883,0.905216
3884,0.901120
3885,0.922624
3886,0.929792
3887,0.920576
3888,0.953344
3889,0.900096
3890,0.909312
3891,0.892928
3892,0.899072
3893,0.897024
3894,0.930816
3895,0.905216
3896,0.908288
3897,0.880640
3898,0.877568
3899,0.851968
3900,0.878592
3901,0.931840
3902,0.877568
3903,0.884736
3904,0.917504
3905,0.892928
3906,0.942080
3907,0.875520
3908,0.964608
3909,0.922624
3910,0.936960
3911,0.868352
3912,0.944128
3913,0.949248
3914,0.726016
3915,0.786432
3916,0.890880
3917,0.923648
3918,0.928768
3919,0.900096
3920,0.912384
3921,0.932864
3922,0.872448
3923,0.924672
3924,0.940032
3925,0.925696
3926,0.945152
3927,0.897024
3928,0.958464
3929,0.899072
3930,0.897024
3931,0.968704
3932,0.904192
3933,0.922624
3934,0.898048
3935,0.939008
3936,0.883712
3937,0.881664
3938,0.904192
3939,0.904192
3940,0.906240
3941,0.909312
3942,0.881664
3943,0.861184
3944,0.898048
3945,0.871424
3946,0.868352
3947,0.889856
3948,0.955392
3949,0.906240
3950,0.884736
3951,0.929792
3952,0.920576
3953,0.957440
3954,0.908288
3955,0.925696
3956,0.948224
3957,0.939008
3958,0.924672
3959,0.944128
3960,0.929792
3961,0.923648
3962,0.918528
3963,0.914432
3964,0.935936
3965,0.919552
3966,0.926720
3967,0.914432
3968,0.925696
3969,0.916480
3970,0.939008
3971,0.898048
3972,0.871424
3973,0.927744
3974,0.906240
3975,0.898048
3976,0.942080
3977,0.939008
3978,0.908288
3979,0.861184
3980,0.650240
3981,0.929792
3982,0.921600
3983,0.919552
3984,0.906240
3985,0.887808
3986,0.892928
3987,0.927744
3988,0.910336
3989,0.916480
3990,0.875520
3991,0.866304
3992,0.865280
3993,0.800768
3994,0.878592
3995,0.921600
3996,0.931840
3997,0.932864
3998,0.913408
3999,0.912384
4000,0.960512
4001,0.907264
4002,0.878592
4003,0.894976
4004,0.922624
4005,0.900096
4006,0.947200
4007,0.950272
4008,0.903168
4009,0.901120
4010,0.964608
4011,0.901120
4012,0.917504
4013,0.880640
4014,0.933888
4015,0.928768
4016,0.932864
4017,0.913408
4018,0.912384
4019,0.935936
4020,0.892928
4021,0.905216
4022,0.882688
4023,0.905216
4024,0.907264
4025,0.872448
4026,0.920576
4027,0.915456
4028,0.852992
4029,0.908288
4030,0.928768
4031,0.918528
4032,0.899072
4033,0.896000
4034,0.891904
4035,0.877568
4036,0.931840
4037,0.930816
4038,0.957440
4039,0.885760
4040,0.890880
4041,0.946176
4042,0.902144
4043,0.904192
4044,0.780288
4045,0.757760
4046,0.914432
4047,0.929792
4048,0.907264
4049,0.883712
4050,0.919552
4051,0.924672
4052,0.885760
4053,0.935936
4054,0.913408
4055,0.867328
4056,0.905216
4057,0.915456
4058,0.908288
4059,0.889856
4060,0.911360
4061,0.914432
4062,0.894976
4063,0.848896
4064,0.865280
4065,0.909312
4066,0.840704
4067,0.903168
4068,0.921600
4069,0.920576
4070,0.890880
4071,0.944128
4072,0.913408
4073,0.972800
4074,0.881664
4075,0.922624
4076,0.925696
4077,0.919552
4078,0.906240
4079,0.933888
4080,0.930816
4081,0.922624
4082,0.878592
4083,0.947200
4084,0.933888
4085,0.897024
4086,0.936960
4087,0.941056
4088,0.943104
4089,0.917504
4090,0.887808
4091,0.874496
4092,0.940032
4093,0.894976
4094,0.961536
4095,0.896000
4096,0.941056
4097,0.919552
4098,0.918528
4099,0.922624
4100,0.946176
4101,0.885760
4102,0.972800
4103,0.869376
4104,0.961536
4105,0.894976
4106,0.911360
4107,0.927744
4108,0.907264
4109,0.956416
4110,0.913408
4111,0.944128
4112,0.805888
4113,0.566272
4114,0.859136
4115,0.866304
4116,0.934912
4117,0.865280
4118,0.887808
4119,0.874496
4120,0.908288
4121,0.836608
4122,0.893952
4123,0.880640
4124,0.902144
4125,0.920576
4126,0.912384
4127,0.909312
4128,0.912384
4129,0.925696
4130,0.890880
4131,0.896000
4132,0.929792
4133,0.899072
4134,0.889856
4135,0.939008
4136,0.916480
4137,0.916480
4138,0.871424
4139,0.900096
4140,0.872448
4141,0.905216
4142,0.911360
4143,0.967680
4144,0.933888
4145,0.939008
4146,0.913408
4147,0.945152
4148,0.893952
4149,0.873472
4150,0.901120
4151,0.918528
4152,0.948224
4153,0.943104
4154,0.905216
4155,0.955392
4156,0.923648
4157,0.937984
4158,0.872448
4159,0.957440
4160,0.926720
4161,0.906240
4162,0.924672
4163,0.914432
4164,0.885760
4165,0.873472
4166,0.849920
4167,0.838656
4168,0.848896
4169,0.882688
4170,0.900096
4171,0.900096
4172,0.899072
4173,0.826368
4174,0.751616
4175,0.623616
4176,0.501760
4177,0.804864
4178,0.907264
4179,0.974848
4180,0.916480
4181,0.901120
4182,0.920576
4183,0.874496
4184,0.898048
4185,0.919552
4186,0.963584
4187,0.908288
4188,0.899072
4189,0.967680
4190,0.880640
4191,0.925696
4192,0.902144
4193,0.911360
4194,0.927744
4195,0.897024
4196,0.944128
4197,0.901120
4198,0.933888
4199,0.927744
4200,0.893952
4201,0.926720
4202,0.871424
4203,0.882688
4204,0.855040
4205,0.950272
4206,0.836608
4207,0.912384
4208,0.830464
4209,0.909312
4210,0.902144
4211,0.892928
4212,0.881664
4213,0.902144
4214,0.936960
4215,0.926720
4216,0.883712
4217,0.896000
4218,0.931840
4219,0.901120
4220,0.936960
4221,0.948224
4222,0.934912
4223,0.953344
4224,0.910336
4225,0.908288
4226,0.905216
4227,0.942080
4228,0.918528
4229,0.902144
4230,0.912384
4231,0.877568
4232,0.979968
4233,0.851968
4234,0.909312
4235,0.842752
4236,0.921600
4237,0.916480
4238,0.894976
4239,0.936960
4240,0.868352
4241,0.821248
4242,0.630784
4243,0.471040
4244,0.465920
4245,0.425984
4246,0.878592
4247,0.880640
4248,0.928768
4249,0.925696
4250,0.911360
4251,0.920576
4252,0.881664
4253,0.933888
4254,0.880640
4255,0.959488
4256,0.937984
4257,0.876544
4258,0.880640
4259,0.958464
4260,0.919552
4261,0.905216
4262,0.868352
4263,0.871424
4264,0.882688
4265,0.907264
4266,0.931840
4267,0.927744
4268,0.918528
4269,0.899072
4270,0.902144
4271,0.890880
4272,0.894976
4273,0.877568
4274,0.933888
4275,0.863232
4276,0.918528
4277,0.846848
4278,0.890880
4279,0.929792
4280,0.919552
4281,0.899072
4282,0.885760
4283,0.902144
4284,0.873472
4285,0.935936
4286,0.919552
4287,0.954368
4288,0.926720
4289,0.880640
4290,0.972800
4291,0.892928
4292,0.957440
4293,0.812032
4294,0.877568
4295,0.942080
4296,0.957440
4297,0.927744
4298,0.936960
4299,0.894976
4300,0.910336
4301,0.923648
4302,0.908288
4303,0.953344
4304,0.913408
4305,0.893952
4306,0.979968
4307,0.936960
4308,0.956416
4309,0.863232
4310,0.899072
4311,0.880640
4312,0.903168
4313,0.939008
4314,0.891904
4315,0.932864
4316,0.925696
4317,0.892928
4318,0.943104
4319,0.955392
4320,0.899072
4321,0.910336
4322,0.908288
4323,0.978944
4324,0.889856
4325,0.902144
4326,0.918528
4327,0.945152
4328,0.865280
4329,0.874496
4330,0.901120
4331,0.941056
4332,0.927744
4333,0.939008
4334,0.903168
4335,0.892928
4336,0.902144
4337,0.917504
4338,0.929792
4339,0.898048
4340,0.928768
4341,0.916480
4342,0.919552
4343,0.947200
4344,0.880640
4345,0.925696
4346,0.877568
4347,0.930816
4348,0.919552
4349,0.882688
4350,0.905216
4351,0.953344
4352,0.900096
4353,0.920576
4354,0.902144
4355,0.934912
4356,0.949248
4357,0.841728
4358,0.888832
4359,0.946176
4360,0.903168
4361,0.942080
4362,0.914432
4363,0.947200
4364,0.904192
4365,0.898048
4366,0.898048
4367,0.893952
4368,0.854016
4369,0.926720
4370,0.894976
4371,0.896000
4372,0.864256
4373,0.793600
4374,0.683008
4375,0.573440
4376,0.487424
4377,0.385024
4378,0.362496
4379,0.868352
4380,0.917504
4381,0.891904
4382,0.884736
4383,0.882688
4384,0.885760
4385,0.903168
4386,0.909312
4387,0.909312
4388,0.887808
4389,0.941056
4390,0.898048
4391,0.887808
4392,0.963584
4393,0.855040
4394,0.963584
4395,0.864256
4396,0.946176
4397,0.871424
4398,0.954368
4399,0.908288
4400,0.910336
4401,0.897024
4402,0.941056
4403,0.884736
4404,0.903168
4405,0.926720
4406,0.865280
4407,0.908288
4408,0.942080
4409,0.947200
4410,0.909312
4411,0.910336
4412,0.900096
4413,0.866304
4414,0.844800
4415,0.839680
4416,0.858112
4417,0.892928
4418,0.838656
4419,1.049600
4420,0.899072
4421,0.925696
4422,0.850944
4423,0.940032
4424,0.792576
4425,0.827392
4426,0.927744
4427,0.900096
4428,0.878592
4429,0.919552
4430,0.944128
4431,0.926720
4432,0.923648
4433,0.935936
4434,0.905216
4435,0.936960
4436,0.905216
4437,0.901120
4438,0.943104
4439,0.866304
4440,0.896000
4441,0.906240
4442,0.946176
4443,0.582656
4444,0.847872
4445,0.818176
4446,0.877568
4447,0.941056
4448,0.890880
4449,0.886784
4450,0.905216
4451,0.897024
4452,0.933888
4453,0.948224
4454,0.896000
4455,0.872448
4456,0.912384
4457,0.979968
4458,0.956416
4459,0.869376
4460,0.920576
4461,0.905216
4462,0.889856
4463,0.928768
4464,0.912384
4465,0.903168
4466,0.919552
4467,0.885760
4468,0.968704
4469,0.885760
4470,0.927744
4471,0.942080
4472,0.909312
4473,0.859136
4474,0.919552
4475,0.999424
4476,0.881664
4477,0.868352
4478,0.937984
4479,0.917504
4480,0.890880
4481,0.897024
4482,0.897024
4483,0.930816
4484,0.917504
4485,0.931840
4486,0.875520
4487,0.923648
4488,0.957440
4489,0.959488
4490,0.912384
4491,0.934912
4492,0.923648
4493,0.932864
4494,0.894976
4495,0.874496
4496,0.934912
4497,0.913408
4498,0.923648
4499,0.944128
4500,0.893952
4501,0.937984
4502,0.964608
4503,0.690176
4504,0.945152
4505,0.887808
4506,0.857088
4507,0.889856
4508,0.771072
4509,0.550912
4510,0.860160
4511,0.935936
4512,0.878592
4513,0.915456
4514,0.925696
4515,0.878592
4516,0.978944
4517,0.912384
4518,0.917504
4519,0.842752
4520,0.939008
4521,0.879616
4522,0.934912
4523,0.922624
4524,0.880640
4525,0.964608
4526,0.898048
4527,0.948224
4528,0.899072
4529,0.918528
4530,0.929792
4531,0.930816
4532,0.901120
4533,0.928768
4534,0.896000
4535,0.896000
4536,0.933888
4537,0.947200
4538,0.941056
4539,0.942080
4540,0.898048
4541,0.937984
4542,0.912384
4543,0.962560
4544,0.887808
4545,0.952320
4546,0.936960
4547,0.909312
4548,0.883712
4549,0.664576
4550,0.841728
4551,0.926720
4552,0.931840
4553,0.926720
4554,0.905216
4555,0.906240
4556,0.909312
4557,0.918528
4558,0.963584
4559,0.975872
4560,0.866304
4561,0.877568
4562,0.891904
4563,0.910336
4564,0.896000
4565,0.939008
4566,0.908288
4567,0.890880
4568,0.910336
4569,0.927744
4570,0.964608
4571,0.956416
4572,0.923648
4573,0.920576
4574,0.832512
4575,0.734208
4576,0.973824
4577,0.894976
4578,0.930816
4579,0.888832
4580,0.976896
4581,0.917504
4582,0.923648
4583,0.921600
4584,0.933888
4585,0.918528
4586,0.916480
4587,0.899072
4588,0.912384
4589,0.921600
4590,0.894976
4591,0.926720
4592,0.873472
4593,0.840704
4594,0.850944
4595,0.912384
4596,0.888832
4597,0.923648
4598,0.888832
4599,0.885760
4600,0.956416
4601,0.862208
4602,0.930816
4603,0.877568
4604,0.883712
4605,0.916480
4606,0.904192
4607,0.866304
4608,0.914432
4609,0.929792
4610,0.880640
4611,0.917504
4612,0.927744
4613,0.907264
4614,1.091584
4615,0.822272
4616,0.945152
4617,0.926720
4618,0.902144
4619,0.917504
4620,0.930816
4621,0.948224
4622,0.900096
4623,0.957440
4624,0.914432
4625,0.906240
4626,0.930816
4627,0.879616
4628,0.909312
4629,0.950272
4630,0.925696
4631,0.915456
4632,0.878592
4633,0.950272
4634,0.890880
4635,0.932864
4636,0.877568
4637,0.913408
4638,0.538624
4639,0.882688
4640,0.829440
4641,0.876544
4642,0.834560
4643,0.902144
4644,0.940032
4645,0.936960
4646,0.916480
4647,0.925696
4648,0.933888
4649,0.933888
4650,0.928768
4651,0.925696
4652,0.880640
4653,0.929792
4654,0.888832
4655,0.909312
4656,0.937984
4657,0.927744
4658,0.953344
4659,0.896000
4660,0.910336
4661,0.935936
4662,0.927744
4663,0.901120
4664,0.944128
4665,0.891904
4666,0.898048
4667,0.956416
4668,0.901120
4669,0.951296
4670,0.874496
4671,0.880640
4672,0.917504
4673,0.931840
4674,0.861184
4675,0.881664
4676,0.876544
4677,0.900096
4678,0.923648
4679,0.884736
4680,0.947200
4681,0.879616
4682,0.884736
4683,0.945152
4684,0.902144
4685,0.946176
4686,0.879616
4687,0.896000
4688,0.954368
4689,0.924672
4690,0.901120
4691,0.964608
4692,0.976896
4693,0.871424
4694,0.936960
4695,0.931840
4696,0.922624
4697,0.944128
4698,0.905216
4699,0.879616
4700,0.946176
4701,0.891904
4702,0.924672
4703,0.707584
4704,0.871424
4705,0.936960
4706,0.923648
4707,0.927744
4708,0.937984
4709,0.947200
4710,0.939008
4711,0.924672
4712,0.939008
4713,0.940032
4714,0.971776
4715,0.849920
4716,0.897024
4717,0.908288
4718,0.882688
4719,0.878592
4720,0.923648
4721,0.916480
4722,0.815104
4723,0.859136
4724,0.905216
4725,0.852992
4726,0.876544
4727,0.903168
4728,0.920576
4729,0.912384
4730,0.916480
4731,0.904192
4732,0.888832
4733,0.885760
4734,0.929792
4735,0.893952
4736,0.913408
4737,0.903168
4738,0.877568
4739,0.864256
4740,0.923648
4741,0.880640
4742,0.837632
4743,0.925696
4744,0.887808
4745,0.912384
4746,0.912384
4747,0.909312
4748,0.897024
4749,0.928768
4750,0.867328
4751,0.903168
4752,0.947200
4753,0.864256
4754,0.863232
4755,0.927744
4756,0.909312
4757,0.935936
4758,0.907264
4759,0.915456
4760,0.861184
4761,0.929792
4762,0.933888
4763,0.937984
4764,0.915456
4765,0.926720
4766,0.912384
4767,0.805888
4768,0.627712
4769,0.712704
4770,0.905216
4771,0.936960
4772,0.923648
4773,0.904192
4774,0.891904
4775,0.904192
4776,0.954368
4777,0.898048
4778,0.922624
4779,0.926720
4780,0.866304
4781,0.886784
4782,0.868352
4783,0.887808
4784,0.843776
4785,0.860160
4786,0.850944
4787,0.897024
4788,1.050624
4789,0.974848
4790,0.771072
4791,0.946176
4792,0.940032
4793,0.878592
4794,0.942080
4795,0.862208
4796,0.935936
4797,0.915456
4798,0.933888
4799,0.859136
4800,0.917504
4801,0.910336
4802,0.833536
4803,0.883712
4804,0.857088
4805,0.867328
4806,0.870400
4807,0.918528
4808,0.881664
4809,0.904192
4810,0.866304
4811,0.923648
4812,0.902144
4813,0.925696
4814,0.930816
4815,0.919552
4816,0.882688
4817,0.959488
4818,0.910336
4819,0.891904
4820,0.882688
4821,0.925696
4822,0.920576
4823,0.893952
4824,0.910336
4825,0.963584
4826,0.920576
4827,0.923648
4828,0.888832
4829,0.878592
4830,0.890880
4831,0.898048
4832,0.955392
4833,0.944128
4834,0.706560
4835,0.902144
4836,0.873472
4837,0.947200
4838,0.949248
4839,0.912384
4840,0.956416
4841,0.919552
4842,0.882688
4843,0.910336
4844,0.913408
4845,0.891904
4846,0.835584
4847,0.904192
4848,0.898048
4849,0.902144
4850,0.912384
4851,0.919552
4852,0.877568
4853,0.898048
4854,0.907264
4855,0.868352
4856,0.633856
4857,0.852992
4858,0.900096
4859,0.905216
4860,0.913408
4861,0.917504
4862,0.923648
4863,0.937984
4864,0.891904
4865,0.930816
4866,0.867328
4867,0.957440
4868,0.932864
4869,0.903168
4870,0.924672
4871,0.900096
4872,0.925696
4873,0.944128
4874,0.902144
4875,0.958464
4876,0.860160
4877,0.904192
4878,0.928768
4879,0.914432
4880,0.908288
4881,0.928768
4882,0.910336
4883,0.866304
4884,0.910336
4885,0.877568
4886,0.897024
4887,0.913408
4888,0.879616
4889,0.877568
4890,0.891904
4891,0.929792
4892,0.873472
4893,0.874496
4894,0.921600
4895,0.933888
4896,0.923648
4897,0.951296
4898,0.871424
4899,0.608256
4900,0.812032
4901,0.858112
4902,0.787456
4903,0.861184
4904,0.911360
4905,0.871424
4906,0.918528
4907,0.877568
4908,0.911360
4909,0.917504
4910,0.904192
4911,0.926720
4912,0.889856
4913,0.950272
4914,0.891904
4915,0.946176
4916,0.918528
4917,0.889856
4918,0.897024
4919,0.916480
4920,0.928768
4921,0.875520
4922,0.919552
4923,0.892928
4924,0.957440
4925,0.871424
4926,0.919552
4927,0.851968
4928,0.891904
4929,0.951296
4930,0.863232
4931,0.969728
4932,0.928768
4933,0.889856
4934,0.899072
4935,0.930816
4936,0.960512
4937,0.924672
4938,0.913408
4939,0.929792
4940,0.950272
4941,0.937984
4942,0.927744
4943,0.950272
4944,0.858112
4945,0.949248
4946,0.923648
4947,0.939008
4948,0.974848
4949,0.926720
4950,0.901120
4951,0.924672
4952,0.928768
4953,0.943104
4954,0.903168
4955,0.755712
4956,0.923648
4957,0.960512
4958,0.913408
4959,0.868352
4960,0.955392
4961,0.858112
4962,0.927744
4963,0.801792
4964,0.662528
4965,0.645120
4966,0.760832
4967,0.967680
4968,0.928768
4969,0.932864
4970,0.947200
4971,0.902144
4972,0.898048
4973,0.900096
4974,0.905216
4975,0.871424
4976,0.900096
4977,0.921600
4978,0.969728
4979,0.885760
4980,0.897024
4981,0.935936
4982,0.897024
4983,0.906240
4984,0.852992
4985,0.933888
4986,0.932864
4987,0.913408
4988,0.893952
4989,1.009664
4990,0.899072
4991,0.925696
4992,0.906240
4993,0.910336
4994,0.916480
4995,0.881664
4996,0.863232
4997,0.921600
4998,0.900096
4999,0.914432
5000,0.901120
5001,0.906240
5002,0.917504
5003,0.912384
5004,0.965632
5005,0.892928
5006,0.905216
5007,0.873472
5008,0.946176
5009,0.983040
5010,0.920576
5011,0.919552
5012,0.949248
5013,0.906240
5014,0.911360
5015,0.951296
5016,0.885760
5017,0.912384
5018,0.925696
5019,0.874496
5020,0.922624
5021,0.897024
5022,0.929792
5023,0.926720
5024,0.935936
5025,0.930816
5026,0.922624
5027,0.874496
5028,0.954368
5029,0.869376
5030,0.808960
5031,0.565248
5032,0.240640
5033,0.209920
5034,0.816128
5035,0.855040
5036,0.903168
5037,0.878592
5038,0.924672
5039,0.943104
5040,0.934912
5041,0.925696
5042,0.921600
5043,0.911360
5044,0.930816
5045,0.904192
5046,0.943104
5047,0.913408
5048,0.876544
5049,0.918528
5050,0.909312
5051,0.918528
5052,0.956416
5053,0.949248
5054,0.886784
5055,0.812032
5056,0.802816
5057,0.845824
5058,0.865280
5059,0.923648
5060,0.913408
5061,0.948224
5062,0.877568
5063,0.932864
5064,0.916480
5065,0.893952
5066,0.898048
5067,1.083392
5068,0.907264
5069,0.929792
5070,0.924672
5071,0.916480
5072,0.903168
5073,0.913408
5074,0.862208
5075,0.889856
5076,0.871424
5077,0.879616
5078,0.929792
5079,0.918528
5080,0.993280
5081,0.871424
5082,0.915456
5083,0.934912
5084,0.916480
5085,0.923648
5086,0.908288
5087,0.970752
5088,0.877568
5089,0.958464
5090,0.930816
5091,0.909312
5092,0.937984
5093,0.930816
5094,0.916480
5095,0.952320
5096,0.931840
5097,0.525312
5098,0.875520
5099,0.851968
5100,0.828416
5101,0.838656
5102,0.927744
5103,0.917504
5104,0.850944
5105,0.915456
5106,0.922624
5107,0.942080
5108,0.915456
5109,0.951296
5110,0.926720
5111,0.925696
5112,0.923648
5113,0.919552
5114,0.929792
5115,0.928768
5116,0.913408
5117,0.954368
5118,0.877568
5119,0.904192
5120,0.845824
5121,0.952320
5122,0.879616
5123,0.884736
5124,0.964608
5125,0.908288
5126,0.900096
5127,0.933888
5128,0.886784
5129,0.915456
5130,0.904192
5131,0.859136
5132,0.867328
5133,0.933888
5134,0.879616
5135,0.905216
5136,0.876544
5137,0.917504
5138,0.950272
5139,0.935936
5140,0.894976
5141,0.885760
5142,0.946176
5143,0.935936
5144,0.887808
5145,0.887808
5146,0.913408
5147,0.941056
5148,0.901120
5149,0.916480
5150,0.934912
5151,0.873472
5152,0.974848
5153,0.931840
5154,0.933888
5155,0.905216
5156,0.991232
5157,0.848896
5158,0.900096
5159,0.930816
5160,0.914432
5161,0.717824
5162,0.923648
5163,0.916480
5164,0.887808
5165,0.911360
5166,0.944128
5167,0.908288
5168,0.927744
5169,0.873472
5170,0.871424
5171,0.936960
5172,0.879616
5173,0.929792
5174,0.921600
5175,0.889856
5176,0.881664
5177,0.814080
5178,1.074176
5179,1.058816
5180,0.458752
5181,0.879616
5182,0.937984
5183,0.899072
5184,0.874496
5185,0.941056
5186,0.887808
5187,0.915456
5188,0.907264
5189,0.914432
5190,0.952320
5191,0.894976
5192,0.901120
5193,0.954368
5194,0.917504
5195,0.929792
5196,0.950272
5197,0.913408
5198,0.879616
5199,0.939008
5200,0.896000
5201,0.894976
5202,0.902144
5203,0.943104
5204,0.902144
5205,0.956416
5206,0.956416
5207,0.921600
5208,0.893952
5209,0.967680
5210,0.933888
5211,0.886784
5212,0.900096
5213,0.904192
5214,0.921600
5215,0.877568
5216,0.898048
5217,0.841728
5218,0.922624
5219,0.923648
5220,0.930816
5221,0.898048
5222,0.939008
5223,0.868352
5224,0.927744
5225,0.862208
5226,0.734208
5227,0.935936
5228,0.876544
5229,0.956416
5230,0.956416
5231,0.885760
5232,0.878592
5233,0.911360
5234,0.866304
5235,0.907264
5236,0.918528
5237,0.916480
5238,0.866304
5239,0.898048
5240,0.914432
5241,0.953344
5242,0.880640
5243,0.898048
5244,0.945152
5245,0.951296
5246,0.904192
5247,0.903168
5248,0.923648
5249,0.871424
5250,0.821248
5251,0.821248
5252,0.890880
5253,0.888832
5254,0.900096
5255,0.870400
5256,0.936960
5257,0.916480
5258,0.892928
5259,0.889856
5260,0.899072
5261,0.917504
5262,0.864256
5263,0.875520
5264,0.878592
5265,0.912384
5266,0.906240
5267,0.889856
5268,0.911360
5269,0.900096
5270,0.874496
5271,0.867328
5272,0.924672
5273,0.952320
5274,0.931840
5275,0.930816
5276,0.918528
5277,0.876544
5278,0.940032
5279,0.879616
5280,0.886784
5281,0.849920
5282,0.822272
5283,0.902144
5284,0.929792
5285,0.925696
5286,0.863232
5287,0.949248
5288,0.897024
5289,0.864256
5290,0.914432
5291,0.814080
5292,0.628736
5293,0.920576
5294,0.888832
5295,0.903168
5296,0.889856
5297,0.890880
5298,0.887808
5299,0.832512
5300,0.819200
5301,0.858112
5302,0.883712
5303,0.901120
5304,0.893952
5305,0.874496
5306,0.966656
5307,0.890880
5308,0.899072
5309,0.868352
5310,0.928768
5311,0.874496
5312,0.873472
5313,0.859136
5314,0.841728
5315,0.941056
5316,0.893952
5317,0.881664
5318,0.959488
5319,0.920576
5320,0.869376
5321,0.920576
5322,1.114112
5323,0.741376
5324,0.891904
5325,0.909312
5326,0.871424
5327,0.891904
5328,0.890880
5329,0.878592
5330,0.877568
5331,0.877568
5332,0.902144
5333,0.921600
5334,0.917504
5335,0.914432
5336,0.931840
5337,0.930816
5338,0.907264
5339,0.959488
5340,0.913408
5341,0.858112
5342,0.852992
5343,0.894976
5344,0.890880
5345,0.881664
5346,1.086464
5347,0.732160
5348,0.755712
5349,0.921600
5350,0.913408
5351,0.908288
5352,0.903168
5353,0.937984
5354,0.905216
5355,0.953344
5356,0.945152
5357,0.794624
5358,0.599040
5359,0.532480
5360,0.400384
5361,0.346112
5362,0.185344
5363,0.189440
5364,0.192512
5365,0.186368
5366,0.188416
5367,0.177152
5368,0.182272
5369,0.177152
5370,0.173056
5371,0.165888
5372,0.856064
5373,0.944128
5374,0.894976
5375,0.919552
5376,0.840704
5377,0.910336
5378,0.926720
5379,0.927744
5380,0.920576
5381,0.898048
5382,0.862208
5383,0.885760
5384,0.877568
5385,0.876544
5386,0.901120
5387,0.915456
5388,0.946176
5389,0.883712
5390,0.893952
5391,0.889856
5392,0.909312
5393,0.878592
5394,0.901120
5395,0.933888
5396,0.917504
5397,0.907264
5398,0.858112
5399,0.899072
5400,0.832512
5401,0.883712
5402,0.875520
5403,0.859136
5404,0.922624
5405,0.920576
5406,0.881664
5407,0.954368
5408,0.931840
5409,0.904192
5410,0.926720
5411,0.915456
5412,0.934912
5413,0.893952
5414,0.956416
5415,0.914432
5416,0.869376
5417,0.923648
5418,0.919552
5419,0.932864
5420,0.944128
5421,0.912384
5422,0.954368
5423,0.880640
5424,0.861184
5425,0.914432
5426,0.967680
5427,0.840704
5428,0.883712
5429,0.959488
5430,0.890880
5431,0.936960
5432,0.900096
5433,0.960512
5434,0.924672
5435,0.936960
5436,0.698368
5437,0.677888
5438,0.603136
5439,0.699392
5440,0.954368
5441,0.894976
5442,0.924672
5443,0.922624
5444,0.921600
5445,0.896000
5446,0.925696
5447,0.974848
5448,0.925696
5449,0.932864
5450,0.942080
5451,0.915456
5452,0.894976
5453,0.944128
5454,0.902144
5455,0.922624
5456,0.896000
5457,0.911360
5458,0.935936
5459,0.908288
5460,0.947200
5461,0.923648
5462,0.898048
5463,0.931840
5464,0.905216
5465,0.913408
5466,0.984064
5467,0.889856
5468,0.876544
5469,0.920576
5470,0.909312
5471,0.820224
5472,0.859136
5473,0.863232
5474,0.905216
5475,0.886784
5476,0.923648
5477,0.932864
5478,0.920576
5479,0.900096
5480,0.948224
5481,0.920576
5482,0.877568
5483,0.910336
5484,0.863232
5485,0.927744
5486,0.955392
5487,0.869376
5488,0.901120
5489,0.918528
5490,0.887808
5491,0.906240
5492,0.899072
5493,0.904192
5494,0.888832
5495,0.923648
5496,0.956416
5497,0.870400
5498,0.913408
5499,0.908288
5500,0.917504
5501,0.904192
5502,0.920576
5503,0.769024
5504,0.492544
5505,0.425984
5506,0.819200
5507,0.950272
5508,0.913408
5509,0.930816
5510,0.939008
5511,0.857088
5512,0.941056
5513,0.918528
5514,0.901120
5515,0.934912
5516,0.892928
5517,0.911360
5518,0.955392
5519,0.926720
5520,0.892928
5521,0.977920
5522,0.888832
5523,0.873472
5524,0.918528
5525,0.877568
5526,0.931840
5527,0.962560
5528,0.862208
5529,0.934912
5530,0.869376
5531,0.891904
5532,0.919552
5533,0.918528
5534,0.885760
5535,0.952320
5536,0.934912
5537,0.891904
5538,0.927744
5539,0.965632
5540,0.931840
5541,0.904192
5542,0.931840
5543,0.930816
5544,0.867328
5545,0.906240
5546,0.957440
5547,0.936960
5548,0.923648
5549,0.868352
5550,0.931840
5551,0.904192
5552,0.909312
5553,0.929792
5554,0.852992
5555,0.931840
5556,0.845824
5557,0.864256
5558,0.900096
5559,0.908288
5560,0.917504
5561,0.867328
5562,0.949248
5563,0.903168
5564,0.886784
5565,0.906240
5566,0.889856
5567,0.903168
5568,0.949248
5569,0.891904
5570,0.865280
5571,0.724992
5572,0.496640
5573,0.402432
5574,0.727040
5575,0.901120
5576,0.948224
5577,0.935936
5578,0.889856
5579,0.940032
5580,0.907264
5581,0.940032
5582,0.896000
5583,0.931840
5584,0.875520
5585,0.951296
5586,0.940032
5587,0.886784
5588,0.899072
5589,0.921600
5590,0.931840
5591,0.932864
5592,0.945152
5593,0.903168
5594,0.908288
5595,0.863232
5596,0.831488
5597,0.855040
5598,0.827392
5599,0.897024
5600,0.927744
5601,0.922624
5602,0.863232
5603,0.949248
5604,0.907264
5605,0.894976
5606,0.935936
5607,0.924672
5608,0.866304
5609,0.932864
5610,0.952320
5611,0.890880
5612,0.925696
5613,0.915456
5614,0.889856
5615,0.911360
5616,0.885760
5617,0.934912
5618,0.897024
5619,0.931840
5620,0.918528
5621,0.887808
5622,0.940032
5623,0.918528
5624,0.952320
5625,0.937984
5626,0.892928
5627,0.891904
5628,0.881664
5629,0.882688
5630,0.896000
5631,0.944128
5632,0.857088
5633,0.945152
5634,0.909312
5635,0.950272
5636,0.896000
5637,0.894976
5638,0.842752
5639,0.660480
5640,0.927744
5641,0.901120
5642,0.955392
5643,0.914432
5644,0.892928
5645,0.864256
5646,0.826368
5647,0.860160
5648,0.807936
5649,0.910336
5650,0.960512
5651,0.902144
5652,0.869376
5653,0.878592
5654,0.940032
5655,0.876544
5656,0.920576
5657,0.924672
5658,0.877568
5659,0.876544
5660,0.914432
5661,0.916480
5662,0.874496
5663,0.887808
5664,0.911360
5665,0.910336
5666,0.873472
5667,0.890880
5668,0.926720
5669,0.933888
5670,0.892928
5671,0.881664
5672,0.965632
5673,0.905216
5674,0.894976
5675,0.898048
5676,0.909312
5677,0.928768
5678,0.887808
5679,0.884736
5680,0.892928
5681,0.924672
5682,0.930816
5683,0.945152
5684,0.904192
5685,0.955392
5686,0.920576
5687,0.875520
5688,0.881664
5689,0.917504
5690,0.968704
5691,0.874496
5692,0.897024
5693,0.939008
5694,0.889856
5695,0.932864
5696,0.921600
5697,0.920576
5698,0.836608
5699,0.893952
5700,0.869376
5701,0.865280
5702,0.886784
5703,0.946176
5704,0.932864
5705,0.683008
5706,0.838656
5707,0.900096
5708,0.874496
5709,0.890880
5710,0.877568
5711,0.897024
5712,0.913408
5713,0.989184
5714,0.820224
5715,0.978944
5716,0.885760
5717,0.931840
5718,0.903168
5719,0.891904
5720,0.948224
5721,0.903168
5722,0.934912
5723,0.926720
5724,0.905216
5725,0.923648
5726,0.870400
5727,0.918528
5728,0.887808
5729,0.952320
5730,0.902144
5731,0.911360
5732,0.861184
5733,0.869376
5734,0.878592
5735,0.882688
5736,0.868352
5737,0.856064
5738,0.883712
5739,0.900096
5740,0.906240
5741,0.890880
5742,0.946176
5743,0.924672
5744,0.873472
5745,0.898048
5746,0.922624
5747,0.885760
5748,0.940032
5749,0.902144
5750,0.897024
5751,0.907264
5752,0.915456
5753,0.898048
5754,0.916480
5755,0.904192
5756,0.889856
5757,0.910336
5758,0.874496
5759,0.916480
5760,0.881664
5761,0.856064
5762,0.890880
5763,0.888832
5764,0.885760
5765,0.920576
5766,0.951296
5767,0.937984
5768,0.907264
5769,0.899072
5770,0.718848
5771,0.912384
5772,0.894976
5773,0.894976
5774,0.892928
5775,0.847872
5776,0.870400
5777,0.898048
5778,0.873472
5779,0.902144
5780,0.869376
5781,0.911360
5782,0.937984
5783,0.939008
5784,0.868352
5785,0.857088
5786,0.886784
5787,0.896000
5788,0.892928
5789,0.876544
5790,0.922624
5791,0.887808
5792,0.943104
5793,0.948224
5794,0.908288
5795,0.955392
5796,0.899072
5797,0.880640
5798,0.920576
5799,0.903168
5800,0.857088
5801,0.879616
5802,0.878592
5803,0.924672
5804,0.916480
5805,0.869376
5806,0.920576
5807,0.903168
5808,0.935936
5809,0.876544
5810,0.911360
5811,0.923648
5812,0.940032
5813,0.922624
5814,0.921600
5815,0.967680
5816,0.901120
5817,0.877568
5818,0.930816
5819,0.914432
5820,0.898048
5821,0.945152
5822,0.934912
5823,0.926720
5824,0.907264
5825,0.941056
5826,0.931840
5827,0.915456
5828,0.935936
5829,0.940032
5830,0.941056
5831,0.911360
5832,0.958464
5833,0.972800
5834,0.916480
5835,0.703488
5836,0.911360
5837,0.956416
5838,0.880640
5839,0.879616
5840,0.956416
5841,0.914432
5842,0.927744
5843,0.950272
5844,0.901120
5845,0.908288
5846,0.918528
5847,0.923648
5848,0.937984
5849,0.866304
5850,0.837632
5851,0.812032
5852,0.904192
5853,0.869376
5854,0.888832
5855,0.898048
5856,0.885760
5857,0.893952
5858,0.920576
5859,0.911360
5860,0.886784
5861,0.884736
5862,0.943104
5863,0.892928
5864,0.907264
5865,0.876544
5866,0.886784
5867,0.889856
5868,0.922624
5869,0.909312
5870,0.902144
5871,0.927744
5872,0.952320
5873,0.898048
5874,0.937984
5875,0.913408
5876,0.914432
5877,0.889856
5878,0.933888
5879,0.948224
5880,0.873472
5881,0.875520
5882,0.897024
5883,0.902144
5884,0.892928
5885,0.920576
5886,0.887808
5887,0.887808
5888,0.936960
5889,0.955392
5890,0.931840
5891,0.932864
5892,0.939008
5893,0.935936
5894,0.914432
5895,0.888832
5896,0.903168
5897,0.919552
5898,0.821248
5899,0.711680
5900,0.492544
5901,0.416768
5902,0.445440
5903,0.377856
5904,0.407552
5905,0.408576
5906,0.326656
5907,0.375808
5908,0.314368
5909,0.348160
5910,0.257024
5911,0.173056
5912,0.166912
5913,0.174080
5914,0.173056
5915,0.165888
5916,0.873472
5917,0.970752
5918,0.931840
5919,0.878592
5920,0.967680
5921,0.919552
5922,0.940032
5923,0.870400
5924,0.855040
5925,0.968704
5926,0.967680
5927,0.922624
5928,0.903168
5929,0.933888
5930,0.896000
5931,0.874496
5932,0.909312
5933,0.911360
5934,0.908288
5935,0.945152
5936,0.871424
5937,0.925696
5938,0.867328
5939,0.924672
5940,0.968704
5941,0.906240
5942,0.904192
5943,0.903168
5944,0.943104
5945,0.885760
5946,0.986112
5947,0.849920
5948,1.006592
5949,0.897024
5950,0.894976
5951,0.902144
5952,0.929792
5953,0.967680
5954,0.923648
5955,0.904192
5956,0.914432
5957,0.944128
5958,0.893952
5959,0.926720
5960,0.913408
5961,0.922624
5962,0.908288
5963,0.891904
5964,0.902144
5965,0.878592
5966,0.897024
5967,0.836608
5968,0.856064
5969,0.923648
5970,0.942080
5971,0.935936
5972,0.934912
5973,0.905216
5974,0.928768
5975,0.910336
5976,0.884736
5977,0.908288
5978,0.893952
5979,0.850944
5980,0.644096
5981,0.501760
5982,0.543744
5983,0.421888
5984,0.914432
5985,0.902144
5986,0.881664
5987,0.878592
5988,0.912384
5989,0.923648
5990,0.872448
5991,0.903168
5992,0.899072
5993,0.921600
5994,0.900096
5995,0.902144
5996,0.928768
5997,0.892928
5998,0.901120
5999,0.909312
6000,0.904192
6001,0.914432
6002,0.868352
6003,0.977920
6004,0.918528
6005,0.885760
6006,0.896000
6007,0.903168
6008,0.885760
6009,0.912384
6010,0.919552
6011,0.884736
6012,0.944128
6013,1.072128
6014,0.561152
6015,0.717824
6016,0.892928
6017,0.837632
6018,0.902144
6019,0.905216
6020,0.912384
6021,0.885760
6022,0.906240
6023,0.990208
6024,0.859136
6025,0.909312
6026,0.873472
6027,0.898048
6028,0.872448
6029,0.890880
6030,0.841728
6031,0.931840
6032,0.921600
6033,0.945152
6034,0.920576
6035,0.899072
6036,0.890880
6037,0.914432
6038,0.933888
6039,0.967680
6040,0.943104
6041,0.919552
6042,0.943104
6043,0.956416
6044,0.904192
6045,0.917504
6046,0.865280
6047,0.484352
6048,0.367616
6049,0.374784
6050,0.347136
6051,0.315392
6052,0.317440
6053,0.752640
6054,0.913408
6055,0.939008
6056,0.921600
6057,0.912384
6058,0.916480
6059,0.929792
6060,0.902144
6061,0.924672
6062,0.936960
6063,0.939008
6064,0.904192
6065,0.935936
6066,0.934912
6067,0.927744
6068,0.939008
6069,0.913408
6070,0.934912
6071,0.916480
6072,0.942080
6073,0.925696
6074,0.912384
6075,0.875520
6076,0.890880
6077,0.835584
6078,0.887808
6079,0.879616
6080,0.840704
6081,0.923648
6082,0.912384
6083,0.888832
6084,0.947200
6085,0.796672
6086,0.928768
6087,0.887808
6088,0.937984
6089,0.939008
6090,1.009664
6091,0.641024
6092,0.897024
6093,0.903168
6094,0.878592
6095,0.858112
6096,0.908288
6097,0.927744
6098,0.877568
6099,0.896000
6100,0.893952
6101,0.888832
6102,0.903168
6103,0.899072
6104,0.922624
6105,0.958464
6106,0.918528
6107,0.894976
6108,0.953344
6109,0.866304
6110,0.894976
6111,0.956416
6112,0.958464
6113,0.887808
6114,0.921600
6115,0.914432
6116,1.006592
6117,0.815104
6118,0.693248
6119,0.962560
6120,0.924672
6121,0.878592
6122,0.945152
6123,0.881664
6124,0.943104
6125,0.896000
6126,0.934912
6127,0.891904
6128,0.919552
6129,0.925696
6130,0.900096
6131,0.885760
6132,0.908288
6133,0.891904
6134,0.879616
6135,0.814080
6136,0.905216
6137,0.892928
6138,0.863232
6139,0.929792
6140,0.903168
6141,0.909312
6142,0.887808
6143,0.910336
6144,0.889856
6145,0.892928
6146,0.944128
6147,0.924672
6148,0.885760
6149,0.902144
6150,0.919552
6151,0.871424
6152,0.893952
6153,0.911360
6154,0.891904
6155,0.909312
6156,0.900096
6157,0.929792
6158,0.926720
6159,0.905216
6160,0.921600
6161,0.899072
6162,0.937984
6163,0.897024
6164,0.951296
6165,0.883712
6166,0.973824
6167,0.886784
6168,0.907264
6169,0.922624
6170,0.906240
6171,0.886784
6172,0.900096
6173,0.908288
6174,0.920576
6175,0.921600
6176,0.946176
6177,0.921600
6178,0.939008
6179,0.932864
6180,0.876544
6181,0.898048
6182,0.815104
6183,0.718848
6184,0.688128
6185,0.936960
6186,0.935936
6187,0.891904
6188,0.951296
6189,0.893952
6190,0.903168
6191,0.957440
6192,0.896000
6193,0.925696
6194,0.928768
6195,0.920576
6196,0.960512
6197,0.910336
6198,0.873472
6199,0.886784
6200,0.866304
6201,0.864256
6202,0.864256
6203,0.872448
6204,0.882688
6205,0.917504
6206,0.943104
6207,0.908288
6208,0.905216
6209,0.935936
6210,0.876544
6211,0.918528
6212,0.846848
6213,0.983040
6214,0.951296
6215,0.921600
6216,0.903168
6217,0.902144
6218,0.956416
6219,0.957440
6220,0.899072
6221,0.854016
6222,0.920576
6223,0.841728
6224,0.917504
6225,0.936960
6226,0.883712
6227,0.893952
6228,0.988160
6229,0.900096
6230,0.966656
6231,0.914432
6232,0.907264
6233,0.884736
6234,0.932864
6235,0.963584
6236,0.871424
6237,0.907264
6238,0.928768
6239,0.920576
6240,0.963584
6241,0.941056
6242,0.892928
6243,0.893952
6244,0.917504
6245,0.921600
6246,0.928768
6247,0.927744
6248,0.905216
6249,0.723968
6250,0.746496
6251,0.929792
6252,0.884736
6253,0.915456
6254,0.924672
6255,0.918528
6256,0.903168
6257,0.955392
6258,0.908288
6259,0.937984
6260,0.936960
6261,0.907264
6262,0.934912
6263,0.942080
6264,0.883712
6265,0.918528
6266,0.931840
6267,0.884736
6268,0.905216
6269,0.925696
6270,0.898048
6271,0.913408
6272,0.936960
6273,0.907264
6274,0.831488
6275,0.812032
6276,0.845824
6277,0.915456
6278,0.932864
6279,0.859136
6280,0.901120
6281,0.963584
6282,0.924672
6283,0.918528
6284,0.893952
6285,0.922624
6286,0.897024
6287,0.961536
6288,0.922624
6289,0.912384
6290,0.923648
6291,0.966656
6292,0.928768
6293,0.883712
6294,0.921600
6295,0.949248
6296,0.947200
6297,0.955392
6298,0.907264
6299,0.932864
6300,0.947200
6301,0.910336
6302,0.919552
6303,0.947200
6304,0.906240
6305,0.954368
6306,0.912384
6307,0.880640
6308,0.929792
6309,0.930816
6310,0.894976
6311,0.926720
6312,0.920576
6313,0.937984
6314,0.796672
6315,0.624640
6316,0.564224
6317,0.314368
6318,0.267264
6319,0.849920
6320,0.893952
6321,0.928768
6322,0.823296
6323,0.916480
6324,0.892928
6325,0.906240
6326,0.915456
6327,0.892928
6328,0.945152
6329,0.914432
6330,0.892928
6331,0.904192
6332,0.886784
6333,0.886784
6334,0.887808
6335,0.956416
6336,0.898048
6337,0.958464
6338,0.910336
6339,0.944128
6340,0.921600
6341,0.894976
6342,0.883712
6343,0.912384
6344,0.896000
6345,0.874496
6346,0.815104
6347,0.868352
6348,0.911360
6349,0.894976
6350,0.893952
6351,0.929792
6352,0.884736
6353,0.921600
6354,0.990208
6355,0.873472
6356,0.857088
6357,0.835584
6358,0.967680
6359,0.849920
6360,0.934912
6361,0.872448
6362,1.035264
6363,1.016832
6364,0.819200
6365,0.849920
6366,0.904192
6367,0.968704
6368,0.880640
6369,0.889856
6370,0.972800
6371,0.893952
6372,0.948224
6373,0.898048
6374,0.880640
6375,0.911360
6376,0.955392
6377,0.905216
6378,0.930816
6379,0.897024
6380,0.881664
6381,0.906240
6382,0.877568
6383,0.783360
6384,0.755712
6385,0.976896
6386,0.878592
6387,0.908288
6388,0.921600
6389,0.929792
6390,0.911360
6391,0.928768
6392,0.918528
6393,0.909312
6394,0.928768
6395,0.904192
6396,0.910336
6397,0.924672
6398,0.915456
6399,0.888832
6400,0.942080
6401,0.876544
6402,0.963584
6403,0.912384
6404,0.946176
6405,0.877568
6406,0.934912
6407,0.961536
6408,0.896000
6409,0.875520
6410,0.903168
6411,0.884736
6412,0.867328
6413,0.919552
6414,0.881664
6415,0.847872
6416,0.843776
6417,0.874496
6418,0.907264
6419,0.870400
6420,0.914432
6421,0.876544
6422,0.885760
6423,0.912384
6424,0.920576
6425,0.955392
6426,0.892928
6427,0.946176
6428,0.887808
6429,0.764928
6430,0.807936
6431,0.865280
6432,0.899072
6433,0.953344
6434,0.912384
6435,0.930816
6436,0.922624
6437,0.906240
6438,0.928768
6439,0.917504
6440,0.940032
6441,0.944128
6442,0.912384
6443,0.973824
6444,0.976896
6445,0.902144
6446,0.921600
6447,0.921600
6448,0.920576
6449,0.818176
6450,0.941056
6451,0.959488
6452,0.863232
6453,1.061888
6454,0.766976
6455,0.943104
6456,0.919552
6457,0.921600
6458,0.872448
6459,0.929792
6460,0.923648
6461,0.886784
6462,0.913408
6463,0.943104
6464,1.084416
6465,0.994304
6466,0.821248
6467,0.898048
6468,0.944128
6469,0.858112
6470,0.889856
6471,0.899072
6472,0.832512
6473,0.835584
6474,0.912384
6475,0.918528
6476,0.878592
6477,0.901120
6478,1.028096
6479,0.906240
6480,0.908288
6481,0.865280
6482,0.946176
6483,0.872448
6484,0.875520
6485,0.933888
6486,0.868352
6487,0.899072
6488,0.965632
6489,0.926720
6490,0.900096
6491,0.911360
6492,0.924672
6493,0.924672
6494,0.929792
6495,0.921600
6496,0.957440
6497,0.935936
6498,0.921600
6499,0.928768
6500,0.989184
6501,0.901120
6502,0.949248
6503,0.877568
6504,0.937984
6505,0.922624
6506,0.901120
6507,0.932864
6508,0.915456
6509,0.944128
6510,0.930816
6511,0.927744
6512,0.770048
6513,0.826368
6514,0.929792
6515,0.873472
6516,0.932864
6517,0.930816
6518,0.903168
6519,0.891904
6520,0.878592
6521,0.912384
6522,0.859136
6523,0.873472
6524,0.914432
6525,0.896000
6526,0.875520
6527,0.919552
6528,0.950272
6529,0.917504
6530,0.710656
6531,0.877568
6532,0.945152
6533,0.929792
6534,0.893952
6535,0.903168
6536,0.911360
6537,0.901120
6538,0.926720
6539,0.935936
6540,0.868352
6541,0.939008
6542,0.860160
6543,0.839680
6544,0.908288
6545,0.923648
6546,0.903168
6547,0.892928
6548,0.883712
6549,0.924672
6550,0.914432
6551,0.885760
6552,0.872448
6553,0.863232
6554,0.900096
6555,0.931840
6556,0.866304
6557,0.883712
6558,0.880640
6559,0.890880
6560,0.896000
6561,0.865280
6562,0.892928
6563,0.894976
6564,0.893952
6565,0.940032
6566,0.869376
6567,0.903168
6568,0.921600
6569,0.910336
6570,0.926720
6571,0.952320
6572,0.902144
6573,0.904192
6574,0.930816
6575,0.883712
6576,0.929792
6577,0.841728
6578,0.642048
6579,0.633856
6580,0.722944
6581,0.946176
6582,0.918528
6583,0.942080
6584,0.896000
6585,0.918528
6586,0.911360
6587,0.967680
6588,0.928768
6589,0.918528
6590,0.910336
6591,0.958464
6592,0.894976
6593,0.944128
6594,0.929792
6595,0.932864
6596,0.960512
6597,0.917504
6598,0.888832
6599,0.931840
6600,0.879616
6601,0.932864
6602,0.918528
6603,0.897024
6604,0.900096
6605,0.847872
6606,0.792576
6607,0.922624
6608,0.863232
6609,0.899072
6610,0.930816
6611,0.886784
6612,0.932864
6613,0.876544
6614,0.878592
6615,0.867328
6616,0.892928
6617,0.890880
6618,0.888832
6619,0.889856
6620,0.929792
6621,0.902144
6622,0.918528
6623,0.950272
6624,0.842752
6625,0.892928
6626,0.911360
6627,0.927744
6628,0.929792
6629,0.892928
6630,0.907264
6631,0.875520
6632,0.909312
6633,0.913408
6634,0.890880
6635,0.896000
6636,0.901120
6637,0.928768
6638,0.900096
6639,0.944128
6640,0.936960
6641,1.072128
6642,1.073152
6643,0.315392
6644,0.689152
6645,0.949248
6646,0.901120
6647,0.929792
6648,0.883712
6649,0.875520
6650,0.937984
6651,0.905216
6652,0.922624
6653,0.931840
6654,0.897024
6655,0.885760
6656,0.902144
6657,0.849920
6658,0.831488
6659,0.826368
6660,0.878592
6661,0.869376
6662,0.909312
6663,0.852992
6664,0.871424
6665,0.941056
6666,0.916480
6667,0.909312
6668,0.948224
6669,0.915456
6670,0.897024
6671,0.929792
6672,0.926720
6673,0.922624
6674,0.869376
6675,0.944128
6676,0.925696
6677,0.930816
6678,0.935936
6679,0.930816
6680,0.869376
6681,0.940032
6682,0.922624
6683,0.882688
6684,0.862208
6685,0.976896
6686,0.883712
6687,0.930816
6688,0.882688
6689,0.944128
6690,0.867328
6691,0.920576
6692,0.905216
6693,0.914432
6694,0.942080
6695,0.901120
6696,0.927744
6697,0.952320
6698,0.918528
6699,0.948224
6700,0.926720
6701,0.882688
6702,0.893952
6703,0.922624
6704,0.951296
6705,0.943104
6706,0.936960
6707,0.985088
6708,0.942080
6709,0.665600
6710,0.951296
6711,0.935936
6712,0.955392
6713,0.889856
6714,0.915456
6715,0.915456
6716,0.912384
6717,0.894976
6718,0.930816
6719,0.930816
6720,0.927744
6721,0.931840
6722,0.892928
6723,0.902144
6724,0.843776
6725,0.903168
6726,0.839680
6727,0.823296
6728,0.913408
6729,0.941056
6730,0.910336
6731,0.916480
6732,0.891904
6733,0.913408
6734,0.876544
6735,0.923648
6736,0.909312
6737,0.886784
6738,0.930816
6739,0.890880
6740,0.874496
6741,0.892928
6742,0.868352
6743,0.919552
6744,0.882688
6745,0.913408
6746,0.874496
6747,0.925696
6748,0.915456
6749,0.917504
6750,0.928768
6751,0.847872
6752,0.914432
6753,0.921600
6754,0.952320
6755,0.890880
6756,0.906240
6757,0.954368
6758,0.922624
6759,0.874496
6760,0.860160
6761,0.914432
6762,0.885760
6763,0.935936
6764,0.894976
6765,0.900096
6766,0.927744
6767,0.954368
6768,0.923648
6769,0.917504
6770,0.967680
6771,0.936960
6772,0.955392
6773,0.886784
6774,0.642048
6775,0.467968
6776,0.353280
6777,0.304128
6778,0.314368
6779,0.208896
6780,0.204800
6781,0.190464
6782,0.201728
6783,0.796672
6784,0.945152
6785,0.937984
6786,0.875520
6787,0.963584
6788,0.910336
6789,0.955392
6790,0.918528
6791,0.913408
6792,0.931840
6793,0.876544
6794,0.903168
6795,0.910336
6796,0.933888
6797,0.880640
6798,0.892928
6799,0.921600
6800,0.953344
6801,0.952320
6802,0.887808
6803,0.940032
6804,0.970752
6805,0.926720
6806,0.889856
6807,0.932864
6808,0.879616
6809,0.936960
6810,0.903168
6811,0.927744
6812,0.915456
6813,0.871424
6814,0.894976
6815,0.943104
6816,0.910336
6817,0.960512
6818,0.863232
6819,0.932864
6820,0.886784
6821,0.871424
6822,0.905216
6823,0.874496
6824,0.916480
6825,0.864256
6826,0.904192
6827,0.902144
6828,0.912384
6829,0.894976
6830,0.878592
6831,0.937984
6832,0.946176
6833,0.878592
6834,0.869376
6835,1.026048
6836,0.892928
6837,0.700416
6838,0.860160
6839,0.884736
6840,0.883712
6841,0.858112
6842,0.928768
6843,0.924672
6844,0.920576
6845,0.922624
6846,0.916480
6847,0.659456
6848,0.521216
6849,0.485376
6850,0.832512
6851,0.912384
6852,0.931840
6853,0.918528
6854,0.925696
6855,0.973824
6856,0.855040
6857,0.906240
6858,0.950272
6859,0.874496
6860,0.927744
6861,0.942080
6862,0.916480
6863,0.909312
6864,0.905216
6865,0.890880
6866,0.930816
6867,0.919552
6868,0.933888
6869,0.887808
6870,0.940032
6871,0.891904
6872,0.946176
6873,0.915456
6874,0.944128
6875,0.901120
6876,0.891904
6877,0.907264
6878,0.933888
6879,0.931840
6880,0.913408
6881,0.921600
6882,0.975872
6883,0.891904
6884,0.919552
6885,0.913408
6886,0.904192
6887,0.920576
6888,0.916480
6889,0.948224
6890,0.949248
6891,0.911360
6892,0.877568
6893,0.901120
6894,0.888832
6895,0.916480
6896,0.880640
6897,0.894976
6898,0.917504
6899,0.910336
6900,0.882688
6901,0.904192
6902,0.896000
6903,0.861184
6904,0.753664
6905,0.878592
6906,0.955392
6907,0.917504
6908,0.897024
6909,0.912384
6910,0.896000
6911,0.912384
6912,0.921600
6913,0.932864
6914,0.820224
6915,0.636928
6916,0.919552
6917,0.902144
6918,0.873472
6919,0.894976
6920,0.864256
6921,0.838656
6922,0.886784
6923,0.896000
6924,0.906240
6925,0.959488
6926,0.867328
6927,0.913408
6928,0.915456
6929,0.923648
6930,0.909312
6931,0.934912
6932,0.939008
6933,0.892928
6934,0.886784
6935,0.906240
6936,0.894976
6937,0.893952
6938,0.878592
6939,0.911360
6940,0.948224
6941,0.967680
6942,0.956416
6943,0.928768
6944,0.900096
6945,0.907264
6946,0.893952
6947,0.930816
6948,0.906240
6949,0.926720
6950,0.905216
6951,0.930816
6952,0.942080
6953,0.905216
6954,0.893952
6955,0.869376
6956,0.911360
6957,0.932864
6958,0.972800
6959,0.926720
6960,0.896000
6961,0.899072
6962,0.892928
6963,0.884736
6964,0.961536
6965,0.875520
6966,0.953344
6967,0.866304
6968,0.865280
6969,0.953344
6970,0.880640
6971,0.888832
6972,0.913408
6973,0.946176
6974,0.930816
6975,0.892928
6976,0.881664
6977,0.904192
6978,0.959488
6979,0.896000
6980,0.681984
6981,0.733184
6982,0.928768
6983,0.877568
6984,0.944128
6985,0.914432
6986,0.882688
6987,0.948224
6988,0.927744
6989,0.898048
6990,0.944128
6991,0.947200
6992,0.882688
6993,0.945152
6994,0.882688
6995,0.931840
6996,0.891904
6997,0.933888
6998,0.846848
6999,0.869376
7000,0.883712
7001,0.846848
7002,0.863232
7003,0.867328
7004,0.900096
7005,0.882688
7006,0.943104
7007,0.926720
7008,0.913408
7009,0.929792
7010,0.912384
7011,0.886784
7012,0.925696
7013,0.919552
7014,0.879616
7015,0.874496
7016,0.894976
7017,0.919552
7018,0.905216
7019,0.876544
7020,0.923648
7021,0.876544
7022,0.928768
7023,0.939008
7024,0.850944
7025,0.885760
7026,0.950272
7027,0.856064
7028,0.947200
7029,0.942080
7030,0.885760
7031,0.901120
7032,0.950272
7033,0.888832
7034,0.902144
7035,0.897024
7036,0.902144
7037,0.904192
7038,0.893952
7039,0.889856
7040,0.910336
7041,0.913408
7042,0.837632
7043,0.929792
7044,0.882688
7045,0.873472
7046,0.686080
7047,0.423936
7048,0.428032
7049,0.901120
7050,0.983040
7051,0.921600
7052,0.879616
7053,0.942080
7054,0.910336
7055,0.925696
7056,0.892928
7057,0.900096
7058,0.942080
7059,0.913408
7060,0.944128
7061,0.956416
7062,0.917504
7063,0.953344
7064,0.916480
7065,0.893952
7066,0.917504
7067,0.911360
7068,0.911360
7069,0.927744
7070,0.917504
7071,0.941056
7072,0.912384
7073,0.872448
7074,0.934912
7075,0.943104
7076,0.947200
7077,0.901120
7078,0.927744
7079,0.916480
7080,0.945152
7081,0.909312
7082,0.899072
7083,0.932864
7084,0.929792
7085,0.888832
7086,0.884736
7087,0.888832
7088,0.916480
7089,0.918528
7090,0.913408
7091,0.922624
7092,0.930816
7093,0.905216
7094,0.990208
7095,0.897024
7096,0.929792
7097,0.903168
7098,0.939008
7099,0.909312
7100,0.904192
7101,0.963584
7102,0.904192
7103,0.930816
7104,0.946176
7105,0.944128
7106,0.884736
7107,0.935936
7108,0.925696
7109,0.914432
7110,0.900096
7111,0.935936
7112,0.812032
7113,0.564224
7114,0.414720
7115,0.325632
7116,0.271360
7117,0.257024
7118,0.209920
7119,0.189440
7120,0.202752
7121,0.203776
7122,0.808960
7123,0.894976
7124,0.962560
7125,0.948224
7126,0.875520
7127,0.929792
7128,0.919552
7129,0.864256
7130,0.896000
7131,0.913408
7132,0.881664
7133,0.911360
7134,0.894976
7135,0.898048
7136,0.857088
7137,0.894976
7138,0.939008
7139,0.882688
7140,0.902144
7141,0.906240
7142,0.839680
7143,0.685056
7144,0.841728
7145,0.951296
7146,0.904192
7147,0.894976
7148,0.868352
7149,0.881664
7150,0.946176
7151,0.967680
7152,0.886784
7153,0.947200
7154,0.892928
7155,0.922624
7156,0.949248
7157,0.702464
7158,0.925696
7159,0.915456
7160,0.905216
7161,0.916480
7162,0.926720
7163,0.927744
7164,0.889856
7165,0.908288
7166,0.914432
7167,0.896000
7168,0.866304
7169,0.868352
7170,0.906240
7171,0.924672
7172,0.904192
7173,0.935936
7174,0.889856
7175,0.911360
7176,0.915456
7177,0.954368
7178,0.912384
7179,0.898048
7180,0.909312
7181,0.913408
7182,0.907264
7183,0.945152
7184,0.963584
7185,0.942080
7186,0.832512
7187,0.887808
7188,0.916480
7189,0.973824
7190,0.935936
7191,0.924672
7192,0.891904
7193,0.956416
7194,0.905216
7195,0.909312
7196,0.946176
7197,0.925696
7198,0.946176
7199,0.934912
7200,0.933888
7201,0.937984
7202,0.916480
7203,0.900096
7204,0.943104
7205,0.924672
7206,0.880640
7207,0.919552
7208,0.921600
7209,0.894976
7210,0.937984
7211,0.929792
7212,0.872448
7213,0.948224
7214,0.886784
7215,0.923648
7216,0.893952
7217,0.950272
7218,0.858112
7219,1.188864
7220,0.940032
7221,0.891904
7222,0.917504
7223,0.915456
7224,0.889856
7225,0.958464
7226,0.917504
7227,0.957440
7228,0.897024
7229,0.918528
7230,0.950272
7231,0.927744
7232,0.898048
7233,0.973824
7234,0.893952
7235,0.932864
7236,0.921600
7237,0.925696
7238,0.966656
7239,0.926720
7240,0.883712
7241,0.945152
7242,0.934912
7243,0.897024
7244,0.936960
7245,0.891904
7246,0.911360
7247,0.878592
7248,0.898048
7249,0.751616
7250,0.798720
7251,0.984064
7252,0.845824
7253,0.873472
7254,0.912384
7255,0.889856
7256,0.906240
7257,0.916480
7258,0.914432
7259,0.952320
7260,0.911360
7261,0.914432
7262,0.941056
7263,0.912384
7264,0.892928
7265,0.948224
7266,0.942080
7267,0.905216
7268,0.934912
7269,0.920576
7270,0.942080
7271,0.902144
7272,0.900096
7273,0.928768
7274,0.896000
7275,0.949248
7276,0.953344
7277,0.897024
7278,0.972800
7279,0.920576
7280,0.893952
7281,0.920576
7282,0.937984
7283,0.921600
7284,0.910336
7285,0.904192
7286,0.843776
7287,0.881664
7288,0.900096
7289,0.844800
7290,0.858112
7291,0.910336
7292,0.937984
7293,0.866304
7294,0.930816
7295,0.918528
7296,0.942080
7297,0.939008
7298,0.986112
7299,0.925696
7300,0.888832
7301,0.892928
7302,0.939008
7303,0.900096
7304,0.905216
7305,0.889856
7306,0.931840
7307,0.955392
7308,0.887808
7309,0.941056
7310,0.897024
7311,0.902144
7312,0.913408
7313,0.910336
7314,0.861184
7315,0.618496
7316,0.473088
7317,0.764928
7318,0.910336
7319,0.944128
7320,0.928768
7321,0.939008
7322,0.966656
7323,0.922624
7324,0.862208
7325,0.811008
7326,0.962560
7327,0.864256
7328,0.947200
7329,0.900096
7330,0.907264
7331,0.910336
7332,0.919552
7333,0.926720
7334,0.940032
7335,0.919552
7336,0.904192
7337,0.942080
7338,0.911360
7339,0.984064
7340,0.889856
7341,0.924672
7342,0.914432
7343,0.909312
7344,0.904192
7345,0.911360
7346,0.915456
7347,0.896000
7348,0.957440
7349,0.929792
7350,0.926720
7351,0.901120
7352,0.905216
7353,0.918528
7354,0.947200
7355,0.874496
7356,0.919552
7357,0.953344
7358,0.934912
7359,0.917504
7360,0.932864
7361,0.918528
7362,0.947200
7363,0.931840
7364,0.937984
7365,0.929792
7366,0.955392
7367,0.885760
7368,0.945152
7369,0.902144
7370,0.916480
7371,0.880640
7372,0.898048
7373,0.896000
7374,0.817152
7375,0.828416
7376,0.871424
7377,0.950272
7378,0.902144
7379,0.909312
7380,0.896000
7381,0.641024
7382,0.642048
7383,0.586752
7384,0.590848
7385,0.555008
7386,0.278528
7387,0.273408
7388,0.281600
7389,0.274432
7390,0.290816
7391,0.210944
7392,0.846848
7393,0.965632
7394,0.923648
7395,0.957440
7396,0.905216
7397,0.877568
7398,0.917504
7399,0.906240
7400,0.877568
7401,0.897024
7402,0.919552
7403,0.906240
7404,0.897024
7405,0.889856
7406,0.918528
7407,0.917504
7408,0.910336
7409,0.885760
7410,0.914432
7411,0.960512
7412,0.885760
7413,0.858112
7414,0.918528
7415,0.913408
7416,0.884736
7417,0.952320
7418,0.876544
7419,0.950272
7420,0.896000
7421,0.909312
7422,0.974848
7423,0.882688
7424,0.909312
7425,0.871424
7426,0.953344
7427,0.964608
7428,0.932864
7429,0.883712
7430,0.940032
7431,0.909312
7432,0.954368
7433,0.920576
7434,0.936960
7435,0.931840
7436,0.876544
7437,0.897024
7438,0.878592
7439,0.929792
7440,0.877568
7441,0.879616
7442,0.880640
7443,0.943104
7444,0.889856
7445,0.896000
7446,0.913408
7447,0.907264
7448,0.941056
7449,0.896000
7450,0.964608
7451,0.935936
7452,0.944128
7453,0.977920
7454,0.923648
7455,0.855040
7456,0.679936
7457,0.489472
7458,0.892928
7459,0.897024
7460,0.942080
7461,0.902144
7462,0.874496
7463,0.900096
7464,0.926720
7465,0.960512
7466,0.936960
7467,0.891904
7468,0.931840
7469,0.963584
7470,0.823296
7471,0.909312
7472,0.904192
7473,0.917504
7474,0.911360
7475,0.870400
7476,0.889856
7477,0.949248
7478,0.906240
7479,0.880640
7480,0.876544
7481,0.916480
7482,0.954368
7483,0.913408
7484,0.892928
7485,0.929792
7486,0.893952
7487,0.873472
7488,0.880640
7489,0.870400
7490,0.935936
7491,0.829440
7492,0.860160
7493,0.892928
7494,0.903168
7495,0.927744
7496,0.914432
7497,0.934912
7498,0.918528
7499,0.889856
7500,0.896000
7501,0.888832
7502,0.934912
7503,0.954368
7504,0.903168
7505,0.953344
7506,0.887808
7507,0.908288
7508,0.933888
7509,0.939008
7510,0.911360
7511,0.952320
7512,0.927744
7513,0.885760
7514,0.928768
7515,0.917504
7516,0.918528
7517,0.916480
7518,0.915456
7519,0.975872
7520,0.956416
7521,0.951296
7522,0.875520
7523,0.688128
7524,0.381952
7525,0.344064
7526,0.881664
7527,0.923648
7528,0.896000
7529,0.910336
7530,0.937984
7531,0.908288
7532,0.914432
7533,0.923648
7534,0.891904
7535,0.910336
7536,0.907264
7537,1.014784
7538,0.795648
7539,1.078272
7540,0.706560
7541,0.857088
7542,1.032192
7543,0.766976
7544,0.653312
7545,0.892928
7546,0.882688
7547,0.945152
7548,0.896000
7549,0.936960
7550,0.917504
7551,0.939008
7552,0.911360
7553,0.922624
7554,0.943104
7555,0.855040
7556,0.888832
7557,0.906240
7558,0.900096
7559,0.913408
7560,0.906240
7561,0.912384
7562,0.904192
7563,0.900096
7564,0.909312
7565,0.954368
7566,0.902144
7567,0.883712
7568,0.922624
7569,0.933888
7570,0.940032
7571,0.888832
7572,0.892928
7573,0.880640
7574,0.929792
7575,0.905216
7576,0.884736
7577,0.908288
7578,0.878592
7579,0.930816
7580,0.884736
7581,0.930816
7582,0.873472
7583,0.876544
7584,0.860160
7585,0.937984
7586,0.940032
7587,0.902144
7588,0.928768
7589,0.643072
7590,0.941056
7591,0.925696
7592,0.883712
7593,0.889856
7594,0.830464
7595,0.861184
7596,0.847872
7597,0.871424
7598,0.920576
7599,0.887808
7600,0.940032
7601,0.845824
7602,0.944128
7603,0.851968
7604,0.893952
7605,0.905216
7606,0.883712
7607,0.913408
7608,0.797696
7609,0.871424
7610,0.834560
7611,0.865280
7612,0.880640
7613,0.902144
7614,0.876544
7615,0.873472
7616,0.879616
7617,0.900096
7618,0.873472
7619,0.890880
7620,0.976896
7621,0.898048
7622,0.918528
7623,0.943104
7624,0.894976
7625,0.906240
7626,1.032192
7627,0.863232
7628,0.931840
7629,0.930816
7630,0.932864
7631,0.902144
7632,0.917504
7633,0.861184
7634,0.917504
7635,0.878592
7636,0.928768
7637,0.921600
7638,0.917504
7639,0.904192
7640,0.950272
7641,0.857088
7642,0.922624
7643,0.903168
7644,0.921600
7645,0.874496
7646,0.871424
7647,0.862208
7648,0.921600
7649,0.916480
7650,0.893952
7651,0.909312
7652,0.952320
7653,0.865280
7654,0.656384
7655,0.720896
7656,0.930816
7657,0.868352
7658,0.903168
7659,0.914432
7660,0.943104
7661,0.937984
7662,0.923648
7663,0.923648
7664,0.910336
7665,0.931840
7666,0.902144
7667,0.884736
7668,0.835584
7669,0.829440
7670,0.867328
7671,0.866304
7672,0.908288
7673,0.930816
7674,0.903168
7675,0.902144
7676,0.900096
7677,0.869376
7678,0.946176
7679,0.862208
7680,0.926720
7681,0.893952
7682,0.926720
7683,0.871424
7684,0.846848
7685,0.861184
7686,0.917504
7687,0.911360
7688,0.937984
7689,0.942080
7690,0.943104
7691,0.893952
7692,0.920576
7693,0.920576
7694,0.926720
7695,0.886784
7696,0.912384
7697,0.923648
7698,1.052672
7699,0.582656
7700,0.882688
7701,0.889856
7702,0.860160
7703,0.859136
7704,0.902144
7705,0.954368
7706,0.885760
7707,0.952320
7708,0.916480
7709,0.937984
7710,0.950272
7711,0.878592
7712,0.936960
7713,0.958464
7714,0.879616
7715,0.909312
7716,0.959488
7717,0.846848
7718,0.954368
7719,0.933888
7720,0.755712
7721,0.461824
7722,0.422912
7723,0.408576
7724,0.889856
7725,0.907264
7726,0.891904
7727,0.929792
7728,0.899072
7729,0.906240
7730,0.911360
7731,0.911360
7732,0.880640
7733,0.898048
7734,0.923648
7735,0.920576
7736,0.913408
7737,0.886784
7738,0.933888
7739,0.891904
7740,0.883712
7741,0.933888
7742,0.947200
7743,0.940032
7744,0.919552
7745,0.920576
7746,0.884736
7747,0.939008
7748,0.935936
7749,0.924672
7750,0.916480
7751,0.955392
7752,0.910336
7753,0.914432
7754,0.989184
7755,0.896000
7756,0.941056
7757,0.932864
7758,0.900096
7759,0.894976
7760,0.896000
7761,0.886784
7762,0.870400
7763,0.910336
7764,0.872448
7765,0.873472
7766,0.858112
7767,0.926720
7768,0.891904
7769,0.914432
7770,0.890880
7771,0.869376
7772,0.971776
7773,0.914432
7774,0.922624
7775,0.925696
7776,0.898048
7777,0.971776
7778,0.934912
7779,0.915456
7780,0.902144
7781,0.957440
7782,0.903168
7783,0.920576
7784,0.941056
7785,0.913408
7786,0.883712
7787,0.936960
7788,0.771072
7789,0.459776
7790,0.784384
7791,0.934912
7792,0.903168
7793,0.960512
7794,0.941056
7795,0.900096
7796,0.923648
7797,0.922624
7798,0.907264
7799,0.926720
7800,0.921600
7801,0.903168
7802,0.915456
7803,0.914432
7804,0.888832
7805,0.946176
7806,0.934912
7807,0.893952
7808,0.876544
7809,0.927744
7810,0.889856
7811,0.916480
7812,0.889856
7813,0.929792
7814,0.918528
7815,0.831488
7816,0.855040
7817,0.834560
7818,0.852992
7819,0.910336
7820,0.920576
7821,0.879616
7822,0.946176
7823,0.936960
7824,0.893952
7825,0.887808
7826,0.925696
7827,0.939008
7828,0.942080
7829,0.974848
7830,0.913408
7831,0.909312
7832,0.933888
7833,0.891904
7834,0.891904
7835,0.903168
7836,0.916480
7837,0.842752
7838,0.829440
7839,0.911360
7840,0.903168
7841,0.894976
7842,0.885760
7843,0.929792
7844,0.922624
7845,1.015808
7846,0.953344
7847,0.893952
7848,0.908288
7849,0.928768
7850,0.918528
7851,0.928768
7852,0.892928
7853,0.832512
7854,0.628736
7855,0.524288
7856,0.518144
7857,0.307200
7858,0.270336
7859,0.259072
7860,0.242688
7861,0.269312
7862,0.257024
7863,0.257024
7864,0.246784
7865,0.230400
7866,0.242688
7867,0.209920
7868,0.863232
7869,0.959488
7870,0.911360
7871,0.969728
7872,0.960512
7873,0.937984
7874,0.932864
7875,0.937984
7876,0.943104
7877,0.930816
7878,0.937984
7879,0.916480
7880,0.953344
7881,0.897024
7882,0.963584
7883,0.923648
7884,0.914432
7885,0.943104
7886,0.956416
7887,0.888832
7888,0.943104
7889,0.915456
7890,0.903168
7891,0.893952
7892,0.936960
7893,0.940032
7894,0.883712
7895,0.924672
7896,0.950272
7897,0.889856
7898,0.954368
7899,0.947200
7900,0.882688
7901,0.954368
7902,0.898048
7903,0.943104
7904,0.921600
7905,0.838656
7906,0.940032
7907,0.936960
7908,0.935936
7909,0.943104
7910,0.870400
7911,0.922624
7912,0.937984
7913,0.958464
7914,0.872448
7915,0.973824
7916,0.880640
7917,0.932864
7918,0.940032
7919,0.931840
7920,0.901120
7921,0.934912
7922,0.921600
7923,0.936960
7924,0.917504
7925,0.956416
7926,0.908288
7927,0.942080
7928,0.937984
7929,0.924672
7930,0.926720
7931,0.932864
7932,0.760832
7933,0.986112
7934,0.901120
7935,0.937984
7936,0.922624
7937,0.892928
7938,0.976896
7939,0.913408
7940,0.914432
7941,0.917504
7942,0.919552
7943,0.958464
7944,0.947200
7945,0.928768
7946,0.610304
7947,0.849920
7948,0.917504
7949,0.926720
7950,0.923648
7951,0.947200
7952,0.908288
7953,0.933888
7954,0.916480
7955,0.908288
7956,0.878592
7957,0.924672
7958,0.898048
7959,0.920576
7960,0.948224
7961,0.923648
7962,0.911360
7963,0.950272
7964,0.906240
7965,0.856064
7966,0.888832
7967,0.926720
7968,0.943104
7969,0.911360
7970,0.920576
7971,0.849920
7972,0.928768
7973,0.944128
7974,0.985088
7975,0.888832
7976,0.912384
7977,0.907264
7978,0.935936
7979,0.888832
7980,0.957440
7981,0.904192
7982,0.918528
7983,0.930816
7984,0.976896
7985,0.904192
7986,0.940032
7987,0.871424
7988,0.945152
7989,0.890880
7990,0.946176
7991,0.882688
7992,0.906240
7993,0.918528
7994,0.818176
7995,0.855040
7996,0.703488
7997,0.607232
7998,0.553984
7999,0.482304
8000,0.462848
8001,0.823296
8002,0.899072
8003,0.906240
8004,0.931840
8005,0.914432
8006,0.951296
8007,0.910336
8008,0.704512
8009,0.774144
8010,0.918528
8011,0.922624
8012,0.892928
8013,0.929792
8014,0.915456
8015,0.943104
8016,0.873472
8017,0.883712
8018,0.909312
8019,0.905216
8020,0.882688
8021,0.887808
8022,0.908288
8023,0.940032
8024,0.834560
8025,0.901120
8026,0.896000
8027,0.915456
8028,0.867328
8029,0.902144
8030,0.929792
8031,0.873472
8032,0.935936
8033,0.939008
8034,0.904192
8035,0.915456
8036,0.910336
8037,0.907264
8038,0.913408
8039,0.890880
8040,0.918528
8041,0.933888
8042,0.910336
8043,0.905216
8044,0.920576
8045,0.859136
8046,0.878592
8047,0.890880
8048,0.863232
8049,0.872448
8050,0.884736
8051,0.933888
8052,0.905216
8053,0.924672
8054,0.898048
8055,0.901120
8056,0.919552
8057,0.882688
8058,0.914432
8059,0.940032
8060,0.922624
8061,0.908288
8062,0.936960
8063,0.934912
8064,0.942080
8065,0.838656
8066,0.698368
8067,0.952320
8068,0.868352
8069,0.943104
8070,0.907264
8071,0.940032
8072,0.902144
8073,0.943104
8074,0.806912
8075,0.934912
8076,0.903168
8077,0.906240
8078,0.912384
8079,0.929792
8080,0.871424
8081,0.868352
8082,0.879616
8083,0.911360
8084,0.887808
8085,0.953344
8086,0.916480
8087,0.883712
8088,0.893952
8089,0.927744
8090,0.908288
8091,0.918528
8092,0.932864
8093,0.903168
8094,0.891904
8095,0.903168
8096,0.921600
8097,0.819200
8098,0.883712
8099,0.944128
8100,0.877568
8101,0.940032
8102,0.911360
8103,0.897024
8104,0.919552
8105,0.879616
8106,0.942080
8107,0.935936
8108,0.907264
8109,0.862208
8110,0.913408
8111,0.882688
8112,0.880640
8113,0.842752
8114,0.936960
8115,0.919552
8116,0.926720
8117,0.898048
8118,0.901120
8119,0.920576
8120,0.906240
8121,0.902144
8122,0.902144
8123,0.904192
8124,0.973824
8125,0.978944
8126,0.897024
8127,0.916480
8128,0.901120
8129,0.887808
8130,0.949248
8131,0.602112
8132,0.890880
8133,0.919552
8134,0.849920
8135,0.857088
8136,0.813056
8137,0.915456
8138,0.935936
8139,0.913408
8140,0.884736
8141,0.896000
8142,0.942080
8143,0.883712
8144,0.934912
8145,0.932864
8146,0.928768
8147,0.923648
8148,0.898048
8149,0.866304
8150,0.968704
8151,0.872448
8152,0.863232
8153,0.920576
8154,0.926720
8155,0.919552
8156,0.912384
8157,0.914432
8158,0.929792
8159,0.917504
8160,0.913408
8161,0.919552
8162,0.862208
8163,0.912384
8164,0.955392
8165,0.905216
8166,0.924672
8167,0.937984
8168,0.878592
8169,0.932864
8170,0.880640
8171,0.919552
8172,0.954368
8173,0.899072
8174,0.946176
8175,0.928768
8176,0.867328
8177,0.912384
8178,0.888832
8179,0.910336
8180,0.883712
8181,0.886784
8182,0.910336
8183,0.914432
8184,0.922624
8185,0.937984
8186,0.885760
8187,0.917504
8188,0.943104
8189,0.889856
8190,0.890880
8191,0.875520
8192,0.842752
8193,0.899072
8194,0.924672
8195,0.888832
8196,0.916480
8197,0.565248
8198,0.873472
8199,0.867328
8200,0.825344
8201,0.901120
8202,0.917504
8203,0.833536
8204,0.863232
8205,0.920576
8206,0.884736
8207,0.888832
8208,0.904192
8209,0.890880
8210,0.887808
8211,0.911360
8212,0.868352
8213,0.904192
8214,0.910336
8215,0.929792
8216,0.894976
8217,0.894976
8218,0.919552
8219,0.883712
8220,0.925696
8221,0.914432
8222,0.912384
8223,0.881664
8224,0.893952
8225,0.900096
8226,0.948224
8227,0.850944
8228,0.959488
8229,0.893952
8230,0.882688
8231,0.926720
8232,0.927744
8233,0.923648
8234,0.926720
8235,0.959488
8236,0.907264
8237,0.905216
8238,0.926720
8239,1.081344
8240,0.893952
8241,0.917504
8242,0.911360
8243,0.927744
8244,0.943104
8245,0.920576
8246,0.912384
8247,0.881664
8248,0.880640
8249,0.828416
8250,1.020928
8251,0.809984
8252,0.945152
8253,0.930816
8254,0.906240
8255,0.907264
8256,0.911360
8257,0.898048
8258,0.946176
8259,0.922624
8260,0.885760
8261,0.823296
8262,0.740352
8263,0.693248
8264,0.921600
8265,0.924672
8266,0.924672
8267,0.901120
8268,0.892928
8269,0.882688
8270,0.941056
8271,0.894976
8272,0.879616
8273,0.897024
8274,0.855040
8275,0.859136
8276,0.880640
8277,0.862208
8278,0.925696
8279,0.904192
8280,0.937984
8281,0.870400
8282,0.934912
8283,0.914432
8284,0.879616
8285,0.917504
8286,0.886784
8287,0.931840
8288,0.890880
8289,0.871424
8290,0.852992
8291,0.883712
8292,0.922624
8293,0.880640
8294,0.867328
8295,0.942080
8296,0.896000
8297,0.931840
8298,0.863232
8299,0.921600
8300,0.912384
8301,0.912384
8302,0.930816
8303,0.951296
8304,0.889856
8305,0.959488
8306,0.931840
8307,0.916480
8308,0.944128
8309,0.936960
8310,0.942080
8311,0.881664
8312,0.909312
8313,0.954368
8314,0.937984
8315,0.899072
8316,1.065984
8317,0.856064
8318,0.947200
8319,0.849920
8320,0.899072
8321,0.947200
8322,0.877568
8323,0.877568
8324,0.910336
8325,0.889856
8326,0.877568
8327,0.850944
8328,0.655360
8329,0.379904
8330,0.377856
8331,0.361472
8332,0.353280
8333,0.354304
8334,0.323584
8335,0.363520
8336,0.269312
8337,0.167936
8338,0.159744
8339,0.158720
8340,0.160768
8341,0.160768
8342,0.869376
8343,0.856064
8344,0.951296
8345,0.883712
8346,0.896000
8347,0.915456
8348,0.906240
8349,0.890880
8350,0.882688
8351,0.923648
8352,0.966656
8353,0.890880
8354,0.858112
8355,0.884736
8356,0.910336
8357,0.896000
8358,0.894976
8359,0.889856
8360,0.937984
8361,0.891904
8362,0.903168
8363,0.873472
8364,0.864256
8365,0.859136
8366,0.817152
8367,0.903168
8368,0.908288
8369,0.847872
8370,0.896000
8371,0.893952
8372,0.890880
8373,0.884736
8374,0.882688
8375,0.866304
8376,0.947200
8377,0.892928
8378,0.953344
8379,0.868352
8380,0.868352
8381,0.889856
8382,0.837632
8383,0.924672
8384,0.906240
8385,0.884736
8386,0.955392
8387,0.954368
8388,0.931840
8389,0.875520
8390,0.924672
8391,0.888832
8392,0.888832
8393,0.910336
8394,0.872448
8395,0.878592
8396,0.850944
8397,0.888832
8398,0.864256
8399,0.952320
8400,0.901120
8401,0.873472
8402,0.918528
8403,0.946176
8404,0.884736
8405,0.931840
8406,0.916480
8407,0.781312
8408,0.524288
8409,0.400384
8410,0.381952
8411,0.331776
8412,0.302080
8413,0.332800
8414,0.272384
8415,0.211968
8416,0.208896
8417,0.232448
8418,0.169984
8419,0.877568
8420,0.873472
8421,0.922624
8422,0.888832
8423,0.914432
8424,0.889856
8425,0.897024
8426,0.865280
8427,0.907264
8428,0.892928
8429,0.886784
8430,0.907264
8431,0.900096
8432,0.875520
8433,0.926720
8434,0.886784
8435,0.921600
8436,0.903168
8437,0.890880
8438,0.901120
8439,0.891904
8440,0.869376
8441,0.905216
8442,0.926720
8443,0.907264
8444,0.883712
8445,0.887808
8446,0.921600
8447,0.832512
8448,0.867328
8449,0.883712
8450,0.912384
8451,0.890880
8452,0.905216
8453,0.863232
8454,0.856064
8455,0.861184
8456,0.929792
8457,0.855040
8458,0.825344
8459,0.840704
8460,0.946176
8461,0.934912
8462,0.891904
8463,0.918528
8464,0.926720
8465,0.897024
8466,0.894976
8467,0.921600
8468,0.932864
8469,0.891904
8470,0.910336
8471,0.902144
8472,0.909312
8473,0.911360
8474,0.912384
8475,0.894976
8476,0.864256
8477,0.850944
8478,0.868352
8479,0.914432
8480,0.904192
8481,0.889856
8482,0.896000
8483,0.806912
8484,0.532480
8485,0.495616
8486,0.498688
8487,0.744448
8488,0.881664
8489,0.945152
8490,0.882688
8491,0.945152
8492,0.872448
8493,0.832512
8494,0.935936
8495,0.892928
8496,0.898048
8497,0.899072
8498,0.899072
8499,0.917504
8500,0.868352
8501,0.865280
8502,0.920576
8503,0.876544
8504,2.350080
8505,2.508800
8506,0.754688
8507,0.849920
8508,0.876544
8509,0.877568
8510,0.842752
8511,0.869376
8512,0.861184
8513,0.849920
8514,0.854016
8515,0.914432
8516,0.906240
8517,0.919552
8518,0.878592
8519,0.876544
8520,0.921600
8521,0.882688
8522,0.916480
8523,0.951296
8524,0.891904
8525,0.876544
8526,0.911360
8527,0.925696
8528,0.899072
8529,0.898048
8530,0.860160
8531,0.897024
8532,0.907264
8533,0.923648
8534,0.870400
8535,0.906240
8536,0.880640
8537,0.849920
8538,0.872448
8539,0.871424
8540,0.843776
8541,0.902144
8542,3.388416
8543,0.920576
8544,0.911360
8545,0.845824
8546,0.891904
8547,0.643072
8548,0.408576
8549,0.386048
8550,0.345088
8551,0.292864
8552,0.306176
8553,2.028544
8554,0.789504
8555,0.847872
8556,0.913408
8557,0.917504
8558,0.919552
8559,0.898048
8560,0.891904
8561,1.904640
8562,0.904192
8563,3.452928
8564,0.889856
8565,0.846848
8566,0.886784
8567,0.922624
8568,0.910336
8569,0.919552
8570,0.935936
8571,0.885760
8572,0.921600
8573,0.852992
8574,0.898048
8575,0.899072
8576,0.859136
8577,0.910336
8578,0.852992
8579,0.876544
8580,0.865280
8581,0.922624
8582,0.882688
8583,0.919552
8584,0.937984
8585,0.940032
8586,0.899072
8587,0.880640
8588,0.923648
8589,0.840704
8590,0.914432
8591,0.890880
8592,0.950272
8593,0.902144
8594,0.910336
8595,0.946176
8596,0.893952
8597,0.870400
8598,0.872448
8599,0.927744
8600,0.911360
8601,0.901120
8602,0.878592
8603,0.892928
8604,0.683008
8605,0.964608
8606,0.826368
8607,0.926720
8608,0.920576
8609,0.951296
8610,0.923648
8611,0.893952
8612,0.866304
8613,0.944128
8614,0.685056
8615,0.526336
8616,0.773120
8617,0.901120
8618,0.874496
8619,0.896000
8620,0.897024
8621,0.891904
8622,0.841728
8623,0.860160
8624,0.912384
8625,0.854016
8626,0.876544
8627,0.922624
8628,0.926720
8629,0.923648
8630,0.928768
8631,0.879616
8632,0.894976
8633,0.899072
8634,0.887808
8635,0.871424
8636,0.921600
8637,0.886784
8638,0.915456
8639,0.884736
8640,0.886784
8641,0.890880
8642,0.933888
8643,0.859136
8644,0.901120
8645,0.935936
8646,0.894976
8647,0.907264
8648,0.933888
8649,0.899072
8650,0.880640
8651,0.925696
8652,0.902144
8653,0.897024
8654,0.883712
8655,0.905216
8656,0.943104
8657,0.906240
8658,0.924672
8659,0.901120
8660,0.940032
8661,0.868352
8662,0.915456
8663,0.925696
8664,0.950272
8665,0.888832
8666,0.922624
8667,0.923648
8668,0.905216
8669,0.902144
8670,0.866304
8671,0.910336
8672,0.881664
8673,0.882688
8674,0.911360
8675,0.910336
8676,0.873472
8677,0.901120
8678,0.887808
8679,0.920576
8680,0.879616
8681,0.893952
8682,0.736256
8683,0.596992
8684,0.446464
8685,0.342016
8686,0.252928
8687,0.401408
8688,0.254976
8689,0.249856
8690,0.263168
8691,0.204800
8692,0.176128
8693,0.179200
8694,0.184320
8695,0.179200
8696,0.160768
8697,0.866304
8698,0.916480
8699,0.879616
8700,0.893952
8701,0.914432
8702,0.906240
8703,0.892928
8704,0.909312
8705,0.879616
8706,0.908288
8707,0.891904
8708,0.888832
8709,0.867328
8710,0.876544
8711,0.841728
8712,0.850944
8713,0.858112
8714,0.868352
8715,0.861184
8716,0.840704
8717,0.804864
8718,0.929792
8719,0.910336
8720,0.932864
8721,0.854016
8722,0.866304
8723,0.929792
8724,0.873472
8725,0.869376
8726,0.915456
8727,0.904192
8728,0.890880
8729,0.924672
8730,0.900096
8731,0.919552
8732,0.883712
8733,0.889856
8734,0.883712
8735,0.901120
8736,0.896000
8737,0.858112
8738,0.882688
8739,0.889856
8740,0.948224
8741,0.855040
8742,0.919552
8743,0.891904
8744,0.887808
8745,0.915456
8746,0.892928
8747,0.887808
8748,0.921600
8749,0.936960
8750,0.893952
8751,0.912384
8752,0.939008
8753,0.900096
8754,0.920576
8755,0.872448
8756,0.866304
8757,0.926720
8758,0.913408
8759,0.858112
8760,0.925696
8761,0.877568
8762,0.811008
8763,0.572416
8764,0.902144
8765,0.871424
8766,0.855040
8767,0.845824
8768,0.774144
8769,0.846848
8770,0.912384
8771,0.929792
8772,0.872448
8773,0.933888
8774,0.931840
8775,0.860160
8776,0.936960
8777,0.848896
8778,0.854016
8779,0.890880
8780,0.883712
8781,0.906240
8782,0.907264
8783,0.812032
8784,0.935936
8785,0.849920
8786,0.857088
8787,0.897024
8788,0.915456
8789,0.909312
8790,0.954368
8791,0.863232
8792,0.848896
8793,0.898048
8794,0.881664
8795,0.854016
8796,0.913408
8797,0.894976
8798,0.911360
8799,0.868352
8800,0.881664
8801,0.870400
8802,0.863232
8803,0.843776
8804,0.876544
8805,0.863232
8806,0.913408
8807,0.877568
8808,0.878592
8809,0.878592
8810,0.927744
8811,0.858112
8812,0.912384
8813,0.909312
8814,0.936960
8815,0.894976
8816,0.903168
8817,0.892928
8818,0.893952
8819,0.899072
8820,0.871424
8821,0.884736
8822,0.908288
8823,0.875520
8824,0.901120
8825,0.912384
8826,0.922624
8827,0.917504
8828,0.887808
8829,1.007616
8830,0.542720
8831,0.873472
8832,0.875520
8833,0.848896
8834,0.901120
8835,0.886784
8836,0.865280
8837,0.831488
8838,0.869376
8839,0.917504
8840,0.932864
8841,0.850944
8842,0.875520
8843,0.867328
8844,0.873472
8845,0.893952
8846,0.818176
8847,0.829440
8848,0.871424
8849,0.907264
8850,0.891904
8851,0.861184
8852,0.921600
8853,0.909312
8854,0.921600
8855,0.829440
8856,0.870400
8857,0.898048
8858,0.837632
8859,0.900096
8860,0.855040
8861,0.889856
8862,0.903168
8863,0.886784
8864,0.867328
8865,0.862208
8866,0.841728
8867,0.935936
8868,0.866304
8869,0.846848
8870,0.908288
8871,0.877568
8872,0.865280
8873,0.851968
8874,0.887808
8875,0.854016
8876,0.863232
8877,0.927744
8878,0.867328
8879,0.885760
8880,0.818176
8881,0.907264
8882,0.855040
8883,0.901120
8884,0.896000
8885,0.892928
8886,0.926720
8887,0.867328
8888,0.909312
8889,0.906240
8890,0.902144
8891,0.905216
8892,0.906240
8893,0.886784
8894,0.867328
8895,0.854016
8896,0.904192
8897,0.843776
8898,0.844800
8899,0.263168
8900,0.452608
8901,0.575488
8902,0.361472
8903,0.406528
8904,0.335872
8905,0.191488
8906,0.176128
8907,0.180224
8908,0.180224
8909,0.865280
8910,0.832512
8911,0.878592
8912,0.958464
8913,0.869376
8914,0.888832
8915,0.889856
8916,0.898048
8917,0.894976
8918,0.835584
8919,0.818176
8920,0.936960
8921,0.886784
8922,0.885760
8923,0.883712
8924,0.874496
8925,0.893952
8926,0.879616
8927,0.826368
8928,0.943104
8929,0.890880
8930,0.855040
8931,0.905216
8932,0.843776
8933,0.901120
8934,0.912384
8935,0.863232
8936,0.863232
8937,0.865280
8938,0.904192
8939,0.872448
8940,0.848896
8941,0.905216
8942,0.864256
8943,0.760832
8944,0.868352
8945,0.899072
8946,0.743424
8947,0.855040
8948,0.903168
8949,0.901120
8950,0.886784
8951,0.879616
8952,0.902144
8953,0.880640
8954,0.932864
8955,0.887808
8956,0.831488
8957,0.838656
8958,0.860160
8959,0.913408
8960,0.829440
8961,0.865280
8962,0.825344
8963,0.876544
8964,0.822272
8965,0.898048
8966,0.872448
8967,0.883712
8968,0.904192
8969,0.855040
8970,0.887808
8971,0.861184
8972,0.840704
8973,0.869376
8974,0.860160
8975,0.842752
8976,0.835584
8977,2.164736
8978,0.504832
8979,1.997824
8980,0.790528
8981,0.856064
8982,0.883712
8983,0.864256
8984,0.854016
8985,0.901120
8986,0.860160
8987,0.898048
8988,0.870400
8989,0.881664
8990,0.883712
8991,0.862208
8992,0.923648
8993,0.861184
8994,0.892928
8995,0.841728
8996,0.866304
8997,0.866304
8998,0.919552
8999,0.882688
9000,0.874496
9001,0.882688
9002,0.885760
9003,0.861184
9004,0.891904
9005,0.879616
9006,0.891904
9007,0.867328
9008,0.864256
9009,0.869376
9010,0.873472
9011,0.872448
9012,0.847872
9013,0.861184
9014,0.911360
9015,0.846848
9016,1.020928
9017,2.937856
9018,0.890880
9019,0.826368
9020,0.830464
9021,0.887808
9022,0.833536
9023,0.817152
9024,0.817152
9025,1.976320
9026,0.834560
9027,0.898048
9028,0.903168
9029,0.889856
9030,0.876544
9031,1.912832
9032,0.862208
9033,3.422208
9034,0.829440
9035,0.886784
9036,0.909312
9037,0.856064
9038,0.897024
9039,0.906240
9040,0.887808
9041,0.834560
9042,0.572416
9043,0.549888
9044,0.519168
9045,0.798720
9046,0.883712
9047,0.843776
9048,0.870400
9049,0.887808
9050,0.894976
9051,0.914432
9052,0.867328
9053,0.785408
9054,0.891904
9055,0.843776
9056,0.873472
9057,0.880640
9058,0.867328
9059,0.861184
9060,0.852992
9061,0.905216
9062,0.833536
9063,0.837632
9064,0.795648
9065,0.866304
9066,0.864256
9067,0.826368
9068,0.875520
9069,0.864256
9070,0.828416
9071,0.878592
9072,0.839680
9073,0.861184
9074,0.849920
9075,0.852992
9076,0.838656
9077,0.827392
9078,0.858112
9079,0.836608
9080,0.909312
9081,0.866304
9082,0.864256
9083,0.851968
9084,0.879616
9085,1.020928
9086,0.525312
9087,0.631808
9088,0.815104
9089,0.879616
9090,0.843776
9091,0.883712
9092,0.830464
9093,0.852992
9094,0.827392
9095,0.896000
9096,0.900096
9097,0.821248
9098,0.863232
9099,0.872448
9100,0.848896
9101,0.892928
9102,0.852992
9103,0.844800
9104,0.876544
9105,0.852992
9106,0.839680
9107,0.891904
9108,0.894976
9109,0.837632
9110,0.883712
9111,0.833536
9112,0.885760
9113,0.813056
9114,0.660480
9115,0.568320
9116,0.541696
9117,0.535552
9118,0.442368
9119,0.433152
9120,0.186368
9121,0.175104
9122,0.182272
9123,0.189440
9124,0.809984
9125,0.896000
9126,0.854016
9127,0.881664
9128,0.850944
9129,0.809984
9130,0.872448
9131,0.880640
9132,0.833536
9133,0.874496
9134,0.872448
9135,0.852992
9136,0.873472
9137,0.869376
9138,0.827392
9139,0.890880
9140,0.883712
9141,0.848896
9142,0.864256
9143,0.822272
9144,0.846848
9145,0.903168
9146,0.873472
9147,0.877568
9148,0.838656
9149,0.817152
9150,0.905216
9151,0.870400
9152,0.846848
9153,0.885760
9154,0.845824
9155,0.876544
9156,0.902144
9157,0.863232
9158,0.856064
9159,0.849920
9160,0.845824
9161,0.859136
9162,0.870400
9163,0.871424
9164,0.865280
9165,0.871424
9166,0.570368
9167,0.849920
9168,0.906240
9169,0.873472
9170,0.830464
9171,0.878592
9172,0.836608
9173,0.877568
9174,0.862208
9175,0.860160
9176,0.870400
9177,0.859136
9178,0.914432
9179,0.868352
9180,0.875520
9181,0.847872
9182,0.866304
9183,0.860160
9184,0.873472
9185,0.868352
9186,0.884736
9187,0.840704
9188,0.860160
9189,0.861184
9190,0.866304
9191,0.850944
9192,0.883712
9193,0.844800
9194,0.720896
9195,0.561152
9196,0.637952
9197,0.576512
9198,0.635904
9199,0.849920
9200,0.852992
9201,0.863232
9202,0.859136
9203,0.843776
9204,0.850944
9205,0.826368
9206,0.818176
9207,0.791552
9208,0.815104
9209,0.869376
9210,0.802816
9211,0.862208
9212,0.819200
9213,0.818176
9214,0.827392
9215,0.852992
9216,0.852992
9217,0.822272
9218,0.835584
9219,0.904192
9220,0.884736
9221,0.917504
9222,0.875520
9223,0.821248
9224,0.819200
9225,0.850944
9226,0.834560
9227,0.875520
9228,0.839680
9229,0.832512
9230,0.854016
9231,0.877568
9232,0.861184
9233,0.823296
9234,0.876544
9235,0.834560
9236,0.888832
9237,0.857088
9238,0.865280
9239,0.889856
9240,0.854016
9241,0.838656
9242,0.875520
9243,0.824320
9244,0.893952
9245,0.837632
9246,0.893952
9247,0.855040
9248,0.863232
9249,0.862208
9250,2.379776
9251,2.370560
9252,0.886784
9253,0.802816
9254,0.873472
9255,0.816128
9256,0.871424
9257,0.822272
9258,0.841728
9259,0.846848
9260,0.793600
9261,0.850944
9262,0.875520
9263,0.837632
9264,0.868352
9265,0.681984
9266,0.842752
9267,0.858112
9268,0.845824
9269,0.823296
9270,0.847872
9271,0.829440
9272,0.825344
9273,0.859136
9274,0.890880
9275,0.839680
9276,0.862208
9277,0.835584
9278,0.840704
9279,0.836608
9280,0.852992
9281,0.888832
9282,0.832512
9283,0.829440
9284,0.833536
9285,0.786432
9286,0.822272
9287,0.724992
9288,0.771072
9289,0.766976
9290,0.854016
9291,0.868352
9292,0.829440
9293,0.859136
9294,0.819200
9295,0.866304
9296,0.839680
9297,0.776192
9298,0.874496
9299,0.791552
9300,3.127296
9301,0.821248
9302,0.821248
9303,0.883712
9304,0.796672
9305,0.806912
9306,0.826368
9307,0.833536
9308,1.861632
9309,0.807936
9310,0.814080
9311,0.870400
9312,0.788480
9313,0.803840
9314,0.830464
9315,1.873920
9316,0.844800
9317,3.106816
9318,0.833536
9319,0.832512
9320,0.820224
9321,0.775168
9322,0.840704
9323,0.854016
9324,0.803840
9325,0.838656
9326,0.807936
9327,0.855040
9328,0.816128
9329,0.823296
9330,0.674816
9331,0.697344
9332,0.704512
9333,0.559104
9334,0.854016
9335,0.805888
9336,0.773120
9337,0.807936
9338,0.817152
9339,0.762880
9340,0.746496
9341,0.750592
9342,0.766976
9343,0.736256
9344,0.782336
9345,0.777216
9346,0.742400
9347,0.776192
9348,0.789504
9349,0.794624
9350,0.759808
9351,0.794624
9352,0.798720
9353,0.780288
9354,0.747520
9355,0.777216
9356,0.710656
9357,0.751616
9358,0.728064
9359,0.741376
9360,0.748544
9361,0.749568
9362,0.750592
9363,0.721920
9364,0.769024
9365,0.776192
9366,0.711680
9367,0.755712
9368,0.750592
9369,0.730112
9370,0.730112
9371,0.746496
9372,0.761856
9373,0.762880
9374,0.744448
9375,0.722944
9376,0.775168
9377,0.737280
9378,0.716800
9379,0.718848
9380,0.715776
9381,0.659456
9382,0.719872
9383,0.738304
9384,0.751616
9385,0.747520
9386,0.740352
9387,0.729088
9388,0.743424
9389,0.743424
9390,0.753664
9391,0.736256
9392,0.751616
9393,0.743424
9394,0.703488
9395,0.733184
9396,0.724992
9397,0.768000
9398,0.745472
9399,0.752640
9400,0.729088
9401,0.747520
9402,0.779264
9403,0.753664
9404,0.706560
9405,0.710656
9406,0.713728
9407,0.707584
9408,0.716800
9409,0.729088
9410,0.691200
9411,0.701440
9412,0.664576
9413,0.754688
9414,0.705536
9415,0.730112
9416,0.731136
9417,0.722944
9418,0.713728
9419,0.688128
9420,0.476160
9421,0.400384
9422,0.178176
9423,0.176128
9424,0.178176
9425,0.187392
9426,0.169984
9427,0.168960
9428,0.169984
9429,0.165888
9430,0.168960
9431,0.165888
9432,0.175104
9433,0.166912
9434,0.168960
9435,0.167936
9436,0.168960
9437,0.168960
9438,0.166912
9439,0.163840
9440,0.167936
9441,0.171008
9442,0.161792
9443,0.659456
9444,0.715776
9445,0.657408
9446,0.677888
9447,0.724992
9448,0.720896
9449,0.720896
9450,0.714752
9451,0.701440
9452,0.722944
9453,0.742400
9454,0.707584
9455,0.732160
9456,0.674816
9457,0.726016
9458,0.697344
9459,0.655360
9460,0.680960
9461,0.638976
9462,0.637952
9463,0.685056
9464,0.706560
9465,0.636928
9466,0.723968
9467,0.692224
9468,0.704512
9469,0.707584
9470,0.695296
9471,0.714752
9472,0.734208
9473,0.680960
9474,0.653312
9475,0.726016
9476,0.684032
9477,0.686080
9478,0.658432
9479,0.684032
9480,0.679936
9481,0.703488
9482,0.701440
9483,0.668672
9484,0.710656
9485,0.540672
9486,0.957440
9487,0.688128
9488,0.704512
9489,0.705536
9490,0.713728
9491,0.676864
9492,0.705536
9493,0.723968
9494,0.719872
9495,0.697344
9496,0.715776
9497,0.705536
9498,0.722944
9499,0.712704
9500,0.688128
9501,0.717824
9502,2.384896
9503,0.637952
9504,0.709632
9505,2.248704
9506,0.688128
9507,0.710656
9508,0.700416
9509,0.685056
9510,0.675840
9511,0.683008
9512,0.699392
9513,0.660480
9514,0.648192
9515,0.689152
9516,0.696320
9517,0.657408
9518,0.679936
9519,0.702464
9520,0.688128
9521,0.713728
9522,0.709632
9523,0.663552
9524,0.696320
9525,0.657408
9526,0.698368
9527,0.698368
9528,0.685056
9529,0.713728
9530,0.688128
9531,0.696320
9532,0.681984
9533,0.711680
9534,0.700416
9535,0.695296
9536,0.657408
9537,0.557056
9538,0.538624
9539,0.454656
9540,0.356352
9541,0.226304
9542,0.179200
9543,0.178176
9544,0.185344
9545,0.180224
9546,0.596992
9547,0.691200
9548,0.645120
9549,0.663552
9550,0.680960
9551,0.689152
9552,0.654336
9553,3.110912
9554,0.395264
9555,0.615424
9556,0.627712
9557,0.648192
9558,0.670720
9559,0.667648
9560,0.676864
9561,0.614400
9562,0.656384
9563,0.660480
9564,0.645120
9565,0.691200
9566,0.645120
9567,0.647168
9568,0.653312
9569,0.655360
9570,0.676864
9571,0.660480
9572,0.675840
9573,0.661504
9574,0.603136
9575,0.606208
9576,0.645120
9577,0.657408
9578,0.649216
9579,1.667072
9580,0.648192
9581,0.655360
9582,0.621568
9583,0.673792
9584,0.631808
9585,0.672768
9586,0.645120
9587,1.769472
9588,0.272384
9589,0.627712
9590,2.868224
9591,0.640000
9592,0.616448
9593,0.649216
9594,0.632832
9595,0.618496
9596,0.622592
9597,0.599040
9598,0.624640
9599,0.600064
9600,0.636928
9601,0.642048
9602,0.612352
9603,0.585728
9604,0.600064
9605,0.608256
9606,0.615424
9607,0.646144
9608,0.588800
9609,0.647168
9610,0.593920
9611,0.574464
9612,0.577536
9613,0.589824
9614,0.623616
9615,0.624640
9616,0.562176
9617,0.602112
9618,0.611328
9619,0.587776
9620,0.614400
9621,0.629760
9622,0.593920
9623,0.602112
9624,0.601088
9625,0.634880
9626,0.610304
9627,0.621568
9628,0.622592
9629,0.631808
9630,0.582656
9631,0.592896
9632,0.603136
9633,0.568320
9634,0.617472
9635,0.649216
9636,0.618496
9637,0.596992
9638,0.621568
9639,0.582656
9640,0.448512
9641,0.590848
9642,0.561152
9643,0.596992
9644,0.550912
9645,0.535552
9646,0.529408
9647,0.530432
9648,0.512000
9649,0.580608
9650,0.552960
9651,0.538624
9652,0.563200
9653,0.569344
9654,0.547840
9655,0.560128
9656,0.585728
9657,0.566272
9658,0.602112
9659,0.559104
9660,0.571392
9661,0.566272
9662,0.590848
9663,0.565248
9664,0.565248
9665,0.535552
9666,0.539648
9667,0.541696
9668,0.524288
9669,0.544768
9670,0.536576
9671,0.570368
9672,0.540672
9673,0.551936
9674,0.549888
9675,0.569344
9676,0.568320
9677,0.562176
9678,0.516096
9679,0.605184
9680,0.586752
9681,0.587776
9682,0.551936
9683,0.578560
9684,0.562176
9685,0.560128
9686,0.563200
9687,0.562176
9688,0.570368
9689,0.547840
9690,0.582656
9691,0.530432
9692,0.535552
9693,0.528384
9694,0.533504
9695,0.542720
9696,0.526336
9697,0.615424
9698,0.441344
9699,0.538624
9700,0.547840
9701,0.537600
9702,0.539648
9703,0.520192
9704,0.545792
9705,0.518144
9706,0.480256
9707,0.559104
9708,0.523264
9709,0.524288
9710,0.556032
9711,0.333824
9712,0.453632
9713,0.521216
9714,0.545792
9715,0.518144
9716,0.513024
9717,0.494592
9718,0.559104
9719,0.531456
9720,0.518144
9721,0.512000
9722,0.526336
9723,0.502784
9724,0.502784
9725,0.523264
9726,0.488448
9727,0.512000
9728,0.473088
9729,0.528384
9730,0.520192
9731,0.479232
9732,0.494592
9733,0.520192
9734,0.475136
9735,0.519168
9736,0.488448
9737,0.491520
9738,0.500736
9739,0.486400
9740,0.492544
9741,0.489472
9742,0.464896
9743,0.504832
9744,0.468992
9745,0.494592
9746,0.492544
9747,0.500736
9748,0.496640
9749,0.514048
9750,0.497664
9751,0.492544
9752,0.502784
9753,0.462848
9754,0.467968
9755,0.483328
9756,0.473088
9757,0.501760
9758,0.474112
9759,0.484352
9760,0.478208
9761,0.479232
9762,0.451584
9763,0.494592
9764,0.455680
9765,0.454656
9766,0.456704
9767,0.421888
9768,0.406528
9769,0.418816
9770,0.386048
9771,0.428032
9772,0.391168
9773,0.436224
9774,0.385024
9775,0.397312
9776,0.430080
9777,0.356352
9778,0.399360
9779,0.392192
9780,0.413696
9781,0.398336
9782,0.422912
9783,0.404480
9784,0.393216
9785,0.414720
9786,0.370688
9787,0.407552
9788,0.372736
9789,0.357376
9790,0.379904
9791,0.355328
9792,0.343040
9793,0.313344
9794,0.323584
9795,0.325632
9796,0.362496
9797,0.329728
9798,0.315392
9799,0.323584
9800,0.299008
9801,0.311296
9802,0.302080
9803,0.294912
9804,0.287744
9805,0.282624
9806,0.294912
9807,0.321536
9808,0.284672
9809,0.287744
9810,0.288768
9811,0.303104
9812,0.270336
9813,0.263168
9814,0.283648
9815,0.267264
9816,0.258048
9817,0.283648
9818,0.269312
9819,0.266240
9820,0.276480
9821,0.275456
9822,0.282624
9823,0.274432
9824,0.267264
9825,0.270336
9826,0.283648
9827,0.264192
9828,0.288768
9829,0.276480
9830,0.251904
9831,0.269312
9832,0.257024
9833,0.277504
9834,0.282624
9835,0.267264
9836,0.258048
9837,0.273408
9838,0.258048
9839,0.290816
9840,0.275456
9841,0.278528
9842,0.265216
9843,0.182272
9844,0.162816
9845,0.166912
9846,0.165888
9847,0.161792
9848,0.162816
9849,0.169984
9850,0.163840
9851,0.162816
9852,0.160768
9853,0.161792
9854,0.165888
9855,0.159744
9856,0.162816
9857,0.158720
9858,0.157696
9859,0.160768
9860,0.160768
9861,0.158720
9862,0.154624
9863,0.160768
9864,0.160768
9865,0.159744
9866,0.157696
9867,0.157696
9868,0.151552
9869,0.152576
9870,0.154624
9871,0.152576
9872,0.231424
9873,0.220160
9874,0.224256
9875,0.215040
9876,0.204800
9877,0.209920
9878,0.209920
9879,0.216064
9880,0.209920
9881,0.211968
9882,0.206848
9883,0.209920
9884,0.211968
9885,0.205824
9886,0.212992
9887,0.209920
9888,0.206848
9889,0.204800
9890,0.202752
9891,0.205824
9892,0.183296
9893,0.194560
9894,0.190464
9895,0.188416
9896,0.190464
9897,0.191488
9898,0.187392
9899,0.193536
9900,0.189440
9901,0.193536
9902,0.187392
9903,0.191488
9904,0.182272
9905,0.185344
9906,0.188416
9907,0.187392
9908,0.188416
9909,0.184320
9910,0.189440
9911,0.186368
9912,0.184320
9913,0.189440
9914,0.185344
9915,0.187392
9916,0.181248
9917,0.182272
9918,0.187392
9919,0.188416
9920,0.187392
9921,0.193536
9922,0.184320
9923,0.189440
9924,0.187392
9925,0.185344
9926,0.184320
9927,0.181248
9928,0.195584
9929,0.193536
9930,0.186368
9931,0.180224
9932,0.181248
9933,0.184320
9934,0.174080
9935,0.185344
9936,0.183296
9937,0.187392
9938,0.178176
9939,0.198656
9940,0.179200
9941,0.178176
9942,0.184320
9943,0.176128
9944,0.178176
9945,0.180224
9946,0.168960
9947,0.167936
9948,0.175104
9949,0.174080
9950,0.181248
9951,0.185344
9952,0.179200
9953,0.183296
9954,0.180224
9955,0.175104
9956,0.172032
9957,0.177152
9958,0.174080
9959,0.168960
9960,0.172032
9961,0.166912
9962,0.166912
9963,0.169984
9964,0.171008
9965,0.167936
9966,0.162816
9967,0.163840
9968,0.169984
9969,0.175104
9970,0.165888
9971,0.171008
9972,0.163840
9973,0.173056
9974,0.173056
9975,0.163840
9976,0.161792
9977,0.162816
9978,0.163840
9979,0.164864
9980,0.163840
9981,0.166912
9982,0.172032
9983,0.165888
9984,0.163840
9985,0.162816
9986,0.159744
9987,0.165888
9988,0.162816
9989,0.166912
9990,0.159744
9991,0.164864
9992,0.164864
9993,0.160768
9994,0.158720
9995,0.166912
9996,0.158720
9997,0.165888
9998,0.167936
9999,0.160768
