iter,ms
0,0.712704
1,0.695296
2,0.707584
3,0.754688
4,0.703488
5,0.705536
6,0.745472
7,0.679936
8,0.718848
9,0.721920
10,0.715776
11,0.688128
12,0.707584
13,0.742400
14,0.740352
15,0.694272
16,0.748544
17,0.711680
18,0.701440
19,0.721920
20,0.746496
21,0.712704
22,0.716800
23,0.689152
24,0.707584
25,0.678912
26,0.752640
27,0.705536
28,0.650240
29,0.755712
30,0.701440
31,0.716800
32,0.711680
33,0.729088
34,0.697344
35,0.730112
36,0.739328
37,0.706560
38,0.715776
39,0.755712
40,0.675840
41,0.731136
42,0.703488
43,0.661504
44,0.705536
45,0.721920
46,0.731136
47,0.711680
48,0.672768
49,0.758784
50,0.757760
51,0.751616
52,0.766976
53,0.784384
54,0.759808
55,0.623616
56,0.712704
57,0.745472
58,0.761856
59,0.699392
60,0.773120
61,0.741376
62,0.756736
63,0.787456
64,0.749568
65,0.730112
66,0.699392
67,0.760832
68,0.833536
69,0.723968
70,0.724992
71,0.823296
72,0.808960
73,0.851968
74,0.768000
75,0.837632
76,0.796672
77,0.785408
78,0.799744
79,0.771072
80,0.666624
81,0.574464
82,0.674816
83,0.315392
84,0.729088
85,0.906240
86,0.737280
87,0.504832
88,0.771072
89,0.866304
90,0.745472
91,0.841728
92,0.826368
93,0.771072
94,0.847872
95,0.822272
96,0.806912
97,0.825344
98,0.839680
99,0.830464
100,0.833536
101,0.821248
102,0.834560
103,0.860160
104,0.827392
105,0.799744
106,0.826368
107,0.834560
108,0.839680
109,0.754688
110,0.737280
111,0.786432
112,0.770048
113,0.831488
114,0.778240
115,0.798720
116,0.795648
117,0.812032
118,0.860160
119,0.759808
120,0.876544
121,0.803840
122,0.818176
123,0.824320
124,0.773120
125,0.826368
126,0.797696
127,0.816128
128,0.821248
129,0.813056
130,0.701440
131,0.799744
132,0.782336
133,0.848896
134,0.829440
135,0.835584
136,0.806912
137,0.844800
138,0.816128
139,0.844800
140,0.898048
141,0.822272
142,0.841728
143,0.859136
144,0.841728
145,0.828416
146,0.808960
147,0.859136
148,0.832512
149,0.842752
150,0.829440
151,0.859136
152,0.849920
153,0.757760
154,0.687104
155,0.659456
156,0.876544
157,0.833536
158,0.852992
159,0.806912
160,0.862208
161,0.846848
162,0.860160
163,0.843776
164,0.870400
165,0.842752
166,0.819200
167,0.835584
168,0.782336
169,0.811008
170,0.847872
171,0.865280
172,0.779264
173,0.859136
174,0.862208
175,0.874496
176,0.893952
177,0.927744
178,0.863232
179,0.792576
180,0.875520
181,0.910336
182,0.868352
183,0.848896
184,0.884736
185,0.880640
186,0.892928
187,0.879616
188,0.852992
189,0.918528
190,0.839680
191,0.826368
192,0.829440
193,0.884736
194,0.860160
195,0.870400
196,0.927744
197,0.875520
198,0.864256
199,0.990208
200,0.863232
201,0.894976
202,0.898048
203,0.709632
204,0.908288
205,0.903168
206,0.912384
207,0.844800
208,0.836608
209,0.884736
210,0.886784
211,0.860160
212,0.916480
213,0.845824
214,0.817152
215,0.892928
216,0.855040
217,0.942080
218,0.845824
219,0.919552
220,0.922624
221,0.863232
222,0.711680
223,0.698368
224,0.945152
225,0.890880
226,0.850944
227,0.939008
228,0.912384
229,0.917504
230,0.910336
231,0.886784
232,0.905216
233,0.948224
234,0.966656
235,0.887808
236,0.879616
237,0.911360
238,0.928768
239,0.878592
240,0.916480
241,0.872448
242,0.868352
243,0.950272
244,0.857088
245,0.948224
246,0.872448
247,0.861184
248,0.893952
249,0.906240
250,0.903168
251,0.949248
252,0.882688
253,0.905216
254,0.911360
255,0.917504
256,0.857088
257,0.941056
258,0.893952
259,0.893952
260,0.896000
261,0.911360
262,0.937984
263,0.924672
264,0.907264
265,0.886784
266,0.899072
267,0.899072
268,0.968704
269,0.887808
270,0.894976
271,0.913408
272,0.883712
273,0.901120
274,0.919552
275,0.900096
276,0.913408
277,0.931840
278,0.951296
279,0.947200
280,0.944128
281,0.911360
282,0.926720
283,0.888832
284,0.937984
285,0.915456
286,0.918528
287,0.844800
288,0.768000
289,0.610304
290,0.316416
291,0.241664
292,0.254976
293,0.248832
294,0.202752
295,0.210944
296,0.218112
297,0.214016
298,0.223232
299,0.217088
300,0.211968
301,0.201728
302,0.901120
303,0.891904
304,0.902144
305,0.934912
306,0.879616
307,0.920576
308,0.888832
309,0.955392
310,0.910336
311,0.928768
312,0.903168
313,0.869376
314,0.858112
315,0.892928
316,0.883712
317,0.894976
318,0.947200
319,1.006592
320,0.845824
321,0.909312
322,0.868352
323,0.924672
324,0.873472
325,0.953344
326,0.899072
327,0.929792
328,0.894976
329,0.888832
330,0.885760
331,0.879616
332,0.936960
333,0.869376
334,0.884736
335,0.914432
336,0.893952
337,0.913408
338,0.898048
339,0.911360
340,0.931840
341,0.956416
342,0.968704
343,0.917504
344,0.936960
345,0.918528
346,0.901120
347,0.919552
348,0.918528
349,0.901120
350,0.917504
351,0.948224
352,0.941056
353,0.937984
354,0.955392
355,0.903168
356,0.928768
357,0.956416
358,0.933888
359,0.922624
360,0.917504
361,0.925696
362,0.879616
363,0.962560
364,0.906240
365,0.818176
366,0.656384
367,0.496640
368,0.690176
369,0.612352
370,0.877568
371,0.862208
372,0.868352
373,0.894976
374,0.914432
375,0.898048
376,0.920576
377,0.903168
378,0.866304
379,0.914432
380,0.899072
381,0.930816
382,0.908288
383,0.900096
384,0.951296
385,0.918528
386,0.868352
387,0.897024
388,0.918528
389,0.898048
390,0.948224
391,0.931840
392,0.925696
393,0.904192
394,0.936960
395,0.915456
396,0.922624
397,0.916480
398,0.871424
399,0.922624
400,0.943104
401,0.913408
402,0.901120
403,0.890880
404,0.858112
405,0.823296
406,0.869376
407,0.932864
408,0.936960
409,0.907264
410,0.956416
411,0.905216
412,0.918528
413,0.980992
414,0.929792
415,0.878592
416,0.915456
417,0.918528
418,0.935936
419,0.928768
420,0.915456
421,0.950272
422,0.913408
423,0.883712
424,0.929792
425,0.939008
426,0.918528
427,0.920576
428,0.942080
429,0.896000
430,0.920576
431,0.923648
432,0.849920
433,0.807936
434,0.949248
435,0.905216
436,0.935936
437,0.885760
438,0.859136
439,0.942080
440,0.887808
441,0.898048
442,1.101824
443,0.641024
444,0.937984
445,0.894976
446,0.883712
447,0.901120
448,0.829440
449,0.890880
450,0.880640
451,0.872448
452,0.924672
453,0.932864
454,0.898048
455,0.919552
456,0.901120
457,0.932864
458,0.955392
459,0.933888
460,0.897024
461,0.922624
462,0.899072
463,0.902144
464,0.890880
465,0.867328
466,0.931840
467,0.888832
468,0.961536
469,0.898048
470,0.893952
471,0.875520
472,0.905216
473,0.935936
474,0.905216
475,0.931840
476,0.919552
477,0.892928
478,0.924672
479,0.879616
480,0.920576
481,0.924672
482,0.911360
483,0.917504
484,0.886784
485,0.907264
486,0.914432
487,0.901120
488,0.948224
489,0.932864
490,0.957440
491,0.933888
492,0.910336
493,0.926720
494,0.912384
495,0.908288
496,0.804864
497,0.822272
498,0.909312
499,0.909312
500,0.913408
501,0.922624
502,0.924672
503,0.874496
504,0.942080
505,0.908288
506,0.914432
507,0.792576
508,0.908288
509,0.902144
510,0.940032
511,0.876544
512,0.858112
513,0.839680
514,0.971776
515,0.893952
516,0.876544
517,0.903168
518,0.871424
519,0.871424
520,0.894976
521,0.933888
522,0.961536
523,0.907264
524,0.921600
525,0.966656
526,0.867328
527,0.885760
528,0.916480
529,0.883712
530,0.870400
531,0.960512
532,0.897024
533,0.925696
534,0.880640
535,0.925696
536,0.931840
537,0.924672
538,0.963584
539,0.937984
540,0.901120
541,0.862208
542,0.942080
543,0.909312
544,0.926720
545,0.892928
546,0.948224
547,0.883712
548,0.925696
549,0.913408
550,0.862208
551,0.948224
552,0.929792
553,0.867328
554,0.946176
555,0.941056
556,0.927744
557,0.910336
558,0.927744
559,0.943104
560,0.956416
561,0.806912
562,0.450560
563,0.388096
564,0.357376
565,0.370688
566,0.368640
567,0.360448
568,0.340992
569,0.349184
570,0.333824
571,0.203776
572,0.818176
573,0.950272
574,0.900096
575,0.868352
576,0.932864
577,0.900096
578,0.906240
579,0.898048
580,0.870400
581,0.947200
582,0.916480
583,0.924672
584,0.889856
585,0.917504
586,0.928768
587,0.908288
588,0.893952
589,0.897024
590,0.915456
591,0.921600
592,0.929792
593,0.946176
594,0.882688
595,0.901120
596,0.925696
597,0.934912
598,0.881664
599,0.904192
600,0.907264
601,0.945152
602,0.906240
603,0.911360
604,0.922624
605,0.925696
606,0.899072
607,0.886784
608,0.885760
609,0.842752
610,0.849920
611,0.854016
612,0.913408
613,0.941056
614,0.900096
615,0.886784
616,0.917504
617,0.976896
618,0.887808
619,0.965632
620,0.900096
621,0.937984
622,0.885760
623,0.940032
624,0.930816
625,0.971776
626,0.916480
627,0.921600
628,0.945152
629,0.906240
630,0.933888
631,0.909312
632,0.950272
633,0.910336
634,0.922624
635,0.931840
636,0.820224
637,0.872448
638,0.904192
639,0.922624
640,0.893952
641,0.919552
642,0.875520
643,0.835584
644,0.953344
645,0.855040
646,0.893952
647,0.930816
648,0.902144
649,0.909312
650,0.923648
651,0.887808
652,0.906240
653,0.882688
654,0.966656
655,0.848896
656,0.870400
657,0.921600
658,0.903168
659,0.942080
660,0.896000
661,0.902144
662,0.865280
663,0.948224
664,0.921600
665,0.879616
666,0.911360
667,0.869376
668,0.884736
669,0.883712
670,0.870400
671,0.884736
672,0.863232
673,0.877568
674,0.888832
675,0.921600
676,0.923648
677,0.913408
678,0.929792
679,0.893952
680,0.932864
681,0.928768
682,0.886784
683,0.931840
684,0.927744
685,0.934912
686,0.951296
687,0.967680
688,0.931840
689,0.921600
690,0.933888
691,0.923648
692,0.910336
693,0.933888
694,0.930816
695,0.978944
696,0.904192
697,0.914432
698,0.927744
699,0.920576
700,0.827392
701,0.546816
702,0.454656
703,0.927744
704,0.902144
705,0.919552
706,0.917504
707,0.947200
708,0.868352
709,0.951296
710,0.890880
711,0.916480
712,0.949248
713,0.854016
714,0.870400
715,0.920576
716,0.884736
717,0.926720
718,0.901120
719,0.922624
720,0.890880
721,0.937984
722,0.842752
723,0.926720
724,0.960512
725,0.967680
726,0.898048
727,0.914432
728,0.910336
729,0.913408
730,0.909312
731,0.934912
732,0.929792
733,0.900096
734,0.886784
735,0.889856
736,0.871424
737,0.957440
738,0.874496
739,0.947200
740,0.936960
741,0.902144
742,0.927744
743,0.892928
744,0.911360
745,0.873472
746,0.955392
747,0.949248
748,0.945152
749,0.909312
750,0.918528
751,0.888832
752,0.944128
753,0.959488
754,0.937984
755,0.935936
756,0.912384
757,0.919552
758,0.863232
759,0.923648
760,0.891904
761,0.831488
762,0.910336
763,0.890880
764,0.910336
765,0.931840
766,0.929792
767,0.539648
768,0.507904
769,0.924672
770,0.951296
771,0.930816
772,0.918528
773,0.941056
774,0.861184
775,0.916480
776,0.959488
777,0.973824
778,0.933888
779,0.888832
780,0.916480
781,0.931840
782,0.939008
783,0.913408
784,0.939008
785,0.919552
786,0.916480
787,0.893952
788,0.890880
789,0.961536
790,0.925696
791,0.874496
792,0.903168
793,0.913408
794,0.874496
795,0.917504
796,0.937984
797,0.897024
798,0.920576
799,0.891904
800,0.901120
801,0.915456
802,0.933888
803,0.926720
804,0.958464
805,0.924672
806,0.879616
807,0.910336
808,0.900096
809,0.890880
810,0.908288
811,0.906240
812,0.889856
813,0.869376
814,0.828416
815,0.857088
816,0.916480
817,0.915456
818,0.928768
819,0.910336
820,0.949248
821,0.885760
822,0.950272
823,0.909312
824,0.913408
825,0.927744
826,0.950272
827,0.901120
828,0.927744
829,0.889856
830,0.914432
831,0.976896
832,1.065984
833,0.762880
834,0.917504
835,0.913408
836,0.888832
837,0.903168
838,0.906240
839,0.978944
840,0.905216
841,0.922624
842,0.927744
843,0.868352
844,0.953344
845,0.869376
846,0.915456
847,0.948224
848,0.852992
849,0.882688
850,0.861184
851,0.885760
852,0.839680
853,0.898048
854,0.889856
855,0.885760
856,0.922624
857,0.897024
858,0.922624
859,0.851968
860,0.893952
861,0.910336
862,0.848896
863,0.897024
864,0.939008
865,0.925696
866,0.927744
867,0.926720
868,0.902144
869,0.910336
870,0.893952
871,0.876544
872,0.901120
873,0.919552
874,0.843776
875,0.867328
876,0.943104
877,0.920576
878,0.950272
879,0.897024
880,0.913408
881,0.918528
882,0.917504
883,0.935936
884,0.943104
885,0.910336
886,0.968704
887,0.915456
888,0.964608
889,0.910336
890,0.874496
891,0.971776
892,0.934912
893,0.911360
894,0.953344
895,0.914432
896,0.899072
897,0.777216
898,0.628736
899,0.473088
900,0.503808
901,0.435200
902,0.893952
903,0.906240
904,0.946176
905,0.900096
906,0.890880
907,1.076224
908,0.814080
909,0.940032
910,0.930816
911,0.954368
912,0.893952
913,0.945152
914,0.888832
915,0.936960
916,0.962560
917,0.905216
918,0.939008
919,0.907264
920,0.918528
921,0.930816
922,0.927744
923,0.916480
924,0.893952
925,0.896000
926,0.902144
927,0.869376
928,0.879616
929,0.879616
930,0.914432
931,0.863232
932,0.869376
933,0.891904
934,0.944128
935,0.904192
936,0.936960
937,0.902144
938,0.912384
939,0.914432
940,0.918528
941,0.919552
942,0.859136
943,0.883712
944,0.881664
945,0.900096
946,0.925696
947,0.913408
948,0.975872
949,0.871424
950,0.925696
951,0.926720
952,0.916480
953,0.867328
954,0.907264
955,0.913408
956,0.912384
957,0.896000
958,0.929792
959,0.924672
960,0.915456
961,0.983040
962,0.914432
963,0.912384
964,0.975872
965,0.857088
966,0.582656
967,0.929792
968,0.949248
969,0.949248
970,0.924672
971,0.890880
972,0.896000
973,0.908288
974,0.917504
975,0.892928
976,0.856064
977,0.900096
978,0.876544
979,0.925696
980,0.897024
981,0.869376
982,0.956416
983,0.884736
984,0.931840
985,0.945152
986,0.890880
987,0.931840
988,0.911360
989,0.946176
990,0.939008
991,0.897024
992,0.946176
993,0.915456
994,0.905216
995,0.936960
996,0.948224
997,0.907264
998,0.924672
999,0.924672
1000,0.914432
1001,0.935936
1002,0.960512
1003,0.894976
1004,0.891904
1005,0.884736
1006,0.944128
1007,0.903168
1008,0.896000
1009,0.931840
1010,0.912384
1011,0.911360
1012,0.901120
1013,0.867328
1014,1.141760
1015,0.886784
1016,0.944128
1017,0.970752
1018,0.921600
1019,0.883712
1020,0.934912
1021,0.916480
1022,1.029120
1023,0.885760
1024,0.889856
1025,0.919552
1026,0.930816
1027,0.951296
1028,0.917504
1029,0.905216
1030,0.808960
1031,0.343040
1032,0.307200
1033,0.263168
1034,0.242688
1035,0.250880
1036,0.235520
1037,0.192512
1038,0.195584
1039,0.192512
1040,0.193536
1041,0.739328
1042,0.900096
1043,0.951296
1044,0.955392
1045,0.946176
1046,0.901120
1047,0.890880
1048,0.925696
1049,0.930816
1050,0.959488
1051,0.940032
1052,0.971776
1053,0.901120
1054,0.915456
1055,0.959488
1056,0.923648
1057,0.888832
1058,0.892928
1059,0.873472
1060,0.902144
1061,0.882688
1062,0.930816
1063,0.882688
1064,0.899072
1065,0.842752
1066,0.871424
1067,0.862208
1068,0.940032
1069,0.883712
1070,0.897024
1071,0.926720
1072,0.911360
1073,0.897024
1074,0.882688
1075,0.870400
1076,0.909312
1077,0.918528
1078,0.915456
1079,0.936960
1080,0.839680
1081,0.941056
1082,0.891904
1083,0.965632
1084,0.874496
1085,0.915456
1086,0.862208
1087,0.926720
1088,0.923648
1089,0.909312
1090,0.953344
1091,0.870400
1092,0.976896
1093,0.879616
1094,0.935936
1095,0.896000
1096,0.974848
1097,0.888832
1098,0.675840
1099,0.909312
1100,0.953344
1101,0.898048
1102,0.903168
1103,0.911360
1104,0.940032
1105,0.887808
1106,0.708608
1107,0.601088
1108,0.443392
1109,0.448512
1110,0.821248
1111,0.961536
1112,0.911360
1113,0.881664
1114,0.965632
1115,0.926720
1116,0.960512
1117,0.854016
1118,0.917504
1119,0.939008
1120,0.852992
1121,0.890880
1122,1.039360
1123,0.901120
1124,0.923648
1125,0.890880
1126,0.900096
1127,0.936960
1128,0.835584
1129,0.891904
1130,0.943104
1131,0.926720
1132,0.866304
1133,0.864256
1134,0.888832
1135,0.924672
1136,0.904192
1137,0.974848
1138,0.864256
1139,0.845824
1140,0.885760
1141,0.881664
1142,0.932864
1143,0.910336
1144,0.859136
1145,0.910336
1146,0.917504
1147,0.893952
1148,0.875520
1149,0.888832
1150,0.863232
1151,0.900096
1152,0.904192
1153,0.908288
1154,0.899072
1155,0.891904
1156,0.890880
1157,0.911360
1158,0.886784
1159,0.937984
1160,0.952320
1161,0.891904
1162,0.932864
1163,0.942080
1164,0.916480
1165,0.910336
1166,0.887808
1167,0.817152
1168,0.907264
1169,0.951296
1170,0.911360
1171,0.910336
1172,0.899072
1173,0.908288
1174,0.653312
1175,0.910336
1176,0.911360
1177,0.905216
1178,0.906240
1179,0.882688
1180,0.856064
1181,0.876544
1182,0.848896
1183,0.855040
1184,0.859136
1185,0.933888
1186,0.913408
1187,0.883712
1188,0.870400
1189,0.914432
1190,0.826368
1191,0.924672
1192,0.922624
1193,0.877568
1194,0.920576
1195,0.898048
1196,0.873472
1197,0.934912
1198,0.893952
1199,0.924672
1200,0.875520
1201,0.864256
1202,0.907264
1203,0.844800
1204,0.893952
1205,0.910336
1206,0.907264
1207,0.889856
1208,0.912384
1209,0.924672
1210,0.905216
1211,0.875520
1212,0.903168
1213,0.876544
1214,0.957440
1215,0.878592
1216,0.936960
1217,0.745472
1218,0.685056
1219,0.930816
1220,0.909312
1221,0.905216
1222,0.892928
1223,0.872448
1224,0.878592
1225,0.911360
1226,0.920576
1227,0.906240
1228,0.841728
1229,0.885760
1230,0.910336
1231,0.913408
1232,0.933888
1233,0.911360
1234,0.873472
1235,0.900096
1236,0.891904
1237,0.894976
1238,0.832512
1239,0.836608
1240,0.744448
1241,0.463872
1242,0.355328
1243,0.312320
1244,0.302080
1245,0.888832
1246,0.904192
1247,0.933888
1248,0.900096
1249,0.932864
1250,0.931840
1251,0.856064
1252,0.901120
1253,0.928768
1254,0.916480
1255,0.866304
1256,0.974848
1257,0.951296
1258,0.923648
1259,0.908288
1260,0.913408
1261,0.900096
1262,0.908288
1263,0.874496
1264,0.883712
1265,0.902144
1266,0.887808
1267,0.866304
1268,0.867328
1269,0.872448
1270,0.867328
1271,0.888832
1272,0.937984
1273,0.911360
1274,0.909312
1275,0.948224
1276,0.886784
1277,0.911360
1278,0.906240
1279,0.929792
1280,0.871424
1281,0.882688
1282,0.954368
1283,0.846848
1284,0.910336
1285,0.930816
1286,0.918528
1287,0.913408
1288,0.818176
1289,0.901120
1290,0.857088
1291,0.946176
1292,0.927744
1293,0.892928
1294,0.914432
1295,0.878592
1296,0.901120
1297,0.911360
1298,0.929792
1299,0.894976
1300,0.967680
1301,0.901120
1302,0.902144
1303,0.884736
1304,0.951296
1305,0.929792
1306,0.882688
1307,0.891904
1308,0.921600
1309,0.764928
1310,0.883712
1311,0.969728
1312,0.849920
1313,0.917504
1314,0.912384
1315,0.912384
1316,0.904192
1317,0.929792
1318,0.883712
1319,0.918528
1320,0.874496
1321,0.930816
1322,0.866304
1323,0.920576
1324,0.909312
1325,0.864256
1326,0.911360
1327,0.871424
1328,0.863232
1329,0.836608
1330,0.891904
1331,0.876544
1332,0.901120
1333,0.881664
1334,0.873472
1335,0.957440
1336,0.930816
1337,0.885760
1338,0.910336
1339,0.909312
1340,0.871424
1341,0.924672
1342,0.884736
1343,0.885760
1344,0.954368
1345,0.903168
1346,0.906240
1347,0.947200
1348,0.892928
1349,0.904192
1350,0.893952
1351,0.906240
1352,0.915456
1353,0.889856
1354,0.922624
1355,0.885760
1356,0.917504
1357,0.841728
1358,0.916480
1359,0.905216
1360,0.852992
1361,0.907264
1362,0.945152
1363,0.884736
1364,0.884736
1365,0.859136
1366,0.916480
1367,0.877568
1368,0.930816
1369,0.918528
1370,0.840704
1371,0.880640
1372,0.935936
1373,0.952320
1374,0.638976
1375,0.928768
1376,0.925696
1377,0.893952
1378,0.842752
1379,0.828416
1380,0.846848
1381,0.921600
1382,0.880640
1383,0.878592
1384,0.925696
1385,0.918528
1386,0.935936
1387,0.934912
1388,0.934912
1389,0.911360
1390,0.846848
1391,0.911360
1392,0.928768
1393,0.951296
1394,0.879616
1395,0.957440
1396,0.933888
1397,0.917504
1398,0.893952
1399,0.941056
1400,0.939008
1401,0.866304
1402,0.910336
1403,0.905216
1404,0.933888
1405,0.917504
1406,0.928768
1407,0.929792
1408,0.893952
1409,0.939008
1410,0.911360
1411,0.887808
1412,0.916480
1413,0.889856
1414,0.884736
1415,0.900096
1416,0.883712
1417,0.925696
1418,0.907264
1419,0.920576
1420,0.881664
1421,0.873472
1422,0.860160
1423,0.893952
1424,0.901120
1425,0.920576
1426,0.945152
1427,0.859136
1428,0.891904
1429,0.908288
1430,0.907264
1431,0.929792
1432,0.923648
1433,0.921600
1434,0.905216
1435,0.916480
1436,0.941056
1437,0.909312
1438,0.814080
1439,0.630784
1440,0.494592
1441,0.448512
1442,0.429056
1443,0.339968
1444,0.226304
1445,0.227328
1446,0.215040
1447,0.889856
1448,0.900096
1449,0.917504
1450,0.883712
1451,0.884736
1452,0.876544
1453,0.973824
1454,0.893952
1455,0.879616
1456,0.914432
1457,0.903168
1458,0.888832
1459,0.882688
1460,0.879616
1461,0.916480
1462,0.922624
1463,0.902144
1464,0.849920
1465,0.947200
1466,0.941056
1467,0.848896
1468,0.894976
1469,0.949248
1470,0.919552
1471,0.903168
1472,0.900096
1473,0.937984
1474,0.860160
1475,0.947200
1476,0.913408
1477,0.866304
1478,0.924672
1479,0.888832
1480,0.915456
1481,0.920576
1482,0.910336
1483,0.899072
1484,0.935936
1485,0.929792
1486,0.919552
1487,0.885760
1488,0.925696
1489,0.946176
1490,0.908288
1491,0.924672
1492,0.900096
1493,0.907264
1494,0.920576
1495,0.885760
1496,0.852992
1497,0.865280
1498,0.856064
1499,0.866304
1500,0.881664
1501,0.880640
1502,0.959488
1503,0.942080
1504,0.923648
1505,0.890880
1506,0.927744
1507,0.909312
1508,0.890880
1509,0.871424
1510,0.918528
1511,0.713728
1512,0.902144
1513,0.967680
1514,0.931840
1515,0.900096
1516,0.923648
1517,0.928768
1518,0.904192
1519,0.912384
1520,0.918528
1521,0.900096
1522,0.960512
1523,0.885760
1524,0.870400
1525,0.928768
1526,0.932864
1527,0.932864
1528,0.874496
1529,0.908288
1530,0.962560
1531,0.908288
1532,0.928768
1533,0.865280
1534,0.929792
1535,0.874496
1536,0.920576
1537,0.948224
1538,0.930816
1539,0.911360
1540,0.906240
1541,0.919552
1542,0.928768
1543,0.900096
1544,0.916480
1545,0.912384
1546,0.912384
1547,0.909312
1548,0.850944
1549,0.874496
1550,0.899072
1551,0.882688
1552,0.886784
1553,0.904192
1554,0.880640
1555,0.952320
1556,0.936960
1557,0.907264
1558,0.914432
1559,0.939008
1560,0.949248
1561,0.910336
1562,0.918528
1563,0.954368
1564,0.906240
1565,0.933888
1566,0.944128
1567,0.878592
1568,0.924672
1569,0.851968
1570,0.944128
1571,0.913408
1572,0.927744
1573,0.935936
1574,0.936960
1575,0.887808
1576,0.873472
1577,0.567296
1578,0.309248
1579,0.279552
1580,0.259072
1581,0.190464
1582,0.196608
1583,0.192512
1584,0.198656
1585,0.199680
1586,0.194560
1587,0.199680
1588,0.205824
1589,0.198656
1590,0.180224
1591,0.186368
1592,0.186368
1593,0.185344
1594,0.183296
1595,0.936960
1596,0.878592
1597,0.864256
1598,0.893952
1599,0.963584
1600,0.945152
1601,0.883712
1602,0.899072
1603,0.914432
1604,0.903168
1605,0.897024
1606,1.107968
1607,0.905216
1608,0.693248
1609,0.897024
1610,0.921600
1611,0.927744
1612,0.916480
1613,0.829440
1614,0.825344
1615,0.913408
1616,0.831488
1617,0.875520
1618,0.910336
1619,0.928768
1620,0.913408
1621,0.957440
1622,0.903168
1623,0.899072
1624,0.904192
1625,0.929792
1626,0.919552
1627,0.851968
1628,0.888832
1629,0.850944
1630,0.946176
1631,0.916480
1632,0.919552
1633,0.911360
1634,0.929792
1635,0.923648
1636,0.898048
1637,0.934912
1638,0.916480
1639,0.927744
1640,0.884736
1641,0.934912
1642,0.972800
1643,0.911360
1644,0.918528
1645,0.877568
1646,0.943104
1647,0.955392
1648,0.920576
1649,0.883712
1650,0.888832
1651,0.908288
1652,0.894976
1653,0.953344
1654,0.954368
1655,0.890880
1656,0.934912
1657,0.963584
1658,0.907264
1659,0.716800
1660,0.293888
1661,0.274432
1662,0.897024
1663,0.920576
1664,0.969728
1665,0.835584
1666,0.921600
1667,0.926720
1668,0.924672
1669,0.921600
1670,0.858112
1671,0.935936
1672,0.940032
1673,0.915456
1674,0.904192
1675,0.868352
1676,0.900096
1677,0.966656
1678,0.918528
1679,0.939008
1680,0.884736
1681,0.883712
1682,0.947200
1683,0.957440
1684,0.886784
1685,0.933888
1686,0.891904
1687,0.926720
1688,0.904192
1689,0.906240
1690,0.970752
1691,0.897024
1692,0.906240
1693,0.943104
1694,0.875520
1695,0.904192
1696,0.917504
1697,0.905216
1698,0.898048
1699,0.939008
1700,0.926720
1701,0.904192
1702,0.916480
1703,0.931840
1704,0.916480
1705,0.907264
1706,0.953344
1707,0.937984
1708,0.909312
1709,0.934912
1710,0.909312
1711,0.903168
1712,0.875520
1713,0.954368
1714,0.929792
1715,0.965632
1716,0.957440
1717,0.905216
1718,0.856064
1719,0.863232
1720,0.931840
1721,0.984064
1722,0.874496
1723,0.939008
1724,0.908288
1725,0.798720
1726,0.603136
1727,0.545792
1728,0.851968
1729,0.972800
1730,0.930816
1731,0.940032
1732,0.879616
1733,0.912384
1734,0.944128
1735,0.972800
1736,0.932864
1737,0.922624
1738,0.910336
1739,0.927744
1740,0.976896
1741,0.877568
1742,0.928768
1743,0.891904
1744,0.890880
1745,0.857088
1746,0.887808
1747,0.907264
1748,0.880640
1749,0.957440
1750,0.910336
1751,0.906240
1752,0.909312
1753,0.911360
1754,0.871424
1755,0.896000
1756,0.867328
1757,0.944128
1758,0.866304
1759,0.882688
1760,0.916480
1761,0.898048
1762,0.967680
1763,0.934912
1764,0.896000
1765,0.877568
1766,0.894976
1767,0.900096
1768,0.913408
1769,0.888832
1770,0.921600
1771,0.901120
1772,0.854016
1773,0.795648
1774,0.854016
1775,0.945152
1776,0.916480
1777,0.930816
1778,0.899072
1779,0.943104
1780,0.889856
1781,1.121280
1782,0.918528
1783,0.922624
1784,0.894976
1785,0.888832
1786,0.937984
1787,0.939008
1788,0.936960
1789,0.909312
1790,0.950272
1791,0.866304
1792,0.775168
1793,0.525312
1794,0.743424
1795,0.923648
1796,0.931840
1797,0.891904
1798,0.935936
1799,0.943104
1800,0.921600
1801,0.905216
1802,0.923648
1803,0.905216
1804,0.881664
1805,0.939008
1806,0.902144
1807,0.927744
1808,0.901120
1809,0.897024
1810,0.915456
1811,0.919552
1812,0.954368
1813,0.913408
1814,0.887808
1815,0.939008
1816,0.923648
1817,0.883712
1818,0.952320
1819,0.883712
1820,0.890880
1821,0.863232
1822,0.856064
1823,0.833536
1824,0.867328
1825,0.910336
1826,0.899072
1827,0.879616
1828,0.927744
1829,0.912384
1830,0.933888
1831,0.873472
1832,0.925696
1833,0.886784
1834,0.889856
1835,0.903168
1836,0.928768
1837,0.930816
1838,0.909312
1839,0.928768
1840,0.921600
1841,0.932864
1842,0.961536
1843,0.943104
1844,0.886784
1845,0.912384
1846,0.902144
1847,0.934912
1848,0.893952
1849,0.935936
1850,0.977920
1851,0.966656
1852,0.873472
1853,0.932864
1854,0.875520
1855,0.860160
1856,0.944128
1857,0.865280
1858,0.681984
1859,0.567296
1860,0.456704
1861,0.373760
1862,0.348160
1863,0.332800
1864,0.348160
1865,0.320512
1866,0.307200
1867,0.198656
1868,0.200704
1869,0.197632
1870,0.196608
1871,0.867328
1872,0.850944
1873,0.945152
1874,0.904192
1875,0.942080
1876,0.928768
1877,0.917504
1878,0.871424
1879,0.919552
1880,0.977920
1881,0.948224
1882,0.857088
1883,0.927744
1884,0.932864
1885,0.872448
1886,0.924672
1887,0.911360
1888,0.939008
1889,0.933888
1890,0.905216
1891,0.920576
1892,0.923648
1893,0.933888
1894,0.877568
1895,0.923648
1896,0.905216
1897,0.931840
1898,0.896000
1899,0.894976
1900,0.838656
1901,0.925696
1902,0.844800
1903,0.865280
1904,0.815104
1905,0.926720
1906,0.907264
1907,0.837632
1908,0.918528
1909,0.915456
1910,0.889856
1911,0.947200
1912,0.944128
1913,0.883712
1914,0.912384
1915,0.908288
1916,0.948224
1917,0.929792
1918,0.945152
1919,0.884736
1920,0.943104
1921,0.887808
1922,0.898048
1923,0.916480
1924,0.919552
1925,0.924672
1926,0.910336
1927,0.915456
1928,0.930816
1929,0.873472
1930,0.876544
1931,0.928768
1932,0.956416
1933,0.882688
1934,0.964608
1935,0.653312
1936,0.908288
1937,0.931840
1938,0.914432
1939,0.871424
1940,0.905216
1941,0.881664
1942,0.837632
1943,0.844800
1944,0.881664
1945,0.894976
1946,0.878592
1947,0.893952
1948,0.915456
1949,0.964608
1950,0.862208
1951,0.972800
1952,0.892928
1953,0.885760
1954,0.909312
1955,0.935936
1956,0.936960
1957,0.899072
1958,0.929792
1959,0.914432
1960,0.926720
1961,0.915456
1962,0.868352
1963,0.924672
1964,0.944128
1965,0.864256
1966,0.916480
1967,0.896000
1968,0.899072
1969,0.871424
1970,0.957440
1971,0.871424
1972,0.931840
1973,0.886784
1974,0.923648
1975,0.847872
1976,0.886784
1977,0.909312
1978,0.917504
1979,0.904192
1980,0.918528
1981,0.864256
1982,0.839680
1983,0.857088
1984,0.892928
1985,0.807936
1986,0.918528
1987,0.924672
1988,0.936960
1989,0.929792
1990,0.876544
1991,0.953344
1992,0.929792
1993,0.921600
1994,0.933888
1995,0.947200
1996,0.902144
1997,0.924672
1998,0.911360
1999,0.871424
2000,0.808960
2001,0.524288
2002,0.790528
2003,0.941056
2004,0.897024
2005,0.917504
2006,0.957440
2007,0.930816
2008,0.898048
2009,0.929792
2010,0.924672
2011,0.944128
2012,0.909312
2013,0.971776
2014,0.934912
2015,0.894976
2016,0.902144
2017,0.897024
2018,0.901120
2019,0.908288
2020,0.909312
2021,0.898048
2022,0.952320
2023,0.929792
2024,0.876544
2025,0.928768
2026,0.887808
2027,0.881664
2028,0.812032
2029,0.903168
2030,0.858112
2031,0.908288
2032,0.945152
2033,0.899072
2034,0.910336
2035,0.884736
2036,0.923648
2037,0.942080
2038,0.910336
2039,0.884736
2040,0.901120
2041,0.928768
2042,0.922624
2043,0.969728
2044,0.954368
2045,0.907264
2046,0.912384
2047,0.925696
2048,0.917504
2049,0.859136
2050,0.931840
2051,0.890880
2052,0.901120
2053,0.893952
2054,0.907264
2055,0.902144
2056,0.906240
2057,0.944128
2058,0.907264
2059,0.932864
2060,0.891904
2061,0.928768
2062,0.949248
2063,0.921600
2064,0.941056
2065,0.894976
2066,0.646144
2067,0.913408
2068,0.953344
2069,0.899072
2070,0.913408
2071,0.883712
2072,0.923648
2073,0.821248
2074,0.846848
2075,0.835584
2076,0.875520
2077,0.872448
2078,0.880640
2079,0.877568
2080,0.916480
2081,0.854016
2082,0.881664
2083,0.890880
2084,0.949248
2085,0.860160
2086,0.920576
2087,0.909312
2088,0.930816
2089,0.909312
2090,0.900096
2091,0.914432
2092,0.890880
2093,0.933888
2094,0.937984
2095,0.869376
2096,0.927744
2097,0.891904
2098,0.883712
2099,0.900096
2100,0.875520
2101,0.891904
2102,0.875520
2103,0.877568
2104,0.883712
2105,0.921600
2106,0.951296
2107,0.915456
2108,0.856064
2109,0.960512
2110,0.911360
2111,0.932864
2112,0.894976
2113,0.928768
2114,0.868352
2115,0.923648
2116,0.933888
2117,0.920576
2118,0.889856
2119,0.965632
2120,0.952320
2121,0.960512
2122,0.909312
2123,0.939008
2124,0.945152
2125,0.887808
2126,0.914432
2127,0.948224
2128,0.903168
2129,0.934912
2130,0.926720
2131,0.883712
2132,0.764928
2133,0.983040
2134,0.923648
2135,0.906240
2136,0.911360
2137,0.924672
2138,0.950272
2139,0.956416
2140,0.925696
2141,0.917504
2142,0.929792
2143,0.890880
2144,0.876544
2145,0.944128
2146,0.897024
2147,0.898048
2148,0.879616
2149,0.887808
2150,0.927744
2151,0.928768
2152,0.888832
2153,0.891904
2154,0.886784
2155,0.864256
2156,0.837632
2157,0.927744
2158,0.913408
2159,0.909312
2160,0.888832
2161,0.937984
2162,0.915456
2163,0.868352
2164,0.918528
2165,0.921600
2166,0.966656
2167,0.880640
2168,0.851968
2169,0.917504
2170,0.874496
2171,0.925696
2172,0.884736
2173,0.892928
2174,0.916480
2175,0.876544
2176,0.901120
2177,0.906240
2178,0.896000
2179,0.902144
2180,0.896000
2181,0.909312
2182,0.901120
2183,0.910336
2184,0.906240
2185,0.918528
2186,0.931840
2187,0.922624
2188,0.871424
2189,0.905216
2190,0.884736
2191,0.903168
2192,0.893952
2193,0.932864
2194,0.902144
2195,0.932864
2196,0.775168
2197,0.625664
2198,0.609280
2199,0.320512
2200,0.250880
2201,0.221184
2202,0.194560
2203,0.192512
2204,0.195584
2205,0.200704
2206,0.188416
2207,0.176128
2208,0.175104
2209,0.172032
2210,0.175104
2211,0.182272
2212,0.974848
2213,0.911360
2214,0.966656
2215,0.957440
2216,0.956416
2217,0.887808
2218,0.932864
2219,0.953344
2220,0.931840
2221,0.937984
2222,0.927744
2223,0.927744
2224,0.911360
2225,0.933888
2226,0.929792
2227,0.911360
2228,0.922624
2229,0.956416
2230,0.947200
2231,0.901120
2232,0.925696
2233,0.924672
2234,0.928768
2235,0.917504
2236,0.961536
2237,0.928768
2238,0.837632
2239,0.959488
2240,0.928768
2241,0.884736
2242,0.920576
2243,0.884736
2244,0.928768
2245,0.903168
2246,0.901120
2247,0.936960
2248,0.880640
2249,0.946176
2250,0.906240
2251,0.860160
2252,0.896000
2253,0.906240
2254,0.891904
2255,0.894976
2256,0.959488
2257,0.918528
2258,0.922624
2259,0.950272
2260,0.904192
2261,0.960512
2262,0.949248
2263,0.933888
2264,0.917504
2265,0.922624
2266,0.951296
2267,0.944128
2268,0.941056
2269,0.891904
2270,0.792576
2271,1.069056
2272,0.930816
2273,0.900096
2274,0.916480
2275,0.785408
2276,0.617472
2277,0.547840
2278,0.301056
2279,0.320512
2280,0.243712
2281,0.210944
2282,0.207872
2283,0.205824
2284,0.190464
2285,0.181248
2286,0.189440
2287,0.183296
2288,0.184320
2289,0.164864
2290,0.777216
2291,0.983040
2292,0.883712
2293,0.901120
2294,0.995328
2295,0.862208
2296,0.919552
2297,0.928768
2298,0.910336
2299,0.985088
2300,0.552960
2301,0.737280
2302,0.946176
2303,0.927744
2304,0.914432
2305,0.922624
2306,0.953344
2307,0.878592
2308,0.893952
2309,0.915456
2310,0.920576
2311,0.889856
2312,0.871424
2313,0.870400
2314,0.896000
2315,0.899072
2316,0.933888
2317,0.906240
2318,0.884736
2319,0.978944
2320,0.844800
2321,0.898048
2322,0.944128
2323,0.913408
2324,0.987136
2325,0.908288
2326,0.936960
2327,0.909312
2328,0.876544
2329,0.889856
2330,0.934912
2331,0.946176
2332,0.925696
2333,0.884736
2334,0.934912
2335,0.892928
2336,0.891904
2337,0.896000
2338,0.881664
2339,0.908288
2340,0.872448
2341,0.870400
2342,0.918528
2343,0.922624
2344,0.871424
2345,0.923648
2346,0.919552
2347,0.955392
2348,0.887808
2349,0.926720
2350,0.909312
2351,0.943104
2352,0.876544
2353,0.839680
2354,0.789504
2355,0.714752
2356,0.631808
2357,0.532480
2358,0.479232
2359,0.930816
2360,0.923648
2361,0.918528
2362,0.940032
2363,0.908288
2364,0.969728
2365,0.882688
2366,0.904192
2367,0.889856
2368,0.868352
2369,1.025024
2370,0.892928
2371,0.909312
2372,0.847872
2373,0.891904
2374,0.830464
2375,0.837632
2376,0.925696
2377,0.884736
2378,0.869376
2379,0.849920
2380,0.900096
2381,0.910336
2382,0.931840
2383,0.886784
2384,0.885760
2385,0.944128
2386,0.871424
2387,0.916480
2388,0.869376
2389,0.947200
2390,0.918528
2391,0.930816
2392,0.900096
2393,0.879616
2394,1.022976
2395,1.054720
2396,0.795648
2397,0.969728
2398,0.923648
2399,0.935936
2400,0.876544
2401,0.929792
2402,0.899072
2403,0.940032
2404,0.871424
2405,0.955392
2406,0.907264
2407,0.890880
2408,0.910336
2409,0.894976
2410,0.901120
2411,0.945152
2412,0.914432
2413,0.965632
2414,0.893952
2415,0.955392
2416,0.867328
2417,0.934912
2418,0.874496
2419,0.888832
2420,0.954368
2421,0.839680
2422,0.884736
2423,0.863232
2424,0.628736
2425,0.411648
2426,0.396288
2427,0.329728
2428,0.304128
2429,0.311296
2430,0.290816
2431,0.269312
2432,0.266240
2433,0.894976
2434,0.934912
2435,0.904192
2436,0.950272
2437,0.961536
2438,0.886784
2439,0.924672
2440,0.907264
2441,0.943104
2442,0.924672
2443,0.899072
2444,0.914432
2445,0.904192
2446,0.868352
2447,0.905216
2448,0.918528
2449,0.914432
2450,0.921600
2451,0.947200
2452,0.910336
2453,0.901120
2454,0.925696
2455,0.907264
2456,0.917504
2457,0.913408
2458,0.904192
2459,0.928768
2460,0.892928
2461,0.912384
2462,0.921600
2463,0.933888
2464,0.924672
2465,0.908288
2466,0.906240
2467,0.927744
2468,0.924672
2469,0.944128
2470,0.892928
2471,0.409600
2472,0.923648
2473,0.934912
2474,0.886784
2475,0.939008
2476,0.933888
2477,0.898048
2478,0.917504
2479,0.899072
2480,0.971776
2481,0.947200
2482,0.944128
2483,0.887808
2484,0.928768
2485,0.937984
2486,0.900096
2487,0.919552
2488,0.958464
2489,0.905216
2490,0.939008
2491,0.916480
2492,0.884736
2493,0.911360
2494,0.891904
2495,0.930816
2496,0.893952
2497,0.913408
2498,0.774144
2499,0.906240
2500,0.871424
2501,0.898048
2502,0.914432
2503,0.913408
2504,0.956416
2505,0.918528
2506,0.936960
2507,0.911360
2508,0.944128
2509,0.947200
2510,0.857088
2511,0.886784
2512,0.943104
2513,0.905216
2514,0.951296
2515,0.912384
2516,0.856064
2517,0.955392
2518,0.923648
2519,0.868352
2520,0.886784
2521,0.865280
2522,0.898048
2523,0.846848
2524,0.857088
2525,0.910336
2526,0.854016
2527,0.879616
2528,0.840704
2529,0.851968
2530,0.933888
2531,0.879616
2532,0.889856
2533,0.944128
2534,0.916480
2535,0.909312
2536,1.055744
2537,0.754688
2538,0.934912
2539,0.904192
2540,0.908288
2541,0.860160
2542,0.894976
2543,0.900096
2544,0.871424
2545,0.892928
2546,0.850944
2547,0.857088
2548,0.877568
2549,0.887808
2550,0.898048
2551,0.912384
2552,0.887808
2553,0.886784
2554,0.945152
2555,0.936960
2556,0.900096
2557,1.019904
2558,0.788480
2559,0.928768
2560,0.922624
2561,0.946176
2562,0.829440
2563,0.855040
2564,0.850944
2565,0.900096
2566,0.903168
2567,0.907264
2568,0.865280
2569,0.901120
2570,0.909312
2571,0.899072
2572,0.951296
2573,0.930816
2574,0.913408
2575,0.934912
2576,0.933888
2577,0.848896
2578,0.888832
2579,0.860160
2580,0.884736
2581,0.956416
2582,0.856064
2583,0.935936
2584,0.828416
2585,0.932864
2586,0.933888
2587,0.840704
2588,0.901120
2589,0.888832
2590,0.922624
2591,0.929792
2592,0.915456
2593,0.944128
2594,0.839680
2595,0.877568
2596,0.917504
2597,0.928768
2598,0.923648
2599,0.905216
2600,0.919552
2601,0.909312
2602,0.908288
2603,0.906240
2604,0.906240
2605,0.912384
2606,0.854016
2607,0.890880
2608,0.889856
2609,0.885760
2610,0.944128
2611,0.904192
2612,1.083392
2613,0.844800
2614,0.591872
2615,0.902144
2616,0.933888
2617,0.909312
2618,0.906240
2619,0.913408
2620,0.899072
2621,0.945152
2622,0.919552
2623,0.916480
2624,0.903168
2625,0.979968
2626,0.894976
2627,0.777216
2628,0.962560
2629,0.920576
2630,0.940032
2631,0.911360
2632,0.884736
2633,0.960512
2634,0.939008
2635,0.931840
2636,0.954368
2637,0.899072
2638,0.945152
2639,0.932864
2640,0.901120
2641,0.954368
2642,0.916480
2643,0.925696
2644,0.880640
2645,0.911360
2646,0.898048
2647,0.915456
2648,0.886784
2649,0.842752
2650,0.839680
2651,0.827392
2652,0.923648
2653,0.933888
2654,0.890880
2655,0.915456
2656,0.921600
2657,0.910336
2658,0.933888
2659,0.905216
2660,0.956416
2661,0.907264
2662,0.902144
2663,0.881664
2664,0.883712
2665,0.878592
2666,0.905216
2667,0.902144
2668,0.909312
2669,0.927744
2670,0.910336
2671,0.923648
2672,0.875520
2673,0.944128
2674,0.861184
2675,0.884736
2676,0.924672
2677,0.894976
2678,1.000448
2679,0.908288
2680,0.897024
2681,0.986112
2682,0.918528
2683,0.911360
2684,0.926720
2685,0.913408
2686,0.930816
2687,0.949248
2688,0.948224
2689,0.893952
2690,0.920576
2691,0.734208
2692,0.935936
2693,0.904192
2694,0.963584
2695,0.900096
2696,0.953344
2697,0.939008
2698,0.933888
2699,0.956416
2700,0.919552
2701,0.920576
2702,0.948224
2703,0.900096
2704,0.960512
2705,0.896000
2706,0.919552
2707,0.953344
2708,0.871424
2709,0.906240
2710,0.912384
2711,0.921600
2712,0.887808
2713,0.911360
2714,0.943104
2715,0.920576
2716,0.942080
2717,0.882688
2718,0.906240
2719,0.862208
2720,0.913408
2721,0.847872
2722,0.905216
2723,0.876544
2724,0.865280
2725,0.906240
2726,0.948224
2727,0.852992
2728,0.908288
2729,0.879616
2730,0.898048
2731,0.955392
2732,0.890880
2733,0.860160
2734,0.881664
2735,0.882688
2736,0.962560
2737,0.874496
2738,0.881664
2739,0.934912
2740,0.919552
2741,0.898048
2742,0.897024
2743,0.955392
2744,0.899072
2745,0.913408
2746,0.910336
2747,0.952320
2748,0.916480
2749,0.933888
2750,0.917504
2751,0.940032
2752,0.983040
2753,0.930816
2754,0.927744
2755,0.875520
2756,0.886784
2757,0.905216
2758,0.936960
2759,0.864256
2760,0.866304
2761,0.926720
2762,0.907264
2763,0.851968
2764,0.887808
2765,0.899072
2766,0.960512
2767,0.905216
2768,0.934912
2769,0.906240
2770,0.893952
2771,0.907264
2772,0.924672
2773,0.901120
2774,0.866304
2775,0.898048
2776,0.876544
2777,0.905216
2778,0.939008
2779,0.930816
2780,0.904192
2781,0.953344
2782,0.893952
2783,0.854016
2784,0.909312
2785,0.935936
2786,0.918528
2787,0.894976
2788,0.902144
2789,0.882688
2790,0.921600
2791,0.889856
2792,0.897024
2793,0.875520
2794,0.865280
2795,0.820224
2796,0.912384
2797,0.927744
2798,0.904192
2799,0.918528
2800,0.916480
2801,0.931840
2802,0.953344
2803,0.865280
2804,0.892928
2805,0.947200
2806,0.909312
2807,1.082368
2808,0.873472
2809,0.954368
2810,0.955392
2811,0.912384
2812,0.909312
2813,0.911360
2814,0.914432
2815,0.881664
2816,0.915456
2817,0.931840
2818,0.939008
2819,0.875520
2820,0.753664
2821,0.703488
2822,0.883712
2823,0.944128
2824,0.908288
2825,0.915456
2826,0.910336
2827,0.942080
2828,0.925696
2829,0.922624
2830,0.892928
2831,0.890880
2832,0.894976
2833,0.929792
2834,0.916480
2835,0.927744
2836,0.873472
2837,0.930816
2838,0.916480
2839,0.840704
2840,0.905216
2841,0.850944
2842,0.866304
2843,0.926720
2844,0.894976
2845,0.862208
2846,0.891904
2847,0.954368
2848,0.882688
2849,0.933888
2850,0.879616
2851,0.927744
2852,0.940032
2853,0.905216
2854,0.909312
2855,0.926720
2856,0.885760
2857,0.934912
2858,0.934912
2859,0.910336
2860,0.896000
2861,0.955392
2862,0.924672
2863,0.860160
2864,0.940032
2865,0.858112
2866,0.921600
2867,0.970752
2868,0.909312
2869,0.962560
2870,0.928768
2871,0.901120
2872,1.091584
2873,0.776192
2874,0.934912
2875,0.918528
2876,0.897024
2877,0.945152
2878,0.919552
2879,0.940032
2880,0.947200
2881,0.921600
2882,0.883712
2883,0.959488
2884,0.930816
2885,0.904192
2886,0.662528
2887,0.869376
2888,0.934912
2889,0.880640
2890,0.878592
2891,0.937984
2892,0.913408
2893,0.873472
2894,0.906240
2895,0.906240
2896,0.931840
2897,0.893952
2898,0.875520
2899,0.891904
2900,0.918528
2901,0.891904
2902,0.912384
2903,0.914432
2904,0.936960
2905,0.887808
2906,0.971776
2907,0.915456
2908,0.915456
2909,0.920576
2910,0.912384
2911,0.894976
2912,0.905216
2913,0.914432
2914,0.947200
2915,0.902144
2916,0.984064
2917,0.868352
2918,0.903168
2919,0.901120
2920,0.933888
2921,0.930816
2922,0.901120
2923,0.890880
2924,0.896000
2925,0.900096
2926,0.908288
2927,0.902144
2928,0.889856
2929,0.940032
2930,0.908288
2931,0.924672
2932,0.887808
2933,0.933888
2934,0.906240
2935,0.935936
2936,0.950272
2937,0.960512
2938,0.876544
2939,0.897024
2940,0.924672
2941,0.920576
2942,0.901120
2943,0.954368
2944,0.887808
2945,0.922624
2946,0.957440
2947,0.917504
2948,0.929792
2949,0.948224
2950,0.835584
2951,0.550912
2952,0.785408
2953,0.910336
2954,0.936960
2955,0.914432
2956,0.902144
2957,0.890880
2958,0.901120
2959,0.916480
2960,0.920576
2961,0.929792
2962,0.971776
2963,0.932864
2964,0.923648
2965,0.920576
2966,0.917504
2967,0.943104
2968,0.889856
2969,0.876544
2970,0.847872
2971,0.918528
2972,0.904192
2973,0.903168
2974,0.923648
2975,0.867328
2976,0.844800
2977,0.905216
2978,0.879616
2979,0.856064
2980,0.914432
2981,0.874496
2982,0.896000
2983,0.862208
2984,0.992256
2985,0.971776
2986,0.883712
2987,0.959488
2988,0.875520
2989,0.926720
2990,1.002496
2991,0.903168
2992,0.872448
2993,0.926720
2994,0.907264
2995,0.901120
2996,0.888832
2997,0.950272
2998,0.883712
2999,0.881664
3000,0.928768
3001,0.909312
3002,0.887808
3003,0.934912
3004,0.896000
3005,0.929792
3006,0.874496
3007,0.919552
3008,0.957440
3009,0.940032
3010,0.904192
3011,0.950272
3012,0.940032
3013,0.923648
3014,0.894976
3015,0.992256
3016,0.805888
3017,0.711680
3018,0.768000
3019,0.859136
3020,0.915456
3021,0.859136
3022,0.923648
3023,0.956416
3024,0.898048
3025,0.912384
3026,0.903168
3027,0.889856
3028,0.952320
3029,0.904192
3030,0.957440
3031,0.907264
3032,0.902144
3033,0.935936
3034,0.927744
3035,0.906240
3036,0.931840
3037,0.860160
3038,0.935936
3039,0.859136
3040,0.898048
3041,0.908288
3042,0.949248
3043,0.950272
3044,0.918528
3045,0.948224
3046,0.878592
3047,0.968704
3048,0.926720
3049,0.937984
3050,0.905216
3051,0.922624
3052,0.912384
3053,0.875520
3054,0.848896
3055,0.929792
3056,0.904192
3057,0.921600
3058,0.902144
3059,0.900096
3060,0.883712
3061,0.869376
3062,0.863232
3063,0.841728
3064,0.945152
3065,0.879616
3066,0.907264
3067,0.883712
3068,0.936960
3069,0.948224
3070,0.975872
3071,0.918528
3072,0.943104
3073,0.862208
3074,0.947200
3075,0.870400
3076,0.883712
3077,0.902144
3078,0.903168
3079,0.900096
3080,0.916480
3081,0.922624
3082,0.831488
3083,0.754688
3084,0.699392
3085,0.711680
3086,0.926720
3087,0.840704
3088,0.859136
3089,0.882688
3090,0.910336
3091,0.879616
3092,0.850944
3093,0.862208
3094,0.844800
3095,0.902144
3096,0.863232
3097,0.909312
3098,0.911360
3099,0.911360
3100,0.894976
3101,0.916480
3102,0.896000
3103,0.916480
3104,0.924672
3105,0.858112
3106,0.928768
3107,0.712704
3108,0.846848
3109,0.850944
3110,0.891904
3111,0.927744
3112,0.903168
3113,0.925696
3114,0.910336
3115,0.921600
3116,0.904192
3117,0.915456
3118,0.906240
3119,0.902144
3120,0.937984
3121,0.882688
3122,0.914432
3123,0.935936
3124,0.914432
3125,0.887808
3126,0.889856
3127,0.891904
3128,0.906240
3129,0.836608
3130,0.904192
3131,0.896000
3132,0.926720
3133,0.891904
3134,0.930816
3135,0.931840
3136,0.942080
3137,0.944128
3138,0.936960
3139,0.905216
3140,0.910336
3141,0.966656
3142,0.910336
3143,0.952320
3144,0.881664
3145,0.919552
3146,0.920576
3147,0.931840
3148,0.887808
3149,0.920576
3150,0.793600
3151,0.548864
3152,0.485376
3153,0.409600
3154,0.397312
3155,0.234496
3156,0.249856
3157,0.260096
3158,0.876544
3159,0.914432
3160,0.881664
3161,0.918528
3162,0.900096
3163,0.886784
3164,0.921600
3165,0.926720
3166,0.884736
3167,0.913408
3168,0.927744
3169,0.894976
3170,0.892928
3171,0.872448
3172,0.932864
3173,0.912384
3174,0.919552
3175,0.916480
3176,0.926720
3177,0.911360
3178,0.902144
3179,0.953344
3180,0.872448
3181,0.915456
3182,0.898048
3183,0.862208
3184,0.915456
3185,0.910336
3186,0.928768
3187,0.913408
3188,0.871424
3189,0.930816
3190,0.930816
3191,0.936960
3192,0.936960
3193,0.849920
3194,0.899072
3195,0.904192
3196,0.924672
3197,0.964608
3198,0.939008
3199,0.882688
3200,0.894976
3201,0.957440
3202,0.871424
3203,0.934912
3204,0.977920
3205,0.914432
3206,0.891904
3207,0.834560
3208,0.912384
3209,0.862208
3210,0.911360
3211,0.870400
3212,0.855040
3213,0.934912
3214,0.910336
3215,0.934912
3216,0.988160
3217,0.863232
3218,0.937984
3219,0.920576
3220,0.925696
3221,0.945152
3222,0.532480
3223,0.850944
3224,0.922624
3225,0.879616
3226,0.839680
3227,0.842752
3228,0.867328
3229,0.927744
3230,0.923648
3231,0.882688
3232,0.882688
3233,0.932864
3234,0.894976
3235,0.927744
3236,0.909312
3237,0.909312
3238,0.903168
3239,0.923648
3240,0.894976
3241,0.907264
3242,0.917504
3243,0.852992
3244,0.910336
3245,0.922624
3246,0.919552
3247,0.937984
3248,0.884736
3249,0.949248
3250,0.951296
3251,0.912384
3252,0.934912
3253,0.871424
3254,0.892928
3255,0.970752
3256,0.924672
3257,0.913408
3258,0.882688
3259,0.963584
3260,0.937984
3261,0.897024
3262,0.899072
3263,0.905216
3264,0.961536
3265,0.924672
3266,0.928768
3267,0.966656
3268,0.887808
3269,0.953344
3270,0.874496
3271,0.898048
3272,0.949248
3273,0.931840
3274,0.963584
3275,0.861184
3276,0.921600
3277,0.881664
3278,0.903168
3279,0.888832
3280,0.862208
3281,0.880640
3282,0.925696
3283,0.908288
3284,0.923648
3285,0.906240
3286,0.845824
3287,0.805888
3288,0.684032
3289,0.968704
3290,1.024000
3291,0.698368
3292,0.867328
3293,0.841728
3294,0.850944
3295,0.918528
3296,0.888832
3297,0.875520
3298,0.885760
3299,0.907264
3300,0.893952
3301,0.894976
3302,0.920576
3303,0.863232
3304,0.871424
3305,0.921600
3306,0.851968
3307,0.904192
3308,0.887808
3309,0.892928
3310,0.894976
3311,0.942080
3312,0.883712
3313,0.905216
3314,0.882688
3315,0.917504
3316,0.893952
3317,0.937984
3318,0.918528
3319,0.913408
3320,0.939008
3321,0.884736
3322,0.922624
3323,0.897024
3324,0.917504
3325,0.876544
3326,0.904192
3327,0.892928
3328,0.851968
3329,0.833536
3330,0.859136
3331,0.967680
3332,0.875520
3333,0.915456
3334,0.904192
3335,0.943104
3336,0.879616
3337,0.881664
3338,0.923648
3339,0.934912
3340,0.911360
3341,0.991232
3342,0.947200
3343,0.958464
3344,0.925696
3345,0.921600
3346,0.925696
3347,0.861184
3348,0.898048
3349,0.939008
3350,0.921600
3351,0.889856
3352,0.880640
3353,0.790528
3354,0.747520
3355,0.883712
3356,1.072128
3357,0.504832
3358,0.896000
3359,0.879616
3360,0.883712
3361,0.790528
3362,0.806912
3363,0.882688
3364,0.931840
3365,0.954368
3366,0.949248
3367,0.921600
3368,0.916480
3369,0.892928
3370,0.896000
3371,0.887808
3372,0.945152
3373,0.898048
3374,0.913408
3375,0.888832
3376,0.904192
3377,0.889856
3378,0.924672
3379,0.885760
3380,0.950272
3381,0.919552
3382,0.907264
3383,0.870400
3384,0.721920
3385,0.970752
3386,0.868352
3387,0.886784
3388,0.882688
3389,0.919552
3390,0.878592
3391,0.888832
3392,0.915456
3393,0.882688
3394,0.909312
3395,0.898048
3396,0.904192
3397,0.890880
3398,0.926720
3399,0.954368
3400,0.912384
3401,0.944128
3402,0.889856
3403,0.929792
3404,0.923648
3405,0.980992
3406,0.908288
3407,0.910336
3408,0.925696
3409,0.891904
3410,0.913408
3411,0.956416
3412,0.866304
3413,0.942080
3414,0.903168
3415,0.949248
3416,0.929792
3417,0.907264
3418,0.936960
3419,0.860160
3420,0.857088
3421,0.919552
3422,0.982016
3423,0.838656
3424,0.883712
3425,0.922624
3426,0.929792
3427,0.880640
3428,0.947200
3429,0.849920
3430,0.918528
3431,0.871424
3432,0.940032
3433,0.925696
3434,0.931840
3435,0.944128
3436,0.939008
3437,0.907264
3438,0.948224
3439,0.939008
3440,0.945152
3441,0.924672
3442,0.930816
3443,0.899072
3444,0.923648
3445,0.891904
3446,0.902144
3447,0.880640
3448,0.817152
3449,0.881664
3450,0.972800
3451,1.062912
3452,0.865280
3453,0.902144
3454,0.944128
3455,0.927744
3456,0.893952
3457,0.903168
3458,0.965632
3459,0.893952
3460,0.942080
3461,0.925696
3462,0.893952
3463,0.871424
3464,0.892928
3465,0.924672
3466,0.809984
3467,0.885760
3468,0.906240
3469,0.882688
3470,0.961536
3471,0.912384
3472,0.926720
3473,0.915456
3474,0.902144
3475,0.835584
3476,0.971776
3477,0.945152
3478,0.793600
3479,0.916480
3480,0.962560
3481,0.940032
3482,0.926720
3483,0.855040
3484,0.558080
3485,0.849920
3486,0.832512
3487,0.859136
3488,0.879616
3489,0.836608
3490,0.935936
3491,0.924672
3492,0.928768
3493,0.920576
3494,0.936960
3495,0.876544
3496,0.946176
3497,0.913408
3498,0.950272
3499,0.914432
3500,0.913408
3501,0.878592
3502,0.886784
3503,0.882688
3504,0.912384
3505,0.885760
3506,0.882688
3507,0.927744
3508,0.878592
3509,0.823296
3510,0.892928
3511,0.953344
3512,0.891904
3513,0.904192
3514,0.890880
3515,0.899072
3516,0.873472
3517,0.887808
3518,0.942080
3519,0.892928
3520,0.865280
3521,0.934912
3522,0.935936
3523,0.881664
3524,0.939008
3525,0.902144
3526,0.927744
3527,0.898048
3528,0.919552
3529,0.867328
3530,0.947200
3531,0.851968
3532,0.857088
3533,0.925696
3534,0.894976
3535,0.897024
3536,0.929792
3537,0.944128
3538,0.899072
3539,0.889856
3540,0.903168
3541,0.904192
3542,0.892928
3543,0.709632
3544,0.386048
3545,0.885760
3546,0.923648
3547,0.865280
3548,0.905216
3549,0.912384
3550,0.791552
3551,0.951296
3552,0.867328
3553,0.929792
3554,0.925696
3555,0.940032
3556,0.921600
3557,0.962560
3558,0.883712
3559,0.904192
3560,0.960512
3561,0.902144
3562,0.927744
3563,0.893952
3564,0.955392
3565,0.908288
3566,0.908288
3567,0.910336
3568,0.841728
3569,0.919552
3570,0.868352
3571,0.876544
3572,0.886784
3573,0.876544
3574,0.877568
3575,0.918528
3576,0.861184
3577,0.925696
3578,0.926720
3579,0.902144
3580,0.902144
3581,0.897024
3582,0.927744
3583,0.918528
3584,0.884736
3585,0.899072
3586,0.905216
3587,0.835584
3588,0.927744
3589,0.905216
3590,0.940032
3591,0.883712
3592,0.898048
3593,0.951296
3594,0.860160
3595,0.867328
3596,0.899072
3597,0.932864
3598,0.893952
3599,0.884736
3600,0.936960
3601,0.832512
3602,0.880640
3603,0.890880
3604,0.919552
3605,0.862208
3606,0.902144
3607,0.884736
3608,0.914432
3609,0.944128
3610,0.885760
3611,0.919552
3612,0.914432
3613,0.948224
3614,0.859136
3615,0.705536
3616,0.485376
3617,0.334848
3618,0.220160
3619,0.208896
3620,0.220160
3621,0.192512
3622,0.184320
3623,0.188416
3624,0.196608
3625,0.193536
3626,0.857088
3627,0.866304
3628,0.816128
3629,0.955392
3630,0.884736
3631,0.942080
3632,0.912384
3633,0.913408
3634,0.957440
3635,0.911360
3636,0.918528
3637,0.961536
3638,0.918528
3639,0.886784
3640,0.841728
3641,0.837632
3642,0.902144
3643,0.846848
3644,0.929792
3645,0.927744
3646,0.891904
3647,0.912384
3648,0.916480
3649,0.875520
3650,0.884736
3651,0.926720
3652,0.882688
3653,0.912384
3654,0.932864
3655,0.898048
3656,0.941056
3657,0.860160
3658,0.968704
3659,0.923648
3660,0.944128
3661,0.944128
3662,0.917504
3663,0.959488
3664,0.956416
3665,0.912384
3666,0.907264
3667,0.903168
3668,0.911360
3669,0.924672
3670,0.948224
3671,0.878592
3672,0.916480
3673,0.885760
3674,0.919552
3675,0.924672
3676,0.892928
3677,0.945152
3678,0.912384
3679,0.901120
3680,0.926720
3681,0.926720
3682,0.876544
3683,0.908288
3684,0.906240
3685,0.877568
3686,0.870400
3687,0.872448
3688,0.850944
3689,0.942080
3690,0.680960
3691,1.105920
3692,0.643072
3693,0.857088
3694,0.789504
3695,0.893952
3696,0.887808
3697,0.909312
3698,0.840704
3699,0.930816
3700,0.915456
3701,0.879616
3702,0.886784
3703,0.889856
3704,0.908288
3705,0.939008
3706,0.894976
3707,0.886784
3708,0.922624
3709,0.943104
3710,0.930816
3711,0.930816
3712,0.862208
3713,0.892928
3714,0.899072
3715,0.904192
3716,0.956416
3717,0.922624
3718,0.897024
3719,0.959488
3720,0.866304
3721,0.869376
3722,0.813056
3723,0.881664
3724,0.879616
3725,0.914432
3726,0.894976
3727,0.924672
3728,0.905216
3729,0.900096
3730,0.935936
3731,0.861184
3732,0.901120
3733,0.922624
3734,0.854016
3735,0.964608
3736,0.850944
3737,0.916480
3738,0.927744
3739,0.861184
3740,0.925696
3741,0.878592
3742,0.884736
3743,0.921600
3744,0.925696
3745,0.915456
3746,0.912384
3747,0.914432
3748,0.893952
3749,0.867328
3750,0.829440
3751,0.859136
3752,0.940032
3753,0.884736
3754,0.791552
3755,0.783360
3756,0.796672
3757,0.919552
3758,0.879616
3759,0.932864
3760,0.920576
3761,0.919552
3762,0.910336
3763,0.875520
3764,0.919552
3765,0.885760
3766,0.844800
3767,0.925696
3768,0.840704
3769,0.885760
3770,0.917504
3771,0.899072
3772,0.939008
3773,0.904192
3774,0.909312
3775,0.918528
3776,0.901120
3777,0.935936
3778,0.911360
3779,0.886784
3780,0.930816
3781,0.924672
3782,0.917504
3783,0.891904
3784,0.893952
3785,0.883712
3786,0.921600
3787,0.925696
3788,0.932864
3789,0.922624
3790,0.971776
3791,0.928768
3792,0.882688
3793,0.888832
3794,0.889856
3795,0.939008
3796,0.904192
3797,0.925696
3798,0.908288
3799,0.953344
3800,0.861184
3801,0.907264
3802,0.888832
3803,0.956416
3804,0.867328
3805,0.896000
3806,0.915456
3807,0.958464
3808,0.947200
3809,0.928768
3810,0.925696
3811,0.884736
3812,0.886784
3813,0.868352
3814,0.800768
3815,0.884736
3816,0.903168
3817,0.929792
3818,0.954368
3819,0.921600
3820,0.812032
3821,0.638976
3822,0.371712
3823,0.379904
3824,0.365568
3825,0.335872
3826,0.304128
3827,0.286720
3828,0.287744
3829,0.257024
3830,0.684032
3831,0.898048
3832,0.946176
3833,0.891904
3834,0.905216
3835,0.934912
3836,0.916480
3837,0.922624
3838,0.927744
3839,0.932864
3840,0.896000
3841,0.924672
3842,0.899072
3843,0.965632
3844,0.930816
3845,0.948224
3846,0.876544
3847,0.917504
3848,0.970752
3849,0.894976
3850,0.896000
3851,0.867328
3852,0.901120
3853,0.903168
3854,0.886784
3855,0.883712
3856,0.907264
3857,0.873472
3858,0.871424
3859,0.913408
3860,0.885760
3861,0.889856
3862,0.859136
3863,0.934912
3864,0.905216
3865,0.936960
3866,0.926720
3867,0.911360
3868,0.905216
3869,0.951296
3870,0.882688
3871,0.930816
3872,0.929792
3873,0.920576
3874,0.915456
3875,0.885760
3876,0.925696
3877,0.918528
3878,0.873472
3879,0.922624
3880,0.924672
3881,0.868352
3882,0.970752
3883,0.916480
3884,0.941056
3885,0.869376
3886,0.957440
3887,0.963584
3888,0.912384
3889,0.990208
3890,0.910336
3891,0.961536
3892,0.930816
3893,0.886784
3894,0.839680
3895,0.856064
3896,0.942080
3897,0.886784
3898,0.985088
3899,0.914432
3900,0.867328
3901,0.944128
3902,0.908288
3903,0.907264
3904,0.939008
3905,0.910336
3906,0.929792
3907,0.913408
3908,0.883712
3909,0.912384
3910,0.907264
3911,0.904192
3912,0.878592
3913,0.916480
3914,0.907264
3915,0.949248
3916,0.913408
3917,0.925696
3918,0.902144
3919,0.918528
3920,0.903168
3921,0.879616
3922,0.875520
3923,0.953344
3924,0.855040
3925,0.880640
3926,0.939008
3927,0.865280
3928,0.894976
3929,0.854016
3930,0.921600
3931,0.926720
3932,0.907264
3933,0.929792
3934,0.837632
3935,0.882688
3936,0.881664
3937,0.903168
3938,0.908288
3939,0.883712
3940,0.912384
3941,0.898048
3942,0.976896
3943,0.905216
3944,0.910336
3945,0.949248
3946,0.910336
3947,0.916480
3948,0.941056
3949,0.897024
3950,0.928768
3951,0.919552
3952,0.917504
3953,0.883712
3954,0.818176
3955,0.888832
3956,0.815104
3957,0.901120
3958,0.921600
3959,0.502784
3960,0.918528
3961,0.888832
3962,0.815104
3963,0.844800
3964,0.886784
3965,0.899072
3966,0.919552
3967,0.861184
3968,0.882688
3969,0.887808
3970,0.903168
3971,0.950272
3972,0.986112
3973,0.867328
3974,0.907264
3975,0.899072
3976,0.860160
3977,0.869376
3978,0.885760
3979,0.891904
3980,0.915456
3981,0.888832
3982,0.919552
3983,0.934912
3984,0.933888
3985,0.909312
3986,0.939008
3987,0.886784
3988,0.900096
3989,0.929792
3990,0.877568
3991,0.871424
3992,0.936960
3993,0.881664
3994,0.921600
3995,0.900096
3996,0.838656
3997,0.925696
3998,0.878592
3999,0.871424
4000,0.890880
4001,0.851968
4002,0.967680
4003,0.896000
4004,0.928768
4005,0.917504
4006,0.918528
4007,0.914432
4008,0.903168
4009,0.923648
4010,0.909312
4011,0.902144
4012,0.936960
4013,0.908288
4014,0.928768
4015,0.907264
4016,0.932864
4017,0.888832
4018,0.918528
4019,0.901120
4020,0.857088
4021,0.890880
4022,0.834560
4023,0.872448
4024,0.821248
4025,0.555008
4026,0.373760
4027,0.235520
4028,0.237568
4029,0.822272
4030,0.904192
4031,0.951296
4032,0.921600
4033,0.871424
4034,0.909312
4035,0.893952
4036,0.944128
4037,0.868352
4038,0.978944
4039,0.942080
4040,0.886784
4041,0.939008
4042,0.883712
4043,0.897024
4044,0.880640
4045,0.904192
4046,0.918528
4047,0.933888
4048,0.945152
4049,0.846848
4050,0.902144
4051,0.942080
4052,0.894976
4053,0.928768
4054,0.872448
4055,0.980992
4056,0.908288
4057,0.932864
4058,0.946176
4059,0.926720
4060,0.878592
4061,0.907264
4062,0.930816
4063,0.881664
4064,0.876544
4065,0.918528
4066,0.915456
4067,0.947200
4068,0.941056
4069,0.922624
4070,0.958464
4071,0.940032
4072,0.941056
4073,0.892928
4074,0.937984
4075,0.892928
4076,0.939008
4077,0.942080
4078,0.904192
4079,0.940032
4080,0.913408
4081,0.916480
4082,0.905216
4083,0.889856
4084,0.867328
4085,0.885760
4086,0.916480
4087,0.862208
4088,0.914432
4089,0.882688
4090,0.905216
4091,0.920576
4092,0.919552
4093,0.780288
4094,0.606208
4095,0.510976
4096,0.894976
4097,0.872448
4098,0.920576
4099,0.916480
4100,0.909312
4101,0.891904
4102,0.939008
4103,0.910336
4104,0.959488
4105,0.926720
4106,0.838656
4107,0.919552
4108,0.947200
4109,0.918528
4110,0.907264
4111,0.854016
4112,0.900096
4113,0.929792
4114,0.969728
4115,0.848896
4116,0.953344
4117,0.929792
4118,0.934912
4119,0.899072
4120,0.931840
4121,0.916480
4122,0.863232
4123,0.957440
4124,0.866304
4125,0.909312
4126,0.910336
4127,0.917504
4128,0.951296
4129,0.954368
4130,0.911360
4131,0.941056
4132,0.898048
4133,0.934912
4134,0.906240
4135,0.859136
4136,0.943104
4137,0.923648
4138,0.911360
4139,0.875520
4140,0.924672
4141,0.886784
4142,0.902144
4143,0.908288
4144,0.963584
4145,0.937984
4146,0.921600
4147,0.937984
4148,0.983040
4149,0.920576
4150,0.928768
4151,0.929792
4152,0.920576
4153,0.915456
4154,0.954368
4155,0.949248
4156,0.919552
4157,0.926720
4158,0.922624
4159,0.939008
4160,0.764928
4161,0.923648
4162,0.632832
4163,1.068032
4164,0.872448
4165,0.920576
4166,0.873472
4167,0.915456
4168,0.899072
4169,0.926720
4170,0.898048
4171,0.903168
4172,0.955392
4173,0.888832
4174,0.909312
4175,0.893952
4176,0.898048
4177,0.877568
4178,0.897024
4179,0.912384
4180,0.902144
4181,0.950272
4182,0.924672
4183,0.877568
4184,0.910336
4185,0.906240
4186,0.925696
4187,0.935936
4188,0.900096
4189,0.906240
4190,0.909312
4191,0.928768
4192,0.868352
4193,0.916480
4194,0.885760
4195,0.840704
4196,0.844800
4197,0.865280
4198,0.881664
4199,0.894976
4200,0.926720
4201,0.950272
4202,0.930816
4203,0.960512
4204,0.900096
4205,0.958464
4206,0.932864
4207,0.903168
4208,0.935936
4209,0.892928
4210,0.958464
4211,0.929792
4212,0.877568
4213,0.924672
4214,0.932864
4215,0.922624
4216,0.968704
4217,0.924672
4218,0.937984
4219,0.921600
4220,0.859136
4221,0.901120
4222,0.935936
4223,0.875520
4224,0.764928
4225,0.676864
4226,0.549888
4227,0.909312
4228,0.976896
4229,0.894976
4230,0.916480
4231,0.907264
4232,0.934912
4233,0.903168
4234,0.874496
4235,0.868352
4236,0.928768
4237,0.956416
4238,0.867328
4239,0.994304
4240,0.887808
4241,0.933888
4242,0.902144
4243,0.920576
4244,0.890880
4245,0.925696
4246,0.954368
4247,0.909312
4248,0.932864
4249,0.912384
4250,0.925696
4251,0.910336
4252,0.952320
4253,0.923648
4254,0.890880
4255,0.884736
4256,0.882688
4257,0.937984
4258,0.888832
4259,0.939008
4260,0.919552
4261,0.850944
4262,0.894976
4263,0.977920
4264,0.926720
4265,0.854016
4266,0.894976
4267,0.947200
4268,0.959488
4269,0.911360
4270,0.926720
4271,0.910336
4272,0.961536
4273,0.912384
4274,0.913408
4275,0.899072
4276,0.948224
4277,0.918528
4278,0.948224
4279,0.963584
4280,0.888832
4281,0.960512
4282,0.931840
4283,0.910336
4284,0.954368
4285,0.866304
4286,0.944128
4287,0.933888
4288,0.943104
4289,0.920576
4290,0.749568
4291,0.769024
4292,0.968704
4293,0.893952
4294,0.919552
4295,0.852992
4296,0.917504
4297,0.861184
4298,0.996352
4299,0.894976
4300,0.858112
4301,0.916480
4302,0.933888
4303,0.948224
4304,0.921600
4305,0.920576
4306,0.925696
4307,0.886784
4308,0.894976
4309,0.920576
4310,0.921600
4311,0.893952
4312,0.905216
4313,0.940032
4314,0.870400
4315,0.899072
4316,0.872448
4317,0.908288
4318,0.857088
4319,0.837632
4320,0.879616
4321,0.873472
4322,0.916480
4323,0.888832
4324,0.915456
4325,0.906240
4326,0.953344
4327,0.933888
4328,0.852992
4329,0.933888
4330,0.862208
4331,0.897024
4332,0.931840
4333,0.861184
4334,0.918528
4335,0.915456
4336,0.893952
4337,0.914432
4338,0.896000
4339,0.891904
4340,0.824320
4341,0.944128
4342,0.911360
4343,0.934912
4344,0.942080
4345,0.905216
4346,0.908288
4347,0.934912
4348,0.911360
4349,0.950272
4350,0.916480
4351,0.901120
4352,0.892928
4353,0.879616
4354,0.971776
4355,0.892928
4356,0.706560
4357,0.739328
4358,0.954368
4359,0.902144
4360,0.943104
4361,0.914432
4362,0.902144
4363,0.900096
4364,0.887808
4365,0.948224
4366,0.882688
4367,0.962560
4368,0.899072
4369,0.922624
4370,0.944128
4371,0.888832
4372,0.901120
4373,0.915456
4374,0.934912
4375,0.946176
4376,0.899072
4377,0.910336
4378,0.912384
4379,0.934912
4380,0.915456
4381,0.858112
4382,0.841728
4383,0.763904
4384,0.831488
4385,0.916480
4386,0.933888
4387,0.880640
4388,0.927744
4389,0.898048
4390,0.906240
4391,0.949248
4392,0.869376
4393,0.893952
4394,0.856064
4395,0.869376
4396,0.916480
4397,0.862208
4398,0.906240
4399,0.885760
4400,0.911360
4401,0.951296
4402,0.909312
4403,0.936960
4404,0.929792
4405,0.874496
4406,0.928768
4407,0.915456
4408,0.941056
4409,0.933888
4410,0.937984
4411,0.923648
4412,0.939008
4413,0.935936
4414,0.888832
4415,0.916480
4416,0.921600
4417,0.913408
4418,0.890880
4419,0.892928
4420,0.848896
4421,0.523264
4422,0.891904
4423,0.897024
4424,0.840704
4425,0.891904
4426,0.865280
4427,0.889856
4428,0.905216
4429,0.946176
4430,0.919552
4431,0.887808
4432,0.923648
4433,0.856064
4434,0.945152
4435,0.897024
4436,0.943104
4437,0.965632
4438,0.935936
4439,0.881664
4440,0.940032
4441,0.921600
4442,0.921600
4443,0.893952
4444,0.880640
4445,0.864256
4446,0.910336
4447,0.928768
4448,0.917504
4449,0.878592
4450,0.892928
4451,0.915456
4452,0.875520
4453,0.928768
4454,0.865280
4455,0.901120
4456,0.907264
4457,0.892928
4458,0.908288
4459,0.905216
4460,0.936960
4461,0.992256
4462,0.888832
4463,0.890880
4464,0.922624
4465,0.919552
4466,0.823296
4467,0.881664
4468,0.887808
4469,0.904192
4470,0.925696
4471,0.885760
4472,0.899072
4473,0.851968
4474,0.916480
4475,0.886784
4476,0.881664
4477,0.923648
4478,0.886784
4479,0.883712
4480,0.913408
4481,0.937984
4482,0.884736
4483,0.949248
4484,0.891904
4485,0.918528
4486,0.546816
4487,0.866304
4488,0.774144
4489,0.899072
4490,0.856064
4491,0.911360
4492,0.890880
4493,0.939008
4494,0.935936
4495,0.891904
4496,0.927744
4497,0.897024
4498,0.932864
4499,0.883712
4500,0.904192
4501,0.878592
4502,0.918528
4503,0.896000
4504,0.889856
4505,0.876544
4506,0.893952
4507,0.902144
4508,0.883712
4509,0.886784
4510,0.920576
4511,0.851968
4512,0.883712
4513,0.937984
4514,0.927744
4515,0.889856
4516,0.906240
4517,0.859136
4518,0.845824
4519,0.909312
4520,0.927744
4521,0.907264
4522,0.894976
4523,0.790528
4524,0.806912
4525,0.914432
4526,0.859136
4527,0.883712
4528,0.917504
4529,0.832512
4530,0.908288
4531,0.909312
4532,0.923648
4533,0.939008
4534,0.899072
4535,0.931840
4536,0.920576
4537,0.969728
4538,0.940032
4539,0.893952
4540,0.917504
4541,0.914432
4542,0.903168
4543,0.913408
4544,0.902144
4545,0.963584
4546,0.978944
4547,0.755712
4548,0.964608
4549,0.915456
4550,0.937984
4551,0.883712
4552,0.746496
4553,0.783360
4554,0.983040
4555,0.881664
4556,0.911360
4557,0.932864
4558,0.927744
4559,0.918528
4560,0.941056
4561,0.920576
4562,0.857088
4563,0.891904
4564,0.893952
4565,0.921600
4566,0.929792
4567,0.917504
4568,0.985088
4569,0.890880
4570,0.943104
4571,0.932864
4572,0.910336
4573,0.934912
4574,0.941056
4575,0.927744
4576,0.952320
4577,0.914432
4578,0.942080
4579,0.919552
4580,0.942080
4581,0.935936
4582,0.944128
4583,0.905216
4584,0.893952
4585,0.917504
4586,0.915456
4587,0.907264
4588,0.925696
4589,0.893952
4590,0.906240
4591,0.870400
4592,0.721920
4593,0.897024
4594,0.915456
4595,0.929792
4596,0.916480
4597,0.970752
4598,0.919552
4599,0.887808
4600,0.909312
4601,0.900096
4602,0.970752
4603,0.903168
4604,0.892928
4605,0.914432
4606,0.850944
4607,0.908288
4608,0.943104
4609,0.990208
4610,0.924672
4611,0.923648
4612,0.940032
4613,0.932864
4614,0.976896
4615,0.875520
4616,0.925696
4617,0.877568
4618,0.608256
4619,0.413696
4620,0.382976
4621,0.202752
4622,0.200704
4623,0.212992
4624,0.214016
4625,0.862208
4626,0.928768
4627,0.961536
4628,0.925696
4629,0.884736
4630,0.914432
4631,0.909312
4632,0.931840
4633,0.903168
4634,0.902144
4635,0.961536
4636,0.923648
4637,0.928768
4638,0.913408
4639,0.914432
4640,0.920576
4641,0.903168
4642,0.918528
4643,0.944128
4644,0.898048
4645,0.897024
4646,0.896000
4647,0.894976
4648,0.905216
4649,0.923648
4650,0.864256
4651,0.925696
4652,0.845824
4653,0.894976
4654,0.919552
4655,0.925696
4656,0.920576
4657,0.899072
4658,0.928768
4659,0.866304
4660,0.899072
4661,0.936960
4662,0.886784
4663,0.867328
4664,0.790528
4665,0.887808
4666,0.918528
4667,0.916480
4668,0.904192
4669,0.928768
4670,0.924672
4671,0.892928
4672,0.966656
4673,0.929792
4674,0.898048
4675,0.911360
4676,0.908288
4677,0.899072
4678,0.929792
4679,0.867328
4680,0.867328
4681,0.914432
4682,0.901120
4683,0.932864
4684,0.942080
4685,0.918528
4686,0.934912
4687,0.931840
4688,0.856064
4689,0.644096
4690,0.730112
4691,0.944128
4692,0.913408
4693,0.910336
4694,0.893952
4695,0.951296
4696,0.972800
4697,0.932864
4698,0.868352
4699,0.943104
4700,0.874496
4701,0.880640
4702,0.933888
4703,0.897024
4704,0.897024
4705,0.912384
4706,0.889856
4707,0.944128
4708,0.868352
4709,0.803840
4710,0.889856
4711,0.907264
4712,0.917504
4713,0.879616
4714,0.909312
4715,0.907264
4716,0.936960
4717,0.917504
4718,0.882688
4719,0.937984
4720,0.879616
4721,0.946176
4722,0.866304
4723,0.891904
4724,0.888832
4725,0.885760
4726,0.913408
4727,0.961536
4728,0.935936
4729,0.917504
4730,0.913408
4731,0.886784
4732,0.914432
4733,0.887808
4734,1.021952
4735,0.904192
4736,0.910336
4737,0.921600
4738,0.845824
4739,0.966656
4740,0.887808
4741,0.881664
4742,0.940032
4743,0.972800
4744,0.885760
4745,0.905216
4746,0.925696
4747,0.900096
4748,0.956416
4749,0.916480
4750,0.876544
4751,0.902144
4752,0.912384
4753,0.913408
4754,0.946176
4755,0.612352
4756,0.908288
4757,0.905216
4758,0.940032
4759,0.935936
4760,0.916480
4761,0.897024
4762,0.878592
4763,0.830464
4764,0.860160
4765,0.879616
4766,1.054720
4767,0.889856
4768,0.918528
4769,0.931840
4770,0.854016
4771,0.911360
4772,0.846848
4773,0.669696
4774,1.035264
4775,0.844800
4776,0.922624
4777,0.917504
4778,0.912384
4779,0.871424
4780,0.815104
4781,0.876544
4782,0.829440
4783,0.939008
4784,0.910336
4785,0.937984
4786,0.857088
4787,0.930816
4788,0.874496
4789,0.881664
4790,0.915456
4791,0.893952
4792,0.893952
4793,0.943104
4794,0.890880
4795,0.897024
4796,0.911360
4797,0.919552
4798,0.873472
4799,0.885760
4800,0.876544
4801,0.841728
4802,0.861184
4803,0.883712
4804,0.884736
4805,0.900096
4806,0.912384
4807,0.877568
4808,0.847872
4809,0.941056
4810,0.885760
4811,0.889856
4812,0.906240
4813,0.869376
4814,0.900096
4815,0.886784
4816,0.956416
4817,0.925696
4818,0.921600
4819,0.872448
4820,0.731136
4821,0.580608
4822,0.773120
4823,0.875520
4824,0.892928
4825,0.874496
4826,0.926720
4827,0.883712
4828,0.980992
4829,0.952320
4830,0.903168
4831,0.897024
4832,0.920576
4833,0.896000
4834,0.930816
4835,0.846848
4836,0.919552
4837,0.924672
4838,0.879616
4839,0.888832
4840,0.904192
4841,0.829440
4842,0.898048
4843,0.861184
4844,0.911360
4845,0.922624
4846,0.887808
4847,0.956416
4848,0.910336
4849,0.887808
4850,0.949248
4851,0.867328
4852,0.939008
4853,0.889856
4854,0.942080
4855,0.912384
4856,0.920576
4857,0.916480
4858,0.936960
4859,0.864256
4860,0.892928
4861,0.888832
4862,0.911360
4863,0.905216
4864,0.886784
4865,0.885760
4866,0.830464
4867,0.898048
4868,0.820224
4869,0.859136
4870,0.907264
4871,0.910336
4872,0.900096
4873,0.930816
4874,0.898048
4875,0.892928
4876,0.930816
4877,0.935936
4878,0.890880
4879,0.916480
4880,0.937984
4881,0.907264
4882,0.911360
4883,0.951296
4884,0.892928
4885,0.970752
4886,0.923648
4887,0.678912
4888,0.472064
4889,0.305152
4890,0.306176
4891,0.764928
4892,0.965632
4893,0.873472
4894,0.945152
4895,0.939008
4896,0.937984
4897,0.904192
4898,0.931840
4899,0.897024
4900,0.898048
4901,0.948224
4902,0.915456
4903,0.953344
4904,0.940032
4905,0.880640
4906,0.935936
4907,0.893952
4908,0.903168
4909,0.879616
4910,0.890880
4911,0.861184
4912,0.983040
4913,0.809984
4914,0.959488
4915,0.751616
4916,0.863232
4917,0.815104
4918,0.828416
4919,0.858112
4920,0.844800
4921,0.834560
4922,0.928768
4923,0.880640
4924,0.955392
4925,0.884736
4926,0.973824
4927,0.891904
4928,0.912384
4929,0.872448
4930,0.901120
4931,0.868352
4932,0.901120
4933,0.889856
4934,0.916480
4935,0.896000
4936,0.900096
4937,0.926720
4938,0.917504
4939,0.933888
4940,0.848896
4941,0.889856
4942,0.852992
4943,0.907264
4944,0.890880
4945,0.903168
4946,0.839680
4947,0.923648
4948,0.939008
4949,0.921600
4950,0.942080
4951,0.879616
4952,0.952320
4953,0.879616
4954,0.930816
4955,0.899072
4956,0.770048
4957,0.894976
4958,0.897024
4959,0.897024
4960,0.902144
4961,0.917504
4962,0.966656
4963,0.852992
4964,0.950272
4965,0.872448
4966,0.912384
4967,0.887808
4968,0.914432
4969,0.921600
4970,0.930816
4971,0.904192
4972,0.926720
4973,0.937984
4974,0.912384
4975,0.916480
4976,0.929792
4977,0.878592
4978,0.937984
4979,0.914432
4980,0.925696
4981,0.898048
4982,0.887808
4983,0.917504
4984,0.891904
4985,0.907264
4986,0.941056
4987,0.939008
4988,0.878592
4989,0.886784
4990,0.874496
4991,0.927744
4992,0.863232
4993,0.842752
4994,0.875520
4995,0.934912
4996,0.875520
4997,0.900096
4998,0.948224
4999,0.920576
5000,0.962560
5001,0.914432
5002,0.929792
5003,0.909312
5004,0.912384
5005,0.913408
5006,0.940032
5007,0.908288
5008,0.928768
5009,0.902144
5010,0.957440
5011,0.946176
5012,0.947200
5013,0.839680
5014,0.858112
5015,0.908288
5016,0.915456
5017,0.855040
5018,0.899072
5019,0.897024
5020,0.906240
5021,0.534528
5022,0.873472
5023,0.882688
5024,0.860160
5025,0.877568
5026,0.826368
5027,0.907264
5028,0.877568
5029,0.957440
5030,0.915456
5031,0.908288
5032,0.957440
5033,0.890880
5034,0.939008
5035,0.948224
5036,0.871424
5037,0.905216
5038,0.889856
5039,0.906240
5040,0.894976
5041,0.918528
5042,0.903168
5043,0.890880
5044,0.892928
5045,0.887808
5046,0.925696
5047,0.884736
5048,0.910336
5049,0.893952
5050,0.898048
5051,0.884736
5052,0.904192
5053,0.903168
5054,0.911360
5055,0.920576
5056,0.926720
5057,0.955392
5058,0.896000
5059,0.922624
5060,0.960512
5061,0.935936
5062,0.916480
5063,0.919552
5064,0.964608
5065,0.897024
5066,0.922624
5067,0.937984
5068,0.890880
5069,0.901120
5070,0.917504
5071,0.950272
5072,0.960512
5073,0.876544
5074,0.888832
5075,0.871424
5076,0.941056
5077,0.876544
5078,0.904192
5079,0.956416
5080,0.903168
5081,0.917504
5082,0.976896
5083,0.905216
5084,0.968704
5085,0.902144
5086,0.787456
5087,0.580608
5088,0.848896
5089,0.929792
5090,0.947200
5091,0.879616
5092,0.944128
5093,0.850944
5094,0.958464
5095,0.919552
5096,0.916480
5097,0.906240
5098,0.855040
5099,0.886784
5100,0.886784
5101,0.915456
5102,0.902144
5103,0.917504
5104,0.968704
5105,0.931840
5106,0.930816
5107,0.934912
5108,0.906240
5109,0.684032
5110,0.950272
5111,0.934912
5112,0.899072
5113,0.917504
5114,0.946176
5115,0.962560
5116,0.901120
5117,0.851968
5118,0.924672
5119,0.976896
5120,0.896000
5121,0.991232
5122,0.848896
5123,0.926720
5124,0.885760
5125,0.901120
5126,0.894976
5127,0.910336
5128,0.902144
5129,0.875520
5130,0.941056
5131,0.857088
5132,0.921600
5133,0.888832
5134,0.889856
5135,0.867328
5136,0.914432
5137,0.929792
5138,0.908288
5139,0.934912
5140,0.909312
5141,0.908288
5142,0.909312
5143,0.906240
5144,0.884736
5145,0.946176
5146,0.885760
5147,0.928768
5148,0.937984
5149,0.899072
5150,0.950272
5151,0.820224
5152,0.660480
5153,0.843776
5154,0.906240
5155,0.908288
5156,0.935936
5157,0.866304
5158,0.913408
5159,0.896000
5160,0.953344
5161,0.880640
5162,0.939008
5163,0.917504
5164,0.931840
5165,0.917504
5166,0.966656
5167,0.903168
5168,0.955392
5169,0.978944
5170,0.928768
5171,0.925696
5172,0.888832
5173,0.881664
5174,0.894976
5175,0.941056
5176,0.898048
5177,0.946176
5178,0.919552
5179,0.903168
5180,0.919552
5181,0.905216
5182,0.904192
5183,0.844800
5184,0.920576
5185,0.905216
5186,0.894976
5187,0.915456
5188,0.941056
5189,0.923648
5190,0.875520
5191,0.859136
5192,0.907264
5193,0.936960
5194,0.910336
5195,0.925696
5196,0.897024
5197,0.927744
5198,0.932864
5199,0.885760
5200,0.931840
5201,0.916480
5202,0.869376
5203,0.905216
5204,0.907264
5205,0.897024
5206,0.892928
5207,0.943104
5208,0.936960
5209,0.854016
5210,0.880640
5211,0.971776
5212,0.925696
5213,0.919552
5214,0.944128
5215,0.902144
5216,0.779264
5217,0.609280
5218,0.474112
5219,0.357376
5220,0.269312
5221,0.286720
5222,0.272384
5223,0.252928
5224,0.251904
5225,0.258048
5226,0.747520
5227,0.916480
5228,0.918528
5229,0.924672
5230,0.915456
5231,0.942080
5232,0.911360
5233,0.930816
5234,0.876544
5235,0.908288
5236,0.927744
5237,0.907264
5238,0.899072
5239,0.891904
5240,0.907264
5241,0.921600
5242,0.861184
5243,0.827392
5244,0.974848
5245,0.417792
5246,0.897024
5247,0.964608
5248,0.868352
5249,0.951296
5250,0.896000
5251,0.880640
5252,0.922624
5253,0.943104
5254,0.880640
5255,0.880640
5256,0.945152
5257,0.929792
5258,0.914432
5259,0.881664
5260,0.893952
5261,0.902144
5262,0.885760
5263,0.902144
5264,0.870400
5265,0.866304
5266,0.849920
5267,0.842752
5268,0.937984
5269,0.891904
5270,0.963584
5271,0.905216
5272,0.955392
5273,0.925696
5274,0.936960
5275,0.926720
5276,0.979968
5277,0.923648
5278,0.920576
5279,0.930816
5280,0.909312
5281,0.915456
5282,0.950272
5283,0.904192
5284,0.919552
5285,0.922624
5286,0.881664
5287,0.934912
5288,0.907264
5289,0.935936
5290,0.913408
5291,0.617472
5292,0.829440
5293,0.902144
5294,0.830464
5295,0.848896
5296,0.885760
5297,0.871424
5298,0.875520
5299,0.899072
5300,0.925696
5301,0.916480
5302,0.925696
5303,0.861184
5304,0.906240
5305,0.961536
5306,0.922624
5307,0.940032
5308,0.913408
5309,0.900096
5310,0.905216
5311,0.906240
5312,0.934912
5313,0.908288
5314,0.926720
5315,0.862208
5316,0.898048
5317,0.925696
5318,0.898048
5319,0.868352
5320,0.907264
5321,1.098752
5322,0.773120
5323,0.897024
5324,0.917504
5325,0.906240
5326,0.908288
5327,0.920576
5328,0.903168
5329,0.884736
5330,0.937984
5331,0.903168
5332,0.919552
5333,0.935936
5334,0.915456
5335,0.839680
5336,0.880640
5337,0.871424
5338,0.878592
5339,0.891904
5340,0.942080
5341,0.903168
5342,0.922624
5343,0.903168
5344,0.899072
5345,0.903168
5346,0.908288
5347,0.944128
5348,0.935936
5349,0.957440
5350,0.914432
5351,0.930816
5352,0.901120
5353,0.947200
5354,0.932864
5355,0.944128
5356,0.822272
5357,0.642048
5358,0.945152
5359,0.901120
5360,0.910336
5361,0.884736
5362,0.886784
5363,0.855040
5364,0.857088
5365,0.831488
5366,0.813056
5367,0.877568
5368,0.929792
5369,0.903168
5370,0.916480
5371,0.903168
5372,0.898048
5373,0.891904
5374,0.959488
5375,0.889856
5376,0.908288
5377,0.885760
5378,0.859136
5379,0.884736
5380,0.901120
5381,0.912384
5382,0.936960
5383,0.908288
5384,0.916480
5385,0.920576
5386,0.840704
5387,1.037312
5388,0.757760
5389,0.901120
5390,0.887808
5391,0.887808
5392,0.867328
5393,0.878592
5394,0.877568
5395,0.921600
5396,0.898048
5397,0.894976
5398,0.881664
5399,0.932864
5400,0.857088
5401,0.911360
5402,0.941056
5403,0.897024
5404,0.937984
5405,0.877568
5406,0.899072
5407,0.870400
5408,0.908288
5409,0.918528
5410,0.949248
5411,1.018880
5412,0.664576
5413,0.771072
5414,0.903168
5415,0.902144
5416,0.911360
5417,0.944128
5418,0.932864
5419,0.901120
5420,0.949248
5421,0.919552
5422,0.800768
5423,0.735232
5424,0.911360
5425,0.910336
5426,0.921600
5427,0.919552
5428,0.917504
5429,0.934912
5430,0.900096
5431,0.973824
5432,0.909312
5433,0.885760
5434,0.913408
5435,0.893952
5436,0.850944
5437,0.917504
5438,0.874496
5439,0.876544
5440,0.803840
5441,0.890880
5442,0.954368
5443,0.872448
5444,0.862208
5445,0.940032
5446,0.924672
5447,0.929792
5448,0.863232
5449,0.899072
5450,0.849920
5451,0.915456
5452,0.825344
5453,0.922624
5454,0.919552
5455,0.889856
5456,0.959488
5457,0.861184
5458,0.923648
5459,0.880640
5460,0.904192
5461,0.972800
5462,0.927744
5463,0.871424
5464,0.918528
5465,0.941056
5466,0.902144
5467,0.885760
5468,0.939008
5469,0.921600
5470,0.972800
5471,0.926720
5472,0.912384
5473,0.929792
5474,0.929792
5475,0.942080
5476,0.901120
5477,0.932864
5478,0.866304
5479,0.913408
5480,0.911360
5481,0.894976
5482,0.965632
5483,0.899072
5484,0.923648
5485,0.976896
5486,0.897024
5487,0.642048
5488,0.910336
5489,0.920576
5490,0.897024
5491,0.890880
5492,0.858112
5493,0.841728
5494,0.872448
5495,0.866304
5496,0.926720
5497,0.874496
5498,0.928768
5499,0.907264
5500,0.929792
5501,0.900096
5502,0.918528
5503,0.908288
5504,0.877568
5505,0.912384
5506,0.903168
5507,0.951296
5508,0.884736
5509,0.871424
5510,0.911360
5511,0.921600
5512,0.905216
5513,0.889856
5514,0.918528
5515,0.899072
5516,0.929792
5517,0.865280
5518,0.911360
5519,0.932864
5520,0.949248
5521,0.937984
5522,0.979968
5523,0.840704
5524,0.906240
5525,0.900096
5526,0.910336
5527,0.943104
5528,0.912384
5529,0.917504
5530,0.929792
5531,0.912384
5532,0.926720
5533,0.889856
5534,0.898048
5535,0.856064
5536,0.893952
5537,0.910336
5538,0.946176
5539,0.909312
5540,0.940032
5541,0.904192
5542,0.905216
5543,0.906240
5544,0.916480
5545,0.920576
5546,0.914432
5547,0.923648
5548,0.929792
5549,0.883712
5550,0.921600
5551,0.854016
5552,0.623616
5553,0.419840
5554,0.312320
5555,0.188416
5556,0.174080
5557,0.186368
5558,0.187392
5559,0.188416
5560,0.191488
5561,0.197632
5562,0.187392
5563,0.185344
5564,0.182272
5565,0.184320
5566,0.186368
5567,0.185344
5568,0.166912
5569,0.789504
5570,0.911360
5571,0.868352
5572,0.966656
5573,0.926720
5574,0.909312
5575,0.865280
5576,0.929792
5577,0.894976
5578,0.926720
5579,0.925696
5580,0.931840
5581,0.958464
5582,0.912384
5583,0.942080
5584,0.956416
5585,0.937984
5586,0.868352
5587,0.896000
5588,0.864256
5589,0.920576
5590,0.857088
5591,0.957440
5592,0.905216
5593,0.874496
5594,0.914432
5595,0.881664
5596,0.923648
5597,0.908288
5598,0.917504
5599,0.920576
5600,0.898048
5601,0.900096
5602,0.868352
5603,0.902144
5604,0.940032
5605,0.953344
5606,0.912384
5607,0.952320
5608,0.942080
5609,0.915456
5610,0.884736
5611,0.910336
5612,0.923648
5613,0.884736
5614,0.934912
5615,0.932864
5616,0.898048
5617,0.833536
5618,0.922624
5619,0.885760
5620,0.910336
5621,0.908288
5622,0.921600
5623,0.921600
5624,0.898048
5625,0.883712
5626,0.904192
5627,0.837632
5628,0.851968
5629,0.917504
5630,0.901120
5631,0.923648
5632,0.915456
5633,0.827392
5634,0.701440
5635,0.438272
5636,0.403456
5637,0.765952
5638,0.888832
5639,0.944128
5640,0.951296
5641,0.944128
5642,0.881664
5643,0.933888
5644,0.894976
5645,0.901120
5646,0.930816
5647,0.931840
5648,0.940032
5649,0.906240
5650,0.888832
5651,0.894976
5652,0.941056
5653,0.883712
5654,0.939008
5655,0.898048
5656,0.931840
5657,0.929792
5658,0.944128
5659,0.890880
5660,0.880640
5661,0.921600
5662,0.945152
5663,0.918528
5664,0.884736
5665,0.918528
5666,0.915456
5667,0.849920
5668,0.910336
5669,0.885760
5670,0.861184
5671,0.847872
5672,0.892928
5673,0.869376
5674,0.889856
5675,0.929792
5676,0.897024
5677,0.894976
5678,0.920576
5679,0.885760
5680,0.927744
5681,0.898048
5682,0.947200
5683,0.930816
5684,0.907264
5685,0.935936
5686,0.897024
5687,0.941056
5688,0.884736
5689,0.909312
5690,0.926720
5691,0.886784
5692,0.943104
5693,0.872448
5694,0.916480
5695,0.891904
5696,0.922624
5697,0.893952
5698,0.948224
5699,0.888832
5700,0.957440
5701,0.808960
5702,0.724992
5703,0.922624
5704,0.941056
5705,0.912384
5706,0.893952
5707,0.907264
5708,0.893952
5709,0.925696
5710,0.913408
5711,0.875520
5712,0.913408
5713,0.849920
5714,0.809984
5715,0.905216
5716,0.887808
5717,0.933888
5718,0.836608
5719,0.937984
5720,0.906240
5721,0.923648
5722,0.889856
5723,0.860160
5724,0.912384
5725,0.935936
5726,0.909312
5727,0.941056
5728,0.912384
5729,0.884736
5730,0.881664
5731,0.920576
5732,0.913408
5733,0.903168
5734,0.903168
5735,0.911360
5736,0.885760
5737,0.861184
5738,0.894976
5739,0.905216
5740,0.926720
5741,0.888832
5742,0.929792
5743,0.928768
5744,0.970752
5745,0.921600
5746,0.906240
5747,0.893952
5748,0.951296
5749,0.948224
5750,0.924672
5751,0.894976
5752,0.942080
5753,0.940032
5754,0.956416
5755,0.892928
5756,0.866304
5757,0.915456
5758,0.939008
5759,0.941056
5760,0.947200
5761,0.932864
5762,0.963584
5763,0.929792
5764,0.929792
5765,0.929792
5766,0.903168
5767,0.803840
5768,0.415744
5769,0.855040
5770,0.911360
5771,0.865280
5772,0.968704
5773,0.869376
5774,0.901120
5775,0.933888
5776,0.918528
5777,0.866304
5778,0.876544
5779,0.960512
5780,0.887808
5781,0.945152
5782,0.877568
5783,0.905216
5784,0.920576
5785,0.881664
5786,0.878592
5787,0.875520
5788,0.907264
5789,0.908288
5790,0.925696
5791,0.861184
5792,0.891904
5793,0.898048
5794,0.905216
5795,0.868352
5796,0.909312
5797,0.877568
5798,0.889856
5799,0.923648
5800,0.838656
5801,0.861184
5802,0.974848
5803,0.905216
5804,0.926720
5805,0.931840
5806,0.909312
5807,0.888832
5808,0.937984
5809,0.926720
5810,0.960512
5811,0.879616
5812,0.939008
5813,0.904192
5814,0.887808
5815,0.898048
5816,0.913408
5817,0.906240
5818,0.892928
5819,0.900096
5820,0.930816
5821,0.863232
5822,0.850944
5823,0.907264
5824,0.896000
5825,0.932864
5826,0.887808
5827,0.855040
5828,0.907264
5829,0.880640
5830,0.920576
5831,0.927744
5832,0.907264
5833,0.612352
5834,0.451584
5835,0.351232
5836,0.345088
5837,0.305152
5838,0.319488
5839,0.308224
5840,0.278528
5841,0.901120
5842,0.891904
5843,0.922624
5844,0.884736
5845,0.968704
5846,0.906240
5847,0.856064
5848,0.954368
5849,0.928768
5850,0.935936
5851,0.944128
5852,0.898048
5853,0.870400
5854,0.893952
5855,0.911360
5856,0.850944
5857,0.908288
5858,0.891904
5859,0.862208
5860,0.904192
5861,0.968704
5862,0.889856
5863,0.884736
5864,0.930816
5865,0.917504
5866,0.937984
5867,0.929792
5868,0.920576
5869,0.856064
5870,0.877568
5871,0.891904
5872,0.926720
5873,0.879616
5874,0.965632
5875,0.856064
5876,0.934912
5877,0.908288
5878,0.902144
5879,0.904192
5880,0.902144
5881,0.946176
5882,0.856064
5883,0.930816
5884,0.888832
5885,0.824320
5886,0.925696
5887,0.916480
5888,0.881664
5889,0.928768
5890,0.928768
5891,0.877568
5892,0.924672
5893,0.933888
5894,0.905216
5895,0.931840
5896,0.948224
5897,0.983040
5898,0.889856
5899,0.932864
5900,0.912384
5901,0.907264
5902,0.910336
5903,0.919552
5904,0.939008
5905,0.945152
5906,0.781312
5907,0.907264
5908,0.919552
5909,0.917504
5910,0.947200
5911,0.906240
5912,0.908288
5913,0.986112
5914,0.865280
5915,0.952320
5916,0.882688
5917,0.930816
5918,0.897024
5919,0.922624
5920,0.964608
5921,0.916480
5922,0.941056
5923,0.911360
5924,0.906240
5925,0.910336
5926,0.920576
5927,0.870400
5928,0.901120
5929,0.925696
5930,0.846848
5931,0.900096
5932,0.839680
5933,0.890880
5934,0.885760
5935,0.928768
5936,0.863232
5937,0.872448
5938,0.925696
5939,0.909312
5940,0.927744
5941,0.923648
5942,0.959488
5943,0.907264
5944,0.910336
5945,0.941056
5946,0.902144
5947,0.941056
5948,0.932864
5949,0.876544
5950,0.909312
5951,0.862208
5952,0.880640
5953,0.900096
5954,0.849920
5955,0.926720
5956,0.918528
5957,0.824320
5958,0.907264
5959,0.977920
5960,0.952320
5961,0.915456
5962,0.861184
5963,0.916480
5964,0.921600
5965,0.940032
5966,0.870400
5967,0.880640
5968,0.906240
5969,0.868352
5970,0.564224
5971,0.417792
5972,0.456704
5973,0.409600
5974,0.333824
5975,0.434176
5976,0.367616
5977,0.367616
5978,0.774144
5979,0.989184
5980,0.896000
5981,0.916480
5982,0.955392
5983,0.879616
5984,0.937984
5985,0.906240
5986,0.911360
5987,0.902144
5988,0.944128
5989,0.984064
5990,0.910336
5991,0.940032
5992,0.883712
5993,0.890880
5994,0.939008
5995,0.911360
5996,0.924672
5997,0.942080
5998,0.856064
5999,0.926720
6000,0.883712
6001,0.883712
6002,0.883712
6003,0.888832
6004,0.940032
6005,0.905216
6006,0.893952
6007,0.901120
6008,0.947200
6009,0.970752
6010,0.921600
6011,0.918528
6012,0.929792
6013,0.933888
6014,0.886784
6015,0.929792
6016,0.907264
6017,0.933888
6018,0.928768
6019,0.870400
6020,0.945152
6021,0.949248
6022,0.864256
6023,0.969728
6024,0.902144
6025,0.919552
6026,0.892928
6027,0.955392
6028,0.922624
6029,0.911360
6030,0.903168
6031,0.908288
6032,0.955392
6033,0.942080
6034,0.965632
6035,0.906240
6036,0.933888
6037,0.947200
6038,0.928768
6039,0.936960
6040,0.927744
6041,0.883712
6042,0.687104
6043,0.564224
6044,0.609280
6045,0.395264
6046,0.813056
6047,0.896000
6048,0.909312
6049,0.898048
6050,0.951296
6051,0.923648
6052,0.919552
6053,0.908288
6054,0.887808
6055,0.880640
6056,0.934912
6057,0.913408
6058,0.872448
6059,0.929792
6060,0.898048
6061,0.926720
6062,0.892928
6063,0.889856
6064,0.882688
6065,0.887808
6066,0.944128
6067,0.882688
6068,0.918528
6069,0.951296
6070,0.872448
6071,0.879616
6072,0.841728
6073,0.816128
6074,0.861184
6075,0.902144
6076,1.013760
6077,0.848896
6078,0.873472
6079,0.923648
6080,0.935936
6081,0.919552
6082,0.948224
6083,0.925696
6084,0.925696
6085,0.961536
6086,0.941056
6087,0.930816
6088,0.899072
6089,0.859136
6090,0.892928
6091,0.951296
6092,0.903168
6093,0.909312
6094,0.912384
6095,0.954368
6096,0.901120
6097,0.932864
6098,0.950272
6099,0.925696
6100,0.943104
6101,0.941056
6102,0.946176
6103,0.912384
6104,0.921600
6105,0.948224
6106,0.949248
6107,0.930816
6108,0.913408
6109,0.867328
6110,0.865280
6111,0.691200
6112,0.417792
6113,0.347136
6114,0.382976
6115,0.332800
6116,0.319488
6117,0.314368
6118,0.812032
6119,0.896000
6120,0.945152
6121,0.897024
6122,0.931840
6123,0.924672
6124,0.920576
6125,0.888832
6126,0.903168
6127,0.903168
6128,0.920576
6129,0.927744
6130,0.919552
6131,0.887808
6132,0.896000
6133,0.905216
6134,0.912384
6135,0.845824
6136,0.930816
6137,0.907264
6138,0.928768
6139,0.893952
6140,0.922624
6141,0.937984
6142,0.920576
6143,0.906240
6144,0.926720
6145,0.907264
6146,0.880640
6147,0.933888
6148,1.063936
6149,0.615424
6150,0.881664
6151,0.832512
6152,0.855040
6153,0.874496
6154,0.881664
6155,0.926720
6156,0.915456
6157,0.931840
6158,0.902144
6159,0.884736
6160,0.889856
6161,0.927744
6162,0.925696
6163,0.921600
6164,0.879616
6165,0.926720
6166,0.330752
6167,0.948224
6168,0.859136
6169,0.935936
6170,0.905216
6171,0.939008
6172,0.902144
6173,0.951296
6174,0.914432
6175,0.954368
6176,0.924672
6177,0.939008
6178,0.867328
6179,0.986112
6180,0.897024
6181,0.892928
6182,0.797696
6183,0.850944
6184,0.927744
6185,0.912384
6186,0.879616
6187,0.925696
6188,0.907264
6189,0.934912
6190,0.882688
6191,0.911360
6192,0.940032
6193,0.875520
6194,0.921600
6195,0.928768
6196,0.896000
6197,0.923648
6198,0.918528
6199,0.892928
6200,0.888832
6201,0.946176
6202,0.881664
6203,0.899072
6204,0.924672
6205,0.890880
6206,0.910336
6207,0.930816
6208,0.899072
6209,0.904192
6210,0.944128
6211,0.926720
6212,0.939008
6213,0.941056
6214,0.909312
6215,0.886784
6216,0.890880
6217,0.912384
6218,0.909312
6219,0.881664
6220,0.925696
6221,0.917504
6222,0.913408
6223,0.902144
6224,0.910336
6225,0.856064
6226,0.828416
6227,0.834560
6228,0.906240
6229,0.932864
6230,0.925696
6231,0.875520
6232,0.905216
6233,0.908288
6234,0.925696
6235,0.915456
6236,0.919552
6237,0.930816
6238,0.921600
6239,0.959488
6240,0.964608
6241,0.909312
6242,0.911360
6243,0.921600
6244,0.975872
6245,0.927744
6246,0.914432
6247,0.781312
6248,0.662528
6249,0.575488
6250,0.380928
6251,0.280576
6252,0.161792
6253,0.163840
6254,0.159744
6255,0.161792
6256,0.156672
6257,0.156672
6258,0.161792
6259,0.162816
6260,0.154624
6261,0.159744
6262,0.153600
6263,0.159744
6264,0.160768
6265,0.159744
6266,0.153600
6267,0.154624
6268,0.158720
6269,0.897024
6270,0.883712
6271,0.909312
6272,0.902144
6273,0.887808
6274,0.942080
6275,0.868352
6276,0.952320
6277,0.841728
6278,0.894976
6279,0.958464
6280,0.901120
6281,0.908288
6282,0.896000
6283,0.898048
6284,0.885760
6285,0.880640
6286,0.924672
6287,0.890880
6288,0.925696
6289,0.892928
6290,0.894976
6291,0.931840
6292,0.856064
6293,0.904192
6294,0.921600
6295,0.876544
6296,0.934912
6297,0.936960
6298,0.914432
6299,0.912384
6300,0.890880
6301,0.910336
6302,0.946176
6303,0.944128
6304,0.888832
6305,0.898048
6306,0.859136
6307,0.911360
6308,0.882688
6309,0.850944
6310,0.904192
6311,0.915456
6312,0.894976
6313,0.862208
6314,0.918528
6315,0.890880
6316,0.935936
6317,0.969728
6318,0.861184
6319,0.931840
6320,0.923648
6321,0.893952
6322,0.898048
6323,0.934912
6324,0.936960
6325,0.942080
6326,0.916480
6327,0.943104
6328,0.859136
6329,0.884736
6330,0.899072
6331,0.957440
6332,0.929792
6333,0.850944
6334,0.712704
6335,0.893952
6336,0.907264
6337,0.940032
6338,0.949248
6339,0.918528
6340,0.924672
6341,0.914432
6342,0.936960
6343,0.925696
6344,0.930816
6345,0.898048
6346,0.904192
6347,0.936960
6348,0.906240
6349,0.964608
6350,0.942080
6351,0.911360
6352,0.899072
6353,0.921600
6354,0.904192
6355,0.941056
6356,0.911360
6357,0.898048
6358,0.896000
6359,0.873472
6360,0.916480
6361,0.940032
6362,0.931840
6363,0.892928
6364,0.916480
6365,0.956416
6366,0.907264
6367,0.911360
6368,0.882688
6369,0.933888
6370,0.866304
6371,0.889856
6372,0.873472
6373,0.875520
6374,0.846848
6375,0.842752
6376,0.867328
6377,0.913408
6378,0.919552
6379,0.916480
6380,0.896000
6381,0.934912
6382,0.947200
6383,0.925696
6384,0.902144
6385,0.948224
6386,0.912384
6387,0.924672
6388,0.910336
6389,0.963584
6390,0.961536
6391,0.962560
6392,0.883712
6393,0.957440
6394,0.914432
6395,0.913408
6396,0.864256
6397,0.922624
6398,0.581632
6399,0.900096
6400,0.899072
6401,0.915456
6402,0.874496
6403,0.812032
6404,0.898048
6405,0.903168
6406,0.913408
6407,0.882688
6408,0.854016
6409,0.885760
6410,0.919552
6411,0.921600
6412,0.890880
6413,0.885760
6414,0.903168
6415,0.897024
6416,0.888832
6417,0.925696
6418,0.888832
6419,0.886784
6420,0.927744
6421,0.912384
6422,0.886784
6423,0.911360
6424,0.925696
6425,0.917504
6426,0.880640
6427,0.889856
6428,0.910336
6429,0.894976
6430,0.903168
6431,0.922624
6432,0.879616
6433,0.776192
6434,0.838656
6435,0.860160
6436,0.887808
6437,0.878592
6438,0.885760
6439,0.867328
6440,0.967680
6441,0.965632
6442,1.011712
6443,0.976896
6444,0.913408
6445,0.907264
6446,0.900096
6447,0.911360
6448,0.896000
6449,0.925696
6450,0.944128
6451,0.940032
6452,0.933888
6453,0.874496
6454,0.924672
6455,0.923648
6456,0.935936
6457,0.915456
6458,0.909312
6459,0.892928
6460,0.943104
6461,0.900096
6462,0.896000
6463,0.733184
6464,0.534528
6465,0.888832
6466,0.932864
6467,0.884736
6468,0.943104
6469,0.919552
6470,0.921600
6471,0.904192
6472,0.891904
6473,0.927744
6474,0.865280
6475,0.890880
6476,0.945152
6477,0.927744
6478,0.914432
6479,0.923648
6480,0.930816
6481,0.897024
6482,0.908288
6483,0.881664
6484,0.880640
6485,0.919552
6486,0.883712
6487,0.882688
6488,0.909312
6489,0.921600
6490,0.923648
6491,0.849920
6492,0.885760
6493,0.961536
6494,0.893952
6495,0.916480
6496,0.922624
6497,0.866304
6498,0.891904
6499,0.921600
6500,0.877568
6501,0.842752
6502,0.880640
6503,0.867328
6504,0.861184
6505,0.892928
6506,0.863232
6507,0.872448
6508,0.925696
6509,1.191936
6510,0.870400
6511,0.902144
6512,0.915456
6513,0.954368
6514,0.913408
6515,0.941056
6516,0.917504
6517,0.926720
6518,0.896000
6519,0.929792
6520,0.893952
6521,0.834560
6522,0.873472
6523,0.871424
6524,0.880640
6525,0.942080
6526,0.891904
6527,0.956416
6528,0.920576
6529,0.917504
6530,0.797696
6531,0.912384
6532,0.886784
6533,0.903168
6534,1.018880
6535,0.649216
6536,0.914432
6537,0.889856
6538,0.892928
6539,0.882688
6540,0.883712
6541,0.856064
6542,0.922624
6543,0.873472
6544,0.943104
6545,0.873472
6546,1.083392
6547,0.828416
6548,0.837632
6549,0.931840
6550,0.912384
6551,0.894976
6552,0.908288
6553,0.933888
6554,0.922624
6555,0.921600
6556,0.889856
6557,0.896000
6558,0.869376
6559,0.999424
6560,0.883712
6561,0.932864
6562,0.892928
6563,0.939008
6564,0.919552
6565,0.943104
6566,0.918528
6567,0.917504
6568,0.900096
6569,0.914432
6570,0.881664
6571,0.914432
6572,0.942080
6573,0.909312
6574,0.897024
6575,0.924672
6576,0.909312
6577,0.896000
6578,0.913408
6579,0.870400
6580,0.861184
6581,0.883712
6582,0.947200
6583,0.935936
6584,0.935936
6585,0.915456
6586,0.948224
6587,0.863232
6588,0.932864
6589,0.926720
6590,0.883712
6591,0.949248
6592,0.936960
6593,0.910336
6594,0.701440
6595,0.916480
6596,0.899072
6597,0.940032
6598,0.900096
6599,0.927744
6600,0.907264
6601,0.893952
6602,0.900096
6603,0.901120
6604,0.881664
6605,0.867328
6606,0.906240
6607,0.834560
6608,0.875520
6609,0.834560
6610,0.916480
6611,0.964608
6612,0.843776
6613,0.878592
6614,0.924672
6615,0.915456
6616,0.929792
6617,0.945152
6618,0.896000
6619,0.899072
6620,0.935936
6621,0.927744
6622,0.919552
6623,0.945152
6624,0.878592
6625,0.914432
6626,0.903168
6627,0.899072
6628,0.896000
6629,0.870400
6630,0.880640
6631,0.880640
6632,0.865280
6633,0.863232
6634,0.832512
6635,0.928768
6636,0.925696
6637,0.889856
6638,0.910336
6639,0.900096
6640,0.898048
6641,0.913408
6642,0.866304
6643,0.907264
6644,0.924672
6645,0.933888
6646,0.884736
6647,0.962560
6648,0.951296
6649,0.915456
6650,0.966656
6651,0.870400
6652,0.931840
6653,0.904192
6654,0.914432
6655,0.950272
6656,0.881664
6657,0.926720
6658,0.852992
6659,0.654336
6660,0.621568
6661,0.543744
6662,0.532480
6663,0.507904
6664,0.460800
6665,0.286720
6666,0.227328
6667,0.223232
6668,0.200704
6669,0.797696
6670,0.942080
6671,0.884736
6672,0.951296
6673,0.943104
6674,0.897024
6675,0.901120
6676,0.950272
6677,0.907264
6678,0.954368
6679,0.943104
6680,0.914432
6681,0.885760
6682,0.916480
6683,0.916480
6684,0.906240
6685,0.915456
6686,0.865280
6687,0.897024
6688,0.840704
6689,0.864256
6690,0.876544
6691,0.910336
6692,0.928768
6693,0.928768
6694,0.906240
6695,0.940032
6696,0.903168
6697,0.915456
6698,0.901120
6699,0.898048
6700,0.917504
6701,0.934912
6702,0.925696
6703,0.925696
6704,0.939008
6705,0.911360
6706,0.923648
6707,0.940032
6708,0.913408
6709,0.894976
6710,0.919552
6711,0.903168
6712,0.950272
6713,0.860160
6714,0.953344
6715,0.912384
6716,0.916480
6717,0.928768
6718,0.909312
6719,0.970752
6720,0.924672
6721,0.929792
6722,0.927744
6723,0.896000
6724,0.912384
6725,0.943104
6726,0.939008
6727,0.921600
6728,0.860160
6729,0.877568
6730,1.045504
6731,1.130496
6732,0.643072
6733,0.775168
6734,0.669696
6735,0.814080
6736,0.937984
6737,0.925696
6738,0.914432
6739,0.948224
6740,0.914432
6741,0.864256
6742,0.916480
6743,0.885760
6744,0.901120
6745,0.921600
6746,0.919552
6747,0.906240
6748,0.909312
6749,0.860160
6750,0.930816
6751,0.906240
6752,0.922624
6753,0.902144
6754,0.894976
6755,0.925696
6756,0.905216
6757,0.930816
6758,0.883712
6759,0.942080
6760,0.887808
6761,0.919552
6762,0.962560
6763,0.901120
6764,0.913408
6765,0.880640
6766,0.894976
6767,0.922624
6768,0.894976
6769,0.865280
6770,0.815104
6771,0.848896
6772,0.909312
6773,0.885760
6774,0.878592
6775,0.954368
6776,0.868352
6777,0.872448
6778,0.910336
6779,0.936960
6780,0.953344
6781,0.903168
6782,0.942080
6783,0.889856
6784,0.945152
6785,0.873472
6786,0.886784
6787,0.959488
6788,0.888832
6789,0.950272
6790,0.954368
6791,0.925696
6792,0.880640
6793,0.951296
6794,0.906240
6795,0.930816
6796,0.923648
6797,0.964608
6798,0.965632
6799,0.905216
6800,0.741376
6801,0.933888
6802,0.927744
6803,0.937984
6804,0.914432
6805,0.905216
6806,0.927744
6807,0.916480
6808,0.899072
6809,0.906240
6810,0.934912
6811,0.922624
6812,0.926720
6813,0.936960
6814,0.945152
6815,0.875520
6816,0.923648
6817,0.931840
6818,0.936960
6819,0.930816
6820,0.903168
6821,0.945152
6822,0.922624
6823,0.864256
6824,0.968704
6825,0.846848
6826,0.897024
6827,0.858112
6828,0.839680
6829,0.842752
6830,0.899072
6831,0.917504
6832,0.915456
6833,0.943104
6834,0.890880
6835,0.956416
6836,0.920576
6837,0.929792
6838,0.942080
6839,0.918528
6840,0.940032
6841,0.908288
6842,0.910336
6843,0.925696
6844,0.921600
6845,0.914432
6846,0.940032
6847,0.920576
6848,0.899072
6849,0.966656
6850,0.918528
6851,0.912384
6852,0.932864
6853,0.920576
6854,0.951296
6855,0.859136
6856,0.918528
6857,0.942080
6858,0.933888
6859,0.877568
6860,0.967680
6861,0.890880
6862,0.931840
6863,0.960512
6864,0.868352
6865,0.865280
6866,0.939008
6867,0.965632
6868,0.950272
6869,0.910336
6870,0.916480
6871,0.989184
6872,0.913408
6873,0.953344
6874,0.868352
6875,0.927744
6876,0.889856
6877,0.902144
6878,0.953344
6879,0.904192
6880,0.935936
6881,0.799744
6882,0.954368
6883,0.925696
6884,0.931840
6885,0.903168
6886,0.905216
6887,0.886784
6888,0.942080
6889,0.894976
6890,0.962560
6891,0.884736
6892,0.961536
6893,0.936960
6894,0.900096
6895,0.899072
6896,0.896000
6897,0.940032
6898,0.946176
6899,0.905216
6900,0.928768
6901,0.821248
6902,0.924672
6903,0.880640
6904,0.945152
6905,0.877568
6906,0.908288
6907,0.887808
6908,0.910336
6909,0.909312
6910,0.904192
6911,0.904192
6912,0.907264
6913,0.941056
6914,0.907264
6915,0.911360
6916,0.852992
6917,1.076224
6918,0.851968
6919,0.663552
6920,0.907264
6921,0.926720
6922,0.915456
6923,0.939008
6924,0.917504
6925,0.909312
6926,0.924672
6927,0.966656
6928,0.909312
6929,0.717824
6930,0.530432
6931,0.503808
6932,0.243712
6933,0.245760
6934,0.248832
6935,0.254976
6936,0.239616
6937,0.249856
6938,0.226304
6939,0.168960
6940,0.177152
6941,0.163840
6942,0.169984
6943,0.168960
6944,0.158720
6945,0.859136
6946,0.909312
6947,0.982016
6948,0.883712
6949,0.910336
6950,0.979968
6951,0.943104
6952,0.902144
6953,0.908288
6954,0.908288
6955,0.903168
6956,0.869376
6957,0.957440
6958,0.920576
6959,0.921600
6960,0.898048
6961,0.912384
6962,0.925696
6963,0.901120
6964,0.942080
6965,0.898048
6966,0.910336
6967,0.885760
6968,0.868352
6969,0.937984
6970,0.866304
6971,0.915456
6972,0.916480
6973,0.920576
6974,0.935936
6975,0.896000
6976,0.898048
6977,0.924672
6978,0.891904
6979,0.929792
6980,0.894976
6981,0.913408
6982,0.891904
6983,0.917504
6984,0.968704
6985,0.932864
6986,0.894976
6987,0.946176
6988,0.940032
6989,0.919552
6990,0.913408
6991,0.905216
6992,0.942080
6993,0.908288
6994,0.946176
6995,0.889856
6996,0.897024
6997,0.881664
6998,1.180672
6999,0.795648
7000,0.915456
7001,0.929792
7002,0.932864
7003,0.921600
7004,0.950272
7005,0.892928
7006,0.909312
7007,0.940032
7008,0.865280
7009,0.883712
7010,0.916480
7011,0.894976
7012,0.893952
7013,0.889856
7014,0.922624
7015,0.975872
7016,0.925696
7017,0.887808
7018,0.918528
7019,0.918528
7020,0.920576
7021,0.922624
7022,0.952320
7023,0.896000
7024,0.911360
7025,0.914432
7026,0.944128
7027,0.908288
7028,0.912384
7029,0.916480
7030,0.874496
7031,0.931840
7032,0.902144
7033,0.946176
7034,0.909312
7035,0.885760
7036,0.912384
7037,0.893952
7038,0.911360
7039,0.855040
7040,0.884736
7041,0.900096
7042,0.898048
7043,0.899072
7044,0.856064
7045,0.882688
7046,0.892928
7047,0.914432
7048,0.916480
7049,0.879616
7050,0.927744
7051,0.948224
7052,0.884736
7053,0.897024
7054,0.907264
7055,0.893952
7056,0.924672
7057,0.928768
7058,0.908288
7059,0.963584
7060,0.921600
7061,0.867328
7062,0.917504
7063,0.900096
7064,0.871424
7065,0.943104
7066,0.898048
7067,0.954368
7068,0.961536
7069,0.935936
7070,0.933888
7071,0.900096
7072,0.918528
7073,0.906240
7074,0.598016
7075,0.787456
7076,0.914432
7077,0.933888
7078,0.936960
7079,0.920576
7080,0.902144
7081,0.911360
7082,0.866304
7083,0.926720
7084,0.850944
7085,0.935936
7086,0.915456
7087,0.911360
7088,0.926720
7089,0.957440
7090,0.916480
7091,0.924672
7092,0.897024
7093,0.930816
7094,0.936960
7095,0.919552
7096,0.900096
7097,0.914432
7098,0.965632
7099,0.912384
7100,0.918528
7101,0.907264
7102,0.926720
7103,0.929792
7104,0.368640
7105,0.918528
7106,0.912384
7107,0.887808
7108,0.932864
7109,0.900096
7110,0.913408
7111,0.877568
7112,0.867328
7113,0.899072
7114,0.878592
7115,0.880640
7116,0.916480
7117,0.917504
7118,0.909312
7119,0.865280
7120,0.877568
7121,0.988160
7122,0.897024
7123,0.927744
7124,0.898048
7125,0.888832
7126,0.900096
7127,0.893952
7128,0.929792
7129,0.871424
7130,0.908288
7131,0.911360
7132,0.903168
7133,0.947200
7134,0.918528
7135,0.932864
7136,0.864256
7137,0.833536
7138,0.889856
7139,0.830464
7140,0.698368
7141,0.932864
7142,0.926720
7143,0.982016
7144,0.934912
7145,0.873472
7146,0.928768
7147,0.919552
7148,0.958464
7149,0.914432
7150,0.881664
7151,0.880640
7152,0.830464
7153,0.877568
7154,0.863232
7155,0.873472
7156,0.957440
7157,0.904192
7158,0.940032
7159,0.924672
7160,0.913408
7161,0.935936
7162,0.917504
7163,0.920576
7164,0.869376
7165,0.941056
7166,0.928768
7167,0.901120
7168,0.908288
7169,0.871424
7170,0.922624
7171,0.914432
7172,0.902144
7173,0.957440
7174,0.890880
7175,0.894976
7176,0.883712
7177,0.908288
7178,0.907264
7179,0.897024
7180,0.881664
7181,0.893952
7182,0.915456
7183,0.935936
7184,0.901120
7185,0.927744
7186,0.900096
7187,0.892928
7188,0.917504
7189,0.945152
7190,0.915456
7191,0.930816
7192,0.921600
7193,0.951296
7194,0.905216
7195,0.917504
7196,0.906240
7197,0.903168
7198,0.947200
7199,0.925696
7200,0.937984
7201,0.922624
7202,0.906240
7203,0.918528
7204,0.567296
7205,0.898048
7206,0.912384
7207,0.894976
7208,0.754688
7209,0.859136
7210,0.882688
7211,0.865280
7212,0.903168
7213,0.914432
7214,0.934912
7215,0.900096
7216,0.904192
7217,0.892928
7218,0.929792
7219,0.876544
7220,0.942080
7221,0.883712
7222,0.899072
7223,0.922624
7224,0.892928
7225,0.931840
7226,0.769024
7227,0.894976
7228,0.887808
7229,0.925696
7230,0.912384
7231,0.934912
7232,0.872448
7233,0.907264
7234,0.909312
7235,0.931840
7236,0.892928
7237,0.936960
7238,0.900096
7239,1.017856
7240,0.880640
7241,0.919552
7242,0.891904
7243,0.876544
7244,0.924672
7245,0.967680
7246,0.870400
7247,0.948224
7248,0.946176
7249,0.894976
7250,0.913408
7251,0.945152
7252,0.939008
7253,0.896000
7254,0.878592
7255,0.888832
7256,0.920576
7257,0.915456
7258,0.912384
7259,0.910336
7260,0.909312
7261,0.952320
7262,0.917504
7263,0.908288
7264,0.917504
7265,0.931840
7266,0.956416
7267,0.940032
7268,0.806912
7269,0.566272
7270,0.867328
7271,0.900096
7272,0.923648
7273,0.841728
7274,0.887808
7275,0.880640
7276,0.910336
7277,0.916480
7278,0.923648
7279,0.858112
7280,0.904192
7281,0.921600
7282,0.907264
7283,0.914432
7284,0.915456
7285,0.917504
7286,0.920576
7287,0.875520
7288,0.950272
7289,0.970752
7290,0.903168
7291,0.922624
7292,0.879616
7293,0.932864
7294,0.941056
7295,0.929792
7296,0.924672
7297,0.917504
7298,0.929792
7299,0.916480
7300,0.880640
7301,0.968704
7302,0.888832
7303,1.032192
7304,0.855040
7305,0.884736
7306,0.914432
7307,0.914432
7308,0.862208
7309,0.944128
7310,0.915456
7311,0.886784
7312,0.897024
7313,0.920576
7314,0.846848
7315,0.843776
7316,0.916480
7317,0.919552
7318,0.893952
7319,0.903168
7320,0.913408
7321,0.934912
7322,0.919552
7323,0.905216
7324,0.914432
7325,0.894976
7326,0.925696
7327,0.892928
7328,0.921600
7329,0.856064
7330,0.916480
7331,0.882688
7332,0.889856
7333,0.851968
7334,0.749568
7335,0.547840
7336,0.449536
7337,0.437248
7338,0.366592
7339,0.371712
7340,0.829440
7341,0.848896
7342,0.868352
7343,0.912384
7344,0.857088
7345,0.934912
7346,0.899072
7347,0.927744
7348,0.889856
7349,0.936960
7350,0.921600
7351,0.957440
7352,0.930816
7353,0.924672
7354,0.934912
7355,0.913408
7356,0.937984
7357,0.956416
7358,0.913408
7359,0.919552
7360,0.944128
7361,0.903168
7362,0.942080
7363,0.959488
7364,0.933888
7365,0.900096
7366,0.918528
7367,0.890880
7368,0.968704
7369,0.932864
7370,0.926720
7371,0.943104
7372,0.898048
7373,0.893952
7374,0.941056
7375,0.887808
7376,0.953344
7377,0.918528
7378,0.893952
7379,0.899072
7380,0.939008
7381,0.946176
7382,0.906240
7383,0.919552
7384,0.911360
7385,0.892928
7386,0.874496
7387,0.899072
7388,0.862208
7389,0.887808
7390,0.892928
7391,0.942080
7392,0.879616
7393,0.919552
7394,0.902144
7395,0.911360
7396,0.925696
7397,0.919552
7398,0.911360
7399,0.939008
7400,0.926720
7401,0.920576
7402,0.920576
7403,0.917504
7404,0.861184
7405,0.835584
7406,0.930816
7407,0.880640
7408,0.946176
7409,0.914432
7410,0.930816
7411,0.910336
7412,0.885760
7413,0.822272
7414,0.940032
7415,0.867328
7416,0.903168
7417,0.902144
7418,0.917504
7419,0.923648
7420,0.904192
7421,0.903168
7422,0.909312
7423,0.911360
7424,0.901120
7425,0.925696
7426,0.935936
7427,0.894976
7428,0.892928
7429,0.945152
7430,0.909312
7431,0.852992
7432,0.932864
7433,0.897024
7434,0.908288
7435,0.946176
7436,0.951296
7437,0.877568
7438,0.909312
7439,0.896000
7440,0.923648
7441,0.899072
7442,0.954368
7443,0.912384
7444,0.945152
7445,0.908288
7446,0.920576
7447,0.973824
7448,0.907264
7449,0.917504
7450,0.891904
7451,0.924672
7452,0.908288
7453,0.928768
7454,0.921600
7455,0.929792
7456,0.900096
7457,0.934912
7458,0.937984
7459,0.891904
7460,0.903168
7461,0.873472
7462,0.849920
7463,0.874496
7464,0.869376
7465,0.948224
7466,0.871424
7467,0.936960
7468,0.903168
7469,0.624640
7470,0.633856
7471,0.601088
7472,0.556032
7473,0.536576
7474,0.733184
7475,0.918528
7476,0.927744
7477,0.902144
7478,0.882688
7479,0.929792
7480,0.930816
7481,0.907264
7482,0.887808
7483,0.957440
7484,0.929792
7485,0.888832
7486,0.911360
7487,0.920576
7488,0.942080
7489,0.936960
7490,0.933888
7491,0.883712
7492,0.925696
7493,0.886784
7494,0.945152
7495,0.885760
7496,0.893952
7497,0.939008
7498,0.918528
7499,0.941056
7500,0.930816
7501,0.941056
7502,0.900096
7503,0.900096
7504,0.904192
7505,0.849920
7506,0.902144
7507,0.840704
7508,0.885760
7509,0.862208
7510,0.921600
7511,0.875520
7512,0.872448
7513,0.850944
7514,0.876544
7515,0.936960
7516,0.943104
7517,0.966656
7518,0.931840
7519,0.889856
7520,0.975872
7521,0.931840
7522,0.902144
7523,0.977920
7524,0.922624
7525,0.912384
7526,0.940032
7527,0.976896
7528,0.937984
7529,0.859136
7530,0.916480
7531,0.946176
7532,0.892928
7533,0.925696
7534,0.919552
7535,0.882688
7536,0.918528
7537,0.896000
7538,0.676864
7539,0.484352
7540,0.395264
7541,0.922624
7542,0.846848
7543,0.940032
7544,0.887808
7545,0.927744
7546,0.857088
7547,0.960512
7548,0.940032
7549,0.850944
7550,0.887808
7551,0.940032
7552,0.948224
7553,0.913408
7554,0.904192
7555,0.896000
7556,0.920576
7557,0.916480
7558,0.881664
7559,0.928768
7560,0.921600
7561,0.879616
7562,0.901120
7563,0.961536
7564,0.916480
7565,0.967680
7566,0.889856
7567,0.925696
7568,0.921600
7569,0.878592
7570,0.900096
7571,0.921600
7572,0.893952
7573,0.922624
7574,0.924672
7575,0.909312
7576,0.891904
7577,0.894976
7578,0.898048
7579,0.866304
7580,0.875520
7581,0.831488
7582,0.877568
7583,0.903168
7584,0.899072
7585,0.951296
7586,0.886784
7587,0.921600
7588,0.892928
7589,0.893952
7590,0.890880
7591,0.935936
7592,0.941056
7593,0.911360
7594,0.952320
7595,0.933888
7596,0.908288
7597,0.929792
7598,0.894976
7599,0.923648
7600,0.900096
7601,0.892928
7602,0.912384
7603,0.931840
7604,0.902144
7605,0.862208
7606,0.723968
7607,0.815104
7608,0.867328
7609,0.896000
7610,0.957440
7611,0.923648
7612,0.844800
7613,0.917504
7614,0.898048
7615,0.909312
7616,0.896000
7617,0.880640
7618,0.896000
7619,0.709632
7620,0.862208
7621,0.806912
7622,0.861184
7623,0.875520
7624,0.814080
7625,0.890880
7626,0.839680
7627,0.910336
7628,0.886784
7629,0.942080
7630,0.911360
7631,0.891904
7632,0.929792
7633,0.878592
7634,0.920576
7635,0.921600
7636,0.852992
7637,0.898048
7638,0.911360
7639,0.943104
7640,0.876544
7641,0.916480
7642,0.917504
7643,0.904192
7644,0.889856
7645,0.903168
7646,0.904192
7647,0.841728
7648,0.836608
7649,0.855040
7650,0.873472
7651,0.963584
7652,0.868352
7653,0.911360
7654,0.910336
7655,0.957440
7656,0.899072
7657,0.833536
7658,0.897024
7659,0.911360
7660,0.926720
7661,0.874496
7662,0.935936
7663,0.909312
7664,0.969728
7665,0.871424
7666,0.901120
7667,0.911360
7668,0.866304
7669,0.916480
7670,0.846848
7671,0.740352
7672,0.669696
7673,0.607232
7674,0.532480
7675,0.724992
7676,0.972800
7677,0.882688
7678,0.918528
7679,0.959488
7680,0.913408
7681,0.912384
7682,0.847872
7683,0.862208
7684,0.907264
7685,0.892928
7686,0.859136
7687,0.941056
7688,0.907264
7689,0.894976
7690,0.891904
7691,0.884736
7692,0.944128
7693,0.843776
7694,0.889856
7695,0.917504
7696,0.881664
7697,0.869376
7698,0.900096
7699,0.932864
7700,0.911360
7701,0.889856
7702,0.959488
7703,0.923648
7704,0.886784
7705,0.893952
7706,0.914432
7707,0.902144
7708,0.901120
7709,0.828416
7710,0.932864
7711,0.890880
7712,0.828416
7713,0.903168
7714,0.877568
7715,0.904192
7716,0.894976
7717,0.886784
7718,0.880640
7719,0.870400
7720,0.915456
7721,0.966656
7722,0.903168
7723,0.909312
7724,0.933888
7725,0.891904
7726,0.937984
7727,0.928768
7728,0.930816
7729,0.959488
7730,0.963584
7731,0.918528
7732,0.941056
7733,0.924672
7734,0.903168
7735,0.943104
7736,0.878592
7737,0.937984
7738,0.882688
7739,0.714752
7740,0.621568
7741,0.556032
7742,0.291840
7743,0.230400
7744,0.244736
7745,0.240640
7746,0.248832
7747,0.237568
7748,0.256000
7749,0.910336
7750,0.954368
7751,0.894976
7752,0.965632
7753,0.854016
7754,0.903168
7755,0.889856
7756,0.891904
7757,0.964608
7758,0.957440
7759,0.960512
7760,0.914432
7761,0.942080
7762,0.897024
7763,0.911360
7764,0.874496
7765,0.866304
7766,0.922624
7767,0.891904
7768,0.886784
7769,0.905216
7770,0.888832
7771,0.886784
7772,0.848896
7773,0.893952
7774,0.933888
7775,0.933888
7776,0.897024
7777,0.909312
7778,0.912384
7779,0.891904
7780,0.904192
7781,0.950272
7782,0.908288
7783,0.911360
7784,0.882688
7785,0.943104
7786,0.952320
7787,0.914432
7788,0.926720
7789,0.915456
7790,0.917504
7791,1.147904
7792,0.730112
7793,0.871424
7794,0.936960
7795,0.892928
7796,0.913408
7797,0.908288
7798,0.843776
7799,0.839680
7800,0.874496
7801,0.918528
7802,0.918528
7803,0.950272
7804,0.906240
7805,0.926720
7806,0.916480
7807,0.894976
7808,0.901120
7809,0.973824
7810,0.918528
7811,0.891904
7812,0.911360
7813,0.749568
7814,0.455680
7815,0.397312
7816,0.400384
7817,0.256000
7818,0.259072
7819,0.268288
7820,0.258048
7821,0.218112
7822,0.223232
7823,0.228352
7824,0.209920
7825,0.851968
7826,0.917504
7827,0.924672
7828,0.902144
7829,0.898048
7830,0.922624
7831,0.907264
7832,0.900096
7833,0.903168
7834,0.908288
7835,0.897024
7836,0.910336
7837,0.968704
7838,0.881664
7839,0.890880
7840,0.922624
7841,0.881664
7842,0.944128
7843,0.946176
7844,0.910336
7845,0.942080
7846,0.908288
7847,0.889856
7848,0.921600
7849,0.917504
7850,0.943104
7851,0.944128
7852,0.940032
7853,0.888832
7854,0.908288
7855,0.934912
7856,0.918528
7857,0.911360
7858,0.874496
7859,0.917504
7860,0.924672
7861,0.855040
7862,0.863232
7863,0.875520
7864,0.858112
7865,0.848896
7866,0.935936
7867,0.885760
7868,1.011712
7869,0.882688
7870,0.910336
7871,0.849920
7872,0.844800
7873,0.890880
7874,0.906240
7875,0.930816
7876,0.904192
7877,0.964608
7878,0.964608
7879,0.914432
7880,0.899072
7881,0.875520
7882,0.939008
7883,0.934912
7884,0.902144
7885,0.992256
7886,0.919552
7887,0.898048
7888,0.928768
7889,0.800768
7890,0.890880
7891,0.996352
7892,0.906240
7893,0.909312
7894,0.898048
7895,0.943104
7896,0.912384
7897,0.939008
7898,0.894976
7899,0.935936
7900,0.916480
7901,0.846848
7902,0.924672
7903,0.925696
7904,0.892928
7905,0.879616
7906,0.899072
7907,0.971776
7908,0.875520
7909,0.936960
7910,0.944128
7911,0.924672
7912,0.887808
7913,0.924672
7914,0.922624
7915,0.899072
7916,0.949248
7917,0.897024
7918,0.909312
7919,0.899072
7920,0.936960
7921,0.939008
7922,0.910336
7923,0.919552
7924,0.921600
7925,0.941056
7926,0.887808
7927,0.927744
7928,0.899072
7929,0.884736
7930,0.875520
7931,0.911360
7932,0.841728
7933,0.905216
7934,0.846848
7935,0.802816
7936,0.915456
7937,0.890880
7938,0.883712
7939,0.941056
7940,0.891904
7941,0.926720
7942,0.900096
7943,0.936960
7944,0.908288
7945,0.917504
7946,0.863232
7947,0.965632
7948,0.885760
7949,0.939008
7950,0.926720
7951,0.914432
7952,0.878592
7953,0.884736
7954,0.632832
7955,0.538624
7956,0.527360
7957,0.274432
7958,0.288768
7959,0.272384
7960,0.273408
7961,0.270336
7962,0.284672
7963,0.252928
7964,0.257024
7965,0.251904
7966,0.247808
7967,0.846848
7968,0.944128
7969,0.834560
7970,0.887808
7971,0.965632
7972,0.949248
7973,0.944128
7974,0.905216
7975,0.904192
7976,0.919552
7977,0.919552
7978,0.885760
7979,0.923648
7980,0.884736
7981,0.925696
7982,0.979968
7983,0.871424
7984,0.948224
7985,0.926720
7986,0.903168
7987,0.936960
7988,0.916480
7989,0.930816
7990,0.922624
7991,0.929792
7992,0.922624
7993,0.901120
7994,0.936960
7995,0.934912
7996,0.943104
7997,0.924672
7998,0.905216
7999,0.915456
8000,0.946176
8001,0.892928
8002,0.936960
8003,0.932864
8004,0.856064
8005,0.968704
8006,0.918528
8007,0.946176
8008,0.913408
8009,0.901120
8010,0.915456
8011,0.940032
8012,0.930816
8013,0.918528
8014,0.977920
8015,0.863232
8016,0.924672
8017,0.942080
8018,0.932864
8019,0.912384
8020,0.946176
8021,0.906240
8022,0.888832
8023,0.949248
8024,0.917504
8025,0.880640
8026,0.897024
8027,0.969728
8028,0.931840
8029,0.921600
8030,0.892928
8031,0.644096
8032,0.943104
8033,0.940032
8034,0.924672
8035,0.881664
8036,0.881664
8037,0.912384
8038,0.892928
8039,0.877568
8040,0.887808
8041,0.909312
8042,0.870400
8043,0.920576
8044,0.952320
8045,0.843776
8046,0.809984
8047,0.917504
8048,0.925696
8049,0.913408
8050,0.861184
8051,0.928768
8052,0.921600
8053,0.906240
8054,0.917504
8055,0.935936
8056,0.940032
8057,0.919552
8058,0.886784
8059,0.943104
8060,0.949248
8061,0.921600
8062,0.951296
8063,0.927744
8064,0.900096
8065,0.935936
8066,0.919552
8067,0.956416
8068,0.921600
8069,0.956416
8070,0.920576
8071,0.922624
8072,0.920576
8073,0.891904
8074,0.871424
8075,0.922624
8076,0.854016
8077,0.830464
8078,0.844800
8079,0.928768
8080,0.885760
8081,0.971776
8082,0.939008
8083,0.931840
8084,0.920576
8085,0.923648
8086,0.872448
8087,0.927744
8088,0.961536
8089,0.880640
8090,0.911360
8091,0.935936
8092,0.906240
8093,0.932864
8094,0.912384
8095,0.796672
8096,0.632832
8097,0.794624
8098,0.876544
8099,0.912384
8100,0.929792
8101,0.891904
8102,0.932864
8103,0.878592
8104,0.640000
8105,1.031168
8106,0.936960
8107,0.861184
8108,0.898048
8109,0.928768
8110,0.894976
8111,0.917504
8112,0.929792
8113,0.953344
8114,0.924672
8115,0.905216
8116,0.866304
8117,0.876544
8118,0.911360
8119,0.897024
8120,0.887808
8121,0.903168
8122,0.894976
8123,0.913408
8124,0.867328
8125,0.953344
8126,0.893952
8127,0.889856
8128,0.935936
8129,0.909312
8130,0.885760
8131,0.906240
8132,0.900096
8133,0.873472
8134,0.980992
8135,0.865280
8136,0.907264
8137,0.923648
8138,0.907264
8139,0.928768
8140,0.929792
8141,0.902144
8142,0.870400
8143,0.901120
8144,0.857088
8145,0.801792
8146,0.906240
8147,0.860160
8148,0.947200
8149,0.877568
8150,0.945152
8151,0.910336
8152,0.922624
8153,0.969728
8154,0.928768
8155,0.884736
8156,0.927744
8157,0.928768
8158,0.952320
8159,0.933888
8160,0.944128
8161,0.813056
8162,0.701440
8163,0.546816
8164,0.887808
8165,0.920576
8166,0.944128
8167,0.873472
8168,0.930816
8169,0.929792
8170,0.912384
8171,0.886784
8172,0.870400
8173,0.878592
8174,0.892928
8175,0.887808
8176,0.924672
8177,0.888832
8178,0.916480
8179,0.887808
8180,0.928768
8181,0.871424
8182,0.945152
8183,0.892928
8184,0.925696
8185,0.914432
8186,0.891904
8187,0.873472
8188,0.927744
8189,0.917504
8190,0.877568
8191,0.934912
8192,0.935936
8193,1.105920
8194,0.904192
8195,0.915456
8196,0.901120
8197,0.872448
8198,0.917504
8199,0.924672
8200,0.925696
8201,0.922624
8202,0.862208
8203,0.851968
8204,0.884736
8205,0.822272
8206,0.883712
8207,0.933888
8208,0.887808
8209,0.865280
8210,0.925696
8211,0.927744
8212,0.896000
8213,0.917504
8214,0.954368
8215,0.901120
8216,0.980992
8217,0.954368
8218,0.929792
8219,0.902144
8220,0.917504
8221,0.916480
8222,0.976896
8223,0.902144
8224,0.920576
8225,0.903168
8226,0.894976
8227,0.942080
8228,0.766976
8229,0.489472
8230,0.827392
8231,0.899072
8232,0.947200
8233,0.915456
8234,0.932864
8235,0.930816
8236,0.894976
8237,0.909312
8238,0.929792
8239,0.917504
8240,0.892928
8241,0.929792
8242,0.932864
8243,0.886784
8244,0.872448
8245,0.961536
8246,0.896000
8247,0.936960
8248,0.924672
8249,0.911360
8250,0.925696
8251,0.889856
8252,0.883712
8253,0.919552
8254,0.956416
8255,0.890880
8256,0.930816
8257,0.916480
8258,0.944128
8259,0.879616
8260,0.924672
8261,0.878592
8262,0.974848
8263,0.930816
8264,0.880640
8265,0.905216
8266,0.913408
8267,0.923648
8268,0.877568
8269,0.897024
8270,0.848896
8271,0.879616
8272,0.880640
8273,0.886784
8274,0.897024
8275,0.918528
8276,0.875520
8277,0.890880
8278,0.889856
8279,0.866304
8280,0.949248
8281,0.892928
8282,0.879616
8283,0.900096
8284,0.911360
8285,0.943104
8286,0.961536
8287,0.936960
8288,0.970752
8289,0.899072
8290,0.989184
8291,0.979968
8292,0.945152
8293,0.934912
8294,0.913408
8295,0.778240
8296,0.805888
8297,0.911360
8298,0.901120
8299,0.912384
8300,0.910336
8301,0.923648
8302,0.849920
8303,0.974848
8304,0.918528
8305,0.901120
8306,0.906240
8307,0.931840
8308,0.867328
8309,0.952320
8310,0.933888
8311,0.911360
8312,0.964608
8313,0.897024
8314,0.898048
8315,0.878592
8316,0.933888
8317,0.897024
8318,0.923648
8319,0.910336
8320,0.922624
8321,0.877568
8322,0.967680
8323,0.908288
8324,0.927744
8325,0.911360
8326,0.909312
8327,0.901120
8328,0.909312
8329,0.912384
8330,0.915456
8331,0.881664
8332,0.916480
8333,0.889856
8334,0.936960
8335,0.888832
8336,0.920576
8337,1.105920
8338,0.891904
8339,0.825344
8340,0.737280
8341,0.875520
8342,0.959488
8343,0.935936
8344,0.864256
8345,0.906240
8346,0.916480
8347,0.923648
8348,0.850944
8349,0.782336
8350,0.908288
8351,0.884736
8352,0.856064
8353,0.847872
8354,0.815104
8355,0.881664
8356,0.892928
8357,0.919552
8358,0.913408
8359,0.916480
8360,0.777216
8361,0.670720
8362,0.930816
8363,0.946176
8364,0.873472
8365,0.936960
8366,0.910336
8367,0.911360
8368,0.944128
8369,0.894976
8370,0.911360
8371,0.884736
8372,0.931840
8373,0.954368
8374,0.924672
8375,0.874496
8376,0.868352
8377,0.867328
8378,0.865280
8379,0.918528
8380,0.869376
8381,0.888832
8382,0.891904
8383,0.936960
8384,0.890880
8385,0.897024
8386,0.807936
8387,0.844800
8388,0.876544
8389,0.891904
8390,0.922624
8391,0.885760
8392,0.923648
8393,0.883712
8394,0.891904
8395,0.929792
8396,0.930816
8397,0.882688
8398,0.941056
8399,0.885760
8400,0.883712
8401,0.944128
8402,0.855040
8403,0.940032
8404,0.870400
8405,0.916480
8406,0.908288
8407,0.905216
8408,0.948224
8409,0.948224
8410,0.918528
8411,0.923648
8412,0.896000
8413,0.955392
8414,0.941056
8415,0.820224
8416,0.907264
8417,0.889856
8418,0.903168
8419,0.888832
8420,0.943104
8421,0.932864
8422,0.916480
8423,0.934912
8424,0.445440
8425,0.824320
8426,0.649216
8427,0.751616
8428,0.931840
8429,0.932864
8430,0.879616
8431,0.918528
8432,0.964608
8433,0.925696
8434,0.943104
8435,0.927744
8436,0.886784
8437,0.929792
8438,0.921600
8439,0.946176
8440,0.915456
8441,0.927744
8442,0.914432
8443,0.877568
8444,0.850944
8445,0.850944
8446,0.856064
8447,0.882688
8448,0.858112
8449,0.912384
8450,0.897024
8451,0.909312
8452,0.897024
8453,0.908288
8454,0.908288
8455,0.900096
8456,0.891904
8457,0.916480
8458,0.898048
8459,0.850944
8460,0.850944
8461,0.887808
8462,0.960512
8463,0.877568
8464,0.876544
8465,0.907264
8466,0.903168
8467,0.908288
8468,0.915456
8469,0.914432
8470,0.883712
8471,0.959488
8472,0.944128
8473,0.922624
8474,0.886784
8475,0.902144
8476,0.862208
8477,0.817152
8478,0.865280
8479,0.900096
8480,0.904192
8481,0.894976
8482,0.881664
8483,0.921600
8484,0.860160
8485,0.892928
8486,0.914432
8487,0.915456
8488,0.884736
8489,0.942080
8490,0.925696
8491,0.931840
8492,0.826368
8493,0.570368
8494,0.414720
8495,0.379904
8496,0.359424
8497,0.360448
8498,0.350208
8499,0.273408
8500,0.206848
8501,0.204800
8502,0.220160
8503,0.198656
8504,0.815104
8505,0.867328
8506,0.913408
8507,0.882688
8508,0.888832
8509,0.847872
8510,0.873472
8511,0.897024
8512,0.907264
8513,0.891904
8514,0.916480
8515,0.949248
8516,0.844800
8517,0.885760
8518,0.878592
8519,0.921600
8520,0.889856
8521,0.880640
8522,0.926720
8523,0.910336
8524,0.888832
8525,0.930816
8526,0.918528
8527,0.933888
8528,0.907264
8529,0.902144
8530,0.886784
8531,0.887808
8532,0.891904
8533,0.880640
8534,0.857088
8535,0.889856
8536,0.864256
8537,0.844800
8538,0.797696
8539,0.830464
8540,0.884736
8541,0.912384
8542,0.896000
8543,0.902144
8544,0.886784
8545,0.919552
8546,0.929792
8547,0.907264
8548,0.918528
8549,0.861184
8550,0.926720
8551,0.884736
8552,0.880640
8553,0.883712
8554,0.951296
8555,0.867328
8556,0.891904
8557,0.909312
8558,0.910336
8559,0.894976
8560,0.907264
8561,0.870400
8562,0.901120
8563,0.888832
8564,0.846848
8565,0.913408
8566,0.896000
8567,0.926720
8568,0.846848
8569,0.803840
8570,0.598016
8571,0.863232
8572,0.882688
8573,0.866304
8574,0.897024
8575,0.890880
8576,0.799744
8577,0.852992
8578,0.822272
8579,0.900096
8580,0.817152
8581,0.859136
8582,0.893952
8583,0.821248
8584,0.896000
8585,0.891904
8586,0.869376
8587,0.862208
8588,2.369536
8589,2.471936
8590,0.907264
8591,0.837632
8592,0.860160
8593,0.855040
8594,0.904192
8595,0.839680
8596,0.879616
8597,0.920576
8598,0.937984
8599,0.898048
8600,0.896000
8601,0.859136
8602,0.921600
8603,0.882688
8604,0.865280
8605,0.941056
8606,0.934912
8607,0.852992
8608,0.892928
8609,0.916480
8610,0.910336
8611,0.884736
8612,0.871424
8613,0.881664
8614,0.912384
8615,0.906240
8616,0.836608
8617,0.855040
8618,0.755712
8619,0.794624
8620,0.867328
8621,0.863232
8622,0.909312
8623,0.871424
8624,0.893952
8625,3.628032
8626,0.771072
8627,0.889856
8628,0.878592
8629,0.877568
8630,0.866304
8631,0.593920
8632,1.718272
8633,0.898048
8634,0.872448
8635,0.904192
8636,0.882688
8637,0.834560
8638,0.913408
8639,0.872448
8640,1.890304
8641,0.922624
8642,3.431424
8643,0.865280
8644,0.800768
8645,0.845824
8646,0.870400
8647,0.883712
8648,0.941056
8649,0.903168
8650,0.924672
8651,0.861184
8652,0.890880
8653,0.861184
8654,0.868352
8655,0.906240
8656,0.924672
8657,0.866304
8658,0.891904
8659,0.904192
8660,0.970752
8661,0.923648
8662,0.904192
8663,0.886784
8664,0.898048
8665,0.889856
8666,0.884736
8667,0.897024
8668,0.876544
8669,0.924672
8670,0.878592
8671,0.908288
8672,0.905216
8673,0.907264
8674,0.879616
8675,0.886784
8676,0.813056
8677,0.818176
8678,0.910336
8679,0.847872
8680,0.871424
8681,0.926720
8682,0.882688
8683,0.969728
8684,0.937984
8685,0.863232
8686,0.881664
8687,0.866304
8688,0.922624
8689,0.929792
8690,0.890880
8691,0.891904
8692,0.905216
8693,0.675840
8694,0.880640
8695,0.882688
8696,0.849920
8697,0.911360
8698,0.911360
8699,0.894976
8700,0.903168
8701,0.902144
8702,0.882688
8703,0.887808
8704,0.908288
8705,0.894976
8706,0.930816
8707,0.880640
8708,0.830464
8709,0.823296
8710,0.836608
8711,0.828416
8712,0.884736
8713,0.887808
8714,0.887808
8715,0.878592
8716,0.843776
8717,0.860160
8718,0.893952
8719,0.900096
8720,0.896000
8721,0.898048
8722,0.891904
8723,0.903168
8724,0.836608
8725,0.893952
8726,0.889856
8727,0.855040
8728,0.893952
8729,0.907264
8730,0.909312
8731,0.885760
8732,0.910336
8733,0.908288
8734,0.919552
8735,0.900096
8736,0.898048
8737,0.899072
8738,0.914432
8739,0.922624
8740,0.888832
8741,0.903168
8742,0.930816
8743,0.900096
8744,0.930816
8745,0.896000
8746,0.903168
8747,0.870400
8748,0.871424
8749,0.871424
8750,0.871424
8751,0.849920
8752,0.879616
8753,0.882688
8754,0.832512
8755,0.907264
8756,0.893952
8757,0.902144
8758,0.899072
8759,0.848896
8760,0.665600
8761,0.879616
8762,0.931840
8763,0.877568
8764,0.899072
8765,0.876544
8766,0.902144
8767,0.812032
8768,0.927744
8769,0.876544
8770,0.915456
8771,0.856064
8772,0.906240
8773,0.891904
8774,0.880640
8775,0.937984
8776,0.886784
8777,0.851968
8778,0.866304
8779,0.563200
8780,0.843776
8781,0.812032
8782,0.913408
8783,0.907264
8784,0.824320
8785,0.886784
8786,0.849920
8787,0.844800
8788,0.878592
8789,0.877568
8790,0.926720
8791,0.857088
8792,0.872448
8793,0.936960
8794,0.888832
8795,0.870400
8796,0.876544
8797,0.920576
8798,0.844800
8799,0.919552
8800,0.899072
8801,0.871424
8802,0.872448
8803,0.887808
8804,0.877568
8805,0.803840
8806,0.859136
8807,0.892928
8808,0.901120
8809,0.905216
8810,0.913408
8811,0.860160
8812,0.835584
8813,0.850944
8814,0.837632
8815,0.892928
8816,0.876544
8817,0.937984
8818,0.901120
8819,0.897024
8820,0.908288
8821,0.903168
8822,0.923648
8823,0.923648
8824,0.888832
8825,0.844800
8826,0.854016
8827,0.943104
8828,0.912384
8829,0.886784
8830,0.885760
8831,0.915456
8832,0.900096
8833,0.896000
8834,0.914432
8835,0.918528
8836,0.894976
8837,0.933888
8838,0.873472
8839,0.928768
8840,0.883712
8841,0.898048
8842,0.894976
8843,0.913408
8844,0.944128
8845,1.089536
8846,0.358400
8847,0.897024
8848,0.882688
8849,0.892928
8850,0.879616
8851,0.889856
8852,0.870400
8853,0.893952
8854,0.869376
8855,0.843776
8856,0.890880
8857,0.880640
8858,0.886784
8859,0.932864
8860,0.910336
8861,0.857088
8862,0.862208
8863,0.908288
8864,0.908288
8865,0.889856
8866,0.873472
8867,0.795648
8868,0.864256
8869,0.862208
8870,0.879616
8871,0.900096
8872,0.879616
8873,0.848896
8874,0.913408
8875,0.919552
8876,0.894976
8877,0.887808
8878,0.909312
8879,0.892928
8880,0.906240
8881,0.897024
8882,0.960512
8883,0.939008
8884,0.908288
8885,0.859136
8886,0.910336
8887,0.905216
8888,0.913408
8889,0.890880
8890,0.935936
8891,0.946176
8892,0.833536
8893,0.649216
8894,0.802816
8895,0.872448
8896,0.901120
8897,0.889856
8898,0.922624
8899,0.905216
8900,0.899072
8901,0.935936
8902,0.871424
8903,0.888832
8904,0.921600
8905,0.924672
8906,0.843776
8907,0.909312
8908,0.880640
8909,0.891904
8910,0.841728
8911,0.846848
8912,0.873472
8913,0.818176
8914,0.793600
8915,0.868352
8916,0.892928
8917,0.913408
8918,0.893952
8919,0.852992
8920,0.911360
8921,0.875520
8922,0.894976
8923,0.890880
8924,0.878592
8925,0.862208
8926,0.879616
8927,0.894976
8928,0.862208
8929,0.874496
8930,0.854016
8931,0.896000
8932,0.871424
8933,0.862208
8934,0.856064
8935,0.912384
8936,0.911360
8937,0.859136
8938,0.892928
8939,0.870400
8940,0.864256
8941,0.882688
8942,0.871424
8943,0.862208
8944,0.885760
8945,0.857088
8946,0.844800
8947,0.924672
8948,0.875520
8949,0.911360
8950,0.925696
8951,0.904192
8952,0.886784
8953,0.913408
8954,0.906240
8955,0.883712
8956,0.863232
8957,0.859136
8958,0.787456
8959,0.816128
8960,0.852992
8961,0.835584
8962,0.777216
8963,0.529408
8964,0.473088
8965,0.908288
8966,0.927744
8967,0.921600
8968,0.909312
8969,0.874496
8970,0.888832
8971,0.902144
8972,0.894976
8973,0.882688
8974,0.861184
8975,0.891904
8976,0.926720
8977,0.878592
8978,0.904192
8979,0.902144
8980,0.886784
8981,0.833536
8982,0.890880
8983,0.911360
8984,0.850944
8985,0.917504
8986,0.876544
8987,0.908288
8988,0.841728
8989,0.883712
8990,0.870400
8991,0.865280
8992,0.885760
8993,0.884736
8994,0.922624
8995,0.849920
8996,0.878592
8997,0.808960
8998,0.862208
8999,0.802816
9000,0.805888
9001,0.986112
9002,0.754688
9003,0.799744
9004,0.869376
9005,0.860160
9006,0.911360
9007,0.891904
9008,0.891904
9009,0.881664
9010,0.891904
9011,0.881664
9012,0.886784
9013,0.864256
9014,0.875520
9015,0.885760
9016,0.845824
9017,0.877568
9018,0.876544
9019,0.876544
9020,0.852992
9021,0.863232
9022,0.825344
9023,0.849920
9024,0.859136
9025,0.887808
9026,0.907264
9027,0.861184
9028,0.922624
9029,0.869376
9030,0.877568
9031,0.827392
9032,0.820224
9033,2.172928
9034,0.537600
9035,2.057216
9036,0.891904
9037,0.883712
9038,0.878592
9039,0.925696
9040,0.905216
9041,0.906240
9042,0.856064
9043,0.862208
9044,0.888832
9045,0.882688
9046,0.874496
9047,0.830464
9048,0.899072
9049,0.860160
9050,0.897024
9051,0.854016
9052,0.879616
9053,0.866304
9054,0.858112
9055,0.896000
9056,0.851968
9057,0.881664
9058,0.915456
9059,0.865280
9060,0.863232
9061,0.843776
9062,0.874496
9063,0.878592
9064,0.871424
9065,0.873472
9066,0.863232
9067,0.865280
9068,0.845824
9069,0.831488
9070,0.819200
9071,0.808960
9072,0.812032
9073,3.095552
9074,0.716800
9075,0.836608
9076,0.845824
9077,0.935936
9078,0.782336
9079,0.879616
9080,0.813056
9081,1.924096
9082,0.887808
9083,0.876544
9084,0.875520
9085,0.855040
9086,0.844800
9087,0.830464
9088,0.867328
9089,3.398656
9090,0.822272
9091,0.879616
9092,0.872448
9093,0.875520
9094,0.846848
9095,0.909312
9096,0.885760
9097,0.878592
9098,0.672768
9099,0.563200
9100,0.565248
9101,0.365568
9102,0.292864
9103,0.217088
9104,0.197632
9105,0.193536
9106,0.185344
9107,0.195584
9108,0.825344
9109,0.848896
9110,0.824320
9111,0.881664
9112,0.884736
9113,0.880640
9114,0.849920
9115,0.805888
9116,0.839680
9117,0.897024
9118,0.829440
9119,0.852992
9120,0.846848
9121,0.881664
9122,0.850944
9123,0.917504
9124,0.881664
9125,0.835584
9126,0.847872
9127,0.855040
9128,0.847872
9129,0.885760
9130,0.869376
9131,0.871424
9132,0.836608
9133,0.860160
9134,0.858112
9135,0.812032
9136,0.876544
9137,0.925696
9138,0.834560
9139,0.845824
9140,0.806912
9141,0.814080
9142,0.834560
9143,1.006592
9144,0.818176
9145,0.817152
9146,0.814080
9147,0.789504
9148,0.842752
9149,0.860160
9150,0.819200
9151,0.815104
9152,0.898048
9153,0.896000
9154,0.858112
9155,0.857088
9156,0.837632
9157,0.868352
9158,0.881664
9159,0.815104
9160,0.885760
9161,0.874496
9162,0.885760
9163,0.867328
9164,0.851968
9165,0.845824
9166,0.887808
9167,0.836608
9168,0.817152
9169,0.839680
9170,0.813056
9171,0.875520
9172,0.824320
9173,0.836608
9174,0.838656
9175,0.856064
9176,0.912384
9177,0.805888
9178,0.624640
9179,0.551936
9180,0.505856
9181,0.508928
9182,0.848896
9183,0.909312
9184,0.860160
9185,0.864256
9186,0.848896
9187,0.909312
9188,0.809984
9189,0.839680
9190,0.814080
9191,0.873472
9192,0.876544
9193,0.832512
9194,0.844800
9195,0.848896
9196,0.824320
9197,0.873472
9198,0.881664
9199,0.838656
9200,0.929792
9201,0.840704
9202,0.839680
9203,0.843776
9204,0.864256
9205,0.818176
9206,0.901120
9207,0.857088
9208,0.850944
9209,0.844800
9210,0.820224
9211,0.833536
9212,0.867328
9213,0.858112
9214,0.865280
9215,0.884736
9216,0.868352
9217,0.848896
9218,0.826368
9219,0.847872
9220,0.803840
9221,0.837632
9222,0.796672
9223,0.789504
9224,0.933888
9225,0.817152
9226,0.879616
9227,0.888832
9228,0.881664
9229,0.914432
9230,0.872448
9231,0.861184
9232,0.845824
9233,0.839680
9234,0.866304
9235,0.876544
9236,0.857088
9237,0.884736
9238,0.851968
9239,0.898048
9240,0.877568
9241,0.925696
9242,0.887808
9243,0.869376
9244,0.882688
9245,0.905216
9246,0.801792
9247,0.820224
9248,0.849920
9249,0.889856
9250,0.890880
9251,0.911360
9252,0.619520
9253,0.792576
9254,0.835584
9255,0.840704
9256,0.827392
9257,0.786432
9258,0.844800
9259,0.778240
9260,0.900096
9261,0.847872
9262,0.815104
9263,0.857088
9264,0.848896
9265,0.857088
9266,0.879616
9267,0.856064
9268,0.860160
9269,0.834560
9270,0.833536
9271,0.882688
9272,0.856064
9273,0.875520
9274,0.861184
9275,0.851968
9276,0.811008
9277,0.863232
9278,0.831488
9279,0.903168
9280,0.897024
9281,0.865280
9282,0.869376
9283,0.823296
9284,0.901120
9285,0.861184
9286,0.888832
9287,0.815104
9288,0.878592
9289,0.888832
9290,0.873472
9291,0.823296
9292,0.879616
9293,0.891904
9294,0.859136
9295,0.832512
9296,0.869376
9297,0.866304
9298,0.886784
9299,0.874496
9300,0.879616
9301,0.855040
9302,0.802816
9303,0.856064
9304,2.281472
9305,0.435200
9306,2.335744
9307,0.780288
9308,0.823296
9309,0.874496
9310,0.801792
9311,0.816128
9312,0.839680
9313,0.837632
9314,0.846848
9315,0.815104
9316,0.856064
9317,0.808960
9318,0.824320
9319,0.891904
9320,0.755712
9321,0.683008
9322,0.676864
9323,0.669696
9324,0.512000
9325,0.395264
9326,0.229376
9327,0.674816
9328,0.866304
9329,0.855040
9330,0.844800
9331,0.823296
9332,0.822272
9333,0.830464
9334,0.844800
9335,0.856064
9336,0.889856
9337,0.829440
9338,0.844800
9339,0.847872
9340,0.830464
9341,0.837632
9342,0.864256
9343,0.845824
9344,0.874496
9345,0.833536
9346,0.880640
9347,0.848896
9348,0.871424
9349,0.845824
9350,0.815104
9351,0.835584
9352,0.866304
9353,0.847872
9354,0.834560
9355,0.829440
9356,0.827392
9357,0.813056
9358,0.794624
9359,0.741376
9360,0.769024
9361,0.834560
9362,3.116032
9363,0.832512
9364,0.860160
9365,0.859136
9366,0.874496
9367,0.843776
9368,0.822272
9369,0.848896
9370,1.835008
9371,0.843776
9372,0.864256
9373,0.807936
9374,0.890880
9375,0.804864
9376,0.838656
9377,1.831936
9378,0.801792
9379,3.146752
9380,0.874496
9381,0.829440
9382,0.835584
9383,0.836608
9384,0.831488
9385,0.859136
9386,0.816128
9387,0.846848
9388,0.806912
9389,0.852992
9390,0.777216
9391,0.794624
9392,0.665600
9393,0.804864
9394,0.763904
9395,0.812032
9396,0.812032
9397,0.820224
9398,0.764928
9399,0.822272
9400,0.823296
9401,0.813056
9402,0.830464
9403,0.804864
9404,0.794624
9405,0.783360
9406,0.803840
9407,0.802816
9408,0.788480
9409,0.802816
9410,0.791552
9411,0.791552
9412,0.781312
9413,0.760832
9414,0.749568
9415,0.748544
9416,0.788480
9417,0.757760
9418,0.777216
9419,0.763904
9420,0.746496
9421,0.752640
9422,0.752640
9423,0.733184
9424,0.769024
9425,0.771072
9426,0.745472
9427,0.773120
9428,0.740352
9429,0.731136
9430,0.705536
9431,0.733184
9432,0.779264
9433,0.743424
9434,0.735232
9435,0.729088
9436,0.792576
9437,0.746496
9438,0.756736
9439,0.757760
9440,0.772096
9441,0.746496
9442,0.740352
9443,0.742400
9444,0.756736
9445,0.727040
9446,0.742400
9447,0.779264
9448,0.743424
9449,0.735232
9450,0.775168
9451,0.743424
9452,0.756736
9453,0.753664
9454,0.784384
9455,0.745472
9456,0.739328
9457,0.723968
9458,0.768000
9459,0.747520
9460,0.709632
9461,0.749568
9462,0.695296
9463,0.720896
9464,0.735232
9465,0.734208
9466,0.704512
9467,0.739328
9468,0.715776
9469,0.687104
9470,0.738304
9471,0.718848
9472,0.730112
9473,0.719872
9474,0.692224
9475,0.710656
9476,0.648192
9477,0.750592
9478,0.731136
9479,0.693248
9480,0.714752
9481,0.708608
9482,0.730112
9483,0.680960
9484,0.721920
9485,0.730112
9486,0.731136
9487,0.681984
9488,0.653312
9489,0.711680
9490,0.673792
9491,0.708608
9492,0.715776
9493,0.727040
9494,0.730112
9495,0.656384
9496,0.701440
9497,0.712704
9498,0.696320
9499,0.723968
9500,0.719872
9501,0.739328
9502,0.692224
9503,0.683008
9504,0.741376
9505,0.676864
9506,0.671744
9507,0.688128
9508,0.699392
9509,0.700416
9510,0.712704
9511,0.697344
9512,0.719872
9513,0.710656
9514,0.691200
9515,0.690176
9516,0.902144
9517,0.703488
9518,0.463872
9519,0.710656
9520,0.727040
9521,0.706560
9522,0.675840
9523,0.702464
9524,0.652288
9525,0.717824
9526,0.707584
9527,0.745472
9528,0.709632
9529,0.691200
9530,0.705536
9531,0.695296
9532,0.679936
9533,0.709632
9534,2.335744
9535,0.658432
9536,0.726016
9537,2.280448
9538,0.732160
9539,0.737280
9540,0.659456
9541,0.700416
9542,0.681984
9543,0.678912
9544,0.716800
9545,0.671744
9546,0.658432
9547,0.700416
9548,0.709632
9549,0.703488
9550,0.707584
9551,0.737280
9552,0.672768
9553,0.703488
9554,0.669696
9555,0.718848
9556,0.673792
9557,0.712704
9558,0.664576
9559,0.691200
9560,0.712704
9561,0.670720
9562,0.717824
9563,0.722944
9564,0.697344
9565,0.706560
9566,0.681984
9567,0.622592
9568,0.581632
9569,0.537600
9570,0.399360
9571,0.342016
9572,0.187392
9573,0.190464
9574,0.183296
9575,0.186368
9576,0.156672
9577,0.638976
9578,0.707584
9579,0.667648
9580,0.657408
9581,0.705536
9582,0.629760
9583,0.659456
9584,2.954240
9585,0.569344
9586,0.668672
9587,0.651264
9588,0.670720
9589,0.668672
9590,0.703488
9591,0.678912
9592,0.690176
9593,0.690176
9594,0.673792
9595,0.706560
9596,0.664576
9597,0.677888
9598,0.645120
9599,0.664576
9600,0.704512
9601,0.655360
9602,0.679936
9603,0.634880
9604,0.648192
9605,0.592896
9606,0.580608
9607,0.643072
9608,0.646144
9609,1.635328
9610,0.663552
9611,0.686080
9612,0.605184
9613,0.676864
9614,0.637952
9615,0.663552
9616,0.672768
9617,1.712128
9618,0.530432
9619,2.890752
9620,0.645120
9621,0.687104
9622,0.659456
9623,0.640000
9624,0.595968
9625,0.632832
9626,0.589824
9627,0.610304
9628,0.612352
9629,0.599040
9630,0.634880
9631,0.624640
9632,0.614400
9633,0.583680
9634,0.627712
9635,0.628736
9636,0.625664
9637,0.630784
9638,0.633856
9639,0.667648
9640,0.592896
9641,0.604160
9642,0.551936
9643,0.684032
9644,0.633856
9645,0.626688
9646,0.632832
9647,0.633856
9648,0.655360
9649,0.653312
9650,0.625664
9651,0.635904
9652,0.601088
9653,0.614400
9654,0.632832
9655,0.621568
9656,0.628736
9657,0.633856
9658,0.593920
9659,0.599040
9660,0.643072
9661,0.617472
9662,0.627712
9663,0.633856
9664,0.604160
9665,0.660480
9666,0.603136
9667,0.428032
9668,0.589824
9669,0.561152
9670,0.591872
9671,0.553984
9672,0.559104
9673,0.584704
9674,0.553984
9675,0.549888
9676,0.549888
9677,0.590848
9678,0.540672
9679,0.551936
9680,0.563200
9681,0.545792
9682,0.586752
9683,0.561152
9684,0.553984
9685,0.522240
9686,0.546816
9687,0.545792
9688,0.524288
9689,0.546816
9690,0.593920
9691,0.570368
9692,0.545792
9693,0.600064
9694,0.583680
9695,0.517120
9696,0.590848
9697,0.557056
9698,0.576512
9699,0.540672
9700,0.533504
9701,0.561152
9702,0.572416
9703,0.583680
9704,0.578560
9705,0.567296
9706,0.553984
9707,0.564224
9708,0.553984
9709,0.548864
9710,0.590848
9711,0.571392
9712,0.553984
9713,0.595968
9714,0.543744
9715,0.561152
9716,0.549888
9717,0.582656
9718,0.539648
9719,0.577536
9720,0.548864
9721,0.528384
9722,0.646144
9723,0.549888
9724,0.557056
9725,0.507904
9726,0.547840
9727,0.520192
9728,0.526336
9729,0.545792
9730,0.557056
9731,0.557056
9732,0.533504
9733,0.515072
9734,0.707584
9735,0.529408
9736,0.518144
9737,0.465920
9738,0.525312
9739,0.540672
9740,0.539648
9741,0.537600
9742,0.514048
9743,0.531456
9744,0.498688
9745,0.540672
9746,0.512000
9747,0.475136
9748,0.483328
9749,0.513024
9750,0.512000
9751,0.519168
9752,0.512000
9753,0.496640
9754,0.503808
9755,0.523264
9756,0.491520
9757,0.501760
9758,0.542720
9759,0.521216
9760,0.542720
9761,0.537600
9762,0.502784
9763,0.471040
9764,0.504832
9765,0.502784
9766,0.500736
9767,0.513024
9768,0.518144
9769,0.509952
9770,0.447488
9771,0.515072
9772,0.501760
9773,0.500736
9774,0.481280
9775,0.482304
9776,0.463872
9777,0.478208
9778,0.486400
9779,0.484352
9780,0.493568
9781,0.507904
9782,0.430080
9783,0.479232
9784,0.476160
9785,0.479232
9786,0.454656
9787,0.477184
9788,0.430080
9789,0.439296
9790,0.444416
9791,0.411648
9792,0.448512
9793,0.437248
9794,0.438272
9795,0.443392
9796,0.400384
9797,0.402432
9798,0.421888
9799,0.385024
9800,0.428032
9801,0.401408
9802,0.412672
9803,0.408576
9804,0.415744
9805,0.435200
9806,0.377856
9807,0.389120
9808,0.373760
9809,0.352256
9810,0.363520
9811,0.437248
9812,0.345088
9813,0.329728
9814,0.328704
9815,0.338944
9816,0.333824
9817,0.325632
9818,0.338944
9819,0.339968
9820,0.323584
9821,0.303104
9822,0.320512
9823,0.316416
9824,0.307200
9825,0.316416
9826,0.305152
9827,0.305152
9828,0.295936
9829,0.309248
9830,0.315392
9831,0.276480
9832,0.268288
9833,0.277504
9834,0.273408
9835,0.270336
9836,0.279552
9837,0.263168
9838,0.283648
9839,0.275456
9840,0.274432
9841,0.287744
9842,0.286720
9843,0.280576
9844,0.281600
9845,0.280576
9846,0.280576
9847,0.268288
9848,0.270336
9849,0.269312
9850,0.279552
9851,0.279552
9852,0.267264
9853,0.263168
9854,0.277504
9855,0.288768
9856,0.267264
9857,0.293888
9858,0.265216
9859,0.288768
9860,0.297984
9861,0.240640
9862,0.235520
9863,0.215040
9864,0.214016
9865,0.214016
9866,0.219136
9867,0.226304
9868,0.222208
9869,0.233472
9870,0.212992
9871,0.209920
9872,0.225280
9873,0.224256
9874,0.222208
9875,0.223232
9876,0.215040
9877,0.207872
9878,0.198656
9879,0.205824
9880,0.192512
9881,0.190464
9882,0.190464
9883,0.194560
9884,0.186368
9885,0.191488
9886,0.187392
9887,0.185344
9888,0.188416
9889,0.191488
9890,0.187392
9891,0.195584
9892,0.191488
9893,0.191488
9894,0.191488
9895,0.188416
9896,0.186368
9897,0.185344
9898,0.188416
9899,0.191488
9900,0.193536
9901,0.181248
9902,0.186368
9903,0.189440
9904,0.173056
9905,0.187392
9906,0.190464
9907,0.190464
9908,0.187392
9909,0.194560
9910,0.189440
9911,0.192512
9912,0.189440
9913,0.191488
9914,0.193536
9915,0.179200
9916,0.179200
9917,0.192512
9918,0.186368
9919,0.185344
9920,0.184320
9921,0.181248
9922,0.185344
9923,0.184320
9924,0.185344
9925,0.191488
9926,0.185344
9927,0.192512
9928,0.191488
9929,0.176128
9930,0.182272
9931,0.190464
9932,0.176128
9933,0.177152
9934,0.186368
9935,0.186368
9936,0.177152
9937,0.176128
9938,0.180224
9939,0.182272
9940,0.180224
9941,0.186368
9942,0.178176
9943,0.174080
9944,0.180224
9945,0.172032
9946,0.171008
9947,0.171008
9948,0.176128
9949,0.169984
9950,0.173056
9951,0.166912
9952,0.164864
9953,0.161792
9954,0.165888
9955,0.167936
9956,0.164864
9957,0.163840
9958,0.175104
9959,0.167936
9960,0.166912
9961,0.160768
9962,0.163840
9963,0.165888
9964,0.158720
9965,0.163840
9966,0.165888
9967,0.166912
9968,0.156672
9969,0.164864
9970,0.164864
9971,0.163840
9972,0.164864
9973,0.164864
9974,0.166912
9975,0.162816
9976,0.166912
9977,0.166912
9978,0.163840
9979,0.168960
9980,0.166912
9981,0.168960
9982,0.159744
9983,0.165888
9984,0.160768
9985,0.164864
9986,0.163840
9987,0.159744
9988,0.159744
9989,0.154624
9990,0.157696
9991,0.157696
9992,0.155648
9993,0.162816
9994,0.159744
9995,0.166912
9996,0.157696
9997,0.161792
9998,0.159744
9999,0.160768
