iter,ms
0,0.237568
1,0.219136
2,0.413696
3,0.212992
4,0.209920
5,0.206848
6,0.208896
7,0.221184
8,0.222208
9,0.217088
10,0.218112
11,0.212992
12,0.214016
13,0.234496
14,0.215040
15,0.209920
16,0.217088
17,0.210944
18,0.208896
19,0.208896
20,0.217088
21,0.221184
22,0.216064
23,0.232448
24,0.224256
25,0.229376
26,0.220160
27,0.228352
28,0.227328
29,0.230400
30,0.223232
31,0.226304
32,0.234496
33,0.226304
34,0.234496
35,0.233472
36,0.229376
37,0.221184
38,0.218112
39,0.223232
40,0.223232
41,0.225280
42,0.216064
43,0.215040
44,0.217088
45,0.221184
46,0.220160
47,0.219136
48,0.212992
49,0.217088
50,0.216064
51,0.217088
52,0.225280
53,0.215040
54,0.220160
55,0.229376
56,0.229376
57,0.236544
58,0.234496
59,0.244736
60,0.224256
61,0.225280
62,0.218112
63,0.222208
64,0.229376
65,0.224256
66,0.221184
67,0.231424
68,0.235520
69,0.229376
70,0.224256
71,0.230400
72,0.232448
73,0.227328
74,0.233472
75,0.230400
76,0.240640
77,0.236544
78,0.235520
79,0.234496
80,0.231424
81,0.234496
82,0.238592
83,0.229376
84,0.233472
85,0.228352
86,0.234496
87,0.232448
88,0.233472
89,0.235520
90,0.232448
91,0.232448
92,0.242688
93,0.241664
94,0.236544
95,0.264192
96,0.265216
97,0.260096
98,0.262144
99,0.276480
100,0.260096
101,0.273408
102,0.267264
103,0.274432
104,0.268288
105,0.276480
106,0.272384
107,0.277504
108,0.273408
109,0.257024
110,0.251904
111,0.245760
112,0.239616
113,0.248832
114,0.250880
115,0.257024
116,0.248832
117,0.249856
118,0.251904
119,0.245760
120,0.244736
121,0.248832
122,0.250880
123,0.250880
124,0.247808
125,0.253952
126,0.241664
127,0.244736
128,0.242688
129,0.254976
130,0.250880
131,0.244736
132,0.242688
133,0.251904
134,0.244736
135,0.241664
136,0.250880
137,0.244736
138,0.247808
139,0.248832
140,0.257024
141,0.240640
142,0.242688
143,0.423936
144,0.248832
145,0.241664
146,0.239616
147,0.248832
148,0.254976
149,0.254976
150,0.248832
151,0.247808
152,0.247808
153,0.250880
154,0.244736
155,0.247808
156,0.250880
157,0.247808
158,0.240640
159,0.248832
160,0.248832
161,0.245760
162,0.248832
163,0.244736
164,0.246784
165,0.244736
166,0.254976
167,0.251904
168,0.249856
169,0.247808
170,0.250880
171,0.246784
172,0.240640
173,0.246784
174,0.252928
175,0.252928
176,0.254976
177,0.243712
178,0.252928
179,0.245760
180,0.243712
181,0.239616
182,0.245760
183,0.241664
184,0.248832
185,0.250880
186,0.236544
187,0.248832
188,0.242688
189,0.252928
190,0.248832
191,0.243712
192,0.248832
193,0.249856
194,0.263168
195,0.243712
196,0.257024
197,0.259072
198,0.262144
199,0.260096
200,0.250880
201,0.260096
202,0.254976
203,0.252928
204,0.249856
205,0.259072
206,0.260096
207,0.252928
208,0.256000
209,0.254976
210,0.252928
211,0.258048
212,0.254976
213,0.258048
214,0.256000
215,0.251904
216,0.263168
217,0.257024
218,0.265216
219,0.258048
220,0.258048
221,0.258048
222,0.260096
223,0.254976
224,0.263168
225,0.251904
226,0.264192
227,0.263168
228,0.264192
229,0.254976
230,0.254976
231,0.261120
232,0.245760
233,0.253952
234,0.252928
235,0.252928
236,0.260096
237,0.253952
238,0.258048
239,0.260096
240,0.257024
241,0.263168
242,0.247808
243,0.256000
244,0.248832
245,0.256000
246,0.257024
247,0.256000
248,0.261120
249,0.260096
250,0.254976
251,0.257024
252,0.257024
253,0.254976
254,0.258048
255,0.250880
256,0.257024
257,0.249856
258,0.262144
259,0.245760
260,0.262144
261,0.261120
262,0.252928
263,0.259072
264,0.261120
265,0.250880
266,0.258048
267,0.261120
268,0.253952
269,0.262144
270,0.257024
271,0.258048
272,0.257024
273,0.261120
274,0.259072
275,0.277504
276,0.263168
277,0.265216
278,0.265216
279,0.263168
280,0.268288
281,0.269312
282,0.268288
283,0.260096
284,0.260096
285,0.265216
286,0.265216
287,0.266240
288,0.273408
289,0.275456
290,0.273408
291,0.282624
292,0.292864
293,0.278528
294,0.289792
295,0.278528
296,0.281600
297,0.277504
298,0.292864
299,0.279552
300,0.290816
301,0.276480
302,0.303104
303,0.277504
304,0.288768
305,0.289792
306,0.289792
307,0.284672
308,0.294912
309,0.283648
310,0.279552
311,0.276480
312,0.288768
313,0.286720
314,0.285696
315,0.295936
316,0.283648
317,0.278528
318,0.284672
319,0.270336
320,0.277504
321,0.293888
322,0.308224
323,0.281600
324,0.277504
325,0.289792
326,0.284672
327,0.291840
328,0.282624
329,0.280576
330,0.293888
331,0.278528
332,0.283648
333,0.289792
334,0.287744
335,0.290816
336,0.296960
337,0.285696
338,0.282624
339,0.295936
340,0.280576
341,0.294912
342,0.284672
343,0.288768
344,0.278528
345,0.278528
346,0.292864
347,0.291840
348,0.315392
349,0.311296
350,0.306176
351,0.303104
352,0.311296
353,0.296960
354,0.300032
355,0.327680
356,0.301056
357,0.310272
358,0.308224
359,0.314368
360,0.291840
361,0.305152
362,0.316416
363,0.300032
364,0.306176
365,0.319488
366,0.309248
367,0.306176
368,0.308224
369,0.321536
370,0.314368
371,0.300032
372,0.319488
373,0.305152
374,0.311296
375,0.307200
376,0.310272
377,0.316416
378,0.310272
379,0.311296
380,0.306176
381,0.308224
382,0.305152
383,0.303104
384,0.305152
385,0.319488
386,0.316416
387,0.313344
388,0.310272
389,0.315392
390,0.310272
391,0.305152
392,0.312320
393,0.320512
394,0.312320
395,0.305152
396,0.311296
397,0.296960
398,0.320512
399,0.308224
400,0.315392
401,0.295936
402,0.313344
403,0.326656
404,0.313344
405,0.313344
406,0.310272
407,0.301056
408,0.305152
409,0.313344
410,0.316416
411,0.311296
412,0.312320
413,0.303104
414,0.308224
415,0.306176
416,0.308224
417,0.312320
418,0.311296
419,0.292864
420,0.312320
421,0.306176
422,0.321536
423,0.310272
424,0.309248
425,0.308224
426,0.316416
427,0.313344
428,0.305152
429,0.305152
430,0.305152
431,0.306176
432,0.307200
433,0.315392
434,0.309248
435,0.310272
436,0.314368
437,0.317440
438,0.318464
439,0.308224
440,0.300032
441,0.318464
442,0.297984
443,0.307200
444,0.307200
445,0.311296
446,0.317440
447,0.330752
448,0.310272
449,0.292864
450,0.314368
451,0.307200
452,0.304128
453,0.318464
454,0.310272
455,0.309248
456,0.318464
457,0.310272
458,0.294912
459,0.288768
460,0.330752
461,0.307200
462,0.311296
463,0.322560
464,0.308224
465,0.311296
466,0.310272
467,0.324608
468,0.309248
469,0.318464
470,0.318464
471,0.303104
472,0.302080
473,0.314368
474,0.295936
475,0.312320
476,0.312320
477,0.307200
478,0.312320
479,0.305152
480,0.314368
481,0.305152
482,0.495616
483,0.312320
484,0.306176
485,0.319488
486,0.318464
487,0.311296
488,0.295936
489,0.306176
490,0.297984
491,0.307200
492,0.286720
493,0.304128
494,0.309248
495,0.301056
496,0.307200
497,0.308224
498,0.301056
499,0.301056
500,0.312320
501,0.309248
502,0.299008
503,0.302080
504,0.314368
505,0.304128
506,0.459776
507,0.313344
508,0.302080
509,0.316416
510,0.313344
511,0.316416
512,0.315392
513,0.297984
514,0.294912
515,0.312320
516,0.323584
517,0.293888
518,0.297984
519,0.304128
520,0.306176
521,0.376832
522,0.300032
523,0.303104
524,0.290816
525,0.327680
526,0.305152
527,0.297984
528,0.301056
529,0.305152
530,0.296960
531,0.299008
532,0.299008
533,0.311296
534,0.293888
535,0.309248
536,0.292864
537,0.312320
538,0.305152
539,0.287744
540,0.301056
541,0.303104
542,0.302080
543,0.301056
544,0.294912
545,0.296960
546,0.305152
547,0.307200
548,0.310272
549,0.303104
550,0.296960
551,0.303104
552,0.301056
553,0.306176
554,0.301056
555,0.323584
556,0.311296
557,0.294912
558,0.296960
559,0.295936
560,0.297984
561,0.304128
562,0.311296
563,0.303104
564,0.306176
565,0.294912
566,0.307200
567,0.311296
568,0.306176
569,0.312320
570,0.311296
571,0.314368
572,0.289792
573,0.304128
574,0.302080
575,0.310272
576,0.292864
577,0.306176
578,0.301056
579,0.307200
580,0.308224
581,0.293888
582,0.297984
583,0.299008
584,0.313344
585,0.310272
586,0.302080
587,0.325632
588,0.302080
589,0.309248
590,0.304128
591,0.317440
592,0.305152
593,0.313344
594,0.308224
595,0.302080
596,0.300032
597,0.290816
598,0.294912
599,0.308224
600,0.304128
601,0.295936
602,0.311296
603,0.294912
604,0.303104
605,0.285696
606,0.293888
607,0.301056
608,0.305152
609,0.307200
610,0.301056
611,0.300032
612,0.312320
613,0.295936
614,0.302080
615,0.288768
616,0.303104
617,0.302080
618,0.319488
619,0.316416
620,0.319488
621,0.308224
622,0.305152
623,0.317440
624,0.294912
625,0.310272
626,0.302080
627,0.306176
628,0.310272
629,0.307200
630,0.312320
631,0.291840
632,0.302080
633,0.301056
634,0.304128
635,0.316416
636,0.290816
637,0.306176
638,0.299008
639,0.304128
640,0.310272
641,0.308224
642,0.317440
643,0.319488
644,0.299008
645,0.304128
646,0.295936
647,0.300032
648,0.310272
649,0.289792
650,0.314368
651,0.319488
652,0.293888
653,0.311296
654,0.308224
655,0.303104
656,0.297984
657,0.310272
658,0.297984
659,0.292864
660,0.314368
661,0.312320
662,0.305152
663,0.303104
664,0.293888
665,0.301056
666,0.306176
667,0.313344
668,0.310272
669,0.306176
670,0.318464
671,0.291840
672,0.307200
673,0.309248
674,0.310272
675,0.308224
676,0.311296
677,0.309248
678,0.313344
679,0.295936
680,0.306176
681,0.292864
682,0.314368
683,0.311296
684,0.308224
685,0.297984
686,0.300032
687,0.299008
688,0.309248
689,0.304128
690,0.293888
691,0.303104
692,0.314368
693,0.294912
694,0.305152
695,0.299008
696,0.293888
697,0.309248
698,0.299008
699,0.303104
700,0.305152
701,0.308224
702,0.291840
703,0.308224
704,0.301056
705,0.312320
706,0.305152
707,0.302080
708,0.317440
709,0.288768
710,0.309248
711,0.307200
712,0.303104
713,0.303104
714,0.292864
715,0.296960
716,0.284672
717,0.299008
718,0.300032
719,0.300032
720,0.303104
721,0.306176
722,0.289792
723,0.306176
724,0.311296
725,0.305152
726,0.305152
727,0.294912
728,0.308224
729,0.306176
730,0.299008
731,0.296960
732,0.306176
733,0.302080
734,0.300032
735,0.295936
736,0.306176
737,0.305152
738,0.301056
739,0.289792
740,0.296960
741,0.302080
742,0.309248
743,0.291840
744,0.301056
745,0.301056
746,0.303104
747,0.287744
748,0.305152
749,0.304128
750,0.310272
751,0.305152
752,0.299008
753,0.307200
754,0.304128
755,0.294912
756,0.317440
757,0.294912
758,0.302080
759,0.302080
760,0.302080
761,0.312320
762,0.319488
763,0.300032
764,0.295936
765,0.302080
766,0.300032
767,0.286720
768,0.314368
769,0.301056
770,0.318464
771,0.296960
772,0.291840
773,0.301056
774,0.295936
775,0.287744
776,0.312320
777,0.306176
778,0.293888
779,0.308224
780,0.302080
781,0.293888
782,0.289792
783,0.318464
784,0.307200
785,0.294912
786,0.306176
787,0.303104
788,0.311296
789,0.308224
790,0.299008
791,0.309248
792,0.320512
793,0.295936
794,0.292864
795,0.297984
796,0.309248
797,0.303104
798,0.314368
799,0.290816
800,0.296960
801,0.310272
802,0.302080
803,0.302080
804,0.311296
805,0.308224
806,0.304128
807,0.299008
808,0.303104
809,0.291840
810,0.310272
811,0.295936
812,0.286720
813,0.300032
814,0.291840
815,0.292864
816,0.305152
817,0.300032
818,0.326656
819,0.304128
820,0.297984
821,0.291840
822,0.299008
823,0.295936
824,0.299008
825,0.303104
826,0.315392
827,0.302080
828,0.307200
829,0.304128
830,0.317440
831,0.295936
832,0.306176
833,0.303104
834,0.310272
835,0.296960
836,0.504832
837,0.292864
838,0.277504
839,0.286720
840,0.318464
841,0.312320
842,0.296960
843,0.312320
844,0.311296
845,0.310272
846,0.310272
847,0.302080
848,0.301056
849,0.291840
850,0.303104
851,0.304128
852,0.300032
853,0.308224
854,0.308224
855,0.305152
856,0.297984
857,0.300032
858,0.313344
859,0.315392
860,0.312320
861,0.304128
862,0.307200
863,0.292864
864,0.295936
865,0.310272
866,0.303104
867,0.299008
868,0.299008
869,0.320512
870,0.294912
871,0.287744
872,0.301056
873,0.301056
874,0.307200
875,0.295936
876,0.314368
877,0.304128
878,0.301056
879,0.306176
880,0.301056
881,0.304128
882,0.299008
883,0.302080
884,0.287744
885,0.302080
886,0.307200
887,0.301056
888,0.305152
889,0.323584
890,0.305152
891,0.302080
892,0.304128
893,0.300032
894,0.294912
895,0.303104
896,0.299008
897,0.316416
898,0.301056
899,0.300032
900,0.306176
901,0.303104
902,0.308224
903,0.315392
904,0.282624
905,0.299008
906,0.315392
907,0.308224
908,0.293888
909,0.296960
910,0.311296
911,0.295936
912,0.287744
913,0.293888
914,0.318464
915,0.297984
916,0.308224
917,0.293888
918,0.304128
919,0.310272
920,0.289792
921,0.306176
922,0.306176
923,0.310272
924,0.304128
925,0.293888
926,0.296960
927,0.301056
928,0.296960
929,0.297984
930,0.309248
931,0.304128
932,0.306176
933,0.282624
934,0.295936
935,0.302080
936,0.307200
937,0.306176
938,0.306176
939,0.295936
940,0.294912
941,0.302080
942,0.293888
943,0.302080
944,0.289792
945,0.308224
946,0.307200
947,0.281600
948,0.308224
949,0.297984
950,0.291840
951,0.309248
952,0.307200
953,0.304128
954,0.308224
955,0.302080
956,0.308224
957,0.299008
958,0.297984
959,0.294912
960,0.306176
961,0.294912
962,0.293888
963,0.301056
964,0.312320
965,0.309248
966,0.299008
967,0.312320
968,0.301056
969,0.311296
970,0.286720
971,0.304128
972,0.300032
973,0.303104
974,0.310272
975,0.300032
976,0.312320
977,0.293888
978,0.291840
979,0.305152
980,0.300032
981,0.317440
982,0.295936
983,0.294912
984,0.303104
985,0.292864
986,0.291840
987,0.302080
988,0.299008
989,0.307200
990,0.305152
991,0.297984
992,0.308224
993,0.305152
994,0.296960
995,0.317440
996,0.301056
997,0.301056
998,0.297984
999,0.302080
1000,0.306176
1001,0.303104
1002,0.299008
1003,0.295936
1004,0.304128
1005,0.308224
1006,0.305152
1007,0.429056
1008,0.308224
1009,0.282624
1010,0.300032
1011,0.317440
1012,0.291840
1013,0.291840
1014,0.311296
1015,0.299008
1016,0.295936
1017,0.296960
1018,0.308224
1019,0.314368
1020,0.307200
1021,0.297984
1022,0.293888
1023,0.300032
1024,0.294912
1025,0.302080
1026,0.297984
1027,0.305152
1028,0.295936
1029,0.301056
1030,0.293888
1031,0.283648
1032,0.302080
1033,0.305152
1034,0.309248
1035,0.293888
1036,0.313344
1037,0.326656
1038,0.305152
1039,0.294912
1040,0.313344
1041,0.293888
1042,0.308224
1043,0.304128
1044,0.323584
1045,0.311296
1046,0.297984
1047,0.300032
1048,0.294912
1049,0.310272
1050,0.283648
1051,0.316416
1052,0.310272
1053,0.310272
1054,0.303104
1055,0.318464
1056,0.302080
1057,0.310272
1058,0.311296
1059,0.305152
1060,0.300032
1061,0.301056
1062,0.299008
1063,0.309248
1064,0.302080
1065,0.297984
1066,0.292864
1067,0.304128
1068,0.303104
1069,0.296960
1070,0.304128
1071,0.311296
1072,0.310272
1073,0.304128
1074,0.307200
1075,0.291840
1076,0.301056
1077,0.301056
1078,0.289792
1079,0.301056
1080,0.311296
1081,0.306176
1082,0.296960
1083,0.303104
1084,0.307200
1085,0.306176
1086,0.311296
1087,0.307200
1088,0.303104
1089,0.292864
1090,0.317440
1091,0.299008
1092,0.301056
1093,0.290816
1094,0.302080
1095,0.300032
1096,0.314368
1097,0.296960
1098,0.312320
1099,0.293888
1100,0.306176
1101,0.299008
1102,0.293888
1103,0.291840
1104,0.309248
1105,0.301056
1106,0.289792
1107,0.300032
1108,0.299008
1109,0.299008
1110,0.301056
1111,0.286720
1112,0.300032
1113,0.299008
1114,0.310272
1115,0.306176
1116,0.303104
1117,0.302080
1118,0.303104
1119,0.304128
1120,0.299008
1121,0.293888
1122,0.303104
1123,0.309248
1124,0.308224
1125,0.302080
1126,0.303104
1127,0.306176
1128,0.315392
1129,0.308224
1130,0.318464
1131,0.314368
1132,0.305152
1133,0.318464
1134,0.305152
1135,0.302080
1136,0.305152
1137,0.303104
1138,0.299008
1139,0.299008
1140,0.303104
1141,0.307200
1142,0.313344
1143,0.295936
1144,0.290816
1145,0.292864
1146,0.315392
1147,0.316416
1148,0.318464
1149,0.311296
1150,0.307200
1151,0.316416
1152,0.294912
1153,0.303104
1154,0.288768
1155,0.299008
1156,0.306176
1157,0.302080
1158,0.295936
1159,0.292864
1160,0.305152
1161,0.291840
1162,0.301056
1163,0.301056
1164,0.289792
1165,0.306176
1166,0.307200
1167,0.300032
1168,0.315392
1169,0.295936
1170,0.294912
1171,0.310272
1172,0.300032
1173,0.315392
1174,0.295936
1175,0.304128
1176,0.306176
1177,0.295936
1178,0.293888
1179,0.307200
1180,0.311296
1181,0.299008
1182,0.304128
1183,0.294912
1184,0.297984
1185,0.301056
1186,0.299008
1187,0.305152
1188,0.316416
1189,0.308224
1190,0.315392
1191,0.304128
1192,0.303104
1193,0.307200
1194,0.309248
1195,0.297984
1196,0.308224
1197,0.313344
1198,0.299008
1199,0.302080
1200,0.316416
1201,0.303104
1202,0.308224
1203,0.311296
1204,0.311296
1205,0.300032
1206,0.311296
1207,0.302080
1208,0.297984
1209,0.307200
1210,0.299008
1211,0.305152
1212,0.307200
1213,0.303104
1214,0.311296
1215,0.300032
1216,0.297984
1217,0.306176
1218,0.295936
1219,0.299008
1220,0.301056
1221,0.300032
1222,0.312320
1223,0.307200
1224,0.278528
1225,0.304128
1226,0.324608
1227,0.313344
1228,0.297984
1229,0.299008
1230,0.299008
1231,0.308224
1232,0.314368
1233,0.306176
1234,0.292864
1235,0.296960
1236,0.310272
1237,0.306176
1238,0.297984
1239,0.303104
1240,0.305152
1241,0.304128
1242,0.289792
1243,0.317440
1244,0.307200
1245,0.291840
1246,0.310272
1247,0.307200
1248,0.307200
1249,0.311296
1250,0.299008
1251,0.325632
1252,0.311296
1253,0.301056
1254,0.296960
1255,0.305152
1256,0.297984
1257,0.296960
1258,0.300032
1259,0.313344
1260,0.297984
1261,0.299008
1262,0.319488
1263,0.306176
1264,0.299008
1265,0.304128
1266,0.311296
1267,0.293888
1268,0.306176
1269,0.306176
1270,0.309248
1271,0.295936
1272,0.313344
1273,0.283648
1274,0.293888
1275,0.295936
1276,0.311296
1277,0.307200
1278,0.349184
1279,0.310272
1280,0.313344
1281,0.373760
1282,0.335872
1283,0.312320
1284,0.305152
1285,0.304128
1286,0.301056
1287,0.287744
1288,0.304128
1289,0.311296
1290,0.305152
1291,0.293888
1292,0.295936
1293,0.318464
1294,0.310272
1295,0.285696
1296,0.292864
1297,0.309248
1298,0.286720
1299,0.307200
1300,0.302080
1301,0.295936
1302,0.307200
1303,0.304128
1304,0.301056
1305,0.285696
1306,0.315392
1307,0.309248
1308,0.315392
1309,0.302080
1310,0.311296
1311,0.299008
1312,0.318464
1313,0.306176
1314,0.294912
1315,0.295936
1316,0.318464
1317,0.296960
1318,0.296960
1319,0.306176
1320,0.293888
1321,0.297984
1322,0.310272
1323,0.296960
1324,0.308224
1325,0.304128
1326,0.308224
1327,0.291840
1328,0.309248
1329,0.309248
1330,0.310272
1331,0.307200
1332,0.302080
1333,0.318464
1334,0.303104
1335,0.304128
1336,0.297984
1337,0.290816
1338,0.292864
1339,0.313344
1340,0.313344
1341,0.301056
1342,0.311296
1343,0.292864
1344,0.293888
1345,0.292864
1346,0.306176
1347,0.308224
1348,0.311296
1349,0.292864
1350,0.294912
1351,0.307200
1352,0.290816
1353,0.294912
1354,0.299008
1355,0.297984
1356,0.300032
1357,0.307200
1358,0.316416
1359,0.306176
1360,0.330752
1361,0.312320
1362,0.303104
1363,0.295936
1364,0.300032
1365,0.318464
1366,0.304128
1367,0.301056
1368,0.310272
1369,0.304128
1370,0.311296
1371,0.306176
1372,0.296960
1373,0.308224
1374,0.305152
1375,0.309248
1376,0.306176
1377,0.290816
1378,0.310272
1379,0.304128
1380,0.308224
1381,0.295936
1382,0.295936
1383,0.302080
1384,0.303104
1385,0.296960
1386,0.310272
1387,0.292864
1388,0.306176
1389,0.293888
1390,0.313344
1391,0.312320
1392,0.305152
1393,0.297984
1394,0.292864
1395,0.306176
1396,0.294912
1397,0.309248
1398,0.296960
1399,0.299008
1400,0.297984
1401,0.305152
1402,0.292864
1403,0.307200
1404,0.306176
1405,0.301056
1406,0.288768
1407,0.299008
1408,0.297984
1409,0.312320
1410,0.304128
1411,0.314368
1412,0.311296
1413,0.305152
1414,0.288768
1415,0.308224
1416,0.310272
1417,0.302080
1418,0.311296
1419,0.290816
1420,0.292864
1421,0.304128
1422,0.304128
1423,0.301056
1424,0.295936
1425,0.308224
1426,0.308224
1427,0.307200
1428,0.309248
1429,0.312320
1430,0.316416
1431,0.301056
1432,0.303104
1433,0.291840
1434,0.303104
1435,0.307200
1436,0.295936
1437,0.319488
1438,0.303104
1439,0.297984
1440,0.293888
1441,0.301056
1442,0.300032
1443,0.307200
1444,0.304128
1445,0.311296
1446,0.303104
1447,0.295936
1448,0.302080
1449,0.309248
1450,0.303104
1451,0.303104
1452,0.293888
1453,0.304128
1454,0.287744
1455,0.295936
1456,0.306176
1457,0.308224
1458,0.300032
1459,0.306176
1460,0.292864
1461,0.305152
1462,0.296960
1463,0.307200
1464,0.305152
1465,0.323584
1466,0.302080
1467,0.303104
1468,0.301056
1469,0.299008
1470,0.300032
1471,0.308224
1472,0.289792
1473,0.313344
1474,0.300032
1475,0.316416
1476,0.307200
1477,0.296960
1478,0.300032
1479,0.300032
1480,0.296960
1481,0.308224
1482,0.301056
1483,0.313344
1484,0.308224
1485,0.315392
1486,0.296960
1487,0.303104
1488,0.312320
1489,0.290816
1490,0.304128
1491,0.302080
1492,0.302080
1493,0.312320
1494,0.295936
1495,0.331776
1496,0.306176
1497,0.300032
1498,0.314368
1499,0.306176
1500,0.309248
1501,0.306176
1502,0.299008
1503,0.300032
1504,0.296960
1505,0.304128
1506,0.297984
1507,0.291840
1508,0.299008
1509,0.324608
1510,0.309248
1511,0.300032
1512,0.300032
1513,0.301056
1514,0.301056
1515,0.309248
1516,0.303104
1517,0.300032
1518,0.307200
1519,0.294912
1520,0.301056
1521,0.294912
1522,0.305152
1523,0.310272
1524,0.303104
1525,0.299008
1526,0.304128
1527,0.303104
1528,0.307200
1529,0.300032
1530,0.292864
1531,0.307200
1532,0.299008
1533,0.308224
1534,0.303104
1535,0.300032
1536,0.303104
1537,0.301056
1538,0.302080
1539,0.302080
1540,0.321536
1541,0.299008
1542,0.292864
1543,0.302080
1544,0.304128
1545,0.318464
1546,0.302080
1547,0.304128
1548,0.310272
1549,0.304128
1550,0.297984
1551,0.314368
1552,0.288768
1553,0.312320
1554,0.305152
1555,0.297984
1556,0.297984
1557,0.301056
1558,0.290816
1559,0.312320
1560,0.299008
1561,0.299008
1562,0.294912
1563,0.290816
1564,0.303104
1565,0.305152
1566,0.304128
1567,0.301056
1568,0.296960
1569,0.297984
1570,0.286720
1571,0.312320
1572,0.305152
1573,0.292864
1574,0.289792
1575,0.302080
1576,0.302080
1577,0.312320
1578,0.315392
1579,0.300032
1580,0.303104
1581,0.307200
1582,0.301056
1583,0.309248
1584,0.294912
1585,0.306176
1586,0.289792
1587,0.299008
1588,0.288768
1589,0.301056
1590,0.313344
1591,0.304128
1592,0.292864
1593,0.313344
1594,0.320512
1595,0.495616
1596,0.315392
1597,0.307200
1598,0.315392
1599,0.304128
1600,0.305152
1601,0.300032
1602,0.308224
1603,0.308224
1604,0.309248
1605,0.297984
1606,0.299008
1607,0.308224
1608,0.302080
1609,0.307200
1610,0.311296
1611,0.296960
1612,0.299008
1613,0.318464
1614,0.310272
1615,0.297984
1616,0.302080
1617,0.304128
1618,0.313344
1619,0.306176
1620,0.294912
1621,0.289792
1622,0.303104
1623,0.412672
1624,0.284672
1625,0.300032
1626,0.301056
1627,0.297984
1628,0.309248
1629,0.304128
1630,0.310272
1631,0.302080
1632,0.304128
1633,0.302080
1634,0.305152
1635,0.301056
1636,0.301056
1637,0.305152
1638,0.302080
1639,0.311296
1640,0.293888
1641,0.297984
1642,0.297984
1643,0.301056
1644,0.287744
1645,0.301056
1646,0.301056
1647,0.304128
1648,0.292864
1649,0.303104
1650,0.290816
1651,0.309248
1652,0.299008
1653,0.297984
1654,0.301056
1655,0.309248
1656,0.307200
1657,0.299008
1658,0.297984
1659,0.301056
1660,0.314368
1661,0.309248
1662,0.313344
1663,0.300032
1664,0.388096
1665,0.296960
1666,0.309248
1667,0.299008
1668,0.317440
1669,0.320512
1670,0.373760
1671,0.290816
1672,0.302080
1673,0.316416
1674,0.309248
1675,0.303104
1676,0.309248
1677,0.305152
1678,0.297984
1679,0.302080
1680,0.296960
1681,0.292864
1682,0.290816
1683,0.319488
1684,0.310272
1685,0.322560
1686,0.299008
1687,0.302080
1688,0.307200
1689,0.312320
1690,0.316416
1691,0.289792
1692,0.301056
1693,0.299008
1694,0.288768
1695,0.308224
1696,0.306176
1697,0.303104
1698,0.297984
1699,0.289792
1700,0.318464
1701,0.307200
1702,0.309248
1703,0.287744
1704,0.301056
1705,0.301056
1706,0.296960
1707,0.310272
1708,0.315392
1709,0.315392
1710,0.311296
1711,0.301056
1712,0.306176
1713,0.295936
1714,0.303104
1715,0.288768
1716,0.311296
1717,0.305152
1718,0.302080
1719,0.292864
1720,0.310272
1721,0.319488
1722,0.310272
1723,0.314368
1724,0.302080
1725,0.322560
1726,0.309248
1727,0.311296
1728,0.315392
1729,0.297984
1730,0.319488
1731,0.304128
1732,0.304128
1733,0.289792
1734,0.314368
1735,0.303104
1736,0.299008
1737,0.286720
1738,0.281600
1739,0.281600
1740,0.276480
1741,0.282624
1742,0.301056
1743,0.310272
1744,0.301056
1745,0.295936
1746,0.300032
1747,0.297984
1748,0.291840
1749,0.311296
1750,0.299008
1751,0.296960
1752,0.294912
1753,0.294912
1754,0.305152
1755,0.283648
1756,0.305152
1757,0.302080
1758,0.301056
1759,0.301056
1760,0.296960
1761,0.309248
1762,0.315392
1763,0.296960
1764,0.294912
1765,0.307200
1766,0.291840
1767,0.307200
1768,0.318464
1769,0.305152
1770,0.317440
1771,0.302080
1772,0.304128
1773,0.291840
1774,0.296960
1775,0.310272
1776,0.297984
1777,0.309248
1778,0.295936
1779,0.303104
1780,0.303104
1781,0.307200
1782,0.301056
1783,0.302080
1784,0.309248
1785,0.314368
1786,0.304128
1787,0.310272
1788,0.301056
1789,0.306176
1790,0.306176
1791,0.300032
1792,0.303104
1793,0.303104
1794,0.293888
1795,0.295936
1796,0.306176
1797,0.292864
1798,0.291840
1799,0.307200
1800,0.294912
1801,0.312320
1802,0.308224
1803,0.301056
1804,0.300032
1805,0.307200
1806,0.310272
1807,0.307200
1808,0.293888
1809,0.293888
1810,0.293888
1811,0.299008
1812,0.296960
1813,0.303104
1814,0.310272
1815,0.293888
1816,0.305152
1817,0.313344
1818,0.315392
1819,0.310272
1820,0.302080
1821,0.302080
1822,0.304128
1823,0.296960
1824,0.292864
1825,0.315392
1826,0.303104
1827,0.293888
1828,0.310272
1829,0.294912
1830,0.291840
1831,0.314368
1832,0.280576
1833,0.277504
1834,0.275456
1835,0.290816
1836,0.280576
1837,0.312320
1838,0.320512
1839,0.304128
1840,0.306176
1841,0.310272
1842,0.305152
1843,0.309248
1844,0.310272
1845,0.308224
1846,0.319488
1847,0.304128
1848,0.301056
1849,0.302080
1850,0.309248
1851,0.304128
1852,0.309248
1853,0.300032
1854,0.308224
1855,0.294912
1856,0.295936
1857,0.313344
1858,0.290816
1859,0.304128
1860,0.303104
1861,0.308224
1862,0.308224
1863,0.301056
1864,0.300032
1865,0.294912
1866,0.297984
1867,0.302080
1868,0.300032
1869,0.307200
1870,0.299008
1871,0.293888
1872,0.303104
1873,0.318464
1874,0.297984
1875,0.302080
1876,0.312320
1877,0.302080
1878,0.307200
1879,0.297984
1880,0.309248
1881,0.303104
1882,0.284672
1883,0.310272
1884,0.313344
1885,0.318464
1886,0.318464
1887,0.318464
1888,0.297984
1889,0.295936
1890,0.291840
1891,0.289792
1892,0.296960
1893,0.277504
1894,0.280576
1895,0.282624
1896,0.280576
1897,0.285696
1898,0.286720
1899,0.310272
1900,0.302080
1901,0.301056
1902,0.312320
1903,0.297984
1904,0.307200
1905,0.305152
1906,0.308224
1907,0.308224
1908,0.316416
1909,0.307200
1910,0.296960
1911,0.286720
1912,0.303104
1913,0.305152
1914,0.307200
1915,0.309248
1916,0.304128
1917,0.303104
1918,0.304128
1919,0.305152
1920,0.300032
1921,0.306176
1922,0.294912
1923,0.295936
1924,0.312320
1925,0.297984
1926,0.303104
1927,0.301056
1928,0.303104
1929,0.295936
1930,0.305152
1931,0.304128
1932,0.311296
1933,0.293888
1934,0.308224
1935,0.287744
1936,0.301056
1937,0.318464
1938,0.306176
1939,0.297984
1940,0.309248
1941,0.301056
1942,0.301056
1943,0.314368
1944,0.302080
1945,0.282624
1946,0.302080
1947,0.303104
1948,0.294912
1949,0.295936
1950,0.306176
1951,0.294912
1952,0.320512
1953,0.296960
1954,0.299008
1955,0.308224
1956,0.307200
1957,0.292864
1958,0.300032
1959,0.296960
1960,0.309248
1961,0.313344
1962,0.304128
1963,0.309248
1964,0.290816
1965,0.302080
1966,0.302080
1967,0.306176
1968,0.288768
1969,0.307200
1970,0.309248
1971,0.296960
1972,0.301056
1973,0.287744
1974,0.285696
1975,0.274432
1976,0.279552
1977,0.300032
1978,0.310272
1979,0.296960
1980,0.295936
1981,0.295936
1982,0.306176
1983,0.306176
1984,0.309248
1985,0.504832
1986,0.302080
1987,0.294912
1988,0.293888
1989,0.297984
1990,0.310272
1991,0.297984
1992,0.306176
1993,0.309248
1994,0.304128
1995,0.296960
1996,0.292864
1997,0.310272
1998,0.305152
1999,0.286720
2000,0.295936
2001,0.307200
2002,0.302080
2003,0.300032
2004,0.300032
2005,0.308224
2006,0.306176
2007,0.313344
2008,0.304128
2009,0.295936
2010,0.303104
2011,0.291840
2012,0.296960
2013,0.292864
2014,0.297984
2015,0.302080
2016,0.309248
2017,0.301056
2018,0.305152
2019,0.292864
2020,0.309248
2021,0.287744
2022,0.286720
2023,0.310272
2024,0.300032
2025,0.282624
2026,0.305152
2027,0.314368
2028,0.306176
2029,0.299008
2030,0.296960
2031,0.311296
2032,0.296960
2033,0.306176
2034,0.305152
2035,0.305152
2036,0.317440
2037,0.304128
2038,0.304128
2039,0.291840
2040,0.315392
2041,0.292864
2042,0.316416
2043,0.308224
2044,0.304128
2045,0.306176
2046,0.299008
2047,0.306176
2048,0.308224
2049,0.307200
2050,0.302080
2051,0.320512
2052,0.305152
2053,0.302080
2054,0.304128
2055,0.304128
2056,0.288768
2057,0.297984
2058,0.300032
2059,0.299008
2060,0.301056
2061,0.312320
2062,0.300032
2063,0.309248
2064,0.307200
2065,0.305152
2066,0.292864
2067,0.291840
2068,0.305152
2069,0.302080
2070,0.301056
2071,0.290816
2072,0.315392
2073,0.282624
2074,0.306176
2075,0.277504
2076,0.309248
2077,0.294912
2078,0.301056
2079,0.297984
2080,0.299008
2081,0.309248
2082,0.303104
2083,0.304128
2084,0.309248
2085,0.305152
2086,0.296960
2087,0.307200
2088,0.297984
2089,0.305152
2090,0.299008
2091,0.311296
2092,0.301056
2093,0.312320
2094,0.308224
2095,0.295936
2096,0.310272
2097,0.297984
2098,0.302080
2099,0.302080
2100,0.301056
2101,0.302080
2102,0.290816
2103,0.286720
2104,0.313344
2105,0.307200
2106,0.293888
2107,0.302080
2108,0.302080
2109,0.313344
2110,0.295936
2111,0.300032
2112,0.306176
2113,0.290816
2114,0.309248
2115,0.306176
2116,0.301056
2117,0.311296
2118,0.292864
2119,0.302080
2120,0.307200
2121,0.302080
2122,0.306176
2123,0.302080
2124,0.300032
2125,0.307200
2126,0.299008
2127,0.313344
2128,0.301056
2129,0.307200
2130,0.321536
2131,0.302080
2132,0.301056
2133,0.299008
2134,0.289792
2135,0.307200
2136,0.302080
2137,0.312320
2138,0.299008
2139,0.310272
2140,0.307200
2141,0.308224
2142,0.306176
2143,0.305152
2144,0.309248
2145,0.294912
2146,0.290816
2147,0.314368
2148,0.293888
2149,0.300032
2150,0.304128
2151,0.309248
2152,0.301056
2153,0.307200
2154,0.297984
2155,0.314368
2156,0.297984
2157,0.297984
2158,0.296960
2159,0.286720
2160,0.297984
2161,0.289792
2162,0.276480
2163,0.280576
2164,0.285696
2165,0.288768
2166,0.285696
2167,0.308224
2168,0.322560
2169,0.295936
2170,0.305152
2171,0.296960
2172,0.304128
2173,0.308224
2174,0.296960
2175,0.308224
2176,0.295936
2177,0.305152
2178,0.308224
2179,0.302080
2180,0.297984
2181,0.286720
2182,0.303104
2183,0.308224
2184,0.308224
2185,0.303104
2186,0.314368
2187,0.305152
2188,0.301056
2189,0.296960
2190,0.290816
2191,0.310272
2192,0.307200
2193,0.288768
2194,0.309248
2195,0.301056
2196,0.306176
2197,0.310272
2198,0.306176
2199,0.295936
2200,0.296960
2201,0.305152
2202,0.308224
2203,0.305152
2204,0.306176
2205,0.315392
2206,0.308224
2207,0.306176
2208,0.310272
2209,0.303104
2210,0.290816
2211,0.306176
2212,0.305152
2213,0.301056
2214,0.309248
2215,0.314368
2216,0.304128
2217,0.307200
2218,0.319488
2219,0.301056
2220,0.305152
2221,0.289792
2222,0.309248
2223,0.297984
2224,0.307200
2225,0.299008
2226,0.306176
2227,0.299008
2228,0.299008
2229,0.308224
2230,0.301056
2231,0.290816
2232,0.296960
2233,0.291840
2234,0.302080
2235,0.295936
2236,0.311296
2237,0.299008
2238,0.303104
2239,0.303104
2240,0.300032
2241,0.306176
2242,0.289792
2243,0.292864
2244,0.293888
2245,0.309248
2246,0.306176
2247,0.299008
2248,0.302080
2249,0.299008
2250,0.297984
2251,0.299008
2252,0.296960
2253,0.283648
2254,0.289792
2255,0.288768
2256,0.293888
2257,0.284672
2258,0.293888
2259,0.294912
2260,0.296960
2261,0.302080
2262,0.315392
2263,0.305152
2264,0.295936
2265,0.300032
2266,0.297984
2267,0.312320
2268,0.300032
2269,0.304128
2270,0.313344
2271,0.304128
2272,0.321536
2273,0.314368
2274,0.299008
2275,0.304128
2276,0.306176
2277,0.287744
2278,0.301056
2279,0.313344
2280,0.309248
2281,0.299008
2282,0.299008
2283,0.302080
2284,0.299008
2285,0.313344
2286,0.300032
2287,0.295936
2288,0.297984
2289,0.306176
2290,0.302080
2291,0.289792
2292,0.299008
2293,0.301056
2294,0.294912
2295,0.302080
2296,0.290816
2297,0.297984
2298,0.293888
2299,0.289792
2300,0.307200
2301,0.286720
2302,0.291840
2303,0.286720
2304,0.287744
2305,0.280576
2306,0.304128
2307,0.306176
2308,0.307200
2309,0.303104
2310,0.313344
2311,0.292864
2312,0.300032
2313,0.290816
2314,0.300032
2315,0.299008
2316,0.306176
2317,0.323584
2318,0.309248
2319,0.311296
2320,0.300032
2321,0.308224
2322,0.303104
2323,0.318464
2324,0.310272
2325,0.294912
2326,0.328704
2327,0.322560
2328,0.309248
2329,0.312320
2330,0.294912
2331,0.303104
2332,0.293888
2333,0.294912
2334,0.305152
2335,0.308224
2336,0.295936
2337,0.293888
2338,0.307200
2339,0.289792
2340,0.301056
2341,0.306176
2342,0.312320
2343,0.305152
2344,0.304128
2345,0.300032
2346,0.301056
2347,0.295936
2348,0.284672
2349,0.280576
2350,0.294912
2351,0.307200
2352,0.315392
2353,0.342016
2354,0.323584
2355,0.293888
2356,0.312320
2357,0.297984
2358,0.309248
2359,0.300032
2360,0.291840
2361,0.296960
2362,0.301056
2363,0.308224
2364,0.293888
2365,0.310272
2366,0.317440
2367,0.320512
2368,0.304128
2369,0.308224
2370,0.300032
2371,0.299008
2372,0.314368
2373,0.309248
2374,0.291840
2375,0.299008
2376,0.290816
2377,0.306176
2378,0.307200
2379,0.294912
2380,0.293888
2381,0.306176
2382,0.299008
2383,0.297984
2384,0.292864
2385,0.314368
2386,0.301056
2387,0.313344
2388,0.299008
2389,0.308224
2390,0.309248
2391,0.304128
2392,0.295936
2393,0.297984
2394,0.293888
2395,0.291840
2396,0.314368
2397,0.312320
2398,0.310272
2399,0.304128
2400,0.309248
2401,0.309248
2402,0.295936
2403,0.299008
2404,0.296960
2405,0.303104
2406,0.304128
2407,0.311296
2408,0.306176
2409,0.302080
2410,0.296960
2411,0.305152
2412,0.310272
2413,0.308224
2414,0.301056
2415,0.299008
2416,0.309248
2417,0.305152
2418,0.303104
2419,0.299008
2420,0.309248
2421,0.314368
2422,0.312320
2423,0.311296
2424,0.304128
2425,0.307200
2426,0.288768
2427,0.293888
2428,0.303104
2429,0.292864
2430,0.305152
2431,0.309248
2432,0.291840
2433,0.309248
2434,0.305152
2435,0.293888
2436,0.290816
2437,0.305152
2438,0.303104
2439,0.301056
2440,0.306176
2441,0.305152
2442,0.310272
2443,0.293888
2444,0.309248
2445,0.295936
2446,0.291840
2447,0.305152
2448,0.303104
2449,0.293888
2450,0.303104
2451,0.299008
2452,0.310272
2453,0.301056
2454,0.293888
2455,0.309248
2456,0.303104
2457,0.303104
2458,0.287744
2459,0.303104
2460,0.317440
2461,0.301056
2462,0.300032
2463,0.310272
2464,0.311296
2465,0.303104
2466,0.302080
2467,0.316416
2468,0.314368
2469,0.303104
2470,0.297984
2471,0.310272
2472,0.292864
2473,0.321536
2474,0.301056
2475,0.311296
2476,0.293888
2477,0.294912
2478,0.297984
2479,0.304128
2480,0.307200
2481,0.310272
2482,0.301056
2483,0.306176
2484,0.310272
2485,0.292864
2486,0.306176
2487,0.308224
2488,0.300032
2489,0.315392
2490,0.313344
2491,0.304128
2492,0.286720
2493,0.299008
2494,0.303104
2495,0.308224
2496,0.303104
2497,0.316416
2498,0.300032
2499,0.309248
2500,0.302080
2501,0.294912
2502,0.310272
2503,0.315392
2504,0.295936
2505,0.293888
2506,0.316416
2507,0.315392
2508,0.296960
2509,0.287744
2510,0.308224
2511,0.300032
2512,0.295936
2513,0.308224
2514,0.293888
2515,0.302080
2516,0.307200
2517,0.293888
2518,0.295936
2519,0.296960
2520,0.304128
2521,0.310272
2522,0.310272
2523,0.299008
2524,0.299008
2525,0.309248
2526,0.297984
2527,0.292864
2528,0.316416
2529,0.289792
2530,0.300032
2531,0.302080
2532,0.304128
2533,0.305152
2534,0.319488
2535,0.308224
2536,0.297984
2537,0.299008
2538,0.295936
2539,0.300032
2540,0.296960
2541,0.297984
2542,0.309248
2543,0.302080
2544,0.286720
2545,0.299008
2546,0.301056
2547,0.306176
2548,0.297984
2549,0.293888
2550,0.309248
2551,0.304128
2552,0.304128
2553,0.299008
2554,0.309248
2555,0.299008
2556,0.319488
2557,0.311296
2558,0.302080
2559,0.311296
2560,0.308224
2561,0.293888
2562,0.297984
2563,0.304128
2564,0.296960
2565,0.313344
2566,0.316416
2567,0.312320
2568,0.305152
2569,0.290816
2570,0.297984
2571,0.308224
2572,0.300032
2573,0.302080
2574,0.304128
2575,0.307200
2576,0.310272
2577,0.315392
2578,0.308224
2579,0.299008
2580,0.301056
2581,0.312320
2582,0.299008
2583,0.311296
2584,0.302080
2585,0.301056
2586,0.299008
2587,0.311296
2588,0.312320
2589,0.294912
2590,0.306176
2591,0.308224
2592,0.299008
2593,0.297984
2594,0.301056
2595,0.301056
2596,0.315392
2597,0.307200
2598,0.305152
2599,0.304128
2600,0.299008
2601,0.306176
2602,0.312320
2603,0.306176
2604,0.302080
2605,0.301056
2606,0.305152
2607,0.304128
2608,0.313344
2609,0.311296
2610,0.302080
2611,0.292864
2612,0.303104
2613,0.296960
2614,0.313344
2615,0.309248
2616,0.308224
2617,0.292864
2618,0.307200
2619,0.297984
2620,0.294912
2621,0.300032
2622,0.311296
2623,0.306176
2624,0.309248
2625,0.284672
2626,0.317440
2627,0.309248
2628,0.295936
2629,0.300032
2630,0.302080
2631,0.305152
2632,0.292864
2633,0.302080
2634,0.304128
2635,0.294912
2636,0.292864
2637,0.302080
2638,0.289792
2639,0.310272
2640,0.301056
2641,0.304128
2642,0.310272
2643,0.316416
2644,0.309248
2645,0.286720
2646,0.305152
2647,0.307200
2648,0.319488
2649,0.299008
2650,0.292864
2651,0.311296
2652,0.299008
2653,0.301056
2654,0.296960
2655,0.307200
2656,0.319488
2657,0.300032
2658,0.292864
2659,0.303104
2660,0.307200
2661,0.302080
2662,0.299008
2663,0.303104
2664,0.301056
2665,0.297984
2666,0.297984
2667,0.434176
2668,0.285696
2669,0.292864
2670,0.291840
2671,0.317440
2672,0.313344
2673,0.299008
2674,0.278528
2675,0.304128
2676,0.316416
2677,0.307200
2678,0.308224
2679,0.292864
2680,0.291840
2681,0.290816
2682,0.307200
2683,0.308224
2684,0.293888
2685,0.301056
2686,0.316416
2687,0.308224
2688,0.299008
2689,0.311296
2690,0.312320
2691,0.300032
2692,0.293888
2693,0.306176
2694,0.304128
2695,0.311296
2696,0.303104
2697,0.302080
2698,0.310272
2699,0.300032
2700,0.304128
2701,0.299008
2702,0.312320
2703,0.314368
2704,0.302080
2705,0.296960
2706,0.296960
2707,0.311296
2708,0.310272
2709,0.295936
2710,0.301056
2711,0.310272
2712,0.305152
2713,0.308224
2714,0.314368
2715,0.295936
2716,0.300032
2717,0.287744
2718,0.304128
2719,0.299008
2720,0.305152
2721,0.317440
2722,0.317440
2723,0.310272
2724,0.306176
2725,0.313344
2726,0.315392
2727,0.313344
2728,0.297984
2729,0.305152
2730,0.297984
2731,0.304128
2732,0.306176
2733,0.292864
2734,0.315392
2735,0.293888
2736,0.322560
2737,0.318464
2738,0.306176
2739,0.312320
2740,0.304128
2741,0.312320
2742,0.311296
2743,0.300032
2744,0.300032
2745,0.314368
2746,0.300032
2747,0.302080
2748,0.303104
2749,0.320512
2750,0.312320
2751,0.293888
2752,0.305152
2753,0.292864
2754,0.315392
2755,0.293888
2756,0.304128
2757,0.302080
2758,0.306176
2759,0.296960
2760,0.307200
2761,0.309248
2762,0.308224
2763,0.319488
2764,0.295936
2765,0.295936
2766,0.308224
2767,0.301056
2768,0.300032
2769,0.310272
2770,0.294912
2771,0.302080
2772,0.293888
2773,0.294912
2774,0.308224
2775,0.302080
2776,0.288768
2777,0.292864
2778,0.306176
2779,0.292864
2780,0.297984
2781,0.309248
2782,0.285696
2783,0.307200
2784,0.297984
2785,0.302080
2786,0.297984
2787,0.309248
2788,0.302080
2789,0.311296
2790,0.305152
2791,0.304128
2792,0.309248
2793,0.312320
2794,0.304128
2795,0.300032
2796,0.304128
2797,0.296960
2798,0.295936
2799,0.303104
2800,0.299008
2801,0.304128
2802,0.302080
2803,0.304128
2804,0.314368
2805,0.324608
2806,0.302080
2807,0.300032
2808,0.305152
2809,0.293888
2810,0.307200
2811,0.310272
2812,0.304128
2813,0.290816
2814,0.303104
2815,0.294912
2816,0.315392
2817,0.294912
2818,0.300032
2819,0.303104
2820,0.305152
2821,0.309248
2822,0.295936
2823,0.297984
2824,0.297984
2825,0.304128
2826,0.296960
2827,0.294912
2828,0.286720
2829,0.306176
2830,0.305152
2831,0.309248
2832,0.294912
2833,0.301056
2834,0.297984
2835,0.296960
2836,0.311296
2837,0.305152
2838,0.305152
2839,0.307200
2840,0.292864
2841,0.311296
2842,0.304128
2843,0.297984
2844,0.302080
2845,0.292864
2846,0.299008
2847,0.287744
2848,0.292864
2849,0.316416
2850,0.293888
2851,0.307200
2852,0.305152
2853,0.310272
2854,0.301056
2855,0.302080
2856,0.300032
2857,0.310272
2858,0.293888
2859,0.303104
2860,0.292864
2861,0.313344
2862,0.319488
2863,0.292864
2864,0.294912
2865,0.304128
2866,0.310272
2867,0.309248
2868,0.296960
2869,0.308224
2870,0.299008
2871,0.306176
2872,0.290816
2873,0.303104
2874,0.300032
2875,0.307200
2876,0.303104
2877,0.320512
2878,0.294912
2879,0.295936
2880,0.312320
2881,0.303104
2882,0.306176
2883,0.295936
2884,0.284672
2885,0.309248
2886,0.310272
2887,0.303104
2888,0.312320
2889,0.322560
2890,0.309248
2891,0.300032
2892,0.284672
2893,0.303104
2894,0.310272
2895,0.306176
2896,0.307200
2897,0.303104
2898,0.293888
2899,0.299008
2900,0.309248
2901,0.307200
2902,0.297984
2903,0.304128
2904,0.305152
2905,0.300032
2906,0.315392
2907,0.305152
2908,0.303104
2909,0.301056
2910,0.299008
2911,0.309248
2912,0.307200
2913,0.307200
2914,0.305152
2915,0.304128
2916,0.313344
2917,0.320512
2918,0.300032
2919,0.295936
2920,0.303104
2921,0.311296
2922,0.300032
2923,0.314368
2924,0.304128
2925,0.307200
2926,0.319488
2927,0.306176
2928,0.303104
2929,0.301056
2930,0.310272
2931,0.304128
2932,0.299008
2933,0.308224
2934,0.303104
2935,0.312320
2936,0.293888
2937,0.310272
2938,0.316416
2939,0.305152
2940,0.304128
2941,0.310272
2942,0.308224
2943,0.297984
2944,0.303104
2945,0.307200
2946,0.308224
2947,0.297984
2948,0.288768
2949,0.312320
2950,0.311296
2951,0.302080
2952,0.304128
2953,0.297984
2954,0.310272
2955,0.299008
2956,0.322560
2957,0.293888
2958,0.313344
2959,0.297984
2960,0.308224
2961,0.311296
2962,0.308224
2963,0.314368
2964,0.309248
2965,0.314368
2966,0.305152
2967,0.314368
2968,0.301056
2969,0.307200
2970,0.315392
2971,0.308224
2972,0.311296
2973,0.305152
2974,0.311296
2975,0.302080
2976,0.311296
2977,0.303104
2978,0.312320
2979,0.308224
2980,0.299008
2981,0.307200
2982,0.313344
2983,0.288768
2984,0.295936
2985,0.312320
2986,0.309248
2987,0.297984
2988,0.406528
2989,0.287744
2990,0.303104
2991,0.320512
2992,0.307200
2993,0.315392
2994,0.300032
2995,0.315392
2996,0.304128
2997,0.309248
2998,0.302080
2999,0.309248
3000,0.303104
3001,0.297984
3002,0.296960
3003,0.304128
3004,0.311296
3005,0.310272
3006,0.314368
3007,0.303104
3008,0.306176
3009,0.303104
3010,0.314368
3011,0.311296
3012,0.313344
3013,0.318464
3014,0.302080
3015,0.301056
3016,0.314368
3017,0.302080
3018,0.301056
3019,0.289792
3020,0.301056
3021,0.305152
3022,0.302080
3023,0.317440
3024,0.312320
3025,0.292864
3026,0.297984
3027,0.309248
3028,0.323584
3029,0.302080
3030,0.301056
3031,0.309248
3032,0.310272
3033,0.296960
3034,0.307200
3035,0.310272
3036,0.314368
3037,0.301056
3038,0.313344
3039,0.307200
3040,0.306176
3041,0.313344
3042,0.292864
3043,0.304128
3044,0.293888
3045,0.305152
3046,0.299008
3047,0.300032
3048,0.307200
3049,0.303104
3050,0.314368
3051,0.314368
3052,0.312320
3053,0.310272
3054,0.287744
3055,0.317440
3056,0.321536
3057,0.315392
3058,0.312320
3059,0.301056
3060,0.294912
3061,0.319488
3062,0.308224
3063,0.294912
3064,0.304128
3065,0.313344
3066,0.314368
3067,0.305152
3068,0.305152
3069,0.292864
3070,0.311296
3071,0.317440
3072,0.308224
3073,0.302080
3074,0.300032
3075,0.303104
3076,0.301056
3077,0.317440
3078,0.297984
3079,0.291840
3080,0.301056
3081,0.313344
3082,0.301056
3083,0.290816
3084,0.303104
3085,0.296960
3086,0.301056
3087,0.323584
3088,0.297984
3089,0.300032
3090,0.292864
3091,0.310272
3092,0.317440
3093,0.313344
3094,0.307200
3095,0.294912
3096,0.309248
3097,0.305152
3098,0.313344
3099,0.297984
3100,0.305152
3101,0.304128
3102,0.308224
3103,0.302080
3104,0.308224
3105,0.294912
3106,0.304128
3107,0.308224
3108,0.308224
3109,0.317440
3110,0.313344
3111,0.311296
3112,0.317440
3113,0.306176
3114,0.293888
3115,0.291840
3116,0.318464
3117,0.312320
3118,0.312320
3119,0.312320
3120,0.315392
3121,0.306176
3122,0.317440
3123,0.313344
3124,0.292864
3125,0.303104
3126,0.311296
3127,0.305152
3128,0.315392
3129,0.299008
3130,0.301056
3131,0.310272
3132,0.307200
3133,0.306176
3134,0.313344
3135,0.304128
3136,0.301056
3137,0.306176
3138,0.316416
3139,0.306176
3140,0.303104
3141,0.283648
3142,0.313344
3143,0.299008
3144,0.297984
3145,0.302080
3146,0.311296
3147,0.305152
3148,0.311296
3149,0.311296
3150,0.299008
3151,0.301056
3152,0.307200
3153,0.303104
3154,0.305152
3155,0.300032
3156,0.322560
3157,0.312320
3158,0.312320
3159,0.301056
3160,0.293888
3161,0.306176
3162,0.303104
3163,0.294912
3164,0.294912
3165,0.297984
3166,0.312320
3167,0.308224
3168,0.306176
3169,0.304128
3170,0.289792
3171,0.281600
3172,0.309248
3173,0.307200
3174,0.293888
3175,0.309248
3176,0.309248
3177,0.313344
3178,0.311296
3179,0.300032
3180,0.297984
3181,0.312320
3182,0.297984
3183,0.306176
3184,0.319488
3185,0.318464
3186,0.320512
3187,0.313344
3188,0.311296
3189,0.313344
3190,0.317440
3191,0.303104
3192,0.301056
3193,0.308224
3194,0.305152
3195,0.303104
3196,0.308224
3197,0.312320
3198,0.305152
3199,0.303104
3200,0.299008
3201,0.312320
3202,0.310272
3203,0.313344
3204,0.317440
3205,0.315392
3206,0.320512
3207,0.299008
3208,0.310272
3209,0.308224
3210,0.311296
3211,0.306176
3212,0.310272
3213,0.305152
3214,0.311296
3215,0.314368
3216,0.306176
3217,0.304128
3218,0.305152
3219,0.306176
3220,0.315392
3221,0.306176
3222,0.303104
3223,0.309248
3224,0.314368
3225,0.306176
3226,0.322560
3227,0.316416
3228,0.297984
3229,0.313344
3230,0.310272
3231,0.307200
3232,0.317440
3233,0.311296
3234,0.317440
3235,0.288768
3236,0.299008
3237,0.302080
3238,0.301056
3239,0.331776
3240,0.307200
3241,0.305152
3242,0.302080
3243,0.310272
3244,0.307200
3245,0.318464
3246,0.310272
3247,0.314368
3248,0.311296
3249,0.308224
3250,0.309248
3251,0.305152
3252,0.305152
3253,0.301056
3254,0.308224
3255,0.307200
3256,0.307200
3257,0.302080
3258,0.308224
3259,0.311296
3260,0.322560
3261,0.306176
3262,0.309248
3263,0.314368
3264,0.315392
3265,0.306176
3266,0.317440
3267,0.312320
3268,0.307200
3269,0.309248
3270,0.300032
3271,0.301056
3272,0.303104
3273,0.308224
3274,0.304128
3275,0.296960
3276,0.306176
3277,0.304128
3278,0.312320
3279,0.311296
3280,0.303104
3281,0.308224
3282,0.297984
3283,0.312320
3284,0.322560
3285,0.299008
3286,0.307200
3287,0.315392
3288,0.303104
3289,0.306176
3290,0.312320
3291,0.315392
3292,0.295936
3293,0.314368
3294,0.307200
3295,0.313344
3296,0.312320
3297,0.306176
3298,0.312320
3299,0.326656
3300,0.302080
3301,0.306176
3302,0.322560
3303,0.291840
3304,0.321536
3305,0.318464
3306,0.310272
3307,0.309248
3308,0.305152
3309,0.305152
3310,0.312320
3311,0.309248
3312,0.306176
3313,0.314368
3314,0.311296
3315,0.315392
3316,0.303104
3317,0.324608
3318,0.312320
3319,0.310272
3320,0.303104
3321,0.303104
3322,0.311296
3323,0.302080
3324,0.318464
3325,0.307200
3326,0.303104
3327,0.303104
3328,0.321536
3329,0.317440
3330,0.302080
3331,0.317440
3332,0.314368
3333,0.306176
3334,0.305152
3335,0.285696
3336,0.302080
3337,0.316416
3338,0.306176
3339,0.302080
3340,0.306176
3341,0.315392
3342,0.296960
3343,0.304128
3344,0.294912
3345,0.313344
3346,0.306176
3347,0.312320
3348,0.317440
3349,0.304128
3350,0.311296
3351,0.308224
3352,0.299008
3353,0.311296
3354,0.307200
3355,0.305152
3356,0.308224
3357,0.301056
3358,0.309248
3359,0.302080
3360,0.315392
3361,0.309248
3362,0.315392
3363,0.295936
3364,0.310272
3365,0.297984
3366,0.302080
3367,0.318464
3368,0.309248
3369,0.305152
3370,0.300032
3371,0.310272
3372,0.306176
3373,0.303104
3374,0.299008
3375,0.309248
3376,0.293888
3377,0.311296
3378,0.309248
3379,0.308224
3380,0.312320
3381,0.308224
3382,0.314368
3383,0.320512
3384,0.315392
3385,0.299008
3386,0.308224
3387,0.314368
3388,0.314368
3389,0.302080
3390,0.299008
3391,0.300032
3392,0.305152
3393,0.302080
3394,0.301056
3395,0.291840
3396,0.319488
3397,0.311296
3398,0.319488
3399,0.304128
3400,0.311296
3401,0.305152
3402,0.309248
3403,0.307200
3404,0.328704
3405,0.293888
3406,0.302080
3407,0.305152
3408,0.293888
3409,0.309248
3410,0.306176
3411,0.414720
3412,0.293888
3413,0.315392
3414,0.309248
3415,0.306176
3416,0.308224
3417,0.290816
3418,0.300032
3419,0.304128
3420,0.304128
3421,0.327680
3422,0.302080
3423,0.297984
3424,0.294912
3425,0.312320
3426,0.308224
3427,0.315392
3428,0.304128
3429,0.323584
3430,0.300032
3431,0.310272
3432,0.310272
3433,0.305152
3434,0.309248
3435,0.478208
3436,0.304128
3437,0.292864
3438,0.468992
3439,0.277504
3440,0.296960
3441,0.304128
3442,0.304128
3443,0.325632
3444,0.389120
3445,0.300032
3446,0.295936
3447,0.305152
3448,0.314368
3449,0.319488
3450,0.430080
3451,0.297984
3452,0.305152
3453,0.297984
3454,0.308224
3455,0.310272
3456,0.303104
3457,0.315392
3458,0.306176
3459,0.310272
3460,0.307200
3461,0.323584
3462,0.314368
3463,0.310272
3464,0.323584
3465,0.322560
3466,0.313344
3467,0.314368
3468,0.320512
3469,0.313344
3470,0.301056
3471,0.316416
3472,0.311296
3473,0.309248
3474,0.306176
3475,0.311296
3476,0.307200
3477,0.290816
3478,0.306176
3479,0.299008
3480,0.305152
3481,0.285696
3482,0.287744
3483,0.462848
3484,0.321536
3485,0.292864
3486,0.305152
3487,0.316416
3488,0.299008
3489,0.315392
3490,0.308224
3491,0.305152
3492,0.311296
3493,0.304128
3494,0.294912
3495,0.305152
3496,0.306176
3497,0.310272
3498,0.310272
3499,0.290816
3500,0.315392
3501,0.293888
3502,0.303104
3503,0.304128
3504,0.305152
3505,0.317440
3506,0.289792
3507,0.300032
3508,0.296960
3509,0.289792
3510,0.301056
3511,0.309248
3512,0.313344
3513,0.307200
3514,0.296960
3515,0.303104
3516,0.288768
3517,0.316416
3518,0.311296
3519,0.308224
3520,0.307200
3521,0.316416
3522,0.303104
3523,0.306176
3524,0.311296
3525,0.300032
3526,0.289792
3527,0.291840
3528,0.285696
3529,0.284672
3530,0.299008
3531,0.300032
3532,0.306176
3533,0.309248
3534,0.309248
3535,0.308224
3536,0.319488
3537,0.306176
3538,0.301056
3539,0.292864
3540,0.306176
3541,0.297984
3542,0.308224
3543,0.313344
3544,0.316416
3545,0.300032
3546,0.302080
3547,0.297984
3548,0.317440
3549,0.312320
3550,0.294912
3551,0.292864
3552,0.322560
3553,0.325632
3554,0.316416
3555,0.299008
3556,0.307200
3557,0.307200
3558,0.300032
3559,0.311296
3560,0.305152
3561,0.318464
3562,0.311296
3563,0.318464
3564,0.304128
3565,0.295936
3566,0.305152
3567,0.308224
3568,0.305152
3569,0.300032
3570,0.318464
3571,0.299008
3572,0.295936
3573,0.307200
3574,0.304128
3575,0.297984
3576,0.313344
3577,0.314368
3578,0.297984
3579,0.324608
3580,0.302080
3581,0.301056
3582,0.300032
3583,0.313344
3584,0.303104
3585,0.307200
3586,0.310272
3587,0.302080
3588,0.318464
3589,0.303104
3590,0.305152
3591,0.309248
3592,0.302080
3593,0.301056
3594,0.310272
3595,0.297984
3596,0.304128
3597,0.294912
3598,0.304128
3599,0.297984
3600,0.313344
3601,0.293888
3602,0.292864
3603,0.307200
3604,0.307200
3605,0.296960
3606,0.310272
3607,0.310272
3608,0.306176
3609,0.305152
3610,0.307200
3611,0.306176
3612,0.294912
3613,0.310272
3614,0.300032
3615,0.302080
3616,0.311296
3617,0.312320
3618,0.303104
3619,0.300032
3620,0.305152
3621,0.319488
3622,0.308224
3623,0.299008
3624,0.319488
3625,0.310272
3626,0.308224
3627,0.311296
3628,0.306176
3629,0.302080
3630,0.301056
3631,0.301056
3632,0.311296
3633,0.302080
3634,0.312320
3635,0.301056
3636,0.320512
3637,0.302080
3638,0.310272
3639,0.307200
3640,0.301056
3641,0.291840
3642,0.312320
3643,0.308224
3644,0.305152
3645,0.303104
3646,0.310272
3647,0.288768
3648,0.290816
3649,0.283648
3650,0.283648
3651,0.274432
3652,0.291840
3653,0.291840
3654,0.317440
3655,0.303104
3656,0.312320
3657,0.303104
3658,0.310272
3659,0.313344
3660,0.305152
3661,0.312320
3662,0.302080
3663,0.307200
3664,0.310272
3665,0.304128
3666,0.301056
3667,0.309248
3668,0.318464
3669,0.309248
3670,0.304128
3671,0.296960
3672,0.317440
3673,0.312320
3674,0.305152
3675,0.304128
3676,0.306176
3677,0.312320
3678,0.309248
3679,0.318464
3680,0.306176
3681,0.299008
3682,0.304128
3683,0.305152
3684,0.314368
3685,0.308224
3686,0.305152
3687,0.301056
3688,0.302080
3689,0.294912
3690,0.304128
3691,0.308224
3692,0.295936
3693,0.303104
3694,0.291840
3695,0.299008
3696,0.306176
3697,0.305152
3698,0.300032
3699,0.299008
3700,0.303104
3701,0.305152
3702,0.311296
3703,0.303104
3704,0.296960
3705,0.316416
3706,0.300032
3707,0.291840
3708,0.314368
3709,0.311296
3710,0.305152
3711,0.294912
3712,0.321536
3713,0.309248
3714,0.305152
3715,0.297984
3716,0.305152
3717,0.309248
3718,0.302080
3719,0.305152
3720,0.310272
3721,0.302080
3722,0.302080
3723,0.312320
3724,0.302080
3725,0.309248
3726,0.307200
3727,0.306176
3728,0.310272
3729,0.307200
3730,0.300032
3731,0.296960
3732,0.296960
3733,0.291840
3734,0.317440
3735,0.307200
3736,0.310272
3737,0.305152
3738,0.314368
3739,0.307200
3740,0.315392
3741,0.297984
3742,0.308224
3743,0.305152
3744,0.312320
3745,0.321536
3746,0.317440
3747,0.306176
3748,0.302080
3749,0.296960
3750,0.294912
3751,0.303104
3752,0.311296
3753,0.310272
3754,0.311296
3755,0.304128
3756,0.320512
3757,0.306176
3758,0.301056
3759,0.302080
3760,0.311296
3761,0.303104
3762,0.302080
3763,0.307200
3764,0.307200
3765,0.301056
3766,0.315392
3767,0.293888
3768,0.292864
3769,0.307200
3770,0.310272
3771,0.308224
3772,0.306176
3773,0.308224
3774,0.308224
3775,0.304128
3776,0.325632
3777,0.313344
3778,0.312320
3779,0.308224
3780,0.294912
3781,0.302080
3782,0.314368
3783,0.314368
3784,0.296960
3785,0.307200
3786,0.310272
3787,0.294912
3788,0.293888
3789,0.283648
3790,0.287744
3791,0.294912
3792,0.292864
3793,0.283648
3794,0.309248
3795,0.301056
3796,0.306176
3797,0.320512
3798,0.340992
3799,0.404480
3800,0.317440
3801,0.312320
3802,0.312320
3803,0.304128
3804,0.312320
3805,0.307200
3806,0.324608
3807,0.314368
3808,0.292864
3809,0.295936
3810,0.296960
3811,0.296960
3812,0.304128
3813,0.318464
3814,0.308224
3815,0.306176
3816,0.300032
3817,0.305152
3818,0.292864
3819,0.308224
3820,0.307200
3821,0.292864
3822,0.307200
3823,0.320512
3824,0.310272
3825,0.299008
3826,0.304128
3827,0.297984
3828,0.308224
3829,0.305152
3830,0.289792
3831,0.301056
3832,0.315392
3833,0.301056
3834,0.304128
3835,0.306176
3836,0.321536
3837,0.300032
3838,0.309248
3839,0.316416
3840,0.301056
3841,0.326656
3842,0.296960
3843,0.306176
3844,0.302080
3845,0.307200
3846,0.296960
3847,0.299008
3848,0.307200
3849,0.300032
3850,0.315392
3851,0.297984
3852,0.311296
3853,0.302080
3854,0.308224
3855,0.301056
3856,0.293888
3857,0.321536
3858,0.303104
3859,0.300032
3860,0.297984
3861,0.374784
3862,0.301056
3863,0.287744
3864,0.305152
3865,0.302080
3866,0.316416
3867,0.309248
3868,0.318464
3869,0.308224
3870,0.295936
3871,0.293888
3872,0.307200
3873,0.295936
3874,0.308224
3875,0.306176
3876,0.299008
3877,0.306176
3878,0.309248
3879,0.307200
3880,0.296960
3881,0.306176
3882,0.303104
3883,0.289792
3884,0.296960
3885,0.304128
3886,0.308224
3887,0.307200
3888,0.303104
3889,0.299008
3890,0.312320
3891,0.294912
3892,0.294912
3893,0.312320
3894,0.306176
3895,0.294912
3896,0.319488
3897,0.299008
3898,0.319488
3899,0.305152
3900,0.300032
3901,0.296960
3902,0.299008
3903,0.305152
3904,0.301056
3905,0.309248
3906,0.290816
3907,0.301056
3908,0.305152
3909,0.297984
3910,0.307200
3911,0.299008
3912,0.311296
3913,0.305152
3914,0.300032
3915,0.302080
3916,0.307200
3917,0.305152
3918,0.315392
3919,0.306176
3920,0.321536
3921,0.311296
3922,0.303104
3923,0.307200
3924,0.300032
3925,0.301056
3926,0.310272
3927,0.313344
3928,0.290816
3929,0.300032
3930,0.292864
3931,0.323584
3932,0.299008
3933,0.317440
3934,0.313344
3935,0.301056
3936,0.296960
3937,0.294912
3938,0.296960
3939,0.302080
3940,0.301056
3941,0.301056
3942,0.297984
3943,0.308224
3944,0.309248
3945,0.302080
3946,0.297984
3947,0.314368
3948,0.305152
3949,0.306176
3950,0.321536
3951,0.319488
3952,0.303104
3953,0.307200
3954,0.307200
3955,0.288768
3956,0.304128
3957,0.313344
3958,0.304128
3959,0.301056
3960,0.315392
3961,0.311296
3962,0.311296
3963,0.313344
3964,0.299008
3965,0.308224
3966,0.299008
3967,0.321536
3968,0.318464
3969,0.303104
3970,0.297984
3971,0.301056
3972,0.317440
3973,0.314368
3974,0.319488
3975,0.299008
3976,0.307200
3977,0.307200
3978,0.287744
3979,0.291840
3980,0.304128
3981,0.310272
3982,0.312320
3983,0.305152
3984,0.308224
3985,0.310272
3986,0.303104
3987,0.321536
3988,0.305152
3989,0.307200
3990,0.305152
3991,0.314368
3992,0.312320
3993,0.291840
3994,0.309248
3995,0.304128
3996,0.305152
3997,0.307200
3998,0.302080
3999,0.317440
4000,0.290816
4001,0.307200
4002,0.307200
4003,0.321536
4004,0.307200
4005,0.311296
4006,0.313344
4007,0.309248
4008,0.303104
4009,0.292864
4010,0.297984
4011,0.307200
4012,0.292864
4013,0.308224
4014,0.304128
4015,0.305152
4016,0.299008
4017,0.299008
4018,0.304128
4019,0.316416
4020,0.302080
4021,0.316416
4022,0.304128
4023,0.301056
4024,0.318464
4025,0.303104
4026,0.314368
4027,0.299008
4028,0.304128
4029,0.313344
4030,0.314368
4031,0.310272
4032,0.297984
4033,0.302080
4034,0.317440
4035,0.290816
4036,0.296960
4037,0.312320
4038,0.319488
4039,0.309248
4040,0.308224
4041,0.313344
4042,0.302080
4043,0.282624
4044,0.311296
4045,0.290816
4046,0.291840
4047,0.318464
4048,0.304128
4049,0.291840
4050,0.310272
4051,0.300032
4052,0.301056
4053,0.306176
4054,0.311296
4055,0.319488
4056,0.300032
4057,0.310272
4058,0.290816
4059,0.311296
4060,0.289792
4061,0.312320
4062,0.306176
4063,0.302080
4064,0.290816
4065,0.283648
4066,0.296960
4067,0.295936
4068,0.294912
4069,0.296960
4070,0.324608
4071,0.297984
4072,0.287744
4073,0.306176
4074,0.295936
4075,0.302080
4076,0.312320
4077,0.292864
4078,0.306176
4079,0.302080
4080,0.312320
4081,0.287744
4082,0.304128
4083,0.308224
4084,0.291840
4085,0.304128
4086,0.301056
4087,0.306176
4088,0.301056
4089,0.307200
4090,0.309248
4091,0.316416
4092,0.309248
4093,0.305152
4094,0.310272
4095,0.304128
4096,0.303104
4097,0.320512
4098,0.310272
4099,0.310272
4100,0.311296
4101,0.301056
4102,0.303104
4103,0.292864
4104,0.293888
4105,0.292864
4106,0.302080
4107,0.300032
4108,0.311296
4109,0.300032
4110,0.291840
4111,0.295936
4112,0.290816
4113,0.306176
4114,0.310272
4115,0.301056
4116,0.299008
4117,0.287744
4118,0.294912
4119,0.305152
4120,0.301056
4121,0.289792
4122,0.312320
4123,0.305152
4124,0.301056
4125,0.288768
4126,0.302080
4127,0.304128
4128,0.300032
4129,0.290816
4130,0.297984
4131,0.297984
4132,0.305152
4133,0.310272
4134,0.287744
4135,0.308224
4136,0.300032
4137,0.296960
4138,0.295936
4139,0.293888
4140,0.299008
4141,0.304128
4142,0.307200
4143,0.291840
4144,0.297984
4145,0.301056
4146,0.305152
4147,0.295936
4148,0.297984
4149,0.299008
4150,0.312320
4151,0.299008
4152,0.291840
4153,0.300032
4154,0.328704
4155,0.313344
4156,0.302080
4157,0.292864
4158,0.301056
4159,0.303104
4160,0.299008
4161,0.300032
4162,0.300032
4163,0.310272
4164,0.311296
4165,0.303104
4166,0.313344
4167,0.297984
4168,0.305152
4169,0.299008
4170,0.311296
4171,0.313344
4172,0.287744
4173,0.317440
4174,0.313344
4175,0.401408
4176,0.311296
4177,0.289792
4178,0.288768
4179,0.296960
4180,0.312320
4181,0.318464
4182,0.302080
4183,0.297984
4184,0.297984
4185,0.290816
4186,0.297984
4187,0.288768
4188,0.311296
4189,0.304128
4190,0.304128
4191,0.303104
4192,0.316416
4193,0.307200
4194,0.359424
4195,0.292864
4196,0.310272
4197,0.297984
4198,0.304128
4199,0.290816
4200,0.315392
4201,0.308224
4202,0.312320
4203,0.308224
4204,0.306176
4205,0.297984
4206,0.289792
4207,0.299008
4208,0.313344
4209,0.311296
4210,0.294912
4211,0.308224
4212,0.305152
4213,0.297984
4214,0.289792
4215,0.309248
4216,0.315392
4217,0.312320
4218,0.296960
4219,0.311296
4220,0.302080
4221,0.309248
4222,0.317440
4223,0.310272
4224,0.311296
4225,0.296960
4226,0.289792
4227,0.294912
4228,0.306176
4229,0.321536
4230,0.312320
4231,0.315392
4232,0.304128
4233,0.293888
4234,0.291840
4235,0.289792
4236,0.325632
4237,0.322560
4238,0.303104
4239,0.305152
4240,0.293888
4241,0.302080
4242,0.302080
4243,0.309248
4244,0.317440
4245,0.306176
4246,0.318464
4247,0.296960
4248,0.300032
4249,0.302080
4250,0.302080
4251,0.303104
4252,0.309248
4253,0.310272
4254,0.296960
4255,0.301056
4256,0.292864
4257,0.296960
4258,0.308224
4259,0.299008
4260,0.312320
4261,0.302080
4262,0.302080
4263,0.308224
4264,0.314368
4265,0.293888
4266,0.296960
4267,0.309248
4268,0.316416
4269,0.311296
4270,0.307200
4271,0.295936
4272,0.315392
4273,0.302080
4274,0.305152
4275,0.301056
4276,0.316416
4277,0.304128
4278,0.307200
4279,0.319488
4280,0.309248
4281,0.321536
4282,0.293888
4283,0.303104
4284,0.317440
4285,0.300032
4286,0.310272
4287,0.310272
4288,0.307200
4289,0.310272
4290,0.293888
4291,0.301056
4292,0.303104
4293,0.300032
4294,0.295936
4295,0.324608
4296,0.300032
4297,0.299008
4298,0.306176
4299,0.311296
4300,0.307200
4301,0.302080
4302,0.296960
4303,0.299008
4304,0.300032
4305,0.304128
4306,0.301056
4307,0.307200
4308,0.302080
4309,0.291840
4310,0.305152
4311,0.304128
4312,0.305152
4313,0.291840
4314,0.309248
4315,0.306176
4316,0.304128
4317,0.296960
4318,0.316416
4319,0.295936
4320,0.318464
4321,0.306176
4322,0.290816
4323,0.311296
4324,0.303104
4325,0.315392
4326,0.301056
4327,0.307200
4328,0.287744
4329,0.307200
4330,0.295936
4331,0.305152
4332,0.313344
4333,0.308224
4334,0.293888
4335,0.300032
4336,0.297984
4337,0.301056
4338,0.310272
4339,0.295936
4340,0.301056
4341,0.307200
4342,0.310272
4343,0.307200
4344,0.302080
4345,0.304128
4346,0.320512
4347,0.294912
4348,0.297984
4349,0.293888
4350,0.311296
4351,0.310272
4352,0.304128
4353,0.299008
4354,0.311296
4355,0.315392
4356,0.297984
4357,0.308224
4358,0.300032
4359,0.308224
4360,0.302080
4361,0.309248
4362,0.306176
4363,0.290816
4364,0.296960
4365,0.304128
4366,0.304128
4367,0.321536
4368,0.309248
4369,0.309248
4370,0.286720
4371,0.290816
4372,0.308224
4373,0.316416
4374,0.299008
4375,0.305152
4376,0.317440
4377,0.302080
4378,0.318464
4379,0.300032
4380,0.289792
4381,0.317440
4382,0.303104
4383,0.308224
4384,0.287744
4385,0.299008
4386,0.303104
4387,0.307200
4388,0.310272
4389,0.305152
4390,0.315392
4391,0.312320
4392,0.299008
4393,0.293888
4394,0.312320
4395,0.297984
4396,0.297984
4397,0.310272
4398,0.315392
4399,0.301056
4400,0.289792
4401,0.310272
4402,0.294912
4403,0.306176
4404,0.305152
4405,0.309248
4406,0.294912
4407,0.304128
4408,0.323584
4409,0.311296
4410,0.296960
4411,0.313344
4412,0.303104
4413,0.301056
4414,0.308224
4415,0.296960
4416,0.311296
4417,0.303104
4418,0.299008
4419,0.299008
4420,0.306176
4421,0.295936
4422,0.285696
4423,0.297984
4424,0.311296
4425,0.304128
4426,0.296960
4427,0.312320
4428,0.297984
4429,0.307200
4430,0.314368
4431,0.310272
4432,0.303104
4433,0.303104
4434,0.313344
4435,0.300032
4436,0.282624
4437,0.313344
4438,0.301056
4439,0.292864
4440,0.294912
4441,0.309248
4442,0.293888
4443,0.314368
4444,0.304128
4445,0.320512
4446,0.310272
4447,0.310272
4448,0.291840
4449,0.310272
4450,0.308224
4451,0.301056
4452,0.306176
4453,0.292864
4454,0.300032
4455,0.312320
4456,0.304128
4457,0.309248
4458,0.331776
4459,0.301056
4460,0.304128
4461,0.299008
4462,0.290816
4463,0.303104
4464,0.303104
4465,0.291840
4466,0.313344
4467,0.321536
4468,0.307200
4469,0.305152
4470,0.307200
4471,0.308224
4472,0.319488
4473,0.300032
4474,0.299008
4475,0.300032
4476,0.306176
4477,0.308224
4478,0.290816
4479,0.314368
4480,0.316416
4481,0.309248
4482,0.308224
4483,0.299008
4484,0.312320
4485,0.300032
4486,0.303104
4487,0.300032
4488,0.288768
4489,0.294912
4490,0.302080
4491,0.303104
4492,0.314368
4493,0.304128
4494,0.322560
4495,0.300032
4496,0.308224
4497,0.303104
4498,0.292864
4499,0.291840
4500,0.296960
4501,0.308224
4502,0.305152
4503,0.297984
4504,0.296960
4505,0.305152
4506,0.308224
4507,0.309248
4508,0.263168
4509,0.317440
4510,0.322560
4511,0.319488
4512,0.303104
4513,0.302080
4514,0.291840
4515,0.285696
4516,0.311296
4517,0.297984
4518,0.294912
4519,0.304128
4520,0.313344
4521,0.314368
4522,0.308224
4523,0.303104
4524,0.308224
4525,0.295936
4526,0.309248
4527,0.317440
4528,0.300032
4529,0.301056
4530,0.307200
4531,0.326656
4532,0.310272
4533,0.302080
4534,0.296960
4535,0.301056
4536,0.313344
4537,0.306176
4538,0.300032
4539,0.302080
4540,0.304128
4541,0.317440
4542,0.301056
4543,0.303104
4544,0.300032
4545,0.295936
4546,0.307200
4547,0.297984
4548,0.290816
4549,0.299008
4550,0.306176
4551,0.308224
4552,0.296960
4553,0.305152
4554,0.296960
4555,0.304128
4556,0.297984
4557,0.302080
4558,0.295936
4559,0.288768
4560,0.301056
4561,0.300032
4562,0.295936
4563,0.296960
4564,0.310272
4565,0.308224
4566,0.302080
4567,0.307200
4568,0.309248
4569,0.302080
4570,0.304128
4571,0.300032
4572,0.296960
4573,0.303104
4574,0.311296
4575,0.293888
4576,0.295936
4577,0.296960
4578,0.308224
4579,0.297984
4580,0.303104
4581,0.300032
4582,0.321536
4583,0.302080
4584,0.301056
4585,0.302080
4586,0.291840
4587,0.320512
4588,0.317440
4589,0.297984
4590,0.304128
4591,0.319488
4592,0.312320
4593,0.303104
4594,0.309248
4595,0.304128
4596,0.308224
4597,0.293888
4598,0.302080
4599,0.297984
4600,0.305152
4601,0.292864
4602,0.297984
4603,0.324608
4604,0.309248
4605,0.290816
4606,0.291840
4607,0.293888
4608,0.306176
4609,0.301056
4610,0.302080
4611,0.309248
4612,0.313344
4613,0.315392
4614,0.307200
4615,0.301056
4616,0.310272
4617,0.297984
4618,0.296960
4619,0.304128
4620,0.318464
4621,0.281600
4622,0.302080
4623,0.294912
4624,0.308224
4625,0.297984
4626,0.303104
4627,0.299008
4628,0.303104
4629,0.309248
4630,0.301056
4631,0.296960
4632,0.317440
4633,0.300032
4634,0.300032
4635,0.312320
4636,0.301056
4637,0.307200
4638,0.290816
4639,0.300032
4640,0.311296
4641,0.296960
4642,0.300032
4643,0.303104
4644,0.304128
4645,0.301056
4646,0.299008
4647,0.292864
4648,0.317440
4649,0.309248
4650,0.304128
4651,0.287744
4652,0.281600
4653,0.309248
4654,0.297984
4655,0.295936
4656,0.312320
4657,0.292864
4658,0.321536
4659,0.308224
4660,0.297984
4661,0.288768
4662,0.312320
4663,0.310272
4664,0.304128
4665,0.313344
4666,0.304128
4667,0.295936
4668,0.284672
4669,0.303104
4670,0.310272
4671,0.301056
4672,0.305152
4673,0.317440
4674,0.306176
4675,0.297984
4676,0.314368
4677,0.302080
4678,0.291840
4679,0.293888
4680,0.306176
4681,0.294912
4682,0.304128
4683,0.302080
4684,0.310272
4685,0.300032
4686,0.302080
4687,0.301056
4688,0.304128
4689,0.306176
4690,0.308224
4691,0.295936
4692,0.295936
4693,0.305152
4694,0.301056
4695,0.308224
4696,0.322560
4697,0.299008
4698,0.315392
4699,0.303104
4700,0.306176
4701,0.288768
4702,0.290816
4703,0.297984
4704,0.310272
4705,0.292864
4706,0.308224
4707,0.285696
4708,0.316416
4709,0.301056
4710,0.310272
4711,0.301056
4712,0.306176
4713,0.296960
4714,0.306176
4715,0.315392
4716,0.310272
4717,0.301056
4718,0.290816
4719,0.309248
4720,0.312320
4721,0.297984
4722,0.300032
4723,0.311296
4724,0.309248
4725,0.307200
4726,0.311296
4727,0.308224
4728,0.317440
4729,0.295936
4730,0.307200
4731,0.299008
4732,0.295936
4733,0.311296
4734,0.322560
4735,0.295936
4736,0.304128
4737,0.296960
4738,0.305152
4739,0.296960
4740,0.292864
4741,0.302080
4742,0.300032
4743,0.297984
4744,0.305152
4745,0.295936
4746,0.297984
4747,0.297984
4748,0.304128
4749,0.308224
4750,0.293888
4751,0.280576
4752,0.278528
4753,0.280576
4754,0.286720
4755,0.282624
4756,0.278528
4757,0.273408
4758,0.269312
4759,0.290816
4760,0.280576
4761,0.259072
4762,0.307200
4763,0.304128
4764,0.297984
4765,0.305152
4766,0.315392
4767,0.299008
4768,0.310272
4769,0.317440
4770,0.304128
4771,0.308224
4772,0.308224
4773,0.304128
4774,0.299008
4775,0.304128
4776,0.317440
4777,0.295936
4778,0.301056
4779,0.296960
4780,0.318464
4781,0.307200
4782,0.304128
4783,0.308224
4784,0.304128
4785,0.302080
4786,0.293888
4787,0.314368
4788,0.304128
4789,0.285696
4790,0.310272
4791,0.317440
4792,0.295936
4793,0.304128
4794,0.296960
4795,0.310272
4796,0.313344
4797,0.306176
4798,0.288768
4799,0.305152
4800,0.297984
4801,0.309248
4802,0.311296
4803,0.301056
4804,0.309248
4805,0.301056
4806,0.312320
4807,0.305152
4808,0.301056
4809,0.299008
4810,0.301056
4811,0.312320
4812,0.304128
4813,0.306176
4814,0.304128
4815,0.314368
4816,0.308224
4817,0.310272
4818,0.306176
4819,0.302080
4820,0.295936
4821,0.296960
4822,0.313344
4823,0.307200
4824,0.303104
4825,0.300032
4826,0.285696
4827,0.300032
4828,0.291840
4829,0.309248
4830,0.303104
4831,0.308224
4832,0.304128
4833,0.308224
4834,0.302080
4835,0.302080
4836,0.314368
4837,0.299008
4838,0.299008
4839,0.307200
4840,0.297984
4841,0.300032
4842,0.292864
4843,0.297984
4844,0.305152
4845,0.300032
4846,0.295936
4847,0.307200
4848,0.313344
4849,0.301056
4850,0.299008
4851,0.291840
4852,0.303104
4853,0.307200
4854,0.289792
4855,0.288768
4856,0.305152
4857,0.315392
4858,0.317440
4859,0.313344
4860,0.307200
4861,0.294912
4862,0.297984
4863,0.296960
4864,0.287744
4865,0.316416
4866,0.317440
4867,0.292864
4868,0.303104
4869,0.300032
4870,0.310272
4871,0.310272
4872,0.303104
4873,0.294912
4874,0.308224
4875,0.310272
4876,0.318464
4877,0.304128
4878,0.309248
4879,0.302080
4880,0.303104
4881,0.307200
4882,0.294912
4883,0.294912
4884,0.303104
4885,0.291840
4886,0.297984
4887,0.307200
4888,0.291840
4889,0.305152
4890,0.306176
4891,0.307200
4892,0.318464
4893,0.314368
4894,0.315392
4895,0.303104
4896,0.309248
4897,0.289792
4898,0.301056
4899,0.293888
4900,0.297984
4901,0.300032
4902,0.318464
4903,0.297984
4904,0.317440
4905,0.301056
4906,0.304128
4907,0.288768
4908,0.316416
4909,0.297984
4910,0.304128
4911,0.289792
4912,0.291840
4913,0.321536
4914,0.292864
4915,0.294912
4916,0.309248
4917,0.297984
4918,0.307200
4919,0.315392
4920,0.300032
4921,0.319488
4922,0.300032
4923,0.294912
4924,0.305152
4925,0.301056
4926,0.306176
4927,0.303104
4928,0.306176
4929,0.309248
4930,0.304128
4931,0.310272
4932,0.299008
4933,0.309248
4934,0.307200
4935,0.300032
4936,0.300032
4937,0.303104
4938,0.294912
4939,0.291840
4940,0.304128
4941,0.302080
4942,0.308224
4943,0.297984
4944,0.312320
4945,0.306176
4946,0.285696
4947,0.313344
4948,0.307200
4949,0.290816
4950,0.308224
4951,0.307200
4952,0.307200
4953,0.288768
4954,0.297984
4955,0.295936
4956,0.306176
4957,0.302080
4958,0.289792
4959,0.306176
4960,0.318464
4961,0.318464
4962,0.286720
4963,0.306176
4964,0.289792
4965,0.303104
4966,0.304128
4967,0.296960
4968,0.322560
4969,0.308224
4970,0.316416
4971,0.311296
4972,0.296960
4973,0.297984
4974,0.307200
4975,0.296960
4976,0.316416
4977,0.305152
4978,0.295936
4979,0.294912
4980,0.299008
4981,0.309248
4982,0.300032
4983,0.313344
4984,0.305152
4985,0.301056
4986,0.308224
4987,0.291840
4988,0.304128
4989,0.299008
4990,0.309248
4991,0.307200
4992,0.289792
4993,0.306176
4994,0.303104
4995,0.316416
4996,0.304128
4997,0.303104
4998,0.295936
4999,0.296960
5000,0.307200
5001,0.300032
5002,0.293888
5003,0.308224
5004,0.299008
5005,0.294912
5006,0.299008
5007,0.301056
5008,0.305152
5009,0.308224
5010,0.307200
5011,0.294912
5012,0.313344
5013,0.305152
5014,0.304128
5015,0.303104
5016,0.310272
5017,0.296960
5018,0.308224
5019,0.300032
5020,0.313344
5021,0.307200
5022,0.304128
5023,0.283648
5024,0.307200
5025,0.319488
5026,0.301056
5027,0.312320
5028,0.303104
5029,0.318464
5030,0.306176
5031,0.293888
5032,0.299008
5033,0.306176
5034,0.307200
5035,0.301056
5036,0.310272
5037,0.297984
5038,0.295936
5039,0.304128
5040,0.308224
5041,0.317440
5042,0.299008
5043,0.311296
5044,0.312320
5045,0.301056
5046,0.299008
5047,0.302080
5048,0.311296
5049,0.308224
5050,0.315392
5051,0.309248
5052,0.306176
5053,0.295936
5054,0.300032
5055,0.296960
5056,0.309248
5057,0.306176
5058,0.293888
5059,0.309248
5060,0.292864
5061,0.296960
5062,0.316416
5063,0.297984
5064,0.296960
5065,0.310272
5066,0.302080
5067,0.303104
5068,0.307200
5069,0.320512
5070,0.311296
5071,0.294912
5072,0.300032
5073,0.300032
5074,0.292864
5075,0.413696
5076,0.306176
5077,0.286720
5078,0.474112
5079,0.295936
5080,0.287744
5081,0.295936
5082,0.296960
5083,0.301056
5084,0.306176
5085,0.302080
5086,0.312320
5087,0.301056
5088,0.299008
5089,0.312320
5090,0.302080
5091,0.308224
5092,0.313344
5093,0.310272
5094,0.312320
5095,0.309248
5096,0.295936
5097,0.300032
5098,0.294912
5099,0.312320
5100,0.301056
5101,0.313344
5102,0.305152
5103,0.302080
5104,0.308224
5105,0.294912
5106,0.306176
5107,0.299008
5108,0.310272
5109,0.281600
5110,0.310272
5111,0.299008
5112,0.291840
5113,0.293888
5114,0.307200
5115,0.308224
5116,0.299008
5117,0.303104
5118,0.305152
5119,0.312320
5120,0.297984
5121,0.311296
5122,0.306176
5123,0.307200
5124,0.307200
5125,0.299008
5126,0.304128
5127,0.286720
5128,0.293888
5129,0.297984
5130,0.294912
5131,0.301056
5132,0.300032
5133,0.310272
5134,0.308224
5135,0.304128
5136,0.293888
5137,0.305152
5138,0.307200
5139,0.313344
5140,0.285696
5141,0.282624
5142,0.310272
5143,0.295936
5144,0.294912
5145,0.296960
5146,0.299008
5147,0.311296
5148,0.305152
5149,0.313344
5150,0.307200
5151,0.297984
5152,0.302080
5153,0.291840
5154,0.304128
5155,0.308224
5156,0.307200
5157,0.303104
5158,0.325632
5159,0.292864
5160,0.292864
5161,0.304128
5162,0.304128
5163,0.304128
5164,0.300032
5165,0.293888
5166,0.311296
5167,0.302080
5168,0.291840
5169,0.312320
5170,0.307200
5171,0.297984
5172,0.322560
5173,0.306176
5174,0.303104
5175,0.315392
5176,0.297984
5177,0.303104
5178,0.282624
5179,0.294912
5180,0.292864
5181,0.301056
5182,0.301056
5183,0.311296
5184,0.313344
5185,0.307200
5186,0.292864
5187,0.301056
5188,0.313344
5189,0.307200
5190,0.296960
5191,0.305152
5192,0.296960
5193,0.305152
5194,0.318464
5195,0.314368
5196,0.309248
5197,0.313344
5198,0.308224
5199,0.299008
5200,0.289792
5201,0.295936
5202,0.293888
5203,0.317440
5204,0.300032
5205,0.297984
5206,0.309248
5207,0.302080
5208,0.300032
5209,0.292864
5210,0.297984
5211,0.307200
5212,0.297984
5213,0.289792
5214,0.310272
5215,0.306176
5216,0.291840
5217,0.293888
5218,0.294912
5219,0.310272
5220,0.303104
5221,0.310272
5222,0.321536
5223,0.305152
5224,0.297984
5225,0.304128
5226,0.297984
5227,0.310272
5228,0.287744
5229,0.295936
5230,0.302080
5231,0.306176
5232,0.297984
5233,0.312320
5234,0.294912
5235,0.296960
5236,0.304128
5237,0.296960
5238,0.307200
5239,0.303104
5240,0.309248
5241,0.309248
5242,0.310272
5243,0.284672
5244,0.295936
5245,0.297984
5246,0.314368
5247,0.293888
5248,0.307200
5249,0.297984
5250,0.301056
5251,0.301056
5252,0.303104
5253,0.292864
5254,0.301056
5255,0.301056
5256,0.300032
5257,0.304128
5258,0.315392
5259,0.303104
5260,0.306176
5261,0.300032
5262,0.306176
5263,0.285696
5264,0.303104
5265,0.300032
5266,0.304128
5267,0.299008
5268,0.305152
5269,0.295936
5270,0.300032
5271,0.292864
5272,0.294912
5273,0.311296
5274,0.316416
5275,0.303104
5276,0.329728
5277,0.302080
5278,0.294912
5279,0.303104
5280,0.309248
5281,0.311296
5282,0.302080
5283,0.307200
5284,0.295936
5285,0.296960
5286,0.300032
5287,0.311296
5288,0.314368
5289,0.309248
5290,0.313344
5291,0.307200
5292,0.306176
5293,0.296960
5294,0.292864
5295,0.300032
5296,0.305152
5297,0.307200
5298,0.303104
5299,0.297984
5300,0.322560
5301,0.305152
5302,0.304128
5303,0.310272
5304,0.309248
5305,0.307200
5306,0.303104
5307,0.317440
5308,0.308224
5309,0.305152
5310,0.310272
5311,0.315392
5312,0.313344
5313,0.305152
5314,0.314368
5315,0.312320
5316,0.302080
5317,0.310272
5318,0.308224
5319,0.292864
5320,0.301056
5321,0.296960
5322,0.295936
5323,0.295936
5324,0.307200
5325,0.296960
5326,0.311296
5327,0.302080
5328,0.310272
5329,0.307200
5330,0.292864
5331,0.311296
5332,0.304128
5333,0.300032
5334,0.296960
5335,0.304128
5336,0.288768
5337,0.289792
5338,0.293888
5339,0.297984
5340,0.297984
5341,0.295936
5342,0.300032
5343,0.297984
5344,0.305152
5345,0.292864
5346,0.297984
5347,0.303104
5348,0.316416
5349,0.301056
5350,0.294912
5351,0.291840
5352,0.297984
5353,0.307200
5354,0.300032
5355,0.308224
5356,0.307200
5357,0.307200
5358,0.307200
5359,0.296960
5360,0.302080
5361,0.324608
5362,0.296960
5363,0.318464
5364,0.292864
5365,0.310272
5366,0.292864
5367,0.294912
5368,0.297984
5369,0.310272
5370,0.306176
5371,0.293888
5372,0.291840
5373,0.292864
5374,0.297984
5375,0.302080
5376,0.324608
5377,0.308224
5378,0.285696
5379,0.297984
5380,0.299008
5381,0.319488
5382,0.303104
5383,0.301056
5384,0.305152
5385,0.297984
5386,0.301056
5387,0.290816
5388,0.293888
5389,0.300032
5390,0.299008
5391,0.319488
5392,0.304128
5393,0.467968
5394,0.287744
5395,0.296960
5396,0.309248
5397,0.328704
5398,0.313344
5399,0.473088
5400,0.292864
5401,0.302080
5402,0.310272
5403,0.287744
5404,0.304128
5405,0.300032
5406,0.291840
5407,0.295936
5408,0.315392
5409,0.286720
5410,0.309248
5411,0.305152
5412,0.293888
5413,0.307200
5414,0.306176
5415,0.295936
5416,0.309248
5417,0.307200
5418,0.295936
5419,0.296960
5420,0.314368
5421,0.305152
5422,0.302080
5423,0.299008
5424,0.289792
5425,0.304128
5426,0.292864
5427,0.312320
5428,0.311296
5429,0.313344
5430,0.312320
5431,0.312320
5432,0.283648
5433,0.310272
5434,0.302080
5435,0.306176
5436,0.302080
5437,0.301056
5438,0.304128
5439,0.311296
5440,0.308224
5441,0.303104
5442,0.295936
5443,0.293888
5444,0.311296
5445,0.296960
5446,0.305152
5447,0.296960
5448,0.303104
5449,0.307200
5450,0.296960
5451,0.299008
5452,0.297984
5453,0.300032
5454,0.306176
5455,0.309248
5456,0.296960
5457,0.307200
5458,0.302080
5459,0.306176
5460,0.299008
5461,0.307200
5462,0.310272
5463,0.302080
5464,0.311296
5465,0.290816
5466,0.304128
5467,0.299008
5468,0.314368
5469,0.294912
5470,0.310272
5471,0.295936
5472,0.284672
5473,0.310272
5474,0.293888
5475,0.306176
5476,0.303104
5477,0.310272
5478,0.313344
5479,0.309248
5480,0.304128
5481,0.300032
5482,0.307200
5483,0.307200
5484,0.307200
5485,0.302080
5486,0.316416
5487,0.307200
5488,0.304128
5489,0.297984
5490,0.304128
5491,0.303104
5492,0.294912
5493,0.303104
5494,0.301056
5495,0.304128
5496,0.292864
5497,0.307200
5498,0.302080
5499,0.294912
5500,0.293888
5501,0.296960
5502,0.305152
5503,0.313344
5504,0.301056
5505,0.296960
5506,0.300032
5507,0.304128
5508,0.310272
5509,0.297984
5510,0.306176
5511,0.314368
5512,0.306176
5513,0.287744
5514,0.293888
5515,0.303104
5516,0.310272
5517,0.306176
5518,0.297984
5519,0.307200
5520,0.305152
5521,0.299008
5522,0.314368
5523,0.302080
5524,0.314368
5525,0.293888
5526,0.309248
5527,0.297984
5528,0.303104
5529,0.301056
5530,0.305152
5531,0.299008
5532,0.313344
5533,0.288768
5534,0.306176
5535,0.302080
5536,0.302080
5537,0.313344
5538,0.299008
5539,0.304128
5540,0.311296
5541,0.318464
5542,0.305152
5543,0.314368
5544,0.293888
5545,0.302080
5546,0.303104
5547,0.310272
5548,0.307200
5549,0.303104
5550,0.305152
5551,0.303104
5552,0.304128
5553,0.300032
5554,0.310272
5555,0.318464
5556,0.305152
5557,0.300032
5558,0.305152
5559,0.304128
5560,0.315392
5561,0.294912
5562,0.293888
5563,0.302080
5564,0.305152
5565,0.295936
5566,0.313344
5567,0.301056
5568,0.314368
5569,0.303104
5570,0.307200
5571,0.299008
5572,0.311296
5573,0.296960
5574,0.309248
5575,0.296960
5576,0.302080
5577,0.310272
5578,0.299008
5579,0.303104
5580,0.297984
5581,0.320512
5582,0.301056
5583,0.301056
5584,0.309248
5585,0.306176
5586,0.307200
5587,0.293888
5588,0.292864
5589,0.302080
5590,0.306176
5591,0.312320
5592,0.311296
5593,0.295936
5594,0.309248
5595,0.307200
5596,0.313344
5597,0.306176
5598,0.309248
5599,0.307200
5600,0.304128
5601,0.305152
5602,0.310272
5603,0.308224
5604,0.291840
5605,0.291840
5606,0.310272
5607,0.302080
5608,0.308224
5609,0.310272
5610,0.307200
5611,0.320512
5612,0.307200
5613,0.285696
5614,0.295936
5615,0.285696
5616,0.307200
5617,0.309248
5618,0.306176
5619,0.299008
5620,0.317440
5621,0.295936
5622,0.296960
5623,0.296960
5624,0.300032
5625,0.308224
5626,0.303104
5627,0.299008
5628,0.307200
5629,0.297984
5630,0.306176
5631,0.311296
5632,0.307200
5633,0.300032
5634,0.312320
5635,0.295936
5636,0.296960
5637,0.301056
5638,0.307200
5639,0.307200
5640,0.301056
5641,0.302080
5642,0.311296
5643,0.313344
5644,0.290816
5645,0.282624
5646,0.312320
5647,0.304128
5648,0.306176
5649,0.313344
5650,0.319488
5651,0.295936
5652,0.302080
5653,0.307200
5654,0.295936
5655,0.321536
5656,0.306176
5657,0.291840
5658,0.311296
5659,0.313344
5660,0.311296
5661,0.306176
5662,0.316416
5663,0.306176
5664,0.307200
5665,0.310272
5666,0.303104
5667,0.309248
5668,0.301056
5669,0.310272
5670,0.304128
5671,0.306176
5672,0.283648
5673,0.288768
5674,0.283648
5675,0.286720
5676,0.282624
5677,0.308224
5678,0.293888
5679,0.306176
5680,0.309248
5681,0.316416
5682,0.307200
5683,0.309248
5684,0.294912
5685,0.308224
5686,0.302080
5687,0.307200
5688,0.300032
5689,0.312320
5690,0.306176
5691,0.319488
5692,0.306176
5693,0.295936
5694,0.296960
5695,0.307200
5696,0.308224
5697,0.304128
5698,0.300032
5699,0.305152
5700,0.323584
5701,0.297984
5702,0.300032
5703,0.303104
5704,0.309248
5705,0.314368
5706,0.313344
5707,0.311296
5708,0.307200
5709,0.306176
5710,0.305152
5711,0.303104
5712,0.313344
5713,0.499712
5714,0.307200
5715,0.313344
5716,0.318464
5717,0.311296
5718,0.296960
5719,0.291840
5720,0.311296
5721,0.301056
5722,0.309248
5723,0.297984
5724,0.305152
5725,0.318464
5726,0.302080
5727,0.305152
5728,0.319488
5729,0.299008
5730,0.305152
5731,0.319488
5732,0.308224
5733,0.287744
5734,0.302080
5735,0.305152
5736,0.305152
5737,0.309248
5738,0.303104
5739,0.308224
5740,0.297984
5741,0.302080
5742,0.309248
5743,0.310272
5744,0.297984
5745,0.293888
5746,0.300032
5747,0.304128
5748,0.316416
5749,0.308224
5750,0.300032
5751,0.297984
5752,0.294912
5753,0.312320
5754,0.309248
5755,0.299008
5756,0.313344
5757,0.303104
5758,0.297984
5759,0.295936
5760,0.314368
5761,0.305152
5762,0.303104
5763,0.285696
5764,0.300032
5765,0.308224
5766,0.319488
5767,0.306176
5768,0.314368
5769,0.317440
5770,0.292864
5771,0.311296
5772,0.311296
5773,0.310272
5774,0.305152
5775,0.294912
5776,0.296960
5777,0.311296
5778,0.317440
5779,0.301056
5780,0.304128
5781,0.307200
5782,0.304128
5783,0.305152
5784,0.291840
5785,0.299008
5786,0.295936
5787,0.297984
5788,0.302080
5789,0.297984
5790,0.317440
5791,0.294912
5792,0.300032
5793,0.292864
5794,0.310272
5795,0.295936
5796,0.301056
5797,0.307200
5798,0.301056
5799,0.304128
5800,0.303104
5801,0.305152
5802,0.313344
5803,0.314368
5804,0.290816
5805,0.302080
5806,0.315392
5807,0.291840
5808,0.309248
5809,0.307200
5810,0.299008
5811,0.301056
5812,0.301056
5813,0.294912
5814,0.295936
5815,0.295936
5816,0.290816
5817,0.306176
5818,0.294912
5819,0.292864
5820,0.295936
5821,0.314368
5822,0.319488
5823,0.325632
5824,0.309248
5825,0.289792
5826,0.302080
5827,0.305152
5828,0.303104
5829,0.308224
5830,0.306176
5831,0.301056
5832,0.306176
5833,0.300032
5834,0.325632
5835,0.303104
5836,0.297984
5837,0.309248
5838,0.294912
5839,0.316416
5840,0.308224
5841,0.307200
5842,0.307200
5843,0.304128
5844,0.285696
5845,0.309248
5846,0.300032
5847,0.303104
5848,0.302080
5849,0.288768
5850,0.314368
5851,0.310272
5852,0.296960
5853,0.315392
5854,0.301056
5855,0.306176
5856,0.300032
5857,0.297984
5858,0.299008
5859,0.301056
5860,0.293888
5861,0.301056
5862,0.300032
5863,0.294912
5864,0.296960
5865,0.300032
5866,0.316416
5867,0.304128
5868,0.308224
5869,0.317440
5870,0.306176
5871,0.305152
5872,0.318464
5873,0.306176
5874,0.308224
5875,0.319488
5876,0.297984
5877,0.308224
5878,0.317440
5879,0.307200
5880,0.297984
5881,0.305152
5882,0.306176
5883,0.294912
5884,0.311296
5885,0.302080
5886,0.288768
5887,0.312320
5888,0.305152
5889,0.302080
5890,0.295936
5891,0.296960
5892,0.310272
5893,0.301056
5894,0.299008
5895,0.294912
5896,0.310272
5897,0.313344
5898,0.309248
5899,0.315392
5900,0.299008
5901,0.296960
5902,0.301056
5903,0.313344
5904,0.296960
5905,0.310272
5906,0.290816
5907,0.316416
5908,0.307200
5909,0.294912
5910,0.305152
5911,0.292864
5912,0.316416
5913,0.307200
5914,0.300032
5915,0.311296
5916,0.303104
5917,0.305152
5918,0.315392
5919,0.317440
5920,0.317440
5921,0.302080
5922,0.312320
5923,0.295936
5924,0.309248
5925,0.295936
5926,0.293888
5927,0.302080
5928,0.289792
5929,0.297984
5930,0.311296
5931,0.319488
5932,0.301056
5933,0.314368
5934,0.311296
5935,0.311296
5936,0.299008
5937,0.304128
5938,0.288768
5939,0.296960
5940,0.286720
5941,0.295936
5942,0.301056
5943,0.310272
5944,0.314368
5945,0.299008
5946,0.295936
5947,0.285696
5948,0.292864
5949,0.306176
5950,0.327680
5951,0.307200
5952,0.292864
5953,0.304128
5954,0.307200
5955,0.309248
5956,0.301056
5957,0.300032
5958,0.299008
5959,0.312320
5960,0.304128
5961,0.313344
5962,0.303104
5963,0.302080
5964,0.306176
5965,0.324608
5966,0.314368
5967,0.319488
5968,0.305152
5969,0.314368
5970,0.313344
5971,0.306176
5972,0.325632
5973,0.314368
5974,0.309248
5975,0.314368
5976,0.310272
5977,0.312320
5978,0.300032
5979,0.309248
5980,0.306176
5981,0.295936
5982,0.300032
5983,0.322560
5984,0.316416
5985,0.315392
5986,0.318464
5987,0.282624
5988,0.314368
5989,0.296960
5990,0.314368
5991,0.302080
5992,0.301056
5993,0.306176
5994,0.297984
5995,0.306176
5996,0.292864
5997,0.306176
5998,0.299008
5999,0.301056
6000,0.291840
6001,0.293888
6002,0.300032
6003,0.309248
6004,0.293888
6005,0.316416
6006,0.307200
6007,0.319488
6008,0.303104
6009,0.310272
6010,0.309248
6011,0.304128
6012,0.299008
6013,0.304128
6014,0.290816
6015,0.302080
6016,0.319488
6017,0.304128
6018,0.297984
6019,0.309248
6020,0.296960
6021,0.297984
6022,0.301056
6023,0.330752
6024,0.303104
6025,0.308224
6026,0.304128
6027,0.312320
6028,0.309248
6029,0.302080
6030,0.289792
6031,0.310272
6032,0.300032
6033,0.291840
6034,0.308224
6035,0.288768
6036,0.299008
6037,0.300032
6038,0.293888
6039,0.286720
6040,0.288768
6041,0.284672
6042,0.294912
6043,0.278528
6044,0.308224
6045,0.302080
6046,0.303104
6047,0.301056
6048,0.313344
6049,0.305152
6050,0.303104
6051,0.299008
6052,0.322560
6053,0.303104
6054,0.311296
6055,0.295936
6056,0.309248
6057,0.307200
6058,0.297984
6059,0.306176
6060,0.305152
6061,0.299008
6062,0.318464
6063,0.315392
6064,0.304128
6065,0.296960
6066,0.305152
6067,0.299008
6068,0.312320
6069,0.306176
6070,0.309248
6071,0.319488
6072,0.302080
6073,0.320512
6074,0.310272
6075,0.315392
6076,0.310272
6077,0.303104
6078,0.315392
6079,0.322560
6080,0.314368
6081,0.291840
6082,0.302080
6083,0.304128
6084,0.302080
6085,0.312320
6086,0.303104
6087,0.308224
6088,0.305152
6089,0.308224
6090,0.315392
6091,0.306176
6092,0.308224
6093,0.293888
6094,0.308224
6095,0.311296
6096,0.313344
6097,0.295936
6098,0.308224
6099,0.337920
6100,0.395264
6101,0.308224
6102,0.306176
6103,0.302080
6104,0.294912
6105,0.301056
6106,0.291840
6107,0.310272
6108,0.303104
6109,0.296960
6110,0.304128
6111,0.305152
6112,0.307200
6113,0.325632
6114,0.303104
6115,0.309248
6116,0.313344
6117,0.309248
6118,0.299008
6119,0.296960
6120,0.299008
6121,0.307200
6122,0.314368
6123,0.310272
6124,0.309248
6125,0.301056
6126,0.295936
6127,0.304128
6128,0.315392
6129,0.301056
6130,0.307200
6131,0.306176
6132,0.315392
6133,0.313344
6134,0.303104
6135,0.305152
6136,0.314368
6137,0.311296
6138,0.313344
6139,0.296960
6140,0.305152
6141,0.302080
6142,0.302080
6143,0.295936
6144,0.299008
6145,0.306176
6146,0.302080
6147,0.307200
6148,0.300032
6149,0.299008
6150,0.306176
6151,0.299008
6152,0.308224
6153,0.296960
6154,0.306176
6155,0.301056
6156,0.310272
6157,0.303104
6158,0.303104
6159,0.288768
6160,0.306176
6161,0.299008
6162,0.299008
6163,0.305152
6164,0.295936
6165,0.312320
6166,0.311296
6167,0.321536
6168,0.289792
6169,0.302080
6170,0.304128
6171,0.309248
6172,0.308224
6173,0.302080
6174,0.315392
6175,0.318464
6176,0.291840
6177,0.301056
6178,0.296960
6179,0.302080
6180,0.311296
6181,0.300032
6182,0.294912
6183,0.301056
6184,0.312320
6185,0.299008
6186,0.319488
6187,0.313344
6188,0.306176
6189,0.311296
6190,0.306176
6191,0.303104
6192,0.306176
6193,0.307200
6194,0.300032
6195,0.296960
6196,0.309248
6197,0.311296
6198,0.306176
6199,0.305152
6200,0.313344
6201,0.316416
6202,0.300032
6203,0.310272
6204,0.297984
6205,0.309248
6206,0.296960
6207,0.314368
6208,0.314368
6209,0.307200
6210,0.289792
6211,0.295936
6212,0.311296
6213,0.323584
6214,0.301056
6215,0.309248
6216,0.312320
6217,0.297984
6218,0.302080
6219,0.289792
6220,0.291840
6221,0.301056
6222,0.306176
6223,0.306176
6224,0.296960
6225,0.313344
6226,0.299008
6227,0.306176
6228,0.304128
6229,0.307200
6230,0.297984
6231,0.315392
6232,0.311296
6233,0.304128
6234,0.290816
6235,0.305152
6236,0.315392
6237,0.309248
6238,0.295936
6239,0.305152
6240,0.309248
6241,0.310272
6242,0.305152
6243,0.307200
6244,0.294912
6245,0.304128
6246,0.296960
6247,0.323584
6248,0.319488
6249,0.310272
6250,0.321536
6251,0.311296
6252,0.308224
6253,0.304128
6254,0.299008
6255,0.294912
6256,0.296960
6257,0.307200
6258,0.307200
6259,0.324608
6260,0.307200
6261,0.319488
6262,0.304128
6263,0.315392
6264,0.304128
6265,0.306176
6266,0.315392
6267,0.315392
6268,0.318464
6269,0.299008
6270,0.305152
6271,0.313344
6272,0.325632
6273,0.309248
6274,0.301056
6275,0.310272
6276,0.307200
6277,0.297984
6278,0.303104
6279,0.303104
6280,0.322560
6281,0.303104
6282,0.304128
6283,0.305152
6284,0.295936
6285,0.315392
6286,0.302080
6287,0.300032
6288,0.304128
6289,0.316416
6290,0.306176
6291,0.303104
6292,0.305152
6293,0.315392
6294,0.319488
6295,0.312320
6296,0.306176
6297,0.301056
6298,0.308224
6299,0.310272
6300,0.299008
6301,0.285696
6302,0.292864
6303,0.304128
6304,0.310272
6305,0.318464
6306,0.301056
6307,0.309248
6308,0.313344
6309,0.303104
6310,0.303104
6311,0.304128
6312,0.309248
6313,0.305152
6314,0.305152
6315,0.301056
6316,0.304128
6317,0.301056
6318,0.304128
6319,0.307200
6320,0.317440
6321,0.305152
6322,0.313344
6323,0.316416
6324,0.320512
6325,0.311296
6326,0.301056
6327,0.308224
6328,0.316416
6329,0.299008
6330,0.312320
6331,0.317440
6332,0.308224
6333,0.309248
6334,0.306176
6335,0.308224
6336,0.305152
6337,0.318464
6338,0.307200
6339,0.299008
6340,0.307200
6341,0.310272
6342,0.305152
6343,0.300032
6344,0.307200
6345,0.308224
6346,0.309248
6347,0.307200
6348,0.303104
6349,0.316416
6350,0.307200
6351,0.312320
6352,0.302080
6353,0.300032
6354,0.306176
6355,0.304128
6356,0.314368
6357,0.319488
6358,0.306176
6359,0.295936
6360,0.305152
6361,0.306176
6362,0.299008
6363,0.308224
6364,0.308224
6365,0.309248
6366,0.311296
6367,0.299008
6368,0.305152
6369,0.301056
6370,0.310272
6371,0.310272
6372,0.300032
6373,0.314368
6374,0.326656
6375,0.308224
6376,0.310272
6377,0.315392
6378,0.316416
6379,0.312320
6380,0.324608
6381,0.301056
6382,0.300032
6383,0.309248
6384,0.311296
6385,0.315392
6386,0.296960
6387,0.301056
6388,0.282624
6389,0.311296
6390,0.309248
6391,0.302080
6392,0.312320
6393,0.309248
6394,0.307200
6395,0.315392
6396,0.309248
6397,0.306176
6398,0.309248
6399,0.309248
6400,0.307200
6401,0.294912
6402,0.292864
6403,0.312320
6404,0.311296
6405,0.319488
6406,0.314368
6407,0.295936
6408,0.299008
6409,0.307200
6410,0.311296
6411,0.311296
6412,0.397312
6413,0.302080
6414,0.305152
6415,0.305152
6416,0.313344
6417,0.315392
6418,0.310272
6419,0.296960
6420,0.312320
6421,0.307200
6422,0.316416
6423,0.302080
6424,0.306176
6425,0.317440
6426,0.301056
6427,0.296960
6428,0.302080
6429,0.310272
6430,0.309248
6431,0.309248
6432,0.308224
6433,0.311296
6434,0.303104
6435,0.314368
6436,0.308224
6437,0.312320
6438,0.306176
6439,0.317440
6440,0.313344
6441,0.305152
6442,0.302080
6443,0.303104
6444,0.317440
6445,0.307200
6446,0.314368
6447,0.299008
6448,0.305152
6449,0.292864
6450,0.309248
6451,0.317440
6452,0.297984
6453,0.308224
6454,0.291840
6455,0.302080
6456,0.309248
6457,0.313344
6458,0.310272
6459,0.301056
6460,0.309248
6461,0.314368
6462,0.303104
6463,0.302080
6464,0.303104
6465,0.306176
6466,0.289792
6467,0.301056
6468,0.307200
6469,0.302080
6470,0.312320
6471,0.299008
6472,0.316416
6473,0.314368
6474,0.314368
6475,0.288768
6476,0.315392
6477,0.313344
6478,0.314368
6479,0.303104
6480,0.304128
6481,0.316416
6482,0.307200
6483,0.302080
6484,0.300032
6485,0.303104
6486,0.308224
6487,0.304128
6488,0.304128
6489,0.293888
6490,0.314368
6491,0.303104
6492,0.311296
6493,0.302080
6494,0.297984
6495,0.315392
6496,0.305152
6497,0.300032
6498,0.294912
6499,0.312320
6500,0.303104
6501,0.306176
6502,0.301056
6503,0.314368
6504,0.307200
6505,0.309248
6506,0.306176
6507,0.323584
6508,0.307200
6509,0.296960
6510,0.314368
6511,0.297984
6512,0.409600
6513,0.320512
6514,0.308224
6515,0.327680
6516,0.309248
6517,0.319488
6518,0.310272
6519,0.311296
6520,0.302080
6521,0.307200
6522,0.282624
6523,0.309248
6524,0.311296
6525,0.299008
6526,0.297984
6527,0.304128
6528,0.322560
6529,0.311296
6530,0.314368
6531,0.310272
6532,0.319488
6533,0.303104
6534,0.306176
6535,0.309248
6536,0.297984
6537,0.311296
6538,0.308224
6539,0.312320
6540,0.301056
6541,0.304128
6542,0.301056
6543,0.294912
6544,0.315392
6545,0.315392
6546,0.324608
6547,0.302080
6548,0.316416
6549,0.304128
6550,0.295936
6551,0.312320
6552,0.306176
6553,0.303104
6554,0.305152
6555,0.297984
6556,0.309248
6557,0.309248
6558,0.290816
6559,0.314368
6560,0.299008
6561,0.302080
6562,0.308224
6563,0.312320
6564,0.301056
6565,0.304128
6566,0.293888
6567,0.306176
6568,0.320512
6569,0.310272
6570,0.303104
6571,0.290816
6572,0.306176
6573,0.311296
6574,0.302080
6575,0.302080
6576,0.304128
6577,0.312320
6578,0.300032
6579,0.309248
6580,0.296960
6581,0.310272
6582,0.301056
6583,0.301056
6584,0.301056
6585,0.304128
6586,0.300032
6587,0.308224
6588,0.303104
6589,0.311296
6590,0.313344
6591,0.296960
6592,0.309248
6593,0.294912
6594,0.301056
6595,0.314368
6596,0.304128
6597,0.297984
6598,0.312320
6599,0.297984
6600,0.305152
6601,0.307200
6602,0.301056
6603,0.307200
6604,0.313344
6605,0.308224
6606,0.300032
6607,0.292864
6608,0.313344
6609,0.314368
6610,0.318464
6611,0.310272
6612,0.292864
6613,0.308224
6614,0.323584
6615,0.297984
6616,0.314368
6617,0.302080
6618,0.303104
6619,0.309248
6620,0.308224
6621,0.310272
6622,0.314368
6623,0.301056
6624,0.301056
6625,0.301056
6626,0.315392
6627,0.305152
6628,0.314368
6629,0.301056
6630,0.300032
6631,0.319488
6632,0.311296
6633,0.307200
6634,0.302080
6635,0.312320
6636,0.303104
6637,0.317440
6638,0.323584
6639,0.304128
6640,0.315392
6641,0.302080
6642,0.301056
6643,0.321536
6644,0.307200
6645,0.311296
6646,0.310272
6647,0.309248
6648,0.301056
6649,0.312320
6650,0.311296
6651,0.316416
6652,0.295936
6653,0.310272
6654,0.317440
6655,0.306176
6656,0.307200
6657,0.304128
6658,0.304128
6659,0.313344
6660,0.304128
6661,0.307200
6662,0.301056
6663,0.295936
6664,0.313344
6665,0.310272
6666,0.309248
6667,0.296960
6668,0.301056
6669,0.303104
6670,0.299008
6671,0.307200
6672,0.314368
6673,0.293888
6674,0.301056
6675,0.302080
6676,0.318464
6677,0.297984
6678,0.304128
6679,0.301056
6680,0.301056
6681,0.301056
6682,0.310272
6683,0.311296
6684,0.306176
6685,0.313344
6686,0.301056
6687,0.310272
6688,0.295936
6689,0.289792
6690,0.310272
6691,0.294912
6692,0.305152
6693,0.312320
6694,0.303104
6695,0.310272
6696,0.299008
6697,0.312320
6698,0.307200
6699,0.303104
6700,0.306176
6701,0.299008
6702,0.313344
6703,0.308224
6704,0.315392
6705,0.297984
6706,0.315392
6707,0.319488
6708,0.305152
6709,0.325632
6710,0.299008
6711,0.302080
6712,0.304128
6713,0.301056
6714,0.308224
6715,0.310272
6716,0.317440
6717,0.314368
6718,0.304128
6719,0.308224
6720,0.290816
6721,0.288768
6722,0.309248
6723,0.306176
6724,0.297984
6725,0.297984
6726,0.309248
6727,0.307200
6728,0.305152
6729,0.308224
6730,0.305152
6731,0.314368
6732,0.306176
6733,0.305152
6734,0.307200
6735,0.310272
6736,0.299008
6737,0.312320
6738,0.314368
6739,0.311296
6740,0.321536
6741,0.306176
6742,0.293888
6743,0.302080
6744,0.320512
6745,0.301056
6746,0.301056
6747,0.306176
6748,0.299008
6749,0.310272
6750,0.313344
6751,0.312320
6752,0.307200
6753,0.309248
6754,0.304128
6755,0.315392
6756,0.311296
6757,0.307200
6758,0.303104
6759,0.313344
6760,0.302080
6761,0.312320
6762,0.319488
6763,0.312320
6764,0.302080
6765,0.303104
6766,0.312320
6767,0.301056
6768,0.307200
6769,0.304128
6770,0.321536
6771,0.303104
6772,0.315392
6773,0.285696
6774,0.308224
6775,0.300032
6776,0.303104
6777,0.312320
6778,0.300032
6779,0.307200
6780,0.302080
6781,0.299008
6782,0.311296
6783,0.300032
6784,0.304128
6785,0.316416
6786,0.294912
6787,0.310272
6788,0.311296
6789,0.310272
6790,0.299008
6791,0.301056
6792,0.310272
6793,0.303104
6794,0.308224
6795,0.310272
6796,0.303104
6797,0.312320
6798,0.301056
6799,0.446464
6800,0.303104
6801,0.317440
6802,0.358400
6803,0.288768
6804,0.312320
6805,0.299008
6806,0.303104
6807,0.306176
6808,0.324608
6809,0.315392
6810,0.317440
6811,0.309248
6812,0.293888
6813,0.307200
6814,0.309248
6815,0.301056
6816,0.309248
6817,0.316416
6818,0.319488
6819,0.300032
6820,0.295936
6821,0.296960
6822,0.322560
6823,0.320512
6824,0.301056
6825,0.303104
6826,0.313344
6827,0.304128
6828,0.305152
6829,0.314368
6830,0.315392
6831,0.305152
6832,0.301056
6833,0.309248
6834,0.303104
6835,0.310272
6836,0.303104
6837,0.304128
6838,0.301056
6839,0.313344
6840,0.313344
6841,0.294912
6842,0.303104
6843,0.311296
6844,0.509952
6845,0.309248
6846,0.286720
6847,0.439296
6848,0.308224
6849,0.297984
6850,0.303104
6851,0.295936
6852,0.294912
6853,0.315392
6854,0.292864
6855,0.297984
6856,0.302080
6857,0.293888
6858,0.308224
6859,0.327680
6860,0.301056
6861,0.309248
6862,0.292864
6863,0.299008
6864,0.500736
6865,0.292864
6866,0.286720
6867,0.296960
6868,0.314368
6869,0.322560
6870,0.297984
6871,0.317440
6872,0.311296
6873,0.301056
6874,0.300032
6875,0.307200
6876,0.318464
6877,0.303104
6878,0.307200
6879,0.307200
6880,0.320512
6881,0.309248
6882,0.319488
6883,0.316416
6884,0.295936
6885,0.305152
6886,0.322560
6887,0.296960
6888,0.302080
6889,0.306176
6890,0.301056
6891,0.312320
6892,0.297984
6893,0.310272
6894,0.301056
6895,0.297984
6896,0.306176
6897,0.310272
6898,0.304128
6899,0.313344
6900,0.305152
6901,0.303104
6902,0.306176
6903,0.300032
6904,0.303104
6905,0.306176
6906,0.299008
6907,0.307200
6908,0.307200
6909,0.304128
6910,0.295936
6911,0.303104
6912,0.292864
6913,0.299008
6914,0.289792
6915,0.311296
6916,0.308224
6917,0.307200
6918,0.297984
6919,0.306176
6920,0.309248
6921,0.310272
6922,0.310272
6923,0.309248
6924,0.301056
6925,0.297984
6926,0.308224
6927,0.314368
6928,0.316416
6929,0.314368
6930,0.302080
6931,0.316416
6932,0.301056
6933,0.312320
6934,0.310272
6935,0.303104
6936,0.296960
6937,0.308224
6938,0.305152
6939,0.300032
6940,0.307200
6941,0.315392
6942,0.305152
6943,0.314368
6944,0.313344
6945,0.307200
6946,0.307200
6947,0.305152
6948,0.306176
6949,0.302080
6950,0.304128
6951,0.320512
6952,0.313344
6953,0.296960
6954,0.289792
6955,0.310272
6956,0.308224
6957,0.300032
6958,0.306176
6959,0.308224
6960,0.294912
6961,0.314368
6962,0.306176
6963,0.305152
6964,0.291840
6965,0.300032
6966,0.317440
6967,0.309248
6968,0.306176
6969,0.313344
6970,0.306176
6971,0.304128
6972,0.290816
6973,0.304128
6974,0.304128
6975,0.312320
6976,0.311296
6977,0.304128
6978,0.295936
6979,0.302080
6980,0.294912
6981,0.302080
6982,0.302080
6983,0.301056
6984,0.311296
6985,0.312320
6986,0.304128
6987,0.302080
6988,0.305152
6989,0.303104
6990,0.307200
6991,0.306176
6992,0.299008
6993,0.309248
6994,0.294912
6995,0.311296
6996,0.308224
6997,0.302080
6998,0.323584
6999,0.320512
7000,0.303104
7001,0.305152
7002,0.318464
7003,0.300032
7004,0.300032
7005,0.317440
7006,0.297984
7007,0.309248
7008,0.306176
7009,0.309248
7010,0.312320
7011,0.300032
7012,0.299008
7013,0.291840
7014,0.295936
7015,0.297984
7016,0.311296
7017,0.319488
7018,0.303104
7019,0.305152
7020,0.309248
7021,0.328704
7022,0.314368
7023,0.311296
7024,0.307200
7025,0.283648
7026,0.324608
7027,0.316416
7028,0.311296
7029,0.308224
7030,0.299008
7031,0.294912
7032,0.315392
7033,0.293888
7034,0.309248
7035,0.303104
7036,0.312320
7037,0.311296
7038,0.312320
7039,0.314368
7040,0.320512
7041,0.309248
7042,0.296960
7043,0.293888
7044,0.307200
7045,0.310272
7046,0.307200
7047,0.310272
7048,0.315392
7049,0.311296
7050,0.299008
7051,0.297984
7052,0.305152
7053,0.301056
7054,0.295936
7055,0.297984
7056,0.312320
7057,0.319488
7058,0.311296
7059,0.296960
7060,0.321536
7061,0.306176
7062,0.319488
7063,0.302080
7064,0.310272
7065,0.295936
7066,0.295936
7067,0.304128
7068,0.293888
7069,0.297984
7070,0.310272
7071,0.305152
7072,0.297984
7073,0.305152
7074,0.312320
7075,0.300032
7076,0.289792
7077,0.293888
7078,0.290816
7079,0.299008
7080,0.306176
7081,0.309248
7082,0.331776
7083,0.305152
7084,0.304128
7085,0.313344
7086,0.302080
7087,0.316416
7088,0.311296
7089,0.299008
7090,0.302080
7091,0.301056
7092,0.302080
7093,0.302080
7094,0.313344
7095,0.292864
7096,0.295936
7097,0.303104
7098,0.303104
7099,0.303104
7100,0.305152
7101,0.320512
7102,0.310272
7103,0.301056
7104,0.306176
7105,0.314368
7106,0.301056
7107,0.310272
7108,0.301056
7109,0.304128
7110,0.300032
7111,0.307200
7112,0.303104
7113,0.305152
7114,0.304128
7115,0.308224
7116,0.308224
7117,0.314368
7118,0.311296
7119,0.310272
7120,0.309248
7121,0.309248
7122,0.307200
7123,0.299008
7124,0.319488
7125,0.308224
7126,0.305152
7127,0.304128
7128,0.294912
7129,0.301056
7130,0.300032
7131,0.306176
7132,0.315392
7133,0.307200
7134,0.299008
7135,0.294912
7136,0.300032
7137,0.322560
7138,0.299008
7139,0.305152
7140,0.323584
7141,0.306176
7142,0.309248
7143,0.300032
7144,0.297984
7145,0.300032
7146,0.318464
7147,0.315392
7148,0.300032
7149,0.304128
7150,0.303104
7151,0.301056
7152,0.314368
7153,0.297984
7154,0.315392
7155,0.308224
7156,0.301056
7157,0.305152
7158,0.302080
7159,0.316416
7160,0.302080
7161,0.311296
7162,0.299008
7163,0.306176
7164,0.306176
7165,0.301056
7166,0.292864
7167,0.305152
7168,0.314368
7169,0.300032
7170,0.299008
7171,0.310272
7172,0.304128
7173,0.296960
7174,0.305152
7175,0.307200
7176,0.305152
7177,0.305152
7178,0.389120
7179,0.289792
7180,0.307200
7181,0.309248
7182,0.307200
7183,0.303104
7184,0.308224
7185,0.300032
7186,0.304128
7187,0.308224
7188,0.284672
7189,0.310272
7190,0.310272
7191,0.303104
7192,0.311296
7193,0.304128
7194,0.316416
7195,0.296960
7196,0.294912
7197,0.293888
7198,0.305152
7199,0.316416
7200,0.312320
7201,0.311296
7202,0.306176
7203,0.306176
7204,0.291840
7205,0.309248
7206,0.317440
7207,0.309248
7208,0.312320
7209,0.310272
7210,0.306176
7211,0.305152
7212,0.303104
7213,0.294912
7214,0.304128
7215,0.300032
7216,0.309248
7217,0.309248
7218,0.300032
7219,0.306176
7220,0.297984
7221,0.310272
7222,0.319488
7223,0.297984
7224,0.294912
7225,0.304128
7226,0.299008
7227,0.304128
7228,0.300032
7229,0.314368
7230,0.321536
7231,0.293888
7232,0.293888
7233,0.299008
7234,0.309248
7235,0.300032
7236,0.310272
7237,0.312320
7238,0.299008
7239,0.304128
7240,0.301056
7241,0.290816
7242,0.309248
7243,0.311296
7244,0.301056
7245,0.295936
7246,0.301056
7247,0.296960
7248,0.309248
7249,0.302080
7250,0.309248
7251,0.292864
7252,0.306176
7253,0.303104
7254,0.305152
7255,0.300032
7256,0.320512
7257,0.305152
7258,0.305152
7259,0.305152
7260,0.295936
7261,0.297984
7262,0.286720
7263,0.301056
7264,0.311296
7265,0.318464
7266,0.307200
7267,0.302080
7268,0.302080
7269,0.311296
7270,0.305152
7271,0.309248
7272,0.291840
7273,0.308224
7274,0.311296
7275,0.301056
7276,0.293888
7277,0.299008
7278,0.295936
7279,0.320512
7280,0.300032
7281,0.304128
7282,0.295936
7283,0.318464
7284,0.294912
7285,0.312320
7286,0.300032
7287,0.301056
7288,0.304128
7289,0.309248
7290,0.304128
7291,0.306176
7292,0.300032
7293,0.310272
7294,0.299008
7295,0.309248
7296,0.304128
7297,0.317440
7298,0.300032
7299,0.301056
7300,0.302080
7301,0.292864
7302,0.302080
7303,0.318464
7304,0.315392
7305,0.307200
7306,0.315392
7307,0.317440
7308,0.311296
7309,0.313344
7310,0.288768
7311,0.293888
7312,0.297984
7313,0.313344
7314,0.320512
7315,0.307200
7316,0.319488
7317,0.306176
7318,0.315392
7319,0.304128
7320,0.302080
7321,0.311296
7322,0.305152
7323,0.318464
7324,0.309248
7325,0.312320
7326,0.309248
7327,0.313344
7328,0.301056
7329,0.286720
7330,0.304128
7331,0.303104
7332,0.313344
7333,0.303104
7334,0.300032
7335,0.301056
7336,0.294912
7337,0.311296
7338,0.310272
7339,0.296960
7340,0.317440
7341,0.314368
7342,0.299008
7343,0.315392
7344,0.313344
7345,0.307200
7346,0.313344
7347,0.288768
7348,0.309248
7349,0.308224
7350,0.301056
7351,0.297984
7352,0.320512
7353,0.300032
7354,0.318464
7355,0.322560
7356,0.302080
7357,0.307200
7358,0.303104
7359,0.309248
7360,0.292864
7361,0.300032
7362,0.314368
7363,0.308224
7364,0.309248
7365,0.302080
7366,0.299008
7367,0.301056
7368,0.301056
7369,0.314368
7370,0.307200
7371,0.306176
7372,0.302080
7373,0.291840
7374,0.303104
7375,0.308224
7376,0.292864
7377,0.303104
7378,0.308224
7379,0.302080
7380,0.290816
7381,0.317440
7382,0.311296
7383,0.312320
7384,0.302080
7385,0.290816
7386,0.310272
7387,0.312320
7388,0.296960
7389,0.318464
7390,0.302080
7391,0.313344
7392,0.300032
7393,0.299008
7394,0.306176
7395,0.306176
7396,0.306176
7397,0.285696
7398,0.302080
7399,0.296960
7400,0.304128
7401,0.301056
7402,0.293888
7403,0.295936
7404,0.308224
7405,0.301056
7406,0.301056
7407,0.287744
7408,0.312320
7409,0.325632
7410,0.308224
7411,0.308224
7412,0.311296
7413,0.309248
7414,0.310272
7415,0.302080
7416,0.318464
7417,0.302080
7418,0.305152
7419,0.293888
7420,0.307200
7421,0.307200
7422,0.307200
7423,0.306176
7424,0.303104
7425,0.306176
7426,0.305152
7427,0.302080
7428,0.302080
7429,0.295936
7430,0.285696
7431,0.313344
7432,0.300032
7433,0.314368
7434,0.306176
7435,0.309248
7436,0.309248
7437,0.302080
7438,0.310272
7439,0.303104
7440,0.311296
7441,0.292864
7442,0.299008
7443,0.309248
7444,0.295936
7445,0.293888
7446,0.313344
7447,0.304128
7448,0.302080
7449,0.314368
7450,0.312320
7451,0.310272
7452,0.291840
7453,0.313344
7454,0.312320
7455,0.309248
7456,0.300032
7457,0.300032
7458,0.302080
7459,0.304128
7460,0.311296
7461,0.305152
7462,0.306176
7463,0.301056
7464,0.313344
7465,0.299008
7466,0.287744
7467,0.302080
7468,0.319488
7469,0.305152
7470,0.301056
7471,0.300032
7472,0.316416
7473,0.294912
7474,0.307200
7475,0.290816
7476,0.306176
7477,0.306176
7478,0.315392
7479,0.306176
7480,0.301056
7481,0.306176
7482,0.305152
7483,0.288768
7484,0.303104
7485,0.303104
7486,0.308224
7487,0.303104
7488,0.297984
7489,0.303104
7490,0.321536
7491,0.307200
7492,0.305152
7493,0.303104
7494,0.303104
7495,0.292864
7496,0.294912
7497,0.301056
7498,0.309248
7499,0.309248
7500,0.297984
7501,0.417792
7502,0.292864
7503,0.323584
7504,0.314368
7505,0.316416
7506,0.318464
7507,0.311296
7508,0.295936
7509,0.305152
7510,0.314368
7511,0.301056
7512,0.313344
7513,0.311296
7514,0.305152
7515,0.300032
7516,0.304128
7517,0.301056
7518,0.299008
7519,0.318464
7520,0.322560
7521,0.312320
7522,0.296960
7523,0.308224
7524,0.310272
7525,0.305152
7526,0.297984
7527,0.312320
7528,0.306176
7529,0.302080
7530,0.280576
7531,0.301056
7532,0.299008
7533,0.313344
7534,0.323584
7535,0.317440
7536,0.301056
7537,0.303104
7538,0.302080
7539,0.310272
7540,0.303104
7541,0.308224
7542,0.308224
7543,0.290816
7544,0.309248
7545,0.299008
7546,0.300032
7547,0.314368
7548,0.309248
7549,0.296960
7550,0.305152
7551,0.302080
7552,0.296960
7553,0.297984
7554,0.310272
7555,0.308224
7556,0.316416
7557,0.308224
7558,0.295936
7559,0.305152
7560,0.295936
7561,0.297984
7562,0.311296
7563,0.291840
7564,0.307200
7565,0.296960
7566,0.311296
7567,0.306176
7568,0.288768
7569,0.308224
7570,0.307200
7571,0.306176
7572,0.308224
7573,0.305152
7574,0.297984
7575,0.303104
7576,0.297984
7577,0.299008
7578,0.309248
7579,0.304128
7580,0.287744
7581,0.321536
7582,0.301056
7583,0.307200
7584,0.314368
7585,0.292864
7586,0.315392
7587,0.286720
7588,0.301056
7589,0.307200
7590,0.302080
7591,0.307200
7592,0.313344
7593,0.309248
7594,0.303104
7595,0.321536
7596,0.308224
7597,0.309248
7598,0.287744
7599,0.297984
7600,0.292864
7601,0.314368
7602,0.313344
7603,0.311296
7604,0.297984
7605,0.302080
7606,0.291840
7607,0.302080
7608,0.296960
7609,0.318464
7610,0.311296
7611,0.301056
7612,0.292864
7613,0.303104
7614,0.300032
7615,0.306176
7616,0.302080
7617,0.304128
7618,0.294912
7619,0.315392
7620,0.310272
7621,0.311296
7622,0.294912
7623,0.296960
7624,0.309248
7625,0.297984
7626,0.302080
7627,0.309248
7628,0.296960
7629,0.305152
7630,0.309248
7631,0.283648
7632,0.300032
7633,0.308224
7634,0.302080
7635,0.307200
7636,0.313344
7637,0.295936
7638,0.300032
7639,0.305152
7640,0.314368
7641,0.287744
7642,0.311296
7643,0.292864
7644,0.332800
7645,0.296960
7646,0.307200
7647,0.303104
7648,0.294912
7649,0.321536
7650,0.296960
7651,0.303104
7652,0.287744
7653,0.303104
7654,0.313344
7655,0.316416
7656,0.307200
7657,0.307200
7658,0.305152
7659,0.312320
7660,0.304128
7661,0.296960
7662,0.301056
7663,0.290816
7664,0.297984
7665,0.301056
7666,0.294912
7667,0.313344
7668,0.292864
7669,0.317440
7670,0.318464
7671,0.302080
7672,0.316416
7673,0.313344
7674,0.296960
7675,0.316416
7676,0.321536
7677,0.304128
7678,0.294912
7679,0.301056
7680,0.308224
7681,0.297984
7682,0.294912
7683,0.300032
7684,0.294912
7685,0.299008
7686,0.280576
7687,0.291840
7688,0.309248
7689,0.302080
7690,0.316416
7691,0.315392
7692,0.310272
7693,0.311296
7694,0.311296
7695,0.300032
7696,0.302080
7697,0.307200
7698,0.300032
7699,0.296960
7700,0.289792
7701,0.292864
7702,0.303104
7703,0.311296
7704,0.312320
7705,0.304128
7706,0.302080
7707,0.299008
7708,0.320512
7709,0.310272
7710,0.299008
7711,0.305152
7712,0.295936
7713,0.295936
7714,0.306176
7715,0.306176
7716,0.299008
7717,0.303104
7718,0.308224
7719,0.312320
7720,0.307200
7721,0.296960
7722,0.293888
7723,0.297984
7724,0.312320
7725,0.301056
7726,0.295936
7727,0.305152
7728,0.309248
7729,0.290816
7730,0.305152
7731,0.293888
7732,0.313344
7733,0.302080
7734,0.293888
7735,0.294912
7736,0.305152
7737,0.315392
7738,0.305152
7739,0.303104
7740,0.303104
7741,0.309248
7742,0.309248
7743,0.296960
7744,0.317440
7745,0.295936
7746,0.305152
7747,0.296960
7748,0.305152
7749,0.311296
7750,0.301056
7751,0.293888
7752,0.305152
7753,0.315392
7754,0.296960
7755,0.311296
7756,0.289792
7757,0.311296
7758,0.295936
7759,0.296960
7760,0.304128
7761,0.309248
7762,0.304128
7763,0.304128
7764,0.308224
7765,0.306176
7766,0.309248
7767,0.283648
7768,0.297984
7769,0.300032
7770,0.313344
7771,0.314368
7772,0.307200
7773,0.303104
7774,0.311296
7775,0.303104
7776,0.300032
7777,0.308224
7778,0.311296
7779,0.300032
7780,0.304128
7781,0.313344
7782,0.293888
7783,0.304128
7784,0.289792
7785,0.297984
7786,0.324608
7787,0.301056
7788,0.289792
7789,0.304128
7790,0.305152
7791,0.296960
7792,0.303104
7793,0.316416
7794,0.288768
7795,0.296960
7796,0.296960
7797,0.305152
7798,0.296960
7799,0.300032
7800,0.304128
7801,0.305152
7802,0.315392
7803,0.295936
7804,0.314368
7805,0.300032
7806,0.306176
7807,0.301056
7808,0.299008
7809,0.305152
7810,0.292864
7811,0.300032
7812,0.294912
7813,0.294912
7814,0.302080
7815,0.427008
7816,0.290816
7817,0.312320
7818,0.306176
7819,0.309248
7820,0.293888
7821,0.309248
7822,0.297984
7823,0.300032
7824,0.300032
7825,0.301056
7826,0.307200
7827,0.287744
7828,0.314368
7829,0.315392
7830,0.309248
7831,0.363520
7832,0.296960
7833,0.300032
7834,0.292864
7835,0.299008
7836,0.312320
7837,0.314368
7838,0.301056
7839,0.308224
7840,0.300032
7841,0.312320
7842,0.302080
7843,0.302080
7844,0.300032
7845,0.302080
7846,0.303104
7847,0.304128
7848,0.295936
7849,0.299008
7850,0.309248
7851,0.318464
7852,0.310272
7853,0.293888
7854,0.291840
7855,0.303104
7856,0.303104
7857,0.307200
7858,0.299008
7859,0.286720
7860,0.310272
7861,0.314368
7862,0.317440
7863,0.300032
7864,0.303104
7865,0.308224
7866,0.300032
7867,0.300032
7868,0.305152
7869,0.314368
7870,0.307200
7871,0.299008
7872,0.323584
7873,0.303104
7874,0.293888
7875,0.303104
7876,0.302080
7877,0.308224
7878,0.286720
7879,0.305152
7880,0.292864
7881,0.310272
7882,0.300032
7883,0.300032
7884,0.296960
7885,0.310272
7886,0.297984
7887,0.299008
7888,0.306176
7889,0.306176
7890,0.292864
7891,0.289792
7892,0.309248
7893,0.316416
7894,0.301056
7895,0.294912
7896,0.303104
7897,0.303104
7898,0.312320
7899,0.303104
7900,0.295936
7901,0.304128
7902,0.308224
7903,0.302080
7904,0.299008
7905,0.296960
7906,0.299008
7907,0.313344
7908,0.307200
7909,0.311296
7910,0.297984
7911,0.308224
7912,0.300032
7913,0.307200
7914,0.310272
7915,0.297984
7916,0.308224
7917,0.304128
7918,0.292864
7919,0.305152
7920,0.310272
7921,0.317440
7922,0.302080
7923,0.297984
7924,0.292864
7925,0.312320
7926,0.299008
7927,0.309248
7928,0.309248
7929,0.311296
7930,0.315392
7931,0.308224
7932,0.309248
7933,0.296960
7934,0.299008
7935,0.302080
7936,0.307200
7937,0.301056
7938,0.317440
7939,0.319488
7940,0.311296
7941,0.304128
7942,0.320512
7943,0.309248
7944,0.313344
7945,0.299008
7946,0.308224
7947,0.293888
7948,0.309248
7949,0.299008
7950,0.319488
7951,0.301056
7952,0.296960
7953,0.314368
7954,0.305152
7955,0.312320
7956,0.310272
7957,0.305152
7958,0.295936
7959,0.299008
7960,0.308224
7961,0.319488
7962,0.296960
7963,0.296960
7964,0.300032
7965,0.309248
7966,0.308224
7967,0.306176
7968,0.295936
7969,0.291840
7970,0.291840
7971,0.307200
7972,0.309248
7973,0.292864
7974,0.292864
7975,0.286720
7976,0.301056
7977,0.303104
7978,0.308224
7979,0.299008
7980,0.303104
7981,0.303104
7982,0.315392
7983,0.310272
7984,0.299008
7985,0.297984
7986,0.292864
7987,0.297984
7988,0.300032
7989,0.289792
7990,0.295936
7991,0.301056
7992,0.307200
7993,0.303104
7994,0.311296
7995,0.316416
7996,0.303104
7997,0.304128
7998,0.308224
7999,0.303104
8000,0.313344
8001,0.305152
8002,0.303104
8003,0.308224
8004,0.315392
8005,0.307200
8006,0.304128
8007,0.299008
8008,0.301056
8009,0.294912
8010,0.295936
8011,0.312320
8012,0.306176
8013,0.308224
8014,0.306176
8015,0.292864
8016,0.326656
8017,0.308224
8018,0.286720
8019,0.295936
8020,0.302080
8021,0.302080
8022,0.297984
8023,0.311296
8024,0.312320
8025,0.299008
8026,0.304128
8027,0.310272
8028,0.296960
8029,0.310272
8030,0.302080
8031,0.310272
8032,0.290816
8033,0.313344
8034,0.304128
8035,0.308224
8036,0.315392
8037,0.301056
8038,0.308224
8039,0.304128
8040,0.302080
8041,0.296960
8042,0.304128
8043,0.292864
8044,0.289792
8045,0.303104
8046,0.299008
8047,0.306176
8048,0.301056
8049,0.314368
8050,0.309248
8051,0.305152
8052,0.301056
8053,0.309248
8054,0.299008
8055,0.294912
8056,0.326656
8057,0.303104
8058,0.297984
8059,0.288768
8060,0.294912
8061,0.296960
8062,0.304128
8063,0.295936
8064,0.317440
8065,0.305152
8066,0.307200
8067,0.290816
8068,0.311296
8069,0.302080
8070,0.317440
8071,0.306176
8072,0.304128
8073,0.310272
8074,0.304128
8075,0.306176
8076,0.299008
8077,0.312320
8078,0.291840
8079,0.294912
8080,0.300032
8081,0.306176
8082,0.300032
8083,0.305152
8084,0.312320
8085,0.288768
8086,0.309248
8087,0.311296
8088,0.297984
8089,0.311296
8090,0.317440
8091,0.310272
8092,0.314368
8093,0.312320
8094,0.311296
8095,0.304128
8096,0.295936
8097,0.311296
8098,0.290816
8099,0.294912
8100,0.303104
8101,0.288768
8102,0.289792
8103,0.292864
8104,0.299008
8105,0.291840
8106,0.310272
8107,0.292864
8108,0.302080
8109,0.307200
8110,0.288768
8111,0.312320
8112,0.306176
8113,0.303104
8114,0.296960
8115,0.302080
8116,0.300032
8117,0.302080
8118,0.308224
8119,0.307200
8120,0.301056
8121,0.300032
8122,0.301056
8123,0.311296
8124,0.309248
8125,0.304128
8126,0.294912
8127,0.317440
8128,0.302080
8129,0.302080
8130,0.295936
8131,0.299008
8132,0.294912
8133,0.301056
8134,0.292864
8135,0.320512
8136,0.306176
8137,0.304128
8138,0.316416
8139,0.310272
8140,0.300032
8141,0.308224
8142,0.323584
8143,0.300032
8144,0.307200
8145,0.352256
8146,0.322560
8147,0.311296
8148,0.316416
8149,0.288768
8150,0.297984
8151,0.294912
8152,0.304128
8153,0.304128
8154,0.296960
8155,0.304128
8156,0.309248
8157,0.505856
8158,0.306176
8159,0.289792
8160,0.293888
8161,0.291840
8162,0.306176
8163,0.308224
8164,0.297984
8165,0.315392
8166,0.309248
8167,0.302080
8168,0.317440
8169,0.302080
8170,0.301056
8171,0.288768
8172,0.329728
8173,0.306176
8174,0.307200
8175,0.297984
8176,0.322560
8177,0.306176
8178,0.304128
8179,0.313344
8180,0.311296
8181,0.304128
8182,0.309248
8183,0.300032
8184,0.308224
8185,0.308224
8186,0.309248
8187,0.300032
8188,0.288768
8189,0.299008
8190,0.328704
8191,0.297984
8192,0.297984
8193,0.301056
8194,0.313344
8195,0.312320
8196,0.311296
8197,0.315392
8198,0.317440
8199,0.313344
8200,0.305152
8201,0.305152
8202,0.302080
8203,0.306176
8204,0.306176
8205,0.305152
8206,0.299008
8207,0.307200
8208,0.306176
8209,0.300032
8210,0.286720
8211,0.311296
8212,0.293888
8213,0.296960
8214,0.302080
8215,0.291840
8216,0.303104
8217,0.306176
8218,0.308224
8219,0.305152
8220,0.299008
8221,0.306176
8222,0.296960
8223,0.287744
8224,0.305152
8225,0.283648
8226,0.297984
8227,0.311296
8228,0.300032
8229,0.312320
8230,0.310272
8231,0.302080
8232,0.301056
8233,0.293888
8234,0.296960
8235,0.310272
8236,0.295936
8237,0.304128
8238,0.315392
8239,0.301056
8240,0.296960
8241,0.315392
8242,0.307200
8243,0.297984
8244,0.304128
8245,0.301056
8246,0.296960
8247,0.289792
8248,0.300032
8249,0.311296
8250,0.309248
8251,0.300032
8252,0.317440
8253,0.307200
8254,0.300032
8255,0.310272
8256,0.300032
8257,0.294912
8258,0.311296
8259,0.311296
8260,0.305152
8261,0.302080
8262,0.300032
8263,0.309248
8264,0.297984
8265,0.310272
8266,0.307200
8267,0.313344
8268,0.311296
8269,0.303104
8270,0.317440
8271,0.305152
8272,0.310272
8273,0.308224
8274,0.294912
8275,0.299008
8276,0.302080
8277,0.312320
8278,0.302080
8279,0.292864
8280,0.304128
8281,0.308224
8282,0.307200
8283,0.285696
8284,0.313344
8285,0.311296
8286,0.303104
8287,0.304128
8288,0.307200
8289,0.299008
8290,0.307200
8291,0.288768
8292,0.309248
8293,0.302080
8294,0.295936
8295,0.308224
8296,0.305152
8297,0.296960
8298,0.306176
8299,0.315392
8300,0.305152
8301,0.306176
8302,0.299008
8303,0.295936
8304,0.307200
8305,0.304128
8306,0.302080
8307,0.292864
8308,0.309248
8309,0.299008
8310,0.303104
8311,0.297984
8312,0.306176
8313,0.304128
8314,0.303104
8315,0.306176
8316,0.311296
8317,0.303104
8318,0.290816
8319,0.319488
8320,0.313344
8321,0.307200
8322,0.303104
8323,0.307200
8324,0.305152
8325,0.294912
8326,0.305152
8327,0.295936
8328,0.302080
8329,0.297984
8330,0.315392
8331,0.300032
8332,0.306176
8333,0.306176
8334,0.297984
8335,0.305152
8336,0.295936
8337,0.300032
8338,0.309248
8339,0.297984
8340,0.294912
8341,0.308224
8342,0.299008
8343,0.295936
8344,0.301056
8345,0.296960
8346,0.294912
8347,0.304128
8348,0.304128
8349,0.300032
8350,0.307200
8351,0.297984
8352,0.314368
8353,0.304128
8354,0.323584
8355,0.297984
8356,0.309248
8357,0.296960
8358,0.305152
8359,0.303104
8360,0.297984
8361,0.304128
8362,0.306176
8363,0.302080
8364,0.309248
8365,0.294912
8366,0.306176
8367,0.312320
8368,0.311296
8369,0.292864
8370,0.303104
8371,0.307200
8372,0.308224
8373,0.301056
8374,0.309248
8375,0.313344
8376,0.305152
8377,0.311296
8378,0.294912
8379,0.303104
8380,0.299008
8381,0.318464
8382,0.295936
8383,0.289792
8384,0.309248
8385,0.300032
8386,0.303104
8387,0.314368
8388,0.295936
8389,0.302080
8390,0.312320
8391,0.299008
8392,0.303104
8393,0.312320
8394,0.306176
8395,0.300032
8396,0.301056
8397,0.320512
8398,0.297984
8399,0.305152
8400,0.322560
8401,0.306176
8402,0.307200
8403,0.307200
8404,0.294912
8405,0.295936
8406,0.310272
8407,0.307200
8408,0.300032
8409,0.299008
8410,0.315392
8411,0.313344
8412,0.304128
8413,0.319488
8414,0.305152
8415,0.309248
8416,0.306176
8417,0.299008
8418,0.307200
8419,0.319488
8420,0.303104
8421,0.297984
8422,0.311296
8423,0.310272
8424,0.310272
8425,0.288768
8426,0.299008
8427,0.321536
8428,0.310272
8429,0.306176
8430,0.299008
8431,0.303104
8432,0.310272
8433,0.304128
8434,0.287744
8435,0.301056
8436,0.301056
8437,0.295936
8438,0.310272
8439,0.309248
8440,0.303104
8441,0.304128
8442,0.299008
8443,0.325632
8444,0.295936
8445,0.303104
8446,0.301056
8447,0.297984
8448,0.297984
8449,0.303104
8450,0.303104
8451,0.309248
8452,0.299008
8453,0.297984
8454,0.310272
8455,0.285696
8456,0.296960
8457,0.296960
8458,0.309248
8459,0.305152
8460,0.293888
8461,0.309248
8462,0.299008
8463,0.303104
8464,0.306176
8465,0.307200
8466,0.302080
8467,0.306176
8468,0.313344
8469,0.293888
8470,0.307200
8471,0.418816
8472,0.295936
8473,0.308224
8474,0.305152
8475,0.312320
8476,0.310272
8477,0.303104
8478,0.303104
8479,0.305152
8480,0.309248
8481,0.308224
8482,0.295936
8483,0.318464
8484,0.294912
8485,0.304128
8486,0.307200
8487,0.300032
8488,0.314368
8489,0.296960
8490,0.292864
8491,0.301056
8492,0.306176
8493,0.296960
8494,0.296960
8495,0.294912
8496,0.302080
8497,0.320512
8498,0.310272
8499,0.296960
8500,0.301056
8501,0.296960
8502,0.293888
8503,0.305152
8504,0.306176
8505,0.301056
8506,0.309248
8507,0.308224
8508,0.309248
8509,0.297984
8510,0.309248
8511,0.306176
8512,0.316416
8513,0.301056
8514,0.300032
8515,0.292864
8516,0.296960
8517,0.300032
8518,0.303104
8519,0.302080
8520,0.311296
8521,0.294912
8522,0.311296
8523,0.288768
8524,0.318464
8525,0.312320
8526,0.305152
8527,0.290816
8528,0.309248
8529,0.293888
8530,0.294912
8531,0.303104
8532,0.299008
8533,0.308224
8534,0.300032
8535,0.308224
8536,0.292864
8537,0.312320
8538,0.304128
8539,0.312320
8540,0.309248
8541,0.289792
8542,0.308224
8543,0.301056
8544,0.297984
8545,0.296960
8546,0.309248
8547,0.295936
8548,0.318464
8549,0.306176
8550,0.312320
8551,0.306176
8552,0.313344
8553,0.303104
8554,0.303104
8555,0.313344
8556,0.308224
8557,0.289792
8558,0.285696
8559,0.317440
8560,0.299008
8561,0.306176
8562,0.301056
8563,0.306176
8564,0.297984
8565,0.299008
8566,0.297984
8567,0.303104
8568,0.304128
8569,0.313344
8570,0.296960
8571,0.305152
8572,0.296960
8573,0.296960
8574,0.301056
8575,0.306176
8576,0.289792
8577,0.307200
8578,0.432128
8579,0.320512
8580,0.322560
8581,0.424960
8582,0.299008
8583,0.303104
8584,0.308224
8585,0.315392
8586,0.295936
8587,0.289792
8588,0.311296
8589,0.332800
8590,0.318464
8591,0.312320
8592,0.331776
8593,0.311296
8594,0.308224
8595,0.313344
8596,0.306176
8597,0.309248
8598,0.312320
8599,0.313344
8600,0.305152
8601,0.297984
8602,0.309248
8603,0.299008
8604,0.292864
8605,0.307200
8606,0.317440
8607,0.305152
8608,0.306176
8609,0.306176
8610,0.291840
8611,0.288768
8612,0.295936
8613,0.306176
8614,0.306176
8615,0.303104
8616,0.296960
8617,0.322560
8618,0.295936
8619,0.304128
8620,0.305152
8621,0.305152
8622,0.313344
8623,0.300032
8624,0.313344
8625,0.308224
8626,0.295936
8627,0.318464
8628,0.302080
8629,0.296960
8630,0.307200
8631,0.299008
8632,0.303104
8633,0.294912
8634,0.294912
8635,0.307200
8636,0.324608
8637,0.310272
8638,0.301056
8639,0.302080
8640,0.294912
8641,0.297984
8642,0.301056
8643,0.309248
8644,0.316416
8645,0.305152
8646,0.319488
8647,0.309248
8648,0.304128
8649,0.309248
8650,0.312320
8651,0.290816
8652,0.304128
8653,0.296960
8654,0.315392
8655,0.309248
8656,0.303104
8657,0.302080
8658,0.308224
8659,0.314368
8660,0.302080
8661,0.297984
8662,0.301056
8663,0.292864
8664,0.315392
8665,0.293888
8666,0.294912
8667,0.322560
8668,0.299008
8669,0.306176
8670,0.305152
8671,0.309248
8672,0.292864
8673,0.297984
8674,0.311296
8675,0.306176
8676,0.290816
8677,0.306176
8678,0.311296
8679,0.306176
8680,0.297984
8681,0.299008
8682,0.294912
8683,0.308224
8684,0.310272
8685,0.319488
8686,0.295936
8687,0.309248
8688,0.311296
8689,0.308224
8690,0.303104
8691,0.302080
8692,0.314368
8693,0.314368
8694,0.301056
8695,0.299008
8696,0.305152
8697,0.303104
8698,0.302080
8699,0.304128
8700,0.304128
8701,0.302080
8702,0.313344
8703,0.319488
8704,0.308224
8705,0.303104
8706,0.315392
8707,0.306176
8708,0.303104
8709,0.315392
8710,0.292864
8711,0.305152
8712,0.301056
8713,0.320512
8714,0.312320
8715,0.309248
8716,0.310272
8717,0.301056
8718,0.311296
8719,0.296960
8720,0.299008
8721,0.322560
8722,0.307200
8723,0.288768
8724,0.299008
8725,0.303104
8726,0.313344
8727,0.300032
8728,0.312320
8729,0.308224
8730,0.303104
8731,0.310272
8732,0.319488
8733,0.297984
8734,0.300032
8735,0.292864
8736,0.300032
8737,0.307200
8738,0.304128
8739,0.308224
8740,0.306176
8741,0.312320
8742,0.307200
8743,0.311296
8744,0.314368
8745,0.311296
8746,0.295936
8747,0.311296
8748,0.306176
8749,0.299008
8750,0.314368
8751,0.302080
8752,0.297984
8753,0.300032
8754,0.306176
8755,0.304128
8756,0.300032
8757,0.296960
8758,0.306176
8759,0.311296
8760,0.306176
8761,0.303104
8762,0.305152
8763,0.284672
8764,0.301056
8765,0.307200
8766,0.308224
8767,0.308224
8768,0.300032
8769,0.299008
8770,0.294912
8771,0.307200
8772,0.302080
8773,0.299008
8774,0.316416
8775,0.308224
8776,0.296960
8777,0.288768
8778,0.300032
8779,0.307200
8780,0.297984
8781,0.293888
8782,0.303104
8783,0.304128
8784,0.304128
8785,0.302080
8786,0.315392
8787,0.303104
8788,0.299008
8789,0.307200
8790,0.302080
8791,0.292864
8792,0.314368
8793,0.306176
8794,0.291840
8795,0.297984
8796,0.305152
8797,0.302080
8798,0.304128
8799,0.312320
8800,0.318464
8801,0.300032
8802,0.297984
8803,0.303104
8804,0.317440
8805,0.306176
8806,0.307200
8807,0.297984
8808,0.302080
8809,0.299008
8810,0.304128
8811,0.296960
8812,0.303104
8813,0.294912
8814,0.302080
8815,0.297984
8816,0.308224
8817,0.311296
8818,0.302080
8819,0.314368
8820,0.297984
8821,0.310272
8822,0.303104
8823,0.296960
8824,0.295936
8825,0.303104
8826,0.303104
8827,0.308224
8828,0.308224
8829,0.308224
8830,0.294912
8831,0.323584
8832,0.307200
8833,0.314368
8834,0.302080
8835,0.314368
8836,0.305152
8837,0.312320
8838,0.316416
8839,0.295936
8840,0.299008
8841,0.316416
8842,0.280576
8843,0.301056
8844,0.303104
8845,0.309248
8846,0.316416
8847,0.305152
8848,0.303104
8849,0.309248
8850,0.306176
8851,0.290816
8852,0.304128
8853,0.318464
8854,0.311296
8855,0.308224
8856,0.317440
8857,0.302080
8858,0.310272
8859,0.313344
8860,0.312320
8861,0.310272
8862,0.304128
8863,0.308224
8864,0.311296
8865,0.303104
8866,0.290816
8867,0.310272
8868,0.311296
8869,0.312320
8870,0.309248
8871,0.308224
8872,0.314368
8873,0.310272
8874,0.310272
8875,0.295936
8876,0.300032
8877,0.308224
8878,0.316416
8879,0.309248
8880,0.304128
8881,0.313344
8882,0.317440
8883,0.296960
8884,0.313344
8885,0.313344
8886,0.308224
8887,0.300032
8888,0.309248
8889,0.305152
8890,0.303104
8891,0.317440
8892,0.308224
8893,0.299008
8894,0.301056
8895,0.311296
8896,0.310272
8897,0.307200
8898,0.299008
8899,0.302080
8900,0.303104
8901,0.310272
8902,0.307200
8903,0.302080
8904,0.305152
8905,0.281600
8906,0.300032
8907,0.291840
8908,0.319488
8909,0.297984
8910,0.288768
8911,0.316416
8912,0.304128
8913,0.313344
8914,0.321536
8915,0.304128
8916,0.317440
8917,0.310272
8918,0.314368
8919,0.304128
8920,0.302080
8921,0.301056
8922,0.312320
8923,0.302080
8924,0.299008
8925,0.293888
8926,0.309248
8927,0.305152
8928,0.310272
8929,0.311296
8930,0.313344
8931,0.306176
8932,0.311296
8933,0.309248
8934,0.307200
8935,0.317440
8936,0.324608
8937,0.304128
8938,0.305152
8939,0.301056
8940,0.306176
8941,0.311296
8942,0.306176
8943,0.308224
8944,0.362496
8945,0.323584
8946,0.323584
8947,0.303104
8948,0.305152
8949,0.314368
8950,0.304128
8951,0.308224
8952,0.301056
8953,0.294912
8954,0.296960
8955,0.311296
8956,0.307200
8957,0.306176
8958,0.311296
8959,0.300032
8960,0.305152
8961,0.314368
8962,0.300032
8963,0.306176
8964,0.316416
8965,0.292864
8966,0.293888
8967,0.319488
8968,0.323584
8969,0.311296
8970,0.308224
8971,0.312320
8972,0.324608
8973,0.309248
8974,0.308224
8975,0.300032
8976,0.290816
8977,0.306176
8978,0.316416
8979,0.302080
8980,0.303104
8981,0.320512
8982,0.312320
8983,0.302080
8984,0.306176
8985,0.301056
8986,0.306176
8987,0.302080
8988,0.304128
8989,0.301056
8990,0.293888
8991,0.314368
8992,0.304128
8993,0.307200
8994,0.297984
8995,0.303104
8996,0.302080
8997,0.299008
8998,0.302080
8999,0.306176
9000,0.288768
9001,0.294912
9002,0.312320
9003,0.307200
9004,0.310272
9005,0.315392
9006,0.306176
9007,0.312320
9008,0.297984
9009,0.310272
9010,0.302080
9011,0.306176
9012,0.284672
9013,0.316416
9014,0.295936
9015,0.303104
9016,0.314368
9017,0.305152
9018,0.315392
9019,0.314368
9020,0.320512
9021,0.309248
9022,0.309248
9023,0.311296
9024,0.312320
9025,0.312320
9026,0.301056
9027,0.305152
9028,0.307200
9029,0.302080
9030,0.304128
9031,0.292864
9032,0.306176
9033,0.313344
9034,0.296960
9035,0.315392
9036,0.294912
9037,0.305152
9038,0.296960
9039,0.307200
9040,0.305152
9041,0.313344
9042,0.303104
9043,0.295936
9044,0.293888
9045,0.319488
9046,0.294912
9047,0.303104
9048,0.308224
9049,0.309248
9050,0.300032
9051,0.310272
9052,0.315392
9053,0.301056
9054,0.306176
9055,0.311296
9056,0.306176
9057,0.302080
9058,0.313344
9059,0.307200
9060,0.303104
9061,0.303104
9062,0.313344
9063,0.299008
9064,0.310272
9065,0.306176
9066,0.310272
9067,0.306176
9068,0.315392
9069,0.304128
9070,0.304128
9071,0.303104
9072,0.303104
9073,0.303104
9074,0.305152
9075,0.302080
9076,0.315392
9077,0.305152
9078,0.305152
9079,0.302080
9080,0.310272
9081,0.311296
9082,0.301056
9083,0.300032
9084,0.306176
9085,0.305152
9086,0.292864
9087,0.309248
9088,0.300032
9089,0.301056
9090,0.304128
9091,0.297984
9092,0.304128
9093,0.320512
9094,0.309248
9095,0.314368
9096,0.320512
9097,0.303104
9098,0.306176
9099,0.308224
9100,0.326656
9101,0.306176
9102,0.297984
9103,0.307200
9104,0.307200
9105,0.300032
9106,0.294912
9107,0.299008
9108,0.302080
9109,0.311296
9110,0.308224
9111,0.308224
9112,0.309248
9113,0.316416
9114,0.305152
9115,0.309248
9116,0.307200
9117,0.308224
9118,0.295936
9119,0.295936
9120,0.315392
9121,0.306176
9122,0.304128
9123,0.306176
9124,0.306176
9125,0.308224
9126,0.306176
9127,0.304128
9128,0.312320
9129,0.293888
9130,0.311296
9131,0.309248
9132,0.299008
9133,0.306176
9134,0.304128
9135,0.308224
9136,0.313344
9137,0.292864
9138,0.315392
9139,0.302080
9140,0.287744
9141,0.302080
9142,0.301056
9143,0.299008
9144,0.310272
9145,0.285696
9146,0.301056
9147,0.441344
9148,0.312320
9149,0.311296
9150,0.455680
9151,0.308224
9152,0.294912
9153,0.308224
9154,0.290816
9155,0.299008
9156,0.304128
9157,0.307200
9158,0.302080
9159,0.317440
9160,0.303104
9161,0.299008
9162,0.302080
9163,0.315392
9164,0.308224
9165,0.310272
9166,0.307200
9167,0.309248
9168,0.312320
9169,0.303104
9170,0.305152
9171,0.288768
9172,0.296960
9173,0.307200
9174,0.315392
9175,0.320512
9176,0.333824
9177,0.304128
9178,0.297984
9179,0.311296
9180,0.307200
9181,0.311296
9182,0.297984
9183,0.293888
9184,0.308224
9185,0.313344
9186,0.308224
9187,0.308224
9188,0.314368
9189,0.302080
9190,0.304128
9191,0.317440
9192,0.319488
9193,0.321536
9194,0.307200
9195,0.301056
9196,0.308224
9197,0.291840
9198,0.306176
9199,0.310272
9200,0.321536
9201,0.309248
9202,0.307200
9203,0.306176
9204,0.310272
9205,0.305152
9206,0.312320
9207,0.303104
9208,0.297984
9209,0.311296
9210,0.302080
9211,0.306176
9212,0.313344
9213,0.308224
9214,0.315392
9215,0.292864
9216,0.304128
9217,0.305152
9218,0.309248
9219,0.306176
9220,0.306176
9221,0.304128
9222,0.301056
9223,0.305152
9224,0.320512
9225,0.308224
9226,0.316416
9227,0.318464
9228,0.294912
9229,0.313344
9230,0.299008
9231,0.300032
9232,0.294912
9233,0.304128
9234,0.299008
9235,0.291840
9236,0.303104
9237,0.296960
9238,0.297984
9239,0.296960
9240,0.302080
9241,0.292864
9242,0.386048
9243,0.308224
9244,0.299008
9245,0.492544
9246,0.308224
9247,0.308224
9248,0.303104
9249,0.314368
9250,0.312320
9251,0.320512
9252,0.299008
9253,0.311296
9254,0.301056
9255,0.308224
9256,0.316416
9257,0.313344
9258,0.317440
9259,0.307200
9260,0.306176
9261,0.287744
9262,0.306176
9263,0.309248
9264,0.297984
9265,0.308224
9266,0.295936
9267,0.306176
9268,0.307200
9269,0.307200
9270,0.319488
9271,0.300032
9272,0.307200
9273,0.310272
9274,0.310272
9275,0.303104
9276,0.304128
9277,0.301056
9278,0.314368
9279,0.303104
9280,0.295936
9281,0.309248
9282,0.308224
9283,0.304128
9284,0.305152
9285,0.307200
9286,0.309248
9287,0.309248
9288,0.310272
9289,0.321536
9290,0.315392
9291,0.322560
9292,0.322560
9293,0.290816
9294,0.309248
9295,0.295936
9296,0.308224
9297,0.302080
9298,0.295936
9299,0.303104
9300,0.312320
9301,0.312320
9302,0.314368
9303,0.321536
9304,0.304128
9305,0.313344
9306,0.306176
9307,0.311296
9308,0.300032
9309,0.295936
9310,0.313344
9311,0.306176
9312,0.302080
9313,0.312320
9314,0.305152
9315,0.299008
9316,0.311296
9317,0.307200
9318,0.311296
9319,0.307200
9320,0.300032
9321,0.300032
9322,0.302080
9323,0.319488
9324,0.310272
9325,0.299008
9326,0.313344
9327,0.313344
9328,0.309248
9329,0.323584
9330,0.309248
9331,0.313344
9332,0.297984
9333,0.314368
9334,0.305152
9335,0.314368
9336,0.318464
9337,0.309248
9338,0.289792
9339,0.295936
9340,0.300032
9341,0.314368
9342,0.306176
9343,0.323584
9344,0.299008
9345,0.309248
9346,0.312320
9347,0.313344
9348,0.303104
9349,0.305152
9350,0.311296
9351,0.315392
9352,0.294912
9353,0.323584
9354,0.312320
9355,0.299008
9356,0.316416
9357,0.313344
9358,0.313344
9359,0.297984
9360,0.290816
9361,0.299008
9362,0.314368
9363,0.309248
9364,0.286720
9365,0.309248
9366,0.288768
9367,0.304128
9368,0.311296
9369,0.300032
9370,0.320512
9371,0.309248
9372,0.313344
9373,0.299008
9374,0.310272
9375,0.306176
9376,0.300032
9377,0.284672
9378,0.311296
9379,0.307200
9380,0.313344
9381,0.297984
9382,0.297984
9383,0.299008
9384,0.317440
9385,0.299008
9386,0.315392
9387,0.300032
9388,0.317440
9389,0.303104
9390,0.307200
9391,0.306176
9392,0.312320
9393,0.324608
9394,0.303104
9395,0.313344
9396,0.302080
9397,0.316416
9398,0.318464
9399,0.304128
9400,0.303104
9401,0.312320
9402,0.295936
9403,0.316416
9404,0.321536
9405,0.296960
9406,0.303104
9407,0.307200
9408,0.311296
9409,0.307200
9410,0.308224
9411,0.290816
9412,0.311296
9413,0.316416
9414,0.318464
9415,0.318464
9416,0.303104
9417,0.306176
9418,0.314368
9419,0.312320
9420,0.314368
9421,0.294912
9422,0.315392
9423,0.318464
9424,0.318464
9425,0.312320
9426,0.308224
9427,0.304128
9428,0.299008
9429,0.311296
9430,0.308224
9431,0.307200
9432,0.306176
9433,0.303104
9434,0.312320
9435,0.308224
9436,0.307200
9437,0.309248
9438,0.307200
9439,0.308224
9440,0.306176
9441,0.306176
9442,0.302080
9443,0.301056
9444,0.309248
9445,0.308224
9446,0.318464
9447,0.313344
9448,0.307200
9449,0.297984
9450,0.306176
9451,0.302080
9452,0.310272
9453,0.293888
9454,0.299008
9455,0.296960
9456,0.317440
9457,0.308224
9458,0.312320
9459,0.310272
9460,0.309248
9461,0.311296
9462,0.302080
9463,0.308224
9464,0.311296
9465,0.296960
9466,0.305152
9467,0.310272
9468,0.301056
9469,0.300032
9470,0.307200
9471,0.306176
9472,0.296960
9473,0.295936
9474,0.309248
9475,0.300032
9476,0.308224
9477,0.305152
9478,0.303104
9479,0.301056
9480,0.303104
9481,0.308224
9482,0.321536
9483,0.311296
9484,0.311296
9485,0.306176
9486,0.305152
9487,0.300032
9488,0.305152
9489,0.301056
9490,0.304128
9491,0.316416
9492,0.292864
9493,0.310272
9494,0.307200
9495,0.300032
9496,0.321536
9497,0.307200
9498,0.312320
9499,0.297984
9500,0.310272
9501,0.303104
9502,0.312320
9503,0.301056
9504,0.313344
9505,0.307200
9506,0.321536
9507,0.308224
9508,0.302080
9509,0.310272
9510,0.310272
9511,0.306176
9512,0.303104
9513,0.309248
9514,0.305152
9515,0.303104
9516,0.312320
9517,0.297984
9518,0.308224
9519,0.301056
9520,0.309248
9521,0.305152
9522,0.294912
9523,0.287744
9524,0.285696
9525,0.275456
9526,0.296960
9527,0.279552
9528,0.292864
9529,0.283648
9530,0.301056
9531,0.295936
9532,0.284672
9533,0.288768
9534,0.282624
9535,0.286720
9536,0.289792
9537,0.295936
9538,0.282624
9539,0.285696
9540,0.291840
9541,0.281600
9542,0.296960
9543,0.297984
9544,0.301056
9545,0.294912
9546,0.296960
9547,0.296960
9548,0.281600
9549,0.294912
9550,0.291840
9551,0.286720
9552,0.284672
9553,0.288768
9554,0.281600
9555,0.277504
9556,0.296960
9557,0.291840
9558,0.287744
9559,0.374784
9560,0.270336
9561,0.283648
9562,0.296960
9563,0.271360
9564,0.289792
9565,0.287744
9566,0.281600
9567,0.294912
9568,0.278528
9569,0.286720
9570,0.308224
9571,0.282624
9572,0.292864
9573,0.289792
9574,0.281600
9575,0.289792
9576,0.279552
9577,0.279552
9578,0.278528
9579,0.295936
9580,0.280576
9581,0.279552
9582,0.297984
9583,0.286720
9584,0.287744
9585,0.286720
9586,0.284672
9587,0.287744
9588,0.293888
9589,0.293888
9590,0.278528
9591,0.285696
9592,0.279552
9593,0.282624
9594,0.294912
9595,0.293888
9596,0.305152
9597,0.294912
9598,0.281600
9599,0.289792
9600,0.278528
9601,0.280576
9602,0.283648
9603,0.284672
9604,0.287744
9605,0.288768
9606,0.276480
9607,0.296960
9608,0.280576
9609,0.276480
9610,0.300032
9611,0.283648
9612,0.291840
9613,0.281600
9614,0.277504
9615,0.293888
9616,0.287744
9617,0.291840
9618,0.295936
9619,0.274432
9620,0.282624
9621,0.282624
9622,0.295936
9623,0.274432
9624,0.292864
9625,0.288768
9626,0.280576
9627,0.297984
9628,0.289792
9629,0.287744
9630,0.292864
9631,0.282624
9632,0.286720
9633,0.281600
9634,0.281600
9635,0.289792
9636,0.287744
9637,0.288768
9638,0.283648
9639,0.290816
9640,0.289792
9641,0.274432
9642,0.277504
9643,0.294912
9644,0.281600
9645,0.280576
9646,0.272384
9647,0.287744
9648,0.281600
9649,0.282624
9650,0.297984
9651,0.277504
9652,0.283648
9653,0.284672
9654,0.285696
9655,0.274432
9656,0.289792
9657,0.281600
9658,0.295936
9659,0.292864
9660,0.291840
9661,0.279552
9662,0.281600
9663,0.274432
9664,0.287744
9665,0.280576
9666,0.289792
9667,0.289792
9668,0.276480
9669,0.281600
9670,0.279552
9671,0.287744
9672,0.286720
9673,0.290816
9674,0.281600
9675,0.288768
9676,0.285696
9677,0.283648
9678,0.279552
9679,0.275456
9680,0.286720
9681,0.292864
9682,0.296960
9683,0.285696
9684,0.282624
9685,0.278528
9686,0.287744
9687,0.275456
9688,0.288768
9689,0.278528
9690,0.282624
9691,0.287744
9692,0.293888
9693,0.292864
9694,0.281600
9695,0.288768
9696,0.281600
9697,0.297984
9698,0.290816
9699,0.285696
9700,0.283648
9701,0.273408
9702,0.285696
9703,0.280576
9704,0.283648
9705,0.283648
9706,0.287744
9707,0.284672
9708,0.289792
9709,0.286720
9710,0.286720
9711,0.273408
9712,0.281600
9713,0.294912
9714,0.278528
9715,0.293888
9716,0.286720
9717,0.282624
9718,0.277504
9719,0.296960
9720,0.288768
9721,0.280576
9722,0.294912
9723,0.279552
9724,0.284672
9725,0.287744
9726,0.286720
9727,0.284672
9728,0.297984
9729,0.294912
9730,0.296960
9731,0.291840
9732,0.290816
9733,0.294912
9734,0.300032
9735,0.282624
9736,0.286720
9737,0.281600
9738,0.282624
9739,0.287744
9740,0.284672
9741,0.294912
9742,0.289792
9743,0.283648
9744,0.282624
9745,1.250304
9746,0.288768
9747,0.283648
9748,1.129472
9749,0.281600
9750,0.287744
9751,0.282624
9752,0.273408
9753,0.279552
9754,0.280576
9755,0.288768
9756,0.282624
9757,0.285696
9758,0.289792
9759,0.294912
9760,0.291840
9761,0.281600
9762,0.283648
9763,0.288768
9764,0.292864
9765,0.281600
9766,0.278528
9767,0.282624
9768,0.289792
9769,0.279552
9770,0.292864
9771,0.482304
9772,0.292864
9773,0.279552
9774,0.280576
9775,0.290816
9776,0.301056
9777,0.291840
9778,0.276480
9779,0.287744
9780,0.289792
9781,0.290816
9782,0.283648
9783,0.286720
9784,0.288768
9785,0.282624
9786,0.292864
9787,0.293888
9788,0.311296
9789,0.296960
9790,0.278528
9791,0.306176
9792,0.279552
9793,0.285696
9794,0.302080
9795,0.286720
9796,0.294912
9797,0.287744
9798,0.288768
9799,0.282624
9800,0.284672
9801,0.277504
9802,0.292864
9803,0.297984
9804,0.286720
9805,0.291840
9806,0.293888
9807,0.293888
9808,0.293888
9809,0.286720
9810,0.304128
9811,0.284672
9812,0.280576
9813,0.287744
9814,0.280576
9815,0.279552
9816,0.281600
9817,0.285696
9818,0.283648
9819,0.284672
9820,0.286720
9821,0.299008
9822,0.294912
9823,0.281600
9824,0.286720
9825,0.285696
9826,0.282624
9827,0.290816
9828,0.281600
9829,0.279552
9830,0.286720
9831,0.287744
9832,0.279552
9833,0.299008
9834,0.288768
9835,0.286720
9836,0.283648
9837,0.303104
9838,0.294912
9839,0.282624
9840,0.288768
9841,0.280576
9842,0.272384
9843,0.278528
9844,0.280576
9845,0.406528
9846,0.285696
9847,0.274432
9848,0.268288
9849,0.276480
9850,0.287744
9851,0.286720
9852,0.289792
9853,0.279552
9854,0.275456
9855,0.269312
9856,0.276480
9857,0.276480
9858,0.279552
9859,0.293888
9860,0.282624
9861,0.289792
9862,0.294912
9863,0.282624
9864,0.274432
9865,0.270336
9866,0.839680
9867,0.278528
9868,0.288768
9869,0.279552
9870,0.268288
9871,1.332224
9872,0.297984
9873,0.292864
9874,0.278528
9875,0.266240
9876,0.277504
9877,0.280576
9878,0.290816
9879,0.288768
9880,0.277504
9881,0.284672
9882,0.270336
9883,0.286720
9884,0.278528
9885,0.282624
9886,0.289792
9887,0.285696
9888,0.273408
9889,0.275456
9890,0.283648
9891,0.290816
9892,0.294912
9893,0.278528
9894,0.289792
9895,0.274432
9896,0.287744
9897,0.285696
9898,0.283648
9899,0.284672
9900,0.293888
9901,0.287744
9902,0.279552
9903,0.270336
9904,0.266240
9905,0.281600
9906,0.284672
9907,0.283648
9908,0.278528
9909,0.277504
9910,0.279552
9911,0.281600
9912,0.280576
9913,0.276480
9914,0.273408
9915,0.272384
9916,0.281600
9917,0.269312
9918,0.278528
9919,0.272384
9920,0.273408
9921,0.283648
9922,0.280576
9923,0.279552
9924,0.279552
9925,0.281600
9926,0.275456
9927,0.281600
9928,0.271360
9929,0.277504
9930,0.284672
9931,0.290816
9932,0.280576
9933,0.288768
9934,0.285696
9935,0.437248
9936,0.279552
9937,0.267264
9938,0.276480
9939,0.282624
9940,0.281600
9941,0.288768
9942,0.278528
9943,0.288768
9944,0.266240
9945,0.288768
9946,0.262144
9947,0.281600
9948,0.300032
9949,0.280576
9950,0.286720
9951,0.388096
9952,0.290816
9953,0.286720
9954,0.327680
9955,0.282624
9956,0.281600
9957,0.277504
9958,0.282624
9959,0.282624
9960,0.285696
9961,0.286720
9962,0.287744
9963,0.276480
9964,0.278528
9965,0.280576
9966,0.275456
9967,0.267264
9968,0.270336
9969,0.285696
9970,0.281600
9971,0.277504
9972,0.284672
9973,0.272384
9974,0.287744
9975,0.279552
9976,0.278528
9977,0.275456
9978,0.280576
9979,0.271360
9980,0.281600
9981,0.273408
9982,0.285696
9983,0.282624
9984,0.280576
9985,0.279552
9986,0.276480
9987,0.262144
9988,0.290816
9989,0.282624
9990,0.281600
9991,0.273408
9992,0.278528
9993,0.284672
9994,0.292864
9995,0.275456
9996,0.286720
9997,0.293888
9998,0.294912
9999,0.293888
