iter,ms
0,0.265216
1,0.266240
2,0.274432
3,0.260096
4,0.283648
5,0.284672
6,0.286720
7,0.283648
8,0.293888
9,0.278528
10,0.274432
11,0.289792
12,0.285696
13,0.291840
14,0.278528
15,0.285696
16,0.288768
17,0.305152
18,0.279552
19,0.295936
20,0.290816
21,0.294912
22,0.285696
23,0.283648
24,0.281600
25,0.281600
26,0.285696
27,0.289792
28,0.283648
29,0.278528
30,0.277504
31,0.289792
32,0.278528
33,0.290816
34,0.282624
35,0.275456
36,0.277504
37,0.286720
38,0.271360
39,0.296960
40,0.286720
41,0.284672
42,0.283648
43,0.288768
44,0.280576
45,0.286720
46,0.288768
47,0.292864
48,0.285696
49,0.294912
50,0.281600
51,0.285696
52,0.292864
53,0.282624
54,0.286720
55,0.291840
56,0.288768
57,0.289792
58,0.300032
59,0.289792
60,0.287744
61,0.300032
62,0.301056
63,0.312320
64,0.324608
65,0.292864
66,0.295936
67,0.302080
68,0.304128
69,0.318464
70,0.313344
71,0.294912
72,0.284672
73,0.307200
74,0.302080
75,0.315392
76,0.304128
77,0.306176
78,0.318464
79,0.308224
80,0.312320
81,0.311296
82,0.303104
83,0.314368
84,0.327680
85,0.301056
86,0.310272
87,0.287744
88,0.309248
89,0.310272
90,0.299008
91,0.318464
92,0.313344
93,0.304128
94,0.308224
95,0.313344
96,0.316416
97,0.304128
98,0.306176
99,0.311296
100,0.292864
101,0.314368
102,0.320512
103,0.313344
104,0.326656
105,0.310272
106,0.307200
107,0.319488
108,0.305152
109,0.309248
110,0.312320
111,0.325632
112,0.299008
113,0.312320
114,0.323584
115,0.332800
116,0.303104
117,0.301056
118,0.308224
119,0.316416
120,0.319488
121,0.307200
122,0.308224
123,0.318464
124,0.313344
125,0.311296
126,0.309248
127,0.301056
128,0.310272
129,0.296960
130,0.302080
131,0.311296
132,0.318464
133,0.320512
134,0.322560
135,0.303104
136,0.317440
137,0.312320
138,0.311296
139,0.306176
140,0.296960
141,0.302080
142,0.321536
143,0.317440
144,0.291840
145,0.317440
146,0.308224
147,0.321536
148,0.315392
149,0.310272
150,0.303104
151,0.316416
152,0.305152
153,0.317440
154,0.303104
155,0.313344
156,0.313344
157,0.318464
158,0.315392
159,0.311296
160,0.312320
161,0.304128
162,0.303104
163,0.304128
164,0.314368
165,0.310272
166,0.301056
167,0.308224
168,0.318464
169,0.302080
170,0.303104
171,0.322560
172,0.321536
173,0.317440
174,0.320512
175,0.320512
176,0.309248
177,0.318464
178,0.320512
179,0.319488
180,0.312320
181,0.299008
182,0.302080
183,0.303104
184,0.319488
185,0.306176
186,0.300032
187,0.310272
188,0.314368
189,0.304128
190,0.315392
191,0.302080
192,0.305152
193,0.305152
194,0.303104
195,0.304128
196,0.314368
197,0.321536
198,0.471040
199,0.308224
200,0.302080
201,0.320512
202,0.318464
203,0.309248
204,0.301056
205,0.297984
206,0.292864
207,0.291840
208,0.306176
209,0.310272
210,0.303104
211,0.315392
212,0.313344
213,0.303104
214,0.323584
215,0.305152
216,0.301056
217,0.312320
218,0.304128
219,0.296960
220,0.303104
221,0.520192
222,0.318464
223,0.306176
224,0.316416
225,0.318464
226,0.302080
227,0.283648
228,0.285696
229,0.306176
230,0.303104
231,0.318464
232,0.300032
233,0.306176
234,0.307200
235,0.304128
236,0.380928
237,0.302080
238,0.309248
239,0.300032
240,0.295936
241,0.305152
242,0.301056
243,0.293888
244,0.307200
245,0.310272
246,0.313344
247,0.288768
248,0.308224
249,0.307200
250,0.302080
251,0.294912
252,0.302080
253,0.303104
254,0.300032
255,0.291840
256,0.297984
257,0.309248
258,0.297984
259,0.306176
260,0.297984
261,0.304128
262,0.304128
263,0.301056
264,0.302080
265,0.294912
266,0.289792
267,0.313344
268,0.306176
269,0.316416
270,0.305152
271,0.304128
272,0.286720
273,0.293888
274,0.280576
275,0.291840
276,0.296960
277,0.310272
278,0.312320
279,0.310272
280,0.311296
281,0.306176
282,0.296960
283,0.303104
284,0.311296
285,0.301056
286,0.301056
287,0.305152
288,0.300032
289,0.291840
290,0.306176
291,0.297984
292,0.288768
293,0.301056
294,0.297984
295,0.297984
296,0.305152
297,0.301056
298,0.307200
299,0.297984
300,0.302080
301,0.310272
302,0.310272
303,0.305152
304,0.319488
305,0.313344
306,0.313344
307,0.302080
308,0.302080
309,0.300032
310,0.311296
311,0.310272
312,0.309248
313,0.299008
314,0.307200
315,0.296960
316,0.306176
317,0.290816
318,0.293888
319,0.303104
320,0.290816
321,0.305152
322,0.297984
323,0.304128
324,0.303104
325,0.300032
326,0.288768
327,0.304128
328,0.295936
329,0.299008
330,0.309248
331,0.297984
332,0.289792
333,0.317440
334,0.297984
335,0.312320
336,0.306176
337,0.304128
338,0.302080
339,0.303104
340,0.307200
341,0.292864
342,0.319488
343,0.304128
344,0.300032
345,0.301056
346,0.301056
347,0.301056
348,0.303104
349,0.309248
350,0.307200
351,0.307200
352,0.301056
353,0.294912
354,0.310272
355,0.313344
356,0.305152
357,0.312320
358,0.299008
359,0.305152
360,0.294912
361,0.306176
362,0.305152
363,0.309248
364,0.302080
365,0.307200
366,0.309248
367,0.292864
368,0.301056
369,0.297984
370,0.319488
371,0.301056
372,0.305152
373,0.299008
374,0.297984
375,0.303104
376,0.317440
377,0.306176
378,0.293888
379,0.297984
380,0.307200
381,0.292864
382,0.311296
383,0.306176
384,0.291840
385,0.317440
386,0.304128
387,0.302080
388,0.305152
389,0.312320
390,0.299008
391,0.318464
392,0.301056
393,0.311296
394,0.295936
395,0.294912
396,0.305152
397,0.310272
398,0.311296
399,0.312320
400,0.313344
401,0.303104
402,0.306176
403,0.313344
404,0.311296
405,0.305152
406,0.300032
407,0.302080
408,0.308224
409,0.294912
410,0.286720
411,0.305152
412,0.313344
413,0.302080
414,0.313344
415,0.315392
416,0.302080
417,0.311296
418,0.318464
419,0.310272
420,0.286720
421,0.304128
422,0.293888
423,0.291840
424,0.308224
425,0.289792
426,0.301056
427,0.300032
428,0.309248
429,0.297984
430,0.309248
431,0.301056
432,0.305152
433,0.285696
434,0.296960
435,0.305152
436,0.319488
437,0.295936
438,0.297984
439,0.308224
440,0.309248
441,0.307200
442,0.292864
443,0.292864
444,0.305152
445,0.299008
446,0.300032
447,0.302080
448,0.314368
449,0.291840
450,0.299008
451,0.302080
452,0.314368
453,0.304128
454,0.297984
455,0.312320
456,0.302080
457,0.300032
458,0.297984
459,0.303104
460,0.308224
461,0.309248
462,0.295936
463,0.313344
464,0.282624
465,0.310272
466,0.299008
467,0.302080
468,0.308224
469,0.305152
470,0.305152
471,0.304128
472,0.302080
473,0.310272
474,0.304128
475,0.302080
476,0.308224
477,0.306176
478,0.303104
479,0.300032
480,0.303104
481,0.296960
482,0.295936
483,0.304128
484,0.302080
485,0.295936
486,0.295936
487,0.303104
488,0.301056
489,0.300032
490,0.307200
491,0.301056
492,0.306176
493,0.309248
494,0.295936
495,0.290816
496,0.311296
497,0.289792
498,0.296960
499,0.304128
500,0.300032
501,0.292864
502,0.310272
503,0.309248
504,0.310272
505,0.300032
506,0.305152
507,0.301056
508,0.286720
509,0.303104
510,0.309248
511,0.312320
512,0.311296
513,0.304128
514,0.303104
515,0.314368
516,0.288768
517,0.305152
518,0.307200
519,0.309248
520,0.304128
521,0.300032
522,0.323584
523,0.304128
524,0.313344
525,0.302080
526,0.304128
527,0.295936
528,0.310272
529,0.302080
530,0.288768
531,0.296960
532,0.297984
533,0.309248
534,0.307200
535,0.310272
536,0.304128
537,0.308224
538,0.301056
539,0.296960
540,0.304128
541,0.290816
542,0.299008
543,0.306176
544,0.321536
545,0.321536
546,0.304128
547,0.280576
548,0.305152
549,0.308224
550,0.306176
551,0.302080
552,0.336896
553,0.295936
554,0.306176
555,0.310272
556,0.303104
557,0.295936
558,0.297984
559,0.297984
560,0.314368
561,0.293888
562,0.309248
563,0.299008
564,0.310272
565,0.294912
566,0.291840
567,0.314368
568,0.304128
569,0.307200
570,0.297984
571,0.306176
572,0.300032
573,0.309248
574,0.305152
575,0.304128
576,0.304128
577,0.311296
578,0.308224
579,0.307200
580,0.296960
581,0.309248
582,0.291840
583,0.308224
584,0.289792
585,0.309248
586,0.307200
587,0.299008
588,0.299008
589,0.291840
590,0.300032
591,0.288768
592,0.311296
593,0.305152
594,0.307200
595,0.317440
596,0.292864
597,0.300032
598,0.306176
599,0.301056
600,0.304128
601,0.302080
602,0.307200
603,0.297984
604,0.299008
605,0.299008
606,0.303104
607,0.299008
608,0.315392
609,0.302080
610,0.316416
611,0.311296
612,0.301056
613,0.311296
614,0.303104
615,0.305152
616,0.300032
617,0.297984
618,0.307200
619,0.307200
620,0.281600
621,0.299008
622,0.294912
623,0.302080
624,0.285696
625,0.292864
626,0.311296
627,0.295936
628,0.289792
629,0.306176
630,0.311296
631,0.305152
632,0.303104
633,0.313344
634,0.311296
635,0.300032
636,0.299008
637,0.307200
638,0.299008
639,0.285696
640,0.307200
641,0.318464
642,0.296960
643,0.311296
644,0.315392
645,0.296960
646,0.301056
647,0.320512
648,0.304128
649,0.292864
650,0.310272
651,0.300032
652,0.292864
653,0.293888
654,0.287744
655,0.286720
656,0.289792
657,0.295936
658,0.293888
659,0.299008
660,0.305152
661,0.310272
662,0.295936
663,0.307200
664,0.301056
665,0.294912
666,0.307200
667,0.307200
668,0.299008
669,0.299008
670,0.302080
671,0.282624
672,0.296960
673,0.299008
674,0.304128
675,0.300032
676,0.314368
677,0.304128
678,0.306176
679,0.308224
680,0.306176
681,0.307200
682,0.309248
683,0.294912
684,0.306176
685,0.312320
686,0.319488
687,0.307200
688,0.305152
689,0.296960
690,0.311296
691,0.306176
692,0.305152
693,0.291840
694,0.307200
695,0.313344
696,0.304128
697,0.306176
698,0.309248
699,0.313344
700,0.286720
701,0.296960
702,0.301056
703,0.306176
704,0.301056
705,0.306176
706,0.303104
707,0.315392
708,0.311296
709,0.296960
710,0.304128
711,0.310272
712,0.327680
713,0.296960
714,0.306176
715,0.297984
716,0.308224
717,0.293888
718,0.297984
719,0.303104
720,0.304128
721,0.308224
722,0.299008
723,0.271360
724,0.316416
725,0.314368
726,0.322560
727,0.318464
728,0.301056
729,0.303104
730,0.307200
731,0.296960
732,0.290816
733,0.296960
734,0.310272
735,0.309248
736,0.312320
737,0.304128
738,0.301056
739,0.306176
740,0.295936
741,0.305152
742,0.320512
743,0.315392
744,0.309248
745,0.290816
746,0.297984
747,0.304128
748,0.295936
749,0.305152
750,0.304128
751,0.299008
752,0.316416
753,0.289792
754,0.305152
755,0.306176
756,0.314368
757,0.306176
758,0.306176
759,0.301056
760,0.305152
761,0.307200
762,0.307200
763,0.291840
764,0.310272
765,0.294912
766,0.302080
767,0.291840
768,0.303104
769,0.299008
770,0.305152
771,0.299008
772,0.309248
773,0.313344
774,0.300032
775,0.289792
776,0.302080
777,0.299008
778,0.294912
779,0.300032
780,0.310272
781,0.294912
782,0.305152
783,0.299008
784,0.306176
785,0.300032
786,0.306176
787,0.318464
788,0.306176
789,0.304128
790,0.312320
791,0.297984
792,0.308224
793,0.304128
794,0.295936
795,0.316416
796,0.306176
797,0.300032
798,0.293888
799,0.300032
800,0.304128
801,0.302080
802,0.302080
803,0.292864
804,0.307200
805,0.302080
806,0.306176
807,0.308224
808,0.307200
809,0.294912
810,0.305152
811,0.307200
812,0.297984
813,0.317440
814,0.304128
815,0.302080
816,0.302080
817,0.297984
818,0.294912
819,0.310272
820,0.305152
821,0.291840
822,0.311296
823,0.297984
824,0.304128
825,0.301056
826,0.291840
827,0.309248
828,0.306176
829,0.307200
830,0.299008
831,0.300032
832,0.307200
833,0.300032
834,0.284672
835,0.313344
836,0.301056
837,0.310272
838,0.306176
839,0.297984
840,0.299008
841,0.296960
842,0.303104
843,0.302080
844,0.301056
845,0.310272
846,0.313344
847,0.301056
848,0.312320
849,0.309248
850,0.296960
851,0.293888
852,0.295936
853,0.301056
854,0.291840
855,0.291840
856,0.311296
857,0.312320
858,0.308224
859,0.304128
860,0.286720
861,0.301056
862,0.300032
863,0.308224
864,0.317440
865,0.304128
866,0.307200
867,0.311296
868,0.306176
869,0.302080
870,0.303104
871,0.313344
872,0.309248
873,0.294912
874,0.297984
875,0.291840
876,0.294912
877,0.311296
878,0.308224
879,0.293888
880,0.311296
881,0.305152
882,0.314368
883,0.302080
884,0.285696
885,0.292864
886,0.309248
887,0.296960
888,0.294912
889,0.309248
890,0.309248
891,0.306176
892,0.312320
893,0.311296
894,0.319488
895,0.308224
896,0.303104
897,0.288768
898,0.308224
899,0.301056
900,0.305152
901,0.300032
902,0.287744
903,0.302080
904,0.312320
905,0.293888
906,0.299008
907,0.300032
908,0.313344
909,0.300032
910,0.300032
911,0.309248
912,0.293888
913,0.300032
914,0.286720
915,0.315392
916,0.314368
917,0.297984
918,0.311296
919,0.321536
920,0.292864
921,0.288768
922,0.309248
923,0.309248
924,0.297984
925,0.305152
926,0.299008
927,0.301056
928,0.309248
929,0.300032
930,0.309248
931,0.313344
932,0.312320
933,0.310272
934,0.290816
935,0.306176
936,0.303104
937,0.310272
938,0.304128
939,0.303104
940,0.301056
941,0.309248
942,0.311296
943,0.290816
944,0.296960
945,0.305152
946,0.304128
947,0.296960
948,0.301056
949,0.302080
950,0.299008
951,0.288768
952,0.316416
953,0.303104
954,0.300032
955,0.308224
956,0.314368
957,0.299008
958,0.296960
959,0.314368
960,0.309248
961,0.303104
962,0.301056
963,0.311296
964,0.296960
965,0.302080
966,0.296960
967,0.306176
968,0.309248
969,0.308224
970,0.299008
971,0.295936
972,0.307200
973,0.313344
974,0.303104
975,0.302080
976,0.295936
977,0.308224
978,0.299008
979,0.303104
980,0.310272
981,0.305152
982,0.305152
983,0.311296
984,0.305152
985,0.299008
986,0.306176
987,0.287744
988,0.310272
989,0.292864
990,0.296960
991,0.316416
992,0.293888
993,0.296960
994,0.300032
995,0.287744
996,0.451584
997,0.316416
998,0.301056
999,0.279552
1000,0.307200
1001,0.322560
1002,0.312320
1003,0.287744
1004,0.301056
1005,0.291840
1006,0.299008
1007,0.305152
1008,0.307200
1009,0.302080
1010,0.309248
1011,0.297984
1012,0.308224
1013,0.304128
1014,0.302080
1015,0.305152
1016,0.296960
1017,0.300032
1018,0.313344
1019,0.304128
1020,0.294912
1021,0.307200
1022,0.300032
1023,0.305152
1024,0.311296
1025,0.299008
1026,0.289792
1027,0.296960
1028,0.315392
1029,0.303104
1030,0.294912
1031,0.312320
1032,0.304128
1033,0.303104
1034,0.301056
1035,0.301056
1036,0.305152
1037,0.309248
1038,0.304128
1039,0.315392
1040,0.309248
1041,0.309248
1042,0.294912
1043,0.306176
1044,0.291840
1045,0.303104
1046,0.303104
1047,0.301056
1048,0.300032
1049,0.293888
1050,0.300032
1051,0.300032
1052,0.293888
1053,0.302080
1054,0.305152
1055,0.309248
1056,0.309248
1057,0.290816
1058,0.304128
1059,0.311296
1060,0.296960
1061,0.297984
1062,0.300032
1063,0.303104
1064,0.305152
1065,0.296960
1066,0.302080
1067,0.314368
1068,0.303104
1069,0.303104
1070,0.304128
1071,0.311296
1072,0.311296
1073,0.310272
1074,0.297984
1075,0.303104
1076,0.294912
1077,0.308224
1078,0.296960
1079,0.307200
1080,0.316416
1081,0.305152
1082,0.293888
1083,0.297984
1084,0.301056
1085,0.297984
1086,0.310272
1087,0.311296
1088,0.306176
1089,0.296960
1090,0.306176
1091,0.320512
1092,0.308224
1093,0.307200
1094,0.294912
1095,0.301056
1096,0.292864
1097,0.310272
1098,0.306176
1099,0.311296
1100,0.304128
1101,0.307200
1102,0.293888
1103,0.313344
1104,0.302080
1105,0.297984
1106,0.302080
1107,0.308224
1108,0.296960
1109,0.302080
1110,0.309248
1111,0.287744
1112,0.305152
1113,0.311296
1114,0.301056
1115,0.312320
1116,0.313344
1117,0.310272
1118,0.295936
1119,0.302080
1120,0.289792
1121,0.300032
1122,0.304128
1123,0.312320
1124,0.312320
1125,0.301056
1126,0.293888
1127,0.305152
1128,0.313344
1129,0.316416
1130,0.311296
1131,0.302080
1132,0.295936
1133,0.312320
1134,0.294912
1135,0.294912
1136,0.300032
1137,0.301056
1138,0.307200
1139,0.297984
1140,0.302080
1141,0.310272
1142,0.301056
1143,0.300032
1144,0.309248
1145,0.306176
1146,0.318464
1147,0.304128
1148,0.296960
1149,0.296960
1150,0.303104
1151,0.306176
1152,0.302080
1153,0.313344
1154,0.303104
1155,0.309248
1156,0.300032
1157,0.310272
1158,0.300032
1159,0.292864
1160,0.314368
1161,0.311296
1162,0.312320
1163,0.303104
1164,0.300032
1165,0.306176
1166,0.286720
1167,0.313344
1168,0.306176
1169,0.295936
1170,0.309248
1171,0.297984
1172,0.299008
1173,0.302080
1174,0.310272
1175,0.303104
1176,0.315392
1177,0.314368
1178,0.317440
1179,0.312320
1180,0.304128
1181,0.302080
1182,0.294912
1183,0.295936
1184,0.312320
1185,0.295936
1186,0.299008
1187,0.283648
1188,0.307200
1189,0.317440
1190,0.307200
1191,0.306176
1192,0.300032
1193,0.292864
1194,0.308224
1195,0.320512
1196,0.302080
1197,0.314368
1198,0.308224
1199,0.289792
1200,0.301056
1201,0.296960
1202,0.302080
1203,0.311296
1204,0.307200
1205,0.313344
1206,0.301056
1207,0.305152
1208,0.291840
1209,0.299008
1210,0.289792
1211,0.293888
1212,0.296960
1213,0.314368
1214,0.303104
1215,0.308224
1216,0.300032
1217,0.300032
1218,0.311296
1219,0.307200
1220,0.305152
1221,0.308224
1222,0.300032
1223,0.296960
1224,0.309248
1225,0.306176
1226,0.316416
1227,0.292864
1228,0.280576
1229,0.290816
1230,0.306176
1231,0.303104
1232,0.300032
1233,0.288768
1234,0.305152
1235,0.306176
1236,0.303104
1237,0.290816
1238,0.301056
1239,0.308224
1240,0.292864
1241,0.313344
1242,0.295936
1243,0.301056
1244,0.304128
1245,0.285696
1246,0.296960
1247,0.303104
1248,0.297984
1249,0.324608
1250,0.313344
1251,0.303104
1252,0.303104
1253,0.301056
1254,0.291840
1255,0.301056
1256,0.287744
1257,0.302080
1258,0.321536
1259,0.305152
1260,0.302080
1261,0.303104
1262,0.313344
1263,0.313344
1264,0.292864
1265,0.301056
1266,0.284672
1267,0.303104
1268,0.296960
1269,0.303104
1270,0.291840
1271,0.293888
1272,0.306176
1273,0.317440
1274,0.313344
1275,0.302080
1276,0.310272
1277,0.292864
1278,0.294912
1279,0.303104
1280,0.310272
1281,0.302080
1282,0.311296
1283,0.303104
1284,0.296960
1285,0.295936
1286,0.297984
1287,0.313344
1288,0.301056
1289,0.300032
1290,0.303104
1291,0.315392
1292,0.317440
1293,0.305152
1294,0.306176
1295,0.295936
1296,0.306176
1297,0.312320
1298,0.303104
1299,0.309248
1300,0.316416
1301,0.300032
1302,0.299008
1303,0.304128
1304,0.313344
1305,0.310272
1306,0.299008
1307,0.310272
1308,0.285696
1309,0.310272
1310,0.304128
1311,0.330752
1312,0.316416
1313,0.310272
1314,0.322560
1315,0.307200
1316,0.296960
1317,0.310272
1318,0.310272
1319,0.317440
1320,0.316416
1321,0.296960
1322,0.303104
1323,0.308224
1324,0.297984
1325,0.299008
1326,0.311296
1327,0.308224
1328,0.309248
1329,0.306176
1330,0.313344
1331,0.304128
1332,0.296960
1333,0.312320
1334,0.301056
1335,0.305152
1336,0.284672
1337,0.304128
1338,0.302080
1339,0.397312
1340,0.297984
1341,0.294912
1342,0.306176
1343,0.307200
1344,0.308224
1345,0.301056
1346,0.309248
1347,0.307200
1348,0.308224
1349,0.316416
1350,0.305152
1351,0.301056
1352,0.310272
1353,0.313344
1354,0.310272
1355,0.288768
1356,0.303104
1357,0.299008
1358,0.307200
1359,0.289792
1360,0.302080
1361,0.292864
1362,0.304128
1363,0.311296
1364,0.297984
1365,0.310272
1366,0.302080
1367,0.312320
1368,0.309248
1369,0.316416
1370,0.304128
1371,0.299008
1372,0.304128
1373,0.308224
1374,0.291840
1375,0.295936
1376,0.309248
1377,0.299008
1378,0.303104
1379,0.304128
1380,0.332800
1381,0.304128
1382,0.314368
1383,0.316416
1384,0.307200
1385,0.318464
1386,0.387072
1387,0.299008
1388,0.305152
1389,0.314368
1390,0.311296
1391,0.288768
1392,0.308224
1393,0.302080
1394,0.297984
1395,0.308224
1396,0.306176
1397,0.308224
1398,0.305152
1399,0.316416
1400,0.297984
1401,0.304128
1402,0.297984
1403,0.301056
1404,0.302080
1405,0.310272
1406,0.306176
1407,0.305152
1408,0.304128
1409,0.312320
1410,0.300032
1411,0.294912
1412,0.303104
1413,0.308224
1414,0.291840
1415,0.310272
1416,0.300032
1417,0.308224
1418,0.309248
1419,0.299008
1420,0.297984
1421,0.302080
1422,0.296960
1423,0.313344
1424,0.317440
1425,0.296960
1426,0.319488
1427,0.296960
1428,0.304128
1429,0.292864
1430,0.304128
1431,0.291840
1432,0.301056
1433,0.302080
1434,0.307200
1435,0.308224
1436,0.306176
1437,0.317440
1438,0.313344
1439,0.316416
1440,0.304128
1441,0.305152
1442,0.306176
1443,0.297984
1444,0.303104
1445,0.289792
1446,0.291840
1447,0.305152
1448,0.293888
1449,0.296960
1450,0.289792
1451,0.302080
1452,0.308224
1453,0.310272
1454,0.271360
1455,0.287744
1456,0.281600
1457,0.282624
1458,0.281600
1459,0.311296
1460,0.304128
1461,0.292864
1462,0.302080
1463,0.289792
1464,0.305152
1465,0.317440
1466,0.307200
1467,0.305152
1468,0.303104
1469,0.308224
1470,0.309248
1471,0.294912
1472,0.296960
1473,0.287744
1474,0.304128
1475,0.309248
1476,0.296960
1477,0.287744
1478,0.308224
1479,0.304128
1480,0.303104
1481,0.303104
1482,0.309248
1483,0.289792
1484,0.307200
1485,0.304128
1486,0.307200
1487,0.303104
1488,0.293888
1489,0.302080
1490,0.315392
1491,0.303104
1492,0.308224
1493,0.312320
1494,0.304128
1495,0.309248
1496,0.297984
1497,0.305152
1498,0.299008
1499,0.296960
1500,0.296960
1501,0.297984
1502,0.300032
1503,0.296960
1504,0.304128
1505,0.307200
1506,0.306176
1507,0.311296
1508,0.306176
1509,0.302080
1510,0.293888
1511,0.300032
1512,0.288768
1513,0.317440
1514,0.294912
1515,0.300032
1516,0.311296
1517,0.299008
1518,0.300032
1519,0.292864
1520,0.309248
1521,0.296960
1522,0.314368
1523,0.293888
1524,0.302080
1525,0.292864
1526,0.294912
1527,0.305152
1528,0.305152
1529,0.301056
1530,0.317440
1531,0.297984
1532,0.300032
1533,0.307200
1534,0.306176
1535,0.302080
1536,0.290816
1537,0.286720
1538,0.306176
1539,0.312320
1540,0.309248
1541,0.303104
1542,0.318464
1543,0.300032
1544,0.316416
1545,0.297984
1546,0.322560
1547,0.303104
1548,0.292864
1549,0.284672
1550,0.281600
1551,0.279552
1552,0.276480
1553,0.292864
1554,0.300032
1555,0.305152
1556,0.302080
1557,0.315392
1558,0.316416
1559,0.308224
1560,0.324608
1561,0.299008
1562,0.311296
1563,0.299008
1564,0.303104
1565,0.315392
1566,0.309248
1567,0.288768
1568,0.312320
1569,0.299008
1570,0.292864
1571,0.308224
1572,0.305152
1573,0.295936
1574,0.309248
1575,0.311296
1576,0.303104
1577,0.288768
1578,0.309248
1579,0.303104
1580,0.311296
1581,0.297984
1582,0.310272
1583,0.303104
1584,0.310272
1585,0.299008
1586,0.307200
1587,0.285696
1588,0.300032
1589,0.297984
1590,0.308224
1591,0.300032
1592,0.296960
1593,0.302080
1594,0.305152
1595,0.312320
1596,0.284672
1597,0.303104
1598,0.302080
1599,0.308224
1600,0.300032
1601,0.305152
1602,0.303104
1603,0.303104
1604,0.313344
1605,0.296960
1606,0.287744
1607,0.307200
1608,0.308224
1609,0.289792
1610,0.286720
1611,0.290816
1612,0.290816
1613,0.282624
1614,0.285696
1615,0.299008
1616,0.318464
1617,0.297984
1618,0.306176
1619,0.307200
1620,0.302080
1621,0.306176
1622,0.315392
1623,0.306176
1624,0.297984
1625,0.308224
1626,0.299008
1627,0.281600
1628,0.301056
1629,0.299008
1630,0.305152
1631,0.308224
1632,0.309248
1633,0.312320
1634,0.296960
1635,0.302080
1636,0.301056
1637,0.295936
1638,0.304128
1639,0.303104
1640,0.293888
1641,0.302080
1642,0.290816
1643,0.293888
1644,0.316416
1645,0.307200
1646,0.304128
1647,0.291840
1648,0.304128
1649,0.299008
1650,0.304128
1651,0.300032
1652,0.292864
1653,0.297984
1654,0.299008
1655,0.319488
1656,0.295936
1657,0.308224
1658,0.303104
1659,0.312320
1660,0.307200
1661,0.300032
1662,0.315392
1663,0.319488
1664,0.299008
1665,0.286720
1666,0.299008
1667,0.310272
1668,0.289792
1669,0.307200
1670,0.297984
1671,0.307200
1672,0.313344
1673,0.296960
1674,0.308224
1675,0.303104
1676,0.307200
1677,0.310272
1678,0.307200
1679,0.308224
1680,0.300032
1681,0.292864
1682,0.301056
1683,0.294912
1684,0.311296
1685,0.308224
1686,0.301056
1687,0.293888
1688,0.289792
1689,0.287744
1690,0.294912
1691,0.276480
1692,0.289792
1693,0.300032
1694,0.317440
1695,0.299008
1696,0.295936
1697,0.303104
1698,0.312320
1699,0.299008
1700,0.302080
1701,0.312320
1702,0.319488
1703,0.337920
1704,0.309248
1705,0.303104
1706,0.316416
1707,0.308224
1708,0.296960
1709,0.311296
1710,0.297984
1711,0.300032
1712,0.280576
1713,0.301056
1714,0.316416
1715,0.304128
1716,0.299008
1717,0.308224
1718,0.299008
1719,0.296960
1720,0.301056
1721,0.306176
1722,0.316416
1723,0.295936
1724,0.306176
1725,0.297984
1726,0.308224
1727,0.300032
1728,0.299008
1729,0.297984
1730,0.306176
1731,0.313344
1732,0.306176
1733,0.290816
1734,0.303104
1735,0.307200
1736,0.303104
1737,0.296960
1738,0.292864
1739,0.288768
1740,0.304128
1741,0.307200
1742,0.290816
1743,0.302080
1744,0.292864
1745,0.295936
1746,0.297984
1747,0.302080
1748,0.304128
1749,0.309248
1750,0.291840
1751,0.308224
1752,0.311296
1753,0.307200
1754,0.302080
1755,0.302080
1756,0.316416
1757,0.308224
1758,0.302080
1759,0.308224
1760,0.310272
1761,0.302080
1762,0.301056
1763,0.299008
1764,0.297984
1765,0.307200
1766,0.314368
1767,0.305152
1768,0.311296
1769,0.296960
1770,0.293888
1771,0.302080
1772,0.308224
1773,0.295936
1774,0.308224
1775,0.302080
1776,0.303104
1777,0.296960
1778,0.289792
1779,0.302080
1780,0.297984
1781,0.306176
1782,0.305152
1783,0.303104
1784,0.291840
1785,0.315392
1786,0.290816
1787,0.295936
1788,0.306176
1789,0.310272
1790,0.318464
1791,0.304128
1792,0.309248
1793,0.285696
1794,0.315392
1795,0.304128
1796,0.295936
1797,0.300032
1798,0.300032
1799,0.310272
1800,0.302080
1801,0.294912
1802,0.307200
1803,0.311296
1804,0.305152
1805,0.303104
1806,0.316416
1807,0.310272
1808,0.300032
1809,0.305152
1810,0.310272
1811,0.309248
1812,0.309248
1813,0.299008
1814,0.306176
1815,0.290816
1816,0.300032
1817,0.302080
1818,0.297984
1819,0.299008
1820,0.308224
1821,0.294912
1822,0.297984
1823,0.294912
1824,0.292864
1825,0.295936
1826,0.307200
1827,0.304128
1828,0.290816
1829,0.286720
1830,0.303104
1831,0.300032
1832,0.304128
1833,0.294912
1834,0.300032
1835,0.311296
1836,0.292864
1837,0.303104
1838,0.309248
1839,0.296960
1840,0.294912
1841,0.301056
1842,0.305152
1843,0.312320
1844,0.310272
1845,0.302080
1846,0.304128
1847,0.310272
1848,0.292864
1849,0.310272
1850,0.303104
1851,0.296960
1852,0.300032
1853,0.320512
1854,0.302080
1855,0.290816
1856,0.311296
1857,0.292864
1858,0.304128
1859,0.299008
1860,0.294912
1861,0.301056
1862,0.311296
1863,0.309248
1864,0.300032
1865,0.296960
1866,0.305152
1867,0.308224
1868,0.311296
1869,0.310272
1870,0.305152
1871,0.297984
1872,0.299008
1873,0.294912
1874,0.302080
1875,0.296960
1876,0.313344
1877,0.303104
1878,0.277504
1879,0.287744
1880,0.281600
1881,0.285696
1882,0.291840
1883,0.311296
1884,0.307200
1885,0.301056
1886,0.309248
1887,0.303104
1888,0.294912
1889,0.300032
1890,0.301056
1891,0.314368
1892,0.302080
1893,0.307200
1894,0.301056
1895,0.309248
1896,0.300032
1897,0.300032
1898,0.286720
1899,0.297984
1900,0.296960
1901,0.307200
1902,0.299008
1903,0.290816
1904,0.313344
1905,0.287744
1906,0.296960
1907,0.296960
1908,0.297984
1909,0.299008
1910,0.302080
1911,0.292864
1912,0.302080
1913,0.307200
1914,0.302080
1915,0.294912
1916,0.297984
1917,0.311296
1918,0.318464
1919,0.304128
1920,0.319488
1921,0.302080
1922,0.305152
1923,0.303104
1924,0.312320
1925,0.304128
1926,0.296960
1927,0.313344
1928,0.309248
1929,0.306176
1930,0.317440
1931,0.302080
1932,0.301056
1933,0.302080
1934,0.305152
1935,0.304128
1936,0.304128
1937,0.293888
1938,0.302080
1939,0.301056
1940,0.304128
1941,0.306176
1942,0.311296
1943,0.293888
1944,0.311296
1945,0.305152
1946,0.302080
1947,0.315392
1948,0.309248
1949,0.287744
1950,0.300032
1951,0.310272
1952,0.296960
1953,0.301056
1954,0.301056
1955,0.306176
1956,0.301056
1957,0.307200
1958,0.292864
1959,0.296960
1960,0.296960
1961,0.308224
1962,0.306176
1963,0.317440
1964,0.299008
1965,0.308224
1966,0.297984
1967,0.313344
1968,0.297984
1969,0.285696
1970,0.289792
1971,0.280576
1972,0.288768
1973,0.278528
1974,0.289792
1975,0.296960
1976,0.291840
1977,0.301056
1978,0.307200
1979,0.317440
1980,0.299008
1981,0.308224
1982,0.303104
1983,0.310272
1984,0.299008
1985,0.302080
1986,0.309248
1987,0.304128
1988,0.310272
1989,0.300032
1990,0.305152
1991,0.300032
1992,0.318464
1993,0.308224
1994,0.307200
1995,0.297984
1996,0.295936
1997,0.309248
1998,0.289792
1999,0.303104
2000,0.302080
2001,0.296960
2002,0.315392
2003,0.293888
2004,0.302080
2005,0.301056
2006,0.302080
2007,0.292864
2008,0.316416
2009,0.309248
2010,0.308224
2011,0.301056
2012,0.308224
2013,0.287744
2014,0.305152
2015,0.291840
2016,0.311296
2017,0.284672
2018,0.289792
2019,0.297984
2020,0.294912
2021,0.291840
2022,0.299008
2023,0.311296
2024,0.307200
2025,0.299008
2026,0.308224
2027,0.288768
2028,0.297984
2029,0.308224
2030,0.301056
2031,0.292864
2032,0.299008
2033,0.295936
2034,0.306176
2035,0.300032
2036,0.288768
2037,0.301056
2038,0.305152
2039,0.302080
2040,0.297984
2041,0.310272
2042,0.296960
2043,0.317440
2044,0.310272
2045,0.299008
2046,0.312320
2047,0.299008
2048,0.314368
2049,0.290816
2050,0.305152
2051,0.302080
2052,0.307200
2053,0.306176
2054,0.288768
2055,0.309248
2056,0.304128
2057,0.301056
2058,0.303104
2059,0.311296
2060,0.305152
2061,0.305152
2062,0.310272
2063,0.303104
2064,0.307200
2065,0.304128
2066,0.301056
2067,0.301056
2068,0.306176
2069,0.456704
2070,0.310272
2071,0.304128
2072,0.296960
2073,0.284672
2074,0.315392
2075,0.302080
2076,0.284672
2077,0.313344
2078,0.304128
2079,0.306176
2080,0.289792
2081,0.292864
2082,0.315392
2083,0.310272
2084,0.288768
2085,0.295936
2086,0.300032
2087,0.302080
2088,0.299008
2089,0.304128
2090,0.295936
2091,0.301056
2092,0.302080
2093,0.308224
2094,0.322560
2095,0.305152
2096,0.307200
2097,0.308224
2098,0.300032
2099,0.289792
2100,0.299008
2101,0.291840
2102,0.308224
2103,0.296960
2104,0.314368
2105,0.302080
2106,0.309248
2107,0.310272
2108,0.311296
2109,0.306176
2110,0.296960
2111,0.295936
2112,0.313344
2113,0.308224
2114,0.289792
2115,0.318464
2116,0.293888
2117,0.311296
2118,0.306176
2119,0.297984
2120,0.310272
2121,0.296960
2122,0.313344
2123,0.308224
2124,0.305152
2125,0.307200
2126,0.313344
2127,0.309248
2128,0.316416
2129,0.307200
2130,0.303104
2131,0.308224
2132,0.305152
2133,0.304128
2134,0.297984
2135,0.301056
2136,0.300032
2137,0.295936
2138,0.308224
2139,0.294912
2140,0.287744
2141,0.295936
2142,0.325632
2143,0.312320
2144,0.303104
2145,0.296960
2146,0.305152
2147,0.319488
2148,0.294912
2149,0.301056
2150,0.317440
2151,0.300032
2152,0.306176
2153,0.303104
2154,0.311296
2155,0.310272
2156,0.293888
2157,0.299008
2158,0.314368
2159,0.293888
2160,0.313344
2161,0.306176
2162,0.294912
2163,0.306176
2164,0.312320
2165,0.305152
2166,0.295936
2167,0.305152
2168,0.310272
2169,0.303104
2170,0.305152
2171,0.307200
2172,0.296960
2173,0.309248
2174,0.293888
2175,0.296960
2176,0.309248
2177,0.300032
2178,0.301056
2179,0.305152
2180,0.305152
2181,0.304128
2182,0.309248
2183,0.306176
2184,0.308224
2185,0.324608
2186,0.293888
2187,0.308224
2188,0.306176
2189,0.311296
2190,0.304128
2191,0.307200
2192,0.297984
2193,0.305152
2194,0.296960
2195,0.300032
2196,0.303104
2197,0.303104
2198,0.289792
2199,0.295936
2200,0.307200
2201,0.305152
2202,0.307200
2203,0.296960
2204,0.299008
2205,0.308224
2206,0.302080
2207,0.296960
2208,0.291840
2209,0.297984
2210,0.300032
2211,0.307200
2212,0.302080
2213,0.307200
2214,0.301056
2215,0.308224
2216,0.299008
2217,0.296960
2218,0.299008
2219,0.301056
2220,0.312320
2221,0.307200
2222,0.313344
2223,0.309248
2224,0.301056
2225,0.305152
2226,0.284672
2227,0.313344
2228,0.296960
2229,0.305152
2230,0.299008
2231,0.306176
2232,0.308224
2233,0.304128
2234,0.296960
2235,0.296960
2236,0.299008
2237,0.308224
2238,0.303104
2239,0.293888
2240,0.311296
2241,0.306176
2242,0.305152
2243,0.300032
2244,0.308224
2245,0.313344
2246,0.300032
2247,0.300032
2248,0.306176
2249,0.293888
2250,0.310272
2251,0.309248
2252,0.320512
2253,0.309248
2254,0.301056
2255,0.302080
2256,0.303104
2257,0.312320
2258,0.294912
2259,0.308224
2260,0.304128
2261,0.297984
2262,0.300032
2263,0.313344
2264,0.297984
2265,0.304128
2266,0.304128
2267,0.306176
2268,0.295936
2269,0.293888
2270,0.305152
2271,0.307200
2272,0.289792
2273,0.315392
2274,0.293888
2275,0.314368
2276,0.309248
2277,0.314368
2278,0.303104
2279,0.308224
2280,0.315392
2281,0.296960
2282,0.311296
2283,0.306176
2284,0.311296
2285,0.312320
2286,0.294912
2287,0.316416
2288,0.303104
2289,0.294912
2290,0.291840
2291,0.299008
2292,0.301056
2293,0.308224
2294,0.307200
2295,0.306176
2296,0.284672
2297,0.321536
2298,0.306176
2299,0.303104
2300,0.321536
2301,0.312320
2302,0.309248
2303,0.305152
2304,0.311296
2305,0.313344
2306,0.289792
2307,0.292864
2308,0.304128
2309,0.297984
2310,0.302080
2311,0.293888
2312,0.302080
2313,0.308224
2314,0.299008
2315,0.288768
2316,0.300032
2317,0.310272
2318,0.297984
2319,0.289792
2320,0.304128
2321,0.311296
2322,0.288768
2323,0.302080
2324,0.297984
2325,0.287744
2326,0.321536
2327,0.281600
2328,0.302080
2329,0.309248
2330,0.295936
2331,0.309248
2332,0.297984
2333,0.318464
2334,0.295936
2335,0.303104
2336,0.314368
2337,0.299008
2338,0.299008
2339,0.295936
2340,0.304128
2341,0.299008
2342,0.291840
2343,0.294912
2344,0.300032
2345,0.297984
2346,0.310272
2347,0.307200
2348,0.325632
2349,0.314368
2350,0.306176
2351,0.317440
2352,0.324608
2353,0.305152
2354,0.308224
2355,0.310272
2356,0.307200
2357,0.308224
2358,0.293888
2359,0.297984
2360,0.302080
2361,0.304128
2362,0.301056
2363,0.310272
2364,0.319488
2365,0.295936
2366,0.301056
2367,0.312320
2368,0.305152
2369,0.304128
2370,0.302080
2371,0.317440
2372,0.296960
2373,0.301056
2374,0.312320
2375,0.294912
2376,0.293888
2377,0.299008
2378,0.294912
2379,0.297984
2380,0.305152
2381,0.295936
2382,0.305152
2383,0.297984
2384,0.372736
2385,0.279552
2386,0.304128
2387,0.307200
2388,0.303104
2389,0.302080
2390,0.459776
2391,0.302080
2392,0.294912
2393,0.292864
2394,0.301056
2395,0.288768
2396,0.305152
2397,0.294912
2398,0.305152
2399,0.306176
2400,0.303104
2401,0.300032
2402,0.301056
2403,0.301056
2404,0.302080
2405,0.294912
2406,0.302080
2407,0.312320
2408,0.314368
2409,0.318464
2410,0.308224
2411,0.302080
2412,0.285696
2413,0.310272
2414,0.295936
2415,0.304128
2416,0.306176
2417,0.292864
2418,0.296960
2419,0.295936
2420,0.305152
2421,0.305152
2422,0.291840
2423,0.305152
2424,0.301056
2425,0.301056
2426,0.305152
2427,0.323584
2428,0.306176
2429,0.303104
2430,0.311296
2431,0.317440
2432,0.304128
2433,0.313344
2434,0.289792
2435,0.303104
2436,0.306176
2437,0.305152
2438,0.288768
2439,0.293888
2440,0.303104
2441,0.305152
2442,0.307200
2443,0.291840
2444,0.303104
2445,0.303104
2446,0.291840
2447,0.310272
2448,0.309248
2449,0.310272
2450,0.306176
2451,0.300032
2452,0.308224
2453,0.320512
2454,0.313344
2455,0.297984
2456,0.307200
2457,0.299008
2458,0.314368
2459,0.303104
2460,0.307200
2461,0.304128
2462,0.307200
2463,0.307200
2464,0.306176
2465,0.312320
2466,0.301056
2467,0.299008
2468,0.295936
2469,0.287744
2470,0.310272
2471,0.297984
2472,0.315392
2473,0.302080
2474,0.301056
2475,0.311296
2476,0.315392
2477,0.306176
2478,0.308224
2479,0.301056
2480,0.302080
2481,0.291840
2482,0.300032
2483,0.313344
2484,0.301056
2485,0.291840
2486,0.313344
2487,0.315392
2488,0.305152
2489,0.306176
2490,0.305152
2491,0.309248
2492,0.306176
2493,0.302080
2494,0.291840
2495,0.312320
2496,0.289792
2497,0.299008
2498,0.309248
2499,0.310272
2500,0.310272
2501,0.295936
2502,0.303104
2503,0.285696
2504,0.296960
2505,0.320512
2506,0.312320
2507,0.305152
2508,0.301056
2509,0.301056
2510,0.303104
2511,0.306176
2512,0.299008
2513,0.306176
2514,0.305152
2515,0.282624
2516,0.316416
2517,0.301056
2518,0.296960
2519,0.295936
2520,0.316416
2521,0.303104
2522,0.304128
2523,0.300032
2524,0.304128
2525,0.302080
2526,0.302080
2527,0.293888
2528,0.307200
2529,0.294912
2530,0.301056
2531,0.309248
2532,0.313344
2533,0.308224
2534,0.314368
2535,0.293888
2536,0.297984
2537,0.320512
2538,0.290816
2539,0.296960
2540,0.299008
2541,0.305152
2542,0.318464
2543,0.316416
2544,0.294912
2545,0.294912
2546,0.292864
2547,0.304128
2548,0.294912
2549,0.299008
2550,0.294912
2551,0.305152
2552,0.296960
2553,0.299008
2554,0.305152
2555,0.291840
2556,0.303104
2557,0.300032
2558,0.306176
2559,0.308224
2560,0.319488
2561,0.303104
2562,0.312320
2563,0.295936
2564,0.295936
2565,0.311296
2566,0.301056
2567,0.303104
2568,0.305152
2569,0.309248
2570,0.312320
2571,0.303104
2572,0.310272
2573,0.302080
2574,0.297984
2575,0.308224
2576,0.305152
2577,0.302080
2578,0.297984
2579,0.313344
2580,0.305152
2581,0.287744
2582,0.297984
2583,0.308224
2584,0.296960
2585,0.310272
2586,0.305152
2587,0.302080
2588,0.302080
2589,0.311296
2590,0.310272
2591,0.304128
2592,0.295936
2593,0.310272
2594,0.313344
2595,0.317440
2596,0.304128
2597,0.299008
2598,0.295936
2599,0.297984
2600,0.306176
2601,0.322560
2602,0.313344
2603,0.292864
2604,0.308224
2605,0.312320
2606,0.307200
2607,0.300032
2608,0.295936
2609,0.317440
2610,0.302080
2611,0.294912
2612,0.306176
2613,0.301056
2614,0.302080
2615,0.309248
2616,0.287744
2617,0.307200
2618,0.312320
2619,0.304128
2620,0.292864
2621,0.308224
2622,0.312320
2623,0.307200
2624,0.302080
2625,0.291840
2626,0.294912
2627,0.294912
2628,0.295936
2629,0.306176
2630,0.292864
2631,0.300032
2632,0.315392
2633,0.319488
2634,0.314368
2635,0.312320
2636,0.304128
2637,0.306176
2638,0.314368
2639,0.290816
2640,0.303104
2641,0.299008
2642,0.320512
2643,0.307200
2644,0.301056
2645,0.297984
2646,0.297984
2647,0.305152
2648,0.299008
2649,0.315392
2650,0.317440
2651,0.305152
2652,0.294912
2653,0.314368
2654,0.305152
2655,0.307200
2656,0.309248
2657,0.306176
2658,0.301056
2659,0.307200
2660,0.329728
2661,0.307200
2662,0.322560
2663,0.303104
2664,0.307200
2665,0.313344
2666,0.296960
2667,0.301056
2668,0.299008
2669,0.295936
2670,0.311296
2671,0.303104
2672,0.301056
2673,0.306176
2674,0.302080
2675,0.311296
2676,0.316416
2677,0.300032
2678,0.309248
2679,0.304128
2680,0.315392
2681,0.302080
2682,0.318464
2683,0.303104
2684,0.296960
2685,0.311296
2686,0.295936
2687,0.307200
2688,0.313344
2689,0.300032
2690,0.303104
2691,0.314368
2692,0.300032
2693,0.310272
2694,0.307200
2695,0.311296
2696,0.306176
2697,0.314368
2698,0.301056
2699,0.300032
2700,0.320512
2701,0.299008
2702,0.312320
2703,0.311296
2704,0.407552
2705,0.300032
2706,0.314368
2707,0.308224
2708,0.309248
2709,0.315392
2710,0.299008
2711,0.301056
2712,0.290816
2713,0.308224
2714,0.304128
2715,0.307200
2716,0.315392
2717,0.303104
2718,0.314368
2719,0.295936
2720,0.310272
2721,0.310272
2722,0.308224
2723,0.306176
2724,0.307200
2725,0.297984
2726,0.314368
2727,0.308224
2728,0.311296
2729,0.305152
2730,0.301056
2731,0.310272
2732,0.303104
2733,0.303104
2734,0.317440
2735,0.301056
2736,0.293888
2737,0.305152
2738,0.315392
2739,0.308224
2740,0.312320
2741,0.303104
2742,0.299008
2743,0.297984
2744,0.316416
2745,0.311296
2746,0.313344
2747,0.309248
2748,0.304128
2749,0.306176
2750,0.306176
2751,0.297984
2752,0.310272
2753,0.301056
2754,0.308224
2755,0.305152
2756,0.308224
2757,0.309248
2758,0.314368
2759,0.283648
2760,0.305152
2761,0.310272
2762,0.310272
2763,0.300032
2764,0.295936
2765,0.313344
2766,0.315392
2767,0.292864
2768,0.308224
2769,0.301056
2770,0.305152
2771,0.309248
2772,0.310272
2773,0.316416
2774,0.303104
2775,0.302080
2776,0.305152
2777,0.292864
2778,0.302080
2779,0.314368
2780,0.306176
2781,0.303104
2782,0.300032
2783,0.309248
2784,0.300032
2785,0.301056
2786,0.306176
2787,0.308224
2788,0.321536
2789,0.302080
2790,0.304128
2791,0.306176
2792,0.315392
2793,0.304128
2794,0.310272
2795,0.304128
2796,0.307200
2797,0.314368
2798,0.311296
2799,0.313344
2800,0.303104
2801,0.290816
2802,0.311296
2803,0.304128
2804,0.307200
2805,0.311296
2806,0.307200
2807,0.308224
2808,0.310272
2809,0.309248
2810,0.308224
2811,0.302080
2812,0.309248
2813,0.313344
2814,0.302080
2815,0.296960
2816,0.302080
2817,0.302080
2818,0.308224
2819,0.304128
2820,0.313344
2821,0.295936
2822,0.295936
2823,0.325632
2824,0.323584
2825,0.317440
2826,0.316416
2827,0.313344
2828,0.300032
2829,0.300032
2830,0.297984
2831,0.295936
2832,0.307200
2833,0.310272
2834,0.323584
2835,0.311296
2836,0.307200
2837,0.309248
2838,0.308224
2839,0.305152
2840,0.296960
2841,0.305152
2842,0.309248
2843,0.309248
2844,0.326656
2845,0.295936
2846,0.300032
2847,0.314368
2848,0.312320
2849,0.310272
2850,0.312320
2851,0.302080
2852,0.306176
2853,0.303104
2854,0.323584
2855,0.308224
2856,0.303104
2857,0.284672
2858,0.311296
2859,0.287744
2860,0.300032
2861,0.302080
2862,0.317440
2863,0.303104
2864,0.311296
2865,0.309248
2866,0.293888
2867,0.309248
2868,0.315392
2869,0.307200
2870,0.305152
2871,0.290816
2872,0.290816
2873,0.302080
2874,0.312320
2875,0.300032
2876,0.311296
2877,0.300032
2878,0.297984
2879,0.307200
2880,0.315392
2881,0.287744
2882,0.299008
2883,0.304128
2884,0.311296
2885,0.310272
2886,0.312320
2887,0.303104
2888,0.307200
2889,0.303104
2890,0.302080
2891,0.319488
2892,0.310272
2893,0.316416
2894,0.314368
2895,0.296960
2896,0.310272
2897,0.310272
2898,0.310272
2899,0.306176
2900,0.316416
2901,0.313344
2902,0.315392
2903,0.287744
2904,0.310272
2905,0.303104
2906,0.311296
2907,0.306176
2908,0.316416
2909,0.308224
2910,0.304128
2911,0.301056
2912,0.313344
2913,0.309248
2914,0.319488
2915,0.307200
2916,0.311296
2917,0.312320
2918,0.308224
2919,0.315392
2920,0.303104
2921,0.321536
2922,0.312320
2923,0.316416
2924,0.299008
2925,0.313344
2926,0.306176
2927,0.301056
2928,0.309248
2929,0.318464
2930,0.310272
2931,0.318464
2932,0.303104
2933,0.307200
2934,0.307200
2935,0.314368
2936,0.315392
2937,0.309248
2938,0.303104
2939,0.309248
2940,0.313344
2941,0.316416
2942,0.297984
2943,0.305152
2944,0.318464
2945,0.311296
2946,0.318464
2947,0.306176
2948,0.290816
2949,0.305152
2950,0.311296
2951,0.307200
2952,0.315392
2953,0.314368
2954,0.305152
2955,0.303104
2956,0.317440
2957,0.313344
2958,0.308224
2959,0.312320
2960,0.315392
2961,0.306176
2962,0.305152
2963,0.308224
2964,0.310272
2965,0.310272
2966,0.306176
2967,0.291840
2968,0.303104
2969,0.318464
2970,0.300032
2971,0.294912
2972,0.305152
2973,0.307200
2974,0.297984
2975,0.314368
2976,0.294912
2977,0.311296
2978,0.303104
2979,0.319488
2980,0.309248
2981,0.306176
2982,0.314368
2983,0.310272
2984,0.305152
2985,0.311296
2986,0.305152
2987,0.313344
2988,0.306176
2989,0.320512
2990,0.312320
2991,0.314368
2992,0.287744
2993,0.314368
2994,0.311296
2995,0.312320
2996,0.311296
2997,0.314368
2998,0.300032
2999,0.312320
3000,0.316416
3001,0.309248
3002,0.311296
3003,0.316416
3004,0.314368
3005,0.318464
3006,0.312320
3007,0.304128
3008,0.314368
3009,0.306176
3010,0.307200
3011,0.307200
3012,0.309248
3013,0.326656
3014,0.301056
3015,0.324608
3016,0.306176
3017,0.309248
3018,0.309248
3019,0.313344
3020,0.317440
3021,0.306176
3022,0.324608
3023,0.297984
3024,0.302080
3025,0.304128
3026,0.307200
3027,0.297984
3028,0.311296
3029,0.313344
3030,0.311296
3031,0.302080
3032,0.296960
3033,0.307200
3034,0.313344
3035,0.312320
3036,0.295936
3037,0.303104
3038,0.293888
3039,0.308224
3040,0.301056
3041,0.313344
3042,0.294912
3043,0.305152
3044,0.311296
3045,0.299008
3046,0.311296
3047,0.301056
3048,0.315392
3049,0.305152
3050,0.320512
3051,0.307200
3052,0.310272
3053,0.316416
3054,0.314368
3055,0.305152
3056,0.301056
3057,0.312320
3058,0.318464
3059,0.302080
3060,0.308224
3061,0.297984
3062,0.303104
3063,0.299008
3064,0.310272
3065,0.318464
3066,0.310272
3067,0.316416
3068,0.303104
3069,0.311296
3070,0.316416
3071,0.301056
3072,0.306176
3073,0.304128
3074,0.311296
3075,0.310272
3076,0.297984
3077,0.308224
3078,0.303104
3079,0.307200
3080,0.305152
3081,0.303104
3082,0.316416
3083,0.310272
3084,0.302080
3085,0.308224
3086,0.302080
3087,0.313344
3088,0.314368
3089,0.299008
3090,0.306176
3091,0.315392
3092,0.314368
3093,0.304128
3094,0.315392
3095,0.312320
3096,0.303104
3097,0.293888
3098,0.306176
3099,0.304128
3100,0.313344
3101,0.310272
3102,0.303104
3103,0.310272
3104,0.304128
3105,0.308224
3106,0.295936
3107,0.292864
3108,0.296960
3109,0.296960
3110,0.312320
3111,0.292864
3112,0.307200
3113,0.313344
3114,0.319488
3115,0.319488
3116,0.297984
3117,0.301056
3118,0.293888
3119,0.305152
3120,0.307200
3121,0.306176
3122,0.303104
3123,0.289792
3124,0.301056
3125,0.297984
3126,0.290816
3127,0.310272
3128,0.362496
3129,0.295936
3130,0.308224
3131,0.310272
3132,0.316416
3133,0.309248
3134,0.319488
3135,0.295936
3136,0.304128
3137,0.308224
3138,0.302080
3139,0.299008
3140,0.303104
3141,0.311296
3142,0.311296
3143,0.317440
3144,0.293888
3145,0.311296
3146,0.300032
3147,0.300032
3148,0.312320
3149,0.306176
3150,0.308224
3151,0.296960
3152,0.419840
3153,0.309248
3154,0.304128
3155,0.463872
3156,0.297984
3157,0.304128
3158,0.310272
3159,0.310272
3160,0.302080
3161,0.342016
3162,0.307200
3163,0.312320
3164,0.309248
3165,0.293888
3166,0.300032
3167,0.409600
3168,0.299008
3169,0.325632
3170,0.308224
3171,0.310272
3172,0.316416
3173,0.291840
3174,0.299008
3175,0.322560
3176,0.306176
3177,0.293888
3178,0.322560
3179,0.305152
3180,0.310272
3181,0.314368
3182,0.315392
3183,0.299008
3184,0.284672
3185,0.301056
3186,0.305152
3187,0.301056
3188,0.314368
3189,0.323584
3190,0.313344
3191,0.307200
3192,0.302080
3193,0.303104
3194,0.312320
3195,0.308224
3196,0.308224
3197,0.300032
3198,0.372736
3199,0.314368
3200,0.325632
3201,0.308224
3202,0.311296
3203,0.295936
3204,0.310272
3205,0.304128
3206,0.308224
3207,0.306176
3208,0.315392
3209,0.314368
3210,0.302080
3211,0.309248
3212,0.295936
3213,0.306176
3214,0.306176
3215,0.300032
3216,0.306176
3217,0.294912
3218,0.310272
3219,0.305152
3220,0.302080
3221,0.303104
3222,0.304128
3223,0.305152
3224,0.306176
3225,0.312320
3226,0.310272
3227,0.322560
3228,0.285696
3229,0.316416
3230,0.303104
3231,0.308224
3232,0.308224
3233,0.312320
3234,0.304128
3235,0.305152
3236,0.310272
3237,0.294912
3238,0.301056
3239,0.303104
3240,0.301056
3241,0.309248
3242,0.300032
3243,0.295936
3244,0.286720
3245,0.291840
3246,0.297984
3247,0.295936
3248,0.300032
3249,0.306176
3250,0.303104
3251,0.297984
3252,0.300032
3253,0.302080
3254,0.299008
3255,0.308224
3256,0.303104
3257,0.302080
3258,0.299008
3259,0.299008
3260,0.303104
3261,0.313344
3262,0.312320
3263,0.297984
3264,0.303104
3265,0.301056
3266,0.315392
3267,0.315392
3268,0.291840
3269,0.305152
3270,0.314368
3271,0.306176
3272,0.322560
3273,0.293888
3274,0.302080
3275,0.312320
3276,0.294912
3277,0.304128
3278,0.305152
3279,0.318464
3280,0.300032
3281,0.321536
3282,0.309248
3283,0.299008
3284,0.303104
3285,0.305152
3286,0.319488
3287,0.314368
3288,0.313344
3289,0.303104
3290,0.299008
3291,0.305152
3292,0.304128
3293,0.313344
3294,0.304128
3295,0.309248
3296,0.309248
3297,0.300032
3298,0.302080
3299,0.295936
3300,0.310272
3301,0.319488
3302,0.319488
3303,0.307200
3304,0.302080
3305,0.305152
3306,0.288768
3307,0.303104
3308,0.302080
3309,0.306176
3310,0.310272
3311,0.297984
3312,0.309248
3313,0.309248
3314,0.305152
3315,0.301056
3316,0.308224
3317,0.304128
3318,0.314368
3319,0.313344
3320,0.312320
3321,0.310272
3322,0.313344
3323,0.304128
3324,0.318464
3325,0.297984
3326,0.297984
3327,0.300032
3328,0.286720
3329,0.302080
3330,0.310272
3331,0.305152
3332,0.301056
3333,0.300032
3334,0.311296
3335,0.303104
3336,0.310272
3337,0.302080
3338,0.313344
3339,0.311296
3340,0.292864
3341,0.309248
3342,0.312320
3343,0.304128
3344,0.296960
3345,0.312320
3346,0.313344
3347,0.294912
3348,0.288768
3349,0.304128
3350,0.312320
3351,0.289792
3352,0.310272
3353,0.310272
3354,0.322560
3355,0.304128
3356,0.310272
3357,0.301056
3358,0.316416
3359,0.313344
3360,0.306176
3361,0.306176
3362,0.292864
3363,0.295936
3364,0.297984
3365,0.299008
3366,0.292864
3367,0.296960
3368,0.287744
3369,0.300032
3370,0.296960
3371,0.287744
3372,0.306176
3373,0.322560
3374,0.296960
3375,0.302080
3376,0.311296
3377,0.312320
3378,0.306176
3379,0.293888
3380,0.311296
3381,0.305152
3382,0.296960
3383,0.304128
3384,0.289792
3385,0.301056
3386,0.300032
3387,0.302080
3388,0.303104
3389,0.313344
3390,0.297984
3391,0.314368
3392,0.302080
3393,0.307200
3394,0.292864
3395,0.312320
3396,0.294912
3397,0.306176
3398,0.300032
3399,0.310272
3400,0.297984
3401,0.302080
3402,0.308224
3403,0.310272
3404,0.316416
3405,0.306176
3406,0.310272
3407,0.297984
3408,0.290816
3409,0.306176
3410,0.302080
3411,0.310272
3412,0.313344
3413,0.297984
3414,0.308224
3415,0.311296
3416,0.303104
3417,0.309248
3418,0.306176
3419,0.312320
3420,0.305152
3421,0.313344
3422,0.317440
3423,0.308224
3424,0.305152
3425,0.300032
3426,0.322560
3427,0.305152
3428,0.302080
3429,0.292864
3430,0.296960
3431,0.317440
3432,0.316416
3433,0.300032
3434,0.321536
3435,0.295936
3436,0.296960
3437,0.295936
3438,0.294912
3439,0.312320
3440,0.302080
3441,0.309248
3442,0.311296
3443,0.302080
3444,0.301056
3445,0.300032
3446,0.308224
3447,0.312320
3448,0.307200
3449,0.303104
3450,0.301056
3451,0.317440
3452,0.305152
3453,0.295936
3454,0.312320
3455,0.305152
3456,0.301056
3457,0.305152
3458,0.293888
3459,0.292864
3460,0.299008
3461,0.321536
3462,0.296960
3463,0.303104
3464,0.323584
3465,0.309248
3466,0.304128
3467,0.295936
3468,0.300032
3469,0.289792
3470,0.296960
3471,0.285696
3472,0.295936
3473,0.303104
3474,0.314368
3475,0.319488
3476,0.306176
3477,0.308224
3478,0.304128
3479,0.295936
3480,0.312320
3481,0.306176
3482,0.306176
3483,0.304128
3484,0.316416
3485,0.305152
3486,0.308224
3487,0.297984
3488,0.322560
3489,0.315392
3490,0.319488
3491,0.305152
3492,0.306176
3493,0.303104
3494,0.310272
3495,0.310272
3496,0.317440
3497,0.307200
3498,0.302080
3499,0.296960
3500,0.306176
3501,0.297984
3502,0.314368
3503,0.301056
3504,0.305152
3505,0.294912
3506,0.310272
3507,0.286720
3508,0.292864
3509,0.272384
3510,0.300032
3511,0.282624
3512,0.289792
3513,0.303104
3514,0.299008
3515,0.270336
3516,0.328704
3517,0.313344
3518,0.397312
3519,0.315392
3520,0.310272
3521,0.312320
3522,0.302080
3523,0.308224
3524,0.306176
3525,0.313344
3526,0.301056
3527,0.295936
3528,0.285696
3529,0.306176
3530,0.308224
3531,0.315392
3532,0.315392
3533,0.305152
3534,0.322560
3535,0.308224
3536,0.307200
3537,0.303104
3538,0.300032
3539,0.306176
3540,0.300032
3541,0.293888
3542,0.319488
3543,0.305152
3544,0.303104
3545,0.304128
3546,0.302080
3547,0.293888
3548,0.306176
3549,0.289792
3550,0.293888
3551,0.306176
3552,0.301056
3553,0.310272
3554,0.308224
3555,0.310272
3556,0.310272
3557,0.319488
3558,0.310272
3559,0.300032
3560,0.306176
3561,0.307200
3562,0.297984
3563,0.296960
3564,0.305152
3565,0.295936
3566,0.297984
3567,0.290816
3568,0.313344
3569,0.312320
3570,0.305152
3571,0.314368
3572,0.295936
3573,0.312320
3574,0.304128
3575,0.324608
3576,0.299008
3577,0.261120
3578,0.316416
3579,0.304128
3580,0.359424
3581,0.317440
3582,0.334848
3583,0.304128
3584,0.320512
3585,0.313344
3586,0.308224
3587,0.302080
3588,0.303104
3589,0.303104
3590,0.304128
3591,0.313344
3592,0.304128
3593,0.314368
3594,0.309248
3595,0.303104
3596,0.305152
3597,0.294912
3598,0.306176
3599,0.291840
3600,0.296960
3601,0.313344
3602,0.307200
3603,0.296960
3604,0.315392
3605,0.301056
3606,0.313344
3607,0.303104
3608,0.301056
3609,0.306176
3610,0.311296
3611,0.317440
3612,0.308224
3613,0.310272
3614,0.317440
3615,0.312320
3616,0.311296
3617,0.301056
3618,0.304128
3619,0.294912
3620,0.296960
3621,0.311296
3622,0.302080
3623,0.300032
3624,0.314368
3625,0.296960
3626,0.303104
3627,0.309248
3628,0.294912
3629,0.306176
3630,0.303104
3631,0.301056
3632,0.301056
3633,0.312320
3634,0.308224
3635,0.310272
3636,0.313344
3637,0.302080
3638,0.311296
3639,0.297984
3640,0.310272
3641,0.302080
3642,0.301056
3643,0.323584
3644,0.315392
3645,0.300032
3646,0.308224
3647,0.299008
3648,0.294912
3649,0.294912
3650,0.299008
3651,0.303104
3652,0.314368
3653,0.301056
3654,0.299008
3655,0.309248
3656,0.304128
3657,0.303104
3658,0.304128
3659,0.294912
3660,0.302080
3661,0.307200
3662,0.296960
3663,0.316416
3664,0.300032
3665,0.307200
3666,0.306176
3667,0.318464
3668,0.303104
3669,0.300032
3670,0.307200
3671,0.294912
3672,0.296960
3673,0.305152
3674,0.303104
3675,0.319488
3676,0.302080
3677,0.307200
3678,0.303104
3679,0.304128
3680,0.313344
3681,0.296960
3682,0.310272
3683,0.301056
3684,0.304128
3685,0.291840
3686,0.306176
3687,0.314368
3688,0.313344
3689,0.311296
3690,0.321536
3691,0.297984
3692,0.308224
3693,0.291840
3694,0.296960
3695,0.309248
3696,0.310272
3697,0.295936
3698,0.303104
3699,0.307200
3700,0.317440
3701,0.304128
3702,0.291840
3703,0.320512
3704,0.307200
3705,0.290816
3706,0.308224
3707,0.292864
3708,0.310272
3709,0.307200
3710,0.305152
3711,0.303104
3712,0.308224
3713,0.307200
3714,0.300032
3715,0.309248
3716,0.297984
3717,0.313344
3718,0.296960
3719,0.301056
3720,0.289792
3721,0.305152
3722,0.323584
3723,0.301056
3724,0.310272
3725,0.301056
3726,0.311296
3727,0.293888
3728,0.295936
3729,0.295936
3730,0.307200
3731,0.302080
3732,0.315392
3733,0.300032
3734,0.303104
3735,0.299008
3736,0.311296
3737,0.305152
3738,0.301056
3739,0.305152
3740,0.307200
3741,0.311296
3742,0.289792
3743,0.302080
3744,0.296960
3745,0.303104
3746,0.312320
3747,0.304128
3748,0.301056
3749,0.311296
3750,0.315392
3751,0.292864
3752,0.310272
3753,0.307200
3754,0.310272
3755,0.301056
3756,0.300032
3757,0.305152
3758,0.300032
3759,0.296960
3760,0.306176
3761,0.295936
3762,0.296960
3763,0.301056
3764,0.299008
3765,0.295936
3766,0.306176
3767,0.304128
3768,0.296960
3769,0.303104
3770,0.302080
3771,0.293888
3772,0.302080
3773,0.315392
3774,0.320512
3775,0.296960
3776,0.313344
3777,0.284672
3778,0.312320
3779,0.296960
3780,0.309248
3781,0.318464
3782,0.308224
3783,0.313344
3784,0.302080
3785,0.292864
3786,0.285696
3787,0.289792
3788,0.309248
3789,0.317440
3790,0.318464
3791,0.311296
3792,0.314368
3793,0.310272
3794,0.313344
3795,0.301056
3796,0.290816
3797,0.308224
3798,0.294912
3799,0.303104
3800,0.301056
3801,0.300032
3802,0.305152
3803,0.301056
3804,0.307200
3805,0.302080
3806,0.308224
3807,0.301056
3808,0.305152
3809,0.304128
3810,0.296960
3811,0.305152
3812,0.302080
3813,0.307200
3814,0.307200
3815,0.300032
3816,0.310272
3817,0.293888
3818,0.293888
3819,0.297984
3820,0.302080
3821,0.305152
3822,0.291840
3823,0.320512
3824,0.297984
3825,0.301056
3826,0.289792
3827,0.300032
3828,0.293888
3829,0.290816
3830,0.294912
3831,0.296960
3832,0.303104
3833,0.293888
3834,0.311296
3835,0.296960
3836,0.304128
3837,0.302080
3838,0.316416
3839,0.293888
3840,0.300032
3841,0.295936
3842,0.292864
3843,0.313344
3844,0.292864
3845,0.301056
3846,0.294912
3847,0.301056
3848,0.299008
3849,0.312320
3850,0.306176
3851,0.289792
3852,0.301056
3853,0.299008
3854,0.313344
3855,0.320512
3856,0.310272
3857,0.293888
3858,0.303104
3859,0.291840
3860,0.301056
3861,0.302080
3862,0.310272
3863,0.300032
3864,0.294912
3865,0.299008
3866,0.299008
3867,0.312320
3868,0.299008
3869,0.312320
3870,0.296960
3871,0.309248
3872,0.301056
3873,0.306176
3874,0.296960
3875,0.302080
3876,0.297984
3877,0.304128
3878,0.316416
3879,0.314368
3880,0.301056
3881,0.312320
3882,0.305152
3883,0.314368
3884,0.290816
3885,0.299008
3886,0.307200
3887,0.299008
3888,0.302080
3889,0.314368
3890,0.302080
3891,0.293888
3892,0.290816
3893,0.295936
3894,0.316416
3895,0.312320
3896,0.279552
3897,0.285696
3898,0.299008
3899,0.315392
3900,0.317440
3901,0.289792
3902,0.286720
3903,0.299008
3904,0.294912
3905,0.302080
3906,0.302080
3907,0.301056
3908,0.302080
3909,0.293888
3910,0.292864
3911,0.307200
3912,0.296960
3913,0.429056
3914,0.286720
3915,0.285696
3916,0.289792
3917,0.307200
3918,0.320512
3919,0.305152
3920,0.311296
3921,0.312320
3922,0.299008
3923,0.310272
3924,0.291840
3925,0.299008
3926,0.306176
3927,0.310272
3928,0.306176
3929,0.303104
3930,0.289792
3931,0.318464
3932,0.304128
3933,0.311296
3934,0.301056
3935,0.302080
3936,0.322560
3937,0.295936
3938,0.308224
3939,0.303104
3940,0.294912
3941,0.297984
3942,0.290816
3943,0.304128
3944,0.296960
3945,0.305152
3946,0.295936
3947,0.310272
3948,0.301056
3949,0.313344
3950,0.322560
3951,0.286720
3952,0.304128
3953,0.296960
3954,0.301056
3955,0.324608
3956,0.294912
3957,0.301056
3958,0.302080
3959,0.290816
3960,0.309248
3961,0.308224
3962,0.306176
3963,0.296960
3964,0.307200
3965,0.317440
3966,0.307200
3967,0.307200
3968,0.309248
3969,0.301056
3970,0.307200
3971,0.313344
3972,0.315392
3973,0.302080
3974,0.304128
3975,0.317440
3976,0.307200
3977,0.288768
3978,0.293888
3979,0.314368
3980,0.302080
3981,0.305152
3982,0.308224
3983,0.309248
3984,0.295936
3985,0.305152
3986,0.308224
3987,0.317440
3988,0.309248
3989,0.307200
3990,0.308224
3991,0.315392
3992,0.297984
3993,0.300032
3994,0.302080
3995,0.303104
3996,0.303104
3997,0.304128
3998,0.296960
3999,0.297984
4000,0.309248
4001,0.311296
4002,0.301056
4003,0.307200
4004,0.307200
4005,0.305152
4006,0.297984
4007,0.305152
4008,0.302080
4009,0.303104
4010,0.303104
4011,0.307200
4012,0.301056
4013,0.303104
4014,0.307200
4015,0.301056
4016,0.301056
4017,0.289792
4018,0.318464
4019,0.300032
4020,0.313344
4021,0.297984
4022,0.311296
4023,0.312320
4024,0.304128
4025,0.299008
4026,0.306176
4027,0.308224
4028,0.308224
4029,0.305152
4030,0.317440
4031,0.326656
4032,0.303104
4033,0.303104
4034,0.299008
4035,0.297984
4036,0.297984
4037,0.305152
4038,0.303104
4039,0.306176
4040,0.306176
4041,0.304128
4042,0.307200
4043,0.300032
4044,0.301056
4045,0.305152
4046,0.303104
4047,0.297984
4048,0.309248
4049,0.316416
4050,0.307200
4051,0.286720
4052,0.305152
4053,0.304128
4054,0.306176
4055,0.309248
4056,0.311296
4057,0.306176
4058,0.299008
4059,0.295936
4060,0.295936
4061,0.309248
4062,0.310272
4063,0.311296
4064,0.307200
4065,0.303104
4066,0.312320
4067,0.294912
4068,0.297984
4069,0.305152
4070,0.296960
4071,0.302080
4072,0.305152
4073,0.307200
4074,0.300032
4075,0.302080
4076,0.311296
4077,0.296960
4078,0.308224
4079,0.296960
4080,0.306176
4081,0.310272
4082,0.308224
4083,0.308224
4084,0.307200
4085,0.301056
4086,0.301056
4087,0.314368
4088,0.303104
4089,0.297984
4090,0.289792
4091,0.300032
4092,0.312320
4093,0.311296
4094,0.296960
4095,0.306176
4096,0.303104
4097,0.307200
4098,0.307200
4099,0.292864
4100,0.300032
4101,0.311296
4102,0.303104
4103,0.305152
4104,0.301056
4105,0.305152
4106,0.307200
4107,0.308224
4108,0.310272
4109,0.306176
4110,0.308224
4111,0.314368
4112,0.309248
4113,0.304128
4114,0.319488
4115,0.306176
4116,0.297984
4117,0.304128
4118,0.302080
4119,0.319488
4120,0.306176
4121,0.300032
4122,0.305152
4123,0.318464
4124,0.291840
4125,0.297984
4126,0.303104
4127,0.309248
4128,0.301056
4129,0.299008
4130,0.311296
4131,0.305152
4132,0.297984
4133,0.292864
4134,0.307200
4135,0.296960
4136,0.306176
4137,0.303104
4138,0.312320
4139,0.313344
4140,0.308224
4141,0.305152
4142,0.297984
4143,0.301056
4144,0.301056
4145,0.307200
4146,0.306176
4147,0.296960
4148,0.307200
4149,0.302080
4150,0.308224
4151,0.301056
4152,0.297984
4153,0.302080
4154,0.300032
4155,0.312320
4156,0.303104
4157,0.314368
4158,0.307200
4159,0.301056
4160,0.302080
4161,0.300032
4162,0.311296
4163,0.303104
4164,0.305152
4165,0.294912
4166,0.292864
4167,0.305152
4168,0.292864
4169,0.309248
4170,0.302080
4171,0.316416
4172,0.316416
4173,0.294912
4174,0.312320
4175,0.303104
4176,0.308224
4177,0.306176
4178,0.300032
4179,0.313344
4180,0.295936
4181,0.289792
4182,0.286720
4183,0.311296
4184,0.289792
4185,0.305152
4186,0.305152
4187,0.319488
4188,0.307200
4189,0.301056
4190,0.304128
4191,0.302080
4192,0.310272
4193,0.293888
4194,0.310272
4195,0.299008
4196,0.307200
4197,0.285696
4198,0.291840
4199,0.288768
4200,0.296960
4201,0.309248
4202,0.303104
4203,0.309248
4204,0.309248
4205,0.302080
4206,0.314368
4207,0.305152
4208,0.294912
4209,0.305152
4210,0.313344
4211,0.297984
4212,0.301056
4213,0.292864
4214,0.300032
4215,0.320512
4216,0.320512
4217,0.291840
4218,0.308224
4219,0.307200
4220,0.308224
4221,0.310272
4222,0.308224
4223,0.304128
4224,0.304128
4225,0.294912
4226,0.307200
4227,0.482304
4228,0.320512
4229,0.313344
4230,0.313344
4231,0.282624
4232,0.312320
4233,0.302080
4234,0.287744
4235,0.319488
4236,0.296960
4237,0.300032
4238,0.295936
4239,0.302080
4240,0.311296
4241,0.303104
4242,0.321536
4243,0.308224
4244,0.313344
4245,0.293888
4246,0.289792
4247,0.301056
4248,0.295936
4249,0.295936
4250,0.309248
4251,0.316416
4252,0.300032
4253,0.300032
4254,0.301056
4255,0.316416
4256,0.303104
4257,0.295936
4258,0.318464
4259,0.302080
4260,0.301056
4261,0.307200
4262,0.296960
4263,0.302080
4264,0.287744
4265,0.300032
4266,0.315392
4267,0.310272
4268,0.299008
4269,0.295936
4270,0.306176
4271,0.311296
4272,0.309248
4273,0.301056
4274,0.292864
4275,0.299008
4276,0.308224
4277,0.304128
4278,0.309248
4279,0.297984
4280,0.303104
4281,0.309248
4282,0.300032
4283,0.308224
4284,0.295936
4285,0.296960
4286,0.304128
4287,0.299008
4288,0.311296
4289,0.314368
4290,0.292864
4291,0.305152
4292,0.304128
4293,0.297984
4294,0.302080
4295,0.310272
4296,0.300032
4297,0.322560
4298,0.310272
4299,0.308224
4300,0.310272
4301,0.313344
4302,0.302080
4303,0.306176
4304,0.302080
4305,0.305152
4306,0.285696
4307,0.308224
4308,0.302080
4309,0.311296
4310,0.289792
4311,0.309248
4312,0.297984
4313,0.287744
4314,0.292864
4315,0.304128
4316,0.301056
4317,0.297984
4318,0.297984
4319,0.289792
4320,0.312320
4321,0.295936
4322,0.296960
4323,0.305152
4324,0.305152
4325,0.303104
4326,0.307200
4327,0.317440
4328,0.306176
4329,0.316416
4330,0.297984
4331,0.307200
4332,0.296960
4333,0.309248
4334,0.301056
4335,0.295936
4336,0.299008
4337,0.303104
4338,0.302080
4339,0.316416
4340,0.306176
4341,0.300032
4342,0.289792
4343,0.294912
4344,0.291840
4345,0.302080
4346,0.305152
4347,0.309248
4348,0.314368
4349,0.310272
4350,0.295936
4351,0.306176
4352,0.306176
4353,0.314368
4354,0.295936
4355,0.290816
4356,0.297984
4357,0.296960
4358,0.306176
4359,0.303104
4360,0.317440
4361,0.286720
4362,0.312320
4363,0.302080
4364,0.305152
4365,0.305152
4366,0.299008
4367,0.308224
4368,0.317440
4369,0.302080
4370,0.292864
4371,0.288768
4372,0.311296
4373,0.316416
4374,0.304128
4375,0.307200
4376,0.296960
4377,0.314368
4378,0.296960
4379,0.313344
4380,0.304128
4381,0.296960
4382,0.294912
4383,0.312320
4384,0.308224
4385,0.290816
4386,0.302080
4387,0.282624
4388,0.309248
4389,0.301056
4390,0.306176
4391,0.294912
4392,0.297984
4393,0.302080
4394,0.295936
4395,0.310272
4396,0.289792
4397,0.310272
4398,0.299008
4399,0.293888
4400,0.295936
4401,0.301056
4402,0.304128
4403,0.313344
4404,0.296960
4405,0.312320
4406,0.299008
4407,0.310272
4408,0.302080
4409,0.305152
4410,0.303104
4411,0.297984
4412,0.301056
4413,0.314368
4414,0.302080
4415,0.297984
4416,0.295936
4417,0.303104
4418,0.305152
4419,0.310272
4420,0.293888
4421,0.284672
4422,0.310272
4423,0.319488
4424,0.309248
4425,0.303104
4426,0.292864
4427,0.291840
4428,0.314368
4429,0.285696
4430,0.314368
4431,0.303104
4432,0.305152
4433,0.301056
4434,0.295936
4435,0.312320
4436,0.297984
4437,0.292864
4438,0.299008
4439,0.305152
4440,0.317440
4441,0.314368
4442,0.293888
4443,0.311296
4444,0.302080
4445,0.314368
4446,0.300032
4447,0.289792
4448,0.295936
4449,0.304128
4450,0.297984
4451,0.289792
4452,0.285696
4453,0.305152
4454,0.299008
4455,0.310272
4456,0.300032
4457,0.308224
4458,0.297984
4459,0.313344
4460,0.311296
4461,0.306176
4462,0.316416
4463,0.289792
4464,0.310272
4465,0.286720
4466,0.299008
4467,0.307200
4468,0.301056
4469,0.304128
4470,3.265536
4471,0.311296
4472,0.291840
4473,0.292864
4474,0.296960
4475,0.297984
4476,0.301056
4477,0.311296
4478,0.315392
4479,0.306176
4480,0.309248
4481,0.307200
4482,0.297984
4483,0.288768
4484,0.297984
4485,0.309248
4486,0.293888
4487,0.301056
4488,0.283648
4489,0.319488
4490,0.305152
4491,0.304128
4492,0.312320
4493,0.317440
4494,0.308224
4495,0.308224
4496,0.304128
4497,0.305152
4498,0.308224
4499,0.309248
4500,0.302080
4501,0.286720
4502,0.292864
4503,0.291840
4504,0.308224
4505,0.311296
4506,0.303104
4507,0.316416
4508,0.303104
4509,0.310272
4510,0.303104
4511,0.307200
4512,0.305152
4513,0.303104
4514,0.299008
4515,0.310272
4516,0.312320
4517,0.297984
4518,0.304128
4519,0.303104
4520,0.310272
4521,0.299008
4522,0.294912
4523,0.299008
4524,0.309248
4525,0.308224
4526,0.296960
4527,0.307200
4528,0.303104
4529,0.294912
4530,0.296960
4531,0.313344
4532,0.307200
4533,0.304128
4534,0.301056
4535,0.301056
4536,0.302080
4537,0.294912
4538,0.313344
4539,0.307200
4540,0.295936
4541,0.304128
4542,0.300032
4543,0.301056
4544,0.288768
4545,0.302080
4546,0.297984
4547,0.302080
4548,0.297984
4549,0.295936
4550,0.297984
4551,0.301056
4552,0.287744
4553,0.306176
4554,0.302080
4555,0.299008
4556,0.303104
4557,0.301056
4558,0.294912
4559,0.307200
4560,0.308224
4561,0.312320
4562,0.309248
4563,0.294912
4564,0.315392
4565,0.305152
4566,0.320512
4567,0.297984
4568,0.315392
4569,0.291840
4570,0.299008
4571,0.302080
4572,0.293888
4573,0.292864
4574,0.313344
4575,0.306176
4576,0.289792
4577,0.312320
4578,0.307200
4579,0.299008
4580,0.302080
4581,0.303104
4582,0.304128
4583,0.309248
4584,0.314368
4585,0.302080
4586,0.295936
4587,0.288768
4588,0.296960
4589,0.306176
4590,0.317440
4591,0.309248
4592,0.300032
4593,0.306176
4594,0.311296
4595,0.304128
4596,0.310272
4597,0.306176
4598,0.310272
4599,0.294912
4600,0.307200
4601,0.304128
4602,0.301056
4603,0.305152
4604,0.310272
4605,0.311296
4606,0.296960
4607,0.308224
4608,0.290816
4609,0.288768
4610,0.305152
4611,0.278528
4612,0.301056
4613,0.313344
4614,0.304128
4615,0.308224
4616,0.314368
4617,0.296960
4618,0.311296
4619,0.304128
4620,0.318464
4621,0.296960
4622,0.307200
4623,0.312320
4624,0.308224
4625,0.303104
4626,0.297984
4627,0.325632
4628,0.296960
4629,0.310272
4630,0.279552
4631,0.308224
4632,0.292864
4633,0.309248
4634,0.313344
4635,0.303104
4636,0.302080
4637,0.309248
4638,0.304128
4639,0.302080
4640,0.297984
4641,0.299008
4642,0.300032
4643,0.305152
4644,0.305152
4645,0.319488
4646,0.313344
4647,0.307200
4648,0.300032
4649,0.307200
4650,0.297984
4651,0.294912
4652,0.309248
4653,0.300032
4654,0.301056
4655,0.297984
4656,0.309248
4657,0.305152
4658,0.297984
4659,0.300032
4660,0.308224
4661,0.303104
4662,0.310272
4663,0.318464
4664,0.308224
4665,0.304128
4666,0.309248
4667,0.304128
4668,0.303104
4669,0.319488
4670,0.302080
4671,0.302080
4672,0.287744
4673,0.303104
4674,0.306176
4675,0.307200
4676,0.297984
4677,0.310272
4678,0.296960
4679,0.301056
4680,0.293888
4681,0.292864
4682,0.294912
4683,0.313344
4684,0.292864
4685,0.303104
4686,0.309248
4687,0.311296
4688,0.305152
4689,0.312320
4690,0.306176
4691,0.309248
4692,0.311296
4693,0.305152
4694,0.317440
4695,0.304128
4696,0.292864
4697,0.310272
4698,0.297984
4699,0.304128
4700,0.307200
4701,0.291840
4702,0.292864
4703,0.308224
4704,0.305152
4705,0.304128
4706,0.297984
4707,0.304128
4708,0.304128
4709,0.308224
4710,0.299008
4711,0.294912
4712,0.309248
4713,0.297984
4714,0.308224
4715,0.302080
4716,0.305152
4717,0.309248
4718,0.308224
4719,0.310272
4720,0.297984
4721,0.315392
4722,0.307200
4723,0.307200
4724,0.306176
4725,0.296960
4726,0.308224
4727,0.297984
4728,0.311296
4729,0.305152
4730,0.306176
4731,0.292864
4732,0.294912
4733,0.299008
4734,0.318464
4735,0.308224
4736,0.302080
4737,0.302080
4738,0.308224
4739,0.291840
4740,0.294912
4741,0.295936
4742,0.300032
4743,0.289792
4744,0.308224
4745,0.302080
4746,0.296960
4747,0.303104
4748,0.312320
4749,0.309248
4750,0.287744
4751,0.306176
4752,0.309248
4753,0.301056
4754,0.297984
4755,0.294912
4756,0.304128
4757,0.302080
4758,0.316416
4759,0.294912
4760,0.310272
4761,0.320512
4762,0.305152
4763,0.305152
4764,0.296960
4765,0.301056
4766,0.303104
4767,0.296960
4768,0.305152
4769,0.300032
4770,0.297984
4771,0.315392
4772,0.313344
4773,0.304128
4774,0.322560
4775,0.315392
4776,0.305152
4777,0.299008
4778,0.306176
4779,0.290816
4780,0.293888
4781,0.301056
4782,0.310272
4783,0.293888
4784,0.539648
4785,0.320512
4786,0.303104
4787,0.407552
4788,0.333824
4789,0.310272
4790,0.305152
4791,0.297984
4792,0.281600
4793,0.317440
4794,0.316416
4795,0.312320
4796,0.302080
4797,0.297984
4798,0.303104
4799,0.300032
4800,0.306176
4801,0.304128
4802,0.318464
4803,0.311296
4804,0.291840
4805,0.305152
4806,0.307200
4807,0.299008
4808,0.325632
4809,0.306176
4810,0.302080
4811,0.305152
4812,0.288768
4813,0.309248
4814,0.301056
4815,0.302080
4816,0.303104
4817,0.311296
4818,0.312320
4819,0.311296
4820,0.297984
4821,0.304128
4822,0.304128
4823,0.311296
4824,0.313344
4825,0.308224
4826,0.299008
4827,0.299008
4828,0.296960
4829,0.304128
4830,0.301056
4831,0.316416
4832,0.309248
4833,0.306176
4834,0.308224
4835,0.302080
4836,0.299008
4837,0.320512
4838,0.299008
4839,0.302080
4840,0.292864
4841,0.307200
4842,0.308224
4843,0.308224
4844,0.301056
4845,0.305152
4846,0.306176
4847,0.302080
4848,0.313344
4849,0.292864
4850,0.301056
4851,0.293888
4852,0.304128
4853,0.311296
4854,0.305152
4855,0.300032
4856,0.302080
4857,0.306176
4858,0.306176
4859,0.305152
4860,0.305152
4861,0.304128
4862,0.302080
4863,0.300032
4864,0.281600
4865,0.302080
4866,0.301056
4867,0.315392
4868,0.302080
4869,0.304128
4870,0.312320
4871,0.293888
4872,0.306176
4873,0.288768
4874,0.307200
4875,0.305152
4876,0.294912
4877,0.314368
4878,0.314368
4879,0.296960
4880,0.300032
4881,0.293888
4882,0.302080
4883,0.299008
4884,0.307200
4885,0.301056
4886,0.299008
4887,0.310272
4888,0.309248
4889,0.290816
4890,0.297984
4891,0.313344
4892,0.303104
4893,0.310272
4894,0.309248
4895,0.302080
4896,0.303104
4897,0.309248
4898,0.294912
4899,0.307200
4900,0.297984
4901,0.306176
4902,0.309248
4903,0.308224
4904,0.308224
4905,0.302080
4906,0.311296
4907,0.295936
4908,0.295936
4909,0.295936
4910,0.322560
4911,0.295936
4912,0.306176
4913,0.293888
4914,0.301056
4915,0.290816
4916,0.305152
4917,0.299008
4918,0.320512
4919,0.294912
4920,0.305152
4921,0.310272
4922,0.308224
4923,0.308224
4924,0.330752
4925,0.293888
4926,0.301056
4927,0.299008
4928,0.308224
4929,0.301056
4930,0.295936
4931,0.306176
4932,0.292864
4933,0.302080
4934,0.314368
4935,0.308224
4936,0.301056
4937,0.306176
4938,0.290816
4939,0.297984
4940,0.302080
4941,0.299008
4942,0.302080
4943,0.308224
4944,0.301056
4945,0.293888
4946,0.307200
4947,0.305152
4948,0.299008
4949,0.305152
4950,0.299008
4951,0.280576
4952,0.313344
4953,0.296960
4954,0.316416
4955,0.300032
4956,0.307200
4957,0.303104
4958,0.289792
4959,0.299008
4960,0.301056
4961,0.309248
4962,0.285696
4963,0.293888
4964,0.320512
4965,0.307200
4966,0.309248
4967,0.287744
4968,0.306176
4969,0.304128
4970,0.308224
4971,0.308224
4972,0.294912
4973,0.296960
4974,0.291840
4975,0.301056
4976,0.307200
4977,0.309248
4978,0.308224
4979,0.309248
4980,0.306176
4981,0.309248
4982,0.300032
4983,0.296960
4984,0.291840
4985,0.304128
4986,0.305152
4987,0.319488
4988,0.304128
4989,0.322560
4990,0.305152
4991,0.296960
4992,0.292864
4993,0.316416
4994,0.302080
4995,0.313344
4996,0.290816
4997,0.301056
4998,0.307200
4999,0.306176
5000,0.299008
5001,0.295936
5002,0.297984
5003,0.287744
5004,0.282624
5005,0.317440
5006,0.310272
5007,0.301056
5008,0.309248
5009,0.303104
5010,0.301056
5011,0.297984
5012,0.313344
5013,0.313344
5014,0.305152
5015,0.314368
5016,0.292864
5017,0.315392
5018,0.299008
5019,0.306176
5020,0.315392
5021,0.313344
5022,0.308224
5023,0.303104
5024,0.291840
5025,0.314368
5026,0.313344
5027,0.296960
5028,0.296960
5029,0.305152
5030,0.299008
5031,0.293888
5032,0.304128
5033,0.308224
5034,0.307200
5035,0.304128
5036,0.296960
5037,0.307200
5038,0.302080
5039,0.306176
5040,0.304128
5041,0.314368
5042,0.302080
5043,0.305152
5044,0.292864
5045,0.313344
5046,0.290816
5047,0.309248
5048,0.317440
5049,0.308224
5050,0.296960
5051,0.301056
5052,0.308224
5053,0.305152
5054,0.294912
5055,0.314368
5056,0.295936
5057,0.314368
5058,0.306176
5059,0.299008
5060,0.297984
5061,0.314368
5062,0.315392
5063,0.286720
5064,0.292864
5065,0.306176
5066,0.309248
5067,0.293888
5068,0.301056
5069,0.300032
5070,0.305152
5071,0.295936
5072,0.303104
5073,0.291840
5074,0.297984
5075,0.284672
5076,0.301056
5077,0.301056
5078,0.300032
5079,0.308224
5080,0.302080
5081,0.296960
5082,0.293888
5083,0.292864
5084,0.302080
5085,0.297984
5086,0.320512
5087,0.295936
5088,0.301056
5089,0.314368
5090,0.309248
5091,0.310272
5092,0.312320
5093,0.305152
5094,0.318464
5095,0.319488
5096,0.305152
5097,0.307200
5098,0.307200
5099,0.299008
5100,0.285696
5101,0.312320
5102,0.435200
5103,0.300032
5104,0.297984
5105,0.313344
5106,0.303104
5107,0.314368
5108,0.407552
5109,0.301056
5110,0.293888
5111,0.314368
5112,0.309248
5113,0.305152
5114,0.305152
5115,0.301056
5116,0.294912
5117,0.306176
5118,0.301056
5119,0.305152
5120,0.318464
5121,0.306176
5122,0.304128
5123,0.302080
5124,0.302080
5125,0.322560
5126,0.301056
5127,0.305152
5128,0.289792
5129,0.314368
5130,0.306176
5131,0.305152
5132,0.303104
5133,0.304128
5134,0.294912
5135,0.296960
5136,0.313344
5137,0.312320
5138,0.308224
5139,0.313344
5140,0.300032
5141,0.292864
5142,0.305152
5143,0.310272
5144,0.312320
5145,0.299008
5146,0.314368
5147,0.308224
5148,0.301056
5149,0.300032
5150,0.305152
5151,0.308224
5152,0.301056
5153,0.306176
5154,0.297984
5155,0.301056
5156,0.303104
5157,0.292864
5158,0.310272
5159,0.304128
5160,0.293888
5161,0.297984
5162,0.306176
5163,0.299008
5164,0.305152
5165,0.306176
5166,0.301056
5167,0.295936
5168,0.296960
5169,0.300032
5170,0.307200
5171,0.284672
5172,0.316416
5173,0.305152
5174,0.299008
5175,0.306176
5176,0.299008
5177,0.321536
5178,0.314368
5179,0.317440
5180,0.304128
5181,0.308224
5182,0.308224
5183,0.301056
5184,0.301056
5185,0.309248
5186,0.300032
5187,0.290816
5188,0.318464
5189,0.294912
5190,0.299008
5191,0.310272
5192,0.313344
5193,0.296960
5194,0.296960
5195,0.297984
5196,0.311296
5197,0.299008
5198,0.311296
5199,0.307200
5200,0.305152
5201,0.307200
5202,0.300032
5203,0.296960
5204,0.294912
5205,0.288768
5206,0.314368
5207,0.305152
5208,0.299008
5209,0.309248
5210,0.314368
5211,0.316416
5212,0.311296
5213,0.294912
5214,0.296960
5215,0.302080
5216,0.288768
5217,0.303104
5218,0.306176
5219,0.310272
5220,0.303104
5221,0.293888
5222,0.290816
5223,0.296960
5224,0.304128
5225,0.305152
5226,0.296960
5227,0.314368
5228,0.306176
5229,0.296960
5230,0.300032
5231,0.313344
5232,0.302080
5233,0.312320
5234,0.309248
5235,0.312320
5236,0.296960
5237,0.295936
5238,0.308224
5239,0.303104
5240,0.308224
5241,0.303104
5242,0.302080
5243,0.312320
5244,0.311296
5245,0.297984
5246,0.296960
5247,0.309248
5248,0.287744
5249,0.305152
5250,0.308224
5251,0.301056
5252,0.310272
5253,0.316416
5254,0.326656
5255,0.303104
5256,0.310272
5257,0.308224
5258,0.300032
5259,0.305152
5260,0.323584
5261,0.296960
5262,0.312320
5263,0.283648
5264,0.315392
5265,0.300032
5266,0.309248
5267,0.296960
5268,0.321536
5269,0.301056
5270,0.311296
5271,0.317440
5272,0.302080
5273,0.293888
5274,0.296960
5275,0.295936
5276,0.316416
5277,0.300032
5278,0.316416
5279,0.296960
5280,0.299008
5281,0.311296
5282,0.306176
5283,0.297984
5284,0.305152
5285,0.309248
5286,0.306176
5287,0.300032
5288,0.301056
5289,0.302080
5290,0.294912
5291,0.314368
5292,0.300032
5293,0.292864
5294,0.315392
5295,0.316416
5296,0.308224
5297,0.290816
5298,0.292864
5299,0.293888
5300,0.305152
5301,0.306176
5302,0.303104
5303,0.290816
5304,0.304128
5305,0.314368
5306,0.310272
5307,0.289792
5308,0.301056
5309,0.314368
5310,0.308224
5311,0.303104
5312,0.301056
5313,0.296960
5314,0.302080
5315,0.299008
5316,0.303104
5317,0.310272
5318,0.296960
5319,0.306176
5320,0.318464
5321,0.304128
5322,0.297984
5323,0.304128
5324,0.301056
5325,0.307200
5326,0.296960
5327,0.318464
5328,0.302080
5329,0.305152
5330,0.313344
5331,0.292864
5332,0.303104
5333,0.302080
5334,0.312320
5335,0.306176
5336,0.308224
5337,0.302080
5338,0.294912
5339,0.294912
5340,0.297984
5341,0.305152
5342,0.316416
5343,0.301056
5344,0.297984
5345,0.306176
5346,0.296960
5347,0.307200
5348,0.289792
5349,0.308224
5350,0.308224
5351,0.312320
5352,0.309248
5353,0.288768
5354,0.294912
5355,0.305152
5356,0.301056
5357,0.301056
5358,0.296960
5359,0.309248
5360,0.293888
5361,0.299008
5362,0.294912
5363,0.297984
5364,0.299008
5365,0.312320
5366,0.302080
5367,0.302080
5368,0.302080
5369,0.314368
5370,0.315392
5371,0.309248
5372,0.309248
5373,0.304128
5374,0.315392
5375,0.301056
5376,0.297984
5377,0.302080
5378,0.312320
5379,0.299008
5380,0.297984
5381,0.284672
5382,0.278528
5383,0.275456
5384,0.289792
5385,0.278528
5386,0.300032
5387,0.317440
5388,0.308224
5389,0.302080
5390,0.300032
5391,0.316416
5392,0.306176
5393,0.307200
5394,0.318464
5395,0.300032
5396,0.293888
5397,0.304128
5398,0.299008
5399,0.301056
5400,0.312320
5401,0.310272
5402,0.312320
5403,0.312320
5404,0.301056
5405,0.290816
5406,0.313344
5407,0.304128
5408,0.301056
5409,0.315392
5410,0.301056
5411,0.303104
5412,0.303104
5413,0.300032
5414,0.315392
5415,0.302080
5416,0.311296
5417,0.310272
5418,0.313344
5419,0.304128
5420,0.290816
5421,0.305152
5422,0.302080
5423,0.285696
5424,0.286720
5425,0.312320
5426,0.314368
5427,0.289792
5428,0.287744
5429,0.315392
5430,0.312320
5431,0.312320
5432,0.304128
5433,0.295936
5434,0.291840
5435,0.316416
5436,0.309248
5437,0.311296
5438,0.307200
5439,0.299008
5440,0.306176
5441,0.308224
5442,0.300032
5443,0.299008
5444,0.305152
5445,0.292864
5446,0.302080
5447,0.292864
5448,0.295936
5449,0.305152
5450,0.295936
5451,0.302080
5452,0.308224
5453,0.299008
5454,0.305152
5455,0.302080
5456,0.302080
5457,0.302080
5458,0.306176
5459,0.313344
5460,0.303104
5461,0.309248
5462,0.317440
5463,0.297984
5464,0.300032
5465,0.313344
5466,0.302080
5467,0.301056
5468,0.299008
5469,0.306176
5470,0.309248
5471,0.295936
5472,0.299008
5473,0.294912
5474,0.311296
5475,0.316416
5476,0.301056
5477,0.310272
5478,0.297984
5479,0.310272
5480,0.305152
5481,0.313344
5482,0.302080
5483,0.300032
5484,0.307200
5485,0.292864
5486,0.304128
5487,0.308224
5488,0.316416
5489,0.313344
5490,0.312320
5491,0.302080
5492,0.304128
5493,0.304128
5494,0.308224
5495,0.323584
5496,0.311296
5497,0.318464
5498,0.314368
5499,0.311296
5500,0.320512
5501,0.291840
5502,0.314368
5503,0.304128
5504,0.293888
5505,0.307200
5506,0.307200
5507,0.311296
5508,0.306176
5509,0.299008
5510,0.296960
5511,0.297984
5512,0.305152
5513,0.304128
5514,0.297984
5515,0.315392
5516,0.295936
5517,0.295936
5518,0.300032
5519,0.317440
5520,0.311296
5521,0.307200
5522,0.295936
5523,0.312320
5524,0.311296
5525,0.299008
5526,0.305152
5527,0.310272
5528,0.303104
5529,0.280576
5530,0.315392
5531,0.296960
5532,0.301056
5533,0.306176
5534,0.302080
5535,0.294912
5536,0.310272
5537,0.300032
5538,0.300032
5539,0.300032
5540,0.300032
5541,0.288768
5542,0.303104
5543,0.308224
5544,0.311296
5545,0.300032
5546,0.296960
5547,0.295936
5548,0.307200
5549,0.306176
5550,0.306176
5551,0.299008
5552,0.305152
5553,0.318464
5554,0.302080
5555,0.315392
5556,0.302080
5557,0.302080
5558,0.297984
5559,0.301056
5560,0.308224
5561,0.313344
5562,0.289792
5563,0.308224
5564,0.303104
5565,0.309248
5566,0.297984
5567,0.305152
5568,0.302080
5569,0.311296
5570,0.300032
5571,0.301056
5572,0.318464
5573,0.294912
5574,0.307200
5575,0.309248
5576,0.313344
5577,0.303104
5578,0.304128
5579,0.311296
5580,0.300032
5581,0.309248
5582,0.300032
5583,0.293888
5584,0.306176
5585,0.310272
5586,0.292864
5587,0.296960
5588,0.313344
5589,0.296960
5590,0.297984
5591,0.311296
5592,0.296960
5593,0.309248
5594,0.295936
5595,0.310272
5596,0.302080
5597,0.301056
5598,0.308224
5599,0.308224
5600,0.313344
5601,0.305152
5602,0.302080
5603,0.297984
5604,0.301056
5605,0.309248
5606,0.301056
5607,0.291840
5608,0.305152
5609,0.297984
5610,0.312320
5611,0.297984
5612,0.310272
5613,0.300032
5614,0.302080
5615,0.290816
5616,0.305152
5617,0.322560
5618,0.295936
5619,0.295936
5620,0.311296
5621,0.308224
5622,0.302080
5623,0.310272
5624,0.302080
5625,0.310272
5626,0.310272
5627,0.306176
5628,0.303104
5629,0.316416
5630,0.315392
5631,0.304128
5632,0.299008
5633,0.306176
5634,0.313344
5635,0.311296
5636,0.294912
5637,0.305152
5638,0.304128
5639,0.309248
5640,0.308224
5641,0.309248
5642,0.302080
5643,0.316416
5644,0.302080
5645,0.310272
5646,0.301056
5647,0.303104
5648,0.299008
5649,0.301056
5650,0.288768
5651,0.312320
5652,0.301056
5653,0.307200
5654,0.313344
5655,0.299008
5656,0.317440
5657,0.297984
5658,0.302080
5659,0.290816
5660,0.290816
5661,0.285696
5662,0.286720
5663,0.272384
5664,0.280576
5665,0.401408
5666,0.289792
5667,0.273408
5668,0.280576
5669,0.281600
5670,0.293888
5671,0.310272
5672,0.296960
5673,0.315392
5674,0.304128
5675,0.304128
5676,0.310272
5677,0.307200
5678,0.308224
5679,0.307200
5680,0.296960
5681,0.305152
5682,0.300032
5683,0.296960
5684,0.310272
5685,0.292864
5686,0.299008
5687,0.310272
5688,0.307200
5689,0.300032
5690,0.287744
5691,0.302080
5692,0.306176
5693,0.307200
5694,0.295936
5695,0.317440
5696,0.299008
5697,0.309248
5698,0.320512
5699,0.313344
5700,0.308224
5701,0.303104
5702,0.309248
5703,0.297984
5704,0.310272
5705,0.307200
5706,0.317440
5707,0.302080
5708,0.316416
5709,0.296960
5710,0.296960
5711,0.308224
5712,0.315392
5713,0.310272
5714,0.316416
5715,0.306176
5716,0.291840
5717,0.306176
5718,0.305152
5719,0.304128
5720,0.312320
5721,0.299008
5722,0.305152
5723,0.308224
5724,0.312320
5725,0.316416
5726,0.308224
5727,0.310272
5728,0.296960
5729,0.307200
5730,0.300032
5731,0.313344
5732,0.310272
5733,0.304128
5734,0.305152
5735,0.289792
5736,0.301056
5737,0.301056
5738,0.305152
5739,0.299008
5740,0.300032
5741,0.313344
5742,0.292864
5743,0.295936
5744,0.306176
5745,0.316416
5746,0.302080
5747,0.305152
5748,0.302080
5749,0.311296
5750,0.319488
5751,0.312320
5752,0.313344
5753,0.308224
5754,0.301056
5755,0.296960
5756,0.310272
5757,0.311296
5758,0.308224
5759,0.287744
5760,0.284672
5761,0.287744
5762,0.287744
5763,0.295936
5764,0.285696
5765,0.273408
5766,0.305152
5767,0.307200
5768,0.315392
5769,0.299008
5770,0.318464
5771,0.293888
5772,0.306176
5773,0.311296
5774,0.320512
5775,0.305152
5776,0.297984
5777,0.293888
5778,0.303104
5779,0.307200
5780,0.297984
5781,0.299008
5782,0.305152
5783,0.302080
5784,0.307200
5785,0.299008
5786,0.301056
5787,0.307200
5788,0.305152
5789,0.301056
5790,0.306176
5791,0.290816
5792,0.307200
5793,0.307200
5794,0.302080
5795,0.311296
5796,0.309248
5797,0.296960
5798,0.310272
5799,0.308224
5800,0.297984
5801,0.287744
5802,0.302080
5803,0.311296
5804,0.306176
5805,0.311296
5806,0.308224
5807,0.308224
5808,0.289792
5809,0.297984
5810,0.315392
5811,0.316416
5812,0.300032
5813,0.317440
5814,0.296960
5815,0.308224
5816,0.317440
5817,0.302080
5818,0.302080
5819,0.420864
5820,0.339968
5821,0.318464
5822,0.405504
5823,0.292864
5824,0.331776
5825,0.300032
5826,0.313344
5827,0.304128
5828,0.299008
5829,0.299008
5830,0.300032
5831,0.308224
5832,0.303104
5833,0.304128
5834,0.314368
5835,0.301056
5836,0.308224
5837,0.318464
5838,0.314368
5839,0.294912
5840,0.297984
5841,0.308224
5842,0.304128
5843,0.325632
5844,0.317440
5845,0.318464
5846,0.309248
5847,0.308224
5848,0.295936
5849,0.307200
5850,0.304128
5851,0.307200
5852,0.305152
5853,0.319488
5854,0.317440
5855,0.311296
5856,0.295936
5857,0.294912
5858,0.306176
5859,0.307200
5860,0.306176
5861,0.302080
5862,0.314368
5863,0.317440
5864,0.306176
5865,0.294912
5866,0.303104
5867,0.305152
5868,0.317440
5869,0.301056
5870,0.297984
5871,0.312320
5872,0.308224
5873,0.297984
5874,0.305152
5875,0.303104
5876,0.304128
5877,0.316416
5878,0.309248
5879,0.303104
5880,0.296960
5881,0.307200
5882,0.300032
5883,0.304128
5884,0.300032
5885,0.302080
5886,0.310272
5887,0.297984
5888,0.314368
5889,0.290816
5890,0.295936
5891,0.311296
5892,0.311296
5893,0.311296
5894,0.306176
5895,0.302080
5896,0.309248
5897,0.302080
5898,0.316416
5899,0.296960
5900,0.313344
5901,0.313344
5902,0.294912
5903,0.303104
5904,0.313344
5905,0.311296
5906,0.301056
5907,0.307200
5908,0.307200
5909,0.316416
5910,0.299008
5911,0.290816
5912,0.303104
5913,0.302080
5914,0.303104
5915,0.302080
5916,0.305152
5917,0.297984
5918,0.296960
5919,0.295936
5920,0.314368
5921,0.313344
5922,0.305152
5923,0.309248
5924,0.305152
5925,0.314368
5926,0.300032
5927,0.306176
5928,0.313344
5929,0.292864
5930,0.314368
5931,0.293888
5932,0.307200
5933,0.319488
5934,0.300032
5935,0.304128
5936,0.307200
5937,0.312320
5938,0.307200
5939,0.311296
5940,0.314368
5941,0.310272
5942,0.300032
5943,0.305152
5944,0.308224
5945,0.313344
5946,0.316416
5947,0.304128
5948,0.308224
5949,0.305152
5950,0.310272
5951,0.309248
5952,0.305152
5953,0.311296
5954,0.303104
5955,0.304128
5956,0.307200
5957,0.303104
5958,0.310272
5959,0.311296
5960,0.294912
5961,0.322560
5962,0.297984
5963,0.300032
5964,0.307200
5965,0.307200
5966,0.305152
5967,0.283648
5968,0.322560
5969,0.309248
5970,0.309248
5971,0.306176
5972,0.296960
5973,0.310272
5974,0.313344
5975,0.303104
5976,0.311296
5977,0.303104
5978,0.306176
5979,0.318464
5980,0.311296
5981,0.303104
5982,0.305152
5983,0.307200
5984,0.313344
5985,0.315392
5986,0.293888
5987,0.308224
5988,0.305152
5989,0.321536
5990,0.303104
5991,0.288768
5992,0.311296
5993,0.306176
5994,0.316416
5995,0.302080
5996,0.297984
5997,0.308224
5998,0.305152
5999,0.302080
6000,0.302080
6001,0.321536
6002,0.304128
6003,0.296960
6004,0.300032
6005,0.307200
6006,0.315392
6007,0.309248
6008,0.304128
6009,0.295936
6010,0.314368
6011,0.314368
6012,0.308224
6013,0.304128
6014,0.314368
6015,0.294912
6016,0.313344
6017,0.293888
6018,0.305152
6019,0.294912
6020,0.318464
6021,0.305152
6022,0.304128
6023,0.304128
6024,0.311296
6025,0.314368
6026,0.316416
6027,0.302080
6028,0.309248
6029,0.312320
6030,0.303104
6031,0.313344
6032,0.299008
6033,0.293888
6034,0.292864
6035,0.307200
6036,0.303104
6037,0.302080
6038,0.322560
6039,0.302080
6040,0.313344
6041,0.310272
6042,0.313344
6043,0.312320
6044,0.305152
6045,0.311296
6046,0.293888
6047,0.295936
6048,0.309248
6049,0.313344
6050,0.295936
6051,0.316416
6052,0.291840
6053,0.312320
6054,0.313344
6055,0.301056
6056,0.319488
6057,0.315392
6058,0.308224
6059,0.308224
6060,0.308224
6061,0.312320
6062,0.312320
6063,0.308224
6064,0.295936
6065,0.309248
6066,0.309248
6067,0.299008
6068,0.300032
6069,0.307200
6070,0.305152
6071,0.325632
6072,0.314368
6073,0.304128
6074,0.307200
6075,0.305152
6076,0.301056
6077,0.315392
6078,0.305152
6079,0.285696
6080,0.302080
6081,0.308224
6082,0.318464
6083,0.308224
6084,0.305152
6085,0.311296
6086,0.307200
6087,0.306176
6088,0.313344
6089,0.308224
6090,0.317440
6091,0.306176
6092,0.297984
6093,0.307200
6094,0.308224
6095,0.322560
6096,0.302080
6097,0.299008
6098,0.305152
6099,0.317440
6100,0.309248
6101,0.308224
6102,0.306176
6103,0.313344
6104,0.311296
6105,0.319488
6106,0.316416
6107,0.309248
6108,0.295936
6109,0.305152
6110,0.315392
6111,0.308224
6112,0.324608
6113,0.312320
6114,0.308224
6115,0.289792
6116,0.301056
6117,0.314368
6118,0.291840
6119,0.311296
6120,0.296960
6121,0.305152
6122,0.299008
6123,0.313344
6124,0.292864
6125,0.310272
6126,0.290816
6127,0.296960
6128,0.305152
6129,0.310272
6130,0.314368
6131,0.312320
6132,0.306176
6133,0.309248
6134,0.407552
6135,0.295936
6136,0.287744
6137,0.305152
6138,0.315392
6139,0.322560
6140,0.308224
6141,0.309248
6142,0.309248
6143,0.311296
6144,0.290816
6145,0.310272
6146,0.303104
6147,0.312320
6148,0.316416
6149,0.305152
6150,0.328704
6151,0.311296
6152,0.299008
6153,0.313344
6154,0.312320
6155,0.304128
6156,0.311296
6157,0.307200
6158,0.296960
6159,0.297984
6160,0.304128
6161,0.310272
6162,0.318464
6163,0.304128
6164,0.296960
6165,0.318464
6166,0.303104
6167,0.310272
6168,0.313344
6169,0.304128
6170,0.308224
6171,0.305152
6172,0.306176
6173,0.309248
6174,0.308224
6175,0.307200
6176,0.292864
6177,0.313344
6178,0.294912
6179,0.313344
6180,0.300032
6181,0.320512
6182,0.323584
6183,0.320512
6184,0.310272
6185,0.308224
6186,0.307200
6187,0.306176
6188,0.317440
6189,0.318464
6190,0.316416
6191,0.305152
6192,0.304128
6193,0.306176
6194,0.307200
6195,0.293888
6196,0.302080
6197,0.295936
6198,0.301056
6199,0.317440
6200,0.316416
6201,0.302080
6202,0.311296
6203,0.316416
6204,0.302080
6205,0.312320
6206,0.323584
6207,0.297984
6208,0.322560
6209,0.306176
6210,0.306176
6211,0.316416
6212,0.305152
6213,0.321536
6214,0.315392
6215,0.305152
6216,0.316416
6217,0.304128
6218,0.316416
6219,0.307200
6220,0.310272
6221,0.289792
6222,0.308224
6223,0.302080
6224,0.317440
6225,0.296960
6226,0.308224
6227,0.307200
6228,0.297984
6229,0.302080
6230,0.310272
6231,0.300032
6232,0.311296
6233,0.438272
6234,0.305152
6235,0.286720
6236,0.294912
6237,0.306176
6238,0.320512
6239,0.312320
6240,0.301056
6241,0.296960
6242,0.307200
6243,0.319488
6244,0.314368
6245,0.305152
6246,0.321536
6247,0.299008
6248,0.296960
6249,0.301056
6250,0.301056
6251,0.313344
6252,0.304128
6253,0.301056
6254,0.303104
6255,0.301056
6256,0.293888
6257,0.305152
6258,0.315392
6259,0.290816
6260,0.306176
6261,0.315392
6262,0.305152
6263,0.295936
6264,0.290816
6265,0.314368
6266,0.297984
6267,0.313344
6268,0.300032
6269,0.294912
6270,0.308224
6271,0.304128
6272,0.307200
6273,0.299008
6274,0.313344
6275,0.316416
6276,0.295936
6277,0.310272
6278,0.305152
6279,0.317440
6280,0.311296
6281,0.308224
6282,0.304128
6283,0.314368
6284,0.314368
6285,0.301056
6286,0.296960
6287,0.308224
6288,0.314368
6289,0.310272
6290,0.312320
6291,0.318464
6292,0.303104
6293,0.304128
6294,0.311296
6295,0.305152
6296,0.307200
6297,0.309248
6298,0.304128
6299,0.314368
6300,0.313344
6301,0.320512
6302,0.308224
6303,0.309248
6304,0.300032
6305,0.310272
6306,0.313344
6307,0.300032
6308,0.307200
6309,0.303104
6310,0.314368
6311,0.306176
6312,0.294912
6313,0.302080
6314,0.307200
6315,0.308224
6316,0.319488
6317,0.312320
6318,0.305152
6319,0.293888
6320,0.313344
6321,0.313344
6322,0.307200
6323,0.299008
6324,0.317440
6325,0.297984
6326,0.314368
6327,0.319488
6328,0.305152
6329,0.311296
6330,0.295936
6331,0.310272
6332,0.306176
6333,0.300032
6334,0.321536
6335,0.307200
6336,0.293888
6337,0.311296
6338,0.295936
6339,0.314368
6340,0.321536
6341,0.296960
6342,0.310272
6343,0.314368
6344,0.303104
6345,0.302080
6346,0.300032
6347,0.292864
6348,0.304128
6349,0.305152
6350,0.290816
6351,0.308224
6352,0.309248
6353,0.303104
6354,0.318464
6355,0.300032
6356,0.303104
6357,0.289792
6358,0.307200
6359,0.319488
6360,0.300032
6361,0.308224
6362,0.308224
6363,0.304128
6364,0.295936
6365,0.299008
6366,0.301056
6367,0.309248
6368,0.299008
6369,0.308224
6370,0.301056
6371,0.291840
6372,0.308224
6373,0.310272
6374,0.314368
6375,0.306176
6376,0.315392
6377,0.313344
6378,0.304128
6379,0.312320
6380,0.299008
6381,0.314368
6382,0.302080
6383,0.289792
6384,0.307200
6385,0.305152
6386,0.313344
6387,0.309248
6388,0.300032
6389,0.304128
6390,0.297984
6391,0.295936
6392,0.299008
6393,0.312320
6394,0.311296
6395,0.306176
6396,0.296960
6397,0.307200
6398,0.283648
6399,0.305152
6400,0.315392
6401,0.307200
6402,0.301056
6403,0.320512
6404,0.294912
6405,0.307200
6406,0.305152
6407,0.313344
6408,0.308224
6409,0.306176
6410,0.308224
6411,0.314368
6412,0.313344
6413,0.324608
6414,0.304128
6415,0.302080
6416,0.311296
6417,0.302080
6418,0.312320
6419,0.299008
6420,0.320512
6421,0.304128
6422,0.315392
6423,0.302080
6424,0.304128
6425,0.303104
6426,0.323584
6427,0.311296
6428,0.301056
6429,0.306176
6430,0.314368
6431,0.310272
6432,0.310272
6433,0.296960
6434,0.309248
6435,0.323584
6436,0.317440
6437,0.319488
6438,0.316416
6439,0.300032
6440,0.303104
6441,0.307200
6442,0.304128
6443,0.306176
6444,0.315392
6445,0.314368
6446,0.315392
6447,0.297984
6448,0.322560
6449,0.308224
6450,0.303104
6451,0.309248
6452,0.296960
6453,0.312320
6454,0.315392
6455,0.291840
6456,0.301056
6457,0.305152
6458,0.301056
6459,0.295936
6460,0.308224
6461,0.313344
6462,0.300032
6463,0.309248
6464,0.301056
6465,0.294912
6466,0.314368
6467,0.310272
6468,0.309248
6469,0.309248
6470,0.304128
6471,0.305152
6472,0.297984
6473,0.309248
6474,0.295936
6475,0.303104
6476,0.307200
6477,0.308224
6478,0.318464
6479,0.318464
6480,0.302080
6481,0.318464
6482,0.314368
6483,0.314368
6484,0.302080
6485,0.318464
6486,0.296960
6487,0.309248
6488,0.307200
6489,0.308224
6490,0.297984
6491,0.312320
6492,0.309248
6493,0.311296
6494,0.312320
6495,0.308224
6496,0.311296
6497,0.309248
6498,0.316416
6499,0.308224
6500,0.305152
6501,0.326656
6502,0.289792
6503,0.315392
6504,0.309248
6505,0.304128
6506,0.316416
6507,0.307200
6508,0.301056
6509,0.288768
6510,0.302080
6511,0.295936
6512,0.322560
6513,0.310272
6514,0.292864
6515,0.304128
6516,0.307200
6517,0.322560
6518,0.310272
6519,0.321536
6520,0.440320
6521,0.302080
6522,0.306176
6523,0.357376
6524,0.302080
6525,0.311296
6526,0.318464
6527,0.310272
6528,0.306176
6529,0.308224
6530,0.311296
6531,0.313344
6532,0.294912
6533,0.290816
6534,0.318464
6535,0.307200
6536,0.294912
6537,0.307200
6538,0.308224
6539,0.306176
6540,0.310272
6541,0.307200
6542,0.316416
6543,0.317440
6544,0.310272
6545,0.304128
6546,0.311296
6547,0.299008
6548,0.310272
6549,0.305152
6550,0.300032
6551,0.304128
6552,0.295936
6553,0.292864
6554,0.293888
6555,0.297984
6556,0.291840
6557,0.313344
6558,0.305152
6559,0.314368
6560,0.308224
6561,0.303104
6562,0.302080
6563,0.303104
6564,0.299008
6565,0.303104
6566,0.377856
6567,0.284672
6568,0.288768
6569,0.465920
6570,0.286720
6571,0.288768
6572,0.288768
6573,0.294912
6574,0.296960
6575,0.305152
6576,0.304128
6577,0.309248
6578,0.309248
6579,0.314368
6580,0.292864
6581,0.307200
6582,0.294912
6583,0.289792
6584,0.297984
6585,0.303104
6586,0.287744
6587,0.399360
6588,0.321536
6589,0.311296
6590,0.310272
6591,0.307200
6592,0.310272
6593,0.312320
6594,0.301056
6595,0.305152
6596,0.311296
6597,0.291840
6598,0.299008
6599,0.306176
6600,0.301056
6601,0.317440
6602,0.300032
6603,0.324608
6604,0.307200
6605,0.297984
6606,0.316416
6607,0.293888
6608,0.288768
6609,0.311296
6610,0.318464
6611,0.300032
6612,0.305152
6613,0.303104
6614,0.297984
6615,0.308224
6616,0.302080
6617,0.300032
6618,0.315392
6619,0.297984
6620,0.295936
6621,0.313344
6622,0.300032
6623,0.311296
6624,0.316416
6625,0.307200
6626,0.308224
6627,0.308224
6628,0.306176
6629,0.321536
6630,0.274432
6631,0.316416
6632,0.291840
6633,0.309248
6634,0.314368
6635,0.302080
6636,0.307200
6637,0.293888
6638,0.311296
6639,0.313344
6640,0.297984
6641,0.297984
6642,0.309248
6643,0.310272
6644,0.299008
6645,0.301056
6646,0.308224
6647,0.295936
6648,0.311296
6649,0.305152
6650,0.287744
6651,0.295936
6652,0.308224
6653,0.311296
6654,0.313344
6655,0.299008
6656,0.310272
6657,0.313344
6658,0.299008
6659,0.312320
6660,0.293888
6661,0.305152
6662,0.292864
6663,0.306176
6664,0.314368
6665,0.303104
6666,0.311296
6667,0.317440
6668,0.301056
6669,0.306176
6670,0.317440
6671,0.304128
6672,0.313344
6673,0.300032
6674,0.310272
6675,0.300032
6676,0.294912
6677,0.300032
6678,0.315392
6679,0.312320
6680,0.306176
6681,0.307200
6682,0.299008
6683,0.307200
6684,0.291840
6685,0.313344
6686,0.311296
6687,0.304128
6688,0.300032
6689,0.320512
6690,0.309248
6691,0.326656
6692,0.306176
6693,0.304128
6694,0.303104
6695,0.301056
6696,0.292864
6697,0.306176
6698,0.304128
6699,0.310272
6700,0.300032
6701,0.300032
6702,0.314368
6703,0.303104
6704,0.306176
6705,0.307200
6706,0.301056
6707,0.309248
6708,0.320512
6709,0.296960
6710,0.303104
6711,0.307200
6712,0.305152
6713,0.310272
6714,0.302080
6715,0.291840
6716,0.303104
6717,0.307200
6718,0.304128
6719,0.308224
6720,0.297984
6721,0.307200
6722,0.302080
6723,0.296960
6724,0.304128
6725,0.306176
6726,0.302080
6727,0.315392
6728,0.316416
6729,0.301056
6730,0.305152
6731,0.299008
6732,0.312320
6733,0.321536
6734,0.292864
6735,0.300032
6736,0.299008
6737,0.294912
6738,0.295936
6739,0.300032
6740,0.312320
6741,0.306176
6742,0.312320
6743,0.301056
6744,0.323584
6745,0.311296
6746,0.301056
6747,0.302080
6748,0.292864
6749,0.295936
6750,0.317440
6751,0.306176
6752,0.309248
6753,0.302080
6754,0.314368
6755,0.300032
6756,0.305152
6757,0.310272
6758,0.312320
6759,0.304128
6760,0.307200
6761,0.307200
6762,0.311296
6763,0.304128
6764,0.308224
6765,0.311296
6766,0.309248
6767,0.309248
6768,0.297984
6769,0.311296
6770,0.307200
6771,0.299008
6772,0.311296
6773,0.295936
6774,0.297984
6775,0.309248
6776,0.299008
6777,0.299008
6778,0.297984
6779,0.313344
6780,0.297984
6781,0.312320
6782,0.285696
6783,0.310272
6784,0.302080
6785,0.307200
6786,0.293888
6787,0.318464
6788,0.305152
6789,0.305152
6790,0.312320
6791,0.297984
6792,0.302080
6793,0.296960
6794,0.299008
6795,0.309248
6796,0.306176
6797,0.319488
6798,0.306176
6799,0.294912
6800,0.312320
6801,0.312320
6802,0.301056
6803,0.296960
6804,0.308224
6805,0.317440
6806,0.290816
6807,0.295936
6808,0.316416
6809,0.312320
6810,0.330752
6811,0.314368
6812,0.296960
6813,0.305152
6814,0.308224
6815,0.304128
6816,0.294912
6817,0.308224
6818,0.297984
6819,0.312320
6820,0.309248
6821,0.293888
6822,0.321536
6823,0.315392
6824,0.296960
6825,0.305152
6826,0.310272
6827,0.303104
6828,0.308224
6829,0.301056
6830,0.295936
6831,0.301056
6832,0.301056
6833,0.295936
6834,0.309248
6835,0.309248
6836,0.318464
6837,0.302080
6838,0.309248
6839,0.303104
6840,0.305152
6841,0.301056
6842,0.314368
6843,0.318464
6844,0.316416
6845,0.318464
6846,0.304128
6847,0.299008
6848,0.309248
6849,0.316416
6850,0.303104
6851,0.296960
6852,0.311296
6853,0.310272
6854,0.313344
6855,0.314368
6856,0.307200
6857,0.296960
6858,0.295936
6859,0.295936
6860,0.304128
6861,0.311296
6862,0.306176
6863,0.296960
6864,0.315392
6865,0.299008
6866,0.309248
6867,0.301056
6868,0.290816
6869,0.301056
6870,0.308224
6871,0.307200
6872,0.308224
6873,0.302080
6874,0.302080
6875,0.294912
6876,0.308224
6877,0.297984
6878,0.293888
6879,0.302080
6880,0.311296
6881,0.291840
6882,0.308224
6883,0.313344
6884,0.307200
6885,0.307200
6886,0.311296
6887,0.309248
6888,0.311296
6889,0.306176
6890,0.299008
6891,0.295936
6892,0.294912
6893,0.304128
6894,0.314368
6895,0.304128
6896,0.295936
6897,0.319488
6898,0.302080
6899,0.302080
6900,0.302080
6901,0.522240
6902,0.301056
6903,0.307200
6904,0.310272
6905,0.308224
6906,0.304128
6907,0.292864
6908,0.293888
6909,0.316416
6910,0.308224
6911,0.305152
6912,0.299008
6913,0.320512
6914,0.302080
6915,0.320512
6916,0.313344
6917,0.302080
6918,0.302080
6919,0.305152
6920,0.297984
6921,0.305152
6922,0.306176
6923,0.295936
6924,0.303104
6925,0.318464
6926,0.317440
6927,0.300032
6928,0.306176
6929,0.293888
6930,0.297984
6931,0.297984
6932,0.306176
6933,0.305152
6934,0.303104
6935,0.299008
6936,0.319488
6937,0.308224
6938,0.301056
6939,0.297984
6940,0.309248
6941,0.308224
6942,0.321536
6943,0.300032
6944,0.293888
6945,0.301056
6946,0.308224
6947,0.302080
6948,0.306176
6949,0.313344
6950,0.312320
6951,0.308224
6952,0.305152
6953,0.309248
6954,0.295936
6955,0.295936
6956,0.302080
6957,0.292864
6958,0.288768
6959,0.308224
6960,0.312320
6961,0.296960
6962,0.310272
6963,0.301056
6964,0.294912
6965,0.311296
6966,0.308224
6967,0.312320
6968,0.296960
6969,0.308224
6970,0.296960
6971,0.320512
6972,0.313344
6973,0.311296
6974,0.292864
6975,0.289792
6976,0.303104
6977,0.304128
6978,0.308224
6979,0.311296
6980,0.292864
6981,0.307200
6982,0.311296
6983,0.299008
6984,0.305152
6985,0.297984
6986,0.299008
6987,0.304128
6988,0.313344
6989,0.294912
6990,0.303104
6991,0.291840
6992,0.309248
6993,0.319488
6994,0.306176
6995,0.293888
6996,0.303104
6997,0.302080
6998,0.311296
6999,0.301056
7000,0.299008
7001,0.295936
7002,0.292864
7003,0.295936
7004,0.290816
7005,0.295936
7006,0.301056
7007,0.303104
7008,0.306176
7009,0.306176
7010,0.296960
7011,0.300032
7012,0.307200
7013,0.304128
7014,0.294912
7015,0.308224
7016,0.294912
7017,0.287744
7018,0.313344
7019,0.288768
7020,0.306176
7021,0.308224
7022,0.326656
7023,0.294912
7024,0.302080
7025,0.301056
7026,0.323584
7027,0.299008
7028,0.291840
7029,0.307200
7030,0.293888
7031,0.293888
7032,0.302080
7033,0.294912
7034,0.320512
7035,0.305152
7036,0.316416
7037,0.311296
7038,0.295936
7039,0.304128
7040,0.303104
7041,0.296960
7042,0.305152
7043,0.307200
7044,0.292864
7045,0.302080
7046,0.321536
7047,0.307200
7048,0.318464
7049,0.301056
7050,0.299008
7051,0.310272
7052,0.289792
7053,0.303104
7054,0.297984
7055,0.311296
7056,0.307200
7057,0.295936
7058,0.294912
7059,0.297984
7060,0.290816
7061,0.296960
7062,0.300032
7063,0.309248
7064,0.302080
7065,0.303104
7066,0.311296
7067,0.302080
7068,0.304128
7069,0.295936
7070,0.309248
7071,0.296960
7072,0.315392
7073,0.306176
7074,0.311296
7075,0.300032
7076,0.301056
7077,0.304128
7078,0.306176
7079,0.324608
7080,0.293888
7081,0.300032
7082,0.290816
7083,0.307200
7084,0.308224
7085,0.313344
7086,0.319488
7087,0.320512
7088,0.287744
7089,0.305152
7090,0.307200
7091,0.303104
7092,0.301056
7093,0.306176
7094,0.294912
7095,0.306176
7096,0.300032
7097,0.301056
7098,0.306176
7099,0.310272
7100,0.308224
7101,0.309248
7102,0.286720
7103,0.310272
7104,0.293888
7105,0.306176
7106,0.304128
7107,0.301056
7108,0.316416
7109,0.309248
7110,0.315392
7111,0.302080
7112,0.303104
7113,0.307200
7114,0.309248
7115,0.306176
7116,0.312320
7117,0.308224
7118,0.304128
7119,0.296960
7120,0.305152
7121,0.304128
7122,0.304128
7123,0.294912
7124,0.312320
7125,0.300032
7126,0.294912
7127,0.294912
7128,0.315392
7129,0.312320
7130,0.292864
7131,0.289792
7132,0.314368
7133,0.325632
7134,0.311296
7135,0.306176
7136,0.304128
7137,0.316416
7138,0.309248
7139,0.306176
7140,0.286720
7141,0.295936
7142,0.305152
7143,0.307200
7144,0.312320
7145,0.305152
7146,0.310272
7147,0.309248
7148,0.310272
7149,0.296960
7150,0.303104
7151,0.297984
7152,0.303104
7153,0.295936
7154,0.301056
7155,0.309248
7156,0.303104
7157,0.311296
7158,0.306176
7159,0.307200
7160,0.306176
7161,0.302080
7162,0.299008
7163,0.302080
7164,0.293888
7165,0.303104
7166,0.300032
7167,0.300032
7168,0.294912
7169,0.290816
7170,0.299008
7171,0.297984
7172,0.294912
7173,0.301056
7174,0.296960
7175,0.310272
7176,0.296960
7177,0.310272
7178,0.313344
7179,0.302080
7180,0.307200
7181,0.302080
7182,0.301056
7183,0.302080
7184,0.314368
7185,0.308224
7186,0.306176
7187,0.296960
7188,0.311296
7189,0.297984
7190,0.295936
7191,0.308224
7192,0.312320
7193,0.310272
7194,0.293888
7195,0.309248
7196,0.312320
7197,0.315392
7198,0.312320
7199,0.303104
7200,0.288768
7201,0.293888
7202,0.313344
7203,0.314368
7204,0.315392
7205,0.319488
7206,0.302080
7207,0.295936
7208,0.297984
7209,0.299008
7210,0.310272
7211,0.292864
7212,0.289792
7213,0.305152
7214,0.291840
7215,0.317440
7216,0.310272
7217,0.306176
7218,0.305152
7219,0.302080
7220,0.306176
7221,0.293888
7222,0.297984
7223,0.309248
7224,0.306176
7225,0.309248
7226,0.290816
7227,0.302080
7228,0.292864
7229,0.303104
7230,0.306176
7231,0.300032
7232,0.305152
7233,0.304128
7234,0.311296
7235,0.303104
7236,0.312320
7237,0.308224
7238,0.292864
7239,0.313344
7240,0.313344
7241,0.304128
7242,0.304128
7243,0.293888
7244,0.309248
7245,0.302080
7246,0.299008
7247,0.306176
7248,0.310272
7249,0.290816
7250,0.305152
7251,0.309248
7252,0.294912
7253,0.305152
7254,0.292864
7255,0.312320
7256,0.310272
7257,0.306176
7258,0.333824
7259,0.313344
7260,0.306176
7261,0.294912
7262,0.310272
7263,0.310272
7264,0.309248
7265,0.306176
7266,0.313344
7267,0.316416
7268,0.302080
7269,0.295936
7270,0.305152
7271,0.301056
7272,0.314368
7273,0.311296
7274,0.300032
7275,0.292864
7276,0.307200
7277,0.292864
7278,0.307200
7279,0.320512
7280,0.303104
7281,0.299008
7282,0.300032
7283,0.309248
7284,0.305152
7285,0.285696
7286,0.302080
7287,0.301056
7288,0.303104
7289,0.302080
7290,0.299008
7291,0.305152
7292,0.306176
7293,0.309248
7294,0.315392
7295,0.307200
7296,0.310272
7297,0.311296
7298,0.317440
7299,0.310272
7300,0.302080
7301,0.303104
7302,0.320512
7303,0.300032
7304,0.300032
7305,0.309248
7306,0.297984
7307,0.303104
7308,0.303104
7309,0.301056
7310,0.314368
7311,0.313344
7312,0.299008
7313,0.297984
7314,0.304128
7315,0.297984
7316,0.309248
7317,0.312320
7318,0.304128
7319,0.303104
7320,0.307200
7321,0.297984
7322,0.301056
7323,0.293888
7324,0.297984
7325,0.308224
7326,0.297984
7327,0.294912
7328,0.297984
7329,0.301056
7330,0.291840
7331,0.297984
7332,0.317440
7333,0.315392
7334,0.306176
7335,0.300032
7336,0.304128
7337,0.287744
7338,0.288768
7339,0.301056
7340,0.314368
7341,0.307200
7342,0.307200
7343,0.307200
7344,0.311296
7345,0.305152
7346,0.306176
7347,0.299008
7348,0.306176
7349,0.304128
7350,0.315392
7351,0.306176
7352,0.292864
7353,0.304128
7354,0.308224
7355,0.308224
7356,0.305152
7357,0.312320
7358,0.307200
7359,0.318464
7360,0.305152
7361,0.300032
7362,0.293888
7363,0.314368
7364,0.310272
7365,0.307200
7366,0.311296
7367,0.309248
7368,0.305152
7369,0.301056
7370,0.297984
7371,0.304128
7372,0.307200
7373,0.292864
7374,0.312320
7375,0.306176
7376,0.294912
7377,0.292864
7378,0.299008
7379,0.297984
7380,0.305152
7381,0.293888
7382,0.304128
7383,0.303104
7384,0.309248
7385,0.296960
7386,0.309248
7387,0.301056
7388,0.300032
7389,0.303104
7390,0.304128
7391,0.306176
7392,0.296960
7393,0.308224
7394,0.307200
7395,0.313344
7396,0.300032
7397,0.310272
7398,0.309248
7399,0.312320
7400,0.317440
7401,0.306176
7402,0.310272
7403,0.290816
7404,0.296960
7405,0.295936
7406,0.306176
7407,0.304128
7408,0.304128
7409,0.299008
7410,0.288768
7411,0.306176
7412,0.305152
7413,0.304128
7414,0.312320
7415,0.304128
7416,0.305152
7417,0.305152
7418,0.301056
7419,0.293888
7420,0.304128
7421,0.304128
7422,0.312320
7423,0.313344
7424,0.308224
7425,0.297984
7426,0.306176
7427,0.307200
7428,0.300032
7429,0.313344
7430,0.310272
7431,0.307200
7432,0.296960
7433,0.289792
7434,0.316416
7435,0.305152
7436,0.299008
7437,0.300032
7438,0.293888
7439,0.311296
7440,0.320512
7441,0.313344
7442,0.301056
7443,0.297984
7444,0.307200
7445,0.284672
7446,0.296960
7447,0.306176
7448,0.299008
7449,0.309248
7450,0.308224
7451,0.305152
7452,0.314368
7453,0.309248
7454,0.301056
7455,0.300032
7456,0.294912
7457,0.289792
7458,0.296960
7459,0.312320
7460,0.302080
7461,0.306176
7462,0.295936
7463,0.293888
7464,0.296960
7465,0.294912
7466,0.299008
7467,0.300032
7468,0.304128
7469,0.306176
7470,0.300032
7471,0.304128
7472,0.311296
7473,0.303104
7474,0.292864
7475,0.305152
7476,0.292864
7477,0.294912
7478,0.292864
7479,0.301056
7480,0.305152
7481,0.306176
7482,0.291840
7483,0.308224
7484,0.300032
7485,0.297984
7486,0.301056
7487,0.308224
7488,0.308224
7489,0.306176
7490,0.301056
7491,0.309248
7492,0.302080
7493,0.303104
7494,0.292864
7495,0.304128
7496,0.295936
7497,0.301056
7498,0.308224
7499,0.307200
7500,0.312320
7501,0.306176
7502,0.311296
7503,0.311296
7504,0.315392
7505,0.304128
7506,0.296960
7507,0.301056
7508,0.302080
7509,0.309248
7510,0.304128
7511,0.321536
7512,0.311296
7513,0.293888
7514,0.301056
7515,0.294912
7516,0.315392
7517,0.312320
7518,0.309248
7519,0.294912
7520,0.314368
7521,0.304128
7522,0.294912
7523,0.309248
7524,0.302080
7525,0.319488
7526,0.302080
7527,0.301056
7528,0.310272
7529,0.300032
7530,0.308224
7531,0.301056
7532,0.294912
7533,0.314368
7534,0.303104
7535,0.297984
7536,0.296960
7537,0.310272
7538,0.306176
7539,0.418816
7540,0.286720
7541,0.304128
7542,0.311296
7543,0.313344
7544,0.322560
7545,0.291840
7546,0.309248
7547,0.300032
7548,0.306176
7549,0.305152
7550,0.292864
7551,0.293888
7552,0.295936
7553,0.315392
7554,0.296960
7555,0.347136
7556,0.309248
7557,0.315392
7558,0.315392
7559,0.305152
7560,0.304128
7561,0.302080
7562,0.303104
7563,0.295936
7564,0.297984
7565,0.308224
7566,0.300032
7567,0.305152
7568,0.297984
7569,0.301056
7570,0.307200
7571,0.305152
7572,0.313344
7573,0.301056
7574,0.303104
7575,0.314368
7576,0.291840
7577,0.307200
7578,0.299008
7579,0.300032
7580,0.314368
7581,0.310272
7582,0.301056
7583,0.304128
7584,0.315392
7585,0.303104
7586,0.301056
7587,0.307200
7588,0.314368
7589,0.313344
7590,0.306176
7591,0.287744
7592,0.308224
7593,0.312320
7594,0.306176
7595,0.306176
7596,0.307200
7597,0.310272
7598,0.313344
7599,0.297984
7600,0.313344
7601,0.304128
7602,0.313344
7603,0.293888
7604,0.296960
7605,0.308224
7606,0.307200
7607,0.315392
7608,0.315392
7609,0.288768
7610,0.295936
7611,0.300032
7612,0.309248
7613,0.306176
7614,0.302080
7615,0.303104
7616,0.314368
7617,0.313344
7618,0.315392
7619,0.297984
7620,0.306176
7621,0.301056
7622,0.304128
7623,0.302080
7624,0.291840
7625,0.297984
7626,0.302080
7627,0.315392
7628,0.289792
7629,0.305152
7630,0.309248
7631,0.315392
7632,0.305152
7633,0.321536
7634,0.304128
7635,0.296960
7636,0.316416
7637,0.294912
7638,0.303104
7639,0.317440
7640,0.316416
7641,0.296960
7642,0.309248
7643,0.305152
7644,0.307200
7645,0.292864
7646,0.308224
7647,0.307200
7648,0.314368
7649,0.318464
7650,0.299008
7651,0.301056
7652,0.313344
7653,0.297984
7654,0.310272
7655,0.306176
7656,0.313344
7657,0.312320
7658,0.309248
7659,0.321536
7660,0.302080
7661,0.295936
7662,0.308224
7663,0.303104
7664,0.293888
7665,0.294912
7666,0.294912
7667,0.302080
7668,0.294912
7669,0.315392
7670,0.303104
7671,0.295936
7672,0.312320
7673,0.293888
7674,0.303104
7675,0.300032
7676,0.304128
7677,0.323584
7678,0.309248
7679,0.311296
7680,0.311296
7681,0.304128
7682,0.292864
7683,0.308224
7684,0.302080
7685,0.297984
7686,0.302080
7687,0.307200
7688,0.300032
7689,0.306176
7690,0.307200
7691,0.295936
7692,0.301056
7693,0.297984
7694,0.305152
7695,0.309248
7696,0.304128
7697,0.278528
7698,0.305152
7699,0.303104
7700,0.309248
7701,0.315392
7702,0.287744
7703,0.308224
7704,0.299008
7705,0.289792
7706,0.331776
7707,0.303104
7708,0.310272
7709,0.286720
7710,0.287744
7711,0.300032
7712,0.300032
7713,0.295936
7714,0.297984
7715,0.309248
7716,0.309248
7717,0.292864
7718,0.288768
7719,0.310272
7720,0.304128
7721,0.288768
7722,0.299008
7723,0.312320
7724,0.296960
7725,0.293888
7726,0.283648
7727,0.297984
7728,0.294912
7729,0.288768
7730,0.291840
7731,0.301056
7732,0.305152
7733,0.309248
7734,0.300032
7735,0.300032
7736,0.300032
7737,0.314368
7738,0.297984
7739,0.308224
7740,0.296960
7741,0.308224
7742,0.302080
7743,0.308224
7744,0.301056
7745,0.300032
7746,0.308224
7747,0.312320
7748,0.311296
7749,0.295936
7750,0.315392
7751,0.311296
7752,0.292864
7753,0.308224
7754,0.301056
7755,0.299008
7756,0.290816
7757,0.313344
7758,0.315392
7759,0.330752
7760,0.314368
7761,0.308224
7762,0.306176
7763,0.314368
7764,0.305152
7765,0.309248
7766,0.320512
7767,0.302080
7768,0.294912
7769,0.311296
7770,0.302080
7771,0.295936
7772,0.293888
7773,0.300032
7774,0.303104
7775,0.296960
7776,0.302080
7777,0.305152
7778,0.308224
7779,0.307200
7780,0.305152
7781,0.294912
7782,0.307200
7783,0.300032
7784,0.295936
7785,0.297984
7786,0.314368
7787,0.295936
7788,0.313344
7789,0.315392
7790,0.299008
7791,0.309248
7792,0.301056
7793,0.309248
7794,0.309248
7795,0.297984
7796,0.290816
7797,0.311296
7798,0.309248
7799,0.303104
7800,0.316416
7801,0.317440
7802,0.296960
7803,0.309248
7804,0.301056
7805,0.306176
7806,0.306176
7807,0.313344
7808,0.306176
7809,0.303104
7810,0.308224
7811,0.299008
7812,0.305152
7813,0.303104
7814,0.302080
7815,0.299008
7816,0.307200
7817,0.300032
7818,0.310272
7819,0.320512
7820,0.307200
7821,0.302080
7822,0.311296
7823,0.306176
7824,0.309248
7825,0.309248
7826,0.294912
7827,0.310272
7828,0.300032
7829,0.296960
7830,0.302080
7831,0.311296
7832,0.294912
7833,0.307200
7834,0.305152
7835,0.305152
7836,0.301056
7837,0.315392
7838,0.311296
7839,0.297984
7840,0.301056
7841,0.289792
7842,0.319488
7843,0.296960
7844,0.296960
7845,0.296960
7846,0.301056
7847,0.302080
7848,0.307200
7849,0.293888
7850,0.300032
7851,0.304128
7852,0.296960
7853,0.319488
7854,0.310272
7855,0.304128
7856,0.295936
7857,0.296960
7858,0.296960
7859,0.316416
7860,0.300032
7861,0.303104
7862,0.312320
7863,0.305152
7864,0.303104
7865,0.317440
7866,0.310272
7867,0.304128
7868,0.303104
7869,0.312320
7870,0.313344
7871,0.323584
7872,0.324608
7873,0.307200
7874,0.300032
7875,0.287744
7876,0.302080
7877,0.320512
7878,0.304128
7879,0.314368
7880,0.301056
7881,0.425984
7882,0.303104
7883,0.309248
7884,0.314368
7885,0.309248
7886,0.303104
7887,0.303104
7888,0.306176
7889,0.301056
7890,0.300032
7891,0.307200
7892,0.301056
7893,0.308224
7894,0.301056
7895,0.300032
7896,0.308224
7897,0.303104
7898,0.302080
7899,0.307200
7900,0.319488
7901,0.319488
7902,0.306176
7903,0.294912
7904,0.295936
7905,0.314368
7906,0.303104
7907,0.289792
7908,0.308224
7909,0.320512
7910,0.307200
7911,0.306176
7912,0.296960
7913,0.312320
7914,0.311296
7915,0.295936
7916,0.299008
7917,0.313344
7918,0.305152
7919,0.302080
7920,0.304128
7921,0.301056
7922,0.313344
7923,0.313344
7924,0.301056
7925,0.293888
7926,0.310272
7927,0.317440
7928,0.303104
7929,0.301056
7930,0.296960
7931,0.293888
7932,0.306176
7933,0.308224
7934,0.306176
7935,0.318464
7936,0.314368
7937,0.293888
7938,0.302080
7939,0.306176
7940,0.294912
7941,0.302080
7942,0.308224
7943,0.306176
7944,0.313344
7945,0.310272
7946,0.287744
7947,0.294912
7948,0.307200
7949,0.300032
7950,0.301056
7951,0.302080
7952,0.295936
7953,0.302080
7954,0.301056
7955,0.300032
7956,0.294912
7957,0.289792
7958,0.310272
7959,0.308224
7960,0.304128
7961,0.302080
7962,0.302080
7963,0.301056
7964,0.299008
7965,0.304128
7966,0.296960
7967,0.310272
7968,0.311296
7969,0.294912
7970,0.309248
7971,0.300032
7972,0.291840
7973,0.300032
7974,0.306176
7975,0.309248
7976,0.306176
7977,0.303104
7978,0.307200
7979,0.318464
7980,0.290816
7981,0.307200
7982,0.297984
7983,0.309248
7984,0.292864
7985,0.312320
7986,0.301056
7987,0.311296
7988,0.299008
7989,0.299008
7990,0.307200
7991,0.308224
7992,0.308224
7993,0.303104
7994,0.314368
7995,0.291840
7996,0.289792
7997,0.312320
7998,0.292864
7999,0.288768
8000,0.312320
8001,0.316416
8002,0.315392
8003,0.302080
8004,0.305152
8005,0.309248
8006,0.307200
8007,0.285696
8008,0.313344
8009,0.308224
8010,0.317440
8011,0.300032
8012,0.303104
8013,0.295936
8014,0.293888
8015,0.318464
8016,0.304128
8017,0.296960
8018,0.304128
8019,0.306176
8020,0.304128
8021,0.316416
8022,0.303104
8023,0.323584
8024,0.303104
8025,0.304128
8026,0.310272
8027,0.297984
8028,0.286720
8029,0.312320
8030,0.304128
8031,0.295936
8032,0.296960
8033,0.302080
8034,0.300032
8035,0.314368
8036,0.303104
8037,0.304128
8038,0.304128
8039,0.320512
8040,0.299008
8041,0.300032
8042,0.299008
8043,0.305152
8044,0.308224
8045,0.303104
8046,0.303104
8047,0.296960
8048,0.305152
8049,0.294912
8050,0.305152
8051,0.304128
8052,0.304128
8053,0.318464
8054,0.290816
8055,0.301056
8056,0.294912
8057,0.300032
8058,0.300032
8059,0.307200
8060,0.293888
8061,0.297984
8062,0.301056
8063,0.307200
8064,0.293888
8065,0.299008
8066,0.314368
8067,0.296960
8068,0.302080
8069,0.295936
8070,0.309248
8071,0.325632
8072,0.306176
8073,0.303104
8074,0.305152
8075,0.301056
8076,0.315392
8077,0.289792
8078,0.312320
8079,0.296960
8080,0.307200
8081,0.289792
8082,0.314368
8083,0.300032
8084,0.309248
8085,0.303104
8086,0.306176
8087,0.297984
8088,0.296960
8089,0.296960
8090,0.313344
8091,0.312320
8092,0.310272
8093,0.292864
8094,0.299008
8095,0.304128
8096,0.315392
8097,0.304128
8098,0.300032
8099,0.302080
8100,0.306176
8101,0.294912
8102,0.303104
8103,0.312320
8104,0.297984
8105,0.302080
8106,0.295936
8107,0.307200
8108,0.320512
8109,0.308224
8110,0.316416
8111,0.290816
8112,0.297984
8113,0.302080
8114,0.307200
8115,0.317440
8116,0.307200
8117,0.313344
8118,0.303104
8119,0.309248
8120,0.293888
8121,0.315392
8122,0.294912
8123,0.294912
8124,0.297984
8125,0.303104
8126,0.320512
8127,0.321536
8128,0.314368
8129,0.299008
8130,0.313344
8131,0.308224
8132,0.319488
8133,0.301056
8134,0.310272
8135,0.314368
8136,0.306176
8137,0.308224
8138,0.299008
8139,0.310272
8140,0.300032
8141,0.296960
8142,0.292864
8143,0.301056
8144,0.313344
8145,0.295936
8146,0.309248
8147,0.307200
8148,0.313344
8149,0.302080
8150,0.304128
8151,0.294912
8152,0.286720
8153,0.306176
8154,0.299008
8155,0.293888
8156,0.304128
8157,0.309248
8158,0.287744
8159,0.303104
8160,0.299008
8161,0.307200
8162,0.296960
8163,0.295936
8164,0.312320
8165,0.300032
8166,0.303104
8167,0.301056
8168,0.300032
8169,0.300032
8170,0.294912
8171,0.293888
8172,0.291840
8173,0.308224
8174,0.306176
8175,0.316416
8176,0.300032
8177,0.309248
8178,0.310272
8179,0.307200
8180,0.300032
8181,0.296960
8182,0.300032
8183,0.319488
8184,0.305152
8185,0.303104
8186,0.295936
8187,0.305152
8188,0.297984
8189,0.302080
8190,0.287744
8191,0.293888
8192,0.312320
8193,0.307200
8194,0.303104
8195,0.307200
8196,0.415744
8197,0.295936
8198,0.303104
8199,0.299008
8200,0.306176
8201,0.299008
8202,0.300032
8203,0.288768
8204,0.294912
8205,0.287744
8206,0.301056
8207,0.297984
8208,0.302080
8209,0.296960
8210,0.303104
8211,0.307200
8212,0.299008
8213,0.299008
8214,0.295936
8215,0.308224
8216,0.316416
8217,0.302080
8218,0.297984
8219,0.299008
8220,0.290816
8221,0.312320
8222,0.302080
8223,0.300032
8224,0.301056
8225,0.306176
8226,0.299008
8227,0.296960
8228,0.296960
8229,0.304128
8230,0.305152
8231,0.307200
8232,0.304128
8233,0.322560
8234,0.310272
8235,0.300032
8236,0.307200
8237,0.302080
8238,0.302080
8239,0.305152
8240,0.292864
8241,0.305152
8242,0.300032
8243,0.287744
8244,0.301056
8245,0.303104
8246,0.292864
8247,0.307200
8248,0.303104
8249,0.310272
8250,0.300032
8251,0.316416
8252,0.286720
8253,0.307200
8254,0.299008
8255,0.293888
8256,0.301056
8257,0.302080
8258,0.304128
8259,0.300032
8260,0.305152
8261,0.304128
8262,0.307200
8263,0.303104
8264,0.297984
8265,0.299008
8266,0.288768
8267,0.307200
8268,0.301056
8269,0.297984
8270,0.292864
8271,0.301056
8272,0.306176
8273,0.302080
8274,0.311296
8275,0.312320
8276,0.283648
8277,0.291840
8278,0.293888
8279,0.312320
8280,0.310272
8281,0.313344
8282,0.299008
8283,0.296960
8284,0.313344
8285,0.296960
8286,0.292864
8287,0.303104
8288,0.305152
8289,0.301056
8290,0.300032
8291,0.303104
8292,0.297984
8293,0.306176
8294,0.287744
8295,0.310272
8296,0.299008
8297,0.303104
8298,0.311296
8299,0.304128
8300,0.297984
8301,0.315392
8302,0.297984
8303,0.455680
8304,0.317440
8305,0.319488
8306,0.417792
8307,0.301056
8308,0.289792
8309,0.306176
8310,0.283648
8311,0.290816
8312,0.292864
8313,0.309248
8314,0.428032
8315,0.308224
8316,0.312320
8317,0.308224
8318,0.306176
8319,0.292864
8320,0.306176
8321,0.301056
8322,0.300032
8323,0.306176
8324,0.311296
8325,0.302080
8326,0.297984
8327,0.302080
8328,0.304128
8329,0.293888
8330,0.306176
8331,0.308224
8332,0.305152
8333,0.299008
8334,0.304128
8335,0.306176
8336,0.310272
8337,0.305152
8338,0.306176
8339,0.312320
8340,0.303104
8341,0.304128
8342,0.311296
8343,0.293888
8344,0.303104
8345,0.303104
8346,0.311296
8347,0.323584
8348,0.292864
8349,0.303104
8350,0.299008
8351,0.300032
8352,0.287744
8353,0.311296
8354,0.316416
8355,0.313344
8356,0.314368
8357,0.290816
8358,0.310272
8359,0.296960
8360,0.287744
8361,0.308224
8362,0.308224
8363,0.309248
8364,0.299008
8365,0.303104
8366,0.306176
8367,0.321536
8368,0.322560
8369,0.319488
8370,0.317440
8371,0.316416
8372,0.297984
8373,0.304128
8374,0.310272
8375,0.293888
8376,0.299008
8377,0.303104
8378,0.296960
8379,0.317440
8380,0.305152
8381,0.300032
8382,0.308224
8383,0.310272
8384,0.313344
8385,0.296960
8386,0.303104
8387,0.315392
8388,0.312320
8389,0.307200
8390,0.304128
8391,0.304128
8392,0.308224
8393,0.308224
8394,0.310272
8395,0.302080
8396,0.311296
8397,0.320512
8398,0.308224
8399,0.304128
8400,0.307200
8401,0.288768
8402,0.304128
8403,0.296960
8404,0.290816
8405,0.306176
8406,0.299008
8407,0.315392
8408,0.312320
8409,0.294912
8410,0.304128
8411,0.300032
8412,0.315392
8413,0.305152
8414,0.304128
8415,0.296960
8416,0.296960
8417,0.293888
8418,0.313344
8419,0.303104
8420,0.305152
8421,0.304128
8422,0.308224
8423,0.309248
8424,0.297984
8425,0.292864
8426,0.309248
8427,0.300032
8428,0.316416
8429,0.306176
8430,0.309248
8431,0.307200
8432,0.302080
8433,0.303104
8434,0.304128
8435,0.307200
8436,0.303104
8437,0.305152
8438,0.307200
8439,0.299008
8440,0.304128
8441,0.308224
8442,0.299008
8443,0.307200
8444,0.308224
8445,0.295936
8446,0.293888
8447,0.322560
8448,0.314368
8449,0.313344
8450,0.297984
8451,0.314368
8452,0.304128
8453,0.302080
8454,0.309248
8455,0.312320
8456,0.296960
8457,0.301056
8458,0.310272
8459,0.291840
8460,0.314368
8461,0.292864
8462,0.312320
8463,0.309248
8464,0.311296
8465,0.310272
8466,0.310272
8467,0.312320
8468,0.314368
8469,0.313344
8470,0.319488
8471,0.303104
8472,0.311296
8473,0.296960
8474,0.311296
8475,0.309248
8476,0.310272
8477,0.313344
8478,0.302080
8479,0.316416
8480,0.300032
8481,0.296960
8482,0.305152
8483,0.300032
8484,0.302080
8485,0.319488
8486,0.292864
8487,0.314368
8488,0.297984
8489,0.299008
8490,0.315392
8491,0.316416
8492,0.296960
8493,0.313344
8494,0.292864
8495,0.294912
8496,0.302080
8497,0.306176
8498,0.296960
8499,0.305152
8500,0.313344
8501,0.305152
8502,0.295936
8503,0.311296
8504,0.310272
8505,0.307200
8506,0.301056
8507,0.295936
8508,0.303104
8509,0.296960
8510,0.307200
8511,0.307200
8512,0.301056
8513,0.313344
8514,0.309248
8515,0.312320
8516,0.310272
8517,0.304128
8518,0.304128
8519,0.292864
8520,0.306176
8521,0.306176
8522,0.313344
8523,0.307200
8524,0.305152
8525,0.294912
8526,0.307200
8527,0.310272
8528,0.318464
8529,0.304128
8530,0.312320
8531,0.301056
8532,0.296960
8533,0.307200
8534,0.289792
8535,0.299008
8536,0.305152
8537,0.303104
8538,0.314368
8539,0.302080
8540,0.307200
8541,0.305152
8542,0.314368
8543,0.300032
8544,0.306176
8545,0.297984
8546,0.310272
8547,0.291840
8548,0.297984
8549,0.306176
8550,0.312320
8551,0.292864
8552,0.294912
8553,0.309248
8554,0.295936
8555,0.305152
8556,0.303104
8557,0.308224
8558,0.295936
8559,0.306176
8560,0.303104
8561,0.304128
8562,0.320512
8563,0.318464
8564,0.293888
8565,0.306176
8566,0.305152
8567,0.296960
8568,0.308224
8569,0.295936
8570,0.321536
8571,0.316416
8572,0.290816
8573,0.305152
8574,0.310272
8575,0.306176
8576,0.304128
8577,0.309248
8578,0.312320
8579,0.311296
8580,0.309248
8581,0.308224
8582,0.309248
8583,0.305152
8584,0.289792
8585,0.303104
8586,0.293888
8587,0.309248
8588,0.300032
8589,0.299008
8590,0.320512
8591,0.302080
8592,0.299008
8593,0.302080
8594,0.301056
8595,0.310272
8596,0.313344
8597,0.301056
8598,0.296960
8599,0.301056
8600,0.310272
8601,0.305152
8602,0.306176
8603,0.313344
8604,0.306176
8605,0.306176
8606,0.311296
8607,0.310272
8608,0.304128
8609,0.314368
8610,0.310272
8611,0.302080
8612,0.310272
8613,0.302080
8614,0.309248
8615,0.313344
8616,0.300032
8617,0.294912
8618,0.301056
8619,0.299008
8620,0.313344
8621,0.313344
8622,0.308224
8623,0.309248
8624,0.312320
8625,0.312320
8626,0.300032
8627,0.304128
8628,0.301056
8629,0.313344
8630,0.314368
8631,0.299008
8632,0.293888
8633,0.310272
8634,0.331776
8635,0.301056
8636,0.291840
8637,0.309248
8638,0.317440
8639,0.301056
8640,0.305152
8641,0.315392
8642,0.312320
8643,0.311296
8644,0.315392
8645,0.312320
8646,0.310272
8647,0.308224
8648,0.294912
8649,0.308224
8650,0.299008
8651,0.297984
8652,0.300032
8653,0.303104
8654,0.310272
8655,0.309248
8656,0.294912
8657,0.299008
8658,0.305152
8659,0.320512
8660,0.300032
8661,0.311296
8662,0.292864
8663,0.317440
8664,0.289792
8665,0.323584
8666,0.316416
8667,0.321536
8668,0.314368
8669,0.301056
8670,0.273408
8671,0.300032
8672,0.297984
8673,0.316416
8674,0.300032
8675,0.293888
8676,0.315392
8677,0.307200
8678,0.294912
8679,0.303104
8680,0.302080
8681,0.308224
8682,0.306176
8683,0.313344
8684,0.304128
8685,0.290816
8686,0.297984
8687,0.300032
8688,0.306176
8689,0.306176
8690,0.299008
8691,0.293888
8692,0.301056
8693,0.309248
8694,0.311296
8695,0.297984
8696,0.317440
8697,0.308224
8698,0.317440
8699,0.312320
8700,0.313344
8701,0.300032
8702,0.310272
8703,0.307200
8704,0.307200
8705,0.303104
8706,0.304128
8707,0.309248
8708,0.303104
8709,0.302080
8710,0.297984
8711,0.319488
8712,0.312320
8713,0.301056
8714,0.309248
8715,0.311296
8716,0.315392
8717,0.308224
8718,0.324608
8719,0.305152
8720,0.307200
8721,0.309248
8722,0.321536
8723,0.312320
8724,0.306176
8725,0.317440
8726,0.299008
8727,0.316416
8728,0.299008
8729,0.310272
8730,0.300032
8731,0.305152
8732,0.304128
8733,0.297984
8734,0.318464
8735,0.302080
8736,0.314368
8737,0.307200
8738,0.313344
8739,0.300032
8740,0.313344
8741,0.312320
8742,0.288768
8743,0.303104
8744,0.293888
8745,0.310272
8746,0.297984
8747,0.294912
8748,0.304128
8749,0.314368
8750,0.305152
8751,0.302080
8752,0.294912
8753,0.309248
8754,0.304128
8755,0.308224
8756,0.289792
8757,0.302080
8758,0.311296
8759,0.292864
8760,0.307200
8761,0.313344
8762,0.301056
8763,0.294912
8764,0.314368
8765,0.297984
8766,0.318464
8767,0.324608
8768,0.300032
8769,0.306176
8770,0.308224
8771,0.302080
8772,0.310272
8773,0.312320
8774,0.282624
8775,0.312320
8776,0.308224
8777,0.299008
8778,0.304128
8779,0.289792
8780,0.324608
8781,0.309248
8782,0.304128
8783,0.300032
8784,0.307200
8785,0.302080
8786,0.299008
8787,0.303104
8788,0.311296
8789,0.311296
8790,0.313344
8791,0.309248
8792,0.305152
8793,0.315392
8794,0.312320
8795,0.303104
8796,0.300032
8797,0.317440
8798,0.308224
8799,0.308224
8800,0.292864
8801,0.306176
8802,0.309248
8803,0.307200
8804,0.303104
8805,0.302080
8806,0.318464
8807,0.297984
8808,0.312320
8809,0.307200
8810,0.293888
8811,0.304128
8812,0.313344
8813,0.306176
8814,0.292864
8815,0.313344
8816,0.308224
8817,0.301056
8818,0.306176
8819,0.319488
8820,0.309248
8821,0.305152
8822,0.316416
8823,0.303104
8824,0.301056
8825,0.313344
8826,0.314368
8827,0.315392
8828,0.308224
8829,0.318464
8830,0.314368
8831,0.288768
8832,0.315392
8833,0.309248
8834,0.300032
8835,0.302080
8836,0.296960
8837,0.306176
8838,0.313344
8839,0.297984
8840,0.302080
8841,0.305152
8842,0.302080
8843,0.301056
8844,0.299008
8845,0.313344
8846,0.302080
8847,0.305152
8848,0.290816
8849,0.290816
8850,0.301056
8851,0.302080
8852,0.297984
8853,0.302080
8854,0.299008
8855,0.311296
8856,0.306176
8857,0.318464
8858,0.303104
8859,0.314368
8860,0.296960
8861,0.297984
8862,0.303104
8863,0.316416
8864,0.311296
8865,0.305152
8866,0.311296
8867,0.297984
8868,0.311296
8869,0.318464
8870,0.303104
8871,0.310272
8872,0.527360
8873,0.299008
8874,0.274432
8875,0.301056
8876,0.342016
8877,0.309248
8878,0.314368
8879,0.316416
8880,0.317440
8881,0.296960
8882,0.302080
8883,0.313344
8884,0.307200
8885,0.309248
8886,0.311296
8887,0.300032
8888,0.310272
8889,0.307200
8890,0.302080
8891,0.310272
8892,0.305152
8893,0.299008
8894,0.303104
8895,0.306176
8896,0.306176
8897,0.313344
8898,0.306176
8899,0.313344
8900,0.308224
8901,0.308224
8902,0.306176
8903,0.302080
8904,0.311296
8905,0.335872
8906,0.312320
8907,0.303104
8908,0.319488
8909,0.313344
8910,0.304128
8911,0.314368
8912,0.313344
8913,0.308224
8914,0.311296
8915,0.300032
8916,0.308224
8917,0.302080
8918,0.306176
8919,0.312320
8920,0.318464
8921,0.301056
8922,0.318464
8923,0.304128
8924,0.305152
8925,0.318464
8926,0.312320
8927,0.314368
8928,0.318464
8929,0.305152
8930,0.317440
8931,0.304128
8932,0.310272
8933,0.308224
8934,0.312320
8935,0.313344
8936,0.305152
8937,0.305152
8938,0.312320
8939,0.301056
8940,0.304128
8941,0.306176
8942,0.304128
8943,0.307200
8944,0.310272
8945,0.312320
8946,0.300032
8947,0.283648
8948,0.307200
8949,0.303104
8950,0.322560
8951,0.309248
8952,0.306176
8953,0.316416
8954,0.310272
8955,0.306176
8956,0.306176
8957,0.313344
8958,0.299008
8959,0.303104
8960,0.314368
8961,0.306176
8962,0.310272
8963,0.290816
8964,0.297984
8965,0.293888
8966,0.293888
8967,0.300032
8968,0.353280
8969,0.309248
8970,0.304128
8971,0.497664
8972,0.306176
8973,0.316416
8974,0.314368
8975,0.307200
8976,0.308224
8977,0.324608
8978,0.307200
8979,0.314368
8980,0.328704
8981,0.299008
8982,0.301056
8983,0.310272
8984,0.313344
8985,0.306176
8986,0.304128
8987,0.311296
8988,0.310272
8989,0.308224
8990,0.308224
8991,0.299008
8992,0.305152
8993,0.313344
8994,0.299008
8995,0.315392
8996,0.320512
8997,0.301056
8998,0.296960
8999,0.307200
9000,0.310272
9001,0.304128
9002,0.303104
9003,0.314368
9004,0.300032
9005,0.319488
9006,0.310272
9007,0.310272
9008,0.318464
9009,0.315392
9010,0.316416
9011,0.294912
9012,0.312320
9013,0.317440
9014,0.307200
9015,0.304128
9016,0.312320
9017,0.317440
9018,0.310272
9019,0.297984
9020,0.311296
9021,0.303104
9022,0.311296
9023,0.311296
9024,0.307200
9025,0.305152
9026,0.312320
9027,0.308224
9028,0.299008
9029,0.302080
9030,0.309248
9031,0.299008
9032,0.308224
9033,0.300032
9034,0.294912
9035,0.309248
9036,0.300032
9037,0.318464
9038,0.303104
9039,0.319488
9040,0.306176
9041,0.310272
9042,0.311296
9043,0.318464
9044,0.305152
9045,0.310272
9046,0.304128
9047,0.309248
9048,0.307200
9049,0.312320
9050,0.312320
9051,0.296960
9052,0.304128
9053,0.306176
9054,0.305152
9055,0.317440
9056,0.295936
9057,0.311296
9058,0.305152
9059,0.316416
9060,0.318464
9061,0.322560
9062,0.309248
9063,0.316416
9064,0.306176
9065,0.299008
9066,0.313344
9067,0.303104
9068,0.301056
9069,0.311296
9070,0.310272
9071,0.296960
9072,0.318464
9073,0.307200
9074,0.306176
9075,0.297984
9076,0.313344
9077,0.299008
9078,0.308224
9079,0.308224
9080,0.296960
9081,0.296960
9082,0.299008
9083,0.306176
9084,0.309248
9085,0.312320
9086,0.306176
9087,0.317440
9088,0.311296
9089,0.306176
9090,0.295936
9091,0.299008
9092,0.305152
9093,0.301056
9094,0.307200
9095,0.314368
9096,0.304128
9097,0.305152
9098,0.309248
9099,0.317440
9100,0.324608
9101,0.316416
9102,0.306176
9103,0.305152
9104,0.305152
9105,0.303104
9106,0.313344
9107,0.314368
9108,0.308224
9109,0.305152
9110,0.309248
9111,0.303104
9112,0.307200
9113,0.318464
9114,0.314368
9115,0.305152
9116,0.304128
9117,0.308224
9118,0.307200
9119,0.314368
9120,0.313344
9121,0.313344
9122,0.309248
9123,0.299008
9124,0.308224
9125,0.315392
9126,0.308224
9127,0.306176
9128,0.304128
9129,0.307200
9130,0.304128
9131,0.315392
9132,0.303104
9133,0.308224
9134,0.313344
9135,0.297984
9136,0.310272
9137,0.312320
9138,0.320512
9139,0.310272
9140,0.306176
9141,0.305152
9142,0.314368
9143,0.306176
9144,0.303104
9145,0.301056
9146,0.303104
9147,0.304128
9148,0.292864
9149,0.312320
9150,0.306176
9151,0.315392
9152,0.305152
9153,0.303104
9154,0.300032
9155,0.297984
9156,0.306176
9157,0.306176
9158,0.309248
9159,0.301056
9160,0.306176
9161,0.308224
9162,0.305152
9163,0.297984
9164,0.311296
9165,0.282624
9166,0.303104
9167,0.299008
9168,0.311296
9169,0.300032
9170,0.294912
9171,0.294912
9172,0.315392
9173,0.304128
9174,0.309248
9175,0.306176
9176,0.327680
9177,0.309248
9178,0.300032
9179,0.295936
9180,0.302080
9181,0.313344
9182,0.309248
9183,0.314368
9184,0.308224
9185,0.308224
9186,0.310272
9187,0.301056
9188,0.300032
9189,0.321536
9190,0.297984
9191,0.303104
9192,0.313344
9193,0.292864
9194,0.322560
9195,0.308224
9196,0.307200
9197,0.309248
9198,0.307200
9199,0.316416
9200,0.300032
9201,0.304128
9202,0.306176
9203,0.300032
9204,0.310272
9205,0.306176
9206,0.323584
9207,0.312320
9208,0.312320
9209,0.304128
9210,0.310272
9211,0.309248
9212,0.312320
9213,0.302080
9214,0.307200
9215,0.314368
9216,0.290816
9217,0.303104
9218,0.297984
9219,0.307200
9220,0.302080
9221,0.301056
9222,0.311296
9223,0.305152
9224,0.314368
9225,0.308224
9226,0.291840
9227,0.302080
9228,0.311296
9229,0.293888
9230,0.308224
9231,0.299008
9232,0.312320
9233,0.308224
9234,0.301056
9235,0.309248
9236,0.300032
9237,0.312320
9238,0.303104
9239,0.305152
9240,0.307200
9241,0.308224
9242,0.312320
9243,0.302080
9244,0.304128
9245,0.299008
9246,0.314368
9247,0.305152
9248,0.300032
9249,0.287744
9250,0.284672
9251,0.284672
9252,0.290816
9253,0.288768
9254,0.283648
9255,0.289792
9256,0.281600
9257,0.288768
9258,0.285696
9259,0.284672
9260,0.291840
9261,0.293888
9262,0.296960
9263,0.294912
9264,0.278528
9265,0.282624
9266,0.287744
9267,0.290816
9268,0.287744
9269,0.302080
9270,0.300032
9271,0.297984
9272,0.290816
9273,0.293888
9274,0.287744
9275,0.285696
9276,0.302080
9277,0.285696
9278,0.272384
9279,0.304128
9280,0.295936
9281,0.280576
9282,0.278528
9283,0.282624
9284,0.293888
9285,0.382976
9286,0.284672
9287,0.287744
9288,0.285696
9289,0.293888
9290,0.293888
9291,0.279552
9292,0.289792
9293,0.286720
9294,0.273408
9295,0.284672
9296,0.289792
9297,0.295936
9298,0.282624
9299,0.294912
9300,0.295936
9301,0.282624
9302,0.300032
9303,0.275456
9304,0.285696
9305,0.294912
9306,0.293888
9307,0.285696
9308,0.297984
9309,0.287744
9310,0.292864
9311,0.291840
9312,0.295936
9313,0.291840
9314,0.284672
9315,0.286720
9316,0.275456
9317,0.282624
9318,0.282624
9319,0.292864
9320,0.276480
9321,0.297984
9322,0.288768
9323,0.284672
9324,0.297984
9325,0.296960
9326,0.295936
9327,0.274432
9328,0.285696
9329,0.289792
9330,0.296960
9331,0.289792
9332,0.296960
9333,0.286720
9334,0.284672
9335,0.286720
9336,0.289792
9337,0.274432
9338,0.289792
9339,0.291840
9340,0.295936
9341,0.283648
9342,0.289792
9343,0.287744
9344,0.292864
9345,0.299008
9346,0.276480
9347,0.287744
9348,0.291840
9349,0.283648
9350,0.299008
9351,0.285696
9352,0.287744
9353,0.293888
9354,0.284672
9355,0.283648
9356,0.278528
9357,0.273408
9358,0.288768
9359,0.289792
9360,0.286720
9361,0.290816
9362,0.288768
9363,0.289792
9364,0.289792
9365,0.287744
9366,0.291840
9367,0.289792
9368,0.294912
9369,0.273408
9370,0.291840
9371,0.282624
9372,0.291840
9373,0.288768
9374,0.285696
9375,0.292864
9376,0.288768
9377,0.287744
9378,0.300032
9379,0.274432
9380,0.290816
9381,0.299008
9382,0.291840
9383,0.287744
9384,0.274432
9385,0.285696
9386,0.285696
9387,0.280576
9388,0.279552
9389,0.284672
9390,0.289792
9391,0.281600
9392,0.275456
9393,0.290816
9394,0.287744
9395,0.292864
9396,0.286720
9397,0.286720
9398,0.288768
9399,0.289792
9400,0.284672
9401,0.284672
9402,0.292864
9403,0.280576
9404,0.278528
9405,0.279552
9406,0.290816
9407,0.274432
9408,0.288768
9409,0.288768
9410,0.292864
9411,0.290816
9412,0.296960
9413,0.291840
9414,0.288768
9415,0.286720
9416,0.288768
9417,0.299008
9418,0.282624
9419,0.286720
9420,0.289792
9421,0.283648
9422,0.291840
9423,0.280576
9424,0.290816
9425,0.286720
9426,0.283648
9427,0.278528
9428,0.289792
9429,0.287744
9430,0.291840
9431,0.297984
9432,0.294912
9433,0.284672
9434,0.278528
9435,0.285696
9436,0.292864
9437,0.273408
9438,0.287744
9439,0.300032
9440,0.296960
9441,0.282624
9442,0.288768
9443,0.293888
9444,0.294912
9445,0.292864
9446,0.285696
9447,0.294912
9448,0.283648
9449,0.286720
9450,0.279552
9451,0.290816
9452,0.289792
9453,0.277504
9454,0.278528
9455,0.287744
9456,0.282624
9457,0.294912
9458,0.289792
9459,0.290816
9460,0.296960
9461,0.292864
9462,0.288768
9463,0.292864
9464,0.279552
9465,0.295936
9466,0.281600
9467,0.292864
9468,0.299008
9469,0.299008
9470,0.291840
9471,1.167360
9472,0.288768
9473,0.288768
9474,1.157120
9475,0.291840
9476,0.291840
9477,0.290816
9478,0.289792
9479,0.272384
9480,0.296960
9481,0.284672
9482,0.289792
9483,0.285696
9484,0.284672
9485,0.295936
9486,0.290816
9487,0.284672
9488,0.293888
9489,0.285696
9490,0.290816
9491,0.300032
9492,0.279552
9493,0.278528
9494,0.293888
9495,0.287744
9496,0.291840
9497,0.456704
9498,0.287744
9499,0.280576
9500,0.284672
9501,0.287744
9502,0.289792
9503,0.279552
9504,0.277504
9505,0.296960
9506,0.296960
9507,0.282624
9508,0.278528
9509,0.275456
9510,0.285696
9511,0.289792
9512,0.291840
9513,0.294912
9514,0.277504
9515,0.280576
9516,0.288768
9517,0.282624
9518,0.289792
9519,0.276480
9520,0.280576
9521,0.279552
9522,0.285696
9523,0.280576
9524,0.294912
9525,0.286720
9526,0.294912
9527,0.288768
9528,0.286720
9529,0.283648
9530,0.283648
9531,0.290816
9532,0.279552
9533,0.278528
9534,0.284672
9535,0.289792
9536,0.290816
9537,0.275456
9538,0.291840
9539,0.289792
9540,0.295936
9541,0.286720
9542,0.287744
9543,0.289792
9544,0.276480
9545,0.286720
9546,0.276480
9547,0.275456
9548,0.284672
9549,0.283648
9550,0.287744
9551,0.291840
9552,0.278528
9553,0.278528
9554,0.295936
9555,0.290816
9556,0.283648
9557,0.287744
9558,0.288768
9559,0.287744
9560,1.367040
9561,0.289792
9562,0.283648
9563,0.279552
9564,0.273408
9565,0.275456
9566,0.285696
9567,0.275456
9568,0.279552
9569,0.276480
9570,0.283648
9571,0.284672
9572,0.285696
9573,0.356352
9574,0.294912
9575,0.282624
9576,0.286720
9577,0.289792
9578,0.294912
9579,0.841728
9580,0.282624
9581,0.295936
9582,0.283648
9583,0.270336
9584,0.289792
9585,0.284672
9586,0.287744
9587,0.292864
9588,0.279552
9589,0.290816
9590,0.285696
9591,0.274432
9592,0.276480
9593,0.286720
9594,0.807936
9595,0.294912
9596,0.288768
9597,0.285696
9598,0.282624
9599,1.302528
9600,0.302080
9601,0.285696
9602,0.288768
9603,0.282624
9604,0.280576
9605,0.280576
9606,0.275456
9607,0.283648
9608,0.296960
9609,0.296960
9610,0.283648
9611,0.296960
9612,0.287744
9613,0.287744
9614,0.274432
9615,0.287744
9616,0.278528
9617,0.280576
9618,0.279552
9619,0.279552
9620,0.300032
9621,0.291840
9622,0.278528
9623,0.279552
9624,0.274432
9625,0.288768
9626,0.287744
9627,0.295936
9628,0.280576
9629,0.295936
9630,0.287744
9631,0.275456
9632,0.289792
9633,0.284672
9634,0.286720
9635,0.284672
9636,0.278528
9637,0.275456
9638,0.281600
9639,0.287744
9640,0.281600
9641,0.293888
9642,0.288768
9643,0.275456
9644,0.289792
9645,0.283648
9646,0.287744
9647,0.283648
9648,0.282624
9649,0.282624
9650,0.279552
9651,0.286720
9652,0.293888
9653,0.285696
9654,0.276480
9655,0.281600
9656,0.265216
9657,0.277504
9658,0.273408
9659,0.285696
9660,0.283648
9661,0.284672
9662,0.281600
9663,0.350208
9664,0.289792
9665,0.293888
9666,0.282624
9667,0.271360
9668,0.270336
9669,0.288768
9670,0.275456
9671,0.269312
9672,0.287744
9673,0.274432
9674,0.304128
9675,0.266240
9676,0.282624
9677,0.276480
9678,0.493568
9679,0.295936
9680,0.282624
9681,0.320512
9682,0.269312
9683,0.284672
9684,0.273408
9685,0.283648
9686,0.279552
9687,0.282624
9688,0.287744
9689,0.279552
9690,0.282624
9691,0.275456
9692,0.287744
9693,0.279552
9694,0.273408
9695,0.286720
9696,0.284672
9697,0.282624
9698,0.277504
9699,0.297984
9700,0.281600
9701,0.284672
9702,0.274432
9703,0.289792
9704,0.296960
9705,0.277504
9706,0.277504
9707,0.279552
9708,0.286720
9709,0.279552
9710,0.284672
9711,0.281600
9712,0.275456
9713,0.289792
9714,0.279552
9715,0.274432
9716,0.288768
9717,0.273408
9718,0.276480
9719,0.264192
9720,0.285696
9721,0.287744
9722,0.273408
9723,0.285696
9724,0.290816
9725,0.293888
9726,0.287744
9727,0.270336
9728,0.259072
9729,0.279552
9730,0.272384
9731,0.267264
9732,0.269312
9733,0.265216
9734,0.262144
9735,0.263168
9736,0.276480
9737,0.272384
9738,0.257024
9739,0.271360
9740,0.269312
9741,0.273408
9742,0.268288
9743,0.266240
9744,0.270336
9745,0.264192
9746,0.266240
9747,0.263168
9748,0.261120
9749,0.267264
9750,0.267264
9751,0.271360
9752,0.270336
9753,0.266240
9754,0.264192
9755,0.266240
9756,0.264192
9757,0.267264
9758,0.266240
9759,0.271360
9760,0.273408
9761,0.270336
9762,0.273408
9763,0.272384
9764,0.272384
9765,0.264192
9766,0.274432
9767,0.257024
9768,0.261120
9769,0.275456
9770,0.266240
9771,0.266240
9772,0.268288
9773,0.273408
9774,0.267264
9775,0.265216
9776,0.257024
9777,0.262144
9778,0.250880
9779,0.263168
9780,0.257024
9781,0.259072
9782,0.258048
9783,0.261120
9784,0.262144
9785,0.251904
9786,0.264192
9787,0.261120
9788,0.261120
9789,0.262144
9790,0.250880
9791,0.264192
9792,0.256000
9793,0.264192
9794,0.263168
9795,0.261120
9796,0.257024
9797,0.257024
9798,0.253952
9799,0.254976
9800,0.264192
9801,0.261120
9802,0.257024
9803,0.272384
9804,0.251904
9805,0.256000
9806,0.254976
9807,0.261120
9808,0.249856
9809,0.264192
9810,0.261120
9811,0.262144
9812,0.257024
9813,0.261120
9814,0.261120
9815,0.260096
9816,0.262144
9817,0.254976
9818,0.260096
9819,0.256000
9820,0.256000
9821,0.251904
9822,0.257024
9823,0.254976
9824,0.261120
9825,0.254976
9826,0.260096
9827,0.256000
9828,0.258048
9829,0.259072
9830,0.250880
9831,0.258048
9832,0.250880
9833,0.258048
9834,0.257024
9835,0.265216
9836,0.256000
9837,0.252928
9838,0.254976
9839,0.258048
9840,0.266240
9841,0.253952
9842,0.244736
9843,0.245760
9844,0.248832
9845,0.250880
9846,0.248832
9847,0.256000
9848,0.246784
9849,0.249856
9850,0.243712
9851,0.253952
9852,0.245760
9853,0.245760
9854,0.249856
9855,0.247808
9856,0.242688
9857,0.246784
9858,0.250880
9859,0.241664
9860,0.256000
9861,0.248832
9862,0.256000
9863,0.250880
9864,0.252928
9865,0.253952
9866,0.252928
9867,0.247808
9868,0.253952
9869,0.249856
9870,0.250880
9871,0.265216
9872,0.254976
9873,0.248832
9874,0.256000
9875,0.247808
9876,0.248832
9877,0.247808
9878,0.250880
9879,0.254976
9880,0.245760
9881,0.257024
9882,0.248832
9883,0.242688
9884,0.244736
9885,0.245760
9886,0.252928
9887,0.236544
9888,0.242688
9889,0.241664
9890,0.235520
9891,0.238592
9892,0.235520
9893,0.235520
9894,0.235520
9895,0.240640
9896,0.231424
9897,0.240640
9898,0.238592
9899,0.238592
9900,0.237568
9901,0.238592
9902,0.240640
9903,0.236544
9904,0.241664
9905,0.246784
9906,0.239616
9907,0.237568
9908,0.230400
9909,0.229376
9910,0.238592
9911,0.232448
9912,0.237568
9913,0.234496
9914,0.227328
9915,0.230400
9916,0.234496
9917,0.237568
9918,0.237568
9919,0.225280
9920,0.227328
9921,0.221184
9922,0.225280
9923,0.228352
9924,0.231424
9925,0.224256
9926,0.220160
9927,0.229376
9928,0.226304
9929,0.222208
9930,0.223232
9931,0.231424
9932,0.225280
9933,0.229376
9934,0.229376
9935,0.228352
9936,0.229376
9937,0.225280
9938,0.227328
9939,0.225280
9940,0.227328
9941,0.226304
9942,0.222208
9943,0.226304
9944,0.226304
9945,0.221184
9946,0.234496
9947,0.223232
9948,0.222208
9949,0.223232
9950,0.228352
9951,0.224256
9952,0.216064
9953,0.225280
9954,0.219136
9955,0.222208
9956,0.222208
9957,0.217088
9958,0.217088
9959,0.219136
9960,0.219136
9961,0.215040
9962,0.220160
9963,0.216064
9964,0.221184
9965,0.218112
9966,0.214016
9967,0.215040
9968,0.214016
9969,0.215040
9970,0.218112
9971,0.219136
9972,0.218112
9973,0.214016
9974,0.214016
9975,0.216064
9976,0.216064
9977,0.217088
9978,0.211968
9979,0.212992
9980,0.211968
9981,0.212992
9982,0.212992
9983,0.216064
9984,0.215040
9985,0.214016
9986,0.210944
9987,0.210944
9988,0.211968
9989,0.209920
9990,0.212992
9991,0.216064
9992,0.211968
9993,0.212992
9994,0.214016
9995,0.210944
9996,0.215040
9997,0.217088
9998,0.215040
9999,0.212992
