iter,ms
0,0.421888
1,0.240640
2,0.248832
3,0.256000
4,0.247808
5,0.249856
6,0.249856
7,0.246784
8,0.246784
9,0.246784
10,0.247808
11,0.248832
12,0.251904
13,0.261120
14,0.250880
15,0.247808
16,0.241664
17,0.245760
18,0.242688
19,0.247808
20,0.248832
21,0.246784
22,0.252928
23,0.241664
24,0.244736
25,0.242688
26,0.251904
27,0.242688
28,0.245760
29,0.252928
30,0.243712
31,0.250880
32,0.243712
33,0.243712
34,0.241664
35,0.249856
36,0.248832
37,0.249856
38,0.249856
39,0.250880
40,0.248832
41,0.250880
42,0.253952
43,0.249856
44,0.242688
45,0.241664
46,0.241664
47,0.250880
48,0.248832
49,0.250880
50,0.240640
51,0.253952
52,0.262144
53,0.241664
54,0.261120
55,0.263168
56,0.260096
57,0.257024
58,0.261120
59,0.265216
60,0.258048
61,0.252928
62,0.268288
63,0.253952
64,0.260096
65,0.263168
66,0.261120
67,0.253952
68,0.259072
69,0.254976
70,0.250880
71,0.259072
72,0.257024
73,0.250880
74,0.252928
75,0.252928
76,0.252928
77,0.260096
78,0.252928
79,0.260096
80,0.262144
81,0.263168
82,0.259072
83,0.256000
84,0.251904
85,0.258048
86,0.253952
87,0.264192
88,0.263168
89,0.265216
90,0.261120
91,0.247808
92,0.258048
93,0.256000
94,0.247808
95,0.251904
96,0.261120
97,0.252928
98,0.259072
99,0.249856
100,0.261120
101,0.252928
102,0.258048
103,0.265216
104,0.252928
105,0.256000
106,0.262144
107,0.261120
108,0.256000
109,0.258048
110,0.260096
111,0.259072
112,0.253952
113,0.259072
114,0.257024
115,0.257024
116,0.254976
117,0.258048
118,0.264192
119,0.251904
120,0.253952
121,0.259072
122,0.248832
123,0.256000
124,0.258048
125,0.268288
126,0.257024
127,0.253952
128,0.256000
129,0.247808
130,0.264192
131,0.251904
132,0.253952
133,0.270336
134,0.265216
135,0.258048
136,0.270336
137,0.271360
138,0.269312
139,0.275456
140,0.268288
141,0.273408
142,0.271360
143,0.256000
144,0.260096
145,0.275456
146,0.275456
147,0.273408
148,0.276480
149,0.281600
150,0.271360
151,0.292864
152,0.281600
153,0.287744
154,0.281600
155,0.286720
156,0.299008
157,0.286720
158,0.292864
159,0.277504
160,0.280576
161,0.285696
162,0.278528
163,0.281600
164,0.287744
165,0.286720
166,0.290816
167,0.288768
168,0.283648
169,0.288768
170,0.286720
171,0.284672
172,0.292864
173,0.284672
174,0.287744
175,0.282624
176,0.292864
177,0.287744
178,0.280576
179,0.289792
180,0.278528
181,0.288768
182,0.292864
183,0.284672
184,0.292864
185,0.278528
186,0.284672
187,0.296960
188,0.290816
189,0.295936
190,0.288768
191,0.279552
192,0.289792
193,0.279552
194,0.299008
195,0.290816
196,0.282624
197,0.283648
198,0.281600
199,0.297984
200,0.287744
201,0.292864
202,0.293888
203,0.287744
204,0.293888
205,0.295936
206,0.308224
207,0.303104
208,0.293888
209,0.310272
210,0.303104
211,0.312320
212,0.303104
213,0.305152
214,0.318464
215,0.304128
216,0.305152
217,0.313344
218,0.314368
219,0.300032
220,0.308224
221,0.320512
222,0.314368
223,0.310272
224,0.309248
225,0.308224
226,0.312320
227,0.288768
228,0.308224
229,0.297984
230,0.307200
231,0.315392
232,0.321536
233,0.306176
234,0.320512
235,0.306176
236,0.308224
237,0.315392
238,0.311296
239,0.310272
240,0.311296
241,0.291840
242,0.296960
243,0.310272
244,0.313344
245,0.313344
246,0.310272
247,0.311296
248,0.300032
249,0.309248
250,0.308224
251,0.305152
252,0.303104
253,0.309248
254,0.301056
255,0.292864
256,0.304128
257,0.310272
258,0.322560
259,0.323584
260,0.296960
261,0.293888
262,0.315392
263,0.308224
264,0.309248
265,0.304128
266,0.307200
267,0.317440
268,0.303104
269,0.312320
270,0.294912
271,0.306176
272,0.316416
273,0.311296
274,0.302080
275,0.322560
276,0.308224
277,0.303104
278,0.307200
279,0.315392
280,0.309248
281,0.322560
282,0.314368
283,0.301056
284,0.304128
285,0.316416
286,0.309248
287,0.292864
288,0.310272
289,0.314368
290,0.300032
291,0.311296
292,0.308224
293,0.300032
294,0.297984
295,0.313344
296,0.310272
297,0.313344
298,0.314368
299,0.308224
300,0.315392
301,0.309248
302,0.319488
303,0.309248
304,0.307200
305,0.303104
306,0.308224
307,0.314368
308,0.295936
309,0.308224
310,0.307200
311,0.311296
312,0.305152
313,0.301056
314,0.297984
315,0.304128
316,0.312320
317,0.325632
318,0.311296
319,0.317440
320,0.300032
321,0.294912
322,0.313344
323,0.312320
324,0.308224
325,0.304128
326,0.307200
327,0.310272
328,0.318464
329,0.304128
330,0.303104
331,0.306176
332,0.306176
333,0.303104
334,0.310272
335,0.301056
336,0.302080
337,0.296960
338,0.304128
339,0.312320
340,0.307200
341,0.312320
342,0.451584
343,0.301056
344,0.288768
345,0.305152
346,0.309248
347,0.301056
348,0.299008
349,0.297984
350,0.316416
351,0.305152
352,0.310272
353,0.297984
354,0.309248
355,0.306176
356,0.314368
357,0.292864
358,0.311296
359,0.305152
360,0.296960
361,0.287744
362,0.304128
363,0.308224
364,0.307200
365,0.313344
366,0.309248
367,0.325632
368,0.316416
369,0.325632
370,0.309248
371,0.291840
372,0.295936
373,0.302080
374,0.324608
375,0.296960
376,0.304128
377,0.309248
378,0.299008
379,0.299008
380,0.322560
381,0.396288
382,0.314368
383,0.324608
384,0.308224
385,0.307200
386,0.296960
387,0.287744
388,0.302080
389,0.307200
390,0.323584
391,0.303104
392,0.289792
393,0.318464
394,0.294912
395,0.300032
396,0.291840
397,0.300032
398,0.297984
399,0.313344
400,0.320512
401,0.313344
402,0.304128
403,0.300032
404,0.304128
405,0.305152
406,0.314368
407,0.300032
408,0.294912
409,0.293888
410,0.299008
411,0.311296
412,0.313344
413,0.315392
414,0.309248
415,0.328704
416,0.291840
417,0.286720
418,0.297984
419,0.306176
420,0.296960
421,0.302080
422,0.306176
423,0.314368
424,0.294912
425,0.299008
426,0.308224
427,0.296960
428,0.299008
429,0.309248
430,0.301056
431,0.314368
432,0.304128
433,0.307200
434,0.307200
435,0.304128
436,0.302080
437,0.302080
438,0.315392
439,0.290816
440,0.307200
441,0.312320
442,0.307200
443,0.293888
444,0.311296
445,0.301056
446,0.301056
447,0.297984
448,0.294912
449,0.308224
450,0.310272
451,0.304128
452,0.283648
453,0.297984
454,0.306176
455,0.286720
456,0.307200
457,0.303104
458,0.299008
459,0.307200
460,0.293888
461,0.291840
462,0.317440
463,0.302080
464,0.303104
465,0.289792
466,0.304128
467,0.290816
468,0.309248
469,0.302080
470,0.303104
471,0.297984
472,0.303104
473,0.302080
474,0.297984
475,0.307200
476,0.286720
477,0.313344
478,0.315392
479,0.296960
480,0.315392
481,0.302080
482,0.315392
483,0.317440
484,0.303104
485,0.305152
486,0.304128
487,0.316416
488,0.302080
489,0.308224
490,0.304128
491,0.309248
492,0.286720
493,0.303104
494,0.314368
495,0.303104
496,0.311296
497,0.297984
498,0.311296
499,0.310272
500,0.293888
501,0.302080
502,0.316416
503,0.320512
504,0.306176
505,0.303104
506,0.306176
507,0.287744
508,0.301056
509,0.303104
510,0.297984
511,0.302080
512,0.293888
513,0.293888
514,0.311296
515,0.290816
516,0.309248
517,0.305152
518,0.306176
519,0.315392
520,0.307200
521,0.296960
522,0.307200
523,0.303104
524,0.300032
525,0.303104
526,0.306176
527,0.293888
528,0.303104
529,0.304128
530,0.304128
531,0.294912
532,0.302080
533,0.294912
534,0.313344
535,0.313344
536,0.310272
537,0.310272
538,0.313344
539,0.290816
540,0.304128
541,0.299008
542,0.314368
543,0.299008
544,0.312320
545,0.311296
546,0.304128
547,0.311296
548,0.301056
549,0.306176
550,0.305152
551,0.291840
552,0.316416
553,0.300032
554,0.305152
555,0.317440
556,0.303104
557,0.294912
558,0.313344
559,0.309248
560,0.294912
561,0.300032
562,0.297984
563,0.299008
564,0.302080
565,0.297984
566,0.300032
567,0.313344
568,0.307200
569,0.293888
570,0.300032
571,0.303104
572,0.307200
573,0.302080
574,0.302080
575,0.310272
576,0.308224
577,0.308224
578,0.304128
579,0.291840
580,0.308224
581,0.294912
582,0.289792
583,0.310272
584,0.300032
585,0.306176
586,0.297984
587,0.297984
588,0.314368
589,0.302080
590,0.306176
591,0.309248
592,0.313344
593,0.311296
594,0.300032
595,0.296960
596,0.311296
597,0.306176
598,0.310272
599,0.306176
600,0.292864
601,0.297984
602,0.305152
603,0.307200
604,0.304128
605,0.299008
606,0.285696
607,0.311296
608,0.302080
609,0.296960
610,0.291840
611,0.293888
612,0.295936
613,0.306176
614,0.302080
615,0.305152
616,0.287744
617,0.289792
618,0.308224
619,0.311296
620,0.299008
621,0.314368
622,0.317440
623,0.303104
624,0.305152
625,0.299008
626,0.300032
627,0.295936
628,0.309248
629,0.302080
630,0.294912
631,0.310272
632,0.302080
633,0.307200
634,0.300032
635,0.297984
636,0.310272
637,0.310272
638,0.311296
639,0.295936
640,0.313344
641,0.292864
642,0.299008
643,0.320512
644,0.297984
645,0.296960
646,0.297984
647,0.308224
648,0.299008
649,0.299008
650,0.291840
651,0.301056
652,0.295936
653,0.297984
654,0.297984
655,0.292864
656,0.304128
657,0.304128
658,0.316416
659,0.311296
660,0.300032
661,0.306176
662,0.318464
663,0.307200
664,0.303104
665,0.306176
666,0.283648
667,0.288768
668,0.302080
669,0.297984
670,0.303104
671,0.304128
672,0.291840
673,0.305152
674,0.301056
675,0.301056
676,0.287744
677,0.294912
678,0.306176
679,0.292864
680,0.308224
681,0.296960
682,0.313344
683,0.294912
684,0.290816
685,0.301056
686,0.308224
687,0.306176
688,0.309248
689,0.302080
690,0.307200
691,0.300032
692,0.293888
693,0.301056
694,0.296960
695,0.310272
696,0.462848
697,0.316416
698,0.296960
699,0.292864
700,0.310272
701,0.304128
702,0.302080
703,0.294912
704,0.296960
705,0.303104
706,0.306176
707,0.303104
708,0.316416
709,0.292864
710,0.303104
711,0.304128
712,0.307200
713,0.291840
714,0.305152
715,0.297984
716,0.296960
717,0.301056
718,0.299008
719,0.301056
720,0.308224
721,0.292864
722,0.295936
723,0.309248
724,0.293888
725,0.296960
726,0.315392
727,0.291840
728,0.314368
729,0.303104
730,0.284672
731,0.302080
732,0.310272
733,0.304128
734,0.300032
735,0.301056
736,0.318464
737,0.315392
738,0.296960
739,0.297984
740,0.309248
741,0.295936
742,0.300032
743,0.296960
744,0.299008
745,0.291840
746,0.310272
747,0.297984
748,0.303104
749,0.323584
750,0.300032
751,0.296960
752,0.292864
753,0.295936
754,0.289792
755,0.304128
756,0.309248
757,0.304128
758,0.295936
759,0.304128
760,0.310272
761,0.304128
762,0.304128
763,0.313344
764,0.288768
765,0.293888
766,0.307200
767,0.305152
768,0.301056
769,0.289792
770,0.299008
771,0.301056
772,0.294912
773,0.304128
774,0.307200
775,0.307200
776,0.297984
777,0.300032
778,0.292864
779,0.311296
780,0.290816
781,0.305152
782,0.296960
783,0.302080
784,0.305152
785,0.305152
786,0.301056
787,0.306176
788,0.296960
789,0.312320
790,0.304128
791,0.299008
792,0.303104
793,0.296960
794,0.307200
795,0.307200
796,0.300032
797,0.309248
798,0.299008
799,0.302080
800,0.310272
801,0.306176
802,0.296960
803,0.302080
804,0.314368
805,0.307200
806,0.300032
807,0.305152
808,0.292864
809,0.297984
810,0.305152
811,0.301056
812,0.309248
813,0.296960
814,0.306176
815,0.308224
816,0.296960
817,0.297984
818,0.305152
819,0.295936
820,0.313344
821,0.312320
822,0.290816
823,0.288768
824,0.311296
825,0.297984
826,0.308224
827,0.307200
828,0.300032
829,0.295936
830,0.303104
831,0.293888
832,0.316416
833,0.308224
834,0.308224
835,0.297984
836,0.304128
837,0.284672
838,0.312320
839,0.305152
840,0.301056
841,0.318464
842,0.302080
843,0.301056
844,0.290816
845,0.303104
846,0.283648
847,0.313344
848,0.294912
849,0.292864
850,0.308224
851,0.285696
852,0.297984
853,0.301056
854,0.288768
855,0.310272
856,0.309248
857,0.300032
858,0.308224
859,0.303104
860,0.305152
861,0.308224
862,0.306176
863,0.297984
864,0.301056
865,0.307200
866,0.308224
867,0.449536
868,0.300032
869,0.295936
870,0.281600
871,0.324608
872,0.304128
873,0.306176
874,0.293888
875,0.295936
876,0.301056
877,0.295936
878,0.307200
879,0.309248
880,0.307200
881,0.289792
882,0.291840
883,0.308224
884,0.301056
885,0.293888
886,0.302080
887,0.304128
888,0.302080
889,0.303104
890,0.297984
891,0.304128
892,0.291840
893,0.305152
894,0.307200
895,0.299008
896,0.296960
897,0.312320
898,0.305152
899,0.312320
900,0.299008
901,0.301056
902,0.303104
903,0.306176
904,0.309248
905,0.297984
906,0.284672
907,0.311296
908,0.303104
909,0.316416
910,0.312320
911,0.307200
912,0.309248
913,0.309248
914,0.292864
915,0.315392
916,0.305152
917,0.315392
918,0.307200
919,0.296960
920,0.305152
921,0.296960
922,0.292864
923,0.309248
924,0.295936
925,0.291840
926,0.301056
927,0.311296
928,0.305152
929,0.308224
930,0.301056
931,0.304128
932,0.314368
933,0.308224
934,0.292864
935,0.291840
936,0.305152
937,0.306176
938,0.286720
939,0.295936
940,0.309248
941,0.306176
942,0.296960
943,0.304128
944,0.304128
945,0.303104
946,0.321536
947,0.300032
948,0.295936
949,0.289792
950,0.308224
951,0.285696
952,0.312320
953,0.299008
954,0.302080
955,0.305152
956,0.308224
957,0.292864
958,0.296960
959,0.316416
960,0.302080
961,0.308224
962,0.296960
963,0.299008
964,0.307200
965,0.293888
966,0.291840
967,0.309248
968,0.299008
969,0.310272
970,0.302080
971,0.290816
972,0.293888
973,0.300032
974,0.312320
975,0.304128
976,0.301056
977,0.294912
978,0.297984
979,0.301056
980,0.309248
981,0.291840
982,0.316416
983,0.310272
984,0.308224
985,0.300032
986,0.304128
987,0.323584
988,0.314368
989,0.299008
990,0.318464
991,0.311296
992,0.319488
993,0.308224
994,0.304128
995,0.317440
996,0.318464
997,0.302080
998,0.310272
999,0.287744
1000,0.295936
1001,0.295936
1002,0.308224
1003,0.294912
1004,0.295936
1005,0.299008
1006,0.306176
1007,0.305152
1008,0.321536
1009,0.318464
1010,0.307200
1011,0.315392
1012,0.296960
1013,0.307200
1014,0.306176
1015,0.295936
1016,0.299008
1017,0.317440
1018,0.311296
1019,0.296960
1020,0.288768
1021,0.302080
1022,0.302080
1023,0.310272
1024,0.296960
1025,0.304128
1026,0.313344
1027,0.295936
1028,0.304128
1029,0.293888
1030,0.304128
1031,0.312320
1032,0.303104
1033,0.291840
1034,0.296960
1035,0.301056
1036,0.309248
1037,0.307200
1038,0.286720
1039,0.294912
1040,0.290816
1041,0.294912
1042,0.289792
1043,0.293888
1044,0.291840
1045,0.315392
1046,0.299008
1047,0.304128
1048,0.309248
1049,0.297984
1050,0.311296
1051,0.311296
1052,0.295936
1053,0.301056
1054,0.312320
1055,0.307200
1056,0.308224
1057,0.309248
1058,0.304128
1059,0.315392
1060,0.306176
1061,0.303104
1062,0.304128
1063,0.318464
1064,0.310272
1065,0.312320
1066,0.307200
1067,0.303104
1068,0.315392
1069,0.300032
1070,0.293888
1071,0.296960
1072,0.307200
1073,0.308224
1074,0.297984
1075,0.309248
1076,0.291840
1077,0.305152
1078,0.300032
1079,0.300032
1080,0.303104
1081,0.303104
1082,0.300032
1083,0.295936
1084,0.310272
1085,0.308224
1086,0.321536
1087,0.304128
1088,0.292864
1089,0.290816
1090,0.311296
1091,0.302080
1092,0.315392
1093,0.302080
1094,0.291840
1095,0.307200
1096,0.302080
1097,0.293888
1098,0.299008
1099,0.311296
1100,0.307200
1101,0.292864
1102,0.309248
1103,0.302080
1104,0.316416
1105,0.296960
1106,0.311296
1107,0.301056
1108,0.314368
1109,0.313344
1110,0.308224
1111,0.323584
1112,0.312320
1113,0.313344
1114,0.297984
1115,0.305152
1116,0.299008
1117,0.299008
1118,0.286720
1119,0.308224
1120,0.291840
1121,0.307200
1122,0.311296
1123,0.304128
1124,0.294912
1125,0.312320
1126,0.288768
1127,0.291840
1128,0.302080
1129,0.297984
1130,0.294912
1131,0.307200
1132,0.299008
1133,0.307200
1134,0.306176
1135,0.306176
1136,0.306176
1137,0.306176
1138,0.377856
1139,0.296960
1140,0.300032
1141,0.393216
1142,0.327680
1143,0.318464
1144,0.305152
1145,0.316416
1146,0.312320
1147,0.303104
1148,0.296960
1149,0.300032
1150,0.296960
1151,0.290816
1152,0.286720
1153,0.312320
1154,0.302080
1155,0.301056
1156,0.299008
1157,0.304128
1158,0.319488
1159,0.285696
1160,0.305152
1161,0.300032
1162,0.302080
1163,0.316416
1164,0.297984
1165,0.297984
1166,0.305152
1167,0.309248
1168,0.301056
1169,0.307200
1170,0.297984
1171,0.306176
1172,0.309248
1173,0.292864
1174,0.296960
1175,0.290816
1176,0.311296
1177,0.313344
1178,0.310272
1179,0.294912
1180,0.307200
1181,0.303104
1182,0.305152
1183,0.304128
1184,0.297984
1185,0.297984
1186,0.309248
1187,0.289792
1188,0.301056
1189,0.301056
1190,0.302080
1191,0.305152
1192,0.288768
1193,0.297984
1194,0.301056
1195,0.294912
1196,0.294912
1197,0.293888
1198,0.288768
1199,0.318464
1200,0.301056
1201,0.304128
1202,0.302080
1203,0.303104
1204,0.300032
1205,0.303104
1206,0.299008
1207,0.299008
1208,0.313344
1209,0.299008
1210,0.307200
1211,0.317440
1212,0.314368
1213,0.300032
1214,0.295936
1215,0.297984
1216,0.313344
1217,0.284672
1218,0.312320
1219,0.294912
1220,0.312320
1221,0.306176
1222,0.315392
1223,0.300032
1224,0.305152
1225,0.307200
1226,0.297984
1227,0.311296
1228,0.312320
1229,0.293888
1230,0.306176
1231,0.297984
1232,0.311296
1233,0.296960
1234,0.289792
1235,0.301056
1236,0.313344
1237,0.302080
1238,0.303104
1239,0.301056
1240,0.317440
1241,0.297984
1242,0.308224
1243,0.305152
1244,0.300032
1245,0.300032
1246,0.310272
1247,0.293888
1248,0.299008
1249,0.296960
1250,0.319488
1251,0.300032
1252,0.299008
1253,0.293888
1254,0.303104
1255,0.303104
1256,0.296960
1257,0.301056
1258,0.292864
1259,0.302080
1260,0.308224
1261,0.306176
1262,0.304128
1263,0.305152
1264,0.314368
1265,0.297984
1266,0.291840
1267,0.304128
1268,0.297984
1269,0.316416
1270,0.301056
1271,0.295936
1272,0.301056
1273,0.300032
1274,0.305152
1275,0.313344
1276,0.314368
1277,0.301056
1278,0.293888
1279,0.300032
1280,0.303104
1281,0.299008
1282,0.301056
1283,0.300032
1284,0.315392
1285,0.293888
1286,0.293888
1287,0.299008
1288,0.296960
1289,0.301056
1290,0.300032
1291,0.297984
1292,0.312320
1293,0.296960
1294,0.286720
1295,0.305152
1296,0.310272
1297,0.303104
1298,0.303104
1299,0.307200
1300,0.299008
1301,0.292864
1302,0.314368
1303,0.291840
1304,0.299008
1305,0.309248
1306,0.304128
1307,0.305152
1308,0.307200
1309,0.300032
1310,0.294912
1311,0.280576
1312,0.305152
1313,0.321536
1314,0.300032
1315,0.293888
1316,0.291840
1317,0.314368
1318,0.311296
1319,0.304128
1320,0.316416
1321,0.311296
1322,0.299008
1323,0.294912
1324,0.295936
1325,0.307200
1326,0.308224
1327,0.305152
1328,0.306176
1329,0.300032
1330,0.311296
1331,0.297984
1332,0.306176
1333,0.313344
1334,0.307200
1335,0.295936
1336,0.315392
1337,0.290816
1338,0.308224
1339,0.295936
1340,0.320512
1341,0.304128
1342,0.308224
1343,0.294912
1344,0.302080
1345,0.302080
1346,0.297984
1347,0.303104
1348,0.297984
1349,0.307200
1350,0.320512
1351,0.299008
1352,0.287744
1353,0.320512
1354,0.309248
1355,0.290816
1356,0.302080
1357,0.315392
1358,0.308224
1359,0.293888
1360,0.289792
1361,0.319488
1362,0.311296
1363,0.304128
1364,0.300032
1365,0.292864
1366,0.308224
1367,0.320512
1368,0.301056
1369,0.302080
1370,0.311296
1371,0.314368
1372,0.308224
1373,0.295936
1374,0.304128
1375,0.316416
1376,0.310272
1377,0.297984
1378,0.295936
1379,0.302080
1380,0.308224
1381,0.304128
1382,0.297984
1383,0.297984
1384,0.312320
1385,0.294912
1386,0.309248
1387,0.310272
1388,0.293888
1389,0.296960
1390,0.284672
1391,0.314368
1392,0.309248
1393,0.293888
1394,0.296960
1395,0.305152
1396,0.304128
1397,0.290816
1398,0.297984
1399,0.303104
1400,0.324608
1401,0.299008
1402,0.305152
1403,0.301056
1404,0.293888
1405,0.288768
1406,0.296960
1407,0.291840
1408,0.305152
1409,0.301056
1410,0.293888
1411,0.286720
1412,0.290816
1413,0.294912
1414,0.312320
1415,0.303104
1416,0.297984
1417,0.306176
1418,0.291840
1419,0.296960
1420,0.312320
1421,0.301056
1422,0.301056
1423,0.315392
1424,0.306176
1425,0.294912
1426,0.313344
1427,0.310272
1428,0.300032
1429,0.299008
1430,0.310272
1431,0.309248
1432,0.324608
1433,0.296960
1434,0.300032
1435,0.296960
1436,0.307200
1437,0.306176
1438,0.309248
1439,0.314368
1440,0.293888
1441,0.305152
1442,0.288768
1443,0.305152
1444,0.295936
1445,0.306176
1446,0.305152
1447,0.292864
1448,0.309248
1449,0.310272
1450,0.299008
1451,0.308224
1452,0.311296
1453,0.293888
1454,0.311296
1455,0.306176
1456,0.398336
1457,0.314368
1458,0.307200
1459,0.322560
1460,0.305152
1461,0.300032
1462,0.304128
1463,0.299008
1464,0.316416
1465,0.306176
1466,0.291840
1467,0.286720
1468,0.314368
1469,0.300032
1470,0.307200
1471,0.305152
1472,0.324608
1473,0.300032
1474,0.311296
1475,0.297984
1476,0.286720
1477,0.292864
1478,0.302080
1479,0.310272
1480,0.317440
1481,0.294912
1482,0.305152
1483,0.288768
1484,0.420864
1485,0.301056
1486,0.306176
1487,0.306176
1488,0.297984
1489,0.317440
1490,0.287744
1491,0.312320
1492,0.300032
1493,0.293888
1494,0.306176
1495,0.305152
1496,0.285696
1497,0.290816
1498,0.313344
1499,0.311296
1500,0.305152
1501,0.299008
1502,0.304128
1503,0.321536
1504,0.315392
1505,0.293888
1506,0.301056
1507,0.304128
1508,0.314368
1509,0.306176
1510,0.294912
1511,0.307200
1512,0.303104
1513,0.290816
1514,0.303104
1515,0.307200
1516,0.299008
1517,0.299008
1518,0.299008
1519,0.312320
1520,0.303104
1521,0.289792
1522,0.308224
1523,0.305152
1524,0.307200
1525,0.390144
1526,0.314368
1527,0.316416
1528,0.300032
1529,0.303104
1530,0.315392
1531,0.391168
1532,0.283648
1533,0.302080
1534,0.299008
1535,0.293888
1536,0.305152
1537,0.295936
1538,0.307200
1539,0.299008
1540,0.306176
1541,0.296960
1542,0.295936
1543,0.296960
1544,0.289792
1545,0.296960
1546,0.317440
1547,0.301056
1548,0.293888
1549,0.293888
1550,0.312320
1551,0.301056
1552,0.302080
1553,0.311296
1554,0.304128
1555,0.297984
1556,0.304128
1557,0.318464
1558,0.315392
1559,0.294912
1560,0.294912
1561,0.296960
1562,0.306176
1563,0.313344
1564,0.301056
1565,0.333824
1566,0.311296
1567,0.308224
1568,0.304128
1569,0.305152
1570,0.293888
1571,0.300032
1572,0.296960
1573,0.310272
1574,0.305152
1575,0.295936
1576,0.297984
1577,0.310272
1578,0.312320
1579,0.326656
1580,0.291840
1581,0.314368
1582,0.318464
1583,0.304128
1584,0.322560
1585,0.306176
1586,0.319488
1587,0.302080
1588,0.305152
1589,0.304128
1590,0.296960
1591,0.304128
1592,0.301056
1593,0.289792
1594,0.289792
1595,0.289792
1596,0.306176
1597,0.313344
1598,0.300032
1599,0.286720
1600,0.286720
1601,0.280576
1602,0.279552
1603,0.293888
1604,0.297984
1605,0.304128
1606,0.297984
1607,0.300032
1608,0.291840
1609,0.303104
1610,0.306176
1611,0.318464
1612,0.313344
1613,0.307200
1614,0.309248
1615,0.311296
1616,0.295936
1617,0.308224
1618,0.289792
1619,0.309248
1620,0.305152
1621,0.295936
1622,0.303104
1623,0.308224
1624,0.293888
1625,0.297984
1626,0.303104
1627,0.285696
1628,0.297984
1629,0.307200
1630,0.301056
1631,0.314368
1632,0.299008
1633,0.300032
1634,0.314368
1635,0.307200
1636,0.309248
1637,0.302080
1638,0.307200
1639,0.305152
1640,0.302080
1641,0.299008
1642,0.306176
1643,0.321536
1644,0.292864
1645,0.297984
1646,0.305152
1647,0.307200
1648,0.300032
1649,0.311296
1650,0.304128
1651,0.310272
1652,0.308224
1653,0.303104
1654,0.300032
1655,0.303104
1656,0.310272
1657,0.313344
1658,0.321536
1659,0.304128
1660,0.304128
1661,0.302080
1662,0.302080
1663,0.299008
1664,0.310272
1665,0.313344
1666,0.300032
1667,0.310272
1668,0.297984
1669,0.306176
1670,0.292864
1671,0.303104
1672,0.313344
1673,0.299008
1674,0.313344
1675,0.328704
1676,0.300032
1677,0.306176
1678,0.297984
1679,0.312320
1680,0.297984
1681,0.313344
1682,0.294912
1683,0.303104
1684,0.305152
1685,0.303104
1686,0.310272
1687,0.314368
1688,0.299008
1689,0.301056
1690,0.294912
1691,0.314368
1692,0.307200
1693,0.284672
1694,0.280576
1695,0.287744
1696,0.286720
1697,0.286720
1698,0.284672
1699,0.300032
1700,0.308224
1701,0.297984
1702,0.303104
1703,0.301056
1704,0.303104
1705,0.316416
1706,0.290816
1707,0.319488
1708,0.308224
1709,0.288768
1710,0.304128
1711,0.304128
1712,0.307200
1713,0.296960
1714,0.310272
1715,0.302080
1716,0.309248
1717,0.289792
1718,0.303104
1719,0.309248
1720,0.314368
1721,0.307200
1722,0.294912
1723,0.303104
1724,0.295936
1725,0.293888
1726,0.306176
1727,0.287744
1728,0.305152
1729,0.300032
1730,0.302080
1731,0.309248
1732,0.291840
1733,0.307200
1734,0.294912
1735,0.306176
1736,0.291840
1737,0.308224
1738,0.310272
1739,0.297984
1740,0.310272
1741,0.303104
1742,0.299008
1743,0.309248
1744,0.295936
1745,0.302080
1746,0.305152
1747,0.302080
1748,0.307200
1749,0.308224
1750,0.299008
1751,0.292864
1752,0.317440
1753,0.302080
1754,0.293888
1755,0.293888
1756,0.284672
1757,0.285696
1758,0.286720
1759,0.279552
1760,0.303104
1761,0.304128
1762,0.293888
1763,0.290816
1764,0.316416
1765,0.315392
1766,0.300032
1767,0.305152
1768,0.307200
1769,0.307200
1770,0.309248
1771,0.305152
1772,0.311296
1773,0.308224
1774,0.311296
1775,0.300032
1776,0.314368
1777,0.311296
1778,0.315392
1779,0.303104
1780,0.312320
1781,0.313344
1782,0.305152
1783,0.300032
1784,0.301056
1785,0.294912
1786,0.317440
1787,0.295936
1788,0.305152
1789,0.307200
1790,0.294912
1791,0.301056
1792,0.299008
1793,0.304128
1794,0.299008
1795,0.300032
1796,0.316416
1797,0.300032
1798,0.299008
1799,0.289792
1800,0.299008
1801,0.288768
1802,0.299008
1803,0.304128
1804,0.296960
1805,0.307200
1806,0.305152
1807,0.307200
1808,0.306176
1809,0.301056
1810,0.301056
1811,0.303104
1812,0.310272
1813,0.296960
1814,0.292864
1815,0.301056
1816,0.307200
1817,0.301056
1818,0.293888
1819,0.308224
1820,0.307200
1821,0.307200
1822,0.301056
1823,0.315392
1824,0.309248
1825,0.303104
1826,0.299008
1827,0.305152
1828,0.297984
1829,0.309248
1830,0.299008
1831,0.301056
1832,0.292864
1833,0.281600
1834,0.295936
1835,0.268288
1836,0.281600
1837,0.287744
1838,0.292864
1839,0.311296
1840,0.299008
1841,0.306176
1842,0.299008
1843,0.291840
1844,0.308224
1845,0.296960
1846,0.310272
1847,0.385024
1848,0.308224
1849,0.286720
1850,0.305152
1851,0.293888
1852,0.301056
1853,0.306176
1854,0.303104
1855,0.310272
1856,0.300032
1857,0.292864
1858,0.295936
1859,0.322560
1860,0.301056
1861,0.294912
1862,0.310272
1863,0.302080
1864,0.299008
1865,0.296960
1866,0.294912
1867,0.300032
1868,0.306176
1869,0.302080
1870,0.301056
1871,0.305152
1872,0.311296
1873,0.292864
1874,0.303104
1875,0.307200
1876,0.294912
1877,0.316416
1878,0.300032
1879,0.300032
1880,0.311296
1881,0.313344
1882,0.304128
1883,0.307200
1884,0.295936
1885,0.310272
1886,0.304128
1887,0.293888
1888,0.307200
1889,0.303104
1890,0.311296
1891,0.297984
1892,0.317440
1893,0.301056
1894,0.309248
1895,0.289792
1896,0.304128
1897,0.295936
1898,0.308224
1899,0.303104
1900,0.295936
1901,0.306176
1902,0.300032
1903,0.300032
1904,0.312320
1905,0.296960
1906,0.311296
1907,0.311296
1908,0.295936
1909,0.305152
1910,0.292864
1911,0.296960
1912,0.304128
1913,0.306176
1914,0.302080
1915,0.304128
1916,0.314368
1917,0.297984
1918,0.303104
1919,0.310272
1920,0.290816
1921,0.309248
1922,0.308224
1923,0.293888
1924,0.289792
1925,0.294912
1926,0.304128
1927,0.312320
1928,0.302080
1929,0.304128
1930,0.299008
1931,0.314368
1932,0.310272
1933,0.295936
1934,0.294912
1935,0.296960
1936,0.305152
1937,0.313344
1938,0.303104
1939,0.312320
1940,0.304128
1941,0.305152
1942,0.291840
1943,0.289792
1944,0.289792
1945,0.311296
1946,0.288768
1947,0.312320
1948,0.301056
1949,0.301056
1950,0.301056
1951,0.309248
1952,0.316416
1953,0.295936
1954,0.294912
1955,0.304128
1956,0.302080
1957,0.305152
1958,0.290816
1959,0.299008
1960,0.302080
1961,0.310272
1962,0.299008
1963,0.301056
1964,0.304128
1965,0.288768
1966,0.302080
1967,0.301056
1968,0.301056
1969,0.293888
1970,0.300032
1971,0.303104
1972,0.307200
1973,0.325632
1974,0.291840
1975,0.289792
1976,0.300032
1977,0.303104
1978,0.289792
1979,0.311296
1980,0.297984
1981,0.294912
1982,0.310272
1983,0.305152
1984,0.287744
1985,0.300032
1986,0.292864
1987,0.310272
1988,0.309248
1989,0.315392
1990,0.283648
1991,0.293888
1992,0.290816
1993,0.308224
1994,0.293888
1995,0.306176
1996,0.293888
1997,0.305152
1998,0.292864
1999,0.292864
2000,0.304128
2001,0.292864
2002,0.297984
2003,0.299008
2004,0.303104
2005,0.306176
2006,0.301056
2007,0.303104
2008,0.290816
2009,0.311296
2010,0.300032
2011,0.300032
2012,0.309248
2013,0.306176
2014,0.301056
2015,0.300032
2016,0.312320
2017,0.294912
2018,0.303104
2019,0.307200
2020,0.304128
2021,0.294912
2022,0.304128
2023,0.307200
2024,0.276480
2025,0.274432
2026,0.282624
2027,0.290816
2028,0.291840
2029,0.310272
2030,0.300032
2031,0.304128
2032,0.309248
2033,0.303104
2034,0.305152
2035,0.308224
2036,0.304128
2037,0.302080
2038,0.304128
2039,0.308224
2040,0.304128
2041,0.310272
2042,0.303104
2043,0.310272
2044,0.307200
2045,0.305152
2046,0.286720
2047,0.310272
2048,0.300032
2049,0.280576
2050,0.309248
2051,0.296960
2052,0.303104
2053,0.294912
2054,0.308224
2055,0.297984
2056,0.306176
2057,0.301056
2058,0.306176
2059,0.297984
2060,0.296960
2061,0.286720
2062,0.303104
2063,0.290816
2064,0.290816
2065,0.311296
2066,0.303104
2067,0.297984
2068,0.318464
2069,0.305152
2070,0.295936
2071,0.307200
2072,0.297984
2073,0.318464
2074,0.308224
2075,0.307200
2076,0.309248
2077,0.301056
2078,0.291840
2079,0.301056
2080,0.297984
2081,0.319488
2082,0.307200
2083,0.310272
2084,0.301056
2085,0.296960
2086,0.310272
2087,0.305152
2088,0.316416
2089,0.303104
2090,0.301056
2091,0.307200
2092,0.302080
2093,0.302080
2094,0.304128
2095,0.285696
2096,0.289792
2097,0.299008
2098,0.307200
2099,0.296960
2100,0.301056
2101,0.294912
2102,0.297984
2103,0.300032
2104,0.288768
2105,0.303104
2106,0.296960
2107,0.309248
2108,0.295936
2109,0.293888
2110,0.286720
2111,0.315392
2112,0.292864
2113,0.304128
2114,0.307200
2115,0.295936
2116,0.277504
2117,0.275456
2118,0.286720
2119,0.282624
2120,0.284672
2121,0.314368
2122,0.296960
2123,0.314368
2124,0.299008
2125,0.299008
2126,0.308224
2127,0.305152
2128,0.301056
2129,0.309248
2130,0.291840
2131,0.309248
2132,0.294912
2133,0.306176
2134,0.290816
2135,0.308224
2136,0.315392
2137,0.299008
2138,0.313344
2139,0.325632
2140,0.312320
2141,0.321536
2142,0.302080
2143,0.294912
2144,0.295936
2145,0.297984
2146,0.294912
2147,0.294912
2148,0.316416
2149,0.300032
2150,0.297984
2151,0.299008
2152,0.303104
2153,0.285696
2154,0.319488
2155,0.286720
2156,0.301056
2157,0.296960
2158,0.309248
2159,0.291840
2160,0.299008
2161,0.295936
2162,0.301056
2163,0.334848
2164,0.295936
2165,0.308224
2166,0.295936
2167,0.288768
2168,0.308224
2169,0.292864
2170,0.305152
2171,0.315392
2172,0.311296
2173,0.297984
2174,0.291840
2175,0.288768
2176,0.318464
2177,0.304128
2178,0.306176
2179,0.319488
2180,0.310272
2181,0.318464
2182,0.295936
2183,0.316416
2184,0.308224
2185,0.315392
2186,0.315392
2187,0.309248
2188,0.301056
2189,0.302080
2190,0.309248
2191,0.306176
2192,0.303104
2193,0.305152
2194,0.287744
2195,0.301056
2196,0.295936
2197,0.300032
2198,0.301056
2199,0.303104
2200,0.293888
2201,0.306176
2202,0.299008
2203,0.314368
2204,0.291840
2205,0.295936
2206,0.292864
2207,0.299008
2208,0.309248
2209,0.300032
2210,0.434176
2211,0.318464
2212,0.300032
2213,0.294912
2214,0.292864
2215,0.314368
2216,0.304128
2217,0.288768
2218,0.310272
2219,0.311296
2220,0.311296
2221,0.301056
2222,0.291840
2223,0.308224
2224,0.311296
2225,0.316416
2226,0.297984
2227,0.304128
2228,0.304128
2229,0.314368
2230,0.308224
2231,0.302080
2232,0.294912
2233,0.302080
2234,0.308224
2235,0.300032
2236,0.314368
2237,0.307200
2238,0.312320
2239,0.301056
2240,0.282624
2241,0.306176
2242,0.299008
2243,0.308224
2244,0.305152
2245,0.302080
2246,0.304128
2247,0.304128
2248,0.299008
2249,0.311296
2250,0.304128
2251,0.297984
2252,0.314368
2253,0.310272
2254,0.309248
2255,0.301056
2256,0.286720
2257,0.308224
2258,0.295936
2259,0.303104
2260,0.300032
2261,0.297984
2262,0.305152
2263,0.295936
2264,0.323584
2265,0.293888
2266,0.292864
2267,0.294912
2268,0.293888
2269,0.318464
2270,0.304128
2271,0.306176
2272,0.310272
2273,0.295936
2274,0.289792
2275,0.284672
2276,0.305152
2277,0.296960
2278,0.309248
2279,0.305152
2280,0.301056
2281,0.302080
2282,0.303104
2283,0.307200
2284,0.308224
2285,0.297984
2286,0.308224
2287,0.302080
2288,0.302080
2289,0.297984
2290,0.301056
2291,0.312320
2292,0.304128
2293,0.300032
2294,0.309248
2295,0.302080
2296,0.312320
2297,0.296960
2298,0.290816
2299,0.300032
2300,0.302080
2301,0.300032
2302,0.290816
2303,0.301056
2304,0.305152
2305,0.319488
2306,0.303104
2307,0.311296
2308,0.305152
2309,0.305152
2310,0.297984
2311,0.300032
2312,0.335872
2313,0.307200
2314,0.304128
2315,0.293888
2316,0.302080
2317,0.320512
2318,0.299008
2319,0.305152
2320,0.312320
2321,0.307200
2322,0.306176
2323,0.296960
2324,0.303104
2325,0.308224
2326,0.313344
2327,0.289792
2328,0.294912
2329,0.305152
2330,0.294912
2331,0.313344
2332,0.295936
2333,0.316416
2334,0.306176
2335,0.289792
2336,0.291840
2337,0.311296
2338,0.317440
2339,0.302080
2340,0.295936
2341,0.302080
2342,0.304128
2343,0.301056
2344,0.291840
2345,0.309248
2346,0.310272
2347,0.301056
2348,0.294912
2349,0.300032
2350,0.282624
2351,0.296960
2352,0.284672
2353,0.293888
2354,0.301056
2355,0.306176
2356,0.306176
2357,0.293888
2358,0.302080
2359,0.294912
2360,0.312320
2361,0.296960
2362,0.295936
2363,0.308224
2364,0.301056
2365,0.290816
2366,0.299008
2367,0.295936
2368,0.313344
2369,0.299008
2370,0.319488
2371,0.301056
2372,0.300032
2373,0.320512
2374,0.310272
2375,0.296960
2376,0.289792
2377,0.307200
2378,0.306176
2379,0.301056
2380,0.305152
2381,0.305152
2382,0.302080
2383,0.323584
2384,0.297984
2385,0.292864
2386,0.307200
2387,0.287744
2388,0.296960
2389,0.301056
2390,0.306176
2391,0.314368
2392,0.299008
2393,0.308224
2394,0.312320
2395,0.295936
2396,0.307200
2397,0.304128
2398,0.308224
2399,0.293888
2400,0.305152
2401,0.302080
2402,0.300032
2403,0.293888
2404,0.316416
2405,0.305152
2406,0.304128
2407,0.299008
2408,0.292864
2409,0.306176
2410,0.304128
2411,0.293888
2412,0.296960
2413,0.321536
2414,0.317440
2415,0.307200
2416,0.307200
2417,0.305152
2418,0.301056
2419,0.293888
2420,0.300032
2421,0.305152
2422,0.291840
2423,0.311296
2424,0.309248
2425,0.304128
2426,0.306176
2427,0.309248
2428,0.300032
2429,0.308224
2430,0.296960
2431,0.310272
2432,0.299008
2433,0.304128
2434,0.303104
2435,0.289792
2436,0.311296
2437,0.309248
2438,0.292864
2439,0.295936
2440,0.303104
2441,0.303104
2442,0.313344
2443,0.296960
2444,0.306176
2445,0.301056
2446,0.319488
2447,0.312320
2448,0.299008
2449,0.293888
2450,0.302080
2451,0.303104
2452,0.307200
2453,0.307200
2454,0.299008
2455,0.304128
2456,0.309248
2457,0.287744
2458,0.301056
2459,0.293888
2460,0.300032
2461,0.305152
2462,0.292864
2463,0.303104
2464,0.295936
2465,0.303104
2466,0.304128
2467,0.314368
2468,0.315392
2469,0.301056
2470,0.295936
2471,0.295936
2472,0.299008
2473,0.293888
2474,0.291840
2475,0.305152
2476,0.304128
2477,0.307200
2478,0.302080
2479,0.293888
2480,0.318464
2481,0.322560
2482,0.307200
2483,0.297984
2484,0.304128
2485,0.312320
2486,0.304128
2487,0.289792
2488,0.292864
2489,0.299008
2490,0.290816
2491,0.315392
2492,0.306176
2493,0.295936
2494,0.316416
2495,0.314368
2496,0.297984
2497,0.310272
2498,0.308224
2499,0.301056
2500,0.299008
2501,0.302080
2502,0.313344
2503,0.293888
2504,0.301056
2505,0.307200
2506,0.304128
2507,0.309248
2508,0.303104
2509,0.307200
2510,0.314368
2511,0.293888
2512,0.289792
2513,0.288768
2514,0.305152
2515,0.314368
2516,0.305152
2517,0.302080
2518,0.312320
2519,0.303104
2520,0.297984
2521,0.296960
2522,0.305152
2523,0.308224
2524,0.300032
2525,0.407552
2526,0.297984
2527,0.296960
2528,0.289792
2529,0.311296
2530,0.313344
2531,0.295936
2532,0.292864
2533,0.300032
2534,0.308224
2535,0.307200
2536,0.303104
2537,0.293888
2538,0.299008
2539,0.303104
2540,0.306176
2541,0.308224
2542,0.300032
2543,0.301056
2544,0.310272
2545,0.297984
2546,0.313344
2547,0.307200
2548,0.311296
2549,0.308224
2550,0.301056
2551,0.306176
2552,0.304128
2553,0.296960
2554,0.314368
2555,0.314368
2556,0.306176
2557,0.305152
2558,0.299008
2559,0.306176
2560,0.311296
2561,0.324608
2562,0.303104
2563,0.293888
2564,0.297984
2565,0.301056
2566,0.303104
2567,0.297984
2568,0.302080
2569,0.310272
2570,0.299008
2571,0.291840
2572,0.288768
2573,0.293888
2574,0.312320
2575,0.300032
2576,0.300032
2577,0.319488
2578,0.310272
2579,0.312320
2580,0.299008
2581,0.301056
2582,0.314368
2583,0.314368
2584,0.296960
2585,0.291840
2586,0.297984
2587,0.305152
2588,0.303104
2589,0.299008
2590,0.307200
2591,0.310272
2592,0.294912
2593,0.295936
2594,0.292864
2595,0.312320
2596,0.303104
2597,0.302080
2598,0.301056
2599,0.312320
2600,0.303104
2601,0.302080
2602,0.289792
2603,0.293888
2604,0.295936
2605,0.295936
2606,0.303104
2607,0.305152
2608,0.308224
2609,0.303104
2610,0.312320
2611,0.304128
2612,0.306176
2613,0.281600
2614,0.304128
2615,0.307200
2616,0.303104
2617,0.292864
2618,0.310272
2619,0.302080
2620,0.308224
2621,0.309248
2622,0.326656
2623,0.301056
2624,0.293888
2625,0.297984
2626,0.307200
2627,0.292864
2628,0.290816
2629,0.295936
2630,0.315392
2631,0.301056
2632,0.317440
2633,0.311296
2634,0.307200
2635,0.299008
2636,0.309248
2637,0.302080
2638,0.299008
2639,0.300032
2640,0.292864
2641,0.312320
2642,0.306176
2643,0.310272
2644,0.300032
2645,0.312320
2646,0.300032
2647,0.279552
2648,0.293888
2649,0.312320
2650,0.305152
2651,0.291840
2652,0.309248
2653,0.306176
2654,0.306176
2655,0.293888
2656,0.306176
2657,0.294912
2658,0.296960
2659,0.299008
2660,0.299008
2661,0.300032
2662,0.303104
2663,0.305152
2664,0.317440
2665,0.304128
2666,0.305152
2667,0.311296
2668,0.304128
2669,0.300032
2670,0.307200
2671,0.297984
2672,0.317440
2673,0.295936
2674,0.294912
2675,0.310272
2676,0.305152
2677,0.300032
2678,0.300032
2679,0.309248
2680,0.303104
2681,0.299008
2682,0.300032
2683,0.306176
2684,0.309248
2685,0.312320
2686,0.292864
2687,0.308224
2688,0.292864
2689,0.308224
2690,0.304128
2691,0.292864
2692,0.306176
2693,0.301056
2694,0.312320
2695,0.292864
2696,0.304128
2697,0.303104
2698,0.307200
2699,0.311296
2700,0.293888
2701,0.296960
2702,0.301056
2703,0.294912
2704,0.296960
2705,0.300032
2706,0.303104
2707,0.306176
2708,0.294912
2709,0.305152
2710,0.295936
2711,0.301056
2712,0.309248
2713,0.290816
2714,0.303104
2715,0.303104
2716,0.308224
2717,0.305152
2718,0.301056
2719,0.301056
2720,0.305152
2721,0.294912
2722,0.308224
2723,0.302080
2724,0.294912
2725,0.299008
2726,0.293888
2727,0.314368
2728,0.311296
2729,0.310272
2730,0.300032
2731,0.312320
2732,0.306176
2733,0.303104
2734,0.307200
2735,0.307200
2736,0.293888
2737,0.305152
2738,0.314368
2739,0.318464
2740,0.311296
2741,0.291840
2742,0.295936
2743,0.312320
2744,0.299008
2745,0.304128
2746,0.314368
2747,0.323584
2748,0.309248
2749,0.303104
2750,0.309248
2751,0.299008
2752,0.307200
2753,0.299008
2754,0.301056
2755,0.312320
2756,0.297984
2757,0.307200
2758,0.295936
2759,0.301056
2760,0.309248
2761,0.291840
2762,0.304128
2763,0.280576
2764,0.312320
2765,0.312320
2766,0.299008
2767,0.309248
2768,0.289792
2769,0.304128
2770,0.303104
2771,0.299008
2772,0.301056
2773,0.303104
2774,0.302080
2775,0.308224
2776,0.304128
2777,0.303104
2778,0.312320
2779,0.314368
2780,0.310272
2781,0.300032
2782,0.289792
2783,0.315392
2784,0.312320
2785,0.307200
2786,0.294912
2787,0.321536
2788,0.320512
2789,0.305152
2790,0.295936
2791,0.304128
2792,0.308224
2793,0.295936
2794,0.302080
2795,0.304128
2796,0.307200
2797,0.308224
2798,0.303104
2799,0.302080
2800,0.307200
2801,0.309248
2802,0.308224
2803,0.304128
2804,0.304128
2805,0.314368
2806,0.316416
2807,0.310272
2808,0.303104
2809,0.300032
2810,0.310272
2811,0.309248
2812,0.311296
2813,0.295936
2814,0.316416
2815,0.292864
2816,0.309248
2817,0.302080
2818,0.307200
2819,0.299008
2820,0.315392
2821,0.296960
2822,0.312320
2823,0.304128
2824,0.305152
2825,0.293888
2826,0.310272
2827,0.303104
2828,0.305152
2829,0.308224
2830,0.310272
2831,0.310272
2832,0.306176
2833,0.303104
2834,0.312320
2835,0.315392
2836,0.313344
2837,0.319488
2838,0.309248
2839,0.305152
2840,0.316416
2841,0.301056
2842,0.309248
2843,0.300032
2844,0.296960
2845,0.309248
2846,0.405504
2847,0.308224
2848,0.306176
2849,0.311296
2850,0.306176
2851,0.313344
2852,0.311296
2853,0.302080
2854,0.299008
2855,0.303104
2856,0.321536
2857,0.301056
2858,0.301056
2859,0.302080
2860,0.289792
2861,0.300032
2862,0.296960
2863,0.308224
2864,0.292864
2865,0.303104
2866,0.307200
2867,0.317440
2868,0.314368
2869,0.323584
2870,0.324608
2871,0.309248
2872,0.303104
2873,0.297984
2874,0.307200
2875,0.289792
2876,0.319488
2877,0.304128
2878,0.307200
2879,0.313344
2880,0.306176
2881,0.320512
2882,0.309248
2883,0.313344
2884,0.301056
2885,0.306176
2886,0.313344
2887,0.310272
2888,0.291840
2889,0.308224
2890,0.304128
2891,0.301056
2892,0.301056
2893,0.300032
2894,0.309248
2895,0.304128
2896,0.306176
2897,0.312320
2898,0.307200
2899,0.315392
2900,0.301056
2901,0.305152
2902,0.301056
2903,0.307200
2904,0.301056
2905,0.305152
2906,0.289792
2907,0.296960
2908,0.314368
2909,0.310272
2910,0.305152
2911,0.310272
2912,0.285696
2913,0.320512
2914,0.324608
2915,0.297984
2916,0.295936
2917,0.304128
2918,0.305152
2919,0.318464
2920,0.306176
2921,0.305152
2922,0.308224
2923,0.304128
2924,0.323584
2925,0.294912
2926,0.299008
2927,0.295936
2928,0.322560
2929,0.308224
2930,0.302080
2931,0.316416
2932,0.291840
2933,0.302080
2934,0.292864
2935,0.317440
2936,0.297984
2937,0.296960
2938,0.314368
2939,0.303104
2940,0.300032
2941,0.311296
2942,0.304128
2943,0.308224
2944,0.308224
2945,0.316416
2946,0.308224
2947,0.305152
2948,0.291840
2949,0.311296
2950,0.320512
2951,0.313344
2952,0.308224
2953,0.313344
2954,0.297984
2955,0.314368
2956,0.323584
2957,0.301056
2958,0.294912
2959,0.308224
2960,0.293888
2961,0.309248
2962,0.313344
2963,0.303104
2964,0.314368
2965,0.301056
2966,0.315392
2967,0.295936
2968,0.312320
2969,0.313344
2970,0.311296
2971,0.299008
2972,0.301056
2973,0.293888
2974,0.300032
2975,0.303104
2976,0.321536
2977,0.299008
2978,0.306176
2979,0.302080
2980,0.321536
2981,0.305152
2982,0.297984
2983,0.308224
2984,0.308224
2985,0.309248
2986,0.327680
2987,0.305152
2988,0.301056
2989,0.292864
2990,0.307200
2991,0.293888
2992,0.304128
2993,0.310272
2994,0.301056
2995,0.303104
2996,0.303104
2997,0.301056
2998,0.299008
2999,0.305152
3000,0.295936
3001,0.303104
3002,0.305152
3003,0.297984
3004,0.291840
3005,0.317440
3006,0.307200
3007,0.301056
3008,0.316416
3009,0.294912
3010,0.305152
3011,0.313344
3012,0.315392
3013,0.300032
3014,0.318464
3015,0.299008
3016,0.314368
3017,0.314368
3018,0.301056
3019,0.299008
3020,0.301056
3021,0.312320
3022,0.308224
3023,0.300032
3024,0.312320
3025,0.307200
3026,0.293888
3027,0.314368
3028,0.297984
3029,0.294912
3030,0.319488
3031,0.299008
3032,0.299008
3033,0.310272
3034,0.305152
3035,0.310272
3036,0.315392
3037,0.310272
3038,0.300032
3039,0.309248
3040,0.327680
3041,0.320512
3042,0.309248
3043,0.303104
3044,0.299008
3045,0.301056
3046,0.310272
3047,0.307200
3048,0.312320
3049,0.302080
3050,0.310272
3051,0.314368
3052,0.304128
3053,0.312320
3054,0.313344
3055,0.317440
3056,0.315392
3057,0.309248
3058,0.306176
3059,0.316416
3060,0.295936
3061,0.314368
3062,0.310272
3063,0.299008
3064,0.305152
3065,0.311296
3066,0.312320
3067,0.307200
3068,0.306176
3069,0.296960
3070,0.305152
3071,0.316416
3072,0.309248
3073,0.314368
3074,0.304128
3075,0.302080
3076,0.304128
3077,0.293888
3078,0.322560
3079,0.305152
3080,0.295936
3081,0.309248
3082,0.318464
3083,0.316416
3084,0.309248
3085,0.325632
3086,0.308224
3087,0.310272
3088,0.294912
3089,0.309248
3090,0.315392
3091,0.313344
3092,0.309248
3093,0.306176
3094,0.317440
3095,0.300032
3096,0.313344
3097,0.302080
3098,0.303104
3099,0.316416
3100,0.308224
3101,0.307200
3102,0.304128
3103,0.302080
3104,0.315392
3105,0.307200
3106,0.300032
3107,0.300032
3108,0.303104
3109,0.310272
3110,0.305152
3111,0.312320
3112,0.317440
3113,0.310272
3114,0.319488
3115,0.309248
3116,0.310272
3117,0.309248
3118,0.308224
3119,0.308224
3120,0.310272
3121,0.308224
3122,0.313344
3123,0.299008
3124,0.309248
3125,0.315392
3126,0.304128
3127,0.322560
3128,0.308224
3129,0.303104
3130,0.306176
3131,0.319488
3132,0.316416
3133,0.302080
3134,0.302080
3135,0.304128
3136,0.311296
3137,0.312320
3138,0.310272
3139,0.309248
3140,0.296960
3141,0.312320
3142,0.314368
3143,0.312320
3144,0.313344
3145,0.318464
3146,0.306176
3147,0.304128
3148,0.319488
3149,0.289792
3150,0.292864
3151,0.292864
3152,0.307200
3153,0.305152
3154,0.312320
3155,0.305152
3156,0.318464
3157,0.303104
3158,0.306176
3159,0.294912
3160,0.297984
3161,0.306176
3162,0.310272
3163,0.319488
3164,0.297984
3165,0.306176
3166,0.286720
3167,0.306176
3168,0.291840
3169,0.311296
3170,0.309248
3171,0.312320
3172,0.311296
3173,0.315392
3174,0.304128
3175,0.308224
3176,0.318464
3177,0.304128
3178,0.304128
3179,0.301056
3180,0.297984
3181,0.311296
3182,0.292864
3183,0.320512
3184,0.319488
3185,0.309248
3186,0.309248
3187,0.297984
3188,0.317440
3189,0.301056
3190,0.315392
3191,0.327680
3192,0.305152
3193,0.309248
3194,0.302080
3195,0.307200
3196,0.309248
3197,0.300032
3198,0.302080
3199,0.296960
3200,0.314368
3201,0.306176
3202,0.311296
3203,0.313344
3204,0.311296
3205,0.307200
3206,0.318464
3207,0.307200
3208,0.290816
3209,0.307200
3210,0.306176
3211,0.309248
3212,0.313344
3213,0.318464
3214,0.307200
3215,0.297984
3216,0.304128
3217,0.312320
3218,0.300032
3219,0.309248
3220,0.308224
3221,0.311296
3222,0.311296
3223,0.318464
3224,0.310272
3225,0.296960
3226,0.310272
3227,0.306176
3228,0.313344
3229,0.305152
3230,0.303104
3231,0.311296
3232,0.312320
3233,0.305152
3234,0.306176
3235,0.309248
3236,0.308224
3237,0.307200
3238,0.313344
3239,0.306176
3240,0.309248
3241,0.309248
3242,0.301056
3243,0.302080
3244,0.291840
3245,0.307200
3246,0.311296
3247,0.312320
3248,0.296960
3249,0.314368
3250,0.313344
3251,0.313344
3252,0.313344
3253,0.297984
3254,0.302080
3255,0.310272
3256,0.305152
3257,0.303104
3258,0.302080
3259,0.292864
3260,0.290816
3261,0.299008
3262,0.302080
3263,0.306176
3264,0.308224
3265,0.313344
3266,0.316416
3267,0.310272
3268,0.307200
3269,0.311296
3270,0.363520
3271,0.286720
3272,0.299008
3273,0.312320
3274,0.315392
3275,0.308224
3276,0.305152
3277,0.306176
3278,0.316416
3279,0.304128
3280,0.313344
3281,0.304128
3282,0.293888
3283,0.310272
3284,0.316416
3285,0.312320
3286,0.293888
3287,0.301056
3288,0.299008
3289,0.320512
3290,0.316416
3291,0.307200
3292,0.302080
3293,0.318464
3294,0.423936
3295,0.287744
3296,0.311296
3297,0.456704
3298,0.299008
3299,0.307200
3300,0.295936
3301,0.301056
3302,0.304128
3303,0.338944
3304,0.308224
3305,0.313344
3306,0.314368
3307,0.293888
3308,0.309248
3309,0.413696
3310,0.299008
3311,0.297984
3312,0.306176
3313,0.297984
3314,0.314368
3315,0.309248
3316,0.293888
3317,0.313344
3318,0.304128
3319,0.321536
3320,0.312320
3321,0.299008
3322,0.316416
3323,0.302080
3324,0.307200
3325,0.299008
3326,0.305152
3327,0.317440
3328,0.307200
3329,0.309248
3330,0.311296
3331,0.301056
3332,0.314368
3333,0.314368
3334,0.297984
3335,0.292864
3336,0.299008
3337,0.296960
3338,0.303104
3339,0.295936
3340,0.402432
3341,0.314368
3342,0.291840
3343,0.342016
3344,0.303104
3345,0.275456
3346,0.293888
3347,0.316416
3348,0.304128
3349,0.305152
3350,0.321536
3351,0.306176
3352,0.308224
3353,0.305152
3354,0.310272
3355,0.305152
3356,0.305152
3357,0.311296
3358,0.303104
3359,0.326656
3360,0.310272
3361,0.296960
3362,0.304128
3363,0.316416
3364,0.301056
3365,0.289792
3366,0.301056
3367,0.314368
3368,0.296960
3369,0.294912
3370,0.307200
3371,0.308224
3372,0.316416
3373,0.304128
3374,0.288768
3375,0.307200
3376,0.311296
3377,0.306176
3378,0.310272
3379,0.296960
3380,0.308224
3381,0.306176
3382,0.295936
3383,0.303104
3384,0.293888
3385,0.295936
3386,0.291840
3387,0.301056
3388,0.281600
3389,0.299008
3390,0.295936
3391,0.304128
3392,0.321536
3393,0.315392
3394,0.300032
3395,0.307200
3396,0.307200
3397,0.306176
3398,0.305152
3399,0.304128
3400,0.304128
3401,0.309248
3402,0.310272
3403,0.310272
3404,0.320512
3405,0.312320
3406,0.295936
3407,0.290816
3408,0.324608
3409,0.303104
3410,0.290816
3411,0.291840
3412,0.310272
3413,0.313344
3414,0.310272
3415,0.290816
3416,0.306176
3417,0.313344
3418,0.317440
3419,0.319488
3420,0.309248
3421,0.303104
3422,0.304128
3423,0.316416
3424,0.313344
3425,0.299008
3426,0.287744
3427,0.307200
3428,0.305152
3429,0.304128
3430,0.301056
3431,0.306176
3432,0.308224
3433,0.300032
3434,0.309248
3435,0.308224
3436,0.297984
3437,0.301056
3438,0.299008
3439,0.294912
3440,0.303104
3441,0.306176
3442,0.313344
3443,0.306176
3444,0.303104
3445,0.292864
3446,0.295936
3447,0.318464
3448,0.295936
3449,0.314368
3450,0.307200
3451,0.297984
3452,0.301056
3453,0.299008
3454,0.300032
3455,0.304128
3456,0.312320
3457,0.305152
3458,0.311296
3459,0.308224
3460,0.311296
3461,0.309248
3462,0.315392
3463,0.307200
3464,0.312320
3465,0.308224
3466,0.304128
3467,0.306176
3468,0.303104
3469,0.306176
3470,0.305152
3471,0.294912
3472,0.307200
3473,0.301056
3474,0.304128
3475,0.303104
3476,0.312320
3477,0.303104
3478,0.310272
3479,0.306176
3480,0.299008
3481,0.307200
3482,0.292864
3483,0.320512
3484,0.316416
3485,0.303104
3486,0.305152
3487,0.294912
3488,0.308224
3489,0.299008
3490,0.300032
3491,0.301056
3492,0.313344
3493,0.313344
3494,0.318464
3495,0.296960
3496,0.311296
3497,0.307200
3498,0.297984
3499,0.304128
3500,0.302080
3501,0.310272
3502,0.320512
3503,0.314368
3504,0.300032
3505,0.307200
3506,0.303104
3507,0.290816
3508,0.290816
3509,0.288768
3510,0.295936
3511,0.282624
3512,0.297984
3513,0.285696
3514,0.301056
3515,0.312320
3516,0.297984
3517,0.309248
3518,0.314368
3519,0.297984
3520,0.305152
3521,0.323584
3522,0.293888
3523,0.303104
3524,0.311296
3525,0.313344
3526,0.310272
3527,0.309248
3528,0.317440
3529,0.305152
3530,0.307200
3531,0.311296
3532,0.303104
3533,0.311296
3534,0.296960
3535,0.307200
3536,0.299008
3537,0.323584
3538,0.306176
3539,0.304128
3540,0.308224
3541,0.299008
3542,0.302080
3543,0.293888
3544,0.293888
3545,0.304128
3546,0.312320
3547,0.290816
3548,0.302080
3549,0.293888
3550,0.303104
3551,0.310272
3552,0.290816
3553,0.304128
3554,0.309248
3555,0.310272
3556,0.312320
3557,0.308224
3558,0.314368
3559,0.289792
3560,0.305152
3561,0.313344
3562,0.307200
3563,0.302080
3564,0.321536
3565,0.313344
3566,0.299008
3567,0.301056
3568,0.314368
3569,0.300032
3570,0.309248
3571,0.300032
3572,0.302080
3573,0.306176
3574,0.295936
3575,0.290816
3576,0.315392
3577,0.307200
3578,0.305152
3579,0.299008
3580,0.308224
3581,0.316416
3582,0.312320
3583,0.312320
3584,0.306176
3585,0.305152
3586,0.305152
3587,0.302080
3588,0.303104
3589,0.303104
3590,0.307200
3591,0.294912
3592,0.304128
3593,0.305152
3594,0.316416
3595,0.300032
3596,0.307200
3597,0.309248
3598,0.303104
3599,0.311296
3600,0.302080
3601,0.311296
3602,0.316416
3603,0.315392
3604,0.308224
3605,0.315392
3606,0.317440
3607,0.310272
3608,0.312320
3609,0.295936
3610,0.286720
3611,0.300032
3612,0.320512
3613,0.299008
3614,0.297984
3615,0.300032
3616,0.310272
3617,0.317440
3618,0.295936
3619,0.305152
3620,0.304128
3621,0.300032
3622,0.319488
3623,0.315392
3624,0.303104
3625,0.306176
3626,0.302080
3627,0.303104
3628,0.303104
3629,0.310272
3630,0.303104
3631,0.318464
3632,0.306176
3633,0.304128
3634,0.312320
3635,0.302080
3636,0.308224
3637,0.300032
3638,0.312320
3639,0.307200
3640,0.306176
3641,0.319488
3642,0.312320
3643,0.316416
3644,0.305152
3645,0.312320
3646,0.292864
3647,0.305152
3648,0.306176
3649,0.284672
3650,0.293888
3651,0.282624
3652,0.286720
3653,0.296960
3654,0.303104
3655,0.304128
3656,0.314368
3657,0.316416
3658,0.297984
3659,0.454656
3660,0.306176
3661,0.296960
3662,0.285696
3663,0.304128
3664,0.308224
3665,0.313344
3666,0.309248
3667,0.312320
3668,0.297984
3669,0.316416
3670,0.309248
3671,0.284672
3672,0.302080
3673,0.306176
3674,0.310272
3675,0.303104
3676,0.312320
3677,0.304128
3678,0.300032
3679,0.314368
3680,0.299008
3681,0.309248
3682,0.290816
3683,0.305152
3684,0.319488
3685,0.306176
3686,0.303104
3687,0.306176
3688,0.297984
3689,0.308224
3690,0.319488
3691,0.311296
3692,0.306176
3693,0.299008
3694,0.311296
3695,0.290816
3696,0.310272
3697,0.312320
3698,0.292864
3699,0.292864
3700,0.294912
3701,0.309248
3702,0.303104
3703,0.301056
3704,0.302080
3705,0.307200
3706,0.303104
3707,0.297984
3708,0.303104
3709,0.304128
3710,0.312320
3711,0.311296
3712,0.290816
3713,0.291840
3714,0.297984
3715,0.300032
3716,0.305152
3717,0.304128
3718,0.291840
3719,0.267264
3720,0.313344
3721,0.323584
3722,0.347136
3723,0.308224
3724,0.319488
3725,0.313344
3726,0.313344
3727,0.308224
3728,0.305152
3729,0.305152
3730,0.307200
3731,0.300032
3732,0.302080
3733,0.315392
3734,0.311296
3735,0.312320
3736,0.314368
3737,0.301056
3738,0.300032
3739,0.302080
3740,0.310272
3741,0.305152
3742,0.309248
3743,0.302080
3744,0.301056
3745,0.300032
3746,0.314368
3747,0.297984
3748,0.289792
3749,0.302080
3750,0.301056
3751,0.302080
3752,0.302080
3753,0.305152
3754,0.302080
3755,0.305152
3756,0.300032
3757,0.322560
3758,0.297984
3759,0.305152
3760,0.313344
3761,0.315392
3762,0.312320
3763,0.306176
3764,0.299008
3765,0.302080
3766,0.308224
3767,0.299008
3768,0.314368
3769,0.306176
3770,0.301056
3771,0.304128
3772,0.293888
3773,0.301056
3774,0.314368
3775,0.312320
3776,0.310272
3777,0.304128
3778,0.310272
3779,0.302080
3780,0.313344
3781,0.302080
3782,0.314368
3783,0.303104
3784,0.307200
3785,0.302080
3786,0.311296
3787,0.297984
3788,0.315392
3789,0.307200
3790,0.310272
3791,0.305152
3792,0.291840
3793,0.309248
3794,0.315392
3795,0.297984
3796,0.305152
3797,0.297984
3798,0.294912
3799,0.300032
3800,0.300032
3801,0.305152
3802,0.295936
3803,0.297984
3804,0.293888
3805,0.303104
3806,0.303104
3807,0.303104
3808,0.302080
3809,0.310272
3810,0.308224
3811,0.292864
3812,0.308224
3813,0.301056
3814,0.308224
3815,0.305152
3816,0.308224
3817,0.317440
3818,0.289792
3819,0.314368
3820,0.302080
3821,0.307200
3822,0.315392
3823,0.311296
3824,0.301056
3825,0.302080
3826,0.293888
3827,0.301056
3828,0.303104
3829,0.300032
3830,0.317440
3831,0.300032
3832,0.310272
3833,0.308224
3834,0.301056
3835,0.317440
3836,0.310272
3837,0.310272
3838,0.305152
3839,0.283648
3840,0.299008
3841,0.301056
3842,0.314368
3843,0.297984
3844,0.307200
3845,0.318464
3846,0.289792
3847,0.300032
3848,0.295936
3849,0.310272
3850,0.300032
3851,0.295936
3852,0.300032
3853,0.296960
3854,0.300032
3855,0.300032
3856,0.303104
3857,0.312320
3858,0.316416
3859,0.305152
3860,0.315392
3861,0.300032
3862,0.317440
3863,0.306176
3864,0.291840
3865,0.308224
3866,0.302080
3867,0.300032
3868,0.310272
3869,0.306176
3870,0.304128
3871,0.305152
3872,0.296960
3873,0.311296
3874,0.297984
3875,0.306176
3876,0.291840
3877,0.301056
3878,0.316416
3879,0.297984
3880,0.315392
3881,0.290816
3882,0.297984
3883,0.297984
3884,0.301056
3885,0.306176
3886,0.303104
3887,0.309248
3888,0.306176
3889,0.317440
3890,0.292864
3891,0.300032
3892,0.291840
3893,0.300032
3894,0.306176
3895,0.316416
3896,0.301056
3897,0.315392
3898,0.306176
3899,0.293888
3900,0.303104
3901,0.292864
3902,0.299008
3903,0.305152
3904,0.302080
3905,0.299008
3906,0.301056
3907,0.291840
3908,0.297984
3909,0.321536
3910,0.292864
3911,0.300032
3912,0.301056
3913,0.301056
3914,0.286720
3915,0.305152
3916,0.306176
3917,0.314368
3918,0.316416
3919,0.300032
3920,0.314368
3921,0.297984
3922,0.294912
3923,0.311296
3924,0.296960
3925,0.312320
3926,0.309248
3927,0.296960
3928,0.300032
3929,0.302080
3930,0.307200
3931,0.306176
3932,0.308224
3933,0.293888
3934,0.304128
3935,0.311296
3936,0.313344
3937,0.302080
3938,0.296960
3939,0.308224
3940,0.308224
3941,0.314368
3942,0.302080
3943,0.290816
3944,0.320512
3945,0.302080
3946,0.307200
3947,0.297984
3948,0.296960
3949,0.302080
3950,0.294912
3951,0.308224
3952,0.303104
3953,0.302080
3954,0.309248
3955,0.296960
3956,0.306176
3957,0.304128
3958,0.314368
3959,0.316416
3960,0.308224
3961,0.290816
3962,0.304128
3963,0.302080
3964,0.305152
3965,0.300032
3966,0.312320
3967,0.316416
3968,0.302080
3969,0.308224
3970,0.296960
3971,0.292864
3972,0.295936
3973,0.304128
3974,0.311296
3975,0.299008
3976,0.316416
3977,0.307200
3978,0.288768
3979,0.308224
3980,0.296960
3981,0.306176
3982,0.289792
3983,0.289792
3984,0.304128
3985,0.307200
3986,0.296960
3987,0.286720
3988,0.310272
3989,0.303104
3990,0.303104
3991,0.288768
3992,0.293888
3993,0.293888
3994,0.311296
3995,0.292864
3996,0.305152
3997,0.299008
3998,0.309248
3999,0.294912
4000,0.293888
4001,0.296960
4002,0.302080
4003,0.310272
4004,0.295936
4005,0.288768
4006,0.304128
4007,0.296960
4008,0.294912
4009,0.297984
4010,0.301056
4011,0.305152
4012,0.297984
4013,0.301056
4014,0.306176
4015,0.321536
4016,0.314368
4017,0.294912
4018,0.296960
4019,0.307200
4020,0.303104
4021,0.293888
4022,0.292864
4023,0.290816
4024,0.299008
4025,0.297984
4026,0.305152
4027,0.302080
4028,0.300032
4029,0.305152
4030,0.299008
4031,0.313344
4032,0.315392
4033,0.304128
4034,0.295936
4035,0.302080
4036,0.436224
4037,0.299008
4038,0.258048
4039,0.290816
4040,0.301056
4041,0.296960
4042,0.294912
4043,0.294912
4044,0.303104
4045,0.302080
4046,0.296960
4047,0.305152
4048,0.292864
4049,0.291840
4050,0.305152
4051,0.304128
4052,0.299008
4053,0.316416
4054,0.305152
4055,0.471040
4056,0.303104
4057,0.303104
4058,0.306176
4059,0.296960
4060,0.303104
4061,0.310272
4062,0.304128
4063,0.311296
4064,0.305152
4065,0.303104
4066,0.294912
4067,0.290816
4068,0.304128
4069,0.312320
4070,0.303104
4071,0.294912
4072,0.302080
4073,0.314368
4074,0.308224
4075,0.307200
4076,0.305152
4077,0.295936
4078,0.307200
4079,0.301056
4080,0.308224
4081,0.311296
4082,0.297984
4083,0.303104
4084,0.302080
4085,0.296960
4086,0.302080
4087,0.312320
4088,0.308224
4089,0.310272
4090,0.310272
4091,0.295936
4092,0.308224
4093,0.309248
4094,0.312320
4095,0.297984
4096,0.315392
4097,0.307200
4098,0.308224
4099,0.308224
4100,0.305152
4101,0.294912
4102,0.306176
4103,0.310272
4104,0.296960
4105,0.317440
4106,0.295936
4107,0.294912
4108,0.320512
4109,0.296960
4110,0.304128
4111,0.296960
4112,0.302080
4113,0.304128
4114,0.300032
4115,0.300032
4116,0.308224
4117,0.293888
4118,0.307200
4119,0.296960
4120,0.295936
4121,0.294912
4122,0.310272
4123,0.311296
4124,0.303104
4125,0.306176
4126,0.303104
4127,0.297984
4128,0.303104
4129,0.299008
4130,0.292864
4131,0.293888
4132,0.307200
4133,0.316416
4134,0.307200
4135,0.291840
4136,0.300032
4137,0.299008
4138,0.310272
4139,0.311296
4140,0.294912
4141,0.289792
4142,0.310272
4143,0.297984
4144,0.304128
4145,0.300032
4146,0.316416
4147,0.304128
4148,0.296960
4149,0.315392
4150,0.293888
4151,0.303104
4152,0.308224
4153,0.317440
4154,0.306176
4155,0.304128
4156,0.296960
4157,0.316416
4158,0.303104
4159,0.302080
4160,0.303104
4161,0.297984
4162,0.300032
4163,0.294912
4164,0.303104
4165,0.306176
4166,0.305152
4167,0.308224
4168,0.310272
4169,0.306176
4170,0.291840
4171,0.287744
4172,0.294912
4173,0.312320
4174,0.303104
4175,0.290816
4176,0.300032
4177,0.306176
4178,0.285696
4179,0.288768
4180,0.311296
4181,0.291840
4182,0.307200
4183,0.308224
4184,0.291840
4185,0.309248
4186,0.306176
4187,0.317440
4188,0.290816
4189,0.316416
4190,0.310272
4191,0.317440
4192,0.289792
4193,0.304128
4194,0.314368
4195,0.304128
4196,0.292864
4197,0.307200
4198,0.313344
4199,0.315392
4200,0.320512
4201,0.304128
4202,0.308224
4203,0.308224
4204,0.307200
4205,0.309248
4206,0.286720
4207,0.313344
4208,0.296960
4209,0.285696
4210,0.299008
4211,0.301056
4212,0.310272
4213,0.283648
4214,0.293888
4215,0.297984
4216,0.305152
4217,0.305152
4218,0.308224
4219,0.304128
4220,0.305152
4221,0.301056
4222,0.305152
4223,0.297984
4224,0.301056
4225,0.303104
4226,0.304128
4227,0.295936
4228,0.290816
4229,0.323584
4230,0.315392
4231,0.308224
4232,0.297984
4233,0.297984
4234,0.301056
4235,0.300032
4236,0.302080
4237,0.301056
4238,0.309248
4239,0.307200
4240,0.315392
4241,0.314368
4242,0.313344
4243,0.310272
4244,0.311296
4245,0.300032
4246,0.299008
4247,0.319488
4248,0.310272
4249,0.314368
4250,0.313344
4251,0.314368
4252,0.317440
4253,0.292864
4254,0.304128
4255,0.316416
4256,0.308224
4257,0.299008
4258,0.303104
4259,0.310272
4260,0.291840
4261,0.295936
4262,0.281600
4263,0.303104
4264,0.304128
4265,0.310272
4266,0.303104
4267,0.292864
4268,0.317440
4269,0.319488
4270,0.307200
4271,0.301056
4272,0.299008
4273,0.304128
4274,0.294912
4275,0.293888
4276,0.308224
4277,0.309248
4278,0.303104
4279,0.299008
4280,0.307200
4281,0.296960
4282,0.310272
4283,0.294912
4284,0.305152
4285,0.306176
4286,0.316416
4287,0.293888
4288,0.304128
4289,0.289792
4290,0.311296
4291,0.297984
4292,0.304128
4293,0.305152
4294,0.319488
4295,0.307200
4296,0.302080
4297,0.306176
4298,0.295936
4299,0.310272
4300,0.304128
4301,0.296960
4302,0.316416
4303,0.299008
4304,0.292864
4305,0.314368
4306,0.302080
4307,0.303104
4308,0.318464
4309,0.302080
4310,0.292864
4311,0.310272
4312,0.296960
4313,0.300032
4314,0.302080
4315,0.313344
4316,0.305152
4317,0.297984
4318,0.308224
4319,0.303104
4320,0.317440
4321,0.314368
4322,0.286720
4323,0.305152
4324,0.288768
4325,0.305152
4326,0.302080
4327,0.300032
4328,0.312320
4329,0.306176
4330,0.304128
4331,0.304128
4332,0.299008
4333,0.304128
4334,0.318464
4335,0.308224
4336,0.303104
4337,0.297984
4338,0.304128
4339,0.290816
4340,0.294912
4341,0.304128
4342,0.316416
4343,0.303104
4344,0.313344
4345,0.290816
4346,0.291840
4347,0.305152
4348,0.291840
4349,0.301056
4350,0.303104
4351,0.311296
4352,0.307200
4353,0.302080
4354,0.308224
4355,0.293888
4356,0.297984
4357,0.304128
4358,0.314368
4359,0.306176
4360,0.309248
4361,0.319488
4362,0.304128
4363,0.303104
4364,0.308224
4365,0.291840
4366,0.305152
4367,0.314368
4368,0.284672
4369,0.441344
4370,0.304128
4371,0.284672
4372,0.299008
4373,0.314368
4374,0.311296
4375,0.304128
4376,0.307200
4377,0.288768
4378,0.304128
4379,0.312320
4380,0.288768
4381,0.309248
4382,0.280576
4383,0.306176
4384,0.299008
4385,0.297984
4386,0.302080
4387,0.312320
4388,0.293888
4389,0.303104
4390,0.306176
4391,0.310272
4392,0.295936
4393,0.308224
4394,0.288768
4395,0.294912
4396,0.314368
4397,0.308224
4398,0.309248
4399,0.296960
4400,0.293888
4401,0.285696
4402,0.304128
4403,0.300032
4404,0.302080
4405,0.310272
4406,0.288768
4407,0.308224
4408,0.313344
4409,0.304128
4410,0.310272
4411,0.293888
4412,0.302080
4413,0.307200
4414,0.306176
4415,0.304128
4416,0.283648
4417,0.302080
4418,0.305152
4419,0.300032
4420,0.295936
4421,0.285696
4422,0.304128
4423,0.295936
4424,0.295936
4425,0.299008
4426,0.321536
4427,0.314368
4428,0.291840
4429,0.307200
4430,0.313344
4431,0.302080
4432,0.304128
4433,0.296960
4434,0.306176
4435,0.305152
4436,0.306176
4437,0.292864
4438,0.312320
4439,0.311296
4440,0.297984
4441,0.310272
4442,0.303104
4443,0.300032
4444,0.297984
4445,0.297984
4446,0.313344
4447,0.299008
4448,0.300032
4449,0.309248
4450,0.300032
4451,0.302080
4452,0.304128
4453,0.318464
4454,0.307200
4455,0.304128
4456,0.297984
4457,0.283648
4458,0.309248
4459,0.307200
4460,0.303104
4461,0.292864
4462,0.310272
4463,0.305152
4464,0.302080
4465,0.317440
4466,0.314368
4467,0.302080
4468,0.300032
4469,0.308224
4470,0.310272
4471,0.303104
4472,0.293888
4473,0.290816
4474,0.316416
4475,0.315392
4476,0.308224
4477,0.289792
4478,0.300032
4479,0.308224
4480,0.295936
4481,0.300032
4482,0.304128
4483,0.289792
4484,0.290816
4485,0.293888
4486,0.283648
4487,0.300032
4488,0.291840
4489,0.312320
4490,0.305152
4491,0.313344
4492,0.290816
4493,0.305152
4494,0.309248
4495,0.301056
4496,0.302080
4497,0.301056
4498,0.290816
4499,0.314368
4500,0.293888
4501,0.308224
4502,0.294912
4503,0.295936
4504,0.297984
4505,0.297984
4506,0.296960
4507,0.306176
4508,0.300032
4509,0.296960
4510,0.301056
4511,0.315392
4512,0.312320
4513,0.290816
4514,0.293888
4515,0.291840
4516,0.301056
4517,0.300032
4518,0.327680
4519,0.299008
4520,0.306176
4521,0.305152
4522,0.309248
4523,0.295936
4524,0.315392
4525,0.295936
4526,0.293888
4527,0.295936
4528,0.303104
4529,0.299008
4530,0.295936
4531,0.301056
4532,0.299008
4533,0.307200
4534,0.296960
4535,0.314368
4536,0.290816
4537,0.302080
4538,0.299008
4539,0.300032
4540,0.308224
4541,0.312320
4542,0.312320
4543,0.296960
4544,0.300032
4545,0.296960
4546,0.306176
4547,0.304128
4548,0.290816
4549,0.289792
4550,0.299008
4551,0.301056
4552,0.290816
4553,0.309248
4554,0.307200
4555,0.302080
4556,0.313344
4557,0.307200
4558,0.311296
4559,0.300032
4560,0.305152
4561,0.311296
4562,0.300032
4563,0.294912
4564,0.302080
4565,0.302080
4566,0.299008
4567,0.307200
4568,0.300032
4569,0.309248
4570,0.308224
4571,0.297984
4572,0.305152
4573,0.288768
4574,0.313344
4575,0.302080
4576,0.309248
4577,0.292864
4578,0.291840
4579,0.304128
4580,0.292864
4581,0.306176
4582,0.310272
4583,0.303104
4584,0.319488
4585,0.296960
4586,0.288768
4587,0.296960
4588,0.309248
4589,0.296960
4590,0.306176
4591,0.302080
4592,0.297984
4593,0.301056
4594,0.296960
4595,0.303104
4596,0.308224
4597,0.320512
4598,0.288768
4599,0.300032
4600,0.293888
4601,0.288768
4602,0.311296
4603,0.283648
4604,0.292864
4605,0.310272
4606,0.313344
4607,0.311296
4608,0.299008
4609,0.305152
4610,0.303104
4611,0.304128
4612,0.311296
4613,0.296960
4614,0.262144
4615,0.268288
4616,0.281600
4617,0.279552
4618,0.289792
4619,0.278528
4620,0.284672
4621,0.267264
4622,0.294912
4623,0.484352
4624,0.303104
4625,0.291840
4626,0.301056
4627,0.301056
4628,0.303104
4629,0.295936
4630,0.301056
4631,0.309248
4632,0.303104
4633,0.296960
4634,0.319488
4635,0.316416
4636,0.301056
4637,0.295936
4638,0.306176
4639,0.302080
4640,0.294912
4641,0.289792
4642,0.294912
4643,0.302080
4644,0.289792
4645,0.301056
4646,0.304128
4647,0.293888
4648,0.297984
4649,0.299008
4650,0.290816
4651,0.303104
4652,0.296960
4653,0.320512
4654,0.294912
4655,0.301056
4656,0.312320
4657,0.289792
4658,0.295936
4659,0.301056
4660,0.291840
4661,0.307200
4662,0.306176
4663,0.303104
4664,0.309248
4665,0.326656
4666,0.308224
4667,0.302080
4668,0.307200
4669,0.296960
4670,0.302080
4671,0.297984
4672,0.319488
4673,0.313344
4674,0.305152
4675,0.291840
4676,0.296960
4677,0.309248
4678,0.323584
4679,0.317440
4680,0.301056
4681,0.299008
4682,0.301056
4683,0.296960
4684,0.315392
4685,0.309248
4686,0.318464
4687,0.313344
4688,0.301056
4689,0.303104
4690,0.287744
4691,0.316416
4692,0.315392
4693,0.304128
4694,0.312320
4695,0.308224
4696,0.305152
4697,0.307200
4698,0.295936
4699,0.302080
4700,0.303104
4701,0.294912
4702,0.310272
4703,0.309248
4704,0.304128
4705,0.305152
4706,0.309248
4707,0.302080
4708,0.284672
4709,0.304128
4710,0.313344
4711,0.305152
4712,0.300032
4713,0.302080
4714,0.301056
4715,0.304128
4716,0.296960
4717,0.305152
4718,0.294912
4719,0.304128
4720,0.299008
4721,0.295936
4722,0.297984
4723,0.305152
4724,0.304128
4725,0.299008
4726,0.300032
4727,0.320512
4728,0.293888
4729,0.295936
4730,0.302080
4731,0.305152
4732,0.293888
4733,0.313344
4734,0.304128
4735,0.310272
4736,0.274432
4737,0.294912
4738,0.300032
4739,0.306176
4740,0.303104
4741,0.306176
4742,0.314368
4743,0.302080
4744,0.311296
4745,0.293888
4746,0.297984
4747,0.306176
4748,0.286720
4749,0.309248
4750,0.291840
4751,0.316416
4752,0.292864
4753,0.300032
4754,0.295936
4755,0.307200
4756,0.297984
4757,0.299008
4758,0.295936
4759,0.308224
4760,0.308224
4761,0.302080
4762,0.290816
4763,0.296960
4764,0.297984
4765,0.301056
4766,0.302080
4767,0.309248
4768,0.315392
4769,0.289792
4770,0.303104
4771,0.301056
4772,0.306176
4773,0.297984
4774,0.310272
4775,0.295936
4776,0.320512
4777,0.311296
4778,0.300032
4779,0.308224
4780,0.289792
4781,0.305152
4782,0.305152
4783,0.295936
4784,0.302080
4785,0.307200
4786,0.296960
4787,0.313344
4788,0.323584
4789,0.286720
4790,0.309248
4791,0.306176
4792,0.303104
4793,0.294912
4794,0.305152
4795,0.301056
4796,0.314368
4797,0.297984
4798,0.308224
4799,0.305152
4800,0.305152
4801,0.294912
4802,0.303104
4803,0.307200
4804,0.297984
4805,0.311296
4806,0.289792
4807,0.302080
4808,0.306176
4809,0.297984
4810,0.307200
4811,0.304128
4812,0.297984
4813,0.307200
4814,0.300032
4815,0.303104
4816,0.295936
4817,0.290816
4818,0.292864
4819,0.300032
4820,0.299008
4821,0.302080
4822,0.303104
4823,0.305152
4824,0.294912
4825,0.296960
4826,0.303104
4827,0.300032
4828,0.321536
4829,0.303104
4830,0.304128
4831,0.305152
4832,0.301056
4833,0.308224
4834,0.299008
4835,0.299008
4836,0.305152
4837,0.317440
4838,0.300032
4839,0.312320
4840,0.303104
4841,0.292864
4842,0.306176
4843,0.306176
4844,0.305152
4845,0.302080
4846,0.285696
4847,0.304128
4848,0.307200
4849,0.294912
4850,0.292864
4851,0.302080
4852,0.297984
4853,0.301056
4854,0.319488
4855,0.299008
4856,0.295936
4857,0.304128
4858,0.310272
4859,0.293888
4860,0.296960
4861,0.310272
4862,0.300032
4863,0.307200
4864,0.308224
4865,0.293888
4866,0.303104
4867,0.311296
4868,0.305152
4869,0.317440
4870,0.291840
4871,0.302080
4872,0.309248
4873,0.305152
4874,0.302080
4875,0.302080
4876,0.308224
4877,0.306176
4878,0.303104
4879,0.311296
4880,0.320512
4881,0.297984
4882,0.297984
4883,0.304128
4884,0.293888
4885,0.310272
4886,0.313344
4887,0.317440
4888,0.312320
4889,0.310272
4890,0.296960
4891,0.303104
4892,0.308224
4893,0.294912
4894,0.294912
4895,0.319488
4896,0.313344
4897,0.293888
4898,0.308224
4899,0.311296
4900,0.319488
4901,0.297984
4902,0.310272
4903,0.307200
4904,0.303104
4905,0.304128
4906,0.307200
4907,0.304128
4908,0.291840
4909,0.303104
4910,0.301056
4911,0.312320
4912,0.302080
4913,0.314368
4914,0.292864
4915,0.306176
4916,0.290816
4917,0.294912
4918,0.300032
4919,0.296960
4920,0.300032
4921,0.307200
4922,0.301056
4923,0.302080
4924,0.306176
4925,0.322560
4926,0.303104
4927,0.303104
4928,0.312320
4929,0.325632
4930,0.295936
4931,0.304128
4932,0.304128
4933,0.294912
4934,0.289792
4935,0.302080
4936,0.292864
4937,0.293888
4938,0.362496
4939,0.309248
4940,0.306176
4941,0.407552
4942,0.316416
4943,0.303104
4944,0.310272
4945,0.299008
4946,0.294912
4947,0.307200
4948,0.309248
4949,0.297984
4950,0.296960
4951,0.301056
4952,0.306176
4953,0.292864
4954,0.319488
4955,0.281600
4956,0.304128
4957,0.312320
4958,0.321536
4959,0.310272
4960,0.311296
4961,0.293888
4962,0.313344
4963,0.291840
4964,0.301056
4965,0.301056
4966,0.294912
4967,0.313344
4968,0.285696
4969,0.305152
4970,0.302080
4971,0.301056
4972,0.291840
4973,0.315392
4974,0.292864
4975,0.305152
4976,0.308224
4977,0.304128
4978,0.290816
4979,0.309248
4980,0.292864
4981,0.305152
4982,0.297984
4983,0.289792
4984,0.310272
4985,0.293888
4986,0.287744
4987,0.319488
4988,0.305152
4989,0.314368
4990,0.313344
4991,0.309248
4992,0.294912
4993,0.299008
4994,0.297984
4995,0.304128
4996,0.308224
4997,0.311296
4998,0.295936
4999,0.304128
5000,0.310272
5001,0.302080
5002,0.304128
5003,0.299008
5004,0.285696
5005,0.299008
5006,0.290816
5007,0.304128
5008,0.302080
5009,0.299008
5010,0.297984
5011,0.299008
5012,0.303104
5013,0.293888
5014,0.300032
5015,0.323584
5016,0.299008
5017,0.302080
5018,0.304128
5019,0.308224
5020,0.293888
5021,0.313344
5022,0.289792
5023,0.302080
5024,0.305152
5025,0.307200
5026,0.312320
5027,0.302080
5028,0.308224
5029,0.299008
5030,0.301056
5031,0.297984
5032,0.318464
5033,0.306176
5034,0.310272
5035,0.296960
5036,0.287744
5037,0.308224
5038,0.303104
5039,0.322560
5040,0.293888
5041,0.300032
5042,0.312320
5043,0.306176
5044,0.292864
5045,0.307200
5046,0.313344
5047,0.306176
5048,0.294912
5049,0.307200
5050,0.285696
5051,0.314368
5052,0.288768
5053,0.314368
5054,0.292864
5055,0.305152
5056,0.300032
5057,0.302080
5058,0.311296
5059,0.288768
5060,0.294912
5061,0.319488
5062,0.310272
5063,0.299008
5064,0.306176
5065,0.304128
5066,0.307200
5067,0.301056
5068,0.301056
5069,0.301056
5070,0.293888
5071,0.300032
5072,0.295936
5073,0.303104
5074,0.309248
5075,0.305152
5076,0.304128
5077,0.296960
5078,0.318464
5079,0.304128
5080,0.295936
5081,0.297984
5082,0.302080
5083,0.308224
5084,0.303104
5085,0.296960
5086,0.295936
5087,0.296960
5088,0.303104
5089,0.302080
5090,0.313344
5091,0.296960
5092,0.308224
5093,0.303104
5094,0.292864
5095,0.288768
5096,0.307200
5097,0.308224
5098,0.303104
5099,0.304128
5100,0.307200
5101,0.294912
5102,0.312320
5103,0.296960
5104,0.311296
5105,0.313344
5106,0.295936
5107,0.309248
5108,0.316416
5109,0.310272
5110,0.289792
5111,0.295936
5112,0.295936
5113,0.309248
5114,0.301056
5115,0.305152
5116,0.316416
5117,0.310272
5118,0.319488
5119,0.300032
5120,0.295936
5121,0.289792
5122,0.287744
5123,0.303104
5124,0.295936
5125,0.305152
5126,0.295936
5127,0.301056
5128,0.310272
5129,0.314368
5130,0.283648
5131,0.282624
5132,0.309248
5133,0.301056
5134,0.288768
5135,0.297984
5136,0.300032
5137,0.306176
5138,0.297984
5139,0.289792
5140,0.299008
5141,0.294912
5142,0.293888
5143,0.292864
5144,0.322560
5145,0.318464
5146,0.306176
5147,0.294912
5148,0.295936
5149,0.297984
5150,0.305152
5151,0.306176
5152,0.307200
5153,0.317440
5154,0.302080
5155,0.295936
5156,0.299008
5157,0.307200
5158,0.293888
5159,0.303104
5160,0.305152
5161,0.308224
5162,0.306176
5163,0.308224
5164,0.295936
5165,0.297984
5166,0.311296
5167,0.303104
5168,0.303104
5169,0.295936
5170,0.305152
5171,0.293888
5172,0.305152
5173,0.300032
5174,0.303104
5175,0.305152
5176,0.302080
5177,0.307200
5178,0.300032
5179,0.303104
5180,0.294912
5181,0.318464
5182,0.302080
5183,0.286720
5184,0.303104
5185,0.306176
5186,0.295936
5187,0.311296
5188,0.311296
5189,0.306176
5190,0.303104
5191,0.304128
5192,0.295936
5193,0.306176
5194,0.304128
5195,0.302080
5196,0.299008
5197,0.296960
5198,0.320512
5199,0.308224
5200,0.303104
5201,0.290816
5202,0.303104
5203,0.310272
5204,0.308224
5205,0.315392
5206,0.295936
5207,0.304128
5208,0.299008
5209,0.312320
5210,0.310272
5211,0.295936
5212,0.306176
5213,0.300032
5214,0.291840
5215,0.313344
5216,0.305152
5217,0.311296
5218,0.309248
5219,0.309248
5220,0.321536
5221,0.302080
5222,0.308224
5223,0.305152
5224,0.303104
5225,0.296960
5226,0.295936
5227,0.302080
5228,0.302080
5229,0.299008
5230,0.301056
5231,0.302080
5232,0.293888
5233,0.305152
5234,0.292864
5235,0.305152
5236,0.297984
5237,0.315392
5238,0.293888
5239,0.303104
5240,0.292864
5241,0.309248
5242,0.309248
5243,0.309248
5244,0.312320
5245,0.294912
5246,0.302080
5247,0.301056
5248,0.308224
5249,0.289792
5250,0.292864
5251,0.299008
5252,0.306176
5253,0.301056
5254,0.310272
5255,0.299008
5256,0.502784
5257,0.292864
5258,0.288768
5259,0.304128
5260,0.305152
5261,0.302080
5262,0.306176
5263,0.300032
5264,0.307200
5265,0.297984
5266,0.297984
5267,0.301056
5268,0.306176
5269,0.292864
5270,0.306176
5271,0.304128
5272,0.294912
5273,0.307200
5274,0.310272
5275,0.281600
5276,0.308224
5277,0.315392
5278,0.301056
5279,0.318464
5280,0.299008
5281,0.291840
5282,0.293888
5283,0.279552
5284,0.317440
5285,0.296960
5286,0.307200
5287,0.314368
5288,0.305152
5289,0.307200
5290,0.311296
5291,0.312320
5292,0.302080
5293,0.318464
5294,0.301056
5295,0.270336
5296,0.291840
5297,0.326656
5298,0.289792
5299,0.300032
5300,0.300032
5301,0.293888
5302,0.295936
5303,0.308224
5304,0.306176
5305,0.294912
5306,0.293888
5307,0.305152
5308,0.288768
5309,0.307200
5310,0.310272
5311,0.293888
5312,0.311296
5313,0.307200
5314,0.306176
5315,0.302080
5316,0.308224
5317,0.285696
5318,0.314368
5319,0.305152
5320,0.297984
5321,0.294912
5322,0.296960
5323,0.301056
5324,0.304128
5325,0.315392
5326,0.314368
5327,0.299008
5328,0.299008
5329,0.301056
5330,0.303104
5331,0.301056
5332,0.304128
5333,0.311296
5334,0.296960
5335,0.295936
5336,0.308224
5337,0.317440
5338,0.300032
5339,0.299008
5340,0.312320
5341,0.312320
5342,0.307200
5343,0.285696
5344,0.296960
5345,0.292864
5346,0.318464
5347,0.308224
5348,0.301056
5349,0.310272
5350,0.291840
5351,0.313344
5352,0.296960
5353,0.309248
5354,0.301056
5355,0.303104
5356,0.305152
5357,0.311296
5358,0.303104
5359,0.300032
5360,0.295936
5361,0.299008
5362,0.307200
5363,0.296960
5364,0.303104
5365,0.302080
5366,0.303104
5367,0.303104
5368,0.309248
5369,0.299008
5370,0.309248
5371,0.299008
5372,0.312320
5373,0.306176
5374,0.309248
5375,0.315392
5376,0.305152
5377,0.292864
5378,0.315392
5379,0.306176
5380,0.312320
5381,0.308224
5382,0.307200
5383,0.315392
5384,0.291840
5385,0.306176
5386,0.302080
5387,0.296960
5388,0.292864
5389,0.312320
5390,0.303104
5391,0.308224
5392,0.295936
5393,0.303104
5394,0.297984
5395,0.303104
5396,0.300032
5397,0.301056
5398,0.304128
5399,0.305152
5400,0.310272
5401,0.299008
5402,0.302080
5403,0.290816
5404,0.292864
5405,0.316416
5406,0.310272
5407,0.291840
5408,0.303104
5409,0.315392
5410,0.296960
5411,0.301056
5412,0.300032
5413,0.309248
5414,0.305152
5415,0.307200
5416,0.311296
5417,0.312320
5418,0.303104
5419,0.311296
5420,0.296960
5421,0.309248
5422,0.300032
5423,0.308224
5424,0.306176
5425,0.300032
5426,0.317440
5427,0.304128
5428,0.299008
5429,0.308224
5430,0.290816
5431,0.308224
5432,0.304128
5433,0.324608
5434,0.307200
5435,0.302080
5436,0.299008
5437,0.302080
5438,0.302080
5439,0.294912
5440,0.297984
5441,0.289792
5442,0.302080
5443,0.302080
5444,0.315392
5445,0.292864
5446,0.311296
5447,0.306176
5448,0.305152
5449,0.291840
5450,0.307200
5451,0.306176
5452,0.297984
5453,0.306176
5454,0.304128
5455,0.306176
5456,0.303104
5457,0.299008
5458,0.287744
5459,0.314368
5460,0.295936
5461,0.294912
5462,0.303104
5463,0.295936
5464,0.307200
5465,0.314368
5466,0.294912
5467,0.306176
5468,0.295936
5469,0.302080
5470,0.293888
5471,0.305152
5472,0.295936
5473,0.307200
5474,0.308224
5475,0.306176
5476,0.303104
5477,0.312320
5478,0.296960
5479,0.307200
5480,0.301056
5481,0.308224
5482,0.290816
5483,0.303104
5484,0.290816
5485,0.296960
5486,0.311296
5487,0.308224
5488,0.290816
5489,0.311296
5490,0.314368
5491,0.306176
5492,0.289792
5493,0.310272
5494,0.310272
5495,0.293888
5496,0.302080
5497,0.310272
5498,0.303104
5499,0.308224
5500,0.308224
5501,0.306176
5502,0.306176
5503,0.301056
5504,0.308224
5505,0.291840
5506,0.297984
5507,0.301056
5508,0.295936
5509,0.321536
5510,0.309248
5511,0.299008
5512,0.308224
5513,0.301056
5514,0.304128
5515,0.308224
5516,0.294912
5517,0.292864
5518,0.295936
5519,0.291840
5520,0.303104
5521,0.307200
5522,0.304128
5523,0.297984
5524,0.287744
5525,0.306176
5526,0.308224
5527,0.304128
5528,0.301056
5529,0.305152
5530,0.300032
5531,0.295936
5532,0.304128
5533,0.302080
5534,0.310272
5535,0.284672
5536,0.285696
5537,0.285696
5538,0.285696
5539,0.281600
5540,0.280576
5541,0.307200
5542,0.301056
5543,0.310272
5544,0.328704
5545,0.307200
5546,0.312320
5547,0.285696
5548,0.308224
5549,0.314368
5550,0.301056
5551,0.303104
5552,0.316416
5553,0.307200
5554,0.303104
5555,0.296960
5556,0.299008
5557,0.304128
5558,0.310272
5559,0.295936
5560,0.313344
5561,0.310272
5562,0.311296
5563,0.313344
5564,0.301056
5565,0.289792
5566,0.307200
5567,0.284672
5568,0.302080
5569,0.301056
5570,0.297984
5571,0.307200
5572,0.320512
5573,0.308224
5574,0.305152
5575,0.308224
5576,0.301056
5577,0.396288
5578,0.294912
5579,0.286720
5580,0.292864
5581,0.310272
5582,0.313344
5583,0.308224
5584,0.315392
5585,0.318464
5586,0.316416
5587,0.295936
5588,0.289792
5589,0.311296
5590,0.307200
5591,0.302080
5592,0.303104
5593,0.313344
5594,0.293888
5595,0.302080
5596,0.304128
5597,0.299008
5598,0.305152
5599,0.296960
5600,0.302080
5601,0.295936
5602,0.296960
5603,0.306176
5604,0.308224
5605,0.302080
5606,0.285696
5607,0.312320
5608,0.297984
5609,0.299008
5610,0.296960
5611,0.303104
5612,0.301056
5613,0.305152
5614,0.296960
5615,0.308224
5616,0.315392
5617,0.295936
5618,0.300032
5619,0.312320
5620,0.296960
5621,0.310272
5622,0.302080
5623,0.304128
5624,0.291840
5625,0.314368
5626,0.294912
5627,0.288768
5628,0.296960
5629,0.307200
5630,0.322560
5631,0.297984
5632,0.311296
5633,0.311296
5634,0.312320
5635,0.308224
5636,0.297984
5637,0.311296
5638,0.309248
5639,0.291840
5640,0.300032
5641,0.303104
5642,0.297984
5643,0.306176
5644,0.305152
5645,0.312320
5646,0.287744
5647,0.313344
5648,0.297984
5649,0.305152
5650,0.302080
5651,0.299008
5652,0.296960
5653,0.301056
5654,0.308224
5655,0.299008
5656,0.303104
5657,0.301056
5658,0.299008
5659,0.315392
5660,0.309248
5661,0.300032
5662,0.295936
5663,0.312320
5664,0.316416
5665,0.303104
5666,0.302080
5667,0.302080
5668,0.292864
5669,0.301056
5670,0.293888
5671,0.297984
5672,0.295936
5673,0.291840
5674,0.307200
5675,0.307200
5676,0.302080
5677,0.299008
5678,0.309248
5679,0.312320
5680,0.309248
5681,0.296960
5682,0.311296
5683,0.306176
5684,0.289792
5685,0.302080
5686,0.312320
5687,0.294912
5688,0.317440
5689,0.304128
5690,0.304128
5691,0.309248
5692,0.304128
5693,0.316416
5694,0.304128
5695,0.306176
5696,0.307200
5697,0.296960
5698,0.307200
5699,0.300032
5700,0.299008
5701,0.302080
5702,0.296960
5703,0.317440
5704,0.306176
5705,0.297984
5706,0.293888
5707,0.308224
5708,0.297984
5709,0.297984
5710,0.305152
5711,0.301056
5712,0.310272
5713,0.291840
5714,0.302080
5715,0.311296
5716,0.312320
5717,0.302080
5718,0.299008
5719,0.309248
5720,0.314368
5721,0.306176
5722,0.294912
5723,0.295936
5724,0.309248
5725,0.315392
5726,0.296960
5727,0.299008
5728,0.300032
5729,0.296960
5730,0.305152
5731,0.301056
5732,0.304128
5733,0.308224
5734,0.307200
5735,0.302080
5736,0.304128
5737,0.311296
5738,0.311296
5739,0.295936
5740,0.317440
5741,0.303104
5742,0.293888
5743,0.313344
5744,0.316416
5745,0.295936
5746,0.317440
5747,0.279552
5748,0.308224
5749,0.310272
5750,0.294912
5751,0.311296
5752,0.281600
5753,0.308224
5754,0.303104
5755,0.307200
5756,0.304128
5757,0.310272
5758,0.303104
5759,0.302080
5760,0.305152
5761,0.304128
5762,0.308224
5763,0.299008
5764,0.297984
5765,0.303104
5766,0.300032
5767,0.305152
5768,0.303104
5769,0.304128
5770,0.300032
5771,0.304128
5772,0.310272
5773,0.302080
5774,0.304128
5775,0.294912
5776,0.291840
5777,0.295936
5778,0.308224
5779,0.289792
5780,0.312320
5781,0.291840
5782,0.291840
5783,0.301056
5784,0.305152
5785,0.303104
5786,0.304128
5787,0.301056
5788,0.314368
5789,0.306176
5790,0.305152
5791,0.305152
5792,0.312320
5793,0.304128
5794,0.312320
5795,0.308224
5796,0.313344
5797,0.307200
5798,0.312320
5799,0.304128
5800,0.305152
5801,0.292864
5802,0.310272
5803,0.300032
5804,0.299008
5805,0.300032
5806,0.311296
5807,0.296960
5808,0.313344
5809,0.301056
5810,0.318464
5811,0.313344
5812,0.292864
5813,0.315392
5814,0.294912
5815,0.287744
5816,0.282624
5817,0.290816
5818,0.290816
5819,0.276480
5820,0.464896
5821,0.278528
5822,0.285696
5823,0.288768
5824,0.290816
5825,0.299008
5826,0.306176
5827,0.311296
5828,0.301056
5829,0.303104
5830,0.302080
5831,0.295936
5832,0.305152
5833,0.292864
5834,0.306176
5835,0.293888
5836,0.308224
5837,0.300032
5838,0.296960
5839,0.309248
5840,0.291840
5841,0.291840
5842,0.292864
5843,0.311296
5844,0.318464
5845,0.317440
5846,0.303104
5847,0.297984
5848,0.307200
5849,0.322560
5850,0.311296
5851,0.309248
5852,0.309248
5853,0.317440
5854,0.305152
5855,0.300032
5856,0.308224
5857,0.299008
5858,0.310272
5859,0.314368
5860,0.309248
5861,0.309248
5862,0.299008
5863,0.311296
5864,0.299008
5865,0.300032
5866,0.311296
5867,0.313344
5868,0.294912
5869,0.313344
5870,0.309248
5871,0.313344
5872,0.320512
5873,0.301056
5874,0.308224
5875,0.290816
5876,0.306176
5877,0.302080
5878,0.310272
5879,0.307200
5880,0.308224
5881,0.297984
5882,0.305152
5883,0.296960
5884,0.302080
5885,0.300032
5886,0.315392
5887,0.312320
5888,0.311296
5889,0.300032
5890,0.309248
5891,0.296960
5892,0.304128
5893,0.313344
5894,0.300032
5895,0.312320
5896,0.310272
5897,0.295936
5898,0.296960
5899,0.301056
5900,0.314368
5901,0.313344
5902,0.295936
5903,0.304128
5904,0.323584
5905,0.320512
5906,0.322560
5907,0.300032
5908,0.303104
5909,0.300032
5910,0.299008
5911,0.296960
5912,0.294912
5913,0.308224
5914,0.288768
5915,0.288768
5916,0.285696
5917,0.295936
5918,0.281600
5919,0.288768
5920,0.284672
5921,0.314368
5922,0.300032
5923,0.309248
5924,0.313344
5925,0.303104
5926,0.308224
5927,0.305152
5928,0.318464
5929,0.309248
5930,0.309248
5931,0.297984
5932,0.299008
5933,0.310272
5934,0.304128
5935,0.304128
5936,0.300032
5937,0.306176
5938,0.297984
5939,0.301056
5940,0.305152
5941,0.299008
5942,0.294912
5943,0.317440
5944,0.296960
5945,0.313344
5946,0.285696
5947,0.320512
5948,0.297984
5949,0.312320
5950,0.310272
5951,0.311296
5952,0.292864
5953,0.302080
5954,0.302080
5955,0.320512
5956,0.314368
5957,0.316416
5958,0.304128
5959,0.307200
5960,0.311296
5961,0.304128
5962,0.300032
5963,0.320512
5964,0.303104
5965,0.323584
5966,0.317440
5967,0.307200
5968,0.295936
5969,0.300032
5970,0.300032
5971,0.310272
5972,0.312320
5973,0.312320
5974,0.273408
5975,0.301056
5976,0.302080
5977,0.414720
5978,0.307200
5979,0.305152
5980,0.309248
5981,0.315392
5982,0.307200
5983,0.311296
5984,0.304128
5985,0.310272
5986,0.305152
5987,0.290816
5988,0.306176
5989,0.300032
5990,0.306176
5991,0.314368
5992,0.304128
5993,0.315392
5994,0.294912
5995,0.300032
5996,0.325632
5997,0.303104
5998,0.320512
5999,0.302080
6000,0.295936
6001,0.303104
6002,0.297984
6003,0.297984
6004,0.309248
6005,0.297984
6006,0.312320
6007,0.311296
6008,0.301056
6009,0.307200
6010,0.318464
6011,0.315392
6012,0.304128
6013,0.309248
6014,0.307200
6015,0.301056
6016,0.317440
6017,0.293888
6018,0.297984
6019,0.313344
6020,0.307200
6021,0.317440
6022,0.306176
6023,0.303104
6024,0.307200
6025,0.303104
6026,0.300032
6027,0.314368
6028,0.305152
6029,0.320512
6030,0.310272
6031,0.306176
6032,0.304128
6033,0.318464
6034,0.306176
6035,0.309248
6036,0.300032
6037,0.290816
6038,0.291840
6039,0.304128
6040,0.319488
6041,0.307200
6042,0.311296
6043,0.302080
6044,0.313344
6045,0.305152
6046,0.309248
6047,0.308224
6048,0.315392
6049,0.310272
6050,0.306176
6051,0.291840
6052,0.305152
6053,0.305152
6054,0.312320
6055,0.316416
6056,0.314368
6057,0.309248
6058,0.293888
6059,0.307200
6060,0.314368
6061,0.297984
6062,0.301056
6063,0.306176
6064,0.293888
6065,0.305152
6066,0.312320
6067,0.306176
6068,0.305152
6069,0.313344
6070,0.314368
6071,0.312320
6072,0.301056
6073,0.308224
6074,0.302080
6075,0.307200
6076,0.308224
6077,0.306176
6078,0.304128
6079,0.305152
6080,0.325632
6081,0.306176
6082,0.300032
6083,0.313344
6084,0.307200
6085,0.313344
6086,0.308224
6087,0.310272
6088,0.326656
6089,0.306176
6090,0.295936
6091,0.303104
6092,0.299008
6093,0.312320
6094,0.310272
6095,0.315392
6096,0.311296
6097,0.297984
6098,0.307200
6099,0.314368
6100,0.299008
6101,0.305152
6102,0.301056
6103,0.312320
6104,0.305152
6105,0.307200
6106,0.301056
6107,0.304128
6108,0.301056
6109,0.308224
6110,0.307200
6111,0.301056
6112,0.315392
6113,0.305152
6114,0.305152
6115,0.311296
6116,0.324608
6117,0.312320
6118,0.311296
6119,0.320512
6120,0.318464
6121,0.312320
6122,0.306176
6123,0.311296
6124,0.307200
6125,0.317440
6126,0.317440
6127,0.295936
6128,0.309248
6129,0.305152
6130,0.312320
6131,0.302080
6132,0.302080
6133,0.295936
6134,0.325632
6135,0.315392
6136,0.308224
6137,0.301056
6138,0.296960
6139,0.302080
6140,0.318464
6141,0.290816
6142,0.304128
6143,0.306176
6144,0.313344
6145,0.304128
6146,0.299008
6147,0.309248
6148,0.305152
6149,0.303104
6150,0.303104
6151,0.307200
6152,0.308224
6153,0.306176
6154,0.301056
6155,0.290816
6156,0.312320
6157,0.300032
6158,0.305152
6159,0.297984
6160,0.311296
6161,0.319488
6162,0.307200
6163,0.302080
6164,0.324608
6165,0.318464
6166,0.306176
6167,0.313344
6168,0.303104
6169,0.321536
6170,0.312320
6171,0.307200
6172,0.290816
6173,0.305152
6174,0.296960
6175,0.310272
6176,0.304128
6177,0.306176
6178,0.296960
6179,0.312320
6180,0.309248
6181,0.308224
6182,0.301056
6183,0.302080
6184,0.310272
6185,0.299008
6186,0.305152
6187,0.309248
6188,0.305152
6189,0.303104
6190,0.301056
6191,0.307200
6192,0.306176
6193,0.303104
6194,0.301056
6195,0.306176
6196,0.308224
6197,0.312320
6198,0.318464
6199,0.312320
6200,0.311296
6201,0.300032
6202,0.304128
6203,0.313344
6204,0.294912
6205,0.295936
6206,0.305152
6207,0.303104
6208,0.306176
6209,0.307200
6210,0.306176
6211,0.309248
6212,0.314368
6213,0.306176
6214,0.315392
6215,0.296960
6216,0.305152
6217,0.306176
6218,0.311296
6219,0.295936
6220,0.302080
6221,0.304128
6222,0.314368
6223,0.297984
6224,0.321536
6225,0.311296
6226,0.313344
6227,0.301056
6228,0.303104
6229,0.300032
6230,0.304128
6231,0.323584
6232,0.307200
6233,0.305152
6234,0.291840
6235,0.300032
6236,0.314368
6237,0.296960
6238,0.297984
6239,0.305152
6240,0.325632
6241,0.305152
6242,0.308224
6243,0.313344
6244,0.310272
6245,0.307200
6246,0.304128
6247,0.310272
6248,0.310272
6249,0.323584
6250,0.305152
6251,0.310272
6252,0.291840
6253,0.309248
6254,0.301056
6255,0.306176
6256,0.312320
6257,0.303104
6258,0.315392
6259,0.297984
6260,0.318464
6261,0.310272
6262,0.290816
6263,0.286720
6264,0.303104
6265,0.302080
6266,0.305152
6267,0.315392
6268,0.309248
6269,0.310272
6270,0.311296
6271,0.290816
6272,0.310272
6273,0.305152
6274,0.301056
6275,0.297984
6276,0.299008
6277,0.301056
6278,0.305152
6279,0.293888
6280,0.304128
6281,0.301056
6282,0.296960
6283,0.303104
6284,0.328704
6285,0.314368
6286,0.310272
6287,0.309248
6288,0.319488
6289,0.401408
6290,0.301056
6291,0.300032
6292,0.320512
6293,0.311296
6294,0.309248
6295,0.314368
6296,0.302080
6297,0.311296
6298,0.324608
6299,0.309248
6300,0.299008
6301,0.315392
6302,0.315392
6303,0.309248
6304,0.308224
6305,0.311296
6306,0.307200
6307,0.300032
6308,0.307200
6309,0.308224
6310,0.301056
6311,0.306176
6312,0.297984
6313,0.326656
6314,0.308224
6315,0.300032
6316,0.313344
6317,0.304128
6318,0.313344
6319,0.308224
6320,0.299008
6321,0.315392
6322,0.300032
6323,0.305152
6324,0.302080
6325,0.308224
6326,0.313344
6327,0.302080
6328,0.306176
6329,0.299008
6330,0.310272
6331,0.300032
6332,0.302080
6333,0.303104
6334,0.307200
6335,0.300032
6336,0.311296
6337,0.299008
6338,0.305152
6339,0.304128
6340,0.312320
6341,0.317440
6342,0.293888
6343,0.323584
6344,0.308224
6345,0.309248
6346,0.303104
6347,0.303104
6348,0.302080
6349,0.303104
6350,0.312320
6351,0.303104
6352,0.303104
6353,0.300032
6354,0.309248
6355,0.303104
6356,0.308224
6357,0.314368
6358,0.311296
6359,0.299008
6360,0.299008
6361,0.300032
6362,0.315392
6363,0.311296
6364,0.296960
6365,0.317440
6366,0.314368
6367,0.313344
6368,0.296960
6369,0.305152
6370,0.305152
6371,0.305152
6372,0.312320
6373,0.311296
6374,0.310272
6375,0.302080
6376,0.321536
6377,0.308224
6378,0.316416
6379,0.294912
6380,0.311296
6381,0.301056
6382,0.308224
6383,0.305152
6384,0.309248
6385,0.301056
6386,0.292864
6387,0.314368
6388,0.318464
6389,0.313344
6390,0.303104
6391,0.295936
6392,0.322560
6393,0.306176
6394,0.306176
6395,0.312320
6396,0.307200
6397,0.304128
6398,0.308224
6399,0.308224
6400,0.321536
6401,0.299008
6402,0.311296
6403,0.302080
6404,0.299008
6405,0.318464
6406,0.300032
6407,0.307200
6408,0.301056
6409,0.313344
6410,0.314368
6411,0.313344
6412,0.304128
6413,0.302080
6414,0.306176
6415,0.305152
6416,0.311296
6417,0.301056
6418,0.315392
6419,0.312320
6420,0.297984
6421,0.314368
6422,0.302080
6423,0.303104
6424,0.296960
6425,0.296960
6426,0.290816
6427,0.305152
6428,0.307200
6429,0.300032
6430,0.294912
6431,0.306176
6432,0.287744
6433,0.301056
6434,0.301056
6435,0.306176
6436,0.302080
6437,0.313344
6438,0.303104
6439,0.314368
6440,0.297984
6441,0.311296
6442,0.308224
6443,0.293888
6444,0.306176
6445,0.301056
6446,0.295936
6447,0.321536
6448,0.305152
6449,0.315392
6450,0.304128
6451,0.312320
6452,0.308224
6453,0.319488
6454,0.287744
6455,0.317440
6456,0.302080
6457,0.299008
6458,0.316416
6459,0.308224
6460,0.296960
6461,0.315392
6462,0.301056
6463,0.310272
6464,0.307200
6465,0.299008
6466,0.317440
6467,0.311296
6468,0.301056
6469,0.295936
6470,0.310272
6471,0.305152
6472,0.299008
6473,0.304128
6474,0.308224
6475,0.288768
6476,0.312320
6477,0.304128
6478,0.296960
6479,0.307200
6480,0.320512
6481,0.281600
6482,0.304128
6483,0.313344
6484,0.307200
6485,0.312320
6486,0.306176
6487,0.305152
6488,0.304128
6489,0.307200
6490,0.297984
6491,0.302080
6492,0.304128
6493,0.314368
6494,0.303104
6495,0.310272
6496,0.305152
6497,0.297984
6498,0.303104
6499,0.294912
6500,0.307200
6501,0.300032
6502,0.297984
6503,0.303104
6504,0.309248
6505,0.302080
6506,0.309248
6507,0.310272
6508,0.319488
6509,0.319488
6510,0.308224
6511,0.295936
6512,0.306176
6513,0.311296
6514,0.305152
6515,0.317440
6516,0.304128
6517,0.303104
6518,0.306176
6519,0.288768
6520,0.313344
6521,0.302080
6522,0.307200
6523,0.313344
6524,0.314368
6525,0.307200
6526,0.306176
6527,0.286720
6528,0.300032
6529,0.313344
6530,0.309248
6531,0.308224
6532,0.295936
6533,0.319488
6534,0.315392
6535,0.304128
6536,0.301056
6537,0.317440
6538,0.308224
6539,0.308224
6540,0.299008
6541,0.306176
6542,0.315392
6543,0.304128
6544,0.304128
6545,0.300032
6546,0.307200
6547,0.299008
6548,0.308224
6549,0.312320
6550,0.322560
6551,0.311296
6552,0.311296
6553,0.299008
6554,0.305152
6555,0.312320
6556,0.302080
6557,0.301056
6558,0.299008
6559,0.302080
6560,0.305152
6561,0.321536
6562,0.310272
6563,0.302080
6564,0.306176
6565,0.293888
6566,0.297984
6567,0.299008
6568,0.309248
6569,0.301056
6570,0.315392
6571,0.300032
6572,0.312320
6573,0.292864
6574,0.313344
6575,0.299008
6576,0.308224
6577,0.316416
6578,0.305152
6579,0.305152
6580,0.299008
6581,0.301056
6582,0.317440
6583,0.311296
6584,0.299008
6585,0.305152
6586,0.305152
6587,0.311296
6588,0.317440
6589,0.304128
6590,0.317440
6591,0.302080
6592,0.315392
6593,0.318464
6594,0.312320
6595,0.303104
6596,0.305152
6597,0.309248
6598,0.304128
6599,0.312320
6600,0.296960
6601,0.300032
6602,0.304128
6603,0.306176
6604,0.314368
6605,0.306176
6606,0.304128
6607,0.307200
6608,0.297984
6609,0.308224
6610,0.314368
6611,0.308224
6612,0.309248
6613,0.299008
6614,0.308224
6615,0.290816
6616,0.303104
6617,0.310272
6618,0.300032
6619,0.306176
6620,0.302080
6621,0.299008
6622,0.306176
6623,0.309248
6624,0.313344
6625,0.303104
6626,0.312320
6627,0.287744
6628,0.301056
6629,0.304128
6630,0.311296
6631,0.301056
6632,0.307200
6633,0.297984
6634,0.310272
6635,0.301056
6636,0.307200
6637,0.318464
6638,0.316416
6639,0.317440
6640,0.309248
6641,0.313344
6642,0.300032
6643,0.302080
6644,0.303104
6645,0.304128
6646,0.297984
6647,0.297984
6648,0.318464
6649,0.309248
6650,0.297984
6651,0.314368
6652,0.315392
6653,0.313344
6654,0.314368
6655,0.304128
6656,0.286720
6657,0.290816
6658,0.303104
6659,0.313344
6660,0.315392
6661,0.310272
6662,0.301056
6663,0.311296
6664,0.315392
6665,0.311296
6666,0.312320
6667,0.313344
6668,0.311296
6669,0.308224
6670,0.290816
6671,0.312320
6672,0.293888
6673,0.304128
6674,0.289792
6675,0.309248
6676,0.442368
6677,0.299008
6678,0.295936
6679,0.489472
6680,0.301056
6681,0.321536
6682,0.311296
6683,0.307200
6684,0.289792
6685,0.306176
6686,0.314368
6687,0.313344
6688,0.307200
6689,0.302080
6690,0.306176
6691,0.308224
6692,0.302080
6693,0.312320
6694,0.310272
6695,0.294912
6696,0.310272
6697,0.299008
6698,0.296960
6699,0.296960
6700,0.314368
6701,0.302080
6702,0.292864
6703,0.303104
6704,0.303104
6705,0.305152
6706,0.303104
6707,0.308224
6708,0.297984
6709,0.292864
6710,0.299008
6711,0.304128
6712,0.306176
6713,0.301056
6714,0.297984
6715,0.301056
6716,0.296960
6717,0.301056
6718,0.312320
6719,0.312320
6720,0.308224
6721,0.318464
6722,0.491520
6723,0.306176
6724,0.286720
6725,0.433152
6726,0.286720
6727,0.282624
6728,0.294912
6729,0.297984
6730,0.300032
6731,0.295936
6732,0.311296
6733,0.294912
6734,0.302080
6735,0.296960
6736,0.311296
6737,0.315392
6738,0.301056
6739,0.306176
6740,0.297984
6741,0.303104
6742,0.292864
6743,0.371712
6744,0.319488
6745,0.308224
6746,0.309248
6747,0.311296
6748,0.308224
6749,0.311296
6750,0.305152
6751,0.308224
6752,0.310272
6753,0.304128
6754,0.290816
6755,0.308224
6756,0.315392
6757,0.308224
6758,0.308224
6759,0.317440
6760,0.299008
6761,0.315392
6762,0.310272
6763,0.311296
6764,0.296960
6765,0.289792
6766,0.300032
6767,0.299008
6768,0.325632
6769,0.311296
6770,0.291840
6771,0.317440
6772,0.299008
6773,0.317440
6774,0.302080
6775,0.297984
6776,0.295936
6777,0.300032
6778,0.303104
6779,0.295936
6780,0.313344
6781,0.309248
6782,0.299008
6783,0.309248
6784,0.306176
6785,0.317440
6786,0.307200
6787,0.322560
6788,0.319488
6789,0.312320
6790,0.305152
6791,0.306176
6792,0.307200
6793,0.311296
6794,0.308224
6795,0.302080
6796,0.280576
6797,0.292864
6798,0.309248
6799,0.325632
6800,0.320512
6801,0.302080
6802,0.306176
6803,0.292864
6804,0.306176
6805,0.296960
6806,0.308224
6807,0.312320
6808,0.303104
6809,0.314368
6810,0.308224
6811,0.308224
6812,0.307200
6813,0.310272
6814,0.319488
6815,0.305152
6816,0.307200
6817,0.316416
6818,0.296960
6819,0.301056
6820,0.300032
6821,0.300032
6822,0.303104
6823,0.320512
6824,0.311296
6825,0.307200
6826,0.308224
6827,0.299008
6828,0.293888
6829,0.295936
6830,0.300032
6831,0.310272
6832,0.299008
6833,0.307200
6834,0.304128
6835,0.309248
6836,0.305152
6837,0.300032
6838,0.301056
6839,0.306176
6840,0.311296
6841,0.294912
6842,0.304128
6843,0.316416
6844,0.299008
6845,0.314368
6846,0.306176
6847,0.307200
6848,0.294912
6849,0.303104
6850,0.307200
6851,0.312320
6852,0.310272
6853,0.308224
6854,0.308224
6855,0.300032
6856,0.306176
6857,0.308224
6858,0.304128
6859,0.307200
6860,0.307200
6861,0.294912
6862,0.288768
6863,0.311296
6864,0.303104
6865,0.295936
6866,0.301056
6867,0.302080
6868,0.306176
6869,0.303104
6870,0.302080
6871,0.301056
6872,0.300032
6873,0.307200
6874,0.305152
6875,0.303104
6876,0.292864
6877,0.307200
6878,0.319488
6879,0.303104
6880,0.313344
6881,0.310272
6882,0.304128
6883,0.301056
6884,0.308224
6885,0.310272
6886,0.297984
6887,0.309248
6888,0.313344
6889,0.305152
6890,0.309248
6891,0.315392
6892,0.308224
6893,0.306176
6894,0.304128
6895,0.299008
6896,0.294912
6897,0.306176
6898,0.307200
6899,0.299008
6900,0.311296
6901,0.309248
6902,0.307200
6903,0.312320
6904,0.300032
6905,0.306176
6906,0.305152
6907,0.295936
6908,0.300032
6909,0.307200
6910,0.299008
6911,0.309248
6912,0.302080
6913,0.307200
6914,0.304128
6915,0.304128
6916,0.321536
6917,0.303104
6918,0.315392
6919,0.304128
6920,0.304128
6921,0.319488
6922,0.306176
6923,0.313344
6924,0.304128
6925,0.305152
6926,0.307200
6927,0.308224
6928,0.303104
6929,0.305152
6930,0.296960
6931,0.301056
6932,0.308224
6933,0.300032
6934,0.311296
6935,0.321536
6936,0.311296
6937,0.303104
6938,0.303104
6939,0.309248
6940,0.311296
6941,0.315392
6942,0.307200
6943,0.303104
6944,0.301056
6945,0.306176
6946,0.303104
6947,0.305152
6948,0.302080
6949,0.311296
6950,0.307200
6951,0.304128
6952,0.301056
6953,0.302080
6954,0.291840
6955,0.295936
6956,0.313344
6957,0.307200
6958,0.295936
6959,0.297984
6960,0.290816
6961,0.299008
6962,0.299008
6963,0.309248
6964,0.311296
6965,0.301056
6966,0.312320
6967,0.304128
6968,0.311296
6969,0.310272
6970,0.300032
6971,0.309248
6972,0.303104
6973,0.307200
6974,0.303104
6975,0.303104
6976,0.304128
6977,0.302080
6978,0.303104
6979,0.324608
6980,0.313344
6981,0.303104
6982,0.304128
6983,0.315392
6984,0.312320
6985,0.302080
6986,0.310272
6987,0.295936
6988,0.315392
6989,0.301056
6990,0.293888
6991,0.304128
6992,0.306176
6993,0.314368
6994,0.295936
6995,0.293888
6996,0.313344
6997,0.305152
6998,0.310272
6999,0.305152
7000,0.320512
7001,0.307200
7002,0.304128
7003,0.317440
7004,0.308224
7005,0.314368
7006,0.313344
7007,0.306176
7008,0.315392
7009,0.291840
7010,0.312320
7011,0.304128
7012,0.313344
7013,0.315392
7014,0.303104
7015,0.295936
7016,0.314368
7017,0.306176
7018,0.296960
7019,0.295936
7020,0.304128
7021,0.309248
7022,0.297984
7023,0.305152
7024,0.316416
7025,0.318464
7026,0.315392
7027,0.306176
7028,0.293888
7029,0.304128
7030,0.300032
7031,0.323584
7032,0.318464
7033,0.301056
7034,0.295936
7035,0.296960
7036,0.297984
7037,0.310272
7038,0.316416
7039,0.291840
7040,0.300032
7041,0.303104
7042,0.316416
7043,0.308224
7044,0.316416
7045,0.311296
7046,0.297984
7047,0.309248
7048,0.293888
7049,0.300032
7050,0.308224
7051,0.306176
7052,0.290816
7053,0.297984
7054,0.302080
7055,0.295936
7056,0.299008
7057,0.368640
7058,0.310272
7059,0.300032
7060,0.291840
7061,0.304128
7062,0.302080
7063,0.316416
7064,0.307200
7065,0.320512
7066,0.312320
7067,0.304128
7068,0.307200
7069,0.311296
7070,0.295936
7071,0.306176
7072,0.302080
7073,0.305152
7074,0.310272
7075,0.308224
7076,0.282624
7077,0.307200
7078,0.312320
7079,0.297984
7080,0.299008
7081,0.287744
7082,0.312320
7083,0.299008
7084,0.312320
7085,0.305152
7086,0.301056
7087,0.308224
7088,0.297984
7089,0.303104
7090,0.316416
7091,0.295936
7092,0.305152
7093,0.313344
7094,0.307200
7095,0.301056
7096,0.310272
7097,0.299008
7098,0.310272
7099,0.302080
7100,0.312320
7101,0.299008
7102,0.292864
7103,0.295936
7104,0.310272
7105,0.300032
7106,0.310272
7107,0.284672
7108,0.310272
7109,0.306176
7110,0.310272
7111,0.310272
7112,0.308224
7113,0.317440
7114,0.293888
7115,0.308224
7116,0.324608
7117,0.296960
7118,0.302080
7119,0.307200
7120,0.316416
7121,0.301056
7122,0.294912
7123,0.301056
7124,0.303104
7125,0.294912
7126,0.297984
7127,0.295936
7128,0.292864
7129,0.309248
7130,0.302080
7131,0.302080
7132,0.307200
7133,0.312320
7134,0.299008
7135,0.291840
7136,0.297984
7137,0.304128
7138,0.316416
7139,0.299008
7140,0.314368
7141,0.315392
7142,0.294912
7143,0.311296
7144,0.309248
7145,0.306176
7146,0.301056
7147,0.302080
7148,0.309248
7149,0.308224
7150,0.306176
7151,0.302080
7152,0.308224
7153,0.302080
7154,0.291840
7155,0.301056
7156,0.301056
7157,0.311296
7158,0.323584
7159,0.322560
7160,0.304128
7161,0.287744
7162,0.300032
7163,0.306176
7164,0.296960
7165,0.305152
7166,0.295936
7167,0.301056
7168,0.302080
7169,0.306176
7170,0.307200
7171,0.301056
7172,0.311296
7173,0.305152
7174,0.299008
7175,0.306176
7176,0.307200
7177,0.303104
7178,0.309248
7179,0.300032
7180,0.304128
7181,0.297984
7182,0.317440
7183,0.309248
7184,0.310272
7185,0.312320
7186,0.308224
7187,0.309248
7188,0.307200
7189,0.291840
7190,0.302080
7191,0.304128
7192,0.310272
7193,0.310272
7194,0.306176
7195,0.320512
7196,0.312320
7197,0.304128
7198,0.300032
7199,0.304128
7200,0.303104
7201,0.306176
7202,0.316416
7203,0.303104
7204,0.295936
7205,0.300032
7206,0.297984
7207,0.309248
7208,0.311296
7209,0.311296
7210,0.306176
7211,0.306176
7212,0.300032
7213,0.303104
7214,0.289792
7215,0.309248
7216,0.319488
7217,0.306176
7218,0.309248
7219,0.312320
7220,0.302080
7221,0.303104
7222,0.309248
7223,0.309248
7224,0.315392
7225,0.296960
7226,0.303104
7227,0.292864
7228,0.305152
7229,0.303104
7230,0.307200
7231,0.285696
7232,0.301056
7233,0.305152
7234,0.306176
7235,0.308224
7236,0.288768
7237,0.287744
7238,0.296960
7239,0.310272
7240,0.296960
7241,0.312320
7242,0.318464
7243,0.293888
7244,0.287744
7245,0.304128
7246,0.310272
7247,0.307200
7248,0.286720
7249,0.316416
7250,0.313344
7251,0.310272
7252,0.295936
7253,0.303104
7254,0.305152
7255,0.305152
7256,0.311296
7257,0.294912
7258,0.293888
7259,0.303104
7260,0.293888
7261,0.299008
7262,0.305152
7263,0.296960
7264,0.312320
7265,0.301056
7266,0.315392
7267,0.321536
7268,0.309248
7269,0.301056
7270,0.286720
7271,0.309248
7272,0.305152
7273,0.303104
7274,0.303104
7275,0.302080
7276,0.311296
7277,0.307200
7278,0.301056
7279,0.303104
7280,0.319488
7281,0.309248
7282,0.290816
7283,0.296960
7284,0.312320
7285,0.311296
7286,0.303104
7287,0.304128
7288,0.301056
7289,0.320512
7290,0.300032
7291,0.286720
7292,0.309248
7293,0.317440
7294,0.308224
7295,0.286720
7296,0.316416
7297,0.309248
7298,0.302080
7299,0.294912
7300,0.307200
7301,0.296960
7302,0.302080
7303,0.305152
7304,0.292864
7305,0.308224
7306,0.299008
7307,0.307200
7308,0.312320
7309,0.293888
7310,0.289792
7311,0.295936
7312,0.299008
7313,0.312320
7314,0.290816
7315,0.312320
7316,0.306176
7317,0.304128
7318,0.299008
7319,0.290816
7320,0.307200
7321,0.303104
7322,0.301056
7323,0.318464
7324,0.295936
7325,0.307200
7326,0.311296
7327,0.295936
7328,0.299008
7329,0.306176
7330,0.303104
7331,0.293888
7332,0.303104
7333,0.316416
7334,0.311296
7335,0.316416
7336,0.288768
7337,0.300032
7338,0.310272
7339,0.312320
7340,0.306176
7341,0.309248
7342,0.316416
7343,0.283648
7344,0.316416
7345,0.288768
7346,0.300032
7347,0.299008
7348,0.314368
7349,0.299008
7350,0.302080
7351,0.308224
7352,0.290816
7353,0.302080
7354,0.294912
7355,0.297984
7356,0.306176
7357,0.286720
7358,0.308224
7359,0.303104
7360,0.299008
7361,0.312320
7362,0.311296
7363,0.304128
7364,0.303104
7365,0.303104
7366,0.313344
7367,0.306176
7368,0.304128
7369,0.296960
7370,0.296960
7371,0.316416
7372,0.301056
7373,0.301056
7374,0.296960
7375,0.316416
7376,0.310272
7377,0.304128
7378,0.292864
7379,0.301056
7380,0.296960
7381,0.477184
7382,0.291840
7383,0.287744
7384,0.288768
7385,0.301056
7386,0.308224
7387,0.294912
7388,0.312320
7389,0.295936
7390,0.309248
7391,0.300032
7392,0.290816
7393,0.304128
7394,0.287744
7395,0.307200
7396,0.292864
7397,0.309248
7398,0.303104
7399,0.306176
7400,0.295936
7401,0.300032
7402,0.303104
7403,0.308224
7404,0.317440
7405,0.297984
7406,0.293888
7407,0.312320
7408,0.303104
7409,0.320512
7410,0.304128
7411,0.305152
7412,0.311296
7413,0.305152
7414,0.312320
7415,0.302080
7416,0.306176
7417,0.307200
7418,0.309248
7419,0.310272
7420,0.310272
7421,0.306176
7422,0.313344
7423,0.291840
7424,0.286720
7425,0.291840
7426,0.308224
7427,0.311296
7428,0.319488
7429,0.294912
7430,0.302080
7431,0.288768
7432,0.317440
7433,0.304128
7434,0.307200
7435,0.317440
7436,0.315392
7437,0.303104
7438,0.294912
7439,0.294912
7440,0.309248
7441,0.300032
7442,0.326656
7443,0.323584
7444,0.306176
7445,0.303104
7446,0.314368
7447,0.306176
7448,0.299008
7449,0.305152
7450,0.284672
7451,0.297984
7452,0.296960
7453,0.309248
7454,0.314368
7455,0.302080
7456,0.307200
7457,0.308224
7458,0.318464
7459,0.309248
7460,0.301056
7461,0.296960
7462,0.292864
7463,0.304128
7464,0.318464
7465,0.309248
7466,0.310272
7467,0.307200
7468,0.314368
7469,0.303104
7470,0.302080
7471,0.320512
7472,0.314368
7473,0.305152
7474,0.296960
7475,0.302080
7476,0.302080
7477,0.301056
7478,0.296960
7479,0.307200
7480,0.319488
7481,0.304128
7482,0.292864
7483,0.308224
7484,0.297984
7485,0.301056
7486,0.299008
7487,0.295936
7488,0.303104
7489,0.315392
7490,0.307200
7491,0.303104
7492,0.295936
7493,0.304128
7494,0.302080
7495,0.304128
7496,0.316416
7497,0.311296
7498,0.307200
7499,0.323584
7500,0.302080
7501,0.308224
7502,0.311296
7503,0.299008
7504,0.291840
7505,0.297984
7506,0.297984
7507,0.313344
7508,0.296960
7509,0.297984
7510,0.311296
7511,0.308224
7512,0.311296
7513,0.317440
7514,0.314368
7515,0.296960
7516,0.300032
7517,0.301056
7518,0.304128
7519,0.294912
7520,0.303104
7521,0.308224
7522,0.313344
7523,0.299008
7524,0.312320
7525,0.286720
7526,0.299008
7527,0.312320
7528,0.305152
7529,0.297984
7530,0.308224
7531,0.310272
7532,0.304128
7533,0.303104
7534,0.300032
7535,0.308224
7536,0.293888
7537,0.302080
7538,0.297984
7539,0.308224
7540,0.308224
7541,0.297984
7542,0.302080
7543,0.299008
7544,0.301056
7545,0.323584
7546,0.303104
7547,0.312320
7548,0.309248
7549,0.317440
7550,0.312320
7551,0.308224
7552,0.301056
7553,0.307200
7554,0.304128
7555,0.297984
7556,0.307200
7557,0.301056
7558,0.303104
7559,0.308224
7560,0.303104
7561,0.295936
7562,0.308224
7563,0.316416
7564,0.308224
7565,0.311296
7566,0.297984
7567,0.308224
7568,0.310272
7569,0.300032
7570,0.316416
7571,0.307200
7572,0.303104
7573,0.313344
7574,0.304128
7575,0.294912
7576,0.299008
7577,0.290816
7578,0.301056
7579,0.303104
7580,0.296960
7581,0.296960
7582,0.309248
7583,0.309248
7584,0.312320
7585,0.307200
7586,0.296960
7587,0.300032
7588,0.311296
7589,0.301056
7590,0.299008
7591,0.305152
7592,0.302080
7593,0.301056
7594,0.284672
7595,0.305152
7596,0.297984
7597,0.292864
7598,0.312320
7599,0.308224
7600,0.313344
7601,0.311296
7602,0.302080
7603,0.301056
7604,0.300032
7605,0.309248
7606,0.301056
7607,0.299008
7608,0.296960
7609,0.316416
7610,0.313344
7611,0.292864
7612,0.307200
7613,0.296960
7614,0.294912
7615,0.301056
7616,0.294912
7617,0.318464
7618,0.309248
7619,0.290816
7620,0.306176
7621,0.289792
7622,0.309248
7623,0.300032
7624,0.307200
7625,0.295936
7626,0.300032
7627,0.309248
7628,0.306176
7629,0.308224
7630,0.292864
7631,0.303104
7632,0.313344
7633,0.314368
7634,0.293888
7635,0.305152
7636,0.293888
7637,0.296960
7638,0.290816
7639,0.293888
7640,0.300032
7641,0.303104
7642,0.301056
7643,0.301056
7644,0.307200
7645,0.283648
7646,0.316416
7647,0.296960
7648,0.303104
7649,0.296960
7650,0.307200
7651,0.309248
7652,0.306176
7653,0.303104
7654,0.313344
7655,0.296960
7656,0.307200
7657,0.302080
7658,0.302080
7659,0.308224
7660,0.301056
7661,0.301056
7662,0.302080
7663,0.301056
7664,0.293888
7665,0.301056
7666,0.309248
7667,0.300032
7668,0.310272
7669,0.301056
7670,0.303104
7671,0.299008
7672,0.293888
7673,0.316416
7674,0.292864
7675,0.311296
7676,0.302080
7677,0.302080
7678,0.301056
7679,0.310272
7680,0.296960
7681,0.310272
7682,0.310272
7683,0.294912
7684,0.311296
7685,0.310272
7686,0.311296
7687,0.307200
7688,0.303104
7689,0.300032
7690,0.306176
7691,0.302080
7692,0.302080
7693,0.284672
7694,0.314368
7695,0.466944
7696,0.301056
7697,0.305152
7698,0.311296
7699,0.313344
7700,0.322560
7701,0.305152
7702,0.308224
7703,0.310272
7704,0.305152
7705,0.315392
7706,0.300032
7707,0.296960
7708,0.295936
7709,0.308224
7710,0.299008
7711,0.324608
7712,0.305152
7713,0.303104
7714,0.307200
7715,0.309248
7716,0.311296
7717,0.302080
7718,0.301056
7719,0.297984
7720,0.297984
7721,0.316416
7722,0.305152
7723,0.313344
7724,0.308224
7725,0.305152
7726,0.308224
7727,0.307200
7728,0.308224
7729,0.299008
7730,0.309248
7731,0.310272
7732,0.291840
7733,0.297984
7734,0.307200
7735,0.296960
7736,0.301056
7737,0.311296
7738,0.308224
7739,0.309248
7740,0.316416
7741,0.310272
7742,0.293888
7743,0.302080
7744,0.312320
7745,0.312320
7746,0.295936
7747,0.289792
7748,0.309248
7749,0.302080
7750,0.304128
7751,0.299008
7752,0.308224
7753,0.308224
7754,0.311296
7755,0.308224
7756,0.310272
7757,0.306176
7758,0.293888
7759,0.305152
7760,0.297984
7761,0.291840
7762,0.314368
7763,0.315392
7764,0.314368
7765,0.297984
7766,0.301056
7767,0.311296
7768,0.304128
7769,0.301056
7770,0.294912
7771,0.307200
7772,0.305152
7773,0.302080
7774,0.302080
7775,0.295936
7776,0.305152
7777,0.307200
7778,0.305152
7779,0.303104
7780,0.297984
7781,0.303104
7782,0.311296
7783,0.295936
7784,0.294912
7785,0.312320
7786,0.302080
7787,0.309248
7788,0.303104
7789,0.303104
7790,0.310272
7791,0.303104
7792,0.303104
7793,0.310272
7794,0.311296
7795,0.305152
7796,0.318464
7797,0.307200
7798,0.290816
7799,0.304128
7800,0.314368
7801,0.326656
7802,0.299008
7803,0.300032
7804,0.307200
7805,0.301056
7806,0.290816
7807,0.292864
7808,0.292864
7809,0.301056
7810,0.294912
7811,0.305152
7812,0.301056
7813,0.311296
7814,0.313344
7815,0.310272
7816,0.318464
7817,0.303104
7818,0.317440
7819,0.318464
7820,0.306176
7821,0.309248
7822,0.303104
7823,0.303104
7824,0.311296
7825,0.318464
7826,0.295936
7827,0.302080
7828,0.291840
7829,0.299008
7830,0.308224
7831,0.311296
7832,0.302080
7833,0.300032
7834,0.310272
7835,0.296960
7836,0.310272
7837,0.305152
7838,0.305152
7839,0.290816
7840,0.293888
7841,0.314368
7842,0.305152
7843,0.301056
7844,0.294912
7845,0.313344
7846,0.308224
7847,0.300032
7848,0.320512
7849,0.292864
7850,0.303104
7851,0.316416
7852,0.290816
7853,0.301056
7854,0.310272
7855,0.295936
7856,0.303104
7857,0.314368
7858,0.304128
7859,0.303104
7860,0.309248
7861,0.286720
7862,0.320512
7863,0.304128
7864,0.308224
7865,0.299008
7866,0.313344
7867,0.311296
7868,0.297984
7869,0.303104
7870,0.306176
7871,0.318464
7872,0.287744
7873,0.296960
7874,0.319488
7875,0.315392
7876,0.306176
7877,0.303104
7878,0.307200
7879,0.313344
7880,0.291840
7881,0.327680
7882,0.292864
7883,0.287744
7884,0.294912
7885,0.310272
7886,0.301056
7887,0.309248
7888,0.307200
7889,0.286720
7890,0.289792
7891,0.296960
7892,0.309248
7893,0.307200
7894,0.294912
7895,0.292864
7896,0.316416
7897,0.306176
7898,0.295936
7899,0.289792
7900,0.316416
7901,0.299008
7902,0.312320
7903,0.305152
7904,0.323584
7905,0.301056
7906,0.304128
7907,0.304128
7908,0.283648
7909,0.300032
7910,0.301056
7911,0.304128
7912,0.299008
7913,0.309248
7914,0.312320
7915,0.306176
7916,0.305152
7917,0.306176
7918,0.303104
7919,0.301056
7920,0.303104
7921,0.300032
7922,0.302080
7923,0.297984
7924,0.295936
7925,0.311296
7926,0.302080
7927,0.312320
7928,0.311296
7929,0.316416
7930,0.305152
7931,0.312320
7932,0.301056
7933,0.303104
7934,0.307200
7935,0.302080
7936,0.299008
7937,0.304128
7938,0.300032
7939,0.299008
7940,0.301056
7941,0.307200
7942,0.302080
7943,0.316416
7944,0.315392
7945,0.316416
7946,0.302080
7947,0.291840
7948,0.306176
7949,0.309248
7950,0.305152
7951,0.297984
7952,0.301056
7953,0.309248
7954,0.309248
7955,0.302080
7956,0.305152
7957,0.314368
7958,0.304128
7959,0.305152
7960,0.299008
7961,0.307200
7962,0.306176
7963,0.307200
7964,0.309248
7965,0.308224
7966,0.300032
7967,0.302080
7968,0.307200
7969,0.293888
7970,0.304128
7971,0.304128
7972,0.299008
7973,0.300032
7974,0.308224
7975,0.304128
7976,0.316416
7977,0.294912
7978,0.293888
7979,0.307200
7980,0.307200
7981,0.316416
7982,0.297984
7983,0.305152
7984,0.299008
7985,0.310272
7986,0.294912
7987,0.305152
7988,0.293888
7989,0.305152
7990,0.316416
7991,0.300032
7992,0.313344
7993,0.308224
7994,0.309248
7995,0.299008
7996,0.308224
7997,0.299008
7998,0.307200
7999,0.287744
8000,0.308224
8001,0.300032
8002,0.299008
8003,0.306176
8004,0.311296
8005,0.284672
8006,0.290816
8007,0.310272
8008,0.309248
8009,0.296960
8010,0.310272
8011,0.291840
8012,0.309248
8013,0.308224
8014,0.293888
8015,0.308224
8016,0.304128
8017,0.303104
8018,0.312320
8019,0.302080
8020,0.317440
8021,0.316416
8022,0.294912
8023,0.303104
8024,0.295936
8025,0.266240
8026,0.304128
8027,0.301056
8028,0.294912
8029,0.297984
8030,0.294912
8031,0.299008
8032,0.305152
8033,0.307200
8034,0.308224
8035,0.311296
8036,0.301056
8037,0.398336
8038,0.303104
8039,0.306176
8040,0.303104
8041,0.310272
8042,0.310272
8043,0.294912
8044,0.304128
8045,0.302080
8046,0.303104
8047,0.302080
8048,0.295936
8049,0.301056
8050,0.300032
8051,0.302080
8052,0.307200
8053,0.300032
8054,0.300032
8055,0.293888
8056,0.301056
8057,0.310272
8058,0.306176
8059,0.314368
8060,0.297984
8061,0.308224
8062,0.309248
8063,0.297984
8064,0.297984
8065,0.290816
8066,0.308224
8067,0.304128
8068,0.302080
8069,0.307200
8070,0.307200
8071,0.297984
8072,0.291840
8073,0.296960
8074,0.286720
8075,0.307200
8076,0.297984
8077,0.303104
8078,0.300032
8079,0.299008
8080,0.288768
8081,0.294912
8082,0.300032
8083,0.305152
8084,0.315392
8085,0.302080
8086,0.316416
8087,0.308224
8088,0.300032
8089,0.304128
8090,0.294912
8091,0.297984
8092,0.304128
8093,0.294912
8094,0.300032
8095,0.312320
8096,0.310272
8097,0.311296
8098,0.303104
8099,0.307200
8100,0.315392
8101,0.322560
8102,0.297984
8103,0.293888
8104,0.297984
8105,0.295936
8106,0.312320
8107,0.311296
8108,0.300032
8109,0.309248
8110,0.304128
8111,0.302080
8112,0.300032
8113,0.295936
8114,0.301056
8115,0.329728
8116,0.305152
8117,0.299008
8118,0.308224
8119,0.315392
8120,0.299008
8121,0.310272
8122,0.302080
8123,0.311296
8124,0.311296
8125,0.297984
8126,0.304128
8127,0.299008
8128,0.313344
8129,0.295936
8130,0.315392
8131,0.313344
8132,0.303104
8133,0.301056
8134,0.303104
8135,0.293888
8136,0.307200
8137,0.302080
8138,0.299008
8139,0.303104
8140,0.305152
8141,0.312320
8142,0.302080
8143,0.309248
8144,0.304128
8145,0.296960
8146,0.307200
8147,0.309248
8148,0.313344
8149,0.303104
8150,0.318464
8151,0.297984
8152,0.316416
8153,0.311296
8154,0.295936
8155,0.291840
8156,0.316416
8157,0.305152
8158,0.318464
8159,0.302080
8160,0.296960
8161,0.325632
8162,0.300032
8163,0.291840
8164,0.302080
8165,0.309248
8166,0.299008
8167,0.303104
8168,0.309248
8169,0.304128
8170,0.306176
8171,0.310272
8172,0.300032
8173,0.297984
8174,0.301056
8175,0.302080
8176,0.299008
8177,0.315392
8178,0.317440
8179,0.304128
8180,0.303104
8181,0.311296
8182,0.313344
8183,0.292864
8184,0.299008
8185,0.306176
8186,0.302080
8187,0.304128
8188,0.302080
8189,0.297984
8190,0.302080
8191,0.313344
8192,0.296960
8193,0.303104
8194,0.299008
8195,0.305152
8196,0.301056
8197,0.296960
8198,0.289792
8199,0.305152
8200,0.307200
8201,0.293888
8202,0.306176
8203,0.302080
8204,0.289792
8205,0.290816
8206,0.295936
8207,0.300032
8208,0.317440
8209,0.302080
8210,0.305152
8211,0.304128
8212,0.296960
8213,0.293888
8214,0.296960
8215,0.312320
8216,0.296960
8217,0.306176
8218,0.305152
8219,0.302080
8220,0.288768
8221,0.305152
8222,0.299008
8223,0.296960
8224,0.296960
8225,0.285696
8226,0.304128
8227,0.312320
8228,0.304128
8229,0.297984
8230,0.308224
8231,0.304128
8232,0.315392
8233,0.302080
8234,0.305152
8235,0.297984
8236,0.304128
8237,0.296960
8238,0.313344
8239,0.313344
8240,0.301056
8241,0.302080
8242,0.291840
8243,0.310272
8244,0.301056
8245,0.297984
8246,0.299008
8247,0.310272
8248,0.309248
8249,0.311296
8250,0.306176
8251,0.306176
8252,0.305152
8253,0.313344
8254,0.311296
8255,0.305152
8256,0.307200
8257,0.303104
8258,0.292864
8259,0.297984
8260,0.311296
8261,0.304128
8262,0.303104
8263,0.290816
8264,0.314368
8265,0.301056
8266,0.303104
8267,0.302080
8268,0.309248
8269,0.313344
8270,0.302080
8271,0.303104
8272,0.309248
8273,0.306176
8274,0.301056
8275,0.297984
8276,0.293888
8277,0.301056
8278,0.299008
8279,0.294912
8280,0.300032
8281,0.305152
8282,0.324608
8283,0.316416
8284,0.297984
8285,0.304128
8286,0.308224
8287,0.299008
8288,0.307200
8289,0.287744
8290,0.289792
8291,0.324608
8292,0.308224
8293,0.302080
8294,0.301056
8295,0.303104
8296,0.316416
8297,0.304128
8298,0.302080
8299,0.301056
8300,0.319488
8301,0.297984
8302,0.307200
8303,0.293888
8304,0.296960
8305,0.302080
8306,0.293888
8307,0.302080
8308,0.293888
8309,0.297984
8310,0.296960
8311,0.305152
8312,0.310272
8313,0.302080
8314,0.289792
8315,0.296960
8316,0.301056
8317,0.304128
8318,0.308224
8319,0.299008
8320,0.301056
8321,0.293888
8322,0.306176
8323,0.303104
8324,0.317440
8325,0.314368
8326,0.297984
8327,0.304128
8328,0.305152
8329,0.302080
8330,0.300032
8331,0.309248
8332,0.297984
8333,0.287744
8334,0.307200
8335,0.318464
8336,0.297984
8337,0.291840
8338,0.308224
8339,0.300032
8340,0.299008
8341,0.296960
8342,0.297984
8343,0.303104
8344,0.299008
8345,0.297984
8346,0.308224
8347,0.299008
8348,0.307200
8349,0.310272
8350,0.296960
8351,0.301056
8352,0.414720
8353,0.289792
8354,0.300032
8355,0.302080
8356,0.309248
8357,0.310272
8358,0.306176
8359,0.310272
8360,0.305152
8361,0.299008
8362,0.311296
8363,0.297984
8364,0.306176
8365,0.295936
8366,0.306176
8367,0.312320
8368,0.302080
8369,0.296960
8370,0.310272
8371,0.299008
8372,0.303104
8373,0.299008
8374,0.304128
8375,0.293888
8376,0.293888
8377,0.297984
8378,0.313344
8379,0.315392
8380,0.307200
8381,0.307200
8382,0.295936
8383,0.304128
8384,0.310272
8385,0.292864
8386,0.299008
8387,0.308224
8388,0.308224
8389,0.303104
8390,0.309248
8391,0.313344
8392,0.314368
8393,0.302080
8394,0.299008
8395,0.308224
8396,0.296960
8397,0.311296
8398,0.322560
8399,0.289792
8400,0.297984
8401,0.312320
8402,0.300032
8403,0.309248
8404,0.302080
8405,0.297984
8406,0.294912
8407,0.296960
8408,0.295936
8409,0.294912
8410,0.303104
8411,0.294912
8412,0.296960
8413,0.306176
8414,0.304128
8415,0.297984
8416,0.303104
8417,0.308224
8418,0.310272
8419,0.303104
8420,0.312320
8421,0.299008
8422,0.288768
8423,0.301056
8424,0.299008
8425,0.295936
8426,0.299008
8427,0.309248
8428,0.301056
8429,0.308224
8430,0.295936
8431,0.312320
8432,0.305152
8433,0.301056
8434,0.296960
8435,0.304128
8436,0.301056
8437,0.301056
8438,0.299008
8439,0.304128
8440,0.306176
8441,0.306176
8442,0.286720
8443,0.302080
8444,0.312320
8445,0.303104
8446,0.299008
8447,0.297984
8448,0.295936
8449,0.306176
8450,0.320512
8451,0.285696
8452,0.305152
8453,0.297984
8454,0.306176
8455,0.314368
8456,0.294912
8457,0.295936
8458,0.310272
8459,0.446464
8460,0.300032
8461,0.287744
8462,0.404480
8463,0.279552
8464,0.309248
8465,0.292864
8466,0.299008
8467,0.308224
8468,0.292864
8469,0.308224
8470,0.304128
8471,0.275456
8472,0.295936
8473,0.313344
8474,0.317440
8475,0.315392
8476,0.302080
8477,0.304128
8478,0.299008
8479,0.299008
8480,0.307200
8481,0.312320
8482,0.314368
8483,0.301056
8484,0.308224
8485,0.307200
8486,0.301056
8487,0.307200
8488,0.292864
8489,0.300032
8490,0.301056
8491,0.295936
8492,0.300032
8493,0.314368
8494,0.317440
8495,0.303104
8496,0.301056
8497,0.301056
8498,0.313344
8499,0.305152
8500,0.303104
8501,0.312320
8502,0.302080
8503,0.309248
8504,0.308224
8505,0.315392
8506,0.305152
8507,0.297984
8508,0.301056
8509,0.300032
8510,0.307200
8511,0.284672
8512,0.308224
8513,0.294912
8514,0.296960
8515,0.303104
8516,0.303104
8517,0.294912
8518,0.313344
8519,0.305152
8520,0.299008
8521,0.311296
8522,0.296960
8523,0.310272
8524,0.314368
8525,0.299008
8526,0.291840
8527,0.297984
8528,0.303104
8529,0.307200
8530,0.296960
8531,0.302080
8532,0.319488
8533,0.288768
8534,0.297984
8535,0.311296
8536,0.303104
8537,0.309248
8538,0.306176
8539,0.300032
8540,0.313344
8541,0.318464
8542,0.312320
8543,0.303104
8544,0.307200
8545,0.306176
8546,0.311296
8547,0.302080
8548,0.304128
8549,0.316416
8550,0.294912
8551,0.301056
8552,0.299008
8553,0.302080
8554,0.302080
8555,0.288768
8556,0.300032
8557,0.302080
8558,0.300032
8559,0.314368
8560,0.307200
8561,0.300032
8562,0.293888
8563,0.305152
8564,0.302080
8565,0.301056
8566,0.295936
8567,0.317440
8568,0.305152
8569,0.308224
8570,0.315392
8571,0.303104
8572,0.310272
8573,0.304128
8574,0.304128
8575,0.300032
8576,0.310272
8577,0.306176
8578,0.301056
8579,0.317440
8580,0.305152
8581,0.297984
8582,0.304128
8583,0.304128
8584,0.311296
8585,0.318464
8586,0.318464
8587,0.304128
8588,0.327680
8589,0.303104
8590,0.308224
8591,0.308224
8592,0.300032
8593,0.304128
8594,0.302080
8595,0.307200
8596,0.311296
8597,0.301056
8598,0.301056
8599,0.306176
8600,0.292864
8601,0.302080
8602,0.294912
8603,0.300032
8604,0.316416
8605,0.301056
8606,0.310272
8607,0.310272
8608,0.300032
8609,0.305152
8610,0.318464
8611,0.313344
8612,0.295936
8613,0.303104
8614,0.311296
8615,0.291840
8616,0.292864
8617,0.312320
8618,0.301056
8619,0.309248
8620,0.311296
8621,0.306176
8622,0.301056
8623,0.317440
8624,0.308224
8625,0.306176
8626,0.305152
8627,0.297984
8628,0.299008
8629,0.302080
8630,0.300032
8631,0.310272
8632,0.310272
8633,0.303104
8634,0.301056
8635,0.293888
8636,0.301056
8637,0.304128
8638,0.303104
8639,0.297984
8640,0.287744
8641,0.317440
8642,0.308224
8643,0.302080
8644,0.313344
8645,0.293888
8646,0.287744
8647,0.308224
8648,0.304128
8649,0.296960
8650,0.312320
8651,0.315392
8652,0.300032
8653,0.307200
8654,0.302080
8655,0.297984
8656,0.312320
8657,0.300032
8658,0.296960
8659,0.296960
8660,0.292864
8661,0.301056
8662,0.299008
8663,0.301056
8664,0.317440
8665,0.301056
8666,0.306176
8667,0.299008
8668,0.313344
8669,0.310272
8670,0.310272
8671,0.293888
8672,0.304128
8673,0.302080
8674,0.316416
8675,0.305152
8676,0.292864
8677,0.309248
8678,0.313344
8679,0.300032
8680,0.295936
8681,0.285696
8682,0.310272
8683,0.317440
8684,0.286720
8685,0.303104
8686,0.302080
8687,0.306176
8688,0.313344
8689,0.300032
8690,0.292864
8691,0.300032
8692,0.304128
8693,0.305152
8694,0.314368
8695,0.319488
8696,0.292864
8697,0.309248
8698,0.300032
8699,0.312320
8700,0.300032
8701,0.310272
8702,0.305152
8703,0.305152
8704,0.305152
8705,0.305152
8706,0.317440
8707,0.307200
8708,0.303104
8709,0.304128
8710,0.316416
8711,0.315392
8712,0.307200
8713,0.310272
8714,0.303104
8715,0.300032
8716,0.292864
8717,0.307200
8718,0.303104
8719,0.314368
8720,0.302080
8721,0.294912
8722,0.299008
8723,0.303104
8724,0.306176
8725,0.299008
8726,0.315392
8727,0.311296
8728,0.304128
8729,0.306176
8730,0.311296
8731,0.291840
8732,0.303104
8733,0.304128
8734,0.308224
8735,0.314368
8736,0.309248
8737,0.316416
8738,0.309248
8739,0.309248
8740,0.305152
8741,0.321536
8742,0.310272
8743,0.297984
8744,0.296960
8745,0.304128
8746,0.301056
8747,0.309248
8748,0.304128
8749,0.308224
8750,0.311296
8751,0.308224
8752,0.316416
8753,0.308224
8754,0.306176
8755,0.320512
8756,0.301056
8757,0.319488
8758,0.314368
8759,0.309248
8760,0.306176
8761,0.294912
8762,0.307200
8763,0.312320
8764,0.307200
8765,0.307200
8766,0.316416
8767,0.305152
8768,0.318464
8769,0.305152
8770,0.300032
8771,0.309248
8772,0.303104
8773,0.302080
8774,0.310272
8775,0.303104
8776,0.310272
8777,0.308224
8778,0.303104
8779,0.305152
8780,0.306176
8781,0.304128
8782,0.310272
8783,0.303104
8784,0.316416
8785,0.289792
8786,0.321536
8787,0.296960
8788,0.292864
8789,0.307200
8790,0.311296
8791,0.291840
8792,0.300032
8793,0.324608
8794,0.329728
8795,0.304128
8796,0.309248
8797,0.300032
8798,0.316416
8799,0.297984
8800,0.314368
8801,0.320512
8802,0.305152
8803,0.300032
8804,0.296960
8805,0.304128
8806,0.292864
8807,0.301056
8808,0.301056
8809,0.300032
8810,0.312320
8811,0.310272
8812,0.303104
8813,0.303104
8814,0.309248
8815,0.318464
8816,0.297984
8817,0.302080
8818,0.310272
8819,0.309248
8820,0.312320
8821,0.325632
8822,0.322560
8823,0.311296
8824,0.317440
8825,0.294912
8826,0.256000
8827,0.324608
8828,0.313344
8829,0.303104
8830,0.318464
8831,0.294912
8832,0.297984
8833,0.297984
8834,0.294912
8835,0.306176
8836,0.300032
8837,0.308224
8838,0.305152
8839,0.306176
8840,0.305152
8841,0.299008
8842,0.310272
8843,0.303104
8844,0.307200
8845,0.312320
8846,0.320512
8847,0.294912
8848,0.294912
8849,0.316416
8850,0.327680
8851,0.309248
8852,0.303104
8853,0.293888
8854,0.312320
8855,0.302080
8856,0.316416
8857,0.294912
8858,0.304128
8859,0.310272
8860,0.307200
8861,0.311296
8862,0.305152
8863,0.307200
8864,0.303104
8865,0.308224
8866,0.309248
8867,0.315392
8868,0.306176
8869,0.299008
8870,0.301056
8871,0.303104
8872,0.306176
8873,0.316416
8874,0.295936
8875,0.306176
8876,0.306176
8877,0.303104
8878,0.309248
8879,0.300032
8880,0.301056
8881,0.295936
8882,0.299008
8883,0.305152
8884,0.306176
8885,0.325632
8886,0.310272
8887,0.320512
8888,0.301056
8889,0.321536
8890,0.309248
8891,0.310272
8892,0.305152
8893,0.315392
8894,0.300032
8895,0.300032
8896,0.319488
8897,0.308224
8898,0.291840
8899,0.293888
8900,0.302080
8901,0.307200
8902,0.302080
8903,0.307200
8904,0.313344
8905,0.316416
8906,0.309248
8907,0.318464
8908,0.314368
8909,0.306176
8910,0.297984
8911,0.303104
8912,0.308224
8913,0.300032
8914,0.320512
8915,0.292864
8916,0.295936
8917,0.305152
8918,0.311296
8919,0.307200
8920,0.295936
8921,0.307200
8922,0.304128
8923,0.303104
8924,0.308224
8925,0.312320
8926,0.304128
8927,0.301056
8928,0.290816
8929,0.308224
8930,0.307200
8931,0.302080
8932,0.309248
8933,0.302080
8934,0.302080
8935,0.301056
8936,0.313344
8937,0.309248
8938,0.305152
8939,0.317440
8940,0.312320
8941,0.312320
8942,0.303104
8943,0.309248
8944,0.301056
8945,0.305152
8946,0.306176
8947,0.300032
8948,0.296960
8949,0.305152
8950,0.326656
8951,0.296960
8952,0.307200
8953,0.294912
8954,0.304128
8955,0.301056
8956,0.305152
8957,0.292864
8958,0.310272
8959,0.317440
8960,0.294912
8961,0.287744
8962,0.318464
8963,0.311296
8964,0.309248
8965,0.307200
8966,0.291840
8967,0.306176
8968,0.299008
8969,0.302080
8970,0.297984
8971,0.311296
8972,0.311296
8973,0.317440
8974,0.309248
8975,0.306176
8976,0.302080
8977,0.300032
8978,0.313344
8979,0.302080
8980,0.308224
8981,0.311296
8982,0.311296
8983,0.304128
8984,0.300032
8985,0.315392
8986,0.303104
8987,0.301056
8988,0.295936
8989,0.299008
8990,0.306176
8991,0.296960
8992,0.308224
8993,0.304128
8994,0.305152
8995,0.309248
8996,0.310272
8997,0.291840
8998,0.307200
8999,0.286720
9000,0.293888
9001,0.307200
9002,0.314368
9003,0.289792
9004,0.295936
9005,0.299008
9006,0.311296
9007,0.299008
9008,0.303104
9009,0.303104
9010,0.297984
9011,0.305152
9012,0.306176
9013,0.310272
9014,0.303104
9015,0.306176
9016,0.303104
9017,0.311296
9018,0.291840
9019,0.314368
9020,0.316416
9021,0.322560
9022,0.295936
9023,0.294912
9024,0.291840
9025,0.296960
9026,0.293888
9027,0.295936
9028,0.313344
9029,0.313344
9030,0.291840
9031,0.283648
9032,0.303104
9033,0.331776
9034,0.305152
9035,0.304128
9036,0.314368
9037,0.303104
9038,0.308224
9039,0.304128
9040,0.303104
9041,0.301056
9042,0.306176
9043,0.295936
9044,0.295936
9045,0.299008
9046,0.304128
9047,0.315392
9048,0.304128
9049,0.318464
9050,0.304128
9051,0.301056
9052,0.292864
9053,0.297984
9054,0.295936
9055,0.306176
9056,0.308224
9057,0.321536
9058,0.311296
9059,0.315392
9060,0.293888
9061,0.289792
9062,0.302080
9063,0.301056
9064,0.305152
9065,0.310272
9066,0.303104
9067,0.312320
9068,0.308224
9069,0.308224
9070,0.317440
9071,0.291840
9072,0.301056
9073,0.300032
9074,0.293888
9075,0.307200
9076,0.318464
9077,0.312320
9078,0.313344
9079,0.296960
9080,0.318464
9081,0.302080
9082,0.304128
9083,0.307200
9084,0.305152
9085,0.305152
9086,0.311296
9087,0.311296
9088,0.301056
9089,0.308224
9090,0.322560
9091,0.316416
9092,0.303104
9093,0.309248
9094,0.299008
9095,0.308224
9096,0.290816
9097,0.305152
9098,0.293888
9099,0.296960
9100,0.297984
9101,0.296960
9102,0.309248
9103,0.306176
9104,0.309248
9105,0.300032
9106,0.291840
9107,0.308224
9108,0.311296
9109,0.322560
9110,0.300032
9111,0.306176
9112,0.301056
9113,0.300032
9114,0.294912
9115,0.313344
9116,0.288768
9117,0.309248
9118,0.303104
9119,0.284672
9120,0.297984
9121,0.289792
9122,0.309248
9123,0.297984
9124,0.296960
9125,0.311296
9126,0.351232
9127,0.304128
9128,0.296960
9129,0.465920
9130,0.292864
9131,0.317440
9132,0.308224
9133,0.327680
9134,0.308224
9135,0.323584
9136,0.307200
9137,0.307200
9138,0.312320
9139,0.301056
9140,0.304128
9141,0.309248
9142,0.321536
9143,0.308224
9144,0.299008
9145,0.319488
9146,0.316416
9147,0.300032
9148,0.307200
9149,0.303104
9150,0.309248
9151,0.308224
9152,0.310272
9153,0.318464
9154,0.314368
9155,0.286720
9156,0.289792
9157,0.292864
9158,0.306176
9159,0.306176
9160,0.308224
9161,0.299008
9162,0.302080
9163,0.311296
9164,0.292864
9165,0.311296
9166,0.292864
9167,0.312320
9168,0.314368
9169,0.308224
9170,0.290816
9171,0.299008
9172,0.311296
9173,0.311296
9174,0.312320
9175,0.309248
9176,0.320512
9177,0.308224
9178,0.319488
9179,0.317440
9180,0.316416
9181,0.296960
9182,0.314368
9183,0.295936
9184,0.312320
9185,0.304128
9186,0.314368
9187,0.306176
9188,0.303104
9189,0.312320
9190,0.299008
9191,0.306176
9192,0.305152
9193,0.305152
9194,0.315392
9195,0.315392
9196,0.296960
9197,0.305152
9198,0.311296
9199,0.308224
9200,0.303104
9201,0.304128
9202,0.313344
9203,0.306176
9204,0.312320
9205,0.301056
9206,0.309248
9207,0.312320
9208,0.318464
9209,0.299008
9210,0.302080
9211,0.306176
9212,0.306176
9213,0.309248
9214,0.295936
9215,0.315392
9216,0.302080
9217,0.326656
9218,0.312320
9219,0.319488
9220,0.309248
9221,0.306176
9222,0.306176
9223,0.305152
9224,0.310272
9225,0.307200
9226,0.311296
9227,0.300032
9228,0.305152
9229,0.310272
9230,0.313344
9231,0.309248
9232,0.306176
9233,0.313344
9234,0.321536
9235,0.296960
9236,0.311296
9237,0.314368
9238,0.304128
9239,0.311296
9240,0.302080
9241,0.312320
9242,0.307200
9243,0.314368
9244,0.303104
9245,0.305152
9246,0.304128
9247,0.313344
9248,0.318464
9249,0.304128
9250,0.301056
9251,0.305152
9252,0.297984
9253,0.306176
9254,0.312320
9255,0.305152
9256,0.299008
9257,0.313344
9258,0.317440
9259,0.317440
9260,0.301056
9261,0.302080
9262,0.316416
9263,0.312320
9264,0.311296
9265,0.301056
9266,0.308224
9267,0.306176
9268,0.305152
9269,0.303104
9270,0.309248
9271,0.308224
9272,0.323584
9273,0.294912
9274,0.309248
9275,0.313344
9276,0.309248
9277,0.302080
9278,0.293888
9279,0.306176
9280,0.304128
9281,0.308224
9282,0.307200
9283,0.327680
9284,0.309248
9285,0.308224
9286,0.299008
9287,0.309248
9288,0.317440
9289,0.309248
9290,0.304128
9291,0.303104
9292,0.305152
9293,0.312320
9294,0.313344
9295,0.316416
9296,0.309248
9297,0.318464
9298,0.304128
9299,0.296960
9300,0.281600
9301,0.307200
9302,0.306176
9303,0.304128
9304,0.311296
9305,0.296960
9306,0.322560
9307,0.306176
9308,0.291840
9309,0.315392
9310,0.292864
9311,0.303104
9312,0.299008
9313,0.302080
9314,0.309248
9315,0.304128
9316,0.307200
9317,0.296960
9318,0.304128
9319,0.302080
9320,0.307200
9321,0.296960
9322,0.304128
9323,0.319488
9324,0.308224
9325,0.308224
9326,0.316416
9327,0.310272
9328,0.294912
9329,0.302080
9330,0.316416
9331,0.315392
9332,0.299008
9333,0.307200
9334,0.324608
9335,0.316416
9336,0.300032
9337,0.300032
9338,0.308224
9339,0.317440
9340,0.300032
9341,0.310272
9342,0.315392
9343,0.301056
9344,0.295936
9345,0.299008
9346,0.302080
9347,0.302080
9348,0.303104
9349,0.302080
9350,0.303104
9351,0.315392
9352,0.319488
9353,0.319488
9354,0.312320
9355,0.302080
9356,0.316416
9357,0.319488
9358,0.314368
9359,0.313344
9360,0.309248
9361,0.312320
9362,0.306176
9363,0.318464
9364,0.306176
9365,0.304128
9366,0.317440
9367,0.317440
9368,0.293888
9369,0.302080
9370,0.297984
9371,0.311296
9372,0.302080
9373,0.310272
9374,0.305152
9375,0.297984
9376,0.307200
9377,0.311296
9378,0.307200
9379,0.310272
9380,0.295936
9381,0.313344
9382,0.309248
9383,0.297984
9384,0.306176
9385,0.315392
9386,0.311296
9387,0.310272
9388,0.311296
9389,0.306176
9390,0.304128
9391,0.311296
9392,0.301056
9393,0.294912
9394,0.308224
9395,0.310272
9396,0.311296
9397,0.317440
9398,0.313344
9399,0.294912
9400,0.305152
9401,0.301056
9402,0.308224
9403,0.316416
9404,0.311296
9405,0.292864
9406,0.292864
9407,0.295936
9408,0.289792
9409,0.281600
9410,0.290816
9411,0.293888
9412,0.277504
9413,0.291840
9414,0.280576
9415,0.299008
9416,0.290816
9417,0.290816
9418,0.290816
9419,0.289792
9420,0.278528
9421,0.293888
9422,0.287744
9423,0.294912
9424,0.286720
9425,0.284672
9426,0.293888
9427,0.286720
9428,0.296960
9429,0.295936
9430,0.293888
9431,0.279552
9432,0.286720
9433,0.280576
9434,0.285696
9435,0.282624
9436,0.291840
9437,0.293888
9438,0.283648
9439,0.284672
9440,0.287744
9441,0.297984
9442,0.287744
9443,0.372736
9444,0.275456
9445,0.274432
9446,0.275456
9447,0.279552
9448,0.299008
9449,0.289792
9450,0.290816
9451,0.301056
9452,0.274432
9453,0.266240
9454,0.272384
9455,0.282624
9456,0.292864
9457,0.282624
9458,0.292864
9459,0.293888
9460,0.290816
9461,0.287744
9462,0.289792
9463,0.293888
9464,0.289792
9465,0.281600
9466,0.286720
9467,0.288768
9468,0.279552
9469,0.285696
9470,0.290816
9471,0.290816
9472,0.283648
9473,0.285696
9474,0.276480
9475,0.277504
9476,0.275456
9477,0.281600
9478,0.283648
9479,0.283648
9480,0.284672
9481,0.291840
9482,0.290816
9483,0.294912
9484,0.292864
9485,0.288768
9486,0.275456
9487,0.272384
9488,0.296960
9489,0.287744
9490,0.294912
9491,0.273408
9492,0.289792
9493,0.289792
9494,0.297984
9495,0.280576
9496,0.303104
9497,0.292864
9498,0.283648
9499,0.289792
9500,0.275456
9501,0.284672
9502,0.304128
9503,0.282624
9504,0.273408
9505,0.271360
9506,0.295936
9507,0.289792
9508,0.278528
9509,0.290816
9510,0.277504
9511,0.299008
9512,0.288768
9513,0.288768
9514,0.290816
9515,0.279552
9516,0.301056
9517,0.280576
9518,0.283648
9519,0.293888
9520,0.291840
9521,0.290816
9522,0.289792
9523,0.279552
9524,0.279552
9525,0.303104
9526,0.283648
9527,0.286720
9528,0.292864
9529,0.295936
9530,0.282624
9531,0.273408
9532,0.275456
9533,0.293888
9534,0.287744
9535,0.300032
9536,0.282624
9537,0.291840
9538,0.286720
9539,0.288768
9540,0.282624
9541,0.279552
9542,0.285696
9543,0.289792
9544,0.297984
9545,0.286720
9546,0.274432
9547,0.284672
9548,0.280576
9549,0.275456
9550,0.284672
9551,0.306176
9552,0.288768
9553,0.301056
9554,0.282624
9555,0.284672
9556,0.303104
9557,0.291840
9558,0.273408
9559,0.271360
9560,0.286720
9561,0.291840
9562,0.287744
9563,0.281600
9564,0.282624
9565,0.285696
9566,0.290816
9567,0.301056
9568,0.284672
9569,0.290816
9570,0.291840
9571,0.283648
9572,0.293888
9573,0.291840
9574,0.283648
9575,0.285696
9576,0.276480
9577,0.280576
9578,0.278528
9579,0.299008
9580,0.291840
9581,0.292864
9582,0.288768
9583,0.279552
9584,0.293888
9585,0.282624
9586,0.292864
9587,0.290816
9588,0.275456
9589,0.271360
9590,0.292864
9591,0.297984
9592,0.288768
9593,0.287744
9594,0.286720
9595,0.299008
9596,0.290816
9597,0.301056
9598,0.281600
9599,0.284672
9600,0.280576
9601,0.278528
9602,0.292864
9603,0.287744
9604,0.285696
9605,0.283648
9606,0.291840
9607,0.289792
9608,0.282624
9609,0.289792
9610,0.287744
9611,0.290816
9612,0.280576
9613,0.290816
9614,0.286720
9615,0.282624
9616,0.285696
9617,0.282624
9618,0.288768
9619,0.287744
9620,0.282624
9621,0.278528
9622,0.283648
9623,0.290816
9624,0.286720
9625,0.275456
9626,0.291840
9627,0.292864
9628,0.286720
9629,0.294912
9630,1.114112
9631,0.305152
9632,0.283648
9633,1.144832
9634,0.293888
9635,0.302080
9636,0.274432
9637,0.292864
9638,0.290816
9639,0.287744
9640,0.281600
9641,0.293888
9642,0.295936
9643,0.290816
9644,0.286720
9645,0.287744
9646,0.289792
9647,0.285696
9648,0.273408
9649,0.291840
9650,0.308224
9651,0.292864
9652,0.292864
9653,0.284672
9654,0.295936
9655,0.293888
9656,0.419840
9657,0.285696
9658,0.282624
9659,0.287744
9660,0.286720
9661,0.286720
9662,0.292864
9663,0.289792
9664,0.289792
9665,0.282624
9666,0.279552
9667,0.272384
9668,0.285696
9669,0.293888
9670,0.291840
9671,0.288768
9672,0.290816
9673,0.287744
9674,0.289792
9675,0.286720
9676,0.306176
9677,0.295936
9678,0.290816
9679,0.287744
9680,0.290816
9681,0.302080
9682,0.293888
9683,0.281600
9684,0.282624
9685,0.279552
9686,0.287744
9687,0.291840
9688,0.276480
9689,0.285696
9690,0.292864
9691,0.279552
9692,0.282624
9693,0.293888
9694,0.280576
9695,0.294912
9696,0.284672
9697,0.283648
9698,0.291840
9699,0.283648
9700,0.281600
9701,0.290816
9702,0.289792
9703,0.292864
9704,0.282624
9705,0.286720
9706,0.290816
9707,0.282624
9708,0.278528
9709,0.285696
9710,0.285696
9711,0.286720
9712,0.277504
9713,0.277504
9714,0.297984
9715,0.277504
9716,0.285696
9717,0.280576
9718,1.364992
9719,0.293888
9720,0.302080
9721,0.286720
9722,0.284672
9723,0.289792
9724,0.306176
9725,0.277504
9726,0.295936
9727,0.294912
9728,0.293888
9729,0.279552
9730,0.281600
9731,0.368640
9732,0.285696
9733,0.297984
9734,0.286720
9735,0.287744
9736,0.300032
9737,0.834560
9738,0.294912
9739,0.282624
9740,0.280576
9741,0.278528
9742,0.287744
9743,0.283648
9744,0.284672
9745,0.284672
9746,0.283648
9747,0.293888
9748,0.284672
9749,0.276480
9750,0.277504
9751,0.284672
9752,0.265216
9753,0.730112
9754,0.281600
9755,0.272384
9756,0.274432
9757,0.271360
9758,1.201152
9759,0.316416
9760,0.286720
9761,0.285696
9762,0.277504
9763,0.283648
9764,0.287744
9765,0.282624
9766,0.286720
9767,0.286720
9768,0.287744
9769,0.280576
9770,0.284672
9771,0.288768
9772,0.281600
9773,0.274432
9774,0.278528
9775,0.282624
9776,0.288768
9777,0.286720
9778,0.279552
9779,0.290816
9780,0.272384
9781,0.281600
9782,0.284672
9783,0.284672
9784,0.285696
9785,0.285696
9786,0.281600
9787,0.294912
9788,0.273408
9789,0.284672
9790,0.282624
9791,0.285696
9792,0.284672
9793,0.285696
9794,0.282624
9795,0.275456
9796,0.269312
9797,0.290816
9798,0.276480
9799,0.269312
9800,0.287744
9801,0.280576
9802,0.278528
9803,0.284672
9804,0.292864
9805,0.279552
9806,0.287744
9807,0.278528
9808,0.283648
9809,0.288768
9810,0.284672
9811,0.279552
9812,0.280576
9813,0.283648
9814,0.274432
9815,0.281600
9816,0.283648
9817,0.287744
9818,0.301056
9819,0.278528
9820,0.289792
9821,0.286720
9822,0.420864
9823,0.296960
9824,0.294912
9825,0.280576
9826,0.301056
9827,0.275456
9828,0.279552
9829,0.281600
9830,0.268288
9831,0.293888
9832,0.270336
9833,0.290816
9834,0.434176
9835,0.277504
9836,0.281600
9837,0.436224
9838,0.286720
9839,0.279552
9840,0.329728
9841,0.278528
9842,0.270336
9843,0.272384
9844,0.274432
9845,0.285696
9846,0.280576
9847,0.286720
9848,0.270336
9849,0.304128
9850,0.291840
9851,0.281600
9852,0.281600
9853,0.280576
9854,0.273408
9855,0.285696
9856,0.277504
9857,0.273408
9858,0.267264
9859,0.277504
9860,0.279552
9861,0.285696
9862,0.280576
9863,0.273408
9864,0.274432
9865,0.278528
9866,0.270336
9867,0.270336
9868,0.287744
9869,0.271360
9870,0.283648
9871,0.278528
9872,0.285696
9873,0.262144
9874,0.285696
9875,0.278528
9876,0.288768
9877,0.284672
9878,0.278528
9879,0.283648
9880,0.288768
9881,0.275456
9882,0.275456
9883,0.291840
9884,0.290816
9885,0.287744
9886,0.293888
9887,0.262144
9888,0.260096
9889,0.270336
9890,0.266240
9891,0.261120
9892,0.262144
9893,0.267264
9894,0.271360
9895,0.263168
9896,0.262144
9897,0.274432
9898,0.261120
9899,0.273408
9900,0.262144
9901,0.263168
9902,0.267264
9903,0.269312
9904,0.266240
9905,0.265216
9906,0.274432
9907,0.263168
9908,0.269312
9909,0.262144
9910,0.266240
9911,0.266240
9912,0.265216
9913,0.271360
9914,0.269312
9915,0.265216
9916,0.267264
9917,0.262144
9918,0.273408
9919,0.273408
9920,0.266240
9921,0.268288
9922,0.258048
9923,0.277504
9924,0.274432
9925,0.259072
9926,0.266240
9927,0.271360
9928,0.266240
9929,0.266240
9930,0.260096
9931,0.264192
9932,0.274432
9933,0.271360
9934,0.264192
9935,0.271360
9936,0.251904
9937,0.262144
9938,0.256000
9939,0.266240
9940,0.269312
9941,0.262144
9942,0.262144
9943,0.259072
9944,0.265216
9945,0.257024
9946,0.266240
9947,0.250880
9948,0.267264
9949,0.259072
9950,0.254976
9951,0.253952
9952,0.259072
9953,0.261120
9954,0.263168
9955,0.265216
9956,0.258048
9957,0.262144
9958,0.259072
9959,0.260096
9960,0.261120
9961,0.259072
9962,0.253952
9963,0.246784
9964,0.262144
9965,0.265216
9966,0.257024
9967,0.266240
9968,0.257024
9969,0.260096
9970,0.254976
9971,0.256000
9972,0.254976
9973,0.252928
9974,0.263168
9975,0.256000
9976,0.269312
9977,0.260096
9978,0.266240
9979,0.263168
9980,0.259072
9981,0.261120
9982,0.261120
9983,0.270336
9984,0.269312
9985,0.268288
9986,0.259072
9987,0.261120
9988,0.265216
9989,0.261120
9990,0.261120
9991,0.256000
9992,0.263168
9993,0.266240
9994,0.262144
9995,0.256000
9996,0.261120
9997,0.262144
9998,0.258048
9999,0.259072
