iter,ms
0,1.043456
1,1.107968
2,1.060864
3,1.159168
4,1.230848
5,1.139712
6,1.099776
7,1.107968
8,1.118208
9,1.115136
10,1.124352
11,1.106944
12,1.128448
13,1.141760
14,1.118208
15,1.102848
16,1.098752
17,1.073152
18,1.071104
19,1.122304
20,1.051648
21,1.107968
22,1.134592
23,1.110016
24,1.103872
25,1.128448
26,1.111040
27,1.102848
28,1.115136
29,1.086464
30,1.084416
31,1.152000
32,1.167360
33,1.138688
34,1.152000
35,1.166336
36,1.139712
37,1.166336
38,1.186816
39,1.147904
40,1.222656
41,1.155072
42,1.159168
43,1.145856
44,1.167360
45,1.150976
46,1.146880
47,1.132544
48,1.170432
49,1.147904
50,1.160192
51,1.146880
52,1.169408
53,1.141760
54,1.042432
55,1.067008
56,1.161216
57,1.160192
58,1.204224
59,1.117184
60,1.122304
61,1.150976
62,1.163264
63,1.139712
64,1.189888
65,1.168384
66,1.186816
67,1.158144
68,1.205248
69,1.140736
70,1.173504
71,1.159168
72,1.165312
73,1.249280
74,1.141760
75,1.138688
76,1.242112
77,1.048576
78,1.176576
79,1.167360
80,1.173504
81,1.160192
82,1.145856
83,1.160192
84,1.168384
85,1.249280
86,1.195008
87,1.158144
88,1.205248
89,1.201152
90,1.206272
91,1.185792
92,1.200128
93,1.224704
94,1.212416
95,1.190912
96,1.215488
97,1.230848
98,1.270784
99,1.217536
100,1.258496
101,1.217536
102,1.258496
103,1.207296
104,1.236992
105,0.920576
106,0.634880
107,0.613376
108,0.604160
109,0.591872
110,1.283072
111,1.275904
112,1.242112
113,1.252352
114,1.179648
115,1.165312
116,1.166336
117,1.188864
118,1.193984
119,1.166336
120,1.211392
121,1.191936
122,1.170432
123,1.193984
124,1.176576
125,1.177600
126,1.180672
127,1.265664
128,1.285120
129,1.217536
130,1.226752
131,1.300480
132,1.212416
133,1.219584
134,1.216512
135,1.213440
136,1.219584
137,1.238016
138,1.248256
139,1.100800
140,1.198080
141,1.217536
142,1.146880
143,1.166336
144,1.202176
145,1.214464
146,1.164288
147,1.213440
148,1.182720
149,1.287168
150,1.185792
151,1.201152
152,1.161216
153,1.191936
154,1.179648
155,1.149952
156,1.185792
157,1.198080
158,1.223680
159,1.027072
160,0.809984
161,1.127424
162,1.147904
163,1.188864
164,1.173504
165,1.159168
166,1.253376
167,1.242112
168,1.236992
169,1.278976
170,1.191936
171,1.201152
172,1.227776
173,1.313792
174,1.215488
175,1.248256
176,1.261568
177,1.172480
178,1.244160
179,1.269760
180,1.252352
181,1.234944
182,1.244160
183,1.229824
184,1.220608
185,1.261568
186,1.249280
187,1.192960
188,1.220608
189,1.259520
190,1.090560
191,1.207296
192,1.200128
193,1.242112
194,1.233920
195,1.251328
196,1.227776
197,1.208320
198,1.232896
199,1.258496
200,1.249280
201,1.217536
202,1.252352
203,1.215488
204,1.202176
205,1.236992
206,1.246208
207,1.232896
208,1.221632
209,1.185792
210,0.921600
211,0.749568
212,0.600064
213,0.591872
214,0.596992
215,0.596992
216,0.577536
217,1.246208
218,1.230848
219,1.271808
220,1.285120
221,1.256448
222,1.269760
223,1.211392
224,1.217536
225,1.266688
226,1.263616
227,1.236992
228,1.228800
229,1.246208
230,1.234944
231,1.217536
232,1.285120
233,1.276928
234,1.311744
235,1.367040
236,1.312768
237,1.289216
238,1.257472
239,1.286144
240,1.307648
241,1.305600
242,1.264640
243,1.347584
244,1.395712
245,1.253376
246,1.387520
247,1.333248
248,1.314816
249,1.333248
250,1.361920
251,1.342464
252,1.267712
253,1.318912
254,1.319936
255,1.329152
256,1.307648
257,1.362944
258,1.337344
259,1.370112
260,1.376256
261,1.330176
262,1.404928
263,1.065984
264,0.641024
265,0.588800
266,0.583680
267,0.598016
268,1.366016
269,1.404928
270,1.397760
271,1.342464
272,1.315840
273,1.324032
274,1.301504
275,1.339392
276,1.297408
277,1.301504
278,1.327104
279,1.323008
280,1.384448
281,1.369088
282,1.311744
283,1.337344
284,1.296384
285,1.315840
286,1.360896
287,1.333248
288,1.339392
289,1.336320
290,1.313792
291,1.308672
292,1.348608
293,1.357824
294,1.388544
295,1.324032
296,1.287168
297,1.337344
298,1.316864
299,1.307648
300,1.301504
301,1.306624
302,1.350656
303,1.311744
304,1.366016
305,1.316864
306,1.299456
307,1.313792
308,1.324032
309,1.324032
310,1.342464
311,1.326080
312,1.295360
313,0.967680
314,1.320960
315,1.197056
316,1.253376
317,1.317888
318,1.290240
319,1.317888
320,1.293312
321,1.336320
322,1.361920
323,1.319936
324,1.339392
325,1.328128
326,1.307648
327,1.349632
328,1.334272
329,1.334272
330,1.306624
331,1.311744
332,1.294336
333,1.363968
334,1.327104
335,1.330176
336,1.320960
337,1.323008
338,1.305600
339,1.296384
340,1.340416
341,1.308672
342,1.306624
343,1.312768
344,1.344512
345,1.345536
346,1.321984
347,1.284096
348,1.314816
349,1.336320
350,1.346560
351,1.346560
352,1.339392
353,1.311744
354,1.376256
355,1.263616
356,1.299456
357,1.294336
358,1.304576
359,1.244160
360,0.897024
361,0.610304
362,0.606208
363,0.606208
364,0.609280
365,0.602112
366,1.376256
367,1.339392
368,1.276928
369,1.354752
370,1.364992
371,1.274880
372,1.348608
373,1.292288
374,1.323008
375,1.358848
376,1.350656
377,1.300480
378,1.368064
379,1.361920
380,1.296384
381,1.312768
382,1.390592
383,1.339392
384,1.313792
385,1.318912
386,1.398784
387,1.348608
388,1.377280
389,1.323008
390,1.329152
391,1.348608
392,1.353728
393,1.330176
394,1.342464
395,1.336320
396,1.354752
397,1.314816
398,1.357824
399,1.334272
400,1.334272
401,1.310720
402,1.329152
403,1.356800
404,1.370112
405,1.321984
406,1.323008
407,1.285120
408,1.332224
409,1.343488
410,1.376256
411,0.972800
412,0.617472
413,0.591872
414,0.581632
415,1.413120
416,1.372160
417,1.212416
418,1.351680
419,1.328128
420,1.349632
421,1.345536
422,1.356800
423,1.315840
424,1.299456
425,1.360896
426,1.333248
427,1.331200
428,1.363968
429,1.300480
430,1.377280
431,1.344512
432,1.317888
433,1.315840
434,1.345536
435,1.274880
436,1.348608
437,1.321984
438,1.314816
439,1.372160
440,1.307648
441,1.330176
442,1.354752
443,1.335296
444,1.331200
445,1.386496
446,1.348608
447,1.381376
448,1.354752
449,1.362944
450,1.341440
451,1.357824
452,1.377280
453,1.349632
454,1.352704
455,1.369088
456,1.333248
457,1.311744
458,1.289216
459,1.191936
460,0.764928
461,0.606208
462,0.590848
463,0.587776
464,0.588800
465,0.587776
466,0.561152
467,0.553984
468,1.363968
469,1.315840
470,1.341440
471,1.359872
472,1.371136
473,1.392640
474,1.390592
475,1.371136
476,1.332224
477,1.323008
478,1.339392
479,1.330176
480,1.312768
481,1.342464
482,1.278976
483,1.348608
484,1.333248
485,1.343488
486,1.346560
487,1.345536
488,1.346560
489,1.292288
490,1.384448
491,1.368064
492,1.350656
493,1.352704
494,1.318912
495,1.364992
496,1.332224
497,1.366016
498,1.298432
499,1.286144
500,1.337344
501,1.335296
502,1.369088
503,1.321984
504,1.371136
505,1.344512
506,1.306624
507,1.328128
508,1.378304
509,1.361920
510,1.373184
511,1.364992
512,1.182720
513,1.275904
514,0.996352
515,1.292288
516,1.321984
517,1.229824
518,1.290240
519,1.344512
520,1.302528
521,1.260544
522,1.394688
523,1.427456
524,1.345536
525,1.296384
526,1.418240
527,1.328128
528,1.345536
529,1.271808
530,1.305600
531,1.273856
532,1.357824
533,1.313792
534,1.342464
535,1.295360
536,1.379328
537,1.378304
538,1.355776
539,1.355776
540,1.326080
541,1.327104
542,1.368064
543,1.306624
544,1.360896
545,1.354752
546,1.335296
547,1.316864
548,1.283072
549,1.368064
550,1.312768
551,1.378304
552,1.382400
553,1.337344
554,1.346560
555,1.382400
556,1.302528
557,1.294336
558,1.045504
559,0.805888
560,0.647168
561,0.605184
562,0.595968
563,1.335296
564,1.371136
565,1.354752
566,1.428480
567,1.348608
568,1.339392
569,1.395712
570,1.312768
571,1.391616
572,1.349632
573,1.348608
574,1.349632
575,1.314816
576,1.319936
577,1.311744
578,1.306624
579,1.385472
580,1.374208
581,1.326080
582,1.342464
583,1.364992
584,1.308672
585,1.349632
586,1.381376
587,1.332224
588,1.301504
589,1.331200
590,1.304576
591,1.323008
592,1.320960
593,1.339392
594,1.323008
595,1.326080
596,1.349632
597,1.353728
598,1.319936
599,1.332224
600,1.355776
601,1.406976
602,1.348608
603,1.358848
604,1.337344
605,1.347584
606,1.334272
607,1.113088
608,0.699392
609,0.632832
610,0.630784
611,0.629760
612,0.598016
613,0.594944
614,1.383424
615,1.310720
616,1.239040
617,1.278976
618,1.351680
619,1.349632
620,1.360896
621,1.324032
622,1.291264
623,1.316864
624,1.347584
625,1.274880
626,1.296384
627,1.347584
628,1.377280
629,1.389568
630,1.321984
631,1.321984
632,1.332224
633,1.304576
634,1.366016
635,1.313792
636,1.311744
637,1.372160
638,1.395712
639,1.343488
640,1.341440
641,1.275904
642,1.358848
643,1.316864
644,1.334272
645,1.314816
646,1.379328
647,1.328128
648,1.333248
649,1.317888
650,1.376256
651,1.381376
652,1.340416
653,1.326080
654,1.372160
655,1.337344
656,1.316864
657,1.334272
658,1.241088
659,0.915456
660,0.716800
661,0.630784
662,1.357824
663,1.414144
664,1.308672
665,1.254400
666,1.326080
667,1.329152
668,1.316864
669,1.387520
670,1.360896
671,1.343488
672,1.359872
673,1.392640
674,1.334272
675,1.357824
676,1.349632
677,1.331200
678,1.313792
679,1.326080
680,1.370112
681,1.354752
682,1.354752
683,1.326080
684,1.382400
685,1.370112
686,1.374208
687,1.374208
688,1.384448
689,1.350656
690,1.346560
691,1.356800
692,1.297408
693,1.300480
694,1.297408
695,1.290240
696,1.361920
697,1.362944
698,1.363968
699,1.353728
700,1.324032
701,1.360896
702,1.325056
703,1.309696
704,1.342464
705,1.341440
706,1.229824
707,1.137664
708,1.304576
709,1.293312
710,1.321984
711,1.316864
712,1.296384
713,1.318912
714,1.324032
715,1.330176
716,1.313792
717,1.319936
718,1.327104
719,1.313792
720,1.317888
721,1.337344
722,1.349632
723,1.370112
724,1.353728
725,1.311744
726,1.358848
727,1.281024
728,1.343488
729,1.329152
730,1.269760
731,1.314816
732,1.317888
733,1.319936
734,1.338368
735,1.330176
736,1.360896
737,1.311744
738,1.354752
739,1.327104
740,1.368064
741,1.346560
742,1.319936
743,1.304576
744,1.291264
745,1.338368
746,1.361920
747,1.324032
748,1.333248
749,1.366016
750,1.338368
751,0.982016
752,0.755712
753,0.692224
754,1.336320
755,1.282048
756,1.288192
757,1.330176
758,1.339392
759,1.370112
760,1.326080
761,1.317888
762,1.379328
763,1.330176
764,1.301504
765,1.283072
766,1.305600
767,1.277952
768,1.326080
769,1.323008
770,1.288192
771,1.301504
772,1.373184
773,1.368064
774,1.333248
775,1.316864
776,1.316864
777,1.334272
778,1.338368
779,1.332224
780,1.276928
781,1.306624
782,1.341440
783,1.360896
784,1.264640
785,1.313792
786,1.286144
787,1.372160
788,1.318912
789,1.358848
790,1.304576
791,1.369088
792,1.372160
793,1.307648
794,1.328128
795,1.424384
796,1.378304
797,1.320960
798,1.327104
799,1.224704
800,1.187840
801,1.284096
802,1.310720
803,1.340416
804,1.282048
805,1.335296
806,1.290240
807,1.335296
808,1.326080
809,1.336320
810,1.268736
811,1.321984
812,1.308672
813,1.369088
814,1.395712
815,1.344512
816,1.353728
817,1.351680
818,1.312768
819,1.321984
820,1.358848
821,1.370112
822,1.323008
823,1.351680
824,1.358848
825,1.370112
826,1.319936
827,1.324032
828,1.382400
829,1.361920
830,1.304576
831,1.327104
832,1.308672
833,1.328128
834,1.388544
835,1.346560
836,1.345536
837,1.372160
838,1.302528
839,1.292288
840,1.324032
841,1.361920
842,1.317888
843,1.327104
844,1.227776
845,0.939008
846,0.655360
847,1.373184
848,1.375232
849,1.395712
850,1.333248
851,1.287168
852,1.299456
853,1.356800
854,1.368064
855,1.356800
856,1.348608
857,1.316864
858,1.368064
859,1.354752
860,1.348608
861,1.345536
862,1.358848
863,1.329152
864,1.360896
865,1.360896
866,1.337344
867,1.359872
868,1.271808
869,1.308672
870,1.352704
871,1.340416
872,1.359872
873,1.316864
874,1.316864
875,1.328128
876,1.313792
877,1.353728
878,1.356800
879,1.502208
880,1.297408
881,1.351680
882,1.352704
883,1.308672
884,1.299456
885,1.316864
886,1.302528
887,1.297408
888,1.396736
889,1.366016
890,1.301504
891,1.103872
892,0.705536
893,0.649216
894,0.614400
895,0.602112
896,0.598016
897,1.387520
898,1.403904
899,1.396736
900,1.313792
901,1.366016
902,1.401856
903,1.321984
904,1.318912
905,1.364992
906,1.356800
907,1.361920
908,1.353728
909,1.344512
910,1.348608
911,1.373184
912,1.312768
913,1.369088
914,1.320960
915,1.347584
916,1.336320
917,1.332224
918,1.334272
919,1.363968
920,1.311744
921,1.370112
922,1.408000
923,1.318912
924,1.357824
925,1.310720
926,1.311744
927,1.306624
928,1.314816
929,1.375232
930,1.297408
931,1.323008
932,1.379328
933,1.382400
934,1.341440
935,1.341440
936,1.347584
937,1.369088
938,1.319936
939,1.230848
940,1.339392
941,1.094656
942,0.753664
943,0.652288
944,0.645120
945,0.638976
946,0.617472
947,0.614400
948,1.367040
949,1.319936
950,1.426432
951,1.362944
952,1.315840
953,1.362944
954,1.329152
955,1.356800
956,1.360896
957,1.341440
958,1.380352
959,1.352704
960,1.309696
961,1.338368
962,1.343488
963,1.342464
964,1.299456
965,1.364992
966,1.337344
967,1.346560
968,1.304576
969,1.336320
970,1.338368
971,1.362944
972,1.346560
973,1.411072
974,1.297408
975,1.378304
976,1.340416
977,1.302528
978,1.299456
979,1.304576
980,1.364992
981,1.335296
982,1.306624
983,1.333248
984,1.354752
985,1.318912
986,1.349632
987,1.287168
988,1.280000
989,1.339392
990,1.300480
991,1.370112
992,1.272832
993,1.368064
994,1.302528
995,1.361920
996,1.378304
997,1.376256
998,1.374208
999,1.310720
1000,1.362944
1001,1.339392
1002,1.329152
1003,1.358848
1004,1.340416
1005,1.315840
1006,1.338368
1007,1.348608
1008,1.320960
1009,1.299456
1010,1.348608
1011,1.345536
1012,1.360896
1013,1.306624
1014,1.359872
1015,1.257472
1016,1.356800
1017,1.291264
1018,1.244160
1019,1.357824
1020,1.373184
1021,1.345536
1022,1.317888
1023,1.354752
1024,1.323008
1025,1.347584
1026,1.350656
1027,1.354752
1028,1.320960
1029,1.288192
1030,1.337344
1031,1.360896
1032,1.334272
1033,1.337344
1034,1.343488
1035,1.303552
1036,1.341440
1037,1.195008
1038,0.936960
1039,1.242112
1040,1.178624
1041,1.315840
1042,1.340416
1043,1.288192
1044,1.308672
1045,1.351680
1046,1.314816
1047,1.307648
1048,1.352704
1049,1.353728
1050,1.349632
1051,1.321984
1052,1.361920
1053,1.376256
1054,1.343488
1055,1.360896
1056,1.347584
1057,1.339392
1058,1.368064
1059,1.341440
1060,1.314816
1061,1.320960
1062,1.374208
1063,1.332224
1064,1.500160
1065,1.352704
1066,1.326080
1067,1.300480
1068,1.327104
1069,1.340416
1070,1.320960
1071,1.354752
1072,1.341440
1073,1.325056
1074,1.368064
1075,1.356800
1076,1.346560
1077,1.327104
1078,1.343488
1079,1.366016
1080,1.292288
1081,1.323008
1082,1.336320
1083,1.291264
1084,0.920576
1085,1.327104
1086,1.177600
1087,1.364992
1088,1.356800
1089,1.340416
1090,1.351680
1091,1.309696
1092,1.352704
1093,1.380352
1094,1.337344
1095,1.373184
1096,1.347584
1097,1.390592
1098,1.342464
1099,1.353728
1100,1.327104
1101,1.297408
1102,1.343488
1103,1.340416
1104,1.354752
1105,1.319936
1106,1.359872
1107,1.302528
1108,1.382400
1109,1.338368
1110,1.347584
1111,1.331200
1112,1.342464
1113,1.351680
1114,1.344512
1115,1.292288
1116,1.331200
1117,1.351680
1118,1.344512
1119,1.314816
1120,1.333248
1121,1.334272
1122,1.362944
1123,1.335296
1124,1.362944
1125,1.354752
1126,1.267712
1127,1.368064
1128,1.294336
1129,1.286144
1130,1.220608
1131,1.139712
1132,1.341440
1133,1.315840
1134,1.325056
1135,1.317888
1136,1.312768
1137,1.324032
1138,1.317888
1139,1.357824
1140,1.334272
1141,1.304576
1142,1.306624
1143,1.396736
1144,1.318912
1145,1.343488
1146,1.254400
1147,1.339392
1148,1.324032
1149,1.351680
1150,1.297408
1151,1.315840
1152,1.349632
1153,1.375232
1154,1.299456
1155,1.355776
1156,1.363968
1157,1.291264
1158,1.393664
1159,1.329152
1160,1.353728
1161,1.371136
1162,1.368064
1163,1.342464
1164,1.331200
1165,1.366016
1166,1.357824
1167,1.332224
1168,1.343488
1169,1.311744
1170,1.362944
1171,1.351680
1172,1.360896
1173,1.318912
1174,1.359872
1175,1.163264
1176,1.177600
1177,1.252352
1178,1.263616
1179,1.302528
1180,1.314816
1181,1.342464
1182,1.320960
1183,1.301504
1184,1.338368
1185,1.357824
1186,1.303552
1187,1.323008
1188,1.336320
1189,1.335296
1190,1.232896
1191,1.380352
1192,1.384448
1193,1.358848
1194,1.341440
1195,1.351680
1196,1.311744
1197,1.294336
1198,1.310720
1199,1.308672
1200,1.376256
1201,1.328128
1202,1.304576
1203,1.374208
1204,1.339392
1205,1.335296
1206,1.331200
1207,1.366016
1208,1.349632
1209,1.364992
1210,1.350656
1211,1.368064
1212,1.332224
1213,1.342464
1214,1.321984
1215,1.379328
1216,1.325056
1217,1.347584
1218,1.340416
1219,1.347584
1220,1.231872
1221,1.192960
1222,1.326080
1223,1.203200
1224,1.329152
1225,1.331200
1226,1.276928
1227,1.333248
1228,1.380352
1229,1.336320
1230,1.326080
1231,1.335296
1232,1.325056
1233,1.336320
1234,1.351680
1235,1.344512
1236,1.336320
1237,1.355776
1238,1.353728
1239,1.368064
1240,1.324032
1241,1.350656
1242,1.341440
1243,1.333248
1244,1.327104
1245,1.350656
1246,1.342464
1247,1.296384
1248,1.346560
1249,1.313792
1250,1.337344
1251,1.270784
1252,1.399808
1253,1.372160
1254,1.363968
1255,1.387520
1256,1.386496
1257,1.379328
1258,1.339392
1259,1.309696
1260,1.332224
1261,1.372160
1262,1.357824
1263,1.358848
1264,1.273856
1265,0.922624
1266,0.686080
1267,1.346560
1268,1.277952
1269,1.305600
1270,1.349632
1271,1.321984
1272,1.308672
1273,1.360896
1274,1.393664
1275,1.323008
1276,1.370112
1277,1.316864
1278,1.313792
1279,1.304576
1280,1.317888
1281,1.333248
1282,1.342464
1283,1.343488
1284,1.307648
1285,1.347584
1286,1.333248
1287,1.350656
1288,1.312768
1289,1.398784
1290,1.342464
1291,1.338368
1292,1.341440
1293,1.415168
1294,1.339392
1295,1.392640
1296,1.331200
1297,1.298432
1298,1.308672
1299,1.339392
1300,1.283072
1301,1.338368
1302,1.300480
1303,1.351680
1304,1.362944
1305,1.366016
1306,1.345536
1307,1.321984
1308,1.299456
1309,1.327104
1310,1.302528
1311,1.352704
1312,1.273856
1313,1.204224
1314,1.339392
1315,1.317888
1316,1.330176
1317,1.351680
1318,1.352704
1319,1.327104
1320,1.325056
1321,1.324032
1322,1.290240
1323,1.356800
1324,1.347584
1325,1.327104
1326,1.312768
1327,1.333248
1328,1.311744
1329,1.375232
1330,1.309696
1331,1.298432
1332,1.285120
1333,1.323008
1334,1.298432
1335,1.314816
1336,1.308672
1337,1.303552
1338,1.289216
1339,1.282048
1340,1.278976
1341,1.311744
1342,1.338368
1343,1.342464
1344,1.307648
1345,1.352704
1346,1.356800
1347,1.311744
1348,1.401856
1349,1.401856
1350,1.344512
1351,1.301504
1352,1.359872
1353,1.352704
1354,1.368064
1355,1.342464
1356,1.328128
1357,1.166336
1358,0.722944
1359,0.609280
1360,0.596992
1361,0.589824
1362,0.581632
1363,0.577536
1364,1.345536
1365,1.285120
1366,1.226752
1367,1.274880
1368,1.348608
1369,1.359872
1370,1.307648
1371,1.335296
1372,1.419264
1373,1.312768
1374,1.301504
1375,1.307648
1376,1.269760
1377,1.316864
1378,1.382400
1379,1.303552
1380,1.348608
1381,1.349632
1382,1.353728
1383,1.321984
1384,1.390592
1385,1.358848
1386,1.344512
1387,1.355776
1388,1.376256
1389,1.354752
1390,1.374208
1391,1.384448
1392,1.397760
1393,1.327104
1394,1.362944
1395,1.338368
1396,1.307648
1397,1.318912
1398,1.343488
1399,1.363968
1400,1.314816
1401,1.311744
1402,1.324032
1403,1.312768
1404,1.357824
1405,1.345536
1406,1.355776
1407,1.385472
1408,1.236992
1409,0.703488
1410,0.648192
1411,0.621568
1412,0.621568
1413,0.622592
1414,0.611328
1415,1.386496
1416,1.396736
1417,1.352704
1418,1.385472
1419,1.394688
1420,1.371136
1421,1.298432
1422,1.380352
1423,1.325056
1424,1.357824
1425,1.367040
1426,1.336320
1427,1.340416
1428,1.390592
1429,1.344512
1430,1.332224
1431,1.346560
1432,1.342464
1433,1.336320
1434,1.383424
1435,1.366016
1436,1.296384
1437,1.363968
1438,1.353728
1439,1.342464
1440,1.345536
1441,1.299456
1442,1.344512
1443,1.343488
1444,1.300480
1445,1.356800
1446,1.310720
1447,1.404928
1448,1.256448
1449,1.346560
1450,1.331200
1451,1.396736
1452,1.356800
1453,1.338368
1454,1.342464
1455,1.388544
1456,1.333248
1457,1.340416
1458,1.258496
1459,1.427456
1460,1.330176
1461,1.340416
1462,1.392640
1463,1.326080
1464,1.353728
1465,1.357824
1466,1.347584
1467,1.337344
1468,1.335296
1469,1.360896
1470,1.342464
1471,1.308672
1472,1.320960
1473,1.348608
1474,1.350656
1475,1.299456
1476,1.348608
1477,1.357824
1478,1.375232
1479,1.344512
1480,1.345536
1481,1.334272
1482,1.298432
1483,1.394688
1484,1.367040
1485,1.323008
1486,1.345536
1487,1.391616
1488,1.377280
1489,1.344512
1490,1.317888
1491,1.348608
1492,1.316864
1493,1.343488
1494,1.337344
1495,1.346560
1496,1.338368
1497,1.299456
1498,1.345536
1499,1.340416
1500,1.351680
1501,1.298432
1502,1.331200
1503,1.203200
1504,1.054720
1505,1.364992
1506,1.275904
1507,1.257472
1508,1.295360
1509,1.362944
1510,1.301504
1511,1.335296
1512,1.371136
1513,1.335296
1514,1.349632
1515,1.344512
1516,1.325056
1517,1.378304
1518,1.351680
1519,1.333248
1520,1.329152
1521,1.299456
1522,1.397760
1523,1.341440
1524,1.353728
1525,1.335296
1526,1.351680
1527,1.342464
1528,1.336320
1529,1.355776
1530,1.337344
1531,1.360896
1532,1.350656
1533,1.317888
1534,1.298432
1535,1.348608
1536,1.302528
1537,1.335296
1538,1.320960
1539,1.348608
1540,1.296384
1541,1.316864
1542,1.294336
1543,1.355776
1544,1.287168
1545,1.304576
1546,1.308672
1547,1.301504
1548,1.333248
1549,1.202176
1550,0.910336
1551,0.717824
1552,0.934912
1553,1.080320
1554,1.309696
1555,1.353728
1556,1.347584
1557,1.368064
1558,1.338368
1559,1.281024
1560,1.328128
1561,1.389568
1562,1.373184
1563,1.356800
1564,1.361920
1565,1.338368
1566,1.323008
1567,1.348608
1568,1.369088
1569,1.308672
1570,1.348608
1571,1.336320
1572,1.306624
1573,1.334272
1574,1.338368
1575,1.362944
1576,1.331200
1577,1.354752
1578,1.287168
1579,1.314816
1580,1.372160
1581,1.354752
1582,1.342464
1583,1.345536
1584,1.340416
1585,1.328128
1586,1.355776
1587,1.393664
1588,1.376256
1589,1.354752
1590,1.357824
1591,1.338368
1592,1.392640
1593,1.336320
1594,1.377280
1595,1.335296
1596,1.352704
1597,1.246208
1598,0.724992
1599,0.598016
1600,1.290240
1601,1.288192
1602,1.299456
1603,1.341440
1604,1.402880
1605,1.310720
1606,1.403904
1607,1.410048
1608,1.306624
1609,1.334272
1610,1.326080
1611,1.337344
1612,1.314816
1613,1.330176
1614,1.332224
1615,1.360896
1616,1.377280
1617,1.312768
1618,1.338368
1619,1.379328
1620,1.313792
1621,1.331200
1622,1.333248
1623,1.334272
1624,1.316864
1625,1.283072
1626,1.299456
1627,1.292288
1628,1.385472
1629,1.336320
1630,1.335296
1631,1.368064
1632,1.362944
1633,1.323008
1634,1.373184
1635,1.354752
1636,1.386496
1637,1.321984
1638,1.382400
1639,1.354752
1640,1.274880
1641,1.337344
1642,1.281024
1643,1.259520
1644,1.089536
1645,0.731136
1646,0.614400
1647,0.599040
1648,1.263616
1649,1.299456
1650,1.309696
1651,1.273856
1652,1.342464
1653,1.356800
1654,1.329152
1655,1.343488
1656,1.303552
1657,1.320960
1658,1.370112
1659,1.355776
1660,1.398784
1661,1.340416
1662,1.398784
1663,1.331200
1664,1.295360
1665,1.346560
1666,1.384448
1667,1.335296
1668,1.382400
1669,1.335296
1670,1.310720
1671,1.398784
1672,1.346560
1673,1.287168
1674,1.345536
1675,1.340416
1676,1.385472
1677,1.311744
1678,1.342464
1679,1.348608
1680,1.317888
1681,1.370112
1682,1.347584
1683,1.361920
1684,1.354752
1685,1.292288
1686,1.317888
1687,1.350656
1688,1.336320
1689,1.332224
1690,1.359872
1691,1.296384
1692,1.238016
1693,1.007616
1694,0.669696
1695,0.607232
1696,0.586752
1697,0.585728
1698,0.575488
1699,1.341440
1700,1.354752
1701,1.319936
1702,1.353728
1703,1.305600
1704,1.303552
1705,1.328128
1706,1.323008
1707,1.328128
1708,1.346560
1709,1.290240
1710,1.287168
1711,1.367040
1712,1.321984
1713,1.341440
1714,1.297408
1715,1.291264
1716,1.336320
1717,1.343488
1718,1.314816
1719,1.363968
1720,1.335296
1721,1.352704
1722,1.387520
1723,1.299456
1724,1.316864
1725,1.329152
1726,1.352704
1727,1.324032
1728,1.354752
1729,1.324032
1730,1.333248
1731,1.287168
1732,1.360896
1733,1.394688
1734,1.349632
1735,1.336320
1736,1.331200
1737,1.301504
1738,1.315840
1739,1.376256
1740,1.263616
1741,1.324032
1742,1.305600
1743,1.022976
1744,1.370112
1745,1.349632
1746,1.349632
1747,1.336320
1748,1.326080
1749,1.274880
1750,1.293312
1751,1.332224
1752,1.378304
1753,1.358848
1754,1.317888
1755,1.312768
1756,1.377280
1757,1.372160
1758,1.375232
1759,1.368064
1760,1.358848
1761,1.364992
1762,1.358848
1763,1.362944
1764,1.344512
1765,1.349632
1766,1.350656
1767,1.309696
1768,1.335296
1769,1.306624
1770,1.315840
1771,1.336320
1772,1.333248
1773,1.363968
1774,1.388544
1775,1.338368
1776,1.406976
1777,1.325056
1778,1.358848
1779,1.367040
1780,1.328128
1781,1.366016
1782,1.332224
1783,1.330176
1784,1.286144
1785,1.343488
1786,1.300480
1787,1.303552
1788,1.137664
1789,1.413120
1790,1.380352
1791,1.341440
1792,1.273856
1793,1.347584
1794,1.343488
1795,1.417216
1796,1.404928
1797,1.337344
1798,1.405952
1799,1.318912
1800,1.342464
1801,1.363968
1802,1.356800
1803,1.368064
1804,1.309696
1805,1.379328
1806,1.359872
1807,1.317888
1808,1.356800
1809,1.313792
1810,1.366016
1811,1.360896
1812,1.319936
1813,1.292288
1814,1.373184
1815,1.409024
1816,1.334272
1817,1.356800
1818,1.331200
1819,1.361920
1820,1.313792
1821,1.346560
1822,1.373184
1823,1.370112
1824,1.366016
1825,1.309696
1826,1.356800
1827,1.354752
1828,1.393664
1829,1.328128
1830,1.263616
1831,1.354752
1832,1.340416
1833,1.107968
1834,1.192960
1835,1.203200
1836,1.215488
1837,1.281024
1838,1.320960
1839,1.337344
1840,1.350656
1841,1.328128
1842,1.311744
1843,1.341440
1844,1.297408
1845,1.332224
1846,1.290240
1847,1.324032
1848,1.351680
1849,1.317888
1850,1.324032
1851,1.319936
1852,1.321984
1853,1.302528
1854,1.343488
1855,1.372160
1856,1.305600
1857,1.340416
1858,1.328128
1859,1.349632
1860,1.368064
1861,1.222656
1862,1.272832
1863,1.360896
1864,1.315840
1865,1.373184
1866,1.355776
1867,1.328128
1868,1.323008
1869,1.360896
1870,1.323008
1871,1.357824
1872,1.323008
1873,1.330176
1874,1.337344
1875,1.301504
1876,1.347584
1877,1.307648
1878,1.328128
1879,1.214464
1880,1.426432
1881,1.394688
1882,1.342464
1883,1.307648
1884,1.299456
1885,1.312768
1886,1.298432
1887,1.338368
1888,1.358848
1889,1.367040
1890,1.346560
1891,1.359872
1892,1.349632
1893,1.364992
1894,1.350656
1895,1.374208
1896,1.335296
1897,1.352704
1898,1.350656
1899,1.302528
1900,1.300480
1901,1.334272
1902,1.370112
1903,1.343488
1904,1.351680
1905,1.364992
1906,1.296384
1907,1.283072
1908,1.295360
1909,1.361920
1910,1.328128
1911,1.318912
1912,1.393664
1913,1.281024
1914,1.293312
1915,1.317888
1916,1.313792
1917,1.359872
1918,1.303552
1919,1.291264
1920,1.356800
1921,1.302528
1922,1.287168
1923,1.347584
1924,1.325056
1925,1.183744
1926,1.153024
1927,1.311744
1928,1.312768
1929,1.308672
1930,1.355776
1931,1.314816
1932,1.314816
1933,1.341440
1934,1.300480
1935,1.304576
1936,1.326080
1937,1.317888
1938,1.310720
1939,1.338368
1940,1.348608
1941,1.345536
1942,1.298432
1943,1.345536
1944,1.312768
1945,1.324032
1946,1.330176
1947,1.336320
1948,1.309696
1949,1.297408
1950,1.338368
1951,1.315840
1952,1.338368
1953,1.363968
1954,1.297408
1955,1.357824
1956,1.356800
1957,1.352704
1958,1.379328
1959,1.313792
1960,1.356800
1961,1.356800
1962,1.334272
1963,1.302528
1964,1.334272
1965,1.337344
1966,1.351680
1967,1.323008
1968,1.328128
1969,1.392640
1970,1.118208
1971,1.375232
1972,1.429504
1973,1.295360
1974,1.379328
1975,1.368064
1976,1.364992
1977,1.307648
1978,1.349632
1979,1.309696
1980,1.298432
1981,1.357824
1982,1.356800
1983,1.354752
1984,1.349632
1985,1.329152
1986,1.310720
1987,1.320960
1988,1.299456
1989,1.290240
1990,1.355776
1991,1.327104
1992,1.355776
1993,1.338368
1994,1.304576
1995,1.331200
1996,1.384448
1997,1.342464
1998,1.354752
1999,1.336320
2000,1.372160
2001,1.352704
2002,1.264640
2003,1.358848
2004,1.346560
2005,1.358848
2006,1.346560
2007,1.306624
2008,1.351680
2009,1.305600
2010,1.334272
2011,1.378304
2012,1.340416
2013,1.345536
2014,1.356800
2015,1.287168
2016,1.091584
2017,1.395712
2018,1.434624
2019,1.336320
2020,1.328128
2021,1.295360
2022,1.305600
2023,1.348608
2024,1.329152
2025,1.337344
2026,1.351680
2027,1.346560
2028,1.333248
2029,1.374208
2030,1.324032
2031,1.379328
2032,1.347584
2033,1.367040
2034,1.346560
2035,1.345536
2036,1.337344
2037,1.304576
2038,1.353728
2039,1.315840
2040,1.350656
2041,1.289216
2042,1.348608
2043,1.374208
2044,1.307648
2045,1.345536
2046,1.358848
2047,1.351680
2048,1.386496
2049,1.359872
2050,1.374208
2051,1.390592
2052,1.342464
2053,1.357824
2054,1.358848
2055,1.343488
2056,1.330176
2057,1.329152
2058,1.346560
2059,1.355776
2060,1.340416
2061,1.242112
2062,0.961536
2063,1.326080
2064,1.152000
2065,1.412096
2066,1.314816
2067,1.379328
2068,1.374208
2069,1.355776
2070,1.380352
2071,1.341440
2072,1.340416
2073,1.359872
2074,1.299456
2075,1.355776
2076,1.298432
2077,1.336320
2078,1.353728
2079,1.312768
2080,1.326080
2081,1.363968
2082,1.333248
2083,1.348608
2084,1.319936
2085,1.370112
2086,1.314816
2087,1.311744
2088,1.345536
2089,1.345536
2090,1.315840
2091,1.337344
2092,1.346560
2093,1.371136
2094,1.330176
2095,1.338368
2096,1.306624
2097,1.361920
2098,1.364992
2099,1.321984
2100,1.350656
2101,1.315840
2102,1.360896
2103,1.397760
2104,1.353728
2105,1.358848
2106,1.348608
2107,1.177600
2108,0.882688
2109,1.269760
2110,1.144832
2111,1.434624
2112,1.304576
2113,1.311744
2114,1.334272
2115,1.318912
2116,1.318912
2117,1.298432
2118,1.320960
2119,1.356800
2120,1.265664
2121,1.295360
2122,1.308672
2123,1.321984
2124,1.364992
2125,1.304576
2126,1.331200
2127,1.372160
2128,1.323008
2129,1.318912
2130,1.317888
2131,1.317888
2132,1.321984
2133,1.308672
2134,1.363968
2135,1.282048
2136,1.360896
2137,1.328128
2138,1.325056
2139,1.354752
2140,1.285120
2141,1.349632
2142,1.289216
2143,1.310720
2144,1.326080
2145,1.300480
2146,1.349632
2147,1.282048
2148,1.340416
2149,1.334272
2150,1.386496
2151,1.419264
2152,1.356800
2153,1.359872
2154,1.201152
2155,0.907264
2156,1.383424
2157,1.356800
2158,1.342464
2159,1.295360
2160,1.294336
2161,1.301504
2162,1.318912
2163,1.368064
2164,1.384448
2165,1.344512
2166,1.315840
2167,1.369088
2168,1.350656
2169,1.348608
2170,1.355776
2171,1.320960
2172,1.360896
2173,1.348608
2174,1.396736
2175,1.311744
2176,1.326080
2177,1.284096
2178,1.307648
2179,1.300480
2180,1.324032
2181,1.386496
2182,1.298432
2183,1.332224
2184,1.344512
2185,1.355776
2186,1.378304
2187,1.358848
2188,1.320960
2189,1.325056
2190,1.368064
2191,1.339392
2192,1.341440
2193,1.314816
2194,1.351680
2195,1.306624
2196,1.374208
2197,1.355776
2198,1.348608
2199,1.326080
2200,1.120256
2201,1.179648
2202,1.276928
2203,1.366016
2204,1.303552
2205,1.323008
2206,1.347584
2207,1.342464
2208,1.319936
2209,1.336320
2210,1.326080
2211,1.374208
2212,1.334272
2213,1.295360
2214,1.333248
2215,1.259520
2216,1.264640
2217,1.288192
2218,1.310720
2219,1.319936
2220,1.371136
2221,1.342464
2222,1.329152
2223,1.355776
2224,1.332224
2225,1.324032
2226,1.391616
2227,1.346560
2228,1.380352
2229,1.337344
2230,1.359872
2231,1.359872
2232,1.337344
2233,1.334272
2234,1.349632
2235,1.362944
2236,1.336320
2237,1.358848
2238,1.333248
2239,1.343488
2240,1.290240
2241,1.342464
2242,1.341440
2243,1.326080
2244,1.367040
2245,1.283072
2246,0.804864
2247,1.394688
2248,1.403904
2249,1.316864
2250,1.335296
2251,1.346560
2252,1.314816
2253,1.370112
2254,1.340416
2255,1.351680
2256,1.399808
2257,1.342464
2258,1.385472
2259,1.312768
2260,1.382400
2261,1.367040
2262,1.313792
2263,1.336320
2264,1.310720
2265,1.302528
2266,1.331200
2267,1.345536
2268,1.313792
2269,1.358848
2270,1.389568
2271,1.336320
2272,1.341440
2273,1.332224
2274,1.333248
2275,1.329152
2276,1.309696
2277,1.303552
2278,1.319936
2279,1.338368
2280,1.361920
2281,1.363968
2282,1.338368
2283,1.350656
2284,1.295360
2285,1.315840
2286,1.351680
2287,1.372160
2288,1.393664
2289,1.323008
2290,1.333248
2291,1.090560
2292,0.766976
2293,1.397760
2294,1.372160
2295,1.388544
2296,1.350656
2297,1.318912
2298,1.321984
2299,1.362944
2300,1.321984
2301,1.357824
2302,1.324032
2303,1.364992
2304,1.303552
2305,1.346560
2306,1.349632
2307,1.358848
2308,1.284096
2309,1.372160
2310,1.342464
2311,1.345536
2312,1.325056
2313,1.311744
2314,1.337344
2315,1.368064
2316,1.328128
2317,1.348608
2318,1.352704
2319,1.308672
2320,1.308672
2321,1.367040
2322,1.339392
2323,1.346560
2324,1.360896
2325,1.331200
2326,1.318912
2327,1.392640
2328,1.318912
2329,1.370112
2330,1.321984
2331,1.327104
2332,1.376256
2333,1.339392
2334,1.369088
2335,1.356800
2336,1.348608
2337,1.032192
2338,0.816128
2339,1.304576
2340,1.154048
2341,1.336320
2342,1.333248
2343,1.311744
2344,1.318912
2345,1.358848
2346,1.328128
2347,1.359872
2348,1.328128
2349,1.356800
2350,1.374208
2351,1.371136
2352,1.358848
2353,1.361920
2354,1.351680
2355,1.320960
2356,1.331200
2357,1.380352
2358,1.335296
2359,1.303552
2360,1.341440
2361,1.278976
2362,1.313792
2363,1.351680
2364,1.314816
2365,1.089536
2366,1.256448
2367,1.304576
2368,1.295360
2369,1.315840
2370,1.343488
2371,1.350656
2372,1.288192
2373,1.304576
2374,1.332224
2375,1.320960
2376,1.333248
2377,1.312768
2378,1.317888
2379,1.347584
2380,1.357824
2381,1.317888
2382,1.301504
2383,1.315840
2384,1.334272
2385,0.980992
2386,0.649216
2387,0.611328
2388,0.604160
2389,0.592896
2390,0.570368
2391,0.567296
2392,1.382400
2393,1.459200
2394,1.354752
2395,1.351680
2396,1.340416
2397,1.331200
2398,1.350656
2399,1.316864
2400,1.374208
2401,1.335296
2402,1.343488
2403,1.295360
2404,1.349632
2405,1.327104
2406,1.331200
2407,1.346560
2408,1.367040
2409,1.346560
2410,1.337344
2411,1.334272
2412,1.333248
2413,1.346560
2414,1.317888
2415,1.319936
2416,1.356800
2417,1.401856
2418,1.340416
2419,1.384448
2420,1.404928
2421,1.342464
2422,1.327104
2423,1.391616
2424,1.335296
2425,1.343488
2426,1.346560
2427,1.297408
2428,1.366016
2429,1.328128
2430,1.323008
2431,1.350656
2432,1.343488
2433,1.326080
2434,1.321984
2435,1.343488
2436,1.158144
2437,0.835584
2438,1.331200
2439,1.233920
2440,1.255424
2441,1.367040
2442,1.333248
2443,1.313792
2444,1.355776
2445,1.312768
2446,1.327104
2447,1.313792
2448,1.335296
2449,1.318912
2450,1.311744
2451,1.310720
2452,1.360896
2453,1.383424
2454,1.317888
2455,1.333248
2456,1.342464
2457,1.349632
2458,1.311744
2459,1.313792
2460,1.362944
2461,1.331200
2462,1.351680
2463,1.362944
2464,1.344512
2465,1.327104
2466,1.332224
2467,1.372160
2468,1.376256
2469,1.320960
2470,1.309696
2471,1.362944
2472,1.278976
2473,1.321984
2474,1.366016
2475,1.359872
2476,1.339392
2477,1.306624
2478,1.330176
2479,1.384448
2480,1.300480
2481,1.348608
2482,1.375232
2483,1.059840
2484,1.224704
2485,1.183744
2486,1.345536
2487,1.374208
2488,1.344512
2489,1.315840
2490,1.319936
2491,1.366016
2492,1.367040
2493,1.265664
2494,1.311744
2495,1.328128
2496,1.307648
2497,1.340416
2498,1.325056
2499,1.346560
2500,1.310720
2501,1.307648
2502,1.306624
2503,1.324032
2504,1.343488
2505,1.334272
2506,1.345536
2507,1.336320
2508,1.326080
2509,1.321984
2510,1.312768
2511,1.347584
2512,1.332224
2513,1.336320
2514,1.351680
2515,1.319936
2516,1.314816
2517,1.300480
2518,1.311744
2519,1.340416
2520,1.338368
2521,1.372160
2522,1.339392
2523,1.346560
2524,1.323008
2525,1.338368
2526,1.335296
2527,1.310720
2528,1.358848
2529,1.106944
2530,0.664576
2531,0.605184
2532,0.584704
2533,0.583680
2534,0.576512
2535,0.568320
2536,0.567296
2537,0.563200
2538,1.394688
2539,1.298432
2540,1.321984
2541,1.330176
2542,1.292288
2543,1.304576
2544,1.336320
2545,1.368064
2546,1.345536
2547,1.323008
2548,1.347584
2549,1.367040
2550,1.367040
2551,1.320960
2552,1.292288
2553,1.330176
2554,1.346560
2555,1.326080
2556,1.343488
2557,1.375232
2558,1.359872
2559,1.368064
2560,1.325056
2561,1.356800
2562,1.382400
2563,1.294336
2564,1.369088
2565,1.347584
2566,1.321984
2567,1.320960
2568,1.344512
2569,1.326080
2570,1.338368
2571,1.370112
2572,1.384448
2573,1.328128
2574,1.380352
2575,1.327104
2576,1.332224
2577,1.376256
2578,1.326080
2579,1.319936
2580,1.309696
2581,1.341440
2582,1.230848
2583,0.764928
2584,1.375232
2585,1.376256
2586,1.343488
2587,1.408000
2588,1.305600
2589,1.302528
2590,1.281024
2591,1.313792
2592,1.294336
2593,1.357824
2594,1.358848
2595,1.349632
2596,1.373184
2597,1.318912
2598,1.339392
2599,1.295360
2600,1.347584
2601,1.334272
2602,1.294336
2603,1.342464
2604,1.381376
2605,1.354752
2606,1.328128
2607,1.375232
2608,1.315840
2609,1.354752
2610,1.376256
2611,1.381376
2612,1.373184
2613,1.357824
2614,1.358848
2615,1.339392
2616,1.295360
2617,1.337344
2618,1.334272
2619,1.353728
2620,1.311744
2621,1.351680
2622,1.341440
2623,1.355776
2624,1.311744
2625,1.332224
2626,1.375232
2627,1.360896
2628,1.261568
2629,1.270784
2630,1.139712
2631,1.328128
2632,1.346560
2633,1.298432
2634,1.328128
2635,1.313792
2636,1.335296
2637,1.324032
2638,1.339392
2639,1.338368
2640,1.293312
2641,1.317888
2642,1.290240
2643,1.377280
2644,1.344512
2645,1.382400
2646,1.311744
2647,1.331200
2648,1.343488
2649,1.371136
2650,1.364992
2651,1.353728
2652,1.367040
2653,1.313792
2654,1.300480
2655,1.350656
2656,1.335296
2657,1.344512
2658,1.389568
2659,1.335296
2660,1.348608
2661,1.393664
2662,1.317888
2663,1.334272
2664,1.328128
2665,1.337344
2666,1.370112
2667,1.351680
2668,1.364992
2669,1.356800
2670,1.280000
2671,1.378304
2672,1.306624
2673,1.324032
2674,1.095680
2675,0.676864
2676,0.605184
2677,1.377280
2678,1.341440
2679,1.340416
2680,1.432576
2681,1.353728
2682,1.377280
2683,1.348608
2684,1.337344
2685,1.334272
2686,1.373184
2687,1.287168
2688,1.366016
2689,1.373184
2690,1.339392
2691,1.400832
2692,1.352704
2693,1.325056
2694,1.299456
2695,1.356800
2696,1.290240
2697,1.320960
2698,1.348608
2699,1.329152
2700,1.325056
2701,1.409024
2702,1.376256
2703,1.350656
2704,1.379328
2705,1.328128
2706,1.345536
2707,1.350656
2708,1.346560
2709,1.335296
2710,1.312768
2711,1.349632
2712,1.358848
2713,1.333248
2714,1.323008
2715,1.376256
2716,1.334272
2717,1.351680
2718,1.358848
2719,1.360896
2720,1.294336
2721,1.222656
2722,0.849920
2723,0.638976
2724,0.614400
2725,0.594944
2726,0.584704
2727,0.570368
2728,0.610304
2729,0.670720
2730,0.881664
2731,1.271808
2732,1.378304
2733,1.350656
2734,1.394688
2735,1.361920
2736,1.347584
2737,1.341440
2738,1.318912
2739,1.340416
2740,1.366016
2741,1.356800
2742,1.345536
2743,1.381376
2744,1.325056
2745,1.379328
2746,1.344512
2747,1.350656
2748,1.355776
2749,1.299456
2750,1.359872
2751,1.373184
2752,1.377280
2753,1.317888
2754,1.328128
2755,1.305600
2756,1.309696
2757,1.303552
2758,1.292288
2759,1.340416
2760,1.313792
2761,1.332224
2762,1.328128
2763,1.330176
2764,1.396736
2765,1.294336
2766,1.325056
2767,1.370112
2768,1.371136
2769,1.368064
2770,1.327104
2771,1.352704
2772,1.341440
2773,1.360896
2774,1.348608
2775,1.160192
2776,1.230848
2777,1.306624
2778,1.332224
2779,1.299456
2780,1.280000
2781,1.363968
2782,1.314816
2783,1.353728
2784,1.327104
2785,1.306624
2786,1.356800
2787,1.367040
2788,1.308672
2789,1.325056
2790,1.326080
2791,1.345536
2792,1.377280
2793,1.385472
2794,1.351680
2795,1.346560
2796,1.380352
2797,1.327104
2798,1.331200
2799,1.336320
2800,1.330176
2801,1.339392
2802,1.467392
2803,1.359872
2804,1.388544
2805,1.346560
2806,1.350656
2807,1.340416
2808,1.349632
2809,1.349632
2810,1.273856
2811,1.313792
2812,1.345536
2813,1.367040
2814,1.363968
2815,1.335296
2816,1.332224
2817,1.332224
2818,1.299456
2819,1.288192
2820,0.774144
2821,0.676864
2822,0.677888
2823,0.615424
2824,0.605184
2825,0.596992
2826,0.561152
2827,0.556032
2828,1.383424
2829,1.413120
2830,1.354752
2831,1.361920
2832,1.350656
2833,1.311744
2834,1.316864
2835,1.380352
2836,1.368064
2837,1.352704
2838,1.366016
2839,1.331200
2840,1.349632
2841,1.350656
2842,1.306624
2843,1.369088
2844,1.337344
2845,1.335296
2846,1.328128
2847,1.329152
2848,1.377280
2849,1.344512
2850,1.307648
2851,1.317888
2852,1.354752
2853,1.372160
2854,1.353728
2855,1.338368
2856,1.340416
2857,1.356800
2858,1.392640
2859,1.305600
2860,1.335296
2861,1.336320
2862,1.350656
2863,1.321984
2864,1.345536
2865,1.343488
2866,1.379328
2867,1.315840
2868,1.347584
2869,1.323008
2870,1.345536
2871,1.328128
2872,1.175552
2873,1.227776
2874,1.215488
2875,1.314816
2876,1.323008
2877,1.314816
2878,1.301504
2879,1.329152
2880,1.349632
2881,1.342464
2882,1.328128
2883,1.337344
2884,1.319936
2885,1.336320
2886,1.350656
2887,1.336320
2888,1.356800
2889,1.300480
2890,1.309696
2891,1.337344
2892,1.335296
2893,1.325056
2894,1.312768
2895,1.387520
2896,1.339392
2897,1.329152
2898,1.347584
2899,1.354752
2900,1.345536
2901,1.364992
2902,1.383424
2903,1.304576
2904,1.301504
2905,1.344512
2906,1.318912
2907,1.319936
2908,1.312768
2909,1.301504
2910,1.357824
2911,1.408000
2912,1.320960
2913,1.301504
2914,1.358848
2915,1.321984
2916,1.309696
2917,1.340416
2918,1.270784
2919,0.913408
2920,0.631808
2921,0.605184
2922,0.590848
2923,0.570368
2924,1.384448
2925,1.357824
2926,1.369088
2927,1.371136
2928,1.401856
2929,1.349632
2930,1.287168
2931,1.361920
2932,1.347584
2933,1.343488
2934,1.352704
2935,1.315840
2936,1.409024
2937,1.343488
2938,1.333248
2939,1.343488
2940,1.296384
2941,1.344512
2942,1.362944
2943,1.350656
2944,1.352704
2945,1.306624
2946,1.338368
2947,1.366016
2948,1.357824
2949,1.320960
2950,1.325056
2951,1.327104
2952,1.331200
2953,1.382400
2954,1.374208
2955,1.355776
2956,1.295360
2957,1.336320
2958,1.301504
2959,1.325056
2960,1.350656
2961,1.370112
2962,1.334272
2963,1.348608
2964,1.304576
2965,1.332224
2966,1.307648
2967,1.321984
2968,1.070080
2969,0.757760
2970,0.658432
2971,0.636928
2972,1.475584
2973,1.405952
2974,1.317888
2975,1.312768
2976,1.308672
2977,1.337344
2978,1.354752
2979,1.282048
2980,1.275904
2981,1.327104
2982,1.334272
2983,1.327104
2984,1.363968
2985,1.333248
2986,1.368064
2987,1.350656
2988,1.364992
2989,1.366016
2990,1.306624
2991,1.340416
2992,1.330176
2993,1.361920
2994,1.342464
2995,1.309696
2996,1.375232
2997,1.355776
2998,1.338368
2999,1.368064
3000,1.371136
3001,1.310720
3002,1.354752
3003,1.368064
3004,1.360896
3005,1.354752
3006,1.342464
3007,1.397760
3008,1.349632
3009,1.355776
3010,1.356800
3011,1.352704
3012,1.369088
3013,1.332224
3014,1.363968
3015,1.371136
3016,1.208320
3017,1.210368
3018,1.181696
3019,1.346560
3020,1.260544
3021,1.288192
3022,1.326080
3023,1.307648
3024,1.312768
3025,1.380352
3026,1.333248
3027,1.302528
3028,1.318912
3029,1.321984
3030,1.298432
3031,1.253376
3032,1.371136
3033,1.368064
3034,1.339392
3035,1.320960
3036,1.312768
3037,1.398784
3038,1.352704
3039,1.348608
3040,1.337344
3041,1.330176
3042,1.375232
3043,1.314816
3044,1.345536
3045,1.298432
3046,1.293312
3047,1.326080
3048,1.299456
3049,1.315840
3050,1.340416
3051,1.362944
3052,1.345536
3053,1.316864
3054,1.332224
3055,1.294336
3056,1.344512
3057,1.305600
3058,1.371136
3059,1.347584
3060,1.366016
3061,1.311744
3062,1.224704
3063,1.201152
3064,1.183744
3065,1.352704
3066,1.312768
3067,1.303552
3068,1.317888
3069,1.320960
3070,1.345536
3071,1.307648
3072,1.355776
3073,1.362944
3074,1.312768
3075,1.286144
3076,1.323008
3077,1.285120
3078,1.361920
3079,1.299456
3080,1.310720
3081,1.364992
3082,1.294336
3083,1.302528
3084,1.364992
3085,1.327104
3086,1.370112
3087,1.331200
3088,1.381376
3089,1.358848
3090,1.317888
3091,1.353728
3092,1.354752
3093,1.308672
3094,1.336320
3095,1.353728
3096,1.333248
3097,1.358848
3098,1.321984
3099,1.353728
3100,1.259520
3101,1.357824
3102,1.359872
3103,1.337344
3104,1.382400
3105,1.390592
3106,1.338368
3107,1.359872
3108,1.238016
3109,0.828416
3110,0.632832
3111,0.616448
3112,0.612352
3113,1.360896
3114,1.252352
3115,1.289216
3116,1.335296
3117,1.319936
3118,1.304576
3119,1.367040
3120,1.345536
3121,1.363968
3122,1.372160
3123,1.353728
3124,1.293312
3125,1.323008
3126,1.340416
3127,1.291264
3128,1.317888
3129,1.328128
3130,1.355776
3131,1.339392
3132,1.380352
3133,1.328128
3134,1.348608
3135,1.307648
3136,1.320960
3137,1.345536
3138,1.342464
3139,1.344512
3140,1.369088
3141,1.344512
3142,1.347584
3143,1.334272
3144,1.304576
3145,1.317888
3146,1.346560
3147,1.321984
3148,1.308672
3149,1.331200
3150,1.120256
3151,1.312768
3152,1.372160
3153,1.323008
3154,1.344512
3155,1.334272
3156,1.345536
3157,1.257472
3158,0.995328
3159,0.814080
3160,1.273856
3161,1.189888
3162,1.202176
3163,1.369088
3164,1.358848
3165,1.326080
3166,1.292288
3167,1.344512
3168,1.321984
3169,1.344512
3170,1.326080
3171,1.366016
3172,1.308672
3173,1.291264
3174,1.362944
3175,1.302528
3176,1.345536
3177,1.340416
3178,1.355776
3179,1.329152
3180,1.330176
3181,1.396736
3182,1.317888
3183,1.396736
3184,1.310720
3185,1.320960
3186,1.316864
3187,1.339392
3188,1.335296
3189,1.331200
3190,1.287168
3191,1.326080
3192,1.337344
3193,1.346560
3194,1.380352
3195,1.362944
3196,1.326080
3197,1.324032
3198,1.349632
3199,1.378304
3200,1.359872
3201,1.291264
3202,1.328128
3203,1.373184
3204,1.326080
3205,1.035264
3206,1.260544
3207,1.164288
3208,1.380352
3209,1.261568
3210,1.362944
3211,1.332224
3212,1.367040
3213,1.343488
3214,1.356800
3215,1.326080
3216,1.334272
3217,1.320960
3218,1.387520
3219,1.382400
3220,1.357824
3221,1.373184
3222,1.321984
3223,1.357824
3224,1.351680
3225,1.335296
3226,1.372160
3227,1.300480
3228,1.357824
3229,1.384448
3230,1.326080
3231,1.358848
3232,1.307648
3233,1.346560
3234,1.310720
3235,1.342464
3236,1.382400
3237,1.334272
3238,1.212416
3239,1.304576
3240,1.314816
3241,1.357824
3242,1.331200
3243,1.389568
3244,1.381376
3245,1.356800
3246,1.380352
3247,1.339392
3248,1.339392
3249,1.341440
3250,1.398784
3251,1.256448
3252,1.230848
3253,1.336320
3254,1.327104
3255,1.333248
3256,1.334272
3257,1.327104
3258,1.359872
3259,1.326080
3260,1.319936
3261,1.399808
3262,1.299456
3263,1.357824
3264,1.333248
3265,1.367040
3266,1.330176
3267,1.356800
3268,1.356800
3269,1.326080
3270,1.316864
3271,1.368064
3272,1.352704
3273,1.316864
3274,1.367040
3275,1.347584
3276,1.345536
3277,1.323008
3278,1.344512
3279,1.293312
3280,1.356800
3281,1.351680
3282,1.340416
3283,1.312768
3284,1.294336
3285,1.375232
3286,1.313792
3287,1.325056
3288,1.340416
3289,1.306624
3290,1.389568
3291,1.373184
3292,1.292288
3293,1.314816
3294,1.218560
3295,0.948224
3296,0.854016
3297,0.746496
3298,1.367040
3299,1.412096
3300,1.353728
3301,1.304576
3302,1.345536
3303,1.318912
3304,1.353728
3305,1.371136
3306,1.348608
3307,1.324032
3308,1.315840
3309,1.317888
3310,1.346560
3311,1.307648
3312,1.292288
3313,1.353728
3314,1.349632
3315,1.325056
3316,1.343488
3317,1.339392
3318,1.344512
3319,1.345536
3320,1.354752
3321,1.305600
3322,1.326080
3323,1.353728
3324,1.302528
3325,1.318912
3326,1.327104
3327,1.320960
3328,1.300480
3329,1.356800
3330,1.303552
3331,1.319936
3332,1.377280
3333,1.357824
3334,1.354752
3335,1.325056
3336,1.297408
3337,1.320960
3338,1.328128
3339,1.360896
3340,1.373184
3341,1.296384
3342,1.335296
3343,1.206272
3344,1.199104
3345,1.352704
3346,1.304576
3347,1.273856
3348,1.325056
3349,1.313792
3350,1.335296
3351,1.341440
3352,1.343488
3353,1.366016
3354,1.357824
3355,1.348608
3356,1.370112
3357,1.313792
3358,1.319936
3359,1.355776
3360,1.376256
3361,1.326080
3362,1.297408
3363,1.364992
3364,1.359872
3365,1.339392
3366,1.330176
3367,1.307648
3368,1.350656
3369,1.287168
3370,1.403904
3371,1.343488
3372,1.338368
3373,1.361920
3374,1.406976
3375,1.325056
3376,1.416192
3377,1.351680
3378,1.347584
3379,1.341440
3380,1.334272
3381,1.291264
3382,1.312768
3383,1.317888
3384,1.331200
3385,1.336320
3386,1.331200
3387,1.351680
3388,1.180672
3389,0.794624
3390,1.338368
3391,1.380352
3392,1.333248
3393,1.345536
3394,1.398784
3395,1.352704
3396,1.343488
3397,1.320960
3398,1.359872
3399,1.340416
3400,1.332224
3401,1.344512
3402,1.341440
3403,1.341440
3404,1.386496
3405,1.367040
3406,1.295360
3407,1.361920
3408,1.340416
3409,1.397760
3410,1.390592
3411,1.316864
3412,1.287168
3413,1.314816
3414,1.344512
3415,1.344512
3416,1.328128
3417,1.379328
3418,1.329152
3419,1.353728
3420,1.339392
3421,1.343488
3422,1.312768
3423,1.353728
3424,1.346560
3425,1.306624
3426,1.376256
3427,1.285120
3428,1.326080
3429,1.370112
3430,1.344512
3431,1.384448
3432,1.298432
3433,1.329152
3434,1.136640
3435,1.302528
3436,1.189888
3437,1.282048
3438,1.319936
3439,1.282048
3440,1.482752
3441,1.359872
3442,1.367040
3443,1.340416
3444,1.331200
3445,1.332224
3446,1.316864
3447,1.293312
3448,1.334272
3449,1.280000
3450,1.313792
3451,1.333248
3452,1.308672
3453,1.361920
3454,1.332224
3455,1.355776
3456,1.288192
3457,1.274880
3458,1.330176
3459,1.321984
3460,1.344512
3461,1.305600
3462,1.312768
3463,1.339392
3464,1.355776
3465,1.310720
3466,1.354752
3467,1.361920
3468,1.323008
3469,1.347584
3470,1.303552
3471,1.340416
3472,1.333248
3473,1.290240
3474,1.409024
3475,1.325056
3476,1.367040
3477,1.345536
3478,1.314816
3479,1.350656
3480,0.984064
3481,0.749568
3482,1.375232
3483,1.408000
3484,1.341440
3485,1.338368
3486,1.361920
3487,1.315840
3488,1.299456
3489,1.319936
3490,1.271808
3491,1.306624
3492,1.363968
3493,1.298432
3494,1.281024
3495,1.306624
3496,1.294336
3497,1.381376
3498,1.337344
3499,1.310720
3500,1.305600
3501,1.342464
3502,1.352704
3503,1.359872
3504,1.354752
3505,1.331200
3506,1.339392
3507,1.338368
3508,1.348608
3509,1.287168
3510,1.299456
3511,1.336320
3512,1.350656
3513,1.318912
3514,1.344512
3515,1.359872
3516,1.345536
3517,1.342464
3518,1.343488
3519,1.300480
3520,1.320960
3521,1.333248
3522,1.302528
3523,1.315840
3524,1.330176
3525,1.348608
3526,1.332224
3527,1.171456
3528,1.238016
3529,1.195008
3530,1.338368
3531,1.357824
3532,1.336320
3533,1.273856
3534,1.328128
3535,1.296384
3536,1.350656
3537,1.342464
3538,1.339392
3539,1.342464
3540,1.301504
3541,1.304576
3542,1.324032
3543,1.325056
3544,1.323008
3545,1.327104
3546,1.346560
3547,1.355776
3548,1.351680
3549,1.372160
3550,1.303552
3551,1.324032
3552,1.318912
3553,1.349632
3554,1.335296
3555,1.360896
3556,1.330176
3557,1.329152
3558,1.399808
3559,1.350656
3560,1.392640
3561,1.333248
3562,1.345536
3563,1.321984
3564,1.332224
3565,1.313792
3566,1.369088
3567,1.321984
3568,1.299456
3569,1.351680
3570,1.349632
3571,1.340416
3572,1.316864
3573,1.125376
3574,1.391616
3575,1.349632
3576,1.271808
3577,1.339392
3578,1.324032
3579,1.292288
3580,1.399808
3581,1.383424
3582,1.503232
3583,1.347584
3584,1.334272
3585,1.259520
3586,1.382400
3587,1.355776
3588,1.351680
3589,1.312768
3590,1.319936
3591,1.338368
3592,1.341440
3593,1.328128
3594,1.366016
3595,1.324032
3596,1.347584
3597,1.379328
3598,1.328128
3599,1.393664
3600,1.316864
3601,1.357824
3602,1.342464
3603,1.370112
3604,1.342464
3605,1.337344
3606,1.349632
3607,1.396736
3608,1.310720
3609,1.328128
3610,1.325056
3611,1.337344
3612,1.357824
3613,1.372160
3614,1.330176
3615,1.306624
3616,1.360896
3617,1.336320
3618,1.155072
3619,0.780288
3620,1.367040
3621,1.309696
3622,1.314816
3623,1.351680
3624,1.290240
3625,1.257472
3626,1.344512
3627,1.369088
3628,1.345536
3629,1.323008
3630,1.368064
3631,1.370112
3632,1.294336
3633,1.357824
3634,1.391616
3635,1.367040
3636,1.321984
3637,1.345536
3638,1.289216
3639,1.349632
3640,1.308672
3641,1.355776
3642,1.303552
3643,1.339392
3644,1.314816
3645,1.367040
3646,1.319936
3647,1.341440
3648,1.344512
3649,1.385472
3650,1.352704
3651,1.357824
3652,1.310720
3653,1.330176
3654,1.326080
3655,1.308672
3656,1.355776
3657,1.304576
3658,1.338368
3659,1.349632
3660,1.315840
3661,1.332224
3662,1.358848
3663,1.344512
3664,1.290240
3665,1.122304
3666,0.675840
3667,0.614400
3668,0.599040
3669,1.301504
3670,1.258496
3671,1.243136
3672,1.320960
3673,1.350656
3674,1.366016
3675,1.341440
3676,1.352704
3677,1.357824
3678,1.309696
3679,1.349632
3680,1.455104
3681,1.281024
3682,1.337344
3683,1.338368
3684,1.330176
3685,1.336320
3686,1.372160
3687,1.385472
3688,1.331200
3689,1.409024
3690,1.339392
3691,1.360896
3692,1.377280
3693,1.344512
3694,1.317888
3695,1.344512
3696,1.338368
3697,1.343488
3698,1.351680
3699,1.296384
3700,1.346560
3701,1.319936
3702,1.318912
3703,1.326080
3704,1.380352
3705,1.319936
3706,1.377280
3707,1.351680
3708,1.331200
3709,1.331200
3710,1.337344
3711,1.314816
3712,1.364992
3713,1.269760
3714,0.837632
3715,0.621568
3716,0.588800
3717,1.300480
3718,1.301504
3719,1.295360
3720,1.319936
3721,1.367040
3722,1.327104
3723,1.364992
3724,1.383424
3725,1.383424
3726,1.320960
3727,1.272832
3728,1.332224
3729,1.352704
3730,1.352704
3731,1.241088
3732,1.283072
3733,1.300480
3734,1.281024
3735,1.339392
3736,1.332224
3737,1.323008
3738,1.335296
3739,1.336320
3740,1.341440
3741,1.366016
3742,1.309696
3743,1.317888
3744,1.307648
3745,1.352704
3746,1.361920
3747,1.339392
3748,1.327104
3749,1.363968
3750,1.342464
3751,1.297408
3752,1.327104
3753,1.292288
3754,1.325056
3755,1.304576
3756,1.297408
3757,1.340416
3758,1.359872
3759,1.292288
3760,1.328128
3761,1.374208
3762,1.075200
3763,0.667648
3764,1.448960
3765,1.382400
3766,1.368064
3767,1.344512
3768,1.367040
3769,1.288192
3770,1.347584
3771,1.328128
3772,1.373184
3773,1.391616
3774,1.368064
3775,1.335296
3776,1.368064
3777,1.336320
3778,1.275904
3779,1.326080
3780,1.291264
3781,1.335296
3782,1.357824
3783,1.384448
3784,1.345536
3785,1.306624
3786,1.313792
3787,1.316864
3788,1.353728
3789,1.328128
3790,1.324032
3791,1.348608
3792,1.354752
3793,1.309696
3794,1.367040
3795,1.352704
3796,1.378304
3797,1.397760
3798,1.323008
3799,1.336320
3800,1.353728
3801,1.350656
3802,1.344512
3803,1.370112
3804,1.359872
3805,1.309696
3806,1.348608
3807,1.371136
3808,1.124352
3809,1.300480
3810,1.185792
3811,1.314816
3812,1.337344
3813,1.358848
3814,1.325056
3815,1.314816
3816,1.379328
3817,1.396736
3818,1.379328
3819,1.319936
3820,1.320960
3821,1.352704
3822,1.380352
3823,1.349632
3824,1.305600
3825,1.348608
3826,1.321984
3827,1.238016
3828,1.304576
3829,1.326080
3830,1.342464
3831,1.300480
3832,1.358848
3833,1.297408
3834,1.318912
3835,1.319936
3836,1.431552
3837,1.350656
3838,1.340416
3839,1.344512
3840,1.364992
3841,1.323008
3842,1.380352
3843,1.319936
3844,1.339392
3845,1.342464
3846,1.344512
3847,1.352704
3848,1.310720
3849,1.297408
3850,1.339392
3851,1.343488
3852,1.377280
3853,1.273856
3854,0.971776
3855,0.800768
3856,0.700416
3857,0.572416
3858,0.568320
3859,0.562176
3860,1.281024
3861,1.174528
3862,1.298432
3863,1.355776
3864,1.350656
3865,1.368064
3866,1.326080
3867,1.356800
3868,1.316864
3869,1.323008
3870,1.336320
3871,1.360896
3872,1.375232
3873,1.335296
3874,1.364992
3875,1.320960
3876,1.390592
3877,1.330176
3878,1.358848
3879,1.311744
3880,1.385472
3881,1.282048
3882,1.344512
3883,1.350656
3884,1.344512
3885,1.287168
3886,1.329152
3887,1.368064
3888,1.331200
3889,1.331200
3890,1.711104
3891,1.337344
3892,1.361920
3893,1.368064
3894,1.366016
3895,1.324032
3896,1.341440
3897,1.318912
3898,1.357824
3899,1.384448
3900,1.366016
3901,1.329152
3902,1.330176
3903,1.362944
3904,1.301504
3905,0.977920
3906,0.622592
3907,0.615424
3908,0.608256
3909,0.585728
3910,0.571392
3911,0.569344
3912,32.394241
3913,1.272832
3914,1.370112
3915,1.380352
3916,1.349632
3917,1.341440
3918,1.341440
3919,1.368064
3920,1.341440
3921,1.297408
3922,1.355776
3923,1.347584
3924,1.305600
3925,1.318912
3926,1.320960
3927,1.294336
3928,1.357824
3929,1.340416
3930,1.299456
3931,1.345536
3932,1.308672
3933,1.350656
3934,1.346560
3935,1.342464
3936,1.306624
3937,1.327104
3938,1.307648
3939,1.325056
3940,1.330176
3941,1.296384
3942,1.328128
3943,1.363968
3944,1.333248
3945,1.314816
3946,1.338368
3947,1.318912
3948,1.377280
3949,1.299456
3950,1.293312
3951,1.328128
3952,1.377280
3953,1.335296
3954,1.341440
3955,1.360896
3956,1.309696
3957,1.256448
3958,1.316864
3959,1.333248
3960,1.302528
3961,1.403904
3962,1.371136
3963,1.276928
3964,1.360896
3965,1.297408
3966,1.327104
3967,1.367040
3968,1.319936
3969,1.377280
3970,1.306624
3971,1.392640
3972,1.287168
3973,1.341440
3974,1.339392
3975,1.330176
3976,1.317888
3977,1.410048
3978,1.428480
3979,1.367040
3980,1.360896
3981,1.349632
3982,1.362944
3983,1.327104
3984,1.342464
3985,1.320960
3986,1.348608
3987,1.357824
3988,1.375232
3989,1.318912
3990,1.334272
3991,1.330176
3992,1.341440
3993,1.291264
3994,1.420288
3995,1.335296
3996,1.348608
3997,1.358848
3998,1.393664
3999,1.364992
4000,1.339392
4001,1.336320
4002,1.202176
4003,0.813056
4004,0.610304
4005,1.326080
4006,1.225728
4007,1.282048
4008,1.357824
4009,1.349632
4010,1.274880
4011,1.345536
4012,1.354752
4013,1.323008
4014,1.341440
4015,1.351680
4016,1.294336
4017,1.290240
4018,1.352704
4019,1.280000
4020,1.298432
4021,1.326080
4022,1.359872
4023,1.415168
4024,1.343488
4025,1.318912
4026,1.256448
4027,1.278976
4028,1.268736
4029,1.395712
4030,1.318912
4031,1.382400
4032,1.361920
4033,1.264640
4034,1.318912
4035,1.308672
4036,1.360896
4037,1.393664
4038,1.358848
4039,1.346560
4040,1.355776
4041,1.354752
4042,1.309696
4043,1.360896
4044,1.357824
4045,1.334272
4046,1.302528
4047,1.335296
4048,1.307648
4049,1.357824
4050,1.301504
4051,0.805888
4052,0.603136
4053,0.571392
4054,0.563200
4055,0.562176
4056,1.389568
4057,1.312768
4058,1.388544
4059,1.357824
4060,1.357824
4061,1.304576
4062,1.288192
4063,1.317888
4064,1.364992
4065,1.304576
4066,1.368064
4067,1.368064
4068,1.313792
4069,1.352704
4070,1.309696
4071,1.319936
4072,1.326080
4073,1.412096
4074,1.403904
4075,1.369088
4076,1.316864
4077,1.348608
4078,1.346560
4079,1.308672
4080,1.303552
4081,1.339392
4082,1.339392
4083,1.378304
4084,1.384448
4085,1.374208
4086,1.366016
4087,1.331200
4088,1.308672
4089,1.313792
4090,1.329152
4091,1.314816
4092,1.331200
4093,1.304576
4094,1.302528
4095,1.328128
4096,1.338368
4097,1.330176
4098,1.278976
4099,1.355776
4100,1.214464
4101,1.360896
4102,1.249280
4103,1.345536
4104,1.325056
4105,1.396736
4106,1.369088
4107,1.344512
4108,1.377280
4109,1.326080
4110,1.371136
4111,1.313792
4112,1.337344
4113,1.311744
4114,1.328128
4115,1.311744
4116,1.318912
4117,1.359872
4118,1.354752
4119,1.394688
4120,1.294336
4121,1.377280
4122,1.331200
4123,1.308672
4124,1.321984
4125,1.326080
4126,1.340416
4127,1.327104
4128,1.316864
4129,1.333248
4130,1.324032
4131,1.327104
4132,1.329152
4133,1.333248
4134,1.398784
4135,1.377280
4136,1.310720
4137,1.358848
4138,1.367040
4139,1.355776
4140,1.318912
4141,1.274880
4142,1.346560
4143,1.339392
4144,1.354752
4145,1.295360
4146,0.960512
4147,1.378304
4148,1.335296
4149,1.341440
4150,1.317888
4151,1.278976
4152,1.327104
4153,1.335296
4154,1.335296
4155,1.377280
4156,1.375232
4157,1.370112
4158,1.337344
4159,1.411072
4160,1.325056
4161,1.378304
4162,1.387520
4163,1.376256
4164,1.314816
4165,1.368064
4166,1.311744
4167,1.355776
4168,1.312768
4169,1.340416
4170,1.331200
4171,1.330176
4172,1.350656
4173,1.360896
4174,1.330176
4175,1.343488
4176,1.366016
4177,1.309696
4178,1.367040
4179,1.348608
4180,1.289216
4181,1.326080
4182,1.317888
4183,1.357824
4184,1.388544
4185,1.375232
4186,1.335296
4187,1.359872
4188,1.332224
4189,1.350656
4190,1.345536
4191,1.257472
4192,0.644096
4193,1.396736
4194,1.369088
4195,1.389568
4196,1.353728
4197,1.359872
4198,1.328128
4199,1.336320
4200,1.351680
4201,1.368064
4202,1.358848
4203,1.351680
4204,1.292288
4205,1.306624
4206,1.344512
4207,1.293312
4208,1.347584
4209,1.304576
4210,1.327104
4211,1.373184
4212,1.392640
4213,1.342464
4214,1.337344
4215,1.357824
4216,1.363968
4217,1.319936
4218,1.313792
4219,1.338368
4220,1.349632
4221,1.292288
4222,1.350656
4223,1.350656
4224,1.352704
4225,1.383424
4226,1.423360
4227,1.368064
4228,1.336320
4229,1.335296
4230,1.357824
4231,1.336320
4232,1.273856
4233,1.364992
4234,1.314816
4235,1.312768
4236,1.305600
4237,1.376256
4238,1.244160
4239,1.161216
4240,1.315840
4241,1.301504
4242,1.281024
4243,1.276928
4244,1.349632
4245,1.334272
4246,1.354752
4247,1.320960
4248,1.319936
4249,1.296384
4250,1.317888
4251,1.281024
4252,1.347584
4253,1.315840
4254,1.307648
4255,1.344512
4256,1.275904
4257,1.324032
4258,1.300480
4259,1.356800
4260,1.354752
4261,1.366016
4262,1.354752
4263,1.334272
4264,1.363968
4265,1.391616
4266,1.292288
4267,1.332224
4268,1.360896
4269,1.389568
4270,1.316864
4271,1.315840
4272,1.296384
4273,1.313792
4274,1.377280
4275,1.296384
4276,1.350656
4277,1.388544
4278,1.363968
4279,1.326080
4280,1.294336
4281,1.349632
4282,1.319936
4283,1.200128
4284,0.830464
4285,1.266688
4286,1.182720
4287,1.310720
4288,1.346560
4289,1.340416
4290,1.359872
4291,1.324032
4292,1.369088
4293,1.312768
4294,1.325056
4295,1.328128
4296,1.337344
4297,1.315840
4298,1.384448
4299,1.363968
4300,1.339392
4301,1.368064
4302,1.320960
4303,1.357824
4304,1.360896
4305,1.340416
4306,1.377280
4307,1.354752
4308,1.355776
4309,1.366016
4310,1.320960
4311,1.356800
4312,1.344512
4313,1.373184
4314,1.333248
4315,1.315840
4316,1.325056
4317,1.304576
4318,1.333248
4319,1.386496
4320,1.305600
4321,1.344512
4322,1.352704
4323,1.304576
4324,1.338368
4325,1.297408
4326,1.308672
4327,1.315840
4328,1.332224
4329,1.305600
4330,1.011712
4331,1.398784
4332,1.373184
4333,1.348608
4334,1.355776
4335,1.331200
4336,1.330176
4337,1.385472
4338,1.311744
4339,1.315840
4340,1.280000
4341,1.336320
4342,1.389568
4343,1.358848
4344,1.300480
4345,1.361920
4346,1.356800
4347,1.313792
4348,1.284096
4349,1.341440
4350,1.306624
4351,1.340416
4352,1.359872
4353,1.368064
4354,1.328128
4355,1.326080
4356,1.371136
4357,1.364992
4358,1.329152
4359,1.272832
4360,1.285120
4361,1.292288
4362,1.281024
4363,1.292288
4364,1.307648
4365,1.383424
4366,1.334272
4367,1.335296
4368,1.345536
4369,1.357824
4370,1.329152
4371,1.339392
4372,1.291264
4373,1.332224
4374,1.362944
4375,1.304576
4376,1.278976
4377,1.163264
4378,1.354752
4379,1.369088
4380,1.402880
4381,1.367040
4382,1.310720
4383,1.371136
4384,1.324032
4385,1.345536
4386,1.375232
4387,1.338368
4388,1.332224
4389,1.304576
4390,1.386496
4391,1.327104
4392,1.314816
4393,1.333248
4394,1.308672
4395,1.326080
4396,1.311744
4397,1.360896
4398,1.344512
4399,1.387520
4400,1.352704
4401,1.310720
4402,1.363968
4403,1.324032
4404,1.373184
4405,1.315840
4406,1.310720
4407,1.356800
4408,1.233920
4409,1.323008
4410,1.345536
4411,1.382400
4412,1.371136
4413,1.375232
4414,1.345536
4415,1.396736
4416,1.366016
4417,1.332224
4418,1.327104
4419,1.361920
4420,1.258496
4421,1.116160
4422,0.617472
4423,0.593920
4424,1.390592
4425,1.319936
4426,1.330176
4427,1.327104
4428,1.317888
4429,1.311744
4430,1.314816
4431,1.364992
4432,1.357824
4433,1.302528
4434,1.363968
4435,1.367040
4436,1.361920
4437,1.355776
4438,1.346560
4439,1.350656
4440,1.364992
4441,1.337344
4442,1.313792
4443,1.301504
4444,1.364992
4445,1.330176
4446,1.393664
4447,1.369088
4448,1.339392
4449,1.303552
4450,1.358848
4451,1.374208
4452,1.349632
4453,1.310720
4454,1.310720
4455,1.370112
4456,1.341440
4457,1.370112
4458,1.332224
4459,1.312768
4460,1.325056
4461,1.348608
4462,1.336320
4463,1.333248
4464,1.340416
4465,1.364992
4466,1.321984
4467,1.347584
4468,1.010688
4469,0.700416
4470,0.656384
4471,0.605184
4472,0.613376
4473,0.603136
4474,0.590848
4475,0.578560
4476,1.448960
4477,1.370112
4478,1.376256
4479,1.342464
4480,1.358848
4481,1.355776
4482,1.352704
4483,1.354752
4484,1.306624
4485,1.323008
4486,1.280000
4487,1.308672
4488,1.344512
4489,1.320960
4490,1.354752
4491,1.391616
4492,1.350656
4493,1.338368
4494,1.360896
4495,1.370112
4496,1.361920
4497,1.371136
4498,1.345536
4499,1.376256
4500,1.306624
4501,1.341440
4502,1.308672
4503,1.335296
4504,1.373184
4505,1.368064
4506,1.363968
4507,1.352704
4508,1.329152
4509,1.329152
4510,1.339392
4511,1.325056
4512,1.311744
4513,1.302528
4514,1.328128
4515,1.305600
4516,1.339392
4517,1.303552
4518,1.299456
4519,1.361920
4520,1.255424
4521,0.962560
4522,0.624640
4523,0.604160
4524,0.602112
4525,0.594944
4526,0.586752
4527,1.328128
4528,1.243136
4529,1.299456
4530,1.336320
4531,1.308672
4532,1.335296
4533,1.411072
4534,1.304576
4535,1.324032
4536,1.337344
4537,1.320960
4538,1.287168
4539,1.356800
4540,1.323008
4541,1.311744
4542,1.366016
4543,1.487872
4544,1.359872
4545,1.343488
4546,1.376256
4547,1.340416
4548,1.307648
4549,1.309696
4550,1.306624
4551,1.370112
4552,1.363968
4553,1.364992
4554,1.359872
4555,1.247232
4556,1.325056
4557,1.312768
4558,1.405952
4559,1.346560
4560,1.352704
4561,1.325056
4562,1.316864
4563,1.344512
4564,1.299456
4565,1.325056
4566,1.267712
4567,1.320960
4568,1.339392
4569,1.307648
4570,1.341440
4571,1.280000
4572,1.229824
4573,1.178624
4574,1.368064
4575,1.313792
4576,1.321984
4577,1.302528
4578,1.311744
4579,1.332224
4580,1.352704
4581,1.299456
4582,1.291264
4583,1.326080
4584,1.309696
4585,1.296384
4586,1.339392
4587,1.324032
4588,1.310720
4589,1.262592
4590,1.287168
4591,1.331200
4592,1.323008
4593,1.318912
4594,1.300480
4595,1.369088
4596,1.354752
4597,1.345536
4598,1.411072
4599,1.347584
4600,1.324032
4601,1.381376
4602,1.316864
4603,1.307648
4604,1.361920
4605,1.317888
4606,1.350656
4607,1.360896
4608,1.319936
4609,1.334272
4610,1.288192
4611,1.318912
4612,1.357824
4613,1.324032
4614,1.352704
4615,1.362944
4616,1.328128
4617,1.219584
4618,1.217536
4619,1.384448
4620,1.165312
4621,1.287168
4622,1.286144
4623,1.300480
4624,1.291264
4625,1.301504
4626,1.354752
4627,1.388544
4628,1.395712
4629,1.325056
4630,1.392640
4631,1.371136
4632,1.313792
4633,1.362944
4634,1.347584
4635,1.289216
4636,1.340416
4637,1.373184
4638,1.336320
4639,1.382400
4640,1.344512
4641,1.316864
4642,1.312768
4643,1.323008
4644,1.311744
4645,1.291264
4646,1.293312
4647,1.315840
4648,1.366016
4649,1.297408
4650,1.385472
4651,1.319936
4652,1.356800
4653,1.311744
4654,1.320960
4655,1.327104
4656,1.317888
4657,1.381376
4658,1.374208
4659,1.368064
4660,1.386496
4661,1.338368
4662,0.946176
4663,1.118208
4664,1.329152
4665,1.278976
4666,1.360896
4667,1.352704
4668,1.342464
4669,1.342464
4670,1.305600
4671,1.358848
4672,1.296384
4673,1.349632
4674,1.344512
4675,1.350656
4676,1.326080
4677,1.346560
4678,1.344512
4679,1.345536
4680,1.287168
4681,1.348608
4682,1.334272
4683,1.305600
4684,1.334272
4685,1.386496
4686,1.352704
4687,1.351680
4688,1.346560
4689,1.337344
4690,1.345536
4691,1.380352
4692,1.353728
4693,1.348608
4694,1.336320
4695,1.316864
4696,1.358848
4697,1.340416
4698,1.353728
4699,1.369088
4700,1.347584
4701,1.382400
4702,1.309696
4703,1.344512
4704,1.352704
4705,1.329152
4706,1.386496
4707,1.111040
4708,0.764928
4709,0.654336
4710,1.413120
4711,1.320960
4712,1.356800
4713,1.253376
4714,1.296384
4715,1.323008
4716,1.345536
4717,1.333248
4718,1.323008
4719,1.358848
4720,1.310720
4721,1.310720
4722,1.321984
4723,1.364992
4724,1.382400
4725,1.383424
4726,1.372160
4727,1.348608
4728,1.375232
4729,1.373184
4730,1.359872
4731,1.317888
4732,1.333248
4733,1.362944
4734,1.368064
4735,1.364992
4736,1.368064
4737,1.317888
4738,1.320960
4739,1.352704
4740,1.360896
4741,1.324032
4742,1.318912
4743,1.284096
4744,1.356800
4745,1.345536
4746,1.307648
4747,1.305600
4748,1.344512
4749,1.367040
4750,1.411072
4751,1.359872
4752,1.363968
4753,1.336320
4754,1.269760
4755,1.287168
4756,1.225728
4757,1.318912
4758,1.341440
4759,1.317888
4760,1.275904
4761,1.328128
4762,1.349632
4763,1.341440
4764,1.319936
4765,1.380352
4766,1.373184
4767,1.327104
4768,1.370112
4769,1.355776
4770,1.369088
4771,1.339392
4772,1.325056
4773,1.382400
4774,1.340416
4775,1.319936
4776,1.349632
4777,1.319936
4778,1.360896
4779,1.304576
4780,1.335296
4781,1.358848
4782,1.314816
4783,1.327104
4784,1.364992
4785,1.329152
4786,1.352704
4787,1.359872
4788,1.318912
4789,1.464320
4790,1.359872
4791,1.354752
4792,1.338368
4793,1.333248
4794,1.343488
4795,1.363968
4796,1.364992
4797,1.324032
4798,1.356800
4799,1.361920
4800,0.991232
4801,1.076224
4802,1.325056
4803,1.386496
4804,1.371136
4805,1.396736
4806,1.359872
4807,1.349632
4808,1.334272
4809,1.351680
4810,1.363968
4811,1.369088
4812,1.372160
4813,1.348608
4814,1.318912
4815,1.313792
4816,1.342464
4817,1.376256
4818,1.314816
4819,1.342464
4820,1.359872
4821,1.314816
4822,1.387520
4823,1.370112
4824,1.377280
4825,1.286144
4826,1.350656
4827,1.372160
4828,1.402880
4829,1.388544
4830,1.369088
4831,1.389568
4832,1.367040
4833,1.333248
4834,1.303552
4835,1.319936
4836,1.382400
4837,1.337344
4838,1.364992
4839,1.366016
4840,1.343488
4841,1.300480
4842,1.313792
4843,1.315840
4844,1.318912
4845,1.316864
4846,0.996352
4847,1.355776
4848,1.352704
4849,1.424384
4850,1.327104
4851,1.387520
4852,1.278976
4853,1.316864
4854,1.335296
4855,1.350656
4856,1.302528
4857,1.386496
4858,1.308672
4859,1.360896
4860,1.378304
4861,1.316864
4862,1.355776
4863,1.357824
4864,1.346560
4865,1.344512
4866,1.324032
4867,1.323008
4868,1.327104
4869,1.309696
4870,1.383424
4871,1.359872
4872,1.368064
4873,1.375232
4874,1.329152
4875,1.362944
4876,1.369088
4877,1.309696
4878,1.343488
4879,1.316864
4880,1.347584
4881,1.341440
4882,1.332224
4883,1.341440
4884,1.357824
4885,1.362944
4886,1.353728
4887,1.345536
4888,1.332224
4889,1.331200
4890,1.361920
4891,1.192960
4892,0.888832
4893,0.621568
4894,0.595968
4895,0.594944
4896,0.580608
4897,0.577536
4898,0.562176
4899,0.555008
4900,1.411072
4901,1.285120
4902,1.311744
4903,1.306624
4904,1.389568
4905,1.309696
4906,1.372160
4907,1.330176
4908,1.287168
4909,1.284096
4910,1.329152
4911,1.393664
4912,1.305600
4913,1.372160
4914,1.324032
4915,1.351680
4916,1.334272
4917,1.311744
4918,1.345536
4919,1.372160
4920,1.340416
4921,1.357824
4922,1.329152
4923,1.310720
4924,1.305600
4925,1.330176
4926,1.268736
4927,1.338368
4928,1.345536
4929,1.373184
4930,1.368064
4931,1.278976
4932,1.379328
4933,1.292288
4934,1.324032
4935,1.360896
4936,1.343488
4937,1.351680
4938,1.374208
4939,1.316864
4940,1.340416
4941,1.308672
4942,1.348608
4943,1.366016
4944,1.249280
4945,0.968704
4946,0.672768
4947,1.371136
4948,1.384448
4949,1.400832
4950,1.298432
4951,1.394688
4952,1.317888
4953,1.349632
4954,1.349632
4955,1.349632
4956,1.388544
4957,1.347584
4958,1.338368
4959,1.378304
4960,1.313792
4961,1.356800
4962,1.347584
4963,1.314816
4964,1.343488
4965,1.361920
4966,1.348608
4967,1.312768
4968,1.342464
4969,1.346560
4970,1.368064
4971,1.390592
4972,1.297408
4973,1.253376
4974,1.370112
4975,1.401856
4976,1.351680
4977,1.393664
4978,1.355776
4979,1.356800
4980,1.387520
4981,1.323008
4982,1.346560
4983,1.303552
4984,1.316864
4985,1.319936
4986,1.330176
4987,1.321984
4988,1.325056
4989,1.351680
4990,1.313792
4991,1.236992
4992,1.061888
4993,1.325056
4994,1.255424
4995,1.308672
4996,1.292288
4997,1.308672
4998,1.311744
4999,1.381376
5000,1.307648
5001,1.310720
5002,1.308672
5003,1.313792
5004,1.309696
5005,1.398784
5006,1.352704
5007,1.375232
5008,1.291264
5009,1.328128
5010,1.357824
5011,1.342464
5012,1.386496
5013,1.358848
5014,1.344512
5015,1.311744
5016,1.330176
5017,1.344512
5018,1.358848
5019,1.348608
5020,1.327104
5021,1.309696
5022,1.350656
5023,1.314816
5024,1.303552
5025,1.334272
5026,1.340416
5027,1.356800
5028,1.370112
5029,1.419264
5030,1.383424
5031,1.325056
5032,1.343488
5033,1.344512
5034,1.377280
5035,1.358848
5036,1.311744
5037,1.316864
5038,0.803840
5039,1.369088
5040,1.370112
5041,1.318912
5042,1.276928
5043,1.294336
5044,1.326080
5045,1.320960
5046,1.395712
5047,1.328128
5048,1.340416
5049,1.336320
5050,1.359872
5051,1.391616
5052,1.342464
5053,1.346560
5054,1.346560
5055,1.374208
5056,1.352704
5057,1.367040
5058,1.316864
5059,1.372160
5060,1.335296
5061,1.337344
5062,1.309696
5063,1.326080
5064,1.306624
5065,1.347584
5066,1.330176
5067,1.350656
5068,1.305600
5069,1.335296
5070,1.371136
5071,1.282048
5072,1.316864
5073,1.303552
5074,1.293312
5075,1.360896
5076,1.309696
5077,1.382400
5078,1.352704
5079,1.336320
5080,1.338368
5081,1.318912
5082,1.342464
5083,1.256448
5084,1.184768
5085,0.658432
5086,1.367040
5087,1.305600
5088,1.385472
5089,1.327104
5090,1.338368
5091,1.285120
5092,1.325056
5093,1.281024
5094,1.331200
5095,1.357824
5096,1.363968
5097,1.317888
5098,1.324032
5099,1.356800
5100,1.298432
5101,1.331200
5102,1.313792
5103,1.382400
5104,1.356800
5105,1.330176
5106,1.370112
5107,1.346560
5108,1.278976
5109,1.348608
5110,1.357824
5111,1.300480
5112,1.352704
5113,1.352704
5114,1.346560
5115,1.304576
5116,1.298432
5117,1.323008
5118,1.328128
5119,1.344512
5120,1.373184
5121,1.326080
5122,1.368064
5123,1.375232
5124,1.313792
5125,1.354752
5126,1.297408
5127,1.311744
5128,1.337344
5129,1.331200
5130,1.246208
5131,1.192960
5132,1.157120
5133,1.330176
5134,1.305600
5135,1.253376
5136,1.324032
5137,1.287168
5138,1.355776
5139,1.321984
5140,1.325056
5141,1.294336
5142,1.328128
5143,1.333248
5144,1.294336
5145,1.323008
5146,1.362944
5147,1.321984
5148,1.323008
5149,1.373184
5150,1.342464
5151,1.358848
5152,1.292288
5153,1.321984
5154,1.342464
5155,1.381376
5156,1.344512
5157,1.370112
5158,1.367040
5159,1.356800
5160,1.381376
5161,1.371136
5162,1.355776
5163,1.385472
5164,1.326080
5165,1.383424
5166,1.351680
5167,1.367040
5168,1.315840
5169,1.310720
5170,1.362944
5171,1.309696
5172,1.329152
5173,1.332224
5174,1.342464
5175,1.262592
5176,1.041408
5177,1.414144
5178,1.335296
5179,1.326080
5180,1.275904
5181,1.310720
5182,1.309696
5183,1.326080
5184,1.295360
5185,1.350656
5186,1.379328
5187,1.414144
5188,1.318912
5189,1.303552
5190,1.351680
5191,1.366016
5192,1.377280
5193,1.311744
5194,1.351680
5195,1.380352
5196,1.318912
5197,1.326080
5198,1.337344
5199,1.354752
5200,1.338368
5201,1.324032
5202,1.256448
5203,1.379328
5204,1.332224
5205,1.334272
5206,1.336320
5207,1.357824
5208,1.326080
5209,1.344512
5210,1.299456
5211,1.335296
5212,1.297408
5213,1.380352
5214,1.345536
5215,1.348608
5216,1.369088
5217,1.363968
5218,1.316864
5219,1.346560
5220,1.349632
5221,1.241088
5222,1.323008
5223,1.147904
5224,1.350656
5225,1.353728
5226,1.353728
5227,1.304576
5228,1.308672
5229,1.334272
5230,1.298432
5231,1.320960
5232,1.376256
5233,1.360896
5234,1.319936
5235,1.303552
5236,1.334272
5237,1.380352
5238,1.359872
5239,1.376256
5240,1.357824
5241,1.329152
5242,1.318912
5243,1.294336
5244,1.337344
5245,1.342464
5246,1.360896
5247,1.328128
5248,1.305600
5249,1.330176
5250,1.334272
5251,1.320960
5252,1.345536
5253,1.317888
5254,1.325056
5255,1.330176
5256,1.340416
5257,1.373184
5258,1.345536
5259,1.324032
5260,1.327104
5261,1.335296
5262,1.328128
5263,1.370112
5264,1.300480
5265,1.312768
5266,1.315840
5267,1.031168
5268,1.275904
5269,1.183744
5270,1.381376
5271,1.368064
5272,1.334272
5273,1.344512
5274,1.355776
5275,1.366016
5276,1.311744
5277,1.359872
5278,1.366016
5279,1.349632
5280,1.352704
5281,1.323008
5282,1.302528
5283,1.328128
5284,1.327104
5285,1.369088
5286,1.348608
5287,1.328128
5288,1.359872
5289,1.347584
5290,1.408000
5291,1.334272
5292,1.273856
5293,1.295360
5294,1.325056
5295,1.357824
5296,1.372160
5297,1.307648
5298,1.353728
5299,1.390592
5300,1.306624
5301,1.316864
5302,1.349632
5303,1.354752
5304,1.303552
5305,1.360896
5306,1.357824
5307,1.342464
5308,1.311744
5309,1.303552
5310,1.337344
5311,1.338368
5312,1.210368
5313,0.968704
5314,0.798720
5315,1.304576
5316,1.210368
5317,1.281024
5318,1.376256
5319,1.410048
5320,1.327104
5321,1.344512
5322,1.324032
5323,1.310720
5324,1.401856
5325,1.334272
5326,1.321984
5327,1.272832
5328,1.318912
5329,1.356800
5330,1.349632
5331,1.370112
5332,1.349632
5333,1.362944
5334,1.359872
5335,1.346560
5336,1.349632
5337,1.394688
5338,1.363968
5339,1.348608
5340,1.390592
5341,1.347584
5342,1.355776
5343,1.317888
5344,1.315840
5345,1.313792
5346,1.307648
5347,1.313792
5348,1.314816
5349,1.381376
5350,1.328128
5351,1.368064
5352,1.358848
5353,1.325056
5354,1.330176
5355,1.312768
5356,1.366016
5357,1.358848
5358,1.348608
5359,1.310720
5360,1.201152
5361,1.167360
5362,1.257472
5363,1.326080
5364,1.336320
5365,1.330176
5366,1.359872
5367,1.377280
5368,1.329152
5369,1.344512
5370,1.358848
5371,1.316864
5372,1.337344
5373,1.304576
5374,1.327104
5375,1.366016
5376,1.361920
5377,1.366016
5378,1.324032
5379,1.306624
5380,1.328128
5381,1.360896
5382,1.324032
5383,1.310720
5384,1.368064
5385,1.346560
5386,1.369088
5387,1.378304
5388,1.217536
5389,1.307648
5390,1.310720
5391,1.307648
5392,1.316864
5393,1.361920
5394,1.345536
5395,1.294336
5396,1.341440
5397,1.343488
5398,1.331200
5399,1.379328
5400,1.363968
5401,1.357824
5402,1.378304
5403,1.371136
5404,1.352704
5405,0.988160
5406,0.642048
5407,0.616448
5408,0.607232
5409,1.393664
5410,1.346560
5411,1.349632
5412,1.360896
5413,1.355776
5414,1.301504
5415,1.318912
5416,1.377280
5417,1.345536
5418,1.372160
5419,1.374208
5420,1.369088
5421,1.332224
5422,1.362944
5423,1.362944
5424,1.343488
5425,1.395712
5426,1.340416
5427,1.356800
5428,1.351680
5429,1.355776
5430,1.300480
5431,1.354752
5432,1.343488
5433,1.316864
5434,1.356800
5435,1.305600
5436,1.267712
5437,1.338368
5438,1.352704
5439,1.331200
5440,1.370112
5441,1.319936
5442,1.338368
5443,1.360896
5444,1.336320
5445,1.341440
5446,1.313792
5447,1.314816
5448,1.331200
5449,1.324032
5450,1.383424
5451,1.334272
5452,1.382400
5453,1.204224
5454,0.820224
5455,0.654336
5456,0.621568
5457,0.607232
5458,1.402880
5459,1.319936
5460,1.348608
5461,1.345536
5462,1.385472
5463,1.376256
5464,1.353728
5465,1.398784
5466,1.347584
5467,1.309696
5468,1.326080
5469,1.351680
5470,1.342464
5471,1.363968
5472,1.338368
5473,1.334272
5474,1.339392
5475,1.401856
5476,1.335296
5477,1.330176
5478,1.317888
5479,1.372160
5480,1.506304
5481,1.347584
5482,1.281024
5483,1.471488
5484,1.364992
5485,1.352704
5486,1.353728
5487,1.379328
5488,1.363968
5489,1.354752
5490,1.378304
5491,1.384448
5492,1.370112
5493,1.508352
5494,1.312768
5495,1.350656
5496,1.337344
5497,1.312768
5498,1.307648
5499,1.355776
5500,1.352704
5501,1.302528
5502,1.160192
5503,0.700416
5504,0.606208
5505,1.391616
5506,1.390592
5507,1.342464
5508,1.344512
5509,1.368064
5510,1.329152
5511,1.343488
5512,1.298432
5513,1.397760
5514,1.317888
5515,1.341440
5516,1.383424
5517,1.301504
5518,1.372160
5519,1.310720
5520,1.298432
5521,1.328128
5522,1.340416
5523,1.335296
5524,1.380352
5525,1.378304
5526,1.325056
5527,1.372160
5528,1.348608
5529,1.324032
5530,1.351680
5531,1.335296
5532,1.315840
5533,1.312768
5534,1.346560
5535,1.377280
5536,1.335296
5537,1.386496
5538,1.360896
5539,1.362944
5540,1.332224
5541,1.330176
5542,1.294336
5543,1.330176
5544,1.356800
5545,1.378304
5546,1.346560
5547,1.342464
5548,1.386496
5549,1.206272
5550,1.146880
5551,1.304576
5552,1.324032
5553,1.318912
5554,1.316864
5555,1.312768
5556,1.330176
5557,1.329152
5558,1.324032
5559,1.319936
5560,1.333248
5561,1.354752
5562,1.354752
5563,1.343488
5564,1.326080
5565,1.316864
5566,1.287168
5567,1.364992
5568,1.383424
5569,1.347584
5570,1.337344
5571,1.348608
5572,1.366016
5573,1.355776
5574,1.403904
5575,1.303552
5576,1.318912
5577,1.379328
5578,1.346560
5579,1.354752
5580,1.397760
5581,1.348608
5582,1.382400
5583,1.361920
5584,1.328128
5585,1.317888
5586,1.381376
5587,1.317888
5588,1.334272
5589,1.359872
5590,1.358848
5591,1.325056
5592,1.313792
5593,1.295360
5594,1.021952
5595,0.787456
5596,0.634880
5597,0.619520
5598,0.598016
5599,0.594944
5600,1.358848
5601,1.383424
5602,1.339392
5603,1.329152
5604,1.324032
5605,1.330176
5606,1.327104
5607,1.361920
5608,1.313792
5609,1.383424
5610,1.358848
5611,1.338368
5612,1.380352
5613,1.348608
5614,1.307648
5615,1.367040
5616,1.334272
5617,1.319936
5618,1.324032
5619,1.324032
5620,1.337344
5621,1.270784
5622,1.344512
5623,1.370112
5624,1.318912
5625,1.385472
5626,1.356800
5627,1.352704
5628,1.387520
5629,1.372160
5630,1.366016
5631,1.381376
5632,1.337344
5633,1.349632
5634,1.326080
5635,1.346560
5636,1.355776
5637,1.362944
5638,1.346560
5639,1.377280
5640,1.374208
5641,1.339392
5642,1.327104
5643,1.325056
5644,1.173504
5645,1.369088
5646,1.327104
5647,1.345536
5648,1.349632
5649,1.304576
5650,1.309696
5651,1.359872
5652,1.337344
5653,1.335296
5654,1.396736
5655,1.394688
5656,1.328128
5657,1.383424
5658,1.364992
5659,1.366016
5660,1.304576
5661,1.361920
5662,1.336320
5663,1.362944
5664,1.395712
5665,1.308672
5666,1.350656
5667,1.317888
5668,1.305600
5669,1.309696
5670,1.334272
5671,1.361920
5672,1.364992
5673,1.304576
5674,1.349632
5675,1.350656
5676,1.371136
5677,1.363968
5678,1.329152
5679,1.356800
5680,1.361920
5681,1.328128
5682,1.346560
5683,1.332224
5684,1.292288
5685,1.350656
5686,1.281024
5687,1.309696
5688,1.363968
5689,1.308672
5690,0.782336
5691,0.607232
5692,0.588800
5693,0.587776
5694,0.587776
5695,0.578560
5696,1.293312
5697,1.363968
5698,1.298432
5699,1.339392
5700,1.318912
5701,1.311744
5702,1.323008
5703,1.302528
5704,1.334272
5705,1.320960
5706,1.341440
5707,1.366016
5708,1.327104
5709,1.345536
5710,1.299456
5711,1.340416
5712,1.309696
5713,1.331200
5714,1.325056
5715,1.351680
5716,1.345536
5717,1.337344
5718,1.375232
5719,1.327104
5720,1.311744
5721,1.306624
5722,1.374208
5723,1.341440
5724,1.369088
5725,1.352704
5726,1.343488
5727,1.375232
5728,1.329152
5729,1.416192
5730,1.312768
5731,1.330176
5732,1.395712
5733,1.325056
5734,1.305600
5735,1.343488
5736,1.345536
5737,1.371136
5738,1.334272
5739,1.351680
5740,1.321984
5741,0.842752
5742,0.627712
5743,0.606208
5744,0.599040
5745,0.594944
5746,0.588800
5747,0.564224
5748,0.556032
5749,1.393664
5750,1.398784
5751,1.339392
5752,1.384448
5753,1.352704
5754,1.335296
5755,1.346560
5756,1.384448
5757,1.323008
5758,1.280000
5759,1.307648
5760,1.357824
5761,1.366016
5762,1.338368
5763,1.354752
5764,1.379328
5765,1.356800
5766,1.347584
5767,1.370112
5768,1.318912
5769,1.363968
5770,1.312768
5771,1.559552
5772,1.363968
5773,1.321984
5774,1.360896
5775,1.316864
5776,1.352704
5777,1.339392
5778,1.292288
5779,1.320960
5780,1.337344
5781,1.320960
5782,1.353728
5783,1.328128
5784,1.330176
5785,1.394688
5786,1.358848
5787,1.316864
5788,1.319936
5789,1.353728
5790,1.298432
5791,1.350656
5792,1.380352
5793,1.211392
5794,0.687104
5795,1.358848
5796,1.422336
5797,1.344512
5798,1.355776
5799,1.384448
5800,1.372160
5801,1.357824
5802,1.382400
5803,1.363968
5804,1.343488
5805,1.390592
5806,1.325056
5807,1.367040
5808,1.351680
5809,1.297408
5810,1.326080
5811,1.327104
5812,1.361920
5813,1.340416
5814,1.328128
5815,1.330176
5816,1.334272
5817,1.459200
5818,1.378304
5819,1.353728
5820,1.385472
5821,1.298432
5822,1.336320
5823,1.330176
5824,1.321984
5825,1.307648
5826,1.366016
5827,1.329152
5828,1.362944
5829,1.335296
5830,1.348608
5831,1.320960
5832,1.349632
5833,1.358848
5834,1.348608
5835,1.234944
5836,1.294336
5837,1.291264
5838,1.332224
5839,1.178624
5840,0.726016
5841,0.640000
5842,0.617472
5843,0.604160
5844,0.588800
5845,0.576512
5846,1.369088
5847,1.375232
5848,1.371136
5849,1.329152
5850,1.309696
5851,1.321984
5852,1.294336
5853,1.349632
5854,1.348608
5855,1.358848
5856,1.297408
5857,1.358848
5858,1.351680
5859,1.314816
5860,1.339392
5861,1.359872
5862,1.318912
5863,1.355776
5864,1.335296
5865,1.291264
5866,1.337344
5867,1.325056
5868,1.333248
5869,1.341440
5870,1.325056
5871,1.333248
5872,1.384448
5873,1.298432
5874,1.346560
5875,1.302528
5876,1.352704
5877,1.325056
5878,1.355776
5879,1.282048
5880,1.349632
5881,1.354752
5882,1.307648
5883,1.371136
5884,1.296384
5885,1.319936
5886,1.242112
5887,1.362944
5888,1.349632
5889,1.332224
5890,1.294336
5891,0.970752
5892,0.773120
5893,0.664576
5894,0.626688
5895,1.331200
5896,1.195008
5897,1.283072
5898,1.358848
5899,1.338368
5900,1.369088
5901,1.374208
5902,1.370112
5903,1.319936
5904,1.335296
5905,1.308672
5906,1.323008
5907,1.324032
5908,1.355776
5909,1.376256
5910,1.356800
5911,1.323008
5912,1.341440
5913,1.331200
5914,1.313792
5915,1.355776
5916,1.367040
5917,1.373184
5918,1.347584
5919,1.324032
5920,1.290240
5921,1.366016
5922,1.324032
5923,1.334272
5924,1.328128
5925,1.324032
5926,1.342464
5927,1.361920
5928,1.314816
5929,1.411072
5930,1.355776
5931,1.366016
5932,1.329152
5933,1.386496
5934,1.313792
5935,1.343488
5936,1.344512
5937,1.349632
5938,1.320960
5939,1.180672
5940,1.145856
5941,1.288192
5942,1.292288
5943,1.305600
5944,1.325056
5945,1.341440
5946,1.340416
5947,1.314816
5948,1.342464
5949,1.346560
5950,1.370112
5951,1.326080
5952,1.346560
5953,1.316864
5954,1.309696
5955,1.338368
5956,1.306624
5957,1.323008
5958,1.349632
5959,1.327104
5960,1.366016
5961,1.359872
5962,1.320960
5963,1.372160
5964,1.312768
5965,1.320960
5966,1.299456
5967,1.384448
5968,1.366016
5969,1.309696
5970,1.345536
5971,1.344512
5972,1.399808
5973,1.373184
5974,1.298432
5975,1.352704
5976,1.354752
5977,1.335296
5978,1.331200
5979,1.355776
5980,1.343488
5981,1.386496
5982,1.366016
5983,1.348608
5984,1.193984
5985,1.188864
5986,1.302528
5987,1.289216
5988,1.361920
5989,1.286144
5990,1.309696
5991,1.313792
5992,1.373184
5993,1.395712
5994,1.333248
5995,1.348608
5996,1.313792
5997,1.350656
5998,1.347584
5999,1.358848
6000,1.301504
6001,1.281024
6002,1.335296
6003,1.284096
6004,1.320960
6005,1.183744
6006,1.308672
6007,1.364992
6008,1.375232
6009,1.305600
6010,1.317888
6011,1.388544
6012,1.364992
6013,1.380352
6014,1.309696
6015,1.345536
6016,1.396736
6017,1.355776
6018,1.345536
6019,1.343488
6020,1.305600
6021,1.333248
6022,1.308672
6023,1.348608
6024,1.348608
6025,1.363968
6026,1.338368
6027,1.349632
6028,1.320960
6029,1.121280
6030,1.434624
6031,1.360896
6032,1.350656
6033,1.328128
6034,1.340416
6035,1.301504
6036,1.327104
6037,1.316864
6038,1.371136
6039,1.335296
6040,1.349632
6041,1.360896
6042,1.335296
6043,1.332224
6044,1.343488
6045,1.366016
6046,1.388544
6047,1.345536
6048,1.359872
6049,1.329152
6050,1.533952
6051,1.377280
6052,1.391616
6053,1.333248
6054,1.317888
6055,1.297408
6056,1.307648
6057,1.299456
6058,1.309696
6059,1.296384
6060,1.324032
6061,1.298432
6062,1.342464
6063,1.309696
6064,1.276928
6065,1.299456
6066,1.278976
6067,1.357824
6068,1.307648
6069,1.300480
6070,1.311744
6071,1.304576
6072,1.319936
6073,1.310720
6074,1.214464
6075,1.357824
6076,1.348608
6077,1.341440
6078,1.336320
6079,1.359872
6080,1.351680
6081,1.323008
6082,1.331200
6083,1.337344
6084,1.357824
6085,1.340416
6086,1.347584
6087,1.360896
6088,1.353728
6089,1.293312
6090,1.327104
6091,1.305600
6092,1.359872
6093,1.282048
6094,1.369088
6095,1.337344
6096,1.335296
6097,1.364992
6098,1.349632
6099,1.355776
6100,1.356800
6101,1.353728
6102,1.292288
6103,1.346560
6104,1.350656
6105,1.397760
6106,1.312768
6107,1.311744
6108,1.338368
6109,1.341440
6110,1.331200
6111,1.364992
6112,1.364992
6113,1.384448
6114,1.329152
6115,1.343488
6116,1.340416
6117,1.390592
6118,1.290240
6119,1.318912
6120,1.195008
6121,0.711680
6122,0.638976
6123,0.626688
6124,0.609280
6125,0.611328
6126,0.608256
6127,1.387520
6128,1.331200
6129,1.306624
6130,1.318912
6131,1.275904
6132,1.290240
6133,1.312768
6134,1.332224
6135,1.310720
6136,1.354752
6137,1.326080
6138,1.318912
6139,1.359872
6140,1.364992
6141,1.339392
6142,1.318912
6143,1.311744
6144,1.332224
6145,1.330176
6146,1.345536
6147,1.339392
6148,1.323008
6149,1.360896
6150,1.320960
6151,1.321984
6152,1.308672
6153,1.356800
6154,1.377280
6155,1.340416
6156,1.334272
6157,1.272832
6158,1.293312
6159,1.305600
6160,1.327104
6161,1.314816
6162,1.363968
6163,1.360896
6164,1.372160
6165,1.299456
6166,1.299456
6167,1.309696
6168,1.297408
6169,1.311744
6170,1.383424
6171,1.315840
6172,1.192960
6173,1.195008
6174,1.316864
6175,1.336320
6176,1.329152
6177,1.345536
6178,1.288192
6179,1.351680
6180,1.368064
6181,1.349632
6182,1.347584
6183,1.296384
6184,1.321984
6185,1.309696
6186,1.343488
6187,1.311744
6188,1.333248
6189,1.316864
6190,1.308672
6191,1.319936
6192,1.353728
6193,1.317888
6194,1.355776
6195,1.357824
6196,1.383424
6197,1.334272
6198,1.321984
6199,1.303552
6200,1.333248
6201,1.341440
6202,1.342464
6203,1.294336
6204,1.306624
6205,1.316864
6206,1.358848
6207,1.366016
6208,1.291264
6209,1.281024
6210,1.310720
6211,1.344512
6212,1.361920
6213,1.267712
6214,1.304576
6215,1.399808
6216,1.329152
6217,1.017856
6218,1.371136
6219,1.304576
6220,1.336320
6221,1.380352
6222,1.304576
6223,1.325056
6224,1.335296
6225,1.316864
6226,1.313792
6227,1.358848
6228,1.330176
6229,1.281024
6230,1.277952
6231,1.310720
6232,1.328128
6233,1.385472
6234,1.380352
6235,1.355776
6236,1.274880
6237,1.361920
6238,1.346560
6239,1.332224
6240,1.302528
6241,1.356800
6242,1.355776
6243,1.323008
6244,1.388544
6245,1.335296
6246,1.310720
6247,1.366016
6248,1.296384
6249,1.312768
6250,1.298432
6251,1.287168
6252,1.320960
6253,1.348608
6254,1.414144
6255,1.306624
6256,1.366016
6257,1.347584
6258,1.367040
6259,1.254400
6260,1.296384
6261,1.308672
6262,1.276928
6263,1.275904
6264,1.204224
6265,1.299456
6266,1.366016
6267,1.357824
6268,1.344512
6269,1.355776
6270,1.301504
6271,1.359872
6272,1.350656
6273,1.384448
6274,1.332224
6275,1.300480
6276,1.283072
6277,1.359872
6278,1.316864
6279,1.327104
6280,1.354752
6281,1.345536
6282,1.302528
6283,1.348608
6284,1.297408
6285,1.263616
6286,1.314816
6287,1.349632
6288,1.340416
6289,1.340416
6290,1.340416
6291,1.335296
6292,1.379328
6293,1.353728
6294,1.370112
6295,1.330176
6296,1.312768
6297,1.308672
6298,1.331200
6299,1.301504
6300,1.342464
6301,1.342464
6302,1.332224
6303,1.292288
6304,1.321984
6305,1.276928
6306,1.308672
6307,1.272832
6308,1.199104
6309,1.099776
6310,1.210368
6311,1.305600
6312,1.339392
6313,1.310720
6314,1.324032
6315,1.379328
6316,1.282048
6317,1.308672
6318,1.317888
6319,1.305600
6320,1.317888
6321,1.351680
6322,1.308672
6323,1.320960
6324,1.331200
6325,1.283072
6326,1.344512
6327,1.307648
6328,1.291264
6329,1.308672
6330,1.345536
6331,1.329152
6332,1.351680
6333,1.404928
6334,1.335296
6335,1.319936
6336,1.304576
6337,1.361920
6338,1.347584
6339,1.363968
6340,1.309696
6341,1.352704
6342,1.311744
6343,1.398784
6344,1.399808
6345,1.357824
6346,1.340416
6347,1.327104
6348,1.307648
6349,1.319936
6350,1.333248
6351,1.310720
6352,1.348608
6353,1.120256
6354,0.903168
6355,0.672768
6356,0.647168
6357,0.609280
6358,1.331200
6359,1.339392
6360,1.361920
6361,1.333248
6362,1.405952
6363,1.351680
6364,1.314816
6365,1.333248
6366,1.361920
6367,1.356800
6368,1.361920
6369,1.353728
6370,1.336320
6371,1.414144
6372,1.302528
6373,1.430528
6374,1.377280
6375,1.368064
6376,1.357824
6377,1.330176
6378,1.346560
6379,1.364992
6380,1.387520
6381,1.341440
6382,1.325056
6383,1.316864
6384,1.266688
6385,1.390592
6386,1.304576
6387,1.332224
6388,1.341440
6389,1.272832
6390,1.364992
6391,1.405952
6392,1.396736
6393,1.352704
6394,1.354752
6395,1.275904
6396,1.300480
6397,1.302528
6398,1.332224
6399,1.314816
6400,1.293312
6401,1.312768
6402,1.121280
6403,0.723968
6404,0.637952
6405,0.629760
6406,0.594944
6407,0.579584
6408,0.566272
6409,1.346560
6410,1.363968
6411,1.341440
6412,1.323008
6413,1.321984
6414,1.333248
6415,1.341440
6416,1.333248
6417,1.284096
6418,1.344512
6419,1.397760
6420,1.354752
6421,1.316864
6422,1.294336
6423,1.297408
6424,1.278976
6425,1.419264
6426,1.351680
6427,1.369088
6428,1.361920
6429,1.368064
6430,1.355776
6431,1.349632
6432,1.309696
6433,1.341440
6434,1.290240
6435,1.357824
6436,1.340416
6437,1.346560
6438,1.318912
6439,1.256448
6440,1.342464
6441,1.344512
6442,1.373184
6443,1.394688
6444,1.396736
6445,1.341440
6446,1.311744
6447,1.363968
6448,1.326080
6449,1.303552
6450,1.327104
6451,1.376256
6452,1.299456
6453,1.320960
6454,1.057792
6455,1.345536
6456,1.260544
6457,1.234944
6458,1.308672
6459,1.359872
6460,1.389568
6461,1.393664
6462,1.360896
6463,1.409024
6464,1.330176
6465,1.355776
6466,1.332224
6467,1.352704
6468,1.347584
6469,1.362944
6470,1.390592
6471,1.376256
6472,1.370112
6473,1.364992
6474,1.338368
6475,1.315840
6476,1.335296
6477,1.336320
6478,1.335296
6479,1.362944
6480,1.321984
6481,1.339392
6482,1.377280
6483,1.330176
6484,1.333248
6485,1.351680
6486,1.303552
6487,1.340416
6488,1.344512
6489,1.369088
6490,1.348608
6491,1.352704
6492,1.353728
6493,1.389568
6494,1.339392
6495,1.288192
6496,1.333248
6497,1.324032
6498,1.305600
6499,1.202176
6500,1.224704
6501,1.327104
6502,1.352704
6503,1.270784
6504,1.324032
6505,1.361920
6506,1.292288
6507,1.356800
6508,1.340416
6509,1.355776
6510,1.341440
6511,1.309696
6512,1.345536
6513,1.263616
6514,1.313792
6515,1.340416
6516,1.336320
6517,1.373184
6518,1.283072
6519,1.343488
6520,1.387520
6521,1.345536
6522,1.311744
6523,1.352704
6524,1.352704
6525,1.312768
6526,1.317888
6527,1.288192
6528,1.321984
6529,1.377280
6530,1.334272
6531,1.336320
6532,1.317888
6533,1.320960
6534,1.313792
6535,1.367040
6536,1.358848
6537,1.326080
6538,1.321984
6539,1.325056
6540,1.338368
6541,1.317888
6542,1.341440
6543,1.331200
6544,1.003520
6545,0.769024
6546,0.698368
6547,0.652288
6548,0.638976
6549,0.628736
6550,0.588800
6551,0.561152
6552,1.390592
6553,1.376256
6554,1.328128
6555,1.308672
6556,1.341440
6557,1.339392
6558,1.364992
6559,1.350656
6560,1.378304
6561,1.309696
6562,1.340416
6563,1.384448
6564,1.316864
6565,1.362944
6566,1.305600
6567,1.326080
6568,1.340416
6569,1.340416
6570,1.331200
6571,1.301504
6572,1.318912
6573,1.369088
6574,1.341440
6575,1.319936
6576,1.334272
6577,1.381376
6578,1.366016
6579,1.402880
6580,1.357824
6581,1.352704
6582,1.349632
6583,1.375232
6584,1.334272
6585,1.294336
6586,1.285120
6587,1.359872
6588,1.343488
6589,1.339392
6590,1.340416
6591,1.354752
6592,1.391616
6593,1.346560
6594,1.303552
6595,1.343488
6596,1.269760
6597,0.805888
6598,1.395712
6599,1.306624
6600,1.316864
6601,1.338368
6602,1.314816
6603,1.349632
6604,1.285120
6605,1.348608
6606,1.362944
6607,1.361920
6608,1.315840
6609,1.313792
6610,1.364992
6611,1.357824
6612,1.349632
6613,1.341440
6614,1.321984
6615,1.321984
6616,1.299456
6617,1.374208
6618,1.342464
6619,1.383424
6620,1.296384
6621,1.302528
6622,1.348608
6623,1.346560
6624,1.301504
6625,1.314816
6626,1.358848
6627,1.364992
6628,1.360896
6629,1.352704
6630,1.284096
6631,1.316864
6632,1.352704
6633,1.318912
6634,1.368064
6635,1.363968
6636,1.369088
6637,1.391616
6638,1.386496
6639,1.351680
6640,1.336320
6641,1.373184
6642,1.296384
6643,1.223680
6644,1.181696
6645,1.325056
6646,1.249280
6647,1.332224
6648,1.344512
6649,1.347584
6650,1.271808
6651,1.352704
6652,1.326080
6653,1.337344
6654,1.352704
6655,1.324032
6656,1.355776
6657,1.311744
6658,1.345536
6659,1.362944
6660,1.410048
6661,1.278976
6662,1.332224
6663,1.337344
6664,1.310720
6665,1.315840
6666,1.323008
6667,1.337344
6668,1.339392
6669,1.344512
6670,1.308672
6671,1.317888
6672,1.362944
6673,1.369088
6674,1.325056
6675,1.319936
6676,1.372160
6677,1.345536
6678,1.343488
6679,1.315840
6680,1.335296
6681,1.346560
6682,1.371136
6683,1.369088
6684,1.344512
6685,1.333248
6686,1.306624
6687,1.363968
6688,1.236992
6689,1.380352
6690,1.361920
6691,1.362944
6692,1.343488
6693,1.386496
6694,1.362944
6695,1.336320
6696,1.316864
6697,1.332224
6698,1.359872
6699,1.364992
6700,1.344512
6701,1.313792
6702,1.377280
6703,1.356800
6704,1.357824
6705,1.340416
6706,1.371136
6707,1.364992
6708,1.334272
6709,1.363968
6710,1.368064
6711,1.362944
6712,1.352704
6713,1.318912
6714,1.336320
6715,1.345536
6716,1.348608
6717,1.392640
6718,1.350656
6719,1.359872
6720,1.337344
6721,1.394688
6722,1.382400
6723,1.400832
6724,1.360896
6725,1.317888
6726,1.331200
6727,1.314816
6728,1.301504
6729,1.335296
6730,1.356800
6731,1.388544
6732,1.313792
6733,1.085440
6734,0.828416
6735,1.340416
6736,1.360896
6737,1.290240
6738,1.371136
6739,1.348608
6740,1.283072
6741,1.311744
6742,1.355776
6743,1.348608
6744,1.370112
6745,1.302528
6746,1.377280
6747,1.349632
6748,1.342464
6749,1.311744
6750,1.355776
6751,1.357824
6752,1.347584
6753,1.349632
6754,1.318912
6755,1.306624
6756,1.348608
6757,1.360896
6758,1.359872
6759,1.324032
6760,1.307648
6761,1.362944
6762,1.351680
6763,1.325056
6764,1.313792
6765,1.352704
6766,1.302528
6767,1.357824
6768,1.329152
6769,1.359872
6770,1.369088
6771,1.342464
6772,1.345536
6773,1.367040
6774,1.361920
6775,1.348608
6776,1.369088
6777,1.333248
6778,1.343488
6779,1.313792
6780,1.123328
6781,0.684032
6782,0.618496
6783,0.604160
6784,0.602112
6785,1.385472
6786,1.333248
6787,1.271808
6788,1.340416
6789,1.324032
6790,1.319936
6791,1.377280
6792,1.374208
6793,1.387520
6794,1.325056
6795,1.343488
6796,1.320960
6797,1.328128
6798,1.318912
6799,1.358848
6800,1.347584
6801,1.312768
6802,1.364992
6803,1.349632
6804,1.372160
6805,1.379328
6806,1.328128
6807,1.344512
6808,1.359872
6809,1.329152
6810,1.308672
6811,1.321984
6812,1.362944
6813,1.313792
6814,1.371136
6815,1.344512
6816,1.336320
6817,1.312768
6818,1.346560
6819,1.351680
6820,1.330176
6821,1.305600
6822,1.350656
6823,1.320960
6824,1.375232
6825,1.318912
6826,1.320960
6827,1.324032
6828,1.323008
6829,1.378304
6830,0.861184
6831,0.618496
6832,0.604160
6833,0.599040
6834,0.589824
6835,0.582656
6836,0.570368
6837,0.564224
6838,1.388544
6839,1.404928
6840,1.387520
6841,1.368064
6842,1.354752
6843,1.530880
6844,1.342464
6845,1.361920
6846,1.358848
6847,1.352704
6848,1.345536
6849,1.338368
6850,1.336320
6851,1.328128
6852,1.398784
6853,1.370112
6854,1.350656
6855,1.335296
6856,1.319936
6857,1.307648
6858,1.337344
6859,1.343488
6860,1.303552
6861,1.354752
6862,1.343488
6863,1.328128
6864,1.344512
6865,1.392640
6866,1.297408
6867,1.318912
6868,1.304576
6869,1.354752
6870,1.310720
6871,1.298432
6872,1.357824
6873,1.362944
6874,1.375232
6875,1.386496
6876,1.338368
6877,1.363968
6878,1.300480
6879,1.355776
6880,1.315840
6881,1.342464
6882,1.189888
6883,1.393664
6884,1.409024
6885,1.379328
6886,1.304576
6887,1.384448
6888,1.350656
6889,1.335296
6890,1.349632
6891,1.318912
6892,1.323008
6893,1.357824
6894,1.346560
6895,1.334272
6896,1.356800
6897,1.339392
6898,1.338368
6899,1.315840
6900,1.323008
6901,1.352704
6902,1.344512
6903,1.358848
6904,1.336320
6905,1.372160
6906,1.309696
6907,1.324032
6908,1.363968
6909,1.314816
6910,1.317888
6911,1.329152
6912,1.344512
6913,1.313792
6914,1.335296
6915,1.300480
6916,1.380352
6917,1.355776
6918,1.321984
6919,1.345536
6920,1.327104
6921,1.286144
6922,1.302528
6923,1.330176
6924,1.321984
6925,1.319936
6926,1.310720
6927,1.347584
6928,1.264640
6929,1.156096
6930,1.363968
6931,1.336320
6932,1.353728
6933,1.331200
6934,1.299456
6935,1.296384
6936,1.318912
6937,1.345536
6938,1.337344
6939,1.333248
6940,1.369088
6941,1.360896
6942,1.358848
6943,1.319936
6944,1.316864
6945,1.344512
6946,1.300480
6947,1.339392
6948,1.297408
6949,1.334272
6950,1.319936
6951,1.356800
6952,1.300480
6953,1.300480
6954,1.369088
6955,1.319936
6956,1.323008
6957,1.345536
6958,1.334272
6959,1.362944
6960,1.351680
6961,1.338368
6962,1.356800
6963,1.356800
6964,1.345536
6965,1.328128
6966,1.312768
6967,1.334272
6968,1.317888
6969,1.319936
6970,1.359872
6971,1.306624
6972,1.332224
6973,0.968704
6974,1.387520
6975,1.373184
6976,1.326080
6977,1.345536
6978,1.289216
6979,1.347584
6980,1.275904
6981,1.328128
6982,1.357824
6983,1.390592
6984,1.337344
6985,1.385472
6986,1.270784
6987,1.355776
6988,1.317888
6989,1.316864
6990,1.353728
6991,1.321984
6992,1.272832
6993,1.362944
6994,1.350656
6995,1.306624
6996,1.332224
6997,1.339392
6998,1.361920
6999,1.406976
7000,1.330176
7001,1.349632
7002,1.339392
7003,1.305600
7004,1.336320
7005,1.356800
7006,1.263616
7007,1.348608
7008,1.315840
7009,1.295360
7010,1.325056
7011,1.300480
7012,1.317888
7013,1.376256
7014,1.350656
7015,1.339392
7016,1.381376
7017,1.352704
7018,1.236992
7019,1.292288
7020,1.150976
7021,1.320960
7022,1.382400
7023,1.369088
7024,1.381376
7025,1.355776
7026,1.366016
7027,1.315840
7028,1.315840
7029,1.318912
7030,1.292288
7031,1.308672
7032,1.323008
7033,1.311744
7034,1.297408
7035,1.313792
7036,1.311744
7037,1.348608
7038,1.335296
7039,1.353728
7040,1.330176
7041,1.369088
7042,1.350656
7043,1.422336
7044,1.348608
7045,1.366016
7046,1.368064
7047,1.311744
7048,1.323008
7049,1.349632
7050,1.317888
7051,1.328128
7052,1.313792
7053,1.342464
7054,1.382400
7055,1.356800
7056,1.350656
7057,1.320960
7058,1.314816
7059,1.312768
7060,1.331200
7061,1.337344
7062,1.310720
7063,1.312768
7064,1.000448
7065,0.676864
7066,0.618496
7067,0.594944
7068,0.594944
7069,0.588800
7070,1.372160
7071,1.303552
7072,1.313792
7073,1.354752
7074,1.353728
7075,1.379328
7076,1.323008
7077,1.336320
7078,1.372160
7079,1.373184
7080,1.340416
7081,1.348608
7082,1.320960
7083,1.292288
7084,1.348608
7085,1.318912
7086,1.366016
7087,1.371136
7088,1.285120
7089,1.311744
7090,1.308672
7091,1.357824
7092,1.371136
7093,1.391616
7094,1.324032
7095,1.334272
7096,1.359872
7097,1.333248
7098,1.379328
7099,1.354752
7100,1.351680
7101,1.333248
7102,1.368064
7103,1.372160
7104,1.307648
7105,1.368064
7106,1.352704
7107,1.316864
7108,1.372160
7109,1.359872
7110,1.315840
7111,1.355776
7112,1.319936
7113,1.348608
7114,1.234944
7115,1.302528
7116,1.189888
7117,1.299456
7118,1.355776
7119,1.364992
7120,1.379328
7121,1.336320
7122,1.348608
7123,1.321984
7124,1.339392
7125,1.323008
7126,1.346560
7127,1.200128
7128,1.261568
7129,1.339392
7130,1.295360
7131,1.311744
7132,1.348608
7133,1.294336
7134,1.327104
7135,1.320960
7136,1.355776
7137,1.301504
7138,1.344512
7139,1.334272
7140,1.347584
7141,1.349632
7142,1.343488
7143,1.345536
7144,1.306624
7145,1.359872
7146,1.319936
7147,1.318912
7148,1.311744
7149,1.375232
7150,1.364992
7151,1.320960
7152,1.347584
7153,1.372160
7154,1.318912
7155,1.342464
7156,1.405952
7157,1.364992
7158,1.294336
7159,1.320960
7160,1.088512
7161,0.688128
7162,0.605184
7163,0.591872
7164,0.593920
7165,0.589824
7166,0.569344
7167,1.272832
7168,1.319936
7169,1.339392
7170,1.356800
7171,1.320960
7172,1.376256
7173,1.270784
7174,1.375232
7175,1.340416
7176,1.302528
7177,1.391616
7178,1.335296
7179,1.340416
7180,1.282048
7181,1.348608
7182,1.312768
7183,1.396736
7184,1.308672
7185,1.352704
7186,1.350656
7187,1.280000
7188,1.372160
7189,1.349632
7190,1.319936
7191,1.379328
7192,1.337344
7193,1.356800
7194,1.342464
7195,1.366016
7196,1.324032
7197,1.353728
7198,1.379328
7199,1.300480
7200,1.370112
7201,1.351680
7202,1.397760
7203,1.369088
7204,1.342464
7205,1.364992
7206,1.392640
7207,1.376256
7208,1.315840
7209,1.341440
7210,1.350656
7211,1.264640
7212,1.183744
7213,1.298432
7214,1.370112
7215,1.378304
7216,1.337344
7217,1.342464
7218,1.253376
7219,1.285120
7220,1.308672
7221,1.360896
7222,1.356800
7223,1.345536
7224,1.345536
7225,1.300480
7226,1.352704
7227,1.344512
7228,1.360896
7229,1.331200
7230,1.323008
7231,1.383424
7232,1.341440
7233,1.333248
7234,1.285120
7235,1.333248
7236,1.332224
7237,1.323008
7238,1.308672
7239,1.309696
7240,1.320960
7241,1.362944
7242,1.366016
7243,1.344512
7244,1.312768
7245,1.337344
7246,1.355776
7247,1.351680
7248,1.329152
7249,1.355776
7250,1.362944
7251,1.357824
7252,1.293312
7253,1.336320
7254,1.359872
7255,1.349632
7256,1.179648
7257,0.704512
7258,0.598016
7259,1.337344
7260,1.258496
7261,1.244160
7262,1.363968
7263,1.315840
7264,1.401856
7265,1.326080
7266,1.285120
7267,1.354752
7268,1.402880
7269,1.358848
7270,1.352704
7271,1.335296
7272,1.366016
7273,1.328128
7274,1.270784
7275,1.324032
7276,1.356800
7277,1.396736
7278,1.344512
7279,1.325056
7280,1.331200
7281,1.352704
7282,1.323008
7283,1.289216
7284,1.325056
7285,1.317888
7286,1.341440
7287,1.396736
7288,1.324032
7289,1.316864
7290,1.348608
7291,1.344512
7292,1.369088
7293,1.254400
7294,1.302528
7295,1.359872
7296,1.347584
7297,1.352704
7298,1.307648
7299,1.337344
7300,1.351680
7301,1.339392
7302,1.374208
7303,1.333248
7304,1.064960
7305,1.318912
7306,1.294336
7307,1.313792
7308,1.313792
7309,1.315840
7310,1.309696
7311,1.350656
7312,1.390592
7313,1.395712
7314,1.288192
7315,1.389568
7316,1.353728
7317,1.338368
7318,1.410048
7319,1.343488
7320,1.383424
7321,1.360896
7322,1.352704
7323,1.346560
7324,1.341440
7325,1.297408
7326,1.282048
7327,1.306624
7328,1.353728
7329,1.300480
7330,1.327104
7331,1.462272
7332,1.350656
7333,1.389568
7334,1.313792
7335,1.353728
7336,1.400832
7337,1.352704
7338,1.409024
7339,1.321984
7340,1.346560
7341,1.325056
7342,1.338368
7343,1.353728
7344,1.353728
7345,1.329152
7346,1.363968
7347,1.316864
7348,1.387520
7349,1.319936
7350,1.022976
7351,0.604160
7352,0.584704
7353,0.574464
7354,0.562176
7355,1.412096
7356,1.398784
7357,1.346560
7358,1.380352
7359,1.312768
7360,1.335296
7361,1.329152
7362,1.308672
7363,1.314816
7364,1.333248
7365,1.393664
7366,1.371136
7367,1.321984
7368,1.327104
7369,1.317888
7370,1.338368
7371,1.307648
7372,1.347584
7373,1.341440
7374,1.343488
7375,1.355776
7376,1.332224
7377,1.383424
7378,1.377280
7379,1.300480
7380,1.331200
7381,1.351680
7382,1.345536
7383,1.310720
7384,1.339392
7385,1.352704
7386,1.375232
7387,1.333248
7388,1.348608
7389,1.366016
7390,1.358848
7391,1.320960
7392,1.328128
7393,1.387520
7394,1.331200
7395,1.374208
7396,1.351680
7397,1.307648
7398,1.308672
7399,1.266688
7400,1.221632
7401,1.336320
7402,1.345536
7403,1.392640
7404,1.306624
7405,1.372160
7406,1.345536
7407,1.341440
7408,1.319936
7409,1.331200
7410,1.332224
7411,1.297408
7412,1.314816
7413,1.336320
7414,1.273856
7415,1.334272
7416,1.353728
7417,1.343488
7418,1.359872
7419,1.350656
7420,1.321984
7421,1.359872
7422,1.341440
7423,1.295360
7424,1.311744
7425,1.346560
7426,1.318912
7427,1.356800
7428,1.307648
7429,1.375232
7430,1.326080
7431,1.369088
7432,1.359872
7433,1.336320
7434,1.348608
7435,1.342464
7436,1.354752
7437,1.321984
7438,1.336320
7439,1.311744
7440,1.299456
7441,1.287168
7442,1.366016
7443,1.307648
7444,1.136640
7445,0.708608
7446,0.635904
7447,1.387520
7448,1.362944
7449,1.330176
7450,1.397760
7451,1.329152
7452,1.291264
7453,1.323008
7454,1.384448
7455,1.335296
7456,1.310720
7457,1.320960
7458,1.347584
7459,1.377280
7460,1.303552
7461,1.288192
7462,1.339392
7463,1.390592
7464,1.328128
7465,1.362944
7466,1.324032
7467,1.377280
7468,1.415168
7469,1.338368
7470,1.311744
7471,1.344512
7472,1.338368
7473,1.339392
7474,1.332224
7475,1.380352
7476,1.320960
7477,1.340416
7478,1.283072
7479,1.331200
7480,1.335296
7481,1.339392
7482,1.316864
7483,1.325056
7484,1.289216
7485,1.348608
7486,1.372160
7487,1.362944
7488,1.355776
7489,1.341440
7490,1.292288
7491,1.074176
7492,1.391616
7493,1.414144
7494,1.362944
7495,1.363968
7496,1.336320
7497,1.400832
7498,1.351680
7499,1.343488
7500,1.348608
7501,1.299456
7502,1.299456
7503,1.343488
7504,1.310720
7505,1.235968
7506,1.291264
7507,1.381376
7508,1.334272
7509,1.394688
7510,1.333248
7511,1.315840
7512,1.378304
7513,1.368064
7514,1.341440
7515,1.352704
7516,1.355776
7517,1.331200
7518,1.379328
7519,1.337344
7520,1.335296
7521,1.351680
7522,1.350656
7523,1.371136
7524,1.392640
7525,1.307648
7526,1.335296
7527,1.300480
7528,1.321984
7529,1.334272
7530,1.352704
7531,1.326080
7532,1.361920
7533,1.329152
7534,1.344512
7535,1.388544
7536,1.310720
7537,1.025024
7538,1.299456
7539,1.178624
7540,1.306624
7541,1.325056
7542,1.347584
7543,1.360896
7544,1.296384
7545,1.305600
7546,1.377280
7547,1.325056
7548,1.347584
7549,1.363968
7550,1.331200
7551,1.325056
7552,1.395712
7553,1.369088
7554,1.348608
7555,1.358848
7556,1.427456
7557,1.320960
7558,1.399808
7559,1.367040
7560,1.351680
7561,1.310720
7562,1.330176
7563,1.362944
7564,1.306624
7565,1.334272
7566,1.347584
7567,1.353728
7568,1.329152
7569,1.350656
7570,1.324032
7571,1.320960
7572,1.301504
7573,1.305600
7574,1.342464
7575,1.314816
7576,1.315840
7577,1.364992
7578,1.326080
7579,1.317888
7580,1.358848
7581,1.314816
7582,1.181696
7583,0.819200
7584,0.636928
7585,0.640000
7586,0.625664
7587,0.610304
7588,0.590848
7589,0.585728
7590,1.372160
7591,1.343488
7592,1.351680
7593,1.309696
7594,1.271808
7595,1.310720
7596,1.356800
7597,1.302528
7598,1.341440
7599,1.371136
7600,1.347584
7601,1.343488
7602,1.364992
7603,1.328128
7604,1.357824
7605,1.300480
7606,1.330176
7607,1.330176
7608,1.377280
7609,1.311744
7610,1.370112
7611,1.372160
7612,1.321984
7613,1.358848
7614,1.340416
7615,1.335296
7616,1.333248
7617,1.297408
7618,1.323008
7619,1.319936
7620,1.312768
7621,1.355776
7622,1.338368
7623,1.366016
7624,1.391616
7625,1.394688
7626,1.302528
7627,1.349632
7628,1.383424
7629,1.327104
7630,1.348608
7631,1.356800
7632,1.327104
7633,1.353728
7634,1.187840
7635,1.250304
7636,1.324032
7637,1.313792
7638,1.315840
7639,1.315840
7640,1.305600
7641,1.352704
7642,1.323008
7643,1.327104
7644,1.332224
7645,1.359872
7646,1.306624
7647,1.354752
7648,1.331200
7649,1.354752
7650,1.329152
7651,1.292288
7652,1.337344
7653,1.382400
7654,1.350656
7655,1.317888
7656,1.296384
7657,1.346560
7658,1.317888
7659,1.355776
7660,1.255424
7661,1.337344
7662,1.297408
7663,1.264640
7664,1.306624
7665,1.339392
7666,1.312768
7667,1.338368
7668,1.313792
7669,1.337344
7670,1.321984
7671,1.314816
7672,1.278976
7673,1.299456
7674,1.327104
7675,1.373184
7676,1.370112
7677,1.331200
7678,1.315840
7679,1.168384
7680,0.826368
7681,0.614400
7682,0.612352
7683,0.612352
7684,1.398784
7685,1.457152
7686,1.363968
7687,1.349632
7688,1.337344
7689,1.393664
7690,1.345536
7691,1.332224
7692,1.373184
7693,1.324032
7694,1.397760
7695,1.361920
7696,1.314816
7697,1.389568
7698,1.321984
7699,1.374208
7700,1.377280
7701,1.315840
7702,1.333248
7703,1.343488
7704,1.369088
7705,1.320960
7706,1.377280
7707,1.331200
7708,1.380352
7709,1.354752
7710,1.368064
7711,1.344512
7712,1.337344
7713,1.345536
7714,1.336320
7715,1.329152
7716,1.301504
7717,1.339392
7718,1.327104
7719,1.377280
7720,1.345536
7721,1.317888
7722,1.373184
7723,1.299456
7724,1.348608
7725,1.334272
7726,1.344512
7727,1.300480
7728,1.116160
7729,0.792576
7730,0.617472
7731,0.614400
7732,0.601088
7733,0.606208
7734,0.583680
7735,0.557056
7736,1.385472
7737,1.412096
7738,1.342464
7739,1.354752
7740,1.357824
7741,1.343488
7742,1.369088
7743,1.307648
7744,1.353728
7745,1.349632
7746,1.280000
7747,1.301504
7748,1.339392
7749,1.338368
7750,1.316864
7751,1.270784
7752,1.363968
7753,1.294336
7754,1.327104
7755,1.307648
7756,1.403904
7757,1.335296
7758,1.338368
7759,1.323008
7760,1.315840
7761,1.372160
7762,1.320960
7763,1.344512
7764,1.377280
7765,1.369088
7766,1.377280
7767,1.387520
7768,1.385472
7769,1.372160
7770,1.312768
7771,1.320960
7772,1.350656
7773,1.318912
7774,1.379328
7775,1.368064
7776,1.327104
7777,1.271808
7778,1.341440
7779,1.326080
7780,1.199104
7781,1.090560
7782,1.259520
7783,1.297408
7784,1.410048
7785,1.333248
7786,1.350656
7787,1.382400
7788,1.366016
7789,1.299456
7790,1.334272
7791,1.336320
7792,1.314816
7793,1.343488
7794,1.361920
7795,1.303552
7796,1.359872
7797,1.349632
7798,1.367040
7799,1.353728
7800,1.344512
7801,1.261568
7802,1.341440
7803,1.332224
7804,1.352704
7805,1.356800
7806,1.344512
7807,1.391616
7808,1.304576
7809,1.358848
7810,1.335296
7811,1.370112
7812,1.321984
7813,1.352704
7814,1.307648
7815,1.363968
7816,1.299456
7817,1.314816
7818,1.332224
7819,1.309696
7820,1.330176
7821,1.339392
7822,1.313792
7823,1.303552
7824,1.312768
7825,1.138688
7826,1.264640
7827,1.119232
7828,1.346560
7829,1.305600
7830,1.287168
7831,1.320960
7832,1.310720
7833,1.368064
7834,1.363968
7835,1.330176
7836,1.344512
7837,1.312768
7838,1.293312
7839,1.325056
7840,1.284096
7841,1.361920
7842,1.321984
7843,1.345536
7844,1.287168
7845,1.313792
7846,1.355776
7847,1.301504
7848,1.333248
7849,1.396736
7850,1.331200
7851,1.308672
7852,1.360896
7853,1.340416
7854,1.354752
7855,1.297408
7856,1.315840
7857,1.367040
7858,1.403904
7859,1.374208
7860,1.334272
7861,1.340416
7862,1.356800
7863,1.332224
7864,1.370112
7865,1.352704
7866,1.315840
7867,1.388544
7868,1.340416
7869,1.320960
7870,1.304576
7871,1.029120
7872,1.412096
7873,1.331200
7874,1.366016
7875,1.337344
7876,1.291264
7877,1.290240
7878,1.379328
7879,1.261568
7880,1.353728
7881,1.293312
7882,1.320960
7883,1.305600
7884,1.368064
7885,1.315840
7886,1.311744
7887,1.324032
7888,1.333248
7889,1.341440
7890,1.307648
7891,1.293312
7892,1.349632
7893,1.331200
7894,1.310720
7895,1.332224
7896,1.339392
7897,1.329152
7898,1.319936
7899,1.274880
7900,1.379328
7901,1.326080
7902,1.337344
7903,1.333248
7904,1.295360
7905,1.290240
7906,1.264640
7907,1.347584
7908,1.321984
7909,1.362944
7910,1.323008
7911,1.298432
7912,1.302528
7913,1.340416
7914,1.357824
7915,1.332224
7916,1.313792
7917,1.133568
7918,0.680960
7919,0.609280
7920,1.412096
7921,1.384448
7922,1.364992
7923,1.333248
7924,1.310720
7925,1.318912
7926,1.329152
7927,1.371136
7928,1.315840
7929,1.352704
7930,1.363968
7931,1.409024
7932,1.343488
7933,1.336320
7934,1.312768
7935,1.324032
7936,1.311744
7937,1.354752
7938,1.330176
7939,1.332224
7940,1.346560
7941,1.333248
7942,1.329152
7943,1.311744
7944,1.323008
7945,1.339392
7946,1.387520
7947,1.333248
7948,1.386496
7949,1.363968
7950,1.323008
7951,1.306624
7952,1.413120
7953,1.305600
7954,1.373184
7955,1.319936
7956,1.313792
7957,1.324032
7958,1.358848
7959,1.309696
7960,1.305600
7961,1.321984
7962,1.340416
7963,1.372160
7964,1.330176
7965,0.804864
7966,0.620544
7967,0.590848
7968,0.586752
7969,0.574464
7970,0.572416
7971,1.445888
7972,1.377280
7973,1.358848
7974,1.379328
7975,1.346560
7976,1.346560
7977,1.316864
7978,1.356800
7979,1.356800
7980,1.334272
7981,1.328128
7982,1.303552
7983,1.296384
7984,1.339392
7985,1.372160
7986,1.392640
7987,1.379328
7988,1.341440
7989,1.325056
7990,1.288192
7991,1.379328
7992,1.355776
7993,1.375232
7994,1.378304
7995,1.338368
7996,1.329152
7997,1.323008
7998,1.259520
7999,1.328128
8000,1.334272
8001,1.373184
8002,1.345536
8003,1.323008
8004,1.388544
8005,1.382400
8006,1.364992
8007,1.400832
8008,1.394688
8009,1.354752
8010,1.373184
8011,1.325056
8012,1.291264
8013,1.362944
8014,1.324032
8015,0.990208
8016,0.745472
8017,0.666624
8018,0.659456
8019,0.624640
8020,0.572416
8021,0.564224
8022,1.354752
8023,1.274880
8024,1.309696
8025,1.298432
8026,1.271808
8027,1.315840
8028,1.381376
8029,1.370112
8030,1.321984
8031,1.361920
8032,1.327104
8033,1.315840
8034,1.306624
8035,1.378304
8036,1.391616
8037,1.336320
8038,1.377280
8039,1.363968
8040,1.353728
8041,1.330176
8042,1.350656
8043,1.325056
8044,1.331200
8045,1.359872
8046,1.371136
8047,1.379328
8048,1.395712
8049,1.362944
8050,1.349632
8051,1.328128
8052,1.290240
8053,1.338368
8054,1.358848
8055,1.369088
8056,1.260544
8057,1.300480
8058,1.351680
8059,1.343488
8060,1.324032
8061,1.342464
8062,1.348608
8063,1.368064
8064,1.320960
8065,1.348608
8066,1.317888
8067,1.050624
8068,0.753664
8069,0.637952
8070,0.596992
8071,0.569344
8072,0.570368
8073,0.564224
8074,0.550912
8075,1.377280
8076,1.408000
8077,1.371136
8078,1.317888
8079,1.343488
8080,1.343488
8081,1.342464
8082,1.306624
8083,1.305600
8084,1.270784
8085,1.359872
8086,1.338368
8087,1.349632
8088,1.334272
8089,1.329152
8090,1.318912
8091,1.327104
8092,1.289216
8093,1.304576
8094,1.368064
8095,1.332224
8096,1.373184
8097,1.318912
8098,1.303552
8099,1.341440
8100,1.351680
8101,1.317888
8102,1.331200
8103,1.391616
8104,1.311744
8105,1.326080
8106,1.324032
8107,1.287168
8108,1.381376
8109,1.366016
8110,1.378304
8111,1.349632
8112,1.291264
8113,1.359872
8114,1.344512
8115,1.268736
8116,1.285120
8117,1.390592
8118,1.336320
8119,1.275904
8120,1.295360
8121,1.137664
8122,1.376256
8123,1.333248
8124,1.289216
8125,1.323008
8126,1.353728
8127,1.332224
8128,1.317888
8129,1.405952
8130,1.325056
8131,1.401856
8132,1.344512
8133,1.339392
8134,1.356800
8135,1.324032
8136,1.339392
8137,1.326080
8138,1.311744
8139,1.340416
8140,1.308672
8141,1.331200
8142,1.359872
8143,1.401856
8144,1.335296
8145,1.415168
8146,1.331200
8147,1.360896
8148,1.310720
8149,1.326080
8150,1.325056
8151,1.336320
8152,1.383424
8153,1.469440
8154,1.390592
8155,1.362944
8156,1.364992
8157,1.323008
8158,1.333248
8159,1.332224
8160,1.320960
8161,1.339392
8162,1.315840
8163,1.362944
8164,1.250304
8165,1.193984
8166,1.140736
8167,1.316864
8168,1.363968
8169,1.307648
8170,1.329152
8171,1.314816
8172,1.330176
8173,1.361920
8174,1.331200
8175,1.332224
8176,1.347584
8177,1.350656
8178,1.383424
8179,1.328128
8180,1.307648
8181,1.340416
8182,1.334272
8183,1.342464
8184,1.324032
8185,1.337344
8186,1.361920
8187,1.382400
8188,1.281024
8189,1.370112
8190,1.355776
8191,1.289216
8192,1.337344
8193,1.335296
8194,1.352704
8195,1.339392
8196,1.301504
8197,1.357824
8198,1.267712
8199,1.302528
8200,1.368064
8201,1.356800
8202,1.334272
8203,1.347584
8204,1.366016
8205,1.352704
8206,1.331200
8207,1.288192
8208,1.385472
8209,1.318912
8210,1.111040
8211,0.807936
8212,1.294336
8213,1.215488
8214,1.321984
8215,1.323008
8216,1.378304
8217,1.345536
8218,1.308672
8219,1.325056
8220,1.315840
8221,1.335296
8222,1.357824
8223,1.333248
8224,1.353728
8225,1.383424
8226,1.326080
8227,1.371136
8228,1.333248
8229,1.371136
8230,1.358848
8231,1.325056
8232,1.329152
8233,1.318912
8234,1.333248
8235,1.307648
8236,1.384448
8237,1.372160
8238,1.371136
8239,1.408000
8240,1.312768
8241,1.319936
8242,1.313792
8243,1.298432
8244,1.315840
8245,1.282048
8246,1.330176
8247,1.312768
8248,1.340416
8249,1.394688
8250,1.389568
8251,1.334272
8252,1.338368
8253,1.299456
8254,1.338368
8255,1.343488
8256,1.287168
8257,1.330176
8258,1.221632
8259,1.327104
8260,1.353728
8261,1.388544
8262,1.359872
8263,1.295360
8264,1.402880
8265,1.347584
8266,1.328128
8267,1.304576
8268,1.314816
8269,1.318912
8270,1.306624
8271,1.349632
8272,1.377280
8273,1.373184
8274,1.367040
8275,1.343488
8276,1.390592
8277,1.311744
8278,1.368064
8279,1.349632
8280,1.324032
8281,1.318912
8282,1.323008
8283,1.373184
8284,1.325056
8285,1.358848
8286,1.363968
8287,1.339392
8288,1.387520
8289,1.356800
8290,1.401856
8291,1.301504
8292,1.391616
8293,1.342464
8294,1.320960
8295,1.349632
8296,1.440768
8297,1.299456
8298,1.348608
8299,1.368064
8300,1.372160
8301,1.220608
8302,0.760832
8303,0.634880
8304,0.628736
8305,0.609280
8306,0.603136
8307,0.587776
8308,1.411072
8309,1.378304
8310,1.415168
8311,1.355776
8312,1.310720
8313,1.399808
8314,1.300480
8315,1.289216
8316,1.340416
8317,1.408000
8318,1.358848
8319,1.315840
8320,1.361920
8321,1.304576
8322,1.371136
8323,1.357824
8324,1.401856
8325,1.317888
8326,1.313792
8327,1.351680
8328,1.344512
8329,1.392640
8330,1.351680
8331,1.360896
8332,1.367040
8333,1.404928
8334,1.340416
8335,1.361920
8336,1.367040
8337,1.366016
8338,1.356800
8339,1.297408
8340,1.345536
8341,1.349632
8342,1.351680
8343,1.368064
8344,1.373184
8345,1.360896
8346,1.337344
8347,1.341440
8348,1.332224
8349,1.340416
8350,1.331200
8351,1.345536
8352,1.153024
8353,0.807936
8354,0.633856
8355,1.346560
8356,1.227776
8357,1.304576
8358,1.342464
8359,1.329152
8360,1.387520
8361,1.394688
8362,1.360896
8363,1.321984
8364,1.305600
8365,1.321984
8366,1.384448
8367,1.411072
8368,1.391616
8369,1.386496
8370,1.352704
8371,1.366016
8372,1.405952
8373,1.316864
8374,1.309696
8375,1.316864
8376,1.371136
8377,1.325056
8378,1.282048
8379,1.358848
8380,1.341440
8381,1.321984
8382,1.324032
8383,1.367040
8384,1.347584
8385,1.337344
8386,1.367040
8387,1.326080
8388,1.376256
8389,1.376256
8390,1.346560
8391,1.310720
8392,1.300480
8393,1.352704
8394,1.345536
8395,1.350656
8396,1.361920
8397,1.332224
8398,1.337344
8399,1.251328
8400,1.211392
8401,1.308672
8402,1.343488
8403,1.346560
8404,1.284096
8405,1.299456
8406,1.332224
8407,1.327104
8408,1.342464
8409,1.358848
8410,1.370112
8411,1.302528
8412,1.316864
8413,1.344512
8414,1.342464
8415,1.318912
8416,1.308672
8417,1.324032
8418,1.337344
8419,1.364992
8420,1.305600
8421,1.325056
8422,1.351680
8423,1.313792
8424,1.353728
8425,1.352704
8426,1.302528
8427,1.315840
8428,1.304576
8429,1.353728
8430,1.339392
8431,1.327104
8432,1.351680
8433,1.310720
8434,1.367040
8435,1.378304
8436,1.335296
8437,1.317888
8438,1.375232
8439,1.347584
8440,1.379328
8441,1.320960
8442,1.343488
8443,1.309696
8444,1.254400
8445,0.812032
8446,1.294336
8447,1.216512
8448,1.343488
8449,1.481728
8450,1.295360
8451,1.361920
8452,1.358848
8453,1.329152
8454,1.348608
8455,1.359872
8456,1.335296
8457,1.293312
8458,1.337344
8459,1.318912
8460,1.339392
8461,1.359872
8462,1.333248
8463,1.354752
8464,1.340416
8465,1.349632
8466,1.317888
8467,1.332224
8468,1.338368
8469,1.328128
8470,1.344512
8471,1.310720
8472,1.359872
8473,1.341440
8474,1.331200
8475,1.296384
8476,1.331200
8477,1.331200
8478,1.323008
8479,1.355776
8480,1.339392
8481,1.323008
8482,1.395712
8483,1.359872
8484,1.359872
8485,1.317888
8486,1.333248
8487,1.361920
8488,1.354752
8489,1.300480
8490,1.298432
8491,1.181696
8492,1.208320
8493,1.319936
8494,1.270784
8495,1.350656
8496,1.256448
8497,1.358848
8498,1.359872
8499,1.386496
8500,1.328128
8501,1.375232
8502,1.505280
8503,1.361920
8504,1.280000
8505,1.281024
8506,1.311744
8507,1.256448
8508,1.311744
8509,1.318912
8510,1.339392
8511,1.321984
8512,1.363968
8513,1.362944
8514,1.344512
8515,1.460224
8516,1.379328
8517,1.265664
8518,1.314816
8519,1.325056
8520,1.340416
8521,1.319936
8522,1.333248
8523,1.340416
8524,1.345536
8525,1.362944
8526,1.362944
8527,1.385472
8528,1.359872
8529,1.361920
8530,1.331200
8531,1.378304
8532,1.317888
8533,1.343488
8534,1.347584
8535,1.293312
8536,0.988160
8537,1.135616
8538,1.432576
8539,1.330176
8540,1.364992
8541,1.386496
8542,1.306624
8543,1.318912
8544,1.338368
8545,1.321984
8546,1.310720
8547,1.360896
8548,1.359872
8549,1.342464
8550,1.348608
8551,1.360896
8552,1.338368
8553,1.372160
8554,1.326080
8555,1.291264
8556,1.308672
8557,1.288192
8558,1.315840
8559,1.326080
8560,1.366016
8561,1.296384
8562,1.370112
8563,1.339392
8564,1.335296
8565,1.342464
8566,1.332224
8567,1.362944
8568,1.315840
8569,1.366016
8570,1.329152
8571,1.394688
8572,1.328128
8573,1.369088
8574,1.361920
8575,1.377280
8576,1.377280
8577,1.311744
8578,1.321984
8579,1.370112
8580,1.353728
8581,1.319936
8582,0.876544
8583,1.262592
8584,1.220608
8585,1.077248
8586,1.222656
8587,1.311744
8588,1.339392
8589,1.349632
8590,1.318912
8591,1.368064
8592,1.300480
8593,1.349632
8594,1.329152
8595,1.346560
8596,1.380352
8597,1.346560
8598,1.375232
8599,1.351680
8600,1.354752
8601,1.364992
8602,1.377280
8603,1.332224
8604,1.299456
8605,1.317888
8606,1.409024
8607,1.372160
8608,1.390592
8609,1.329152
8610,1.321984
8611,1.301504
8612,1.310720
8613,1.318912
8614,1.371136
8615,1.319936
8616,1.314816
8617,1.282048
8618,1.326080
8619,1.307648
8620,1.346560
8621,1.313792
8622,1.370112
8623,1.314816
8624,1.338368
8625,1.344512
8626,1.299456
8627,1.314816
8628,1.044480
8629,0.816128
8630,0.706560
8631,0.650240
8632,0.621568
8633,1.356800
8634,1.230848
8635,1.324032
8636,1.373184
8637,1.367040
8638,1.375232
8639,1.367040
8640,1.378304
8641,1.331200
8642,1.295360
8643,1.368064
8644,1.309696
8645,1.341440
8646,1.293312
8647,1.351680
8648,1.336320
8649,1.374208
8650,1.330176
8651,1.372160
8652,1.380352
8653,1.362944
8654,1.388544
8655,1.334272
8656,1.321984
8657,1.448960
8658,1.332224
8659,1.356800
8660,1.339392
8661,1.333248
8662,1.327104
8663,1.353728
8664,1.335296
8665,1.347584
8666,1.385472
8667,1.331200
8668,1.311744
8669,1.326080
8670,1.336320
8671,1.360896
8672,1.347584
8673,1.379328
8674,1.307648
8675,1.299456
8676,1.297408
8677,1.207296
8678,1.405952
8679,1.342464
8680,1.296384
8681,1.344512
8682,1.319936
8683,1.300480
8684,1.376256
8685,1.326080
8686,1.344512
8687,1.370112
8688,1.355776
8689,1.385472
8690,1.384448
8691,1.364992
8692,1.408000
8693,1.311744
8694,1.375232
8695,1.361920
8696,1.331200
8697,1.343488
8698,1.313792
8699,1.344512
8700,1.345536
8701,1.335296
8702,1.350656
8703,1.359872
8704,1.343488
8705,1.323008
8706,1.349632
8707,1.363968
8708,1.286144
8709,1.336320
8710,1.356800
8711,1.359872
8712,1.333248
8713,1.337344
8714,1.352704
8715,1.326080
8716,1.341440
8717,1.392640
8718,1.316864
8719,1.351680
8720,1.351680
8721,1.359872
8722,1.234944
8723,0.801792
8724,0.680960
8725,0.613376
8726,0.578560
8727,1.423360
8728,1.284096
8729,1.301504
8730,1.271808
8731,1.352704
8732,1.367040
8733,1.315840
8734,1.305600
8735,1.344512
8736,1.406976
8737,1.369088
8738,1.344512
8739,1.313792
8740,1.297408
8741,1.359872
8742,1.309696
8743,1.306624
8744,1.306624
8745,1.334272
8746,1.370112
8747,1.378304
8748,1.362944
8749,1.370112
8750,1.341440
8751,1.332224
8752,1.349632
8753,1.338368
8754,1.309696
8755,1.347584
8756,1.347584
8757,1.349632
8758,1.329152
8759,1.310720
8760,1.300480
8761,1.333248
8762,1.338368
8763,1.325056
8764,1.334272
8765,1.320960
8766,1.332224
8767,1.361920
8768,1.297408
8769,1.371136
8770,1.315840
8771,1.290240
8772,0.783360
8773,0.642048
8774,0.632832
8775,1.408000
8776,1.327104
8777,1.317888
8778,1.345536
8779,1.363968
8780,1.310720
8781,1.334272
8782,1.382400
8783,1.334272
8784,1.345536
8785,1.345536
8786,1.339392
8787,1.346560
8788,1.337344
8789,1.359872
8790,1.269760
8791,1.361920
8792,1.321984
8793,1.310720
8794,1.345536
8795,1.345536
8796,1.364992
8797,1.364992
8798,1.353728
8799,1.311744
8800,1.328128
8801,1.315840
8802,1.344512
8803,1.319936
8804,1.336320
8805,1.396736
8806,1.304576
8807,1.339392
8808,1.355776
8809,1.291264
8810,1.346560
8811,1.364992
8812,1.333248
8813,1.333248
8814,1.309696
8815,1.309696
8816,1.377280
8817,1.294336
8818,1.375232
8819,1.203200
8820,0.758784
8821,0.686080
8822,0.634880
8823,0.643072
8824,34.400257
8825,1.277952
8826,1.342464
8827,1.378304
8828,1.344512
8829,1.352704
8830,1.298432
8831,1.323008
8832,1.303552
8833,1.339392
8834,1.319936
8835,1.351680
8836,1.361920
8837,1.348608
8838,1.294336
8839,1.321984
8840,1.310720
8841,1.301504
8842,1.355776
8843,1.293312
8844,1.298432
8845,1.327104
8846,1.301504
8847,1.357824
8848,1.316864
8849,1.355776
8850,1.301504
8851,1.316864
8852,1.382400
8853,1.333248
8854,1.319936
8855,1.350656
8856,1.319936
8857,1.379328
8858,1.296384
8859,1.284096
8860,1.327104
8861,1.291264
8862,1.357824
8863,1.317888
8864,1.334272
8865,1.379328
8866,1.331200
8867,1.394688
8868,1.386496
8869,1.335296
8870,1.017856
8871,1.297408
8872,1.221632
8873,1.328128
8874,1.333248
8875,1.311744
8876,1.305600
8877,1.240064
8878,1.268736
8879,1.339392
8880,1.358848
8881,1.298432
8882,1.372160
8883,1.364992
8884,1.357824
8885,1.331200
8886,1.370112
8887,1.310720
8888,1.343488
8889,1.335296
8890,1.362944
8891,1.297408
8892,1.351680
8893,1.327104
8894,1.358848
8895,1.351680
8896,1.346560
8897,1.352704
8898,1.331200
8899,1.326080
8900,1.332224
8901,1.330176
8902,1.361920
8903,1.311744
8904,1.361920
8905,1.314816
8906,1.289216
8907,1.303552
8908,1.398784
8909,1.271808
8910,1.350656
8911,1.347584
8912,1.330176
8913,1.347584
8914,1.335296
8915,1.354752
8916,1.162240
8917,0.768000
8918,1.400832
8919,1.370112
8920,1.359872
8921,1.343488
8922,1.328128
8923,1.350656
8924,1.466368
8925,1.318912
8926,1.356800
8927,1.317888
8928,1.362944
8929,1.344512
8930,1.327104
8931,1.288192
8932,1.297408
8933,1.334272
8934,1.350656
8935,1.334272
8936,1.235968
8937,1.330176
8938,1.316864
8939,1.275904
8940,1.324032
8941,1.301504
8942,1.340416
8943,1.315840
8944,1.332224
8945,1.349632
8946,1.337344
8947,1.275904
8948,1.338368
8949,1.281024
8950,1.312768
8951,1.319936
8952,1.335296
8953,1.268736
8954,1.288192
8955,1.306624
8956,1.321984
8957,1.336320
8958,1.310720
8959,1.342464
8960,1.309696
8961,1.317888
8962,1.357824
8963,1.160192
8964,1.372160
8965,1.334272
8966,1.367040
8967,1.359872
8968,1.373184
8969,1.321984
8970,1.341440
8971,1.316864
8972,1.288192
8973,1.327104
8974,1.329152
8975,1.315840
8976,1.287168
8977,1.324032
8978,1.239040
8979,1.311744
8980,1.285120
8981,1.318912
8982,1.328128
8983,1.361920
8984,1.298432
8985,1.353728
8986,1.329152
8987,1.324032
8988,1.368064
8989,1.283072
8990,1.295360
8991,1.293312
8992,1.286144
8993,1.338368
8994,1.314816
8995,1.290240
8996,1.314816
8997,1.347584
8998,1.325056
8999,1.332224
9000,1.333248
9001,1.378304
9002,1.339392
9003,1.351680
9004,1.310720
9005,1.350656
9006,2.705408
9007,2.600960
9008,0.668672
9009,0.630784
9010,0.622592
9011,0.605184
9012,0.586752
9013,1.431552
9014,1.301504
9015,1.321984
9016,1.356800
9017,1.301504
9018,1.361920
9019,1.247232
9020,1.349632
9021,1.332224
9022,1.292288
9023,1.308672
9024,1.295360
9025,1.288192
9026,1.303552
9027,1.247232
9028,1.408000
9029,1.346560
9030,1.330176
9031,1.316864
9032,1.370112
9033,1.311744
9034,1.300480
9035,3.651584
9036,1.298432
9037,1.359872
9038,1.309696
9039,1.321984
9040,2.338816
9041,1.283072
9042,1.299456
9043,1.344512
9044,1.281024
9045,2.289664
9046,3.654656
9047,1.304576
9048,1.313792
9049,1.321984
9050,1.341440
9051,1.315840
9052,1.325056
9053,1.181696
9054,0.651264
9055,0.612352
9056,0.593920
9057,0.600064
9058,0.590848
9059,0.589824
9060,0.582656
9061,0.571392
9062,1.352704
9063,1.285120
9064,1.298432
9065,1.313792
9066,1.293312
9067,1.302528
9068,1.314816
9069,1.325056
9070,1.323008
9071,1.352704
9072,1.339392
9073,1.327104
9074,1.321984
9075,1.360896
9076,1.340416
9077,1.319936
9078,1.366016
9079,1.304576
9080,1.289216
9081,1.325056
9082,1.307648
9083,1.311744
9084,1.294336
9085,1.319936
9086,1.341440
9087,1.310720
9088,1.325056
9089,1.310720
9090,1.362944
9091,1.323008
9092,1.312768
9093,1.316864
9094,1.289216
9095,1.371136
9096,1.284096
9097,1.379328
9098,1.373184
9099,1.324032
9100,1.341440
9101,1.324032
9102,1.352704
9103,1.311744
9104,1.309696
9105,1.292288
9106,1.294336
9107,1.107968
9108,1.273856
9109,1.128448
9110,1.290240
9111,1.315840
9112,1.280000
9113,1.320960
9114,1.329152
9115,1.313792
9116,1.344512
9117,1.269760
9118,1.355776
9119,1.276928
9120,1.333248
9121,1.308672
9122,1.335296
9123,1.283072
9124,1.340416
9125,1.333248
9126,1.303552
9127,1.335296
9128,1.317888
9129,1.319936
9130,1.339392
9131,1.344512
9132,1.347584
9133,1.255424
9134,1.289216
9135,1.340416
9136,1.310720
9137,1.281024
9138,1.276928
9139,1.339392
9140,1.340416
9141,1.278976
9142,1.304576
9143,1.282048
9144,1.316864
9145,1.313792
9146,1.295360
9147,1.266688
9148,1.294336
9149,1.290240
9150,1.298432
9151,1.346560
9152,1.286144
9153,1.334272
9154,1.102848
9155,1.267712
9156,1.215488
9157,1.303552
9158,1.341440
9159,1.316864
9160,1.285120
9161,1.377280
9162,1.390592
9163,1.330176
9164,1.307648
9165,1.287168
9166,1.310720
9167,1.307648
9168,1.359872
9169,1.320960
9170,1.316864
9171,1.268736
9172,1.337344
9173,1.342464
9174,1.302528
9175,1.339392
9176,1.252352
9177,1.368064
9178,1.370112
9179,1.301504
9180,1.306624
9181,1.339392
9182,1.300480
9183,1.356800
9184,1.346560
9185,1.311744
9186,1.384448
9187,1.325056
9188,1.258496
9189,1.331200
9190,1.353728
9191,1.316864
9192,1.316864
9193,1.361920
9194,1.293312
9195,1.302528
9196,1.313792
9197,1.308672
9198,1.299456
9199,1.293312
9200,1.286144
9201,0.865280
9202,0.775168
9203,0.799744
9204,0.634880
9205,0.642048
9206,1.382400
9207,1.379328
9208,1.364992
9209,1.311744
9210,1.282048
9211,1.343488
9212,1.292288
9213,1.331200
9214,1.321984
9215,1.292288
9216,1.334272
9217,1.332224
9218,1.340416
9219,1.330176
9220,1.383424
9221,1.323008
9222,1.306624
9223,1.296384
9224,1.313792
9225,1.302528
9226,1.333248
9227,1.310720
9228,1.292288
9229,1.314816
9230,1.355776
9231,1.350656
9232,1.275904
9233,1.323008
9234,1.344512
9235,1.318912
9236,1.317888
9237,1.335296
9238,1.303552
9239,1.256448
9240,1.334272
9241,1.320960
9242,1.289216
9243,1.288192
9244,1.332224
9245,1.325056
9246,1.317888
9247,1.283072
9248,1.366016
9249,1.313792
9250,1.300480
9251,1.305600
9252,0.873472
9253,1.411072
9254,1.329152
9255,1.361920
9256,1.314816
9257,1.278976
9258,1.364992
9259,1.273856
9260,1.358848
9261,1.297408
9262,1.341440
9263,1.348608
9264,1.368064
9265,1.335296
9266,1.331200
9267,1.356800
9268,1.296384
9269,1.304576
9270,1.290240
9271,1.299456
9272,1.361920
9273,1.317888
9274,1.326080
9275,1.302528
9276,1.550336
9277,1.306624
9278,1.369088
9279,1.378304
9280,1.351680
9281,1.316864
9282,1.307648
9283,1.327104
9284,1.312768
9285,1.298432
9286,1.325056
9287,1.315840
9288,1.355776
9289,1.303552
9290,1.302528
9291,1.287168
9292,1.313792
9293,1.292288
9294,1.302528
9295,1.305600
9296,1.343488
9297,1.264640
9298,1.064960
9299,0.852992
9300,0.802816
9301,0.790528
9302,0.712704
9303,0.686080
9304,0.594944
9305,1.457152
9306,1.295360
9307,1.347584
9308,1.274880
9309,1.299456
9310,1.307648
9311,1.326080
9312,1.305600
9313,1.275904
9314,1.349632
9315,1.314816
9316,1.344512
9317,1.341440
9318,1.314816
9319,1.332224
9320,1.344512
9321,1.303552
9322,1.314816
9323,1.289216
9324,1.296384
9325,1.326080
9326,1.340416
9327,1.337344
9328,1.358848
9329,1.265664
9330,1.321984
9331,1.299456
9332,1.318912
9333,1.259520
9334,1.289216
9335,1.348608
9336,1.393664
9337,1.330176
9338,1.436672
9339,1.298432
9340,1.329152
9341,1.311744
9342,1.370112
9343,1.343488
9344,1.368064
9345,1.341440
9346,1.341440
9347,1.337344
9348,1.317888
9349,1.346560
9350,1.224704
9351,0.743424
9352,0.685056
9353,0.674816
9354,0.686080
9355,0.669696
9356,0.626688
9357,0.583680
9358,0.564224
9359,1.356800
9360,1.335296
9361,1.263616
9362,1.309696
9363,1.297408
9364,1.314816
9365,1.311744
9366,1.312768
9367,1.310720
9368,1.253376
9369,1.314816
9370,1.284096
9371,1.294336
9372,1.320960
9373,1.281024
9374,1.302528
9375,1.285120
9376,1.324032
9377,1.364992
9378,1.373184
9379,1.316864
9380,1.286144
9381,1.308672
9382,1.272832
9383,1.276928
9384,1.274880
9385,1.306624
9386,1.343488
9387,1.293312
9388,1.329152
9389,1.302528
9390,1.308672
9391,1.335296
9392,1.310720
9393,1.388544
9394,1.326080
9395,1.318912
9396,1.301504
9397,1.305600
9398,1.261568
9399,1.297408
9400,1.327104
9401,1.296384
9402,1.360896
9403,1.294336
9404,1.300480
9405,1.003520
9406,1.351680
9407,1.239040
9408,1.286144
9409,1.273856
9410,1.344512
9411,1.261568
9412,1.358848
9413,1.306624
9414,1.319936
9415,1.290240
9416,1.283072
9417,1.296384
9418,1.320960
9419,1.308672
9420,1.345536
9421,1.305600
9422,1.315840
9423,1.286144
9424,1.249280
9425,1.254400
9426,1.298432
9427,1.299456
9428,1.346560
9429,1.361920
9430,1.296384
9431,1.289216
9432,1.287168
9433,1.297408
9434,1.315840
9435,1.307648
9436,1.321984
9437,1.332224
9438,1.348608
9439,1.346560
9440,1.390592
9441,1.284096
9442,1.334272
9443,1.359872
9444,1.332224
9445,1.290240
9446,1.298432
9447,1.317888
9448,1.332224
9449,1.323008
9450,1.311744
9451,1.312768
9452,1.153024
9453,0.876544
9454,0.739328
9455,1.353728
9456,1.377280
9457,1.297408
9458,1.282048
9459,1.305600
9460,1.347584
9461,1.295360
9462,1.289216
9463,1.289216
9464,1.276928
9465,1.312768
9466,1.314816
9467,1.304576
9468,1.337344
9469,1.347584
9470,1.337344
9471,1.296384
9472,1.350656
9473,1.369088
9474,1.308672
9475,1.346560
9476,1.300480
9477,1.357824
9478,1.321984
9479,1.337344
9480,1.331200
9481,1.363968
9482,1.307648
9483,1.320960
9484,1.314816
9485,1.339392
9486,1.308672
9487,1.341440
9488,1.328128
9489,1.309696
9490,1.318912
9491,1.350656
9492,1.304576
9493,1.288192
9494,1.299456
9495,1.339392
9496,1.358848
9497,1.335296
9498,1.347584
9499,1.306624
9500,1.239040
9501,0.836608
9502,0.723968
9503,0.723968
9504,0.700416
9505,1.388544
9506,1.291264
9507,1.377280
9508,1.325056
9509,1.330176
9510,1.317888
9511,1.313792
9512,1.327104
9513,1.280000
9514,1.295360
9515,1.378304
9516,1.320960
9517,1.301504
9518,1.331200
9519,1.350656
9520,1.334272
9521,1.298432
9522,1.360896
9523,1.328128
9524,1.324032
9525,1.337344
9526,1.277952
9527,1.318912
9528,1.351680
9529,1.339392
9530,1.306624
9531,1.316864
9532,1.308672
9533,1.312768
9534,1.288192
9535,1.312768
9536,1.317888
9537,1.325056
9538,1.298432
9539,1.305600
9540,1.285120
9541,1.291264
9542,1.311744
9543,1.240064
9544,1.348608
9545,1.301504
9546,1.297408
9547,1.340416
9548,1.333248
9549,1.318912
9550,1.187840
9551,0.978944
9552,0.847872
9553,0.694272
9554,0.629760
9555,0.615424
9556,0.599040
9557,1.393664
9558,1.314816
9559,1.298432
9560,1.253376
9561,1.369088
9562,1.305600
9563,1.259520
9564,1.271808
9565,1.307648
9566,1.336320
9567,1.318912
9568,1.293312
9569,1.300480
9570,1.304576
9571,1.348608
9572,1.296384
9573,1.331200
9574,1.309696
9575,1.287168
9576,1.308672
9577,1.369088
9578,1.298432
9579,1.266688
9580,1.321984
9581,1.305600
9582,1.345536
9583,1.333248
9584,1.334272
9585,1.311744
9586,1.351680
9587,1.299456
9588,1.294336
9589,1.289216
9590,1.343488
9591,1.295360
9592,1.329152
9593,1.352704
9594,1.323008
9595,1.316864
9596,1.325056
9597,1.259520
9598,1.288192
9599,1.297408
9600,1.285120
9601,1.323008
9602,1.280000
9603,1.134592
9604,0.787456
9605,0.689152
9606,0.650240
9607,0.617472
9608,0.606208
9609,1.372160
9610,1.337344
9611,1.359872
9612,1.325056
9613,1.297408
9614,1.303552
9615,1.340416
9616,1.291264
9617,1.327104
9618,1.257472
9619,1.261568
9620,1.298432
9621,1.269760
9622,1.282048
9623,1.286144
9624,1.293312
9625,1.269760
9626,1.276928
9627,1.317888
9628,1.341440
9629,1.280000
9630,1.332224
9631,1.266688
9632,1.309696
9633,1.295360
9634,1.293312
9635,1.320960
9636,1.278976
9637,1.258496
9638,1.300480
9639,1.363968
9640,1.296384
9641,1.315840
9642,1.373184
9643,1.327104
9644,1.331200
9645,1.311744
9646,1.328128
9647,1.285120
9648,1.249280
9649,1.344512
9650,1.337344
9651,1.333248
9652,1.304576
9653,1.317888
9654,1.264640
9655,1.183744
9656,1.263616
9657,1.143808
9658,1.336320
9659,1.327104
9660,1.342464
9661,1.331200
9662,1.314816
9663,1.291264
9664,1.318912
9665,1.292288
9666,1.281024
9667,1.277952
9668,1.254400
9669,1.270784
9670,1.264640
9671,1.303552
9672,1.304576
9673,1.288192
9674,1.287168
9675,1.297408
9676,1.267712
9677,1.281024
9678,1.263616
9679,1.262592
9680,1.302528
9681,1.286144
9682,1.273856
9683,1.231872
9684,1.262592
9685,1.268736
9686,1.318912
9687,1.285120
9688,1.266688
9689,1.280000
9690,1.277952
9691,1.271808
9692,1.269760
9693,1.276928
9694,1.263616
9695,1.242112
9696,1.276928
9697,1.304576
9698,1.262592
9699,1.287168
9700,1.269760
9701,1.311744
9702,1.213440
9703,1.190912
9704,1.136640
9705,1.148928
9706,1.259520
9707,1.241088
9708,1.239040
9709,1.234944
9710,1.239040
9711,1.247232
9712,1.255424
9713,1.271808
9714,1.266688
9715,1.275904
9716,1.305600
9717,1.295360
9718,1.302528
9719,1.230848
9720,1.262592
9721,1.283072
9722,1.316864
9723,1.307648
9724,1.271808
9725,1.290240
9726,1.271808
9727,1.234944
9728,1.264640
9729,1.254400
9730,1.257472
9731,1.259520
9732,1.249280
9733,1.250304
9734,1.249280
9735,1.248256
9736,1.242112
9737,1.205248
9738,1.198080
9739,1.221632
9740,1.222656
9741,1.204224
9742,1.245184
9743,1.195008
9744,1.238016
9745,1.255424
9746,1.303552
9747,1.216512
9748,1.261568
9749,1.208320
9750,1.256448
9751,1.220608
9752,1.116160
9753,0.993280
9754,0.802816
9755,0.781312
9756,0.763904
9757,1.233920
9758,1.182720
9759,2.590720
9760,1.267712
9761,1.284096
9762,2.672640
9763,1.253376
9764,1.226752
9765,1.259520
9766,1.252352
9767,1.197056
9768,1.238016
9769,1.262592
9770,1.240064
9771,1.221632
9772,1.246208
9773,1.235968
9774,1.189888
9775,1.244160
9776,1.238016
9777,1.257472
9778,1.273856
9779,1.233920
9780,1.255424
9781,1.222656
9782,1.248256
9783,1.282048
9784,1.244160
9785,1.264640
9786,1.261568
9787,1.261568
9788,1.219584
9789,1.217536
9790,1.231872
9791,1.227776
9792,1.266688
9793,1.210368
9794,1.240064
9795,1.271808
9796,1.254400
9797,1.206272
9798,1.256448
9799,1.272832
9800,1.223680
9801,1.203200
9802,1.281024
9803,1.193984
9804,0.943104
9805,1.054720
9806,0.711680
9807,0.660480
9808,0.625664
9809,0.567296
9810,0.558080
9811,1.319936
9812,1.262592
9813,1.241088
9814,2.664448
9815,1.253376
9816,2.634752
9817,1.197056
9818,1.247232
9819,1.245184
9820,1.229824
9821,1.249280
9822,1.302528
9823,1.229824
9824,1.263616
9825,1.262592
9826,1.248256
9827,1.248256
9828,1.227776
9829,1.244160
9830,1.224704
9831,1.258496
9832,1.226752
9833,1.248256
9834,1.257472
9835,1.244160
9836,1.263616
9837,1.289216
9838,1.230848
9839,1.197056
9840,1.196032
9841,1.210368
9842,1.224704
9843,1.206272
9844,1.213440
9845,1.203200
9846,1.202176
9847,1.193984
9848,1.236992
9849,1.185792
9850,1.191936
9851,1.215488
9852,1.210368
9853,1.174528
9854,1.149952
9855,1.178624
9856,1.204224
9857,1.193984
9858,1.052672
9859,0.974848
9860,0.862208
9861,0.690176
9862,0.599040
9863,0.577536
9864,1.186816
9865,1.230848
9866,1.162240
9867,1.156096
9868,1.176576
9869,1.159168
9870,1.179648
9871,1.135616
9872,1.161216
9873,1.114112
9874,1.166336
9875,3.315712
9876,1.102848
9877,1.193984
9878,1.126400
9879,1.136640
9880,1.179648
9881,1.161216
9882,1.152000
9883,1.107968
9884,1.140736
9885,1.118208
9886,3.318784
9887,1.090560
9888,1.124352
9889,1.139712
9890,2.221056
9891,1.100800
9892,1.081344
9893,1.113088
9894,1.118208
9895,1.120256
9896,2.130944
9897,3.367936
9898,1.095680
9899,1.137664
9900,1.087488
9901,1.106944
9902,1.079296
9903,1.059840
9904,1.057792
9905,1.078272
9906,1.076224
9907,1.093632
9908,1.117184
9909,1.117184
9910,1.079296
9911,1.081344
9912,1.092608
9913,1.100800
9914,1.068032
9915,0.988160
9916,1.024000
9917,0.976896
9918,1.044480
9919,1.065984
9920,1.050624
9921,1.040384
9922,1.035264
9923,1.056768
9924,1.058816
9925,1.050624
9926,1.053696
9927,1.033216
9928,1.050624
9929,1.004544
9930,1.064960
9931,1.045504
9932,1.057792
9933,1.040384
9934,1.069056
9935,1.051648
9936,1.074176
9937,1.077248
9938,1.054720
9939,1.076224
9940,1.038336
9941,1.017856
9942,1.004544
9943,1.012736
9944,1.037312
9945,1.031168
9946,0.994304
9947,0.987136
9948,0.999424
9949,0.969728
9950,0.972800
9951,0.969728
9952,0.957440
9953,0.959488
9954,0.935936
9955,0.904192
9956,0.913408
9957,0.898048
9958,0.907264
9959,0.924672
9960,0.908288
9961,0.902144
9962,0.916480
9963,0.911360
9964,0.901120
9965,0.908288
9966,0.921600
9967,0.901120
9968,0.897024
9969,0.904192
9970,0.851968
9971,0.925696
9972,1.878016
9973,0.900096
9974,0.915456
9975,0.929792
9976,0.888832
9977,0.906240
9978,0.801792
9979,3.086336
9980,0.861184
9981,0.923648
9982,0.894976
9983,0.877568
9984,0.889856
9985,0.875520
9986,0.901120
9987,0.890880
9988,0.882688
9989,0.865280
9990,0.841728
9991,0.714752
9992,0.672768
9993,0.617472
9994,0.599040
9995,0.592896
9996,0.590848
9997,0.835584
9998,0.897024
9999,0.813056
