iter,ms
0,0.691200
1,0.693248
2,0.669696
3,0.705536
4,0.688128
5,0.771072
6,0.769024
7,0.673792
8,0.675840
9,0.690176
10,0.708608
11,0.686080
12,0.685056
13,0.739328
14,0.804864
15,0.795648
16,0.775168
17,0.732160
18,0.778240
19,0.815104
20,0.836608
21,0.852992
22,0.804864
23,0.836608
24,0.819200
25,0.806912
26,0.835584
27,0.829440
28,0.882688
29,0.846848
30,0.837632
31,0.856064
32,0.911360
33,0.965632
34,0.967680
35,0.986112
36,0.910336
37,0.946176
38,0.919552
39,0.983040
40,0.951296
41,0.958464
42,0.969728
43,1.071104
44,1.003520
45,1.003520
46,1.028096
47,1.027072
48,1.011712
49,1.064960
50,1.058816
51,1.061888
52,1.047552
53,1.155072
54,1.103872
55,1.052672
56,1.080320
57,1.064960
58,1.069056
59,1.078272
60,1.087488
61,1.102848
62,1.099776
63,1.142784
64,1.088512
65,1.108992
66,1.052672
67,1.035264
68,1.044480
69,1.069056
70,1.182720
71,1.187840
72,1.057792
73,1.112064
74,1.089536
75,1.120256
76,1.077248
77,1.094656
78,1.110016
79,1.105920
80,1.132544
81,1.090560
82,1.087488
83,1.059840
84,1.064960
85,1.094656
86,1.076224
87,1.121280
88,1.074176
89,1.118208
90,1.154048
91,1.125376
92,1.093632
93,1.094656
94,1.114112
95,1.088512
96,1.113088
97,1.075200
98,1.158144
99,1.115136
100,1.172480
101,1.138688
102,1.134592
103,1.144832
104,1.176576
105,1.108992
106,1.146880
107,1.171456
108,1.170432
109,1.187840
110,1.147904
111,1.124352
112,1.154048
113,1.156096
114,1.137664
115,1.156096
116,1.147904
117,1.203200
118,1.179648
119,1.143808
120,1.163264
121,1.079296
122,1.072128
123,1.139712
124,1.139712
125,1.146880
126,1.137664
127,1.111040
128,1.138688
129,1.165312
130,1.160192
131,1.147904
132,1.140736
133,1.157120
134,1.132544
135,1.197056
136,1.148928
137,1.172480
138,1.160192
139,1.124352
140,1.166336
141,1.115136
142,1.149952
143,1.178624
144,1.013760
145,1.186816
146,1.227776
147,1.170432
148,1.143808
149,1.192960
150,1.159168
151,1.168384
152,1.208320
153,1.207296
154,1.145856
155,1.187840
156,1.245184
157,1.258496
158,1.226752
159,1.191936
160,1.223680
161,1.212416
162,1.211392
163,1.186816
164,1.175552
165,1.257472
166,1.188864
167,1.256448
168,1.243136
169,1.236992
170,1.166336
171,1.171456
172,1.132544
173,0.710656
174,1.259520
175,1.157120
176,1.202176
177,1.228800
178,1.182720
179,1.178624
180,1.180672
181,1.197056
182,1.271808
183,1.185792
184,1.198080
185,1.224704
186,1.173504
187,1.168384
188,1.196032
189,1.170432
190,1.210368
191,1.226752
192,1.266688
193,1.200128
194,1.182720
195,1.164288
196,1.098752
197,1.195008
198,1.184768
199,1.215488
200,1.180672
201,1.210368
202,1.260544
203,1.209344
204,1.264640
205,1.263616
206,1.257472
207,1.206272
208,1.189888
209,1.188864
210,1.193984
211,1.241088
212,1.175552
213,1.296384
214,1.243136
215,1.230848
216,1.236992
217,1.168384
218,1.201152
219,1.181696
220,1.166336
221,1.185792
222,1.191936
223,1.185792
224,1.134592
225,1.134592
226,1.180672
227,1.222656
228,1.164288
229,1.232896
230,1.223680
231,1.222656
232,1.282048
233,1.200128
234,1.241088
235,1.189888
236,1.243136
237,1.208320
238,1.276928
239,1.253376
240,1.220608
241,1.236992
242,1.251328
243,1.275904
244,1.252352
245,1.222656
246,1.223680
247,1.236992
248,1.265664
249,1.188864
250,1.323008
251,1.104896
252,1.212416
253,1.210368
254,1.219584
255,1.243136
256,1.252352
257,1.232896
258,1.229824
259,1.206272
260,1.219584
261,1.228800
262,1.235968
263,1.268736
264,1.269760
265,1.221632
266,1.223680
267,1.232896
268,1.222656
269,1.222656
270,1.256448
271,0.980992
272,0.772096
273,1.249280
274,1.232896
275,1.171456
276,1.178624
277,1.220608
278,1.269760
279,1.223680
280,1.220608
281,1.235968
282,1.215488
283,1.229824
284,1.243136
285,1.274880
286,1.254400
287,1.269760
288,1.304576
289,1.282048
290,1.334272
291,1.230848
292,1.287168
293,1.327104
294,1.284096
295,1.291264
296,1.303552
297,1.357824
298,1.273856
299,1.352704
300,1.309696
301,1.343488
302,1.401856
303,1.382400
304,1.347584
305,1.359872
306,1.361920
307,1.340416
308,1.461248
309,1.335296
310,1.326080
311,1.333248
312,1.359872
313,1.295360
314,1.325056
315,1.332224
316,1.361920
317,1.308672
318,1.382400
319,1.241088
320,1.352704
321,1.326080
322,1.255424
323,1.295360
324,1.341440
325,1.316864
326,1.270784
327,1.341440
328,1.349632
329,1.359872
330,1.350656
331,1.346560
332,1.375232
333,1.333248
334,1.350656
335,1.310720
336,1.342464
337,1.366016
338,1.336320
339,1.343488
340,1.362944
341,1.315840
342,1.317888
343,1.379328
344,1.315840
345,1.336320
346,1.309696
347,1.317888
348,1.296384
349,1.334272
350,1.358848
351,1.326080
352,1.354752
353,1.291264
354,1.353728
355,1.364992
356,1.354752
357,1.292288
358,1.287168
359,1.339392
360,1.305600
361,1.348608
362,1.356800
363,1.318912
364,1.300480
365,1.050624
366,1.288192
367,1.206272
368,1.306624
369,1.324032
370,1.298432
371,1.338368
372,1.277952
373,1.326080
374,1.338368
375,1.303552
376,1.313792
377,1.374208
378,1.345536
379,1.292288
380,1.337344
381,1.326080
382,1.370112
383,1.358848
384,1.311744
385,1.367040
386,1.308672
387,1.319936
388,1.310720
389,1.313792
390,1.320960
391,1.299456
392,1.343488
393,1.340416
394,1.307648
395,1.328128
396,1.300480
397,1.318912
398,1.374208
399,1.335296
400,1.374208
401,1.325056
402,1.334272
403,1.294336
404,1.344512
405,1.375232
406,1.408000
407,1.372160
408,1.385472
409,1.381376
410,1.366016
411,1.155072
412,0.762880
413,0.612352
414,0.598016
415,0.608256
416,0.605184
417,1.289216
418,1.190912
419,1.533952
420,1.295360
421,1.270784
422,1.302528
423,1.337344
424,1.332224
425,1.301504
426,1.332224
427,1.355776
428,1.348608
429,1.302528
430,1.352704
431,1.341440
432,1.325056
433,1.367040
434,1.319936
435,1.284096
436,1.367040
437,1.370112
438,1.343488
439,1.329152
440,1.387520
441,1.309696
442,1.363968
443,1.356800
444,1.340416
445,1.380352
446,1.359872
447,1.359872
448,1.329152
449,1.333248
450,1.351680
451,1.375232
452,1.310720
453,1.330176
454,1.324032
455,1.294336
456,1.324032
457,1.321984
458,1.305600
459,1.306624
460,1.327104
461,1.337344
462,1.122304
463,1.433600
464,1.328128
465,1.324032
466,1.381376
467,1.347584
468,1.364992
469,1.380352
470,1.347584
471,1.361920
472,1.342464
473,1.381376
474,1.382400
475,1.369088
476,1.316864
477,1.292288
478,1.346560
479,1.307648
480,1.390592
481,1.381376
482,1.360896
483,1.351680
484,1.377280
485,1.314816
486,1.385472
487,1.351680
488,1.350656
489,1.338368
490,1.343488
491,1.311744
492,1.352704
493,1.392640
494,1.303552
495,1.340416
496,1.340416
497,1.341440
498,1.343488
499,1.339392
500,1.349632
501,1.357824
502,1.357824
503,1.360896
504,1.374208
505,1.324032
506,1.330176
507,1.108992
508,0.732160
509,0.593920
510,0.587776
511,0.588800
512,0.589824
513,0.579584
514,1.540096
515,1.380352
516,1.331200
517,1.370112
518,1.310720
519,1.338368
520,1.344512
521,1.295360
522,1.324032
523,1.335296
524,1.308672
525,1.354752
526,1.336320
527,1.296384
528,1.327104
529,1.374208
530,1.360896
531,1.382400
532,1.352704
533,1.356800
534,1.349632
535,1.346560
536,1.302528
537,1.369088
538,1.341440
539,1.342464
540,1.375232
541,1.353728
542,1.302528
543,1.327104
544,1.318912
545,1.288192
546,1.323008
547,1.327104
548,1.331200
549,1.336320
550,1.353728
551,1.286144
552,1.350656
553,1.361920
554,1.349632
555,1.342464
556,1.326080
557,1.387520
558,1.222656
559,1.002496
560,1.323008
561,1.310720
562,1.248256
563,1.272832
564,1.334272
565,1.302528
566,1.317888
567,1.339392
568,1.307648
569,1.360896
570,1.360896
571,1.344512
572,1.368064
573,1.343488
574,1.352704
575,1.308672
576,1.292288
577,1.317888
578,1.295360
579,1.332224
580,1.278976
581,1.303552
582,1.311744
583,1.345536
584,1.309696
585,1.352704
586,1.317888
587,1.354752
588,1.358848
589,1.301504
590,1.342464
591,1.366016
592,1.386496
593,1.378304
594,1.297408
595,1.369088
596,1.358848
597,1.325056
598,1.373184
599,1.324032
600,1.317888
601,1.358848
602,1.338368
603,1.051648
604,1.312768
605,1.144832
606,1.327104
607,1.342464
608,1.341440
609,1.326080
610,1.361920
611,1.370112
612,1.320960
613,1.329152
614,1.302528
615,1.319936
616,1.318912
617,1.310720
618,1.350656
619,1.342464
620,1.333248
621,1.334272
622,1.335296
623,1.327104
624,1.379328
625,1.317888
626,1.276928
627,1.317888
628,1.351680
629,1.305600
630,1.274880
631,1.335296
632,1.318912
633,1.403904
634,1.367040
635,1.337344
636,1.346560
637,1.320960
638,1.331200
639,1.309696
640,1.363968
641,1.366016
642,1.361920
643,1.368064
644,1.357824
645,1.324032
646,1.291264
647,1.347584
648,1.247232
649,1.205248
650,1.162240
651,1.255424
652,1.288192
653,1.318912
654,1.336320
655,1.324032
656,1.324032
657,1.433600
658,1.353728
659,1.285120
660,1.357824
661,1.319936
662,1.426432
663,1.296384
664,1.359872
665,1.295360
666,1.302528
667,1.341440
668,1.308672
669,1.329152
670,1.332224
671,1.358848
672,1.273856
673,1.387520
674,1.363968
675,1.340416
676,1.361920
677,1.305600
678,1.340416
679,1.357824
680,1.315840
681,1.350656
682,1.294336
683,1.351680
684,1.341440
685,1.316864
686,1.341440
687,1.318912
688,1.325056
689,1.323008
690,1.288192
691,1.282048
692,1.351680
693,1.330176
694,1.144832
695,0.777216
696,0.642048
697,0.611328
698,0.610304
699,1.381376
700,1.423360
701,1.352704
702,1.300480
703,1.394688
704,1.385472
705,1.338368
706,1.378304
707,1.324032
708,1.354752
709,1.346560
710,1.334272
711,1.340416
712,1.337344
713,1.354752
714,1.321984
715,1.393664
716,1.336320
717,1.333248
718,1.359872
719,1.376256
720,1.326080
721,1.341440
722,1.367040
723,1.320960
724,1.319936
725,1.342464
726,1.341440
727,1.344512
728,1.332224
729,1.343488
730,1.375232
731,1.346560
732,1.352704
733,1.398784
734,1.342464
735,1.338368
736,1.313792
737,1.360896
738,1.345536
739,1.356800
740,1.316864
741,1.326080
742,1.289216
743,1.348608
744,1.321984
745,1.378304
746,1.351680
747,1.295360
748,1.318912
749,1.314816
750,1.293312
751,1.362944
752,1.317888
753,1.374208
754,1.333248
755,1.412096
756,1.304576
757,1.309696
758,1.380352
759,1.355776
760,1.338368
761,1.364992
762,1.356800
763,1.305600
764,1.325056
765,1.289216
766,1.327104
767,1.360896
768,1.371136
769,1.320960
770,1.324032
771,1.388544
772,1.316864
773,1.393664
774,1.361920
775,1.357824
776,1.354752
777,1.348608
778,1.307648
779,1.349632
780,1.293312
781,1.286144
782,1.356800
783,1.359872
784,1.380352
785,1.323008
786,1.321984
787,1.001472
788,1.315840
789,1.121280
790,1.318912
791,1.331200
792,1.280000
793,1.292288
794,1.310720
795,1.356800
796,1.355776
797,1.319936
798,1.360896
799,1.260544
800,1.294336
801,1.399808
802,1.321984
803,1.307648
804,1.362944
805,1.324032
806,1.368064
807,1.334272
808,1.323008
809,1.298432
810,1.330176
811,1.325056
812,1.355776
813,1.337344
814,1.320960
815,1.307648
816,1.271808
817,1.311744
818,1.310720
819,1.353728
820,1.298432
821,1.367040
822,1.353728
823,1.304576
824,1.376256
825,1.346560
826,1.381376
827,1.344512
828,1.373184
829,1.327104
830,1.369088
831,1.321984
832,1.307648
833,1.192960
834,1.219584
835,1.304576
836,1.320960
837,1.287168
838,1.311744
839,1.303552
840,1.341440
841,1.277952
842,1.298432
843,1.351680
844,1.265664
845,1.327104
846,1.356800
847,1.329152
848,1.420288
849,1.350656
850,1.328128
851,1.353728
852,1.380352
853,1.380352
854,1.393664
855,1.354752
856,1.297408
857,1.345536
858,1.344512
859,1.348608
860,1.342464
861,1.375232
862,1.354752
863,1.352704
864,1.295360
865,1.370112
866,1.343488
867,1.328128
868,1.354752
869,1.364992
870,1.362944
871,1.319936
872,1.312768
873,1.354752
874,1.321984
875,1.327104
876,1.299456
877,1.369088
878,1.195008
879,0.930816
880,0.643072
881,0.567296
882,0.565248
883,0.567296
884,1.437696
885,1.301504
886,1.393664
887,1.369088
888,1.342464
889,1.330176
890,1.347584
891,1.316864
892,1.314816
893,1.418240
894,1.316864
895,1.344512
896,1.338368
897,1.375232
898,1.323008
899,1.361920
900,1.334272
901,1.316864
902,1.332224
903,1.306624
904,1.303552
905,1.313792
906,1.329152
907,1.291264
908,1.351680
909,1.334272
910,1.346560
911,1.351680
912,1.355776
913,1.345536
914,1.372160
915,1.311744
916,1.527808
917,1.400832
918,1.388544
919,1.317888
920,1.301504
921,1.273856
922,1.286144
923,1.267712
924,1.390592
925,1.348608
926,1.389568
927,1.372160
928,1.053696
929,0.715776
930,0.664576
931,0.623616
932,1.282048
933,1.205248
934,1.317888
935,1.379328
936,1.364992
937,1.408000
938,1.366016
939,1.392640
940,1.307648
941,1.305600
942,1.308672
943,1.300480
944,1.381376
945,1.384448
946,1.357824
947,1.283072
948,1.355776
949,1.343488
950,1.324032
951,1.333248
952,1.359872
953,1.349632
954,1.386496
955,1.349632
956,1.342464
957,1.348608
958,1.385472
959,1.388544
960,1.359872
961,1.344512
962,1.338368
963,1.293312
964,1.381376
965,1.392640
966,1.323008
967,1.312768
968,1.311744
969,1.324032
970,1.357824
971,1.337344
972,1.304576
973,1.359872
974,1.362944
975,1.391616
976,1.106944
977,0.724992
978,0.658432
979,0.636928
980,0.631808
981,0.620544
982,0.615424
983,1.370112
984,1.412096
985,1.408000
986,1.345536
987,1.345536
988,1.353728
989,1.332224
990,1.311744
991,1.344512
992,1.377280
993,1.295360
994,1.394688
995,1.321984
996,1.280000
997,1.303552
998,1.337344
999,1.286144
1000,1.358848
1001,1.343488
1002,1.341440
1003,1.359872
1004,1.364992
1005,1.344512
1006,1.351680
1007,1.316864
1008,1.295360
1009,1.302528
1010,1.342464
1011,1.315840
1012,1.317888
1013,1.367040
1014,1.295360
1015,1.307648
1016,1.324032
1017,1.375232
1018,1.362944
1019,1.345536
1020,1.350656
1021,1.288192
1022,1.340416
1023,1.296384
1024,1.319936
1025,1.347584
1026,1.398784
1027,1.276928
1028,0.784384
1029,1.387520
1030,1.436672
1031,1.347584
1032,1.392640
1033,1.350656
1034,1.339392
1035,1.337344
1036,1.341440
1037,1.372160
1038,1.344512
1039,1.366016
1040,1.355776
1041,1.270784
1042,1.375232
1043,1.377280
1044,1.336320
1045,1.321984
1046,1.305600
1047,1.307648
1048,1.355776
1049,1.415168
1050,1.371136
1051,1.367040
1052,1.321984
1053,1.410048
1054,1.374208
1055,1.358848
1056,1.387520
1057,1.293312
1058,1.311744
1059,1.328128
1060,1.328128
1061,1.357824
1062,1.309696
1063,1.381376
1064,1.374208
1065,1.301504
1066,1.351680
1067,1.317888
1068,1.336320
1069,1.339392
1070,1.347584
1071,1.325056
1072,1.325056
1073,1.112064
1074,0.838656
1075,1.315840
1076,1.203200
1077,1.291264
1078,1.372160
1079,1.349632
1080,1.346560
1081,1.327104
1082,1.306624
1083,1.353728
1084,1.341440
1085,1.352704
1086,1.327104
1087,1.349632
1088,1.363968
1089,1.361920
1090,1.364992
1091,1.344512
1092,1.383424
1093,1.390592
1094,1.295360
1095,1.376256
1096,1.356800
1097,1.352704
1098,1.321984
1099,1.321984
1100,1.536000
1101,1.332224
1102,1.302528
1103,1.351680
1104,1.323008
1105,1.281024
1106,1.349632
1107,1.356800
1108,1.370112
1109,1.354752
1110,1.312768
1111,1.332224
1112,1.307648
1113,1.282048
1114,1.323008
1115,1.363968
1116,1.367040
1117,1.354752
1118,1.289216
1119,1.240064
1120,1.289216
1121,1.183744
1122,1.328128
1123,1.354752
1124,1.307648
1125,1.330176
1126,1.347584
1127,1.301504
1128,1.309696
1129,1.372160
1130,1.323008
1131,1.392640
1132,1.335296
1133,1.323008
1134,1.327104
1135,1.338368
1136,1.374208
1137,1.354752
1138,1.369088
1139,1.337344
1140,1.303552
1141,1.382400
1142,1.329152
1143,1.324032
1144,1.389568
1145,1.328128
1146,1.345536
1147,1.347584
1148,1.338368
1149,1.370112
1150,1.316864
1151,1.350656
1152,1.348608
1153,1.371136
1154,1.348608
1155,1.339392
1156,1.330176
1157,1.346560
1158,1.363968
1159,1.310720
1160,1.344512
1161,1.359872
1162,1.345536
1163,1.356800
1164,1.294336
1165,1.262592
1166,1.163264
1167,1.305600
1168,1.324032
1169,1.304576
1170,1.294336
1171,1.333248
1172,1.289216
1173,1.356800
1174,1.304576
1175,1.356800
1176,1.335296
1177,1.358848
1178,1.332224
1179,1.360896
1180,1.344512
1181,1.309696
1182,1.277952
1183,1.298432
1184,1.314816
1185,1.379328
1186,1.346560
1187,1.311744
1188,1.319936
1189,1.327104
1190,1.339392
1191,1.333248
1192,1.307648
1193,1.358848
1194,1.321984
1195,1.334272
1196,1.305600
1197,1.338368
1198,1.340416
1199,1.358848
1200,1.339392
1201,1.337344
1202,1.370112
1203,1.324032
1204,1.368064
1205,1.368064
1206,1.356800
1207,1.328128
1208,1.411072
1209,1.362944
1210,1.150976
1211,0.688128
1212,0.610304
1213,0.572416
1214,0.562176
1215,0.559104
1216,0.556032
1217,1.380352
1218,1.355776
1219,1.367040
1220,1.352704
1221,1.292288
1222,1.321984
1223,1.309696
1224,1.363968
1225,1.378304
1226,1.301504
1227,1.342464
1228,1.359872
1229,1.339392
1230,1.362944
1231,1.317888
1232,1.372160
1233,1.369088
1234,1.319936
1235,1.293312
1236,1.317888
1237,1.288192
1238,1.371136
1239,1.348608
1240,1.301504
1241,1.296384
1242,1.337344
1243,1.312768
1244,1.319936
1245,1.375232
1246,1.353728
1247,1.303552
1248,1.349632
1249,1.345536
1250,1.339392
1251,1.318912
1252,1.380352
1253,1.304576
1254,1.331200
1255,1.340416
1256,1.316864
1257,1.298432
1258,1.359872
1259,1.309696
1260,1.343488
1261,1.247232
1262,1.332224
1263,1.263616
1264,1.262592
1265,1.241088
1266,1.364992
1267,1.315840
1268,1.319936
1269,1.306624
1270,1.342464
1271,1.359872
1272,1.332224
1273,1.348608
1274,1.328128
1275,1.293312
1276,1.318912
1277,1.336320
1278,1.350656
1279,1.352704
1280,1.370112
1281,1.334272
1282,1.337344
1283,1.308672
1284,1.335296
1285,1.374208
1286,1.369088
1287,1.340416
1288,1.360896
1289,1.353728
1290,1.345536
1291,1.329152
1292,1.353728
1293,1.396736
1294,1.342464
1295,1.333248
1296,1.384448
1297,1.348608
1298,1.341440
1299,1.297408
1300,1.302528
1301,1.330176
1302,1.320960
1303,1.356800
1304,1.306624
1305,1.334272
1306,1.257472
1307,0.878592
1308,0.702464
1309,0.622592
1310,0.616448
1311,0.613376
1312,0.614400
1313,0.584704
1314,0.555008
1315,1.362944
1316,1.311744
1317,1.360896
1318,1.425408
1319,1.364992
1320,1.348608
1321,1.332224
1322,1.356800
1323,1.360896
1324,1.321984
1325,1.333248
1326,1.311744
1327,1.295360
1328,1.347584
1329,1.350656
1330,1.299456
1331,1.323008
1332,1.366016
1333,1.323008
1334,1.339392
1335,1.358848
1336,1.316864
1337,1.359872
1338,1.336320
1339,1.366016
1340,1.383424
1341,1.353728
1342,1.310720
1343,1.334272
1344,1.338368
1345,1.360896
1346,1.296384
1347,1.366016
1348,1.360896
1349,1.333248
1350,1.295360
1351,1.318912
1352,1.353728
1353,1.395712
1354,1.362944
1355,1.359872
1356,1.354752
1357,1.368064
1358,1.328128
1359,1.327104
1360,1.171456
1361,1.185792
1362,1.294336
1363,1.321984
1364,1.313792
1365,1.307648
1366,1.361920
1367,1.319936
1368,1.318912
1369,1.356800
1370,1.358848
1371,1.308672
1372,1.335296
1373,1.312768
1374,1.300480
1375,1.347584
1376,1.366016
1377,1.312768
1378,1.359872
1379,1.302528
1380,1.313792
1381,1.303552
1382,1.332224
1383,1.340416
1384,1.382400
1385,1.346560
1386,1.336320
1387,1.274880
1388,1.289216
1389,1.321984
1390,1.350656
1391,1.337344
1392,1.315840
1393,1.314816
1394,1.364992
1395,1.366016
1396,1.369088
1397,1.382400
1398,1.291264
1399,1.314816
1400,1.382400
1401,1.299456
1402,1.355776
1403,1.321984
1404,1.286144
1405,1.196032
1406,0.771072
1407,0.622592
1408,0.599040
1409,0.588800
1410,0.584704
1411,0.579584
1412,1.296384
1413,1.139712
1414,1.292288
1415,1.379328
1416,1.371136
1417,1.395712
1418,1.339392
1419,1.377280
1420,1.334272
1421,1.317888
1422,1.349632
1423,1.310720
1424,1.360896
1425,1.357824
1426,1.301504
1427,1.347584
1428,1.350656
1429,1.344512
1430,1.308672
1431,1.345536
1432,1.266688
1433,1.336320
1434,1.341440
1435,1.350656
1436,1.372160
1437,1.425408
1438,1.336320
1439,1.297408
1440,1.347584
1441,1.333248
1442,1.293312
1443,1.345536
1444,1.261568
1445,1.327104
1446,1.319936
1447,1.286144
1448,1.301504
1449,1.242112
1450,1.360896
1451,1.312768
1452,1.345536
1453,1.347584
1454,1.337344
1455,1.304576
1456,1.346560
1457,0.962560
1458,0.668672
1459,1.370112
1460,1.439744
1461,1.366016
1462,1.340416
1463,1.379328
1464,1.335296
1465,1.369088
1466,1.332224
1467,1.397760
1468,1.325056
1469,1.301504
1470,1.381376
1471,1.337344
1472,1.333248
1473,1.282048
1474,1.348608
1475,1.330176
1476,1.304576
1477,1.321984
1478,1.308672
1479,1.395712
1480,1.392640
1481,1.328128
1482,1.329152
1483,1.296384
1484,1.289216
1485,1.375232
1486,1.363968
1487,1.335296
1488,1.350656
1489,1.321984
1490,1.328128
1491,1.389568
1492,1.321984
1493,1.399808
1494,1.398784
1495,1.376256
1496,1.369088
1497,1.328128
1498,1.372160
1499,1.404928
1500,1.309696
1501,1.391616
1502,1.256448
1503,0.974848
1504,0.885760
1505,0.703488
1506,0.636928
1507,0.630784
1508,1.400832
1509,1.361920
1510,1.393664
1511,1.379328
1512,1.344512
1513,1.376256
1514,1.338368
1515,1.335296
1516,1.367040
1517,1.359872
1518,1.312768
1519,1.347584
1520,1.355776
1521,1.352704
1522,1.368064
1523,1.326080
1524,1.337344
1525,1.307648
1526,1.316864
1527,1.334272
1528,1.346560
1529,1.348608
1530,1.337344
1531,1.366016
1532,1.379328
1533,1.341440
1534,1.302528
1535,1.316864
1536,1.302528
1537,1.335296
1538,1.351680
1539,1.324032
1540,1.348608
1541,1.358848
1542,1.423360
1543,1.346560
1544,1.380352
1545,1.327104
1546,1.351680
1547,1.344512
1548,1.290240
1549,1.296384
1550,1.325056
1551,1.362944
1552,1.147904
1553,1.027072
1554,1.396736
1555,1.393664
1556,1.308672
1557,1.319936
1558,1.312768
1559,1.315840
1560,1.309696
1561,1.340416
1562,1.334272
1563,1.328128
1564,1.394688
1565,1.325056
1566,1.345536
1567,1.383424
1568,1.316864
1569,1.344512
1570,1.371136
1571,1.346560
1572,1.383424
1573,1.370112
1574,1.335296
1575,1.314816
1576,1.338368
1577,1.352704
1578,1.383424
1579,1.317888
1580,1.328128
1581,1.351680
1582,1.319936
1583,1.361920
1584,1.345536
1585,1.325056
1586,1.331200
1587,1.363968
1588,1.313792
1589,1.340416
1590,1.319936
1591,1.301504
1592,1.353728
1593,1.348608
1594,1.360896
1595,1.303552
1596,1.296384
1597,1.328128
1598,1.083392
1599,0.797696
1600,0.628736
1601,0.567296
1602,0.564224
1603,0.563200
1604,0.561152
1605,0.548864
1606,1.311744
1607,1.368064
1608,1.409024
1609,1.278976
1610,1.288192
1611,1.397760
1612,1.326080
1613,1.308672
1614,1.343488
1615,1.345536
1616,1.291264
1617,1.341440
1618,1.348608
1619,1.292288
1620,1.356800
1621,1.310720
1622,1.316864
1623,1.334272
1624,1.313792
1625,1.343488
1626,1.329152
1627,1.354752
1628,1.349632
1629,1.349632
1630,1.341440
1631,1.308672
1632,1.312768
1633,1.303552
1634,1.361920
1635,1.338368
1636,1.376256
1637,1.377280
1638,1.369088
1639,1.336320
1640,1.330176
1641,1.351680
1642,1.335296
1643,1.339392
1644,1.370112
1645,1.349632
1646,1.337344
1647,1.301504
1648,1.339392
1649,1.303552
1650,0.978944
1651,0.618496
1652,0.581632
1653,0.574464
1654,0.570368
1655,0.569344
1656,1.046528
1657,1.242112
1658,1.318912
1659,1.283072
1660,1.363968
1661,1.319936
1662,1.290240
1663,1.290240
1664,1.341440
1665,1.374208
1666,1.285120
1667,1.309696
1668,1.345536
1669,1.326080
1670,1.357824
1671,1.306624
1672,1.319936
1673,1.296384
1674,1.376256
1675,1.382400
1676,1.339392
1677,1.287168
1678,1.370112
1679,1.336320
1680,1.337344
1681,1.346560
1682,1.299456
1683,1.349632
1684,1.367040
1685,1.341440
1686,1.386496
1687,1.329152
1688,1.376256
1689,1.409024
1690,1.377280
1691,1.343488
1692,1.375232
1693,1.342464
1694,1.328128
1695,1.326080
1696,1.319936
1697,1.391616
1698,1.324032
1699,1.318912
1700,1.278976
1701,0.993280
1702,0.668672
1703,0.610304
1704,0.604160
1705,0.589824
1706,0.559104
1707,0.558080
1708,1.355776
1709,1.267712
1710,1.286144
1711,1.300480
1712,1.335296
1713,1.357824
1714,1.316864
1715,1.375232
1716,1.341440
1717,1.312768
1718,1.324032
1719,1.306624
1720,1.319936
1721,1.313792
1722,1.346560
1723,1.346560
1724,1.319936
1725,1.342464
1726,1.316864
1727,1.349632
1728,1.362944
1729,1.319936
1730,1.278976
1731,1.335296
1732,1.330176
1733,1.333248
1734,1.379328
1735,1.353728
1736,1.348608
1737,1.294336
1738,1.355776
1739,1.341440
1740,1.378304
1741,1.310720
1742,1.391616
1743,1.351680
1744,1.294336
1745,1.249280
1746,1.353728
1747,1.396736
1748,1.303552
1749,1.383424
1750,1.316864
1751,1.325056
1752,1.299456
1753,1.094656
1754,0.772096
1755,0.610304
1756,1.317888
1757,1.244160
1758,1.339392
1759,1.357824
1760,1.366016
1761,1.368064
1762,1.351680
1763,1.382400
1764,1.354752
1765,1.343488
1766,1.340416
1767,1.362944
1768,1.352704
1769,1.316864
1770,1.348608
1771,1.313792
1772,1.341440
1773,1.290240
1774,1.308672
1775,1.333248
1776,1.329152
1777,1.320960
1778,1.310720
1779,1.355776
1780,1.321984
1781,1.316864
1782,1.323008
1783,1.313792
1784,1.314816
1785,1.358848
1786,1.306624
1787,1.335296
1788,1.283072
1789,1.321984
1790,1.313792
1791,1.318912
1792,1.324032
1793,1.357824
1794,1.380352
1795,1.330176
1796,1.300480
1797,1.373184
1798,1.326080
1799,1.320960
1800,1.311744
1801,1.184768
1802,1.321984
1803,1.182720
1804,1.293312
1805,1.390592
1806,1.321984
1807,1.386496
1808,1.340416
1809,1.398784
1810,1.372160
1811,1.367040
1812,1.312768
1813,1.360896
1814,1.380352
1815,1.317888
1816,1.347584
1817,1.356800
1818,1.356800
1819,1.358848
1820,1.354752
1821,1.399808
1822,1.307648
1823,1.340416
1824,1.290240
1825,1.327104
1826,1.328128
1827,1.319936
1828,1.306624
1829,1.338368
1830,1.360896
1831,1.369088
1832,1.336320
1833,1.361920
1834,1.359872
1835,1.331200
1836,1.326080
1837,1.284096
1838,1.379328
1839,1.380352
1840,1.374208
1841,1.330176
1842,1.298432
1843,1.353728
1844,1.250304
1845,1.320960
1846,1.221632
1847,0.952320
1848,1.323008
1849,1.220608
1850,1.306624
1851,1.309696
1852,1.299456
1853,1.334272
1854,1.351680
1855,1.143808
1856,1.294336
1857,1.340416
1858,1.326080
1859,1.315840
1860,1.319936
1861,1.366016
1862,1.318912
1863,1.310720
1864,1.354752
1865,1.324032
1866,1.320960
1867,1.295360
1868,1.360896
1869,1.308672
1870,1.379328
1871,1.343488
1872,1.317888
1873,1.351680
1874,1.361920
1875,1.423360
1876,1.373184
1877,1.312768
1878,1.363968
1879,1.350656
1880,1.362944
1881,1.310720
1882,1.356800
1883,1.362944
1884,1.331200
1885,1.330176
1886,1.302528
1887,1.362944
1888,1.339392
1889,1.314816
1890,1.374208
1891,1.381376
1892,1.334272
1893,1.165312
1894,1.192960
1895,1.248256
1896,1.321984
1897,1.296384
1898,1.346560
1899,1.331200
1900,1.380352
1901,1.363968
1902,1.316864
1903,1.301504
1904,1.363968
1905,1.336320
1906,1.338368
1907,1.318912
1908,1.312768
1909,1.280000
1910,1.296384
1911,1.287168
1912,1.303552
1913,1.292288
1914,1.338368
1915,1.357824
1916,1.353728
1917,1.350656
1918,1.348608
1919,1.319936
1920,1.283072
1921,1.273856
1922,1.341440
1923,1.341440
1924,1.331200
1925,1.345536
1926,1.355776
1927,1.374208
1928,1.340416
1929,1.387520
1930,1.330176
1931,1.330176
1932,1.352704
1933,1.282048
1934,1.331200
1935,1.265664
1936,1.314816
1937,1.328128
1938,1.230848
1939,1.340416
1940,1.224704
1941,1.299456
1942,1.361920
1943,1.356800
1944,1.366016
1945,1.375232
1946,1.311744
1947,1.327104
1948,1.360896
1949,1.357824
1950,1.277952
1951,1.341440
1952,1.363968
1953,1.364992
1954,1.353728
1955,1.335296
1956,1.332224
1957,1.328128
1958,1.362944
1959,1.307648
1960,1.362944
1961,1.284096
1962,1.351680
1963,1.343488
1964,1.336320
1965,1.304576
1966,1.491968
1967,1.352704
1968,1.292288
1969,1.319936
1970,1.308672
1971,1.267712
1972,1.352704
1973,1.359872
1974,1.343488
1975,1.347584
1976,1.343488
1977,1.347584
1978,1.329152
1979,1.349632
1980,1.328128
1981,1.355776
1982,1.340416
1983,1.292288
1984,0.893952
1985,0.667648
1986,1.312768
1987,1.115136
1988,1.346560
1989,1.359872
1990,1.403904
1991,1.356800
1992,1.341440
1993,1.346560
1994,1.319936
1995,1.373184
1996,1.320960
1997,1.301504
1998,1.307648
1999,1.369088
2000,1.358848
2001,1.297408
2002,1.305600
2003,1.323008
2004,1.340416
2005,1.339392
2006,1.334272
2007,1.341440
2008,1.304576
2009,1.327104
2010,1.347584
2011,1.374208
2012,1.341440
2013,1.338368
2014,1.312768
2015,1.474560
2016,1.332224
2017,1.294336
2018,1.325056
2019,1.389568
2020,1.303552
2021,1.359872
2022,1.295360
2023,1.318912
2024,1.351680
2025,1.331200
2026,1.296384
2027,1.356800
2028,1.374208
2029,1.321984
2030,1.288192
2031,0.972800
2032,0.693248
2033,0.660480
2034,0.624640
2035,0.577536
2036,0.567296
2037,0.558080
2038,1.299456
2039,1.156096
2040,1.309696
2041,1.295360
2042,1.304576
2043,1.281024
2044,1.317888
2045,1.369088
2046,1.328128
2047,1.337344
2048,1.376256
2049,1.320960
2050,1.351680
2051,1.350656
2052,1.321984
2053,1.288192
2054,1.342464
2055,1.352704
2056,1.370112
2057,1.332224
2058,1.307648
2059,1.368064
2060,1.352704
2061,1.333248
2062,1.386496
2063,1.343488
2064,1.401856
2065,1.361920
2066,1.337344
2067,1.420288
2068,1.300480
2069,1.356800
2070,1.357824
2071,1.379328
2072,1.316864
2073,1.361920
2074,1.371136
2075,1.352704
2076,1.302528
2077,1.353728
2078,1.341440
2079,1.343488
2080,1.397760
2081,1.303552
2082,1.320960
2083,1.190912
2084,1.181696
2085,1.277952
2086,1.260544
2087,1.366016
2088,1.313792
2089,1.355776
2090,1.371136
2091,1.327104
2092,1.338368
2093,1.398784
2094,1.326080
2095,1.321984
2096,1.326080
2097,1.345536
2098,1.320960
2099,1.395712
2100,1.341440
2101,1.283072
2102,1.355776
2103,1.360896
2104,1.358848
2105,1.361920
2106,1.394688
2107,1.381376
2108,1.315840
2109,1.354752
2110,1.302528
2111,1.366016
2112,1.294336
2113,1.360896
2114,1.347584
2115,1.331200
2116,1.320960
2117,1.335296
2118,1.334272
2119,1.349632
2120,1.342464
2121,1.363968
2122,1.353728
2123,1.361920
2124,1.297408
2125,1.342464
2126,1.321984
2127,1.300480
2128,1.127424
2129,0.839680
2130,1.309696
2131,1.152000
2132,1.346560
2133,1.357824
2134,1.338368
2135,1.329152
2136,1.350656
2137,1.362944
2138,1.319936
2139,1.338368
2140,1.332224
2141,1.310720
2142,1.354752
2143,1.306624
2144,1.300480
2145,1.296384
2146,1.315840
2147,1.313792
2148,1.326080
2149,1.306624
2150,1.304576
2151,1.317888
2152,1.338368
2153,1.327104
2154,1.324032
2155,1.348608
2156,1.336320
2157,1.387520
2158,1.307648
2159,1.330176
2160,1.326080
2161,1.329152
2162,1.290240
2163,1.302528
2164,1.320960
2165,1.262592
2166,1.309696
2167,1.367040
2168,1.404928
2169,1.359872
2170,1.367040
2171,1.382400
2172,1.321984
2173,1.341440
2174,1.264640
2175,0.949248
2176,1.300480
2177,1.176576
2178,1.373184
2179,1.350656
2180,1.288192
2181,1.325056
2182,1.366016
2183,1.292288
2184,1.347584
2185,1.366016
2186,1.345536
2187,1.350656
2188,1.360896
2189,1.336320
2190,1.392640
2191,1.314816
2192,1.301504
2193,1.328128
2194,1.326080
2195,1.357824
2196,1.320960
2197,1.364992
2198,1.361920
2199,1.348608
2200,1.342464
2201,1.361920
2202,1.333248
2203,1.343488
2204,1.313792
2205,1.306624
2206,1.286144
2207,1.269760
2208,1.335296
2209,1.344512
2210,1.392640
2211,1.331200
2212,1.357824
2213,1.374208
2214,1.316864
2215,1.309696
2216,1.388544
2217,1.364992
2218,1.317888
2219,1.330176
2220,1.313792
2221,1.072128
2222,0.747520
2223,0.615424
2224,1.280000
2225,1.409024
2226,1.272832
2227,1.355776
2228,1.346560
2229,1.348608
2230,1.331200
2231,1.318912
2232,1.325056
2233,1.346560
2234,1.302528
2235,1.283072
2236,1.312768
2237,1.304576
2238,1.355776
2239,1.355776
2240,1.306624
2241,1.302528
2242,1.338368
2243,1.311744
2244,1.311744
2245,1.354752
2246,1.425408
2247,1.336320
2248,1.311744
2249,1.329152
2250,1.312768
2251,1.340416
2252,1.338368
2253,1.330176
2254,1.307648
2255,1.321984
2256,1.360896
2257,1.391616
2258,1.351680
2259,1.359872
2260,1.315840
2261,1.371136
2262,1.326080
2263,1.367040
2264,1.286144
2265,1.339392
2266,1.338368
2267,1.301504
2268,1.251328
2269,1.309696
2270,1.210368
2271,1.318912
2272,1.296384
2273,1.366016
2274,1.342464
2275,1.333248
2276,1.355776
2277,1.389568
2278,1.293312
2279,1.347584
2280,1.338368
2281,1.328128
2282,1.346560
2283,1.333248
2284,1.358848
2285,1.331200
2286,1.316864
2287,1.312768
2288,1.332224
2289,1.343488
2290,1.352704
2291,1.333248
2292,1.295360
2293,1.299456
2294,1.295360
2295,1.295360
2296,1.304576
2297,1.361920
2298,1.314816
2299,1.373184
2300,1.337344
2301,1.380352
2302,1.357824
2303,1.346560
2304,1.334272
2305,1.301504
2306,1.315840
2307,1.294336
2308,1.345536
2309,1.314816
2310,1.379328
2311,1.339392
2312,1.320960
2313,1.313792
2314,1.190912
2315,0.748544
2316,0.617472
2317,0.611328
2318,0.606208
2319,0.595968
2320,0.572416
2321,0.565248
2322,1.428480
2323,1.349632
2324,1.369088
2325,1.333248
2326,1.355776
2327,1.321984
2328,1.354752
2329,1.405952
2330,1.366016
2331,1.342464
2332,1.329152
2333,1.394688
2334,1.356800
2335,1.324032
2336,1.294336
2337,1.302528
2338,1.333248
2339,1.338368
2340,1.348608
2341,1.337344
2342,1.342464
2343,1.358848
2344,1.349632
2345,1.385472
2346,1.386496
2347,1.323008
2348,1.334272
2349,1.339392
2350,1.336320
2351,1.349632
2352,1.338368
2353,1.343488
2354,1.377280
2355,1.293312
2356,1.344512
2357,1.328128
2358,1.342464
2359,1.356800
2360,1.306624
2361,1.311744
2362,1.299456
2363,1.381376
2364,1.361920
2365,1.280000
2366,1.084416
2367,0.768000
2368,1.368064
2369,1.433600
2370,1.337344
2371,1.377280
2372,1.344512
2373,1.341440
2374,1.356800
2375,1.370112
2376,1.352704
2377,1.385472
2378,1.360896
2379,1.353728
2380,1.358848
2381,1.416192
2382,1.350656
2383,1.348608
2384,1.298432
2385,1.335296
2386,1.348608
2387,1.353728
2388,1.353728
2389,1.331200
2390,1.311744
2391,1.321984
2392,1.378304
2393,1.362944
2394,1.307648
2395,1.319936
2396,1.351680
2397,1.336320
2398,1.330176
2399,1.340416
2400,1.345536
2401,1.348608
2402,1.349632
2403,1.366016
2404,1.318912
2405,1.408000
2406,1.372160
2407,1.377280
2408,1.361920
2409,1.339392
2410,1.300480
2411,1.337344
2412,0.967680
2413,0.773120
2414,0.704512
2415,0.637952
2416,0.629760
2417,0.606208
2418,0.590848
2419,1.383424
2420,1.321984
2421,1.256448
2422,1.318912
2423,1.321984
2424,1.312768
2425,1.353728
2426,1.362944
2427,1.371136
2428,1.321984
2429,1.366016
2430,1.307648
2431,1.340416
2432,1.334272
2433,1.310720
2434,1.363968
2435,1.341440
2436,1.323008
2437,1.326080
2438,1.310720
2439,1.306624
2440,1.346560
2441,1.355776
2442,1.371136
2443,1.313792
2444,1.216512
2445,1.281024
2446,1.332224
2447,1.359872
2448,1.319936
2449,1.362944
2450,1.318912
2451,1.299456
2452,1.332224
2453,1.333248
2454,1.324032
2455,1.316864
2456,1.350656
2457,1.349632
2458,1.327104
2459,1.331200
2460,1.369088
2461,1.333248
2462,1.352704
2463,1.202176
2464,0.854016
2465,0.634880
2466,0.622592
2467,1.410048
2468,1.332224
2469,1.329152
2470,1.325056
2471,1.349632
2472,1.338368
2473,1.390592
2474,1.320960
2475,1.294336
2476,1.309696
2477,1.290240
2478,1.388544
2479,1.380352
2480,1.320960
2481,1.343488
2482,1.352704
2483,1.385472
2484,1.392640
2485,1.334272
2486,1.367040
2487,1.314816
2488,1.342464
2489,1.319936
2490,1.380352
2491,1.299456
2492,1.320960
2493,1.288192
2494,1.323008
2495,1.347584
2496,1.313792
2497,1.362944
2498,1.352704
2499,1.370112
2500,1.333248
2501,1.373184
2502,1.380352
2503,1.363968
2504,1.350656
2505,1.326080
2506,1.330176
2507,1.387520
2508,1.378304
2509,1.303552
2510,1.338368
2511,1.254400
2512,1.137664
2513,1.330176
2514,1.318912
2515,1.312768
2516,1.375232
2517,1.325056
2518,1.333248
2519,1.333248
2520,1.302528
2521,1.329152
2522,1.332224
2523,1.356800
2524,1.348608
2525,1.375232
2526,1.318912
2527,1.357824
2528,1.347584
2529,1.369088
2530,1.358848
2531,1.368064
2532,1.354752
2533,1.342464
2534,1.359872
2535,1.332224
2536,1.290240
2537,1.373184
2538,1.363968
2539,1.347584
2540,1.317888
2541,1.376256
2542,1.373184
2543,1.311744
2544,1.369088
2545,1.333248
2546,1.315840
2547,1.297408
2548,1.315840
2549,1.347584
2550,1.285120
2551,1.313792
2552,1.356800
2553,1.366016
2554,1.325056
2555,1.022976
2556,0.642048
2557,0.590848
2558,0.585728
2559,0.583680
2560,0.577536
2561,0.576512
2562,0.573440
2563,0.561152
2564,0.553984
2565,1.281024
2566,1.256448
2567,1.290240
2568,1.401856
2569,1.329152
2570,1.308672
2571,1.327104
2572,1.326080
2573,1.311744
2574,1.345536
2575,1.323008
2576,1.348608
2577,1.371136
2578,1.329152
2579,1.315840
2580,1.299456
2581,1.375232
2582,1.315840
2583,1.358848
2584,1.335296
2585,1.327104
2586,1.360896
2587,1.366016
2588,1.369088
2589,1.326080
2590,1.342464
2591,1.302528
2592,1.318912
2593,1.369088
2594,1.373184
2595,1.336320
2596,1.310720
2597,1.315840
2598,1.309696
2599,1.343488
2600,1.357824
2601,1.312768
2602,1.345536
2603,1.346560
2604,1.338368
2605,1.310720
2606,1.313792
2607,1.330176
2608,1.349632
2609,1.315840
2610,0.905216
2611,0.634880
2612,0.602112
2613,1.358848
2614,1.318912
2615,1.288192
2616,1.313792
2617,1.334272
2618,1.301504
2619,1.338368
2620,1.324032
2621,1.345536
2622,1.349632
2623,1.336320
2624,1.328128
2625,1.358848
2626,1.331200
2627,1.341440
2628,1.381376
2629,1.324032
2630,1.331200
2631,1.336320
2632,1.387520
2633,1.314816
2634,1.374208
2635,1.358848
2636,1.334272
2637,1.346560
2638,1.354752
2639,1.332224
2640,1.356800
2641,1.337344
2642,1.348608
2643,1.323008
2644,1.352704
2645,1.363968
2646,1.415168
2647,1.326080
2648,1.342464
2649,1.366016
2650,1.331200
2651,1.334272
2652,1.346560
2653,1.356800
2654,1.347584
2655,1.367040
2656,1.337344
2657,1.262592
2658,0.751616
2659,1.400832
2660,1.291264
2661,1.358848
2662,1.345536
2663,1.348608
2664,1.337344
2665,1.278976
2666,1.308672
2667,1.300480
2668,1.314816
2669,1.340416
2670,1.350656
2671,1.390592
2672,1.369088
2673,1.372160
2674,1.329152
2675,1.373184
2676,1.331200
2677,1.324032
2678,1.320960
2679,1.338368
2680,1.286144
2681,1.363968
2682,1.354752
2683,1.368064
2684,1.326080
2685,1.334272
2686,1.317888
2687,1.373184
2688,1.335296
2689,1.353728
2690,1.329152
2691,1.337344
2692,1.335296
2693,1.314816
2694,1.328128
2695,1.378304
2696,1.331200
2697,1.382400
2698,1.401856
2699,1.392640
2700,1.376256
2701,1.397760
2702,1.384448
2703,1.217536
2704,0.958464
2705,1.277952
2706,1.187840
2707,1.331200
2708,1.337344
2709,1.305600
2710,1.354752
2711,1.292288
2712,1.341440
2713,1.297408
2714,1.299456
2715,1.343488
2716,1.310720
2717,1.352704
2718,1.345536
2719,1.293312
2720,1.316864
2721,1.349632
2722,1.344512
2723,1.362944
2724,1.304576
2725,1.340416
2726,1.350656
2727,1.351680
2728,1.370112
2729,1.302528
2730,1.294336
2731,1.344512
2732,1.357824
2733,1.342464
2734,1.332224
2735,1.330176
2736,1.353728
2737,1.324032
2738,1.281024
2739,1.344512
2740,1.280000
2741,1.340416
2742,1.352704
2743,1.326080
2744,1.332224
2745,1.346560
2746,1.350656
2747,1.313792
2748,1.342464
2749,1.359872
2750,1.170432
2751,0.715776
2752,0.609280
2753,0.591872
2754,1.364992
2755,1.366016
2756,1.330176
2757,1.378304
2758,1.313792
2759,1.317888
2760,1.311744
2761,1.312768
2762,1.325056
2763,1.337344
2764,1.307648
2765,1.391616
2766,1.357824
2767,1.351680
2768,1.364992
2769,1.294336
2770,1.306624
2771,1.325056
2772,1.357824
2773,1.349632
2774,1.347584
2775,1.281024
2776,1.349632
2777,1.324032
2778,1.344512
2779,1.334272
2780,1.292288
2781,1.341440
2782,1.325056
2783,1.308672
2784,1.310720
2785,1.321984
2786,1.364992
2787,1.351680
2788,1.337344
2789,1.301504
2790,1.315840
2791,1.392640
2792,1.328128
2793,1.357824
2794,1.320960
2795,1.393664
2796,1.281024
2797,1.346560
2798,1.382400
2799,0.601088
2800,0.651264
2801,0.803840
2802,1.252352
2803,1.307648
2804,1.358848
2805,1.333248
2806,1.360896
2807,1.333248
2808,1.285120
2809,1.346560
2810,1.336320
2811,1.305600
2812,1.376256
2813,1.370112
2814,1.331200
2815,1.370112
2816,1.334272
2817,1.356800
2818,1.346560
2819,1.337344
2820,1.336320
2821,1.312768
2822,1.381376
2823,1.352704
2824,1.309696
2825,1.275904
2826,1.306624
2827,1.332224
2828,1.295360
2829,1.320960
2830,1.328128
2831,1.358848
2832,1.367040
2833,1.329152
2834,1.333248
2835,1.292288
2836,1.355776
2837,1.379328
2838,1.319936
2839,1.348608
2840,1.336320
2841,1.327104
2842,1.323008
2843,1.372160
2844,1.296384
2845,1.305600
2846,1.178624
2847,0.745472
2848,0.696320
2849,0.647168
2850,0.615424
2851,0.572416
2852,0.565248
2853,1.377280
2854,1.359872
2855,1.329152
2856,1.323008
2857,1.302528
2858,1.327104
2859,1.312768
2860,1.370112
2861,1.382400
2862,1.381376
2863,1.284096
2864,1.368064
2865,1.319936
2866,1.332224
2867,1.314816
2868,1.385472
2869,1.356800
2870,1.281024
2871,1.324032
2872,1.350656
2873,1.303552
2874,1.328128
2875,1.299456
2876,1.344512
2877,1.305600
2878,1.333248
2879,1.312768
2880,1.323008
2881,1.374208
2882,1.366016
2883,1.355776
2884,1.349632
2885,1.328128
2886,1.353728
2887,1.320960
2888,1.326080
2889,1.348608
2890,1.315840
2891,1.329152
2892,1.301504
2893,1.352704
2894,1.379328
2895,1.357824
2896,1.334272
2897,1.340416
2898,0.836608
2899,0.696320
2900,0.692224
2901,0.613376
2902,0.614400
2903,0.599040
2904,0.561152
2905,0.555008
2906,1.294336
2907,1.162240
2908,1.300480
2909,1.355776
2910,1.360896
2911,1.383424
2912,1.335296
2913,1.339392
2914,1.377280
2915,1.349632
2916,1.358848
2917,1.296384
2918,1.346560
2919,1.323008
2920,1.338368
2921,1.329152
2922,1.300480
2923,1.344512
2924,1.349632
2925,1.320960
2926,1.346560
2927,1.381376
2928,1.312768
2929,1.344512
2930,1.366016
2931,1.314816
2932,1.336320
2933,1.345536
2934,1.326080
2935,1.356800
2936,1.374208
2937,1.366016
2938,1.302528
2939,1.341440
2940,1.342464
2941,1.300480
2942,1.277952
2943,1.329152
2944,1.327104
2945,1.361920
2946,1.367040
2947,1.307648
2948,1.334272
2949,1.324032
2950,1.353728
2951,1.060864
2952,0.700416
2953,0.591872
2954,0.579584
2955,0.572416
2956,1.403904
2957,1.328128
2958,1.290240
2959,1.308672
2960,1.337344
2961,1.307648
2962,1.366016
2963,1.360896
2964,1.314816
2965,1.360896
2966,1.377280
2967,1.344512
2968,1.324032
2969,1.312768
2970,1.363968
2971,1.363968
2972,1.348608
2973,1.344512
2974,1.330176
2975,1.372160
2976,1.345536
2977,1.324032
2978,1.362944
2979,1.326080
2980,1.356800
2981,1.375232
2982,1.341440
2983,1.297408
2984,1.316864
2985,1.360896
2986,1.310720
2987,1.358848
2988,1.369088
2989,1.324032
2990,1.345536
2991,1.363968
2992,1.339392
2993,1.387520
2994,1.402880
2995,1.318912
2996,1.344512
2997,1.348608
2998,1.372160
2999,1.391616
3000,1.317888
3001,1.340416
3002,1.240064
3003,1.268736
3004,1.325056
3005,1.347584
3006,1.314816
3007,1.343488
3008,1.290240
3009,1.358848
3010,1.348608
3011,1.295360
3012,1.355776
3013,1.352704
3014,1.357824
3015,1.347584
3016,1.358848
3017,1.374208
3018,1.345536
3019,1.318912
3020,1.314816
3021,1.355776
3022,1.338368
3023,1.318912
3024,1.344512
3025,1.353728
3026,1.339392
3027,1.302528
3028,1.346560
3029,1.320960
3030,1.324032
3031,1.368064
3032,1.351680
3033,1.366016
3034,1.302528
3035,1.334272
3036,1.357824
3037,1.361920
3038,1.358848
3039,1.329152
3040,1.346560
3041,1.318912
3042,1.327104
3043,1.379328
3044,1.345536
3045,1.235968
3046,0.891904
3047,0.694272
3048,0.647168
3049,1.396736
3050,1.386496
3051,1.325056
3052,1.325056
3053,1.355776
3054,1.307648
3055,1.335296
3056,1.270784
3057,1.304576
3058,1.314816
3059,1.364992
3060,1.343488
3061,1.302528
3062,1.291264
3063,1.300480
3064,1.395712
3065,1.309696
3066,1.341440
3067,1.344512
3068,1.352704
3069,1.330176
3070,1.329152
3071,1.414144
3072,1.342464
3073,1.376256
3074,1.383424
3075,1.366016
3076,1.348608
3077,1.361920
3078,1.353728
3079,1.353728
3080,1.344512
3081,1.329152
3082,1.369088
3083,1.326080
3084,1.366016
3085,1.330176
3086,1.355776
3087,1.354752
3088,1.317888
3089,1.332224
3090,1.329152
3091,1.301504
3092,1.349632
3093,1.301504
3094,1.202176
3095,1.203200
3096,1.305600
3097,1.284096
3098,1.267712
3099,1.297408
3100,1.318912
3101,1.319936
3102,1.305600
3103,1.272832
3104,1.342464
3105,1.323008
3106,1.312768
3107,1.327104
3108,1.329152
3109,1.378304
3110,1.339392
3111,1.328128
3112,1.347584
3113,1.311744
3114,1.289216
3115,1.301504
3116,1.323008
3117,1.378304
3118,1.347584
3119,1.331200
3120,1.375232
3121,1.291264
3122,1.347584
3123,1.352704
3124,1.339392
3125,1.344512
3126,1.315840
3127,1.327104
3128,1.325056
3129,1.318912
3130,1.314816
3131,1.355776
3132,1.342464
3133,1.376256
3134,1.395712
3135,1.338368
3136,1.360896
3137,1.312768
3138,1.384448
3139,1.243136
3140,0.867328
3141,1.377280
3142,1.324032
3143,1.319936
3144,1.336320
3145,1.346560
3146,1.355776
3147,1.327104
3148,1.350656
3149,1.366016
3150,1.303552
3151,1.326080
3152,1.387520
3153,1.338368
3154,1.327104
3155,1.355776
3156,1.360896
3157,1.313792
3158,1.308672
3159,1.315840
3160,1.344512
3161,1.369088
3162,1.335296
3163,1.379328
3164,1.344512
3165,1.352704
3166,1.301504
3167,1.323008
3168,1.353728
3169,1.370112
3170,1.385472
3171,1.350656
3172,1.335296
3173,1.339392
3174,1.393664
3175,1.308672
3176,1.354752
3177,1.281024
3178,1.355776
3179,1.391616
3180,1.324032
3181,1.326080
3182,1.334272
3183,1.359872
3184,1.347584
3185,1.270784
3186,0.894976
3187,0.637952
3188,0.622592
3189,0.622592
3190,1.395712
3191,1.299456
3192,1.318912
3193,1.283072
3194,1.321984
3195,1.357824
3196,1.326080
3197,1.318912
3198,1.392640
3199,1.352704
3200,1.369088
3201,1.406976
3202,1.343488
3203,1.344512
3204,1.360896
3205,1.375232
3206,1.390592
3207,1.303552
3208,1.340416
3209,1.351680
3210,1.361920
3211,1.283072
3212,1.305600
3213,1.320960
3214,1.376256
3215,1.359872
3216,1.327104
3217,1.351680
3218,1.398784
3219,1.344512
3220,1.324032
3221,1.292288
3222,1.293312
3223,1.327104
3224,1.347584
3225,1.351680
3226,1.371136
3227,1.317888
3228,1.312768
3229,1.335296
3230,1.334272
3231,1.347584
3232,1.300480
3233,1.306624
3234,1.155072
3235,0.885760
3236,0.681984
3237,0.623616
3238,0.611328
3239,1.353728
3240,1.286144
3241,1.148928
3242,1.307648
3243,1.347584
3244,1.333248
3245,1.353728
3246,1.380352
3247,1.325056
3248,1.353728
3249,1.307648
3250,1.329152
3251,1.363968
3252,1.377280
3253,1.363968
3254,1.303552
3255,1.332224
3256,1.310720
3257,1.376256
3258,1.328128
3259,1.312768
3260,1.333248
3261,1.316864
3262,1.327104
3263,1.352704
3264,1.312768
3265,1.344512
3266,1.358848
3267,1.361920
3268,1.363968
3269,1.382400
3270,1.331200
3271,1.302528
3272,1.349632
3273,1.306624
3274,1.325056
3275,1.344512
3276,1.348608
3277,1.325056
3278,1.335296
3279,1.378304
3280,1.360896
3281,1.371136
3282,1.359872
3283,1.318912
3284,0.971776
3285,1.288192
3286,1.168384
3287,1.316864
3288,1.324032
3289,1.314816
3290,1.349632
3291,1.346560
3292,1.363968
3293,1.306624
3294,1.333248
3295,1.339392
3296,1.362944
3297,1.319936
3298,1.346560
3299,1.339392
3300,1.367040
3301,1.291264
3302,1.359872
3303,1.369088
3304,1.321984
3305,1.315840
3306,1.383424
3307,1.321984
3308,1.376256
3309,1.321984
3310,1.312768
3311,1.273856
3312,1.330176
3313,1.331200
3314,1.361920
3315,1.353728
3316,1.339392
3317,1.328128
3318,1.340416
3319,1.381376
3320,1.384448
3321,1.354752
3322,1.346560
3323,1.328128
3324,1.320960
3325,1.297408
3326,1.288192
3327,1.374208
3328,1.342464
3329,1.276928
3330,1.201152
3331,1.132544
3332,1.313792
3333,1.326080
3334,1.369088
3335,1.335296
3336,1.329152
3337,1.343488
3338,1.355776
3339,1.334272
3340,1.335296
3341,1.327104
3342,1.309696
3343,1.324032
3344,1.321984
3345,1.344512
3346,1.348608
3347,1.317888
3348,1.308672
3349,1.319936
3350,1.333248
3351,1.291264
3352,1.345536
3353,1.367040
3354,1.350656
3355,1.339392
3356,1.336320
3357,1.337344
3358,1.343488
3359,1.339392
3360,1.326080
3361,1.346560
3362,1.512448
3363,1.386496
3364,1.372160
3365,1.341440
3366,1.335296
3367,1.326080
3368,1.301504
3369,1.333248
3370,1.358848
3371,1.353728
3372,1.317888
3373,1.343488
3374,1.265664
3375,0.972800
3376,1.369088
3377,1.302528
3378,1.324032
3379,1.275904
3380,1.274880
3381,1.314816
3382,1.308672
3383,1.347584
3384,1.362944
3385,1.360896
3386,1.371136
3387,1.319936
3388,1.323008
3389,1.373184
3390,1.305600
3391,1.361920
3392,1.366016
3393,1.340416
3394,1.349632
3395,1.356800
3396,1.340416
3397,1.355776
3398,1.362944
3399,1.375232
3400,1.355776
3401,1.360896
3402,1.367040
3403,1.359872
3404,1.383424
3405,1.293312
3406,1.354752
3407,1.361920
3408,1.359872
3409,1.316864
3410,1.360896
3411,1.301504
3412,1.312768
3413,1.354752
3414,1.362944
3415,1.353728
3416,1.326080
3417,1.312768
3418,1.346560
3419,1.348608
3420,1.324032
3421,0.839680
3422,0.614400
3423,0.594944
3424,0.584704
3425,0.585728
3426,0.576512
3427,0.570368
3428,0.567296
3429,1.420288
3430,1.383424
3431,1.374208
3432,1.337344
3433,1.318912
3434,1.308672
3435,1.351680
3436,1.349632
3437,1.297408
3438,1.353728
3439,1.323008
3440,1.340416
3441,1.337344
3442,1.356800
3443,1.360896
3444,1.323008
3445,1.326080
3446,1.338368
3447,1.338368
3448,1.395712
3449,1.369088
3450,1.353728
3451,1.329152
3452,1.303552
3453,1.327104
3454,1.321984
3455,1.302528
3456,1.327104
3457,1.364992
3458,1.369088
3459,1.353728
3460,1.342464
3461,1.261568
3462,1.354752
3463,1.374208
3464,1.340416
3465,1.325056
3466,1.353728
3467,1.356800
3468,1.353728
3469,1.358848
3470,1.354752
3471,1.293312
3472,1.303552
3473,1.293312
3474,1.132544
3475,1.284096
3476,1.312768
3477,1.310720
3478,1.311744
3479,1.301504
3480,1.360896
3481,1.301504
3482,1.350656
3483,1.335296
3484,1.345536
3485,1.340416
3486,1.335296
3487,1.352704
3488,1.308672
3489,1.387520
3490,1.351680
3491,1.331200
3492,1.379328
3493,1.393664
3494,1.355776
3495,1.328128
3496,1.344512
3497,1.376256
3498,1.351680
3499,1.305600
3500,1.297408
3501,1.359872
3502,1.284096
3503,1.385472
3504,1.342464
3505,1.327104
3506,1.308672
3507,1.337344
3508,1.315840
3509,1.333248
3510,1.388544
3511,1.355776
3512,1.348608
3513,1.311744
3514,1.342464
3515,1.355776
3516,1.316864
3517,1.293312
3518,1.060864
3519,1.300480
3520,1.163264
3521,1.336320
3522,1.368064
3523,1.332224
3524,1.514496
3525,1.355776
3526,1.323008
3527,1.293312
3528,1.351680
3529,1.348608
3530,1.340416
3531,1.327104
3532,1.350656
3533,1.296384
3534,1.319936
3535,1.321984
3536,1.321984
3537,1.296384
3538,1.350656
3539,1.316864
3540,1.332224
3541,1.301504
3542,1.326080
3543,1.319936
3544,1.309696
3545,1.278976
3546,1.409024
3547,1.326080
3548,1.343488
3549,1.337344
3550,1.344512
3551,1.343488
3552,1.363968
3553,1.340416
3554,1.354752
3555,1.358848
3556,1.335296
3557,1.327104
3558,1.340416
3559,1.326080
3560,1.387520
3561,1.316864
3562,1.324032
3563,1.257472
3564,0.899072
3565,0.706560
3566,0.618496
3567,0.612352
3568,0.602112
3569,1.351680
3570,1.355776
3571,1.406976
3572,1.402880
3573,1.383424
3574,1.303552
3575,1.369088
3576,1.380352
3577,1.290240
3578,1.293312
3579,1.297408
3580,1.385472
3581,1.376256
3582,1.390592
3583,1.349632
3584,1.401856
3585,1.376256
3586,1.345536
3587,1.367040
3588,1.347584
3589,1.366016
3590,1.357824
3591,1.339392
3592,1.354752
3593,1.412096
3594,1.340416
3595,1.324032
3596,1.375232
3597,1.310720
3598,1.336320
3599,1.270784
3600,1.323008
3601,1.352704
3602,1.336320
3603,1.307648
3604,1.345536
3605,1.359872
3606,1.350656
3607,1.372160
3608,1.399808
3609,1.343488
3610,1.318912
3611,1.408000
3612,1.368064
3613,1.260544
3614,0.892928
3615,0.632832
3616,0.600064
3617,0.587776
3618,0.574464
3619,1.402880
3620,1.347584
3621,1.334272
3622,1.315840
3623,1.261568
3624,1.340416
3625,1.328128
3626,1.328128
3627,1.348608
3628,1.342464
3629,1.382400
3630,1.331200
3631,1.396736
3632,1.310720
3633,1.359872
3634,1.338368
3635,1.354752
3636,1.359872
3637,1.371136
3638,1.350656
3639,1.290240
3640,1.327104
3641,1.317888
3642,1.325056
3643,1.352704
3644,1.337344
3645,1.377280
3646,1.367040
3647,1.310720
3648,1.331200
3649,1.392640
3650,1.401856
3651,1.321984
3652,1.343488
3653,1.340416
3654,1.340416
3655,1.388544
3656,1.344512
3657,1.346560
3658,1.326080
3659,1.339392
3660,1.332224
3661,1.373184
3662,1.340416
3663,1.273856
3664,1.137664
3665,1.339392
3666,1.272832
3667,1.296384
3668,1.361920
3669,1.318912
3670,1.356800
3671,1.326080
3672,1.491968
3673,1.329152
3674,1.236992
3675,1.334272
3676,1.340416
3677,1.352704
3678,1.335296
3679,1.341440
3680,1.359872
3681,1.318912
3682,1.419264
3683,1.362944
3684,1.363968
3685,1.364992
3686,1.355776
3687,1.331200
3688,1.332224
3689,1.348608
3690,1.344512
3691,1.346560
3692,1.354752
3693,1.328128
3694,1.325056
3695,1.307648
3696,1.340416
3697,1.364992
3698,1.317888
3699,1.298432
3700,1.315840
3701,1.360896
3702,1.276928
3703,1.309696
3704,1.333248
3705,1.381376
3706,1.345536
3707,1.318912
3708,0.968704
3709,0.701440
3710,1.324032
3711,1.171456
3712,1.389568
3713,1.354752
3714,1.312768
3715,1.356800
3716,1.363968
3717,1.373184
3718,1.400832
3719,1.349632
3720,1.357824
3721,1.310720
3722,1.342464
3723,1.364992
3724,1.350656
3725,1.351680
3726,1.345536
3727,1.347584
3728,1.333248
3729,1.341440
3730,1.357824
3731,1.357824
3732,1.309696
3733,1.355776
3734,1.350656
3735,1.330176
3736,1.344512
3737,1.344512
3738,1.294336
3739,1.330176
3740,1.343488
3741,1.349632
3742,1.358848
3743,1.376256
3744,1.336320
3745,1.357824
3746,1.346560
3747,1.372160
3748,1.390592
3749,1.358848
3750,1.357824
3751,1.357824
3752,1.308672
3753,1.331200
3754,1.325056
3755,1.016832
3756,0.641024
3757,0.608256
3758,0.598016
3759,0.585728
3760,0.576512
3761,1.355776
3762,1.289216
3763,1.264640
3764,1.311744
3765,1.379328
3766,1.344512
3767,1.338368
3768,1.349632
3769,1.329152
3770,1.321984
3771,1.381376
3772,1.504256
3773,1.343488
3774,1.346560
3775,1.358848
3776,1.283072
3777,1.304576
3778,1.351680
3779,1.327104
3780,1.314816
3781,1.353728
3782,1.372160
3783,1.313792
3784,1.355776
3785,1.307648
3786,1.336320
3787,1.313792
3788,1.364992
3789,1.320960
3790,1.326080
3791,1.337344
3792,1.340416
3793,1.357824
3794,1.356800
3795,1.336320
3796,1.383424
3797,1.333248
3798,1.340416
3799,1.339392
3800,1.293312
3801,1.330176
3802,1.335296
3803,1.338368
3804,1.340416
3805,1.254400
3806,0.901120
3807,1.289216
3808,1.217536
3809,1.301504
3810,1.332224
3811,1.371136
3812,1.366016
3813,1.340416
3814,1.347584
3815,1.271808
3816,1.312768
3817,1.325056
3818,1.338368
3819,1.286144
3820,1.336320
3821,1.360896
3822,1.317888
3823,1.384448
3824,1.330176
3825,1.323008
3826,1.334272
3827,1.349632
3828,1.305600
3829,1.296384
3830,1.313792
3831,1.297408
3832,1.319936
3833,1.369088
3834,1.344512
3835,1.332224
3836,1.306624
3837,1.358848
3838,1.382400
3839,1.315840
3840,1.366016
3841,1.343488
3842,1.318912
3843,1.286144
3844,1.299456
3845,1.308672
3846,1.300480
3847,1.327104
3848,1.310720
3849,1.334272
3850,1.351680
3851,1.326080
3852,1.157120
3853,0.702464
3854,0.616448
3855,0.595968
3856,0.589824
3857,0.590848
3858,0.586752
3859,1.383424
3860,1.390592
3861,1.329152
3862,1.330176
3863,1.366016
3864,1.338368
3865,1.338368
3866,1.300480
3867,1.354752
3868,1.328128
3869,1.311744
3870,1.345536
3871,1.314816
3872,1.327104
3873,1.299456
3874,1.333248
3875,1.451008
3876,1.355776
3877,1.368064
3878,1.344512
3879,1.309696
3880,1.356800
3881,1.330176
3882,1.308672
3883,1.332224
3884,1.367040
3885,1.323008
3886,1.353728
3887,1.350656
3888,1.366016
3889,1.354752
3890,1.341440
3891,1.378304
3892,1.408000
3893,1.314816
3894,1.306624
3895,1.397760
3896,1.318912
3897,1.362944
3898,1.318912
3899,1.362944
3900,1.368064
3901,1.329152
3902,1.347584
3903,1.129472
3904,1.342464
3905,1.201152
3906,1.278976
3907,1.339392
3908,1.409024
3909,1.368064
3910,1.347584
3911,1.319936
3912,1.346560
3913,1.374208
3914,1.354752
3915,1.353728
3916,1.299456
3917,1.382400
3918,1.397760
3919,1.381376
3920,1.318912
3921,1.337344
3922,1.306624
3923,1.356800
3924,1.353728
3925,1.340416
3926,1.340416
3927,1.290240
3928,1.356800
3929,1.292288
3930,1.299456
3931,1.496064
3932,1.323008
3933,1.359872
3934,1.372160
3935,1.347584
3936,1.292288
3937,1.343488
3938,1.323008
3939,1.381376
3940,1.388544
3941,1.343488
3942,1.344512
3943,1.331200
3944,1.346560
3945,1.341440
3946,1.387520
3947,1.377280
3948,1.150976
3949,1.412096
3950,1.420288
3951,1.378304
3952,1.356800
3953,1.371136
3954,1.329152
3955,1.338368
3956,1.356800
3957,1.361920
3958,1.331200
3959,1.342464
3960,1.371136
3961,1.323008
3962,1.361920
3963,1.316864
3964,1.332224
3965,1.352704
3966,1.382400
3967,1.329152
3968,1.363968
3969,1.303552
3970,1.341440
3971,1.340416
3972,1.339392
3973,1.345536
3974,1.315840
3975,1.408000
3976,1.376256
3977,1.412096
3978,1.540096
3979,1.460224
3980,1.309696
3981,1.323008
3982,1.413120
3983,1.403904
3984,1.327104
3985,1.349632
3986,1.313792
3987,1.318912
3988,1.303552
3989,1.291264
3990,1.323008
3991,1.343488
3992,1.379328
3993,1.192960
3994,0.776192
3995,0.600064
3996,0.601088
3997,0.596992
3998,0.580608
3999,0.566272
4000,0.562176
4001,1.318912
4002,1.220608
4003,1.361920
4004,1.316864
4005,1.334272
4006,1.334272
4007,1.364992
4008,1.343488
4009,1.303552
4010,1.359872
4011,1.369088
4012,1.311744
4013,1.315840
4014,1.326080
4015,1.346560
4016,1.339392
4017,1.341440
4018,1.393664
4019,1.300480
4020,1.345536
4021,1.258496
4022,1.364992
4023,1.364992
4024,1.351680
4025,1.318912
4026,1.333248
4027,1.295360
4028,1.267712
4029,1.314816
4030,1.349632
4031,1.369088
4032,1.339392
4033,1.382400
4034,1.385472
4035,1.318912
4036,1.353728
4037,1.326080
4038,1.377280
4039,1.397760
4040,1.341440
4041,1.343488
4042,1.354752
4043,1.309696
4044,1.323008
4045,1.288192
4046,1.182720
4047,1.234944
4048,1.340416
4049,1.359872
4050,1.336320
4051,1.386496
4052,1.366016
4053,1.358848
4054,1.310720
4055,1.348608
4056,1.333248
4057,1.290240
4058,1.376256
4059,1.339392
4060,1.336320
4061,1.319936
4062,1.303552
4063,1.310720
4064,1.346560
4065,1.297408
4066,1.335296
4067,1.278976
4068,1.323008
4069,1.296384
4070,1.389568
4071,1.336320
4072,1.358848
4073,1.344512
4074,1.356800
4075,1.337344
4076,1.345536
4077,1.338368
4078,1.347584
4079,1.290240
4080,1.376256
4081,1.363968
4082,1.334272
4083,1.359872
4084,1.351680
4085,1.310720
4086,1.354752
4087,1.323008
4088,1.320960
4089,1.344512
4090,1.363968
4091,1.133568
4092,0.726016
4093,1.313792
4094,1.147904
4095,1.329152
4096,1.393664
4097,1.341440
4098,1.343488
4099,1.356800
4100,1.319936
4101,1.367040
4102,1.303552
4103,1.314816
4104,1.283072
4105,1.358848
4106,1.356800
4107,1.367040
4108,1.369088
4109,1.335296
4110,1.331200
4111,1.335296
4112,1.292288
4113,1.331200
4114,1.240064
4115,1.311744
4116,1.316864
4117,1.316864
4118,1.299456
4119,1.329152
4120,1.355776
4121,1.263616
4122,1.308672
4123,1.357824
4124,1.356800
4125,1.378304
4126,1.284096
4127,1.361920
4128,1.317888
4129,1.362944
4130,1.325056
4131,1.304576
4132,1.352704
4133,1.325056
4134,1.327104
4135,1.327104
4136,1.355776
4137,1.329152
4138,1.236992
4139,0.900096
4140,1.296384
4141,1.268736
4142,1.299456
4143,1.333248
4144,1.335296
4145,1.352704
4146,1.374208
4147,1.386496
4148,1.359872
4149,1.338368
4150,1.344512
4151,1.281024
4152,1.326080
4153,1.361920
4154,1.324032
4155,1.306624
4156,1.363968
4157,1.348608
4158,1.348608
4159,1.348608
4160,1.331200
4161,1.369088
4162,1.371136
4163,1.336320
4164,1.353728
4165,1.329152
4166,1.354752
4167,1.344512
4168,1.368064
4169,1.308672
4170,1.302528
4171,1.341440
4172,1.305600
4173,1.320960
4174,1.288192
4175,1.345536
4176,1.372160
4177,1.317888
4178,1.328128
4179,1.321984
4180,1.307648
4181,1.379328
4182,1.325056
4183,1.334272
4184,1.284096
4185,1.208320
4186,1.176576
4187,1.306624
4188,1.318912
4189,1.302528
4190,1.265664
4191,1.309696
4192,1.323008
4193,1.313792
4194,1.293312
4195,1.362944
4196,1.307648
4197,1.338368
4198,1.323008
4199,1.360896
4200,1.312768
4201,1.327104
4202,1.338368
4203,1.285120
4204,1.333248
4205,1.337344
4206,1.353728
4207,1.330176
4208,1.333248
4209,1.298432
4210,1.281024
4211,1.359872
4212,1.368064
4213,1.360896
4214,1.363968
4215,1.348608
4216,1.316864
4217,1.349632
4218,1.330176
4219,1.313792
4220,1.325056
4221,1.335296
4222,1.356800
4223,1.321984
4224,1.309696
4225,1.463296
4226,1.342464
4227,1.386496
4228,1.400832
4229,1.358848
4230,1.243136
4231,1.185792
4232,1.203200
4233,1.295360
4234,1.323008
4235,1.302528
4236,1.287168
4237,1.329152
4238,1.366016
4239,1.374208
4240,1.353728
4241,1.306624
4242,1.325056
4243,1.319936
4244,1.328128
4245,1.341440
4246,1.304576
4247,1.352704
4248,1.266688
4249,1.339392
4250,1.363968
4251,1.351680
4252,1.401856
4253,1.318912
4254,1.323008
4255,1.366016
4256,1.352704
4257,1.377280
4258,1.360896
4259,1.355776
4260,1.370112
4261,1.353728
4262,1.292288
4263,1.327104
4264,1.339392
4265,1.334272
4266,1.314816
4267,1.284096
4268,1.266688
4269,1.350656
4270,1.288192
4271,1.336320
4272,1.325056
4273,1.342464
4274,1.317888
4275,1.286144
4276,1.230848
4277,0.632832
4278,1.281024
4279,1.308672
4280,1.319936
4281,1.307648
4282,1.344512
4283,1.316864
4284,1.364992
4285,1.393664
4286,1.332224
4287,1.356800
4288,1.309696
4289,1.336320
4290,1.347584
4291,1.347584
4292,1.290240
4293,1.338368
4294,1.345536
4295,1.338368
4296,1.313792
4297,1.326080
4298,1.378304
4299,1.297408
4300,1.302528
4301,1.351680
4302,1.360896
4303,1.347584
4304,1.329152
4305,1.362944
4306,1.327104
4307,1.368064
4308,1.351680
4309,1.300480
4310,1.390592
4311,1.298432
4312,1.372160
4313,1.324032
4314,1.314816
4315,1.325056
4316,1.306624
4317,1.330176
4318,1.325056
4319,1.359872
4320,1.313792
4321,1.338368
4322,1.343488
4323,1.267712
4324,0.805888
4325,0.593920
4326,0.586752
4327,0.575488
4328,1.401856
4329,1.376256
4330,1.353728
4331,1.333248
4332,1.362944
4333,1.355776
4334,1.310720
4335,1.341440
4336,1.352704
4337,1.307648
4338,1.319936
4339,1.321984
4340,1.326080
4341,1.328128
4342,1.303552
4343,1.325056
4344,1.358848
4345,1.297408
4346,1.334272
4347,1.356800
4348,1.321984
4349,1.300480
4350,1.350656
4351,1.346560
4352,1.324032
4353,1.341440
4354,1.398784
4355,1.359872
4356,1.346560
4357,1.392640
4358,1.344512
4359,1.344512
4360,1.340416
4361,1.346560
4362,1.331200
4363,1.360896
4364,1.319936
4365,1.348608
4366,1.349632
4367,1.315840
4368,1.304576
4369,1.331200
4370,1.355776
4371,1.348608
4372,1.321984
4373,1.226752
4374,1.148928
4375,1.329152
4376,1.324032
4377,1.351680
4378,1.343488
4379,1.343488
4380,1.329152
4381,1.347584
4382,1.268736
4383,1.348608
4384,1.315840
4385,1.297408
4386,1.323008
4387,1.325056
4388,1.377280
4389,1.363968
4390,1.333248
4391,1.315840
4392,1.268736
4393,1.280000
4394,1.375232
4395,1.345536
4396,1.334272
4397,1.393664
4398,1.312768
4399,1.335296
4400,1.337344
4401,1.333248
4402,1.366016
4403,1.348608
4404,1.336320
4405,1.353728
4406,1.302528
4407,1.327104
4408,1.307648
4409,1.287168
4410,1.359872
4411,1.339392
4412,1.341440
4413,1.336320
4414,1.400832
4415,1.281024
4416,1.334272
4417,1.303552
4418,1.145856
4419,0.793600
4420,0.620544
4421,0.609280
4422,0.588800
4423,0.570368
4424,0.562176
4425,1.386496
4426,1.403904
4427,1.380352
4428,1.317888
4429,1.406976
4430,1.354752
4431,1.361920
4432,1.349632
4433,1.368064
4434,1.413120
4435,1.358848
4436,1.317888
4437,1.369088
4438,1.338368
4439,1.354752
4440,1.326080
4441,1.317888
4442,1.311744
4443,1.343488
4444,1.376256
4445,1.349632
4446,1.341440
4447,1.304576
4448,1.336320
4449,1.363968
4450,1.321984
4451,1.370112
4452,1.326080
4453,1.306624
4454,1.267712
4455,1.312768
4456,1.348608
4457,1.306624
4458,1.325056
4459,1.307648
4460,1.319936
4461,1.344512
4462,1.309696
4463,1.360896
4464,1.353728
4465,1.338368
4466,1.370112
4467,1.334272
4468,1.336320
4469,1.233920
4470,0.880640
4471,1.396736
4472,1.349632
4473,1.378304
4474,1.343488
4475,1.344512
4476,1.278976
4477,1.339392
4478,1.339392
4479,1.343488
4480,1.382400
4481,1.328128
4482,1.330176
4483,1.298432
4484,1.312768
4485,1.372160
4486,1.388544
4487,1.382400
4488,1.375232
4489,1.335296
4490,1.394688
4491,1.306624
4492,1.340416
4493,1.298432
4494,1.358848
4495,1.302528
4496,1.352704
4497,1.316864
4498,1.301504
4499,1.381376
4500,1.346560
4501,1.301504
4502,1.352704
4503,1.323008
4504,1.290240
4505,1.303552
4506,1.349632
4507,1.357824
4508,1.328128
4509,1.364992
4510,1.323008
4511,1.332224
4512,1.323008
4513,1.327104
4514,1.313792
4515,1.270784
4516,1.330176
4517,1.232896
4518,1.268736
4519,1.331200
4520,1.357824
4521,1.367040
4522,1.368064
4523,1.361920
4524,1.331200
4525,1.348608
4526,1.323008
4527,1.336320
4528,1.353728
4529,1.313792
4530,1.352704
4531,1.483776
4532,1.335296
4533,1.321984
4534,1.290240
4535,1.321984
4536,1.325056
4537,1.327104
4538,1.357824
4539,1.305600
4540,1.334272
4541,1.336320
4542,1.377280
4543,1.328128
4544,1.342464
4545,1.328128
4546,1.314816
4547,1.294336
4548,1.339392
4549,1.296384
4550,1.370112
4551,1.334272
4552,1.331200
4553,1.313792
4554,1.315840
4555,1.308672
4556,1.321984
4557,1.289216
4558,1.362944
4559,1.367040
4560,1.254400
4561,0.846848
4562,0.654336
4563,0.631808
4564,0.607232
4565,0.602112
4566,1.362944
4567,1.388544
4568,1.286144
4569,1.325056
4570,1.300480
4571,1.339392
4572,1.317888
4573,1.356800
4574,1.293312
4575,1.332224
4576,1.339392
4577,1.325056
4578,1.318912
4579,1.352704
4580,1.340416
4581,1.329152
4582,1.350656
4583,1.316864
4584,1.328128
4585,1.344512
4586,1.291264
4587,1.328128
4588,1.266688
4589,1.355776
4590,1.358848
4591,1.364992
4592,1.323008
4593,1.324032
4594,1.361920
4595,1.350656
4596,1.369088
4597,1.367040
4598,1.377280
4599,1.369088
4600,1.346560
4601,1.311744
4602,1.341440
4603,1.319936
4604,1.352704
4605,1.333248
4606,1.325056
4607,1.362944
4608,1.346560
4609,1.352704
4610,1.295360
4611,0.989184
4612,0.624640
4613,0.608256
4614,0.598016
4615,0.595968
4616,0.588800
4617,1.372160
4618,1.390592
4619,1.382400
4620,1.280000
4621,1.345536
4622,1.332224
4623,1.310720
4624,1.360896
4625,1.381376
4626,1.328128
4627,1.343488
4628,1.263616
4629,1.402880
4630,1.320960
4631,1.323008
4632,1.350656
4633,1.285120
4634,1.319936
4635,1.292288
4636,1.340416
4637,1.329152
4638,1.329152
4639,1.337344
4640,1.329152
4641,1.347584
4642,1.298432
4643,1.344512
4644,1.330176
4645,1.344512
4646,1.287168
4647,1.288192
4648,1.383424
4649,1.342464
4650,1.357824
4651,1.309696
4652,1.419264
4653,1.359872
4654,1.335296
4655,1.375232
4656,1.319936
4657,1.341440
4658,1.368064
4659,1.308672
4660,1.324032
4661,1.197056
4662,0.786432
4663,1.391616
4664,1.436672
4665,1.326080
4666,1.337344
4667,1.353728
4668,1.325056
4669,1.328128
4670,1.339392
4671,1.393664
4672,1.342464
4673,1.316864
4674,1.301504
4675,1.326080
4676,1.323008
4677,1.363968
4678,1.326080
4679,1.324032
4680,1.388544
4681,1.363968
4682,1.338368
4683,1.409024
4684,1.355776
4685,1.395712
4686,1.370112
4687,1.327104
4688,1.369088
4689,1.378304
4690,1.421312
4691,1.318912
4692,1.360896
4693,1.299456
4694,1.296384
4695,1.358848
4696,1.295360
4697,1.300480
4698,1.311744
4699,1.345536
4700,1.357824
4701,1.362944
4702,1.340416
4703,1.308672
4704,1.297408
4705,1.387520
4706,1.291264
4707,1.195008
4708,1.193984
4709,1.329152
4710,1.080320
4711,1.335296
4712,1.327104
4713,1.304576
4714,1.319936
4715,1.337344
4716,1.268736
4717,1.314816
4718,1.327104
4719,1.315840
4720,1.347584
4721,1.335296
4722,1.363968
4723,1.350656
4724,1.392640
4725,1.335296
4726,1.394688
4727,1.359872
4728,1.361920
4729,1.362944
4730,1.309696
4731,1.352704
4732,1.372160
4733,1.381376
4734,1.302528
4735,1.372160
4736,1.359872
4737,1.345536
4738,1.335296
4739,1.331200
4740,1.326080
4741,1.310720
4742,1.363968
4743,1.315840
4744,1.333248
4745,1.311744
4746,1.359872
4747,1.326080
4748,1.314816
4749,1.357824
4750,1.293312
4751,1.265664
4752,1.158144
4753,0.985088
4754,0.953344
4755,1.175552
4756,1.345536
4757,1.353728
4758,1.350656
4759,1.357824
4760,1.364992
4761,1.341440
4762,1.360896
4763,1.345536
4764,1.397760
4765,1.357824
4766,1.333248
4767,1.381376
4768,1.346560
4769,1.347584
4770,1.342464
4771,1.334272
4772,1.389568
4773,1.370112
4774,1.350656
4775,1.295360
4776,1.332224
4777,1.304576
4778,1.344512
4779,1.358848
4780,1.315840
4781,1.357824
4782,1.324032
4783,1.350656
4784,1.339392
4785,1.304576
4786,1.359872
4787,1.345536
4788,1.323008
4789,1.340416
4790,1.363968
4791,1.334272
4792,1.331200
4793,1.354752
4794,1.316864
4795,1.374208
4796,1.372160
4797,1.355776
4798,1.271808
4799,1.017856
4800,0.718848
4801,0.643072
4802,0.604160
4803,0.592896
4804,0.584704
4805,0.570368
4806,0.572416
4807,1.382400
4808,1.409024
4809,1.369088
4810,1.280000
4811,1.283072
4812,1.320960
4813,1.348608
4814,1.373184
4815,1.403904
4816,1.368064
4817,1.368064
4818,1.366016
4819,1.353728
4820,1.327104
4821,1.311744
4822,1.361920
4823,1.374208
4824,1.353728
4825,1.368064
4826,1.378304
4827,1.339392
4828,1.324032
4829,1.339392
4830,1.346560
4831,1.357824
4832,1.328128
4833,1.375232
4834,1.363968
4835,1.318912
4836,1.339392
4837,1.398784
4838,1.330176
4839,1.346560
4840,1.305600
4841,1.354752
4842,1.311744
4843,1.323008
4844,1.329152
4845,1.303552
4846,1.362944
4847,1.352704
4848,1.403904
4849,1.368064
4850,1.301504
4851,1.253376
4852,1.311744
4853,1.170432
4854,1.356800
4855,1.356800
4856,1.385472
4857,1.324032
4858,1.349632
4859,1.360896
4860,1.334272
4861,1.337344
4862,1.289216
4863,1.310720
4864,1.302528
4865,1.318912
4866,1.354752
4867,1.368064
4868,1.338368
4869,1.328128
4870,1.341440
4871,1.315840
4872,1.302528
4873,1.323008
4874,1.342464
4875,1.312768
4876,1.331200
4877,1.406976
4878,1.364992
4879,1.319936
4880,1.314816
4881,1.326080
4882,1.372160
4883,1.343488
4884,1.336320
4885,1.314816
4886,1.458176
4887,1.353728
4888,1.305600
4889,1.333248
4890,1.359872
4891,1.349632
4892,1.310720
4893,1.328128
4894,1.316864
4895,1.355776
4896,1.315840
4897,1.083392
4898,0.663552
4899,1.069056
4900,1.325056
4901,1.346560
4902,1.295360
4903,1.328128
4904,1.329152
4905,1.270784
4906,1.343488
4907,1.342464
4908,1.369088
4909,1.324032
4910,1.369088
4911,1.307648
4912,1.347584
4913,1.335296
4914,1.344512
4915,1.362944
4916,1.387520
4917,1.353728
4918,1.381376
4919,1.340416
4920,1.350656
4921,1.323008
4922,1.355776
4923,1.324032
4924,1.325056
4925,1.307648
4926,1.345536
4927,1.352704
4928,1.316864
4929,1.348608
4930,1.308672
4931,1.371136
4932,1.341440
4933,1.341440
4934,1.346560
4935,1.328128
4936,1.349632
4937,1.325056
4938,1.308672
4939,1.304576
4940,1.348608
4941,1.319936
4942,1.347584
4943,1.341440
4944,1.154048
4945,1.297408
4946,1.139712
4947,1.353728
4948,1.366016
4949,1.384448
4950,1.321984
4951,1.355776
4952,1.352704
4953,1.371136
4954,1.354752
4955,1.335296
4956,1.369088
4957,1.339392
4958,1.342464
4959,1.346560
4960,1.306624
4961,1.394688
4962,1.321984
4963,1.338368
4964,1.356800
4965,1.380352
4966,1.345536
4967,1.353728
4968,1.364992
4969,1.305600
4970,1.359872
4971,1.310720
4972,1.328128
4973,1.350656
4974,1.309696
4975,1.349632
4976,1.340416
4977,1.320960
4978,1.364992
4979,1.330176
4980,1.323008
4981,1.318912
4982,1.303552
4983,1.375232
4984,1.356800
4985,1.337344
4986,1.299456
4987,1.316864
4988,1.332224
4989,1.305600
4990,1.014784
4991,0.674816
4992,0.605184
4993,1.368064
4994,1.319936
4995,1.272832
4996,1.243136
4997,1.334272
4998,1.351680
4999,1.357824
5000,1.346560
5001,1.380352
5002,1.331200
5003,1.316864
5004,1.344512
5005,1.413120
5006,1.345536
5007,1.364992
5008,1.321984
5009,1.354752
5010,1.329152
5011,1.376256
5012,1.301504
5013,1.347584
5014,1.362944
5015,1.327104
5016,1.314816
5017,1.329152
5018,1.339392
5019,1.349632
5020,1.336320
5021,1.354752
5022,1.332224
5023,1.310720
5024,1.327104
5025,1.320960
5026,1.340416
5027,1.371136
5028,1.379328
5029,1.349632
5030,1.336320
5031,1.372160
5032,1.317888
5033,1.321984
5034,1.320960
5035,1.329152
5036,1.358848
5037,1.251328
5038,1.166336
5039,1.200128
5040,1.297408
5041,1.301504
5042,1.295360
5043,1.316864
5044,1.326080
5045,1.305600
5046,1.324032
5047,1.323008
5048,1.330176
5049,1.313792
5050,1.300480
5051,1.306624
5052,1.320960
5053,1.348608
5054,1.291264
5055,1.349632
5056,1.348608
5057,1.324032
5058,1.306624
5059,1.363968
5060,1.371136
5061,1.327104
5062,1.344512
5063,1.281024
5064,1.353728
5065,1.361920
5066,1.339392
5067,1.308672
5068,1.377280
5069,1.383424
5070,1.355776
5071,1.317888
5072,1.318912
5073,1.335296
5074,1.367040
5075,1.326080
5076,1.304576
5077,1.344512
5078,1.317888
5079,1.315840
5080,1.350656
5081,1.371136
5082,1.362944
5083,1.262592
5084,1.041408
5085,0.636928
5086,0.586752
5087,0.575488
5088,1.274880
5089,1.387520
5090,1.336320
5091,1.306624
5092,1.312768
5093,1.376256
5094,1.306624
5095,1.349632
5096,1.350656
5097,1.359872
5098,1.357824
5099,1.366016
5100,1.373184
5101,1.323008
5102,1.302528
5103,1.339392
5104,1.367040
5105,1.372160
5106,1.374208
5107,1.363968
5108,1.308672
5109,1.377280
5110,1.353728
5111,1.343488
5112,1.358848
5113,1.350656
5114,1.357824
5115,1.325056
5116,1.352704
5117,1.357824
5118,1.344512
5119,1.359872
5120,1.341440
5121,1.351680
5122,1.340416
5123,1.356800
5124,1.359872
5125,1.349632
5126,1.361920
5127,1.335296
5128,1.333248
5129,1.275904
5130,1.304576
5131,1.325056
5132,1.145856
5133,1.254400
5134,1.188864
5135,1.312768
5136,1.314816
5137,1.311744
5138,1.357824
5139,1.315840
5140,1.303552
5141,1.351680
5142,1.304576
5143,1.350656
5144,1.357824
5145,1.359872
5146,1.334272
5147,1.356800
5148,1.324032
5149,1.276928
5150,1.349632
5151,1.325056
5152,1.311744
5153,1.305600
5154,1.359872
5155,1.304576
5156,1.351680
5157,1.316864
5158,1.327104
5159,1.339392
5160,1.385472
5161,1.331200
5162,1.298432
5163,1.290240
5164,1.333248
5165,1.327104
5166,1.332224
5167,1.350656
5168,1.379328
5169,1.339392
5170,1.386496
5171,1.344512
5172,1.321984
5173,1.315840
5174,1.335296
5175,1.315840
5176,1.348608
5177,1.339392
5178,1.208320
5179,0.933888
5180,0.599040
5181,0.581632
5182,0.576512
5183,0.570368
5184,1.360896
5185,1.373184
5186,1.416192
5187,1.320960
5188,1.267712
5189,1.326080
5190,1.286144
5191,1.319936
5192,1.343488
5193,1.392640
5194,1.315840
5195,1.400832
5196,1.352704
5197,1.341440
5198,1.323008
5199,1.338368
5200,1.309696
5201,1.328128
5202,1.369088
5203,1.362944
5204,1.376256
5205,1.337344
5206,1.345536
5207,1.346560
5208,1.315840
5209,1.328128
5210,1.331200
5211,1.344512
5212,1.382400
5213,1.492992
5214,1.316864
5215,1.306624
5216,1.332224
5217,1.329152
5218,1.330176
5219,1.296384
5220,1.367040
5221,1.342464
5222,1.321984
5223,1.352704
5224,1.301504
5225,1.341440
5226,1.347584
5227,1.347584
5228,1.164288
5229,0.875520
5230,0.631808
5231,0.600064
5232,0.585728
5233,0.587776
5234,0.577536
5235,1.414144
5236,1.347584
5237,1.402880
5238,1.341440
5239,1.354752
5240,1.314816
5241,1.328128
5242,1.357824
5243,1.337344
5244,1.324032
5245,1.329152
5246,1.300480
5247,1.359872
5248,1.379328
5249,1.359872
5250,1.368064
5251,1.337344
5252,1.352704
5253,1.304576
5254,1.315840
5255,1.344512
5256,1.362944
5257,1.363968
5258,1.339392
5259,1.339392
5260,1.291264
5261,1.351680
5262,1.343488
5263,1.316864
5264,1.324032
5265,1.344512
5266,1.299456
5267,1.287168
5268,1.289216
5269,1.305600
5270,1.292288
5271,1.330176
5272,1.314816
5273,1.283072
5274,1.362944
5275,1.361920
5276,1.274880
5277,1.357824
5278,1.336320
5279,1.171456
5280,1.316864
5281,1.288192
5282,1.316864
5283,1.346560
5284,1.358848
5285,1.317888
5286,1.382400
5287,1.346560
5288,1.369088
5289,1.335296
5290,1.351680
5291,1.330176
5292,1.352704
5293,1.339392
5294,1.326080
5295,1.342464
5296,1.321984
5297,1.297408
5298,1.337344
5299,1.307648
5300,1.367040
5301,1.317888
5302,1.338368
5303,1.333248
5304,1.344512
5305,1.304576
5306,1.353728
5307,1.295360
5308,1.336320
5309,1.327104
5310,1.341440
5311,1.336320
5312,1.282048
5313,1.384448
5314,1.391616
5315,1.351680
5316,1.310720
5317,1.362944
5318,1.364992
5319,1.349632
5320,1.331200
5321,1.357824
5322,1.343488
5323,1.333248
5324,1.234944
5325,1.371136
5326,1.435648
5327,1.335296
5328,1.362944
5329,1.354752
5330,1.375232
5331,1.366016
5332,1.358848
5333,1.323008
5334,1.318912
5335,1.326080
5336,1.326080
5337,1.360896
5338,1.338368
5339,1.328128
5340,1.329152
5341,1.331200
5342,1.355776
5343,1.343488
5344,1.361920
5345,1.272832
5346,1.342464
5347,1.315840
5348,1.307648
5349,1.354752
5350,1.318912
5351,1.352704
5352,1.321984
5353,1.366016
5354,1.355776
5355,1.368064
5356,1.352704
5357,1.340416
5358,1.325056
5359,1.309696
5360,1.364992
5361,1.347584
5362,1.371136
5363,1.323008
5364,1.391616
5365,1.374208
5366,1.377280
5367,1.327104
5368,1.343488
5369,1.222656
5370,0.826368
5371,0.698368
5372,0.657408
5373,0.611328
5374,0.594944
5375,0.569344
5376,1.300480
5377,1.167360
5378,1.320960
5379,1.356800
5380,1.313792
5381,1.333248
5382,1.336320
5383,1.383424
5384,1.310720
5385,1.304576
5386,1.316864
5387,1.329152
5388,1.320960
5389,1.294336
5390,1.373184
5391,1.324032
5392,1.319936
5393,1.345536
5394,1.268736
5395,1.318912
5396,1.361920
5397,1.344512
5398,1.311744
5399,1.266688
5400,1.370112
5401,1.312768
5402,1.350656
5403,1.318912
5404,1.305600
5405,1.314816
5406,1.336320
5407,1.359872
5408,1.339392
5409,1.397760
5410,1.343488
5411,1.355776
5412,1.348608
5413,1.363968
5414,1.341440
5415,1.348608
5416,1.348608
5417,1.299456
5418,1.361920
5419,1.363968
5420,1.196032
5421,1.238016
5422,1.208320
5423,1.318912
5424,1.391616
5425,1.360896
5426,1.333248
5427,1.339392
5428,1.320960
5429,1.349632
5430,1.356800
5431,1.314816
5432,1.299456
5433,1.375232
5434,1.341440
5435,1.307648
5436,1.338368
5437,1.293312
5438,1.337344
5439,1.290240
5440,1.355776
5441,1.320960
5442,1.397760
5443,1.350656
5444,1.286144
5445,1.303552
5446,1.368064
5447,1.289216
5448,1.342464
5449,1.366016
5450,1.275904
5451,1.356800
5452,1.351680
5453,1.355776
5454,1.373184
5455,1.301504
5456,1.347584
5457,1.293312
5458,1.378304
5459,1.364992
5460,1.303552
5461,1.342464
5462,1.313792
5463,1.343488
5464,1.405952
5465,1.329152
5466,1.228800
5467,1.170432
5468,1.301504
5469,1.323008
5470,1.355776
5471,1.300480
5472,1.330176
5473,1.361920
5474,1.309696
5475,1.353728
5476,1.350656
5477,1.372160
5478,1.321984
5479,1.324032
5480,1.329152
5481,1.342464
5482,1.364992
5483,1.361920
5484,1.283072
5485,1.346560
5486,1.371136
5487,1.313792
5488,1.273856
5489,1.364992
5490,1.312768
5491,1.358848
5492,1.388544
5493,1.327104
5494,1.181696
5495,1.312768
5496,1.339392
5497,1.346560
5498,1.339392
5499,1.263616
5500,1.336320
5501,1.297408
5502,1.320960
5503,1.313792
5504,1.338368
5505,1.312768
5506,1.351680
5507,1.384448
5508,1.340416
5509,1.330176
5510,1.273856
5511,1.086464
5512,0.693248
5513,0.619520
5514,0.614400
5515,0.588800
5516,0.579584
5517,0.566272
5518,1.384448
5519,1.380352
5520,1.335296
5521,1.320960
5522,1.358848
5523,1.285120
5524,1.336320
5525,1.350656
5526,1.300480
5527,1.357824
5528,1.344512
5529,1.326080
5530,1.340416
5531,1.361920
5532,1.303552
5533,1.366016
5534,1.307648
5535,1.359872
5536,1.315840
5537,1.358848
5538,1.358848
5539,1.363968
5540,1.374208
5541,1.362944
5542,1.316864
5543,1.324032
5544,1.333248
5545,1.369088
5546,1.359872
5547,1.381376
5548,1.366016
5549,1.293312
5550,1.274880
5551,1.330176
5552,1.444864
5553,1.359872
5554,1.368064
5555,1.337344
5556,1.314816
5557,1.323008
5558,1.336320
5559,1.346560
5560,1.291264
5561,1.325056
5562,1.169408
5563,0.844800
5564,1.316864
5565,1.246208
5566,1.294336
5567,1.360896
5568,1.384448
5569,1.369088
5570,1.345536
5571,1.329152
5572,1.336320
5573,1.308672
5574,1.343488
5575,1.315840
5576,1.334272
5577,1.348608
5578,1.334272
5579,1.281024
5580,1.339392
5581,1.358848
5582,1.285120
5583,1.327104
5584,1.369088
5585,1.368064
5586,1.294336
5587,1.447936
5588,1.367040
5589,1.274880
5590,1.421312
5591,1.277952
5592,1.329152
5593,1.327104
5594,1.310720
5595,1.323008
5596,1.301504
5597,1.354752
5598,1.415168
5599,1.340416
5600,1.256448
5601,1.346560
5602,1.345536
5603,1.335296
5604,1.307648
5605,1.284096
5606,1.367040
5607,1.364992
5608,1.328128
5609,1.219584
5610,1.176576
5611,1.267712
5612,1.284096
5613,1.275904
5614,1.373184
5615,1.278976
5616,1.336320
5617,1.309696
5618,1.337344
5619,1.298432
5620,1.354752
5621,1.389568
5622,1.353728
5623,1.330176
5624,1.328128
5625,1.304576
5626,1.339392
5627,1.328128
5628,1.308672
5629,1.306624
5630,1.268736
5631,1.350656
5632,1.270784
5633,1.308672
5634,1.362944
5635,1.321984
5636,1.356800
5637,1.326080
5638,1.290240
5639,1.347584
5640,1.342464
5641,1.287168
5642,1.346560
5643,1.364992
5644,1.364992
5645,1.295360
5646,1.282048
5647,1.324032
5648,1.337344
5649,1.366016
5650,1.286144
5651,1.327104
5652,1.393664
5653,1.349632
5654,1.146880
5655,0.829440
5656,0.644096
5657,0.618496
5658,0.610304
5659,1.340416
5660,1.249280
5661,1.283072
5662,1.298432
5663,1.281024
5664,1.298432
5665,1.356800
5666,1.324032
5667,1.330176
5668,1.351680
5669,1.368064
5670,1.308672
5671,1.310720
5672,1.292288
5673,1.344512
5674,1.285120
5675,1.360896
5676,1.359872
5677,1.352704
5678,1.369088
5679,1.314816
5680,1.316864
5681,1.321984
5682,1.321984
5683,1.317888
5684,1.355776
5685,1.343488
5686,1.384448
5687,1.296384
5688,1.331200
5689,1.297408
5690,1.360896
5691,1.360896
5692,1.326080
5693,1.333248
5694,1.363968
5695,1.390592
5696,1.360896
5697,1.346560
5698,1.336320
5699,1.315840
5700,1.373184
5701,1.359872
5702,1.374208
5703,1.290240
5704,0.978944
5705,0.735232
5706,0.630784
5707,0.607232
5708,1.395712
5709,1.424384
5710,1.353728
5711,1.339392
5712,1.301504
5713,1.346560
5714,1.303552
5715,1.349632
5716,1.306624
5717,1.317888
5718,1.349632
5719,1.340416
5720,1.341440
5721,1.333248
5722,1.337344
5723,1.361920
5724,1.386496
5725,1.352704
5726,1.311744
5727,1.325056
5728,1.299456
5729,1.327104
5730,1.337344
5731,1.323008
5732,1.336320
5733,1.361920
5734,1.419264
5735,1.397760
5736,1.344512
5737,1.309696
5738,1.356800
5739,1.312768
5740,1.317888
5741,1.318912
5742,1.320960
5743,1.337344
5744,1.345536
5745,1.314816
5746,1.330176
5747,1.311744
5748,1.313792
5749,1.329152
5750,1.353728
5751,1.332224
5752,1.253376
5753,1.333248
5754,1.202176
5755,1.301504
5756,1.351680
5757,1.359872
5758,1.393664
5759,1.328128
5760,1.358848
5761,1.314816
5762,1.346560
5763,1.361920
5764,1.284096
5765,1.372160
5766,1.317888
5767,1.371136
5768,1.403904
5769,1.339392
5770,1.353728
5771,1.387520
5772,1.350656
5773,1.345536
5774,1.351680
5775,1.300480
5776,1.297408
5777,1.346560
5778,1.416192
5779,1.356800
5780,1.367040
5781,1.325056
5782,1.349632
5783,1.366016
5784,1.351680
5785,1.327104
5786,1.351680
5787,1.361920
5788,1.338368
5789,1.348608
5790,1.263616
5791,1.343488
5792,1.302528
5793,1.346560
5794,1.348608
5795,1.301504
5796,1.363968
5797,1.339392
5798,1.219584
5799,1.141760
5800,1.306624
5801,1.312768
5802,1.340416
5803,1.352704
5804,1.329152
5805,1.327104
5806,1.338368
5807,1.335296
5808,1.346560
5809,1.361920
5810,1.315840
5811,1.345536
5812,1.315840
5813,1.305600
5814,1.345536
5815,1.361920
5816,1.334272
5817,1.335296
5818,1.339392
5819,1.356800
5820,1.299456
5821,1.313792
5822,1.337344
5823,1.319936
5824,1.336320
5825,1.305600
5826,1.387520
5827,1.361920
5828,1.331200
5829,1.337344
5830,1.333248
5831,1.343488
5832,1.377280
5833,1.319936
5834,1.348608
5835,1.300480
5836,1.359872
5837,1.390592
5838,1.346560
5839,1.378304
5840,1.290240
5841,1.334272
5842,1.329152
5843,1.178624
5844,0.674816
5845,0.607232
5846,0.606208
5847,0.596992
5848,0.588800
5849,0.570368
5850,1.341440
5851,1.227776
5852,1.335296
5853,1.338368
5854,1.339392
5855,1.346560
5856,1.320960
5857,1.346560
5858,1.330176
5859,1.292288
5860,1.352704
5861,1.352704
5862,1.337344
5863,1.343488
5864,1.360896
5865,1.392640
5866,1.314816
5867,1.348608
5868,1.375232
5869,1.364992
5870,1.363968
5871,1.321984
5872,1.370112
5873,1.321984
5874,1.332224
5875,1.361920
5876,1.302528
5877,1.319936
5878,1.327104
5879,1.351680
5880,1.310720
5881,1.375232
5882,1.310720
5883,1.354752
5884,1.352704
5885,1.334272
5886,1.348608
5887,1.350656
5888,1.337344
5889,1.308672
5890,1.389568
5891,1.309696
5892,1.313792
5893,1.332224
5894,1.313792
5895,0.957440
5896,1.392640
5897,1.316864
5898,1.291264
5899,1.321984
5900,1.294336
5901,1.378304
5902,1.371136
5903,1.309696
5904,1.335296
5905,1.312768
5906,1.318912
5907,1.327104
5908,1.332224
5909,1.352704
5910,1.306624
5911,1.328128
5912,1.326080
5913,1.351680
5914,1.312768
5915,1.295360
5916,1.368064
5917,1.420288
5918,1.318912
5919,1.305600
5920,1.357824
5921,1.331200
5922,1.319936
5923,1.368064
5924,1.335296
5925,1.320960
5926,1.323008
5927,1.339392
5928,1.318912
5929,1.289216
5930,1.355776
5931,1.329152
5932,1.391616
5933,1.307648
5934,1.315840
5935,1.335296
5936,1.350656
5937,1.408000
5938,1.396736
5939,1.391616
5940,1.336320
5941,1.375232
5942,1.298432
5943,1.232896
5944,1.350656
5945,1.293312
5946,1.357824
5947,1.306624
5948,1.352704
5949,1.366016
5950,1.307648
5951,1.319936
5952,1.302528
5953,1.361920
5954,1.352704
5955,1.324032
5956,1.369088
5957,1.339392
5958,1.353728
5959,1.353728
5960,1.362944
5961,1.358848
5962,1.314816
5963,1.305600
5964,1.346560
5965,1.303552
5966,1.318912
5967,1.332224
5968,1.336320
5969,1.360896
5970,1.318912
5971,1.330176
5972,1.343488
5973,1.405952
5974,1.290240
5975,1.306624
5976,1.424384
5977,1.350656
5978,1.368064
5979,1.310720
5980,1.357824
5981,1.300480
5982,1.330176
5983,1.353728
5984,1.336320
5985,1.291264
5986,0.963584
5987,0.769024
5988,0.670720
5989,1.380352
5990,1.377280
5991,1.346560
5992,1.293312
5993,1.278976
5994,1.332224
5995,1.299456
5996,1.338368
5997,1.325056
5998,1.346560
5999,1.336320
6000,1.314816
6001,1.349632
6002,1.349632
6003,1.403904
6004,1.406976
6005,1.311744
6006,1.337344
6007,1.355776
6008,1.348608
6009,1.353728
6010,1.413120
6011,1.374208
6012,1.376256
6013,1.350656
6014,1.404928
6015,1.321984
6016,1.315840
6017,1.372160
6018,1.366016
6019,1.313792
6020,1.350656
6021,1.291264
6022,1.299456
6023,1.367040
6024,1.354752
6025,1.323008
6026,1.348608
6027,1.333248
6028,1.326080
6029,1.346560
6030,1.381376
6031,1.396736
6032,1.318912
6033,1.203200
6034,1.172480
6035,1.314816
6036,1.265664
6037,1.349632
6038,1.313792
6039,1.280000
6040,1.346560
6041,1.358848
6042,1.305600
6043,1.359872
6044,1.382400
6045,1.355776
6046,1.306624
6047,1.312768
6048,1.302528
6049,1.312768
6050,1.313792
6051,1.310720
6052,1.351680
6053,1.310720
6054,1.377280
6055,1.359872
6056,1.306624
6057,1.374208
6058,1.319936
6059,1.331200
6060,1.318912
6061,1.316864
6062,1.338368
6063,1.355776
6064,1.357824
6065,1.354752
6066,1.350656
6067,1.316864
6068,1.362944
6069,1.372160
6070,1.300480
6071,1.354752
6072,1.327104
6073,1.357824
6074,1.338368
6075,1.342464
6076,1.353728
6077,1.301504
6078,1.037312
6079,1.461248
6080,1.292288
6081,1.345536
6082,1.316864
6083,1.331200
6084,1.252352
6085,1.315840
6086,1.404928
6087,1.325056
6088,1.287168
6089,1.399808
6090,1.377280
6091,1.327104
6092,1.315840
6093,1.340416
6094,1.361920
6095,1.382400
6096,1.276928
6097,1.358848
6098,1.283072
6099,1.532928
6100,1.338368
6101,1.313792
6102,1.301504
6103,1.349632
6104,1.369088
6105,1.335296
6106,1.342464
6107,1.314816
6108,1.356800
6109,1.333248
6110,1.337344
6111,1.344512
6112,1.324032
6113,1.295360
6114,1.304576
6115,1.340416
6116,1.342464
6117,1.293312
6118,1.331200
6119,1.292288
6120,1.326080
6121,1.349632
6122,1.323008
6123,1.255424
6124,0.993280
6125,0.732160
6126,0.647168
6127,1.302528
6128,1.166336
6129,1.301504
6130,1.334272
6131,1.296384
6132,1.336320
6133,1.295360
6134,1.350656
6135,1.358848
6136,1.336320
6137,1.360896
6138,1.295360
6139,1.335296
6140,1.359872
6141,1.310720
6142,1.375232
6143,1.327104
6144,1.400832
6145,1.323008
6146,1.331200
6147,1.306624
6148,1.265664
6149,1.309696
6150,1.379328
6151,1.347584
6152,1.333248
6153,1.336320
6154,1.328128
6155,1.277952
6156,1.311744
6157,1.340416
6158,1.346560
6159,1.378304
6160,1.397760
6161,1.359872
6162,1.345536
6163,1.355776
6164,1.345536
6165,1.354752
6166,1.325056
6167,1.359872
6168,1.373184
6169,1.343488
6170,1.346560
6171,1.195008
6172,1.176576
6173,0.929792
6174,1.244160
6175,1.175552
6176,1.370112
6177,1.343488
6178,1.389568
6179,1.290240
6180,1.367040
6181,1.350656
6182,1.334272
6183,1.312768
6184,1.342464
6185,1.331200
6186,1.317888
6187,1.363968
6188,1.339392
6189,1.329152
6190,1.346560
6191,1.332224
6192,1.379328
6193,1.319936
6194,1.348608
6195,1.315840
6196,1.351680
6197,1.300480
6198,1.306624
6199,1.338368
6200,1.313792
6201,1.331200
6202,1.294336
6203,1.222656
6204,1.414144
6205,1.330176
6206,1.308672
6207,1.356800
6208,1.345536
6209,1.289216
6210,1.354752
6211,1.306624
6212,1.310720
6213,1.355776
6214,1.327104
6215,1.341440
6216,1.327104
6217,1.370112
6218,1.343488
6219,0.996352
6220,1.259520
6221,1.118208
6222,1.297408
6223,1.310720
6224,1.339392
6225,1.344512
6226,1.371136
6227,1.374208
6228,1.341440
6229,1.320960
6230,1.293312
6231,1.327104
6232,1.340416
6233,1.303552
6234,1.377280
6235,1.292288
6236,1.317888
6237,1.350656
6238,1.335296
6239,1.339392
6240,1.321984
6241,1.358848
6242,1.331200
6243,1.326080
6244,1.332224
6245,1.353728
6246,1.339392
6247,1.319936
6248,1.297408
6249,1.300480
6250,1.166336
6251,1.331200
6252,1.341440
6253,1.368064
6254,1.326080
6255,1.340416
6256,1.324032
6257,1.328128
6258,1.346560
6259,1.380352
6260,1.346560
6261,1.289216
6262,1.346560
6263,1.347584
6264,1.301504
6265,1.240064
6266,1.063936
6267,0.619520
6268,0.596992
6269,0.591872
6270,0.577536
6271,1.367040
6272,1.364992
6273,1.315840
6274,1.285120
6275,1.353728
6276,1.336320
6277,1.302528
6278,1.276928
6279,1.342464
6280,1.303552
6281,1.342464
6282,1.317888
6283,1.366016
6284,1.376256
6285,1.345536
6286,1.336320
6287,1.332224
6288,1.354752
6289,1.321984
6290,1.304576
6291,1.314816
6292,1.316864
6293,1.308672
6294,1.344512
6295,1.349632
6296,1.369088
6297,1.352704
6298,1.330176
6299,1.342464
6300,1.394688
6301,1.317888
6302,1.408000
6303,1.327104
6304,1.386496
6305,1.319936
6306,1.354752
6307,1.314816
6308,1.341440
6309,1.344512
6310,1.316864
6311,1.360896
6312,1.349632
6313,1.345536
6314,1.298432
6315,1.089536
6316,0.747520
6317,0.652288
6318,1.384448
6319,1.404928
6320,1.337344
6321,1.366016
6322,1.310720
6323,1.338368
6324,1.326080
6325,1.373184
6326,1.374208
6327,1.297408
6328,1.261568
6329,1.323008
6330,1.335296
6331,1.318912
6332,1.362944
6333,1.378304
6334,1.343488
6335,1.372160
6336,1.341440
6337,1.359872
6338,1.362944
6339,1.320960
6340,1.309696
6341,1.344512
6342,1.336320
6343,1.307648
6344,1.331200
6345,1.402880
6346,1.373184
6347,1.323008
6348,1.312768
6349,1.354752
6350,1.328128
6351,1.385472
6352,1.337344
6353,1.349632
6354,1.356800
6355,1.376256
6356,1.385472
6357,1.335296
6358,1.301504
6359,1.286144
6360,1.335296
6361,1.311744
6362,1.214464
6363,1.330176
6364,1.335296
6365,1.369088
6366,1.331200
6367,1.348608
6368,1.333248
6369,1.301504
6370,1.323008
6371,1.369088
6372,1.294336
6373,1.308672
6374,1.355776
6375,1.378304
6376,1.357824
6377,1.342464
6378,1.340416
6379,1.392640
6380,1.359872
6381,1.295360
6382,1.336320
6383,1.352704
6384,1.341440
6385,1.384448
6386,1.347584
6387,1.271808
6388,1.343488
6389,1.313792
6390,1.313792
6391,1.360896
6392,1.326080
6393,1.370112
6394,1.392640
6395,1.307648
6396,1.290240
6397,1.313792
6398,1.315840
6399,1.333248
6400,1.298432
6401,1.386496
6402,1.344512
6403,1.349632
6404,1.294336
6405,1.370112
6406,1.328128
6407,1.146880
6408,1.367040
6409,1.326080
6410,1.248256
6411,1.396736
6412,1.340416
6413,1.364992
6414,1.282048
6415,1.338368
6416,1.297408
6417,1.332224
6418,1.356800
6419,1.320960
6420,1.336320
6421,1.303552
6422,1.332224
6423,1.273856
6424,1.337344
6425,1.342464
6426,1.342464
6427,1.310720
6428,1.346560
6429,1.329152
6430,1.342464
6431,1.305600
6432,1.339392
6433,1.303552
6434,1.366016
6435,1.328128
6436,1.337344
6437,1.339392
6438,1.333248
6439,1.390592
6440,1.333248
6441,1.327104
6442,1.324032
6443,1.313792
6444,1.276928
6445,1.375232
6446,1.328128
6447,1.339392
6448,1.336320
6449,1.343488
6450,1.328128
6451,1.325056
6452,1.257472
6453,0.946176
6454,0.783360
6455,0.659456
6456,0.628736
6457,0.606208
6458,1.395712
6459,1.355776
6460,1.317888
6461,1.372160
6462,1.393664
6463,1.310720
6464,1.383424
6465,1.375232
6466,1.321984
6467,1.384448
6468,1.331200
6469,1.392640
6470,1.329152
6471,1.304576
6472,1.362944
6473,1.329152
6474,1.320960
6475,1.358848
6476,1.332224
6477,1.353728
6478,1.332224
6479,1.316864
6480,1.319936
6481,1.298432
6482,1.330176
6483,1.352704
6484,1.297408
6485,1.351680
6486,1.373184
6487,1.391616
6488,1.383424
6489,1.277952
6490,1.306624
6491,1.341440
6492,1.349632
6493,1.312768
6494,1.342464
6495,1.320960
6496,1.371136
6497,1.337344
6498,1.296384
6499,1.309696
6500,1.331200
6501,1.345536
6502,1.198080
6503,0.735232
6504,0.625664
6505,0.627712
6506,1.247232
6507,1.167360
6508,1.327104
6509,1.359872
6510,1.298432
6511,1.371136
6512,1.359872
6513,1.371136
6514,1.323008
6515,1.318912
6516,1.329152
6517,1.292288
6518,1.343488
6519,1.298432
6520,1.341440
6521,1.550336
6522,1.341440
6523,1.354752
6524,1.331200
6525,1.349632
6526,1.325056
6527,1.335296
6528,1.294336
6529,1.388544
6530,1.304576
6531,1.342464
6532,1.358848
6533,1.356800
6534,1.354752
6535,1.328128
6536,1.296384
6537,1.339392
6538,1.317888
6539,1.277952
6540,1.345536
6541,1.340416
6542,1.340416
6543,1.336320
6544,1.355776
6545,1.325056
6546,1.309696
6547,1.329152
6548,1.331200
6549,1.325056
6550,1.333248
6551,1.213440
6552,0.772096
6553,1.305600
6554,1.185792
6555,1.312768
6556,1.364992
6557,1.359872
6558,1.346560
6559,1.339392
6560,1.421312
6561,1.342464
6562,1.338368
6563,1.358848
6564,1.351680
6565,1.337344
6566,1.302528
6567,1.390592
6568,1.313792
6569,1.344512
6570,1.342464
6571,1.298432
6572,1.354752
6573,1.334272
6574,1.353728
6575,1.339392
6576,1.317888
6577,1.362944
6578,1.374208
6579,1.364992
6580,1.389568
6581,1.306624
6582,1.375232
6583,1.335296
6584,1.357824
6585,1.339392
6586,1.366016
6587,1.333248
6588,1.300480
6589,1.302528
6590,1.344512
6591,1.370112
6592,1.328128
6593,1.342464
6594,1.325056
6595,1.306624
6596,1.288192
6597,1.184768
6598,1.191936
6599,1.222656
6600,1.377280
6601,1.327104
6602,1.355776
6603,1.327104
6604,1.341440
6605,1.303552
6606,1.341440
6607,1.321984
6608,1.352704
6609,1.324032
6610,1.309696
6611,1.334272
6612,1.321984
6613,1.305600
6614,1.340416
6615,1.337344
6616,1.327104
6617,1.350656
6618,1.345536
6619,1.326080
6620,1.331200
6621,1.309696
6622,1.313792
6623,1.332224
6624,1.307648
6625,1.371136
6626,1.303552
6627,1.304576
6628,1.338368
6629,1.293312
6630,1.379328
6631,1.317888
6632,1.342464
6633,1.292288
6634,1.302528
6635,1.378304
6636,1.323008
6637,1.296384
6638,1.376256
6639,1.334272
6640,1.350656
6641,1.373184
6642,1.307648
6643,0.978944
6644,0.780288
6645,0.720896
6646,0.648192
6647,0.637952
6648,0.623616
6649,0.603136
6650,0.563200
6651,0.549888
6652,1.372160
6653,1.458176
6654,1.335296
6655,1.388544
6656,1.342464
6657,1.299456
6658,1.300480
6659,1.298432
6660,1.306624
6661,1.311744
6662,1.353728
6663,1.342464
6664,1.328128
6665,1.345536
6666,1.321984
6667,1.332224
6668,1.314816
6669,1.340416
6670,1.368064
6671,1.371136
6672,1.358848
6673,1.352704
6674,1.374208
6675,1.313792
6676,1.342464
6677,1.305600
6678,1.355776
6679,1.343488
6680,1.324032
6681,1.301504
6682,1.376256
6683,1.351680
6684,1.342464
6685,1.348608
6686,1.293312
6687,1.372160
6688,1.348608
6689,1.345536
6690,1.315840
6691,1.354752
6692,1.368064
6693,1.363968
6694,1.302528
6695,1.311744
6696,1.300480
6697,1.359872
6698,1.288192
6699,1.249280
6700,1.357824
6701,1.356800
6702,1.359872
6703,1.347584
6704,1.318912
6705,1.311744
6706,1.332224
6707,1.305600
6708,1.360896
6709,1.301504
6710,1.342464
6711,1.350656
6712,1.327104
6713,1.364992
6714,1.346560
6715,1.336320
6716,1.381376
6717,1.331200
6718,1.354752
6719,1.333248
6720,1.360896
6721,1.342464
6722,1.302528
6723,1.320960
6724,1.306624
6725,1.367040
6726,1.301504
6727,1.347584
6728,1.337344
6729,1.361920
6730,1.342464
6731,1.345536
6732,1.355776
6733,1.342464
6734,1.357824
6735,1.341440
6736,1.386496
6737,1.375232
6738,1.333248
6739,1.295360
6740,1.299456
6741,1.320960
6742,1.093632
6743,1.328128
6744,1.243136
6745,1.473536
6746,1.341440
6747,1.264640
6748,1.366016
6749,1.309696
6750,1.292288
6751,1.374208
6752,1.347584
6753,1.323008
6754,1.278976
6755,1.358848
6756,1.316864
6757,1.332224
6758,1.382400
6759,1.301504
6760,1.290240
6761,1.343488
6762,1.345536
6763,1.351680
6764,1.317888
6765,1.344512
6766,1.323008
6767,1.321984
6768,1.307648
6769,1.373184
6770,1.321984
6771,1.312768
6772,1.359872
6773,1.362944
6774,1.364992
6775,1.319936
6776,1.329152
6777,1.316864
6778,1.343488
6779,1.337344
6780,1.331200
6781,1.320960
6782,1.366016
6783,1.314816
6784,1.328128
6785,1.277952
6786,1.323008
6787,1.329152
6788,1.070080
6789,1.344512
6790,1.251328
6791,1.307648
6792,1.297408
6793,1.368064
6794,1.384448
6795,1.330176
6796,1.369088
6797,1.376256
6798,1.388544
6799,1.332224
6800,1.307648
6801,1.380352
6802,1.346560
6803,1.275904
6804,1.343488
6805,1.309696
6806,1.354752
6807,1.324032
6808,1.306624
6809,1.355776
6810,1.340416
6811,1.338368
6812,1.338368
6813,1.368064
6814,1.362944
6815,1.376256
6816,1.301504
6817,1.369088
6818,1.300480
6819,1.354752
6820,1.306624
6821,1.387520
6822,1.348608
6823,1.380352
6824,1.339392
6825,1.349632
6826,1.327104
6827,1.321984
6828,1.390592
6829,1.356800
6830,1.308672
6831,1.343488
6832,1.334272
6833,1.177600
6834,0.910336
6835,1.320960
6836,1.326080
6837,1.329152
6838,1.361920
6839,1.336320
6840,1.337344
6841,1.308672
6842,1.380352
6843,1.317888
6844,1.308672
6845,1.329152
6846,1.333248
6847,1.316864
6848,1.377280
6849,1.312768
6850,1.347584
6851,1.324032
6852,1.335296
6853,1.348608
6854,1.349632
6855,1.363968
6856,1.343488
6857,1.359872
6858,1.347584
6859,1.388544
6860,1.314816
6861,1.345536
6862,1.364992
6863,1.297408
6864,1.311744
6865,1.345536
6866,1.371136
6867,1.360896
6868,1.317888
6869,1.363968
6870,1.351680
6871,1.362944
6872,1.364992
6873,1.348608
6874,1.308672
6875,1.381376
6876,1.354752
6877,1.374208
6878,1.369088
6879,1.327104
6880,1.091584
6881,0.658432
6882,1.445888
6883,1.373184
6884,1.306624
6885,1.323008
6886,1.274880
6887,1.259520
6888,1.392640
6889,1.373184
6890,1.363968
6891,1.367040
6892,1.345536
6893,1.311744
6894,1.307648
6895,1.340416
6896,1.331200
6897,1.293312
6898,1.382400
6899,1.345536
6900,1.331200
6901,1.340416
6902,1.341440
6903,1.338368
6904,1.358848
6905,1.300480
6906,1.293312
6907,1.320960
6908,1.299456
6909,1.384448
6910,1.369088
6911,1.363968
6912,1.344512
6913,1.328128
6914,1.362944
6915,1.340416
6916,1.393664
6917,1.337344
6918,1.305600
6919,1.374208
6920,1.320960
6921,1.374208
6922,1.335296
6923,1.300480
6924,1.347584
6925,1.292288
6926,1.377280
6927,0.803840
6928,0.610304
6929,0.600064
6930,0.599040
6931,0.587776
6932,0.584704
6933,0.567296
6934,0.563200
6935,1.434624
6936,1.342464
6937,1.338368
6938,1.303552
6939,1.329152
6940,1.330176
6941,1.291264
6942,1.304576
6943,1.335296
6944,1.319936
6945,1.332224
6946,1.315840
6947,1.317888
6948,1.306624
6949,1.332224
6950,1.340416
6951,1.381376
6952,1.350656
6953,1.311744
6954,1.345536
6955,1.349632
6956,1.332224
6957,1.328128
6958,1.347584
6959,1.315840
6960,1.347584
6961,1.398784
6962,1.306624
6963,1.291264
6964,1.317888
6965,1.343488
6966,1.262592
6967,1.383424
6968,1.333248
6969,1.339392
6970,1.388544
6971,1.357824
6972,1.381376
6973,1.349632
6974,1.341440
6975,1.341440
6976,1.346560
6977,1.352704
6978,1.324032
6979,1.310720
6980,1.186816
6981,1.182720
6982,1.228800
6983,1.213440
6984,1.321984
6985,1.311744
6986,1.271808
6987,1.379328
6988,1.356800
6989,1.363968
6990,1.317888
6991,1.340416
6992,1.370112
6993,1.353728
6994,1.319936
6995,1.370112
6996,1.355776
6997,1.339392
6998,1.354752
6999,1.362944
7000,1.305600
7001,1.337344
7002,1.329152
7003,1.355776
7004,1.274880
7005,1.351680
7006,1.360896
7007,1.335296
7008,1.347584
7009,1.327104
7010,1.340416
7011,1.353728
7012,1.320960
7013,1.312768
7014,1.311744
7015,1.323008
7016,1.311744
7017,1.350656
7018,1.320960
7019,1.375232
7020,1.353728
7021,1.366016
7022,1.382400
7023,1.397760
7024,1.319936
7025,1.343488
7026,0.883712
7027,0.655360
7028,1.326080
7029,1.210368
7030,1.306624
7031,1.341440
7032,1.362944
7033,1.405952
7034,1.363968
7035,1.346560
7036,1.331200
7037,1.348608
7038,1.382400
7039,1.335296
7040,1.336320
7041,1.376256
7042,1.384448
7043,1.358848
7044,1.357824
7045,1.360896
7046,1.331200
7047,1.309696
7048,1.316864
7049,1.353728
7050,1.336320
7051,1.305600
7052,1.350656
7053,1.346560
7054,1.320960
7055,1.371136
7056,1.368064
7057,1.346560
7058,1.323008
7059,1.286144
7060,1.354752
7061,1.346560
7062,1.329152
7063,1.348608
7064,1.358848
7065,1.313792
7066,1.298432
7067,1.284096
7068,1.312768
7069,1.355776
7070,1.342464
7071,1.308672
7072,1.254400
7073,0.841728
7074,0.655360
7075,0.606208
7076,0.604160
7077,0.609280
7078,0.598016
7079,1.368064
7080,1.276928
7081,1.311744
7082,1.296384
7083,1.314816
7084,1.317888
7085,1.346560
7086,1.321984
7087,1.370112
7088,1.358848
7089,1.377280
7090,1.355776
7091,1.394688
7092,1.318912
7093,1.302528
7094,1.307648
7095,1.329152
7096,1.358848
7097,1.315840
7098,1.312768
7099,1.362944
7100,1.323008
7101,1.355776
7102,1.333248
7103,1.313792
7104,1.342464
7105,1.316864
7106,1.313792
7107,1.332224
7108,1.386496
7109,1.347584
7110,1.335296
7111,1.332224
7112,1.316864
7113,1.376256
7114,1.289216
7115,1.310720
7116,1.351680
7117,1.375232
7118,1.362944
7119,1.344512
7120,1.336320
7121,1.318912
7122,1.318912
7123,1.242112
7124,1.318912
7125,1.131520
7126,1.353728
7127,1.330176
7128,1.309696
7129,1.378304
7130,1.334272
7131,1.342464
7132,1.307648
7133,1.327104
7134,1.309696
7135,1.330176
7136,1.344512
7137,1.316864
7138,1.330176
7139,1.308672
7140,1.373184
7141,1.375232
7142,1.357824
7143,1.301504
7144,1.330176
7145,1.339392
7146,1.313792
7147,1.350656
7148,1.453056
7149,1.333248
7150,1.364992
7151,1.295360
7152,1.307648
7153,1.327104
7154,1.352704
7155,1.313792
7156,1.340416
7157,1.344512
7158,1.362944
7159,1.349632
7160,1.364992
7161,1.382400
7162,1.316864
7163,1.315840
7164,1.299456
7165,1.352704
7166,1.329152
7167,1.352704
7168,1.313792
7169,1.029120
7170,0.678912
7171,0.619520
7172,0.598016
7173,0.589824
7174,0.580608
7175,0.570368
7176,0.564224
7177,1.339392
7178,1.394688
7179,1.416192
7180,1.371136
7181,1.335296
7182,1.319936
7183,1.374208
7184,1.299456
7185,1.356800
7186,1.343488
7187,1.339392
7188,1.363968
7189,1.277952
7190,1.289216
7191,1.324032
7192,1.359872
7193,1.311744
7194,1.368064
7195,1.379328
7196,1.348608
7197,1.316864
7198,1.300480
7199,1.314816
7200,1.317888
7201,1.305600
7202,1.302528
7203,1.344512
7204,1.341440
7205,1.360896
7206,1.363968
7207,1.346560
7208,1.316864
7209,1.326080
7210,1.309696
7211,1.324032
7212,1.309696
7213,1.323008
7214,1.340416
7215,1.330176
7216,1.360896
7217,1.376256
7218,1.337344
7219,1.341440
7220,1.344512
7221,1.265664
7222,1.367040
7223,1.315840
7224,1.313792
7225,1.308672
7226,1.292288
7227,1.311744
7228,1.326080
7229,1.370112
7230,1.347584
7231,1.354752
7232,1.339392
7233,1.318912
7234,1.168384
7235,1.309696
7236,1.303552
7237,1.299456
7238,1.310720
7239,1.317888
7240,1.384448
7241,1.328128
7242,1.325056
7243,1.340416
7244,1.357824
7245,1.324032
7246,1.342464
7247,1.324032
7248,1.352704
7249,1.349632
7250,1.348608
7251,1.334272
7252,1.304576
7253,1.356800
7254,1.367040
7255,1.349632
7256,1.355776
7257,1.389568
7258,1.337344
7259,1.375232
7260,1.367040
7261,1.355776
7262,1.349632
7263,1.359872
7264,1.331200
7265,1.343488
7266,1.252352
7267,0.973824
7268,0.634880
7269,0.605184
7270,0.600064
7271,0.596992
7272,0.593920
7273,1.353728
7274,1.297408
7275,1.347584
7276,1.285120
7277,1.315840
7278,1.294336
7279,1.293312
7280,1.359872
7281,1.343488
7282,1.332224
7283,1.341440
7284,1.340416
7285,1.357824
7286,1.339392
7287,1.350656
7288,1.381376
7289,1.355776
7290,1.315840
7291,1.285120
7292,1.342464
7293,1.384448
7294,1.331200
7295,1.352704
7296,1.328128
7297,1.350656
7298,1.340416
7299,1.353728
7300,1.343488
7301,1.336320
7302,1.270784
7303,1.317888
7304,1.321984
7305,1.356800
7306,1.326080
7307,1.310720
7308,1.342464
7309,1.354752
7310,1.376256
7311,1.285120
7312,1.294336
7313,1.359872
7314,1.379328
7315,1.363968
7316,1.393664
7317,1.202176
7318,1.251328
7319,1.229824
7320,1.367040
7321,1.344512
7322,1.353728
7323,1.332224
7324,1.304576
7325,1.268736
7326,1.312768
7327,1.307648
7328,1.340416
7329,1.395712
7330,1.295360
7331,1.363968
7332,1.359872
7333,1.291264
7334,1.303552
7335,1.336320
7336,1.320960
7337,1.362944
7338,1.396736
7339,1.345536
7340,1.327104
7341,1.344512
7342,1.276928
7343,1.290240
7344,1.376256
7345,1.300480
7346,1.293312
7347,1.311744
7348,1.338368
7349,1.352704
7350,1.320960
7351,1.330176
7352,1.377280
7353,1.385472
7354,1.284096
7355,1.336320
7356,1.335296
7357,1.337344
7358,1.342464
7359,1.298432
7360,1.371136
7361,1.373184
7362,1.317888
7363,1.207296
7364,0.708608
7365,0.602112
7366,1.379328
7367,1.366016
7368,1.313792
7369,1.280000
7370,1.271808
7371,1.298432
7372,1.308672
7373,1.336320
7374,1.359872
7375,1.325056
7376,1.289216
7377,1.320960
7378,1.328128
7379,1.316864
7380,1.324032
7381,1.361920
7382,1.304576
7383,1.337344
7384,1.345536
7385,1.298432
7386,1.353728
7387,1.347584
7388,1.317888
7389,1.347584
7390,1.316864
7391,1.278976
7392,1.321984
7393,1.340416
7394,1.323008
7395,1.333248
7396,1.351680
7397,1.346560
7398,1.338368
7399,1.327104
7400,1.350656
7401,1.341440
7402,1.355776
7403,1.372160
7404,1.331200
7405,1.361920
7406,1.358848
7407,1.346560
7408,1.356800
7409,1.321984
7410,1.314816
7411,1.072128
7412,1.246208
7413,1.145856
7414,1.316864
7415,1.332224
7416,1.349632
7417,1.318912
7418,1.334272
7419,1.353728
7420,1.305600
7421,1.326080
7422,1.326080
7423,1.367040
7424,1.329152
7425,1.357824
7426,1.305600
7427,1.294336
7428,1.332224
7429,1.321984
7430,1.310720
7431,1.338368
7432,1.288192
7433,1.349632
7434,1.334272
7435,1.320960
7436,1.358848
7437,1.326080
7438,1.436672
7439,1.312768
7440,1.316864
7441,1.318912
7442,1.343488
7443,1.369088
7444,1.358848
7445,1.346560
7446,1.394688
7447,1.405952
7448,1.335296
7449,1.357824
7450,1.333248
7451,1.316864
7452,1.376256
7453,1.312768
7454,1.299456
7455,1.342464
7456,1.359872
7457,1.287168
7458,1.170432
7459,1.244160
7460,1.299456
7461,1.354752
7462,1.273856
7463,1.294336
7464,1.284096
7465,1.278976
7466,1.331200
7467,1.310720
7468,1.363968
7469,1.344512
7470,1.305600
7471,1.287168
7472,1.335296
7473,1.345536
7474,1.302528
7475,1.308672
7476,1.350656
7477,1.367040
7478,1.302528
7479,1.312768
7480,1.296384
7481,1.272832
7482,1.336320
7483,1.273856
7484,1.356800
7485,1.350656
7486,1.318912
7487,1.353728
7488,1.340416
7489,1.339392
7490,1.336320
7491,1.325056
7492,1.323008
7493,1.339392
7494,1.311744
7495,1.327104
7496,1.379328
7497,1.371136
7498,1.372160
7499,1.400832
7500,1.299456
7501,1.333248
7502,1.364992
7503,1.220608
7504,0.816128
7505,0.628736
7506,0.605184
7507,0.587776
7508,1.394688
7509,1.351680
7510,1.327104
7511,1.259520
7512,1.330176
7513,1.339392
7514,1.320960
7515,1.312768
7516,1.367040
7517,1.363968
7518,1.329152
7519,1.366016
7520,1.290240
7521,1.344512
7522,1.355776
7523,1.354752
7524,1.351680
7525,1.292288
7526,1.357824
7527,1.357824
7528,1.343488
7529,1.343488
7530,1.356800
7531,1.297408
7532,1.342464
7533,1.402880
7534,1.330176
7535,1.344512
7536,1.342464
7537,1.383424
7538,1.300480
7539,1.323008
7540,1.297408
7541,1.306624
7542,1.381376
7543,1.356800
7544,1.326080
7545,1.374208
7546,1.359872
7547,1.394688
7548,1.395712
7549,1.345536
7550,1.348608
7551,1.354752
7552,1.318912
7553,0.878592
7554,0.647168
7555,0.620544
7556,0.611328
7557,0.592896
7558,0.586752
7559,0.560128
7560,0.547840
7561,1.286144
7562,1.386496
7563,1.364992
7564,1.413120
7565,1.345536
7566,1.332224
7567,1.341440
7568,1.325056
7569,1.328128
7570,1.318912
7571,1.366016
7572,1.412096
7573,1.313792
7574,1.368064
7575,1.335296
7576,1.340416
7577,1.330176
7578,1.341440
7579,1.317888
7580,1.318912
7581,1.326080
7582,1.332224
7583,1.326080
7584,1.384448
7585,1.319936
7586,1.396736
7587,1.343488
7588,1.356800
7589,1.378304
7590,1.330176
7591,1.341440
7592,1.300480
7593,1.380352
7594,1.342464
7595,1.364992
7596,1.362944
7597,1.321984
7598,1.375232
7599,1.347584
7600,1.296384
7601,1.319936
7602,1.356800
7603,1.393664
7604,1.339392
7605,0.937984
7606,1.411072
7607,1.362944
7608,1.339392
7609,1.317888
7610,1.352704
7611,1.341440
7612,1.300480
7613,1.374208
7614,1.276928
7615,1.335296
7616,1.341440
7617,1.376256
7618,1.411072
7619,1.283072
7620,1.324032
7621,1.384448
7622,1.368064
7623,1.334272
7624,1.409024
7625,1.327104
7626,1.308672
7627,1.399808
7628,1.391616
7629,1.352704
7630,1.392640
7631,1.346560
7632,1.377280
7633,1.360896
7634,1.383424
7635,1.337344
7636,1.337344
7637,1.335296
7638,1.394688
7639,1.332224
7640,1.290240
7641,1.412096
7642,1.376256
7643,1.372160
7644,1.363968
7645,1.328128
7646,1.357824
7647,1.305600
7648,1.314816
7649,1.321984
7650,1.268736
7651,0.994304
7652,1.314816
7653,1.197056
7654,1.339392
7655,1.342464
7656,1.343488
7657,1.345536
7658,1.355776
7659,1.341440
7660,1.323008
7661,1.331200
7662,1.356800
7663,1.325056
7664,1.331200
7665,1.329152
7666,1.334272
7667,1.334272
7668,1.349632
7669,1.349632
7670,1.346560
7671,1.325056
7672,1.340416
7673,1.379328
7674,1.310720
7675,1.349632
7676,1.339392
7677,1.346560
7678,1.343488
7679,1.348608
7680,1.362944
7681,1.355776
7682,1.324032
7683,1.362944
7684,1.306624
7685,1.360896
7686,1.337344
7687,1.341440
7688,1.328128
7689,1.317888
7690,1.371136
7691,1.389568
7692,1.323008
7693,1.301504
7694,1.301504
7695,1.317888
7696,1.256448
7697,0.862208
7698,0.663552
7699,0.633856
7700,0.622592
7701,0.615424
7702,0.599040
7703,0.588800
7704,1.387520
7705,1.338368
7706,1.281024
7707,1.372160
7708,1.292288
7709,1.307648
7710,1.354752
7711,1.352704
7712,1.288192
7713,1.381376
7714,1.339392
7715,1.399808
7716,1.321984
7717,1.372160
7718,1.327104
7719,1.336320
7720,1.329152
7721,1.315840
7722,1.315840
7723,1.367040
7724,1.363968
7725,1.326080
7726,1.348608
7727,1.336320
7728,1.339392
7729,1.348608
7730,1.277952
7731,1.323008
7732,1.347584
7733,1.282048
7734,1.312768
7735,1.301504
7736,1.323008
7737,1.350656
7738,1.387520
7739,1.357824
7740,1.344512
7741,1.291264
7742,1.378304
7743,1.326080
7744,1.370112
7745,1.374208
7746,1.343488
7747,1.339392
7748,1.147904
7749,0.801792
7750,0.732160
7751,0.638976
7752,0.609280
7753,0.600064
7754,0.578560
7755,1.404928
7756,1.372160
7757,1.364992
7758,1.324032
7759,1.324032
7760,1.327104
7761,1.389568
7762,1.341440
7763,1.317888
7764,1.334272
7765,1.341440
7766,1.395712
7767,1.335296
7768,1.328128
7769,1.334272
7770,1.342464
7771,1.396736
7772,1.328128
7773,1.337344
7774,1.289216
7775,1.300480
7776,1.348608
7777,1.383424
7778,1.387520
7779,1.378304
7780,1.259520
7781,1.311744
7782,1.326080
7783,1.355776
7784,1.391616
7785,1.340416
7786,1.343488
7787,1.294336
7788,1.349632
7789,1.344512
7790,1.313792
7791,1.327104
7792,1.336320
7793,1.324032
7794,1.363968
7795,1.350656
7796,1.336320
7797,1.343488
7798,1.356800
7799,1.118208
7800,1.314816
7801,1.148928
7802,1.349632
7803,1.383424
7804,1.358848
7805,1.329152
7806,1.391616
7807,1.333248
7808,1.325056
7809,1.271808
7810,1.342464
7811,1.364992
7812,1.333248
7813,1.337344
7814,1.373184
7815,1.349632
7816,1.361920
7817,1.329152
7818,1.390592
7819,1.343488
7820,1.319936
7821,1.329152
7822,1.326080
7823,1.366016
7824,1.314816
7825,1.310720
7826,1.373184
7827,1.354752
7828,1.394688
7829,1.324032
7830,1.328128
7831,1.273856
7832,1.329152
7833,1.310720
7834,1.308672
7835,1.312768
7836,1.345536
7837,1.340416
7838,1.377280
7839,1.343488
7840,1.326080
7841,1.340416
7842,1.371136
7843,1.341440
7844,1.341440
7845,0.978944
7846,0.736256
7847,0.621568
7848,0.613376
7849,0.607232
7850,0.606208
7851,1.398784
7852,1.397760
7853,1.398784
7854,1.332224
7855,1.353728
7856,1.361920
7857,1.372160
7858,1.316864
7859,1.372160
7860,1.389568
7861,1.395712
7862,1.352704
7863,1.325056
7864,1.318912
7865,1.317888
7866,1.330176
7867,1.280000
7868,1.305600
7869,1.368064
7870,1.371136
7871,1.316864
7872,1.358848
7873,1.359872
7874,1.363968
7875,1.366016
7876,1.301504
7877,1.390592
7878,1.333248
7879,1.289216
7880,1.303552
7881,1.341440
7882,1.302528
7883,1.307648
7884,1.369088
7885,1.311744
7886,1.386496
7887,1.340416
7888,1.309696
7889,1.352704
7890,1.355776
7891,1.299456
7892,1.300480
7893,1.335296
7894,1.351680
7895,1.076224
7896,0.709632
7897,0.669696
7898,0.662528
7899,0.660480
7900,0.616448
7901,0.580608
7902,1.445888
7903,1.368064
7904,1.387520
7905,1.363968
7906,1.387520
7907,1.359872
7908,1.370112
7909,1.315840
7910,1.356800
7911,1.313792
7912,1.306624
7913,1.306624
7914,1.393664
7915,1.343488
7916,1.362944
7917,1.339392
7918,1.345536
7919,1.329152
7920,1.360896
7921,1.395712
7922,1.401856
7923,1.329152
7924,1.396736
7925,1.341440
7926,1.357824
7927,1.310720
7928,1.378304
7929,1.379328
7930,1.378304
7931,1.373184
7932,1.306624
7933,1.329152
7934,1.351680
7935,1.357824
7936,1.345536
7937,1.370112
7938,1.341440
7939,1.358848
7940,1.348608
7941,1.379328
7942,1.345536
7943,1.349632
7944,1.388544
7945,1.328128
7946,1.259520
7947,1.186816
7948,1.342464
7949,1.359872
7950,1.324032
7951,1.319936
7952,1.295360
7953,1.346560
7954,1.334272
7955,1.345536
7956,1.311744
7957,1.334272
7958,1.308672
7959,1.347584
7960,1.305600
7961,1.370112
7962,1.351680
7963,1.320960
7964,1.318912
7965,1.302528
7966,1.353728
7967,1.352704
7968,1.293312
7969,1.381376
7970,1.302528
7971,1.327104
7972,1.306624
7973,1.352704
7974,1.395712
7975,1.313792
7976,1.302528
7977,1.254400
7978,1.345536
7979,1.385472
7980,1.339392
7981,1.377280
7982,1.357824
7983,1.332224
7984,1.356800
7985,1.318912
7986,1.351680
7987,1.296384
7988,1.368064
7989,1.288192
7990,1.367040
7991,1.251328
7992,1.198080
7993,1.325056
7994,1.339392
7995,1.266688
7996,1.344512
7997,1.302528
7998,1.304576
7999,1.310720
8000,1.325056
8001,1.342464
8002,1.325056
8003,1.315840
8004,1.339392
8005,1.334272
8006,1.276928
8007,1.305600
8008,1.346560
8009,1.328128
8010,1.290240
8011,1.359872
8012,1.341440
8013,1.331200
8014,1.290240
8015,1.320960
8016,1.355776
8017,1.351680
8018,1.307648
8019,1.359872
8020,1.378304
8021,1.350656
8022,1.284096
8023,1.354752
8024,1.318912
8025,1.349632
8026,1.370112
8027,1.327104
8028,1.374208
8029,1.314816
8030,1.316864
8031,1.311744
8032,1.313792
8033,1.402880
8034,1.312768
8035,1.310720
8036,1.209344
8037,0.755712
8038,0.618496
8039,0.609280
8040,0.590848
8041,0.585728
8042,0.567296
8043,1.429504
8044,1.390592
8045,1.321984
8046,1.374208
8047,1.288192
8048,1.326080
8049,1.371136
8050,1.386496
8051,1.347584
8052,1.387520
8053,1.314816
8054,1.353728
8055,1.392640
8056,1.353728
8057,1.324032
8058,1.307648
8059,1.323008
8060,1.367040
8061,1.351680
8062,1.353728
8063,1.323008
8064,1.323008
8065,1.340416
8066,1.363968
8067,1.311744
8068,1.327104
8069,1.304576
8070,1.335296
8071,1.341440
8072,1.371136
8073,1.341440
8074,1.503232
8075,1.304576
8076,1.375232
8077,1.335296
8078,1.318912
8079,1.416192
8080,1.366016
8081,1.307648
8082,1.326080
8083,1.329152
8084,1.330176
8085,1.352704
8086,1.349632
8087,1.267712
8088,0.703488
8089,1.363968
8090,1.299456
8091,1.299456
8092,1.329152
8093,1.347584
8094,1.284096
8095,1.374208
8096,1.333248
8097,1.355776
8098,1.377280
8099,1.355776
8100,1.351680
8101,1.339392
8102,1.345536
8103,1.372160
8104,1.336320
8105,1.344512
8106,1.314816
8107,1.302528
8108,1.332224
8109,1.346560
8110,1.345536
8111,1.370112
8112,1.334272
8113,1.342464
8114,1.348608
8115,1.375232
8116,1.334272
8117,1.331200
8118,1.362944
8119,1.342464
8120,1.380352
8121,1.496064
8122,1.327104
8123,1.310720
8124,1.379328
8125,1.335296
8126,1.311744
8127,1.326080
8128,1.370112
8129,1.367040
8130,1.343488
8131,1.368064
8132,1.384448
8133,1.054720
8134,0.749568
8135,1.318912
8136,1.258496
8137,1.284096
8138,1.344512
8139,1.371136
8140,1.349632
8141,1.340416
8142,1.369088
8143,1.315840
8144,1.310720
8145,1.385472
8146,1.307648
8147,1.343488
8148,1.367040
8149,1.340416
8150,1.351680
8151,1.374208
8152,1.258496
8153,1.328128
8154,1.329152
8155,1.339392
8156,1.314816
8157,1.326080
8158,1.355776
8159,1.311744
8160,1.293312
8161,1.324032
8162,1.301504
8163,1.321984
8164,1.300480
8165,1.349632
8166,1.349632
8167,1.338368
8168,1.304576
8169,1.382400
8170,1.332224
8171,1.305600
8172,1.320960
8173,1.309696
8174,1.306624
8175,1.341440
8176,1.342464
8177,1.317888
8178,1.368064
8179,1.351680
8180,1.231872
8181,0.752640
8182,0.674816
8183,0.596992
8184,0.579584
8185,0.570368
8186,1.424384
8187,1.395712
8188,1.382400
8189,1.305600
8190,1.346560
8191,1.377280
8192,1.350656
8193,1.319936
8194,1.312768
8195,1.367040
8196,1.370112
8197,1.334272
8198,1.305600
8199,1.316864
8200,1.330176
8201,1.335296
8202,1.310720
8203,1.355776
8204,1.309696
8205,1.350656
8206,1.323008
8207,1.309696
8208,1.345536
8209,1.332224
8210,1.304576
8211,1.295360
8212,1.351680
8213,1.344512
8214,1.364992
8215,1.331200
8216,1.348608
8217,1.351680
8218,1.217536
8219,1.366016
8220,1.335296
8221,1.358848
8222,1.340416
8223,1.352704
8224,1.336320
8225,1.347584
8226,1.329152
8227,1.296384
8228,1.354752
8229,1.275904
8230,1.265664
8231,1.323008
8232,1.132544
8233,1.327104
8234,1.359872
8235,1.308672
8236,1.342464
8237,1.307648
8238,1.335296
8239,1.321984
8240,1.370112
8241,1.331200
8242,1.345536
8243,1.364992
8244,1.336320
8245,1.363968
8246,1.296384
8247,1.359872
8248,1.353728
8249,1.323008
8250,1.351680
8251,1.348608
8252,1.349632
8253,1.350656
8254,1.351680
8255,1.327104
8256,1.341440
8257,1.312768
8258,1.292288
8259,1.323008
8260,1.333248
8261,1.373184
8262,1.370112
8263,1.340416
8264,1.524736
8265,1.383424
8266,1.330176
8267,1.305600
8268,1.338368
8269,1.355776
8270,1.359872
8271,1.313792
8272,1.323008
8273,1.304576
8274,1.346560
8275,1.272832
8276,0.926720
8277,0.722944
8278,0.590848
8279,0.594944
8280,0.593920
8281,0.591872
8282,0.562176
8283,0.557056
8284,1.378304
8285,1.354752
8286,1.294336
8287,1.335296
8288,1.309696
8289,1.329152
8290,1.327104
8291,1.360896
8292,1.314816
8293,1.357824
8294,1.357824
8295,1.343488
8296,1.355776
8297,1.332224
8298,1.306624
8299,1.368064
8300,1.338368
8301,1.360896
8302,1.334272
8303,1.336320
8304,1.301504
8305,1.313792
8306,1.332224
8307,1.300480
8308,1.367040
8309,1.413120
8310,1.336320
8311,1.357824
8312,1.291264
8313,1.349632
8314,1.302528
8315,1.313792
8316,1.321984
8317,1.382400
8318,1.359872
8319,1.381376
8320,1.339392
8321,1.342464
8322,1.395712
8323,1.410048
8324,1.339392
8325,1.347584
8326,1.364992
8327,1.394688
8328,1.180672
8329,0.901120
8330,0.636928
8331,1.419264
8332,1.404928
8333,1.331200
8334,1.361920
8335,1.354752
8336,1.312768
8337,1.315840
8338,1.274880
8339,1.293312
8340,1.333248
8341,1.337344
8342,1.296384
8343,1.306624
8344,1.368064
8345,1.374208
8346,1.335296
8347,1.389568
8348,1.355776
8349,1.332224
8350,1.317888
8351,1.300480
8352,1.317888
8353,1.325056
8354,1.358848
8355,1.284096
8356,1.345536
8357,1.346560
8358,1.374208
8359,1.376256
8360,1.353728
8361,1.359872
8362,1.306624
8363,1.339392
8364,1.332224
8365,1.355776
8366,1.336320
8367,1.330176
8368,1.316864
8369,1.386496
8370,1.383424
8371,1.388544
8372,1.318912
8373,1.321984
8374,1.314816
8375,1.177600
8376,0.769024
8377,0.695296
8378,0.637952
8379,1.463296
8380,1.375232
8381,1.380352
8382,1.315840
8383,1.351680
8384,1.355776
8385,1.372160
8386,1.402880
8387,1.350656
8388,1.312768
8389,1.292288
8390,1.350656
8391,1.323008
8392,1.340416
8393,1.338368
8394,1.349632
8395,1.357824
8396,1.287168
8397,1.341440
8398,1.336320
8399,1.392640
8400,1.307648
8401,1.360896
8402,1.301504
8403,1.341440
8404,1.337344
8405,1.374208
8406,1.339392
8407,1.332224
8408,1.320960
8409,1.346560
8410,1.381376
8411,1.327104
8412,1.309696
8413,1.260544
8414,1.339392
8415,1.345536
8416,1.316864
8417,1.361920
8418,1.345536
8419,1.363968
8420,1.373184
8421,1.388544
8422,1.327104
8423,1.172480
8424,1.164288
8425,1.274880
8426,1.260544
8427,1.329152
8428,1.345536
8429,1.346560
8430,1.204224
8431,1.260544
8432,1.297408
8433,1.352704
8434,1.324032
8435,1.317888
8436,1.312768
8437,1.330176
8438,1.323008
8439,1.326080
8440,1.317888
8441,1.303552
8442,1.324032
8443,1.299456
8444,1.330176
8445,1.326080
8446,1.382400
8447,1.355776
8448,1.337344
8449,1.357824
8450,1.307648
8451,1.357824
8452,1.320960
8453,1.326080
8454,1.338368
8455,1.375232
8456,1.314816
8457,1.402880
8458,1.349632
8459,1.343488
8460,1.311744
8461,1.342464
8462,1.325056
8463,1.327104
8464,1.348608
8465,1.369088
8466,1.335296
8467,1.326080
8468,1.264640
8469,0.852992
8470,0.656384
8471,0.610304
8472,1.330176
8473,1.247232
8474,1.334272
8475,1.339392
8476,1.334272
8477,1.336320
8478,1.357824
8479,1.310720
8480,1.399808
8481,1.316864
8482,1.360896
8483,1.296384
8484,1.353728
8485,1.235968
8486,1.277952
8487,1.333248
8488,1.319936
8489,1.340416
8490,1.262592
8491,1.312768
8492,1.273856
8493,1.312768
8494,1.321984
8495,1.351680
8496,1.323008
8497,1.298432
8498,1.357824
8499,1.336320
8500,1.331200
8501,1.337344
8502,1.354752
8503,1.358848
8504,1.364992
8505,1.373184
8506,1.390592
8507,1.359872
8508,1.373184
8509,1.314816
8510,1.302528
8511,1.288192
8512,1.314816
8513,1.303552
8514,1.306624
8515,1.314816
8516,1.269760
8517,0.995328
8518,0.717824
8519,0.667648
8520,0.614400
8521,0.589824
8522,1.348608
8523,1.352704
8524,1.304576
8525,1.295360
8526,1.293312
8527,1.339392
8528,1.326080
8529,1.355776
8530,1.393664
8531,1.329152
8532,1.315840
8533,1.387520
8534,1.354752
8535,1.307648
8536,1.396736
8537,1.315840
8538,1.311744
8539,1.278976
8540,1.321984
8541,1.291264
8542,1.343488
8543,1.320960
8544,1.358848
8545,1.360896
8546,1.310720
8547,1.371136
8548,1.338368
8549,1.323008
8550,1.364992
8551,1.335296
8552,1.307648
8553,1.338368
8554,1.325056
8555,1.357824
8556,1.318912
8557,1.391616
8558,1.326080
8559,1.371136
8560,1.293312
8561,1.379328
8562,1.330176
8563,1.363968
8564,1.356800
8565,1.308672
8566,1.349632
8567,1.097728
8568,1.326080
8569,1.269760
8570,1.314816
8571,1.477632
8572,1.331200
8573,1.306624
8574,1.309696
8575,1.342464
8576,1.318912
8577,1.357824
8578,1.383424
8579,1.285120
8580,1.327104
8581,1.354752
8582,1.301504
8583,1.364992
8584,1.349632
8585,1.364992
8586,1.373184
8587,1.359872
8588,1.307648
8589,1.355776
8590,1.347584
8591,1.336320
8592,1.354752
8593,1.335296
8594,1.312768
8595,1.378304
8596,1.352704
8597,1.395712
8598,1.357824
8599,1.331200
8600,1.325056
8601,1.364992
8602,1.341440
8603,1.364992
8604,1.347584
8605,1.369088
8606,1.331200
8607,1.331200
8608,1.338368
8609,1.294336
8610,1.319936
8611,1.340416
8612,1.273856
8613,0.847872
8614,0.616448
8615,0.613376
8616,0.603136
8617,0.601088
8618,0.594944
8619,1.367040
8620,1.325056
8621,1.291264
8622,1.319936
8623,1.336320
8624,1.333248
8625,1.346560
8626,1.297408
8627,1.338368
8628,1.394688
8629,1.369088
8630,1.272832
8631,1.314816
8632,1.380352
8633,1.373184
8634,1.318912
8635,1.290240
8636,1.386496
8637,1.353728
8638,1.344512
8639,1.362944
8640,1.383424
8641,1.363968
8642,1.366016
8643,1.335296
8644,1.368064
8645,1.351680
8646,1.335296
8647,1.379328
8648,1.324032
8649,1.328128
8650,1.334272
8651,1.313792
8652,1.336320
8653,1.358848
8654,1.326080
8655,1.357824
8656,1.343488
8657,1.340416
8658,1.345536
8659,1.353728
8660,1.301504
8661,1.323008
8662,1.370112
8663,1.133568
8664,1.137664
8665,1.428480
8666,1.346560
8667,1.368064
8668,1.345536
8669,1.309696
8670,1.372160
8671,1.346560
8672,1.333248
8673,1.333248
8674,1.342464
8675,1.359872
8676,1.319936
8677,1.385472
8678,1.366016
8679,1.339392
8680,1.355776
8681,1.385472
8682,1.325056
8683,1.341440
8684,1.332224
8685,1.350656
8686,1.317888
8687,1.314816
8688,1.356800
8689,1.300480
8690,1.326080
8691,1.357824
8692,1.292288
8693,1.337344
8694,1.362944
8695,1.338368
8696,1.333248
8697,1.355776
8698,1.364992
8699,1.315840
8700,1.313792
8701,1.372160
8702,1.282048
8703,1.333248
8704,1.374208
8705,1.320960
8706,1.342464
8707,1.370112
8708,1.344512
8709,1.218560
8710,1.178624
8711,1.089536
8712,1.316864
8713,1.325056
8714,1.341440
8715,1.336320
8716,1.326080
8717,1.309696
8718,1.347584
8719,1.340416
8720,1.298432
8721,1.388544
8722,1.356800
8723,1.351680
8724,1.392640
8725,1.342464
8726,1.370112
8727,1.423360
8728,1.401856
8729,1.342464
8730,1.336320
8731,1.382400
8732,1.430528
8733,1.328128
8734,1.299456
8735,1.334272
8736,1.381376
8737,1.413120
8738,1.383424
8739,1.333248
8740,1.388544
8741,1.310720
8742,1.348608
8743,1.318912
8744,1.343488
8745,1.344512
8746,1.294336
8747,1.373184
8748,1.354752
8749,1.344512
8750,1.356800
8751,1.364992
8752,1.376256
8753,1.259520
8754,0.884736
8755,0.750592
8756,0.667648
8757,0.651264
8758,1.408000
8759,1.390592
8760,1.308672
8761,1.311744
8762,1.334272
8763,1.278976
8764,1.389568
8765,1.366016
8766,1.368064
8767,1.338368
8768,1.308672
8769,1.364992
8770,1.351680
8771,1.363968
8772,1.351680
8773,1.328128
8774,1.378304
8775,1.292288
8776,1.317888
8777,1.349632
8778,1.357824
8779,1.337344
8780,1.337344
8781,1.592320
8782,1.335296
8783,1.387520
8784,1.362944
8785,1.333248
8786,1.391616
8787,1.355776
8788,1.371136
8789,1.289216
8790,1.390592
8791,1.303552
8792,1.353728
8793,1.332224
8794,1.349632
8795,1.318912
8796,1.283072
8797,1.299456
8798,1.532928
8799,1.253376
8800,1.289216
8801,1.276928
8802,1.188864
8803,0.845824
8804,1.377280
8805,1.385472
8806,1.397760
8807,1.340416
8808,1.324032
8809,1.351680
8810,1.336320
8811,1.380352
8812,1.351680
8813,1.368064
8814,1.348608
8815,1.329152
8816,1.387520
8817,1.332224
8818,1.358848
8819,1.282048
8820,1.367040
8821,1.312768
8822,1.330176
8823,1.379328
8824,1.328128
8825,1.366016
8826,1.327104
8827,1.375232
8828,1.333248
8829,1.335296
8830,1.307648
8831,1.383424
8832,1.335296
8833,1.325056
8834,1.300480
8835,1.326080
8836,1.378304
8837,1.274880
8838,1.355776
8839,1.358848
8840,1.374208
8841,1.376256
8842,1.336320
8843,1.357824
8844,1.386496
8845,1.355776
8846,1.329152
8847,1.309696
8848,1.339392
8849,1.270784
8850,1.193984
8851,1.350656
8852,1.357824
8853,1.318912
8854,1.313792
8855,1.345536
8856,1.291264
8857,1.317888
8858,1.370112
8859,1.344512
8860,1.326080
8861,1.343488
8862,1.314816
8863,1.346560
8864,1.320960
8865,1.334272
8866,1.348608
8867,1.349632
8868,1.286144
8869,1.359872
8870,1.346560
8871,1.343488
8872,1.342464
8873,1.350656
8874,1.342464
8875,1.335296
8876,1.314816
8877,1.357824
8878,1.356800
8879,1.344512
8880,1.293312
8881,1.301504
8882,1.315840
8883,1.326080
8884,1.319936
8885,1.354752
8886,1.350656
8887,1.316864
8888,1.327104
8889,1.367040
8890,1.328128
8891,1.314816
8892,1.306624
8893,1.316864
8894,1.095680
8895,0.654336
8896,0.623616
8897,1.333248
8898,1.217536
8899,1.333248
8900,1.344512
8901,1.363968
8902,1.323008
8903,1.326080
8904,1.369088
8905,1.316864
8906,1.355776
8907,1.355776
8908,1.362944
8909,1.359872
8910,1.353728
8911,1.335296
8912,1.264640
8913,1.317888
8914,1.326080
8915,1.346560
8916,1.300480
8917,1.408000
8918,1.362944
8919,1.306624
8920,1.375232
8921,1.362944
8922,1.366016
8923,1.335296
8924,1.368064
8925,1.362944
8926,1.377280
8927,1.348608
8928,1.327104
8929,1.326080
8930,1.356800
8931,1.326080
8932,1.302528
8933,1.358848
8934,1.375232
8935,1.308672
8936,1.351680
8937,1.336320
8938,1.304576
8939,1.343488
8940,1.360896
8941,1.254400
8942,1.358848
8943,1.283072
8944,1.321984
8945,1.323008
8946,1.345536
8947,1.316864
8948,1.327104
8949,1.323008
8950,1.364992
8951,1.386496
8952,1.395712
8953,1.332224
8954,1.282048
8955,1.343488
8956,1.308672
8957,1.330176
8958,1.382400
8959,1.314816
8960,1.352704
8961,1.301504
8962,1.353728
8963,1.344512
8964,1.358848
8965,1.336320
8966,1.362944
8967,1.343488
8968,1.327104
8969,1.299456
8970,1.311744
8971,1.341440
8972,1.343488
8973,1.354752
8974,1.332224
8975,1.351680
8976,1.354752
8977,1.361920
8978,1.389568
8979,1.332224
8980,1.356800
8981,1.331200
8982,1.309696
8983,1.339392
8984,1.347584
8985,1.342464
8986,1.291264
8987,1.210368
8988,1.271808
8989,1.290240
8990,1.372160
8991,1.369088
8992,1.341440
8993,1.325056
8994,1.313792
8995,1.333248
8996,1.298432
8997,1.334272
8998,1.312768
8999,1.332224
9000,1.377280
9001,1.335296
9002,1.352704
9003,1.332224
9004,1.347584
9005,1.347584
9006,1.324032
9007,1.328128
9008,1.392640
9009,1.302528
9010,1.377280
9011,1.306624
9012,1.301504
9013,1.326080
9014,1.306624
9015,1.357824
9016,1.332224
9017,1.340416
9018,1.392640
9019,1.350656
9020,1.384448
9021,1.341440
9022,1.346560
9023,1.331200
9024,1.355776
9025,1.366016
9026,1.348608
9027,1.375232
9028,1.392640
9029,1.316864
9030,1.315840
9031,1.285120
9032,1.058816
9033,1.296384
9034,1.229824
9035,1.296384
9036,1.319936
9037,1.328128
9038,1.344512
9039,1.342464
9040,1.389568
9041,1.296384
9042,1.288192
9043,1.353728
9044,1.360896
9045,1.262592
9046,1.401856
9047,1.349632
9048,1.245184
9049,1.341440
9050,1.334272
9051,1.282048
9052,1.278976
9053,1.320960
9054,1.324032
9055,1.295360
9056,1.271808
9057,1.291264
9058,1.321984
9059,1.309696
9060,1.289216
9061,1.303552
9062,1.331200
9063,1.302528
9064,1.273856
9065,1.323008
9066,1.308672
9067,1.290240
9068,1.316864
9069,1.290240
9070,1.315840
9071,1.313792
9072,1.302528
9073,1.287168
9074,1.313792
9075,1.315840
9076,1.307648
9077,1.325056
9078,1.259520
9079,1.095680
9080,1.349632
9081,1.312768
9082,1.332224
9083,1.290240
9084,1.294336
9085,1.255424
9086,1.389568
9087,1.339392
9088,1.282048
9089,1.305600
9090,1.320960
9091,1.343488
9092,1.318912
9093,1.295360
9094,1.288192
9095,1.261568
9096,1.335296
9097,1.297408
9098,1.253376
9099,1.267712
9100,1.269760
9101,1.300480
9102,1.317888
9103,1.285120
9104,1.277952
9105,1.323008
9106,1.321984
9107,1.302528
9108,1.339392
9109,1.229824
9110,1.271808
9111,1.250304
9112,1.296384
9113,1.300480
9114,1.270784
9115,1.318912
9116,1.313792
9117,1.308672
9118,1.331200
9119,1.316864
9120,1.276928
9121,1.285120
9122,1.379328
9123,2.748416
9124,2.563072
9125,0.660480
9126,0.628736
9127,0.615424
9128,0.603136
9129,0.579584
9130,1.359872
9131,1.332224
9132,1.340416
9133,1.304576
9134,1.300480
9135,1.311744
9136,1.304576
9137,1.301504
9138,1.318912
9139,1.332224
9140,1.325056
9141,1.345536
9142,1.382400
9143,1.385472
9144,1.143808
9145,1.335296
9146,1.348608
9147,1.265664
9148,1.265664
9149,1.275904
9150,1.298432
9151,1.244160
9152,3.758080
9153,1.344512
9154,1.262592
9155,1.318912
9156,1.334272
9157,2.362368
9158,1.362944
9159,1.369088
9160,1.336320
9161,1.302528
9162,2.292736
9163,3.634176
9164,1.321984
9165,1.320960
9166,1.283072
9167,1.343488
9168,1.315840
9169,1.274880
9170,1.253376
9171,0.727040
9172,0.609280
9173,0.600064
9174,0.594944
9175,0.590848
9176,0.590848
9177,0.572416
9178,0.568320
9179,1.367040
9180,1.355776
9181,1.346560
9182,1.307648
9183,1.334272
9184,1.306624
9185,1.296384
9186,1.281024
9187,1.276928
9188,1.299456
9189,1.334272
9190,1.319936
9191,1.345536
9192,1.296384
9193,1.308672
9194,1.283072
9195,1.303552
9196,1.333248
9197,1.310720
9198,1.288192
9199,1.287168
9200,1.338368
9201,1.299456
9202,1.326080
9203,1.339392
9204,1.346560
9205,1.359872
9206,1.326080
9207,1.354752
9208,1.353728
9209,1.323008
9210,1.348608
9211,1.298432
9212,1.355776
9213,1.298432
9214,1.403904
9215,1.325056
9216,1.317888
9217,1.278976
9218,1.278976
9219,1.294336
9220,1.313792
9221,1.341440
9222,1.309696
9223,1.330176
9224,1.170432
9225,0.716800
9226,0.646144
9227,0.634880
9228,0.627712
9229,1.324032
9230,1.261568
9231,1.235968
9232,1.244160
9233,1.303552
9234,1.344512
9235,1.318912
9236,1.313792
9237,1.289216
9238,1.335296
9239,1.287168
9240,1.274880
9241,1.263616
9242,1.314816
9243,1.313792
9244,1.295360
9245,1.318912
9246,1.308672
9247,1.325056
9248,1.316864
9249,1.317888
9250,1.319936
9251,1.288192
9252,1.336320
9253,1.323008
9254,1.301504
9255,1.331200
9256,1.316864
9257,1.292288
9258,1.321984
9259,1.333248
9260,1.326080
9261,1.368064
9262,1.327104
9263,1.332224
9264,1.315840
9265,1.326080
9266,1.308672
9267,1.345536
9268,1.292288
9269,1.277952
9270,1.293312
9271,1.324032
9272,1.328128
9273,1.307648
9274,1.293312
9275,1.306624
9276,1.245184
9277,1.303552
9278,1.310720
9279,1.300480
9280,1.295360
9281,1.351680
9282,1.274880
9283,1.330176
9284,1.231872
9285,1.274880
9286,1.270784
9287,1.276928
9288,1.276928
9289,1.329152
9290,1.304576
9291,1.386496
9292,1.250304
9293,1.305600
9294,1.260544
9295,1.306624
9296,1.320960
9297,1.285120
9298,1.271808
9299,1.300480
9300,1.298432
9301,1.318912
9302,1.284096
9303,1.300480
9304,1.305600
9305,1.302528
9306,1.314816
9307,1.301504
9308,1.371136
9309,1.346560
9310,1.306624
9311,1.328128
9312,1.294336
9313,1.280000
9314,1.259520
9315,1.295360
9316,1.306624
9317,1.298432
9318,1.320960
9319,1.336320
9320,1.338368
9321,1.223680
9322,0.824320
9323,0.783360
9324,0.773120
9325,0.631808
9326,0.781312
9327,0.600064
9328,1.333248
9329,1.280000
9330,1.296384
9331,1.246208
9332,1.343488
9333,1.307648
9334,1.320960
9335,1.312768
9336,1.321984
9337,1.289216
9338,1.298432
9339,1.312768
9340,1.372160
9341,1.341440
9342,1.314816
9343,1.372160
9344,1.359872
9345,1.319936
9346,1.315840
9347,1.301504
9348,1.264640
9349,1.313792
9350,1.325056
9351,1.291264
9352,1.309696
9353,1.316864
9354,1.352704
9355,1.272832
9356,1.311744
9357,1.331200
9358,1.290240
9359,1.325056
9360,1.294336
9361,1.378304
9362,1.349632
9363,1.329152
9364,1.364992
9365,1.363968
9366,1.314816
9367,1.311744
9368,1.272832
9369,1.326080
9370,1.327104
9371,1.272832
9372,1.332224
9373,1.276928
9374,1.038336
9375,0.743424
9376,0.699392
9377,0.665600
9378,0.660480
9379,0.750592
9380,1.276928
9381,1.336320
9382,1.308672
9383,1.294336
9384,1.284096
9385,1.328128
9386,1.327104
9387,1.291264
9388,1.291264
9389,1.335296
9390,1.303552
9391,1.287168
9392,1.347584
9393,1.330176
9394,1.284096
9395,1.333248
9396,1.380352
9397,1.374208
9398,1.293312
9399,1.335296
9400,1.311744
9401,1.333248
9402,1.351680
9403,1.295360
9404,1.255424
9405,1.372160
9406,1.345536
9407,1.338368
9408,1.314816
9409,1.327104
9410,1.328128
9411,1.291264
9412,1.324032
9413,1.307648
9414,1.284096
9415,1.319936
9416,1.317888
9417,1.295360
9418,1.329152
9419,1.335296
9420,1.345536
9421,1.298432
9422,1.340416
9423,1.349632
9424,1.343488
9425,1.141760
9426,0.901120
9427,1.232896
9428,1.250304
9429,1.263616
9430,1.305600
9431,1.299456
9432,1.276928
9433,1.288192
9434,1.308672
9435,1.362944
9436,1.317888
9437,1.289216
9438,1.304576
9439,1.316864
9440,1.318912
9441,1.285120
9442,1.287168
9443,1.308672
9444,1.352704
9445,1.330176
9446,1.320960
9447,1.311744
9448,1.314816
9449,1.287168
9450,1.337344
9451,1.334272
9452,1.298432
9453,1.277952
9454,1.358848
9455,1.336320
9456,1.223680
9457,1.251328
9458,1.299456
9459,1.265664
9460,1.271808
9461,1.393664
9462,1.235968
9463,1.321984
9464,1.283072
9465,1.345536
9466,1.338368
9467,1.317888
9468,1.351680
9469,1.325056
9470,1.321984
9471,1.324032
9472,1.328128
9473,1.251328
9474,1.281024
9475,1.258496
9476,1.317888
9477,1.301504
9478,1.334272
9479,1.332224
9480,1.313792
9481,1.319936
9482,1.280000
9483,1.251328
9484,1.302528
9485,1.338368
9486,1.355776
9487,1.299456
9488,1.286144
9489,1.312768
9490,1.349632
9491,1.340416
9492,1.351680
9493,1.273856
9494,1.284096
9495,1.320960
9496,1.317888
9497,1.323008
9498,1.266688
9499,1.296384
9500,1.309696
9501,1.308672
9502,1.295360
9503,1.285120
9504,1.308672
9505,1.272832
9506,1.342464
9507,1.312768
9508,1.300480
9509,1.297408
9510,1.331200
9511,1.264640
9512,1.360896
9513,1.307648
9514,1.291264
9515,1.333248
9516,1.335296
9517,1.312768
9518,1.298432
9519,1.280000
9520,1.145856
9521,0.889856
9522,1.203200
9523,1.213440
9524,1.302528
9525,1.324032
9526,1.278976
9527,1.300480
9528,1.318912
9529,1.305600
9530,1.331200
9531,1.308672
9532,1.304576
9533,1.293312
9534,1.327104
9535,1.338368
9536,1.295360
9537,1.346560
9538,1.317888
9539,1.292288
9540,1.306624
9541,1.301504
9542,1.300480
9543,1.342464
9544,1.328128
9545,1.289216
9546,1.349632
9547,1.314816
9548,1.336320
9549,1.337344
9550,1.359872
9551,1.314816
9552,1.294336
9553,1.344512
9554,1.327104
9555,1.317888
9556,1.304576
9557,1.307648
9558,1.308672
9559,1.301504
9560,1.288192
9561,1.273856
9562,1.321984
9563,1.257472
9564,1.331200
9565,1.307648
9566,1.324032
9567,1.341440
9568,1.227776
9569,0.970752
9570,0.772096
9571,0.694272
9572,1.236992
9573,1.137664
9574,1.331200
9575,1.344512
9576,1.357824
9577,1.320960
9578,1.320960
9579,1.339392
9580,1.361920
9581,1.327104
9582,1.326080
9583,1.282048
9584,1.300480
9585,1.265664
9586,1.326080
9587,1.349632
9588,1.289216
9589,1.325056
9590,1.344512
9591,1.289216
9592,1.296384
9593,1.300480
9594,1.290240
9595,1.303552
9596,1.299456
9597,1.341440
9598,1.317888
9599,1.293312
9600,1.327104
9601,1.286144
9602,1.335296
9603,1.285120
9604,1.290240
9605,1.348608
9606,1.309696
9607,1.304576
9608,1.335296
9609,1.331200
9610,1.338368
9611,1.304576
9612,1.350656
9613,1.340416
9614,1.292288
9615,1.266688
9616,1.303552
9617,1.297408
9618,1.203200
9619,1.280000
9620,1.202176
9621,1.305600
9622,1.328128
9623,1.339392
9624,1.334272
9625,1.359872
9626,1.311744
9627,1.323008
9628,1.274880
9629,1.308672
9630,1.328128
9631,1.294336
9632,1.333248
9633,1.288192
9634,1.275904
9635,1.368064
9636,1.311744
9637,1.349632
9638,1.284096
9639,1.337344
9640,1.321984
9641,1.304576
9642,1.306624
9643,1.286144
9644,1.310720
9645,1.332224
9646,1.308672
9647,1.311744
9648,1.334272
9649,1.308672
9650,1.370112
9651,1.311744
9652,1.321984
9653,1.334272
9654,1.287168
9655,1.314816
9656,1.296384
9657,1.299456
9658,1.291264
9659,1.281024
9660,1.326080
9661,1.343488
9662,1.367040
9663,1.308672
9664,1.241088
9665,1.028096
9666,0.916480
9667,0.763904
9668,0.668672
9669,0.628736
9670,0.609280
9671,0.584704
9672,1.356800
9673,1.281024
9674,1.301504
9675,1.290240
9676,1.323008
9677,1.292288
9678,1.372160
9679,1.315840
9680,1.277952
9681,1.307648
9682,1.330176
9683,1.275904
9684,1.321984
9685,1.339392
9686,1.349632
9687,1.313792
9688,1.310720
9689,1.337344
9690,1.348608
9691,1.361920
9692,1.325056
9693,1.319936
9694,1.318912
9695,1.272832
9696,1.293312
9697,1.308672
9698,1.321984
9699,1.328128
9700,1.329152
9701,1.299456
9702,1.320960
9703,1.320960
9704,1.333248
9705,1.329152
9706,1.298432
9707,1.318912
9708,1.312768
9709,1.324032
9710,1.307648
9711,1.277952
9712,1.297408
9713,1.330176
9714,1.308672
9715,1.347584
9716,1.321984
9717,1.335296
9718,1.070080
9719,0.750592
9720,0.681984
9721,1.270784
9722,1.157120
9723,1.307648
9724,1.296384
9725,1.291264
9726,1.311744
9727,1.300480
9728,1.307648
9729,1.274880
9730,1.293312
9731,1.250304
9732,1.311744
9733,1.319936
9734,1.314816
9735,1.299456
9736,1.294336
9737,1.294336
9738,1.250304
9739,1.306624
9740,1.285120
9741,1.355776
9742,1.347584
9743,1.295360
9744,1.253376
9745,1.315840
9746,1.283072
9747,1.327104
9748,1.278976
9749,1.338368
9750,1.276928
9751,1.301504
9752,1.310720
9753,1.314816
9754,1.310720
9755,1.298432
9756,1.293312
9757,1.313792
9758,1.272832
9759,1.289216
9760,1.294336
9761,1.323008
9762,1.304576
9763,1.287168
9764,1.300480
9765,1.355776
9766,1.351680
9767,1.247232
9768,1.134592
9769,0.806912
9770,0.715776
9771,0.642048
9772,0.571392
9773,0.553984
9774,1.319936
9775,1.393664
9776,1.355776
9777,1.314816
9778,1.319936
9779,1.345536
9780,1.297408
9781,1.321984
9782,1.308672
9783,1.319936
9784,1.272832
9785,1.227776
9786,1.269760
9787,1.324032
9788,1.286144
9789,1.302528
9790,1.292288
9791,1.264640
9792,1.272832
9793,1.278976
9794,1.275904
9795,1.285120
9796,1.234944
9797,1.260544
9798,1.299456
9799,1.277952
9800,1.268736
9801,1.267712
9802,1.259520
9803,1.265664
9804,1.273856
9805,1.218560
9806,1.274880
9807,1.274880
9808,1.275904
9809,1.310720
9810,1.259520
9811,1.246208
9812,1.275904
9813,1.305600
9814,1.266688
9815,1.313792
9816,1.308672
9817,1.297408
9818,1.301504
9819,1.278976
9820,1.182720
9821,1.176576
9822,1.251328
9823,1.166336
9824,1.251328
9825,1.258496
9826,1.240064
9827,1.288192
9828,1.293312
9829,1.235968
9830,1.261568
9831,1.258496
9832,1.232896
9833,1.253376
9834,1.253376
9835,1.294336
9836,1.297408
9837,1.264640
9838,1.272832
9839,1.228800
9840,1.247232
9841,1.227776
9842,1.257472
9843,1.231872
9844,1.239040
9845,1.265664
9846,1.251328
9847,1.226752
9848,1.240064
9849,1.226752
9850,1.242112
9851,1.274880
9852,1.220608
9853,1.217536
9854,1.226752
9855,1.230848
9856,1.255424
9857,1.276928
9858,1.248256
9859,1.226752
9860,1.249280
9861,1.231872
9862,1.205248
9863,1.188864
9864,1.266688
9865,1.238016
9866,1.260544
9867,1.230848
9868,1.212416
9869,1.230848
9870,1.210368
9871,0.904192
9872,0.811008
9873,0.800768
9874,0.795648
9875,1.229824
9876,1.216512
9877,2.603008
9878,1.216512
9879,1.225728
9880,2.688000
9881,1.200128
9882,1.233920
9883,1.234944
9884,1.242112
9885,1.245184
9886,1.206272
9887,1.228800
9888,1.244160
9889,1.266688
9890,1.216512
9891,1.246208
9892,1.186816
9893,1.242112
9894,1.271808
9895,1.230848
9896,1.217536
9897,1.243136
9898,1.235968
9899,1.270784
9900,1.258496
9901,1.230848
9902,1.245184
9903,1.235968
9904,1.223680
9905,1.245184
9906,1.228800
9907,1.219584
9908,1.197056
9909,1.230848
9910,1.246208
9911,1.183744
9912,1.218560
9913,1.262592
9914,1.227776
9915,1.268736
9916,1.271808
9917,1.266688
9918,1.211392
9919,1.201152
9920,1.211392
9921,1.260544
9922,1.145856
9923,0.867328
9924,0.855040
9925,0.714752
9926,0.652288
9927,0.622592
9928,1.275904
9929,1.243136
9930,1.256448
9931,2.641920
9932,1.200128
9933,2.623488
9934,1.256448
9935,1.181696
9936,1.204224
9937,1.267712
9938,1.268736
9939,1.254400
9940,1.252352
9941,1.232896
9942,1.281024
9943,1.204224
9944,1.238016
9945,1.272832
9946,1.271808
9947,1.228800
9948,1.255424
9949,1.247232
9950,1.234944
9951,1.252352
9952,1.231872
9953,1.253376
9954,1.240064
9955,1.226752
9956,1.207296
9957,1.212416
9958,1.149952
9959,1.216512
9960,1.258496
9961,1.211392
9962,1.215488
9963,1.150976
9964,1.196032
9965,1.189888
9966,1.216512
9967,1.196032
9968,1.175552
9969,1.181696
9970,1.181696
9971,1.160192
9972,1.215488
9973,1.202176
9974,1.158144
9975,1.135616
9976,1.018880
9977,1.040384
9978,0.748544
9979,0.624640
9980,0.604160
9981,1.136640
9982,1.218560
9983,1.162240
9984,1.141760
9985,1.175552
9986,1.171456
9987,1.166336
9988,1.113088
9989,1.170432
9990,1.118208
9991,1.192960
9992,3.311616
9993,1.095680
9994,1.198080
9995,1.111040
9996,1.105920
9997,1.148928
9998,1.135616
9999,1.115136
