iter,ms
0,1.235968
1,1.167360
2,1.210368
3,1.206272
4,1.169408
5,1.217536
6,1.225728
7,1.222656
8,1.318912
9,1.212416
10,1.184768
11,1.213440
12,1.288192
13,1.249280
14,1.214464
15,1.220608
16,1.233920
17,1.247232
18,1.266688
19,1.217536
20,1.233920
21,1.249280
22,1.271808
23,1.224704
24,1.269760
25,1.192960
26,1.193984
27,1.222656
28,1.386496
29,1.297408
30,1.233920
31,1.253376
32,1.256448
33,1.253376
34,1.244160
35,1.206272
36,1.245184
37,1.269760
38,1.209344
39,1.220608
40,1.238016
41,1.267712
42,1.245184
43,1.277952
44,1.248256
45,1.243136
46,1.234944
47,1.271808
48,1.348608
49,1.234944
50,1.278976
51,1.235968
52,1.262592
53,1.221632
54,1.252352
55,1.218560
56,1.209344
57,1.213440
58,1.233920
59,1.223680
60,1.200128
61,1.284096
62,1.284096
63,1.286144
64,1.265664
65,1.310720
66,1.277952
67,1.332224
68,1.309696
69,1.263616
70,1.360896
71,1.332224
72,1.303552
73,1.321984
74,1.366016
75,1.352704
76,1.337344
77,1.387520
78,1.321984
79,1.403904
80,1.377280
81,1.368064
82,1.392640
83,1.341440
84,1.309696
85,1.367040
86,1.288192
87,1.386496
88,1.319936
89,1.306624
90,1.324032
91,1.392640
92,1.411072
93,1.329152
94,1.221632
95,1.289216
96,1.204224
97,1.266688
98,1.381376
99,1.406976
100,1.381376
101,1.366016
102,1.308672
103,1.375232
104,1.409024
105,1.360896
106,1.395712
107,1.395712
108,1.369088
109,1.319936
110,1.333248
111,1.343488
112,1.314816
113,1.361920
114,1.328128
115,1.377280
116,1.345536
117,1.377280
118,1.307648
119,1.285120
120,1.362944
121,1.335296
122,1.317888
123,1.333248
124,1.404928
125,1.360896
126,1.354752
127,1.335296
128,1.356800
129,1.341440
130,1.331200
131,1.347584
132,1.290240
133,1.294336
134,1.337344
135,1.331200
136,1.324032
137,1.350656
138,1.331200
139,1.281024
140,0.845824
141,0.664576
142,0.657408
143,1.389568
144,1.353728
145,1.345536
146,1.373184
147,1.337344
148,1.386496
149,1.334272
150,1.320960
151,1.341440
152,1.352704
153,1.367040
154,1.306624
155,1.404928
156,1.352704
157,1.353728
158,1.323008
159,1.319936
160,1.336320
161,1.346560
162,1.327104
163,1.364992
164,1.375232
165,1.302528
166,1.331200
167,1.349632
168,1.349632
169,1.332224
170,1.366016
171,1.309696
172,1.304576
173,1.356800
174,1.372160
175,1.342464
176,1.326080
177,1.310720
178,1.313792
179,1.328128
180,1.344512
181,1.381376
182,1.379328
183,1.366016
184,1.372160
185,1.381376
186,1.360896
187,1.294336
188,1.186816
189,1.242112
190,1.331200
191,0.994304
192,1.302528
193,1.282048
194,1.330176
195,1.291264
196,1.339392
197,1.296384
198,1.351680
199,1.314816
200,1.385472
201,1.306624
202,1.347584
203,1.356800
204,1.358848
205,1.323008
206,1.335296
207,1.379328
208,1.346560
209,1.359872
210,1.340416
211,1.326080
212,1.340416
213,1.323008
214,1.352704
215,1.347584
216,1.333248
217,1.301504
218,1.378304
219,1.355776
220,1.352704
221,1.337344
222,1.370112
223,1.318912
224,1.295360
225,1.350656
226,1.355776
227,1.313792
228,1.307648
229,1.360896
230,1.335296
231,1.354752
232,1.328128
233,1.292288
234,1.287168
235,1.216512
236,1.489920
237,1.311744
238,1.311744
239,1.274880
240,1.304576
241,1.315840
242,1.326080
243,1.348608
244,1.363968
245,1.329152
246,1.301504
247,1.321984
248,1.367040
249,1.295360
250,1.385472
251,1.337344
252,1.317888
253,1.324032
254,1.362944
255,1.300480
256,1.314816
257,1.267712
258,1.368064
259,1.321984
260,1.352704
261,1.272832
262,1.349632
263,1.344512
264,1.354752
265,1.349632
266,1.353728
267,1.313792
268,1.314816
269,1.359872
270,1.361920
271,1.265664
272,1.334272
273,1.332224
274,1.345536
275,1.309696
276,1.348608
277,1.264640
278,1.300480
279,1.076224
280,0.708608
281,0.595968
282,0.588800
283,0.590848
284,0.590848
285,0.580608
286,1.277952
287,1.233920
288,1.341440
289,1.309696
290,1.311744
291,1.382400
292,1.346560
293,1.379328
294,1.369088
295,1.302528
296,1.338368
297,1.341440
298,1.360896
299,1.353728
300,1.324032
301,1.366016
302,1.349632
303,1.338368
304,1.359872
305,1.317888
306,1.345536
307,1.312768
308,1.311744
309,1.367040
310,1.324032
311,1.307648
312,1.337344
313,1.311744
314,1.332224
315,1.374208
316,1.355776
317,1.360896
318,1.342464
319,1.351680
320,1.389568
321,1.303552
322,1.330176
323,1.364992
324,1.305600
325,1.328128
326,1.381376
327,1.334272
328,1.309696
329,1.330176
330,1.325056
331,1.016832
332,0.776192
333,0.695296
334,0.627712
335,1.604608
336,1.309696
337,1.364992
338,1.258496
339,1.359872
340,1.338368
341,1.352704
342,1.347584
343,1.342464
344,1.300480
345,1.342464
346,1.350656
347,1.318912
348,1.380352
349,1.303552
350,1.337344
351,1.353728
352,1.262592
353,1.346560
354,1.335296
355,1.367040
356,1.298432
357,1.326080
358,1.321984
359,1.347584
360,1.384448
361,1.356800
362,1.344512
363,1.307648
364,1.311744
365,1.321984
366,1.289216
367,1.341440
368,1.313792
369,1.389568
370,1.346560
371,1.314816
372,1.319936
373,1.334272
374,1.385472
375,1.329152
376,1.351680
377,1.326080
378,1.349632
379,1.170432
380,0.933888
381,0.729088
382,1.347584
383,1.386496
384,1.373184
385,1.408000
386,1.358848
387,1.359872
388,1.343488
389,1.379328
390,1.385472
391,1.342464
392,1.339392
393,1.346560
394,1.362944
395,1.312768
396,1.362944
397,1.350656
398,1.338368
399,1.318912
400,1.330176
401,1.346560
402,1.374208
403,1.301504
404,1.358848
405,1.384448
406,1.330176
407,1.351680
408,1.327104
409,1.411072
410,1.364992
411,1.297408
412,1.332224
413,1.329152
414,1.369088
415,1.307648
416,1.348608
417,1.295360
418,1.327104
419,1.373184
420,1.354752
421,1.354752
422,1.349632
423,1.374208
424,1.349632
425,1.306624
426,1.055744
427,1.311744
428,1.209344
429,1.352704
430,1.380352
431,1.410048
432,1.298432
433,1.367040
434,1.337344
435,1.346560
436,1.315840
437,1.347584
438,1.324032
439,1.441792
440,1.381376
441,1.341440
442,1.341440
443,1.361920
444,1.320960
445,1.360896
446,1.306624
447,1.340416
448,1.305600
449,1.366016
450,1.343488
451,1.360896
452,1.307648
453,1.348608
454,1.328128
455,1.314816
456,1.355776
457,1.317888
458,1.406976
459,1.314816
460,1.306624
461,1.363968
462,1.355776
463,1.318912
464,1.338368
465,1.331200
466,1.297408
467,1.331200
468,1.341440
469,1.206272
470,0.886784
471,0.679936
472,0.621568
473,0.625664
474,0.582656
475,1.356800
476,1.244160
477,1.266688
478,1.301504
479,1.364992
480,1.384448
481,1.369088
482,1.379328
483,1.321984
484,1.353728
485,1.307648
486,1.338368
487,1.318912
488,1.260544
489,1.349632
490,1.337344
491,1.335296
492,1.333248
493,1.330176
494,1.353728
495,1.318912
496,1.374208
497,1.392640
498,1.311744
499,1.370112
500,1.345536
501,1.402880
502,1.350656
503,1.343488
504,1.382400
505,1.316864
506,1.394688
507,1.346560
508,1.329152
509,1.355776
510,1.327104
511,1.300480
512,1.363968
513,1.325056
514,1.355776
515,1.352704
516,1.356800
517,1.335296
518,1.336320
519,1.204224
520,0.783360
521,0.654336
522,0.637952
523,0.623616
524,0.610304
525,0.611328
526,0.581632
527,0.571392
528,1.350656
529,1.267712
530,1.275904
531,1.343488
532,1.301504
533,1.339392
534,1.395712
535,1.356800
536,1.345536
537,1.340416
538,1.334272
539,1.383424
540,1.368064
541,1.404928
542,1.397760
543,1.327104
544,1.359872
545,1.349632
546,1.312768
547,1.324032
548,1.307648
549,1.361920
550,1.295360
551,1.298432
552,1.351680
553,1.340416
554,1.312768
555,1.291264
556,1.326080
557,1.375232
558,1.318912
559,1.319936
560,1.312768
561,1.374208
562,1.357824
563,1.325056
564,1.349632
565,1.367040
566,1.341440
567,1.325056
568,1.324032
569,1.273856
570,1.293312
571,1.380352
572,1.139712
573,0.812032
574,38.127617
575,1.355776
576,1.354752
577,1.355776
578,1.345536
579,1.359872
580,1.326080
581,1.318912
582,1.307648
583,1.332224
584,1.359872
585,1.318912
586,1.329152
587,1.355776
588,1.314816
589,1.314816
590,1.321984
591,1.360896
592,1.368064
593,1.323008
594,1.340416
595,1.321984
596,1.380352
597,1.356800
598,1.353728
599,1.367040
600,1.344512
601,1.352704
602,1.348608
603,1.319936
604,1.301504
605,1.292288
606,1.316864
607,1.325056
608,1.319936
609,1.297408
610,1.331200
611,1.363968
612,1.462272
613,1.321984
614,1.361920
615,1.261568
616,1.353728
617,1.358848
618,1.287168
619,1.231872
620,1.183744
621,1.298432
622,1.312768
623,1.290240
624,1.336320
625,1.329152
626,1.399808
627,1.339392
628,1.333248
629,1.375232
630,1.227776
631,1.371136
632,1.260544
633,1.303552
634,1.328128
635,1.338368
636,1.358848
637,1.355776
638,1.376256
639,1.323008
640,1.299456
641,1.318912
642,1.374208
643,1.355776
644,1.361920
645,1.371136
646,1.373184
647,1.278976
648,1.326080
649,1.348608
650,1.304576
651,1.338368
652,1.358848
653,1.329152
654,1.339392
655,1.397760
656,1.349632
657,1.278976
658,1.247232
659,1.336320
660,1.307648
661,1.304576
662,1.325056
663,1.320960
664,1.253376
665,0.990208
666,0.676864
667,1.268736
668,1.143808
669,1.324032
670,1.313792
671,1.303552
672,1.300480
673,1.295360
674,1.343488
675,1.354752
676,1.302528
677,1.359872
678,1.317888
679,1.343488
680,1.335296
681,1.366016
682,1.329152
683,1.355776
684,1.373184
685,1.360896
686,1.374208
687,1.339392
688,1.356800
689,1.385472
690,1.328128
691,1.374208
692,1.331200
693,1.384448
694,1.400832
695,1.353728
696,1.317888
697,1.360896
698,1.391616
699,1.529856
700,1.351680
701,1.353728
702,1.340416
703,1.370112
704,1.345536
705,1.321984
706,1.334272
707,1.340416
708,1.338368
709,1.367040
710,1.372160
711,1.136640
712,0.709632
713,0.655360
714,1.323008
715,1.247232
716,1.314816
717,1.358848
718,1.372160
719,1.352704
720,1.343488
721,1.361920
722,1.327104
723,1.325056
724,1.347584
725,1.357824
726,1.314816
727,1.362944
728,1.349632
729,1.309696
730,1.309696
731,1.316864
732,1.364992
733,1.318912
734,1.335296
735,1.350656
736,1.305600
737,1.335296
738,1.278976
739,1.315840
740,1.324032
741,1.291264
742,1.335296
743,1.328128
744,1.295360
745,1.327104
746,1.321984
747,1.309696
748,1.317888
749,1.295360
750,1.335296
751,1.386496
752,1.347584
753,1.323008
754,1.386496
755,1.323008
756,1.315840
757,1.289216
758,1.276928
759,0.944128
760,0.714752
761,1.325056
762,1.200128
763,1.286144
764,1.298432
765,1.283072
766,1.294336
767,1.356800
768,1.340416
769,1.361920
770,1.355776
771,1.344512
772,1.367040
773,1.362944
774,1.318912
775,1.331200
776,1.335296
777,1.361920
778,1.339392
779,1.330176
780,1.331200
781,1.349632
782,1.338368
783,1.366016
784,1.337344
785,1.332224
786,1.357824
787,1.305600
788,1.354752
789,1.340416
790,1.398784
791,1.378304
792,1.309696
793,1.357824
794,1.357824
795,1.311744
796,1.356800
797,1.374208
798,1.383424
799,1.362944
800,1.349632
801,1.290240
802,1.371136
803,1.373184
804,1.394688
805,1.319936
806,0.939008
807,1.387520
808,1.439744
809,1.315840
810,1.330176
811,1.364992
812,1.328128
813,1.357824
814,1.317888
815,1.346560
816,1.333248
817,1.368064
818,1.302528
819,1.321984
820,1.400832
821,1.362944
822,1.377280
823,1.317888
824,1.303552
825,1.294336
826,1.380352
827,1.369088
828,1.311744
829,1.320960
830,1.349632
831,1.339392
832,1.245184
833,1.360896
834,1.385472
835,1.341440
836,1.372160
837,1.298432
838,1.318912
839,1.350656
840,1.352704
841,1.303552
842,1.329152
843,1.352704
844,1.339392
845,1.362944
846,1.340416
847,1.292288
848,1.350656
849,1.303552
850,1.336320
851,1.210368
852,0.932864
853,1.487872
854,1.314816
855,1.335296
856,1.328128
857,1.341440
858,1.335296
859,1.323008
860,1.333248
861,1.355776
862,1.351680
863,1.323008
864,1.367040
865,1.346560
866,1.318912
867,1.296384
868,1.387520
869,1.324032
870,1.345536
871,1.343488
872,1.366016
873,1.291264
874,1.303552
875,1.324032
876,1.369088
877,1.387520
878,1.457152
879,1.375232
880,1.308672
881,1.332224
882,1.364992
883,1.346560
884,1.341440
885,1.308672
886,1.306624
887,1.371136
888,1.309696
889,1.301504
890,1.358848
891,1.348608
892,1.338368
893,1.348608
894,1.429504
895,1.337344
896,1.318912
897,1.063936
898,0.889856
899,0.745472
900,0.628736
901,0.618496
902,0.584704
903,0.570368
904,1.402880
905,1.349632
906,1.376256
907,1.346560
908,1.390592
909,1.366016
910,1.309696
911,1.341440
912,1.348608
913,1.321984
914,1.380352
915,1.323008
916,1.309696
917,1.295360
918,1.298432
919,1.323008
920,1.378304
921,1.391616
922,1.294336
923,1.292288
924,1.372160
925,1.364992
926,1.345536
927,1.332224
928,1.340416
929,1.356800
930,1.319936
931,1.374208
932,1.334272
933,1.346560
934,1.336320
935,1.383424
936,1.344512
937,1.350656
938,1.347584
939,1.336320
940,1.339392
941,1.308672
942,1.340416
943,1.307648
944,1.357824
945,1.354752
946,1.376256
947,1.304576
948,1.223680
949,1.079296
950,0.709632
951,1.359872
952,1.457152
953,1.324032
954,1.293312
955,1.361920
956,1.364992
957,1.389568
958,1.318912
959,1.352704
960,1.363968
961,1.414144
962,1.344512
963,1.358848
964,1.348608
965,1.349632
966,1.350656
967,1.385472
968,1.341440
969,1.352704
970,1.362944
971,1.366016
972,1.306624
973,1.332224
974,1.356800
975,1.299456
976,1.349632
977,1.303552
978,1.344512
979,1.369088
980,1.344512
981,1.354752
982,1.325056
983,1.352704
984,1.318912
985,1.312768
986,1.361920
987,1.333248
988,1.332224
989,1.362944
990,1.319936
991,1.347584
992,1.290240
993,1.347584
994,1.338368
995,1.239040
996,0.733184
997,0.617472
998,0.587776
999,1.344512
1000,1.403904
1001,1.372160
1002,1.375232
1003,1.350656
1004,1.361920
1005,1.316864
1006,1.356800
1007,1.335296
1008,1.343488
1009,1.412096
1010,1.357824
1011,1.327104
1012,1.339392
1013,1.376256
1014,1.375232
1015,1.388544
1016,1.359872
1017,1.416192
1018,1.349632
1019,1.359872
1020,1.336320
1021,1.361920
1022,1.351680
1023,1.308672
1024,1.336320
1025,1.305600
1026,1.312768
1027,1.333248
1028,1.341440
1029,1.374208
1030,1.310720
1031,1.347584
1032,1.317888
1033,1.344512
1034,1.358848
1035,1.321984
1036,1.333248
1037,1.316864
1038,1.324032
1039,1.317888
1040,1.395712
1041,1.331200
1042,1.336320
1043,1.155072
1044,0.731136
1045,0.611328
1046,0.601088
1047,0.609280
1048,1.436672
1049,1.378304
1050,1.324032
1051,1.345536
1052,1.354752
1053,1.363968
1054,1.320960
1055,1.332224
1056,1.332224
1057,1.315840
1058,1.314816
1059,1.349632
1060,1.369088
1061,1.344512
1062,1.346560
1063,1.347584
1064,1.342464
1065,1.303552
1066,1.317888
1067,1.332224
1068,1.349632
1069,1.340416
1070,1.318912
1071,1.347584
1072,1.303552
1073,1.352704
1074,1.346560
1075,1.338368
1076,1.389568
1077,1.327104
1078,1.368064
1079,1.384448
1080,1.317888
1081,1.324032
1082,1.354752
1083,1.380352
1084,1.335296
1085,1.331200
1086,1.344512
1087,1.340416
1088,1.354752
1089,1.350656
1090,1.317888
1091,1.377280
1092,1.061888
1093,0.755712
1094,0.655360
1095,0.629760
1096,0.621568
1097,0.619520
1098,0.620544
1099,1.277952
1100,1.228800
1101,1.335296
1102,1.344512
1103,1.334272
1104,1.299456
1105,1.359872
1106,1.361920
1107,1.346560
1108,1.323008
1109,1.330176
1110,1.379328
1111,1.359872
1112,1.323008
1113,1.383424
1114,1.339392
1115,1.310720
1116,1.310720
1117,1.341440
1118,1.356800
1119,1.352704
1120,1.350656
1121,1.349632
1122,1.350656
1123,1.348608
1124,1.348608
1125,1.280000
1126,1.379328
1127,1.346560
1128,1.361920
1129,1.361920
1130,1.320960
1131,1.395712
1132,1.342464
1133,1.333248
1134,1.344512
1135,1.320960
1136,1.318912
1137,1.379328
1138,1.340416
1139,1.325056
1140,1.364992
1141,1.371136
1142,1.315840
1143,1.342464
1144,1.086464
1145,0.690176
1146,0.620544
1147,0.595968
1148,0.594944
1149,0.594944
1150,0.576512
1151,0.568320
1152,1.414144
1153,1.353728
1154,1.363968
1155,1.311744
1156,1.332224
1157,1.353728
1158,1.342464
1159,1.274880
1160,1.324032
1161,1.343488
1162,1.335296
1163,1.327104
1164,1.335296
1165,1.306624
1166,1.371136
1167,1.347584
1168,1.323008
1169,1.410048
1170,1.358848
1171,1.306624
1172,1.321984
1173,1.388544
1174,1.295360
1175,1.356800
1176,1.331200
1177,1.378304
1178,1.307648
1179,1.399808
1180,1.361920
1181,1.352704
1182,1.352704
1183,1.285120
1184,1.347584
1185,1.301504
1186,1.368064
1187,1.299456
1188,1.359872
1189,1.347584
1190,1.316864
1191,1.357824
1192,1.344512
1193,1.328128
1194,1.352704
1195,1.329152
1196,1.298432
1197,1.294336
1198,1.122304
1199,1.325056
1200,1.331200
1201,1.358848
1202,1.266688
1203,1.306624
1204,1.331200
1205,1.306624
1206,1.330176
1207,1.295360
1208,1.333248
1209,1.359872
1210,1.337344
1211,1.298432
1212,1.346560
1213,1.388544
1214,1.352704
1215,1.296384
1216,1.371136
1217,1.298432
1218,1.333248
1219,1.346560
1220,1.353728
1221,1.351680
1222,1.330176
1223,1.321984
1224,1.317888
1225,1.324032
1226,1.351680
1227,1.355776
1228,1.370112
1229,1.252352
1230,1.242112
1231,1.324032
1232,1.385472
1233,1.343488
1234,1.372160
1235,1.354752
1236,1.333248
1237,1.291264
1238,1.330176
1239,1.326080
1240,1.347584
1241,1.356800
1242,1.044480
1243,0.683008
1244,0.628736
1245,0.618496
1246,0.619520
1247,0.606208
1248,0.601088
1249,1.395712
1250,1.324032
1251,1.333248
1252,1.286144
1253,1.392640
1254,1.339392
1255,1.327104
1256,1.289216
1257,1.357824
1258,1.325056
1259,1.383424
1260,1.345536
1261,1.334272
1262,1.349632
1263,1.376256
1264,1.358848
1265,1.328128
1266,1.342464
1267,1.327104
1268,1.293312
1269,1.367040
1270,1.352704
1271,1.318912
1272,1.355776
1273,1.352704
1274,1.366016
1275,1.375232
1276,1.310720
1277,1.358848
1278,1.344512
1279,1.361920
1280,1.345536
1281,1.396736
1282,1.344512
1283,1.347584
1284,1.379328
1285,1.288192
1286,1.285120
1287,1.304576
1288,1.340416
1289,1.329152
1290,1.350656
1291,1.353728
1292,1.283072
1293,1.095680
1294,0.932864
1295,0.766976
1296,0.653312
1297,1.354752
1298,1.281024
1299,1.301504
1300,1.356800
1301,1.377280
1302,1.345536
1303,1.339392
1304,1.343488
1305,1.347584
1306,1.332224
1307,1.331200
1308,1.329152
1309,1.368064
1310,1.361920
1311,1.355776
1312,1.344512
1313,1.323008
1314,1.355776
1315,1.345536
1316,1.327104
1317,1.350656
1318,1.337344
1319,1.388544
1320,1.368064
1321,1.345536
1322,1.366016
1323,1.321984
1324,1.338368
1325,1.330176
1326,1.283072
1327,1.361920
1328,1.269760
1329,1.387520
1330,1.330176
1331,1.314816
1332,1.313792
1333,1.350656
1334,1.313792
1335,1.384448
1336,1.328128
1337,1.339392
1338,1.342464
1339,1.368064
1340,1.295360
1341,1.258496
1342,1.093632
1343,1.358848
1344,1.359872
1345,1.330176
1346,1.319936
1347,1.336320
1348,1.393664
1349,1.325056
1350,1.345536
1351,1.309696
1352,1.310720
1353,1.290240
1354,1.290240
1355,1.395712
1356,1.364992
1357,1.391616
1358,1.278976
1359,1.404928
1360,1.454080
1361,1.349632
1362,1.384448
1363,1.334272
1364,1.401856
1365,1.337344
1366,1.386496
1367,1.356800
1368,1.362944
1369,1.354752
1370,1.354752
1371,1.348608
1372,1.373184
1373,1.332224
1374,1.333248
1375,1.309696
1376,1.336320
1377,1.328128
1378,1.360896
1379,1.331200
1380,1.315840
1381,1.342464
1382,1.344512
1383,1.347584
1384,1.362944
1385,1.338368
1386,1.305600
1387,1.009664
1388,0.741376
1389,1.297408
1390,1.346560
1391,1.348608
1392,1.358848
1393,1.397760
1394,1.341440
1395,1.340416
1396,1.326080
1397,1.374208
1398,1.311744
1399,1.363968
1400,1.346560
1401,1.339392
1402,1.356800
1403,1.276928
1404,1.369088
1405,1.347584
1406,1.337344
1407,1.309696
1408,1.311744
1409,1.327104
1410,1.371136
1411,1.342464
1412,1.311744
1413,1.335296
1414,1.330176
1415,1.323008
1416,1.362944
1417,1.360896
1418,1.339392
1419,1.329152
1420,1.323008
1421,1.356800
1422,1.387520
1423,1.287168
1424,1.362944
1425,1.315840
1426,1.331200
1427,1.331200
1428,1.377280
1429,1.297408
1430,1.350656
1431,1.372160
1432,1.307648
1433,0.897024
1434,0.605184
1435,0.586752
1436,0.575488
1437,1.304576
1438,1.292288
1439,1.294336
1440,1.345536
1441,1.326080
1442,1.385472
1443,1.411072
1444,1.405952
1445,1.371136
1446,1.324032
1447,1.382400
1448,1.338368
1449,1.320960
1450,1.344512
1451,1.340416
1452,1.367040
1453,1.314816
1454,1.355776
1455,1.398784
1456,1.335296
1457,1.356800
1458,1.319936
1459,1.378304
1460,1.391616
1461,1.301504
1462,1.297408
1463,1.342464
1464,1.396736
1465,1.335296
1466,1.350656
1467,1.328128
1468,1.378304
1469,1.323008
1470,1.376256
1471,1.346560
1472,1.380352
1473,1.283072
1474,1.329152
1475,1.321984
1476,1.349632
1477,1.327104
1478,1.292288
1479,1.309696
1480,1.230848
1481,1.051648
1482,1.402880
1483,1.348608
1484,1.351680
1485,1.421312
1486,1.346560
1487,1.315840
1488,1.306624
1489,1.360896
1490,1.358848
1491,1.340416
1492,1.320960
1493,1.352704
1494,1.305600
1495,1.358848
1496,1.317888
1497,1.321984
1498,1.373184
1499,1.345536
1500,1.371136
1501,1.327104
1502,1.378304
1503,1.326080
1504,1.356800
1505,1.348608
1506,1.324032
1507,1.328128
1508,1.352704
1509,1.296384
1510,1.334272
1511,1.312768
1512,1.359872
1513,1.356800
1514,1.325056
1515,1.369088
1516,1.343488
1517,1.298432
1518,1.349632
1519,1.344512
1520,1.320960
1521,1.342464
1522,1.378304
1523,1.329152
1524,1.312768
1525,1.345536
1526,1.205248
1527,1.166336
1528,1.281024
1529,1.292288
1530,1.296384
1531,1.321984
1532,1.317888
1533,1.312768
1534,1.347584
1535,1.354752
1536,1.312768
1537,1.298432
1538,1.316864
1539,1.321984
1540,1.345536
1541,1.298432
1542,1.299456
1543,1.283072
1544,1.306624
1545,1.284096
1546,1.363968
1547,1.313792
1548,1.328128
1549,1.282048
1550,1.360896
1551,1.381376
1552,1.339392
1553,1.335296
1554,1.327104
1555,1.301504
1556,1.344512
1557,1.306624
1558,1.267712
1559,1.341440
1560,1.286144
1561,1.361920
1562,1.343488
1563,1.330176
1564,1.324032
1565,1.335296
1566,1.309696
1567,1.299456
1568,1.356800
1569,1.323008
1570,1.330176
1571,1.270784
1572,1.039360
1573,1.296384
1574,1.184768
1575,1.303552
1576,1.343488
1577,1.306624
1578,1.258496
1579,1.306624
1580,1.285120
1581,1.371136
1582,1.316864
1583,1.324032
1584,1.358848
1585,1.344512
1586,1.341440
1587,1.336320
1588,1.344512
1589,1.317888
1590,1.321984
1591,1.309696
1592,1.303552
1593,1.347584
1594,1.357824
1595,1.308672
1596,1.363968
1597,1.325056
1598,1.344512
1599,1.305600
1600,1.292288
1601,1.339392
1602,1.334272
1603,1.323008
1604,1.361920
1605,1.385472
1606,1.356800
1607,1.329152
1608,1.342464
1609,1.377280
1610,1.333248
1611,1.327104
1612,1.295360
1613,1.326080
1614,1.347584
1615,1.345536
1616,1.323008
1617,1.303552
1618,1.097728
1619,1.299456
1620,1.236992
1621,1.292288
1622,1.357824
1623,1.293312
1624,1.336320
1625,1.338368
1626,1.173504
1627,1.311744
1628,1.303552
1629,1.358848
1630,1.329152
1631,1.311744
1632,1.320960
1633,1.326080
1634,1.318912
1635,1.301504
1636,1.325056
1637,1.315840
1638,1.309696
1639,1.349632
1640,1.324032
1641,1.370112
1642,1.319936
1643,1.374208
1644,1.349632
1645,1.294336
1646,1.472512
1647,1.293312
1648,1.355776
1649,1.401856
1650,1.331200
1651,1.344512
1652,1.351680
1653,1.289216
1654,1.349632
1655,1.349632
1656,1.356800
1657,1.374208
1658,1.360896
1659,1.341440
1660,1.341440
1661,1.324032
1662,1.358848
1663,1.292288
1664,1.088512
1665,0.665600
1666,0.632832
1667,0.617472
1668,0.617472
1669,0.599040
1670,0.574464
1671,1.397760
1672,1.496064
1673,1.368064
1674,1.415168
1675,1.350656
1676,1.340416
1677,1.388544
1678,1.314816
1679,1.358848
1680,1.346560
1681,1.302528
1682,1.347584
1683,1.311744
1684,1.325056
1685,1.461248
1686,1.310720
1687,1.362944
1688,1.350656
1689,1.364992
1690,1.321984
1691,1.349632
1692,1.336320
1693,1.307648
1694,1.300480
1695,1.254400
1696,1.333248
1697,1.303552
1698,1.362944
1699,1.362944
1700,1.318912
1701,1.329152
1702,1.325056
1703,1.341440
1704,1.382400
1705,1.347584
1706,1.338368
1707,1.360896
1708,1.341440
1709,1.357824
1710,1.346560
1711,1.349632
1712,1.339392
1713,1.251328
1714,1.297408
1715,1.357824
1716,1.380352
1717,1.321984
1718,1.344512
1719,1.353728
1720,1.367040
1721,1.329152
1722,1.356800
1723,1.350656
1724,1.315840
1725,1.318912
1726,1.358848
1727,1.334272
1728,1.367040
1729,1.362944
1730,1.348608
1731,1.327104
1732,1.310720
1733,1.333248
1734,1.372160
1735,1.345536
1736,1.346560
1737,1.360896
1738,1.358848
1739,1.379328
1740,1.345536
1741,1.305600
1742,1.384448
1743,1.366016
1744,1.307648
1745,1.311744
1746,1.355776
1747,1.357824
1748,1.360896
1749,1.359872
1750,1.311744
1751,1.355776
1752,1.354752
1753,1.357824
1754,1.334272
1755,1.307648
1756,1.320960
1757,1.298432
1758,1.146880
1759,1.313792
1760,1.299456
1761,1.308672
1762,1.305600
1763,1.318912
1764,1.363968
1765,1.344512
1766,1.347584
1767,1.343488
1768,1.364992
1769,1.351680
1770,1.385472
1771,1.373184
1772,1.350656
1773,1.332224
1774,1.348608
1775,1.351680
1776,1.349632
1777,1.313792
1778,1.337344
1779,1.357824
1780,1.352704
1781,1.388544
1782,1.374208
1783,1.341440
1784,1.320960
1785,1.481728
1786,1.302528
1787,1.356800
1788,1.296384
1789,1.350656
1790,1.336320
1791,1.345536
1792,1.300480
1793,1.340416
1794,1.347584
1795,1.353728
1796,1.354752
1797,1.347584
1798,1.367040
1799,1.356800
1800,1.346560
1801,1.239040
1802,0.870400
1803,0.661504
1804,0.641024
1805,0.609280
1806,0.577536
1807,0.567296
1808,0.562176
1809,1.379328
1810,1.377280
1811,1.375232
1812,1.381376
1813,1.359872
1814,1.315840
1815,1.317888
1816,1.348608
1817,1.311744
1818,1.300480
1819,1.356800
1820,1.356800
1821,1.353728
1822,1.357824
1823,1.330176
1824,1.360896
1825,1.330176
1826,1.310720
1827,1.298432
1828,1.323008
1829,1.328128
1830,1.300480
1831,1.347584
1832,1.343488
1833,1.386496
1834,1.336320
1835,1.344512
1836,1.292288
1837,1.342464
1838,1.263616
1839,1.287168
1840,1.316864
1841,1.366016
1842,1.369088
1843,1.346560
1844,1.378304
1845,1.355776
1846,1.345536
1847,1.306624
1848,1.323008
1849,1.390592
1850,1.361920
1851,1.344512
1852,1.368064
1853,1.302528
1854,1.154048
1855,0.606208
1856,1.394688
1857,1.353728
1858,1.307648
1859,1.305600
1860,1.270784
1861,1.344512
1862,1.356800
1863,1.384448
1864,1.339392
1865,1.338368
1866,1.341440
1867,1.384448
1868,1.329152
1869,1.386496
1870,1.331200
1871,1.354752
1872,1.323008
1873,1.348608
1874,1.311744
1875,1.330176
1876,1.372160
1877,1.301504
1878,1.381376
1879,1.312768
1880,1.357824
1881,1.371136
1882,1.362944
1883,1.355776
1884,1.349632
1885,1.316864
1886,1.366016
1887,1.336320
1888,1.376256
1889,1.325056
1890,1.342464
1891,1.298432
1892,1.310720
1893,1.360896
1894,1.342464
1895,1.352704
1896,1.352704
1897,1.344512
1898,1.346560
1899,1.355776
1900,1.260544
1901,1.060864
1902,0.697344
1903,0.619520
1904,0.608256
1905,1.396736
1906,1.416192
1907,1.394688
1908,1.291264
1909,1.379328
1910,1.305600
1911,1.300480
1912,1.363968
1913,1.314816
1914,1.335296
1915,1.432576
1916,1.373184
1917,1.296384
1918,1.349632
1919,1.358848
1920,1.347584
1921,1.363968
1922,1.325056
1923,1.329152
1924,1.315840
1925,1.356800
1926,1.318912
1927,1.370112
1928,1.292288
1929,1.345536
1930,1.304576
1931,1.345536
1932,1.357824
1933,1.351680
1934,1.352704
1935,1.384448
1936,1.376256
1937,1.342464
1938,1.383424
1939,1.368064
1940,1.370112
1941,1.302528
1942,1.309696
1943,1.311744
1944,1.323008
1945,1.350656
1946,1.359872
1947,1.299456
1948,1.359872
1949,1.090560
1950,0.780288
1951,0.659456
1952,0.622592
1953,0.607232
1954,0.585728
1955,0.582656
1956,0.568320
1957,0.563200
1958,1.412096
1959,1.398784
1960,1.268736
1961,1.336320
1962,1.334272
1963,1.327104
1964,1.355776
1965,1.359872
1966,1.327104
1967,1.302528
1968,1.374208
1969,1.331200
1970,1.321984
1971,1.325056
1972,1.409024
1973,1.353728
1974,1.333248
1975,1.327104
1976,1.355776
1977,1.296384
1978,1.363968
1979,1.321984
1980,1.340416
1981,1.334272
1982,1.381376
1983,1.307648
1984,1.300480
1985,1.320960
1986,1.345536
1987,1.368064
1988,1.291264
1989,1.344512
1990,1.378304
1991,1.323008
1992,1.368064
1993,1.356800
1994,1.348608
1995,1.377280
1996,1.336320
1997,1.336320
1998,1.321984
1999,1.370112
2000,1.353728
2001,1.329152
2002,1.158144
2003,1.183744
2004,1.250304
2005,1.309696
2006,1.314816
2007,1.305600
2008,1.366016
2009,1.371136
2010,1.351680
2011,1.334272
2012,1.338368
2013,1.311744
2014,1.356800
2015,1.356800
2016,1.352704
2017,1.340416
2018,1.311744
2019,1.308672
2020,1.352704
2021,1.302528
2022,1.326080
2023,1.314816
2024,1.318912
2025,1.352704
2026,1.302528
2027,1.364992
2028,1.284096
2029,1.350656
2030,1.304576
2031,1.312768
2032,1.325056
2033,1.329152
2034,1.319936
2035,1.371136
2036,1.318912
2037,1.361920
2038,1.363968
2039,1.353728
2040,1.348608
2041,1.401856
2042,1.362944
2043,1.361920
2044,1.297408
2045,1.390592
2046,1.354752
2047,1.134592
2048,0.776192
2049,0.628736
2050,1.369088
2051,1.380352
2052,1.404928
2053,1.347584
2054,1.302528
2055,1.391616
2056,1.348608
2057,1.379328
2058,1.310720
2059,1.316864
2060,1.335296
2061,1.329152
2062,1.330176
2063,1.332224
2064,1.286144
2065,1.366016
2066,1.340416
2067,1.351680
2068,1.345536
2069,1.329152
2070,1.340416
2071,1.307648
2072,1.363968
2073,1.309696
2074,1.328128
2075,1.338368
2076,1.293312
2077,1.331200
2078,1.370112
2079,1.328128
2080,1.345536
2081,1.343488
2082,1.329152
2083,1.351680
2084,1.344512
2085,1.355776
2086,1.383424
2087,1.367040
2088,1.285120
2089,1.320960
2090,1.353728
2091,1.357824
2092,1.326080
2093,1.314816
2094,1.351680
2095,0.929792
2096,0.636928
2097,0.620544
2098,1.341440
2099,1.286144
2100,1.281024
2101,1.328128
2102,1.379328
2103,1.364992
2104,1.380352
2105,1.346560
2106,1.359872
2107,1.289216
2108,1.309696
2109,1.377280
2110,1.356800
2111,1.338368
2112,1.364992
2113,1.358848
2114,1.394688
2115,1.341440
2116,1.425408
2117,1.327104
2118,1.345536
2119,1.359872
2120,1.367040
2121,1.389568
2122,1.301504
2123,1.363968
2124,1.392640
2125,1.382400
2126,1.385472
2127,1.370112
2128,1.355776
2129,1.369088
2130,1.313792
2131,1.308672
2132,1.364992
2133,1.287168
2134,1.347584
2135,1.298432
2136,1.323008
2137,1.295360
2138,1.376256
2139,1.346560
2140,1.334272
2141,1.386496
2142,1.075200
2143,1.390592
2144,1.324032
2145,1.312768
2146,1.281024
2147,1.327104
2148,1.340416
2149,1.315840
2150,1.382400
2151,1.305600
2152,1.330176
2153,1.349632
2154,1.409024
2155,1.356800
2156,1.352704
2157,1.340416
2158,1.352704
2159,1.331200
2160,1.358848
2161,1.347584
2162,1.291264
2163,1.314816
2164,1.370112
2165,1.317888
2166,1.377280
2167,1.298432
2168,1.363968
2169,1.352704
2170,1.314816
2171,1.359872
2172,1.330176
2173,1.385472
2174,1.362944
2175,1.333248
2176,1.328128
2177,1.341440
2178,1.376256
2179,1.355776
2180,1.326080
2181,1.370112
2182,1.312768
2183,1.356800
2184,1.325056
2185,1.342464
2186,1.318912
2187,1.117184
2188,0.809984
2189,0.730112
2190,0.670720
2191,0.631808
2192,0.609280
2193,0.598016
2194,1.454080
2195,1.402880
2196,1.341440
2197,1.367040
2198,1.304576
2199,1.317888
2200,1.380352
2201,1.337344
2202,1.308672
2203,1.312768
2204,1.367040
2205,1.335296
2206,1.313792
2207,1.307648
2208,1.355776
2209,1.403904
2210,1.333248
2211,1.398784
2212,1.333248
2213,1.345536
2214,1.333248
2215,1.299456
2216,1.320960
2217,1.339392
2218,1.319936
2219,1.205248
2220,1.117184
2221,1.318912
2222,1.305600
2223,1.348608
2224,1.347584
2225,1.355776
2226,1.404928
2227,1.341440
2228,1.367040
2229,1.384448
2230,1.342464
2231,1.358848
2232,1.356800
2233,1.351680
2234,1.374208
2235,1.371136
2236,1.355776
2237,1.325056
2238,1.399808
2239,1.071104
2240,1.245184
2241,1.170432
2242,1.355776
2243,1.319936
2244,1.310720
2245,1.327104
2246,1.335296
2247,1.336320
2248,1.321984
2249,1.330176
2250,1.354752
2251,1.355776
2252,1.366016
2253,1.379328
2254,1.344512
2255,1.310720
2256,1.342464
2257,1.388544
2258,1.329152
2259,1.355776
2260,1.346560
2261,1.344512
2262,1.315840
2263,1.329152
2264,1.332224
2265,1.337344
2266,1.329152
2267,1.395712
2268,1.337344
2269,1.364992
2270,1.392640
2271,1.296384
2272,1.337344
2273,1.336320
2274,1.347584
2275,1.393664
2276,1.289216
2277,1.331200
2278,1.325056
2279,1.350656
2280,1.376256
2281,1.328128
2282,1.382400
2283,1.358848
2284,1.301504
2285,1.014784
2286,0.713728
2287,1.400832
2288,1.386496
2289,1.393664
2290,1.354752
2291,1.379328
2292,1.381376
2293,1.373184
2294,1.306624
2295,1.355776
2296,1.364992
2297,1.273856
2298,1.317888
2299,1.302528
2300,1.311744
2301,1.345536
2302,1.328128
2303,1.378304
2304,1.369088
2305,1.337344
2306,1.313792
2307,1.346560
2308,1.348608
2309,1.318912
2310,1.420288
2311,1.346560
2312,1.340416
2313,1.362944
2314,1.304576
2315,1.333248
2316,1.338368
2317,1.311744
2318,1.329152
2319,1.347584
2320,1.327104
2321,1.367040
2322,1.370112
2323,1.374208
2324,1.313792
2325,1.391616
2326,1.341440
2327,1.367040
2328,1.355776
2329,1.384448
2330,1.357824
2331,1.206272
2332,0.748544
2333,0.594944
2334,0.590848
2335,0.590848
2336,0.582656
2337,0.576512
2338,1.379328
2339,1.298432
2340,1.381376
2341,1.409024
2342,1.316864
2343,1.341440
2344,1.377280
2345,1.361920
2346,1.321984
2347,1.352704
2348,1.363968
2349,1.335296
2350,1.312768
2351,1.351680
2352,1.366016
2353,1.346560
2354,1.332224
2355,1.343488
2356,1.339392
2357,1.351680
2358,1.310720
2359,1.361920
2360,1.395712
2361,1.361920
2362,1.339392
2363,1.351680
2364,1.303552
2365,1.344512
2366,1.340416
2367,1.286144
2368,1.367040
2369,1.326080
2370,1.295360
2371,1.352704
2372,1.323008
2373,1.308672
2374,1.320960
2375,1.269760
2376,1.344512
2377,1.370112
2378,1.344512
2379,1.338368
2380,1.364992
2381,1.357824
2382,1.220608
2383,0.729088
2384,0.618496
2385,0.598016
2386,0.586752
2387,0.584704
2388,1.399808
2389,1.325056
2390,1.292288
2391,1.299456
2392,1.346560
2393,1.348608
2394,1.338368
2395,1.367040
2396,1.353728
2397,1.314816
2398,1.349632
2399,1.321984
2400,1.311744
2401,1.329152
2402,1.339392
2403,1.341440
2404,1.349632
2405,1.316864
2406,1.345536
2407,1.369088
2408,1.359872
2409,1.371136
2410,1.336320
2411,1.310720
2412,1.338368
2413,1.390592
2414,1.324032
2415,1.292288
2416,1.321984
2417,1.349632
2418,1.352704
2419,1.327104
2420,1.333248
2421,1.283072
2422,1.334272
2423,1.352704
2424,1.333248
2425,1.339392
2426,1.336320
2427,1.353728
2428,1.361920
2429,1.282048
2430,1.332224
2431,1.334272
2432,1.332224
2433,0.868352
2434,0.658432
2435,1.297408
2436,1.232896
2437,1.285120
2438,1.302528
2439,1.357824
2440,1.340416
2441,1.378304
2442,1.362944
2443,1.348608
2444,1.356800
2445,1.320960
2446,1.373184
2447,1.375232
2448,1.286144
2449,1.338368
2450,1.348608
2451,1.345536
2452,1.388544
2453,1.363968
2454,1.348608
2455,1.383424
2456,1.354752
2457,1.303552
2458,1.353728
2459,1.323008
2460,1.355776
2461,1.374208
2462,1.340416
2463,1.323008
2464,1.305600
2465,1.362944
2466,1.330176
2467,1.367040
2468,1.393664
2469,1.339392
2470,1.356800
2471,1.376256
2472,1.352704
2473,1.354752
2474,1.325056
2475,1.314816
2476,1.347584
2477,1.343488
2478,1.352704
2479,1.241088
2480,0.999424
2481,0.838656
2482,1.327104
2483,1.357824
2484,1.371136
2485,1.333248
2486,1.286144
2487,1.318912
2488,1.390592
2489,1.330176
2490,1.378304
2491,1.381376
2492,1.335296
2493,1.315840
2494,1.332224
2495,1.315840
2496,1.390592
2497,1.389568
2498,1.327104
2499,1.376256
2500,1.386496
2501,1.398784
2502,1.381376
2503,1.346560
2504,1.384448
2505,1.378304
2506,1.319936
2507,1.318912
2508,1.350656
2509,1.329152
2510,1.386496
2511,1.336320
2512,1.337344
2513,1.305600
2514,1.317888
2515,1.325056
2516,1.356800
2517,1.326080
2518,1.356800
2519,1.383424
2520,1.387520
2521,1.330176
2522,1.304576
2523,1.408000
2524,1.393664
2525,1.317888
2526,1.186816
2527,0.710656
2528,1.383424
2529,1.418240
2530,1.353728
2531,1.350656
2532,1.335296
2533,1.334272
2534,1.352704
2535,1.338368
2536,1.347584
2537,1.317888
2538,1.304576
2539,1.368064
2540,1.380352
2541,1.333248
2542,1.343488
2543,1.348608
2544,1.316864
2545,1.318912
2546,1.348608
2547,1.396736
2548,1.342464
2549,1.351680
2550,1.341440
2551,1.340416
2552,1.316864
2553,1.316864
2554,1.356800
2555,1.352704
2556,1.378304
2557,1.396736
2558,1.307648
2559,1.335296
2560,1.321984
2561,1.358848
2562,1.321984
2563,1.390592
2564,1.321984
2565,1.372160
2566,1.363968
2567,1.384448
2568,1.343488
2569,1.364992
2570,1.351680
2571,1.354752
2572,1.267712
2573,0.806912
2574,0.627712
2575,0.609280
2576,0.598016
2577,0.587776
2578,0.573440
2579,0.604160
2580,0.664576
2581,0.875520
2582,1.286144
2583,1.325056
2584,1.356800
2585,1.337344
2586,1.361920
2587,1.338368
2588,1.340416
2589,1.281024
2590,1.332224
2591,1.327104
2592,1.346560
2593,1.341440
2594,1.313792
2595,1.327104
2596,1.360896
2597,1.344512
2598,1.393664
2599,1.294336
2600,1.323008
2601,1.311744
2602,1.338368
2603,1.346560
2604,1.355776
2605,1.373184
2606,1.335296
2607,1.517568
2608,1.368064
2609,1.397760
2610,1.349632
2611,1.371136
2612,1.333248
2613,1.326080
2614,1.374208
2615,1.336320
2616,1.347584
2617,1.317888
2618,1.262592
2619,1.319936
2620,1.368064
2621,1.328128
2622,1.351680
2623,1.392640
2624,1.369088
2625,1.343488
2626,1.243136
2627,1.214464
2628,1.354752
2629,1.350656
2630,1.306624
2631,1.337344
2632,1.362944
2633,1.331200
2634,1.291264
2635,1.320960
2636,1.320960
2637,1.349632
2638,1.328128
2639,1.317888
2640,1.337344
2641,1.347584
2642,1.303552
2643,1.327104
2644,1.326080
2645,1.358848
2646,1.346560
2647,1.294336
2648,1.328128
2649,1.323008
2650,1.331200
2651,1.370112
2652,1.335296
2653,1.376256
2654,1.375232
2655,1.385472
2656,1.359872
2657,1.350656
2658,1.347584
2659,1.343488
2660,1.356800
2661,1.332224
2662,1.257472
2663,1.353728
2664,1.328128
2665,1.310720
2666,1.350656
2667,1.368064
2668,1.335296
2669,1.352704
2670,1.329152
2671,0.986112
2672,0.694272
2673,0.690176
2674,0.629760
2675,0.610304
2676,0.606208
2677,1.386496
2678,1.340416
2679,1.404928
2680,1.357824
2681,1.336320
2682,1.313792
2683,1.388544
2684,1.392640
2685,1.361920
2686,1.347584
2687,1.303552
2688,1.382400
2689,1.342464
2690,1.348608
2691,1.359872
2692,1.324032
2693,1.332224
2694,1.338368
2695,1.332224
2696,1.334272
2697,1.316864
2698,1.342464
2699,1.303552
2700,1.323008
2701,1.356800
2702,1.319936
2703,1.313792
2704,1.329152
2705,1.295360
2706,1.320960
2707,1.324032
2708,1.364992
2709,1.369088
2710,1.388544
2711,1.336320
2712,1.314816
2713,1.357824
2714,1.330176
2715,1.329152
2716,1.333248
2717,1.307648
2718,1.364992
2719,1.297408
2720,1.346560
2721,1.229824
2722,0.804864
2723,0.607232
2724,0.583680
2725,1.340416
2726,1.239040
2727,1.333248
2728,1.305600
2729,1.309696
2730,1.358848
2731,1.334272
2732,1.307648
2733,1.363968
2734,1.343488
2735,1.383424
2736,1.318912
2737,1.334272
2738,1.338368
2739,1.348608
2740,1.358848
2741,1.344512
2742,1.308672
2743,1.383424
2744,1.329152
2745,1.346560
2746,1.397760
2747,1.350656
2748,1.364992
2749,1.352704
2750,1.369088
2751,1.345536
2752,1.363968
2753,1.331200
2754,1.369088
2755,1.310720
2756,1.334272
2757,1.312768
2758,1.384448
2759,1.310720
2760,1.307648
2761,1.337344
2762,1.384448
2763,1.387520
2764,1.352704
2765,1.362944
2766,1.317888
2767,1.309696
2768,1.344512
2769,1.316864
2770,1.389568
2771,1.363968
2772,1.374208
2773,1.316864
2774,1.303552
2775,1.303552
2776,1.305600
2777,1.315840
2778,1.302528
2779,1.346560
2780,1.323008
2781,1.315840
2782,1.346560
2783,1.324032
2784,1.351680
2785,1.358848
2786,1.345536
2787,1.345536
2788,1.321984
2789,1.361920
2790,1.348608
2791,1.356800
2792,1.352704
2793,1.374208
2794,1.304576
2795,1.327104
2796,1.316864
2797,1.387520
2798,1.326080
2799,1.325056
2800,1.303552
2801,1.331200
2802,1.314816
2803,1.352704
2804,1.360896
2805,1.317888
2806,1.362944
2807,1.416192
2808,1.344512
2809,1.353728
2810,1.354752
2811,1.378304
2812,1.364992
2813,1.376256
2814,1.157120
2815,0.763904
2816,0.671744
2817,0.636928
2818,0.596992
2819,0.576512
2820,1.357824
2821,1.317888
2822,1.271808
2823,1.273856
2824,1.311744
2825,1.343488
2826,1.378304
2827,1.345536
2828,1.356800
2829,1.337344
2830,1.361920
2831,1.398784
2832,1.367040
2833,1.334272
2834,1.381376
2835,1.345536
2836,1.273856
2837,1.367040
2838,1.355776
2839,1.336320
2840,1.335296
2841,1.320960
2842,1.350656
2843,1.361920
2844,1.369088
2845,1.357824
2846,1.294336
2847,1.356800
2848,1.354752
2849,1.316864
2850,1.380352
2851,1.371136
2852,1.371136
2853,1.372160
2854,1.354752
2855,1.390592
2856,1.317888
2857,1.360896
2858,1.304576
2859,1.304576
2860,1.306624
2861,1.372160
2862,1.324032
2863,1.323008
2864,1.326080
2865,1.188864
2866,1.234944
2867,1.327104
2868,1.324032
2869,1.321984
2870,1.316864
2871,1.299456
2872,1.319936
2873,1.367040
2874,1.292288
2875,1.366016
2876,1.305600
2877,1.368064
2878,1.360896
2879,1.377280
2880,1.311744
2881,1.340416
2882,1.363968
2883,1.362944
2884,1.338368
2885,1.372160
2886,1.349632
2887,1.342464
2888,1.342464
2889,1.367040
2890,1.331200
2891,1.357824
2892,1.352704
2893,1.340416
2894,1.325056
2895,1.354752
2896,1.321984
2897,1.349632
2898,1.371136
2899,1.352704
2900,1.380352
2901,1.347584
2902,1.343488
2903,1.300480
2904,1.303552
2905,1.321984
2906,1.344512
2907,1.299456
2908,1.305600
2909,1.221632
2910,0.875520
2911,1.369088
2912,1.317888
2913,1.277952
2914,1.316864
2915,1.368064
2916,1.334272
2917,1.284096
2918,1.405952
2919,1.387520
2920,1.376256
2921,1.358848
2922,1.320960
2923,1.329152
2924,1.321984
2925,1.389568
2926,1.356800
2927,1.369088
2928,1.342464
2929,1.370112
2930,1.318912
2931,1.318912
2932,1.311744
2933,1.306624
2934,1.343488
2935,1.380352
2936,1.300480
2937,1.340416
2938,1.370112
2939,1.307648
2940,1.347584
2941,1.349632
2942,1.316864
2943,1.323008
2944,1.338368
2945,1.462272
2946,1.328128
2947,1.517568
2948,1.338368
2949,1.319936
2950,1.295360
2951,1.347584
2952,1.355776
2953,1.340416
2954,1.331200
2955,1.268736
2956,0.974848
2957,0.655360
2958,0.622592
2959,0.627712
2960,1.467392
2961,1.300480
2962,1.369088
2963,1.352704
2964,1.313792
2965,1.277952
2966,1.334272
2967,1.309696
2968,1.277952
2969,1.302528
2970,1.373184
2971,1.343488
2972,1.361920
2973,1.363968
2974,1.303552
2975,1.369088
2976,1.342464
2977,1.366016
2978,1.366016
2979,1.304576
2980,1.361920
2981,1.362944
2982,1.359872
2983,1.359872
2984,1.356800
2985,1.357824
2986,1.366016
2987,1.413120
2988,1.367040
2989,1.377280
2990,1.334272
2991,1.341440
2992,1.346560
2993,1.371136
2994,1.336320
2995,1.335296
2996,1.276928
2997,1.380352
2998,1.394688
2999,1.393664
3000,1.276928
3001,1.349632
3002,1.347584
3003,1.309696
3004,1.034240
3005,0.844800
3006,0.654336
3007,0.625664
3008,1.386496
3009,1.311744
3010,1.143808
3011,1.359872
3012,1.334272
3013,1.318912
3014,1.310720
3015,1.362944
3016,1.324032
3017,1.344512
3018,1.340416
3019,1.364992
3020,1.355776
3021,1.358848
3022,1.360896
3023,1.351680
3024,1.327104
3025,1.346560
3026,1.324032
3027,1.348608
3028,1.389568
3029,1.351680
3030,1.335296
3031,1.329152
3032,1.324032
3033,1.320960
3034,1.320960
3035,1.335296
3036,1.307648
3037,1.323008
3038,1.344512
3039,1.323008
3040,1.358848
3041,1.328128
3042,1.287168
3043,1.315840
3044,1.318912
3045,1.330176
3046,1.355776
3047,1.324032
3048,1.361920
3049,1.335296
3050,1.340416
3051,1.364992
3052,1.320960
3053,1.010688
3054,0.620544
3055,0.607232
3056,0.591872
3057,0.585728
3058,0.595968
3059,0.586752
3060,0.578560
3061,1.309696
3062,1.209344
3063,1.273856
3064,1.253376
3065,1.313792
3066,1.333248
3067,1.316864
3068,1.344512
3069,1.353728
3070,1.385472
3071,1.337344
3072,1.336320
3073,1.333248
3074,1.335296
3075,1.352704
3076,1.321984
3077,1.294336
3078,1.341440
3079,1.345536
3080,1.338368
3081,1.317888
3082,1.358848
3083,1.295360
3084,1.338368
3085,1.381376
3086,1.310720
3087,1.316864
3088,1.353728
3089,1.304576
3090,1.307648
3091,1.321984
3092,1.294336
3093,1.349632
3094,1.328128
3095,1.381376
3096,1.330176
3097,1.303552
3098,1.339392
3099,1.334272
3100,1.360896
3101,1.318912
3102,1.304576
3103,1.392640
3104,1.361920
3105,1.293312
3106,1.257472
3107,1.054720
3108,1.281024
3109,1.317888
3110,1.374208
3111,1.315840
3112,1.339392
3113,1.362944
3114,1.323008
3115,1.336320
3116,1.293312
3117,1.347584
3118,1.310720
3119,1.325056
3120,1.353728
3121,1.329152
3122,1.364992
3123,1.321984
3124,1.317888
3125,1.312768
3126,1.360896
3127,1.372160
3128,1.332224
3129,1.320960
3130,1.323008
3131,1.339392
3132,1.361920
3133,1.326080
3134,1.312768
3135,1.324032
3136,1.363968
3137,1.336320
3138,1.526784
3139,1.324032
3140,1.373184
3141,1.313792
3142,1.357824
3143,1.314816
3144,1.345536
3145,1.367040
3146,1.329152
3147,1.330176
3148,1.355776
3149,1.352704
3150,1.277952
3151,1.181696
3152,1.148928
3153,1.305600
3154,1.355776
3155,1.355776
3156,1.368064
3157,1.364992
3158,1.304576
3159,1.357824
3160,1.312768
3161,1.319936
3162,1.341440
3163,1.347584
3164,1.338368
3165,1.353728
3166,1.300480
3167,1.345536
3168,1.359872
3169,1.340416
3170,1.335296
3171,1.284096
3172,1.369088
3173,1.368064
3174,1.356800
3175,1.297408
3176,1.323008
3177,1.336320
3178,1.328128
3179,1.351680
3180,1.313792
3181,1.357824
3182,1.307648
3183,1.309696
3184,1.338368
3185,1.397760
3186,1.267712
3187,1.313792
3188,1.297408
3189,1.319936
3190,1.342464
3191,1.328128
3192,1.342464
3193,1.364992
3194,1.358848
3195,1.348608
3196,1.118208
3197,1.200128
3198,1.207296
3199,1.297408
3200,1.266688
3201,1.273856
3202,1.325056
3203,1.278976
3204,1.338368
3205,1.288192
3206,1.259520
3207,1.309696
3208,1.319936
3209,1.330176
3210,1.340416
3211,1.327104
3212,1.350656
3213,1.345536
3214,1.315840
3215,1.311744
3216,1.350656
3217,1.357824
3218,1.298432
3219,1.305600
3220,1.317888
3221,1.372160
3222,1.341440
3223,1.335296
3224,1.371136
3225,1.350656
3226,1.390592
3227,1.343488
3228,1.349632
3229,1.367040
3230,1.308672
3231,1.354752
3232,1.331200
3233,1.344512
3234,1.330176
3235,1.338368
3236,1.363968
3237,1.352704
3238,1.288192
3239,1.324032
3240,1.321984
3241,1.363968
3242,1.209344
3243,0.951296
3244,0.611328
3245,0.587776
3246,0.585728
3247,1.345536
3248,1.298432
3249,1.336320
3250,1.315840
3251,1.350656
3252,1.367040
3253,1.314816
3254,1.337344
3255,1.342464
3256,1.379328
3257,1.331200
3258,1.352704
3259,1.332224
3260,1.354752
3261,1.331200
3262,1.318912
3263,1.387520
3264,1.312768
3265,1.357824
3266,1.303552
3267,1.335296
3268,1.341440
3269,1.361920
3270,1.386496
3271,1.329152
3272,1.349632
3273,1.294336
3274,1.333248
3275,1.333248
3276,1.369088
3277,1.337344
3278,1.337344
3279,1.336320
3280,1.349632
3281,1.335296
3282,1.329152
3283,1.325056
3284,1.336320
3285,1.356800
3286,1.372160
3287,1.346560
3288,1.385472
3289,1.344512
3290,1.334272
3291,1.201152
3292,0.745472
3293,0.663552
3294,1.357824
3295,1.343488
3296,1.309696
3297,1.270784
3298,1.291264
3299,1.414144
3300,1.340416
3301,1.356800
3302,1.305600
3303,1.337344
3304,1.374208
3305,1.336320
3306,1.353728
3307,1.368064
3308,1.366016
3309,1.321984
3310,1.313792
3311,1.357824
3312,1.311744
3313,1.359872
3314,1.350656
3315,1.300480
3316,1.311744
3317,1.321984
3318,1.383424
3319,1.332224
3320,1.358848
3321,1.338368
3322,1.282048
3323,1.341440
3324,1.332224
3325,1.347584
3326,1.333248
3327,1.306624
3328,1.346560
3329,1.332224
3330,1.372160
3331,1.329152
3332,1.333248
3333,1.350656
3334,1.332224
3335,1.329152
3336,1.330176
3337,1.359872
3338,1.206272
3339,0.824320
3340,0.695296
3341,0.614400
3342,0.607232
3343,0.591872
3344,0.581632
3345,0.568320
3346,1.387520
3347,1.424384
3348,1.340416
3349,1.405952
3350,1.358848
3351,1.315840
3352,1.364992
3353,1.364992
3354,1.338368
3355,1.316864
3356,1.332224
3357,1.326080
3358,1.332224
3359,1.339392
3360,1.356800
3361,1.357824
3362,1.306624
3363,1.353728
3364,1.338368
3365,1.294336
3366,1.355776
3367,1.347584
3368,1.347584
3369,1.344512
3370,1.325056
3371,1.346560
3372,1.368064
3373,1.334272
3374,1.330176
3375,1.340416
3376,1.350656
3377,1.362944
3378,1.331200
3379,1.353728
3380,1.396736
3381,1.299456
3382,1.337344
3383,1.303552
3384,1.336320
3385,1.316864
3386,1.375232
3387,1.363968
3388,1.310720
3389,1.338368
3390,1.344512
3391,1.238016
3392,1.197056
3393,1.341440
3394,1.304576
3395,1.250304
3396,1.321984
3397,1.321984
3398,1.393664
3399,1.359872
3400,1.343488
3401,1.336320
3402,1.342464
3403,1.360896
3404,1.353728
3405,1.316864
3406,1.374208
3407,1.376256
3408,1.312768
3409,1.340416
3410,1.306624
3411,1.360896
3412,1.323008
3413,1.358848
3414,1.315840
3415,1.319936
3416,1.306624
3417,1.294336
3418,1.301504
3419,1.329152
3420,1.330176
3421,1.402880
3422,1.295360
3423,1.342464
3424,1.339392
3425,1.304576
3426,1.368064
3427,1.300480
3428,1.304576
3429,1.321984
3430,1.372160
3431,1.390592
3432,1.401856
3433,1.345536
3434,1.337344
3435,1.316864
3436,1.166336
3437,1.309696
3438,1.111040
3439,1.327104
3440,1.288192
3441,1.376256
3442,1.362944
3443,1.348608
3444,1.336320
3445,1.314816
3446,1.440768
3447,1.357824
3448,1.251328
3449,1.399808
3450,1.356800
3451,1.337344
3452,1.323008
3453,1.370112
3454,1.348608
3455,1.330176
3456,1.363968
3457,1.384448
3458,1.347584
3459,1.383424
3460,1.378304
3461,1.364992
3462,1.287168
3463,1.379328
3464,1.396736
3465,1.346560
3466,1.312768
3467,1.281024
3468,1.320960
3469,1.360896
3470,1.330176
3471,1.355776
3472,1.368064
3473,1.320960
3474,1.296384
3475,1.360896
3476,1.378304
3477,1.329152
3478,1.338368
3479,1.374208
3480,1.328128
3481,1.282048
3482,0.878592
3483,0.675840
3484,0.630784
3485,0.611328
3486,0.603136
3487,1.361920
3488,1.288192
3489,1.260544
3490,1.303552
3491,1.303552
3492,1.359872
3493,1.332224
3494,1.360896
3495,1.346560
3496,1.291264
3497,1.323008
3498,1.358848
3499,1.313792
3500,1.298432
3501,1.312768
3502,1.306624
3503,1.334272
3504,1.347584
3505,1.295360
3506,1.306624
3507,1.296384
3508,1.307648
3509,1.343488
3510,1.363968
3511,1.361920
3512,1.313792
3513,1.328128
3514,1.347584
3515,1.344512
3516,1.288192
3517,1.340416
3518,1.335296
3519,1.310720
3520,1.347584
3521,1.387520
3522,1.345536
3523,1.353728
3524,1.353728
3525,1.349632
3526,1.308672
3527,1.341440
3528,1.367040
3529,1.366016
3530,1.305600
3531,1.302528
3532,1.224704
3533,0.740352
3534,1.272832
3535,1.201152
3536,1.289216
3537,1.295360
3538,1.295360
3539,1.359872
3540,1.352704
3541,1.359872
3542,1.317888
3543,1.326080
3544,1.344512
3545,1.463296
3546,1.334272
3547,1.334272
3548,1.294336
3549,1.334272
3550,1.291264
3551,1.381376
3552,1.385472
3553,1.376256
3554,1.328128
3555,1.336320
3556,1.381376
3557,1.290240
3558,1.345536
3559,1.385472
3560,1.347584
3561,1.375232
3562,1.288192
3563,1.310720
3564,1.275904
3565,1.313792
3566,1.297408
3567,1.369088
3568,1.385472
3569,1.390592
3570,1.367040
3571,1.335296
3572,1.348608
3573,1.334272
3574,1.287168
3575,1.334272
3576,1.328128
3577,1.341440
3578,1.285120
3579,1.063936
3580,1.314816
3581,1.231872
3582,1.333248
3583,1.316864
3584,1.369088
3585,1.351680
3586,1.328128
3587,1.343488
3588,1.391616
3589,1.271808
3590,1.338368
3591,1.293312
3592,1.339392
3593,1.348608
3594,1.308672
3595,1.390592
3596,1.361920
3597,1.340416
3598,1.357824
3599,1.389568
3600,1.369088
3601,1.329152
3602,1.331200
3603,1.349632
3604,1.343488
3605,1.355776
3606,1.304576
3607,1.307648
3608,1.312768
3609,1.357824
3610,1.320960
3611,1.327104
3612,1.323008
3613,1.327104
3614,1.338368
3615,1.373184
3616,1.336320
3617,1.328128
3618,1.342464
3619,1.308672
3620,1.357824
3621,1.291264
3622,1.303552
3623,1.291264
3624,1.348608
3625,1.019904
3626,0.642048
3627,0.609280
3628,0.603136
3629,0.590848
3630,0.593920
3631,0.576512
3632,0.568320
3633,0.566272
3634,0.561152
3635,1.354752
3636,1.281024
3637,1.282048
3638,1.271808
3639,1.337344
3640,1.376256
3641,1.332224
3642,1.342464
3643,1.323008
3644,1.324032
3645,1.314816
3646,1.313792
3647,1.336320
3648,1.329152
3649,1.352704
3650,1.353728
3651,1.343488
3652,1.243136
3653,1.362944
3654,1.298432
3655,1.307648
3656,1.271808
3657,1.306624
3658,1.339392
3659,1.290240
3660,1.306624
3661,1.302528
3662,1.325056
3663,1.336320
3664,1.342464
3665,1.369088
3666,1.376256
3667,1.320960
3668,1.362944
3669,1.366016
3670,1.336320
3671,1.331200
3672,1.344512
3673,1.344512
3674,1.355776
3675,1.371136
3676,1.343488
3677,1.314816
3678,1.351680
3679,1.310720
3680,0.977920
3681,1.299456
3682,1.125376
3683,1.311744
3684,1.336320
3685,1.358848
3686,1.321984
3687,1.366016
3688,1.374208
3689,1.343488
3690,1.332224
3691,1.359872
3692,1.320960
3693,1.357824
3694,1.330176
3695,1.354752
3696,1.348608
3697,1.351680
3698,1.278976
3699,1.323008
3700,1.354752
3701,1.331200
3702,1.349632
3703,1.345536
3704,1.348608
3705,1.307648
3706,1.305600
3707,1.337344
3708,1.519616
3709,1.300480
3710,1.330176
3711,1.344512
3712,1.304576
3713,1.317888
3714,1.337344
3715,1.312768
3716,1.335296
3717,1.325056
3718,1.350656
3719,1.387520
3720,1.305600
3721,1.353728
3722,1.334272
3723,1.333248
3724,1.329152
3725,1.298432
3726,0.993280
3727,0.809984
3728,0.691200
3729,0.574464
3730,0.571392
3731,0.562176
3732,1.373184
3733,1.411072
3734,1.358848
3735,1.309696
3736,1.355776
3737,1.361920
3738,1.377280
3739,1.358848
3740,1.361920
3741,1.375232
3742,1.319936
3743,1.354752
3744,1.370112
3745,1.380352
3746,1.274880
3747,1.353728
3748,1.264640
3749,1.316864
3750,1.302528
3751,1.362944
3752,1.378304
3753,1.340416
3754,1.341440
3755,1.342464
3756,1.397760
3757,1.336320
3758,1.380352
3759,1.372160
3760,1.402880
3761,1.494016
3762,1.469440
3763,1.367040
3764,1.316864
3765,1.363968
3766,1.339392
3767,1.335296
3768,1.314816
3769,1.316864
3770,1.297408
3771,1.312768
3772,1.305600
3773,1.364992
3774,1.315840
3775,1.341440
3776,1.255424
3777,0.774144
3778,0.608256
3779,0.609280
3780,0.600064
3781,1.408000
3782,1.367040
3783,1.327104
3784,1.349632
3785,1.342464
3786,1.350656
3787,1.306624
3788,1.285120
3789,1.286144
3790,1.363968
3791,1.284096
3792,1.369088
3793,1.374208
3794,1.377280
3795,1.347584
3796,1.357824
3797,1.339392
3798,1.296384
3799,1.398784
3800,1.523712
3801,1.329152
3802,1.320960
3803,1.332224
3804,1.384448
3805,1.329152
3806,1.367040
3807,1.310720
3808,1.372160
3809,1.367040
3810,1.340416
3811,1.314816
3812,1.326080
3813,1.332224
3814,1.337344
3815,1.351680
3816,1.324032
3817,1.291264
3818,1.346560
3819,1.316864
3820,1.344512
3821,1.351680
3822,1.343488
3823,1.362944
3824,1.306624
3825,1.334272
3826,1.265664
3827,1.313792
3828,1.290240
3829,1.253376
3830,1.325056
3831,1.368064
3832,1.333248
3833,1.361920
3834,1.379328
3835,1.320960
3836,1.314816
3837,1.320960
3838,1.343488
3839,1.326080
3840,1.320960
3841,1.308672
3842,1.338368
3843,1.377280
3844,1.303552
3845,1.277952
3846,1.206272
3847,1.273856
3848,1.310720
3849,1.286144
3850,1.298432
3851,1.340416
3852,1.338368
3853,1.348608
3854,1.307648
3855,1.323008
3856,1.350656
3857,1.359872
3858,1.324032
3859,1.337344
3860,1.321984
3861,1.305600
3862,1.287168
3863,1.328128
3864,1.343488
3865,1.356800
3866,1.331200
3867,1.380352
3868,1.347584
3869,1.338368
3870,1.189888
3871,0.755712
3872,1.266688
3873,1.196032
3874,1.335296
3875,1.367040
3876,1.371136
3877,1.338368
3878,1.351680
3879,1.296384
3880,1.326080
3881,1.328128
3882,1.299456
3883,1.281024
3884,1.353728
3885,1.347584
3886,1.336320
3887,1.355776
3888,1.320960
3889,1.355776
3890,1.305600
3891,1.346560
3892,1.311744
3893,1.205248
3894,1.330176
3895,1.324032
3896,1.340416
3897,1.371136
3898,1.329152
3899,1.302528
3900,1.247232
3901,1.374208
3902,1.359872
3903,1.364992
3904,1.402880
3905,1.358848
3906,1.349632
3907,1.349632
3908,1.346560
3909,1.303552
3910,1.375232
3911,1.360896
3912,1.396736
3913,1.362944
3914,1.347584
3915,1.342464
3916,1.315840
3917,1.292288
3918,0.780288
3919,0.590848
3920,0.569344
3921,0.566272
3922,0.566272
3923,1.277952
3924,1.402880
3925,1.328128
3926,1.321984
3927,1.318912
3928,1.301504
3929,1.345536
3930,1.309696
3931,1.356800
3932,1.316864
3933,1.362944
3934,1.373184
3935,1.316864
3936,1.366016
3937,1.306624
3938,1.318912
3939,1.327104
3940,1.357824
3941,1.352704
3942,1.391616
3943,1.330176
3944,1.345536
3945,1.353728
3946,1.376256
3947,1.301504
3948,1.299456
3949,1.291264
3950,1.371136
3951,1.341440
3952,1.311744
3953,1.314816
3954,1.341440
3955,1.350656
3956,1.325056
3957,1.368064
3958,1.364992
3959,1.299456
3960,1.317888
3961,1.330176
3962,1.307648
3963,1.323008
3964,1.319936
3965,1.333248
3966,1.408000
3967,1.224704
3968,0.875520
3969,0.630784
3970,1.404928
3971,1.386496
3972,1.373184
3973,1.355776
3974,1.330176
3975,1.324032
3976,1.305600
3977,1.325056
3978,1.355776
3979,1.350656
3980,1.312768
3981,1.350656
3982,1.317888
3983,1.383424
3984,1.371136
3985,1.362944
3986,1.362944
3987,1.275904
3988,1.384448
3989,1.328128
3990,1.326080
3991,1.324032
3992,1.368064
3993,1.313792
3994,1.326080
3995,1.353728
3996,1.364992
3997,1.343488
3998,1.382400
3999,1.310720
4000,1.311744
4001,1.361920
4002,1.331200
4003,1.351680
4004,1.315840
4005,1.356800
4006,1.324032
4007,1.368064
4008,1.367040
4009,1.464320
4010,1.379328
4011,1.340416
4012,1.388544
4013,1.362944
4014,1.257472
4015,0.805888
4016,0.615424
4017,0.610304
4018,0.610304
4019,1.383424
4020,1.392640
4021,1.356800
4022,1.375232
4023,1.370112
4024,1.353728
4025,1.352704
4026,1.388544
4027,1.371136
4028,1.374208
4029,1.372160
4030,1.334272
4031,1.347584
4032,1.368064
4033,1.379328
4034,1.342464
4035,1.363968
4036,1.388544
4037,1.373184
4038,1.369088
4039,1.347584
4040,1.385472
4041,1.320960
4042,1.344512
4043,1.356800
4044,1.323008
4045,1.351680
4046,1.314816
4047,1.303552
4048,1.320960
4049,1.358848
4050,1.310720
4051,1.370112
4052,1.309696
4053,1.277952
4054,1.291264
4055,1.234944
4056,1.253376
4057,1.269760
4058,1.333248
4059,1.357824
4060,1.332224
4061,1.335296
4062,1.353728
4063,1.294336
4064,0.643072
4065,0.579584
4066,0.574464
4067,0.571392
4068,0.570368
4069,0.567296
4070,0.565248
4071,0.549888
4072,1.384448
4073,1.340416
4074,1.382400
4075,1.287168
4076,1.371136
4077,1.316864
4078,1.341440
4079,1.356800
4080,1.349632
4081,1.356800
4082,1.296384
4083,1.351680
4084,1.362944
4085,1.343488
4086,1.339392
4087,1.349632
4088,1.351680
4089,1.342464
4090,1.328128
4091,1.342464
4092,1.350656
4093,1.399808
4094,1.349632
4095,1.372160
4096,1.371136
4097,1.353728
4098,1.390592
4099,1.342464
4100,1.347584
4101,1.351680
4102,1.338368
4103,1.305600
4104,1.333248
4105,1.355776
4106,1.332224
4107,1.388544
4108,1.290240
4109,1.369088
4110,1.352704
4111,1.313792
4112,1.367040
4113,1.366016
4114,1.315840
4115,1.405952
4116,1.342464
4117,1.068032
4118,1.367040
4119,1.258496
4120,1.313792
4121,1.303552
4122,1.363968
4123,1.302528
4124,1.408000
4125,1.346560
4126,1.358848
4127,1.346560
4128,1.341440
4129,1.341440
4130,1.328128
4131,1.268736
4132,1.329152
4133,1.310720
4134,1.336320
4135,1.364992
4136,1.298432
4137,1.300480
4138,1.394688
4139,1.357824
4140,1.330176
4141,1.299456
4142,1.294336
4143,1.382400
4144,1.340416
4145,1.360896
4146,1.391616
4147,1.349632
4148,1.321984
4149,1.395712
4150,1.376256
4151,1.304576
4152,1.310720
4153,1.326080
4154,1.379328
4155,1.341440
4156,1.307648
4157,1.353728
4158,1.325056
4159,1.337344
4160,1.378304
4161,1.337344
4162,1.288192
4163,0.987136
4164,1.429504
4165,1.285120
4166,1.361920
4167,1.338368
4168,1.340416
4169,1.372160
4170,1.314816
4171,1.364992
4172,1.327104
4173,1.325056
4174,1.355776
4175,1.352704
4176,1.327104
4177,1.373184
4178,1.362944
4179,1.340416
4180,1.368064
4181,1.358848
4182,1.301504
4183,1.316864
4184,1.340416
4185,1.327104
4186,1.338368
4187,1.331200
4188,1.354752
4189,1.331200
4190,1.358848
4191,1.334272
4192,1.338368
4193,1.323008
4194,1.321984
4195,1.340416
4196,1.311744
4197,1.323008
4198,1.374208
4199,1.281024
4200,1.340416
4201,1.361920
4202,1.348608
4203,1.364992
4204,1.357824
4205,1.373184
4206,1.331200
4207,1.330176
4208,1.220608
4209,1.314816
4210,1.177600
4211,1.357824
4212,1.372160
4213,1.331200
4214,1.369088
4215,1.393664
4216,1.323008
4217,1.354752
4218,1.328128
4219,1.331200
4220,1.337344
4221,1.319936
4222,1.310720
4223,1.353728
4224,1.334272
4225,1.329152
4226,1.373184
4227,1.320960
4228,1.371136
4229,1.326080
4230,1.358848
4231,1.368064
4232,1.309696
4233,1.342464
4234,1.335296
4235,1.358848
4236,1.327104
4237,1.340416
4238,1.328128
4239,1.311744
4240,1.295360
4241,1.346560
4242,1.313792
4243,1.326080
4244,1.396736
4245,1.344512
4246,1.353728
4247,1.437696
4248,1.324032
4249,1.338368
4250,1.341440
4251,1.282048
4252,1.307648
4253,1.299456
4254,1.091584
4255,0.708608
4256,0.596992
4257,0.587776
4258,1.336320
4259,1.336320
4260,1.294336
4261,1.346560
4262,1.292288
4263,1.364992
4264,1.327104
4265,1.381376
4266,1.349632
4267,1.380352
4268,1.357824
4269,1.348608
4270,1.343488
4271,1.354752
4272,1.394688
4273,1.310720
4274,1.381376
4275,1.359872
4276,1.352704
4277,1.353728
4278,1.304576
4279,1.319936
4280,1.347584
4281,1.387520
4282,1.342464
4283,1.327104
4284,1.301504
4285,1.326080
4286,1.294336
4287,1.311744
4288,1.313792
4289,1.358848
4290,1.270784
4291,1.283072
4292,1.299456
4293,1.312768
4294,1.298432
4295,1.292288
4296,1.320960
4297,1.392640
4298,1.357824
4299,1.344512
4300,1.315840
4301,1.357824
4302,1.369088
4303,1.174528
4304,1.222656
4305,1.331200
4306,1.308672
4307,1.314816
4308,1.364992
4309,1.259520
4310,1.320960
4311,1.345536
4312,1.340416
4313,1.334272
4314,1.346560
4315,1.362944
4316,1.316864
4317,1.352704
4318,1.356800
4319,1.305600
4320,1.283072
4321,1.295360
4322,1.287168
4323,1.302528
4324,1.305600
4325,1.311744
4326,1.328128
4327,1.314816
4328,1.338368
4329,1.272832
4330,1.356800
4331,1.357824
4332,1.358848
4333,1.292288
4334,1.356800
4335,1.388544
4336,1.353728
4337,1.366016
4338,1.343488
4339,1.346560
4340,1.344512
4341,1.303552
4342,1.366016
4343,1.299456
4344,1.344512
4345,1.364992
4346,1.351680
4347,1.346560
4348,0.894976
4349,0.661504
4350,0.645120
4351,0.610304
4352,0.621568
4353,0.602112
4354,0.588800
4355,0.577536
4356,0.564224
4357,1.359872
4358,1.261568
4359,1.351680
4360,1.256448
4361,1.326080
4362,1.402880
4363,1.367040
4364,1.354752
4365,1.363968
4366,1.367040
4367,1.326080
4368,1.324032
4369,1.323008
4370,1.369088
4371,1.353728
4372,1.346560
4373,1.348608
4374,1.356800
4375,1.410048
4376,1.309696
4377,1.323008
4378,1.286144
4379,1.358848
4380,1.348608
4381,1.278976
4382,1.314816
4383,1.327104
4384,1.276928
4385,1.328128
4386,1.330176
4387,1.326080
4388,1.312768
4389,1.348608
4390,1.391616
4391,1.387520
4392,1.361920
4393,1.352704
4394,1.351680
4395,1.350656
4396,1.320960
4397,1.367040
4398,1.344512
4399,1.327104
4400,1.351680
4401,1.262592
4402,0.990208
4403,0.650240
4404,0.612352
4405,0.596992
4406,0.590848
4407,0.594944
4408,1.401856
4409,1.411072
4410,1.333248
4411,1.295360
4412,1.298432
4413,1.327104
4414,1.374208
4415,1.355776
4416,1.331200
4417,1.342464
4418,1.323008
4419,1.280000
4420,1.352704
4421,1.280000
4422,1.369088
4423,1.373184
4424,1.357824
4425,1.422336
4426,1.361920
4427,1.361920
4428,1.337344
4429,1.368064
4430,1.377280
4431,1.374208
4432,1.331200
4433,1.316864
4434,1.335296
4435,1.306624
4436,1.394688
4437,1.363968
4438,1.387520
4439,1.360896
4440,1.367040
4441,1.357824
4442,1.376256
4443,1.310720
4444,1.353728
4445,1.350656
4446,1.265664
4447,1.366016
4448,1.317888
4449,1.330176
4450,1.344512
4451,1.328128
4452,1.138688
4453,0.699392
4454,0.610304
4455,0.604160
4456,0.609280
4457,1.331200
4458,1.239040
4459,1.291264
4460,1.318912
4461,1.332224
4462,1.377280
4463,1.371136
4464,1.371136
4465,1.332224
4466,1.291264
4467,1.334272
4468,1.356800
4469,1.305600
4470,1.328128
4471,1.348608
4472,1.320960
4473,1.336320
4474,1.221632
4475,1.343488
4476,1.321984
4477,1.306624
4478,1.291264
4479,1.295360
4480,1.309696
4481,1.355776
4482,1.287168
4483,1.320960
4484,1.340416
4485,1.324032
4486,1.337344
4487,1.286144
4488,1.321984
4489,1.315840
4490,1.330176
4491,1.312768
4492,1.326080
4493,1.333248
4494,1.350656
4495,1.332224
4496,1.364992
4497,1.356800
4498,1.377280
4499,1.340416
4500,1.319936
4501,1.304576
4502,1.134592
4503,1.217536
4504,1.341440
4505,1.113088
4506,1.315840
4507,1.348608
4508,1.341440
4509,1.346560
4510,1.339392
4511,1.304576
4512,1.338368
4513,1.336320
4514,1.336320
4515,1.298432
4516,1.333248
4517,1.366016
4518,1.302528
4519,1.311744
4520,1.320960
4521,1.357824
4522,1.311744
4523,1.357824
4524,1.306624
4525,1.371136
4526,1.353728
4527,1.359872
4528,1.337344
4529,1.377280
4530,1.315840
4531,1.352704
4532,1.315840
4533,1.408000
4534,1.315840
4535,1.334272
4536,1.393664
4537,1.363968
4538,1.347584
4539,1.363968
4540,1.335296
4541,1.370112
4542,1.363968
4543,1.311744
4544,1.367040
4545,1.368064
4546,1.301504
4547,1.030144
4548,1.209344
4549,1.336320
4550,1.319936
4551,1.265664
4552,1.348608
4553,1.293312
4554,1.316864
4555,1.380352
4556,1.349632
4557,1.328128
4558,1.328128
4559,1.337344
4560,1.362944
4561,1.355776
4562,1.352704
4563,1.344512
4564,1.290240
4565,1.327104
4566,1.348608
4567,1.342464
4568,1.355776
4569,1.384448
4570,1.392640
4571,1.295360
4572,1.362944
4573,1.343488
4574,1.393664
4575,1.386496
4576,1.343488
4577,1.324032
4578,1.372160
4579,1.324032
4580,1.349632
4581,1.347584
4582,1.351680
4583,1.305600
4584,1.313792
4585,1.321984
4586,1.376256
4587,1.335296
4588,1.340416
4589,1.327104
4590,1.324032
4591,1.333248
4592,0.990208
4593,0.704512
4594,0.642048
4595,0.613376
4596,0.599040
4597,0.579584
4598,0.577536
4599,0.569344
4600,1.429504
4601,1.412096
4602,1.415168
4603,1.283072
4604,1.300480
4605,1.313792
4606,1.354752
4607,1.346560
4608,1.373184
4609,1.347584
4610,1.342464
4611,1.343488
4612,1.326080
4613,1.307648
4614,1.339392
4615,1.331200
4616,1.376256
4617,1.348608
4618,1.383424
4619,1.327104
4620,1.319936
4621,1.317888
4622,1.334272
4623,1.356800
4624,1.333248
4625,1.309696
4626,1.325056
4627,1.333248
4628,1.331200
4629,1.357824
4630,1.301504
4631,1.333248
4632,1.323008
4633,1.315840
4634,1.398784
4635,1.337344
4636,1.320960
4637,1.332224
4638,1.293312
4639,1.284096
4640,1.357824
4641,1.306624
4642,1.333248
4643,1.306624
4644,1.338368
4645,1.240064
4646,1.172480
4647,1.294336
4648,1.294336
4649,1.328128
4650,1.326080
4651,1.317888
4652,1.341440
4653,1.315840
4654,1.343488
4655,1.350656
4656,1.318912
4657,1.325056
4658,1.381376
4659,1.344512
4660,1.323008
4661,1.330176
4662,1.335296
4663,1.345536
4664,1.335296
4665,1.320960
4666,1.325056
4667,1.318912
4668,1.310720
4669,1.325056
4670,1.330176
4671,1.327104
4672,1.315840
4673,1.311744
4674,1.316864
4675,1.323008
4676,1.346560
4677,1.335296
4678,1.335296
4679,1.507328
4680,1.361920
4681,1.307648
4682,1.345536
4683,1.361920
4684,1.342464
4685,1.310720
4686,1.411072
4687,1.364992
4688,1.311744
4689,1.330176
4690,1.165312
4691,0.750592
4692,1.198080
4693,1.273856
4694,1.290240
4695,1.349632
4696,1.338368
4697,1.362944
4698,1.348608
4699,1.337344
4700,1.351680
4701,1.363968
4702,1.306624
4703,1.368064
4704,1.351680
4705,1.316864
4706,1.320960
4707,1.346560
4708,1.321984
4709,1.370112
4710,1.339392
4711,1.348608
4712,1.319936
4713,1.377280
4714,1.380352
4715,1.336320
4716,1.339392
4717,1.300480
4718,1.327104
4719,1.301504
4720,1.337344
4721,1.369088
4722,1.344512
4723,1.321984
4724,1.305600
4725,1.397760
4726,1.363968
4727,1.289216
4728,1.351680
4729,1.377280
4730,1.343488
4731,1.401856
4732,1.368064
4733,1.302528
4734,1.357824
4735,1.327104
4736,1.346560
4737,1.077248
4738,1.375232
4739,1.378304
4740,1.336320
4741,1.366016
4742,1.342464
4743,1.299456
4744,1.315840
4745,1.316864
4746,1.341440
4747,1.399808
4748,1.332224
4749,1.313792
4750,1.307648
4751,1.326080
4752,1.372160
4753,1.361920
4754,1.363968
4755,1.335296
4756,1.356800
4757,1.335296
4758,1.351680
4759,1.388544
4760,1.372160
4761,1.333248
4762,1.355776
4763,1.377280
4764,1.379328
4765,1.393664
4766,1.366016
4767,1.326080
4768,1.372160
4769,1.298432
4770,1.331200
4771,1.305600
4772,1.338368
4773,1.321984
4774,1.394688
4775,1.356800
4776,1.368064
4777,1.362944
4778,1.401856
4779,1.384448
4780,1.324032
4781,1.376256
4782,1.216512
4783,0.864256
4784,0.608256
4785,0.600064
4786,0.590848
4787,0.581632
4788,0.574464
4789,0.564224
4790,0.557056
4791,1.329152
4792,1.243136
4793,1.298432
4794,1.334272
4795,1.383424
4796,1.362944
4797,1.373184
4798,1.323008
4799,1.336320
4800,1.378304
4801,1.316864
4802,1.355776
4803,1.374208
4804,1.361920
4805,1.329152
4806,1.316864
4807,1.341440
4808,1.278976
4809,1.296384
4810,1.334272
4811,1.341440
4812,1.324032
4813,1.329152
4814,1.343488
4815,1.284096
4816,1.379328
4817,1.313792
4818,1.296384
4819,1.336320
4820,1.327104
4821,1.367040
4822,1.373184
4823,1.340416
4824,1.331200
4825,1.358848
4826,1.310720
4827,1.360896
4828,1.349632
4829,1.330176
4830,1.368064
4831,1.380352
4832,1.318912
4833,1.340416
4834,1.367040
4835,1.258496
4836,1.257472
4837,1.157120
4838,1.265664
4839,1.334272
4840,1.293312
4841,1.357824
4842,1.297408
4843,1.294336
4844,1.315840
4845,1.363968
4846,1.327104
4847,1.347584
4848,1.345536
4849,1.335296
4850,1.280000
4851,1.314816
4852,1.386496
4853,1.350656
4854,1.358848
4855,1.360896
4856,1.344512
4857,1.304576
4858,1.349632
4859,1.347584
4860,1.277952
4861,1.389568
4862,1.339392
4863,1.354752
4864,1.283072
4865,1.340416
4866,1.306624
4867,1.288192
4868,1.361920
4869,1.358848
4870,1.325056
4871,1.363968
4872,1.349632
4873,1.350656
4874,1.352704
4875,1.321984
4876,1.325056
4877,1.328128
4878,1.343488
4879,1.349632
4880,1.350656
4881,1.320960
4882,1.189888
4883,1.313792
4884,1.313792
4885,1.320960
4886,1.361920
4887,1.330176
4888,1.284096
4889,1.349632
4890,1.312768
4891,1.375232
4892,1.369088
4893,1.289216
4894,1.363968
4895,1.386496
4896,1.283072
4897,1.377280
4898,1.305600
4899,1.336320
4900,1.340416
4901,1.351680
4902,1.352704
4903,1.310720
4904,1.331200
4905,1.292288
4906,1.357824
4907,1.345536
4908,1.332224
4909,1.310720
4910,1.344512
4911,1.315840
4912,1.299456
4913,1.489920
4914,1.343488
4915,1.350656
4916,1.363968
4917,1.356800
4918,1.378304
4919,1.314816
4920,1.310720
4921,1.347584
4922,1.334272
4923,1.320960
4924,1.314816
4925,1.329152
4926,0.918528
4927,0.626688
4928,0.610304
4929,0.615424
4930,0.605184
4931,0.586752
4932,0.574464
4933,1.350656
4934,1.313792
4935,1.250304
4936,1.250304
4937,1.330176
4938,1.350656
4939,1.392640
4940,1.341440
4941,1.326080
4942,1.292288
4943,1.351680
4944,1.323008
4945,1.332224
4946,1.336320
4947,1.337344
4948,1.352704
4949,1.379328
4950,1.306624
4951,1.339392
4952,1.330176
4953,1.329152
4954,1.329152
4955,1.358848
4956,1.352704
4957,1.354752
4958,1.328128
4959,1.291264
4960,1.342464
4961,1.300480
4962,1.346560
4963,1.331200
4964,1.328128
4965,1.398784
4966,1.405952
4967,1.358848
4968,1.352704
4969,1.349632
4970,1.306624
4971,1.331200
4972,1.360896
4973,1.324032
4974,1.342464
4975,1.382400
4976,1.334272
4977,1.313792
4978,1.160192
4979,0.657408
4980,0.586752
4981,1.313792
4982,1.208320
4983,1.301504
4984,1.372160
4985,1.331200
4986,1.344512
4987,1.338368
4988,1.336320
4989,1.313792
4990,1.353728
4991,1.333248
4992,1.329152
4993,1.397760
4994,1.352704
4995,1.353728
4996,1.330176
4997,1.303552
4998,1.320960
4999,1.361920
5000,1.354752
5001,1.328128
5002,1.341440
5003,1.300480
5004,1.323008
5005,1.326080
5006,1.347584
5007,1.347584
5008,1.364992
5009,1.314816
5010,1.281024
5011,1.394688
5012,1.352704
5013,1.308672
5014,1.348608
5015,1.354752
5016,1.317888
5017,1.292288
5018,1.308672
5019,1.308672
5020,1.325056
5021,1.290240
5022,1.356800
5023,1.323008
5024,1.332224
5025,1.344512
5026,1.487872
5027,1.362944
5028,1.383424
5029,1.364992
5030,1.352704
5031,1.350656
5032,1.349632
5033,1.352704
5034,1.375232
5035,1.333248
5036,1.341440
5037,1.281024
5038,1.318912
5039,1.340416
5040,1.315840
5041,1.333248
5042,1.390592
5043,1.360896
5044,1.328128
5045,1.358848
5046,1.387520
5047,1.317888
5048,1.342464
5049,1.388544
5050,1.342464
5051,1.321984
5052,1.326080
5053,1.300480
5054,1.581056
5055,1.369088
5056,1.355776
5057,1.319936
5058,1.341440
5059,1.339392
5060,1.313792
5061,1.323008
5062,1.309696
5063,1.354752
5064,1.310720
5065,1.369088
5066,1.317888
5067,1.337344
5068,1.379328
5069,1.288192
5070,1.060864
5071,0.717824
5072,0.673792
5073,0.676864
5074,0.659456
5075,1.385472
5076,1.394688
5077,1.315840
5078,1.355776
5079,1.321984
5080,1.324032
5081,1.367040
5082,1.329152
5083,1.383424
5084,1.349632
5085,1.316864
5086,1.395712
5087,1.338368
5088,1.332224
5089,1.316864
5090,1.377280
5091,1.357824
5092,1.300480
5093,1.375232
5094,1.366016
5095,1.341440
5096,1.329152
5097,1.344512
5098,1.345536
5099,1.366016
5100,1.339392
5101,1.352704
5102,1.321984
5103,1.355776
5104,1.341440
5105,1.337344
5106,1.377280
5107,1.329152
5108,1.311744
5109,1.328128
5110,1.344512
5111,1.371136
5112,1.327104
5113,1.381376
5114,1.367040
5115,1.330176
5116,1.388544
5117,1.335296
5118,1.340416
5119,0.992256
5120,1.259520
5121,1.172480
5122,1.293312
5123,1.335296
5124,1.376256
5125,1.308672
5126,1.348608
5127,1.340416
5128,1.341440
5129,1.329152
5130,1.320960
5131,1.346560
5132,1.312768
5133,1.352704
5134,1.330176
5135,1.328128
5136,1.349632
5137,1.374208
5138,1.356800
5139,1.337344
5140,1.332224
5141,1.304576
5142,1.347584
5143,1.335296
5144,1.367040
5145,1.328128
5146,1.318912
5147,1.280000
5148,1.382400
5149,1.323008
5150,1.344512
5151,1.315840
5152,1.371136
5153,1.331200
5154,1.344512
5155,1.323008
5156,1.355776
5157,1.339392
5158,1.375232
5159,1.336320
5160,1.329152
5161,1.366016
5162,1.353728
5163,1.315840
5164,1.323008
5165,1.043456
5166,0.755712
5167,0.688128
5168,1.382400
5169,1.379328
5170,1.327104
5171,1.321984
5172,1.347584
5173,1.306624
5174,1.297408
5175,1.321984
5176,1.403904
5177,1.374208
5178,1.361920
5179,1.361920
5180,1.337344
5181,1.371136
5182,1.354752
5183,1.362944
5184,1.377280
5185,1.369088
5186,1.352704
5187,1.362944
5188,1.324032
5189,1.300480
5190,1.283072
5191,1.289216
5192,1.329152
5193,1.328128
5194,1.371136
5195,1.354752
5196,1.331200
5197,1.367040
5198,1.304576
5199,1.330176
5200,1.352704
5201,1.273856
5202,1.305600
5203,1.361920
5204,1.369088
5205,1.371136
5206,1.360896
5207,1.348608
5208,1.373184
5209,1.312768
5210,1.340416
5211,1.389568
5212,1.084416
5213,1.275904
5214,1.222656
5215,1.334272
5216,1.327104
5217,1.306624
5218,1.348608
5219,1.299456
5220,1.348608
5221,1.357824
5222,1.356800
5223,1.331200
5224,1.350656
5225,1.325056
5226,1.412096
5227,1.315840
5228,1.342464
5229,1.362944
5230,1.348608
5231,1.319936
5232,1.345536
5233,1.341440
5234,1.309696
5235,1.344512
5236,1.356800
5237,1.344512
5238,1.387520
5239,1.317888
5240,1.321984
5241,1.340416
5242,1.340416
5243,1.333248
5244,1.326080
5245,1.317888
5246,1.319936
5247,1.382400
5248,1.300480
5249,1.350656
5250,1.348608
5251,1.335296
5252,1.335296
5253,1.351680
5254,1.371136
5255,1.311744
5256,1.341440
5257,1.265664
5258,1.184768
5259,0.898048
5260,0.673792
5261,0.609280
5262,0.585728
5263,0.563200
5264,1.291264
5265,1.208320
5266,1.308672
5267,1.379328
5268,1.334272
5269,1.377280
5270,1.370112
5271,1.328128
5272,1.350656
5273,1.343488
5274,1.378304
5275,1.319936
5276,1.361920
5277,1.310720
5278,1.364992
5279,1.310720
5280,1.324032
5281,1.363968
5282,1.308672
5283,1.329152
5284,1.355776
5285,1.357824
5286,1.397760
5287,1.393664
5288,1.338368
5289,1.357824
5290,1.286144
5291,1.354752
5292,1.263616
5293,1.324032
5294,1.312768
5295,1.331200
5296,1.372160
5297,1.319936
5298,1.355776
5299,1.382400
5300,1.363968
5301,1.310720
5302,1.297408
5303,1.339392
5304,1.329152
5305,1.346560
5306,1.340416
5307,1.277952
5308,1.215488
5309,1.266688
5310,1.165312
5311,1.252352
5312,1.310720
5313,1.319936
5314,1.350656
5315,1.346560
5316,1.327104
5317,1.392640
5318,1.348608
5319,1.369088
5320,1.317888
5321,1.353728
5322,1.356800
5323,1.344512
5324,1.359872
5325,1.347584
5326,1.315840
5327,1.346560
5328,1.377280
5329,1.336320
5330,1.349632
5331,1.348608
5332,1.325056
5333,1.304576
5334,1.314816
5335,1.344512
5336,1.359872
5337,1.289216
5338,1.304576
5339,1.328128
5340,1.351680
5341,1.323008
5342,1.360896
5343,1.335296
5344,1.339392
5345,1.375232
5346,1.380352
5347,1.323008
5348,1.381376
5349,1.379328
5350,1.333248
5351,1.379328
5352,1.349632
5353,1.292288
5354,0.951296
5355,1.270784
5356,1.191936
5357,1.315840
5358,1.301504
5359,1.345536
5360,1.302528
5361,1.312768
5362,1.331200
5363,1.324032
5364,1.350656
5365,1.344512
5366,1.340416
5367,1.302528
5368,1.361920
5369,1.314816
5370,1.293312
5371,1.329152
5372,1.342464
5373,1.330176
5374,1.368064
5375,1.319936
5376,1.341440
5377,1.328128
5378,1.499136
5379,1.338368
5380,1.320960
5381,1.506304
5382,1.321984
5383,1.354752
5384,1.364992
5385,1.295360
5386,1.324032
5387,1.362944
5388,1.317888
5389,1.364992
5390,1.380352
5391,1.413120
5392,1.309696
5393,1.352704
5394,1.331200
5395,1.309696
5396,1.355776
5397,1.352704
5398,1.341440
5399,1.400832
5400,1.127424
5401,1.333248
5402,1.166336
5403,1.289216
5404,1.321984
5405,1.356800
5406,1.348608
5407,1.295360
5408,1.346560
5409,1.326080
5410,1.377280
5411,1.359872
5412,1.294336
5413,1.286144
5414,1.337344
5415,1.341440
5416,1.352704
5417,1.348608
5418,1.384448
5419,1.363968
5420,1.374208
5421,1.350656
5422,1.333248
5423,1.335296
5424,1.311744
5425,1.305600
5426,1.315840
5427,1.344512
5428,1.390592
5429,1.326080
5430,1.358848
5431,1.342464
5432,1.334272
5433,1.357824
5434,1.364992
5435,1.307648
5436,1.350656
5437,1.348608
5438,1.263616
5439,1.314816
5440,1.289216
5441,1.364992
5442,1.340416
5443,1.353728
5444,1.297408
5445,1.310720
5446,1.000448
5447,0.759808
5448,1.355776
5449,1.368064
5450,1.362944
5451,1.318912
5452,1.347584
5453,1.312768
5454,1.354752
5455,1.350656
5456,1.353728
5457,1.352704
5458,1.355776
5459,1.379328
5460,1.312768
5461,1.336320
5462,1.350656
5463,1.329152
5464,1.331200
5465,1.319936
5466,1.324032
5467,1.363968
5468,1.388544
5469,1.357824
5470,1.337344
5471,1.374208
5472,1.391616
5473,1.342464
5474,1.346560
5475,1.370112
5476,1.362944
5477,1.314816
5478,1.387520
5479,1.301504
5480,1.347584
5481,1.307648
5482,1.327104
5483,1.309696
5484,1.336320
5485,1.331200
5486,1.356800
5487,1.333248
5488,1.382400
5489,1.344512
5490,1.334272
5491,1.334272
5492,1.155072
5493,0.940032
5494,0.660480
5495,0.625664
5496,0.617472
5497,0.594944
5498,0.574464
5499,1.380352
5500,1.358848
5501,1.387520
5502,1.432576
5503,1.370112
5504,1.330176
5505,1.379328
5506,1.346560
5507,1.380352
5508,1.327104
5509,1.346560
5510,1.296384
5511,1.366016
5512,1.346560
5513,1.354752
5514,1.300480
5515,1.307648
5516,1.308672
5517,1.332224
5518,1.335296
5519,1.379328
5520,1.341440
5521,1.316864
5522,1.325056
5523,1.398784
5524,1.385472
5525,1.380352
5526,1.334272
5527,1.331200
5528,1.330176
5529,1.311744
5530,1.413120
5531,1.342464
5532,1.358848
5533,1.327104
5534,1.326080
5535,1.382400
5536,1.339392
5537,1.311744
5538,1.371136
5539,1.340416
5540,1.269760
5541,1.391616
5542,1.346560
5543,1.013760
5544,0.684032
5545,0.652288
5546,0.648192
5547,0.638976
5548,0.586752
5549,0.567296
5550,1.349632
5551,1.389568
5552,1.383424
5553,1.405952
5554,1.368064
5555,1.363968
5556,1.399808
5557,1.355776
5558,1.367040
5559,1.355776
5560,1.349632
5561,1.316864
5562,1.341440
5563,1.309696
5564,1.359872
5565,1.359872
5566,1.324032
5567,1.323008
5568,1.318912
5569,1.360896
5570,1.319936
5571,1.307648
5572,1.336320
5573,1.329152
5574,1.321984
5575,1.341440
5576,1.334272
5577,1.368064
5578,1.356800
5579,1.348608
5580,1.367040
5581,1.313792
5582,1.370112
5583,1.339392
5584,1.338368
5585,1.310720
5586,1.304576
5587,1.344512
5588,1.339392
5589,1.392640
5590,1.310720
5591,1.385472
5592,1.361920
5593,1.361920
5594,1.212416
5595,0.658432
5596,0.592896
5597,0.591872
5598,0.589824
5599,0.586752
5600,0.567296
5601,0.546816
5602,0.539648
5603,1.462272
5604,1.341440
5605,1.406976
5606,1.350656
5607,1.376256
5608,1.354752
5609,1.298432
5610,1.360896
5611,1.333248
5612,1.337344
5613,1.404928
5614,1.320960
5615,1.306624
5616,1.299456
5617,1.314816
5618,1.345536
5619,1.346560
5620,1.382400
5621,1.345536
5622,1.305600
5623,1.276928
5624,1.338368
5625,1.342464
5626,1.327104
5627,1.356800
5628,1.347584
5629,1.380352
5630,1.384448
5631,1.376256
5632,1.324032
5633,1.344512
5634,1.379328
5635,1.383424
5636,1.308672
5637,1.312768
5638,1.313792
5639,1.354752
5640,1.361920
5641,1.315840
5642,1.337344
5643,1.390592
5644,1.343488
5645,1.283072
5646,1.355776
5647,1.333248
5648,0.743424
5649,0.614400
5650,0.612352
5651,0.601088
5652,0.589824
5653,0.585728
5654,1.295360
5655,1.262592
5656,1.296384
5657,1.324032
5658,1.389568
5659,1.327104
5660,1.398784
5661,1.392640
5662,1.378304
5663,1.314816
5664,1.339392
5665,1.348608
5666,1.364992
5667,1.343488
5668,1.314816
5669,1.352704
5670,1.303552
5671,1.343488
5672,1.313792
5673,1.313792
5674,1.314816
5675,1.372160
5676,1.358848
5677,1.375232
5678,1.352704
5679,1.420288
5680,1.364992
5681,1.350656
5682,1.345536
5683,1.387520
5684,1.384448
5685,1.367040
5686,1.374208
5687,1.349632
5688,1.376256
5689,1.328128
5690,1.356800
5691,1.307648
5692,1.355776
5693,1.327104
5694,1.355776
5695,1.342464
5696,1.368064
5697,1.328128
5698,1.275904
5699,0.732160
5700,0.632832
5701,0.603136
5702,0.593920
5703,0.577536
5704,0.565248
5705,1.268736
5706,1.133568
5707,1.275904
5708,1.353728
5709,1.343488
5710,1.327104
5711,1.346560
5712,1.366016
5713,1.335296
5714,1.320960
5715,1.343488
5716,1.348608
5717,1.356800
5718,1.334272
5719,1.342464
5720,1.378304
5721,1.318912
5722,1.335296
5723,1.328128
5724,1.268736
5725,1.340416
5726,1.353728
5727,1.255424
5728,1.300480
5729,1.364992
5730,1.315840
5731,1.328128
5732,1.347584
5733,1.394688
5734,1.366016
5735,1.362944
5736,1.362944
5737,1.351680
5738,1.339392
5739,1.324032
5740,1.321984
5741,1.345536
5742,1.315840
5743,1.340416
5744,1.316864
5745,1.481728
5746,1.427456
5747,1.313792
5748,1.341440
5749,1.292288
5750,0.899072
5751,1.363968
5752,1.314816
5753,1.263616
5754,1.350656
5755,1.350656
5756,1.328128
5757,1.288192
5758,1.359872
5759,1.352704
5760,1.411072
5761,1.300480
5762,1.368064
5763,1.340416
5764,1.307648
5765,1.333248
5766,1.377280
5767,1.269760
5768,1.347584
5769,1.343488
5770,1.339392
5771,1.332224
5772,1.316864
5773,1.333248
5774,1.392640
5775,1.369088
5776,1.334272
5777,1.325056
5778,1.358848
5779,1.351680
5780,1.306624
5781,1.303552
5782,1.320960
5783,1.305600
5784,1.334272
5785,1.336320
5786,1.359872
5787,1.345536
5788,1.307648
5789,1.344512
5790,1.385472
5791,1.230848
5792,1.373184
5793,1.363968
5794,1.401856
5795,1.292288
5796,0.947200
5797,0.769024
5798,0.687104
5799,1.410048
5800,1.335296
5801,1.306624
5802,1.307648
5803,1.350656
5804,1.302528
5805,1.335296
5806,1.345536
5807,1.327104
5808,1.320960
5809,1.404928
5810,1.326080
5811,1.386496
5812,1.360896
5813,1.378304
5814,1.298432
5815,1.373184
5816,1.415168
5817,1.353728
5818,1.367040
5819,1.379328
5820,1.360896
5821,1.357824
5822,1.389568
5823,1.329152
5824,1.367040
5825,1.360896
5826,1.394688
5827,1.360896
5828,1.333248
5829,1.324032
5830,1.301504
5831,1.363968
5832,1.290240
5833,1.335296
5834,1.287168
5835,1.319936
5836,1.337344
5837,1.385472
5838,1.314816
5839,1.391616
5840,1.325056
5841,1.339392
5842,1.297408
5843,1.413120
5844,1.374208
5845,1.318912
5846,1.337344
5847,1.336320
5848,1.333248
5849,1.311744
5850,1.312768
5851,1.309696
5852,1.339392
5853,1.361920
5854,1.346560
5855,1.361920
5856,1.363968
5857,1.297408
5858,1.312768
5859,1.291264
5860,1.345536
5861,1.402880
5862,1.349632
5863,1.376256
5864,1.366016
5865,1.352704
5866,1.354752
5867,1.323008
5868,1.310720
5869,1.337344
5870,1.307648
5871,1.335296
5872,1.370112
5873,1.340416
5874,1.343488
5875,1.296384
5876,1.316864
5877,1.351680
5878,1.337344
5879,1.360896
5880,1.388544
5881,1.323008
5882,1.366016
5883,1.334272
5884,1.353728
5885,1.328128
5886,1.350656
5887,1.146880
5888,1.260544
5889,1.158144
5890,1.350656
5891,1.401856
5892,1.370112
5893,1.337344
5894,1.351680
5895,1.377280
5896,1.381376
5897,1.387520
5898,1.373184
5899,1.353728
5900,1.352704
5901,1.335296
5902,1.341440
5903,1.347584
5904,1.355776
5905,1.290240
5906,1.358848
5907,1.308672
5908,1.282048
5909,1.213440
5910,1.328128
5911,1.329152
5912,1.337344
5913,1.305600
5914,1.338368
5915,1.354752
5916,1.346560
5917,1.314816
5918,1.382400
5919,1.345536
5920,1.309696
5921,1.356800
5922,1.353728
5923,1.332224
5924,1.352704
5925,1.338368
5926,1.305600
5927,1.350656
5928,1.358848
5929,1.357824
5930,1.298432
5931,1.304576
5932,1.300480
5933,1.049600
5934,1.347584
5935,1.244160
5936,1.311744
5937,1.297408
5938,1.338368
5939,1.336320
5940,1.383424
5941,1.357824
5942,1.354752
5943,1.360896
5944,1.378304
5945,1.304576
5946,1.350656
5947,1.340416
5948,1.294336
5949,1.366016
5950,1.335296
5951,1.353728
5952,1.305600
5953,1.377280
5954,1.376256
5955,1.356800
5956,1.319936
5957,1.350656
5958,1.375232
5959,1.356800
5960,1.374208
5961,1.349632
5962,1.348608
5963,1.295360
5964,1.362944
5965,1.342464
5966,1.332224
5967,1.306624
5968,1.305600
5969,1.396736
5970,1.335296
5971,1.358848
5972,1.351680
5973,1.303552
5974,1.351680
5975,1.299456
5976,1.358848
5977,1.275904
5978,1.222656
5979,1.274880
5980,1.283072
5981,1.134592
5982,1.334272
5983,1.311744
5984,1.340416
5985,1.329152
5986,1.378304
5987,1.336320
5988,1.360896
5989,1.349632
5990,1.345536
5991,1.317888
5992,1.325056
5993,1.333248
5994,1.372160
5995,1.347584
5996,1.321984
5997,1.343488
5998,1.370112
5999,1.323008
6000,1.354752
6001,1.355776
6002,1.362944
6003,1.351680
6004,1.371136
6005,1.358848
6006,1.348608
6007,1.358848
6008,1.350656
6009,1.265664
6010,1.364992
6011,1.397760
6012,1.310720
6013,1.310720
6014,1.269760
6015,1.314816
6016,1.328128
6017,1.325056
6018,1.328128
6019,1.339392
6020,1.329152
6021,1.350656
6022,1.366016
6023,1.319936
6024,1.329152
6025,1.297408
6026,1.156096
6027,1.312768
6028,1.358848
6029,1.364992
6030,1.295360
6031,1.317888
6032,1.382400
6033,1.353728
6034,1.311744
6035,1.323008
6036,1.323008
6037,1.313792
6038,1.370112
6039,1.307648
6040,1.335296
6041,1.321984
6042,1.337344
6043,1.338368
6044,1.345536
6045,1.335296
6046,1.347584
6047,1.376256
6048,1.331200
6049,1.351680
6050,1.331200
6051,1.308672
6052,1.413120
6053,1.311744
6054,1.337344
6055,1.159168
6056,1.267712
6057,1.298432
6058,1.375232
6059,1.374208
6060,1.334272
6061,1.337344
6062,1.347584
6063,1.319936
6064,1.349632
6065,1.369088
6066,1.343488
6067,1.333248
6068,1.326080
6069,1.346560
6070,1.180672
6071,1.197056
6072,1.260544
6073,1.285120
6074,1.292288
6075,1.295360
6076,1.343488
6077,1.358848
6078,1.379328
6079,1.295360
6080,1.311744
6081,1.306624
6082,1.274880
6083,1.336320
6084,1.354752
6085,1.356800
6086,1.329152
6087,1.353728
6088,1.358848
6089,1.328128
6090,1.307648
6091,1.309696
6092,1.319936
6093,1.303552
6094,1.368064
6095,1.337344
6096,1.369088
6097,1.342464
6098,1.341440
6099,1.341440
6100,1.354752
6101,1.352704
6102,1.414144
6103,1.310720
6104,1.371136
6105,1.326080
6106,1.345536
6107,1.277952
6108,1.310720
6109,1.302528
6110,1.366016
6111,1.320960
6112,1.361920
6113,1.352704
6114,1.334272
6115,1.018880
6116,0.698368
6117,0.632832
6118,0.592896
6119,1.358848
6120,1.221632
6121,1.259520
6122,1.285120
6123,1.373184
6124,1.321984
6125,1.375232
6126,1.319936
6127,1.358848
6128,1.332224
6129,1.274880
6130,1.336320
6131,1.377280
6132,1.300480
6133,1.335296
6134,1.369088
6135,1.321984
6136,1.308672
6137,1.375232
6138,1.357824
6139,1.359872
6140,1.329152
6141,1.360896
6142,1.357824
6143,1.356800
6144,1.318912
6145,1.342464
6146,1.323008
6147,1.354752
6148,1.377280
6149,1.355776
6150,1.383424
6151,1.354752
6152,1.384448
6153,1.376256
6154,1.345536
6155,1.325056
6156,1.356800
6157,1.371136
6158,1.343488
6159,1.558528
6160,1.310720
6161,1.331200
6162,1.399808
6163,1.217536
6164,0.982016
6165,0.732160
6166,0.704512
6167,0.663552
6168,1.355776
6169,1.306624
6170,1.288192
6171,1.302528
6172,1.298432
6173,1.277952
6174,1.404928
6175,1.382400
6176,1.369088
6177,1.352704
6178,1.289216
6179,1.375232
6180,1.332224
6181,1.372160
6182,1.297408
6183,1.304576
6184,1.361920
6185,1.350656
6186,1.325056
6187,1.337344
6188,1.326080
6189,1.380352
6190,1.342464
6191,1.332224
6192,1.337344
6193,1.352704
6194,1.304576
6195,1.349632
6196,1.277952
6197,1.361920
6198,1.309696
6199,1.351680
6200,1.334272
6201,1.345536
6202,1.353728
6203,1.341440
6204,1.315840
6205,1.339392
6206,1.313792
6207,1.310720
6208,1.317888
6209,1.531904
6210,1.315840
6211,1.272832
6212,1.158144
6213,1.341440
6214,1.262592
6215,1.233920
6216,1.376256
6217,1.345536
6218,1.343488
6219,1.347584
6220,1.353728
6221,1.351680
6222,1.323008
6223,1.333248
6224,1.339392
6225,1.320960
6226,1.298432
6227,1.311744
6228,1.326080
6229,1.319936
6230,1.362944
6231,1.380352
6232,1.337344
6233,1.342464
6234,1.282048
6235,1.338368
6236,1.351680
6237,1.358848
6238,1.325056
6239,1.342464
6240,1.327104
6241,1.342464
6242,1.307648
6243,1.354752
6244,1.313792
6245,1.346560
6246,1.321984
6247,1.371136
6248,1.342464
6249,1.335296
6250,1.333248
6251,1.346560
6252,1.352704
6253,1.350656
6254,1.385472
6255,1.320960
6256,1.362944
6257,1.252352
6258,0.915456
6259,1.224704
6260,1.190912
6261,1.340416
6262,1.098752
6263,1.272832
6264,1.331200
6265,1.319936
6266,1.328128
6267,1.317888
6268,1.321984
6269,1.309696
6270,1.306624
6271,1.285120
6272,1.336320
6273,1.305600
6274,1.369088
6275,1.287168
6276,1.303552
6277,1.362944
6278,1.393664
6279,1.329152
6280,1.331200
6281,1.361920
6282,1.334272
6283,1.332224
6284,1.273856
6285,1.311744
6286,1.316864
6287,1.348608
6288,1.255424
6289,1.388544
6290,1.345536
6291,1.329152
6292,1.309696
6293,1.342464
6294,1.336320
6295,1.355776
6296,1.300480
6297,1.272832
6298,1.346560
6299,1.306624
6300,1.288192
6301,1.319936
6302,1.331200
6303,1.321984
6304,1.140736
6305,1.158144
6306,1.308672
6307,1.298432
6308,1.336320
6309,1.287168
6310,1.320960
6311,1.327104
6312,1.364992
6313,1.278976
6314,1.276928
6315,1.314816
6316,1.316864
6317,1.289216
6318,1.317888
6319,1.296384
6320,1.228800
6321,1.334272
6322,1.295360
6323,1.380352
6324,1.326080
6325,1.329152
6326,1.360896
6327,1.340416
6328,1.304576
6329,1.356800
6330,1.306624
6331,1.366016
6332,1.339392
6333,1.328128
6334,1.324032
6335,1.268736
6336,1.291264
6337,1.419264
6338,1.378304
6339,1.387520
6340,1.335296
6341,1.332224
6342,1.367040
6343,1.302528
6344,1.339392
6345,1.291264
6346,1.313792
6347,1.382400
6348,1.310720
6349,1.311744
6350,1.042432
6351,1.424384
6352,1.387520
6353,1.367040
6354,1.349632
6355,1.355776
6356,1.329152
6357,1.324032
6358,1.327104
6359,1.316864
6360,1.342464
6361,1.325056
6362,1.340416
6363,1.317888
6364,1.309696
6365,1.351680
6366,1.328128
6367,1.377280
6368,1.373184
6369,1.324032
6370,1.339392
6371,1.317888
6372,1.334272
6373,1.344512
6374,1.331200
6375,1.313792
6376,1.374208
6377,1.393664
6378,1.374208
6379,1.334272
6380,1.346560
6381,1.359872
6382,1.304576
6383,1.345536
6384,1.349632
6385,1.371136
6386,1.344512
6387,1.350656
6388,1.359872
6389,1.349632
6390,1.339392
6391,1.293312
6392,1.350656
6393,1.328128
6394,1.310720
6395,1.158144
6396,0.751616
6397,0.637952
6398,0.604160
6399,1.350656
6400,1.291264
6401,1.350656
6402,1.316864
6403,1.378304
6404,1.330176
6405,1.297408
6406,1.302528
6407,1.355776
6408,1.336320
6409,1.338368
6410,1.342464
6411,1.348608
6412,1.309696
6413,1.349632
6414,1.383424
6415,1.336320
6416,1.347584
6417,1.344512
6418,1.348608
6419,1.315840
6420,1.298432
6421,1.301504
6422,1.336320
6423,1.309696
6424,1.351680
6425,1.368064
6426,1.376256
6427,1.341440
6428,1.346560
6429,1.311744
6430,1.334272
6431,1.343488
6432,1.316864
6433,1.356800
6434,1.318912
6435,1.303552
6436,1.304576
6437,1.309696
6438,1.323008
6439,1.314816
6440,1.347584
6441,1.366016
6442,1.269760
6443,1.250304
6444,0.920576
6445,0.743424
6446,0.668672
6447,0.640000
6448,0.627712
6449,0.615424
6450,0.578560
6451,0.563200
6452,1.405952
6453,1.362944
6454,1.379328
6455,1.347584
6456,1.352704
6457,1.375232
6458,1.354752
6459,1.310720
6460,1.318912
6461,1.366016
6462,1.342464
6463,1.369088
6464,1.325056
6465,1.311744
6466,1.372160
6467,1.379328
6468,1.358848
6469,1.334272
6470,1.338368
6471,1.316864
6472,1.389568
6473,1.357824
6474,1.340416
6475,1.288192
6476,1.344512
6477,1.323008
6478,1.376256
6479,1.354752
6480,1.361920
6481,1.356800
6482,1.341440
6483,1.321984
6484,1.335296
6485,1.348608
6486,1.304576
6487,1.304576
6488,1.346560
6489,1.330176
6490,1.337344
6491,1.350656
6492,1.376256
6493,1.402880
6494,1.351680
6495,1.384448
6496,1.261568
6497,0.752640
6498,1.384448
6499,1.400832
6500,1.356800
6501,1.401856
6502,1.310720
6503,1.349632
6504,1.332224
6505,1.342464
6506,1.349632
6507,1.326080
6508,1.364992
6509,1.305600
6510,1.340416
6511,1.370112
6512,1.315840
6513,1.396736
6514,1.289216
6515,1.375232
6516,1.305600
6517,1.404928
6518,1.304576
6519,1.321984
6520,1.315840
6521,1.305600
6522,1.343488
6523,1.294336
6524,1.333248
6525,1.310720
6526,1.299456
6527,1.362944
6528,1.356800
6529,1.362944
6530,1.370112
6531,1.357824
6532,1.366016
6533,1.383424
6534,1.307648
6535,1.405952
6536,1.377280
6537,1.401856
6538,1.337344
6539,1.370112
6540,1.329152
6541,1.383424
6542,1.271808
6543,1.306624
6544,1.148928
6545,1.328128
6546,1.268736
6547,1.286144
6548,1.318912
6549,1.276928
6550,1.228800
6551,1.357824
6552,1.369088
6553,1.345536
6554,1.321984
6555,1.315840
6556,1.349632
6557,1.303552
6558,1.306624
6559,1.321984
6560,1.294336
6561,1.333248
6562,1.338368
6563,1.332224
6564,1.308672
6565,1.367040
6566,1.370112
6567,1.303552
6568,1.357824
6569,1.286144
6570,1.364992
6571,1.309696
6572,1.367040
6573,1.311744
6574,1.375232
6575,1.324032
6576,1.372160
6577,1.290240
6578,1.341440
6579,1.320960
6580,1.332224
6581,1.343488
6582,1.310720
6583,1.366016
6584,1.339392
6585,1.330176
6586,1.363968
6587,1.359872
6588,1.215488
6589,1.316864
6590,1.253376
6591,1.309696
6592,1.352704
6593,1.329152
6594,1.367040
6595,1.318912
6596,1.331200
6597,1.374208
6598,1.343488
6599,1.334272
6600,1.333248
6601,1.327104
6602,1.379328
6603,1.309696
6604,1.312768
6605,1.338368
6606,1.368064
6607,1.337344
6608,1.355776
6609,1.375232
6610,1.340416
6611,1.385472
6612,1.378304
6613,1.366016
6614,1.328128
6615,1.333248
6616,1.304576
6617,1.314816
6618,1.385472
6619,1.338368
6620,1.333248
6621,1.340416
6622,1.346560
6623,1.347584
6624,1.319936
6625,1.344512
6626,1.339392
6627,1.327104
6628,1.350656
6629,1.317888
6630,1.352704
6631,1.320960
6632,1.311744
6633,1.202176
6634,1.321984
6635,1.299456
6636,1.294336
6637,1.302528
6638,1.316864
6639,1.315840
6640,1.289216
6641,1.380352
6642,1.328128
6643,1.400832
6644,1.325056
6645,1.273856
6646,1.297408
6647,1.331200
6648,1.317888
6649,1.314816
6650,1.398784
6651,1.316864
6652,1.327104
6653,1.288192
6654,1.369088
6655,1.311744
6656,1.325056
6657,1.375232
6658,1.319936
6659,1.377280
6660,1.358848
6661,1.326080
6662,1.341440
6663,1.357824
6664,1.324032
6665,1.305600
6666,1.375232
6667,1.346560
6668,1.315840
6669,1.352704
6670,1.284096
6671,1.383424
6672,1.332224
6673,1.331200
6674,1.305600
6675,1.240064
6676,1.320960
6677,1.349632
6678,1.317888
6679,1.293312
6680,0.866304
6681,0.640000
6682,0.605184
6683,0.598016
6684,0.581632
6685,0.563200
6686,0.549888
6687,1.377280
6688,1.291264
6689,1.364992
6690,1.343488
6691,1.309696
6692,1.331200
6693,1.347584
6694,1.375232
6695,1.384448
6696,1.414144
6697,1.340416
6698,1.372160
6699,1.359872
6700,1.362944
6701,1.349632
6702,1.350656
6703,1.339392
6704,1.359872
6705,1.345536
6706,1.355776
6707,1.331200
6708,1.354752
6709,1.340416
6710,1.300480
6711,1.358848
6712,1.291264
6713,1.372160
6714,1.359872
6715,1.318912
6716,1.341440
6717,1.345536
6718,1.345536
6719,1.353728
6720,1.340416
6721,1.337344
6722,1.328128
6723,1.272832
6724,1.395712
6725,1.314816
6726,1.373184
6727,1.361920
6728,1.307648
6729,1.315840
6730,1.331200
6731,1.262592
6732,1.306624
6733,1.132544
6734,1.345536
6735,1.315840
6736,1.313792
6737,1.347584
6738,1.281024
6739,1.353728
6740,1.330176
6741,1.335296
6742,1.370112
6743,1.398784
6744,1.338368
6745,1.338368
6746,1.312768
6747,1.383424
6748,1.317888
6749,1.348608
6750,1.290240
6751,1.335296
6752,1.367040
6753,1.345536
6754,1.320960
6755,1.320960
6756,1.352704
6757,1.345536
6758,1.363968
6759,1.341440
6760,1.364992
6761,1.334272
6762,1.361920
6763,1.354752
6764,1.344512
6765,1.299456
6766,1.306624
6767,1.344512
6768,1.302528
6769,1.386496
6770,1.355776
6771,1.336320
6772,1.378304
6773,1.333248
6774,1.362944
6775,1.372160
6776,1.337344
6777,0.953344
6778,1.394688
6779,1.404928
6780,1.304576
6781,1.308672
6782,1.331200
6783,1.327104
6784,1.312768
6785,1.356800
6786,1.319936
6787,1.309696
6788,1.378304
6789,1.302528
6790,1.323008
6791,1.307648
6792,1.327104
6793,1.336320
6794,1.361920
6795,1.323008
6796,1.339392
6797,1.340416
6798,1.293312
6799,1.366016
6800,1.347584
6801,1.402880
6802,1.372160
6803,1.350656
6804,1.378304
6805,1.363968
6806,1.376256
6807,1.329152
6808,1.327104
6809,1.323008
6810,1.317888
6811,1.373184
6812,1.323008
6813,1.320960
6814,1.348608
6815,1.344512
6816,1.327104
6817,1.366016
6818,1.293312
6819,1.371136
6820,1.379328
6821,1.422336
6822,1.336320
6823,1.369088
6824,1.329152
6825,1.296384
6826,1.328128
6827,1.321984
6828,1.337344
6829,1.336320
6830,1.348608
6831,1.321984
6832,1.282048
6833,1.382400
6834,1.362944
6835,1.424384
6836,1.362944
6837,1.357824
6838,1.341440
6839,1.379328
6840,1.358848
6841,1.353728
6842,1.353728
6843,1.353728
6844,1.374208
6845,1.343488
6846,1.357824
6847,1.294336
6848,1.353728
6849,1.341440
6850,1.387520
6851,1.344512
6852,1.361920
6853,1.309696
6854,1.319936
6855,1.303552
6856,1.313792
6857,1.320960
6858,1.349632
6859,1.345536
6860,1.381376
6861,1.396736
6862,1.366016
6863,1.360896
6864,1.366016
6865,1.378304
6866,1.356800
6867,1.085440
6868,1.323008
6869,1.159168
6870,1.307648
6871,1.347584
6872,1.328128
6873,1.353728
6874,1.331200
6875,1.326080
6876,1.324032
6877,1.296384
6878,1.391616
6879,1.332224
6880,1.337344
6881,1.363968
6882,1.325056
6883,1.326080
6884,1.309696
6885,1.332224
6886,1.321984
6887,1.361920
6888,1.325056
6889,1.360896
6890,1.350656
6891,1.381376
6892,1.419264
6893,1.412096
6894,1.352704
6895,1.348608
6896,1.324032
6897,1.347584
6898,1.313792
6899,1.314816
6900,1.361920
6901,1.336320
6902,1.320960
6903,1.348608
6904,1.380352
6905,1.305600
6906,1.370112
6907,1.333248
6908,1.356800
6909,1.343488
6910,1.306624
6911,1.350656
6912,1.270784
6913,1.260544
6914,1.193984
6915,1.307648
6916,1.337344
6917,1.318912
6918,1.386496
6919,1.352704
6920,1.366016
6921,1.315840
6922,1.361920
6923,1.314816
6924,1.361920
6925,1.353728
6926,1.382400
6927,1.356800
6928,1.315840
6929,1.310720
6930,1.323008
6931,1.343488
6932,1.353728
6933,1.360896
6934,1.368064
6935,1.333248
6936,1.343488
6937,1.275904
6938,1.321984
6939,1.312768
6940,1.376256
6941,1.315840
6942,1.309696
6943,1.400832
6944,1.376256
6945,1.338368
6946,1.328128
6947,1.356800
6948,1.333248
6949,1.316864
6950,1.352704
6951,1.366016
6952,1.356800
6953,1.375232
6954,1.340416
6955,1.328128
6956,1.306624
6957,1.272832
6958,0.946176
6959,0.657408
6960,0.611328
6961,1.316864
6962,1.309696
6963,1.324032
6964,1.348608
6965,1.321984
6966,1.321984
6967,1.344512
6968,1.316864
6969,1.319936
6970,1.285120
6971,1.352704
6972,1.323008
6973,1.348608
6974,1.342464
6975,1.378304
6976,1.310720
6977,1.360896
6978,1.339392
6979,1.378304
6980,1.336320
6981,1.327104
6982,1.359872
6983,1.284096
6984,1.311744
6985,1.313792
6986,1.356800
6987,1.331200
6988,1.302528
6989,1.347584
6990,1.358848
6991,1.333248
6992,1.368064
6993,1.307648
6994,1.358848
6995,1.307648
6996,1.359872
6997,1.317888
6998,1.318912
6999,1.320960
7000,1.327104
7001,1.359872
7002,1.311744
7003,1.359872
7004,1.239040
7005,0.779264
7006,1.363968
7007,1.306624
7008,1.316864
7009,1.351680
7010,1.273856
7011,1.308672
7012,1.343488
7013,1.354752
7014,1.358848
7015,1.346560
7016,1.377280
7017,1.338368
7018,1.247232
7019,1.342464
7020,1.306624
7021,1.312768
7022,1.329152
7023,1.342464
7024,1.347584
7025,1.296384
7026,1.280000
7027,1.343488
7028,1.316864
7029,1.296384
7030,1.323008
7031,1.341440
7032,1.342464
7033,1.388544
7034,1.290240
7035,1.400832
7036,1.351680
7037,1.325056
7038,1.314816
7039,1.339392
7040,1.348608
7041,1.394688
7042,1.316864
7043,1.354752
7044,1.363968
7045,1.350656
7046,1.337344
7047,1.391616
7048,1.382400
7049,1.336320
7050,1.244160
7051,0.919552
7052,0.630784
7053,0.601088
7054,0.592896
7055,0.601088
7056,0.588800
7057,1.391616
7058,1.377280
7059,1.349632
7060,1.357824
7061,1.373184
7062,1.312768
7063,1.319936
7064,1.313792
7065,1.305600
7066,1.369088
7067,1.335296
7068,1.386496
7069,1.335296
7070,1.390592
7071,1.341440
7072,1.305600
7073,1.377280
7074,1.347584
7075,1.309696
7076,1.333248
7077,1.327104
7078,1.319936
7079,1.359872
7080,1.367040
7081,1.319936
7082,1.344512
7083,1.308672
7084,1.347584
7085,1.372160
7086,1.353728
7087,1.399808
7088,1.369088
7089,1.360896
7090,1.359872
7091,1.345536
7092,1.384448
7093,1.326080
7094,1.344512
7095,1.315840
7096,1.306624
7097,1.367040
7098,1.327104
7099,1.333248
7100,1.353728
7101,1.126400
7102,0.834560
7103,0.704512
7104,0.693248
7105,0.663552
7106,0.655360
7107,0.607232
7108,0.580608
7109,1.384448
7110,1.379328
7111,1.314816
7112,1.308672
7113,1.256448
7114,1.379328
7115,1.343488
7116,1.324032
7117,1.321984
7118,1.326080
7119,1.414144
7120,1.351680
7121,1.349632
7122,1.319936
7123,1.293312
7124,1.327104
7125,1.315840
7126,1.376256
7127,1.355776
7128,1.375232
7129,1.334272
7130,1.296384
7131,1.387520
7132,1.318912
7133,1.331200
7134,1.394688
7135,1.383424
7136,1.389568
7137,1.363968
7138,1.382400
7139,1.360896
7140,1.341440
7141,1.310720
7142,1.332224
7143,1.355776
7144,1.333248
7145,1.318912
7146,1.325056
7147,1.308672
7148,1.359872
7149,1.310720
7150,1.351680
7151,1.344512
7152,1.326080
7153,1.366016
7154,0.869376
7155,0.620544
7156,0.584704
7157,0.570368
7158,0.568320
7159,0.567296
7160,0.567296
7161,0.563200
7162,0.553984
7163,0.548864
7164,1.406976
7165,1.403904
7166,1.378304
7167,1.350656
7168,1.403904
7169,1.360896
7170,1.362944
7171,1.391616
7172,1.375232
7173,1.342464
7174,1.314816
7175,1.383424
7176,1.329152
7177,1.336320
7178,1.335296
7179,1.313792
7180,1.316864
7181,1.349632
7182,1.404928
7183,1.348608
7184,1.340416
7185,1.311744
7186,1.364992
7187,1.371136
7188,1.376256
7189,1.299456
7190,1.372160
7191,1.326080
7192,1.349632
7193,1.331200
7194,1.339392
7195,1.355776
7196,1.362944
7197,1.307648
7198,1.355776
7199,1.299456
7200,1.363968
7201,1.342464
7202,1.320960
7203,1.394688
7204,1.320960
7205,1.332224
7206,1.337344
7207,1.339392
7208,1.234944
7209,0.804864
7210,0.598016
7211,0.588800
7212,0.581632
7213,1.283072
7214,1.380352
7215,1.315840
7216,1.312768
7217,1.308672
7218,1.320960
7219,1.339392
7220,1.334272
7221,1.353728
7222,1.298432
7223,1.336320
7224,1.351680
7225,1.335296
7226,1.344512
7227,1.344512
7228,1.321984
7229,1.356800
7230,1.305600
7231,1.356800
7232,1.316864
7233,1.308672
7234,1.348608
7235,1.310720
7236,1.353728
7237,1.341440
7238,1.321984
7239,1.464320
7240,1.333248
7241,1.383424
7242,1.361920
7243,1.300480
7244,1.336320
7245,1.371136
7246,1.352704
7247,1.332224
7248,1.311744
7249,1.319936
7250,1.356800
7251,1.374208
7252,1.344512
7253,1.335296
7254,1.333248
7255,1.356800
7256,1.340416
7257,1.344512
7258,1.128448
7259,0.645120
7260,0.588800
7261,0.578560
7262,1.422336
7263,1.405952
7264,1.348608
7265,1.315840
7266,1.369088
7267,1.323008
7268,1.331200
7269,1.374208
7270,1.314816
7271,1.388544
7272,1.340416
7273,1.302528
7274,1.377280
7275,1.326080
7276,1.305600
7277,1.337344
7278,1.366016
7279,1.299456
7280,1.343488
7281,1.345536
7282,1.353728
7283,1.393664
7284,1.335296
7285,1.310720
7286,1.357824
7287,1.380352
7288,1.358848
7289,1.303552
7290,1.368064
7291,1.347584
7292,1.314816
7293,1.324032
7294,1.338368
7295,1.346560
7296,1.368064
7297,1.353728
7298,1.379328
7299,1.384448
7300,1.320960
7301,1.382400
7302,1.374208
7303,1.296384
7304,1.352704
7305,1.333248
7306,1.165312
7307,0.773120
7308,1.432576
7309,1.390592
7310,1.334272
7311,1.376256
7312,1.368064
7313,1.342464
7314,1.351680
7315,1.391616
7316,1.324032
7317,1.329152
7318,1.363968
7319,1.367040
7320,1.368064
7321,1.359872
7322,1.332224
7323,1.369088
7324,1.321984
7325,1.302528
7326,1.292288
7327,1.353728
7328,1.291264
7329,1.344512
7330,1.351680
7331,1.297408
7332,1.350656
7333,1.357824
7334,1.350656
7335,1.302528
7336,1.332224
7337,1.348608
7338,1.355776
7339,1.364992
7340,1.303552
7341,1.328128
7342,1.354752
7343,1.338368
7344,1.350656
7345,1.354752
7346,1.316864
7347,1.379328
7348,1.310720
7349,1.336320
7350,1.342464
7351,1.368064
7352,1.263616
7353,0.834560
7354,1.389568
7355,1.319936
7356,1.304576
7357,1.399808
7358,1.303552
7359,1.379328
7360,1.310720
7361,1.347584
7362,1.331200
7363,1.298432
7364,1.277952
7365,1.340416
7366,1.338368
7367,1.300480
7368,1.324032
7369,1.361920
7370,1.333248
7371,1.388544
7372,1.353728
7373,1.323008
7374,1.326080
7375,1.324032
7376,1.297408
7377,1.320960
7378,1.345536
7379,1.311744
7380,1.355776
7381,1.352704
7382,1.380352
7383,1.333248
7384,1.304576
7385,1.351680
7386,1.326080
7387,1.337344
7388,1.343488
7389,1.301504
7390,1.329152
7391,1.381376
7392,1.353728
7393,1.327104
7394,1.270784
7395,1.373184
7396,1.343488
7397,1.292288
7398,1.173504
7399,0.751616
7400,0.657408
7401,0.641024
7402,0.649216
7403,0.627712
7404,0.604160
7405,0.571392
7406,1.391616
7407,1.397760
7408,1.361920
7409,1.369088
7410,1.344512
7411,1.337344
7412,1.341440
7413,1.288192
7414,1.316864
7415,1.303552
7416,1.340416
7417,1.347584
7418,1.361920
7419,1.245184
7420,1.292288
7421,1.330176
7422,1.389568
7423,1.405952
7424,1.333248
7425,1.381376
7426,1.382400
7427,1.294336
7428,1.343488
7429,1.354752
7430,1.372160
7431,1.332224
7432,1.326080
7433,1.389568
7434,1.336320
7435,1.349632
7436,1.352704
7437,1.327104
7438,1.346560
7439,1.300480
7440,1.327104
7441,1.366016
7442,1.312768
7443,1.328128
7444,1.357824
7445,1.369088
7446,1.362944
7447,1.385472
7448,1.404928
7449,1.331200
7450,1.314816
7451,1.027072
7452,0.647168
7453,0.602112
7454,0.586752
7455,1.370112
7456,1.453056
7457,1.349632
7458,1.302528
7459,1.349632
7460,1.307648
7461,1.394688
7462,1.373184
7463,1.370112
7464,1.338368
7465,1.349632
7466,1.307648
7467,1.363968
7468,1.372160
7469,1.359872
7470,1.367040
7471,1.289216
7472,1.325056
7473,1.319936
7474,1.346560
7475,1.307648
7476,1.367040
7477,1.326080
7478,1.351680
7479,1.378304
7480,1.371136
7481,1.306624
7482,1.343488
7483,1.325056
7484,1.341440
7485,1.360896
7486,1.368064
7487,1.406976
7488,1.384448
7489,1.321984
7490,1.371136
7491,1.357824
7492,1.313792
7493,1.330176
7494,1.378304
7495,1.357824
7496,1.358848
7497,1.368064
7498,1.304576
7499,1.191936
7500,1.179648
7501,1.311744
7502,1.302528
7503,1.301504
7504,1.345536
7505,1.336320
7506,1.383424
7507,1.330176
7508,1.341440
7509,1.316864
7510,1.329152
7511,1.310720
7512,1.343488
7513,1.342464
7514,1.332224
7515,1.316864
7516,1.334272
7517,1.338368
7518,1.317888
7519,1.364992
7520,1.318912
7521,1.352704
7522,1.336320
7523,1.304576
7524,1.339392
7525,1.301504
7526,1.374208
7527,1.377280
7528,1.363968
7529,1.314816
7530,1.354752
7531,1.323008
7532,1.363968
7533,1.293312
7534,1.313792
7535,1.320960
7536,1.301504
7537,1.292288
7538,1.333248
7539,1.364992
7540,1.354752
7541,1.316864
7542,1.349632
7543,1.294336
7544,1.051648
7545,0.779264
7546,1.311744
7547,1.176576
7548,1.356800
7549,1.307648
7550,1.341440
7551,1.315840
7552,1.350656
7553,1.367040
7554,1.359872
7555,1.377280
7556,1.328128
7557,1.404928
7558,1.341440
7559,1.343488
7560,1.336320
7561,1.360896
7562,1.313792
7563,1.318912
7564,1.334272
7565,1.339392
7566,1.356800
7567,1.324032
7568,1.334272
7569,1.302528
7570,1.330176
7571,1.336320
7572,1.387520
7573,1.299456
7574,1.327104
7575,1.296384
7576,1.344512
7577,1.347584
7578,1.338368
7579,1.301504
7580,1.349632
7581,1.376256
7582,1.343488
7583,1.274880
7584,1.347584
7585,1.346560
7586,1.319936
7587,1.332224
7588,1.355776
7589,1.311744
7590,1.266688
7591,0.944128
7592,0.697344
7593,0.620544
7594,0.612352
7595,0.611328
7596,0.592896
7597,0.572416
7598,1.392640
7599,1.379328
7600,1.381376
7601,1.413120
7602,1.338368
7603,1.334272
7604,1.354752
7605,1.375232
7606,1.309696
7607,1.391616
7608,1.345536
7609,1.369088
7610,1.385472
7611,1.290240
7612,1.343488
7613,1.323008
7614,1.323008
7615,1.320960
7616,1.393664
7617,1.355776
7618,1.379328
7619,1.366016
7620,1.330176
7621,1.331200
7622,1.346560
7623,1.337344
7624,1.313792
7625,1.353728
7626,1.295360
7627,1.398784
7628,1.339392
7629,1.342464
7630,1.304576
7631,1.327104
7632,1.329152
7633,1.330176
7634,1.362944
7635,1.361920
7636,1.327104
7637,1.325056
7638,1.356800
7639,1.339392
7640,1.348608
7641,1.354752
7642,1.174528
7643,0.850944
7644,1.385472
7645,1.401856
7646,1.335296
7647,1.309696
7648,1.354752
7649,1.329152
7650,1.330176
7651,1.363968
7652,1.352704
7653,1.351680
7654,1.338368
7655,1.358848
7656,1.338368
7657,1.334272
7658,1.328128
7659,1.329152
7660,1.369088
7661,1.354752
7662,1.316864
7663,1.310720
7664,1.366016
7665,1.333248
7666,1.338368
7667,1.319936
7668,1.306624
7669,1.320960
7670,1.328128
7671,1.347584
7672,1.377280
7673,1.299456
7674,1.303552
7675,1.313792
7676,1.332224
7677,1.402880
7678,1.324032
7679,1.327104
7680,1.349632
7681,1.341440
7682,1.319936
7683,1.378304
7684,1.341440
7685,1.324032
7686,1.331200
7687,1.323008
7688,1.158144
7689,0.715776
7690,0.683008
7691,0.657408
7692,0.655360
7693,0.615424
7694,0.578560
7695,1.384448
7696,1.351680
7697,1.342464
7698,1.356800
7699,1.313792
7700,1.327104
7701,1.352704
7702,1.328128
7703,1.362944
7704,1.342464
7705,1.317888
7706,1.331200
7707,1.344512
7708,1.340416
7709,1.335296
7710,1.319936
7711,1.325056
7712,1.330176
7713,1.294336
7714,1.345536
7715,1.317888
7716,1.343488
7717,1.321984
7718,1.345536
7719,1.320960
7720,1.360896
7721,1.342464
7722,1.338368
7723,1.362944
7724,1.298432
7725,1.339392
7726,1.355776
7727,1.336320
7728,1.323008
7729,1.334272
7730,1.346560
7731,1.369088
7732,1.344512
7733,1.348608
7734,1.349632
7735,1.336320
7736,1.351680
7737,1.346560
7738,1.339392
7739,1.286144
7740,0.978944
7741,1.348608
7742,1.349632
7743,1.317888
7744,1.321984
7745,1.328128
7746,1.316864
7747,1.307648
7748,1.301504
7749,1.303552
7750,1.330176
7751,1.333248
7752,1.345536
7753,1.387520
7754,1.378304
7755,1.372160
7756,1.368064
7757,1.357824
7758,1.303552
7759,1.360896
7760,1.346560
7761,1.316864
7762,1.369088
7763,1.358848
7764,1.327104
7765,1.366016
7766,1.326080
7767,1.336320
7768,1.327104
7769,1.352704
7770,1.344512
7771,1.326080
7772,1.320960
7773,1.319936
7774,1.343488
7775,1.341440
7776,1.394688
7777,1.298432
7778,1.312768
7779,1.363968
7780,1.312768
7781,1.349632
7782,1.327104
7783,1.378304
7784,1.364992
7785,1.202176
7786,1.341440
7787,1.249280
7788,1.294336
7789,1.369088
7790,1.366016
7791,1.346560
7792,1.366016
7793,1.349632
7794,1.300480
7795,1.335296
7796,1.276928
7797,1.358848
7798,1.371136
7799,1.339392
7800,1.312768
7801,1.372160
7802,1.393664
7803,1.343488
7804,1.362944
7805,1.348608
7806,1.352704
7807,1.327104
7808,1.383424
7809,1.335296
7810,1.333248
7811,1.367040
7812,1.372160
7813,1.387520
7814,1.334272
7815,1.303552
7816,1.336320
7817,1.300480
7818,1.230848
7819,1.319936
7820,1.310720
7821,1.341440
7822,1.305600
7823,1.312768
7824,1.432576
7825,1.377280
7826,1.386496
7827,1.334272
7828,1.307648
7829,1.340416
7830,1.312768
7831,0.970752
7832,0.649216
7833,0.615424
7834,0.593920
7835,0.590848
7836,0.578560
7837,1.410048
7838,1.381376
7839,1.274880
7840,1.276928
7841,1.302528
7842,1.330176
7843,1.309696
7844,1.346560
7845,1.301504
7846,1.311744
7847,1.332224
7848,1.304576
7849,1.336320
7850,1.307648
7851,1.350656
7852,1.368064
7853,1.321984
7854,1.356800
7855,1.376256
7856,1.327104
7857,1.349632
7858,1.325056
7859,1.348608
7860,1.360896
7861,1.377280
7862,1.324032
7863,1.285120
7864,1.288192
7865,1.342464
7866,1.348608
7867,1.325056
7868,1.358848
7869,1.282048
7870,1.312768
7871,1.335296
7872,1.323008
7873,1.347584
7874,1.340416
7875,1.325056
7876,1.313792
7877,1.330176
7878,1.335296
7879,1.352704
7880,1.314816
7881,1.358848
7882,1.107968
7883,1.229824
7884,1.179648
7885,1.310720
7886,1.295360
7887,1.314816
7888,1.339392
7889,1.358848
7890,1.324032
7891,1.369088
7892,1.343488
7893,1.346560
7894,1.347584
7895,1.367040
7896,1.355776
7897,1.358848
7898,1.352704
7899,1.358848
7900,1.307648
7901,1.360896
7902,1.320960
7903,1.297408
7904,1.360896
7905,1.357824
7906,1.346560
7907,1.400832
7908,1.347584
7909,1.324032
7910,1.308672
7911,1.344512
7912,1.327104
7913,1.301504
7914,1.347584
7915,1.349632
7916,1.258496
7917,1.316864
7918,1.321984
7919,1.309696
7920,1.358848
7921,1.355776
7922,1.349632
7923,1.315840
7924,1.308672
7925,1.352704
7926,1.319936
7927,1.304576
7928,1.249280
7929,1.209344
7930,1.352704
7931,1.366016
7932,1.326080
7933,1.321984
7934,1.328128
7935,1.319936
7936,1.341440
7937,1.361920
7938,1.369088
7939,1.355776
7940,1.362944
7941,1.325056
7942,1.337344
7943,1.329152
7944,1.334272
7945,1.345536
7946,1.341440
7947,1.330176
7948,1.355776
7949,1.318912
7950,1.333248
7951,1.319936
7952,1.317888
7953,1.337344
7954,1.367040
7955,1.352704
7956,1.347584
7957,1.371136
7958,1.355776
7959,1.351680
7960,1.359872
7961,1.362944
7962,1.320960
7963,1.298432
7964,1.308672
7965,1.328128
7966,1.344512
7967,1.352704
7968,1.343488
7969,1.305600
7970,1.320960
7971,1.314816
7972,1.343488
7973,1.189888
7974,0.759808
7975,0.664576
7976,1.275904
7977,1.161216
7978,1.326080
7979,1.342464
7980,1.335296
7981,1.346560
7982,1.337344
7983,1.389568
7984,1.335296
7985,1.297408
7986,1.331200
7987,1.339392
7988,1.326080
7989,1.309696
7990,1.323008
7991,1.367040
7992,1.333248
7993,1.345536
7994,1.368064
7995,1.366016
7996,1.366016
7997,1.317888
7998,1.331200
7999,1.306624
8000,1.372160
8001,1.335296
8002,1.372160
8003,1.335296
8004,1.352704
8005,1.293312
8006,1.337344
8007,1.349632
8008,1.343488
8009,1.325056
8010,1.369088
8011,1.329152
8012,1.377280
8013,1.337344
8014,1.319936
8015,1.342464
8016,1.382400
8017,1.328128
8018,1.344512
8019,1.329152
8020,1.257472
8021,0.919552
8022,0.663552
8023,1.380352
8024,1.410048
8025,1.388544
8026,1.347584
8027,1.312768
8028,1.356800
8029,1.330176
8030,1.317888
8031,1.287168
8032,1.353728
8033,1.306624
8034,1.354752
8035,1.350656
8036,1.352704
8037,1.354752
8038,1.369088
8039,1.351680
8040,1.347584
8041,1.304576
8042,1.299456
8043,1.328128
8044,1.324032
8045,1.309696
8046,1.363968
8047,1.382400
8048,1.336320
8049,1.367040
8050,1.312768
8051,1.315840
8052,1.378304
8053,1.327104
8054,1.335296
8055,1.343488
8056,1.481728
8057,1.326080
8058,1.265664
8059,1.370112
8060,1.314816
8061,1.324032
8062,1.330176
8063,1.374208
8064,1.369088
8065,1.369088
8066,1.374208
8067,1.140736
8068,1.195008
8069,1.275904
8070,1.323008
8071,1.312768
8072,1.330176
8073,1.328128
8074,1.339392
8075,1.305600
8076,1.293312
8077,1.337344
8078,1.338368
8079,1.379328
8080,1.345536
8081,1.341440
8082,1.355776
8083,1.344512
8084,1.433600
8085,1.346560
8086,1.321984
8087,1.334272
8088,1.321984
8089,1.332224
8090,1.323008
8091,1.283072
8092,1.346560
8093,1.303552
8094,1.313792
8095,1.343488
8096,1.309696
8097,1.336320
8098,1.351680
8099,1.361920
8100,1.302528
8101,1.389568
8102,1.306624
8103,1.404928
8104,1.330176
8105,1.350656
8106,1.367040
8107,1.342464
8108,1.311744
8109,1.297408
8110,1.334272
8111,1.286144
8112,1.152000
8113,0.844800
8114,0.650240
8115,1.397760
8116,1.387520
8117,1.357824
8118,1.417216
8119,1.366016
8120,1.372160
8121,1.332224
8122,1.349632
8123,1.318912
8124,1.321984
8125,1.272832
8126,1.343488
8127,1.368064
8128,1.354752
8129,1.317888
8130,1.376256
8131,1.367040
8132,1.340416
8133,1.350656
8134,1.357824
8135,1.312768
8136,1.328128
8137,1.359872
8138,1.306624
8139,1.287168
8140,1.361920
8141,1.352704
8142,1.376256
8143,1.360896
8144,1.318912
8145,1.321984
8146,1.318912
8147,1.375232
8148,1.391616
8149,1.355776
8150,1.341440
8151,1.292288
8152,1.296384
8153,1.335296
8154,1.341440
8155,1.359872
8156,1.326080
8157,1.400832
8158,1.373184
8159,1.161216
8160,1.397760
8161,1.403904
8162,1.333248
8163,1.357824
8164,1.385472
8165,1.338368
8166,1.347584
8167,1.350656
8168,1.301504
8169,1.325056
8170,1.309696
8171,1.367040
8172,1.372160
8173,1.343488
8174,1.364992
8175,1.380352
8176,1.327104
8177,1.389568
8178,1.333248
8179,1.338368
8180,1.362944
8181,1.297408
8182,1.338368
8183,1.312768
8184,1.320960
8185,1.337344
8186,1.302528
8187,1.360896
8188,1.360896
8189,1.357824
8190,1.385472
8191,1.351680
8192,1.333248
8193,1.346560
8194,1.278976
8195,1.340416
8196,1.323008
8197,1.338368
8198,1.347584
8199,1.310720
8200,1.346560
8201,1.342464
8202,1.413120
8203,1.312768
8204,1.177600
8205,0.728064
8206,0.643072
8207,0.617472
8208,0.607232
8209,1.394688
8210,1.390592
8211,1.375232
8212,1.332224
8213,1.319936
8214,1.351680
8215,1.251328
8216,1.367040
8217,1.325056
8218,1.349632
8219,1.366016
8220,1.380352
8221,1.297408
8222,1.305600
8223,1.313792
8224,1.308672
8225,1.318912
8226,1.367040
8227,1.363968
8228,1.366016
8229,1.330176
8230,1.366016
8231,1.359872
8232,1.355776
8233,1.328128
8234,1.319936
8235,1.327104
8236,1.265664
8237,1.355776
8238,1.323008
8239,1.314816
8240,1.331200
8241,1.328128
8242,1.319936
8243,1.350656
8244,1.361920
8245,1.330176
8246,1.340416
8247,1.370112
8248,1.383424
8249,1.356800
8250,1.377280
8251,1.375232
8252,1.377280
8253,1.252352
8254,0.910336
8255,0.664576
8256,0.614400
8257,0.599040
8258,0.574464
8259,0.565248
8260,0.562176
8261,0.557056
8262,1.412096
8263,1.382400
8264,1.346560
8265,1.373184
8266,1.344512
8267,1.317888
8268,1.337344
8269,1.310720
8270,1.371136
8271,1.315840
8272,1.376256
8273,1.317888
8274,1.197056
8275,1.377280
8276,1.390592
8277,1.412096
8278,1.354752
8279,1.361920
8280,1.316864
8281,1.384448
8282,1.360896
8283,1.359872
8284,1.372160
8285,1.381376
8286,1.349632
8287,1.361920
8288,1.341440
8289,1.316864
8290,1.316864
8291,1.352704
8292,1.296384
8293,1.293312
8294,1.335296
8295,1.321984
8296,1.307648
8297,1.342464
8298,1.319936
8299,1.352704
8300,1.294336
8301,1.353728
8302,1.343488
8303,1.366016
8304,1.340416
8305,1.333248
8306,1.068032
8307,1.388544
8308,1.384448
8309,1.336320
8310,1.333248
8311,1.436672
8312,1.300480
8313,1.372160
8314,1.325056
8315,1.325056
8316,1.324032
8317,1.332224
8318,1.333248
8319,1.344512
8320,1.382400
8321,1.344512
8322,1.338368
8323,1.323008
8324,1.312768
8325,1.326080
8326,1.427456
8327,1.343488
8328,1.369088
8329,1.351680
8330,1.370112
8331,1.337344
8332,1.361920
8333,1.400832
8334,1.366016
8335,1.351680
8336,1.346560
8337,1.381376
8338,1.328128
8339,1.302528
8340,1.324032
8341,1.320960
8342,1.386496
8343,1.324032
8344,1.370112
8345,1.336320
8346,1.343488
8347,1.332224
8348,1.324032
8349,1.362944
8350,1.351680
8351,1.301504
8352,0.890880
8353,0.641024
8354,0.607232
8355,0.593920
8356,0.593920
8357,1.379328
8358,1.403904
8359,1.473536
8360,1.392640
8361,1.366016
8362,1.300480
8363,1.376256
8364,1.378304
8365,1.361920
8366,1.374208
8367,1.307648
8368,1.317888
8369,1.335296
8370,1.332224
8371,1.334272
8372,1.318912
8373,1.359872
8374,1.317888
8375,1.297408
8376,1.324032
8377,1.314816
8378,1.393664
8379,1.383424
8380,1.343488
8381,1.318912
8382,1.380352
8383,1.360896
8384,1.387520
8385,1.341440
8386,1.350656
8387,1.370112
8388,1.338368
8389,1.348608
8390,1.290240
8391,1.289216
8392,1.342464
8393,1.401856
8394,1.363968
8395,1.389568
8396,1.306624
8397,1.349632
8398,1.376256
8399,1.315840
8400,1.302528
8401,1.154048
8402,0.656384
8403,0.602112
8404,0.608256
8405,0.603136
8406,0.600064
8407,0.584704
8408,0.562176
8409,0.556032
8410,1.349632
8411,1.333248
8412,1.400832
8413,1.317888
8414,1.357824
8415,1.347584
8416,1.335296
8417,1.344512
8418,1.334272
8419,1.297408
8420,1.325056
8421,1.321984
8422,1.319936
8423,1.324032
8424,1.349632
8425,1.544192
8426,1.323008
8427,1.353728
8428,1.390592
8429,1.323008
8430,1.405952
8431,1.354752
8432,1.357824
8433,1.318912
8434,1.324032
8435,1.306624
8436,1.308672
8437,1.323008
8438,1.357824
8439,1.354752
8440,1.353728
8441,1.347584
8442,1.410048
8443,1.347584
8444,1.370112
8445,1.395712
8446,1.392640
8447,1.335296
8448,1.327104
8449,1.384448
8450,1.282048
8451,1.334272
8452,1.370112
8453,1.330176
8454,1.013760
8455,1.132544
8456,1.281024
8457,1.309696
8458,1.283072
8459,1.286144
8460,1.321984
8461,1.326080
8462,1.388544
8463,1.303552
8464,1.307648
8465,1.370112
8466,1.323008
8467,1.335296
8468,1.346560
8469,1.303552
8470,1.380352
8471,1.358848
8472,1.309696
8473,1.303552
8474,1.318912
8475,1.344512
8476,1.349632
8477,1.381376
8478,1.362944
8479,1.368064
8480,1.341440
8481,1.320960
8482,1.388544
8483,1.352704
8484,1.312768
8485,1.355776
8486,1.308672
8487,1.355776
8488,1.382400
8489,1.349632
8490,1.340416
8491,1.350656
8492,1.343488
8493,1.293312
8494,1.346560
8495,1.313792
8496,1.331200
8497,1.290240
8498,1.334272
8499,1.222656
8500,0.717824
8501,0.608256
8502,0.609280
8503,0.594944
8504,0.600064
8505,0.596992
8506,0.567296
8507,0.557056
8508,1.392640
8509,1.418240
8510,1.385472
8511,1.342464
8512,1.312768
8513,1.386496
8514,1.384448
8515,1.358848
8516,1.305600
8517,1.346560
8518,1.339392
8519,1.351680
8520,1.325056
8521,1.401856
8522,1.320960
8523,1.403904
8524,1.342464
8525,1.369088
8526,1.332224
8527,1.327104
8528,1.366016
8529,1.337344
8530,1.271808
8531,1.440768
8532,1.312768
8533,1.349632
8534,1.324032
8535,1.352704
8536,1.297408
8537,1.331200
8538,1.308672
8539,1.313792
8540,1.374208
8541,1.328128
8542,1.291264
8543,1.347584
8544,1.343488
8545,1.318912
8546,1.342464
8547,1.330176
8548,1.332224
8549,1.352704
8550,1.343488
8551,1.330176
8552,1.157120
8553,0.838656
8554,0.727040
8555,0.657408
8556,0.646144
8557,0.586752
8558,0.565248
8559,1.429504
8560,1.372160
8561,1.333248
8562,1.338368
8563,1.351680
8564,1.327104
8565,1.320960
8566,1.336320
8567,1.317888
8568,1.291264
8569,1.318912
8570,1.325056
8571,1.329152
8572,1.359872
8573,1.360896
8574,1.351680
8575,1.342464
8576,1.339392
8577,1.320960
8578,1.327104
8579,1.414144
8580,1.334272
8581,1.336320
8582,1.334272
8583,1.459200
8584,1.326080
8585,1.355776
8586,1.347584
8587,1.339392
8588,1.379328
8589,1.301504
8590,1.341440
8591,1.350656
8592,1.332224
8593,1.327104
8594,1.319936
8595,1.320960
8596,1.291264
8597,1.360896
8598,1.312768
8599,1.273856
8600,1.311744
8601,1.245184
8602,1.324032
8603,1.260544
8604,1.009664
8605,0.705536
8606,0.617472
8607,0.595968
8608,0.587776
8609,0.575488
8610,1.320960
8611,1.191936
8612,1.280000
8613,1.361920
8614,1.305600
8615,1.331200
8616,1.330176
8617,1.315840
8618,1.363968
8619,1.352704
8620,1.344512
8621,1.305600
8622,1.372160
8623,1.304576
8624,1.360896
8625,1.352704
8626,1.363968
8627,1.396736
8628,1.333248
8629,1.345536
8630,1.348608
8631,1.348608
8632,1.347584
8633,1.337344
8634,1.305600
8635,1.274880
8636,1.338368
8637,1.286144
8638,1.325056
8639,1.327104
8640,1.374208
8641,1.346560
8642,1.367040
8643,1.367040
8644,1.384448
8645,1.333248
8646,1.381376
8647,1.313792
8648,1.346560
8649,1.339392
8650,1.357824
8651,1.367040
8652,1.344512
8653,1.378304
8654,1.289216
8655,0.983040
8656,1.274880
8657,1.240064
8658,1.327104
8659,1.295360
8660,1.349632
8661,1.350656
8662,1.273856
8663,1.318912
8664,1.334272
8665,1.313792
8666,1.323008
8667,1.319936
8668,1.347584
8669,1.374208
8670,1.357824
8671,1.355776
8672,1.335296
8673,1.335296
8674,1.341440
8675,1.360896
8676,1.388544
8677,1.355776
8678,1.291264
8679,1.331200
8680,1.346560
8681,1.319936
8682,1.301504
8683,1.302528
8684,1.399808
8685,1.308672
8686,1.356800
8687,1.382400
8688,1.378304
8689,1.337344
8690,1.360896
8691,1.318912
8692,1.353728
8693,1.390592
8694,1.352704
8695,1.347584
8696,1.343488
8697,1.339392
8698,1.374208
8699,1.360896
8700,1.328128
8701,0.899072
8702,0.637952
8703,0.640000
8704,1.388544
8705,1.341440
8706,1.307648
8707,1.291264
8708,1.318912
8709,1.370112
8710,1.335296
8711,1.366016
8712,1.372160
8713,1.330176
8714,1.298432
8715,1.334272
8716,1.345536
8717,1.341440
8718,1.321984
8719,1.318912
8720,1.321984
8721,1.323008
8722,1.359872
8723,1.316864
8724,1.360896
8725,1.364992
8726,1.371136
8727,1.299456
8728,1.328128
8729,1.330176
8730,1.334272
8731,1.292288
8732,1.308672
8733,1.341440
8734,1.301504
8735,1.347584
8736,1.360896
8737,1.343488
8738,1.353728
8739,1.342464
8740,1.314816
8741,1.336320
8742,1.343488
8743,1.360896
8744,1.361920
8745,1.372160
8746,1.388544
8747,1.355776
8748,1.259520
8749,0.772096
8750,0.663552
8751,0.646144
8752,0.645120
8753,0.638976
8754,0.606208
8755,1.423360
8756,1.373184
8757,1.377280
8758,1.265664
8759,1.341440
8760,1.340416
8761,1.361920
8762,1.369088
8763,1.344512
8764,1.309696
8765,1.349632
8766,1.332224
8767,1.346560
8768,1.356800
8769,1.314816
8770,1.368064
8771,1.321984
8772,1.406976
8773,1.359872
8774,1.349632
8775,1.349632
8776,1.356800
8777,1.346560
8778,1.328128
8779,1.300480
8780,1.360896
8781,1.332224
8782,1.332224
8783,1.333248
8784,1.347584
8785,1.406976
8786,1.387520
8787,1.385472
8788,1.358848
8789,1.312768
8790,1.398784
8791,1.391616
8792,1.371136
8793,1.344512
8794,1.339392
8795,1.360896
8796,1.327104
8797,1.331200
8798,1.356800
8799,1.185792
8800,1.328128
8801,1.269760
8802,1.337344
8803,1.274880
8804,1.391616
8805,1.363968
8806,1.361920
8807,1.305600
8808,1.368064
8809,1.354752
8810,1.334272
8811,1.371136
8812,1.361920
8813,1.329152
8814,1.316864
8815,1.336320
8816,1.354752
8817,1.333248
8818,1.308672
8819,1.360896
8820,1.328128
8821,1.308672
8822,1.331200
8823,1.308672
8824,1.350656
8825,1.357824
8826,1.351680
8827,1.325056
8828,1.311744
8829,1.340416
8830,1.369088
8831,1.358848
8832,1.371136
8833,1.348608
8834,1.349632
8835,1.382400
8836,1.391616
8837,1.394688
8838,1.336320
8839,1.362944
8840,1.336320
8841,1.392640
8842,1.353728
8843,1.369088
8844,1.246208
8845,0.917504
8846,1.404928
8847,1.315840
8848,1.362944
8849,1.345536
8850,1.388544
8851,1.288192
8852,1.275904
8853,1.353728
8854,1.321984
8855,1.299456
8856,1.326080
8857,1.420288
8858,1.320960
8859,1.275904
8860,1.289216
8861,1.314816
8862,1.309696
8863,1.292288
8864,1.363968
8865,1.320960
8866,1.305600
8867,1.330176
8868,1.336320
8869,1.358848
8870,1.285120
8871,1.312768
8872,1.335296
8873,1.294336
8874,1.337344
8875,1.325056
8876,1.297408
8877,1.333248
8878,1.311744
8879,1.318912
8880,1.277952
8881,1.325056
8882,1.344512
8883,1.300480
8884,1.315840
8885,1.334272
8886,1.314816
8887,1.344512
8888,1.305600
8889,1.261568
8890,1.304576
8891,1.213440
8892,0.683008
8893,0.614400
8894,0.616448
8895,0.609280
8896,0.564224
8897,1.374208
8898,1.352704
8899,1.338368
8900,1.307648
8901,1.337344
8902,1.310720
8903,1.313792
8904,1.323008
8905,1.299456
8906,1.340416
8907,1.335296
8908,1.325056
8909,1.283072
8910,1.254400
8911,1.346560
8912,1.328128
8913,1.301504
8914,1.288192
8915,1.346560
8916,1.310720
8917,1.350656
8918,1.304576
8919,1.335296
8920,1.343488
8921,1.307648
8922,1.327104
8923,1.316864
8924,1.294336
8925,1.328128
8926,1.340416
8927,1.339392
8928,1.330176
8929,1.344512
8930,1.271808
8931,1.283072
8932,1.320960
8933,1.301504
8934,1.336320
8935,1.299456
8936,1.353728
8937,1.354752
8938,1.312768
8939,2.764800
8940,2.650112
8941,1.337344
8942,1.287168
8943,1.312768
8944,1.222656
8945,1.303552
8946,1.308672
8947,1.361920
8948,1.343488
8949,1.330176
8950,1.339392
8951,1.304576
8952,1.272832
8953,1.293312
8954,1.293312
8955,1.432576
8956,1.328128
8957,1.342464
8958,1.321984
8959,1.327104
8960,1.269760
8961,1.309696
8962,1.216512
8963,3.654656
8964,1.285120
8965,1.270784
8966,1.326080
8967,1.321984
8968,2.328576
8969,1.297408
8970,1.302528
8971,1.310720
8972,1.297408
8973,2.469888
8974,3.692544
8975,1.360896
8976,1.321984
8977,1.293312
8978,1.288192
8979,1.278976
8980,1.287168
8981,1.294336
8982,0.720896
8983,0.621568
8984,0.595968
8985,0.605184
8986,0.593920
8987,0.589824
8988,0.582656
8989,0.573440
8990,1.350656
8991,1.316864
8992,1.274880
8993,1.317888
8994,1.305600
8995,1.362944
8996,1.318912
8997,1.275904
8998,1.337344
8999,1.359872
9000,1.347584
9001,1.319936
9002,1.331200
9003,1.363968
9004,1.338368
9005,1.319936
9006,1.311744
9007,1.353728
9008,1.308672
9009,1.281024
9010,1.317888
9011,1.310720
9012,1.308672
9013,1.327104
9014,1.337344
9015,1.313792
9016,1.266688
9017,1.307648
9018,1.337344
9019,1.323008
9020,1.323008
9021,1.371136
9022,1.301504
9023,1.313792
9024,1.303552
9025,1.510400
9026,1.316864
9027,1.328128
9028,1.305600
9029,1.288192
9030,1.260544
9031,1.264640
9032,1.307648
9033,1.317888
9034,1.340416
9035,1.198080
9036,0.730112
9037,1.393664
9038,1.246208
9039,1.276928
9040,1.317888
9041,1.277952
9042,1.275904
9043,1.349632
9044,1.273856
9045,1.311744
9046,1.310720
9047,1.323008
9048,1.311744
9049,1.387520
9050,1.314816
9051,1.330176
9052,1.288192
9053,1.303552
9054,1.321984
9055,1.363968
9056,1.355776
9057,1.325056
9058,1.332224
9059,1.334272
9060,1.359872
9061,1.328128
9062,1.300480
9063,1.336320
9064,1.300480
9065,1.285120
9066,1.323008
9067,1.284096
9068,1.309696
9069,1.281024
9070,1.286144
9071,1.330176
9072,1.273856
9073,1.290240
9074,1.361920
9075,1.337344
9076,1.349632
9077,1.342464
9078,1.284096
9079,1.310720
9080,1.294336
9081,1.349632
9082,1.217536
9083,0.887808
9084,1.338368
9085,1.283072
9086,1.319936
9087,1.329152
9088,1.262592
9089,1.276928
9090,1.340416
9091,1.324032
9092,1.261568
9093,1.300480
9094,1.329152
9095,1.314816
9096,1.303552
9097,1.302528
9098,1.334272
9099,1.310720
9100,1.333248
9101,1.290240
9102,1.277952
9103,1.282048
9104,1.282048
9105,1.309696
9106,1.295360
9107,1.285120
9108,1.292288
9109,1.305600
9110,1.308672
9111,1.303552
9112,1.299456
9113,1.243136
9114,1.321984
9115,1.339392
9116,1.333248
9117,1.290240
9118,1.341440
9119,1.297408
9120,1.314816
9121,1.336320
9122,1.351680
9123,1.306624
9124,1.311744
9125,1.338368
9126,1.330176
9127,1.338368
9128,1.329152
9129,1.316864
9130,0.912384
9131,0.795648
9132,0.782336
9133,0.659456
9134,0.629760
9135,0.606208
9136,0.580608
9137,1.299456
9138,1.176576
9139,1.282048
9140,1.352704
9141,1.346560
9142,1.283072
9143,1.339392
9144,1.335296
9145,1.298432
9146,1.292288
9147,1.310720
9148,1.283072
9149,1.333248
9150,1.334272
9151,1.309696
9152,1.263616
9153,1.350656
9154,1.343488
9155,1.312768
9156,1.302528
9157,1.333248
9158,1.304576
9159,1.323008
9160,1.300480
9161,1.312768
9162,1.317888
9163,1.303552
9164,1.375232
9165,1.344512
9166,1.326080
9167,1.337344
9168,1.337344
9169,1.355776
9170,1.359872
9171,1.392640
9172,1.317888
9173,1.344512
9174,1.341440
9175,1.346560
9176,1.319936
9177,1.372160
9178,1.298432
9179,1.323008
9180,1.268736
9181,1.307648
9182,1.284096
9183,0.972800
9184,0.729088
9185,0.675840
9186,0.676864
9187,0.665600
9188,0.734208
9189,1.324032
9190,1.261568
9191,1.266688
9192,1.308672
9193,1.355776
9194,1.358848
9195,1.351680
9196,1.307648
9197,1.356800
9198,1.342464
9199,1.301504
9200,1.305600
9201,1.326080
9202,1.297408
9203,1.274880
9204,1.323008
9205,1.326080
9206,1.320960
9207,1.319936
9208,1.297408
9209,1.369088
9210,1.315840
9211,1.304576
9212,1.307648
9213,1.281024
9214,1.273856
9215,1.299456
9216,1.311744
9217,1.312768
9218,1.289216
9219,1.302528
9220,1.309696
9221,1.344512
9222,1.335296
9223,1.325056
9224,1.353728
9225,1.301504
9226,1.307648
9227,1.357824
9228,1.318912
9229,1.323008
9230,1.344512
9231,1.308672
9232,1.303552
9233,1.292288
9234,1.200128
9235,0.936960
9236,0.844800
9237,0.792576
9238,0.757760
9239,0.700416
9240,0.662528
9241,1.346560
9242,1.291264
9243,1.270784
9244,1.287168
9245,1.306624
9246,1.324032
9247,1.293312
9248,1.273856
9249,1.334272
9250,1.284096
9251,1.343488
9252,1.350656
9253,1.288192
9254,1.373184
9255,1.331200
9256,1.333248
9257,1.299456
9258,1.363968
9259,1.315840
9260,1.338368
9261,1.328128
9262,1.373184
9263,1.292288
9264,1.301504
9265,1.297408
9266,1.326080
9267,1.336320
9268,1.285120
9269,1.300480
9270,1.326080
9271,1.311744
9272,1.297408
9273,1.329152
9274,1.442816
9275,1.293312
9276,1.301504
9277,1.290240
9278,1.327104
9279,1.283072
9280,1.345536
9281,1.314816
9282,1.328128
9283,1.280000
9284,1.289216
9285,1.321984
9286,1.285120
9287,1.175552
9288,1.210368
9289,1.328128
9290,1.286144
9291,1.273856
9292,1.301504
9293,1.317888
9294,1.300480
9295,1.293312
9296,1.314816
9297,1.328128
9298,1.274880
9299,1.290240
9300,1.357824
9301,1.330176
9302,1.302528
9303,1.298432
9304,1.285120
9305,1.285120
9306,1.307648
9307,1.302528
9308,1.343488
9309,1.275904
9310,1.333248
9311,1.332224
9312,1.326080
9313,1.328128
9314,1.324032
9315,1.300480
9316,1.318912
9317,1.299456
9318,1.338368
9319,1.283072
9320,1.284096
9321,1.297408
9322,1.292288
9323,1.308672
9324,1.354752
9325,1.291264
9326,1.347584
9327,1.280000
9328,1.332224
9329,1.298432
9330,1.316864
9331,1.305600
9332,1.317888
9333,1.135616
9334,1.251328
9335,1.204224
9336,1.328128
9337,1.324032
9338,1.317888
9339,1.288192
9340,1.292288
9341,1.319936
9342,1.277952
9343,1.302528
9344,1.352704
9345,1.299456
9346,1.341440
9347,1.325056
9348,1.304576
9349,1.362944
9350,1.280000
9351,1.334272
9352,1.326080
9353,1.304576
9354,1.351680
9355,1.297408
9356,1.337344
9357,1.326080
9358,1.294336
9359,1.299456
9360,1.329152
9361,1.346560
9362,1.333248
9363,1.251328
9364,1.309696
9365,1.325056
9366,1.342464
9367,1.344512
9368,1.290240
9369,1.291264
9370,1.292288
9371,1.302528
9372,1.301504
9373,1.332224
9374,1.302528
9375,1.360896
9376,1.295360
9377,1.314816
9378,1.292288
9379,1.285120
9380,1.181696
9381,0.911360
9382,0.762880
9383,0.713728
9384,0.647168
9385,0.618496
9386,1.349632
9387,1.323008
9388,1.328128
9389,1.301504
9390,1.306624
9391,1.298432
9392,1.315840
9393,1.304576
9394,1.285120
9395,1.324032
9396,1.300480
9397,1.309696
9398,1.304576
9399,1.319936
9400,1.298432
9401,1.331200
9402,1.292288
9403,1.307648
9404,1.332224
9405,1.350656
9406,1.311744
9407,1.304576
9408,1.312768
9409,1.282048
9410,1.340416
9411,1.299456
9412,1.286144
9413,1.332224
9414,1.353728
9415,1.321984
9416,1.329152
9417,1.308672
9418,1.286144
9419,1.285120
9420,1.276928
9421,1.280000
9422,1.361920
9423,1.317888
9424,1.350656
9425,1.352704
9426,1.347584
9427,1.360896
9428,1.359872
9429,1.351680
9430,1.364992
9431,1.299456
9432,0.964608
9433,1.387520
9434,1.318912
9435,1.283072
9436,1.342464
9437,1.335296
9438,1.355776
9439,1.307648
9440,1.284096
9441,1.294336
9442,1.301504
9443,1.270784
9444,1.304576
9445,1.369088
9446,1.337344
9447,1.347584
9448,1.328128
9449,1.345536
9450,1.261568
9451,1.331200
9452,1.341440
9453,1.328128
9454,1.319936
9455,1.298432
9456,1.314816
9457,1.294336
9458,1.324032
9459,1.323008
9460,1.288192
9461,1.355776
9462,1.337344
9463,1.296384
9464,1.302528
9465,1.336320
9466,1.292288
9467,1.318912
9468,1.305600
9469,1.302528
9470,1.312768
9471,1.347584
9472,1.301504
9473,1.351680
9474,1.306624
9475,1.298432
9476,1.349632
9477,1.367040
9478,1.210368
9479,0.978944
9480,0.843776
9481,0.698368
9482,1.315840
9483,1.193984
9484,1.278976
9485,1.317888
9486,1.332224
9487,1.306624
9488,1.368064
9489,1.309696
9490,1.309696
9491,1.276928
9492,1.312768
9493,1.297408
9494,1.304576
9495,1.312768
9496,1.310720
9497,1.289216
9498,1.278976
9499,1.315840
9500,1.281024
9501,1.308672
9502,1.290240
9503,1.307648
9504,1.307648
9505,1.310720
9506,1.301504
9507,1.267712
9508,1.293312
9509,1.289216
9510,1.341440
9511,1.309696
9512,1.307648
9513,1.254400
9514,1.272832
9515,1.363968
9516,1.344512
9517,1.294336
9518,1.301504
9519,1.319936
9520,1.313792
9521,1.298432
9522,1.318912
9523,1.303552
9524,1.301504
9525,1.317888
9526,1.359872
9527,1.284096
9528,1.271808
9529,0.873472
9530,0.690176
9531,0.676864
9532,0.621568
9533,0.613376
9534,0.581632
9535,1.367040
9536,1.298432
9537,1.282048
9538,1.245184
9539,1.291264
9540,1.357824
9541,1.297408
9542,1.302528
9543,1.326080
9544,1.302528
9545,1.327104
9546,1.339392
9547,1.308672
9548,1.346560
9549,1.293312
9550,1.290240
9551,1.347584
9552,1.326080
9553,1.323008
9554,1.288192
9555,1.321984
9556,1.336320
9557,1.267712
9558,1.323008
9559,1.300480
9560,1.295360
9561,1.324032
9562,1.356800
9563,1.303552
9564,1.335296
9565,1.315840
9566,1.333248
9567,1.320960
9568,1.316864
9569,1.349632
9570,1.346560
9571,1.358848
9572,1.295360
9573,1.329152
9574,1.336320
9575,1.296384
9576,1.259520
9577,1.291264
9578,1.354752
9579,1.314816
9580,1.295360
9581,1.163264
9582,0.854016
9583,0.726016
9584,0.658432
9585,0.591872
9586,1.406976
9587,1.336320
9588,1.327104
9589,1.286144
9590,1.388544
9591,1.352704
9592,1.320960
9593,1.353728
9594,1.321984
9595,1.318912
9596,1.293312
9597,1.344512
9598,1.271808
9599,1.274880
9600,1.281024
9601,1.306624
9602,1.327104
9603,1.293312
9604,1.255424
9605,1.304576
9606,1.278976
9607,1.276928
9608,1.270784
9609,1.290240
9610,1.289216
9611,1.282048
9612,1.283072
9613,1.264640
9614,1.271808
9615,1.266688
9616,1.239040
9617,1.259520
9618,1.278976
9619,1.297408
9620,1.257472
9621,1.258496
9622,1.233920
9623,1.302528
9624,1.269760
9625,1.272832
9626,1.271808
9627,1.320960
9628,1.246208
9629,1.271808
9630,1.302528
9631,1.290240
9632,1.200128
9633,1.138688
9634,1.292288
9635,1.267712
9636,1.288192
9637,1.269760
9638,1.235968
9639,1.245184
9640,1.234944
9641,1.293312
9642,1.197056
9643,1.242112
9644,1.288192
9645,1.258496
9646,1.274880
9647,1.288192
9648,1.244160
9649,1.245184
9650,1.280000
9651,1.267712
9652,1.274880
9653,1.253376
9654,1.272832
9655,1.223680
9656,1.308672
9657,1.277952
9658,1.263616
9659,1.249280
9660,1.252352
9661,1.280000
9662,1.264640
9663,1.243136
9664,1.218560
9665,1.193984
9666,1.236992
9667,1.240064
9668,1.212416
9669,1.215488
9670,1.211392
9671,1.226752
9672,1.256448
9673,1.248256
9674,1.272832
9675,1.241088
9676,1.254400
9677,1.231872
9678,1.253376
9679,1.240064
9680,1.257472
9681,1.226752
9682,1.006592
9683,0.798720
9684,0.781312
9685,0.805888
9686,0.734208
9687,1.292288
9688,1.213440
9689,2.633728
9690,1.227776
9691,1.257472
9692,2.640896
9693,1.252352
9694,1.268736
9695,1.263616
9696,1.259520
9697,1.262592
9698,1.231872
9699,1.273856
9700,1.248256
9701,1.232896
9702,1.284096
9703,1.253376
9704,1.261568
9705,1.290240
9706,1.276928
9707,1.276928
9708,1.216512
9709,1.230848
9710,1.278976
9711,1.262592
9712,1.292288
9713,1.247232
9714,1.274880
9715,1.255424
9716,1.239040
9717,1.253376
9718,1.267712
9719,1.211392
9720,1.246208
9721,1.268736
9722,1.229824
9723,1.252352
9724,1.228800
9725,1.272832
9726,1.246208
9727,1.272832
9728,1.255424
9729,1.270784
9730,1.314816
9731,1.258496
9732,1.244160
9733,1.284096
9734,0.911360
9735,1.252352
9736,1.185792
9737,1.189888
9738,2.676736
9739,1.196032
9740,2.630656
9741,1.268736
9742,1.140736
9743,1.249280
9744,1.214464
9745,1.210368
9746,1.236992
9747,1.299456
9748,1.264640
9749,1.269760
9750,1.271808
9751,1.265664
9752,1.198080
9753,1.196032
9754,1.260544
9755,1.228800
9756,1.281024
9757,1.263616
9758,1.238016
9759,1.254400
9760,1.211392
9761,1.246208
9762,1.186816
9763,1.220608
9764,1.239040
9765,1.198080
9766,1.225728
9767,1.164288
9768,1.206272
9769,1.200128
9770,1.217536
9771,1.198080
9772,1.206272
9773,1.217536
9774,1.202176
9775,1.173504
9776,1.185792
9777,1.204224
9778,1.206272
9779,1.174528
9780,1.146880
9781,1.212416
9782,1.106944
9783,0.983040
9784,0.914432
9785,0.688128
9786,0.620544
9787,1.169408
9788,1.224704
9789,1.169408
9790,1.208320
9791,1.184768
9792,1.162240
9793,1.176576
9794,1.141760
9795,1.147904
9796,1.150976
9797,1.156096
9798,3.319808
9799,1.107968
9800,1.105920
9801,1.108992
9802,1.123328
9803,1.132544
9804,1.141760
9805,1.148928
9806,1.140736
9807,1.122304
9808,1.103872
9809,3.314688
9810,1.071104
9811,1.075200
9812,1.132544
9813,1.114112
9814,2.135040
9815,1.085440
9816,1.110016
9817,1.112064
9818,1.119232
9819,2.127872
9820,3.362816
9821,1.048576
9822,1.097728
9823,1.123328
9824,1.108992
9825,1.078272
9826,1.096704
9827,1.065984
9828,1.073152
9829,1.119232
9830,1.098752
9831,1.117184
9832,1.085440
9833,1.081344
9834,1.082368
9835,1.086464
9836,1.061888
9837,1.114112
9838,0.976896
9839,0.650240
9840,0.629760
9841,0.620544
9842,0.610304
9843,1.061888
9844,0.999424
9845,1.016832
9846,1.041408
9847,1.058816
9848,1.094656
9849,1.063936
9850,1.054720
9851,1.056768
9852,1.062912
9853,1.092608
9854,1.037312
9855,1.067008
9856,1.035264
9857,1.078272
9858,1.017856
9859,1.074176
9860,1.041408
9861,1.036288
9862,1.078272
9863,1.033216
9864,1.047552
9865,1.054720
9866,1.112064
9867,1.062912
9868,1.007616
9869,1.057792
9870,1.027072
9871,1.040384
9872,1.032192
9873,1.017856
9874,1.007616
9875,0.995328
9876,0.966656
9877,0.966656
9878,0.990208
9879,0.956416
9880,0.928768
9881,0.920576
9882,0.927744
9883,0.915456
9884,0.901120
9885,0.908288
9886,0.907264
9887,0.948224
9888,0.903168
9889,0.923648
9890,0.929792
9891,0.935936
9892,0.929792
9893,0.935936
9894,0.914432
9895,0.942080
9896,0.892928
9897,0.899072
9898,1.840128
9899,0.836608
9900,0.896000
9901,0.877568
9902,0.908288
9903,0.906240
9904,1.876992
9905,0.864256
9906,3.064832
9907,0.902144
9908,0.885760
9909,0.925696
9910,0.886784
9911,0.892928
9912,0.893952
9913,0.905216
9914,0.900096
9915,0.888832
9916,0.854016
9917,0.797696
9918,0.697344
9919,0.644096
9920,0.609280
9921,0.834560
9922,0.898048
9923,0.816128
9924,0.845824
9925,0.822272
9926,0.792576
9927,0.815104
9928,0.805888
9929,0.809984
9930,0.787456
9931,0.827392
9932,0.826368
9933,0.821248
9934,0.817152
9935,0.835584
9936,0.832512
9937,0.823296
9938,0.816128
9939,0.816128
9940,0.826368
9941,0.800768
9942,0.821248
9943,0.812032
9944,0.794624
9945,0.773120
9946,0.758784
9947,0.789504
9948,0.805888
9949,0.786432
9950,0.796672
9951,0.794624
9952,0.792576
9953,0.789504
9954,0.808960
9955,0.789504
9956,0.786432
9957,0.803840
9958,0.787456
9959,0.780288
9960,0.765952
9961,0.778240
9962,0.750592
9963,0.791552
9964,0.771072
9965,0.751616
9966,0.760832
9967,0.769024
9968,0.764928
9969,0.770048
9970,0.775168
9971,0.758784
9972,0.753664
9973,0.770048
9974,0.759808
9975,0.772096
9976,0.774144
9977,0.752640
9978,0.759808
9979,0.775168
9980,0.776192
9981,0.760832
9982,0.756736
9983,0.752640
9984,0.743424
9985,0.737280
9986,0.734208
9987,0.733184
9988,0.762880
9989,0.760832
9990,0.759808
9991,0.694272
9992,0.726016
9993,0.721920
9994,0.723968
9995,0.728064
9996,0.707584
9997,0.745472
9998,0.742400
9999,0.713728
