iter,ms
0,1.100800
1,1.114112
2,1.158144
3,1.167360
4,1.152000
5,1.128448
6,1.119232
7,1.136640
8,1.158144
9,1.164288
10,1.182720
11,1.216512
12,1.168384
13,1.200128
14,1.200128
15,1.162240
16,1.201152
17,1.165312
18,1.163264
19,1.167360
20,1.170432
21,1.148928
22,1.337344
23,1.240064
24,1.218560
25,1.153024
26,1.156096
27,1.165312
28,1.176576
29,1.152000
30,1.175552
31,1.216512
32,1.172480
33,1.181696
34,1.262592
35,1.183744
36,1.189888
37,1.171456
38,1.226752
39,1.227776
40,1.187840
41,1.172480
42,1.211392
43,1.236992
44,1.216512
45,1.222656
46,1.247232
47,1.256448
48,1.193984
49,1.206272
50,1.121280
51,1.301504
52,1.261568
53,1.247232
54,1.241088
55,1.193984
56,1.170432
57,1.168384
58,1.184768
59,1.206272
60,1.165312
61,1.261568
62,1.189888
63,1.215488
64,1.190912
65,1.175552
66,1.176576
67,1.135616
68,1.202176
69,1.243136
70,1.190912
71,1.216512
72,1.395712
73,1.219584
74,1.221632
75,1.217536
76,1.164288
77,1.173504
78,1.240064
79,1.251328
80,1.149952
81,1.230848
82,1.197056
83,1.175552
84,1.228800
85,1.179648
86,1.187840
87,1.183744
88,1.184768
89,1.204224
90,1.174528
91,1.240064
92,1.213440
93,1.201152
94,1.174528
95,1.182720
96,1.198080
97,1.173504
98,1.160192
99,1.243136
100,1.079296
101,0.798720
102,0.686080
103,0.677888
104,0.675840
105,0.608256
106,0.574464
107,1.233920
108,1.223680
109,1.165312
110,1.207296
111,1.210368
112,1.224704
113,1.235968
114,1.210368
115,1.213440
116,1.254400
117,1.199104
118,1.173504
119,1.220608
120,1.200128
121,1.186816
122,1.277952
123,1.222656
124,1.199104
125,1.228800
126,1.201152
127,1.308672
128,1.233920
129,1.269760
130,1.212416
131,1.271808
132,1.196032
133,1.236992
134,1.216512
135,1.424384
136,1.293312
137,1.236992
138,1.255424
139,1.265664
140,1.228800
141,1.202176
142,1.208320
143,1.239040
144,1.264640
145,1.248256
146,1.205248
147,1.280000
148,1.214464
149,1.238016
150,1.222656
151,1.274880
152,1.275904
153,1.240064
154,1.222656
155,0.992256
156,0.802816
157,1.262592
158,1.230848
159,1.214464
160,1.229824
161,1.183744
162,1.231872
163,1.201152
164,1.259520
165,1.270784
166,1.261568
167,1.239040
168,1.227776
169,1.238016
170,1.264640
171,1.260544
172,1.268736
173,1.313792
174,1.303552
175,1.283072
176,1.280000
177,1.313792
178,1.271808
179,1.303552
180,1.323008
181,1.307648
182,1.320960
183,1.315840
184,1.294336
185,1.397760
186,1.369088
187,1.413120
188,1.354752
189,1.315840
190,1.336320
191,1.349632
192,1.346560
193,1.380352
194,1.323008
195,1.344512
196,1.339392
197,1.262592
198,1.320960
199,1.325056
200,1.290240
201,1.323008
202,1.278976
203,1.296384
204,0.858112
205,1.291264
206,1.211392
207,1.271808
208,1.389568
209,1.336320
210,1.375232
211,1.315840
212,1.330176
213,1.313792
214,1.304576
215,1.373184
216,1.359872
217,1.348608
218,1.361920
219,1.351680
220,1.356800
221,1.357824
222,1.318912
223,1.347584
224,1.354752
225,1.352704
226,1.303552
227,1.366016
228,1.297408
229,1.307648
230,1.317888
231,1.346560
232,1.343488
233,1.340416
234,1.325056
235,1.319936
236,1.315840
237,1.306624
238,1.307648
239,1.308672
240,1.300480
241,1.324032
242,1.366016
243,1.294336
244,1.375232
245,1.376256
246,1.354752
247,1.351680
248,1.375232
249,1.356800
250,1.042432
251,0.691200
252,0.647168
253,0.619520
254,0.604160
255,0.598016
256,1.396736
257,1.354752
258,1.347584
259,1.369088
260,1.340416
261,1.337344
262,1.283072
263,1.377280
264,1.327104
265,1.397760
266,1.308672
267,1.302528
268,1.357824
269,1.352704
270,1.392640
271,1.371136
272,1.367040
273,1.337344
274,1.359872
275,1.391616
276,1.375232
277,1.370112
278,1.355776
279,1.332224
280,1.356800
281,1.345536
282,1.350656
283,1.367040
284,1.303552
285,1.354752
286,1.348608
287,1.337344
288,1.352704
289,1.309696
290,1.351680
291,1.359872
292,1.307648
293,1.308672
294,1.336320
295,1.372160
296,1.317888
297,1.313792
298,1.336320
299,1.359872
300,1.284096
301,0.892928
302,1.233920
303,1.241088
304,1.545216
305,1.316864
306,1.263616
307,1.333248
308,1.351680
309,1.347584
310,1.323008
311,1.360896
312,1.358848
313,1.308672
314,1.329152
315,1.313792
316,1.294336
317,1.360896
318,1.344512
319,1.337344
320,1.316864
321,1.316864
322,1.297408
323,1.358848
324,1.382400
325,1.314816
326,1.294336
327,1.318912
328,1.343488
329,1.325056
330,1.293312
331,1.338368
332,1.275904
333,1.358848
334,1.348608
335,1.284096
336,1.331200
337,1.328128
338,1.363968
339,1.335296
340,1.360896
341,1.323008
342,1.326080
343,1.346560
344,1.355776
345,1.356800
346,1.330176
347,1.178624
348,0.668672
349,1.418240
350,1.368064
351,1.211392
352,1.394688
353,1.275904
354,1.330176
355,1.325056
356,1.338368
357,1.333248
358,1.327104
359,1.318912
360,1.321984
361,1.295360
362,1.317888
363,1.294336
364,1.371136
365,1.398784
366,1.453056
367,1.357824
368,1.382400
369,1.348608
370,1.370112
371,1.329152
372,1.338368
373,1.349632
374,1.356800
375,1.356800
376,1.296384
377,1.343488
378,1.353728
379,1.361920
380,1.338368
381,1.296384
382,1.363968
383,1.332224
384,1.348608
385,1.320960
386,1.368064
387,1.337344
388,1.353728
389,1.363968
390,1.381376
391,1.325056
392,1.379328
393,1.127424
394,0.724992
395,0.603136
396,0.590848
397,1.270784
398,1.302528
399,1.353728
400,1.309696
401,1.378304
402,1.340416
403,1.347584
404,1.280000
405,1.321984
406,1.363968
407,1.299456
408,1.336320
409,1.302528
410,1.334272
411,1.329152
412,1.320960
413,1.377280
414,1.325056
415,1.352704
416,1.267712
417,1.346560
418,1.317888
419,1.341440
420,1.324032
421,1.307648
422,1.344512
423,1.336320
424,1.367040
425,1.387520
426,1.313792
427,1.351680
428,1.360896
429,1.342464
430,1.362944
431,1.342464
432,1.353728
433,1.285120
434,1.372160
435,1.347584
436,1.333248
437,1.376256
438,1.326080
439,1.301504
440,1.310720
441,1.319936
442,1.025024
443,1.204224
444,0.939008
445,1.341440
446,1.316864
447,1.282048
448,1.341440
449,1.283072
450,1.301504
451,1.339392
452,1.413120
453,1.312768
454,1.396736
455,1.353728
456,1.364992
457,1.327104
458,1.346560
459,1.374208
460,1.316864
461,1.328128
462,1.307648
463,1.374208
464,1.395712
465,1.308672
466,1.332224
467,1.346560
468,1.302528
469,1.286144
470,1.388544
471,1.377280
472,1.363968
473,1.366016
474,1.366016
475,1.342464
476,1.309696
477,1.366016
478,1.319936
479,1.328128
480,1.358848
481,1.318912
482,1.280000
483,1.327104
484,1.350656
485,1.325056
486,1.368064
487,1.325056
488,1.046528
489,0.784384
490,1.344512
491,1.334272
492,1.374208
493,1.419264
494,1.367040
495,1.348608
496,1.304576
497,1.359872
498,1.341440
499,1.312768
500,1.312768
501,1.325056
502,1.352704
503,1.317888
504,1.367040
505,1.360896
506,1.371136
507,1.325056
508,1.270784
509,1.379328
510,1.323008
511,1.325056
512,1.299456
513,1.337344
514,1.315840
515,1.308672
516,1.281024
517,1.341440
518,1.313792
519,1.323008
520,1.331200
521,1.326080
522,1.368064
523,1.312768
524,1.320960
525,1.320960
526,1.333248
527,1.352704
528,1.327104
529,1.368064
530,1.330176
531,1.373184
532,1.346560
533,1.364992
534,1.225728
535,1.313792
536,1.152000
537,1.311744
538,1.281024
539,1.355776
540,1.311744
541,1.358848
542,1.327104
543,1.354752
544,1.326080
545,1.364992
546,1.353728
547,1.428480
548,1.281024
549,1.304576
550,1.251328
551,1.291264
552,1.251328
553,1.349632
554,1.294336
555,1.303552
556,1.281024
557,1.372160
558,1.318912
559,1.339392
560,1.320960
561,1.337344
562,1.319936
563,1.289216
564,1.352704
565,1.328128
566,1.332224
567,1.360896
568,1.319936
569,1.318912
570,1.382400
571,1.271808
572,1.316864
573,1.336320
574,1.397760
575,1.320960
576,1.358848
577,1.317888
578,1.364992
579,1.375232
580,1.122304
581,0.764928
582,0.644096
583,0.616448
584,0.604160
585,0.566272
586,0.560128
587,0.548864
588,0.541696
589,1.326080
590,1.404928
591,1.340416
592,1.384448
593,1.400832
594,1.330176
595,1.350656
596,1.364992
597,1.358848
598,1.343488
599,1.357824
600,1.346560
601,1.354752
602,1.332224
603,1.348608
604,1.333248
605,1.324032
606,1.368064
607,1.309696
608,1.352704
609,1.376256
610,1.328128
611,1.344512
612,1.356800
613,1.329152
614,1.327104
615,1.343488
616,1.346560
617,1.324032
618,1.348608
619,1.384448
620,1.353728
621,1.312768
622,1.318912
623,1.357824
624,1.359872
625,1.306624
626,1.357824
627,1.274880
628,1.296384
629,1.323008
630,1.367040
631,1.292288
632,1.343488
633,1.007616
634,1.339392
635,1.161216
636,1.300480
637,1.346560
638,1.358848
639,1.381376
640,1.333248
641,1.300480
642,1.324032
643,1.394688
644,1.340416
645,1.372160
646,1.370112
647,1.349632
648,1.335296
649,1.354752
650,1.323008
651,1.342464
652,1.335296
653,1.324032
654,1.352704
655,1.321984
656,1.367040
657,1.302528
658,1.302528
659,1.345536
660,1.360896
661,1.351680
662,1.319936
663,1.320960
664,1.368064
665,1.317888
666,1.326080
667,1.315840
668,1.319936
669,1.321984
670,1.342464
671,1.327104
672,1.389568
673,1.308672
674,1.305600
675,1.345536
676,1.324032
677,1.291264
678,1.245184
679,0.873472
680,0.727040
681,0.658432
682,0.626688
683,0.627712
684,0.627712
685,0.596992
686,1.316864
687,1.355776
688,1.305600
689,1.339392
690,1.302528
691,1.370112
692,1.335296
693,1.331200
694,1.317888
695,1.336320
696,1.516544
697,1.375232
698,1.387520
699,1.367040
700,1.412096
701,1.359872
702,1.372160
703,1.379328
704,1.370112
705,1.382400
706,1.331200
707,1.367040
708,1.376256
709,1.351680
710,1.367040
711,1.379328
712,1.375232
713,1.355776
714,1.255424
715,1.269760
716,1.342464
717,1.345536
718,1.328128
719,1.356800
720,1.324032
721,1.342464
722,1.379328
723,1.348608
724,1.314816
725,1.339392
726,1.314816
727,1.363968
728,1.348608
729,1.401856
730,1.094656
731,0.700416
732,0.632832
733,0.624640
734,1.361920
735,1.287168
736,1.277952
737,1.345536
738,1.332224
739,1.327104
740,1.364992
741,1.319936
742,1.327104
743,1.343488
744,1.347584
745,1.289216
746,1.278976
747,1.275904
748,1.312768
749,1.338368
750,1.310720
751,1.269760
752,1.358848
753,1.339392
754,1.311744
755,1.370112
756,1.381376
757,1.327104
758,1.346560
759,1.358848
760,1.328128
761,1.319936
762,1.348608
763,1.320960
764,1.327104
765,1.349632
766,1.325056
767,1.417216
768,1.379328
769,1.383424
770,1.383424
771,1.332224
772,1.355776
773,1.330176
774,1.352704
775,1.321984
776,1.361920
777,1.323008
778,1.348608
779,1.077248
780,1.280000
781,1.162240
782,1.326080
783,1.371136
784,1.366016
785,1.314816
786,1.339392
787,1.362944
788,1.355776
789,1.363968
790,1.367040
791,1.349632
792,1.367040
793,1.404928
794,1.280000
795,1.315840
796,1.367040
797,1.298432
798,1.312768
799,1.392640
800,1.343488
801,1.359872
802,1.286144
803,1.364992
804,1.369088
805,1.378304
806,1.321984
807,1.370112
808,1.326080
809,1.337344
810,1.497088
811,1.362944
812,1.348608
813,1.342464
814,1.351680
815,1.311744
816,1.319936
817,1.295360
818,1.300480
819,1.348608
820,1.308672
821,1.329152
822,1.325056
823,1.246208
824,1.305600
825,1.353728
826,1.358848
827,1.344512
828,1.346560
829,1.305600
830,1.325056
831,1.306624
832,1.332224
833,1.349632
834,1.374208
835,1.368064
836,1.351680
837,1.313792
838,1.367040
839,1.313792
840,1.356800
841,1.309696
842,1.333248
843,1.342464
844,1.347584
845,1.329152
846,1.326080
847,1.317888
848,1.329152
849,1.336320
850,1.290240
851,1.289216
852,1.348608
853,1.337344
854,1.328128
855,1.353728
856,1.370112
857,1.347584
858,1.373184
859,1.334272
860,1.304576
861,1.366016
862,1.347584
863,1.366016
864,1.308672
865,1.332224
866,1.248256
867,0.864256
868,1.329152
869,1.195008
870,1.291264
871,1.350656
872,1.328128
873,1.327104
874,1.354752
875,1.338368
876,1.300480
877,1.358848
878,1.390592
879,1.353728
880,1.318912
881,1.324032
882,1.328128
883,1.335296
884,1.356800
885,1.388544
886,1.327104
887,1.337344
888,1.346560
889,1.327104
890,1.357824
891,1.298432
892,1.328128
893,1.348608
894,1.349632
895,1.313792
896,1.329152
897,1.353728
898,1.326080
899,1.357824
900,1.308672
901,1.357824
902,1.363968
903,1.309696
904,1.326080
905,1.326080
906,1.318912
907,1.343488
908,1.332224
909,1.464320
910,1.369088
911,1.339392
912,1.323008
913,0.964608
914,1.381376
915,1.430528
916,1.316864
917,1.400832
918,1.309696
919,1.303552
920,1.368064
921,1.325056
922,1.353728
923,1.333248
924,1.350656
925,1.353728
926,1.366016
927,1.337344
928,1.355776
929,1.385472
930,1.367040
931,1.302528
932,1.401856
933,1.366016
934,1.372160
935,1.351680
936,1.364992
937,1.354752
938,1.471488
939,1.332224
940,1.320960
941,1.334272
942,1.360896
943,1.311744
944,1.312768
945,1.269760
946,1.361920
947,1.304576
948,1.280000
949,1.331200
950,1.292288
951,1.349632
952,1.364992
953,1.337344
954,1.296384
955,1.350656
956,1.307648
957,1.342464
958,1.188864
959,0.925696
960,0.654336
961,0.614400
962,0.606208
963,1.369088
964,1.348608
965,1.360896
966,1.288192
967,1.349632
968,1.348608
969,1.372160
970,1.386496
971,1.356800
972,1.346560
973,1.326080
974,1.364992
975,1.359872
976,1.269760
977,1.347584
978,1.321984
979,1.318912
980,1.281024
981,1.334272
982,1.355776
983,1.345536
984,1.354752
985,1.325056
986,1.361920
987,1.379328
988,1.522688
989,1.380352
990,1.369088
991,1.369088
992,1.342464
993,1.341440
994,1.326080
995,1.337344
996,1.349632
997,1.310720
998,1.358848
999,1.345536
1000,1.320960
1001,1.362944
1002,1.399808
1003,1.324032
1004,1.343488
1005,1.349632
1006,1.357824
1007,0.972800
1008,0.860160
1009,1.395712
1010,1.354752
1011,1.329152
1012,1.304576
1013,1.318912
1014,1.326080
1015,1.329152
1016,1.348608
1017,1.355776
1018,1.316864
1019,1.326080
1020,1.299456
1021,1.330176
1022,1.339392
1023,1.341440
1024,1.333248
1025,1.352704
1026,1.346560
1027,1.343488
1028,1.360896
1029,1.373184
1030,1.362944
1031,1.314816
1032,1.324032
1033,1.346560
1034,1.350656
1035,1.332224
1036,1.337344
1037,1.338368
1038,1.351680
1039,1.326080
1040,1.330176
1041,1.344512
1042,1.357824
1043,1.353728
1044,1.337344
1045,1.343488
1046,1.353728
1047,1.342464
1048,1.372160
1049,1.316864
1050,1.347584
1051,1.284096
1052,1.282048
1053,1.273856
1054,1.117184
1055,0.775168
1056,0.618496
1057,0.595968
1058,0.584704
1059,0.569344
1060,1.359872
1061,1.379328
1062,1.387520
1063,1.292288
1064,1.313792
1065,1.318912
1066,1.343488
1067,1.303552
1068,1.362944
1069,1.324032
1070,1.348608
1071,1.368064
1072,1.342464
1073,1.348608
1074,1.357824
1075,1.309696
1076,1.315840
1077,1.376256
1078,1.325056
1079,1.340416
1080,1.343488
1081,1.358848
1082,1.395712
1083,1.345536
1084,1.360896
1085,1.347584
1086,1.358848
1087,1.350656
1088,1.363968
1089,1.383424
1090,1.373184
1091,1.338368
1092,1.356800
1093,1.317888
1094,1.355776
1095,1.313792
1096,1.344512
1097,1.332224
1098,1.356800
1099,1.328128
1100,1.350656
1101,1.329152
1102,1.347584
1103,1.337344
1104,1.287168
1105,0.754688
1106,0.605184
1107,0.584704
1108,0.565248
1109,0.561152
1110,0.559104
1111,1.347584
1112,1.297408
1113,1.247232
1114,1.303552
1115,1.359872
1116,1.368064
1117,1.333248
1118,1.345536
1119,1.355776
1120,1.385472
1121,1.307648
1122,1.344512
1123,1.392640
1124,1.351680
1125,1.368064
1126,1.269760
1127,1.309696
1128,1.299456
1129,1.369088
1130,1.291264
1131,1.284096
1132,1.359872
1133,1.300480
1134,1.276928
1135,1.351680
1136,1.314816
1137,1.349632
1138,1.310720
1139,1.351680
1140,1.384448
1141,1.349632
1142,1.391616
1143,1.353728
1144,1.339392
1145,1.355776
1146,1.275904
1147,1.356800
1148,1.345536
1149,1.387520
1150,1.318912
1151,1.333248
1152,1.310720
1153,1.351680
1154,1.326080
1155,1.301504
1156,1.040384
1157,1.288192
1158,1.204224
1159,1.317888
1160,1.357824
1161,1.323008
1162,1.330176
1163,1.376256
1164,1.331200
1165,1.329152
1166,1.349632
1167,1.323008
1168,1.320960
1169,1.348608
1170,1.339392
1171,1.318912
1172,1.368064
1173,1.295360
1174,1.309696
1175,1.342464
1176,1.330176
1177,1.385472
1178,1.347584
1179,1.348608
1180,1.325056
1181,1.357824
1182,1.350656
1183,1.352704
1184,1.369088
1185,1.391616
1186,1.377280
1187,1.336320
1188,1.311744
1189,1.351680
1190,1.366016
1191,1.340416
1192,1.340416
1193,1.331200
1194,1.326080
1195,1.351680
1196,1.353728
1197,1.341440
1198,1.330176
1199,1.323008
1200,1.346560
1201,1.236992
1202,0.862208
1203,0.694272
1204,0.619520
1205,0.619520
1206,0.610304
1207,0.627712
1208,0.582656
1209,1.417216
1210,1.339392
1211,1.318912
1212,1.399808
1213,1.386496
1214,1.414144
1215,1.360896
1216,1.334272
1217,1.339392
1218,1.360896
1219,1.334272
1220,1.353728
1221,1.354752
1222,1.340416
1223,1.324032
1224,1.313792
1225,1.348608
1226,1.346560
1227,1.315840
1228,1.366016
1229,1.354752
1230,1.318912
1231,1.338368
1232,1.355776
1233,1.349632
1234,1.302528
1235,1.437696
1236,1.323008
1237,1.302528
1238,1.302528
1239,1.379328
1240,1.361920
1241,1.357824
1242,1.316864
1243,1.340416
1244,1.333248
1245,1.353728
1246,1.364992
1247,1.400832
1248,1.309696
1249,1.352704
1250,1.348608
1251,1.367040
1252,1.328128
1253,1.332224
1254,0.844800
1255,1.409024
1256,1.350656
1257,1.317888
1258,1.324032
1259,1.332224
1260,1.292288
1261,1.364992
1262,1.324032
1263,1.371136
1264,1.339392
1265,1.338368
1266,1.391616
1267,1.397760
1268,1.303552
1269,1.320960
1270,1.296384
1271,1.324032
1272,1.339392
1273,1.339392
1274,1.354752
1275,1.390592
1276,1.314816
1277,1.298432
1278,1.356800
1279,1.390592
1280,1.329152
1281,1.301504
1282,1.397760
1283,1.308672
1284,1.359872
1285,1.357824
1286,1.337344
1287,1.411072
1288,1.334272
1289,1.371136
1290,1.344512
1291,1.312768
1292,1.351680
1293,1.326080
1294,1.298432
1295,1.339392
1296,1.320960
1297,1.353728
1298,1.342464
1299,1.281024
1300,0.769024
1301,1.330176
1302,1.296384
1303,1.334272
1304,1.321984
1305,1.387520
1306,1.270784
1307,1.293312
1308,1.327104
1309,1.318912
1310,1.404928
1311,1.318912
1312,1.336320
1313,1.361920
1314,1.336320
1315,1.377280
1316,1.399808
1317,1.354752
1318,1.330176
1319,1.347584
1320,1.301504
1321,1.341440
1322,1.345536
1323,1.327104
1324,1.351680
1325,1.362944
1326,1.327104
1327,1.360896
1328,1.310720
1329,1.342464
1330,1.405952
1331,1.354752
1332,1.415168
1333,1.338368
1334,1.381376
1335,1.288192
1336,1.337344
1337,1.312768
1338,1.359872
1339,1.332224
1340,1.343488
1341,1.325056
1342,1.328128
1343,1.392640
1344,1.346560
1345,1.122304
1346,0.679936
1347,0.633856
1348,0.609280
1349,0.610304
1350,0.622592
1351,0.602112
1352,1.396736
1353,1.398784
1354,1.352704
1355,1.391616
1356,1.381376
1357,1.362944
1358,1.360896
1359,1.378304
1360,1.377280
1361,1.358848
1362,1.362944
1363,1.348608
1364,1.278976
1365,1.344512
1366,1.300480
1367,1.387520
1368,1.300480
1369,1.298432
1370,1.327104
1371,1.386496
1372,1.369088
1373,1.349632
1374,1.309696
1375,1.312768
1376,1.336320
1377,1.314816
1378,1.358848
1379,1.329152
1380,1.349632
1381,1.350656
1382,1.312768
1383,1.353728
1384,1.362944
1385,1.316864
1386,1.336320
1387,1.381376
1388,1.383424
1389,1.342464
1390,1.332224
1391,1.332224
1392,1.332224
1393,1.331200
1394,1.350656
1395,1.318912
1396,0.987136
1397,0.922624
1398,1.297408
1399,1.250304
1400,1.313792
1401,1.312768
1402,1.337344
1403,1.310720
1404,1.350656
1405,1.302528
1406,1.297408
1407,1.338368
1408,1.340416
1409,1.323008
1410,1.362944
1411,1.346560
1412,1.311744
1413,1.343488
1414,1.328128
1415,1.309696
1416,1.326080
1417,1.330176
1418,1.312768
1419,1.344512
1420,1.384448
1421,1.353728
1422,1.401856
1423,1.354752
1424,1.399808
1425,1.394688
1426,1.342464
1427,1.330176
1428,1.402880
1429,1.331200
1430,1.342464
1431,1.284096
1432,1.340416
1433,1.319936
1434,1.321984
1435,1.299456
1436,1.334272
1437,1.361920
1438,1.383424
1439,1.330176
1440,1.374208
1441,1.378304
1442,1.280000
1443,1.143808
1444,0.798720
1445,0.618496
1446,0.605184
1447,0.603136
1448,0.584704
1449,1.356800
1450,1.361920
1451,1.416192
1452,1.384448
1453,1.360896
1454,1.404928
1455,1.321984
1456,1.289216
1457,1.362944
1458,1.349632
1459,1.355776
1460,1.353728
1461,1.304576
1462,1.313792
1463,1.326080
1464,1.342464
1465,1.356800
1466,1.399808
1467,1.345536
1468,1.387520
1469,1.388544
1470,1.349632
1471,1.288192
1472,1.390592
1473,1.346560
1474,1.360896
1475,1.351680
1476,1.403904
1477,1.345536
1478,1.371136
1479,1.329152
1480,1.331200
1481,1.372160
1482,1.340416
1483,1.387520
1484,1.363968
1485,1.344512
1486,1.310720
1487,1.287168
1488,1.288192
1489,1.353728
1490,1.354752
1491,1.343488
1492,1.263616
1493,0.970752
1494,0.770048
1495,0.584704
1496,0.567296
1497,0.830464
1498,1.029120
1499,1.132544
1500,1.318912
1501,1.312768
1502,1.334272
1503,1.361920
1504,1.320960
1505,1.319936
1506,1.294336
1507,1.285120
1508,1.320960
1509,1.310720
1510,1.359872
1511,1.336320
1512,1.327104
1513,1.359872
1514,1.374208
1515,1.363968
1516,1.320960
1517,1.328128
1518,1.307648
1519,1.359872
1520,1.331200
1521,1.314816
1522,1.343488
1523,1.350656
1524,1.382400
1525,1.323008
1526,1.310720
1527,1.309696
1528,1.343488
1529,1.349632
1530,1.371136
1531,1.327104
1532,1.317888
1533,1.331200
1534,1.324032
1535,1.302528
1536,1.402880
1537,1.398784
1538,1.335296
1539,1.333248
1540,1.331200
1541,1.340416
1542,1.303552
1543,1.234944
1544,0.747520
1545,1.005568
1546,1.303552
1547,1.303552
1548,1.287168
1549,1.277952
1550,1.342464
1551,1.317888
1552,1.344512
1553,1.347584
1554,1.326080
1555,1.347584
1556,1.329152
1557,1.348608
1558,1.302528
1559,1.390592
1560,1.402880
1561,1.356800
1562,1.318912
1563,1.306624
1564,1.382400
1565,1.330176
1566,1.326080
1567,1.326080
1568,1.338368
1569,1.353728
1570,1.333248
1571,1.300480
1572,1.297408
1573,1.343488
1574,1.337344
1575,1.332224
1576,1.340416
1577,1.321984
1578,1.367040
1579,1.332224
1580,1.384448
1581,1.350656
1582,1.318912
1583,1.323008
1584,1.311744
1585,1.335296
1586,1.310720
1587,1.337344
1588,1.246208
1589,1.263616
1590,1.265664
1591,1.188864
1592,1.351680
1593,1.362944
1594,1.326080
1595,1.349632
1596,1.364992
1597,1.391616
1598,1.358848
1599,1.313792
1600,1.321984
1601,1.368064
1602,1.404928
1603,1.306624
1604,1.335296
1605,1.373184
1606,1.350656
1607,1.360896
1608,1.327104
1609,1.347584
1610,1.296384
1611,1.384448
1612,1.356800
1613,1.304576
1614,1.353728
1615,1.315840
1616,1.353728
1617,1.343488
1618,1.339392
1619,1.314816
1620,1.349632
1621,1.309696
1622,1.327104
1623,1.333248
1624,1.336320
1625,1.353728
1626,1.371136
1627,1.354752
1628,1.317888
1629,1.308672
1630,1.332224
1631,1.344512
1632,1.319936
1633,1.343488
1634,1.324032
1635,1.261568
1636,1.161216
1637,1.337344
1638,1.349632
1639,1.297408
1640,1.324032
1641,1.310720
1642,1.312768
1643,1.300480
1644,1.369088
1645,1.316864
1646,1.357824
1647,1.314816
1648,1.373184
1649,1.336320
1650,1.334272
1651,1.357824
1652,1.283072
1653,1.312768
1654,1.342464
1655,1.299456
1656,1.354752
1657,1.327104
1658,1.357824
1659,1.366016
1660,1.333248
1661,1.372160
1662,1.340416
1663,1.338368
1664,1.333248
1665,1.357824
1666,1.327104
1667,1.348608
1668,1.355776
1669,1.302528
1670,1.363968
1671,1.305600
1672,1.398784
1673,1.392640
1674,1.313792
1675,1.367040
1676,1.311744
1677,1.354752
1678,1.315840
1679,1.302528
1680,1.175552
1681,0.802816
1682,1.381376
1683,1.439744
1684,1.320960
1685,1.403904
1686,1.356800
1687,1.363968
1688,1.333248
1689,1.344512
1690,1.345536
1691,1.372160
1692,1.308672
1693,1.338368
1694,1.289216
1695,1.358848
1696,1.378304
1697,1.363968
1698,1.286144
1699,1.314816
1700,1.372160
1701,1.362944
1702,1.358848
1703,1.411072
1704,1.349632
1705,1.308672
1706,1.326080
1707,1.359872
1708,1.371136
1709,1.328128
1710,1.303552
1711,1.366016
1712,1.394688
1713,1.386496
1714,1.343488
1715,1.336320
1716,1.356800
1717,1.320960
1718,1.389568
1719,1.320960
1720,1.334272
1721,1.317888
1722,1.357824
1723,1.339392
1724,1.314816
1725,1.315840
1726,1.084416
1727,1.303552
1728,1.246208
1729,1.361920
1730,1.413120
1731,1.306624
1732,1.325056
1733,1.300480
1734,1.316864
1735,1.316864
1736,1.340416
1737,1.343488
1738,1.330176
1739,1.364992
1740,1.361920
1741,1.311744
1742,1.329152
1743,1.307648
1744,1.289216
1745,1.350656
1746,1.341440
1747,1.374208
1748,1.359872
1749,1.291264
1750,1.352704
1751,1.294336
1752,1.310720
1753,1.260544
1754,1.422336
1755,1.348608
1756,1.359872
1757,1.338368
1758,1.345536
1759,1.346560
1760,1.331200
1761,1.325056
1762,1.330176
1763,1.332224
1764,1.345536
1765,1.334272
1766,1.352704
1767,1.384448
1768,1.317888
1769,1.354752
1770,1.354752
1771,1.303552
1772,0.872448
1773,0.643072
1774,0.617472
1775,0.616448
1776,0.604160
1777,1.399808
1778,1.406976
1779,1.433600
1780,1.414144
1781,1.350656
1782,1.337344
1783,1.385472
1784,1.389568
1785,1.340416
1786,1.394688
1787,1.381376
1788,1.346560
1789,1.363968
1790,1.340416
1791,1.267712
1792,1.332224
1793,1.317888
1794,1.326080
1795,1.360896
1796,1.340416
1797,1.369088
1798,1.357824
1799,1.292288
1800,1.378304
1801,1.351680
1802,1.331200
1803,1.308672
1804,1.209344
1805,1.325056
1806,1.345536
1807,1.314816
1808,1.369088
1809,1.345536
1810,1.337344
1811,1.362944
1812,1.327104
1813,1.354752
1814,1.329152
1815,1.330176
1816,1.346560
1817,1.363968
1818,1.344512
1819,1.304576
1820,1.328128
1821,1.204224
1822,1.337344
1823,1.138688
1824,1.337344
1825,1.360896
1826,1.280000
1827,1.373184
1828,1.307648
1829,1.346560
1830,1.326080
1831,1.278976
1832,1.295360
1833,1.353728
1834,1.304576
1835,1.357824
1836,1.362944
1837,1.387520
1838,1.319936
1839,1.353728
1840,1.283072
1841,1.373184
1842,1.354752
1843,1.353728
1844,1.350656
1845,1.348608
1846,1.352704
1847,1.316864
1848,1.368064
1849,1.326080
1850,1.409024
1851,1.355776
1852,1.333248
1853,1.313792
1854,1.358848
1855,1.313792
1856,1.343488
1857,1.350656
1858,1.313792
1859,1.337344
1860,1.323008
1861,1.304576
1862,1.282048
1863,1.285120
1864,1.299456
1865,1.332224
1866,1.300480
1867,1.075200
1868,1.297408
1869,1.148928
1870,1.370112
1871,1.364992
1872,1.350656
1873,1.360896
1874,1.371136
1875,1.314816
1876,1.357824
1877,1.384448
1878,1.273856
1879,1.313792
1880,1.287168
1881,1.330176
1882,1.373184
1883,1.350656
1884,1.336320
1885,1.351680
1886,1.355776
1887,1.349632
1888,1.311744
1889,1.386496
1890,1.352704
1891,1.344512
1892,1.333248
1893,1.321984
1894,1.343488
1895,1.321984
1896,1.527808
1897,1.367040
1898,1.352704
1899,1.331200
1900,1.401856
1901,1.364992
1902,1.366016
1903,1.334272
1904,1.321984
1905,1.299456
1906,1.397760
1907,1.338368
1908,1.299456
1909,1.378304
1910,1.351680
1911,1.338368
1912,1.199104
1913,0.822272
1914,1.378304
1915,1.359872
1916,1.316864
1917,1.287168
1918,1.308672
1919,1.339392
1920,1.278976
1921,1.296384
1922,1.309696
1923,1.356800
1924,1.305600
1925,1.306624
1926,1.357824
1927,1.307648
1928,1.318912
1929,1.351680
1930,1.389568
1931,1.320960
1932,1.351680
1933,1.366016
1934,1.323008
1935,1.355776
1936,1.344512
1937,1.318912
1938,1.356800
1939,1.319936
1940,1.296384
1941,1.284096
1942,1.387520
1943,1.362944
1944,1.362944
1945,1.373184
1946,1.362944
1947,1.352704
1948,1.399808
1949,1.373184
1950,1.350656
1951,1.342464
1952,1.309696
1953,1.328128
1954,1.340416
1955,1.349632
1956,1.388544
1957,1.361920
1958,1.296384
1959,1.141760
1960,1.389568
1961,1.356800
1962,1.273856
1963,1.307648
1964,1.318912
1965,1.343488
1966,1.352704
1967,1.331200
1968,1.326080
1969,1.329152
1970,1.345536
1971,1.330176
1972,1.336320
1973,1.289216
1974,1.338368
1975,1.339392
1976,1.331200
1977,1.356800
1978,1.367040
1979,1.353728
1980,1.369088
1981,1.359872
1982,1.352704
1983,1.375232
1984,1.402880
1985,1.360896
1986,1.357824
1987,1.405952
1988,1.340416
1989,1.358848
1990,1.351680
1991,1.325056
1992,1.320960
1993,1.374208
1994,1.342464
1995,1.343488
1996,1.358848
1997,1.310720
1998,1.290240
1999,1.346560
2000,1.346560
2001,1.395712
2002,1.351680
2003,1.306624
2004,1.245184
2005,1.040384
2006,0.702464
2007,0.615424
2008,0.598016
2009,0.570368
2010,0.562176
2011,0.557056
2012,0.550912
2013,1.390592
2014,1.328128
2015,1.241088
2016,1.303552
2017,1.350656
2018,1.380352
2019,1.360896
2020,1.331200
2021,1.312768
2022,1.344512
2023,1.382400
2024,1.358848
2025,1.344512
2026,1.405952
2027,1.344512
2028,1.348608
2029,1.370112
2030,1.375232
2031,1.334272
2032,1.372160
2033,1.410048
2034,1.374208
2035,1.317888
2036,1.342464
2037,1.344512
2038,1.301504
2039,1.348608
2040,1.303552
2041,1.331200
2042,1.339392
2043,1.381376
2044,1.371136
2045,1.414144
2046,1.384448
2047,1.348608
2048,1.368064
2049,1.390592
2050,1.360896
2051,1.364992
2052,1.305600
2053,1.286144
2054,1.314816
2055,1.293312
2056,1.256448
2057,1.032192
2058,0.782336
2059,0.652288
2060,0.623616
2061,0.610304
2062,1.419264
2063,1.385472
2064,1.260544
2065,1.285120
2066,1.290240
2067,1.331200
2068,1.317888
2069,1.353728
2070,1.384448
2071,1.311744
2072,1.306624
2073,1.355776
2074,1.345536
2075,1.381376
2076,1.290240
2077,1.336320
2078,1.350656
2079,1.324032
2080,1.316864
2081,1.342464
2082,1.360896
2083,1.348608
2084,1.343488
2085,1.395712
2086,1.332224
2087,1.432576
2088,1.356800
2089,1.323008
2090,1.399808
2091,1.303552
2092,1.345536
2093,1.345536
2094,1.321984
2095,1.315840
2096,1.318912
2097,1.357824
2098,1.342464
2099,1.328128
2100,1.298432
2101,1.346560
2102,1.336320
2103,1.372160
2104,1.309696
2105,1.326080
2106,1.252352
2107,1.014784
2108,1.381376
2109,1.371136
2110,1.308672
2111,1.353728
2112,1.355776
2113,1.305600
2114,1.315840
2115,1.372160
2116,1.385472
2117,1.354752
2118,1.317888
2119,1.310720
2120,1.358848
2121,1.353728
2122,1.356800
2123,1.326080
2124,1.300480
2125,1.346560
2126,1.342464
2127,1.359872
2128,1.337344
2129,1.347584
2130,1.318912
2131,1.362944
2132,1.348608
2133,1.333248
2134,1.362944
2135,1.339392
2136,1.359872
2137,1.360896
2138,1.379328
2139,1.345536
2140,1.375232
2141,1.374208
2142,1.362944
2143,1.326080
2144,1.339392
2145,1.349632
2146,1.344512
2147,1.419264
2148,1.370112
2149,1.363968
2150,1.337344
2151,1.311744
2152,1.192960
2153,0.819200
2154,0.634880
2155,1.283072
2156,1.245184
2157,1.253376
2158,1.372160
2159,1.344512
2160,1.312768
2161,1.357824
2162,1.366016
2163,1.363968
2164,1.368064
2165,1.303552
2166,1.326080
2167,1.406976
2168,1.343488
2169,1.390592
2170,1.317888
2171,1.272832
2172,1.307648
2173,1.355776
2174,1.318912
2175,1.341440
2176,1.351680
2177,1.327104
2178,1.346560
2179,1.338368
2180,1.388544
2181,1.331200
2182,1.296384
2183,1.318912
2184,1.340416
2185,1.345536
2186,1.307648
2187,1.332224
2188,1.350656
2189,1.304576
2190,1.326080
2191,1.311744
2192,1.314816
2193,1.332224
2194,1.284096
2195,1.300480
2196,1.313792
2197,1.348608
2198,1.274880
2199,1.309696
2200,1.181696
2201,1.333248
2202,1.233920
2203,1.281024
2204,1.381376
2205,1.378304
2206,1.359872
2207,1.374208
2208,1.339392
2209,1.361920
2210,1.348608
2211,1.355776
2212,1.337344
2213,1.340416
2214,1.337344
2215,1.303552
2216,1.310720
2217,1.358848
2218,1.359872
2219,1.383424
2220,1.333248
2221,1.345536
2222,1.355776
2223,1.320960
2224,1.310720
2225,1.329152
2226,1.381376
2227,1.341440
2228,1.332224
2229,1.306624
2230,1.342464
2231,1.318912
2232,1.342464
2233,1.326080
2234,1.372160
2235,1.326080
2236,1.377280
2237,1.354752
2238,1.346560
2239,1.347584
2240,1.368064
2241,1.315840
2242,1.334272
2243,1.345536
2244,1.344512
2245,1.241088
2246,1.345536
2247,1.207296
2248,1.302528
2249,1.382400
2250,1.352704
2251,1.337344
2252,1.414144
2253,1.382400
2254,1.303552
2255,1.329152
2256,1.402880
2257,1.346560
2258,1.358848
2259,1.355776
2260,1.341440
2261,1.346560
2262,1.383424
2263,1.352704
2264,1.293312
2265,1.354752
2266,1.321984
2267,1.386496
2268,1.367040
2269,1.328128
2270,1.351680
2271,1.366016
2272,1.349632
2273,1.364992
2274,1.366016
2275,1.336320
2276,1.348608
2277,1.359872
2278,1.383424
2279,1.378304
2280,1.388544
2281,1.355776
2282,1.374208
2283,1.364992
2284,1.325056
2285,1.363968
2286,1.350656
2287,1.328128
2288,1.307648
2289,1.397760
2290,1.004544
2291,1.452032
2292,1.404928
2293,1.341440
2294,1.352704
2295,1.355776
2296,1.314816
2297,1.308672
2298,1.389568
2299,1.374208
2300,1.363968
2301,1.341440
2302,1.374208
2303,1.315840
2304,1.310720
2305,1.362944
2306,1.360896
2307,1.366016
2308,1.337344
2309,1.340416
2310,1.360896
2311,1.291264
2312,1.363968
2313,1.373184
2314,1.398784
2315,1.328128
2316,1.134592
2317,1.057792
2318,1.336320
2319,1.316864
2320,1.349632
2321,1.349632
2322,1.292288
2323,1.342464
2324,1.284096
2325,1.314816
2326,1.333248
2327,1.347584
2328,1.358848
2329,1.310720
2330,1.350656
2331,1.356800
2332,1.327104
2333,1.296384
2334,1.374208
2335,1.280000
2336,1.165312
2337,1.319936
2338,1.167360
2339,1.349632
2340,1.369088
2341,1.364992
2342,1.337344
2343,1.319936
2344,1.295360
2345,1.317888
2346,1.324032
2347,1.346560
2348,1.306624
2349,1.319936
2350,1.379328
2351,1.390592
2352,1.359872
2353,1.338368
2354,1.336320
2355,1.333248
2356,1.293312
2357,1.345536
2358,1.342464
2359,1.314816
2360,1.384448
2361,1.349632
2362,1.289216
2363,1.337344
2364,1.343488
2365,1.333248
2366,1.364992
2367,1.345536
2368,1.340416
2369,1.327104
2370,1.294336
2371,1.344512
2372,1.349632
2373,1.342464
2374,1.371136
2375,1.326080
2376,1.356800
2377,1.328128
2378,1.324032
2379,1.301504
2380,1.350656
2381,1.284096
2382,1.098752
2383,1.275904
2384,1.124352
2385,1.321984
2386,1.327104
2387,1.284096
2388,1.320960
2389,1.366016
2390,1.332224
2391,1.309696
2392,1.333248
2393,1.332224
2394,1.278976
2395,1.353728
2396,1.319936
2397,1.349632
2398,1.368064
2399,1.280000
2400,1.335296
2401,1.311744
2402,1.335296
2403,1.271808
2404,1.356800
2405,1.364992
2406,1.317888
2407,1.320960
2408,1.319936
2409,1.338368
2410,1.374208
2411,1.295360
2412,1.341440
2413,1.357824
2414,1.305600
2415,1.370112
2416,1.315840
2417,1.371136
2418,1.369088
2419,1.305600
2420,1.274880
2421,1.278976
2422,1.339392
2423,1.341440
2424,1.421312
2425,1.354752
2426,1.329152
2427,1.303552
2428,1.240064
2429,1.327104
2430,1.254400
2431,1.310720
2432,1.355776
2433,1.277952
2434,1.361920
2435,1.313792
2436,1.375232
2437,1.382400
2438,1.360896
2439,1.362944
2440,1.325056
2441,1.363968
2442,1.327104
2443,1.313792
2444,1.332224
2445,1.349632
2446,1.311744
2447,1.345536
2448,1.328128
2449,1.328128
2450,1.339392
2451,1.328128
2452,1.380352
2453,1.364992
2454,1.355776
2455,1.353728
2456,1.328128
2457,1.269760
2458,1.350656
2459,1.325056
2460,1.285120
2461,1.318912
2462,1.321984
2463,1.339392
2464,1.443840
2465,1.333248
2466,1.333248
2467,1.355776
2468,1.331200
2469,1.338368
2470,1.346560
2471,1.358848
2472,1.347584
2473,1.243136
2474,0.858112
2475,0.630784
2476,1.393664
2477,1.416192
2478,1.324032
2479,1.374208
2480,1.359872
2481,1.349632
2482,1.318912
2483,1.328128
2484,1.350656
2485,1.314816
2486,1.326080
2487,1.366016
2488,1.301504
2489,1.372160
2490,1.343488
2491,1.334272
2492,1.326080
2493,1.327104
2494,1.323008
2495,1.343488
2496,1.306624
2497,1.373184
2498,1.330176
2499,1.343488
2500,1.315840
2501,1.359872
2502,1.371136
2503,1.348608
2504,1.371136
2505,1.330176
2506,1.358848
2507,1.336320
2508,1.291264
2509,1.372160
2510,1.339392
2511,1.334272
2512,1.383424
2513,1.327104
2514,1.334272
2515,1.324032
2516,1.326080
2517,1.317888
2518,1.363968
2519,1.346560
2520,1.219584
2521,0.757760
2522,1.372160
2523,1.323008
2524,1.337344
2525,1.317888
2526,1.381376
2527,1.351680
2528,1.325056
2529,1.316864
2530,1.345536
2531,1.405952
2532,1.358848
2533,1.336320
2534,1.354752
2535,1.372160
2536,1.374208
2537,1.387520
2538,1.339392
2539,1.371136
2540,1.347584
2541,1.353728
2542,1.339392
2543,1.361920
2544,1.330176
2545,1.338368
2546,1.350656
2547,1.356800
2548,1.334272
2549,1.330176
2550,1.350656
2551,1.364992
2552,1.357824
2553,1.335296
2554,1.336320
2555,1.325056
2556,1.346560
2557,1.341440
2558,1.307648
2559,1.313792
2560,1.351680
2561,1.317888
2562,1.331200
2563,1.334272
2564,1.324032
2565,1.354752
2566,1.249280
2567,0.954368
2568,0.792576
2569,0.672768
2570,0.589824
2571,1.461248
2572,1.326080
2573,1.369088
2574,1.378304
2575,1.331200
2576,1.371136
2577,1.327104
2578,1.326080
2579,1.327104
2580,1.338368
2581,1.336320
2582,1.367040
2583,1.319936
2584,1.329152
2585,1.337344
2586,1.390592
2587,1.328128
2588,1.368064
2589,1.342464
2590,1.391616
2591,1.370112
2592,1.340416
2593,1.332224
2594,1.377280
2595,1.316864
2596,1.374208
2597,1.351680
2598,1.382400
2599,1.339392
2600,1.341440
2601,1.338368
2602,1.369088
2603,1.328128
2604,1.341440
2605,1.373184
2606,1.335296
2607,1.363968
2608,1.380352
2609,1.383424
2610,1.327104
2611,1.358848
2612,1.348608
2613,1.386496
2614,1.319936
2615,1.188864
2616,1.384448
2617,1.366016
2618,1.323008
2619,1.363968
2620,1.310720
2621,1.331200
2622,1.364992
2623,1.345536
2624,1.339392
2625,1.360896
2626,1.294336
2627,1.355776
2628,1.326080
2629,1.331200
2630,1.397760
2631,1.349632
2632,1.316864
2633,1.418240
2634,1.402880
2635,1.342464
2636,1.387520
2637,1.348608
2638,1.337344
2639,1.338368
2640,1.364992
2641,1.331200
2642,1.350656
2643,1.337344
2644,1.343488
2645,1.345536
2646,1.364992
2647,1.336320
2648,1.391616
2649,1.366016
2650,1.352704
2651,1.303552
2652,1.266688
2653,1.323008
2654,1.314816
2655,1.267712
2656,1.323008
2657,1.319936
2658,1.390592
2659,1.313792
2660,1.298432
2661,0.930816
2662,0.655360
2663,0.621568
2664,0.599040
2665,0.589824
2666,0.578560
2667,0.547840
2668,0.539648
2669,0.608256
2670,0.670720
2671,0.849920
2672,1.288192
2673,1.330176
2674,1.356800
2675,1.393664
2676,1.360896
2677,1.348608
2678,1.333248
2679,1.325056
2680,1.345536
2681,1.360896
2682,1.357824
2683,1.284096
2684,1.328128
2685,1.384448
2686,1.364992
2687,1.356800
2688,1.336320
2689,1.340416
2690,1.354752
2691,1.362944
2692,1.325056
2693,1.283072
2694,1.328128
2695,1.318912
2696,1.325056
2697,1.409024
2698,1.359872
2699,1.347584
2700,1.351680
2701,1.316864
2702,1.337344
2703,1.323008
2704,1.336320
2705,1.343488
2706,1.346560
2707,1.377280
2708,1.370112
2709,1.316864
2710,1.368064
2711,1.335296
2712,1.358848
2713,1.336320
2714,1.323008
2715,1.357824
2716,1.183744
2717,1.224704
2718,1.308672
2719,1.286144
2720,1.355776
2721,1.281024
2722,1.360896
2723,1.367040
2724,1.348608
2725,1.317888
2726,1.315840
2727,1.353728
2728,1.268736
2729,1.312768
2730,1.326080
2731,1.331200
2732,1.348608
2733,1.326080
2734,1.376256
2735,1.355776
2736,1.346560
2737,1.344512
2738,1.329152
2739,1.329152
2740,1.332224
2741,1.318912
2742,1.332224
2743,1.372160
2744,1.373184
2745,1.335296
2746,1.368064
2747,1.348608
2748,1.299456
2749,1.303552
2750,1.361920
2751,1.327104
2752,1.363968
2753,1.293312
2754,1.330176
2755,1.357824
2756,1.362944
2757,1.319936
2758,1.306624
2759,1.348608
2760,1.339392
2761,1.070080
2762,1.383424
2763,1.346560
2764,1.342464
2765,1.334272
2766,1.305600
2767,1.357824
2768,1.374208
2769,1.346560
2770,1.373184
2771,1.396736
2772,1.320960
2773,1.332224
2774,1.311744
2775,1.348608
2776,1.350656
2777,1.326080
2778,1.344512
2779,1.394688
2780,1.337344
2781,1.334272
2782,1.290240
2783,1.290240
2784,1.376256
2785,1.335296
2786,1.351680
2787,1.317888
2788,1.318912
2789,1.313792
2790,1.350656
2791,1.367040
2792,1.310720
2793,1.318912
2794,1.386496
2795,1.319936
2796,1.305600
2797,1.330176
2798,1.329152
2799,1.377280
2800,1.335296
2801,1.339392
2802,1.356800
2803,1.362944
2804,1.338368
2805,1.352704
2806,1.314816
2807,0.841728
2808,1.411072
2809,1.363968
2810,1.357824
2811,1.362944
2812,1.304576
2813,1.335296
2814,1.351680
2815,1.303552
2816,1.334272
2817,1.300480
2818,1.328128
2819,1.315840
2820,1.328128
2821,1.373184
2822,1.303552
2823,1.369088
2824,1.350656
2825,1.385472
2826,1.364992
2827,1.316864
2828,1.352704
2829,1.393664
2830,1.350656
2831,1.355776
2832,1.349632
2833,1.342464
2834,1.348608
2835,1.359872
2836,1.335296
2837,1.330176
2838,1.323008
2839,1.375232
2840,1.338368
2841,1.372160
2842,1.296384
2843,1.305600
2844,1.359872
2845,1.323008
2846,1.339392
2847,1.395712
2848,1.347584
2849,1.311744
2850,1.351680
2851,1.394688
2852,1.261568
2853,1.008640
2854,0.635904
2855,0.604160
2856,0.593920
2857,1.389568
2858,1.369088
2859,1.316864
2860,1.348608
2861,1.307648
2862,1.305600
2863,1.310720
2864,1.302528
2865,1.298432
2866,1.356800
2867,1.325056
2868,1.369088
2869,1.348608
2870,1.391616
2871,1.296384
2872,1.357824
2873,1.398784
2874,1.384448
2875,1.324032
2876,1.361920
2877,1.413120
2878,1.361920
2879,1.342464
2880,1.327104
2881,1.347584
2882,1.273856
2883,1.328128
2884,1.325056
2885,1.376256
2886,1.383424
2887,1.358848
2888,1.367040
2889,1.319936
2890,1.313792
2891,1.352704
2892,1.323008
2893,1.359872
2894,1.360896
2895,1.344512
2896,1.356800
2897,1.347584
2898,1.330176
2899,1.320960
2900,1.327104
2901,1.156096
2902,1.300480
2903,1.208320
2904,1.304576
2905,1.381376
2906,1.358848
2907,1.386496
2908,1.312768
2909,1.328128
2910,1.344512
2911,1.326080
2912,1.421312
2913,1.341440
2914,1.300480
2915,1.300480
2916,1.364992
2917,1.354752
2918,1.318912
2919,1.369088
2920,1.360896
2921,1.331200
2922,1.383424
2923,1.319936
2924,1.350656
2925,1.304576
2926,1.323008
2927,1.406976
2928,1.307648
2929,1.364992
2930,1.309696
2931,1.373184
2932,1.368064
2933,1.368064
2934,1.320960
2935,1.323008
2936,1.353728
2937,1.388544
2938,1.331200
2939,1.295360
2940,1.363968
2941,1.309696
2942,1.308672
2943,1.337344
2944,1.315840
2945,1.281024
2946,1.317888
2947,0.952320
2948,0.665600
2949,0.617472
2950,0.590848
2951,0.580608
2952,0.569344
2953,1.321984
2954,1.396736
2955,1.367040
2956,1.429504
2957,1.388544
2958,1.368064
2959,1.330176
2960,1.310720
2961,1.305600
2962,1.303552
2963,1.324032
2964,1.311744
2965,1.345536
2966,1.299456
2967,1.328128
2968,1.358848
2969,1.323008
2970,1.354752
2971,1.317888
2972,1.341440
2973,1.331200
2974,1.334272
2975,1.394688
2976,1.373184
2977,1.375232
2978,1.331200
2979,1.363968
2980,1.333248
2981,1.304576
2982,1.334272
2983,1.342464
2984,1.316864
2985,1.336320
2986,1.320960
2987,1.335296
2988,1.371136
2989,1.312768
2990,1.323008
2991,1.364992
2992,1.356800
2993,1.368064
2994,1.303552
2995,1.326080
2996,1.353728
2997,1.288192
2998,0.960512
2999,1.364992
3000,1.226752
3001,1.244160
3002,1.358848
3003,1.356800
3004,1.342464
3005,1.346560
3006,1.348608
3007,1.387520
3008,1.321984
3009,1.328128
3010,1.270784
3011,1.332224
3012,1.308672
3013,1.323008
3014,1.366016
3015,1.353728
3016,1.357824
3017,1.362944
3018,1.329152
3019,1.369088
3020,1.257472
3021,1.364992
3022,1.352704
3023,1.389568
3024,1.329152
3025,1.343488
3026,1.345536
3027,1.346560
3028,1.350656
3029,1.312768
3030,1.333248
3031,1.312768
3032,1.319936
3033,1.320960
3034,1.286144
3035,1.327104
3036,1.307648
3037,1.304576
3038,1.325056
3039,1.324032
3040,1.351680
3041,1.295360
3042,1.334272
3043,1.313792
3044,1.205248
3045,1.306624
3046,1.205248
3047,1.398784
3048,1.328128
3049,1.370112
3050,1.298432
3051,1.361920
3052,1.347584
3053,1.349632
3054,1.306624
3055,1.348608
3056,1.364992
3057,1.326080
3058,1.285120
3059,1.341440
3060,1.321984
3061,1.330176
3062,1.353728
3063,1.393664
3064,1.385472
3065,1.331200
3066,1.343488
3067,1.359872
3068,1.328128
3069,1.350656
3070,1.351680
3071,1.338368
3072,1.362944
3073,1.334272
3074,1.386496
3075,1.325056
3076,1.409024
3077,1.340416
3078,1.328128
3079,1.321984
3080,1.363968
3081,1.292288
3082,1.206272
3083,1.296384
3084,1.306624
3085,1.344512
3086,1.340416
3087,1.302528
3088,1.344512
3089,1.166336
3090,0.890880
3091,0.718848
3092,1.384448
3093,1.307648
3094,1.095680
3095,1.368064
3096,1.325056
3097,1.325056
3098,1.358848
3099,1.302528
3100,1.321984
3101,1.349632
3102,1.339392
3103,1.361920
3104,1.351680
3105,1.348608
3106,1.352704
3107,1.350656
3108,1.337344
3109,1.351680
3110,1.380352
3111,1.347584
3112,1.339392
3113,1.302528
3114,1.281024
3115,1.312768
3116,1.311744
3117,1.367040
3118,1.377280
3119,1.337344
3120,1.353728
3121,1.374208
3122,1.343488
3123,1.370112
3124,1.337344
3125,1.330176
3126,1.324032
3127,1.328128
3128,1.327104
3129,1.337344
3130,1.306624
3131,1.343488
3132,1.374208
3133,1.304576
3134,1.399808
3135,1.372160
3136,1.357824
3137,1.223680
3138,1.161216
3139,1.333248
3140,1.172480
3141,1.266688
3142,1.303552
3143,1.370112
3144,1.345536
3145,1.351680
3146,1.289216
3147,1.340416
3148,1.298432
3149,1.301504
3150,1.334272
3151,1.316864
3152,1.299456
3153,1.307648
3154,1.348608
3155,1.327104
3156,1.344512
3157,1.376256
3158,1.357824
3159,1.349632
3160,1.383424
3161,1.376256
3162,1.353728
3163,1.320960
3164,1.350656
3165,1.311744
3166,1.363968
3167,1.354752
3168,1.302528
3169,1.354752
3170,1.338368
3171,1.292288
3172,1.299456
3173,1.333248
3174,1.282048
3175,1.329152
3176,1.363968
3177,1.331200
3178,1.358848
3179,1.290240
3180,1.314816
3181,1.344512
3182,1.108992
3183,0.850944
3184,0.603136
3185,0.594944
3186,0.591872
3187,1.458176
3188,1.359872
3189,1.343488
3190,1.337344
3191,1.349632
3192,1.383424
3193,1.355776
3194,1.334272
3195,1.327104
3196,1.319936
3197,1.317888
3198,1.343488
3199,1.319936
3200,1.352704
3201,1.332224
3202,1.361920
3203,1.309696
3204,1.368064
3205,1.353728
3206,1.347584
3207,1.323008
3208,1.338368
3209,1.339392
3210,1.328128
3211,1.380352
3212,1.286144
3213,1.324032
3214,1.311744
3215,1.372160
3216,1.313792
3217,1.328128
3218,1.316864
3219,1.381376
3220,1.363968
3221,1.347584
3222,1.316864
3223,1.285120
3224,1.333248
3225,1.341440
3226,1.320960
3227,1.298432
3228,1.371136
3229,1.385472
3230,1.353728
3231,1.075200
3232,0.879616
3233,0.796672
3234,0.691200
3235,0.641024
3236,0.590848
3237,0.576512
3238,1.372160
3239,1.406976
3240,1.411072
3241,1.382400
3242,1.282048
3243,1.318912
3244,1.297408
3245,1.314816
3246,1.385472
3247,1.326080
3248,1.310720
3249,1.315840
3250,1.304576
3251,1.355776
3252,1.347584
3253,1.298432
3254,1.346560
3255,1.336320
3256,1.347584
3257,1.347584
3258,1.353728
3259,1.359872
3260,1.375232
3261,1.337344
3262,1.326080
3263,1.355776
3264,1.360896
3265,1.377280
3266,1.340416
3267,1.327104
3268,1.355776
3269,1.358848
3270,1.340416
3271,1.317888
3272,1.326080
3273,1.359872
3274,1.297408
3275,1.380352
3276,1.341440
3277,1.326080
3278,1.390592
3279,1.351680
3280,1.361920
3281,1.303552
3282,1.284096
3283,0.816128
3284,0.617472
3285,0.602112
3286,1.383424
3287,1.424384
3288,1.361920
3289,1.363968
3290,1.354752
3291,1.307648
3292,1.353728
3293,1.329152
3294,1.328128
3295,1.346560
3296,1.362944
3297,1.329152
3298,1.321984
3299,1.370112
3300,1.345536
3301,1.342464
3302,1.363968
3303,1.305600
3304,1.294336
3305,1.362944
3306,1.333248
3307,1.340416
3308,1.371136
3309,1.368064
3310,1.344512
3311,1.395712
3312,1.306624
3313,1.349632
3314,1.336320
3315,1.343488
3316,1.355776
3317,1.368064
3318,1.377280
3319,1.353728
3320,1.333248
3321,1.339392
3322,1.382400
3323,1.344512
3324,1.357824
3325,1.350656
3326,1.335296
3327,1.335296
3328,1.313792
3329,1.305600
3330,1.273856
3331,0.848896
3332,0.606208
3333,0.590848
3334,0.581632
3335,0.566272
3336,0.566272
3337,0.564224
3338,1.344512
3339,1.308672
3340,1.340416
3341,1.313792
3342,1.350656
3343,1.364992
3344,1.311744
3345,1.338368
3346,1.283072
3347,1.384448
3348,1.343488
3349,1.305600
3350,1.334272
3351,1.361920
3352,1.375232
3353,1.324032
3354,1.337344
3355,1.305600
3356,1.361920
3357,1.360896
3358,1.341440
3359,1.347584
3360,1.357824
3361,1.380352
3362,1.323008
3363,1.304576
3364,1.361920
3365,1.338368
3366,1.338368
3367,1.361920
3368,1.340416
3369,1.337344
3370,1.339392
3371,1.352704
3372,1.280000
3373,1.373184
3374,1.374208
3375,1.338368
3376,1.355776
3377,1.366016
3378,1.347584
3379,1.323008
3380,1.337344
3381,1.342464
3382,1.240064
3383,1.205248
3384,1.208320
3385,1.326080
3386,1.309696
3387,1.278976
3388,1.470464
3389,1.311744
3390,1.351680
3391,1.516544
3392,1.394688
3393,1.270784
3394,1.261568
3395,1.295360
3396,1.331200
3397,1.333248
3398,1.312768
3399,1.333248
3400,1.316864
3401,1.308672
3402,1.382400
3403,1.306624
3404,1.335296
3405,1.323008
3406,1.287168
3407,1.314816
3408,1.297408
3409,1.298432
3410,1.367040
3411,1.345536
3412,1.353728
3413,1.314816
3414,1.299456
3415,1.362944
3416,1.325056
3417,1.299456
3418,1.354752
3419,1.344512
3420,1.391616
3421,1.337344
3422,1.354752
3423,1.329152
3424,1.312768
3425,1.341440
3426,1.316864
3427,1.309696
3428,0.982016
3429,0.760832
3430,1.388544
3431,1.334272
3432,1.318912
3433,1.342464
3434,1.326080
3435,1.371136
3436,1.318912
3437,1.316864
3438,1.316864
3439,1.361920
3440,1.375232
3441,1.372160
3442,1.376256
3443,1.354752
3444,1.372160
3445,1.371136
3446,1.353728
3447,1.342464
3448,1.336320
3449,1.351680
3450,1.352704
3451,1.343488
3452,1.347584
3453,1.335296
3454,1.270784
3455,1.297408
3456,1.360896
3457,1.336320
3458,1.334272
3459,1.339392
3460,1.334272
3461,1.359872
3462,1.333248
3463,1.358848
3464,1.306624
3465,1.344512
3466,1.338368
3467,1.357824
3468,1.380352
3469,1.316864
3470,1.318912
3471,1.302528
3472,1.368064
3473,1.342464
3474,1.351680
3475,1.033216
3476,1.362944
3477,1.295360
3478,1.326080
3479,1.309696
3480,1.352704
3481,1.355776
3482,1.384448
3483,1.338368
3484,1.351680
3485,1.329152
3486,1.330176
3487,1.346560
3488,1.337344
3489,1.331200
3490,1.344512
3491,1.332224
3492,1.359872
3493,1.351680
3494,1.342464
3495,1.317888
3496,1.292288
3497,1.364992
3498,1.277952
3499,1.357824
3500,1.380352
3501,1.344512
3502,1.393664
3503,1.326080
3504,1.368064
3505,1.342464
3506,1.313792
3507,1.343488
3508,1.316864
3509,1.294336
3510,1.355776
3511,1.374208
3512,1.388544
3513,1.362944
3514,1.366016
3515,1.348608
3516,1.353728
3517,1.363968
3518,1.283072
3519,1.343488
3520,1.278976
3521,1.217536
3522,1.140736
3523,1.269760
3524,1.287168
3525,1.335296
3526,1.362944
3527,1.343488
3528,1.335296
3529,1.306624
3530,1.491968
3531,1.293312
3532,1.245184
3533,1.308672
3534,1.385472
3535,1.328128
3536,1.347584
3537,1.369088
3538,1.313792
3539,1.371136
3540,1.405952
3541,1.344512
3542,1.384448
3543,1.376256
3544,1.375232
3545,1.353728
3546,1.348608
3547,1.330176
3548,1.358848
3549,1.363968
3550,1.366016
3551,1.338368
3552,1.374208
3553,1.355776
3554,1.392640
3555,1.354752
3556,1.370112
3557,1.372160
3558,1.306624
3559,1.380352
3560,1.323008
3561,1.383424
3562,1.403904
3563,1.308672
3564,1.331200
3565,1.289216
3566,1.296384
3567,1.217536
3568,1.354752
3569,1.351680
3570,1.351680
3571,1.364992
3572,1.325056
3573,1.361920
3574,1.295360
3575,1.345536
3576,1.324032
3577,1.358848
3578,1.317888
3579,1.299456
3580,1.318912
3581,1.310720
3582,1.381376
3583,1.355776
3584,1.356800
3585,1.355776
3586,1.353728
3587,1.362944
3588,1.351680
3589,1.339392
3590,1.356800
3591,1.368064
3592,1.334272
3593,1.348608
3594,1.336320
3595,1.340416
3596,1.350656
3597,1.303552
3598,1.311744
3599,1.336320
3600,1.334272
3601,1.317888
3602,1.351680
3603,1.313792
3604,1.336320
3605,1.299456
3606,1.414144
3607,1.313792
3608,1.371136
3609,1.353728
3610,1.340416
3611,1.165312
3612,1.280000
3613,1.197056
3614,1.335296
3615,1.330176
3616,1.350656
3617,1.358848
3618,1.355776
3619,1.348608
3620,1.297408
3621,1.319936
3622,1.352704
3623,1.505280
3624,1.278976
3625,1.348608
3626,1.353728
3627,1.340416
3628,1.347584
3629,1.326080
3630,1.338368
3631,1.326080
3632,1.416192
3633,1.391616
3634,1.321984
3635,1.336320
3636,1.344512
3637,1.328128
3638,1.332224
3639,1.362944
3640,1.333248
3641,1.315840
3642,1.385472
3643,1.347584
3644,1.385472
3645,1.370112
3646,1.337344
3647,1.339392
3648,1.323008
3649,1.372160
3650,1.353728
3651,1.350656
3652,1.373184
3653,1.340416
3654,1.318912
3655,1.364992
3656,1.286144
3657,1.543168
3658,1.434624
3659,1.309696
3660,1.379328
3661,1.321984
3662,1.376256
3663,1.318912
3664,1.323008
3665,1.335296
3666,1.326080
3667,1.328128
3668,1.381376
3669,1.352704
3670,1.351680
3671,1.345536
3672,1.356800
3673,1.293312
3674,1.356800
3675,1.358848
3676,1.277952
3677,1.329152
3678,1.323008
3679,1.326080
3680,1.391616
3681,1.311744
3682,1.313792
3683,1.357824
3684,1.288192
3685,1.398784
3686,1.298432
3687,1.330176
3688,1.306624
3689,1.344512
3690,1.406976
3691,1.324032
3692,1.323008
3693,1.329152
3694,1.349632
3695,1.335296
3696,1.398784
3697,1.269760
3698,1.384448
3699,1.387520
3700,1.331200
3701,1.288192
3702,1.183744
3703,1.173504
3704,1.299456
3705,1.360896
3706,1.342464
3707,1.339392
3708,1.344512
3709,1.310720
3710,1.346560
3711,1.352704
3712,1.351680
3713,1.323008
3714,1.342464
3715,1.323008
3716,1.303552
3717,1.344512
3718,1.307648
3719,1.256448
3720,1.266688
3721,1.294336
3722,1.327104
3723,1.326080
3724,1.318912
3725,1.355776
3726,1.335296
3727,1.366016
3728,1.358848
3729,1.381376
3730,1.346560
3731,1.334272
3732,1.369088
3733,1.324032
3734,1.325056
3735,1.369088
3736,1.316864
3737,1.391616
3738,1.298432
3739,1.341440
3740,1.345536
3741,1.408000
3742,1.302528
3743,1.356800
3744,1.373184
3745,1.350656
3746,1.315840
3747,1.005568
3748,0.719872
3749,0.586752
3750,0.585728
3751,0.590848
3752,0.591872
3753,0.582656
3754,0.567296
3755,0.565248
3756,1.391616
3757,1.325056
3758,1.300480
3759,1.323008
3760,1.287168
3761,1.347584
3762,1.409024
3763,1.372160
3764,1.337344
3765,1.358848
3766,1.316864
3767,1.334272
3768,1.347584
3769,1.336320
3770,1.350656
3771,1.348608
3772,1.341440
3773,1.349632
3774,1.305600
3775,1.302528
3776,1.345536
3777,1.336320
3778,1.386496
3779,1.352704
3780,1.337344
3781,1.327104
3782,1.316864
3783,1.440768
3784,1.334272
3785,1.327104
3786,1.331200
3787,1.344512
3788,1.325056
3789,1.380352
3790,1.305600
3791,1.335296
3792,1.323008
3793,1.371136
3794,1.334272
3795,1.340416
3796,1.347584
3797,1.327104
3798,1.292288
3799,1.360896
3800,1.159168
3801,0.869376
3802,1.299456
3803,1.158144
3804,1.309696
3805,1.357824
3806,1.354752
3807,1.350656
3808,1.338368
3809,1.346560
3810,1.366016
3811,1.320960
3812,1.335296
3813,1.350656
3814,1.321984
3815,1.345536
3816,1.359872
3817,1.323008
3818,1.336320
3819,1.371136
3820,1.311744
3821,1.351680
3822,1.381376
3823,1.330176
3824,1.341440
3825,1.410048
3826,1.339392
3827,1.387520
3828,1.298432
3829,1.371136
3830,1.284096
3831,1.330176
3832,1.650688
3833,1.337344
3834,1.360896
3835,1.359872
3836,1.361920
3837,1.382400
3838,1.397760
3839,1.377280
3840,1.342464
3841,1.333248
3842,1.361920
3843,1.281024
3844,1.376256
3845,1.351680
3846,1.332224
3847,1.291264
3848,1.143808
3849,1.347584
3850,1.317888
3851,1.308672
3852,1.309696
3853,1.264640
3854,1.304576
3855,1.377280
3856,1.399808
3857,1.359872
3858,1.306624
3859,1.303552
3860,1.312768
3861,1.319936
3862,1.356800
3863,1.342464
3864,1.372160
3865,1.327104
3866,1.311744
3867,1.259520
3868,1.355776
3869,1.331200
3870,1.347584
3871,1.425408
3872,1.370112
3873,1.321984
3874,1.302528
3875,1.375232
3876,1.323008
3877,1.318912
3878,1.363968
3879,1.336320
3880,1.336320
3881,1.295360
3882,1.377280
3883,1.333248
3884,1.332224
3885,1.371136
3886,1.317888
3887,1.338368
3888,1.336320
3889,1.345536
3890,1.317888
3891,1.312768
3892,1.162240
3893,1.192960
3894,1.339392
3895,1.372160
3896,1.348608
3897,1.371136
3898,1.321984
3899,1.332224
3900,1.296384
3901,1.335296
3902,1.343488
3903,1.308672
3904,1.301504
3905,1.292288
3906,1.347584
3907,1.348608
3908,1.357824
3909,1.295360
3910,1.371136
3911,1.301504
3912,1.304576
3913,1.301504
3914,1.335296
3915,1.317888
3916,1.321984
3917,1.304576
3918,1.342464
3919,1.341440
3920,1.337344
3921,1.307648
3922,1.319936
3923,1.345536
3924,1.268736
3925,1.335296
3926,1.338368
3927,1.386496
3928,1.347584
3929,1.378304
3930,1.329152
3931,1.346560
3932,1.364992
3933,1.332224
3934,1.318912
3935,1.297408
3936,1.341440
3937,1.249280
3938,0.839680
3939,1.402880
3940,1.375232
3941,1.387520
3942,1.333248
3943,1.349632
3944,1.354752
3945,1.399808
3946,1.389568
3947,1.331200
3948,1.342464
3949,1.338368
3950,1.349632
3951,1.340416
3952,1.344512
3953,1.348608
3954,1.299456
3955,1.310720
3956,1.304576
3957,1.366016
3958,1.347584
3959,1.335296
3960,1.424384
3961,1.377280
3962,1.366016
3963,1.372160
3964,1.309696
3965,1.396736
3966,1.397760
3967,1.370112
3968,1.350656
3969,1.353728
3970,1.327104
3971,1.326080
3972,1.342464
3973,1.290240
3974,1.298432
3975,1.364992
3976,1.382400
3977,1.361920
3978,1.276928
3979,1.348608
3980,1.269760
3981,1.337344
3982,1.340416
3983,1.296384
3984,0.950272
3985,1.383424
3986,1.356800
3987,1.355776
3988,1.331200
3989,1.369088
3990,1.302528
3991,1.300480
3992,1.354752
3993,1.356800
3994,1.371136
3995,1.310720
3996,1.362944
3997,1.374208
3998,1.352704
3999,1.305600
4000,1.334272
4001,1.394688
4002,1.359872
4003,1.342464
4004,1.332224
4005,1.325056
4006,1.345536
4007,1.343488
4008,1.309696
4009,1.355776
4010,1.300480
4011,1.349632
4012,1.382400
4013,1.297408
4014,1.324032
4015,1.312768
4016,1.382400
4017,1.349632
4018,1.355776
4019,1.323008
4020,1.372160
4021,1.382400
4022,1.303552
4023,1.323008
4024,1.461248
4025,1.337344
4026,1.388544
4027,1.349632
4028,1.362944
4029,1.147904
4030,0.764928
4031,0.610304
4032,0.591872
4033,0.600064
4034,0.599040
4035,0.599040
4036,1.412096
4037,1.384448
4038,1.371136
4039,1.349632
4040,1.333248
4041,1.326080
4042,1.308672
4043,1.324032
4044,1.359872
4045,1.291264
4046,1.362944
4047,1.349632
4048,1.387520
4049,1.320960
4050,1.311744
4051,1.358848
4052,1.307648
4053,1.323008
4054,1.377280
4055,1.316864
4056,1.381376
4057,1.390592
4058,1.321984
4059,1.309696
4060,1.397760
4061,1.359872
4062,1.364992
4063,1.343488
4064,1.323008
4065,1.374208
4066,1.321984
4067,1.312768
4068,1.385472
4069,1.304576
4070,1.264640
4071,1.368064
4072,1.317888
4073,1.358848
4074,1.358848
4075,1.508352
4076,1.380352
4077,1.341440
4078,1.335296
4079,1.360896
4080,1.226752
4081,0.830464
4082,0.619520
4083,0.608256
4084,0.605184
4085,0.595968
4086,0.565248
4087,1.392640
4088,1.394688
4089,1.352704
4090,1.374208
4091,1.368064
4092,1.348608
4093,1.351680
4094,1.331200
4095,1.370112
4096,1.372160
4097,1.320960
4098,1.387520
4099,1.308672
4100,1.308672
4101,1.371136
4102,1.340416
4103,1.319936
4104,1.352704
4105,1.331200
4106,1.319936
4107,1.361920
4108,1.321984
4109,1.317888
4110,1.323008
4111,1.332224
4112,1.347584
4113,1.358848
4114,1.324032
4115,1.327104
4116,1.321984
4117,1.313792
4118,1.309696
4119,1.344512
4120,1.329152
4121,1.315840
4122,1.288192
4123,1.281024
4124,1.339392
4125,1.308672
4126,1.281024
4127,1.362944
4128,1.329152
4129,1.396736
4130,1.347584
4131,1.314816
4132,0.698368
4133,0.586752
4134,0.577536
4135,0.572416
4136,0.573440
4137,0.568320
4138,1.317888
4139,1.339392
4140,1.383424
4141,1.346560
4142,1.360896
4143,1.369088
4144,1.328128
4145,1.350656
4146,1.353728
4147,1.293312
4148,1.337344
4149,1.307648
4150,1.355776
4151,1.344512
4152,1.329152
4153,1.357824
4154,1.306624
4155,1.341440
4156,1.328128
4157,1.341440
4158,1.339392
4159,1.330176
4160,1.338368
4161,1.371136
4162,1.370112
4163,1.346560
4164,1.332224
4165,1.295360
4166,1.290240
4167,1.301504
4168,1.341440
4169,1.352704
4170,1.385472
4171,1.359872
4172,1.371136
4173,1.327104
4174,1.328128
4175,1.432576
4176,1.342464
4177,1.358848
4178,1.369088
4179,1.364992
4180,1.314816
4181,1.346560
4182,1.349632
4183,1.072128
4184,0.643072
4185,1.292288
4186,1.216512
4187,1.351680
4188,1.361920
4189,1.355776
4190,1.382400
4191,1.392640
4192,1.348608
4193,1.350656
4194,1.339392
4195,1.339392
4196,1.289216
4197,1.319936
4198,1.309696
4199,1.323008
4200,1.373184
4201,1.343488
4202,1.368064
4203,1.297408
4204,1.309696
4205,1.336320
4206,1.304576
4207,1.382400
4208,1.348608
4209,1.344512
4210,1.339392
4211,1.401856
4212,1.308672
4213,1.341440
4214,1.348608
4215,1.319936
4216,1.347584
4217,1.341440
4218,1.334272
4219,1.295360
4220,1.331200
4221,1.329152
4222,1.333248
4223,1.357824
4224,1.352704
4225,1.386496
4226,1.331200
4227,1.337344
4228,1.333248
4229,1.251328
4230,1.067008
4231,1.432576
4232,1.363968
4233,1.339392
4234,1.388544
4235,1.390592
4236,1.320960
4237,1.358848
4238,1.371136
4239,1.301504
4240,1.330176
4241,1.295360
4242,1.352704
4243,1.317888
4244,1.315840
4245,1.357824
4246,1.342464
4247,1.301504
4248,1.359872
4249,1.355776
4250,1.366016
4251,1.347584
4252,1.372160
4253,1.325056
4254,1.329152
4255,1.335296
4256,1.329152
4257,1.356800
4258,1.340416
4259,1.330176
4260,1.385472
4261,1.355776
4262,1.320960
4263,1.368064
4264,1.344512
4265,1.339392
4266,1.339392
4267,1.337344
4268,1.327104
4269,1.344512
4270,1.363968
4271,1.341440
4272,1.321984
4273,1.371136
4274,1.363968
4275,1.180672
4276,0.812032
4277,1.326080
4278,1.189888
4279,1.312768
4280,1.329152
4281,1.340416
4282,1.325056
4283,1.338368
4284,1.364992
4285,1.317888
4286,1.372160
4287,1.339392
4288,1.340416
4289,1.316864
4290,1.354752
4291,1.352704
4292,1.339392
4293,1.333248
4294,1.379328
4295,1.325056
4296,1.312768
4297,1.382400
4298,1.362944
4299,1.364992
4300,1.364992
4301,1.339392
4302,1.327104
4303,1.359872
4304,1.331200
4305,1.336320
4306,1.271808
4307,1.312768
4308,1.283072
4309,1.348608
4310,1.313792
4311,1.411072
4312,1.342464
4313,1.340416
4314,1.351680
4315,1.371136
4316,1.317888
4317,1.302528
4318,1.342464
4319,1.338368
4320,1.353728
4321,1.318912
4322,1.149952
4323,0.708608
4324,0.603136
4325,1.340416
4326,1.342464
4327,1.301504
4328,1.297408
4329,1.293312
4330,1.360896
4331,1.304576
4332,1.379328
4333,1.346560
4334,1.339392
4335,1.297408
4336,1.330176
4337,1.329152
4338,1.329152
4339,1.280000
4340,1.321984
4341,1.372160
4342,1.392640
4343,1.344512
4344,1.362944
4345,1.376256
4346,1.328128
4347,1.347584
4348,1.394688
4349,1.361920
4350,1.312768
4351,1.363968
4352,1.323008
4353,1.346560
4354,1.310720
4355,1.362944
4356,1.301504
4357,1.274880
4358,1.385472
4359,1.361920
4360,1.310720
4361,1.354752
4362,1.293312
4363,1.330176
4364,1.341440
4365,1.301504
4366,1.336320
4367,1.385472
4368,1.304576
4369,1.314816
4370,1.065984
4371,1.337344
4372,1.226752
4373,1.326080
4374,1.331200
4375,1.360896
4376,1.301504
4377,1.376256
4378,1.351680
4379,1.406976
4380,1.373184
4381,1.364992
4382,1.312768
4383,1.347584
4384,1.334272
4385,1.354752
4386,1.323008
4387,1.370112
4388,1.307648
4389,1.320960
4390,1.295360
4391,1.353728
4392,1.368064
4393,1.327104
4394,1.326080
4395,1.338368
4396,1.358848
4397,1.315840
4398,1.323008
4399,1.373184
4400,1.346560
4401,1.310720
4402,1.328128
4403,1.339392
4404,1.369088
4405,1.339392
4406,1.406976
4407,1.379328
4408,1.338368
4409,1.306624
4410,1.349632
4411,1.317888
4412,1.318912
4413,1.280000
4414,1.352704
4415,1.138688
4416,0.730112
4417,0.648192
4418,0.618496
4419,0.613376
4420,0.603136
4421,1.296384
4422,1.356800
4423,1.302528
4424,1.263616
4425,1.345536
4426,1.342464
4427,1.313792
4428,1.357824
4429,1.370112
4430,1.378304
4431,1.323008
4432,1.315840
4433,1.331200
4434,1.313792
4435,1.350656
4436,1.396736
4437,1.343488
4438,1.344512
4439,1.304576
4440,1.360896
4441,1.312768
4442,1.333248
4443,1.318912
4444,1.360896
4445,1.290240
4446,1.320960
4447,1.318912
4448,1.336320
4449,1.332224
4450,1.353728
4451,1.313792
4452,1.370112
4453,1.307648
4454,1.315840
4455,1.329152
4456,1.297408
4457,1.350656
4458,1.343488
4459,1.348608
4460,1.323008
4461,1.363968
4462,1.347584
4463,1.328128
4464,1.359872
4465,1.307648
4466,0.974848
4467,0.627712
4468,0.604160
4469,0.604160
4470,0.592896
4471,0.595968
4472,1.400832
4473,1.412096
4474,1.416192
4475,1.291264
4476,1.357824
4477,1.367040
4478,1.318912
4479,1.345536
4480,1.366016
4481,1.353728
4482,1.357824
4483,1.288192
4484,1.354752
4485,1.328128
4486,1.315840
4487,1.271808
4488,1.348608
4489,1.358848
4490,1.356800
4491,1.310720
4492,1.344512
4493,1.320960
4494,1.285120
4495,1.270784
4496,1.379328
4497,1.344512
4498,1.346560
4499,1.345536
4500,1.349632
4501,1.359872
4502,1.347584
4503,1.304576
4504,1.358848
4505,1.339392
4506,1.332224
4507,1.303552
4508,1.349632
4509,1.338368
4510,1.311744
4511,1.313792
4512,1.375232
4513,1.362944
4514,1.349632
4515,1.294336
4516,1.226752
4517,1.264640
4518,1.166336
4519,1.303552
4520,1.420288
4521,1.371136
4522,1.375232
4523,1.370112
4524,1.313792
4525,1.338368
4526,1.346560
4527,1.333248
4528,1.351680
4529,1.363968
4530,1.323008
4531,1.352704
4532,1.325056
4533,1.538048
4534,1.277952
4535,1.287168
4536,1.328128
4537,1.336320
4538,1.312768
4539,1.299456
4540,1.310720
4541,1.309696
4542,1.286144
4543,1.328128
4544,1.294336
4545,1.330176
4546,1.378304
4547,1.339392
4548,1.312768
4549,1.316864
4550,1.370112
4551,1.321984
4552,1.453056
4553,1.304576
4554,1.299456
4555,1.302528
4556,1.330176
4557,1.320960
4558,1.328128
4559,1.335296
4560,1.329152
4561,1.344512
4562,1.116160
4563,0.817152
4564,0.604160
4565,0.599040
4566,0.573440
4567,0.556032
4568,1.352704
4569,1.324032
4570,1.304576
4571,1.232896
4572,1.267712
4573,1.336320
4574,1.350656
4575,1.314816
4576,1.388544
4577,1.352704
4578,1.373184
4579,1.373184
4580,1.339392
4581,1.343488
4582,1.335296
4583,1.374208
4584,1.357824
4585,1.314816
4586,1.293312
4587,1.334272
4588,1.321984
4589,1.295360
4590,1.333248
4591,1.343488
4592,1.320960
4593,1.369088
4594,1.334272
4595,1.354752
4596,1.340416
4597,1.363968
4598,1.358848
4599,1.366016
4600,1.308672
4601,1.343488
4602,1.320960
4603,1.305600
4604,1.354752
4605,1.375232
4606,1.363968
4607,1.330176
4608,1.394688
4609,1.281024
4610,1.315840
4611,1.341440
4612,1.283072
4613,1.013760
4614,1.282048
4615,1.389568
4616,1.326080
4617,1.301504
4618,1.345536
4619,1.332224
4620,1.388544
4621,1.326080
4622,1.408000
4623,1.422336
4624,1.366016
4625,1.400832
4626,1.317888
4627,1.345536
4628,1.344512
4629,1.396736
4630,1.325056
4631,1.341440
4632,1.335296
4633,1.351680
4634,1.334272
4635,1.349632
4636,1.387520
4637,1.297408
4638,1.349632
4639,1.345536
4640,1.345536
4641,1.331200
4642,1.300480
4643,1.361920
4644,1.349632
4645,1.386496
4646,1.346560
4647,1.392640
4648,1.312768
4649,1.361920
4650,1.302528
4651,1.334272
4652,1.311744
4653,1.344512
4654,1.296384
4655,1.329152
4656,1.330176
4657,1.144832
4658,1.429504
4659,1.405952
4660,1.358848
4661,1.257472
4662,1.288192
4663,1.368064
4664,1.354752
4665,1.342464
4666,1.372160
4667,1.347584
4668,1.339392
4669,1.293312
4670,1.277952
4671,1.312768
4672,1.324032
4673,1.386496
4674,1.373184
4675,1.355776
4676,1.382400
4677,1.331200
4678,1.324032
4679,1.297408
4680,1.336320
4681,1.358848
4682,1.317888
4683,1.355776
4684,1.325056
4685,1.332224
4686,1.330176
4687,1.357824
4688,1.304576
4689,1.332224
4690,1.387520
4691,1.329152
4692,1.467392
4693,1.343488
4694,1.373184
4695,1.366016
4696,1.402880
4697,1.305600
4698,1.346560
4699,1.360896
4700,1.353728
4701,1.327104
4702,1.257472
4703,1.369088
4704,1.350656
4705,1.315840
4706,1.297408
4707,1.363968
4708,1.375232
4709,1.326080
4710,1.296384
4711,1.346560
4712,1.353728
4713,1.335296
4714,1.359872
4715,1.379328
4716,1.352704
4717,1.366016
4718,1.318912
4719,1.330176
4720,1.278976
4721,1.318912
4722,1.368064
4723,1.308672
4724,1.355776
4725,1.305600
4726,1.368064
4727,1.349632
4728,1.351680
4729,1.354752
4730,1.264640
4731,1.306624
4732,1.360896
4733,1.362944
4734,1.351680
4735,1.363968
4736,1.494016
4737,1.317888
4738,1.373184
4739,1.315840
4740,1.386496
4741,1.320960
4742,1.354752
4743,1.364992
4744,1.372160
4745,1.367040
4746,1.313792
4747,1.293312
4748,0.877568
4749,0.787456
4750,1.281024
4751,1.326080
4752,1.332224
4753,1.355776
4754,1.349632
4755,1.370112
4756,1.323008
4757,1.330176
4758,1.321984
4759,1.364992
4760,1.376256
4761,1.337344
4762,1.399808
4763,1.361920
4764,1.333248
4765,1.414144
4766,1.373184
4767,1.350656
4768,1.349632
4769,1.377280
4770,1.312768
4771,1.388544
4772,1.328128
4773,1.282048
4774,1.292288
4775,1.334272
4776,1.330176
4777,1.351680
4778,1.361920
4779,1.354752
4780,1.323008
4781,1.312768
4782,1.318912
4783,1.397760
4784,1.380352
4785,1.326080
4786,1.358848
4787,1.318912
4788,1.336320
4789,1.353728
4790,1.302528
4791,1.357824
4792,1.328128
4793,1.303552
4794,1.264640
4795,1.374208
4796,1.281024
4797,1.301504
4798,1.329152
4799,1.359872
4800,1.348608
4801,1.357824
4802,1.370112
4803,1.341440
4804,1.360896
4805,1.308672
4806,1.300480
4807,1.361920
4808,1.379328
4809,1.325056
4810,1.352704
4811,1.347584
4812,1.330176
4813,1.307648
4814,1.372160
4815,1.399808
4816,1.350656
4817,1.360896
4818,1.317888
4819,1.359872
4820,1.332224
4821,1.370112
4822,1.326080
4823,1.366016
4824,1.366016
4825,1.318912
4826,1.340416
4827,1.337344
4828,1.351680
4829,1.395712
4830,1.376256
4831,1.396736
4832,1.424384
4833,1.360896
4834,1.303552
4835,1.348608
4836,1.323008
4837,1.331200
4838,1.316864
4839,1.213440
4840,0.900096
4841,0.620544
4842,0.603136
4843,0.593920
4844,1.327104
4845,1.193984
4846,1.238016
4847,1.319936
4848,1.293312
4849,1.312768
4850,1.311744
4851,1.334272
4852,1.337344
4853,1.328128
4854,1.336320
4855,1.382400
4856,1.372160
4857,1.352704
4858,1.344512
4859,1.305600
4860,1.360896
4861,1.317888
4862,1.399808
4863,1.374208
4864,1.394688
4865,1.376256
4866,1.371136
4867,1.397760
4868,1.328128
4869,1.331200
4870,1.313792
4871,1.341440
4872,1.341440
4873,1.327104
4874,1.318912
4875,1.326080
4876,1.341440
4877,1.337344
4878,1.366016
4879,1.310720
4880,1.316864
4881,1.301504
4882,1.380352
4883,1.364992
4884,1.337344
4885,1.373184
4886,1.294336
4887,1.380352
4888,1.283072
4889,1.015808
4890,0.745472
4891,1.368064
4892,1.323008
4893,1.285120
4894,1.278976
4895,1.340416
4896,1.307648
4897,1.346560
4898,1.293312
4899,1.352704
4900,1.295360
4901,1.285120
4902,1.295360
4903,1.328128
4904,1.329152
4905,1.324032
4906,1.352704
4907,1.330176
4908,1.362944
4909,1.352704
4910,1.342464
4911,1.328128
4912,1.335296
4913,1.350656
4914,1.317888
4915,1.377280
4916,1.350656
4917,1.340416
4918,1.369088
4919,1.334272
4920,1.345536
4921,1.384448
4922,1.350656
4923,1.371136
4924,1.339392
4925,1.300480
4926,1.360896
4927,1.305600
4928,1.353728
4929,1.327104
4930,1.338368
4931,1.371136
4932,1.311744
4933,1.312768
4934,1.355776
4935,1.269760
4936,1.193984
4937,0.791552
4938,1.405952
4939,1.284096
4940,1.247232
4941,1.308672
4942,1.339392
4943,1.303552
4944,1.343488
4945,1.341440
4946,1.354752
4947,1.335296
4948,1.375232
4949,1.346560
4950,1.349632
4951,1.347584
4952,1.333248
4953,1.339392
4954,1.381376
4955,1.308672
4956,1.320960
4957,1.347584
4958,1.302528
4959,1.329152
4960,1.369088
4961,1.316864
4962,1.350656
4963,1.351680
4964,1.336320
4965,1.351680
4966,1.352704
4967,1.315840
4968,1.301504
4969,1.312768
4970,1.255424
4971,1.327104
4972,1.355776
4973,1.375232
4974,1.347584
4975,1.390592
4976,1.300480
4977,1.353728
4978,1.354752
4979,1.374208
4980,1.364992
4981,1.397760
4982,1.288192
4983,1.370112
4984,1.345536
4985,1.380352
4986,1.356800
4987,1.356800
4988,1.388544
4989,1.380352
4990,1.328128
4991,1.335296
4992,1.290240
4993,1.349632
4994,1.296384
4995,1.283072
4996,1.296384
4997,1.346560
4998,1.296384
4999,1.379328
5000,1.291264
5001,1.369088
5002,1.316864
5003,1.368064
5004,1.335296
5005,1.323008
5006,1.362944
5007,1.333248
5008,1.314816
5009,1.297408
5010,1.329152
5011,1.352704
5012,1.309696
5013,1.342464
5014,1.309696
5015,1.286144
5016,1.366016
5017,1.304576
5018,1.355776
5019,1.300480
5020,1.311744
5021,1.331200
5022,1.354752
5023,1.334272
5024,1.338368
5025,1.363968
5026,1.332224
5027,1.305600
5028,1.169408
5029,1.215488
5030,1.308672
5031,1.289216
5032,1.332224
5033,1.354752
5034,1.294336
5035,1.376256
5036,1.310720
5037,1.318912
5038,1.313792
5039,1.331200
5040,1.329152
5041,1.321984
5042,1.309696
5043,1.342464
5044,1.298432
5045,1.310720
5046,1.386496
5047,1.332224
5048,1.356800
5049,1.366016
5050,1.351680
5051,1.277952
5052,1.309696
5053,1.318912
5054,1.309696
5055,1.321984
5056,1.337344
5057,1.431552
5058,1.315840
5059,1.357824
5060,1.354752
5061,1.318912
5062,1.308672
5063,1.375232
5064,1.271808
5065,1.399808
5066,1.329152
5067,1.329152
5068,1.341440
5069,1.310720
5070,1.317888
5071,1.358848
5072,1.371136
5073,1.115136
5074,0.808960
5075,1.357824
5076,1.330176
5077,1.277952
5078,1.302528
5079,1.321984
5080,1.366016
5081,1.381376
5082,1.326080
5083,1.364992
5084,1.374208
5085,1.406976
5086,1.318912
5087,1.411072
5088,1.382400
5089,1.362944
5090,1.389568
5091,1.373184
5092,1.350656
5093,1.391616
5094,1.312768
5095,1.341440
5096,1.371136
5097,1.345536
5098,1.337344
5099,1.345536
5100,1.324032
5101,1.331200
5102,1.317888
5103,1.298432
5104,1.282048
5105,1.299456
5106,1.310720
5107,1.329152
5108,1.340416
5109,1.326080
5110,1.346560
5111,1.298432
5112,1.325056
5113,1.359872
5114,1.274880
5115,1.371136
5116,1.377280
5117,1.374208
5118,1.332224
5119,1.145856
5120,1.223680
5121,1.251328
5122,1.277952
5123,1.290240
5124,1.268736
5125,1.287168
5126,1.328128
5127,1.271808
5128,1.331200
5129,1.333248
5130,1.360896
5131,1.299456
5132,1.323008
5133,1.336320
5134,1.345536
5135,1.317888
5136,1.354752
5137,1.313792
5138,1.300480
5139,1.378304
5140,1.277952
5141,1.349632
5142,1.315840
5143,1.351680
5144,1.312768
5145,1.319936
5146,1.406976
5147,1.301504
5148,1.384448
5149,1.372160
5150,1.346560
5151,1.353728
5152,1.378304
5153,1.336320
5154,1.358848
5155,1.334272
5156,1.354752
5157,1.363968
5158,1.282048
5159,1.317888
5160,1.381376
5161,1.344512
5162,1.394688
5163,1.351680
5164,1.342464
5165,0.992256
5166,1.257472
5167,1.175552
5168,1.297408
5169,1.283072
5170,1.328128
5171,1.303552
5172,1.354752
5173,1.329152
5174,1.338368
5175,1.324032
5176,1.327104
5177,1.352704
5178,1.373184
5179,1.354752
5180,1.333248
5181,1.333248
5182,1.353728
5183,1.380352
5184,1.359872
5185,1.347584
5186,1.332224
5187,1.318912
5188,1.353728
5189,1.302528
5190,1.319936
5191,1.384448
5192,1.364992
5193,1.328128
5194,1.325056
5195,1.333248
5196,1.344512
5197,1.368064
5198,1.371136
5199,1.333248
5200,1.300480
5201,1.328128
5202,1.361920
5203,1.283072
5204,1.321984
5205,1.381376
5206,1.391616
5207,1.317888
5208,1.312768
5209,1.361920
5210,1.328128
5211,1.060864
5212,0.765952
5213,0.709632
5214,1.380352
5215,1.374208
5216,1.327104
5217,1.319936
5218,1.345536
5219,1.357824
5220,1.296384
5221,1.337344
5222,1.354752
5223,1.369088
5224,1.356800
5225,1.357824
5226,1.336320
5227,1.374208
5228,1.356800
5229,1.354752
5230,1.319936
5231,1.370112
5232,1.306624
5233,1.319936
5234,1.327104
5235,1.282048
5236,1.304576
5237,1.338368
5238,1.324032
5239,1.359872
5240,1.307648
5241,1.349632
5242,1.367040
5243,1.347584
5244,1.353728
5245,1.385472
5246,1.350656
5247,1.332224
5248,1.358848
5249,1.320960
5250,1.311744
5251,1.316864
5252,1.307648
5253,1.338368
5254,1.371136
5255,1.371136
5256,1.286144
5257,1.311744
5258,1.137664
5259,0.928768
5260,0.772096
5261,1.345536
5262,1.350656
5263,1.318912
5264,1.324032
5265,1.281024
5266,1.306624
5267,1.334272
5268,1.331200
5269,1.315840
5270,1.339392
5271,1.327104
5272,1.363968
5273,1.337344
5274,1.379328
5275,1.312768
5276,1.345536
5277,1.318912
5278,1.349632
5279,1.371136
5280,1.350656
5281,1.386496
5282,1.295360
5283,1.301504
5284,1.359872
5285,1.297408
5286,1.343488
5287,1.349632
5288,1.309696
5289,1.324032
5290,1.353728
5291,1.316864
5292,1.304576
5293,1.316864
5294,1.319936
5295,1.385472
5296,1.316864
5297,1.364992
5298,1.360896
5299,1.375232
5300,1.277952
5301,1.373184
5302,1.309696
5303,1.340416
5304,1.347584
5305,1.278976
5306,1.134592
5307,0.793600
5308,0.644096
5309,0.594944
5310,0.577536
5311,1.346560
5312,1.378304
5313,1.316864
5314,1.319936
5315,1.333248
5316,1.319936
5317,1.325056
5318,1.304576
5319,1.345536
5320,1.331200
5321,1.316864
5322,1.304576
5323,1.352704
5324,1.331200
5325,1.303552
5326,1.304576
5327,1.325056
5328,1.371136
5329,1.350656
5330,1.278976
5331,1.363968
5332,1.367040
5333,1.341440
5334,1.345536
5335,1.366016
5336,1.304576
5337,1.394688
5338,1.383424
5339,1.319936
5340,1.315840
5341,1.323008
5342,1.315840
5343,1.310720
5344,1.318912
5345,1.351680
5346,1.379328
5347,1.402880
5348,1.402880
5349,1.348608
5350,1.384448
5351,1.328128
5352,1.316864
5353,1.326080
5354,1.332224
5355,1.150976
5356,0.769024
5357,0.627712
5358,0.609280
5359,1.296384
5360,1.221632
5361,1.294336
5362,1.320960
5363,1.359872
5364,1.344512
5365,1.308672
5366,1.330176
5367,1.314816
5368,1.353728
5369,1.311744
5370,1.369088
5371,1.350656
5372,1.360896
5373,1.329152
5374,1.375232
5375,1.321984
5376,1.367040
5377,1.348608
5378,1.389568
5379,1.330176
5380,1.346560
5381,1.357824
5382,1.397760
5383,1.342464
5384,1.351680
5385,1.346560
5386,1.299456
5387,1.286144
5388,1.354752
5389,1.361920
5390,1.309696
5391,1.334272
5392,1.354752
5393,1.332224
5394,1.346560
5395,1.306624
5396,1.345536
5397,1.310720
5398,1.345536
5399,1.326080
5400,1.338368
5401,1.311744
5402,1.338368
5403,1.330176
5404,0.937984
5405,1.273856
5406,1.200128
5407,1.363968
5408,1.304576
5409,1.347584
5410,1.300480
5411,1.319936
5412,1.325056
5413,1.321984
5414,1.348608
5415,1.351680
5416,1.343488
5417,1.357824
5418,1.359872
5419,1.332224
5420,1.393664
5421,1.323008
5422,1.302528
5423,1.328128
5424,1.273856
5425,1.331200
5426,1.343488
5427,1.328128
5428,1.497088
5429,1.354752
5430,1.269760
5431,1.563648
5432,1.326080
5433,1.294336
5434,1.366016
5435,1.355776
5436,1.326080
5437,1.369088
5438,1.316864
5439,1.368064
5440,1.382400
5441,1.280000
5442,1.410048
5443,1.333248
5444,1.376256
5445,1.348608
5446,1.348608
5447,1.298432
5448,1.366016
5449,1.308672
5450,1.048576
5451,0.626688
5452,1.372160
5453,1.392640
5454,1.341440
5455,1.411072
5456,1.303552
5457,1.323008
5458,1.334272
5459,1.343488
5460,1.354752
5461,1.382400
5462,1.344512
5463,1.379328
5464,1.333248
5465,1.376256
5466,1.286144
5467,1.345536
5468,1.343488
5469,1.361920
5470,1.339392
5471,1.272832
5472,1.321984
5473,1.309696
5474,1.328128
5475,1.349632
5476,1.319936
5477,1.297408
5478,1.338368
5479,1.361920
5480,1.307648
5481,1.350656
5482,1.375232
5483,1.378304
5484,1.383424
5485,1.305600
5486,1.361920
5487,1.284096
5488,1.275904
5489,1.285120
5490,1.374208
5491,1.366016
5492,1.338368
5493,1.305600
5494,1.349632
5495,1.282048
5496,1.175552
5497,0.887808
5498,0.693248
5499,0.616448
5500,0.604160
5501,0.602112
5502,0.596992
5503,1.358848
5504,1.428480
5505,1.341440
5506,1.371136
5507,1.344512
5508,1.356800
5509,1.301504
5510,1.286144
5511,1.307648
5512,1.317888
5513,1.307648
5514,1.326080
5515,1.315840
5516,1.342464
5517,1.347584
5518,1.343488
5519,1.321984
5520,1.371136
5521,1.361920
5522,1.353728
5523,1.378304
5524,1.346560
5525,1.338368
5526,1.364992
5527,1.381376
5528,1.327104
5529,1.302528
5530,1.361920
5531,1.359872
5532,1.361920
5533,1.338368
5534,1.314816
5535,1.341440
5536,1.299456
5537,1.334272
5538,1.361920
5539,1.342464
5540,1.349632
5541,1.357824
5542,1.341440
5543,1.336320
5544,1.350656
5545,1.342464
5546,1.330176
5547,1.132544
5548,0.947200
5549,0.686080
5550,0.613376
5551,0.603136
5552,0.594944
5553,0.582656
5554,1.377280
5555,1.350656
5556,1.381376
5557,1.366016
5558,1.304576
5559,1.328128
5560,1.329152
5561,1.351680
5562,1.313792
5563,1.326080
5564,1.367040
5565,1.389568
5566,1.314816
5567,1.350656
5568,1.347584
5569,1.314816
5570,1.326080
5571,1.307648
5572,1.330176
5573,1.378304
5574,1.372160
5575,1.335296
5576,1.378304
5577,1.321984
5578,1.303552
5579,1.295360
5580,1.387520
5581,1.305600
5582,1.386496
5583,1.313792
5584,1.361920
5585,1.326080
5586,1.335296
5587,1.339392
5588,1.385472
5589,1.394688
5590,1.344512
5591,1.349632
5592,1.402880
5593,1.331200
5594,1.314816
5595,1.334272
5596,1.374208
5597,1.368064
5598,1.083392
5599,0.710656
5600,1.288192
5601,1.225728
5602,1.309696
5603,1.336320
5604,1.282048
5605,1.309696
5606,1.334272
5607,1.310720
5608,1.324032
5609,1.316864
5610,1.369088
5611,1.327104
5612,1.369088
5613,1.330176
5614,1.375232
5615,1.334272
5616,1.374208
5617,1.328128
5618,1.307648
5619,1.359872
5620,1.310720
5621,1.360896
5622,1.319936
5623,1.328128
5624,1.312768
5625,1.337344
5626,1.349632
5627,1.324032
5628,1.325056
5629,1.345536
5630,1.351680
5631,1.318912
5632,1.329152
5633,1.351680
5634,1.352704
5635,1.343488
5636,1.321984
5637,1.295360
5638,1.343488
5639,1.300480
5640,1.302528
5641,1.396736
5642,1.343488
5643,1.310720
5644,1.360896
5645,1.087488
5646,0.656384
5647,0.587776
5648,0.583680
5649,0.579584
5650,1.332224
5651,1.344512
5652,1.409024
5653,1.351680
5654,1.326080
5655,1.357824
5656,1.299456
5657,1.363968
5658,1.287168
5659,1.330176
5660,1.352704
5661,1.323008
5662,1.259520
5663,1.347584
5664,1.305600
5665,1.342464
5666,1.312768
5667,1.337344
5668,1.382400
5669,1.317888
5670,1.344512
5671,1.349632
5672,1.339392
5673,1.387520
5674,1.348608
5675,1.350656
5676,1.415168
5677,1.382400
5678,1.378304
5679,1.366016
5680,1.337344
5681,1.332224
5682,1.326080
5683,1.308672
5684,1.304576
5685,1.371136
5686,1.363968
5687,1.421312
5688,1.313792
5689,1.392640
5690,1.342464
5691,1.342464
5692,1.383424
5693,1.355776
5694,1.271808
5695,0.718848
5696,0.613376
5697,0.611328
5698,0.608256
5699,0.594944
5700,0.581632
5701,1.306624
5702,1.216512
5703,1.290240
5704,1.321984
5705,1.320960
5706,1.381376
5707,1.341440
5708,1.381376
5709,1.320960
5710,1.341440
5711,1.310720
5712,1.354752
5713,1.317888
5714,1.392640
5715,1.312768
5716,1.414144
5717,1.352704
5718,1.327104
5719,1.308672
5720,1.360896
5721,1.286144
5722,1.361920
5723,1.351680
5724,1.266688
5725,1.318912
5726,1.324032
5727,1.304576
5728,1.318912
5729,1.338368
5730,1.336320
5731,1.336320
5732,1.324032
5733,1.271808
5734,1.355776
5735,1.350656
5736,1.327104
5737,1.374208
5738,1.395712
5739,1.392640
5740,1.328128
5741,1.373184
5742,1.367040
5743,1.358848
5744,1.343488
5745,1.366016
5746,1.408000
5747,1.298432
5748,1.325056
5749,1.318912
5750,1.296384
5751,1.313792
5752,1.339392
5753,1.369088
5754,1.343488
5755,1.345536
5756,1.332224
5757,1.302528
5758,1.415168
5759,1.371136
5760,1.393664
5761,1.383424
5762,1.369088
5763,1.326080
5764,1.319936
5765,1.364992
5766,1.346560
5767,1.341440
5768,1.353728
5769,1.310720
5770,1.394688
5771,1.323008
5772,1.345536
5773,1.375232
5774,1.379328
5775,1.331200
5776,1.355776
5777,1.314816
5778,1.306624
5779,1.347584
5780,1.330176
5781,1.398784
5782,1.369088
5783,1.320960
5784,1.318912
5785,1.327104
5786,1.280000
5787,1.296384
5788,1.295360
5789,1.349632
5790,1.318912
5791,0.812032
5792,0.652288
5793,0.617472
5794,0.606208
5795,0.600064
5796,0.580608
5797,0.557056
5798,0.543744
5799,1.378304
5800,1.378304
5801,1.362944
5802,1.371136
5803,1.348608
5804,1.313792
5805,1.305600
5806,1.355776
5807,1.338368
5808,1.311744
5809,1.344512
5810,1.314816
5811,1.354752
5812,1.307648
5813,1.359872
5814,1.355776
5815,1.319936
5816,1.350656
5817,1.331200
5818,1.325056
5819,1.364992
5820,1.337344
5821,1.305600
5822,1.393664
5823,1.340416
5824,1.329152
5825,1.276928
5826,1.368064
5827,1.336320
5828,1.301504
5829,1.346560
5830,1.372160
5831,1.350656
5832,1.332224
5833,1.331200
5834,1.354752
5835,1.350656
5836,1.360896
5837,1.320960
5838,1.371136
5839,1.222656
5840,1.319936
5841,1.352704
5842,1.307648
5843,1.163264
5844,0.935936
5845,1.278976
5846,1.144832
5847,1.337344
5848,1.308672
5849,1.288192
5850,1.300480
5851,1.324032
5852,1.326080
5853,1.371136
5854,1.328128
5855,1.366016
5856,1.333248
5857,1.354752
5858,1.310720
5859,1.304576
5860,1.280000
5861,1.297408
5862,1.315840
5863,1.314816
5864,1.363968
5865,1.357824
5866,1.327104
5867,1.331200
5868,1.352704
5869,1.351680
5870,1.272832
5871,1.315840
5872,1.327104
5873,1.338368
5874,1.315840
5875,1.351680
5876,1.333248
5877,1.352704
5878,1.367040
5879,1.292288
5880,1.341440
5881,1.298432
5882,1.352704
5883,1.397760
5884,1.336320
5885,1.363968
5886,1.295360
5887,1.296384
5888,1.334272
5889,1.330176
5890,1.042432
5891,1.329152
5892,1.191936
5893,1.281024
5894,1.333248
5895,1.338368
5896,1.326080
5897,1.367040
5898,1.334272
5899,1.343488
5900,1.281024
5901,1.326080
5902,1.286144
5903,1.372160
5904,1.353728
5905,1.353728
5906,1.357824
5907,1.349632
5908,1.337344
5909,1.301504
5910,1.313792
5911,1.370112
5912,1.361920
5913,1.316864
5914,1.321984
5915,1.335296
5916,1.366016
5917,1.294336
5918,1.357824
5919,1.324032
5920,1.331200
5921,1.346560
5922,1.291264
5923,1.350656
5924,1.301504
5925,1.359872
5926,1.338368
5927,1.373184
5928,1.382400
5929,1.385472
5930,1.353728
5931,1.347584
5932,1.350656
5933,1.335296
5934,1.320960
5935,1.205248
5936,0.950272
5937,0.762880
5938,0.670720
5939,1.299456
5940,1.219584
5941,1.342464
5942,1.347584
5943,1.289216
5944,1.335296
5945,1.408000
5946,1.370112
5947,1.310720
5948,1.327104
5949,1.334272
5950,1.345536
5951,1.313792
5952,1.289216
5953,1.354752
5954,1.346560
5955,1.310720
5956,1.305600
5957,1.312768
5958,1.326080
5959,1.326080
5960,1.179648
5961,1.320960
5962,1.331200
5963,1.324032
5964,1.309696
5965,1.298432
5966,1.355776
5967,1.333248
5968,1.332224
5969,1.317888
5970,1.311744
5971,1.284096
5972,1.358848
5973,1.347584
5974,1.353728
5975,1.344512
5976,1.331200
5977,1.368064
5978,1.346560
5979,1.301504
5980,1.313792
5981,1.337344
5982,1.405952
5983,1.339392
5984,1.149952
5985,0.806912
5986,0.676864
5987,1.344512
5988,1.250304
5989,1.266688
5990,1.301504
5991,1.338368
5992,1.370112
5993,1.329152
5994,1.356800
5995,1.364992
5996,1.356800
5997,1.331200
5998,1.311744
5999,1.293312
6000,1.337344
6001,1.354752
6002,1.361920
6003,1.339392
6004,1.353728
6005,1.295360
6006,1.370112
6007,1.370112
6008,1.296384
6009,1.296384
6010,1.349632
6011,1.317888
6012,1.363968
6013,1.373184
6014,1.307648
6015,1.350656
6016,1.317888
6017,1.309696
6018,1.327104
6019,1.305600
6020,1.361920
6021,1.347584
6022,1.343488
6023,1.343488
6024,1.331200
6025,1.332224
6026,1.377280
6027,1.360896
6028,1.352704
6029,1.307648
6030,1.295360
6031,1.191936
6032,1.140736
6033,0.870400
6034,1.285120
6035,1.197056
6036,1.393664
6037,1.358848
6038,1.354752
6039,1.334272
6040,1.347584
6041,1.342464
6042,1.357824
6043,1.341440
6044,1.340416
6045,1.351680
6046,1.323008
6047,1.378304
6048,1.338368
6049,1.283072
6050,1.357824
6051,1.351680
6052,1.318912
6053,1.273856
6054,1.339392
6055,1.355776
6056,1.294336
6057,1.354752
6058,1.314816
6059,1.316864
6060,1.354752
6061,1.369088
6062,1.340416
6063,1.276928
6064,1.356800
6065,1.354752
6066,1.364992
6067,1.297408
6068,1.330176
6069,1.316864
6070,1.328128
6071,1.378304
6072,1.325056
6073,1.337344
6074,1.384448
6075,1.345536
6076,1.306624
6077,1.316864
6078,1.326080
6079,1.273856
6080,1.163264
6081,1.362944
6082,1.355776
6083,1.373184
6084,1.361920
6085,1.344512
6086,1.328128
6087,1.343488
6088,1.312768
6089,1.364992
6090,1.375232
6091,1.358848
6092,1.324032
6093,1.338368
6094,1.331200
6095,1.308672
6096,1.333248
6097,1.384448
6098,1.285120
6099,1.318912
6100,1.382400
6101,1.317888
6102,1.363968
6103,1.330176
6104,1.320960
6105,1.315840
6106,1.320960
6107,1.308672
6108,1.323008
6109,1.189888
6110,1.313792
6111,1.307648
6112,1.336320
6113,1.319936
6114,1.333248
6115,1.296384
6116,1.338368
6117,1.340416
6118,1.363968
6119,1.335296
6120,1.296384
6121,1.349632
6122,1.379328
6123,1.335296
6124,1.210368
6125,1.197056
6126,1.315840
6127,1.278976
6128,1.331200
6129,1.343488
6130,1.288192
6131,1.296384
6132,1.370112
6133,1.357824
6134,1.363968
6135,1.344512
6136,1.374208
6137,1.358848
6138,1.393664
6139,1.371136
6140,1.336320
6141,1.308672
6142,1.312768
6143,1.270784
6144,1.300480
6145,1.355776
6146,1.312768
6147,1.351680
6148,1.334272
6149,1.336320
6150,1.374208
6151,1.294336
6152,1.341440
6153,1.345536
6154,1.298432
6155,1.346560
6156,1.301504
6157,1.368064
6158,1.376256
6159,1.324032
6160,1.286144
6161,1.314816
6162,1.364992
6163,1.348608
6164,1.306624
6165,1.277952
6166,1.299456
6167,1.298432
6168,1.326080
6169,1.031168
6170,1.313792
6171,1.121280
6172,1.318912
6173,1.316864
6174,1.361920
6175,1.276928
6176,1.369088
6177,1.318912
6178,1.351680
6179,1.287168
6180,1.349632
6181,1.326080
6182,1.328128
6183,1.372160
6184,1.323008
6185,1.325056
6186,1.328128
6187,1.352704
6188,1.337344
6189,1.362944
6190,1.372160
6191,1.415168
6192,1.358848
6193,1.312768
6194,1.301504
6195,1.316864
6196,1.337344
6197,1.325056
6198,1.318912
6199,1.348608
6200,1.357824
6201,1.289216
6202,1.309696
6203,1.343488
6204,1.364992
6205,1.350656
6206,1.360896
6207,1.360896
6208,1.368064
6209,1.299456
6210,1.361920
6211,1.263616
6212,1.255424
6213,1.297408
6214,1.235968
6215,1.094656
6216,0.957440
6217,1.351680
6218,1.303552
6219,1.362944
6220,1.311744
6221,1.361920
6222,1.332224
6223,1.360896
6224,1.336320
6225,1.308672
6226,1.351680
6227,1.350656
6228,1.395712
6229,1.400832
6230,1.299456
6231,1.340416
6232,1.304576
6233,1.354752
6234,1.353728
6235,1.272832
6236,1.347584
6237,1.331200
6238,1.324032
6239,1.342464
6240,1.387520
6241,1.340416
6242,1.284096
6243,1.303552
6244,1.410048
6245,1.368064
6246,1.313792
6247,1.364992
6248,1.405952
6249,1.303552
6250,1.289216
6251,1.308672
6252,1.333248
6253,1.325056
6254,1.363968
6255,1.321984
6256,1.321984
6257,1.324032
6258,1.368064
6259,1.378304
6260,1.343488
6261,1.105920
6262,1.172480
6263,1.155072
6264,1.209344
6265,1.311744
6266,1.340416
6267,1.310720
6268,1.328128
6269,1.325056
6270,1.335296
6271,1.348608
6272,1.314816
6273,1.310720
6274,1.319936
6275,1.367040
6276,1.253376
6277,1.325056
6278,1.327104
6279,1.278976
6280,1.293312
6281,1.357824
6282,1.345536
6283,1.303552
6284,1.345536
6285,1.336320
6286,1.305600
6287,1.351680
6288,1.336320
6289,1.316864
6290,1.356800
6291,1.360896
6292,1.350656
6293,1.364992
6294,1.357824
6295,1.352704
6296,1.361920
6297,1.354752
6298,1.397760
6299,1.350656
6300,1.346560
6301,1.381376
6302,1.338368
6303,1.353728
6304,1.333248
6305,1.263616
6306,1.312768
6307,1.093632
6308,0.837632
6309,0.681984
6310,0.632832
6311,0.607232
6312,1.357824
6313,1.355776
6314,1.350656
6315,1.326080
6316,1.342464
6317,1.304576
6318,1.360896
6319,1.389568
6320,1.302528
6321,1.347584
6322,1.361920
6323,1.347584
6324,1.327104
6325,1.352704
6326,1.290240
6327,1.290240
6328,1.324032
6329,1.320960
6330,1.350656
6331,1.337344
6332,1.350656
6333,1.346560
6334,1.329152
6335,1.367040
6336,1.327104
6337,1.320960
6338,1.330176
6339,1.340416
6340,1.290240
6341,1.326080
6342,1.300480
6343,1.351680
6344,1.329152
6345,1.347584
6346,1.355776
6347,1.313792
6348,1.330176
6349,1.358848
6350,1.308672
6351,1.314816
6352,1.323008
6353,1.334272
6354,1.352704
6355,1.368064
6356,1.193984
6357,1.132544
6358,1.157120
6359,1.311744
6360,1.296384
6361,1.339392
6362,1.338368
6363,1.374208
6364,1.381376
6365,1.354752
6366,1.321984
6367,1.333248
6368,1.364992
6369,1.292288
6370,1.301504
6371,1.332224
6372,1.341440
6373,1.253376
6374,1.359872
6375,1.288192
6376,1.280000
6377,1.311744
6378,1.328128
6379,1.311744
6380,1.347584
6381,1.360896
6382,1.334272
6383,1.315840
6384,1.313792
6385,1.294336
6386,1.338368
6387,1.360896
6388,1.356800
6389,1.383424
6390,1.347584
6391,1.340416
6392,1.389568
6393,1.345536
6394,1.342464
6395,1.370112
6396,1.311744
6397,1.333248
6398,1.307648
6399,1.325056
6400,1.336320
6401,1.393664
6402,1.315840
6403,0.909312
6404,1.424384
6405,1.384448
6406,1.360896
6407,1.340416
6408,1.357824
6409,1.394688
6410,1.327104
6411,1.384448
6412,1.317888
6413,1.386496
6414,1.328128
6415,1.333248
6416,1.372160
6417,1.305600
6418,1.303552
6419,1.385472
6420,1.327104
6421,1.321984
6422,1.310720
6423,1.339392
6424,1.357824
6425,1.326080
6426,1.339392
6427,1.338368
6428,1.314816
6429,1.318912
6430,1.283072
6431,1.317888
6432,1.334272
6433,1.344512
6434,1.348608
6435,1.303552
6436,1.337344
6437,1.342464
6438,1.357824
6439,1.396736
6440,1.352704
6441,1.355776
6442,1.346560
6443,1.338368
6444,1.290240
6445,1.291264
6446,1.318912
6447,1.312768
6448,1.174528
6449,1.358848
6450,1.298432
6451,1.344512
6452,1.312768
6453,1.376256
6454,1.329152
6455,1.374208
6456,1.363968
6457,1.383424
6458,1.297408
6459,1.394688
6460,1.344512
6461,1.375232
6462,1.332224
6463,1.345536
6464,1.342464
6465,1.353728
6466,1.353728
6467,1.358848
6468,1.342464
6469,1.375232
6470,1.293312
6471,1.341440
6472,1.331200
6473,1.381376
6474,1.315840
6475,1.326080
6476,1.334272
6477,1.340416
6478,1.340416
6479,1.371136
6480,1.313792
6481,1.393664
6482,1.300480
6483,1.346560
6484,1.312768
6485,1.385472
6486,1.341440
6487,1.329152
6488,1.384448
6489,1.281024
6490,1.332224
6491,1.311744
6492,1.336320
6493,1.166336
6494,0.838656
6495,0.728064
6496,0.658432
6497,0.647168
6498,0.634880
6499,0.616448
6500,0.569344
6501,0.559104
6502,1.411072
6503,1.372160
6504,1.317888
6505,1.352704
6506,1.340416
6507,1.330176
6508,1.359872
6509,1.297408
6510,1.323008
6511,1.316864
6512,1.344512
6513,1.329152
6514,1.318912
6515,1.367040
6516,1.360896
6517,1.312768
6518,1.342464
6519,1.339392
6520,1.333248
6521,1.362944
6522,1.329152
6523,1.258496
6524,1.343488
6525,1.316864
6526,1.291264
6527,1.330176
6528,1.377280
6529,1.355776
6530,1.380352
6531,1.345536
6532,1.351680
6533,1.366016
6534,1.320960
6535,1.310720
6536,1.350656
6537,1.358848
6538,1.311744
6539,1.343488
6540,1.321984
6541,1.323008
6542,1.358848
6543,1.327104
6544,1.303552
6545,1.341440
6546,1.302528
6547,0.928768
6548,0.632832
6549,0.600064
6550,0.589824
6551,0.580608
6552,0.568320
6553,1.386496
6554,1.317888
6555,1.402880
6556,1.326080
6557,1.366016
6558,1.353728
6559,1.335296
6560,1.290240
6561,1.342464
6562,1.325056
6563,1.324032
6564,1.306624
6565,1.363968
6566,1.309696
6567,1.363968
6568,1.357824
6569,1.327104
6570,1.316864
6571,1.338368
6572,1.313792
6573,1.330176
6574,1.372160
6575,1.290240
6576,1.353728
6577,1.289216
6578,1.298432
6579,1.349632
6580,1.316864
6581,1.372160
6582,1.307648
6583,1.353728
6584,1.300480
6585,1.344512
6586,1.303552
6587,1.356800
6588,1.324032
6589,1.307648
6590,1.298432
6591,1.293312
6592,1.307648
6593,1.328128
6594,1.310720
6595,1.369088
6596,1.330176
6597,1.317888
6598,1.081344
6599,1.309696
6600,1.212416
6601,1.317888
6602,1.298432
6603,1.286144
6604,1.369088
6605,1.360896
6606,1.316864
6607,1.298432
6608,1.361920
6609,1.318912
6610,1.343488
6611,1.338368
6612,1.345536
6613,1.294336
6614,1.347584
6615,1.336320
6616,1.358848
6617,1.399808
6618,1.348608
6619,1.345536
6620,1.328128
6621,1.324032
6622,1.332224
6623,1.332224
6624,1.330176
6625,1.325056
6626,1.363968
6627,1.318912
6628,1.319936
6629,1.353728
6630,1.334272
6631,1.309696
6632,1.347584
6633,1.364992
6634,1.360896
6635,1.346560
6636,1.338368
6637,1.350656
6638,1.295360
6639,1.319936
6640,1.308672
6641,1.341440
6642,1.359872
6643,1.338368
6644,0.953344
6645,0.608256
6646,0.598016
6647,0.578560
6648,0.571392
6649,0.558080
6650,1.313792
6651,1.254400
6652,1.307648
6653,1.347584
6654,1.335296
6655,1.302528
6656,1.319936
6657,1.339392
6658,1.363968
6659,1.367040
6660,1.280000
6661,1.350656
6662,1.294336
6663,1.371136
6664,1.305600
6665,1.360896
6666,1.397760
6667,1.373184
6668,1.329152
6669,1.352704
6670,1.388544
6671,1.393664
6672,1.336320
6673,1.324032
6674,1.276928
6675,1.299456
6676,1.379328
6677,1.273856
6678,1.347584
6679,1.360896
6680,1.343488
6681,1.369088
6682,1.346560
6683,1.373184
6684,1.316864
6685,1.315840
6686,1.366016
6687,1.348608
6688,1.331200
6689,1.371136
6690,1.334272
6691,1.346560
6692,1.379328
6693,1.327104
6694,1.217536
6695,0.991232
6696,0.736256
6697,1.272832
6698,1.187840
6699,1.299456
6700,1.350656
6701,1.352704
6702,1.367040
6703,1.348608
6704,1.321984
6705,1.378304
6706,1.345536
6707,1.314816
6708,1.330176
6709,1.301504
6710,1.278976
6711,1.328128
6712,1.370112
6713,1.339392
6714,1.307648
6715,1.323008
6716,1.298432
6717,1.361920
6718,1.310720
6719,1.324032
6720,1.373184
6721,1.327104
6722,1.335296
6723,1.359872
6724,1.327104
6725,1.328128
6726,1.329152
6727,1.325056
6728,1.313792
6729,1.285120
6730,1.349632
6731,1.382400
6732,1.314816
6733,1.341440
6734,1.331200
6735,1.342464
6736,1.372160
6737,1.368064
6738,1.321984
6739,1.324032
6740,1.298432
6741,1.364992
6742,1.270784
6743,0.922624
6744,0.621568
6745,0.609280
6746,1.374208
6747,1.376256
6748,1.300480
6749,1.339392
6750,1.317888
6751,1.269760
6752,1.307648
6753,1.340416
6754,1.342464
6755,1.343488
6756,1.393664
6757,1.356800
6758,1.294336
6759,1.317888
6760,1.305600
6761,1.295360
6762,1.316864
6763,1.362944
6764,1.387520
6765,1.370112
6766,1.318912
6767,1.360896
6768,1.344512
6769,1.351680
6770,1.339392
6771,1.343488
6772,1.374208
6773,1.342464
6774,1.259520
6775,1.319936
6776,1.306624
6777,1.339392
6778,1.362944
6779,1.346560
6780,1.346560
6781,1.329152
6782,1.362944
6783,1.389568
6784,1.320960
6785,1.320960
6786,1.320960
6787,1.344512
6788,1.329152
6789,1.327104
6790,1.310720
6791,0.779264
6792,0.613376
6793,0.603136
6794,1.373184
6795,1.400832
6796,1.388544
6797,1.306624
6798,1.351680
6799,1.588224
6800,1.333248
6801,1.354752
6802,1.348608
6803,1.411072
6804,1.346560
6805,1.334272
6806,1.325056
6807,1.369088
6808,1.346560
6809,1.308672
6810,1.357824
6811,1.343488
6812,1.311744
6813,1.370112
6814,1.337344
6815,1.335296
6816,1.298432
6817,1.349632
6818,1.344512
6819,1.325056
6820,1.354752
6821,1.352704
6822,1.357824
6823,1.319936
6824,1.356800
6825,1.353728
6826,1.357824
6827,1.355776
6828,1.299456
6829,1.319936
6830,1.305600
6831,1.324032
6832,1.383424
6833,1.309696
6834,1.346560
6835,1.351680
6836,1.355776
6837,1.333248
6838,1.162240
6839,1.393664
6840,1.340416
6841,1.303552
6842,1.315840
6843,1.333248
6844,1.331200
6845,1.258496
6846,1.362944
6847,1.341440
6848,1.314816
6849,1.317888
6850,1.339392
6851,1.324032
6852,1.368064
6853,1.327104
6854,1.334272
6855,1.377280
6856,1.333248
6857,1.351680
6858,1.344512
6859,1.299456
6860,1.378304
6861,1.306624
6862,1.304576
6863,1.375232
6864,1.300480
6865,1.325056
6866,1.349632
6867,1.320960
6868,1.377280
6869,1.359872
6870,1.367040
6871,1.346560
6872,1.382400
6873,1.328128
6874,1.364992
6875,1.341440
6876,1.307648
6877,1.362944
6878,1.327104
6879,1.343488
6880,1.313792
6881,1.384448
6882,1.359872
6883,1.344512
6884,1.369088
6885,1.385472
6886,1.308672
6887,1.329152
6888,1.305600
6889,1.335296
6890,1.336320
6891,1.294336
6892,1.307648
6893,1.284096
6894,1.319936
6895,1.357824
6896,1.352704
6897,1.351680
6898,1.403904
6899,1.341440
6900,1.378304
6901,1.309696
6902,1.372160
6903,1.353728
6904,1.355776
6905,1.370112
6906,1.298432
6907,1.330176
6908,1.347584
6909,1.346560
6910,1.285120
6911,1.374208
6912,1.355776
6913,1.350656
6914,1.356800
6915,1.323008
6916,1.399808
6917,1.361920
6918,1.323008
6919,1.347584
6920,1.345536
6921,1.332224
6922,1.392640
6923,1.361920
6924,1.351680
6925,1.364992
6926,1.326080
6927,1.320960
6928,1.103872
6929,0.732160
6930,0.630784
6931,0.599040
6932,0.602112
6933,0.606208
6934,0.594944
6935,1.408000
6936,1.438720
6937,1.330176
6938,1.326080
6939,1.382400
6940,1.320960
6941,1.378304
6942,1.363968
6943,1.312768
6944,1.346560
6945,1.357824
6946,1.343488
6947,1.329152
6948,1.315840
6949,1.325056
6950,1.302528
6951,1.367040
6952,1.307648
6953,1.353728
6954,1.308672
6955,1.347584
6956,1.315840
6957,1.286144
6958,1.310720
6959,1.346560
6960,1.356800
6961,1.283072
6962,1.367040
6963,1.410048
6964,1.302528
6965,1.336320
6966,1.370112
6967,1.368064
6968,1.350656
6969,1.378304
6970,1.291264
6971,1.342464
6972,1.306624
6973,1.383424
6974,1.327104
6975,1.361920
6976,1.348608
6977,1.353728
6978,1.342464
6979,1.170432
6980,1.339392
6981,1.314816
6982,1.355776
6983,1.321984
6984,1.364992
6985,1.328128
6986,1.294336
6987,1.321984
6988,1.334272
6989,1.361920
6990,1.320960
6991,1.360896
6992,1.305600
6993,1.334272
6994,1.302528
6995,1.364992
6996,1.369088
6997,1.324032
6998,1.346560
6999,1.353728
7000,1.355776
7001,1.361920
7002,1.330176
7003,1.334272
7004,1.324032
7005,1.376256
7006,1.277952
7007,1.313792
7008,1.327104
7009,1.316864
7010,1.358848
7011,1.323008
7012,1.334272
7013,1.375232
7014,1.346560
7015,1.332224
7016,1.312768
7017,1.316864
7018,1.366016
7019,1.351680
7020,1.324032
7021,1.329152
7022,1.325056
7023,1.370112
7024,1.347584
7025,0.890880
7026,1.297408
7027,1.189888
7028,1.302528
7029,1.404928
7030,1.359872
7031,1.300480
7032,1.313792
7033,1.330176
7034,1.333248
7035,1.352704
7036,1.354752
7037,1.285120
7038,1.339392
7039,1.325056
7040,1.346560
7041,1.329152
7042,1.371136
7043,1.371136
7044,1.397760
7045,1.311744
7046,1.311744
7047,1.363968
7048,1.335296
7049,1.312768
7050,1.309696
7051,1.328128
7052,1.317888
7053,1.342464
7054,1.362944
7055,1.307648
7056,1.248256
7057,1.319936
7058,1.286144
7059,1.360896
7060,1.340416
7061,1.295360
7062,1.331200
7063,1.354752
7064,1.323008
7065,1.328128
7066,1.362944
7067,1.366016
7068,1.312768
7069,1.307648
7070,1.305600
7071,0.988160
7072,1.304576
7073,1.191936
7074,1.293312
7075,1.364992
7076,1.360896
7077,1.325056
7078,1.286144
7079,1.301504
7080,1.263616
7081,1.351680
7082,1.371136
7083,1.290240
7084,1.176576
7085,1.317888
7086,1.344512
7087,1.352704
7088,1.363968
7089,1.398784
7090,1.351680
7091,1.328128
7092,1.375232
7093,1.327104
7094,1.273856
7095,1.286144
7096,1.333248
7097,1.348608
7098,1.401856
7099,1.336320
7100,1.343488
7101,1.353728
7102,1.358848
7103,1.374208
7104,1.358848
7105,1.400832
7106,1.356800
7107,1.394688
7108,1.332224
7109,1.352704
7110,1.318912
7111,1.324032
7112,1.348608
7113,1.303552
7114,1.327104
7115,1.340416
7116,1.324032
7117,1.046528
7118,1.333248
7119,1.229824
7120,1.337344
7121,1.293312
7122,1.292288
7123,1.301504
7124,1.285120
7125,1.366016
7126,1.347584
7127,1.336320
7128,1.338368
7129,1.360896
7130,1.316864
7131,1.282048
7132,1.326080
7133,1.341440
7134,1.361920
7135,1.316864
7136,1.372160
7137,1.357824
7138,1.311744
7139,1.334272
7140,1.366016
7141,1.366016
7142,1.320960
7143,1.307648
7144,1.387520
7145,1.383424
7146,1.321984
7147,1.363968
7148,1.296384
7149,1.340416
7150,1.354752
7151,1.338368
7152,1.372160
7153,1.310720
7154,1.297408
7155,1.345536
7156,1.358848
7157,1.314816
7158,1.371136
7159,1.362944
7160,1.308672
7161,1.331200
7162,1.265664
7163,1.265664
7164,1.189888
7165,1.357824
7166,1.311744
7167,1.333248
7168,1.277952
7169,1.309696
7170,1.307648
7171,1.337344
7172,1.362944
7173,1.360896
7174,1.360896
7175,1.295360
7176,1.300480
7177,1.299456
7178,1.308672
7179,1.340416
7180,1.342464
7181,1.334272
7182,1.336320
7183,1.332224
7184,1.353728
7185,1.328128
7186,1.348608
7187,1.326080
7188,1.293312
7189,1.361920
7190,1.354752
7191,1.346560
7192,1.323008
7193,1.316864
7194,1.351680
7195,1.289216
7196,1.294336
7197,1.338368
7198,1.312768
7199,1.341440
7200,1.364992
7201,1.332224
7202,1.349632
7203,1.340416
7204,1.350656
7205,1.339392
7206,1.344512
7207,1.346560
7208,1.266688
7209,1.284096
7210,1.178624
7211,1.342464
7212,1.324032
7213,1.383424
7214,1.345536
7215,1.336320
7216,1.336320
7217,1.304576
7218,1.323008
7219,1.344512
7220,1.372160
7221,1.330176
7222,1.305600
7223,1.320960
7224,1.331200
7225,1.333248
7226,1.354752
7227,1.358848
7228,1.358848
7229,1.345536
7230,1.340416
7231,1.354752
7232,1.340416
7233,1.336320
7234,1.283072
7235,1.361920
7236,1.372160
7237,1.361920
7238,1.319936
7239,1.373184
7240,1.348608
7241,1.393664
7242,1.320960
7243,1.352704
7244,1.354752
7245,1.306624
7246,1.359872
7247,1.349632
7248,1.319936
7249,1.346560
7250,1.355776
7251,1.289216
7252,1.379328
7253,1.340416
7254,1.080320
7255,0.653312
7256,0.601088
7257,0.582656
7258,0.570368
7259,1.274880
7260,1.384448
7261,1.376256
7262,1.341440
7263,1.423360
7264,1.300480
7265,1.324032
7266,1.351680
7267,1.357824
7268,1.323008
7269,1.316864
7270,1.323008
7271,1.312768
7272,1.308672
7273,1.294336
7274,1.386496
7275,1.371136
7276,1.358848
7277,1.355776
7278,1.408000
7279,1.359872
7280,1.342464
7281,1.302528
7282,1.350656
7283,1.349632
7284,1.519616
7285,1.346560
7286,1.351680
7287,1.376256
7288,1.317888
7289,1.299456
7290,1.306624
7291,1.354752
7292,1.321984
7293,1.332224
7294,1.350656
7295,1.377280
7296,1.346560
7297,1.342464
7298,1.398784
7299,1.394688
7300,1.346560
7301,1.369088
7302,1.386496
7303,1.313792
7304,0.887808
7305,1.421312
7306,1.340416
7307,1.302528
7308,1.293312
7309,1.318912
7310,1.344512
7311,1.325056
7312,1.326080
7313,1.364992
7314,1.344512
7315,1.306624
7316,1.316864
7317,1.338368
7318,1.304576
7319,1.378304
7320,1.358848
7321,1.348608
7322,1.345536
7323,1.350656
7324,1.399808
7325,1.398784
7326,1.331200
7327,1.332224
7328,1.332224
7329,1.299456
7330,1.333248
7331,1.347584
7332,1.346560
7333,1.363968
7334,1.348608
7335,1.356800
7336,1.369088
7337,1.304576
7338,1.360896
7339,1.362944
7340,1.315840
7341,1.329152
7342,1.347584
7343,1.363968
7344,1.335296
7345,1.343488
7346,1.353728
7347,1.323008
7348,1.307648
7349,1.265664
7350,1.215488
7351,1.176576
7352,1.304576
7353,1.301504
7354,1.335296
7355,1.361920
7356,1.328128
7357,1.355776
7358,1.338368
7359,1.334272
7360,1.331200
7361,1.331200
7362,1.303552
7363,1.323008
7364,1.310720
7365,1.340416
7366,1.285120
7367,1.304576
7368,1.349632
7369,1.317888
7370,1.305600
7371,1.337344
7372,1.313792
7373,1.337344
7374,1.353728
7375,1.315840
7376,1.298432
7377,1.349632
7378,1.352704
7379,1.343488
7380,1.376256
7381,1.309696
7382,1.327104
7383,1.332224
7384,1.336320
7385,1.306624
7386,1.333248
7387,1.338368
7388,1.309696
7389,1.372160
7390,1.384448
7391,1.360896
7392,1.342464
7393,1.355776
7394,1.306624
7395,1.285120
7396,1.204224
7397,1.178624
7398,1.353728
7399,1.286144
7400,1.339392
7401,1.335296
7402,1.359872
7403,1.299456
7404,1.358848
7405,1.301504
7406,1.335296
7407,1.367040
7408,1.328128
7409,1.320960
7410,1.317888
7411,1.376256
7412,1.340416
7413,1.341440
7414,1.358848
7415,1.277952
7416,1.319936
7417,1.330176
7418,1.313792
7419,1.298432
7420,1.330176
7421,1.354752
7422,1.356800
7423,1.339392
7424,1.347584
7425,1.363968
7426,1.326080
7427,1.343488
7428,1.249280
7429,1.330176
7430,1.325056
7431,1.304576
7432,1.305600
7433,1.361920
7434,1.384448
7435,1.310720
7436,1.363968
7437,1.363968
7438,1.340416
7439,1.357824
7440,1.303552
7441,0.894976
7442,0.665600
7443,0.642048
7444,0.634880
7445,0.628736
7446,0.612352
7447,0.591872
7448,1.388544
7449,1.402880
7450,1.361920
7451,1.308672
7452,1.338368
7453,1.342464
7454,1.265664
7455,1.341440
7456,1.317888
7457,1.293312
7458,1.335296
7459,1.342464
7460,1.297408
7461,1.346560
7462,1.338368
7463,1.318912
7464,1.330176
7465,1.302528
7466,1.352704
7467,1.328128
7468,1.386496
7469,1.361920
7470,1.317888
7471,1.395712
7472,1.305600
7473,1.340416
7474,1.328128
7475,1.307648
7476,1.319936
7477,1.361920
7478,1.360896
7479,1.379328
7480,1.334272
7481,1.356800
7482,1.361920
7483,1.356800
7484,1.364992
7485,1.327104
7486,1.347584
7487,1.364992
7488,1.359872
7489,1.384448
7490,1.353728
7491,1.336320
7492,1.292288
7493,1.063936
7494,1.369088
7495,1.371136
7496,1.378304
7497,1.336320
7498,1.372160
7499,1.323008
7500,1.290240
7501,1.340416
7502,1.378304
7503,1.329152
7504,1.338368
7505,1.357824
7506,1.373184
7507,1.285120
7508,1.352704
7509,1.310720
7510,1.358848
7511,1.362944
7512,1.337344
7513,1.412096
7514,1.347584
7515,1.356800
7516,1.376256
7517,1.338368
7518,1.369088
7519,1.321984
7520,1.357824
7521,1.340416
7522,1.373184
7523,1.348608
7524,1.369088
7525,1.375232
7526,1.337344
7527,1.329152
7528,1.283072
7529,1.298432
7530,1.350656
7531,1.377280
7532,1.325056
7533,1.327104
7534,1.359872
7535,1.330176
7536,1.314816
7537,1.358848
7538,1.368064
7539,1.238016
7540,1.261568
7541,1.282048
7542,1.359872
7543,1.353728
7544,1.312768
7545,1.374208
7546,1.348608
7547,1.317888
7548,1.358848
7549,1.285120
7550,1.312768
7551,1.347584
7552,1.297408
7553,1.340416
7554,1.364992
7555,1.384448
7556,1.298432
7557,1.328128
7558,1.354752
7559,1.327104
7560,1.342464
7561,1.349632
7562,1.357824
7563,1.376256
7564,1.327104
7565,1.349632
7566,1.334272
7567,1.301504
7568,1.302528
7569,1.301504
7570,1.266688
7571,1.305600
7572,1.298432
7573,1.306624
7574,1.275904
7575,1.308672
7576,1.300480
7577,1.301504
7578,1.314816
7579,1.300480
7580,1.317888
7581,1.349632
7582,1.293312
7583,1.048576
7584,0.805888
7585,0.687104
7586,0.626688
7587,0.617472
7588,0.590848
7589,0.574464
7590,1.366016
7591,1.366016
7592,1.353728
7593,1.353728
7594,1.318912
7595,1.333248
7596,1.297408
7597,1.305600
7598,1.360896
7599,1.361920
7600,1.328128
7601,1.344512
7602,1.384448
7603,1.337344
7604,1.333248
7605,1.343488
7606,1.317888
7607,1.369088
7608,1.336320
7609,1.388544
7610,1.357824
7611,1.349632
7612,1.383424
7613,1.360896
7614,1.314816
7615,1.286144
7616,1.294336
7617,1.305600
7618,1.314816
7619,1.300480
7620,1.370112
7621,1.352704
7622,1.327104
7623,1.298432
7624,1.348608
7625,1.257472
7626,1.350656
7627,1.327104
7628,1.343488
7629,1.374208
7630,1.371136
7631,1.372160
7632,1.341440
7633,1.321984
7634,39.473152
7635,1.138688
7636,1.232896
7637,1.277952
7638,1.274880
7639,1.341440
7640,1.340416
7641,1.344512
7642,1.338368
7643,1.326080
7644,1.352704
7645,1.390592
7646,1.326080
7647,1.391616
7648,1.347584
7649,1.375232
7650,1.319936
7651,1.324032
7652,1.359872
7653,1.386496
7654,1.343488
7655,1.357824
7656,1.337344
7657,1.333248
7658,1.346560
7659,1.307648
7660,1.288192
7661,1.364992
7662,1.348608
7663,1.286144
7664,1.342464
7665,1.331200
7666,1.331200
7667,1.346560
7668,1.396736
7669,1.333248
7670,1.306624
7671,1.366016
7672,1.355776
7673,1.359872
7674,1.358848
7675,1.414144
7676,1.293312
7677,1.341440
7678,1.294336
7679,1.017856
7680,0.759808
7681,0.618496
7682,1.301504
7683,1.224704
7684,1.272832
7685,1.327104
7686,1.336320
7687,1.355776
7688,1.331200
7689,1.319936
7690,1.363968
7691,1.383424
7692,1.370112
7693,1.347584
7694,1.335296
7695,1.311744
7696,1.356800
7697,1.336320
7698,1.378304
7699,1.295360
7700,1.314816
7701,1.343488
7702,1.345536
7703,1.343488
7704,1.375232
7705,1.367040
7706,1.363968
7707,1.347584
7708,1.342464
7709,1.396736
7710,1.320960
7711,1.332224
7712,1.370112
7713,1.323008
7714,1.387520
7715,1.360896
7716,1.336320
7717,1.333248
7718,1.343488
7719,1.288192
7720,1.333248
7721,1.334272
7722,1.344512
7723,1.343488
7724,1.374208
7725,1.389568
7726,1.166336
7727,0.737280
7728,0.684032
7729,0.658432
7730,0.655360
7731,0.627712
7732,0.586752
7733,1.375232
7734,1.352704
7735,1.282048
7736,1.301504
7737,1.267712
7738,1.368064
7739,1.358848
7740,1.373184
7741,1.357824
7742,1.329152
7743,1.340416
7744,1.349632
7745,1.302528
7746,1.335296
7747,1.342464
7748,1.287168
7749,1.370112
7750,1.315840
7751,1.349632
7752,1.349632
7753,1.320960
7754,1.294336
7755,1.325056
7756,1.323008
7757,1.320960
7758,1.359872
7759,1.340416
7760,1.339392
7761,1.361920
7762,1.338368
7763,1.332224
7764,1.354752
7765,1.344512
7766,1.359872
7767,1.332224
7768,1.343488
7769,1.309696
7770,1.393664
7771,1.346560
7772,1.357824
7773,1.289216
7774,1.305600
7775,1.300480
7776,1.336320
7777,1.277952
7778,1.052672
7779,0.689152
7780,1.347584
7781,1.351680
7782,1.325056
7783,1.323008
7784,1.320960
7785,1.311744
7786,1.315840
7787,1.371136
7788,1.371136
7789,1.318912
7790,1.291264
7791,1.359872
7792,1.403904
7793,1.363968
7794,1.306624
7795,1.309696
7796,1.306624
7797,1.313792
7798,1.326080
7799,1.303552
7800,1.264640
7801,1.333248
7802,1.345536
7803,1.369088
7804,1.317888
7805,1.305600
7806,1.372160
7807,1.377280
7808,1.387520
7809,1.331200
7810,1.320960
7811,1.301504
7812,1.330176
7813,1.343488
7814,1.298432
7815,1.371136
7816,1.348608
7817,1.351680
7818,1.357824
7819,1.319936
7820,1.367040
7821,1.383424
7822,1.332224
7823,1.310720
7824,1.264640
7825,1.344512
7826,1.252352
7827,1.286144
7828,1.363968
7829,1.359872
7830,1.352704
7831,1.308672
7832,1.310720
7833,1.359872
7834,1.339392
7835,1.333248
7836,1.356800
7837,1.318912
7838,1.338368
7839,1.312768
7840,1.366016
7841,1.343488
7842,1.349632
7843,1.310720
7844,1.353728
7845,1.342464
7846,1.326080
7847,1.366016
7848,1.324032
7849,1.343488
7850,1.329152
7851,1.369088
7852,1.319936
7853,1.380352
7854,1.318912
7855,1.344512
7856,1.348608
7857,1.282048
7858,1.297408
7859,1.360896
7860,1.340416
7861,1.324032
7862,1.325056
7863,1.359872
7864,1.340416
7865,1.324032
7866,1.332224
7867,1.408000
7868,1.330176
7869,1.274880
7870,1.064960
7871,1.409024
7872,1.333248
7873,1.259520
7874,1.309696
7875,1.314816
7876,1.385472
7877,1.366016
7878,1.280000
7879,1.306624
7880,1.310720
7881,1.330176
7882,1.359872
7883,1.341440
7884,1.304576
7885,1.363968
7886,1.367040
7887,1.318912
7888,1.349632
7889,1.315840
7890,1.378304
7891,1.358848
7892,1.375232
7893,1.336320
7894,1.359872
7895,1.323008
7896,1.381376
7897,1.385472
7898,1.336320
7899,1.337344
7900,1.355776
7901,1.307648
7902,1.316864
7903,1.281024
7904,1.269760
7905,1.272832
7906,1.325056
7907,1.342464
7908,1.351680
7909,1.319936
7910,1.351680
7911,1.327104
7912,1.297408
7913,1.300480
7914,1.374208
7915,1.349632
7916,1.037312
7917,1.370112
7918,1.332224
7919,1.310720
7920,1.387520
7921,1.327104
7922,1.344512
7923,1.329152
7924,1.364992
7925,1.348608
7926,1.352704
7927,1.338368
7928,1.349632
7929,1.342464
7930,1.336320
7931,1.363968
7932,1.331200
7933,1.289216
7934,1.364992
7935,1.312768
7936,1.354752
7937,1.387520
7938,1.359872
7939,1.363968
7940,1.290240
7941,1.340416
7942,1.325056
7943,1.331200
7944,1.325056
7945,1.326080
7946,1.381376
7947,1.317888
7948,1.338368
7949,1.291264
7950,1.277952
7951,1.316864
7952,1.326080
7953,1.301504
7954,1.306624
7955,1.333248
7956,1.341440
7957,1.371136
7958,1.353728
7959,1.348608
7960,1.327104
7961,1.240064
7962,0.839680
7963,0.691200
7964,0.681984
7965,0.645120
7966,0.591872
7967,1.461248
7968,1.352704
7969,1.339392
7970,1.394688
7971,1.358848
7972,1.294336
7973,1.383424
7974,1.320960
7975,1.337344
7976,1.300480
7977,1.332224
7978,1.353728
7979,1.376256
7980,1.359872
7981,1.316864
7982,1.356800
7983,1.312768
7984,1.344512
7985,1.326080
7986,1.336320
7987,1.295360
7988,1.329152
7989,1.381376
7990,1.374208
7991,1.366016
7992,1.335296
7993,1.301504
7994,1.321984
7995,1.343488
7996,1.332224
7997,1.396736
7998,1.335296
7999,1.363968
8000,1.364992
8001,1.386496
8002,1.349632
8003,1.361920
8004,1.288192
8005,1.329152
8006,1.364992
8007,1.317888
8008,1.304576
8009,1.369088
8010,1.348608
8011,1.366016
8012,0.923648
8013,0.729088
8014,0.609280
8015,0.591872
8016,1.370112
8017,1.314816
8018,1.299456
8019,1.343488
8020,1.326080
8021,1.337344
8022,1.336320
8023,1.334272
8024,1.351680
8025,1.361920
8026,1.285120
8027,1.320960
8028,1.349632
8029,1.339392
8030,1.317888
8031,1.317888
8032,1.308672
8033,1.299456
8034,1.310720
8035,1.301504
8036,1.369088
8037,1.339392
8038,1.277952
8039,1.303552
8040,1.314816
8041,1.273856
8042,1.378304
8043,1.371136
8044,1.295360
8045,1.343488
8046,1.344512
8047,1.351680
8048,1.405952
8049,1.288192
8050,1.364992
8051,1.315840
8052,1.308672
8053,1.338368
8054,1.330176
8055,1.343488
8056,1.367040
8057,1.371136
8058,1.294336
8059,1.326080
8060,1.288192
8061,0.931840
8062,1.375232
8063,1.328128
8064,1.307648
8065,1.324032
8066,1.310720
8067,1.353728
8068,1.341440
8069,1.337344
8070,1.379328
8071,1.356800
8072,1.355776
8073,1.358848
8074,1.387520
8075,1.349632
8076,1.275904
8077,1.312768
8078,1.352704
8079,1.389568
8080,1.355776
8081,1.350656
8082,1.317888
8083,1.359872
8084,1.301504
8085,1.323008
8086,1.390592
8087,1.345536
8088,1.360896
8089,1.366016
8090,1.327104
8091,1.382400
8092,1.363968
8093,1.333248
8094,1.341440
8095,1.477632
8096,1.325056
8097,1.344512
8098,1.366016
8099,1.348608
8100,1.380352
8101,1.345536
8102,1.354752
8103,1.306624
8104,1.364992
8105,1.314816
8106,1.152000
8107,0.798720
8108,0.592896
8109,0.591872
8110,0.588800
8111,0.594944
8112,0.575488
8113,1.315840
8114,1.368064
8115,1.366016
8116,1.363968
8117,1.366016
8118,1.340416
8119,1.367040
8120,1.323008
8121,1.354752
8122,1.364992
8123,1.311744
8124,1.329152
8125,1.323008
8126,1.341440
8127,1.328128
8128,1.325056
8129,1.345536
8130,1.333248
8131,1.325056
8132,1.341440
8133,1.314816
8134,1.346560
8135,1.342464
8136,1.342464
8137,1.326080
8138,1.333248
8139,1.340416
8140,1.313792
8141,1.277952
8142,1.343488
8143,1.311744
8144,1.344512
8145,1.310720
8146,1.411072
8147,1.357824
8148,1.385472
8149,1.383424
8150,1.297408
8151,1.361920
8152,1.340416
8153,1.370112
8154,1.368064
8155,1.334272
8156,1.346560
8157,1.256448
8158,1.207296
8159,1.317888
8160,1.320960
8161,1.285120
8162,1.333248
8163,1.356800
8164,1.377280
8165,1.323008
8166,1.337344
8167,1.362944
8168,1.341440
8169,1.305600
8170,1.326080
8171,1.333248
8172,1.370112
8173,1.335296
8174,1.307648
8175,1.355776
8176,1.325056
8177,1.333248
8178,1.314816
8179,1.332224
8180,1.320960
8181,1.335296
8182,1.313792
8183,1.361920
8184,1.324032
8185,1.323008
8186,1.366016
8187,1.335296
8188,1.344512
8189,1.356800
8190,1.334272
8191,1.338368
8192,1.314816
8193,1.301504
8194,1.355776
8195,1.327104
8196,1.341440
8197,1.339392
8198,1.338368
8199,1.341440
8200,1.348608
8201,1.282048
8202,1.039360
8203,1.304576
8204,1.247232
8205,1.324032
8206,1.301504
8207,1.326080
8208,1.417216
8209,1.346560
8210,1.340416
8211,1.299456
8212,1.330176
8213,1.358848
8214,1.314816
8215,1.310720
8216,1.356800
8217,1.355776
8218,1.320960
8219,1.359872
8220,1.370112
8221,1.395712
8222,1.347584
8223,1.371136
8224,1.355776
8225,1.359872
8226,1.323008
8227,1.326080
8228,1.370112
8229,1.326080
8230,1.321984
8231,1.378304
8232,1.362944
8233,1.337344
8234,1.347584
8235,1.355776
8236,1.342464
8237,1.305600
8238,1.340416
8239,1.342464
8240,1.309696
8241,1.360896
8242,1.343488
8243,1.344512
8244,1.310720
8245,1.382400
8246,1.315840
8247,1.267712
8248,1.387520
8249,1.278976
8250,1.274880
8251,1.255424
8252,1.286144
8253,1.423360
8254,1.418240
8255,1.337344
8256,1.292288
8257,1.294336
8258,1.300480
8259,1.302528
8260,1.336320
8261,1.330176
8262,1.363968
8263,1.264640
8264,1.373184
8265,1.380352
8266,1.363968
8267,1.312768
8268,1.330176
8269,1.337344
8270,1.337344
8271,1.364992
8272,1.332224
8273,1.313792
8274,1.326080
8275,1.323008
8276,1.319936
8277,1.358848
8278,1.351680
8279,1.338368
8280,1.324032
8281,1.326080
8282,1.354752
8283,1.307648
8284,1.331200
8285,1.316864
8286,1.375232
8287,1.347584
8288,1.380352
8289,1.333248
8290,1.387520
8291,1.328128
8292,1.315840
8293,1.014784
8294,1.294336
8295,1.204224
8296,1.318912
8297,1.401856
8298,1.335296
8299,1.378304
8300,1.314816
8301,1.320960
8302,1.352704
8303,1.319936
8304,1.316864
8305,1.335296
8306,1.553408
8307,1.307648
8308,1.223680
8309,1.289216
8310,1.364992
8311,1.344512
8312,1.352704
8313,1.352704
8314,1.345536
8315,1.315840
8316,1.319936
8317,1.342464
8318,1.318912
8319,1.348608
8320,1.333248
8321,1.333248
8322,1.288192
8323,1.341440
8324,1.353728
8325,1.339392
8326,1.288192
8327,1.368064
8328,1.290240
8329,1.345536
8330,1.352704
8331,1.316864
8332,1.384448
8333,1.343488
8334,1.307648
8335,1.386496
8336,1.328128
8337,1.329152
8338,1.236992
8339,1.200128
8340,1.213440
8341,1.375232
8342,1.295360
8343,1.297408
8344,1.345536
8345,1.283072
8346,1.323008
8347,1.330176
8348,1.332224
8349,1.348608
8350,1.362944
8351,1.353728
8352,1.367040
8353,1.333248
8354,1.334272
8355,1.417216
8356,1.349632
8357,1.309696
8358,1.383424
8359,1.358848
8360,1.369088
8361,1.311744
8362,1.304576
8363,1.362944
8364,1.328128
8365,1.353728
8366,1.385472
8367,1.354752
8368,1.341440
8369,1.377280
8370,1.360896
8371,1.312768
8372,1.356800
8373,1.331200
8374,1.378304
8375,1.332224
8376,1.346560
8377,1.314816
8378,1.333248
8379,1.331200
8380,1.388544
8381,1.321984
8382,1.341440
8383,1.283072
8384,1.126400
8385,0.742400
8386,0.636928
8387,1.377280
8388,1.401856
8389,1.478656
8390,1.340416
8391,1.370112
8392,1.366016
8393,1.375232
8394,1.372160
8395,1.356800
8396,1.370112
8397,1.300480
8398,1.315840
8399,1.325056
8400,1.327104
8401,1.330176
8402,1.312768
8403,1.302528
8404,1.269760
8405,1.346560
8406,1.366016
8407,1.303552
8408,1.345536
8409,1.374208
8410,1.391616
8411,1.321984
8412,1.327104
8413,1.361920
8414,1.339392
8415,1.389568
8416,1.298432
8417,1.325056
8418,1.339392
8419,1.331200
8420,1.294336
8421,1.398784
8422,1.391616
8423,1.400832
8424,1.320960
8425,1.331200
8426,1.319936
8427,1.354752
8428,1.316864
8429,1.316864
8430,1.308672
8431,1.253376
8432,1.352704
8433,1.328128
8434,1.316864
8435,1.315840
8436,1.338368
8437,1.348608
8438,1.343488
8439,1.349632
8440,1.346560
8441,1.351680
8442,1.375232
8443,1.267712
8444,1.318912
8445,1.327104
8446,1.356800
8447,1.543168
8448,1.324032
8449,1.311744
8450,1.372160
8451,1.308672
8452,1.306624
8453,1.369088
8454,1.291264
8455,1.313792
8456,1.336320
8457,1.328128
8458,1.341440
8459,1.379328
8460,1.362944
8461,1.355776
8462,1.400832
8463,1.345536
8464,1.360896
8465,1.348608
8466,1.371136
8467,1.399808
8468,1.302528
8469,1.330176
8470,1.385472
8471,1.344512
8472,1.382400
8473,1.353728
8474,1.375232
8475,1.323008
8476,1.099776
8477,0.811008
8478,1.267712
8479,1.359872
8480,1.278976
8481,1.332224
8482,1.315840
8483,1.375232
8484,1.330176
8485,1.350656
8486,1.311744
8487,1.370112
8488,1.315840
8489,1.332224
8490,1.345536
8491,1.353728
8492,1.319936
8493,1.356800
8494,1.421312
8495,1.299456
8496,1.313792
8497,1.342464
8498,1.357824
8499,1.316864
8500,1.301504
8501,1.311744
8502,1.381376
8503,1.323008
8504,1.328128
8505,1.341440
8506,1.311744
8507,1.356800
8508,1.303552
8509,1.361920
8510,1.313792
8511,1.347584
8512,1.323008
8513,1.336320
8514,1.352704
8515,1.314816
8516,1.315840
8517,1.340416
8518,1.374208
8519,1.339392
8520,1.339392
8521,1.251328
8522,1.395712
8523,1.408000
8524,1.375232
8525,1.347584
8526,1.376256
8527,1.316864
8528,1.319936
8529,1.347584
8530,1.317888
8531,1.348608
8532,1.294336
8533,1.310720
8534,1.362944
8535,1.356800
8536,1.381376
8537,1.362944
8538,1.297408
8539,1.304576
8540,1.307648
8541,1.293312
8542,1.369088
8543,1.343488
8544,1.362944
8545,1.361920
8546,1.324032
8547,1.346560
8548,1.328128
8549,1.297408
8550,1.318912
8551,1.328128
8552,1.298432
8553,1.320960
8554,1.331200
8555,1.329152
8556,1.324032
8557,1.348608
8558,1.346560
8559,1.377280
8560,1.320960
8561,1.332224
8562,1.367040
8563,1.293312
8564,1.351680
8565,1.329152
8566,1.298432
8567,0.876544
8568,0.750592
8569,0.671744
8570,1.432576
8571,1.371136
8572,1.334272
8573,1.397760
8574,1.295360
8575,1.323008
8576,1.316864
8577,1.334272
8578,1.316864
8579,1.345536
8580,1.312768
8581,1.338368
8582,1.393664
8583,1.356800
8584,1.349632
8585,1.402880
8586,1.344512
8587,1.344512
8588,1.377280
8589,1.323008
8590,1.371136
8591,1.385472
8592,1.297408
8593,1.475584
8594,1.336320
8595,1.369088
8596,1.313792
8597,1.380352
8598,1.379328
8599,1.380352
8600,1.355776
8601,1.356800
8602,1.340416
8603,1.359872
8604,1.343488
8605,1.314816
8606,1.359872
8607,1.337344
8608,1.304576
8609,1.318912
8610,1.546240
8611,1.294336
8612,1.280000
8613,1.301504
8614,1.154048
8615,1.324032
8616,1.149952
8617,1.283072
8618,1.317888
8619,1.349632
8620,1.331200
8621,1.292288
8622,1.323008
8623,1.362944
8624,1.311744
8625,1.355776
8626,1.370112
8627,1.336320
8628,1.361920
8629,1.310720
8630,1.350656
8631,1.323008
8632,1.339392
8633,1.334272
8634,1.302528
8635,1.317888
8636,1.315840
8637,1.375232
8638,1.342464
8639,1.320960
8640,1.371136
8641,1.329152
8642,1.372160
8643,1.383424
8644,1.363968
8645,1.371136
8646,1.350656
8647,1.308672
8648,1.324032
8649,1.380352
8650,1.323008
8651,1.378304
8652,1.359872
8653,1.352704
8654,1.334272
8655,1.320960
8656,1.320960
8657,1.382400
8658,1.369088
8659,1.316864
8660,1.027072
8661,0.721920
8662,0.658432
8663,0.589824
8664,0.566272
8665,0.545792
8666,0.539648
8667,1.410048
8668,1.381376
8669,1.361920
8670,1.306624
8671,1.349632
8672,1.308672
8673,1.319936
8674,1.332224
8675,1.310720
8676,1.349632
8677,1.311744
8678,1.397760
8679,1.333248
8680,1.370112
8681,1.349632
8682,1.359872
8683,1.352704
8684,1.361920
8685,1.336320
8686,1.324032
8687,1.379328
8688,1.349632
8689,1.318912
8690,1.382400
8691,1.344512
8692,1.310720
8693,1.343488
8694,1.375232
8695,1.382400
8696,1.354752
8697,1.329152
8698,1.325056
8699,1.328128
8700,1.341440
8701,1.342464
8702,1.346560
8703,1.400832
8704,1.288192
8705,1.311744
8706,1.326080
8707,1.300480
8708,1.342464
8709,1.325056
8710,1.359872
8711,1.239040
8712,0.683008
8713,0.641024
8714,0.612352
8715,1.386496
8716,1.343488
8717,1.304576
8718,1.343488
8719,1.317888
8720,1.317888
8721,1.338368
8722,1.366016
8723,1.377280
8724,1.387520
8725,1.341440
8726,1.331200
8727,1.343488
8728,1.332224
8729,1.368064
8730,1.319936
8731,1.370112
8732,1.319936
8733,1.317888
8734,1.288192
8735,1.296384
8736,1.370112
8737,1.367040
8738,1.356800
8739,1.312768
8740,1.334272
8741,1.328128
8742,1.346560
8743,1.320960
8744,1.340416
8745,1.346560
8746,1.372160
8747,1.350656
8748,1.356800
8749,1.292288
8750,1.392640
8751,1.316864
8752,1.336320
8753,1.331200
8754,1.270784
8755,1.320960
8756,1.327104
8757,1.317888
8758,1.349632
8759,1.258496
8760,0.774144
8761,0.665600
8762,0.628736
8763,0.641024
8764,0.645120
8765,1.401856
8766,1.309696
8767,1.323008
8768,1.281024
8769,1.311744
8770,1.281024
8771,1.316864
8772,1.349632
8773,1.381376
8774,1.364992
8775,1.340416
8776,1.363968
8777,1.353728
8778,1.349632
8779,1.329152
8780,1.318912
8781,1.351680
8782,1.296384
8783,1.304576
8784,1.300480
8785,1.373184
8786,1.344512
8787,1.410048
8788,1.360896
8789,1.341440
8790,1.346560
8791,1.388544
8792,1.380352
8793,1.364992
8794,1.341440
8795,1.302528
8796,1.298432
8797,1.330176
8798,1.313792
8799,1.369088
8800,1.293312
8801,1.336320
8802,1.348608
8803,1.330176
8804,1.323008
8805,1.324032
8806,1.344512
8807,1.310720
8808,1.305600
8809,1.281024
8810,0.932864
8811,0.743424
8812,0.636928
8813,0.625664
8814,1.420288
8815,1.374208
8816,1.360896
8817,1.375232
8818,1.360896
8819,1.327104
8820,1.488896
8821,1.358848
8822,1.332224
8823,1.336320
8824,1.379328
8825,1.341440
8826,1.307648
8827,1.323008
8828,1.398784
8829,1.352704
8830,1.339392
8831,1.331200
8832,1.404928
8833,1.350656
8834,1.305600
8835,1.346560
8836,1.285120
8837,1.358848
8838,1.318912
8839,1.355776
8840,1.328128
8841,1.345536
8842,1.331200
8843,1.317888
8844,1.368064
8845,1.308672
8846,1.312768
8847,1.334272
8848,1.303552
8849,1.296384
8850,1.346560
8851,1.350656
8852,1.355776
8853,1.359872
8854,1.353728
8855,1.330176
8856,1.347584
8857,1.368064
8858,1.247232
8859,0.875520
8860,0.619520
8861,0.585728
8862,0.588800
8863,0.585728
8864,0.573440
8865,1.409024
8866,1.311744
8867,1.309696
8868,1.348608
8869,1.379328
8870,1.282048
8871,1.330176
8872,1.350656
8873,1.269760
8874,1.337344
8875,1.317888
8876,1.312768
8877,1.325056
8878,1.274880
8879,1.311744
8880,1.298432
8881,1.300480
8882,1.290240
8883,1.307648
8884,1.325056
8885,1.308672
8886,1.329152
8887,1.280000
8888,1.275904
8889,1.367040
8890,1.323008
8891,1.326080
8892,1.341440
8893,1.346560
8894,1.367040
8895,1.338368
8896,1.305600
8897,1.315840
8898,1.306624
8899,1.337344
8900,1.321984
8901,1.333248
8902,1.289216
8903,1.329152
8904,1.288192
8905,1.321984
8906,1.298432
8907,1.309696
8908,1.334272
8909,1.344512
8910,1.245184
8911,0.721920
8912,0.616448
8913,0.615424
8914,0.617472
8915,0.566272
8916,0.552960
8917,1.368064
8918,1.351680
8919,1.329152
8920,1.302528
8921,1.281024
8922,1.315840
8923,1.313792
8924,1.321984
8925,1.345536
8926,1.287168
8927,1.293312
8928,1.326080
8929,1.323008
8930,1.298432
8931,1.348608
8932,1.328128
8933,1.349632
8934,1.332224
8935,1.340416
8936,1.310720
8937,1.356800
8938,1.307648
8939,1.345536
8940,1.284096
8941,1.308672
8942,1.330176
8943,1.313792
8944,1.293312
8945,1.331200
8946,1.338368
8947,1.289216
8948,1.391616
8949,1.359872
8950,1.273856
8951,1.325056
8952,1.325056
8953,1.347584
8954,1.333248
8955,1.304576
8956,1.296384
8957,1.308672
8958,1.311744
8959,2.756608
8960,2.638848
8961,1.260544
8962,1.239040
8963,1.236992
8964,1.339392
8965,1.367040
8966,1.362944
8967,1.298432
8968,1.343488
8969,1.337344
8970,1.362944
8971,1.317888
8972,1.286144
8973,1.307648
8974,1.283072
8975,1.478656
8976,1.339392
8977,1.300480
8978,1.330176
8979,1.332224
8980,1.328128
8981,1.312768
8982,1.321984
8983,3.654656
8984,1.299456
8985,1.312768
8986,1.333248
8987,1.284096
8988,2.323456
8989,1.341440
8990,1.274880
8991,1.330176
8992,1.331200
8993,2.271232
8994,3.628032
8995,1.300480
8996,1.316864
8997,1.302528
8998,1.305600
8999,1.283072
9000,1.341440
9001,1.294336
9002,0.721920
9003,0.612352
9004,0.596992
9005,0.602112
9006,0.593920
9007,0.594944
9008,1.280000
9009,1.263616
9010,1.314816
9011,1.310720
9012,1.304576
9013,1.348608
9014,1.315840
9015,1.311744
9016,1.375232
9017,1.352704
9018,1.287168
9019,1.372160
9020,1.330176
9021,1.311744
9022,1.277952
9023,1.274880
9024,1.305600
9025,1.308672
9026,1.300480
9027,1.277952
9028,1.324032
9029,1.333248
9030,1.362944
9031,1.345536
9032,1.313792
9033,1.308672
9034,1.311744
9035,1.349632
9036,1.287168
9037,1.278976
9038,1.317888
9039,1.328128
9040,1.297408
9041,1.321984
9042,1.302528
9043,1.308672
9044,1.259520
9045,1.311744
9046,1.318912
9047,1.285120
9048,1.295360
9049,1.337344
9050,1.292288
9051,1.312768
9052,1.288192
9053,1.330176
9054,0.783360
9055,0.671744
9056,0.637952
9057,0.631808
9058,0.606208
9059,0.592896
9060,1.383424
9061,1.337344
9062,1.278976
9063,1.314816
9064,1.329152
9065,1.320960
9066,1.307648
9067,1.281024
9068,1.264640
9069,1.323008
9070,1.289216
9071,1.320960
9072,1.332224
9073,1.326080
9074,1.334272
9075,1.354752
9076,1.359872
9077,1.282048
9078,1.296384
9079,1.300480
9080,1.326080
9081,1.385472
9082,1.380352
9083,1.292288
9084,1.277952
9085,1.307648
9086,1.287168
9087,1.307648
9088,1.348608
9089,1.282048
9090,1.288192
9091,1.309696
9092,1.329152
9093,1.333248
9094,1.328128
9095,1.330176
9096,1.341440
9097,1.304576
9098,1.340416
9099,1.307648
9100,1.341440
9101,1.301504
9102,1.310720
9103,1.323008
9104,1.343488
9105,1.211392
9106,1.226752
9107,1.324032
9108,1.300480
9109,1.320960
9110,1.313792
9111,1.274880
9112,1.310720
9113,1.272832
9114,1.299456
9115,1.260544
9116,1.310720
9117,1.328128
9118,1.306624
9119,1.259520
9120,1.281024
9121,1.361920
9122,1.263616
9123,1.270784
9124,1.340416
9125,1.332224
9126,1.315840
9127,1.328128
9128,1.274880
9129,1.310720
9130,1.310720
9131,1.276928
9132,1.281024
9133,1.272832
9134,1.306624
9135,1.306624
9136,1.283072
9137,1.285120
9138,1.321984
9139,1.316864
9140,1.281024
9141,1.310720
9142,1.281024
9143,1.327104
9144,1.359872
9145,1.296384
9146,1.360896
9147,1.311744
9148,1.296384
9149,1.282048
9150,1.250304
9151,1.263616
9152,0.848896
9153,0.773120
9154,0.793600
9155,0.633856
9156,0.628736
9157,1.302528
9158,1.179648
9159,1.285120
9160,1.290240
9161,1.328128
9162,1.281024
9163,1.344512
9164,1.289216
9165,1.313792
9166,1.313792
9167,1.317888
9168,1.286144
9169,1.352704
9170,1.338368
9171,1.320960
9172,1.330176
9173,1.290240
9174,1.306624
9175,1.310720
9176,1.349632
9177,1.329152
9178,1.308672
9179,1.296384
9180,1.348608
9181,1.312768
9182,1.317888
9183,1.307648
9184,1.331200
9185,1.351680
9186,1.324032
9187,1.295360
9188,1.291264
9189,1.290240
9190,1.303552
9191,1.307648
9192,1.311744
9193,1.329152
9194,1.310720
9195,1.346560
9196,1.317888
9197,1.354752
9198,1.282048
9199,1.292288
9200,1.280000
9201,1.314816
9202,1.318912
9203,1.314816
9204,1.261568
9205,1.330176
9206,1.303552
9207,1.354752
9208,1.301504
9209,1.286144
9210,1.293312
9211,1.301504
9212,1.293312
9213,1.300480
9214,1.314816
9215,1.315840
9216,1.304576
9217,1.325056
9218,1.323008
9219,1.307648
9220,1.325056
9221,1.269760
9222,1.303552
9223,1.324032
9224,1.299456
9225,1.276928
9226,1.366016
9227,1.284096
9228,1.319936
9229,1.354752
9230,1.320960
9231,1.316864
9232,1.310720
9233,1.299456
9234,1.311744
9235,1.328128
9236,1.290240
9237,1.275904
9238,1.308672
9239,1.341440
9240,1.270784
9241,1.357824
9242,1.319936
9243,1.329152
9244,1.346560
9245,1.303552
9246,1.289216
9247,1.304576
9248,1.268736
9249,0.948224
9250,0.811008
9251,0.793600
9252,0.779264
9253,1.346560
9254,1.298432
9255,1.271808
9256,1.284096
9257,1.304576
9258,1.318912
9259,1.277952
9260,1.269760
9261,1.328128
9262,1.348608
9263,1.272832
9264,1.347584
9265,1.344512
9266,1.319936
9267,1.334272
9268,1.331200
9269,1.298432
9270,1.362944
9271,1.368064
9272,1.333248
9273,1.326080
9274,1.320960
9275,1.292288
9276,1.360896
9277,1.303552
9278,1.331200
9279,1.340416
9280,1.378304
9281,1.239040
9282,1.328128
9283,1.334272
9284,1.321984
9285,1.329152
9286,1.327104
9287,1.347584
9288,1.338368
9289,1.329152
9290,1.453056
9291,1.346560
9292,1.369088
9293,1.334272
9294,1.286144
9295,1.333248
9296,1.361920
9297,1.344512
9298,1.227776
9299,1.366016
9300,1.337344
9301,1.323008
9302,1.299456
9303,1.301504
9304,1.321984
9305,1.307648
9306,1.325056
9307,1.307648
9308,1.320960
9309,1.355776
9310,1.275904
9311,1.316864
9312,1.296384
9313,1.348608
9314,1.366016
9315,1.353728
9316,1.333248
9317,1.304576
9318,1.291264
9319,1.327104
9320,1.286144
9321,1.317888
9322,1.327104
9323,1.328128
9324,1.320960
9325,1.306624
9326,1.290240
9327,1.337344
9328,1.277952
9329,1.331200
9330,1.380352
9331,1.334272
9332,1.349632
9333,1.288192
9334,1.277952
9335,1.305600
9336,1.303552
9337,1.290240
9338,1.315840
9339,1.342464
9340,1.342464
9341,1.293312
9342,1.302528
9343,1.336320
9344,1.236992
9345,0.939008
9346,1.256448
9347,1.202176
9348,1.325056
9349,1.320960
9350,1.319936
9351,1.287168
9352,1.292288
9353,1.325056
9354,1.331200
9355,1.303552
9356,1.303552
9357,1.298432
9358,1.284096
9359,1.274880
9360,1.292288
9361,1.309696
9362,1.330176
9363,1.343488
9364,1.310720
9365,1.355776
9366,1.351680
9367,1.301504
9368,1.300480
9369,1.273856
9370,1.293312
9371,1.359872
9372,1.343488
9373,1.307648
9374,1.324032
9375,1.267712
9376,1.319936
9377,1.328128
9378,1.346560
9379,1.300480
9380,1.330176
9381,1.294336
9382,1.300480
9383,1.303552
9384,1.346560
9385,1.285120
9386,1.308672
9387,1.318912
9388,1.305600
9389,1.293312
9390,1.343488
9391,1.308672
9392,1.180672
9393,1.346560
9394,1.328128
9395,1.235968
9396,1.217536
9397,1.303552
9398,1.297408
9399,1.304576
9400,1.307648
9401,1.338368
9402,1.342464
9403,1.306624
9404,1.314816
9405,1.349632
9406,1.336320
9407,1.303552
9408,1.337344
9409,1.292288
9410,1.308672
9411,1.319936
9412,1.343488
9413,1.360896
9414,1.302528
9415,1.309696
9416,1.334272
9417,1.338368
9418,1.301504
9419,1.337344
9420,1.327104
9421,1.304576
9422,1.319936
9423,1.330176
9424,1.306624
9425,1.348608
9426,1.289216
9427,1.335296
9428,1.323008
9429,1.317888
9430,1.315840
9431,1.311744
9432,1.301504
9433,1.347584
9434,1.355776
9435,1.358848
9436,1.352704
9437,1.312768
9438,1.308672
9439,1.316864
9440,1.206272
9441,1.308672
9442,1.301504
9443,1.332224
9444,1.294336
9445,1.368064
9446,1.289216
9447,1.329152
9448,1.275904
9449,1.323008
9450,1.338368
9451,1.315840
9452,1.336320
9453,1.295360
9454,1.358848
9455,1.257472
9456,1.294336
9457,1.273856
9458,1.331200
9459,1.335296
9460,1.329152
9461,1.354752
9462,1.263616
9463,1.291264
9464,1.321984
9465,1.318912
9466,1.381376
9467,1.312768
9468,1.300480
9469,1.313792
9470,1.294336
9471,1.331200
9472,1.338368
9473,1.325056
9474,1.346560
9475,1.285120
9476,1.341440
9477,1.280000
9478,1.296384
9479,1.336320
9480,1.352704
9481,1.294336
9482,1.339392
9483,1.310720
9484,1.203200
9485,0.972800
9486,0.852992
9487,0.735232
9488,0.642048
9489,0.616448
9490,0.598016
9491,0.569344
9492,1.386496
9493,1.312768
9494,1.387520
9495,1.259520
9496,1.286144
9497,1.356800
9498,1.272832
9499,1.280000
9500,1.392640
9501,1.364992
9502,1.317888
9503,1.339392
9504,1.349632
9505,1.363968
9506,1.287168
9507,1.347584
9508,1.328128
9509,1.277952
9510,1.312768
9511,1.307648
9512,1.308672
9513,1.343488
9514,1.293312
9515,1.316864
9516,1.353728
9517,1.325056
9518,1.317888
9519,1.283072
9520,1.301504
9521,1.335296
9522,1.280000
9523,1.302528
9524,1.292288
9525,1.330176
9526,1.283072
9527,1.292288
9528,1.340416
9529,1.285120
9530,1.334272
9531,1.318912
9532,1.293312
9533,1.302528
9534,1.303552
9535,1.314816
9536,1.267712
9537,1.286144
9538,0.997376
9539,0.728064
9540,0.679936
9541,0.634880
9542,0.617472
9543,0.603136
9544,0.563200
9545,0.555008
9546,1.342464
9547,1.332224
9548,1.292288
9549,1.262592
9550,1.308672
9551,1.367040
9552,1.334272
9553,1.295360
9554,1.229824
9555,1.261568
9556,1.259520
9557,1.277952
9558,1.306624
9559,1.342464
9560,1.289216
9561,1.358848
9562,1.342464
9563,1.324032
9564,1.318912
9565,1.291264
9566,1.265664
9567,1.331200
9568,1.313792
9569,1.318912
9570,1.355776
9571,1.285120
9572,1.315840
9573,1.347584
9574,1.308672
9575,1.268736
9576,1.324032
9577,1.324032
9578,1.316864
9579,1.308672
9580,1.284096
9581,1.293312
9582,1.264640
9583,1.332224
9584,1.294336
9585,1.292288
9586,1.298432
9587,1.345536
9588,1.335296
9589,1.300480
9590,1.314816
9591,1.296384
9592,1.192960
9593,0.869376
9594,0.744448
9595,0.669696
9596,0.591872
9597,1.402880
9598,1.338368
9599,1.330176
9600,1.351680
9601,1.384448
9602,1.360896
9603,1.334272
9604,1.289216
9605,1.323008
9606,1.318912
9607,1.295360
9608,1.284096
9609,1.270784
9610,1.320960
9611,1.280000
9612,1.303552
9613,1.276928
9614,1.300480
9615,1.256448
9616,1.259520
9617,1.271808
9618,1.272832
9619,1.266688
9620,1.239040
9621,1.266688
9622,1.271808
9623,1.228800
9624,1.306624
9625,1.290240
9626,1.262592
9627,1.273856
9628,1.309696
9629,1.273856
9630,1.239040
9631,1.255424
9632,1.259520
9633,1.277952
9634,1.298432
9635,1.251328
9636,1.274880
9637,1.271808
9638,1.264640
9639,1.236992
9640,1.269760
9641,1.264640
9642,1.254400
9643,1.196032
9644,1.149952
9645,0.908288
9646,0.777216
9647,0.749568
9648,1.290240
9649,1.211392
9650,1.243136
9651,1.283072
9652,1.195008
9653,1.233920
9654,1.276928
9655,1.233920
9656,1.259520
9657,1.253376
9658,1.240064
9659,1.260544
9660,1.276928
9661,1.274880
9662,1.251328
9663,1.285120
9664,1.266688
9665,1.272832
9666,1.222656
9667,1.255424
9668,1.269760
9669,1.271808
9670,1.261568
9671,1.278976
9672,1.258496
9673,1.233920
9674,1.203200
9675,1.249280
9676,1.245184
9677,1.258496
9678,1.252352
9679,1.283072
9680,1.281024
9681,1.240064
9682,1.208320
9683,1.206272
9684,1.268736
9685,1.221632
9686,1.255424
9687,1.187840
9688,1.272832
9689,1.243136
9690,1.175552
9691,1.219584
9692,1.254400
9693,1.243136
9694,1.254400
9695,1.232896
9696,1.061888
9697,0.836608
9698,0.804864
9699,0.811008
9700,0.758784
9701,1.287168
9702,1.210368
9703,2.634752
9704,1.231872
9705,1.262592
9706,2.642944
9707,1.257472
9708,1.264640
9709,1.213440
9710,1.255424
9711,1.254400
9712,1.236992
9713,1.273856
9714,1.294336
9715,1.226752
9716,1.277952
9717,1.247232
9718,1.257472
9719,1.235968
9720,1.228800
9721,1.277952
9722,1.264640
9723,1.274880
9724,1.226752
9725,1.248256
9726,1.286144
9727,1.205248
9728,1.278976
9729,1.212416
9730,1.226752
9731,1.253376
9732,1.253376
9733,1.218560
9734,1.290240
9735,1.260544
9736,1.280000
9737,1.289216
9738,1.283072
9739,1.221632
9740,1.247232
9741,1.270784
9742,1.256448
9743,1.269760
9744,1.257472
9745,1.268736
9746,1.205248
9747,1.127424
9748,1.203200
9749,1.219584
9750,1.230848
9751,2.672640
9752,1.255424
9753,2.650112
9754,1.263616
9755,1.239040
9756,1.187840
9757,1.174528
9758,1.215488
9759,1.232896
9760,1.231872
9761,1.211392
9762,1.264640
9763,1.228800
9764,1.217536
9765,1.234944
9766,1.205248
9767,1.240064
9768,1.212416
9769,1.282048
9770,1.219584
9771,1.238016
9772,1.160192
9773,1.259520
9774,1.249280
9775,1.247232
9776,1.219584
9777,1.177600
9778,1.212416
9779,1.214464
9780,1.203200
9781,1.183744
9782,1.193984
9783,1.199104
9784,1.191936
9785,1.224704
9786,1.212416
9787,1.150976
9788,1.223680
9789,1.184768
9790,1.205248
9791,1.115136
9792,1.226752
9793,1.189888
9794,1.177600
9795,1.140736
9796,1.000448
9797,0.939008
9798,0.744448
9799,0.623616
9800,0.606208
9801,1.171456
9802,1.141760
9803,1.221632
9804,1.162240
9805,1.175552
9806,1.208320
9807,1.176576
9808,1.137664
9809,1.147904
9810,1.149952
9811,1.154048
9812,3.321856
9813,1.107968
9814,1.159168
9815,1.102848
9816,1.127424
9817,1.085440
9818,1.187840
9819,1.089536
9820,1.139712
9821,1.123328
9822,1.106944
9823,3.312640
9824,1.070080
9825,1.078272
9826,1.131520
9827,1.116160
9828,2.092032
9829,1.089536
9830,1.111040
9831,1.149952
9832,1.119232
9833,2.126848
9834,3.319808
9835,1.096704
9836,1.096704
9837,1.081344
9838,1.111040
9839,1.081344
9840,1.092608
9841,1.096704
9842,1.108992
9843,1.072128
9844,1.095680
9845,1.079296
9846,1.090560
9847,1.088512
9848,1.085440
9849,1.072128
9850,1.095680
9851,1.071104
9852,0.993280
9853,1.057792
9854,1.001472
9855,1.015808
9856,1.045504
9857,1.056768
9858,1.067008
9859,1.074176
9860,1.061888
9861,1.093632
9862,1.057792
9863,1.059840
9864,1.037312
9865,1.036288
9866,1.065984
9867,1.041408
9868,1.075200
9869,1.047552
9870,1.049600
9871,1.043456
9872,1.043456
9873,1.079296
9874,1.041408
9875,1.051648
9876,1.069056
9877,1.026048
9878,1.040384
9879,1.026048
9880,1.050624
9881,1.040384
9882,1.006592
9883,0.985088
9884,0.984064
9885,0.988160
9886,0.976896
9887,0.989184
9888,0.963584
9889,0.959488
9890,0.952320
9891,0.902144
9892,0.906240
9893,0.943104
9894,0.931840
9895,0.926720
9896,0.888832
9897,0.954368
9898,0.925696
9899,0.923648
9900,0.933888
9901,0.926720
9902,0.906240
9903,0.913408
9904,0.912384
9905,0.933888
9906,0.905216
9907,0.771072
9908,0.912384
9909,1.847296
9910,0.910336
9911,0.871424
9912,0.905216
9913,0.887808
9914,0.875520
9915,1.829888
9916,3.086336
9917,0.862208
9918,0.896000
9919,0.922624
9920,0.876544
9921,0.884736
9922,0.898048
9923,0.908288
9924,0.887808
9925,0.905216
9926,0.868352
9927,0.849920
9928,0.822272
9929,0.819200
9930,0.826368
9931,0.807936
9932,0.821248
9933,0.803840
9934,0.838656
9935,0.808960
9936,0.811008
9937,0.807936
9938,0.817152
9939,0.800768
9940,0.811008
9941,0.817152
9942,0.815104
9943,0.797696
9944,0.813056
9945,0.820224
9946,0.819200
9947,0.809984
9948,0.823296
9949,0.822272
9950,0.818176
9951,0.783360
9952,0.794624
9953,0.790528
9954,0.793600
9955,0.781312
9956,0.804864
9957,0.781312
9958,0.790528
9959,0.789504
9960,0.802816
9961,0.811008
9962,0.792576
9963,0.791552
9964,0.780288
9965,0.764928
9966,0.759808
9967,0.779264
9968,0.765952
9969,0.764928
9970,0.773120
9971,0.774144
9972,0.756736
9973,0.766976
9974,0.770048
9975,0.766976
9976,0.773120
9977,0.761856
9978,0.776192
9979,0.770048
9980,0.768000
9981,0.769024
9982,0.768000
9983,0.758784
9984,0.760832
9985,0.771072
9986,0.759808
9987,0.773120
9988,0.777216
9989,0.748544
9990,0.753664
9991,0.738304
9992,0.739328
9993,0.759808
9994,0.751616
9995,0.739328
9996,0.747520
9997,0.768000
9998,0.924672
9999,0.751616
