iter,ms
0,1.187840
1,1.157120
2,1.166336
3,1.172480
4,1.160192
5,1.135616
6,1.132544
7,1.159168
8,1.173504
9,1.183744
10,1.116160
11,1.178624
12,1.114112
13,1.202176
14,1.227776
15,1.142784
16,1.171456
17,1.165312
18,1.152000
19,1.160192
20,1.220608
21,1.203200
22,1.124352
23,1.198080
24,1.169408
25,1.130496
26,1.161216
27,1.167360
28,1.135616
29,1.146880
30,1.206272
31,1.220608
32,1.208320
33,1.245184
34,1.244160
35,1.229824
36,1.169408
37,1.224704
38,1.273856
39,1.190912
40,1.200128
41,1.140736
42,1.222656
43,1.259520
44,1.256448
45,1.233920
46,1.205248
47,1.253376
48,1.176576
49,1.211392
50,1.146880
51,1.291264
52,1.265664
53,1.244160
54,1.241088
55,1.195008
56,1.176576
57,1.170432
58,1.179648
59,1.191936
60,1.225728
61,1.259520
62,1.252352
63,1.206272
64,1.191936
65,1.173504
66,1.174528
67,1.193984
68,1.177600
69,1.240064
70,1.211392
71,1.222656
72,1.316864
73,1.219584
74,1.175552
75,1.224704
76,1.168384
77,1.164288
78,1.240064
79,1.255424
80,1.149952
81,1.225728
82,1.201152
83,1.175552
84,1.181696
85,1.181696
86,1.192960
87,1.196032
88,1.178624
89,1.258496
90,1.226752
91,1.243136
92,1.257472
93,1.154048
94,1.174528
95,1.181696
96,1.204224
97,1.222656
98,1.200128
99,1.258496
100,1.106944
101,0.812032
102,0.727040
103,0.689152
104,0.676864
105,0.606208
106,1.169408
107,1.159168
108,1.214464
109,1.173504
110,1.159168
111,1.226752
112,1.256448
113,1.204224
114,1.235968
115,1.184768
116,1.203200
117,1.172480
118,1.218560
119,1.219584
120,1.254400
121,1.215488
122,1.176576
123,1.243136
124,1.196032
125,1.286144
126,1.240064
127,1.238016
128,1.244160
129,1.255424
130,1.224704
131,1.209344
132,1.185792
133,1.224704
134,1.203200
135,1.108992
136,1.241088
137,1.204224
138,1.238016
139,1.191936
140,1.255424
141,1.226752
142,1.252352
143,1.257472
144,1.220608
145,1.250304
146,1.258496
147,1.258496
148,1.246208
149,1.253376
150,1.294336
151,1.198080
152,1.276928
153,1.270784
154,1.198080
155,0.922624
156,0.758784
157,1.181696
158,1.154048
159,1.235968
160,1.200128
161,1.215488
162,1.219584
163,1.255424
164,1.247232
165,1.225728
166,1.231872
167,1.247232
168,1.225728
169,1.231872
170,1.267712
171,1.239040
172,1.295360
173,1.266688
174,1.296384
175,1.285120
176,1.310720
177,1.255424
178,1.285120
179,1.299456
180,1.280000
181,1.303552
182,1.299456
183,1.306624
184,1.291264
185,1.337344
186,1.309696
187,1.338368
188,1.338368
189,1.369088
190,1.330176
191,1.368064
192,1.399808
193,1.215488
194,1.317888
195,1.318912
196,1.273856
197,1.305600
198,1.307648
199,1.367040
200,1.358848
201,1.382400
202,1.377280
203,1.349632
204,1.104896
205,1.367040
206,1.389568
207,1.382400
208,1.341440
209,1.384448
210,1.343488
211,1.353728
212,1.335296
213,1.397760
214,1.340416
215,1.344512
216,1.348608
217,1.307648
218,1.336320
219,1.310720
220,1.337344
221,1.342464
222,1.370112
223,1.345536
224,1.333248
225,1.358848
226,1.304576
227,1.366016
228,1.354752
229,1.383424
230,1.289216
231,1.346560
232,1.380352
233,1.320960
234,1.320960
235,1.306624
236,1.358848
237,1.381376
238,1.359872
239,1.353728
240,1.329152
241,1.342464
242,1.354752
243,1.372160
244,1.325056
245,1.384448
246,1.357824
247,1.325056
248,1.344512
249,1.196032
250,0.727040
251,1.400832
252,1.310720
253,1.305600
254,1.268736
255,1.326080
256,1.332224
257,1.345536
258,1.368064
259,1.327104
260,1.346560
261,1.413120
262,1.362944
263,1.346560
264,1.304576
265,1.376256
266,1.318912
267,1.364992
268,1.306624
269,1.355776
270,1.307648
271,1.342464
272,1.273856
273,1.320960
274,1.333248
275,1.367040
276,1.304576
277,1.321984
278,1.321984
279,1.344512
280,1.352704
281,1.345536
282,1.386496
283,1.298432
284,1.349632
285,1.339392
286,1.368064
287,1.348608
288,1.337344
289,1.330176
290,1.324032
291,1.335296
292,1.357824
293,1.391616
294,1.347584
295,1.368064
296,1.004544
297,0.647168
298,0.594944
299,0.605184
300,0.610304
301,0.596992
302,0.586752
303,0.563200
304,1.373184
305,1.417216
306,1.221632
307,1.420288
308,1.303552
309,1.373184
310,1.358848
311,1.286144
312,1.325056
313,1.374208
314,1.315840
315,1.299456
316,1.348608
317,1.348608
318,1.335296
319,1.305600
320,1.343488
321,1.336320
322,1.367040
323,1.312768
324,1.344512
325,1.330176
326,1.316864
327,1.376256
328,1.327104
329,1.339392
330,1.345536
331,1.373184
332,1.339392
333,1.329152
334,1.347584
335,1.361920
336,1.323008
337,1.331200
338,1.333248
339,1.307648
340,1.325056
341,1.339392
342,1.381376
343,1.315840
344,1.370112
345,1.381376
346,1.332224
347,1.328128
348,1.319936
349,0.869376
350,0.614400
351,0.580608
352,0.581632
353,0.584704
354,0.573440
355,1.416192
356,1.377280
357,1.283072
358,1.331200
359,1.348608
360,1.344512
361,1.339392
362,1.351680
363,1.338368
364,1.339392
365,1.316864
366,1.318912
367,1.297408
368,1.321984
369,1.328128
370,1.381376
371,1.340416
372,1.383424
373,1.347584
374,1.329152
375,1.330176
376,1.357824
377,1.290240
378,1.320960
379,1.370112
380,1.313792
381,1.297408
382,1.348608
383,1.340416
384,1.280000
385,1.325056
386,1.292288
387,1.328128
388,1.352704
389,1.317888
390,1.343488
391,1.314816
392,1.313792
393,1.348608
394,1.356800
395,1.358848
396,1.329152
397,1.336320
398,1.351680
399,1.239040
400,1.087488
401,1.189888
402,1.301504
403,1.308672
404,1.278976
405,1.312768
406,1.354752
407,1.354752
408,1.313792
409,1.340416
410,1.310720
411,1.345536
412,1.340416
413,1.315840
414,1.291264
415,1.293312
416,1.310720
417,1.329152
418,1.354752
419,1.371136
420,1.298432
421,1.355776
422,1.302528
423,1.305600
424,1.361920
425,1.342464
426,1.357824
427,1.327104
428,1.319936
429,1.340416
430,1.313792
431,1.356800
432,1.290240
433,1.340416
434,1.332224
435,1.376256
436,1.374208
437,1.374208
438,1.349632
439,1.364992
440,1.385472
441,1.381376
442,1.359872
443,1.376256
444,1.361920
445,1.166336
446,0.832512
447,1.444864
448,1.363968
449,1.297408
450,1.313792
451,1.342464
452,1.305600
453,1.409024
454,1.376256
455,1.385472
456,1.333248
457,1.323008
458,1.307648
459,1.304576
460,1.338368
461,1.366016
462,1.348608
463,1.358848
464,1.372160
465,1.354752
466,1.372160
467,1.347584
468,1.354752
469,1.317888
470,1.385472
471,1.374208
472,1.306624
473,1.346560
474,1.387520
475,1.311744
476,1.308672
477,1.361920
478,1.349632
479,1.344512
480,1.315840
481,1.328128
482,1.314816
483,1.313792
484,1.357824
485,1.382400
486,1.319936
487,1.408000
488,1.327104
489,1.368064
490,1.297408
491,1.046528
492,0.822272
493,0.654336
494,1.352704
495,1.259520
496,1.339392
497,1.318912
498,1.281024
499,1.292288
500,1.381376
501,1.367040
502,1.282048
503,1.324032
504,1.382400
505,1.297408
506,1.310720
507,1.267712
508,1.320960
509,1.370112
510,1.325056
511,1.368064
512,1.334272
513,1.324032
514,1.294336
515,1.368064
516,1.294336
517,1.370112
518,1.331200
519,1.280000
520,1.300480
521,1.323008
522,1.350656
523,1.369088
524,1.329152
525,1.341440
526,1.312768
527,1.324032
528,1.361920
529,1.356800
530,1.351680
531,1.355776
532,1.284096
533,1.339392
534,1.311744
535,1.360896
536,1.321984
537,1.341440
538,1.258496
539,0.912384
540,0.651264
541,0.628736
542,0.622592
543,0.613376
544,0.592896
545,0.576512
546,1.397760
547,1.463296
548,1.297408
549,1.428480
550,1.336320
551,1.324032
552,1.382400
553,1.374208
554,1.330176
555,1.289216
556,1.276928
557,1.348608
558,1.270784
559,1.321984
560,1.311744
561,1.295360
562,1.328128
563,1.361920
564,1.333248
565,1.362944
566,1.377280
567,1.334272
568,1.363968
569,1.307648
570,1.344512
571,1.311744
572,1.366016
573,1.342464
574,1.328128
575,1.369088
576,1.296384
577,1.325056
578,1.338368
579,1.318912
580,1.316864
581,1.367040
582,1.355776
583,1.373184
584,1.333248
585,1.313792
586,1.340416
587,1.384448
588,1.364992
589,1.208320
590,0.847872
591,0.660480
592,0.628736
593,0.612352
594,0.575488
595,0.561152
596,1.345536
597,1.418240
598,1.366016
599,1.393664
600,1.336320
601,1.317888
602,1.318912
603,1.297408
604,1.327104
605,1.353728
606,1.352704
607,1.345536
608,1.350656
609,1.290240
610,1.401856
611,1.328128
612,1.320960
613,1.324032
614,1.315840
615,1.292288
616,1.361920
617,1.329152
618,1.374208
619,1.317888
620,1.343488
621,1.334272
622,1.299456
623,1.347584
624,1.317888
625,1.339392
626,1.288192
627,1.345536
628,1.352704
629,1.334272
630,1.316864
631,1.330176
632,1.346560
633,1.354752
634,1.280000
635,1.300480
636,1.351680
637,1.366016
638,1.336320
639,1.342464
640,1.162240
641,1.416192
642,1.415168
643,1.347584
644,1.367040
645,1.308672
646,1.332224
647,1.362944
648,1.348608
649,1.353728
650,1.366016
651,1.314816
652,1.416192
653,1.311744
654,1.351680
655,1.336320
656,1.358848
657,1.297408
658,1.369088
659,1.317888
660,1.408000
661,1.371136
662,1.337344
663,1.376256
664,1.383424
665,1.325056
666,1.317888
667,1.366016
668,1.296384
669,1.329152
670,1.361920
671,1.317888
672,1.362944
673,1.321984
674,1.312768
675,1.391616
676,1.328128
677,1.357824
678,1.295360
679,1.320960
680,1.362944
681,1.327104
682,1.338368
683,1.320960
684,1.286144
685,0.979968
686,0.770048
687,0.687104
688,0.624640
689,0.628736
690,0.633856
691,0.625664
692,1.485824
693,1.330176
694,1.369088
695,1.364992
696,1.297408
697,1.361920
698,1.333248
699,1.320960
700,1.364992
701,1.330176
702,1.288192
703,1.324032
704,1.335296
705,1.319936
706,1.311744
707,1.375232
708,1.330176
709,1.357824
710,1.315840
711,1.318912
712,1.337344
713,1.321984
714,1.327104
715,1.307648
716,1.317888
717,1.336320
718,1.288192
719,1.260544
720,1.296384
721,1.355776
722,1.264640
723,1.316864
724,1.334272
725,1.321984
726,1.315840
727,1.359872
728,1.314816
729,1.306624
730,1.316864
731,1.357824
732,1.374208
733,1.319936
734,1.329152
735,1.330176
736,1.331200
737,0.964608
738,1.357824
739,1.315840
740,1.288192
741,1.350656
742,1.331200
743,1.277952
744,1.370112
745,1.310720
746,1.338368
747,1.341440
748,1.298432
749,1.285120
750,1.380352
751,1.213440
752,1.377280
753,1.338368
754,1.375232
755,1.345536
756,1.357824
757,1.384448
758,1.373184
759,1.372160
760,1.329152
761,1.328128
762,1.353728
763,1.309696
764,1.288192
765,1.373184
766,1.337344
767,1.348608
768,1.331200
769,1.354752
770,1.324032
771,1.368064
772,1.379328
773,1.374208
774,1.376256
775,1.340416
776,1.310720
777,1.280000
778,1.400832
779,1.368064
780,1.369088
781,1.326080
782,1.346560
783,1.283072
784,1.125376
785,1.332224
786,1.277952
787,1.310720
788,1.257472
789,1.321984
790,1.339392
791,1.324032
792,1.347584
793,1.352704
794,1.370112
795,1.344512
796,1.348608
797,1.307648
798,1.377280
799,1.351680
800,1.381376
801,1.359872
802,1.326080
803,1.285120
804,1.369088
805,1.331200
806,1.328128
807,1.315840
808,1.345536
809,1.349632
810,1.296384
811,1.329152
812,1.315840
813,1.360896
814,1.329152
815,1.328128
816,1.529856
817,1.369088
818,1.348608
819,1.348608
820,1.361920
821,1.330176
822,1.330176
823,1.255424
824,1.311744
825,1.301504
826,1.362944
827,1.234944
828,1.230848
829,1.201152
830,1.311744
831,1.327104
832,1.302528
833,1.324032
834,1.293312
835,1.340416
836,1.335296
837,1.307648
838,1.306624
839,1.313792
840,1.327104
841,1.343488
842,1.315840
843,1.277952
844,1.364992
845,1.321984
846,1.321984
847,1.275904
848,1.323008
849,1.333248
850,1.299456
851,1.324032
852,1.320960
853,1.318912
854,1.354752
855,1.312768
856,1.305600
857,1.312768
858,1.323008
859,1.360896
860,1.311744
861,1.373184
862,1.356800
863,1.330176
864,1.316864
865,1.377280
866,1.346560
867,1.346560
868,1.350656
869,1.258496
870,1.269760
871,1.347584
872,1.392640
873,1.111040
874,1.393664
875,1.364992
876,1.319936
877,1.278976
878,1.313792
879,1.345536
880,1.364992
881,1.355776
882,1.370112
883,1.350656
884,1.342464
885,1.326080
886,1.373184
887,1.352704
888,1.333248
889,1.354752
890,1.348608
891,1.335296
892,1.345536
893,1.332224
894,1.351680
895,1.341440
896,1.337344
897,1.351680
898,1.351680
899,1.308672
900,1.283072
901,1.341440
902,1.342464
903,1.352704
904,1.359872
905,1.357824
906,1.328128
907,1.350656
908,1.314816
909,1.325056
910,1.329152
911,1.316864
912,1.305600
913,1.340416
914,1.333248
915,1.284096
916,1.366016
917,1.380352
918,1.267712
919,1.362944
920,1.349632
921,1.311744
922,1.371136
923,1.308672
924,1.355776
925,1.354752
926,1.320960
927,1.347584
928,1.327104
929,1.290240
930,1.352704
931,1.329152
932,1.392640
933,1.358848
934,1.329152
935,1.350656
936,1.362944
937,1.283072
938,1.323008
939,1.325056
940,1.361920
941,1.316864
942,1.351680
943,1.305600
944,1.248256
945,1.316864
946,1.330176
947,1.335296
948,1.331200
949,1.352704
950,1.312768
951,1.281024
952,1.350656
953,1.350656
954,1.323008
955,1.346560
956,1.345536
957,1.349632
958,1.300480
959,1.385472
960,1.339392
961,1.316864
962,1.329152
963,1.284096
964,0.985088
965,0.708608
966,0.610304
967,0.606208
968,0.577536
969,1.380352
970,1.307648
971,1.303552
972,1.287168
973,1.332224
974,1.405952
975,1.359872
976,1.372160
977,1.304576
978,1.344512
979,1.317888
980,1.334272
981,1.312768
982,1.335296
983,1.347584
984,1.343488
985,1.315840
986,1.336320
987,1.391616
988,1.351680
989,1.339392
990,1.403904
991,1.389568
992,1.356800
993,1.313792
994,1.459200
995,1.334272
996,1.324032
997,1.385472
998,1.360896
999,1.397760
1000,1.329152
1001,1.366016
1002,1.306624
1003,1.323008
1004,1.369088
1005,1.304576
1006,1.305600
1007,1.360896
1008,1.348608
1009,1.362944
1010,1.308672
1011,1.344512
1012,1.334272
1013,1.393664
1014,1.304576
1015,1.313792
1016,1.321984
1017,1.321984
1018,1.345536
1019,1.319936
1020,1.295360
1021,1.324032
1022,1.335296
1023,1.317888
1024,1.343488
1025,1.386496
1026,1.304576
1027,1.351680
1028,1.332224
1029,1.314816
1030,1.381376
1031,1.344512
1032,1.307648
1033,1.320960
1034,1.305600
1035,1.303552
1036,1.382400
1037,1.330176
1038,1.353728
1039,1.330176
1040,1.350656
1041,1.298432
1042,1.340416
1043,1.340416
1044,1.384448
1045,1.396736
1046,1.394688
1047,1.315840
1048,1.332224
1049,1.329152
1050,1.359872
1051,1.335296
1052,1.364992
1053,1.297408
1054,1.375232
1055,1.376256
1056,1.293312
1057,1.283072
1058,1.127424
1059,0.800768
1060,0.625664
1061,0.590848
1062,0.582656
1063,0.568320
1064,1.372160
1065,1.370112
1066,1.351680
1067,1.335296
1068,1.327104
1069,1.310720
1070,1.327104
1071,1.300480
1072,1.356800
1073,1.316864
1074,1.348608
1075,1.316864
1076,1.343488
1077,1.353728
1078,1.350656
1079,1.354752
1080,1.299456
1081,1.316864
1082,1.382400
1083,1.337344
1084,1.351680
1085,1.310720
1086,1.298432
1087,1.336320
1088,1.353728
1089,1.342464
1090,1.356800
1091,1.305600
1092,1.319936
1093,1.348608
1094,1.315840
1095,1.318912
1096,1.361920
1097,1.309696
1098,1.364992
1099,1.361920
1100,1.398784
1101,1.371136
1102,1.315840
1103,1.346560
1104,1.394688
1105,1.368064
1106,1.339392
1107,1.347584
1108,1.324032
1109,0.824320
1110,1.293312
1111,1.266688
1112,1.302528
1113,1.332224
1114,1.311744
1115,1.369088
1116,1.338368
1117,1.358848
1118,1.358848
1119,1.330176
1120,1.309696
1121,1.301504
1122,1.343488
1123,1.356800
1124,1.333248
1125,1.184768
1126,1.302528
1127,1.334272
1128,1.325056
1129,1.276928
1130,1.341440
1131,1.361920
1132,1.383424
1133,1.349632
1134,1.334272
1135,1.363968
1136,1.343488
1137,1.307648
1138,1.360896
1139,1.381376
1140,1.314816
1141,1.343488
1142,1.352704
1143,1.358848
1144,1.344512
1145,1.331200
1146,1.349632
1147,1.353728
1148,1.383424
1149,1.305600
1150,1.328128
1151,1.312768
1152,1.295360
1153,1.387520
1154,1.316864
1155,1.079296
1156,0.661504
1157,0.613376
1158,0.602112
1159,0.594944
1160,1.360896
1161,1.211392
1162,1.258496
1163,1.241088
1164,1.274880
1165,1.294336
1166,1.372160
1167,1.318912
1168,1.294336
1169,1.341440
1170,1.374208
1171,1.344512
1172,1.347584
1173,1.301504
1174,1.357824
1175,1.326080
1176,1.337344
1177,1.360896
1178,1.335296
1179,1.320960
1180,1.321984
1181,1.347584
1182,1.345536
1183,1.373184
1184,1.361920
1185,1.395712
1186,1.359872
1187,1.380352
1188,1.349632
1189,1.369088
1190,1.329152
1191,1.315840
1192,1.350656
1193,1.377280
1194,1.336320
1195,1.339392
1196,1.288192
1197,1.327104
1198,1.343488
1199,1.361920
1200,1.386496
1201,1.324032
1202,1.317888
1203,1.351680
1204,1.251328
1205,0.883712
1206,0.695296
1207,0.628736
1208,0.617472
1209,0.610304
1210,0.628736
1211,0.588800
1212,1.432576
1213,1.349632
1214,1.387520
1215,1.402880
1216,1.309696
1217,1.415168
1218,1.349632
1219,1.329152
1220,1.332224
1221,1.363968
1222,1.329152
1223,1.301504
1224,1.356800
1225,1.334272
1226,1.372160
1227,1.313792
1228,1.353728
1229,1.342464
1230,1.316864
1231,1.314816
1232,1.301504
1233,1.307648
1234,1.298432
1235,1.355776
1236,1.345536
1237,1.342464
1238,1.390592
1239,1.326080
1240,1.343488
1241,1.338368
1242,1.364992
1243,1.343488
1244,1.324032
1245,1.317888
1246,1.346560
1247,1.251328
1248,1.400832
1249,1.409024
1250,1.401856
1251,1.314816
1252,1.355776
1253,1.356800
1254,1.373184
1255,1.335296
1256,1.308672
1257,1.396736
1258,1.356800
1259,1.326080
1260,1.320960
1261,1.280000
1262,1.293312
1263,1.345536
1264,1.368064
1265,1.362944
1266,1.341440
1267,1.336320
1268,1.343488
1269,1.341440
1270,1.313792
1271,1.312768
1272,1.339392
1273,1.326080
1274,1.387520
1275,1.344512
1276,1.353728
1277,1.388544
1278,1.317888
1279,1.303552
1280,1.356800
1281,1.325056
1282,1.377280
1283,1.285120
1284,1.383424
1285,1.367040
1286,1.292288
1287,1.348608
1288,1.332224
1289,1.362944
1290,1.306624
1291,1.309696
1292,1.290240
1293,1.357824
1294,1.353728
1295,1.358848
1296,1.353728
1297,1.343488
1298,1.325056
1299,1.355776
1300,1.337344
1301,1.305600
1302,1.350656
1303,1.334272
1304,1.307648
1305,1.336320
1306,1.295360
1307,1.370112
1308,1.346560
1309,1.324032
1310,1.319936
1311,1.350656
1312,1.323008
1313,1.325056
1314,1.357824
1315,1.311744
1316,1.335296
1317,1.343488
1318,1.351680
1319,1.284096
1320,1.353728
1321,1.312768
1322,1.344512
1323,1.339392
1324,1.342464
1325,1.312768
1326,1.325056
1327,1.318912
1328,1.366016
1329,1.384448
1330,1.348608
1331,1.386496
1332,1.349632
1333,1.293312
1334,1.501184
1335,1.376256
1336,1.343488
1337,1.375232
1338,1.308672
1339,1.362944
1340,1.395712
1341,1.368064
1342,1.335296
1343,1.286144
1344,1.300480
1345,1.336320
1346,1.171456
1347,0.710656
1348,0.649216
1349,0.620544
1350,0.619520
1351,0.618496
1352,0.614400
1353,1.319936
1354,1.197056
1355,1.281024
1356,1.371136
1357,1.328128
1358,1.379328
1359,1.335296
1360,1.349632
1361,1.398784
1362,1.374208
1363,1.375232
1364,1.336320
1365,1.333248
1366,1.305600
1367,1.331200
1368,1.352704
1369,1.295360
1370,1.348608
1371,1.326080
1372,1.336320
1373,1.352704
1374,1.293312
1375,1.370112
1376,1.303552
1377,1.354752
1378,1.302528
1379,1.293312
1380,1.271808
1381,1.367040
1382,1.336320
1383,1.315840
1384,1.300480
1385,1.366016
1386,1.593344
1387,1.307648
1388,1.333248
1389,1.327104
1390,1.349632
1391,1.290240
1392,1.316864
1393,1.330176
1394,1.308672
1395,1.305600
1396,1.388544
1397,1.158144
1398,0.930816
1399,0.823296
1400,1.429504
1401,1.391616
1402,1.329152
1403,1.419264
1404,1.368064
1405,1.346560
1406,1.402880
1407,1.362944
1408,1.329152
1409,1.332224
1410,1.308672
1411,1.355776
1412,1.345536
1413,1.336320
1414,1.302528
1415,1.359872
1416,1.297408
1417,1.335296
1418,1.350656
1419,1.315840
1420,1.342464
1421,1.343488
1422,1.334272
1423,1.323008
1424,1.380352
1425,1.312768
1426,1.367040
1427,1.356800
1428,1.345536
1429,1.380352
1430,1.349632
1431,1.373184
1432,1.346560
1433,1.332224
1434,1.389568
1435,1.341440
1436,1.347584
1437,1.345536
1438,1.291264
1439,1.347584
1440,1.332224
1441,1.333248
1442,1.345536
1443,1.370112
1444,1.158144
1445,1.045504
1446,0.645120
1447,0.619520
1448,0.607232
1449,0.598016
1450,1.374208
1451,1.370112
1452,1.353728
1453,1.338368
1454,1.411072
1455,1.333248
1456,1.383424
1457,1.348608
1458,1.366016
1459,1.353728
1460,1.303552
1461,1.348608
1462,1.310720
1463,1.321984
1464,1.352704
1465,1.341440
1466,1.295360
1467,1.355776
1468,1.338368
1469,1.385472
1470,1.347584
1471,1.306624
1472,1.317888
1473,1.371136
1474,1.300480
1475,1.321984
1476,1.331200
1477,1.332224
1478,1.359872
1479,1.338368
1480,1.328128
1481,1.327104
1482,1.335296
1483,1.324032
1484,1.340416
1485,1.308672
1486,1.356800
1487,1.357824
1488,1.348608
1489,1.389568
1490,1.353728
1491,1.313792
1492,1.332224
1493,1.352704
1494,0.795648
1495,0.933888
1496,1.081344
1497,1.332224
1498,1.347584
1499,1.393664
1500,1.360896
1501,1.377280
1502,1.332224
1503,1.296384
1504,1.346560
1505,1.374208
1506,1.352704
1507,1.324032
1508,1.327104
1509,1.312768
1510,1.302528
1511,1.313792
1512,1.353728
1513,1.327104
1514,1.330176
1515,1.323008
1516,1.353728
1517,1.325056
1518,1.371136
1519,1.398784
1520,1.351680
1521,1.337344
1522,1.383424
1523,1.368064
1524,1.364992
1525,1.336320
1526,1.300480
1527,1.362944
1528,1.370112
1529,1.321984
1530,1.335296
1531,1.288192
1532,1.337344
1533,1.356800
1534,1.335296
1535,1.334272
1536,1.326080
1537,1.378304
1538,1.333248
1539,1.361920
1540,1.273856
1541,0.717824
1542,0.596992
1543,0.578560
1544,0.573440
1545,0.571392
1546,0.562176
1547,0.772096
1548,1.064960
1549,1.274880
1550,1.336320
1551,1.280000
1552,1.329152
1553,1.224704
1554,1.333248
1555,1.355776
1556,1.349632
1557,1.371136
1558,1.337344
1559,1.317888
1560,1.287168
1561,1.315840
1562,1.327104
1563,1.327104
1564,1.360896
1565,1.314816
1566,1.368064
1567,1.381376
1568,1.318912
1569,1.317888
1570,1.323008
1571,1.328128
1572,1.338368
1573,1.378304
1574,1.338368
1575,1.291264
1576,1.341440
1577,1.341440
1578,1.396736
1579,1.386496
1580,1.377280
1581,1.321984
1582,1.371136
1583,1.333248
1584,1.352704
1585,1.280000
1586,1.317888
1587,1.379328
1588,1.349632
1589,1.325056
1590,1.339392
1591,1.329152
1592,1.192960
1593,1.231872
1594,1.308672
1595,1.281024
1596,1.323008
1597,1.302528
1598,1.330176
1599,1.328128
1600,1.327104
1601,1.317888
1602,1.282048
1603,1.315840
1604,1.343488
1605,1.306624
1606,1.307648
1607,1.276928
1608,1.391616
1609,1.330176
1610,1.335296
1611,1.343488
1612,1.334272
1613,1.346560
1614,1.318912
1615,1.343488
1616,1.352704
1617,1.345536
1618,1.331200
1619,1.306624
1620,1.351680
1621,1.385472
1622,1.370112
1623,1.348608
1624,1.319936
1625,1.334272
1626,1.334272
1627,1.359872
1628,1.329152
1629,1.305600
1630,1.341440
1631,1.367040
1632,1.335296
1633,1.336320
1634,1.359872
1635,1.318912
1636,1.281024
1637,1.269760
1638,0.916480
1639,1.282048
1640,1.250304
1641,1.270784
1642,1.334272
1643,1.329152
1644,1.353728
1645,1.357824
1646,1.367040
1647,1.369088
1648,1.369088
1649,1.358848
1650,1.362944
1651,1.325056
1652,1.318912
1653,1.388544
1654,1.293312
1655,1.333248
1656,1.318912
1657,1.314816
1658,1.372160
1659,1.323008
1660,1.312768
1661,1.340416
1662,1.369088
1663,1.357824
1664,1.311744
1665,1.349632
1666,1.332224
1667,1.347584
1668,1.302528
1669,1.298432
1670,1.334272
1671,1.360896
1672,1.317888
1673,1.328128
1674,1.350656
1675,1.324032
1676,1.291264
1677,1.334272
1678,1.321984
1679,1.313792
1680,1.323008
1681,1.308672
1682,1.299456
1683,1.299456
1684,1.153024
1685,1.369088
1686,1.361920
1687,1.337344
1688,1.382400
1689,1.309696
1690,1.361920
1691,1.300480
1692,1.381376
1693,1.332224
1694,1.323008
1695,1.316864
1696,1.327104
1697,1.333248
1698,1.363968
1699,1.326080
1700,1.368064
1701,1.314816
1702,1.368064
1703,1.299456
1704,1.374208
1705,1.342464
1706,1.345536
1707,1.397760
1708,1.320960
1709,1.355776
1710,1.375232
1711,1.316864
1712,1.384448
1713,1.347584
1714,1.369088
1715,1.392640
1716,1.346560
1717,1.348608
1718,1.376256
1719,1.355776
1720,1.313792
1721,1.385472
1722,1.352704
1723,1.338368
1724,1.369088
1725,1.348608
1726,1.384448
1727,1.323008
1728,1.308672
1729,1.251328
1730,1.230848
1731,1.359872
1732,1.370112
1733,1.302528
1734,1.394688
1735,1.292288
1736,1.104896
1737,1.262592
1738,1.353728
1739,1.355776
1740,1.325056
1741,1.302528
1742,1.314816
1743,1.321984
1744,1.312768
1745,1.404928
1746,1.312768
1747,1.312768
1748,1.325056
1749,1.349632
1750,1.332224
1751,1.307648
1752,1.317888
1753,1.374208
1754,1.350656
1755,1.354752
1756,1.421312
1757,1.338368
1758,1.353728
1759,1.344512
1760,1.318912
1761,1.347584
1762,1.300480
1763,1.335296
1764,1.355776
1765,1.356800
1766,1.314816
1767,1.358848
1768,1.357824
1769,1.337344
1770,1.331200
1771,1.312768
1772,1.349632
1773,1.336320
1774,1.071104
1775,1.301504
1776,1.153024
1777,1.252352
1778,1.289216
1779,1.324032
1780,1.347584
1781,1.303552
1782,1.339392
1783,1.353728
1784,1.335296
1785,1.331200
1786,1.344512
1787,1.347584
1788,1.331200
1789,1.343488
1790,1.362944
1791,1.329152
1792,1.295360
1793,1.359872
1794,1.362944
1795,1.342464
1796,1.353728
1797,1.367040
1798,1.336320
1799,1.345536
1800,1.341440
1801,1.326080
1802,1.271808
1803,1.297408
1804,1.333248
1805,1.316864
1806,1.326080
1807,1.370112
1808,1.310720
1809,1.283072
1810,1.319936
1811,1.382400
1812,1.353728
1813,1.340416
1814,1.331200
1815,1.348608
1816,1.348608
1817,1.352704
1818,1.336320
1819,1.318912
1820,1.168384
1821,1.226752
1822,1.149952
1823,1.283072
1824,1.271808
1825,1.328128
1826,1.358848
1827,1.326080
1828,1.345536
1829,1.312768
1830,1.273856
1831,1.339392
1832,1.331200
1833,1.302528
1834,1.317888
1835,1.352704
1836,1.347584
1837,1.326080
1838,1.335296
1839,1.335296
1840,1.328128
1841,1.358848
1842,1.336320
1843,1.355776
1844,1.312768
1845,1.369088
1846,1.274880
1847,1.367040
1848,1.397760
1849,1.301504
1850,1.304576
1851,1.349632
1852,1.345536
1853,1.361920
1854,1.354752
1855,1.341440
1856,1.324032
1857,1.320960
1858,1.341440
1859,1.338368
1860,1.310720
1861,1.337344
1862,1.350656
1863,1.343488
1864,1.329152
1865,1.391616
1866,1.121280
1867,1.373184
1868,1.418240
1869,1.388544
1870,1.350656
1871,1.371136
1872,1.324032
1873,1.317888
1874,1.339392
1875,1.293312
1876,1.339392
1877,1.277952
1878,1.348608
1879,1.317888
1880,1.386496
1881,1.302528
1882,1.386496
1883,1.346560
1884,1.339392
1885,1.350656
1886,1.361920
1887,1.320960
1888,1.332224
1889,1.374208
1890,1.300480
1891,1.371136
1892,1.304576
1893,1.337344
1894,1.320960
1895,1.352704
1896,1.352704
1897,1.359872
1898,1.294336
1899,1.313792
1900,1.387520
1901,1.324032
1902,1.358848
1903,1.307648
1904,1.288192
1905,1.341440
1906,1.316864
1907,1.354752
1908,1.385472
1909,1.346560
1910,1.389568
1911,1.107968
1912,0.763904
1913,1.256448
1914,1.178624
1915,1.324032
1916,1.372160
1917,1.348608
1918,1.335296
1919,1.317888
1920,1.286144
1921,1.306624
1922,1.290240
1923,1.328128
1924,1.360896
1925,1.346560
1926,1.358848
1927,1.313792
1928,1.363968
1929,1.312768
1930,1.334272
1931,1.312768
1932,1.366016
1933,1.327104
1934,1.357824
1935,1.352704
1936,1.386496
1937,1.343488
1938,1.328128
1939,1.343488
1940,1.390592
1941,1.325056
1942,1.351680
1943,1.320960
1944,1.310720
1945,1.323008
1946,1.344512
1947,1.308672
1948,1.336320
1949,1.368064
1950,1.319936
1951,1.315840
1952,1.332224
1953,1.306624
1954,1.347584
1955,1.352704
1956,1.308672
1957,1.343488
1958,1.224704
1959,0.827392
1960,1.325056
1961,1.231872
1962,1.285120
1963,1.352704
1964,1.317888
1965,1.294336
1966,1.323008
1967,1.336320
1968,1.325056
1969,1.319936
1970,1.337344
1971,1.297408
1972,1.339392
1973,1.334272
1974,1.333248
1975,1.341440
1976,1.362944
1977,1.356800
1978,1.324032
1979,1.336320
1980,1.314816
1981,1.366016
1982,1.348608
1983,1.374208
1984,1.341440
1985,1.363968
1986,1.361920
1987,1.352704
1988,1.366016
1989,1.361920
1990,1.351680
1991,1.339392
1992,1.349632
1993,1.303552
1994,1.351680
1995,1.346560
1996,1.342464
1997,1.367040
1998,1.291264
1999,1.358848
2000,1.346560
2001,1.395712
2002,1.339392
2003,1.357824
2004,1.311744
2005,1.108992
2006,0.751616
2007,0.603136
2008,0.611328
2009,1.388544
2010,1.346560
2011,1.319936
2012,1.311744
2013,1.323008
2014,1.315840
2015,1.301504
2016,1.315840
2017,1.287168
2018,1.395712
2019,1.314816
2020,1.409024
2021,1.348608
2022,1.347584
2023,1.332224
2024,1.349632
2025,1.364992
2026,1.368064
2027,1.321984
2028,1.372160
2029,1.340416
2030,1.329152
2031,1.321984
2032,1.338368
2033,1.399808
2034,1.362944
2035,1.350656
2036,1.295360
2037,1.367040
2038,1.398784
2039,1.327104
2040,1.367040
2041,1.336320
2042,1.340416
2043,1.327104
2044,1.332224
2045,1.303552
2046,1.360896
2047,1.357824
2048,1.357824
2049,1.356800
2050,1.364992
2051,1.360896
2052,1.356800
2053,1.077248
2054,1.318912
2055,1.233920
2056,1.312768
2057,1.290240
2058,1.332224
2059,1.358848
2060,1.362944
2061,1.353728
2062,1.298432
2063,1.337344
2064,1.347584
2065,1.312768
2066,1.321984
2067,1.343488
2068,1.313792
2069,1.325056
2070,1.306624
2071,1.324032
2072,1.348608
2073,1.351680
2074,1.307648
2075,1.331200
2076,1.334272
2077,1.388544
2078,1.349632
2079,1.367040
2080,1.323008
2081,1.378304
2082,1.349632
2083,1.369088
2084,1.328128
2085,1.348608
2086,1.346560
2087,1.408000
2088,1.364992
2089,1.405952
2090,1.409024
2091,1.376256
2092,1.338368
2093,1.335296
2094,1.457152
2095,1.308672
2096,1.340416
2097,1.423360
2098,1.212416
2099,0.902144
2100,1.260544
2101,1.180672
2102,1.357824
2103,1.314816
2104,1.317888
2105,1.305600
2106,1.320960
2107,1.366016
2108,1.359872
2109,1.344512
2110,1.349632
2111,1.366016
2112,1.317888
2113,1.340416
2114,1.351680
2115,1.342464
2116,1.403904
2117,1.350656
2118,1.377280
2119,1.414144
2120,1.315840
2121,1.315840
2122,1.353728
2123,1.263616
2124,1.342464
2125,1.345536
2126,1.335296
2127,1.348608
2128,1.348608
2129,1.286144
2130,1.350656
2131,1.326080
2132,1.325056
2133,1.327104
2134,1.323008
2135,1.357824
2136,1.315840
2137,1.303552
2138,1.358848
2139,1.304576
2140,1.313792
2141,1.354752
2142,1.309696
2143,1.360896
2144,1.289216
2145,1.096704
2146,0.750592
2147,1.363968
2148,1.299456
2149,1.274880
2150,1.302528
2151,1.323008
2152,1.278976
2153,1.367040
2154,1.312768
2155,1.307648
2156,1.368064
2157,1.346560
2158,1.383424
2159,1.306624
2160,1.338368
2161,1.387520
2162,1.363968
2163,1.370112
2164,1.355776
2165,1.294336
2166,1.319936
2167,1.350656
2168,1.303552
2169,1.330176
2170,1.306624
2171,1.330176
2172,1.334272
2173,1.393664
2174,1.386496
2175,1.316864
2176,1.336320
2177,1.343488
2178,1.354752
2179,1.343488
2180,1.349632
2181,1.345536
2182,1.356800
2183,1.376256
2184,1.367040
2185,1.287168
2186,1.289216
2187,1.310720
2188,1.293312
2189,1.323008
2190,1.313792
2191,1.346560
2192,1.278976
2193,1.201152
2194,1.336320
2195,1.321984
2196,1.331200
2197,1.319936
2198,1.315840
2199,1.296384
2200,1.315840
2201,1.358848
2202,1.321984
2203,1.338368
2204,1.343488
2205,1.333248
2206,1.323008
2207,1.374208
2208,1.315840
2209,1.348608
2210,1.333248
2211,1.313792
2212,1.320960
2213,1.352704
2214,1.353728
2215,1.372160
2216,1.320960
2217,1.369088
2218,1.291264
2219,1.343488
2220,1.336320
2221,1.357824
2222,1.268736
2223,1.292288
2224,1.321984
2225,1.364992
2226,1.323008
2227,1.393664
2228,1.329152
2229,1.312768
2230,1.294336
2231,1.352704
2232,1.334272
2233,1.356800
2234,1.360896
2235,1.357824
2236,1.286144
2237,0.959488
2238,0.708608
2239,0.644096
2240,0.621568
2241,0.624640
2242,1.409024
2243,1.383424
2244,1.318912
2245,1.355776
2246,1.397760
2247,1.372160
2248,1.350656
2249,1.323008
2250,1.352704
2251,1.370112
2252,1.315840
2253,1.343488
2254,1.351680
2255,1.390592
2256,1.307648
2257,1.297408
2258,1.336320
2259,1.406976
2260,1.351680
2261,1.373184
2262,1.377280
2263,1.338368
2264,1.303552
2265,1.346560
2266,1.345536
2267,1.352704
2268,1.372160
2269,1.345536
2270,1.323008
2271,1.340416
2272,1.347584
2273,1.301504
2274,1.294336
2275,1.373184
2276,1.347584
2277,1.362944
2278,1.378304
2279,1.367040
2280,1.329152
2281,1.357824
2282,1.347584
2283,1.367040
2284,1.361920
2285,1.323008
2286,0.961536
2287,0.766976
2288,0.702464
2289,0.660480
2290,0.632832
2291,0.600064
2292,0.590848
2293,1.367040
2294,1.253376
2295,1.296384
2296,1.333248
2297,1.362944
2298,1.372160
2299,1.298432
2300,1.309696
2301,1.304576
2302,1.380352
2303,1.361920
2304,1.321984
2305,1.309696
2306,1.316864
2307,1.366016
2308,1.346560
2309,1.364992
2310,1.325056
2311,1.315840
2312,1.287168
2313,1.300480
2314,1.290240
2315,1.330176
2316,1.312768
2317,1.350656
2318,1.268736
2319,1.086464
2320,1.190912
2321,1.307648
2322,1.346560
2323,1.367040
2324,1.348608
2325,1.298432
2326,1.342464
2327,1.305600
2328,1.277952
2329,1.324032
2330,1.326080
2331,1.370112
2332,1.313792
2333,1.351680
2334,1.361920
2335,1.374208
2336,1.311744
2337,1.266688
2338,1.341440
2339,0.965632
2340,1.385472
2341,1.287168
2342,1.326080
2343,1.314816
2344,1.308672
2345,1.374208
2346,1.348608
2347,1.284096
2348,1.324032
2349,1.296384
2350,1.332224
2351,1.349632
2352,1.351680
2353,1.380352
2354,1.350656
2355,1.367040
2356,1.326080
2357,1.295360
2358,1.297408
2359,1.344512
2360,1.355776
2361,1.350656
2362,1.294336
2363,1.323008
2364,1.352704
2365,1.363968
2366,1.311744
2367,1.350656
2368,1.342464
2369,1.302528
2370,1.399808
2371,1.332224
2372,1.335296
2373,1.325056
2374,1.337344
2375,1.303552
2376,1.326080
2377,1.333248
2378,1.334272
2379,1.356800
2380,1.372160
2381,1.378304
2382,1.374208
2383,1.356800
2384,1.280000
2385,0.962560
2386,1.410048
2387,1.316864
2388,1.301504
2389,1.317888
2390,1.281024
2391,1.329152
2392,1.312768
2393,1.332224
2394,1.370112
2395,1.377280
2396,1.323008
2397,1.377280
2398,1.352704
2399,1.368064
2400,1.325056
2401,1.320960
2402,1.346560
2403,1.366016
2404,1.371136
2405,1.355776
2406,1.303552
2407,1.311744
2408,1.371136
2409,1.380352
2410,1.343488
2411,1.361920
2412,1.341440
2413,1.362944
2414,1.335296
2415,1.377280
2416,1.373184
2417,1.324032
2418,1.355776
2419,1.379328
2420,1.311744
2421,1.361920
2422,1.332224
2423,1.314816
2424,1.367040
2425,1.344512
2426,1.310720
2427,1.282048
2428,1.345536
2429,1.369088
2430,1.358848
2431,0.849920
2432,1.402880
2433,1.376256
2434,1.377280
2435,1.336320
2436,1.316864
2437,1.354752
2438,1.313792
2439,1.305600
2440,1.272832
2441,1.361920
2442,1.367040
2443,1.283072
2444,1.357824
2445,1.330176
2446,1.359872
2447,1.339392
2448,1.362944
2449,1.335296
2450,1.334272
2451,1.335296
2452,1.341440
2453,1.327104
2454,1.337344
2455,1.316864
2456,1.318912
2457,1.360896
2458,1.351680
2459,1.329152
2460,1.313792
2461,1.330176
2462,1.352704
2463,1.338368
2464,1.255424
2465,1.270784
2466,1.314816
2467,1.331200
2468,1.325056
2469,1.362944
2470,1.344512
2471,1.377280
2472,1.341440
2473,1.379328
2474,1.358848
2475,1.354752
2476,1.278976
2477,1.324032
2478,1.203200
2479,1.261568
2480,1.351680
2481,1.351680
2482,1.354752
2483,1.328128
2484,1.308672
2485,1.342464
2486,1.373184
2487,1.309696
2488,1.323008
2489,1.349632
2490,1.342464
2491,1.317888
2492,1.291264
2493,1.349632
2494,1.300480
2495,1.362944
2496,1.375232
2497,1.346560
2498,1.384448
2499,1.326080
2500,1.353728
2501,1.344512
2502,1.340416
2503,1.310720
2504,1.315840
2505,1.311744
2506,1.288192
2507,1.313792
2508,1.291264
2509,1.369088
2510,1.306624
2511,1.378304
2512,1.342464
2513,1.307648
2514,1.372160
2515,1.306624
2516,1.341440
2517,1.352704
2518,1.336320
2519,1.334272
2520,1.316864
2521,1.333248
2522,1.313792
2523,1.177600
2524,1.276928
2525,1.360896
2526,1.354752
2527,1.311744
2528,1.342464
2529,1.282048
2530,1.344512
2531,1.308672
2532,1.318912
2533,1.328128
2534,1.342464
2535,1.348608
2536,1.298432
2537,1.274880
2538,1.306624
2539,1.331200
2540,1.392640
2541,1.296384
2542,1.389568
2543,1.398784
2544,1.372160
2545,1.329152
2546,1.384448
2547,1.403904
2548,1.331200
2549,1.347584
2550,1.373184
2551,1.359872
2552,1.327104
2553,1.326080
2554,1.310720
2555,1.316864
2556,1.311744
2557,1.344512
2558,1.347584
2559,1.357824
2560,1.371136
2561,1.319936
2562,1.327104
2563,1.288192
2564,1.371136
2565,1.332224
2566,1.344512
2567,1.100800
2568,0.857088
2569,0.744448
2570,0.643072
2571,1.353728
2572,1.228800
2573,1.272832
2574,1.286144
2575,1.350656
2576,1.364992
2577,1.317888
2578,1.375232
2579,1.356800
2580,1.329152
2581,1.327104
2582,1.324032
2583,1.371136
2584,1.307648
2585,1.321984
2586,1.331200
2587,1.380352
2588,1.334272
2589,1.344512
2590,1.331200
2591,1.357824
2592,1.282048
2593,1.262592
2594,1.354752
2595,1.379328
2596,1.349632
2597,1.334272
2598,1.370112
2599,1.375232
2600,1.337344
2601,1.314816
2602,1.328128
2603,1.334272
2604,1.328128
2605,1.348608
2606,1.382400
2607,1.339392
2608,1.303552
2609,1.300480
2610,1.371136
2611,1.361920
2612,1.382400
2613,1.371136
2614,1.347584
2615,1.267712
2616,1.219584
2617,1.184768
2618,1.326080
2619,1.309696
2620,1.376256
2621,1.358848
2622,1.337344
2623,1.339392
2624,1.272832
2625,1.351680
2626,1.316864
2627,1.328128
2628,1.355776
2629,1.349632
2630,1.345536
2631,1.345536
2632,1.359872
2633,1.316864
2634,1.356800
2635,1.310720
2636,1.349632
2637,1.336320
2638,1.306624
2639,1.334272
2640,1.310720
2641,1.355776
2642,1.356800
2643,1.353728
2644,1.332224
2645,1.353728
2646,1.346560
2647,1.308672
2648,1.350656
2649,1.355776
2650,1.367040
2651,1.392640
2652,1.349632
2653,1.330176
2654,1.398784
2655,1.325056
2656,1.326080
2657,1.358848
2658,1.357824
2659,1.315840
2660,1.357824
2661,1.128448
2662,0.739328
2663,1.368064
2664,1.295360
2665,1.275904
2666,1.337344
2667,1.356800
2668,1.357824
2669,1.326080
2670,1.363968
2671,1.329152
2672,1.317888
2673,1.300480
2674,1.357824
2675,1.330176
2676,1.327104
2677,1.333248
2678,1.344512
2679,1.342464
2680,1.319936
2681,1.337344
2682,1.308672
2683,1.380352
2684,1.312768
2685,1.316864
2686,1.333248
2687,1.369088
2688,1.302528
2689,1.362944
2690,1.339392
2691,1.342464
2692,1.312768
2693,1.319936
2694,1.377280
2695,1.333248
2696,1.331200
2697,1.344512
2698,1.325056
2699,1.315840
2700,1.291264
2701,1.318912
2702,1.330176
2703,1.349632
2704,1.333248
2705,1.416192
2706,1.347584
2707,1.305600
2708,1.217536
2709,1.305600
2710,1.353728
2711,1.350656
2712,1.355776
2713,1.320960
2714,1.281024
2715,1.334272
2716,1.314816
2717,1.314816
2718,1.306624
2719,1.330176
2720,1.316864
2721,1.328128
2722,1.294336
2723,1.355776
2724,1.379328
2725,1.388544
2726,1.347584
2727,1.359872
2728,1.380352
2729,1.376256
2730,1.377280
2731,1.377280
2732,1.336320
2733,1.281024
2734,1.328128
2735,1.352704
2736,1.391616
2737,1.350656
2738,1.346560
2739,1.340416
2740,1.346560
2741,1.302528
2742,1.286144
2743,1.317888
2744,1.291264
2745,1.325056
2746,1.361920
2747,1.358848
2748,1.320960
2749,1.346560
2750,1.299456
2751,1.388544
2752,1.045504
2753,1.282048
2754,1.213440
2755,1.292288
2756,1.376256
2757,1.357824
2758,1.327104
2759,1.379328
2760,1.349632
2761,1.299456
2762,1.351680
2763,1.344512
2764,1.284096
2765,1.310720
2766,1.346560
2767,1.351680
2768,1.323008
2769,1.361920
2770,1.290240
2771,1.341440
2772,1.392640
2773,1.336320
2774,1.327104
2775,1.344512
2776,1.332224
2777,1.351680
2778,1.396736
2779,1.341440
2780,1.363968
2781,1.376256
2782,1.347584
2783,1.300480
2784,1.393664
2785,1.303552
2786,1.333248
2787,1.363968
2788,1.340416
2789,1.362944
2790,1.316864
2791,1.344512
2792,1.328128
2793,1.342464
2794,1.337344
2795,1.337344
2796,1.354752
2797,1.387520
2798,0.937984
2799,0.665600
2800,1.433600
2801,1.371136
2802,1.360896
2803,1.367040
2804,1.386496
2805,1.394688
2806,1.307648
2807,1.384448
2808,1.321984
2809,1.345536
2810,1.373184
2811,1.387520
2812,1.381376
2813,1.392640
2814,1.391616
2815,1.326080
2816,1.349632
2817,1.324032
2818,1.343488
2819,1.319936
2820,1.371136
2821,1.332224
2822,1.305600
2823,1.325056
2824,1.349632
2825,1.357824
2826,1.417216
2827,1.304576
2828,1.330176
2829,1.335296
2830,1.351680
2831,1.334272
2832,1.335296
2833,1.376256
2834,1.345536
2835,1.347584
2836,1.361920
2837,1.370112
2838,1.329152
2839,1.308672
2840,1.356800
2841,1.363968
2842,1.303552
2843,1.334272
2844,1.253376
2845,0.974848
2846,0.644096
2847,0.599040
2848,0.589824
2849,0.567296
2850,1.380352
2851,1.343488
2852,1.353728
2853,1.379328
2854,1.337344
2855,1.353728
2856,1.351680
2857,1.367040
2858,1.359872
2859,1.417216
2860,1.363968
2861,1.316864
2862,1.356800
2863,1.344512
2864,1.331200
2865,1.337344
2866,1.344512
2867,1.304576
2868,1.357824
2869,1.353728
2870,1.352704
2871,1.368064
2872,1.375232
2873,1.318912
2874,1.314816
2875,1.323008
2876,1.373184
2877,1.332224
2878,1.336320
2879,1.330176
2880,1.372160
2881,1.362944
2882,1.362944
2883,1.340416
2884,1.307648
2885,1.320960
2886,1.342464
2887,1.366016
2888,1.340416
2889,1.336320
2890,1.345536
2891,1.334272
2892,1.337344
2893,1.320960
2894,0.999424
2895,0.753664
2896,0.660480
2897,0.623616
2898,0.605184
2899,1.346560
2900,1.431552
2901,1.382400
2902,1.366016
2903,1.339392
2904,1.348608
2905,1.385472
2906,1.331200
2907,1.320960
2908,1.331200
2909,1.350656
2910,1.329152
2911,1.351680
2912,1.340416
2913,1.340416
2914,1.348608
2915,1.357824
2916,1.318912
2917,1.349632
2918,1.392640
2919,1.272832
2920,1.368064
2921,1.296384
2922,1.302528
2923,1.329152
2924,1.353728
2925,1.353728
2926,1.306624
2927,1.362944
2928,1.370112
2929,1.421312
2930,1.376256
2931,1.307648
2932,1.371136
2933,1.341440
2934,1.345536
2935,1.359872
2936,1.366016
2937,1.359872
2938,1.358848
2939,1.359872
2940,1.329152
2941,1.321984
2942,1.278976
2943,1.250304
2944,0.800768
2945,0.627712
2946,0.592896
2947,0.581632
2948,0.573440
2949,0.564224
2950,1.323008
2951,1.327104
2952,1.292288
2953,1.271808
2954,1.320960
2955,1.317888
2956,1.347584
2957,1.355776
2958,1.358848
2959,1.369088
2960,1.344512
2961,1.318912
2962,1.347584
2963,1.351680
2964,1.349632
2965,1.317888
2966,1.361920
2967,1.318912
2968,1.337344
2969,1.378304
2970,1.281024
2971,1.349632
2972,1.350656
2973,1.352704
2974,1.324032
2975,1.385472
2976,1.361920
2977,1.377280
2978,1.362944
2979,1.336320
2980,1.327104
2981,1.320960
2982,1.296384
2983,1.373184
2984,1.340416
2985,1.326080
2986,1.324032
2987,1.325056
2988,1.313792
2989,1.354752
2990,1.367040
2991,1.390592
2992,1.330176
2993,1.359872
2994,1.299456
2995,1.034240
2996,1.315840
2997,1.276928
2998,1.266688
2999,1.300480
3000,1.301504
3001,1.323008
3002,1.331200
3003,1.353728
3004,1.380352
3005,1.309696
3006,1.312768
3007,1.323008
3008,1.335296
3009,1.356800
3010,1.339392
3011,1.353728
3012,1.308672
3013,1.391616
3014,1.311744
3015,1.382400
3016,1.364992
3017,1.375232
3018,1.363968
3019,1.346560
3020,1.383424
3021,1.354752
3022,1.338368
3023,1.362944
3024,1.355776
3025,1.351680
3026,1.346560
3027,1.379328
3028,1.324032
3029,1.338368
3030,1.295360
3031,1.310720
3032,1.536000
3033,1.389568
3034,1.354752
3035,1.327104
3036,1.342464
3037,1.296384
3038,1.295360
3039,1.367040
3040,1.277952
3041,1.368064
3042,1.337344
3043,1.338368
3044,1.323008
3045,1.327104
3046,1.342464
3047,1.325056
3048,1.314816
3049,1.319936
3050,1.363968
3051,1.306624
3052,1.352704
3053,1.333248
3054,1.333248
3055,1.299456
3056,1.300480
3057,1.319936
3058,1.287168
3059,1.337344
3060,1.381376
3061,1.333248
3062,1.346560
3063,1.304576
3064,1.324032
3065,1.337344
3066,1.339392
3067,1.334272
3068,1.361920
3069,1.345536
3070,1.345536
3071,1.381376
3072,1.346560
3073,1.306624
3074,1.293312
3075,1.274880
3076,1.308672
3077,1.378304
3078,1.181696
3079,1.320960
3080,1.327104
3081,1.360896
3082,1.339392
3083,1.264640
3084,1.348608
3085,1.246208
3086,0.993280
3087,0.799744
3088,1.325056
3089,1.211392
3090,1.216512
3091,1.362944
3092,1.324032
3093,1.383424
3094,1.345536
3095,1.350656
3096,1.313792
3097,1.347584
3098,1.338368
3099,1.311744
3100,1.356800
3101,1.360896
3102,1.358848
3103,1.314816
3104,1.339392
3105,1.343488
3106,1.328128
3107,1.351680
3108,1.340416
3109,1.357824
3110,1.334272
3111,1.300480
3112,1.364992
3113,1.370112
3114,1.314816
3115,1.343488
3116,1.351680
3117,1.425408
3118,1.351680
3119,1.375232
3120,1.351680
3121,1.336320
3122,1.294336
3123,1.275904
3124,1.314816
3125,1.335296
3126,1.293312
3127,1.376256
3128,1.343488
3129,1.374208
3130,1.329152
3131,1.374208
3132,1.381376
3133,1.250304
3134,1.224704
3135,1.319936
3136,1.260544
3137,1.301504
3138,1.384448
3139,1.320960
3140,1.346560
3141,1.345536
3142,1.323008
3143,1.398784
3144,1.338368
3145,1.388544
3146,1.339392
3147,1.355776
3148,1.366016
3149,1.335296
3150,1.351680
3151,1.350656
3152,1.331200
3153,1.316864
3154,1.351680
3155,1.359872
3156,1.334272
3157,1.332224
3158,1.357824
3159,1.362944
3160,1.349632
3161,1.313792
3162,1.354752
3163,1.380352
3164,1.341440
3165,1.264640
3166,1.358848
3167,1.314816
3168,1.359872
3169,1.333248
3170,1.328128
3171,1.379328
3172,1.349632
3173,1.383424
3174,1.388544
3175,1.355776
3176,1.341440
3177,1.245184
3178,1.341440
3179,1.229824
3180,1.265664
3181,1.274880
3182,1.379328
3183,1.372160
3184,1.425408
3185,1.366016
3186,1.371136
3187,1.360896
3188,1.330176
3189,1.349632
3190,1.344512
3191,1.311744
3192,1.382400
3193,1.310720
3194,1.359872
3195,1.329152
3196,1.337344
3197,1.321984
3198,1.311744
3199,1.306624
3200,1.301504
3201,1.310720
3202,1.330176
3203,1.276928
3204,1.346560
3205,1.323008
3206,1.345536
3207,1.292288
3208,1.345536
3209,1.348608
3210,1.342464
3211,1.355776
3212,1.346560
3213,1.318912
3214,1.374208
3215,1.334272
3216,1.331200
3217,1.313792
3218,1.326080
3219,1.329152
3220,1.345536
3221,1.318912
3222,1.223680
3223,0.945152
3224,0.828416
3225,0.721920
3226,0.643072
3227,0.610304
3228,0.589824
3229,1.313792
3230,1.191936
3231,1.291264
3232,1.317888
3233,1.338368
3234,1.313792
3235,1.362944
3236,1.348608
3237,1.402880
3238,1.374208
3239,1.304576
3240,1.353728
3241,1.378304
3242,1.335296
3243,1.346560
3244,1.337344
3245,1.351680
3246,1.331200
3247,1.338368
3248,1.286144
3249,1.303552
3250,1.344512
3251,1.308672
3252,1.306624
3253,1.347584
3254,1.368064
3255,1.394688
3256,1.329152
3257,1.342464
3258,1.372160
3259,1.303552
3260,1.357824
3261,1.304576
3262,1.306624
3263,1.341440
3264,1.339392
3265,1.276928
3266,1.313792
3267,1.300480
3268,1.359872
3269,1.340416
3270,1.368064
3271,1.326080
3272,1.359872
3273,1.321984
3274,1.008640
3275,1.381376
3276,1.269760
3277,1.289216
3278,1.298432
3279,1.311744
3280,1.353728
3281,1.368064
3282,1.316864
3283,1.316864
3284,1.298432
3285,1.353728
3286,1.303552
3287,1.372160
3288,1.269760
3289,1.318912
3290,1.348608
3291,1.319936
3292,1.357824
3293,1.323008
3294,1.347584
3295,1.361920
3296,1.316864
3297,1.349632
3298,1.274880
3299,1.352704
3300,1.340416
3301,1.339392
3302,1.304576
3303,1.303552
3304,1.350656
3305,1.305600
3306,1.352704
3307,1.383424
3308,1.366016
3309,1.352704
3310,1.347584
3311,1.297408
3312,1.337344
3313,1.351680
3314,1.366016
3315,1.314816
3316,1.336320
3317,1.335296
3318,1.331200
3319,1.302528
3320,1.192960
3321,0.798720
3322,0.606208
3323,0.589824
3324,0.582656
3325,0.569344
3326,0.566272
3327,0.564224
3328,1.329152
3329,1.264640
3330,1.312768
3331,1.305600
3332,1.340416
3333,1.326080
3334,1.360896
3335,1.293312
3336,1.341440
3337,1.351680
3338,1.292288
3339,1.316864
3340,1.346560
3341,1.352704
3342,1.373184
3343,1.336320
3344,1.338368
3345,1.360896
3346,1.326080
3347,1.348608
3348,1.338368
3349,1.334272
3350,1.367040
3351,1.301504
3352,1.367040
3353,1.392640
3354,1.355776
3355,1.317888
3356,1.333248
3357,1.350656
3358,1.311744
3359,1.391616
3360,1.333248
3361,1.292288
3362,1.368064
3363,1.354752
3364,1.373184
3365,1.344512
3366,1.347584
3367,1.328128
3368,1.343488
3369,1.330176
3370,1.344512
3371,1.384448
3372,1.275904
3373,1.185792
3374,1.219584
3375,1.329152
3376,1.313792
3377,1.284096
3378,1.468416
3379,1.316864
3380,1.287168
3381,1.319936
3382,1.334272
3383,1.341440
3384,1.373184
3385,1.346560
3386,1.329152
3387,1.335296
3388,1.318912
3389,1.328128
3390,1.323008
3391,1.358848
3392,1.332224
3393,1.318912
3394,1.280000
3395,1.321984
3396,1.290240
3397,1.362944
3398,1.345536
3399,1.369088
3400,1.321984
3401,1.340416
3402,1.352704
3403,1.369088
3404,1.313792
3405,1.362944
3406,1.361920
3407,1.346560
3408,1.367040
3409,1.388544
3410,1.339392
3411,1.332224
3412,1.357824
3413,1.344512
3414,1.347584
3415,1.384448
3416,1.328128
3417,1.252352
3418,0.894976
3419,0.713728
3420,1.307648
3421,1.153024
3422,1.314816
3423,1.318912
3424,1.305600
3425,1.326080
3426,1.332224
3427,1.325056
3428,1.281024
3429,1.283072
3430,1.337344
3431,1.270784
3432,1.338368
3433,1.343488
3434,1.329152
3435,1.393664
3436,1.354752
3437,1.313792
3438,1.349632
3439,1.288192
3440,1.317888
3441,1.315840
3442,1.395712
3443,1.300480
3444,1.342464
3445,1.332224
3446,1.325056
3447,1.341440
3448,1.309696
3449,1.390592
3450,1.349632
3451,1.361920
3452,1.282048
3453,1.328128
3454,1.320960
3455,1.305600
3456,1.352704
3457,1.329152
3458,1.366016
3459,1.308672
3460,1.411072
3461,1.368064
3462,1.315840
3463,1.347584
3464,1.377280
3465,1.220608
3466,0.925696
3467,1.289216
3468,1.235968
3469,1.295360
3470,1.358848
3471,1.345536
3472,1.306624
3473,1.366016
3474,1.313792
3475,1.304576
3476,1.334272
3477,1.335296
3478,1.343488
3479,1.352704
3480,1.369088
3481,1.351680
3482,1.333248
3483,1.354752
3484,1.340416
3485,1.389568
3486,1.373184
3487,1.291264
3488,1.327104
3489,1.316864
3490,1.358848
3491,1.320960
3492,1.332224
3493,1.354752
3494,1.325056
3495,1.379328
3496,1.278976
3497,1.363968
3498,1.350656
3499,1.326080
3500,1.374208
3501,1.305600
3502,1.317888
3503,1.333248
3504,1.324032
3505,1.313792
3506,1.368064
3507,1.349632
3508,1.326080
3509,1.340416
3510,1.314816
3511,1.269760
3512,1.111040
3513,0.742400
3514,0.599040
3515,0.603136
3516,0.599040
3517,0.579584
3518,0.567296
3519,0.560128
3520,1.404928
3521,1.386496
3522,1.370112
3523,1.337344
3524,1.390592
3525,1.326080
3526,1.391616
3527,1.349632
3528,1.453056
3529,1.338368
3530,1.415168
3531,1.357824
3532,1.377280
3533,1.352704
3534,1.353728
3535,1.323008
3536,1.376256
3537,1.396736
3538,1.356800
3539,1.356800
3540,1.345536
3541,1.332224
3542,1.335296
3543,1.401856
3544,1.343488
3545,1.355776
3546,1.341440
3547,1.291264
3548,1.306624
3549,1.359872
3550,1.318912
3551,1.330176
3552,1.351680
3553,1.394688
3554,1.360896
3555,1.328128
3556,1.350656
3557,1.352704
3558,1.384448
3559,1.338368
3560,1.373184
3561,1.358848
3562,1.346560
3563,1.264640
3564,1.303552
3565,1.218560
3566,1.285120
3567,1.303552
3568,1.351680
3569,1.305600
3570,1.341440
3571,1.360896
3572,1.301504
3573,1.343488
3574,1.328128
3575,1.305600
3576,1.327104
3577,1.338368
3578,1.375232
3579,1.353728
3580,1.327104
3581,1.345536
3582,1.348608
3583,1.309696
3584,1.355776
3585,1.305600
3586,1.339392
3587,1.354752
3588,1.360896
3589,1.315840
3590,1.324032
3591,1.296384
3592,1.339392
3593,1.338368
3594,1.341440
3595,1.336320
3596,1.378304
3597,1.341440
3598,1.338368
3599,1.342464
3600,1.345536
3601,1.354752
3602,1.344512
3603,1.304576
3604,1.355776
3605,1.364992
3606,1.361920
3607,1.302528
3608,1.343488
3609,1.204224
3610,1.219584
3611,1.188864
3612,1.276928
3613,1.292288
3614,1.284096
3615,1.353728
3616,1.311744
3617,1.302528
3618,1.314816
3619,1.359872
3620,1.338368
3621,1.507328
3622,1.334272
3623,1.282048
3624,1.296384
3625,1.287168
3626,1.348608
3627,1.330176
3628,1.328128
3629,1.379328
3630,1.320960
3631,1.345536
3632,1.317888
3633,1.285120
3634,1.336320
3635,1.318912
3636,1.333248
3637,1.355776
3638,1.336320
3639,1.357824
3640,1.384448
3641,1.361920
3642,1.286144
3643,1.366016
3644,1.316864
3645,1.330176
3646,1.370112
3647,1.333248
3648,1.291264
3649,1.317888
3650,1.328128
3651,1.326080
3652,1.307648
3653,1.328128
3654,1.311744
3655,1.091584
3656,0.724992
3657,0.602112
3658,0.587776
3659,0.580608
3660,0.573440
3661,0.572416
3662,1.381376
3663,1.444864
3664,1.299456
3665,1.385472
3666,1.315840
3667,1.382400
3668,1.325056
3669,1.375232
3670,1.332224
3671,1.378304
3672,1.339392
3673,1.324032
3674,1.343488
3675,1.353728
3676,1.347584
3677,1.309696
3678,1.351680
3679,1.312768
3680,1.352704
3681,1.336320
3682,1.326080
3683,1.319936
3684,1.272832
3685,1.293312
3686,1.357824
3687,1.359872
3688,1.301504
3689,1.337344
3690,1.400832
3691,1.303552
3692,1.332224
3693,1.382400
3694,1.342464
3695,1.355776
3696,1.386496
3697,1.331200
3698,1.329152
3699,1.289216
3700,1.345536
3701,1.334272
3702,1.328128
3703,1.327104
3704,1.343488
3705,1.370112
3706,1.285120
3707,1.211392
3708,1.064960
3709,1.242112
3710,1.304576
3711,1.296384
3712,1.335296
3713,1.336320
3714,1.316864
3715,1.333248
3716,1.350656
3717,1.307648
3718,1.319936
3719,1.334272
3720,1.314816
3721,1.350656
3722,1.352704
3723,1.320960
3724,1.289216
3725,1.304576
3726,1.319936
3727,1.378304
3728,1.326080
3729,1.354752
3730,1.388544
3731,1.379328
3732,1.347584
3733,1.360896
3734,1.363968
3735,1.297408
3736,1.342464
3737,1.320960
3738,1.300480
3739,1.340416
3740,1.297408
3741,1.377280
3742,1.319936
3743,1.392640
3744,1.339392
3745,1.336320
3746,1.356800
3747,1.348608
3748,1.359872
3749,1.325056
3750,1.344512
3751,1.337344
3752,1.246208
3753,1.158144
3754,1.265664
3755,1.332224
3756,1.353728
3757,1.331200
3758,1.311744
3759,1.325056
3760,1.292288
3761,1.344512
3762,1.309696
3763,1.316864
3764,1.303552
3765,1.328128
3766,1.389568
3767,1.321984
3768,1.300480
3769,1.280000
3770,1.319936
3771,1.300480
3772,1.323008
3773,1.374208
3774,1.335296
3775,1.306624
3776,1.358848
3777,1.341440
3778,1.338368
3779,1.286144
3780,1.454080
3781,1.330176
3782,1.339392
3783,1.369088
3784,1.318912
3785,1.339392
3786,1.403904
3787,1.321984
3788,1.372160
3789,1.347584
3790,1.329152
3791,1.313792
3792,1.356800
3793,1.351680
3794,1.386496
3795,1.330176
3796,1.323008
3797,1.015808
3798,0.804864
3799,1.375232
3800,1.412096
3801,1.348608
3802,1.384448
3803,1.352704
3804,1.362944
3805,1.324032
3806,1.409024
3807,1.301504
3808,1.327104
3809,1.374208
3810,1.352704
3811,1.367040
3812,1.329152
3813,1.384448
3814,1.301504
3815,1.378304
3816,1.368064
3817,1.351680
3818,1.382400
3819,1.386496
3820,1.352704
3821,1.336320
3822,1.305600
3823,1.347584
3824,1.347584
3825,1.335296
3826,1.385472
3827,1.354752
3828,1.558528
3829,1.475584
3830,1.304576
3831,1.368064
3832,1.309696
3833,1.337344
3834,1.329152
3835,1.366016
3836,1.315840
3837,1.296384
3838,1.326080
3839,1.314816
3840,1.305600
3841,1.374208
3842,1.337344
3843,1.208320
3844,1.213440
3845,1.214464
3846,1.344512
3847,1.319936
3848,1.306624
3849,1.311744
3850,1.319936
3851,1.362944
3852,1.325056
3853,1.339392
3854,1.318912
3855,1.357824
3856,1.414144
3857,1.318912
3858,1.327104
3859,1.370112
3860,1.341440
3861,1.326080
3862,1.333248
3863,1.313792
3864,1.253376
3865,1.350656
3866,1.325056
3867,1.345536
3868,1.372160
3869,1.313792
3870,1.325056
3871,1.308672
3872,1.277952
3873,1.327104
3874,1.329152
3875,1.328128
3876,1.379328
3877,1.333248
3878,1.399808
3879,1.377280
3880,1.326080
3881,1.340416
3882,1.317888
3883,1.333248
3884,1.350656
3885,1.350656
3886,1.313792
3887,1.359872
3888,1.317888
3889,0.985088
3890,1.330176
3891,1.291264
3892,1.326080
3893,1.293312
3894,1.372160
3895,1.348608
3896,1.254400
3897,1.335296
3898,1.364992
3899,1.389568
3900,1.376256
3901,1.377280
3902,1.376256
3903,1.342464
3904,1.303552
3905,1.330176
3906,1.347584
3907,1.388544
3908,1.312768
3909,1.343488
3910,1.471488
3911,1.324032
3912,1.362944
3913,1.364992
3914,1.269760
3915,1.347584
3916,1.343488
3917,1.338368
3918,1.358848
3919,1.319936
3920,1.382400
3921,1.318912
3922,1.278976
3923,1.371136
3924,1.332224
3925,1.347584
3926,1.315840
3927,1.332224
3928,1.346560
3929,1.358848
3930,1.336320
3931,1.422336
3932,1.337344
3933,1.299456
3934,1.314816
3935,0.899072
3936,0.647168
3937,0.595968
3938,1.410048
3939,1.380352
3940,1.274880
3941,1.324032
3942,1.304576
3943,1.300480
3944,1.344512
3945,1.355776
3946,1.328128
3947,1.342464
3948,1.342464
3949,1.362944
3950,1.388544
3951,1.343488
3952,1.358848
3953,1.361920
3954,1.350656
3955,1.288192
3956,1.363968
3957,1.350656
3958,1.467392
3959,1.356800
3960,1.366016
3961,1.434624
3962,1.332224
3963,1.313792
3964,1.358848
3965,1.433600
3966,1.373184
3967,1.370112
3968,1.315840
3969,1.342464
3970,1.328128
3971,1.356800
3972,1.349632
3973,1.305600
3974,1.316864
3975,1.318912
3976,1.293312
3977,1.325056
3978,1.308672
3979,1.315840
3980,1.327104
3981,1.292288
3982,1.328128
3983,1.045504
3984,1.318912
3985,1.259520
3986,1.314816
3987,1.302528
3988,1.299456
3989,1.351680
3990,1.374208
3991,1.355776
3992,1.364992
3993,1.364992
3994,1.358848
3995,1.367040
3996,1.313792
3997,1.312768
3998,1.345536
3999,1.321984
4000,1.342464
4001,1.340416
4002,1.296384
4003,1.287168
4004,1.375232
4005,1.347584
4006,1.310720
4007,1.325056
4008,1.311744
4009,1.336320
4010,1.353728
4011,1.296384
4012,1.325056
4013,1.327104
4014,1.317888
4015,1.301504
4016,1.347584
4017,1.326080
4018,1.323008
4019,1.338368
4020,1.315840
4021,1.545216
4022,1.367040
4023,1.345536
4024,1.337344
4025,1.368064
4026,1.386496
4027,1.353728
4028,1.227776
4029,0.856064
4030,0.644096
4031,0.595968
4032,0.595968
4033,0.590848
4034,0.601088
4035,0.569344
4036,1.424384
4037,1.385472
4038,1.297408
4039,1.312768
4040,1.323008
4041,1.324032
4042,1.314816
4043,1.330176
4044,1.356800
4045,1.294336
4046,1.361920
4047,1.327104
4048,1.366016
4049,1.333248
4050,1.317888
4051,1.308672
4052,1.304576
4053,1.355776
4054,1.349632
4055,1.359872
4056,1.370112
4057,1.335296
4058,1.308672
4059,1.378304
4060,1.331200
4061,1.334272
4062,1.325056
4063,1.311744
4064,1.335296
4065,1.314816
4066,1.379328
4067,1.352704
4068,1.391616
4069,1.342464
4070,1.328128
4071,1.357824
4072,1.314816
4073,1.307648
4074,1.301504
4075,1.256448
4076,1.438720
4077,1.342464
4078,1.387520
4079,1.360896
4080,1.297408
4081,0.971776
4082,1.288192
4083,1.232896
4084,1.238016
4085,1.364992
4086,1.381376
4087,1.307648
4088,1.284096
4089,1.333248
4090,1.330176
4091,1.283072
4092,1.321984
4093,1.359872
4094,1.323008
4095,1.357824
4096,1.374208
4097,1.396736
4098,1.397760
4099,1.381376
4100,1.366016
4101,1.316864
4102,1.319936
4103,1.306624
4104,1.369088
4105,1.337344
4106,1.327104
4107,1.297408
4108,1.371136
4109,1.371136
4110,1.345536
4111,1.347584
4112,1.324032
4113,1.334272
4114,1.344512
4115,1.337344
4116,1.416192
4117,1.466368
4118,1.382400
4119,1.355776
4120,1.319936
4121,1.370112
4122,1.315840
4123,1.332224
4124,1.390592
4125,1.345536
4126,1.328128
4127,0.726016
4128,0.585728
4129,0.577536
4130,0.569344
4131,0.568320
4132,0.574464
4133,1.391616
4134,1.354752
4135,1.398784
4136,1.354752
4137,1.352704
4138,1.378304
4139,1.329152
4140,1.419264
4141,1.352704
4142,1.352704
4143,1.335296
4144,1.304576
4145,1.355776
4146,1.357824
4147,1.362944
4148,1.300480
4149,1.358848
4150,1.343488
4151,1.317888
4152,1.352704
4153,1.351680
4154,1.345536
4155,1.359872
4156,1.308672
4157,1.368064
4158,1.352704
4159,1.339392
4160,1.347584
4161,1.344512
4162,1.359872
4163,1.344512
4164,1.308672
4165,1.336320
4166,1.298432
4167,1.387520
4168,1.337344
4169,1.340416
4170,1.372160
4171,1.293312
4172,1.355776
4173,1.355776
4174,1.304576
4175,1.361920
4176,1.345536
4177,1.315840
4178,1.301504
4179,1.177600
4180,1.356800
4181,1.355776
4182,1.417216
4183,1.328128
4184,1.308672
4185,1.325056
4186,1.302528
4187,1.311744
4188,1.327104
4189,1.342464
4190,1.333248
4191,1.354752
4192,1.287168
4193,1.328128
4194,1.305600
4195,1.319936
4196,1.332224
4197,1.351680
4198,1.342464
4199,1.362944
4200,1.326080
4201,1.302528
4202,1.299456
4203,1.304576
4204,1.307648
4205,1.351680
4206,1.347584
4207,1.303552
4208,1.310720
4209,1.330176
4210,1.318912
4211,1.372160
4212,1.303552
4213,1.277952
4214,1.323008
4215,1.312768
4216,1.346560
4217,1.394688
4218,1.318912
4219,1.318912
4220,1.324032
4221,1.347584
4222,1.319936
4223,1.240064
4224,1.352704
4225,1.271808
4226,1.291264
4227,1.289216
4228,1.281024
4229,1.303552
4230,1.274880
4231,1.303552
4232,1.368064
4233,1.324032
4234,1.327104
4235,1.393664
4236,1.372160
4237,1.326080
4238,1.357824
4239,1.321984
4240,1.308672
4241,1.318912
4242,1.306624
4243,1.366016
4244,1.340416
4245,1.371136
4246,1.354752
4247,1.357824
4248,1.311744
4249,1.318912
4250,1.360896
4251,1.346560
4252,1.312768
4253,1.379328
4254,1.309696
4255,1.363968
4256,1.304576
4257,1.332224
4258,1.379328
4259,1.306624
4260,1.341440
4261,1.298432
4262,1.306624
4263,1.278976
4264,1.336320
4265,1.308672
4266,1.312768
4267,1.320960
4268,1.320960
4269,1.034240
4270,0.753664
4271,0.614400
4272,0.606208
4273,0.585728
4274,1.400832
4275,1.349632
4276,1.324032
4277,1.408000
4278,1.378304
4279,1.327104
4280,1.329152
4281,1.260544
4282,1.314816
4283,1.341440
4284,1.386496
4285,1.281024
4286,1.300480
4287,1.357824
4288,1.357824
4289,1.361920
4290,1.359872
4291,1.330176
4292,1.344512
4293,1.297408
4294,1.300480
4295,1.363968
4296,1.371136
4297,1.319936
4298,1.328128
4299,1.374208
4300,1.302528
4301,1.327104
4302,1.260544
4303,1.283072
4304,1.361920
4305,1.320960
4306,1.278976
4307,1.306624
4308,1.275904
4309,1.331200
4310,1.339392
4311,1.334272
4312,1.364992
4313,1.389568
4314,1.331200
4315,1.335296
4316,1.333248
4317,1.300480
4318,1.283072
4319,1.039360
4320,1.350656
4321,1.324032
4322,1.300480
4323,1.315840
4324,1.291264
4325,1.371136
4326,1.366016
4327,1.326080
4328,1.307648
4329,1.342464
4330,1.332224
4331,1.389568
4332,1.341440
4333,1.331200
4334,1.345536
4335,1.320960
4336,1.319936
4337,1.336320
4338,1.293312
4339,1.378304
4340,1.362944
4341,1.305600
4342,1.345536
4343,1.333248
4344,1.348608
4345,1.366016
4346,1.362944
4347,1.272832
4348,1.310720
4349,1.371136
4350,1.314816
4351,1.311744
4352,1.245184
4353,1.316864
4354,1.352704
4355,1.328128
4356,1.351680
4357,1.364992
4358,1.394688
4359,1.380352
4360,1.361920
4361,1.321984
4362,1.278976
4363,1.316864
4364,1.297408
4365,1.154048
4366,1.400832
4367,1.389568
4368,1.424384
4369,1.316864
4370,1.363968
4371,1.364992
4372,1.362944
4373,1.364992
4374,1.323008
4375,1.332224
4376,1.350656
4377,1.314816
4378,1.363968
4379,1.363968
4380,1.358848
4381,1.263616
4382,1.346560
4383,1.351680
4384,1.382400
4385,1.334272
4386,1.360896
4387,1.321984
4388,1.356800
4389,1.366016
4390,1.351680
4391,1.369088
4392,1.354752
4393,1.308672
4394,1.355776
4395,1.357824
4396,1.303552
4397,1.312768
4398,1.349632
4399,1.410048
4400,1.441792
4401,1.341440
4402,1.345536
4403,1.308672
4404,1.311744
4405,1.305600
4406,1.388544
4407,1.362944
4408,1.309696
4409,1.343488
4410,0.936960
4411,1.289216
4412,1.206272
4413,1.315840
4414,1.325056
4415,1.382400
4416,1.341440
4417,1.334272
4418,1.313792
4419,1.254400
4420,1.366016
4421,1.381376
4422,1.316864
4423,1.364992
4424,1.331200
4425,1.369088
4426,1.350656
4427,1.352704
4428,1.349632
4429,1.361920
4430,1.373184
4431,1.303552
4432,1.346560
4433,1.318912
4434,1.347584
4435,1.330176
4436,1.317888
4437,1.344512
4438,1.385472
4439,1.373184
4440,1.369088
4441,1.362944
4442,1.301504
4443,1.293312
4444,1.319936
4445,1.342464
4446,1.353728
4447,1.404928
4448,1.311744
4449,1.256448
4450,1.340416
4451,1.316864
4452,1.333248
4453,1.391616
4454,1.390592
4455,1.350656
4456,1.409024
4457,1.324032
4458,1.278976
4459,1.370112
4460,1.297408
4461,1.337344
4462,1.423360
4463,1.335296
4464,1.331200
4465,1.295360
4466,1.387520
4467,1.327104
4468,1.306624
4469,1.329152
4470,1.310720
4471,1.312768
4472,1.354752
4473,1.305600
4474,1.298432
4475,1.337344
4476,1.302528
4477,1.350656
4478,1.326080
4479,1.358848
4480,1.333248
4481,1.371136
4482,1.318912
4483,1.329152
4484,1.313792
4485,1.323008
4486,1.315840
4487,1.302528
4488,1.339392
4489,1.369088
4490,1.377280
4491,1.324032
4492,1.352704
4493,1.344512
4494,1.320960
4495,1.321984
4496,1.310720
4497,1.340416
4498,1.310720
4499,1.351680
4500,1.291264
4501,0.949248
4502,1.288192
4503,1.184768
4504,1.310720
4505,1.315840
4506,1.372160
4507,1.338368
4508,1.323008
4509,1.318912
4510,1.341440
4511,1.295360
4512,1.333248
4513,1.370112
4514,1.364992
4515,1.345536
4516,1.384448
4517,1.340416
4518,1.343488
4519,1.243136
4520,1.268736
4521,1.377280
4522,1.359872
4523,1.330176
4524,1.338368
4525,1.311744
4526,1.360896
4527,1.337344
4528,1.361920
4529,1.344512
4530,1.329152
4531,1.331200
4532,1.327104
4533,1.331200
4534,1.317888
4535,1.377280
4536,1.318912
4537,1.326080
4538,1.383424
4539,1.303552
4540,1.391616
4541,1.373184
4542,1.359872
4543,1.372160
4544,1.335296
4545,1.380352
4546,1.291264
4547,1.118208
4548,1.296384
4549,1.175552
4550,1.327104
4551,1.219584
4552,1.273856
4553,1.344512
4554,1.347584
4555,1.333248
4556,1.288192
4557,1.311744
4558,1.289216
4559,1.293312
4560,1.324032
4561,1.338368
4562,1.377280
4563,1.361920
4564,1.301504
4565,1.351680
4566,1.349632
4567,1.290240
4568,1.375232
4569,1.296384
4570,1.376256
4571,1.353728
4572,1.314816
4573,1.355776
4574,1.329152
4575,1.305600
4576,1.346560
4577,1.354752
4578,1.354752
4579,1.364992
4580,1.353728
4581,1.326080
4582,1.313792
4583,1.348608
4584,1.309696
4585,1.321984
4586,1.330176
4587,1.373184
4588,1.329152
4589,1.321984
4590,1.368064
4591,1.380352
4592,1.319936
4593,1.134592
4594,0.887808
4595,0.994304
4596,1.208320
4597,1.333248
4598,1.379328
4599,1.348608
4600,1.345536
4601,1.336320
4602,1.369088
4603,1.373184
4604,1.344512
4605,1.328128
4606,1.330176
4607,1.295360
4608,1.411072
4609,1.314816
4610,1.349632
4611,1.341440
4612,1.341440
4613,1.329152
4614,1.303552
4615,1.342464
4616,1.356800
4617,1.287168
4618,1.304576
4619,1.334272
4620,1.352704
4621,1.342464
4622,1.339392
4623,1.335296
4624,1.335296
4625,1.382400
4626,1.354752
4627,1.327104
4628,1.386496
4629,1.347584
4630,1.336320
4631,1.354752
4632,1.352704
4633,1.375232
4634,1.368064
4635,1.323008
4636,1.338368
4637,1.336320
4638,1.321984
4639,1.307648
4640,1.018880
4641,0.726016
4642,1.327104
4643,1.289216
4644,1.297408
4645,1.304576
4646,1.366016
4647,1.298432
4648,1.291264
4649,1.311744
4650,1.331200
4651,1.310720
4652,1.297408
4653,1.332224
4654,1.315840
4655,1.329152
4656,1.368064
4657,1.355776
4658,1.377280
4659,1.268736
4660,1.354752
4661,1.347584
4662,1.343488
4663,1.354752
4664,1.287168
4665,1.316864
4666,1.337344
4667,1.366016
4668,1.333248
4669,1.350656
4670,1.343488
4671,1.362944
4672,1.360896
4673,1.367040
4674,1.346560
4675,1.383424
4676,1.335296
4677,1.352704
4678,1.341440
4679,1.342464
4680,1.358848
4681,1.317888
4682,1.310720
4683,1.311744
4684,1.381376
4685,1.308672
4686,1.301504
4687,1.032192
4688,0.711680
4689,0.671744
4690,0.662528
4691,0.641024
4692,0.604160
4693,1.270784
4694,1.199104
4695,1.316864
4696,1.338368
4697,1.378304
4698,1.386496
4699,1.369088
4700,1.349632
4701,1.353728
4702,1.347584
4703,1.291264
4704,1.313792
4705,1.333248
4706,1.370112
4707,1.369088
4708,1.325056
4709,1.342464
4710,1.333248
4711,1.390592
4712,1.345536
4713,1.323008
4714,1.350656
4715,1.333248
4716,1.323008
4717,1.380352
4718,1.384448
4719,1.301504
4720,1.366016
4721,1.364992
4722,1.363968
4723,1.317888
4724,1.343488
4725,1.314816
4726,1.313792
4727,1.473536
4728,1.314816
4729,1.363968
4730,1.329152
4731,1.323008
4732,1.351680
4733,1.314816
4734,1.309696
4735,1.325056
4736,1.352704
4737,1.346560
4738,1.370112
4739,1.373184
4740,1.331200
4741,1.350656
4742,1.349632
4743,1.368064
4744,1.370112
4745,1.422336
4746,1.295360
4747,1.361920
4748,1.381376
4749,1.388544
4750,1.354752
4751,1.315840
4752,1.342464
4753,1.349632
4754,1.376256
4755,1.308672
4756,1.349632
4757,1.316864
4758,1.316864
4759,1.370112
4760,1.342464
4761,1.331200
4762,1.288192
4763,1.380352
4764,1.331200
4765,1.348608
4766,1.333248
4767,1.376256
4768,1.355776
4769,1.352704
4770,1.321984
4771,1.317888
4772,1.366016
4773,1.387520
4774,1.337344
4775,1.324032
4776,1.335296
4777,1.331200
4778,1.345536
4779,1.356800
4780,1.323008
4781,1.311744
4782,1.250304
4783,0.959488
4784,0.651264
4785,1.246208
4786,1.222656
4787,1.338368
4788,1.329152
4789,1.360896
4790,1.364992
4791,1.355776
4792,1.355776
4793,1.335296
4794,1.324032
4795,1.355776
4796,1.302528
4797,1.368064
4798,1.329152
4799,1.355776
4800,1.347584
4801,1.339392
4802,1.350656
4803,1.346560
4804,1.361920
4805,1.351680
4806,1.355776
4807,1.362944
4808,1.316864
4809,1.326080
4810,1.340416
4811,1.315840
4812,1.296384
4813,1.318912
4814,1.311744
4815,1.325056
4816,1.358848
4817,1.349632
4818,1.332224
4819,1.323008
4820,1.321984
4821,1.324032
4822,1.316864
4823,1.314816
4824,1.326080
4825,1.318912
4826,1.344512
4827,1.344512
4828,1.327104
4829,1.290240
4830,1.211392
4831,1.152000
4832,1.260544
4833,1.290240
4834,1.290240
4835,1.318912
4836,1.355776
4837,1.357824
4838,1.329152
4839,1.355776
4840,1.373184
4841,1.375232
4842,1.331200
4843,1.340416
4844,1.348608
4845,1.345536
4846,1.316864
4847,1.308672
4848,1.311744
4849,1.381376
4850,1.380352
4851,1.367040
4852,1.313792
4853,1.331200
4854,1.335296
4855,1.328128
4856,1.323008
4857,1.366016
4858,1.319936
4859,1.323008
4860,1.318912
4861,1.326080
4862,1.337344
4863,1.358848
4864,1.325056
4865,1.317888
4866,1.346560
4867,1.384448
4868,1.351680
4869,1.309696
4870,1.384448
4871,1.373184
4872,1.390592
4873,1.319936
4874,1.294336
4875,1.068032
4876,0.809984
4877,1.301504
4878,1.189888
4879,1.309696
4880,1.341440
4881,1.385472
4882,1.353728
4883,1.342464
4884,1.349632
4885,1.351680
4886,1.369088
4887,1.337344
4888,1.329152
4889,1.329152
4890,1.330176
4891,1.281024
4892,1.305600
4893,1.328128
4894,1.359872
4895,1.358848
4896,1.339392
4897,1.342464
4898,1.337344
4899,1.357824
4900,1.316864
4901,1.385472
4902,1.349632
4903,1.336320
4904,1.370112
4905,1.335296
4906,1.345536
4907,1.375232
4908,1.298432
4909,1.312768
4910,1.345536
4911,1.304576
4912,1.367040
4913,1.349632
4914,1.349632
4915,1.381376
4916,1.334272
4917,1.374208
4918,1.363968
4919,1.353728
4920,1.305600
4921,1.284096
4922,1.136640
4923,1.330176
4924,1.266688
4925,1.291264
4926,1.356800
4927,1.343488
4928,1.358848
4929,1.404928
4930,1.350656
4931,1.357824
4932,1.356800
4933,1.328128
4934,1.357824
4935,1.345536
4936,1.303552
4937,1.392640
4938,1.405952
4939,1.325056
4940,1.369088
4941,1.330176
4942,1.346560
4943,1.369088
4944,1.339392
4945,1.319936
4946,1.316864
4947,1.352704
4948,1.344512
4949,1.384448
4950,1.359872
4951,1.356800
4952,1.373184
4953,1.348608
4954,1.328128
4955,1.304576
4956,1.287168
4957,1.347584
4958,1.336320
4959,1.335296
4960,1.353728
4961,1.349632
4962,1.307648
4963,1.306624
4964,1.324032
4965,1.364992
4966,1.396736
4967,1.303552
4968,0.692224
4969,0.623616
4970,0.625664
4971,0.618496
4972,0.599040
4973,1.363968
4974,1.358848
4975,1.379328
4976,1.363968
4977,1.313792
4978,1.329152
4979,1.323008
4980,1.387520
4981,1.331200
4982,1.404928
4983,1.355776
4984,1.358848
4985,1.347584
4986,1.359872
4987,1.344512
4988,1.352704
4989,1.339392
4990,1.287168
4991,1.355776
4992,1.329152
4993,1.311744
4994,1.334272
4995,1.381376
4996,1.350656
4997,1.321984
4998,1.303552
4999,1.385472
5000,1.388544
5001,1.390592
5002,1.364992
5003,1.379328
5004,1.359872
5005,1.340416
5006,1.357824
5007,1.315840
5008,1.354752
5009,1.354752
5010,1.354752
5011,1.350656
5012,1.354752
5013,1.343488
5014,1.330176
5015,1.336320
5016,1.331200
5017,1.162240
5018,1.214464
5019,1.256448
5020,1.291264
5021,1.292288
5022,1.353728
5023,1.351680
5024,1.376256
5025,1.309696
5026,1.318912
5027,1.363968
5028,1.327104
5029,1.331200
5030,1.324032
5031,1.304576
5032,1.294336
5033,1.390592
5034,1.304576
5035,1.332224
5036,1.282048
5037,1.300480
5038,1.302528
5039,1.294336
5040,1.325056
5041,1.311744
5042,1.306624
5043,1.353728
5044,1.308672
5045,1.382400
5046,1.478656
5047,1.320960
5048,1.314816
5049,1.371136
5050,1.331200
5051,1.359872
5052,1.373184
5053,1.338368
5054,1.293312
5055,1.325056
5056,1.276928
5057,1.337344
5058,1.351680
5059,1.363968
5060,1.295360
5061,1.361920
5062,1.137664
5063,1.298432
5064,1.164288
5065,1.292288
5066,1.344512
5067,1.338368
5068,1.307648
5069,1.295360
5070,1.318912
5071,1.353728
5072,1.343488
5073,1.347584
5074,1.357824
5075,1.397760
5076,1.357824
5077,1.317888
5078,1.356800
5079,1.333248
5080,1.366016
5081,1.327104
5082,1.342464
5083,1.362944
5084,1.288192
5085,1.349632
5086,1.333248
5087,1.319936
5088,1.262592
5089,1.373184
5090,1.317888
5091,1.309696
5092,1.313792
5093,1.330176
5094,1.354752
5095,1.373184
5096,1.348608
5097,1.370112
5098,1.354752
5099,1.367040
5100,1.364992
5101,1.359872
5102,1.353728
5103,1.361920
5104,1.374208
5105,1.337344
5106,1.329152
5107,1.218560
5108,0.982016
5109,1.276928
5110,1.242112
5111,1.375232
5112,1.307648
5113,1.336320
5114,1.324032
5115,1.331200
5116,1.292288
5117,1.367040
5118,1.360896
5119,1.306624
5120,1.315840
5121,1.354752
5122,1.351680
5123,1.330176
5124,1.323008
5125,1.345536
5126,1.358848
5127,1.333248
5128,1.351680
5129,1.325056
5130,1.296384
5131,1.312768
5132,1.345536
5133,1.338368
5134,1.366016
5135,1.347584
5136,1.360896
5137,1.345536
5138,1.331200
5139,1.297408
5140,1.310720
5141,1.339392
5142,1.357824
5143,1.347584
5144,1.354752
5145,1.358848
5146,1.342464
5147,1.348608
5148,1.317888
5149,1.368064
5150,1.319936
5151,1.339392
5152,1.359872
5153,1.252352
5154,0.834560
5155,0.624640
5156,0.633856
5157,0.610304
5158,0.596992
5159,0.596992
5160,0.576512
5161,1.391616
5162,1.362944
5163,1.335296
5164,1.334272
5165,1.362944
5166,1.315840
5167,1.345536
5168,1.332224
5169,1.336320
5170,1.371136
5171,1.368064
5172,1.391616
5173,1.353728
5174,1.320960
5175,1.351680
5176,1.293312
5177,1.364992
5178,1.366016
5179,1.355776
5180,1.328128
5181,1.344512
5182,1.338368
5183,1.304576
5184,1.318912
5185,1.320960
5186,1.324032
5187,1.319936
5188,1.333248
5189,1.315840
5190,1.367040
5191,1.349632
5192,1.311744
5193,1.360896
5194,1.329152
5195,1.361920
5196,1.318912
5197,1.306624
5198,1.329152
5199,1.326080
5200,1.315840
5201,1.288192
5202,1.368064
5203,1.323008
5204,1.358848
5205,1.230848
5206,0.910336
5207,0.731136
5208,0.678912
5209,0.611328
5210,0.592896
5211,0.584704
5212,1.328128
5213,1.193984
5214,1.323008
5215,1.370112
5216,1.331200
5217,1.411072
5218,1.366016
5219,1.369088
5220,1.314816
5221,1.378304
5222,1.313792
5223,1.350656
5224,1.346560
5225,1.326080
5226,1.301504
5227,1.323008
5228,1.332224
5229,1.314816
5230,1.360896
5231,1.380352
5232,1.359872
5233,1.343488
5234,1.354752
5235,1.283072
5236,1.336320
5237,1.350656
5238,1.328128
5239,1.359872
5240,1.370112
5241,1.308672
5242,1.404928
5243,1.336320
5244,1.298432
5245,1.383424
5246,1.359872
5247,1.359872
5248,1.348608
5249,1.351680
5250,1.360896
5251,1.345536
5252,1.319936
5253,1.324032
5254,1.341440
5255,1.299456
5256,1.160192
5257,0.954368
5258,0.794624
5259,1.364992
5260,1.310720
5261,1.298432
5262,1.300480
5263,1.298432
5264,1.346560
5265,1.335296
5266,1.330176
5267,1.305600
5268,1.330176
5269,1.254400
5270,1.306624
5271,1.266688
5272,1.363968
5273,1.321984
5274,1.347584
5275,1.302528
5276,1.363968
5277,1.324032
5278,1.356800
5279,1.348608
5280,1.370112
5281,1.301504
5282,1.368064
5283,1.304576
5284,1.356800
5285,1.366016
5286,1.326080
5287,1.332224
5288,1.396736
5289,1.338368
5290,1.314816
5291,1.305600
5292,1.330176
5293,1.332224
5294,1.351680
5295,1.350656
5296,1.363968
5297,1.323008
5298,1.341440
5299,1.353728
5300,1.324032
5301,1.317888
5302,1.400832
5303,1.369088
5304,1.303552
5305,1.161216
5306,1.349632
5307,1.326080
5308,1.393664
5309,1.336320
5310,1.319936
5311,1.325056
5312,1.314816
5313,1.334272
5314,1.318912
5315,1.360896
5316,1.335296
5317,1.344512
5318,1.369088
5319,1.326080
5320,1.320960
5321,1.370112
5322,1.363968
5323,1.367040
5324,1.361920
5325,1.360896
5326,1.295360
5327,1.311744
5328,1.292288
5329,1.355776
5330,1.332224
5331,1.366016
5332,1.179648
5333,1.310720
5334,1.317888
5335,1.369088
5336,1.313792
5337,1.321984
5338,1.341440
5339,1.340416
5340,1.302528
5341,1.304576
5342,1.330176
5343,1.381376
5344,1.360896
5345,1.364992
5346,1.383424
5347,1.364992
5348,1.348608
5349,0.983040
5350,1.246208
5351,1.147904
5352,1.310720
5353,1.325056
5354,1.321984
5355,1.307648
5356,1.351680
5357,1.378304
5358,1.349632
5359,1.354752
5360,1.381376
5361,1.323008
5362,1.354752
5363,1.305600
5364,1.284096
5365,1.306624
5366,1.306624
5367,1.318912
5368,1.296384
5369,1.333248
5370,1.340416
5371,1.359872
5372,1.302528
5373,1.366016
5374,1.302528
5375,1.312768
5376,1.307648
5377,1.318912
5378,1.317888
5379,1.341440
5380,1.327104
5381,1.338368
5382,1.318912
5383,1.363968
5384,1.323008
5385,1.348608
5386,1.368064
5387,1.386496
5388,1.334272
5389,1.366016
5390,1.367040
5391,1.332224
5392,1.324032
5393,1.307648
5394,1.357824
5395,1.037312
5396,0.763904
5397,0.641024
5398,0.620544
5399,0.605184
5400,1.347584
5401,1.202176
5402,1.348608
5403,1.408000
5404,1.361920
5405,1.390592
5406,1.358848
5407,1.369088
5408,1.393664
5409,1.340416
5410,1.329152
5411,1.319936
5412,1.341440
5413,1.348608
5414,1.335296
5415,1.304576
5416,1.350656
5417,1.356800
5418,1.368064
5419,1.374208
5420,1.371136
5421,1.323008
5422,1.311744
5423,1.337344
5424,1.490944
5425,1.541120
5426,1.354752
5427,1.298432
5428,1.301504
5429,1.307648
5430,1.331200
5431,1.339392
5432,1.324032
5433,1.358848
5434,1.347584
5435,1.267712
5436,1.292288
5437,1.319936
5438,1.334272
5439,1.319936
5440,1.299456
5441,1.348608
5442,1.314816
5443,1.346560
5444,1.346560
5445,1.229824
5446,1.175552
5447,1.291264
5448,1.364992
5449,1.312768
5450,1.340416
5451,1.343488
5452,1.345536
5453,1.386496
5454,1.325056
5455,1.366016
5456,1.394688
5457,1.277952
5458,1.282048
5459,1.334272
5460,1.345536
5461,1.406976
5462,1.331200
5463,1.314816
5464,1.359872
5465,1.356800
5466,1.381376
5467,1.334272
5468,1.310720
5469,1.356800
5470,1.311744
5471,1.345536
5472,1.345536
5473,1.327104
5474,1.357824
5475,1.333248
5476,1.337344
5477,1.355776
5478,1.362944
5479,1.313792
5480,1.294336
5481,1.340416
5482,1.308672
5483,1.364992
5484,1.291264
5485,1.304576
5486,1.282048
5487,1.308672
5488,1.288192
5489,1.358848
5490,1.010688
5491,0.784384
5492,0.627712
5493,0.617472
5494,0.612352
5495,0.603136
5496,0.574464
5497,1.349632
5498,1.261568
5499,1.297408
5500,1.325056
5501,1.312768
5502,1.339392
5503,1.289216
5504,1.292288
5505,1.275904
5506,1.324032
5507,1.316864
5508,1.332224
5509,1.296384
5510,1.354752
5511,1.336320
5512,1.326080
5513,1.299456
5514,1.363968
5515,1.300480
5516,1.350656
5517,1.347584
5518,1.350656
5519,1.305600
5520,1.328128
5521,1.301504
5522,1.306624
5523,1.316864
5524,1.327104
5525,1.327104
5526,1.340416
5527,1.351680
5528,1.341440
5529,1.335296
5530,1.333248
5531,1.311744
5532,1.340416
5533,1.317888
5534,1.333248
5535,1.370112
5536,1.336320
5537,1.375232
5538,1.310720
5539,1.321984
5540,1.313792
5541,1.355776
5542,1.276928
5543,1.138688
5544,1.318912
5545,1.288192
5546,1.343488
5547,1.354752
5548,1.361920
5549,1.321984
5550,1.293312
5551,1.315840
5552,1.325056
5553,1.343488
5554,1.316864
5555,1.341440
5556,1.344512
5557,1.355776
5558,1.355776
5559,1.332224
5560,1.313792
5561,1.323008
5562,1.323008
5563,1.323008
5564,1.286144
5565,1.364992
5566,1.385472
5567,1.319936
5568,1.330176
5569,1.326080
5570,1.259520
5571,1.387520
5572,1.335296
5573,1.318912
5574,1.291264
5575,1.340416
5576,1.304576
5577,1.274880
5578,1.341440
5579,1.308672
5580,1.341440
5581,1.346560
5582,1.317888
5583,1.308672
5584,1.331200
5585,1.331200
5586,1.375232
5587,1.101824
5588,0.709632
5589,0.638976
5590,0.641024
5591,0.633856
5592,0.589824
5593,0.567296
5594,1.367040
5595,1.396736
5596,1.374208
5597,1.395712
5598,1.372160
5599,1.370112
5600,1.341440
5601,1.345536
5602,1.312768
5603,1.337344
5604,1.353728
5605,1.317888
5606,1.323008
5607,1.352704
5608,1.306624
5609,1.344512
5610,1.330176
5611,1.367040
5612,1.313792
5613,1.331200
5614,1.359872
5615,1.345536
5616,1.355776
5617,1.313792
5618,1.358848
5619,1.286144
5620,1.296384
5621,1.321984
5622,1.359872
5623,1.351680
5624,1.361920
5625,1.370112
5626,1.326080
5627,1.347584
5628,1.352704
5629,1.333248
5630,1.386496
5631,1.383424
5632,1.330176
5633,1.345536
5634,1.304576
5635,1.329152
5636,1.307648
5637,1.317888
5638,1.274880
5639,0.747520
5640,0.595968
5641,0.586752
5642,0.588800
5643,0.577536
5644,0.570368
5645,1.342464
5646,1.263616
5647,1.339392
5648,1.324032
5649,1.326080
5650,1.369088
5651,1.314816
5652,1.349632
5653,1.335296
5654,1.323008
5655,1.296384
5656,1.315840
5657,1.283072
5658,1.360896
5659,1.358848
5660,1.356800
5661,1.367040
5662,1.375232
5663,1.333248
5664,1.357824
5665,1.338368
5666,1.334272
5667,1.321984
5668,1.347584
5669,1.328128
5670,1.339392
5671,1.330176
5672,1.395712
5673,1.424384
5674,1.343488
5675,1.355776
5676,1.333248
5677,1.330176
5678,1.377280
5679,1.363968
5680,1.318912
5681,1.348608
5682,1.321984
5683,1.340416
5684,1.300480
5685,1.390592
5686,1.327104
5687,1.290240
5688,1.343488
5689,1.332224
5690,0.944128
5691,0.636928
5692,0.602112
5693,0.603136
5694,0.595968
5695,0.586752
5696,0.566272
5697,0.560128
5698,1.382400
5699,1.396736
5700,1.342464
5701,1.305600
5702,1.341440
5703,1.381376
5704,1.334272
5705,1.325056
5706,1.323008
5707,1.288192
5708,1.315840
5709,1.299456
5710,1.364992
5711,1.327104
5712,1.347584
5713,1.393664
5714,1.362944
5715,1.347584
5716,1.321984
5717,1.320960
5718,1.367040
5719,1.309696
5720,1.366016
5721,1.326080
5722,1.328128
5723,1.346560
5724,1.318912
5725,1.349632
5726,1.339392
5727,1.378304
5728,1.385472
5729,1.308672
5730,1.376256
5731,1.349632
5732,1.316864
5733,1.327104
5734,1.345536
5735,1.348608
5736,1.349632
5737,1.328128
5738,1.310720
5739,1.293312
5740,1.364992
5741,1.336320
5742,1.311744
5743,0.760832
5744,0.624640
5745,0.613376
5746,0.592896
5747,0.577536
5748,0.568320
5749,0.555008
5750,0.544768
5751,1.353728
5752,1.297408
5753,1.300480
5754,1.349632
5755,1.330176
5756,1.352704
5757,1.366016
5758,1.378304
5759,1.378304
5760,1.387520
5761,1.328128
5762,1.386496
5763,1.370112
5764,1.345536
5765,1.357824
5766,1.378304
5767,1.328128
5768,1.359872
5769,1.289216
5770,1.329152
5771,1.390592
5772,1.340416
5773,1.395712
5774,1.262592
5775,1.340416
5776,1.332224
5777,1.312768
5778,1.382400
5779,1.319936
5780,1.309696
5781,1.308672
5782,1.308672
5783,1.352704
5784,1.348608
5785,1.285120
5786,1.304576
5787,1.346560
5788,1.263616
5789,1.370112
5790,1.332224
5791,1.239040
5792,1.311744
5793,1.300480
5794,1.357824
5795,1.252352
5796,1.384448
5797,1.389568
5798,1.376256
5799,1.310720
5800,1.296384
5801,1.312768
5802,1.303552
5803,1.353728
5804,1.345536
5805,1.361920
5806,1.292288
5807,1.357824
5808,1.290240
5809,1.312768
5810,1.330176
5811,1.351680
5812,1.373184
5813,1.417216
5814,1.333248
5815,1.391616
5816,1.350656
5817,1.316864
5818,1.355776
5819,1.369088
5820,1.347584
5821,1.331200
5822,1.346560
5823,1.363968
5824,1.326080
5825,1.355776
5826,1.348608
5827,1.372160
5828,1.326080
5829,1.335296
5830,1.348608
5831,1.335296
5832,1.320960
5833,1.349632
5834,1.280000
5835,1.373184
5836,1.241088
5837,1.316864
5838,1.310720
5839,1.317888
5840,1.232896
5841,1.155072
5842,1.301504
5843,1.308672
5844,1.348608
5845,1.310720
5846,1.310720
5847,1.317888
5848,1.315840
5849,1.341440
5850,1.328128
5851,1.297408
5852,1.304576
5853,1.315840
5854,1.283072
5855,1.362944
5856,1.354752
5857,1.312768
5858,1.315840
5859,1.321984
5860,1.355776
5861,1.333248
5862,1.323008
5863,1.351680
5864,1.334272
5865,1.343488
5866,1.319936
5867,1.318912
5868,1.389568
5869,1.367040
5870,1.332224
5871,1.327104
5872,1.359872
5873,1.314816
5874,1.340416
5875,1.341440
5876,1.342464
5877,1.357824
5878,1.346560
5879,1.337344
5880,1.371136
5881,1.344512
5882,1.285120
5883,1.328128
5884,1.327104
5885,1.050624
5886,0.699392
5887,0.616448
5888,0.601088
5889,0.590848
5890,0.582656
5891,0.575488
5892,1.405952
5893,1.362944
5894,1.369088
5895,1.300480
5896,1.400832
5897,1.324032
5898,1.332224
5899,1.299456
5900,1.381376
5901,1.337344
5902,1.314816
5903,1.340416
5904,1.298432
5905,1.386496
5906,1.347584
5907,1.380352
5908,1.328128
5909,1.323008
5910,1.340416
5911,1.340416
5912,1.314816
5913,1.380352
5914,1.371136
5915,1.366016
5916,1.361920
5917,1.319936
5918,1.391616
5919,1.386496
5920,1.362944
5921,1.401856
5922,1.345536
5923,1.343488
5924,1.335296
5925,1.316864
5926,1.398784
5927,1.355776
5928,1.346560
5929,1.341440
5930,1.346560
5931,1.360896
5932,1.330176
5933,1.384448
5934,1.363968
5935,1.329152
5936,0.989184
5937,1.287168
5938,1.161216
5939,1.294336
5940,1.340416
5941,1.363968
5942,1.334272
5943,1.402880
5944,1.377280
5945,1.315840
5946,1.296384
5947,1.248256
5948,1.348608
5949,1.358848
5950,1.347584
5951,1.301504
5952,1.350656
5953,1.300480
5954,1.282048
5955,1.298432
5956,1.380352
5957,1.316864
5958,1.242112
5959,1.308672
5960,1.283072
5961,1.320960
5962,1.309696
5963,1.328128
5964,1.339392
5965,1.381376
5966,1.341440
5967,1.317888
5968,1.361920
5969,1.338368
5970,1.351680
5971,1.334272
5972,1.347584
5973,1.344512
5974,1.331200
5975,1.303552
5976,1.281024
5977,1.301504
5978,1.300480
5979,1.341440
5980,1.356800
5981,1.326080
5982,1.225728
5983,1.120256
5984,1.310720
5985,1.249280
5986,1.328128
5987,1.311744
5988,1.287168
5989,1.306624
5990,1.321984
5991,1.343488
5992,1.299456
5993,1.416192
5994,1.343488
5995,1.300480
5996,1.387520
5997,1.326080
5998,1.310720
5999,1.334272
6000,1.359872
6001,1.351680
6002,1.309696
6003,1.271808
6004,1.302528
6005,1.333248
6006,1.337344
6007,1.333248
6008,1.357824
6009,1.345536
6010,1.358848
6011,1.316864
6012,1.332224
6013,1.323008
6014,1.336320
6015,1.345536
6016,1.348608
6017,1.374208
6018,1.347584
6019,1.340416
6020,1.345536
6021,1.368064
6022,1.368064
6023,1.363968
6024,1.350656
6025,1.336320
6026,1.241088
6027,1.209344
6028,0.962560
6029,1.440768
6030,1.304576
6031,1.326080
6032,1.305600
6033,1.398784
6034,1.320960
6035,1.293312
6036,1.336320
6037,1.363968
6038,1.343488
6039,1.343488
6040,1.358848
6041,1.306624
6042,1.356800
6043,1.380352
6044,1.343488
6045,1.318912
6046,1.341440
6047,1.321984
6048,1.344512
6049,1.350656
6050,1.309696
6051,1.357824
6052,1.294336
6053,1.364992
6054,1.351680
6055,1.300480
6056,1.349632
6057,1.346560
6058,1.374208
6059,1.314816
6060,1.317888
6061,1.345536
6062,1.346560
6063,1.334272
6064,1.363968
6065,1.363968
6066,1.380352
6067,1.328128
6068,1.300480
6069,1.332224
6070,1.395712
6071,1.295360
6072,1.366016
6073,1.204224
6074,0.722944
6075,0.623616
6076,0.626688
6077,0.612352
6078,0.611328
6079,0.604160
6080,1.399808
6081,1.397760
6082,1.374208
6083,1.316864
6084,1.364992
6085,1.317888
6086,1.352704
6087,1.381376
6088,1.358848
6089,1.324032
6090,1.302528
6091,1.340416
6092,1.342464
6093,1.270784
6094,1.327104
6095,1.317888
6096,1.290240
6097,1.308672
6098,1.321984
6099,1.349632
6100,1.321984
6101,1.319936
6102,1.327104
6103,1.328128
6104,1.355776
6105,1.369088
6106,1.367040
6107,1.318912
6108,1.299456
6109,1.320960
6110,1.313792
6111,1.303552
6112,1.252352
6113,1.329152
6114,1.366016
6115,1.314816
6116,1.313792
6117,1.374208
6118,1.298432
6119,1.350656
6120,1.308672
6121,1.350656
6122,1.311744
6123,1.339392
6124,1.309696
6125,1.188864
6126,1.199104
6127,1.323008
6128,1.338368
6129,1.331200
6130,1.346560
6131,1.339392
6132,1.306624
6133,1.374208
6134,1.355776
6135,1.350656
6136,1.346560
6137,1.379328
6138,1.341440
6139,1.394688
6140,1.312768
6141,1.389568
6142,1.355776
6143,1.372160
6144,1.358848
6145,1.409024
6146,1.362944
6147,1.359872
6148,1.352704
6149,1.309696
6150,1.397760
6151,1.383424
6152,1.309696
6153,1.376256
6154,1.286144
6155,1.338368
6156,1.302528
6157,1.297408
6158,1.327104
6159,1.331200
6160,1.369088
6161,1.338368
6162,1.330176
6163,1.349632
6164,1.389568
6165,1.356800
6166,1.321984
6167,1.349632
6168,1.359872
6169,1.152000
6170,0.813056
6171,1.345536
6172,1.391616
6173,1.351680
6174,1.384448
6175,1.338368
6176,1.312768
6177,1.334272
6178,1.357824
6179,1.300480
6180,1.307648
6181,1.278976
6182,1.352704
6183,1.415168
6184,1.326080
6185,1.355776
6186,1.297408
6187,1.307648
6188,1.317888
6189,1.358848
6190,1.297408
6191,1.302528
6192,1.342464
6193,1.327104
6194,1.320960
6195,1.359872
6196,1.306624
6197,1.348608
6198,1.334272
6199,1.321984
6200,1.320960
6201,1.296384
6202,1.367040
6203,1.341440
6204,1.335296
6205,1.366016
6206,1.294336
6207,1.379328
6208,1.355776
6209,1.372160
6210,1.340416
6211,1.497088
6212,1.314816
6213,1.328128
6214,1.347584
6215,1.212416
6216,1.017856
6217,1.341440
6218,1.260544
6219,1.257472
6220,1.318912
6221,1.303552
6222,1.386496
6223,1.348608
6224,1.342464
6225,1.325056
6226,1.351680
6227,1.396736
6228,1.324032
6229,1.343488
6230,1.323008
6231,1.347584
6232,1.361920
6233,1.314816
6234,1.296384
6235,1.314816
6236,1.397760
6237,1.329152
6238,1.363968
6239,1.385472
6240,1.339392
6241,1.336320
6242,1.305600
6243,1.297408
6244,1.352704
6245,1.344512
6246,1.353728
6247,1.368064
6248,1.346560
6249,1.331200
6250,1.339392
6251,1.362944
6252,1.344512
6253,1.369088
6254,1.321984
6255,1.311744
6256,1.307648
6257,1.378304
6258,1.399808
6259,1.320960
6260,1.291264
6261,1.128448
6262,0.721920
6263,0.829440
6264,0.629760
6265,0.632832
6266,0.620544
6267,0.614400
6268,1.348608
6269,1.340416
6270,1.329152
6271,1.327104
6272,1.354752
6273,1.336320
6274,1.344512
6275,1.311744
6276,1.306624
6277,1.318912
6278,1.384448
6279,1.331200
6280,1.366016
6281,1.305600
6282,1.323008
6283,1.348608
6284,1.273856
6285,1.331200
6286,1.318912
6287,1.248256
6288,1.347584
6289,1.341440
6290,1.341440
6291,1.361920
6292,1.311744
6293,1.324032
6294,1.381376
6295,1.374208
6296,1.385472
6297,1.370112
6298,1.357824
6299,1.363968
6300,1.295360
6301,1.316864
6302,1.331200
6303,1.301504
6304,1.343488
6305,1.334272
6306,1.331200
6307,1.361920
6308,1.355776
6309,1.336320
6310,1.330176
6311,1.310720
6312,1.199104
6313,0.916480
6314,0.752640
6315,1.274880
6316,1.169408
6317,1.557504
6318,1.358848
6319,1.331200
6320,1.295360
6321,1.360896
6322,1.355776
6323,1.306624
6324,1.294336
6325,1.323008
6326,1.364992
6327,1.386496
6328,1.337344
6329,1.443840
6330,1.291264
6331,1.318912
6332,1.313792
6333,1.340416
6334,1.345536
6335,1.335296
6336,1.342464
6337,1.390592
6338,1.371136
6339,1.328128
6340,1.373184
6341,1.278976
6342,1.339392
6343,1.295360
6344,1.329152
6345,1.302528
6346,1.354752
6347,1.332224
6348,1.352704
6349,1.293312
6350,1.359872
6351,1.330176
6352,1.353728
6353,1.312768
6354,1.274880
6355,1.275904
6356,1.317888
6357,1.319936
6358,1.329152
6359,1.363968
6360,1.330176
6361,1.306624
6362,1.381376
6363,1.330176
6364,1.323008
6365,1.301504
6366,1.331200
6367,1.335296
6368,1.362944
6369,1.333248
6370,1.288192
6371,1.330176
6372,1.340416
6373,1.210368
6374,1.306624
6375,1.339392
6376,1.340416
6377,1.309696
6378,1.319936
6379,1.312768
6380,1.292288
6381,1.366016
6382,1.329152
6383,1.314816
6384,1.315840
6385,1.357824
6386,1.374208
6387,1.302528
6388,1.296384
6389,1.374208
6390,1.350656
6391,1.342464
6392,1.328128
6393,1.336320
6394,1.347584
6395,1.363968
6396,1.361920
6397,1.331200
6398,1.309696
6399,1.323008
6400,1.337344
6401,1.388544
6402,1.318912
6403,0.920576
6404,1.332224
6405,1.232896
6406,1.331200
6407,1.318912
6408,1.347584
6409,1.344512
6410,1.333248
6411,1.356800
6412,1.354752
6413,1.391616
6414,1.354752
6415,1.329152
6416,1.347584
6417,1.344512
6418,1.360896
6419,1.385472
6420,1.321984
6421,1.325056
6422,1.313792
6423,1.331200
6424,1.315840
6425,1.339392
6426,1.332224
6427,1.370112
6428,1.371136
6429,1.316864
6430,1.342464
6431,1.321984
6432,1.288192
6433,1.312768
6434,1.385472
6435,1.351680
6436,1.342464
6437,1.302528
6438,1.366016
6439,1.313792
6440,1.357824
6441,1.304576
6442,1.358848
6443,1.335296
6444,1.341440
6445,1.349632
6446,1.356800
6447,1.335296
6448,1.210368
6449,1.300480
6450,1.231872
6451,1.320960
6452,1.301504
6453,1.326080
6454,1.327104
6455,1.353728
6456,1.338368
6457,1.358848
6458,1.337344
6459,1.295360
6460,1.341440
6461,1.312768
6462,1.345536
6463,1.360896
6464,1.309696
6465,1.336320
6466,1.342464
6467,1.372160
6468,1.342464
6469,1.287168
6470,1.348608
6471,1.350656
6472,1.360896
6473,1.352704
6474,1.360896
6475,1.316864
6476,1.313792
6477,1.337344
6478,1.283072
6479,1.373184
6480,1.336320
6481,1.346560
6482,1.377280
6483,1.316864
6484,1.316864
6485,1.331200
6486,1.349632
6487,1.338368
6488,1.371136
6489,1.311744
6490,1.332224
6491,1.318912
6492,1.313792
6493,1.275904
6494,0.967680
6495,1.392640
6496,1.378304
6497,1.383424
6498,1.352704
6499,1.349632
6500,1.383424
6501,1.349632
6502,1.305600
6503,1.379328
6504,1.354752
6505,1.344512
6506,1.315840
6507,1.321984
6508,1.313792
6509,1.369088
6510,1.327104
6511,1.354752
6512,1.392640
6513,1.291264
6514,1.312768
6515,1.381376
6516,1.356800
6517,1.342464
6518,1.286144
6519,1.303552
6520,1.317888
6521,1.382400
6522,1.347584
6523,1.359872
6524,1.347584
6525,1.300480
6526,1.317888
6527,1.363968
6528,1.363968
6529,1.344512
6530,1.360896
6531,1.347584
6532,1.346560
6533,1.349632
6534,1.355776
6535,1.339392
6536,1.352704
6537,1.313792
6538,1.342464
6539,1.288192
6540,0.825344
6541,1.393664
6542,1.345536
6543,1.353728
6544,1.342464
6545,1.327104
6546,1.302528
6547,1.335296
6548,1.345536
6549,1.299456
6550,1.317888
6551,1.422336
6552,1.311744
6553,1.371136
6554,1.368064
6555,1.313792
6556,1.354752
6557,1.332224
6558,1.376256
6559,1.290240
6560,1.254400
6561,1.340416
6562,1.324032
6563,1.288192
6564,1.369088
6565,1.357824
6566,1.347584
6567,1.298432
6568,1.314816
6569,1.363968
6570,1.353728
6571,1.353728
6572,1.352704
6573,1.342464
6574,1.311744
6575,1.354752
6576,1.378304
6577,1.358848
6578,1.321984
6579,1.313792
6580,1.338368
6581,1.340416
6582,1.368064
6583,1.332224
6584,1.326080
6585,1.326080
6586,1.039360
6587,0.652288
6588,0.611328
6589,0.609280
6590,0.609280
6591,0.579584
6592,1.382400
6593,1.414144
6594,1.276928
6595,1.342464
6596,1.307648
6597,1.374208
6598,1.310720
6599,1.358848
6600,1.342464
6601,1.378304
6602,1.330176
6603,1.334272
6604,1.369088
6605,1.357824
6606,1.352704
6607,1.341440
6608,1.354752
6609,1.321984
6610,1.351680
6611,1.381376
6612,1.358848
6613,1.351680
6614,1.326080
6615,1.383424
6616,1.342464
6617,1.399808
6618,1.415168
6619,1.369088
6620,1.372160
6621,1.366016
6622,1.328128
6623,1.318912
6624,1.360896
6625,1.346560
6626,1.345536
6627,1.319936
6628,1.387520
6629,1.352704
6630,1.368064
6631,1.323008
6632,1.339392
6633,1.326080
6634,1.299456
6635,1.360896
6636,1.197056
6637,0.619520
6638,0.608256
6639,0.586752
6640,0.574464
6641,0.559104
6642,0.547840
6643,1.373184
6644,1.350656
6645,1.352704
6646,1.396736
6647,1.324032
6648,1.362944
6649,1.337344
6650,1.380352
6651,1.332224
6652,1.291264
6653,1.309696
6654,1.349632
6655,1.373184
6656,1.424384
6657,1.317888
6658,1.363968
6659,1.402880
6660,1.314816
6661,1.364992
6662,1.387520
6663,1.361920
6664,1.316864
6665,1.313792
6666,1.362944
6667,1.325056
6668,1.335296
6669,1.345536
6670,1.303552
6671,1.331200
6672,1.304576
6673,1.333248
6674,1.313792
6675,1.343488
6676,1.353728
6677,1.290240
6678,1.389568
6679,1.333248
6680,1.342464
6681,1.381376
6682,1.350656
6683,1.316864
6684,1.362944
6685,1.342464
6686,1.347584
6687,1.099776
6688,0.922624
6689,0.614400
6690,0.574464
6691,0.568320
6692,0.573440
6693,0.571392
6694,1.433600
6695,1.377280
6696,1.361920
6697,1.312768
6698,1.388544
6699,1.327104
6700,1.316864
6701,1.338368
6702,1.352704
6703,1.319936
6704,1.370112
6705,1.325056
6706,1.371136
6707,1.328128
6708,1.326080
6709,1.332224
6710,1.343488
6711,1.323008
6712,1.356800
6713,1.315840
6714,1.361920
6715,1.293312
6716,1.262592
6717,1.360896
6718,1.369088
6719,1.350656
6720,1.352704
6721,1.381376
6722,1.309696
6723,1.368064
6724,1.351680
6725,1.358848
6726,1.349632
6727,1.367040
6728,1.340416
6729,1.372160
6730,1.379328
6731,1.390592
6732,1.311744
6733,1.369088
6734,1.315840
6735,1.372160
6736,1.331200
6737,1.285120
6738,1.349632
6739,0.997376
6740,1.256448
6741,1.233920
6742,1.380352
6743,1.380352
6744,1.314816
6745,1.373184
6746,1.329152
6747,1.274880
6748,1.292288
6749,1.325056
6750,1.314816
6751,1.330176
6752,1.399808
6753,1.325056
6754,1.360896
6755,1.301504
6756,1.291264
6757,1.364992
6758,1.349632
6759,1.324032
6760,1.374208
6761,1.329152
6762,1.308672
6763,1.348608
6764,1.342464
6765,1.370112
6766,1.323008
6767,1.370112
6768,1.357824
6769,1.314816
6770,1.359872
6771,1.316864
6772,1.325056
6773,1.343488
6774,1.307648
6775,1.339392
6776,1.343488
6777,1.328128
6778,1.357824
6779,1.380352
6780,1.329152
6781,1.343488
6782,1.327104
6783,1.314816
6784,1.342464
6785,1.143808
6786,1.258496
6787,1.182720
6788,1.349632
6789,1.306624
6790,1.303552
6791,1.290240
6792,1.269760
6793,1.298432
6794,1.326080
6795,1.295360
6796,1.363968
6797,1.343488
6798,1.343488
6799,1.328128
6800,1.360896
6801,1.393664
6802,1.358848
6803,1.353728
6804,1.394688
6805,1.328128
6806,1.309696
6807,1.288192
6808,1.327104
6809,1.354752
6810,1.340416
6811,1.352704
6812,1.331200
6813,1.296384
6814,1.363968
6815,1.341440
6816,1.372160
6817,1.295360
6818,1.354752
6819,1.296384
6820,1.362944
6821,1.340416
6822,1.325056
6823,1.334272
6824,1.317888
6825,1.337344
6826,1.317888
6827,1.346560
6828,1.357824
6829,1.373184
6830,1.323008
6831,1.126400
6832,0.614400
6833,0.590848
6834,0.580608
6835,0.572416
6836,1.389568
6837,1.415168
6838,1.313792
6839,1.366016
6840,1.325056
6841,1.607680
6842,1.326080
6843,1.345536
6844,1.379328
6845,1.331200
6846,1.359872
6847,1.336320
6848,1.381376
6849,1.360896
6850,1.337344
6851,1.336320
6852,1.356800
6853,1.382400
6854,1.297408
6855,1.353728
6856,1.358848
6857,1.289216
6858,1.362944
6859,1.375232
6860,1.324032
6861,1.371136
6862,1.300480
6863,1.370112
6864,1.422336
6865,1.259520
6866,1.369088
6867,1.307648
6868,1.333248
6869,1.328128
6870,1.312768
6871,1.379328
6872,1.340416
6873,1.331200
6874,1.345536
6875,1.343488
6876,1.343488
6877,1.378304
6878,1.374208
6879,1.333248
6880,1.280000
6881,0.891904
6882,0.663552
6883,1.260544
6884,1.152000
6885,1.363968
6886,1.334272
6887,1.300480
6888,1.276928
6889,1.364992
6890,1.352704
6891,1.316864
6892,1.344512
6893,1.333248
6894,1.399808
6895,1.309696
6896,1.356800
6897,1.359872
6898,1.318912
6899,1.367040
6900,1.346560
6901,1.308672
6902,1.287168
6903,1.297408
6904,1.384448
6905,1.328128
6906,1.306624
6907,1.350656
6908,1.352704
6909,1.332224
6910,1.330176
6911,1.377280
6912,1.332224
6913,1.333248
6914,1.325056
6915,1.297408
6916,1.348608
6917,1.299456
6918,1.318912
6919,1.304576
6920,1.339392
6921,1.309696
6922,1.332224
6923,1.326080
6924,1.320960
6925,1.332224
6926,1.285120
6927,1.374208
6928,1.227776
6929,1.170432
6930,1.274880
6931,1.290240
6932,1.329152
6933,1.297408
6934,1.331200
6935,1.313792
6936,1.330176
6937,1.305600
6938,1.289216
6939,1.318912
6940,1.292288
6941,1.326080
6942,1.317888
6943,1.396736
6944,1.326080
6945,1.325056
6946,1.315840
6947,1.324032
6948,1.355776
6949,1.324032
6950,1.361920
6951,1.361920
6952,1.336320
6953,1.354752
6954,1.320960
6955,1.314816
6956,1.368064
6957,1.353728
6958,1.354752
6959,1.280000
6960,1.360896
6961,1.356800
6962,1.352704
6963,1.307648
6964,1.342464
6965,1.330176
6966,1.301504
6967,1.319936
6968,1.373184
6969,1.359872
6970,1.334272
6971,1.374208
6972,1.351680
6973,1.238016
6974,1.172480
6975,1.315840
6976,1.287168
6977,1.318912
6978,1.330176
6979,1.308672
6980,1.315840
6981,1.332224
6982,1.323008
6983,1.335296
6984,1.366016
6985,1.325056
6986,1.373184
6987,1.306624
6988,1.299456
6989,1.321984
6990,1.306624
6991,1.294336
6992,1.363968
6993,1.301504
6994,1.260544
6995,1.285120
6996,1.343488
6997,1.364992
6998,1.311744
6999,1.292288
7000,1.336320
7001,1.360896
7002,1.349632
7003,1.358848
7004,1.402880
7005,1.344512
7006,1.346560
7007,1.344512
7008,1.345536
7009,1.372160
7010,1.316864
7011,1.386496
7012,1.366016
7013,1.358848
7014,1.377280
7015,1.347584
7016,1.352704
7017,1.285120
7018,1.173504
7019,0.704512
7020,0.627712
7021,1.251328
7022,1.146880
7023,1.360896
7024,1.348608
7025,1.327104
7026,1.376256
7027,1.323008
7028,1.334272
7029,1.305600
7030,1.287168
7031,1.363968
7032,1.348608
7033,1.292288
7034,1.383424
7035,1.352704
7036,1.324032
7037,1.325056
7038,1.344512
7039,1.342464
7040,1.317888
7041,1.323008
7042,1.341440
7043,1.354752
7044,1.347584
7045,1.357824
7046,1.375232
7047,1.367040
7048,1.286144
7049,1.358848
7050,1.330176
7051,1.353728
7052,1.334272
7053,1.326080
7054,1.352704
7055,1.281024
7056,1.308672
7057,1.368064
7058,1.369088
7059,1.353728
7060,1.381376
7061,1.360896
7062,1.320960
7063,1.358848
7064,1.325056
7065,1.309696
7066,1.011712
7067,0.635904
7068,0.603136
7069,0.591872
7070,0.588800
7071,1.360896
7072,1.452032
7073,1.369088
7074,1.350656
7075,1.353728
7076,1.354752
7077,1.355776
7078,1.342464
7079,1.356800
7080,1.299456
7081,1.334272
7082,1.416192
7083,1.370112
7084,1.395712
7085,1.333248
7086,1.350656
7087,1.316864
7088,1.345536
7089,1.379328
7090,1.362944
7091,1.388544
7092,1.347584
7093,1.387520
7094,1.392640
7095,1.345536
7096,1.341440
7097,1.342464
7098,1.343488
7099,1.353728
7100,1.357824
7101,1.361920
7102,1.363968
7103,1.347584
7104,1.333248
7105,1.296384
7106,1.328128
7107,1.356800
7108,1.318912
7109,1.378304
7110,1.344512
7111,1.303552
7112,1.360896
7113,1.285120
7114,1.311744
7115,1.187840
7116,1.140736
7117,1.270784
7118,1.306624
7119,1.337344
7120,1.348608
7121,1.329152
7122,1.313792
7123,1.368064
7124,1.339392
7125,1.339392
7126,1.309696
7127,1.328128
7128,1.265664
7129,1.297408
7130,1.286144
7131,1.349632
7132,1.361920
7133,1.307648
7134,1.355776
7135,1.314816
7136,1.296384
7137,1.323008
7138,1.318912
7139,1.312768
7140,1.310720
7141,1.341440
7142,1.346560
7143,1.356800
7144,1.324032
7145,1.348608
7146,1.337344
7147,1.391616
7148,1.399808
7149,1.363968
7150,1.341440
7151,1.372160
7152,1.316864
7153,1.384448
7154,1.298432
7155,1.344512
7156,1.318912
7157,1.368064
7158,1.337344
7159,1.283072
7160,1.211392
7161,1.201152
7162,1.364992
7163,1.325056
7164,1.282048
7165,1.326080
7166,1.270784
7167,1.357824
7168,1.299456
7169,1.309696
7170,1.309696
7171,1.360896
7172,1.296384
7173,1.353728
7174,1.298432
7175,1.299456
7176,1.286144
7177,1.348608
7178,1.333248
7179,1.336320
7180,1.344512
7181,1.295360
7182,1.376256
7183,1.346560
7184,1.321984
7185,1.383424
7186,1.358848
7187,1.341440
7188,1.335296
7189,1.364992
7190,1.310720
7191,1.345536
7192,1.340416
7193,1.352704
7194,1.386496
7195,1.300480
7196,1.296384
7197,1.358848
7198,1.341440
7199,1.355776
7200,1.345536
7201,1.284096
7202,1.334272
7203,1.397760
7204,1.351680
7205,1.224704
7206,1.423360
7207,1.403904
7208,1.387520
7209,1.348608
7210,1.348608
7211,1.337344
7212,1.301504
7213,1.350656
7214,1.328128
7215,1.333248
7216,1.312768
7217,1.334272
7218,1.335296
7219,1.333248
7220,1.381376
7221,1.312768
7222,1.363968
7223,1.359872
7224,1.391616
7225,1.348608
7226,1.351680
7227,1.299456
7228,1.349632
7229,1.376256
7230,1.304576
7231,1.309696
7232,1.362944
7233,1.325056
7234,1.347584
7235,1.375232
7236,1.348608
7237,1.342464
7238,1.297408
7239,1.303552
7240,1.311744
7241,1.360896
7242,1.320960
7243,1.342464
7244,1.368064
7245,1.343488
7246,1.318912
7247,1.345536
7248,1.329152
7249,1.354752
7250,1.269760
7251,0.871424
7252,1.429504
7253,1.371136
7254,1.380352
7255,1.336320
7256,1.361920
7257,1.309696
7258,1.392640
7259,1.294336
7260,1.351680
7261,1.383424
7262,1.359872
7263,1.372160
7264,1.366016
7265,1.348608
7266,1.356800
7267,1.336320
7268,1.314816
7269,1.370112
7270,1.314816
7271,1.356800
7272,1.359872
7273,1.347584
7274,1.299456
7275,1.350656
7276,1.350656
7277,1.451008
7278,1.338368
7279,1.349632
7280,1.384448
7281,1.311744
7282,1.347584
7283,1.309696
7284,1.339392
7285,1.313792
7286,1.275904
7287,1.356800
7288,1.362944
7289,1.345536
7290,1.334272
7291,1.343488
7292,1.346560
7293,1.356800
7294,1.363968
7295,1.379328
7296,1.319936
7297,0.919552
7298,1.359872
7299,1.272832
7300,1.320960
7301,1.354752
7302,1.313792
7303,1.340416
7304,1.389568
7305,1.332224
7306,1.361920
7307,1.357824
7308,1.361920
7309,1.384448
7310,1.336320
7311,1.302528
7312,1.323008
7313,1.303552
7314,1.343488
7315,1.348608
7316,1.344512
7317,1.307648
7318,1.333248
7319,1.318912
7320,1.368064
7321,1.350656
7322,1.337344
7323,1.399808
7324,1.388544
7325,1.361920
7326,1.309696
7327,1.340416
7328,1.319936
7329,1.328128
7330,1.390592
7331,1.355776
7332,1.362944
7333,1.372160
7334,1.314816
7335,1.342464
7336,1.304576
7337,1.289216
7338,1.334272
7339,1.340416
7340,1.372160
7341,1.362944
7342,1.234944
7343,1.358848
7344,1.261568
7345,1.326080
7346,1.299456
7347,1.347584
7348,1.369088
7349,1.311744
7350,1.303552
7351,1.336320
7352,1.325056
7353,1.329152
7354,1.348608
7355,1.346560
7356,1.361920
7357,1.335296
7358,1.383424
7359,1.320960
7360,1.298432
7361,1.381376
7362,1.369088
7363,1.352704
7364,1.321984
7365,1.260544
7366,1.352704
7367,1.348608
7368,1.362944
7369,1.332224
7370,1.361920
7371,1.377280
7372,1.307648
7373,1.370112
7374,1.329152
7375,1.332224
7376,1.353728
7377,1.396736
7378,1.344512
7379,1.305600
7380,1.302528
7381,1.387520
7382,1.291264
7383,1.355776
7384,1.348608
7385,1.328128
7386,1.316864
7387,1.303552
7388,1.058816
7389,1.317888
7390,1.210368
7391,1.292288
7392,1.332224
7393,1.347584
7394,1.305600
7395,1.352704
7396,1.334272
7397,1.312768
7398,1.357824
7399,1.319936
7400,1.321984
7401,1.291264
7402,1.324032
7403,1.331200
7404,1.331200
7405,1.340416
7406,1.384448
7407,1.307648
7408,1.334272
7409,1.373184
7410,1.335296
7411,1.318912
7412,1.358848
7413,1.318912
7414,1.317888
7415,1.309696
7416,1.342464
7417,1.326080
7418,1.358848
7419,1.374208
7420,1.351680
7421,1.283072
7422,1.329152
7423,1.336320
7424,1.348608
7425,1.330176
7426,1.332224
7427,1.341440
7428,1.321984
7429,1.318912
7430,1.323008
7431,1.353728
7432,1.300480
7433,1.335296
7434,0.884736
7435,1.315840
7436,1.190912
7437,1.287168
7438,1.357824
7439,1.353728
7440,1.300480
7441,1.313792
7442,1.329152
7443,1.276928
7444,1.353728
7445,1.338368
7446,1.391616
7447,1.357824
7448,1.341440
7449,1.390592
7450,1.345536
7451,1.334272
7452,1.343488
7453,1.344512
7454,1.331200
7455,1.347584
7456,1.352704
7457,1.372160
7458,1.351680
7459,1.344512
7460,1.338368
7461,1.370112
7462,1.315840
7463,1.314816
7464,1.304576
7465,1.323008
7466,1.309696
7467,1.344512
7468,1.327104
7469,1.335296
7470,1.330176
7471,1.383424
7472,1.346560
7473,1.356800
7474,1.283072
7475,1.338368
7476,1.343488
7477,1.315840
7478,1.311744
7479,1.335296
7480,1.228800
7481,36.343807
7482,1.372160
7483,1.333248
7484,1.339392
7485,1.305600
7486,1.343488
7487,1.367040
7488,1.340416
7489,1.383424
7490,1.316864
7491,1.340416
7492,1.298432
7493,1.292288
7494,1.358848
7495,1.340416
7496,1.351680
7497,1.362944
7498,1.299456
7499,1.307648
7500,1.321984
7501,1.345536
7502,1.343488
7503,1.341440
7504,1.316864
7505,1.325056
7506,1.315840
7507,1.334272
7508,1.352704
7509,1.334272
7510,1.369088
7511,1.348608
7512,1.314816
7513,1.277952
7514,1.313792
7515,1.319936
7516,1.358848
7517,1.335296
7518,1.346560
7519,1.324032
7520,1.368064
7521,1.320960
7522,1.404928
7523,1.328128
7524,1.324032
7525,1.350656
7526,1.126400
7527,0.695296
7528,0.638976
7529,0.640000
7530,0.618496
7531,0.603136
7532,0.588800
7533,1.459200
7534,1.345536
7535,1.336320
7536,1.356800
7537,1.320960
7538,1.343488
7539,1.382400
7540,1.347584
7541,1.337344
7542,1.305600
7543,1.354752
7544,1.341440
7545,1.302528
7546,1.336320
7547,1.301504
7548,1.357824
7549,1.377280
7550,1.329152
7551,1.324032
7552,1.307648
7553,1.326080
7554,1.329152
7555,1.332224
7556,1.356800
7557,1.385472
7558,1.339392
7559,1.327104
7560,1.307648
7561,1.343488
7562,1.355776
7563,1.341440
7564,1.325056
7565,1.333248
7566,1.265664
7567,1.307648
7568,1.329152
7569,1.377280
7570,1.334272
7571,1.330176
7572,1.318912
7573,1.336320
7574,1.299456
7575,1.330176
7576,1.286144
7577,1.140736
7578,0.801792
7579,0.734208
7580,0.636928
7581,0.610304
7582,0.602112
7583,0.582656
7584,1.360896
7585,1.361920
7586,1.301504
7587,1.328128
7588,1.331200
7589,1.309696
7590,1.349632
7591,1.368064
7592,1.353728
7593,1.317888
7594,1.337344
7595,1.317888
7596,1.352704
7597,1.344512
7598,1.346560
7599,1.387520
7600,1.314816
7601,1.376256
7602,1.332224
7603,1.350656
7604,1.293312
7605,1.314816
7606,1.326080
7607,1.343488
7608,1.385472
7609,1.281024
7610,1.286144
7611,1.351680
7612,1.283072
7613,1.352704
7614,1.336320
7615,1.374208
7616,1.324032
7617,1.351680
7618,1.341440
7619,1.357824
7620,1.293312
7621,1.299456
7622,1.287168
7623,1.332224
7624,1.370112
7625,1.320960
7626,1.336320
7627,1.352704
7628,1.283072
7629,0.840704
7630,0.673792
7631,0.613376
7632,0.614400
7633,0.599040
7634,0.586752
7635,1.317888
7636,1.145856
7637,1.329152
7638,1.340416
7639,1.313792
7640,1.337344
7641,1.337344
7642,1.300480
7643,1.354752
7644,1.300480
7645,1.341440
7646,1.341440
7647,1.315840
7648,1.335296
7649,1.351680
7650,1.367040
7651,1.376256
7652,1.368064
7653,1.356800
7654,1.340416
7655,1.294336
7656,1.311744
7657,1.385472
7658,1.308672
7659,1.298432
7660,1.353728
7661,1.345536
7662,1.358848
7663,1.487872
7664,1.344512
7665,1.391616
7666,1.315840
7667,1.327104
7668,1.340416
7669,1.327104
7670,1.343488
7671,1.308672
7672,1.361920
7673,1.371136
7674,1.327104
7675,1.351680
7676,1.361920
7677,1.380352
7678,1.347584
7679,1.254400
7680,0.927744
7681,0.708608
7682,1.389568
7683,1.408000
7684,1.329152
7685,1.345536
7686,1.350656
7687,1.396736
7688,1.373184
7689,1.323008
7690,1.360896
7691,1.356800
7692,1.335296
7693,1.357824
7694,1.340416
7695,1.334272
7696,1.334272
7697,1.318912
7698,1.320960
7699,1.310720
7700,1.310720
7701,1.356800
7702,1.307648
7703,1.371136
7704,1.335296
7705,1.350656
7706,1.370112
7707,1.323008
7708,1.374208
7709,1.307648
7710,1.286144
7711,1.325056
7712,1.323008
7713,1.312768
7714,1.363968
7715,1.421312
7716,1.366016
7717,1.375232
7718,1.359872
7719,1.309696
7720,1.369088
7721,1.378304
7722,1.421312
7723,1.332224
7724,1.348608
7725,1.338368
7726,1.298432
7727,1.174528
7728,1.348608
7729,1.329152
7730,1.300480
7731,1.335296
7732,1.361920
7733,1.324032
7734,1.311744
7735,1.353728
7736,1.379328
7737,1.303552
7738,1.298432
7739,1.382400
7740,1.339392
7741,1.335296
7742,1.330176
7743,1.315840
7744,1.361920
7745,1.358848
7746,1.347584
7747,1.317888
7748,1.368064
7749,1.314816
7750,1.363968
7751,1.307648
7752,1.335296
7753,1.332224
7754,1.299456
7755,1.354752
7756,1.337344
7757,1.316864
7758,1.382400
7759,1.321984
7760,1.318912
7761,1.347584
7762,1.354752
7763,1.314816
7764,1.286144
7765,1.357824
7766,1.347584
7767,1.331200
7768,1.371136
7769,1.335296
7770,1.258496
7771,1.089536
7772,0.769024
7773,1.339392
7774,1.265664
7775,1.286144
7776,1.308672
7777,1.333248
7778,1.361920
7779,1.268736
7780,1.321984
7781,1.330176
7782,1.315840
7783,1.294336
7784,1.366016
7785,1.303552
7786,1.281024
7787,1.321984
7788,1.369088
7789,1.360896
7790,1.343488
7791,1.375232
7792,1.309696
7793,1.369088
7794,1.376256
7795,1.401856
7796,1.310720
7797,1.311744
7798,1.320960
7799,1.378304
7800,1.345536
7801,1.336320
7802,1.314816
7803,1.329152
7804,1.291264
7805,1.312768
7806,1.324032
7807,1.341440
7808,1.366016
7809,1.353728
7810,1.303552
7811,1.344512
7812,1.369088
7813,1.317888
7814,1.340416
7815,1.351680
7816,1.336320
7817,1.304576
7818,1.335296
7819,1.145856
7820,1.379328
7821,1.296384
7822,1.368064
7823,1.348608
7824,1.361920
7825,1.359872
7826,1.366016
7827,1.333248
7828,1.324032
7829,1.349632
7830,1.312768
7831,1.286144
7832,1.360896
7833,1.363968
7834,1.338368
7835,1.345536
7836,1.362944
7837,1.351680
7838,1.355776
7839,1.319936
7840,1.374208
7841,1.330176
7842,1.394688
7843,1.328128
7844,1.314816
7845,1.371136
7846,1.380352
7847,1.369088
7848,1.340416
7849,1.300480
7850,1.289216
7851,1.320960
7852,1.315840
7853,1.342464
7854,1.307648
7855,1.317888
7856,1.368064
7857,1.320960
7858,1.374208
7859,1.332224
7860,1.258496
7861,1.385472
7862,1.277952
7863,1.309696
7864,1.206272
7865,1.282048
7866,1.304576
7867,1.338368
7868,1.321984
7869,1.338368
7870,1.341440
7871,1.315840
7872,1.319936
7873,1.353728
7874,1.358848
7875,1.349632
7876,1.313792
7877,1.288192
7878,1.314816
7879,1.363968
7880,1.320960
7881,1.362944
7882,1.316864
7883,1.295360
7884,1.372160
7885,1.336320
7886,1.331200
7887,1.408000
7888,1.362944
7889,1.300480
7890,1.372160
7891,1.353728
7892,1.339392
7893,1.342464
7894,1.361920
7895,1.286144
7896,1.310720
7897,1.320960
7898,1.330176
7899,1.337344
7900,1.338368
7901,1.271808
7902,1.346560
7903,1.323008
7904,1.338368
7905,1.356800
7906,1.301504
7907,1.357824
7908,1.177600
7909,0.633856
7910,1.351680
7911,1.243136
7912,1.266688
7913,1.284096
7914,1.364992
7915,1.388544
7916,1.387520
7917,1.343488
7918,1.298432
7919,1.311744
7920,1.294336
7921,1.292288
7922,1.302528
7923,1.353728
7924,1.362944
7925,1.348608
7926,1.369088
7927,1.350656
7928,1.362944
7929,1.362944
7930,1.339392
7931,1.349632
7932,1.303552
7933,1.300480
7934,1.310720
7935,1.356800
7936,1.330176
7937,1.368064
7938,1.290240
7939,1.339392
7940,1.349632
7941,1.350656
7942,1.339392
7943,1.257472
7944,1.333248
7945,1.334272
7946,1.317888
7947,1.304576
7948,1.359872
7949,1.341440
7950,1.312768
7951,1.311744
7952,1.349632
7953,1.320960
7954,1.295360
7955,1.368064
7956,1.300480
7957,1.296384
7958,1.294336
7959,1.324032
7960,1.361920
7961,1.394688
7962,1.379328
7963,1.338368
7964,1.340416
7965,1.377280
7966,1.351680
7967,1.312768
7968,1.319936
7969,1.347584
7970,1.352704
7971,1.353728
7972,1.336320
7973,1.296384
7974,1.326080
7975,1.304576
7976,1.331200
7977,1.328128
7978,1.357824
7979,1.325056
7980,1.377280
7981,1.343488
7982,1.420288
7983,1.342464
7984,1.332224
7985,1.395712
7986,1.336320
7987,1.379328
7988,1.319936
7989,1.392640
7990,1.361920
7991,1.368064
7992,1.358848
7993,1.323008
7994,1.360896
7995,1.311744
7996,1.363968
7997,1.315840
7998,1.344512
7999,1.354752
8000,1.304576
8001,1.209344
8002,1.338368
8003,1.352704
8004,1.343488
8005,1.295360
8006,1.388544
8007,1.327104
8008,1.355776
8009,1.371136
8010,1.345536
8011,1.295360
8012,1.323008
8013,1.313792
8014,1.330176
8015,1.360896
8016,1.298432
8017,1.300480
8018,1.328128
8019,1.354752
8020,1.362944
8021,1.334272
8022,1.377280
8023,1.318912
8024,1.312768
8025,1.376256
8026,1.328128
8027,1.374208
8028,1.309696
8029,1.350656
8030,1.341440
8031,1.354752
8032,1.489920
8033,1.277952
8034,1.374208
8035,1.320960
8036,1.328128
8037,1.345536
8038,1.338368
8039,1.348608
8040,1.318912
8041,1.285120
8042,1.292288
8043,1.347584
8044,1.276928
8045,1.003520
8046,0.700416
8047,0.625664
8048,1.367040
8049,1.298432
8050,1.284096
8051,1.370112
8052,1.306624
8053,1.337344
8054,1.336320
8055,1.388544
8056,1.376256
8057,1.356800
8058,1.298432
8059,1.339392
8060,1.338368
8061,1.357824
8062,1.313792
8063,1.313792
8064,1.340416
8065,1.337344
8066,1.349632
8067,1.353728
8068,1.362944
8069,1.315840
8070,1.372160
8071,1.343488
8072,1.333248
8073,1.344512
8074,1.360896
8075,1.316864
8076,1.366016
8077,1.327104
8078,1.326080
8079,1.332224
8080,1.340416
8081,1.519616
8082,1.328128
8083,1.303552
8084,1.314816
8085,1.372160
8086,1.334272
8087,1.333248
8088,1.320960
8089,1.335296
8090,1.275904
8091,1.363968
8092,1.299456
8093,0.873472
8094,0.664576
8095,0.587776
8096,0.591872
8097,0.589824
8098,0.586752
8099,1.447936
8100,1.374208
8101,1.320960
8102,1.361920
8103,1.364992
8104,1.339392
8105,1.317888
8106,1.327104
8107,1.361920
8108,1.315840
8109,1.370112
8110,1.376256
8111,1.330176
8112,1.337344
8113,1.333248
8114,1.327104
8115,1.347584
8116,1.342464
8117,1.329152
8118,1.329152
8119,1.312768
8120,1.343488
8121,1.337344
8122,1.345536
8123,1.321984
8124,1.388544
8125,1.398784
8126,1.310720
8127,1.329152
8128,1.369088
8129,1.353728
8130,1.346560
8131,1.309696
8132,1.330176
8133,1.364992
8134,1.331200
8135,1.345536
8136,1.308672
8137,1.361920
8138,1.337344
8139,1.366016
8140,1.364992
8141,1.380352
8142,1.345536
8143,1.213440
8144,1.336320
8145,1.241088
8146,1.309696
8147,1.344512
8148,1.384448
8149,1.318912
8150,1.355776
8151,1.358848
8152,1.379328
8153,1.348608
8154,1.318912
8155,1.330176
8156,1.341440
8157,1.378304
8158,1.374208
8159,1.303552
8160,1.386496
8161,1.338368
8162,1.320960
8163,1.364992
8164,1.370112
8165,1.316864
8166,1.330176
8167,1.306624
8168,1.335296
8169,1.304576
8170,1.371136
8171,1.368064
8172,1.304576
8173,1.371136
8174,1.422336
8175,1.332224
8176,1.320960
8177,1.328128
8178,1.352704
8179,1.346560
8180,1.330176
8181,1.367040
8182,1.316864
8183,1.336320
8184,1.373184
8185,1.371136
8186,1.334272
8187,1.332224
8188,1.191936
8189,0.786432
8190,0.699392
8191,0.649216
8192,0.586752
8193,0.582656
8194,0.575488
8195,1.398784
8196,1.338368
8197,1.268736
8198,1.312768
8199,1.318912
8200,1.360896
8201,1.359872
8202,1.342464
8203,1.345536
8204,1.320960
8205,1.354752
8206,1.356800
8207,1.352704
8208,1.353728
8209,1.374208
8210,1.333248
8211,1.360896
8212,1.321984
8213,1.337344
8214,1.337344
8215,1.300480
8216,1.357824
8217,1.348608
8218,1.312768
8219,1.328128
8220,1.369088
8221,1.362944
8222,1.351680
8223,1.371136
8224,1.358848
8225,1.330176
8226,1.340416
8227,1.392640
8228,1.297408
8229,1.380352
8230,1.336320
8231,1.321984
8232,1.338368
8233,1.338368
8234,1.370112
8235,1.296384
8236,1.351680
8237,1.357824
8238,1.334272
8239,1.192960
8240,1.163264
8241,1.262592
8242,1.311744
8243,1.329152
8244,1.270784
8245,1.341440
8246,1.218560
8247,1.325056
8248,1.376256
8249,1.361920
8250,1.304576
8251,1.320960
8252,1.378304
8253,1.359872
8254,1.324032
8255,1.314816
8256,1.340416
8257,1.262592
8258,1.327104
8259,1.360896
8260,1.343488
8261,1.278976
8262,1.340416
8263,1.355776
8264,1.387520
8265,1.358848
8266,1.341440
8267,1.364992
8268,1.355776
8269,1.312768
8270,1.344512
8271,1.343488
8272,1.343488
8273,1.354752
8274,1.411072
8275,1.314816
8276,1.370112
8277,1.350656
8278,1.328128
8279,1.330176
8280,1.328128
8281,1.337344
8282,1.325056
8283,1.343488
8284,1.180672
8285,0.791552
8286,1.418240
8287,1.374208
8288,1.350656
8289,1.372160
8290,1.342464
8291,1.381376
8292,1.339392
8293,1.315840
8294,1.317888
8295,1.314816
8296,1.320960
8297,1.316864
8298,1.209344
8299,1.390592
8300,1.375232
8301,1.353728
8302,1.303552
8303,1.296384
8304,1.286144
8305,1.360896
8306,1.342464
8307,1.325056
8308,1.311744
8309,1.329152
8310,1.363968
8311,1.379328
8312,1.325056
8313,1.373184
8314,1.376256
8315,1.342464
8316,1.332224
8317,1.297408
8318,1.327104
8319,1.333248
8320,1.335296
8321,1.309696
8322,1.368064
8323,1.317888
8324,1.338368
8325,1.296384
8326,1.345536
8327,1.302528
8328,1.293312
8329,1.328128
8330,1.161216
8331,1.191936
8332,1.218560
8333,1.325056
8334,1.296384
8335,1.293312
8336,1.280000
8337,1.297408
8338,1.333248
8339,1.379328
8340,1.337344
8341,1.350656
8342,1.330176
8343,1.349632
8344,1.323008
8345,1.293312
8346,1.330176
8347,1.340416
8348,1.310720
8349,1.310720
8350,1.344512
8351,1.312768
8352,1.316864
8353,1.376256
8354,1.314816
8355,1.374208
8356,1.347584
8357,1.284096
8358,1.342464
8359,1.316864
8360,1.349632
8361,1.346560
8362,1.327104
8363,1.281024
8364,1.351680
8365,1.316864
8366,1.319936
8367,1.379328
8368,1.287168
8369,1.332224
8370,1.327104
8371,1.343488
8372,1.336320
8373,1.344512
8374,1.311744
8375,1.344512
8376,1.354752
8377,0.956416
8378,1.379328
8379,1.313792
8380,1.454080
8381,1.289216
8382,1.295360
8383,1.321984
8384,1.354752
8385,1.339392
8386,1.391616
8387,1.377280
8388,1.245184
8389,1.327104
8390,1.376256
8391,1.382400
8392,1.342464
8393,1.356800
8394,1.355776
8395,1.303552
8396,1.336320
8397,1.366016
8398,1.324032
8399,1.324032
8400,1.328128
8401,1.282048
8402,1.395712
8403,1.316864
8404,1.260544
8405,1.285120
8406,1.381376
8407,1.344512
8408,1.370112
8409,1.328128
8410,1.319936
8411,1.361920
8412,1.348608
8413,1.333248
8414,1.347584
8415,1.302528
8416,1.309696
8417,1.320960
8418,1.335296
8419,1.308672
8420,1.361920
8421,1.405952
8422,1.316864
8423,1.357824
8424,1.239040
8425,1.270784
8426,1.378304
8427,1.356800
8428,1.367040
8429,1.333248
8430,1.348608
8431,1.392640
8432,1.332224
8433,1.350656
8434,1.379328
8435,1.366016
8436,1.330176
8437,1.370112
8438,1.319936
8439,1.306624
8440,1.355776
8441,1.336320
8442,1.341440
8443,1.354752
8444,1.391616
8445,1.346560
8446,1.307648
8447,1.321984
8448,1.335296
8449,1.314816
8450,1.330176
8451,1.358848
8452,1.345536
8453,1.374208
8454,1.321984
8455,1.352704
8456,1.350656
8457,1.369088
8458,1.345536
8459,1.334272
8460,1.333248
8461,1.298432
8462,1.374208
8463,1.318912
8464,1.343488
8465,1.326080
8466,1.291264
8467,1.240064
8468,0.925696
8469,1.153024
8470,1.268736
8471,1.359872
8472,1.333248
8473,1.329152
8474,1.319936
8475,1.324032
8476,1.330176
8477,1.356800
8478,1.310720
8479,1.317888
8480,1.314816
8481,1.327104
8482,1.355776
8483,1.363968
8484,1.376256
8485,1.355776
8486,1.370112
8487,1.303552
8488,1.369088
8489,1.343488
8490,1.353728
8491,1.324032
8492,1.300480
8493,1.314816
8494,1.328128
8495,1.327104
8496,1.325056
8497,1.339392
8498,1.307648
8499,1.356800
8500,1.346560
8501,1.357824
8502,1.380352
8503,1.346560
8504,1.332224
8505,1.349632
8506,1.360896
8507,1.362944
8508,1.356800
8509,1.374208
8510,1.328128
8511,1.278976
8512,1.397760
8513,1.193984
8514,1.257472
8515,1.174528
8516,1.031168
8517,1.283072
8518,1.334272
8519,1.332224
8520,1.355776
8521,1.333248
8522,1.319936
8523,1.361920
8524,1.355776
8525,1.388544
8526,1.345536
8527,1.371136
8528,1.349632
8529,1.370112
8530,1.406976
8531,1.404928
8532,1.373184
8533,1.397760
8534,1.339392
8535,1.343488
8536,1.356800
8537,1.405952
8538,1.328128
8539,1.336320
8540,1.336320
8541,1.357824
8542,1.321984
8543,1.296384
8544,1.272832
8545,1.325056
8546,1.325056
8547,1.320960
8548,1.340416
8549,1.309696
8550,1.359872
8551,1.321984
8552,1.374208
8553,1.324032
8554,1.273856
8555,1.336320
8556,1.344512
8557,1.299456
8558,1.349632
8559,1.003520
8560,0.800768
8561,0.685056
8562,0.662528
8563,0.623616
8564,1.420288
8565,1.364992
8566,1.342464
8567,1.295360
8568,1.290240
8569,1.331200
8570,1.310720
8571,1.334272
8572,1.325056
8573,1.291264
8574,1.328128
8575,1.319936
8576,1.341440
8577,1.352704
8578,1.358848
8579,1.348608
8580,1.379328
8581,1.400832
8582,1.319936
8583,1.331200
8584,1.359872
8585,1.336320
8586,1.385472
8587,1.337344
8588,1.269760
8589,1.325056
8590,1.360896
8591,1.357824
8592,1.339392
8593,1.332224
8594,1.356800
8595,1.390592
8596,1.340416
8597,1.375232
8598,1.336320
8599,1.360896
8600,1.331200
8601,1.345536
8602,1.369088
8603,1.359872
8604,1.317888
8605,1.308672
8606,1.350656
8607,1.327104
8608,1.212416
8609,1.255424
8610,1.129472
8611,1.245184
8612,1.266688
8613,1.320960
8614,1.294336
8615,1.335296
8616,1.314816
8617,1.323008
8618,1.402880
8619,1.312768
8620,1.321984
8621,1.329152
8622,1.307648
8623,1.359872
8624,1.356800
8625,1.369088
8626,1.304576
8627,1.371136
8628,1.329152
8629,1.379328
8630,1.363968
8631,1.364992
8632,1.345536
8633,1.336320
8634,1.326080
8635,1.371136
8636,1.376256
8637,1.334272
8638,1.360896
8639,1.323008
8640,1.303552
8641,1.327104
8642,1.354752
8643,1.382400
8644,1.330176
8645,1.333248
8646,1.339392
8647,1.344512
8648,1.309696
8649,1.354752
8650,1.301504
8651,1.335296
8652,1.382400
8653,1.321984
8654,1.229824
8655,1.203200
8656,1.286144
8657,1.292288
8658,1.299456
8659,1.344512
8660,1.328128
8661,1.372160
8662,1.379328
8663,1.319936
8664,1.317888
8665,1.379328
8666,1.282048
8667,1.370112
8668,1.367040
8669,1.357824
8670,1.295360
8671,1.331200
8672,1.350656
8673,1.312768
8674,1.336320
8675,1.326080
8676,1.319936
8677,1.330176
8678,1.344512
8679,1.351680
8680,1.349632
8681,1.313792
8682,1.313792
8683,1.355776
8684,1.361920
8685,1.340416
8686,1.332224
8687,1.335296
8688,1.359872
8689,1.329152
8690,1.359872
8691,1.333248
8692,1.338368
8693,1.301504
8694,1.385472
8695,1.401856
8696,1.366016
8697,1.372160
8698,1.304576
8699,1.191936
8700,1.193984
8701,1.317888
8702,1.293312
8703,1.304576
8704,1.325056
8705,1.329152
8706,1.367040
8707,1.342464
8708,1.364992
8709,1.313792
8710,1.349632
8711,1.344512
8712,1.296384
8713,1.358848
8714,1.261568
8715,1.376256
8716,1.319936
8717,1.360896
8718,1.349632
8719,1.355776
8720,1.297408
8721,1.369088
8722,1.267712
8723,1.336320
8724,1.315840
8725,1.328128
8726,1.402880
8727,1.354752
8728,1.337344
8729,1.387520
8730,1.323008
8731,1.346560
8732,1.332224
8733,1.346560
8734,1.293312
8735,1.311744
8736,1.335296
8737,1.325056
8738,1.318912
8739,1.355776
8740,1.339392
8741,1.351680
8742,1.328128
8743,1.277952
8744,1.304576
8745,1.179648
8746,1.285120
8747,1.361920
8748,1.369088
8749,1.303552
8750,1.318912
8751,1.357824
8752,1.333248
8753,1.334272
8754,1.358848
8755,1.333248
8756,1.304576
8757,1.328128
8758,1.313792
8759,1.309696
8760,1.358848
8761,1.304576
8762,1.299456
8763,1.303552
8764,1.346560
8765,1.288192
8766,1.306624
8767,1.339392
8768,1.321984
8769,1.359872
8770,1.372160
8771,1.340416
8772,1.346560
8773,1.305600
8774,1.306624
8775,1.371136
8776,1.336320
8777,1.344512
8778,1.349632
8779,1.376256
8780,1.334272
8781,1.349632
8782,1.331200
8783,1.378304
8784,1.375232
8785,1.347584
8786,1.288192
8787,1.334272
8788,1.338368
8789,1.119232
8790,0.790528
8791,0.663552
8792,0.610304
8793,0.600064
8794,0.578560
8795,1.400832
8796,1.362944
8797,1.379328
8798,1.303552
8799,1.364992
8800,1.319936
8801,1.472512
8802,1.364992
8803,1.326080
8804,1.391616
8805,1.329152
8806,1.345536
8807,1.364992
8808,1.320960
8809,1.343488
8810,1.354752
8811,1.381376
8812,1.380352
8813,1.403904
8814,1.349632
8815,1.314816
8816,1.336320
8817,1.338368
8818,1.350656
8819,1.341440
8820,1.316864
8821,1.326080
8822,1.323008
8823,1.332224
8824,1.330176
8825,1.363968
8826,1.355776
8827,1.368064
8828,1.336320
8829,1.334272
8830,1.348608
8831,1.325056
8832,1.340416
8833,1.351680
8834,1.345536
8835,1.332224
8836,1.345536
8837,1.344512
8838,1.292288
8839,1.186816
8840,1.372160
8841,1.306624
8842,1.368064
8843,1.343488
8844,1.326080
8845,1.355776
8846,1.320960
8847,1.359872
8848,1.324032
8849,1.339392
8850,1.314816
8851,1.370112
8852,1.315840
8853,1.274880
8854,1.342464
8855,1.305600
8856,1.311744
8857,1.290240
8858,1.315840
8859,1.341440
8860,1.312768
8861,1.341440
8862,1.346560
8863,1.300480
8864,1.364992
8865,1.332224
8866,1.337344
8867,1.291264
8868,1.317888
8869,1.311744
8870,1.335296
8871,1.314816
8872,1.317888
8873,1.357824
8874,1.336320
8875,1.316864
8876,1.286144
8877,1.344512
8878,1.318912
8879,1.332224
8880,1.364992
8881,1.343488
8882,1.306624
8883,1.317888
8884,1.362944
8885,1.210368
8886,1.296384
8887,1.136640
8888,1.314816
8889,1.324032
8890,1.319936
8891,1.362944
8892,1.339392
8893,1.372160
8894,1.342464
8895,1.341440
8896,1.288192
8897,1.305600
8898,1.326080
8899,1.501184
8900,1.333248
8901,1.375232
8902,1.343488
8903,1.385472
8904,1.323008
8905,1.288192
8906,1.347584
8907,1.356800
8908,1.324032
8909,1.320960
8910,1.308672
8911,1.336320
8912,1.296384
8913,1.291264
8914,1.344512
8915,1.325056
8916,1.313792
8917,1.303552
8918,1.303552
8919,1.338368
8920,1.333248
8921,1.336320
8922,1.352704
8923,1.324032
8924,1.343488
8925,1.288192
8926,1.305600
8927,1.350656
8928,2.758656
8929,2.595840
8930,1.227776
8931,1.192960
8932,1.359872
8933,1.327104
8934,1.359872
8935,1.296384
8936,1.344512
8937,1.342464
8938,1.319936
8939,1.300480
8940,1.305600
8941,1.296384
8942,1.304576
8943,1.328128
8944,1.434624
8945,1.287168
8946,1.317888
8947,1.278976
8948,1.278976
8949,1.336320
8950,1.312768
8951,1.319936
8952,3.687424
8953,1.281024
8954,1.323008
8955,1.318912
8956,1.317888
8957,2.367488
8958,1.348608
8959,1.284096
8960,1.350656
8961,1.348608
8962,2.275328
8963,3.697664
8964,1.296384
8965,1.317888
8966,1.354752
8967,1.286144
8968,1.330176
8969,1.335296
8970,1.225728
8971,0.690176
8972,0.611328
8973,0.606208
8974,0.605184
8975,0.590848
8976,0.599040
8977,0.577536
8978,0.573440
8979,1.259520
8980,1.275904
8981,1.319936
8982,1.276928
8983,1.301504
8984,1.343488
8985,1.311744
8986,1.274880
8987,1.305600
8988,1.286144
8989,1.305600
8990,1.320960
8991,1.316864
8992,1.337344
8993,1.324032
8994,1.329152
8995,1.314816
8996,1.302528
8997,1.330176
8998,1.329152
8999,1.312768
9000,1.336320
9001,1.312768
9002,1.286144
9003,1.349632
9004,1.277952
9005,1.317888
9006,1.326080
9007,1.332224
9008,1.295360
9009,1.364992
9010,1.337344
9011,1.299456
9012,1.317888
9013,1.313792
9014,1.327104
9015,1.264640
9016,1.298432
9017,1.314816
9018,1.351680
9019,1.333248
9020,1.318912
9021,1.293312
9022,1.297408
9023,1.299456
9024,1.403904
9025,0.782336
9026,0.689152
9027,0.634880
9028,0.644096
9029,0.614400
9030,0.600064
9031,0.567296
9032,0.563200
9033,1.227776
9034,1.285120
9035,1.214464
9036,1.305600
9037,1.348608
9038,1.330176
9039,1.309696
9040,1.325056
9041,1.306624
9042,1.316864
9043,1.329152
9044,1.326080
9045,1.331200
9046,1.281024
9047,1.285120
9048,1.312768
9049,1.309696
9050,1.374208
9051,1.305600
9052,1.292288
9053,1.287168
9054,1.272832
9055,1.289216
9056,1.302528
9057,1.330176
9058,1.295360
9059,1.328128
9060,1.302528
9061,1.303552
9062,1.286144
9063,1.282048
9064,1.286144
9065,1.330176
9066,1.348608
9067,1.350656
9068,1.299456
9069,1.327104
9070,1.315840
9071,1.298432
9072,1.313792
9073,1.351680
9074,1.335296
9075,1.357824
9076,1.307648
9077,1.321984
9078,1.296384
9079,1.022976
9080,0.729088
9081,0.680960
9082,0.688128
9083,0.654336
9084,0.614400
9085,0.578560
9086,1.303552
9087,1.342464
9088,1.364992
9089,1.265664
9090,1.312768
9091,1.338368
9092,1.281024
9093,1.292288
9094,1.301504
9095,1.242112
9096,1.266688
9097,1.318912
9098,1.372160
9099,1.295360
9100,1.349632
9101,1.299456
9102,1.314816
9103,1.333248
9104,1.336320
9105,1.328128
9106,1.249280
9107,1.333248
9108,1.319936
9109,1.306624
9110,1.298432
9111,1.309696
9112,1.281024
9113,1.299456
9114,1.352704
9115,1.284096
9116,1.328128
9117,1.320960
9118,1.284096
9119,1.299456
9120,1.314816
9121,1.284096
9122,1.274880
9123,1.323008
9124,1.300480
9125,1.297408
9126,1.319936
9127,1.282048
9128,1.263616
9129,1.327104
9130,1.317888
9131,1.303552
9132,1.197056
9133,1.198080
9134,1.287168
9135,1.341440
9136,1.339392
9137,1.338368
9138,1.348608
9139,1.288192
9140,1.310720
9141,1.313792
9142,1.368064
9143,1.294336
9144,1.297408
9145,1.338368
9146,1.367040
9147,1.331200
9148,1.339392
9149,1.299456
9150,1.315840
9151,1.294336
9152,1.326080
9153,1.359872
9154,1.300480
9155,1.296384
9156,1.372160
9157,1.367040
9158,1.306624
9159,1.325056
9160,1.344512
9161,1.327104
9162,1.340416
9163,1.340416
9164,1.349632
9165,1.351680
9166,1.345536
9167,1.318912
9168,1.333248
9169,1.347584
9170,1.305600
9171,1.268736
9172,1.317888
9173,1.312768
9174,1.333248
9175,1.301504
9176,1.302528
9177,1.354752
9178,1.043456
9179,1.313792
9180,1.210368
9181,1.246208
9182,1.263616
9183,1.303552
9184,1.315840
9185,1.304576
9186,1.341440
9187,1.326080
9188,1.350656
9189,1.309696
9190,1.318912
9191,1.310720
9192,1.274880
9193,1.286144
9194,1.289216
9195,1.301504
9196,1.335296
9197,1.264640
9198,1.408000
9199,1.304576
9200,1.262592
9201,1.285120
9202,1.272832
9203,1.309696
9204,1.286144
9205,1.317888
9206,1.262592
9207,1.349632
9208,1.310720
9209,1.360896
9210,1.339392
9211,1.314816
9212,1.360896
9213,1.318912
9214,1.364992
9215,1.339392
9216,1.308672
9217,1.301504
9218,1.277952
9219,1.315840
9220,1.248256
9221,1.314816
9222,1.303552
9223,1.281024
9224,1.316864
9225,1.050624
9226,1.284096
9227,1.174528
9228,1.313792
9229,1.320960
9230,1.300480
9231,1.312768
9232,1.285120
9233,1.334272
9234,1.268736
9235,1.345536
9236,1.328128
9237,1.270784
9238,1.288192
9239,1.318912
9240,1.341440
9241,1.330176
9242,1.307648
9243,1.292288
9244,1.311744
9245,1.295360
9246,1.293312
9247,1.332224
9248,1.339392
9249,1.309696
9250,1.280000
9251,1.302528
9252,1.341440
9253,1.298432
9254,1.276928
9255,1.269760
9256,1.263616
9257,1.269760
9258,1.329152
9259,1.335296
9260,1.413120
9261,1.311744
9262,1.292288
9263,1.314816
9264,1.215488
9265,1.299456
9266,1.312768
9267,1.344512
9268,1.338368
9269,1.337344
9270,1.358848
9271,1.346560
9272,1.205248
9273,1.321984
9274,1.293312
9275,1.280000
9276,1.310720
9277,1.348608
9278,1.325056
9279,1.308672
9280,1.318912
9281,1.314816
9282,1.266688
9283,1.319936
9284,1.349632
9285,1.349632
9286,1.260544
9287,1.347584
9288,1.374208
9289,1.290240
9290,1.323008
9291,1.304576
9292,1.319936
9293,1.290240
9294,1.264640
9295,1.294336
9296,1.339392
9297,1.325056
9298,1.338368
9299,1.367040
9300,1.340416
9301,1.338368
9302,1.261568
9303,1.339392
9304,1.287168
9305,1.284096
9306,1.303552
9307,1.320960
9308,1.332224
9309,1.316864
9310,1.345536
9311,1.311744
9312,1.268736
9313,1.300480
9314,1.329152
9315,1.294336
9316,1.301504
9317,1.304576
9318,1.260544
9319,1.022976
9320,0.840704
9321,0.779264
9322,0.726016
9323,0.695296
9324,0.636928
9325,1.355776
9326,1.319936
9327,1.305600
9328,1.276928
9329,1.310720
9330,1.314816
9331,1.349632
9332,1.272832
9333,1.260544
9334,1.308672
9335,1.304576
9336,1.364992
9337,1.309696
9338,1.325056
9339,1.345536
9340,1.323008
9341,1.309696
9342,1.350656
9343,1.294336
9344,1.312768
9345,1.288192
9346,1.299456
9347,1.310720
9348,1.350656
9349,1.253376
9350,1.308672
9351,1.282048
9352,1.251328
9353,1.318912
9354,1.336320
9355,1.348608
9356,1.345536
9357,1.305600
9358,1.333248
9359,1.310720
9360,1.324032
9361,1.293312
9362,1.348608
9363,1.358848
9364,1.283072
9365,1.293312
9366,1.296384
9367,1.280000
9368,1.319936
9369,1.307648
9370,1.307648
9371,1.145856
9372,0.870400
9373,0.733184
9374,0.691200
9375,0.643072
9376,1.340416
9377,1.378304
9378,1.307648
9379,1.336320
9380,1.364992
9381,1.296384
9382,1.302528
9383,1.334272
9384,1.288192
9385,1.368064
9386,1.320960
9387,1.280000
9388,1.293312
9389,1.280000
9390,1.295360
9391,1.284096
9392,1.299456
9393,1.346560
9394,1.313792
9395,1.370112
9396,1.346560
9397,1.302528
9398,1.299456
9399,1.330176
9400,1.275904
9401,1.297408
9402,1.312768
9403,1.311744
9404,1.317888
9405,1.313792
9406,1.327104
9407,1.275904
9408,1.344512
9409,1.329152
9410,1.325056
9411,1.304576
9412,1.313792
9413,1.314816
9414,1.299456
9415,1.361920
9416,1.351680
9417,1.257472
9418,1.299456
9419,1.304576
9420,1.315840
9421,1.294336
9422,1.263616
9423,1.183744
9424,1.319936
9425,1.292288
9426,1.301504
9427,1.314816
9428,1.317888
9429,1.340416
9430,1.334272
9431,1.289216
9432,1.320960
9433,1.303552
9434,1.288192
9435,1.291264
9436,1.312768
9437,1.296384
9438,1.316864
9439,1.299456
9440,1.310720
9441,1.296384
9442,1.254400
9443,1.331200
9444,1.276928
9445,1.341440
9446,1.302528
9447,1.351680
9448,1.321984
9449,1.338368
9450,1.372160
9451,1.310720
9452,1.298432
9453,1.304576
9454,1.300480
9455,1.291264
9456,1.313792
9457,1.341440
9458,1.294336
9459,1.294336
9460,1.294336
9461,1.278976
9462,1.326080
9463,1.315840
9464,1.355776
9465,1.292288
9466,1.317888
9467,1.243136
9468,1.063936
9469,1.205248
9470,1.117184
9471,1.233920
9472,1.306624
9473,1.324032
9474,1.356800
9475,1.309696
9476,1.184768
9477,1.287168
9478,1.325056
9479,1.335296
9480,1.310720
9481,1.298432
9482,1.313792
9483,1.262592
9484,1.336320
9485,1.292288
9486,1.326080
9487,1.323008
9488,1.275904
9489,1.318912
9490,1.318912
9491,1.300480
9492,1.307648
9493,1.316864
9494,1.316864
9495,1.338368
9496,1.333248
9497,1.299456
9498,1.375232
9499,1.335296
9500,1.347584
9501,1.333248
9502,1.295360
9503,1.292288
9504,1.283072
9505,1.308672
9506,1.353728
9507,1.271808
9508,1.318912
9509,1.307648
9510,1.338368
9511,1.284096
9512,1.349632
9513,1.349632
9514,1.268736
9515,1.289216
9516,0.874496
9517,0.695296
9518,0.654336
9519,0.629760
9520,0.609280
9521,0.588800
9522,1.360896
9523,1.338368
9524,1.295360
9525,1.313792
9526,1.293312
9527,1.293312
9528,1.336320
9529,1.348608
9530,1.325056
9531,1.316864
9532,1.305600
9533,1.292288
9534,1.278976
9535,1.280000
9536,1.306624
9537,1.310720
9538,1.354752
9539,1.333248
9540,1.316864
9541,1.337344
9542,1.307648
9543,1.323008
9544,1.302528
9545,1.316864
9546,1.300480
9547,1.355776
9548,1.316864
9549,1.295360
9550,1.308672
9551,1.364992
9552,1.290240
9553,1.340416
9554,1.325056
9555,1.311744
9556,1.297408
9557,1.300480
9558,1.356800
9559,1.339392
9560,1.286144
9561,1.351680
9562,1.328128
9563,1.277952
9564,1.301504
9565,1.299456
9566,1.304576
9567,1.263616
9568,1.102848
9569,1.338368
9570,1.245184
9571,1.325056
9572,1.351680
9573,1.299456
9574,1.320960
9575,1.276928
9576,1.302528
9577,1.299456
9578,1.328128
9579,1.286144
9580,1.319936
9581,1.304576
9582,1.247232
9583,1.298432
9584,1.310720
9585,1.296384
9586,1.285120
9587,1.244160
9588,1.243136
9589,1.214464
9590,1.288192
9591,1.260544
9592,1.254400
9593,1.303552
9594,1.328128
9595,1.274880
9596,1.269760
9597,1.253376
9598,1.264640
9599,1.257472
9600,1.275904
9601,1.256448
9602,1.287168
9603,1.264640
9604,1.258496
9605,1.330176
9606,1.288192
9607,1.256448
9608,1.293312
9609,1.240064
9610,1.266688
9611,1.274880
9612,1.227776
9613,1.312768
9614,1.260544
9615,1.247232
9616,1.166336
9617,0.944128
9618,0.795648
9619,0.768000
9620,0.718848
9621,0.631808
9622,1.368064
9623,1.227776
9624,1.281024
9625,1.276928
9626,1.289216
9627,1.272832
9628,1.278976
9629,1.267712
9630,1.262592
9631,1.247232
9632,1.277952
9633,1.262592
9634,1.225728
9635,1.283072
9636,1.307648
9637,1.249280
9638,1.275904
9639,1.258496
9640,1.271808
9641,1.252352
9642,1.274880
9643,1.259520
9644,1.206272
9645,1.283072
9646,1.257472
9647,1.253376
9648,1.246208
9649,1.222656
9650,1.227776
9651,1.230848
9652,1.255424
9653,1.244160
9654,1.246208
9655,1.232896
9656,1.205248
9657,1.228800
9658,1.257472
9659,1.197056
9660,1.205248
9661,1.210368
9662,1.208320
9663,1.249280
9664,1.249280
9665,1.272832
9666,1.245184
9667,1.244160
9668,1.258496
9669,1.246208
9670,0.974848
9671,0.784384
9672,0.801792
9673,0.782336
9674,0.704512
9675,0.579584
9676,0.564224
9677,1.288192
9678,1.280000
9679,2.573312
9680,1.232896
9681,1.233920
9682,2.664448
9683,1.257472
9684,1.217536
9685,1.259520
9686,1.195008
9687,1.250304
9688,1.241088
9689,1.253376
9690,1.292288
9691,1.226752
9692,1.242112
9693,1.199104
9694,1.262592
9695,1.243136
9696,1.233920
9697,1.223680
9698,1.270784
9699,1.235968
9700,1.259520
9701,1.262592
9702,1.249280
9703,1.231872
9704,1.235968
9705,1.210368
9706,1.312768
9707,1.262592
9708,1.260544
9709,1.270784
9710,1.222656
9711,1.219584
9712,1.266688
9713,1.236992
9714,1.225728
9715,1.259520
9716,1.247232
9717,1.253376
9718,1.262592
9719,1.278976
9720,1.206272
9721,1.255424
9722,1.268736
9723,1.150976
9724,0.855040
9725,0.871424
9726,0.724992
9727,0.667648
9728,0.629760
9729,0.572416
9730,0.557056
9731,1.208320
9732,1.263616
9733,1.246208
9734,2.670592
9735,1.207296
9736,2.584576
9737,1.295360
9738,1.254400
9739,1.246208
9740,1.231872
9741,1.244160
9742,1.248256
9743,1.230848
9744,1.222656
9745,1.258496
9746,1.236992
9747,1.247232
9748,1.223680
9749,1.280000
9750,1.209344
9751,1.244160
9752,1.228800
9753,1.191936
9754,1.245184
9755,1.231872
9756,1.240064
9757,1.247232
9758,1.231872
9759,1.189888
9760,1.230848
9761,1.249280
9762,1.156096
9763,1.251328
9764,1.207296
9765,1.184768
9766,1.145856
9767,1.192960
9768,1.236992
9769,1.238016
9770,1.188864
9771,1.207296
9772,1.207296
9773,1.172480
9774,1.199104
9775,1.123328
9776,1.191936
9777,1.190912
9778,1.079296
9779,1.009664
9780,1.154048
9781,1.145856
9782,1.142784
9783,1.162240
9784,1.146880
9785,1.144832
9786,1.146880
9787,1.249280
9788,1.157120
9789,3.515392
9790,1.092608
9791,1.122304
9792,1.136640
9793,1.100800
9794,1.117184
9795,1.108992
9796,1.158144
9797,1.142784
9798,1.086464
9799,1.111040
9800,1.100800
9801,3.320832
9802,1.067008
9803,1.068032
9804,1.065984
9805,2.113536
9806,1.102848
9807,1.116160
9808,1.101824
9809,1.124352
9810,2.031616
9811,1.133568
9812,3.334144
9813,1.074176
9814,1.111040
9815,1.088512
9816,1.086464
9817,1.070080
9818,1.078272
9819,1.090560
9820,1.081344
9821,1.067008
9822,1.055744
9823,1.079296
9824,1.083392
9825,1.120256
9826,1.072128
9827,1.095680
9828,1.103872
9829,1.085440
9830,0.904192
9831,0.631808
9832,0.622592
9833,0.615424
9834,0.603136
9835,0.570368
9836,0.563200
9837,1.092608
9838,1.064960
9839,1.075200
9840,1.043456
9841,1.075200
9842,1.064960
9843,1.058816
9844,1.045504
9845,1.054720
9846,1.059840
9847,1.058816
9848,0.997376
9849,1.064960
9850,1.026048
9851,1.050624
9852,1.045504
9853,1.042432
9854,1.037312
9855,1.039360
9856,1.038336
9857,1.031168
9858,1.014784
9859,1.051648
9860,1.049600
9861,1.029120
9862,1.037312
9863,1.062912
9864,1.024000
9865,1.048576
9866,1.029120
9867,1.016832
9868,1.004544
9869,0.999424
9870,0.961536
9871,0.967680
9872,0.957440
9873,0.986112
9874,0.955392
9875,0.918528
9876,0.926720
9877,0.892928
9878,0.930816
9879,0.903168
9880,0.909312
9881,0.923648
9882,0.897024
9883,0.949248
9884,0.925696
9885,0.953344
9886,0.902144
9887,0.932864
9888,0.940032
9889,0.930816
9890,0.913408
9891,0.851968
9892,1.859584
9893,0.842752
9894,0.912384
9895,0.886784
9896,0.869376
9897,0.906240
9898,1.852416
9899,3.148800
9900,0.859136
9901,0.930816
9902,0.877568
9903,0.899072
9904,0.891904
9905,0.901120
9906,0.902144
9907,0.892928
9908,0.889856
9909,0.892928
9910,0.864256
9911,0.739328
9912,0.679936
9913,0.791552
9914,0.830464
9915,0.824320
9916,0.807936
9917,0.818176
9918,0.797696
9919,0.814080
9920,0.805888
9921,0.811008
9922,0.805888
9923,0.837632
9924,0.794624
9925,0.806912
9926,0.816128
9927,0.819200
9928,0.813056
9929,0.796672
9930,0.814080
9931,0.818176
9932,0.806912
9933,0.816128
9934,0.817152
9935,0.809984
9936,0.782336
9937,0.788480
9938,0.795648
9939,0.791552
9940,0.827392
9941,0.803840
9942,0.782336
9943,0.771072
9944,0.765952
9945,0.784384
9946,0.806912
9947,0.787456
9948,0.811008
9949,0.776192
9950,0.772096
9951,0.758784
9952,0.774144
9953,0.745472
9954,0.762880
9955,0.772096
9956,0.772096
9957,0.757760
9958,0.788480
9959,0.770048
9960,0.744448
9961,0.771072
9962,0.759808
9963,0.754688
9964,0.773120
9965,0.748544
9966,0.748544
9967,0.766976
9968,0.756736
9969,0.783360
9970,0.770048
9971,0.762880
9972,0.772096
9973,0.777216
9974,0.750592
9975,0.737280
9976,0.737280
9977,0.722944
9978,0.738304
9979,0.732160
9980,0.728064
9981,0.745472
9982,0.749568
9983,0.756736
9984,0.699392
9985,0.716800
9986,0.713728
9987,0.719872
9988,0.710656
9989,0.728064
9990,0.706560
9991,0.708608
9992,0.702464
9993,0.716800
9994,0.697344
9995,0.702464
9996,0.687104
9997,0.680960
9998,0.673792
9999,0.659456
