iter,ms
0,1.146880
1,1.112064
2,1.171456
3,1.162240
4,1.127424
5,1.160192
6,1.199104
7,1.155072
8,1.245184
9,1.211392
10,1.178624
11,1.199104
12,1.196032
13,1.156096
14,1.153024
15,1.191936
16,1.157120
17,1.342464
18,1.216512
19,1.184768
20,1.146880
21,1.146880
22,1.184768
23,1.172480
24,1.164288
25,1.234944
26,1.192960
27,1.192960
28,1.187840
29,1.245184
30,1.187840
31,1.207296
32,1.186816
33,1.221632
34,1.150976
35,1.207296
36,1.170432
37,1.177600
38,1.269760
39,1.249280
40,1.192960
41,1.259520
42,1.260544
43,1.186816
44,1.190912
45,1.165312
46,1.262592
47,1.186816
48,1.207296
49,1.216512
50,1.139712
51,1.222656
52,1.180672
53,1.185792
54,1.247232
55,1.169408
56,1.202176
57,1.225728
58,1.171456
59,1.173504
60,1.232896
61,1.198080
62,1.179648
63,1.189888
64,1.270784
65,1.203200
66,1.236992
67,1.166336
68,1.099776
69,1.167360
70,1.183744
71,1.174528
72,1.184768
73,1.214464
74,1.242112
75,1.128448
76,1.195008
77,1.196032
78,1.168384
79,1.179648
80,1.198080
81,1.195008
82,1.192960
83,1.195008
84,1.195008
85,1.234944
86,1.263616
87,1.233920
88,1.162240
89,1.181696
90,1.180672
91,1.179648
92,1.211392
93,1.191936
94,1.198080
95,1.248256
96,0.913408
97,1.138688
98,1.179648
99,1.254400
100,1.233920
101,1.150976
102,1.214464
103,1.211392
104,1.217536
105,1.307648
106,1.196032
107,1.199104
108,1.222656
109,1.310720
110,1.270784
111,1.255424
112,1.264640
113,1.250304
114,1.240064
115,1.195008
116,1.220608
117,1.255424
118,1.270784
119,1.240064
120,1.252352
121,1.220608
122,1.218560
123,1.214464
124,1.197056
125,1.329152
126,1.205248
127,1.216512
128,1.256448
129,1.234944
130,1.216512
131,1.227776
132,1.241088
133,1.256448
134,1.267712
135,1.240064
136,1.216512
137,1.245184
138,1.250304
139,1.217536
140,1.183744
141,1.235968
142,1.220608
143,1.217536
144,1.210368
145,1.135616
146,1.185792
147,1.158144
148,1.222656
149,1.241088
150,1.229824
151,1.226752
152,1.218560
153,1.239040
154,1.187840
155,1.218560
156,1.247232
157,1.203200
158,1.234944
159,1.230848
160,1.259520
161,1.268736
162,1.277952
163,1.274880
164,1.265664
165,1.289216
166,1.273856
167,1.305600
168,1.307648
169,1.261568
170,1.267712
171,1.296384
172,1.290240
173,1.367040
174,1.295360
175,1.259520
176,1.368064
177,1.356800
178,1.304576
179,1.345536
180,1.330176
181,1.301504
182,1.296384
183,1.353728
184,1.379328
185,1.373184
186,1.340416
187,1.337344
188,1.337344
189,1.298432
190,1.362944
191,1.298432
192,1.326080
193,1.190912
194,1.348608
195,1.328128
196,1.258496
197,1.295360
198,1.356800
199,1.331200
200,1.403904
201,1.367040
202,1.326080
203,1.337344
204,1.381376
205,1.327104
206,1.326080
207,1.327104
208,1.362944
209,1.343488
210,1.331200
211,1.379328
212,1.376256
213,1.340416
214,1.340416
215,1.319936
216,1.303552
217,1.340416
218,1.392640
219,1.373184
220,1.373184
221,1.354752
222,1.325056
223,1.360896
224,1.311744
225,1.361920
226,1.339392
227,1.367040
228,1.324032
229,1.352704
230,1.384448
231,1.316864
232,1.310720
233,1.339392
234,1.306624
235,1.347584
236,1.338368
237,1.387520
238,1.238016
239,0.787456
240,0.659456
241,0.651264
242,1.313792
243,1.424384
244,1.344512
245,1.344512
246,1.337344
247,1.333248
248,1.363968
249,1.372160
250,1.350656
251,1.354752
252,1.329152
253,1.411072
254,1.386496
255,1.377280
256,1.378304
257,1.326080
258,1.314816
259,1.316864
260,1.356800
261,1.353728
262,1.317888
263,1.351680
264,1.353728
265,1.360896
266,1.357824
267,1.344512
268,1.394688
269,1.315840
270,1.384448
271,1.350656
272,1.372160
273,1.318912
274,1.341440
275,1.317888
276,1.338368
277,1.314816
278,1.409024
279,1.332224
280,1.366016
281,1.345536
282,1.372160
283,1.338368
284,1.331200
285,1.360896
286,1.202176
287,0.803840
288,0.607232
289,0.606208
290,0.607232
291,0.601088
292,0.590848
293,0.571392
294,1.290240
295,1.246208
296,1.497088
297,1.277952
298,1.333248
299,1.362944
300,1.342464
301,1.341440
302,1.335296
303,1.363968
304,1.304576
305,1.396736
306,1.352704
307,1.283072
308,1.338368
309,1.334272
310,1.369088
311,1.359872
312,1.329152
313,1.374208
314,1.360896
315,1.336320
316,1.367040
317,1.341440
318,1.358848
319,1.301504
320,1.352704
321,1.356800
322,1.326080
323,1.358848
324,1.345536
325,1.366016
326,1.387520
327,1.338368
328,1.325056
329,1.271808
330,1.331200
331,1.316864
332,1.361920
333,1.316864
334,1.323008
335,1.312768
336,1.312768
337,1.310720
338,1.384448
339,1.000448
340,1.305600
341,1.205248
342,1.544192
343,1.307648
344,1.307648
345,1.337344
346,1.372160
347,1.334272
348,1.303552
349,1.347584
350,1.368064
351,1.306624
352,1.355776
353,1.326080
354,1.375232
355,1.270784
356,1.325056
357,1.319936
358,1.350656
359,1.318912
360,1.302528
361,1.306624
362,1.329152
363,1.285120
364,1.383424
365,1.319936
366,1.276928
367,1.341440
368,1.344512
369,1.276928
370,1.334272
371,1.350656
372,1.307648
373,1.346560
374,1.336320
375,1.360896
376,1.351680
377,1.351680
378,1.311744
379,1.346560
380,1.356800
381,1.302528
382,1.324032
383,1.321984
384,1.259520
385,1.038336
386,0.694272
387,1.335296
388,1.383424
389,1.346560
390,1.375232
391,1.364992
392,1.327104
393,1.337344
394,1.389568
395,1.357824
396,1.367040
397,1.319936
398,1.412096
399,1.346560
400,1.343488
401,1.336320
402,1.350656
403,1.325056
404,1.380352
405,1.323008
406,1.367040
407,1.341440
408,1.262592
409,1.346560
410,1.369088
411,1.337344
412,1.362944
413,1.320960
414,1.368064
415,1.359872
416,1.357824
417,1.312768
418,1.306624
419,1.348608
420,1.340416
421,1.337344
422,1.385472
423,1.349632
424,1.321984
425,1.313792
426,1.293312
427,1.359872
428,1.382400
429,1.374208
430,1.323008
431,1.168384
432,1.602560
433,1.398784
434,1.369088
435,1.364992
436,1.320960
437,1.341440
438,1.367040
439,1.389568
440,1.329152
441,1.315840
442,1.362944
443,1.369088
444,1.360896
445,1.317888
446,1.349632
447,1.309696
448,1.306624
449,1.338368
450,1.313792
451,1.311744
452,1.337344
453,1.337344
454,1.358848
455,1.312768
456,1.345536
457,1.309696
458,1.353728
459,1.308672
460,1.292288
461,1.355776
462,1.304576
463,1.397760
464,1.371136
465,1.319936
466,1.320960
467,1.303552
468,1.374208
469,1.355776
470,1.334272
471,1.386496
472,1.327104
473,1.320960
474,1.350656
475,1.316864
476,1.050624
477,0.864256
478,0.660480
479,0.606208
480,0.596992
481,0.588800
482,0.580608
483,1.295360
484,1.395712
485,1.333248
486,1.422336
487,1.368064
488,1.352704
489,1.344512
490,1.350656
491,1.321984
492,1.377280
493,1.323008
494,1.320960
495,1.303552
496,1.284096
497,1.292288
498,1.334272
499,1.377280
500,1.368064
501,1.332224
502,1.330176
503,1.327104
504,1.385472
505,1.363968
506,1.314816
507,1.350656
508,1.335296
509,1.359872
510,1.353728
511,1.312768
512,1.328128
513,1.378304
514,1.318912
515,1.375232
516,1.366016
517,1.369088
518,1.332224
519,1.308672
520,1.316864
521,1.310720
522,1.321984
523,1.289216
524,1.338368
525,1.318912
526,1.160192
527,1.223680
528,1.168384
529,1.310720
530,1.286144
531,1.363968
532,1.337344
533,1.309696
534,1.355776
535,1.296384
536,1.352704
537,1.338368
538,1.347584
539,1.323008
540,1.304576
541,1.254400
542,1.263616
543,1.291264
544,1.299456
545,1.340416
546,1.303552
547,1.329152
548,1.330176
549,1.354752
550,1.325056
551,1.337344
552,1.310720
553,1.342464
554,1.315840
555,1.308672
556,1.299456
557,1.346560
558,1.361920
559,1.346560
560,1.345536
561,1.357824
562,1.332224
563,1.324032
564,1.347584
565,1.323008
566,1.314816
567,1.329152
568,1.339392
569,1.350656
570,1.352704
571,1.323008
572,1.225728
573,1.156096
574,1.299456
575,1.267712
576,1.288192
577,1.392640
578,1.298432
579,1.315840
580,1.332224
581,1.357824
582,1.339392
583,1.309696
584,1.284096
585,1.548288
586,1.343488
587,1.309696
588,1.318912
589,1.303552
590,1.272832
591,1.337344
592,1.317888
593,1.355776
594,1.330176
595,1.378304
596,1.357824
597,1.344512
598,1.346560
599,1.302528
600,1.307648
601,1.302528
602,1.338368
603,1.336320
604,1.390592
605,1.325056
606,1.353728
607,1.302528
608,1.333248
609,1.333248
610,1.301504
611,1.354752
612,1.354752
613,1.342464
614,1.311744
615,1.316864
616,1.315840
617,0.881664
618,1.352704
619,1.284096
620,1.310720
621,1.283072
622,1.370112
623,1.320960
624,1.304576
625,1.335296
626,1.397760
627,1.306624
628,1.364992
629,1.339392
630,1.308672
631,1.363968
632,1.315840
633,1.286144
634,1.314816
635,1.349632
636,1.364992
637,1.327104
638,1.341440
639,1.336320
640,1.340416
641,1.345536
642,1.349632
643,1.348608
644,1.318912
645,1.384448
646,1.296384
647,1.381376
648,1.418240
649,1.368064
650,1.378304
651,1.312768
652,1.392640
653,1.369088
654,1.341440
655,1.314816
656,1.347584
657,1.346560
658,1.317888
659,1.305600
660,1.299456
661,1.315840
662,1.154048
663,1.387520
664,1.283072
665,1.251328
666,1.284096
667,1.353728
668,1.346560
669,1.362944
670,1.331200
671,1.309696
672,1.311744
673,1.346560
674,1.271808
675,1.330176
676,1.353728
677,1.325056
678,1.304576
679,1.310720
680,1.316864
681,1.317888
682,1.377280
683,1.318912
684,1.346560
685,1.334272
686,1.366016
687,1.346560
688,1.369088
689,1.313792
690,1.319936
691,1.293312
692,1.341440
693,1.273856
694,1.289216
695,1.283072
696,1.317888
697,1.358848
698,1.323008
699,1.281024
700,1.349632
701,1.331200
702,1.375232
703,1.369088
704,1.375232
705,1.321984
706,1.312768
707,1.305600
708,1.056768
709,1.354752
710,1.284096
711,1.291264
712,1.299456
713,1.313792
714,1.326080
715,1.345536
716,1.319936
717,1.311744
718,1.339392
719,1.386496
720,1.273856
721,1.329152
722,1.247232
723,1.307648
724,1.368064
725,1.357824
726,1.390592
727,1.391616
728,1.355776
729,1.307648
730,1.309696
731,1.307648
732,1.307648
733,1.353728
734,1.340416
735,1.349632
736,1.298432
737,1.290240
738,1.341440
739,1.398784
740,1.389568
741,1.303552
742,1.336320
743,1.323008
744,1.341440
745,1.327104
746,1.403904
747,1.388544
748,1.366016
749,1.359872
750,1.370112
751,1.372160
752,1.325056
753,1.314816
754,1.254400
755,1.135616
756,1.368064
757,1.314816
758,1.310720
759,1.295360
760,1.323008
761,1.347584
762,1.377280
763,1.344512
764,1.354752
765,1.306624
766,1.388544
767,1.333248
768,1.355776
769,1.317888
770,1.318912
771,1.356800
772,1.348608
773,1.355776
774,1.324032
775,1.303552
776,1.384448
777,1.275904
778,1.323008
779,1.335296
780,1.340416
781,1.346560
782,1.352704
783,1.368064
784,1.358848
785,1.312768
786,1.272832
787,1.513472
788,1.354752
789,1.318912
790,1.318912
791,1.369088
792,1.317888
793,1.392640
794,1.272832
795,1.350656
796,1.342464
797,1.346560
798,1.223680
799,1.227776
800,1.218560
801,1.358848
802,1.375232
803,1.338368
804,1.354752
805,1.354752
806,1.308672
807,1.307648
808,1.318912
809,1.363968
810,1.319936
811,1.307648
812,1.337344
813,1.313792
814,1.334272
815,1.324032
816,1.345536
817,1.324032
818,1.317888
819,1.335296
820,1.299456
821,1.363968
822,1.330176
823,1.306624
824,1.315840
825,1.267712
826,1.366016
827,1.276928
828,1.311744
829,1.312768
830,1.328128
831,1.372160
832,1.325056
833,1.371136
834,1.348608
835,1.320960
836,1.351680
837,1.311744
838,1.363968
839,1.372160
840,1.260544
841,1.340416
842,1.327104
843,1.278976
844,0.997376
845,0.720896
846,0.650240
847,0.635904
848,0.631808
849,1.368064
850,1.410048
851,1.421312
852,1.343488
853,1.349632
854,1.403904
855,1.320960
856,1.316864
857,1.348608
858,1.324032
859,1.349632
860,1.287168
861,1.319936
862,1.339392
863,1.358848
864,1.342464
865,1.339392
866,1.320960
867,1.346560
868,1.350656
869,1.305600
870,1.312768
871,1.342464
872,1.342464
873,1.375232
874,1.392640
875,1.354752
876,1.397760
877,1.309696
878,1.263616
879,1.354752
880,1.309696
881,1.328128
882,1.362944
883,1.320960
884,1.369088
885,1.343488
886,1.356800
887,1.335296
888,1.344512
889,1.293312
890,1.332224
891,1.354752
892,1.388544
893,1.219584
894,0.722944
895,1.309696
896,1.108992
897,1.278976
898,1.325056
899,1.306624
900,1.337344
901,1.318912
902,1.361920
903,1.346560
904,1.380352
905,1.362944
906,1.300480
907,1.352704
908,1.387520
909,1.310720
910,1.350656
911,1.362944
912,1.314816
913,1.364992
914,1.274880
915,1.349632
916,1.358848
917,1.390592
918,1.362944
919,1.293312
920,1.269760
921,1.298432
922,1.368064
923,1.340416
924,1.351680
925,1.359872
926,1.307648
927,1.320960
928,1.314816
929,1.380352
930,1.366016
931,1.415168
932,1.348608
933,1.382400
934,1.349632
935,1.377280
936,1.347584
937,1.339392
938,1.369088
939,1.277952
940,1.380352
941,1.232896
942,1.350656
943,1.366016
944,1.334272
945,1.339392
946,1.374208
947,1.370112
948,1.337344
949,1.339392
950,1.293312
951,1.291264
952,1.301504
953,1.353728
954,1.333248
955,1.358848
956,1.335296
957,1.368064
958,1.338368
959,1.305600
960,1.377280
961,1.346560
962,1.299456
963,1.371136
964,1.361920
965,1.435648
966,1.329152
967,1.344512
968,1.349632
969,1.316864
970,1.294336
971,1.388544
972,1.370112
973,1.318912
974,1.356800
975,1.304576
976,1.335296
977,1.258496
978,1.338368
979,1.386496
980,1.331200
981,1.314816
982,1.356800
983,1.290240
984,1.206272
985,0.916480
986,0.801792
987,1.336320
988,1.254400
989,1.333248
990,1.340416
991,1.353728
992,1.330176
993,1.350656
994,1.361920
995,1.371136
996,1.357824
997,1.375232
998,1.352704
999,1.373184
1000,1.320960
1001,1.366016
1002,1.339392
1003,1.300480
1004,1.386496
1005,1.329152
1006,1.323008
1007,1.329152
1008,1.343488
1009,1.338368
1010,1.351680
1011,1.356800
1012,1.340416
1013,1.366016
1014,1.369088
1015,1.295360
1016,1.341440
1017,1.306624
1018,1.343488
1019,1.353728
1020,1.363968
1021,1.343488
1022,1.353728
1023,1.339392
1024,1.345536
1025,1.353728
1026,1.355776
1027,1.314816
1028,1.343488
1029,1.301504
1030,1.312768
1031,1.300480
1032,1.067008
1033,0.789504
1034,0.614400
1035,0.586752
1036,0.581632
1037,0.567296
1038,0.552960
1039,0.547840
1040,1.364992
1041,1.408000
1042,1.357824
1043,1.420288
1044,1.354752
1045,1.329152
1046,1.315840
1047,1.364992
1048,1.333248
1049,1.300480
1050,1.340416
1051,1.288192
1052,1.335296
1053,1.338368
1054,1.342464
1055,1.306624
1056,1.321984
1057,1.336320
1058,1.366016
1059,1.413120
1060,1.353728
1061,1.347584
1062,1.378304
1063,1.343488
1064,1.331200
1065,1.343488
1066,1.360896
1067,1.367040
1068,1.378304
1069,1.377280
1070,1.358848
1071,1.347584
1072,1.331200
1073,1.357824
1074,1.349632
1075,1.394688
1076,1.414144
1077,1.324032
1078,1.367040
1079,1.418240
1080,1.363968
1081,1.316864
1082,1.352704
1083,1.361920
1084,1.221632
1085,1.187840
1086,1.337344
1087,1.349632
1088,1.347584
1089,1.324032
1090,1.318912
1091,1.301504
1092,1.313792
1093,1.305600
1094,1.327104
1095,1.350656
1096,1.335296
1097,1.357824
1098,1.334272
1099,1.218560
1100,1.264640
1101,1.328128
1102,1.304576
1103,1.332224
1104,1.353728
1105,1.294336
1106,1.278976
1107,1.341440
1108,1.293312
1109,1.331200
1110,1.350656
1111,1.366016
1112,1.333248
1113,1.330176
1114,1.350656
1115,1.341440
1116,1.399808
1117,1.350656
1118,1.327104
1119,1.351680
1120,1.369088
1121,1.347584
1122,1.334272
1123,1.320960
1124,1.338368
1125,1.346560
1126,1.395712
1127,1.346560
1128,1.326080
1129,1.183744
1130,0.735232
1131,0.610304
1132,0.603136
1133,0.595968
1134,0.585728
1135,0.570368
1136,1.339392
1137,1.256448
1138,1.311744
1139,1.244160
1140,1.302528
1141,1.366016
1142,1.309696
1143,1.359872
1144,1.386496
1145,1.354752
1146,1.343488
1147,1.361920
1148,1.343488
1149,1.373184
1150,1.390592
1151,1.304576
1152,1.326080
1153,1.389568
1154,1.371136
1155,1.303552
1156,1.356800
1157,1.352704
1158,1.314816
1159,1.302528
1160,1.372160
1161,1.349632
1162,1.346560
1163,1.340416
1164,1.340416
1165,1.277952
1166,1.339392
1167,1.287168
1168,1.337344
1169,1.381376
1170,1.389568
1171,1.358848
1172,1.333248
1173,1.392640
1174,1.337344
1175,1.291264
1176,1.335296
1177,1.306624
1178,1.312768
1179,1.348608
1180,1.242112
1181,0.855040
1182,1.283072
1183,1.258496
1184,1.255424
1185,1.315840
1186,1.292288
1187,1.321984
1188,1.332224
1189,1.324032
1190,1.340416
1191,1.313792
1192,1.374208
1193,1.341440
1194,1.359872
1195,1.357824
1196,1.307648
1197,1.336320
1198,1.337344
1199,1.303552
1200,1.339392
1201,1.373184
1202,1.331200
1203,1.325056
1204,1.347584
1205,1.345536
1206,1.309696
1207,1.294336
1208,1.344512
1209,1.403904
1210,1.291264
1211,1.344512
1212,1.346560
1213,1.369088
1214,1.344512
1215,1.301504
1216,1.320960
1217,1.340416
1218,1.254400
1219,1.311744
1220,1.358848
1221,1.337344
1222,1.282048
1223,1.303552
1224,1.313792
1225,1.309696
1226,1.348608
1227,1.269760
1228,1.220608
1229,1.232896
1230,1.309696
1231,1.306624
1232,1.313792
1233,1.357824
1234,1.316864
1235,1.326080
1236,1.307648
1237,1.358848
1238,1.360896
1239,1.348608
1240,1.336320
1241,1.375232
1242,1.345536
1243,1.330176
1244,1.361920
1245,1.361920
1246,1.352704
1247,1.338368
1248,1.314816
1249,1.350656
1250,1.342464
1251,1.295360
1252,1.290240
1253,1.299456
1254,1.332224
1255,1.278976
1256,1.300480
1257,1.313792
1258,1.299456
1259,1.404928
1260,1.318912
1261,1.314816
1262,1.314816
1263,1.327104
1264,1.334272
1265,1.318912
1266,1.339392
1267,1.316864
1268,1.381376
1269,1.354752
1270,1.374208
1271,1.428480
1272,1.371136
1273,1.118208
1274,0.715776
1275,0.615424
1276,0.603136
1277,0.592896
1278,0.587776
1279,0.570368
1280,1.385472
1281,1.339392
1282,1.363968
1283,1.339392
1284,1.351680
1285,1.296384
1286,1.359872
1287,1.379328
1288,1.338368
1289,1.350656
1290,1.319936
1291,1.305600
1292,1.284096
1293,1.384448
1294,1.377280
1295,1.371136
1296,1.377280
1297,1.339392
1298,1.345536
1299,1.353728
1300,1.349632
1301,1.340416
1302,1.342464
1303,1.338368
1304,1.313792
1305,1.342464
1306,1.352704
1307,1.320960
1308,1.293312
1309,1.366016
1310,1.346560
1311,1.435648
1312,1.309696
1313,1.357824
1314,1.308672
1315,1.327104
1316,1.339392
1317,1.335296
1318,1.309696
1319,1.324032
1320,1.385472
1321,1.327104
1322,1.288192
1323,1.328128
1324,1.152000
1325,1.298432
1326,1.213440
1327,1.337344
1328,1.360896
1329,1.328128
1330,1.361920
1331,1.345536
1332,1.317888
1333,1.346560
1334,1.285120
1335,1.350656
1336,1.343488
1337,1.332224
1338,1.384448
1339,1.337344
1340,1.341440
1341,1.394688
1342,1.347584
1343,1.372160
1344,1.341440
1345,1.354752
1346,1.370112
1347,1.390592
1348,1.318912
1349,1.303552
1350,1.333248
1351,1.381376
1352,1.349632
1353,1.390592
1354,1.331200
1355,1.374208
1356,1.319936
1357,1.336320
1358,1.287168
1359,1.306624
1360,1.292288
1361,1.284096
1362,1.355776
1363,1.293312
1364,1.378304
1365,1.397760
1366,1.387520
1367,1.417216
1368,1.321984
1369,1.048576
1370,0.912384
1371,0.776192
1372,1.281024
1373,1.175552
1374,1.323008
1375,1.381376
1376,1.338368
1377,1.389568
1378,1.353728
1379,1.329152
1380,1.298432
1381,1.357824
1382,1.323008
1383,1.340416
1384,1.321984
1385,1.352704
1386,1.332224
1387,1.394688
1388,1.377280
1389,1.336320
1390,1.354752
1391,1.343488
1392,1.334272
1393,1.339392
1394,1.352704
1395,1.334272
1396,1.377280
1397,1.378304
1398,1.306624
1399,1.347584
1400,1.391616
1401,1.346560
1402,1.358848
1403,1.360896
1404,1.346560
1405,1.344512
1406,1.348608
1407,1.350656
1408,1.333248
1409,1.339392
1410,1.334272
1411,1.353728
1412,1.288192
1413,1.306624
1414,1.301504
1415,1.312768
1416,1.294336
1417,1.107968
1418,0.822272
1419,1.395712
1420,1.316864
1421,1.335296
1422,1.283072
1423,1.333248
1424,1.305600
1425,1.301504
1426,1.329152
1427,1.332224
1428,1.390592
1429,1.414144
1430,1.345536
1431,1.294336
1432,1.340416
1433,1.389568
1434,1.301504
1435,1.368064
1436,1.339392
1437,1.348608
1438,1.327104
1439,1.350656
1440,1.356800
1441,1.344512
1442,1.341440
1443,1.387520
1444,1.346560
1445,1.331200
1446,1.324032
1447,1.329152
1448,1.318912
1449,1.333248
1450,1.397760
1451,1.335296
1452,1.356800
1453,1.330176
1454,1.328128
1455,1.324032
1456,1.398784
1457,1.349632
1458,1.394688
1459,1.308672
1460,1.314816
1461,1.358848
1462,1.342464
1463,1.095680
1464,0.814080
1465,0.935936
1466,1.051648
1467,1.244160
1468,1.359872
1469,1.295360
1470,1.293312
1471,1.334272
1472,1.342464
1473,1.327104
1474,1.337344
1475,1.395712
1476,1.342464
1477,1.337344
1478,1.339392
1479,1.331200
1480,1.334272
1481,1.308672
1482,1.325056
1483,1.312768
1484,1.348608
1485,1.318912
1486,1.339392
1487,1.330176
1488,1.370112
1489,1.369088
1490,1.369088
1491,1.337344
1492,1.291264
1493,1.371136
1494,1.339392
1495,1.331200
1496,1.339392
1497,1.323008
1498,1.372160
1499,1.366016
1500,1.367040
1501,1.346560
1502,1.304576
1503,1.336320
1504,1.294336
1505,1.359872
1506,1.347584
1507,1.339392
1508,1.349632
1509,1.326080
1510,1.285120
1511,0.885760
1512,0.833536
1513,1.024000
1514,1.300480
1515,1.315840
1516,1.347584
1517,1.354752
1518,1.313792
1519,1.330176
1520,1.347584
1521,1.284096
1522,1.378304
1523,1.342464
1524,1.376256
1525,1.337344
1526,1.311744
1527,1.314816
1528,1.304576
1529,1.329152
1530,1.297408
1531,1.331200
1532,1.319936
1533,1.348608
1534,1.335296
1535,1.378304
1536,1.382400
1537,1.311744
1538,1.293312
1539,1.357824
1540,1.358848
1541,1.356800
1542,1.333248
1543,1.347584
1544,1.331200
1545,1.320960
1546,1.353728
1547,1.375232
1548,1.340416
1549,1.370112
1550,1.342464
1551,1.323008
1552,1.331200
1553,1.380352
1554,1.287168
1555,1.278976
1556,1.285120
1557,1.268736
1558,1.029120
1559,1.360896
1560,1.316864
1561,1.296384
1562,1.293312
1563,1.337344
1564,1.369088
1565,1.359872
1566,1.332224
1567,1.300480
1568,1.376256
1569,1.369088
1570,1.392640
1571,1.314816
1572,1.348608
1573,1.349632
1574,1.350656
1575,1.333248
1576,1.326080
1577,1.320960
1578,1.381376
1579,1.331200
1580,1.348608
1581,1.351680
1582,1.339392
1583,1.327104
1584,1.342464
1585,1.335296
1586,1.346560
1587,1.402880
1588,1.310720
1589,1.390592
1590,1.302528
1591,1.325056
1592,1.332224
1593,1.388544
1594,1.304576
1595,1.292288
1596,1.340416
1597,1.351680
1598,1.350656
1599,1.281024
1600,1.348608
1601,1.326080
1602,1.358848
1603,1.301504
1604,1.043456
1605,0.673792
1606,0.609280
1607,1.377280
1608,1.360896
1609,1.332224
1610,1.302528
1611,1.308672
1612,1.301504
1613,1.305600
1614,1.323008
1615,1.353728
1616,1.351680
1617,1.318912
1618,1.303552
1619,1.344512
1620,1.368064
1621,1.350656
1622,1.359872
1623,1.285120
1624,1.351680
1625,1.315840
1626,1.368064
1627,1.325056
1628,1.384448
1629,1.340416
1630,1.315840
1631,1.315840
1632,1.356800
1633,1.293312
1634,1.356800
1635,1.351680
1636,1.311744
1637,1.297408
1638,1.276928
1639,1.358848
1640,1.311744
1641,1.343488
1642,1.337344
1643,1.375232
1644,1.344512
1645,1.348608
1646,1.367040
1647,1.385472
1648,1.337344
1649,1.371136
1650,1.346560
1651,1.309696
1652,1.086464
1653,1.328128
1654,1.176576
1655,1.290240
1656,1.332224
1657,1.377280
1658,1.327104
1659,1.346560
1660,1.354752
1661,1.325056
1662,1.327104
1663,1.319936
1664,1.357824
1665,1.336320
1666,1.323008
1667,1.357824
1668,1.353728
1669,1.358848
1670,1.331200
1671,1.344512
1672,1.356800
1673,1.334272
1674,1.333248
1675,1.301504
1676,1.328128
1677,1.324032
1678,1.324032
1679,1.324032
1680,1.332224
1681,1.299456
1682,1.318912
1683,1.327104
1684,1.325056
1685,1.360896
1686,1.394688
1687,1.317888
1688,1.310720
1689,1.367040
1690,1.387520
1691,1.324032
1692,1.319936
1693,1.304576
1694,1.290240
1695,1.525760
1696,1.372160
1697,1.293312
1698,0.974848
1699,1.327104
1700,1.255424
1701,1.317888
1702,1.358848
1703,1.338368
1704,1.314816
1705,1.505280
1706,1.324032
1707,1.334272
1708,1.333248
1709,1.330176
1710,1.310720
1711,1.307648
1712,1.349632
1713,1.308672
1714,1.280000
1715,1.350656
1716,1.331200
1717,1.382400
1718,1.330176
1719,1.336320
1720,1.300480
1721,1.290240
1722,1.382400
1723,1.305600
1724,1.296384
1725,1.363968
1726,1.437696
1727,1.362944
1728,1.310720
1729,1.320960
1730,1.312768
1731,1.311744
1732,1.348608
1733,1.362944
1734,1.326080
1735,1.335296
1736,1.355776
1737,1.366016
1738,1.319936
1739,1.297408
1740,1.311744
1741,1.350656
1742,1.289216
1743,1.303552
1744,0.957440
1745,1.254400
1746,1.152000
1747,1.305600
1748,1.277952
1749,1.299456
1750,1.340416
1751,1.330176
1752,1.319936
1753,1.359872
1754,1.314816
1755,1.296384
1756,1.305600
1757,1.336320
1758,1.328128
1759,1.323008
1760,1.313792
1761,1.336320
1762,1.293312
1763,1.342464
1764,1.349632
1765,1.343488
1766,1.297408
1767,1.360896
1768,1.347584
1769,1.337344
1770,1.342464
1771,1.328128
1772,1.326080
1773,1.247232
1774,1.352704
1775,1.298432
1776,1.381376
1777,1.336320
1778,1.351680
1779,1.393664
1780,1.329152
1781,1.383424
1782,1.360896
1783,1.344512
1784,1.343488
1785,1.347584
1786,1.366016
1787,1.315840
1788,1.313792
1789,1.311744
1790,1.213440
1791,1.203200
1792,1.118208
1793,1.293312
1794,1.273856
1795,1.305600
1796,1.349632
1797,1.350656
1798,1.348608
1799,1.335296
1800,1.320960
1801,1.348608
1802,1.302528
1803,1.338368
1804,1.306624
1805,1.318912
1806,1.350656
1807,1.337344
1808,1.347584
1809,1.326080
1810,1.317888
1811,1.361920
1812,1.349632
1813,1.326080
1814,1.321984
1815,1.332224
1816,1.361920
1817,1.354752
1818,1.344512
1819,1.256448
1820,1.362944
1821,1.337344
1822,1.300480
1823,1.362944
1824,1.313792
1825,1.294336
1826,1.308672
1827,1.382400
1828,1.345536
1829,1.342464
1830,1.341440
1831,1.320960
1832,1.310720
1833,1.367040
1834,1.387520
1835,1.393664
1836,1.159168
1837,1.320960
1838,1.269760
1839,1.251328
1840,1.361920
1841,1.364992
1842,1.360896
1843,1.388544
1844,1.352704
1845,1.402880
1846,1.385472
1847,1.352704
1848,1.387520
1849,1.401856
1850,1.349632
1851,1.341440
1852,1.330176
1853,1.353728
1854,1.375232
1855,1.380352
1856,1.391616
1857,1.303552
1858,1.346560
1859,1.338368
1860,1.378304
1861,1.384448
1862,1.278976
1863,1.344512
1864,1.337344
1865,1.296384
1866,1.336320
1867,1.353728
1868,1.342464
1869,1.316864
1870,1.306624
1871,1.371136
1872,1.346560
1873,1.355776
1874,1.303552
1875,1.318912
1876,1.314816
1877,1.362944
1878,1.361920
1879,1.359872
1880,1.354752
1881,1.135616
1882,0.780288
1883,0.662528
1884,0.638976
1885,1.349632
1886,1.178624
1887,1.320960
1888,1.350656
1889,1.356800
1890,1.346560
1891,1.372160
1892,1.374208
1893,1.390592
1894,1.390592
1895,1.325056
1896,1.348608
1897,1.348608
1898,1.355776
1899,1.333248
1900,1.327104
1901,1.360896
1902,1.362944
1903,1.320960
1904,1.362944
1905,1.358848
1906,1.323008
1907,1.349632
1908,1.362944
1909,1.325056
1910,1.306624
1911,1.360896
1912,1.326080
1913,1.347584
1914,1.314816
1915,1.357824
1916,1.302528
1917,1.352704
1918,1.320960
1919,1.364992
1920,1.375232
1921,1.368064
1922,1.386496
1923,1.300480
1924,1.329152
1925,1.287168
1926,1.315840
1927,1.392640
1928,1.360896
1929,1.343488
1930,1.103872
1931,1.289216
1932,1.178624
1933,1.292288
1934,1.353728
1935,1.324032
1936,1.306624
1937,1.306624
1938,1.328128
1939,1.373184
1940,1.342464
1941,1.352704
1942,1.375232
1943,1.314816
1944,1.334272
1945,1.349632
1946,1.326080
1947,1.353728
1948,1.371136
1949,1.325056
1950,1.355776
1951,1.359872
1952,1.379328
1953,1.318912
1954,1.345536
1955,1.349632
1956,1.366016
1957,1.294336
1958,1.308672
1959,1.360896
1960,1.345536
1961,1.311744
1962,1.306624
1963,1.337344
1964,1.387520
1965,1.369088
1966,1.298432
1967,1.355776
1968,1.345536
1969,1.317888
1970,1.356800
1971,1.375232
1972,1.356800
1973,1.387520
1974,1.338368
1975,1.326080
1976,1.133568
1977,1.163264
1978,1.202176
1979,1.277952
1980,1.260544
1981,1.293312
1982,1.303552
1983,1.323008
1984,1.302528
1985,1.345536
1986,1.314816
1987,1.360896
1988,1.349632
1989,1.325056
1990,1.358848
1991,1.356800
1992,1.362944
1993,1.308672
1994,1.327104
1995,1.317888
1996,1.348608
1997,1.320960
1998,1.318912
1999,1.296384
2000,1.324032
2001,1.353728
2002,1.342464
2003,1.385472
2004,1.334272
2005,1.331200
2006,1.354752
2007,1.331200
2008,1.323008
2009,1.302528
2010,1.313792
2011,1.363968
2012,1.286144
2013,1.274880
2014,1.317888
2015,1.411072
2016,1.320960
2017,1.362944
2018,1.321984
2019,1.368064
2020,1.313792
2021,1.094656
2022,1.362944
2023,1.355776
2024,1.238016
2025,1.265664
2026,1.267712
2027,1.305600
2028,1.317888
2029,1.339392
2030,1.334272
2031,1.350656
2032,1.345536
2033,1.354752
2034,1.369088
2035,1.324032
2036,1.281024
2037,1.311744
2038,1.364992
2039,1.325056
2040,1.370112
2041,1.352704
2042,1.323008
2043,1.364992
2044,1.338368
2045,1.290240
2046,1.344512
2047,1.299456
2048,1.342464
2049,1.341440
2050,1.385472
2051,1.362944
2052,1.340416
2053,1.314816
2054,1.317888
2055,1.311744
2056,1.350656
2057,1.340416
2058,1.357824
2059,1.326080
2060,1.314816
2061,1.311744
2062,1.393664
2063,1.363968
2064,1.318912
2065,1.337344
2066,1.308672
2067,1.339392
2068,1.258496
2069,1.216512
2070,1.338368
2071,1.354752
2072,1.333248
2073,1.389568
2074,1.325056
2075,1.323008
2076,1.366016
2077,1.359872
2078,1.390592
2079,1.367040
2080,1.351680
2081,1.350656
2082,1.361920
2083,1.317888
2084,1.411072
2085,1.332224
2086,1.357824
2087,1.315840
2088,1.364992
2089,1.323008
2090,1.341440
2091,1.308672
2092,1.333248
2093,1.309696
2094,1.394688
2095,1.383424
2096,1.333248
2097,1.338368
2098,1.335296
2099,1.360896
2100,1.333248
2101,1.363968
2102,1.354752
2103,1.359872
2104,1.328128
2105,1.325056
2106,1.319936
2107,1.340416
2108,1.339392
2109,1.380352
2110,1.324032
2111,1.228800
2112,0.923648
2113,1.309696
2114,1.256448
2115,1.315840
2116,1.276928
2117,1.311744
2118,1.339392
2119,1.390592
2120,1.361920
2121,1.333248
2122,1.360896
2123,1.338368
2124,1.345536
2125,1.324032
2126,1.296384
2127,1.336320
2128,1.355776
2129,1.330176
2130,1.314816
2131,1.311744
2132,1.332224
2133,1.340416
2134,1.307648
2135,1.338368
2136,1.351680
2137,1.300480
2138,1.343488
2139,1.344512
2140,1.344512
2141,1.313792
2142,1.323008
2143,1.325056
2144,1.320960
2145,1.326080
2146,1.354752
2147,1.352704
2148,1.389568
2149,1.359872
2150,1.348608
2151,1.344512
2152,1.344512
2153,1.278976
2154,1.355776
2155,1.338368
2156,1.329152
2157,1.314816
2158,1.145856
2159,1.296384
2160,1.220608
2161,1.326080
2162,1.306624
2163,1.334272
2164,1.310720
2165,1.327104
2166,1.304576
2167,1.357824
2168,1.319936
2169,1.315840
2170,1.384448
2171,1.374208
2172,1.308672
2173,1.317888
2174,1.358848
2175,1.352704
2176,1.348608
2177,1.343488
2178,1.324032
2179,1.343488
2180,1.302528
2181,1.319936
2182,1.355776
2183,1.375232
2184,1.349632
2185,1.318912
2186,1.343488
2187,1.312768
2188,1.295360
2189,1.353728
2190,1.351680
2191,1.314816
2192,1.271808
2193,1.362944
2194,1.395712
2195,1.380352
2196,1.308672
2197,1.355776
2198,1.306624
2199,1.314816
2200,1.336320
2201,1.340416
2202,1.351680
2203,1.315840
2204,0.936960
2205,0.711680
2206,0.646144
2207,0.628736
2208,1.318912
2209,1.235968
2210,1.328128
2211,1.355776
2212,1.328128
2213,1.333248
2214,1.312768
2215,1.317888
2216,1.351680
2217,1.346560
2218,1.372160
2219,1.307648
2220,1.303552
2221,1.313792
2222,1.312768
2223,1.369088
2224,1.335296
2225,1.353728
2226,1.345536
2227,1.293312
2228,1.360896
2229,1.361920
2230,1.321984
2231,1.344512
2232,1.308672
2233,1.311744
2234,1.359872
2235,1.357824
2236,1.308672
2237,1.373184
2238,1.358848
2239,1.367040
2240,1.343488
2241,1.315840
2242,1.335296
2243,1.330176
2244,1.300480
2245,1.368064
2246,1.325056
2247,1.316864
2248,1.354752
2249,1.350656
2250,1.338368
2251,1.299456
2252,1.285120
2253,0.877568
2254,0.745472
2255,0.688128
2256,0.635904
2257,0.620544
2258,0.606208
2259,0.580608
2260,1.390592
2261,1.369088
2262,1.325056
2263,1.268736
2264,1.320960
2265,1.380352
2266,1.292288
2267,1.321984
2268,1.315840
2269,1.312768
2270,1.360896
2271,1.295360
2272,1.392640
2273,1.334272
2274,1.353728
2275,1.356800
2276,1.306624
2277,1.362944
2278,1.371136
2279,1.358848
2280,1.300480
2281,1.297408
2282,1.305600
2283,1.361920
2284,1.342464
2285,1.218560
2286,1.363968
2287,1.366016
2288,1.321984
2289,1.387520
2290,1.361920
2291,1.318912
2292,1.339392
2293,1.319936
2294,1.338368
2295,1.352704
2296,1.316864
2297,1.345536
2298,1.343488
2299,1.320960
2300,1.353728
2301,1.346560
2302,1.356800
2303,1.366016
2304,1.095680
2305,0.692224
2306,1.408000
2307,1.333248
2308,1.327104
2309,1.312768
2310,1.286144
2311,1.339392
2312,1.382400
2313,1.323008
2314,1.303552
2315,1.314816
2316,1.348608
2317,1.379328
2318,1.374208
2319,1.367040
2320,1.333248
2321,1.357824
2322,1.342464
2323,1.335296
2324,1.275904
2325,1.325056
2326,1.413120
2327,1.342464
2328,1.374208
2329,1.331200
2330,1.350656
2331,1.318912
2332,1.355776
2333,1.330176
2334,1.354752
2335,1.313792
2336,1.301504
2337,1.297408
2338,1.326080
2339,1.290240
2340,1.358848
2341,1.325056
2342,1.314816
2343,1.386496
2344,1.311744
2345,1.320960
2346,1.338368
2347,1.329152
2348,1.338368
2349,1.340416
2350,1.263616
2351,1.468416
2352,1.395712
2353,1.336320
2354,1.345536
2355,1.332224
2356,1.359872
2357,1.343488
2358,1.323008
2359,1.295360
2360,1.344512
2361,1.313792
2362,1.312768
2363,1.333248
2364,1.272832
2365,1.366016
2366,1.395712
2367,1.393664
2368,1.346560
2369,1.329152
2370,1.329152
2371,1.325056
2372,1.335296
2373,1.335296
2374,1.323008
2375,1.342464
2376,1.293312
2377,1.373184
2378,1.338368
2379,1.313792
2380,1.354752
2381,1.308672
2382,1.333248
2383,1.332224
2384,1.360896
2385,1.387520
2386,1.355776
2387,1.362944
2388,1.318912
2389,1.346560
2390,1.303552
2391,1.340416
2392,1.367040
2393,1.362944
2394,1.359872
2395,1.244160
2396,1.364992
2397,1.382400
2398,1.349632
2399,1.388544
2400,1.305600
2401,1.354752
2402,1.376256
2403,1.384448
2404,1.361920
2405,1.321984
2406,1.358848
2407,1.319936
2408,1.307648
2409,1.307648
2410,1.334272
2411,1.321984
2412,1.314816
2413,1.320960
2414,1.402880
2415,1.345536
2416,1.341440
2417,1.388544
2418,1.367040
2419,1.366016
2420,1.321984
2421,1.389568
2422,1.346560
2423,1.333248
2424,1.315840
2425,1.398784
2426,1.309696
2427,1.366016
2428,1.311744
2429,1.332224
2430,1.356800
2431,1.329152
2432,1.356800
2433,1.325056
2434,1.372160
2435,1.331200
2436,1.302528
2437,1.354752
2438,1.284096
2439,1.347584
2440,1.164288
2441,0.681984
2442,0.611328
2443,0.590848
2444,0.579584
2445,0.569344
2446,0.569344
2447,0.567296
2448,0.564224
2449,1.360896
2450,1.374208
2451,1.275904
2452,1.346560
2453,1.285120
2454,1.306624
2455,1.383424
2456,1.323008
2457,1.338368
2458,1.348608
2459,1.376256
2460,1.310720
2461,1.310720
2462,1.382400
2463,1.361920
2464,1.370112
2465,1.383424
2466,1.341440
2467,1.317888
2468,1.360896
2469,1.317888
2470,1.351680
2471,1.341440
2472,1.321984
2473,1.326080
2474,1.345536
2475,1.328128
2476,1.417216
2477,1.315840
2478,1.306624
2479,1.329152
2480,1.309696
2481,1.295360
2482,1.348608
2483,1.329152
2484,1.345536
2485,1.309696
2486,1.328128
2487,1.325056
2488,1.338368
2489,1.343488
2490,1.343488
2491,1.311744
2492,1.339392
2493,1.302528
2494,1.273856
2495,1.192960
2496,1.341440
2497,1.369088
2498,1.328128
2499,1.324032
2500,1.329152
2501,1.373184
2502,1.308672
2503,1.312768
2504,1.299456
2505,1.369088
2506,1.345536
2507,1.340416
2508,1.292288
2509,1.297408
2510,1.346560
2511,1.337344
2512,1.343488
2513,1.299456
2514,1.372160
2515,1.382400
2516,1.349632
2517,1.320960
2518,1.300480
2519,1.307648
2520,1.311744
2521,1.292288
2522,1.386496
2523,1.287168
2524,1.329152
2525,1.334272
2526,1.321984
2527,1.338368
2528,1.336320
2529,1.325056
2530,1.349632
2531,1.369088
2532,1.292288
2533,1.372160
2534,1.325056
2535,1.395712
2536,1.382400
2537,1.336320
2538,1.344512
2539,1.182720
2540,0.908288
2541,1.336320
2542,1.184768
2543,1.382400
2544,1.321984
2545,1.355776
2546,1.352704
2547,1.330176
2548,1.333248
2549,1.370112
2550,1.430528
2551,1.360896
2552,1.373184
2553,1.371136
2554,1.338368
2555,1.319936
2556,1.317888
2557,1.348608
2558,1.299456
2559,1.348608
2560,1.304576
2561,1.336320
2562,1.366016
2563,1.374208
2564,1.343488
2565,1.330176
2566,1.306624
2567,1.324032
2568,1.328128
2569,1.317888
2570,1.334272
2571,1.290240
2572,1.324032
2573,1.349632
2574,1.304576
2575,1.332224
2576,1.369088
2577,1.337344
2578,1.352704
2579,1.349632
2580,1.384448
2581,1.299456
2582,1.349632
2583,1.316864
2584,1.314816
2585,1.300480
2586,1.003520
2587,1.500160
2588,1.434624
2589,1.314816
2590,1.396736
2591,1.360896
2592,1.303552
2593,1.284096
2594,1.278976
2595,1.349632
2596,1.324032
2597,1.338368
2598,1.331200
2599,1.356800
2600,1.285120
2601,1.363968
2602,1.295360
2603,1.299456
2604,1.315840
2605,1.353728
2606,1.290240
2607,1.347584
2608,1.345536
2609,1.349632
2610,1.372160
2611,1.356800
2612,1.332224
2613,1.350656
2614,1.330176
2615,1.330176
2616,1.346560
2617,1.320960
2618,1.375232
2619,1.311744
2620,1.344512
2621,1.342464
2622,1.326080
2623,1.321984
2624,1.335296
2625,1.393664
2626,1.355776
2627,1.374208
2628,1.293312
2629,1.363968
2630,1.340416
2631,1.298432
2632,0.669696
2633,0.922624
2634,1.262592
2635,1.294336
2636,1.306624
2637,1.331200
2638,1.350656
2639,1.342464
2640,1.298432
2641,1.311744
2642,1.349632
2643,1.316864
2644,1.307648
2645,1.349632
2646,1.360896
2647,1.409024
2648,1.373184
2649,1.344512
2650,1.388544
2651,1.388544
2652,1.374208
2653,1.355776
2654,1.375232
2655,1.339392
2656,1.312768
2657,1.332224
2658,1.341440
2659,1.292288
2660,1.327104
2661,1.358848
2662,1.403904
2663,1.292288
2664,1.347584
2665,1.330176
2666,1.318912
2667,1.342464
2668,1.313792
2669,1.375232
2670,1.315840
2671,1.348608
2672,1.392640
2673,1.312768
2674,1.362944
2675,1.359872
2676,1.342464
2677,1.281024
2678,1.177600
2679,1.218560
2680,1.300480
2681,1.285120
2682,1.308672
2683,1.311744
2684,1.327104
2685,1.352704
2686,1.335296
2687,1.298432
2688,1.321984
2689,1.328128
2690,1.292288
2691,1.297408
2692,1.297408
2693,1.318912
2694,1.338368
2695,1.355776
2696,1.338368
2697,1.346560
2698,1.303552
2699,1.311744
2700,1.368064
2701,1.367040
2702,1.303552
2703,1.339392
2704,1.326080
2705,1.278976
2706,1.324032
2707,1.367040
2708,1.310720
2709,1.340416
2710,1.342464
2711,1.342464
2712,1.345536
2713,1.368064
2714,1.299456
2715,1.315840
2716,1.321984
2717,1.356800
2718,1.336320
2719,1.353728
2720,1.309696
2721,1.355776
2722,1.402880
2723,1.232896
2724,1.343488
2725,1.239040
2726,1.302528
2727,1.313792
2728,1.351680
2729,1.373184
2730,1.391616
2731,1.345536
2732,1.347584
2733,1.348608
2734,1.294336
2735,1.321984
2736,1.298432
2737,1.321984
2738,1.286144
2739,1.332224
2740,1.404928
2741,1.351680
2742,1.396736
2743,1.364992
2744,1.320960
2745,1.339392
2746,1.378304
2747,1.328128
2748,1.369088
2749,1.342464
2750,1.334272
2751,1.343488
2752,1.378304
2753,1.379328
2754,1.406976
2755,1.316864
2756,1.302528
2757,1.352704
2758,1.309696
2759,1.353728
2760,1.358848
2761,1.339392
2762,1.373184
2763,1.339392
2764,1.330176
2765,1.362944
2766,1.296384
2767,1.271808
2768,1.179648
2769,1.287168
2770,1.306624
2771,1.358848
2772,1.300480
2773,1.284096
2774,1.349632
2775,1.359872
2776,1.347584
2777,1.368064
2778,1.355776
2779,1.340416
2780,1.394688
2781,1.375232
2782,1.313792
2783,1.384448
2784,1.364992
2785,1.314816
2786,1.333248
2787,1.342464
2788,1.343488
2789,1.349632
2790,1.334272
2791,1.352704
2792,1.376256
2793,1.349632
2794,1.372160
2795,1.330176
2796,1.350656
2797,1.308672
2798,1.339392
2799,1.343488
2800,1.308672
2801,1.343488
2802,1.351680
2803,1.344512
2804,1.314816
2805,1.319936
2806,1.344512
2807,1.342464
2808,1.306624
2809,1.306624
2810,1.343488
2811,1.307648
2812,1.192960
2813,0.845824
2814,0.615424
2815,0.599040
2816,0.574464
2817,0.572416
2818,1.343488
2819,1.337344
2820,1.323008
2821,1.305600
2822,1.354752
2823,1.360896
2824,1.335296
2825,1.344512
2826,1.324032
2827,1.336320
2828,1.352704
2829,1.306624
2830,1.321984
2831,1.362944
2832,1.324032
2833,1.305600
2834,1.363968
2835,1.353728
2836,1.354752
2837,1.360896
2838,1.349632
2839,1.319936
2840,1.399808
2841,1.353728
2842,1.367040
2843,1.298432
2844,1.331200
2845,1.325056
2846,1.375232
2847,1.381376
2848,1.307648
2849,1.346560
2850,1.311744
2851,1.346560
2852,1.330176
2853,1.341440
2854,1.346560
2855,1.316864
2856,1.357824
2857,1.341440
2858,1.313792
2859,1.321984
2860,1.351680
2861,1.363968
2862,1.142784
2863,0.782336
2864,0.670720
2865,0.630784
2866,0.605184
2867,0.584704
2868,1.401856
2869,1.428480
2870,1.313792
2871,1.307648
2872,1.349632
2873,1.359872
2874,1.369088
2875,1.302528
2876,1.318912
2877,1.319936
2878,1.337344
2879,1.327104
2880,1.409024
2881,1.342464
2882,1.405952
2883,1.349632
2884,1.303552
2885,1.392640
2886,1.391616
2887,1.332224
2888,1.330176
2889,1.368064
2890,1.349632
2891,1.351680
2892,1.377280
2893,1.331200
2894,1.348608
2895,1.358848
2896,1.309696
2897,1.354752
2898,1.385472
2899,1.354752
2900,1.343488
2901,1.325056
2902,1.342464
2903,1.337344
2904,1.380352
2905,1.344512
2906,1.354752
2907,1.319936
2908,1.389568
2909,1.392640
2910,1.341440
2911,1.377280
2912,1.157120
2913,1.366016
2914,1.348608
2915,1.362944
2916,1.394688
2917,1.386496
2918,1.396736
2919,1.343488
2920,1.325056
2921,1.360896
2922,1.321984
2923,1.368064
2924,1.268736
2925,1.332224
2926,1.384448
2927,1.335296
2928,1.389568
2929,1.340416
2930,1.329152
2931,1.321984
2932,1.351680
2933,1.313792
2934,1.321984
2935,1.382400
2936,1.333248
2937,1.339392
2938,1.328128
2939,1.347584
2940,1.400832
2941,1.358848
2942,1.348608
2943,1.349632
2944,1.324032
2945,1.341440
2946,1.325056
2947,1.319936
2948,1.360896
2949,1.301504
2950,1.349632
2951,1.329152
2952,1.337344
2953,1.338368
2954,1.369088
2955,1.335296
2956,1.331200
2957,1.239040
2958,1.379328
2959,1.401856
2960,1.401856
2961,1.350656
2962,1.353728
2963,1.324032
2964,1.306624
2965,1.333248
2966,1.358848
2967,1.359872
2968,1.338368
2969,1.380352
2970,1.345536
2971,1.327104
2972,1.368064
2973,1.367040
2974,1.310720
2975,1.360896
2976,1.382400
2977,1.372160
2978,1.370112
2979,1.391616
2980,1.378304
2981,1.356800
2982,1.351680
2983,1.301504
2984,1.280000
2985,1.321984
2986,1.374208
2987,1.370112
2988,1.371136
2989,1.334272
2990,1.342464
2991,1.321984
2992,1.284096
2993,1.371136
2994,1.263616
2995,1.366016
2996,1.386496
2997,1.371136
2998,1.396736
2999,1.314816
3000,1.341440
3001,1.356800
3002,1.213440
3003,1.396736
3004,1.344512
3005,1.339392
3006,1.280000
3007,1.335296
3008,1.293312
3009,1.319936
3010,1.318912
3011,1.355776
3012,1.369088
3013,1.291264
3014,1.350656
3015,1.314816
3016,1.332224
3017,1.333248
3018,1.340416
3019,1.331200
3020,1.343488
3021,1.354752
3022,1.386496
3023,1.302528
3024,1.380352
3025,1.346560
3026,1.380352
3027,1.364992
3028,1.362944
3029,1.327104
3030,1.321984
3031,1.306624
3032,1.321984
3033,1.324032
3034,1.335296
3035,1.383424
3036,1.384448
3037,1.344512
3038,1.356800
3039,1.497088
3040,1.315840
3041,1.308672
3042,1.327104
3043,1.380352
3044,1.335296
3045,1.341440
3046,1.366016
3047,1.074176
3048,0.850944
3049,0.666624
3050,0.623616
3051,1.356800
3052,1.347584
3053,1.320960
3054,1.327104
3055,1.337344
3056,1.351680
3057,1.300480
3058,1.377280
3059,1.370112
3060,1.349632
3061,1.313792
3062,1.301504
3063,1.346560
3064,1.384448
3065,1.311744
3066,1.390592
3067,1.382400
3068,1.318912
3069,1.326080
3070,1.327104
3071,1.313792
3072,1.348608
3073,1.316864
3074,1.342464
3075,1.351680
3076,1.348608
3077,1.352704
3078,1.323008
3079,1.311744
3080,1.323008
3081,1.321984
3082,1.284096
3083,1.326080
3084,1.282048
3085,1.292288
3086,1.312768
3087,1.309696
3088,1.343488
3089,1.308672
3090,1.288192
3091,1.328128
3092,1.354752
3093,1.358848
3094,1.359872
3095,1.327104
3096,0.936960
3097,1.357824
3098,1.282048
3099,1.456128
3100,1.345536
3101,1.302528
3102,1.346560
3103,1.332224
3104,1.348608
3105,1.368064
3106,1.353728
3107,1.328128
3108,1.392640
3109,1.362944
3110,1.330176
3111,1.337344
3112,1.332224
3113,1.255424
3114,1.368064
3115,1.373184
3116,1.305600
3117,1.373184
3118,1.338368
3119,1.319936
3120,1.379328
3121,1.311744
3122,1.274880
3123,1.380352
3124,1.357824
3125,1.330176
3126,1.359872
3127,1.321984
3128,1.296384
3129,1.292288
3130,1.300480
3131,1.351680
3132,1.344512
3133,1.341440
3134,1.302528
3135,1.379328
3136,1.358848
3137,1.436672
3138,1.306624
3139,1.332224
3140,1.290240
3141,1.204224
3142,0.945152
3143,1.403904
3144,1.413120
3145,1.367040
3146,1.355776
3147,1.357824
3148,1.320960
3149,1.390592
3150,1.350656
3151,1.342464
3152,1.334272
3153,1.371136
3154,1.357824
3155,1.363968
3156,1.319936
3157,1.342464
3158,1.343488
3159,1.350656
3160,1.308672
3161,1.357824
3162,1.302528
3163,1.363968
3164,1.298432
3165,1.326080
3166,1.330176
3167,1.385472
3168,1.386496
3169,1.384448
3170,1.333248
3171,1.336320
3172,1.388544
3173,1.347584
3174,1.328128
3175,1.319936
3176,1.335296
3177,1.350656
3178,1.296384
3179,1.382400
3180,1.357824
3181,1.325056
3182,1.386496
3183,1.379328
3184,1.326080
3185,1.316864
3186,1.326080
3187,0.977920
3188,0.870400
3189,0.773120
3190,0.669696
3191,0.619520
3192,0.587776
3193,0.576512
3194,1.375232
3195,1.295360
3196,1.321984
3197,1.330176
3198,1.324032
3199,1.307648
3200,1.309696
3201,1.349632
3202,1.308672
3203,1.304576
3204,1.366016
3205,1.380352
3206,1.320960
3207,1.377280
3208,1.350656
3209,1.353728
3210,1.373184
3211,1.318912
3212,1.361920
3213,1.363968
3214,1.284096
3215,1.302528
3216,1.362944
3217,1.378304
3218,1.357824
3219,1.306624
3220,1.304576
3221,1.355776
3222,1.320960
3223,1.350656
3224,1.306624
3225,1.362944
3226,1.309696
3227,1.319936
3228,1.318912
3229,1.353728
3230,1.313792
3231,1.371136
3232,1.367040
3233,1.397760
3234,1.346560
3235,1.319936
3236,1.352704
3237,1.349632
3238,1.286144
3239,1.422336
3240,1.380352
3241,1.379328
3242,1.412096
3243,1.361920
3244,1.295360
3245,1.302528
3246,1.350656
3247,1.339392
3248,1.368064
3249,1.313792
3250,1.391616
3251,1.348608
3252,1.304576
3253,1.356800
3254,1.325056
3255,1.318912
3256,1.389568
3257,1.339392
3258,1.342464
3259,1.310720
3260,1.343488
3261,1.314816
3262,1.361920
3263,1.373184
3264,1.385472
3265,1.309696
3266,1.343488
3267,1.368064
3268,1.354752
3269,1.318912
3270,1.335296
3271,1.312768
3272,1.350656
3273,1.319936
3274,1.352704
3275,1.335296
3276,1.342464
3277,1.354752
3278,1.306624
3279,1.361920
3280,1.364992
3281,1.351680
3282,1.357824
3283,1.314816
3284,0.942080
3285,0.617472
3286,0.587776
3287,0.587776
3288,0.571392
3289,0.567296
3290,0.563200
3291,1.296384
3292,1.350656
3293,1.362944
3294,1.345536
3295,1.348608
3296,1.351680
3297,1.341440
3298,1.254400
3299,1.353728
3300,1.371136
3301,1.358848
3302,1.384448
3303,1.391616
3304,1.333248
3305,1.361920
3306,1.377280
3307,1.410048
3308,1.384448
3309,1.376256
3310,1.341440
3311,1.349632
3312,1.342464
3313,1.392640
3314,1.366016
3315,1.310720
3316,1.344512
3317,1.348608
3318,1.356800
3319,1.339392
3320,1.326080
3321,1.343488
3322,1.382400
3323,1.366016
3324,1.337344
3325,1.313792
3326,1.335296
3327,1.325056
3328,1.354752
3329,1.351680
3330,1.367040
3331,1.288192
3332,1.305600
3333,1.317888
3334,1.353728
3335,1.145856
3336,1.197056
3337,1.274880
3338,1.328128
3339,1.328128
3340,1.489920
3341,1.330176
3342,1.318912
3343,1.522688
3344,1.352704
3345,1.304576
3346,1.341440
3347,1.291264
3348,1.294336
3349,1.314816
3350,1.327104
3351,1.334272
3352,1.337344
3353,1.325056
3354,1.300480
3355,1.318912
3356,1.283072
3357,1.334272
3358,1.285120
3359,1.353728
3360,1.326080
3361,1.359872
3362,1.306624
3363,1.384448
3364,1.341440
3365,1.295360
3366,1.386496
3367,1.342464
3368,1.319936
3369,1.350656
3370,1.350656
3371,1.343488
3372,1.338368
3373,1.332224
3374,1.385472
3375,1.335296
3376,1.327104
3377,1.344512
3378,1.368064
3379,1.263616
3380,0.990208
3381,1.349632
3382,1.247232
3383,1.267712
3384,1.320960
3385,1.370112
3386,1.361920
3387,1.331200
3388,1.362944
3389,1.356800
3390,1.398784
3391,1.372160
3392,1.319936
3393,1.292288
3394,1.324032
3395,1.351680
3396,1.302528
3397,1.342464
3398,1.298432
3399,1.315840
3400,1.334272
3401,1.357824
3402,1.345536
3403,1.303552
3404,1.360896
3405,1.368064
3406,1.293312
3407,1.311744
3408,1.288192
3409,1.338368
3410,1.331200
3411,1.340416
3412,1.318912
3413,1.370112
3414,1.391616
3415,1.332224
3416,1.356800
3417,1.321984
3418,1.324032
3419,1.317888
3420,1.302528
3421,1.348608
3422,1.383424
3423,1.305600
3424,1.325056
3425,1.338368
3426,1.174528
3427,1.402880
3428,1.342464
3429,1.392640
3430,1.408000
3431,1.346560
3432,1.393664
3433,1.319936
3434,1.381376
3435,1.289216
3436,1.342464
3437,1.346560
3438,1.343488
3439,1.382400
3440,1.364992
3441,1.344512
3442,1.394688
3443,1.315840
3444,1.290240
3445,1.271808
3446,1.350656
3447,1.345536
3448,1.369088
3449,1.324032
3450,1.351680
3451,1.338368
3452,1.350656
3453,1.317888
3454,1.271808
3455,1.347584
3456,1.382400
3457,1.297408
3458,1.355776
3459,1.324032
3460,1.344512
3461,1.346560
3462,1.327104
3463,1.344512
3464,1.389568
3465,1.296384
3466,1.280000
3467,1.342464
3468,1.332224
3469,1.374208
3470,1.341440
3471,1.208320
3472,1.144832
3473,1.266688
3474,1.291264
3475,1.338368
3476,1.309696
3477,1.372160
3478,1.356800
3479,1.324032
3480,1.445888
3481,1.367040
3482,1.240064
3483,1.341440
3484,1.331200
3485,1.352704
3486,1.326080
3487,1.349632
3488,1.348608
3489,1.374208
3490,1.369088
3491,1.361920
3492,1.356800
3493,1.324032
3494,1.351680
3495,1.333248
3496,1.320960
3497,1.312768
3498,1.343488
3499,1.342464
3500,1.346560
3501,1.389568
3502,1.376256
3503,1.303552
3504,1.337344
3505,1.327104
3506,1.315840
3507,1.348608
3508,1.307648
3509,1.360896
3510,1.385472
3511,1.310720
3512,1.392640
3513,1.390592
3514,1.349632
3515,1.318912
3516,1.212416
3517,1.212416
3518,1.335296
3519,1.312768
3520,1.294336
3521,1.302528
3522,1.273856
3523,1.329152
3524,1.318912
3525,1.345536
3526,1.328128
3527,1.336320
3528,1.289216
3529,1.306624
3530,1.323008
3531,1.303552
3532,1.352704
3533,1.317888
3534,1.327104
3535,1.345536
3536,1.376256
3537,1.327104
3538,1.313792
3539,1.360896
3540,1.363968
3541,1.330176
3542,1.362944
3543,1.317888
3544,1.378304
3545,1.351680
3546,1.346560
3547,1.338368
3548,1.325056
3549,1.256448
3550,1.363968
3551,1.338368
3552,1.351680
3553,1.349632
3554,1.355776
3555,1.345536
3556,1.307648
3557,1.351680
3558,1.329152
3559,1.333248
3560,1.335296
3561,1.267712
3562,1.456128
3563,1.368064
3564,1.334272
3565,1.416192
3566,1.334272
3567,1.337344
3568,1.330176
3569,1.338368
3570,1.367040
3571,1.327104
3572,1.337344
3573,1.456128
3574,1.319936
3575,1.355776
3576,1.330176
3577,1.339392
3578,1.331200
3579,1.334272
3580,1.326080
3581,1.308672
3582,1.361920
3583,1.287168
3584,1.330176
3585,1.357824
3586,1.343488
3587,1.339392
3588,1.314816
3589,1.335296
3590,1.353728
3591,1.358848
3592,1.337344
3593,1.381376
3594,1.305600
3595,1.319936
3596,1.373184
3597,1.332224
3598,1.361920
3599,1.381376
3600,1.374208
3601,1.310720
3602,1.367040
3603,1.319936
3604,1.349632
3605,1.337344
3606,1.136640
3607,1.345536
3608,1.212416
3609,1.325056
3610,1.331200
3611,1.432576
3612,1.366016
3613,1.378304
3614,1.319936
3615,1.343488
3616,1.345536
3617,1.383424
3618,1.334272
3619,1.328128
3620,1.282048
3621,1.266688
3622,1.377280
3623,1.333248
3624,1.348608
3625,1.391616
3626,1.285120
3627,1.335296
3628,1.304576
3629,1.337344
3630,1.343488
3631,1.344512
3632,1.353728
3633,1.351680
3634,1.376256
3635,1.340416
3636,1.304576
3637,1.346560
3638,1.325056
3639,1.389568
3640,1.361920
3641,1.341440
3642,1.303552
3643,1.287168
3644,1.394688
3645,1.292288
3646,1.330176
3647,1.377280
3648,1.388544
3649,1.398784
3650,1.334272
3651,1.299456
3652,1.153024
3653,1.089536
3654,1.300480
3655,1.307648
3656,1.333248
3657,1.342464
3658,1.311744
3659,1.345536
3660,1.344512
3661,1.349632
3662,1.358848
3663,1.340416
3664,1.372160
3665,1.359872
3666,1.300480
3667,1.276928
3668,1.325056
3669,1.243136
3670,1.318912
3671,1.346560
3672,1.351680
3673,1.369088
3674,1.333248
3675,1.347584
3676,1.343488
3677,1.409024
3678,1.369088
3679,1.371136
3680,1.330176
3681,1.353728
3682,1.352704
3683,1.353728
3684,1.296384
3685,1.332224
3686,1.344512
3687,1.359872
3688,1.375232
3689,1.337344
3690,1.346560
3691,1.288192
3692,1.360896
3693,1.347584
3694,1.366016
3695,1.347584
3696,1.344512
3697,1.211392
3698,1.161216
3699,1.284096
3700,1.339392
3701,1.323008
3702,1.357824
3703,1.272832
3704,1.359872
3705,1.299456
3706,1.373184
3707,1.354752
3708,1.345536
3709,1.348608
3710,1.339392
3711,1.361920
3712,1.364992
3713,1.341440
3714,1.303552
3715,1.319936
3716,1.326080
3717,1.335296
3718,1.362944
3719,1.328128
3720,1.305600
3721,1.366016
3722,1.337344
3723,1.354752
3724,1.305600
3725,1.439744
3726,1.289216
3727,1.262592
3728,1.342464
3729,1.358848
3730,1.340416
3731,1.304576
3732,1.384448
3733,1.328128
3734,1.313792
3735,1.347584
3736,1.331200
3737,1.328128
3738,1.349632
3739,1.321984
3740,1.326080
3741,1.346560
3742,1.064960
3743,0.806912
3744,0.737280
3745,1.412096
3746,1.343488
3747,1.388544
3748,1.362944
3749,1.313792
3750,1.336320
3751,1.326080
3752,1.314816
3753,1.344512
3754,1.328128
3755,1.328128
3756,1.335296
3757,1.286144
3758,1.318912
3759,1.362944
3760,1.333248
3761,1.345536
3762,1.342464
3763,1.357824
3764,1.346560
3765,1.351680
3766,1.343488
3767,1.339392
3768,1.383424
3769,1.324032
3770,1.369088
3771,1.321984
3772,1.362944
3773,1.341440
3774,1.523712
3775,1.499136
3776,1.362944
3777,1.342464
3778,1.354752
3779,1.333248
3780,1.332224
3781,1.391616
3782,1.307648
3783,1.356800
3784,1.347584
3785,1.392640
3786,1.323008
3787,1.347584
3788,1.326080
3789,1.199104
3790,0.792576
3791,0.604160
3792,0.600064
3793,0.599040
3794,0.582656
3795,1.391616
3796,1.364992
3797,1.342464
3798,1.342464
3799,1.388544
3800,1.295360
3801,1.321984
3802,1.341440
3803,1.320960
3804,1.311744
3805,1.325056
3806,1.355776
3807,1.307648
3808,1.373184
3809,1.330176
3810,1.393664
3811,1.388544
3812,1.357824
3813,1.401856
3814,1.434624
3815,1.376256
3816,1.331200
3817,1.358848
3818,1.336320
3819,1.376256
3820,1.366016
3821,1.363968
3822,1.351680
3823,1.339392
3824,1.319936
3825,1.287168
3826,1.342464
3827,1.328128
3828,1.325056
3829,1.326080
3830,1.311744
3831,1.325056
3832,1.351680
3833,1.342464
3834,1.363968
3835,1.345536
3836,1.348608
3837,1.325056
3838,1.295360
3839,1.185792
3840,1.224704
3841,1.282048
3842,1.309696
3843,1.347584
3844,1.318912
3845,1.323008
3846,1.307648
3847,1.392640
3848,1.348608
3849,1.299456
3850,1.330176
3851,1.299456
3852,1.368064
3853,1.319936
3854,1.314816
3855,1.306624
3856,1.290240
3857,1.345536
3858,1.341440
3859,1.276928
3860,1.326080
3861,1.340416
3862,1.316864
3863,1.314816
3864,1.374208
3865,1.294336
3866,1.358848
3867,1.341440
3868,1.312768
3869,1.344512
3870,1.295360
3871,1.331200
3872,1.347584
3873,1.293312
3874,1.311744
3875,1.353728
3876,1.387520
3877,1.355776
3878,1.299456
3879,1.308672
3880,1.305600
3881,1.336320
3882,1.324032
3883,1.294336
3884,1.361920
3885,1.213440
3886,1.204224
3887,1.213440
3888,1.270784
3889,1.244160
3890,1.299456
3891,1.346560
3892,1.370112
3893,1.348608
3894,1.371136
3895,1.317888
3896,1.324032
3897,1.337344
3898,1.303552
3899,1.324032
3900,1.325056
3901,1.343488
3902,1.316864
3903,1.330176
3904,1.331200
3905,1.338368
3906,1.371136
3907,1.231872
3908,1.273856
3909,1.308672
3910,1.359872
3911,1.409024
3912,1.368064
3913,1.369088
3914,1.333248
3915,1.430528
3916,1.362944
3917,1.360896
3918,1.317888
3919,1.344512
3920,1.301504
3921,1.326080
3922,1.302528
3923,1.318912
3924,1.340416
3925,1.346560
3926,1.323008
3927,1.333248
3928,1.350656
3929,1.310720
3930,1.284096
3931,1.307648
3932,0.952320
3933,1.422336
3934,1.390592
3935,1.339392
3936,1.429504
3937,1.339392
3938,1.305600
3939,1.351680
3940,1.303552
3941,1.288192
3942,1.321984
3943,1.345536
3944,1.330176
3945,1.318912
3946,1.335296
3947,1.357824
3948,1.300480
3949,1.337344
3950,1.297408
3951,1.329152
3952,1.298432
3953,1.334272
3954,1.333248
3955,1.375232
3956,1.388544
3957,1.353728
3958,1.382400
3959,1.348608
3960,1.381376
3961,1.348608
3962,1.373184
3963,1.352704
3964,1.331200
3965,1.376256
3966,1.353728
3967,1.376256
3968,1.307648
3969,1.325056
3970,1.271808
3971,1.338368
3972,1.338368
3973,1.366016
3974,1.349632
3975,1.374208
3976,1.389568
3977,1.107968
3978,0.730112
3979,0.606208
3980,0.593920
3981,0.596992
3982,0.598016
3983,0.590848
3984,1.270784
3985,1.302528
3986,1.263616
3987,1.286144
3988,1.336320
3989,1.352704
3990,1.373184
3991,1.330176
3992,1.382400
3993,1.335296
3994,1.294336
3995,1.325056
3996,1.338368
3997,1.370112
3998,1.312768
3999,1.334272
4000,1.364992
4001,1.292288
4002,1.302528
4003,1.301504
4004,1.348608
4005,1.282048
4006,1.361920
4007,1.345536
4008,1.384448
4009,1.317888
4010,1.311744
4011,1.278976
4012,1.319936
4013,1.362944
4014,1.331200
4015,1.366016
4016,1.363968
4017,1.333248
4018,1.315840
4019,1.324032
4020,1.344512
4021,1.359872
4022,1.394688
4023,1.315840
4024,1.432576
4025,1.345536
4026,1.392640
4027,1.359872
4028,1.287168
4029,0.997376
4030,1.461248
4031,1.366016
4032,1.340416
4033,1.345536
4034,1.361920
4035,1.377280
4036,1.356800
4037,1.313792
4038,1.337344
4039,1.434624
4040,1.344512
4041,1.341440
4042,1.284096
4043,1.310720
4044,1.314816
4045,1.286144
4046,1.307648
4047,1.350656
4048,1.378304
4049,1.315840
4050,1.349632
4051,1.318912
4052,1.368064
4053,1.313792
4054,1.304576
4055,1.304576
4056,1.315840
4057,1.361920
4058,1.417216
4059,1.310720
4060,1.383424
4061,1.379328
4062,1.345536
4063,1.371136
4064,1.378304
4065,1.235968
4066,1.309696
4067,1.317888
4068,1.398784
4069,1.378304
4070,1.362944
4071,1.370112
4072,1.364992
4073,1.343488
4074,1.258496
4075,1.211392
4076,1.172480
4077,1.325056
4078,1.317888
4079,1.349632
4080,1.317888
4081,1.349632
4082,1.350656
4083,1.347584
4084,1.348608
4085,1.314816
4086,1.303552
4087,1.353728
4088,1.331200
4089,1.333248
4090,1.336320
4091,1.313792
4092,1.292288
4093,1.364992
4094,1.307648
4095,1.352704
4096,1.346560
4097,1.355776
4098,1.313792
4099,1.364992
4100,1.355776
4101,1.321984
4102,1.319936
4103,1.349632
4104,1.286144
4105,1.332224
4106,1.383424
4107,1.393664
4108,1.363968
4109,1.337344
4110,1.336320
4111,1.363968
4112,1.321984
4113,1.328128
4114,1.345536
4115,1.348608
4116,1.311744
4117,1.315840
4118,1.311744
4119,1.384448
4120,1.332224
4121,1.016832
4122,0.632832
4123,0.587776
4124,0.580608
4125,0.571392
4126,1.333248
4127,1.291264
4128,1.296384
4129,1.301504
4130,1.288192
4131,1.292288
4132,1.309696
4133,1.346560
4134,1.357824
4135,1.313792
4136,1.281024
4137,1.315840
4138,1.341440
4139,1.344512
4140,1.326080
4141,1.304576
4142,1.303552
4143,1.296384
4144,1.283072
4145,1.353728
4146,1.345536
4147,1.337344
4148,1.371136
4149,1.344512
4150,1.354752
4151,1.362944
4152,1.321984
4153,1.311744
4154,1.358848
4155,1.346560
4156,1.310720
4157,1.311744
4158,1.302528
4159,1.359872
4160,1.314816
4161,1.276928
4162,1.323008
4163,1.306624
4164,1.304576
4165,1.338368
4166,1.338368
4167,1.324032
4168,1.355776
4169,1.317888
4170,1.337344
4171,1.162240
4172,0.833536
4173,0.596992
4174,0.575488
4175,0.569344
4176,1.353728
4177,1.389568
4178,1.384448
4179,1.385472
4180,1.332224
4181,1.290240
4182,1.396736
4183,1.331200
4184,1.319936
4185,1.340416
4186,1.358848
4187,1.341440
4188,1.376256
4189,1.353728
4190,1.380352
4191,1.377280
4192,1.358848
4193,1.339392
4194,1.363968
4195,1.371136
4196,1.333248
4197,1.385472
4198,1.292288
4199,1.341440
4200,1.326080
4201,1.272832
4202,1.313792
4203,1.387520
4204,1.315840
4205,1.348608
4206,1.347584
4207,1.349632
4208,1.361920
4209,1.332224
4210,1.318912
4211,1.294336
4212,1.350656
4213,1.343488
4214,1.348608
4215,1.376256
4216,1.358848
4217,1.338368
4218,1.329152
4219,1.360896
4220,1.188864
4221,0.800768
4222,0.635904
4223,0.610304
4224,0.592896
4225,1.383424
4226,1.282048
4227,1.316864
4228,1.301504
4229,1.320960
4230,1.294336
4231,1.337344
4232,1.351680
4233,1.367040
4234,1.361920
4235,1.319936
4236,1.346560
4237,1.319936
4238,1.358848
4239,1.315840
4240,1.319936
4241,1.332224
4242,1.315840
4243,1.360896
4244,1.349632
4245,1.367040
4246,1.346560
4247,1.396736
4248,1.291264
4249,1.399808
4250,1.324032
4251,1.368064
4252,1.310720
4253,1.267712
4254,1.323008
4255,1.310720
4256,1.284096
4257,1.294336
4258,1.330176
4259,1.337344
4260,1.312768
4261,1.390592
4262,1.342464
4263,1.394688
4264,1.338368
4265,1.335296
4266,1.320960
4267,1.310720
4268,1.308672
4269,1.311744
4270,1.102848
4271,1.254400
4272,1.166336
4273,1.362944
4274,1.392640
4275,1.356800
4276,1.316864
4277,1.332224
4278,1.364992
4279,1.335296
4280,1.324032
4281,1.346560
4282,1.291264
4283,1.350656
4284,1.364992
4285,1.296384
4286,1.339392
4287,1.328128
4288,1.327104
4289,1.288192
4290,1.327104
4291,1.341440
4292,1.303552
4293,1.361920
4294,1.353728
4295,1.282048
4296,1.370112
4297,1.366016
4298,1.315840
4299,1.315840
4300,1.361920
4301,1.354752
4302,1.377280
4303,1.277952
4304,1.348608
4305,1.295360
4306,1.299456
4307,1.343488
4308,1.308672
4309,1.327104
4310,1.324032
4311,1.356800
4312,1.367040
4313,1.316864
4314,1.416192
4315,1.397760
4316,1.213440
4317,1.311744
4318,1.234944
4319,1.330176
4320,1.316864
4321,1.360896
4322,1.310720
4323,1.373184
4324,1.412096
4325,1.332224
4326,1.307648
4327,1.373184
4328,1.335296
4329,1.299456
4330,1.372160
4331,1.337344
4332,1.436672
4333,1.332224
4334,1.316864
4335,1.340416
4336,1.318912
4337,1.356800
4338,1.353728
4339,1.302528
4340,1.334272
4341,1.338368
4342,1.336320
4343,1.334272
4344,1.369088
4345,1.300480
4346,1.356800
4347,1.421312
4348,1.339392
4349,1.348608
4350,1.337344
4351,1.390592
4352,1.386496
4353,1.364992
4354,1.333248
4355,1.305600
4356,1.359872
4357,1.258496
4358,1.313792
4359,1.373184
4360,1.350656
4361,1.129472
4362,0.722944
4363,0.651264
4364,0.616448
4365,0.607232
4366,0.606208
4367,0.588800
4368,0.580608
4369,1.348608
4370,1.299456
4371,1.305600
4372,1.302528
4373,1.310720
4374,1.342464
4375,1.338368
4376,1.311744
4377,1.358848
4378,1.319936
4379,1.343488
4380,1.334272
4381,1.319936
4382,1.315840
4383,1.293312
4384,1.326080
4385,1.362944
4386,1.314816
4387,1.336320
4388,1.338368
4389,1.381376
4390,1.323008
4391,1.384448
4392,1.340416
4393,1.304576
4394,1.355776
4395,1.301504
4396,1.340416
4397,1.312768
4398,1.353728
4399,1.356800
4400,1.308672
4401,1.324032
4402,1.337344
4403,1.354752
4404,1.296384
4405,1.340416
4406,1.355776
4407,1.330176
4408,1.341440
4409,1.338368
4410,1.310720
4411,1.411072
4412,1.369088
4413,1.308672
4414,1.257472
4415,1.181696
4416,1.334272
4417,1.247232
4418,1.272832
4419,1.339392
4420,1.377280
4421,1.331200
4422,1.307648
4423,1.345536
4424,1.389568
4425,1.333248
4426,1.223680
4427,1.315840
4428,1.316864
4429,1.307648
4430,1.313792
4431,1.294336
4432,1.283072
4433,1.311744
4434,1.332224
4435,1.318912
4436,1.335296
4437,1.401856
4438,1.364992
4439,1.360896
4440,1.353728
4441,1.334272
4442,1.294336
4443,1.389568
4444,1.340416
4445,1.377280
4446,1.330176
4447,1.351680
4448,1.349632
4449,1.352704
4450,1.323008
4451,1.308672
4452,1.353728
4453,1.276928
4454,1.289216
4455,1.367040
4456,1.343488
4457,1.344512
4458,1.331200
4459,1.188864
4460,1.158144
4461,1.243136
4462,1.297408
4463,1.304576
4464,1.271808
4465,1.346560
4466,1.261568
4467,1.348608
4468,1.331200
4469,1.336320
4470,1.326080
4471,1.309696
4472,1.337344
4473,1.281024
4474,1.359872
4475,1.349632
4476,1.201152
4477,1.351680
4478,1.369088
4479,1.340416
4480,1.417216
4481,1.366016
4482,1.398784
4483,1.307648
4484,1.325056
4485,1.369088
4486,1.325056
4487,1.317888
4488,1.309696
4489,1.358848
4490,1.357824
4491,1.343488
4492,1.374208
4493,1.351680
4494,1.317888
4495,1.376256
4496,1.348608
4497,1.302528
4498,1.352704
4499,1.342464
4500,1.376256
4501,1.295360
4502,1.331200
4503,1.305600
4504,1.218560
4505,1.195008
4506,1.145856
4507,1.331200
4508,1.175552
4509,1.286144
4510,1.376256
4511,1.352704
4512,1.370112
4513,1.335296
4514,1.302528
4515,1.304576
4516,1.285120
4517,1.344512
4518,1.293312
4519,1.304576
4520,1.355776
4521,1.369088
4522,1.332224
4523,1.355776
4524,1.346560
4525,1.358848
4526,1.366016
4527,1.364992
4528,1.369088
4529,1.359872
4530,1.372160
4531,1.319936
4532,1.355776
4533,1.367040
4534,1.358848
4535,1.392640
4536,1.392640
4537,1.312768
4538,1.382400
4539,1.342464
4540,1.310720
4541,1.333248
4542,1.342464
4543,1.333248
4544,1.307648
4545,1.292288
4546,1.355776
4547,1.353728
4548,1.380352
4549,1.315840
4550,1.114112
4551,0.872448
4552,1.096704
4553,1.198080
4554,1.359872
4555,1.486848
4556,1.351680
4557,1.349632
4558,1.351680
4559,1.331200
4560,1.363968
4561,1.342464
4562,1.292288
4563,1.337344
4564,1.328128
4565,1.325056
4566,1.337344
4567,1.297408
4568,1.339392
4569,1.336320
4570,1.347584
4571,1.320960
4572,1.296384
4573,1.349632
4574,1.338368
4575,1.353728
4576,1.340416
4577,1.355776
4578,1.372160
4579,1.361920
4580,1.331200
4581,1.377280
4582,1.333248
4583,1.343488
4584,1.355776
4585,1.309696
4586,1.356800
4587,1.352704
4588,1.313792
4589,1.352704
4590,1.321984
4591,1.320960
4592,1.307648
4593,1.376256
4594,1.329152
4595,1.345536
4596,1.307648
4597,0.996352
4598,0.709632
4599,1.361920
4600,1.307648
4601,1.266688
4602,1.254400
4603,1.384448
4604,1.374208
4605,1.244160
4606,1.330176
4607,1.353728
4608,1.324032
4609,1.349632
4610,1.374208
4611,1.332224
4612,1.342464
4613,1.421312
4614,1.367040
4615,1.314816
4616,1.294336
4617,1.323008
4618,1.323008
4619,1.353728
4620,1.294336
4621,1.364992
4622,1.332224
4623,1.351680
4624,1.324032
4625,1.383424
4626,1.360896
4627,1.334272
4628,1.325056
4629,1.315840
4630,1.368064
4631,1.347584
4632,1.426432
4633,1.385472
4634,1.317888
4635,1.341440
4636,1.349632
4637,1.356800
4638,1.366016
4639,1.312768
4640,1.344512
4641,1.313792
4642,1.320960
4643,1.340416
4644,0.833536
4645,0.686080
4646,0.650240
4647,0.648192
4648,0.645120
4649,0.592896
4650,1.392640
4651,1.393664
4652,1.294336
4653,1.293312
4654,1.328128
4655,1.323008
4656,1.301504
4657,1.321984
4658,1.342464
4659,1.342464
4660,1.376256
4661,1.347584
4662,1.359872
4663,1.352704
4664,1.359872
4665,1.336320
4666,1.326080
4667,1.327104
4668,1.348608
4669,1.323008
4670,1.355776
4671,1.330176
4672,1.378304
4673,1.328128
4674,1.354752
4675,1.315840
4676,1.305600
4677,1.321984
4678,1.353728
4679,1.376256
4680,1.330176
4681,1.282048
4682,1.346560
4683,1.504256
4684,1.368064
4685,1.296384
4686,1.308672
4687,1.389568
4688,1.359872
4689,1.314816
4690,1.350656
4691,1.292288
4692,1.298432
4693,1.303552
4694,1.314816
4695,0.954368
4696,1.298432
4697,1.339392
4698,1.343488
4699,1.351680
4700,1.386496
4701,1.316864
4702,1.511424
4703,1.334272
4704,1.325056
4705,1.386496
4706,1.317888
4707,1.363968
4708,1.376256
4709,1.336320
4710,1.348608
4711,1.319936
4712,1.341440
4713,1.394688
4714,1.371136
4715,1.351680
4716,1.340416
4717,1.333248
4718,1.282048
4719,1.387520
4720,1.325056
4721,1.263616
4722,1.337344
4723,1.370112
4724,1.360896
4725,1.396736
4726,1.321984
4727,1.310720
4728,1.325056
4729,1.385472
4730,1.352704
4731,1.339392
4732,1.345536
4733,1.368064
4734,1.311744
4735,1.325056
4736,1.358848
4737,1.300480
4738,1.334272
4739,1.339392
4740,1.223680
4741,0.847872
4742,0.629760
4743,1.342464
4744,1.255424
4745,1.314816
4746,1.309696
4747,1.326080
4748,1.385472
4749,1.350656
4750,1.380352
4751,1.324032
4752,1.332224
4753,1.290240
4754,1.303552
4755,1.340416
4756,1.340416
4757,1.351680
4758,1.309696
4759,1.334272
4760,1.328128
4761,1.338368
4762,1.353728
4763,1.386496
4764,1.347584
4765,1.358848
4766,1.370112
4767,1.309696
4768,1.347584
4769,1.304576
4770,1.334272
4771,1.352704
4772,1.310720
4773,1.304576
4774,1.340416
4775,1.375232
4776,1.319936
4777,1.330176
4778,1.330176
4779,1.328128
4780,1.400832
4781,1.319936
4782,1.368064
4783,1.340416
4784,1.345536
4785,1.368064
4786,1.339392
4787,1.294336
4788,1.261568
4789,1.159168
4790,1.309696
4791,1.254400
4792,1.308672
4793,1.327104
4794,1.346560
4795,1.318912
4796,1.361920
4797,1.319936
4798,1.347584
4799,1.320960
4800,1.341440
4801,1.348608
4802,1.313792
4803,1.268736
4804,1.281024
4805,1.325056
4806,1.314816
4807,1.376256
4808,1.309696
4809,1.357824
4810,1.403904
4811,1.386496
4812,1.354752
4813,1.376256
4814,1.348608
4815,1.336320
4816,1.333248
4817,1.364992
4818,1.325056
4819,1.312768
4820,1.375232
4821,1.336320
4822,1.325056
4823,1.301504
4824,1.332224
4825,1.303552
4826,1.293312
4827,1.367040
4828,1.352704
4829,1.375232
4830,1.325056
4831,1.342464
4832,1.324032
4833,1.102848
4834,0.854016
4835,1.342464
4836,1.273856
4837,1.354752
4838,1.310720
4839,1.304576
4840,1.350656
4841,1.353728
4842,1.379328
4843,1.352704
4844,1.328128
4845,1.292288
4846,1.363968
4847,1.328128
4848,1.305600
4849,1.316864
4850,1.331200
4851,1.347584
4852,1.317888
4853,1.356800
4854,1.318912
4855,1.353728
4856,1.329152
4857,1.319936
4858,1.387520
4859,1.334272
4860,1.363968
4861,1.303552
4862,1.392640
4863,1.326080
4864,1.346560
4865,1.315840
4866,1.349632
4867,1.303552
4868,1.319936
4869,1.345536
4870,1.335296
4871,1.340416
4872,1.359872
4873,1.336320
4874,1.342464
4875,1.330176
4876,1.377280
4877,1.313792
4878,1.354752
4879,1.284096
4880,1.181696
4881,0.843776
4882,1.355776
4883,1.302528
4884,1.265664
4885,1.313792
4886,1.344512
4887,1.374208
4888,1.360896
4889,1.321984
4890,1.344512
4891,1.357824
4892,1.363968
4893,1.356800
4894,1.380352
4895,1.332224
4896,1.351680
4897,1.377280
4898,1.329152
4899,1.362944
4900,1.336320
4901,1.334272
4902,1.328128
4903,1.297408
4904,1.342464
4905,1.333248
4906,1.337344
4907,1.370112
4908,1.334272
4909,1.313792
4910,1.311744
4911,1.297408
4912,1.305600
4913,1.345536
4914,1.335296
4915,1.312768
4916,1.326080
4917,1.353728
4918,1.383424
4919,1.340416
4920,1.378304
4921,1.302528
4922,1.330176
4923,1.319936
4924,1.360896
4925,1.356800
4926,1.331200
4927,1.378304
4928,1.292288
4929,1.259520
4930,1.262592
4931,1.366016
4932,1.398784
4933,1.342464
4934,1.379328
4935,1.370112
4936,1.345536
4937,1.306624
4938,1.352704
4939,1.302528
4940,1.380352
4941,1.320960
4942,1.367040
4943,1.370112
4944,1.360896
4945,1.307648
4946,1.319936
4947,1.393664
4948,1.343488
4949,1.321984
4950,1.319936
4951,1.307648
4952,1.362944
4953,1.344512
4954,1.418240
4955,1.359872
4956,1.410048
4957,1.324032
4958,1.346560
4959,1.303552
4960,1.338368
4961,1.320960
4962,1.349632
4963,1.347584
4964,1.327104
4965,1.326080
4966,1.361920
4967,1.352704
4968,1.333248
4969,1.318912
4970,1.366016
4971,1.276928
4972,1.165312
4973,1.302528
4974,1.192960
4975,1.308672
4976,1.370112
4977,1.352704
4978,1.416192
4979,1.348608
4980,1.348608
4981,1.355776
4982,1.338368
4983,1.334272
4984,1.318912
4985,1.376256
4986,1.343488
4987,1.305600
4988,1.304576
4989,1.375232
4990,1.332224
4991,1.306624
4992,1.347584
4993,1.303552
4994,1.305600
4995,1.329152
4996,1.352704
4997,1.356800
4998,1.357824
4999,1.345536
5000,1.312768
5001,1.362944
5002,1.292288
5003,1.372160
5004,1.349632
5005,1.335296
5006,1.354752
5007,1.342464
5008,1.333248
5009,1.337344
5010,1.318912
5011,1.309696
5012,1.311744
5013,1.356800
5014,1.315840
5015,1.343488
5016,1.352704
5017,1.309696
5018,1.001472
5019,1.334272
5020,1.188864
5021,1.293312
5022,1.371136
5023,1.319936
5024,1.387520
5025,1.287168
5026,1.361920
5027,1.366016
5028,1.326080
5029,1.374208
5030,1.308672
5031,1.286144
5032,1.303552
5033,1.361920
5034,1.340416
5035,1.304576
5036,1.341440
5037,1.296384
5038,1.355776
5039,1.357824
5040,1.308672
5041,1.321984
5042,1.363968
5043,1.360896
5044,1.301504
5045,1.347584
5046,1.326080
5047,1.361920
5048,1.268736
5049,1.285120
5050,1.293312
5051,1.353728
5052,1.367040
5053,1.345536
5054,1.391616
5055,1.354752
5056,1.368064
5057,1.327104
5058,1.309696
5059,1.315840
5060,1.370112
5061,1.362944
5062,1.348608
5063,1.217536
5064,0.957440
5065,1.314816
5066,1.205248
5067,1.306624
5068,1.347584
5069,1.364992
5070,1.333248
5071,1.331200
5072,1.298432
5073,1.307648
5074,1.348608
5075,1.375232
5076,1.320960
5077,1.392640
5078,1.314816
5079,1.332224
5080,1.329152
5081,1.337344
5082,1.338368
5083,1.350656
5084,1.364992
5085,1.321984
5086,1.327104
5087,1.349632
5088,1.337344
5089,1.314816
5090,1.310720
5091,1.354752
5092,1.348608
5093,1.345536
5094,1.331200
5095,1.337344
5096,1.347584
5097,1.323008
5098,1.328128
5099,1.391616
5100,1.363968
5101,1.366016
5102,1.422336
5103,1.363968
5104,1.358848
5105,1.339392
5106,1.315840
5107,1.330176
5108,1.390592
5109,1.249280
5110,0.737280
5111,0.632832
5112,0.625664
5113,0.599040
5114,0.589824
5115,0.590848
5116,0.577536
5117,1.358848
5118,1.368064
5119,1.349632
5120,1.311744
5121,1.319936
5122,1.349632
5123,1.326080
5124,1.321984
5125,1.366016
5126,1.361920
5127,1.380352
5128,1.323008
5129,1.314816
5130,1.387520
5131,1.317888
5132,1.329152
5133,1.330176
5134,1.368064
5135,1.338368
5136,1.306624
5137,1.274880
5138,1.328128
5139,1.357824
5140,1.357824
5141,1.358848
5142,1.324032
5143,1.346560
5144,1.308672
5145,1.299456
5146,1.349632
5147,1.320960
5148,1.410048
5149,1.325056
5150,1.376256
5151,1.369088
5152,1.356800
5153,1.353728
5154,1.313792
5155,1.314816
5156,1.330176
5157,1.323008
5158,1.308672
5159,1.427456
5160,1.318912
5161,1.202176
5162,1.185792
5163,1.278976
5164,1.352704
5165,1.337344
5166,1.299456
5167,1.285120
5168,1.333248
5169,1.325056
5170,1.341440
5171,1.301504
5172,1.323008
5173,1.318912
5174,1.350656
5175,1.281024
5176,1.340416
5177,1.296384
5178,1.318912
5179,1.286144
5180,1.376256
5181,1.314816
5182,1.336320
5183,1.309696
5184,1.352704
5185,1.357824
5186,1.403904
5187,1.408000
5188,1.310720
5189,1.354752
5190,1.368064
5191,1.389568
5192,1.354752
5193,1.335296
5194,1.339392
5195,1.349632
5196,1.349632
5197,1.402880
5198,1.309696
5199,1.344512
5200,1.349632
5201,1.348608
5202,1.311744
5203,1.316864
5204,1.315840
5205,1.293312
5206,1.027072
5207,0.843776
5208,0.678912
5209,0.616448
5210,0.587776
5211,1.369088
5212,1.363968
5213,1.281024
5214,1.277952
5215,1.292288
5216,1.312768
5217,1.352704
5218,1.349632
5219,1.295360
5220,1.358848
5221,1.356800
5222,1.378304
5223,1.399808
5224,1.399808
5225,1.397760
5226,1.342464
5227,1.359872
5228,1.332224
5229,1.335296
5230,1.386496
5231,1.314816
5232,1.402880
5233,1.386496
5234,1.351680
5235,1.332224
5236,1.348608
5237,1.362944
5238,1.353728
5239,1.296384
5240,1.296384
5241,1.354752
5242,1.343488
5243,1.326080
5244,1.345536
5245,1.412096
5246,1.291264
5247,1.331200
5248,1.346560
5249,1.367040
5250,1.354752
5251,1.363968
5252,1.352704
5253,1.370112
5254,1.372160
5255,1.210368
5256,1.051648
5257,0.713728
5258,0.606208
5259,0.588800
5260,0.576512
5261,1.390592
5262,1.379328
5263,1.317888
5264,1.372160
5265,1.291264
5266,1.269760
5267,1.328128
5268,1.340416
5269,1.344512
5270,1.302528
5271,1.378304
5272,1.341440
5273,1.316864
5274,1.340416
5275,1.352704
5276,1.359872
5277,1.352704
5278,1.308672
5279,1.302528
5280,1.321984
5281,1.362944
5282,1.361920
5283,1.304576
5284,1.345536
5285,1.348608
5286,1.357824
5287,1.375232
5288,1.435648
5289,1.328128
5290,1.309696
5291,1.343488
5292,1.331200
5293,1.314816
5294,1.290240
5295,1.332224
5296,1.410048
5297,1.346560
5298,1.345536
5299,1.351680
5300,1.340416
5301,1.363968
5302,1.339392
5303,1.329152
5304,1.325056
5305,1.171456
5306,0.768000
5307,0.634880
5308,0.613376
5309,0.594944
5310,0.577536
5311,1.291264
5312,1.157120
5313,1.323008
5314,1.374208
5315,1.373184
5316,1.358848
5317,1.346560
5318,1.358848
5319,1.340416
5320,1.355776
5321,1.358848
5322,1.332224
5323,1.353728
5324,1.354752
5325,1.312768
5326,1.311744
5327,1.321984
5328,1.308672
5329,1.356800
5330,1.349632
5331,1.353728
5332,1.333248
5333,1.415168
5334,1.324032
5335,1.316864
5336,1.368064
5337,1.358848
5338,1.351680
5339,1.277952
5340,1.313792
5341,1.345536
5342,1.342464
5343,1.266688
5344,1.374208
5345,1.330176
5346,1.333248
5347,1.311744
5348,1.363968
5349,1.335296
5350,1.303552
5351,1.314816
5352,1.337344
5353,1.317888
5354,1.342464
5355,1.323008
5356,0.992256
5357,0.728064
5358,0.622592
5359,0.604160
5360,0.606208
5361,0.582656
5362,0.562176
5363,1.396736
5364,1.362944
5365,1.285120
5366,1.378304
5367,1.274880
5368,1.275904
5369,1.343488
5370,1.320960
5371,1.326080
5372,1.314816
5373,1.350656
5374,1.366016
5375,1.314816
5376,1.386496
5377,1.325056
5378,1.321984
5379,1.347584
5380,1.320960
5381,1.333248
5382,1.325056
5383,1.303552
5384,1.381376
5385,1.352704
5386,1.492992
5387,1.321984
5388,1.462272
5389,1.309696
5390,1.337344
5391,1.323008
5392,1.336320
5393,1.311744
5394,1.330176
5395,1.335296
5396,1.296384
5397,1.332224
5398,1.383424
5399,1.259520
5400,1.341440
5401,1.348608
5402,1.325056
5403,1.341440
5404,1.337344
5405,1.321984
5406,1.329152
5407,1.331200
5408,1.305600
5409,1.167360
5410,1.320960
5411,1.343488
5412,1.320960
5413,1.332224
5414,1.336320
5415,1.338368
5416,1.352704
5417,1.358848
5418,1.337344
5419,1.304576
5420,1.330176
5421,1.311744
5422,1.344512
5423,1.369088
5424,1.357824
5425,1.336320
5426,1.360896
5427,1.330176
5428,1.329152
5429,1.347584
5430,1.297408
5431,1.305600
5432,1.348608
5433,1.311744
5434,1.366016
5435,1.327104
5436,1.368064
5437,1.369088
5438,1.347584
5439,1.362944
5440,1.347584
5441,1.361920
5442,1.387520
5443,1.376256
5444,1.339392
5445,1.330176
5446,1.342464
5447,1.265664
5448,1.349632
5449,1.316864
5450,1.332224
5451,1.317888
5452,1.263616
5453,0.906240
5454,0.727040
5455,0.611328
5456,0.619520
5457,0.609280
5458,0.603136
5459,1.330176
5460,1.350656
5461,1.281024
5462,1.294336
5463,1.286144
5464,1.306624
5465,1.300480
5466,1.326080
5467,1.332224
5468,1.343488
5469,1.362944
5470,1.355776
5471,1.302528
5472,1.333248
5473,1.364992
5474,1.278976
5475,1.316864
5476,1.311744
5477,1.349632
5478,1.310720
5479,1.313792
5480,1.317888
5481,1.374208
5482,1.310720
5483,1.373184
5484,1.351680
5485,1.349632
5486,1.332224
5487,1.351680
5488,1.320960
5489,1.335296
5490,1.333248
5491,1.300480
5492,1.333248
5493,1.333248
5494,1.311744
5495,1.341440
5496,1.310720
5497,1.333248
5498,1.335296
5499,1.362944
5500,1.361920
5501,1.345536
5502,1.382400
5503,1.273856
5504,0.992256
5505,0.759808
5506,0.624640
5507,0.608256
5508,0.591872
5509,0.590848
5510,1.397760
5511,1.424384
5512,1.350656
5513,1.394688
5514,1.346560
5515,1.393664
5516,1.349632
5517,1.333248
5518,1.313792
5519,1.321984
5520,1.362944
5521,1.329152
5522,1.349632
5523,1.383424
5524,1.339392
5525,1.364992
5526,1.333248
5527,1.292288
5528,1.344512
5529,1.321984
5530,1.350656
5531,1.337344
5532,1.373184
5533,1.330176
5534,1.323008
5535,1.367040
5536,1.304576
5537,1.296384
5538,1.351680
5539,1.310720
5540,1.359872
5541,1.314816
5542,1.307648
5543,1.370112
5544,1.313792
5545,1.397760
5546,1.347584
5547,1.358848
5548,1.382400
5549,1.367040
5550,1.287168
5551,1.334272
5552,1.302528
5553,1.276928
5554,1.185792
5555,0.733184
5556,0.641024
5557,0.642048
5558,0.629760
5559,0.598016
5560,0.572416
5561,1.337344
5562,1.188864
5563,1.299456
5564,1.347584
5565,1.357824
5566,1.336320
5567,1.312768
5568,1.349632
5569,1.358848
5570,1.345536
5571,1.360896
5572,1.271808
5573,1.304576
5574,1.371136
5575,1.377280
5576,1.352704
5577,1.354752
5578,1.359872
5579,1.328128
5580,1.331200
5581,1.299456
5582,1.357824
5583,1.357824
5584,1.347584
5585,1.348608
5586,1.321984
5587,1.363968
5588,1.360896
5589,1.375232
5590,1.360896
5591,1.366016
5592,1.315840
5593,1.293312
5594,1.350656
5595,1.324032
5596,1.351680
5597,1.352704
5598,1.361920
5599,1.378304
5600,1.313792
5601,1.352704
5602,1.297408
5603,1.349632
5604,1.317888
5605,1.320960
5606,1.188864
5607,1.144832
5608,1.315840
5609,1.307648
5610,1.342464
5611,1.349632
5612,1.324032
5613,1.326080
5614,1.336320
5615,1.336320
5616,1.346560
5617,1.416192
5618,1.350656
5619,1.340416
5620,1.354752
5621,1.300480
5622,1.293312
5623,1.358848
5624,1.337344
5625,1.394688
5626,1.339392
5627,1.343488
5628,1.351680
5629,1.298432
5630,1.338368
5631,1.323008
5632,1.290240
5633,1.358848
5634,1.287168
5635,1.304576
5636,1.327104
5637,1.336320
5638,1.276928
5639,1.293312
5640,1.379328
5641,1.312768
5642,1.312768
5643,1.297408
5644,1.369088
5645,1.346560
5646,1.332224
5647,1.335296
5648,1.343488
5649,1.353728
5650,1.342464
5651,1.246208
5652,1.344512
5653,1.254400
5654,1.291264
5655,1.338368
5656,1.362944
5657,1.353728
5658,1.326080
5659,1.382400
5660,1.373184
5661,1.382400
5662,1.370112
5663,1.341440
5664,1.399808
5665,1.344512
5666,1.336320
5667,1.294336
5668,1.355776
5669,1.305600
5670,1.331200
5671,1.314816
5672,1.315840
5673,1.325056
5674,1.371136
5675,1.324032
5676,1.314816
5677,1.353728
5678,1.291264
5679,1.321984
5680,1.284096
5681,1.307648
5682,1.367040
5683,1.373184
5684,1.372160
5685,1.360896
5686,1.348608
5687,1.327104
5688,1.350656
5689,1.305600
5690,1.387520
5691,1.359872
5692,1.340416
5693,1.351680
5694,1.314816
5695,1.343488
5696,1.343488
5697,0.863232
5698,0.636928
5699,0.608256
5700,0.585728
5701,0.577536
5702,0.566272
5703,0.559104
5704,0.546816
5705,1.397760
5706,1.392640
5707,1.377280
5708,1.418240
5709,1.357824
5710,1.303552
5711,1.299456
5712,1.314816
5713,1.277952
5714,1.357824
5715,1.329152
5716,1.317888
5717,1.340416
5718,1.413120
5719,1.313792
5720,1.362944
5721,1.323008
5722,1.276928
5723,1.408000
5724,1.302528
5725,1.353728
5726,1.315840
5727,1.374208
5728,1.343488
5729,1.357824
5730,1.348608
5731,1.302528
5732,1.363968
5733,1.324032
5734,1.282048
5735,1.339392
5736,1.323008
5737,1.292288
5738,1.355776
5739,1.348608
5740,1.364992
5741,1.357824
5742,1.300480
5743,1.380352
5744,1.320960
5745,1.302528
5746,1.318912
5747,1.334272
5748,1.298432
5749,1.321984
5750,1.386496
5751,1.364992
5752,1.334272
5753,1.321984
5754,1.306624
5755,1.362944
5756,1.324032
5757,1.355776
5758,1.325056
5759,1.363968
5760,1.358848
5761,1.364992
5762,1.354752
5763,1.360896
5764,1.342464
5765,1.334272
5766,1.355776
5767,1.350656
5768,1.356800
5769,1.357824
5770,1.356800
5771,1.309696
5772,1.332224
5773,1.306624
5774,1.338368
5775,1.325056
5776,1.330176
5777,1.333248
5778,1.347584
5779,1.282048
5780,1.312768
5781,1.348608
5782,1.356800
5783,1.339392
5784,1.353728
5785,1.363968
5786,1.358848
5787,1.318912
5788,1.383424
5789,1.321984
5790,1.300480
5791,1.274880
5792,1.318912
5793,1.345536
5794,1.301504
5795,1.302528
5796,1.140736
5797,1.338368
5798,1.330176
5799,1.317888
5800,1.284096
5801,1.300480
5802,1.310720
5803,1.355776
5804,1.331200
5805,1.374208
5806,1.378304
5807,1.360896
5808,1.345536
5809,1.354752
5810,1.355776
5811,1.306624
5812,1.264640
5813,1.311744
5814,1.349632
5815,1.363968
5816,1.323008
5817,1.344512
5818,1.387520
5819,1.356800
5820,1.345536
5821,1.363968
5822,1.337344
5823,1.358848
5824,1.315840
5825,1.327104
5826,1.342464
5827,1.333248
5828,1.364992
5829,1.301504
5830,1.374208
5831,1.330176
5832,1.330176
5833,1.358848
5834,1.283072
5835,1.319936
5836,1.335296
5837,1.360896
5838,1.353728
5839,1.270784
5840,0.928768
5841,0.686080
5842,0.611328
5843,0.603136
5844,0.599040
5845,1.329152
5846,1.302528
5847,1.269760
5848,1.291264
5849,1.338368
5850,1.313792
5851,1.325056
5852,1.336320
5853,1.339392
5854,1.336320
5855,1.364992
5856,1.281024
5857,1.362944
5858,1.405952
5859,1.290240
5860,1.372160
5861,1.357824
5862,1.393664
5863,1.371136
5864,1.346560
5865,1.399808
5866,1.333248
5867,1.337344
5868,1.370112
5869,1.318912
5870,1.317888
5871,1.373184
5872,1.351680
5873,1.378304
5874,1.323008
5875,1.360896
5876,1.330176
5877,1.288192
5878,1.363968
5879,1.318912
5880,1.360896
5881,1.350656
5882,1.348608
5883,1.359872
5884,1.356800
5885,1.350656
5886,1.348608
5887,1.355776
5888,1.292288
5889,1.199104
5890,0.881664
5891,0.726016
5892,0.647168
5893,0.603136
5894,0.603136
5895,0.590848
5896,0.571392
5897,0.567296
5898,1.454080
5899,1.297408
5900,1.343488
5901,1.372160
5902,1.396736
5903,1.339392
5904,1.315840
5905,1.347584
5906,1.310720
5907,1.290240
5908,1.317888
5909,1.330176
5910,1.393664
5911,1.332224
5912,1.347584
5913,1.356800
5914,1.320960
5915,1.272832
5916,1.297408
5917,1.351680
5918,1.550336
5919,1.335296
5920,1.320960
5921,1.248256
5922,1.349632
5923,1.370112
5924,1.343488
5925,1.340416
5926,1.319936
5927,1.309696
5928,1.336320
5929,1.345536
5930,1.340416
5931,1.367040
5932,1.341440
5933,1.303552
5934,1.293312
5935,1.290240
5936,1.349632
5937,1.341440
5938,1.290240
5939,1.364992
5940,1.345536
5941,1.377280
5942,1.247232
5943,0.980992
5944,1.359872
5945,1.312768
5946,1.296384
5947,1.324032
5948,1.287168
5949,1.299456
5950,1.296384
5951,1.360896
5952,1.304576
5953,1.377280
5954,1.373184
5955,1.313792
5956,1.332224
5957,1.347584
5958,1.299456
5959,1.340416
5960,1.323008
5961,1.308672
5962,1.297408
5963,1.335296
5964,1.364992
5965,1.356800
5966,1.338368
5967,1.307648
5968,1.348608
5969,1.340416
5970,1.308672
5971,1.300480
5972,1.271808
5973,1.307648
5974,1.334272
5975,1.341440
5976,1.343488
5977,1.340416
5978,1.370112
5979,1.325056
5980,1.295360
5981,1.346560
5982,1.336320
5983,1.358848
5984,1.349632
5985,1.331200
5986,1.345536
5987,1.346560
5988,1.178624
5989,1.148928
5990,1.366016
5991,1.296384
5992,1.252352
5993,1.333248
5994,1.340416
5995,1.344512
5996,1.306624
5997,1.339392
5998,1.309696
5999,1.358848
6000,1.335296
6001,1.362944
6002,1.312768
6003,1.333248
6004,1.302528
6005,1.300480
6006,1.321984
6007,1.321984
6008,1.318912
6009,1.343488
6010,1.340416
6011,1.292288
6012,1.316864
6013,1.312768
6014,1.318912
6015,1.306624
6016,1.354752
6017,1.478656
6018,1.404928
6019,1.337344
6020,1.352704
6021,1.334272
6022,1.348608
6023,1.297408
6024,1.306624
6025,1.360896
6026,1.327104
6027,1.360896
6028,1.332224
6029,1.402880
6030,1.344512
6031,1.325056
6032,1.289216
6033,1.085440
6034,1.312768
6035,1.148928
6036,1.343488
6037,1.341440
6038,1.367040
6039,1.339392
6040,1.341440
6041,1.341440
6042,1.350656
6043,1.347584
6044,1.341440
6045,1.369088
6046,1.353728
6047,1.378304
6048,1.377280
6049,1.379328
6050,1.380352
6051,1.337344
6052,1.315840
6053,1.379328
6054,1.300480
6055,1.355776
6056,1.327104
6057,1.352704
6058,1.308672
6059,1.333248
6060,1.339392
6061,1.310720
6062,1.346560
6063,1.533952
6064,1.294336
6065,1.300480
6066,1.251328
6067,1.340416
6068,1.338368
6069,1.321984
6070,1.354752
6071,1.350656
6072,1.343488
6073,1.341440
6074,1.344512
6075,1.307648
6076,1.317888
6077,1.346560
6078,1.339392
6079,1.103872
6080,1.259520
6081,1.198080
6082,1.331200
6083,1.303552
6084,1.336320
6085,1.358848
6086,1.309696
6087,1.344512
6088,1.340416
6089,1.307648
6090,1.319936
6091,1.353728
6092,1.369088
6093,1.324032
6094,1.350656
6095,1.358848
6096,1.331200
6097,1.349632
6098,1.334272
6099,1.315840
6100,1.294336
6101,1.317888
6102,1.310720
6103,1.346560
6104,1.293312
6105,1.344512
6106,1.335296
6107,1.271808
6108,1.329152
6109,1.325056
6110,1.341440
6111,1.330176
6112,1.358848
6113,1.282048
6114,1.367040
6115,1.367040
6116,1.293312
6117,1.309696
6118,1.315840
6119,1.297408
6120,1.331200
6121,1.285120
6122,1.361920
6123,1.384448
6124,1.295360
6125,1.213440
6126,1.122304
6127,1.214464
6128,1.300480
6129,1.324032
6130,1.290240
6131,1.321984
6132,1.332224
6133,1.328128
6134,1.288192
6135,1.341440
6136,1.311744
6137,1.311744
6138,1.347584
6139,1.340416
6140,1.367040
6141,1.335296
6142,1.343488
6143,1.321984
6144,1.379328
6145,1.332224
6146,1.358848
6147,1.360896
6148,1.368064
6149,1.335296
6150,1.341440
6151,1.275904
6152,1.336320
6153,1.345536
6154,1.317888
6155,1.316864
6156,1.315840
6157,1.366016
6158,1.371136
6159,1.287168
6160,1.380352
6161,1.345536
6162,1.362944
6163,1.370112
6164,1.327104
6165,1.332224
6166,1.293312
6167,1.329152
6168,1.303552
6169,1.341440
6170,1.149952
6171,1.184768
6172,1.236992
6173,1.319936
6174,1.303552
6175,1.303552
6176,1.325056
6177,1.296384
6178,1.360896
6179,1.381376
6180,1.357824
6181,1.337344
6182,1.335296
6183,1.379328
6184,1.305600
6185,1.318912
6186,1.291264
6187,1.296384
6188,1.292288
6189,1.304576
6190,1.329152
6191,1.348608
6192,1.336320
6193,1.323008
6194,1.383424
6195,1.298432
6196,1.286144
6197,1.316864
6198,1.258496
6199,1.374208
6200,1.323008
6201,1.316864
6202,1.332224
6203,1.303552
6204,1.323008
6205,1.297408
6206,1.273856
6207,1.317888
6208,1.342464
6209,1.344512
6210,1.324032
6211,1.357824
6212,1.410048
6213,1.304576
6214,1.327104
6215,1.408000
6216,1.074176
6217,0.642048
6218,0.827392
6219,0.624640
6220,0.630784
6221,1.377280
6222,1.318912
6223,1.290240
6224,1.287168
6225,1.337344
6226,1.315840
6227,1.323008
6228,1.381376
6229,1.343488
6230,1.331200
6231,1.354752
6232,1.366016
6233,1.321984
6234,1.357824
6235,1.381376
6236,1.372160
6237,1.291264
6238,1.331200
6239,1.352704
6240,1.364992
6241,1.353728
6242,1.373184
6243,1.342464
6244,1.409024
6245,1.355776
6246,1.394688
6247,1.321984
6248,1.343488
6249,1.377280
6250,1.337344
6251,1.338368
6252,1.383424
6253,1.329152
6254,1.326080
6255,1.339392
6256,1.313792
6257,1.334272
6258,1.310720
6259,1.364992
6260,1.350656
6261,1.334272
6262,1.345536
6263,1.366016
6264,1.328128
6265,1.157120
6266,1.275904
6267,1.177600
6268,1.530880
6269,1.258496
6270,1.264640
6271,1.263616
6272,1.339392
6273,1.341440
6274,1.354752
6275,1.379328
6276,1.340416
6277,1.393664
6278,1.371136
6279,1.348608
6280,1.349632
6281,1.327104
6282,1.361920
6283,1.346560
6284,1.321984
6285,1.353728
6286,1.330176
6287,1.317888
6288,1.329152
6289,1.361920
6290,1.368064
6291,1.327104
6292,1.312768
6293,1.349632
6294,1.345536
6295,1.348608
6296,1.335296
6297,1.341440
6298,1.340416
6299,1.352704
6300,1.339392
6301,1.328128
6302,1.301504
6303,1.397760
6304,1.317888
6305,1.288192
6306,1.316864
6307,1.300480
6308,1.369088
6309,1.362944
6310,1.223680
6311,1.231872
6312,1.187840
6313,1.286144
6314,1.359872
6315,1.352704
6316,1.313792
6317,1.359872
6318,1.315840
6319,1.383424
6320,1.309696
6321,1.323008
6322,1.330176
6323,1.324032
6324,1.241088
6325,1.281024
6326,1.352704
6327,1.241088
6328,1.313792
6329,1.290240
6330,1.349632
6331,1.339392
6332,1.348608
6333,1.336320
6334,1.338368
6335,1.344512
6336,1.346560
6337,1.320960
6338,1.362944
6339,1.371136
6340,1.328128
6341,1.342464
6342,1.335296
6343,1.324032
6344,1.333248
6345,1.336320
6346,1.351680
6347,1.339392
6348,1.287168
6349,1.316864
6350,1.326080
6351,1.336320
6352,1.328128
6353,1.340416
6354,1.321984
6355,1.285120
6356,1.222656
6357,0.866304
6358,1.380352
6359,1.356800
6360,1.249280
6361,1.282048
6362,1.265664
6363,1.339392
6364,1.409024
6365,1.350656
6366,1.390592
6367,1.327104
6368,1.363968
6369,1.402880
6370,1.340416
6371,1.346560
6372,1.320960
6373,1.352704
6374,1.288192
6375,1.283072
6376,1.347584
6377,1.293312
6378,1.333248
6379,1.339392
6380,1.345536
6381,1.350656
6382,1.361920
6383,1.356800
6384,1.370112
6385,1.346560
6386,1.360896
6387,1.323008
6388,1.355776
6389,1.349632
6390,1.283072
6391,1.369088
6392,1.338368
6393,1.309696
6394,1.301504
6395,1.336320
6396,1.372160
6397,1.310720
6398,1.337344
6399,1.317888
6400,1.335296
6401,1.338368
6402,1.236992
6403,1.283072
6404,1.230848
6405,1.379328
6406,1.369088
6407,1.294336
6408,1.323008
6409,1.335296
6410,1.302528
6411,1.333248
6412,1.378304
6413,1.346560
6414,1.332224
6415,1.348608
6416,1.342464
6417,1.321984
6418,1.311744
6419,1.340416
6420,1.335296
6421,1.363968
6422,1.305600
6423,1.298432
6424,1.335296
6425,1.387520
6426,1.347584
6427,1.362944
6428,1.328128
6429,1.328128
6430,1.305600
6431,1.386496
6432,1.285120
6433,1.337344
6434,1.296384
6435,1.321984
6436,1.383424
6437,1.372160
6438,1.301504
6439,1.328128
6440,1.330176
6441,1.307648
6442,1.354752
6443,1.317888
6444,1.324032
6445,1.319936
6446,1.321984
6447,1.271808
6448,1.196032
6449,1.233920
6450,1.345536
6451,1.341440
6452,1.339392
6453,1.320960
6454,1.312768
6455,1.346560
6456,1.354752
6457,1.381376
6458,1.355776
6459,1.353728
6460,1.359872
6461,1.371136
6462,1.345536
6463,1.339392
6464,1.325056
6465,1.352704
6466,1.356800
6467,1.323008
6468,1.349632
6469,1.349632
6470,1.348608
6471,1.314816
6472,1.333248
6473,1.352704
6474,1.355776
6475,1.368064
6476,1.336320
6477,1.342464
6478,1.332224
6479,1.319936
6480,1.391616
6481,1.307648
6482,1.337344
6483,1.379328
6484,1.341440
6485,1.311744
6486,1.319936
6487,1.317888
6488,1.316864
6489,1.345536
6490,1.357824
6491,1.345536
6492,1.330176
6493,1.210368
6494,1.201152
6495,1.275904
6496,1.268736
6497,1.286144
6498,1.319936
6499,1.327104
6500,1.290240
6501,1.366016
6502,1.352704
6503,1.320960
6504,1.313792
6505,1.318912
6506,1.306624
6507,1.346560
6508,1.343488
6509,1.362944
6510,1.351680
6511,1.375232
6512,1.342464
6513,1.360896
6514,1.318912
6515,1.350656
6516,1.298432
6517,1.328128
6518,1.349632
6519,1.330176
6520,1.293312
6521,1.362944
6522,1.354752
6523,1.324032
6524,1.359872
6525,1.339392
6526,1.343488
6527,1.309696
6528,1.349632
6529,1.346560
6530,1.313792
6531,1.399808
6532,1.347584
6533,1.341440
6534,1.329152
6535,1.316864
6536,1.333248
6537,1.347584
6538,1.252352
6539,1.333248
6540,1.275904
6541,1.439744
6542,1.343488
6543,1.333248
6544,1.317888
6545,1.311744
6546,1.353728
6547,1.359872
6548,1.352704
6549,1.372160
6550,1.326080
6551,1.352704
6552,1.374208
6553,1.356800
6554,1.349632
6555,1.316864
6556,1.327104
6557,1.280000
6558,1.342464
6559,1.328128
6560,1.317888
6561,1.346560
6562,1.336320
6563,1.328128
6564,1.347584
6565,1.302528
6566,1.329152
6567,1.388544
6568,1.329152
6569,1.340416
6570,1.366016
6571,1.343488
6572,1.314816
6573,1.307648
6574,1.289216
6575,1.275904
6576,1.374208
6577,1.319936
6578,1.387520
6579,1.392640
6580,1.332224
6581,1.333248
6582,1.315840
6583,1.316864
6584,0.856064
6585,1.353728
6586,1.298432
6587,1.331200
6588,1.308672
6589,1.316864
6590,1.310720
6591,1.332224
6592,1.313792
6593,1.327104
6594,1.356800
6595,1.300480
6596,1.318912
6597,1.306624
6598,1.326080
6599,1.330176
6600,1.313792
6601,1.364992
6602,1.352704
6603,1.316864
6604,1.303552
6605,1.320960
6606,1.375232
6607,1.346560
6608,1.334272
6609,1.350656
6610,1.316864
6611,1.339392
6612,1.306624
6613,1.338368
6614,1.369088
6615,1.341440
6616,1.355776
6617,1.336320
6618,1.350656
6619,1.387520
6620,1.357824
6621,1.353728
6622,1.359872
6623,1.328128
6624,1.334272
6625,1.345536
6626,1.336320
6627,1.376256
6628,1.382400
6629,1.248256
6630,1.200128
6631,1.165312
6632,1.348608
6633,1.269760
6634,1.293312
6635,1.328128
6636,1.296384
6637,1.341440
6638,1.273856
6639,1.276928
6640,1.344512
6641,1.313792
6642,1.291264
6643,1.326080
6644,1.376256
6645,1.361920
6646,1.307648
6647,1.362944
6648,1.307648
6649,1.269760
6650,1.319936
6651,1.326080
6652,1.314816
6653,1.287168
6654,1.317888
6655,1.338368
6656,1.326080
6657,1.297408
6658,1.355776
6659,1.303552
6660,1.358848
6661,1.356800
6662,1.352704
6663,1.300480
6664,1.281024
6665,1.319936
6666,1.355776
6667,1.299456
6668,1.362944
6669,1.337344
6670,1.367040
6671,1.381376
6672,1.355776
6673,1.366016
6674,1.317888
6675,1.329152
6676,1.083392
6677,0.656384
6678,0.604160
6679,0.601088
6680,0.589824
6681,0.562176
6682,0.556032
6683,1.323008
6684,1.330176
6685,1.374208
6686,1.317888
6687,1.327104
6688,1.314816
6689,1.328128
6690,1.369088
6691,1.369088
6692,1.427456
6693,1.343488
6694,1.369088
6695,1.392640
6696,1.291264
6697,1.313792
6698,1.350656
6699,1.334272
6700,1.309696
6701,1.330176
6702,1.345536
6703,1.328128
6704,1.344512
6705,1.302528
6706,1.343488
6707,1.346560
6708,1.312768
6709,1.290240
6710,1.328128
6711,1.316864
6712,1.310720
6713,1.341440
6714,1.371136
6715,1.350656
6716,1.335296
6717,1.341440
6718,1.392640
6719,1.309696
6720,1.320960
6721,1.320960
6722,1.326080
6723,1.332224
6724,1.358848
6725,1.351680
6726,1.342464
6727,1.320960
6728,1.346560
6729,1.229824
6730,1.276928
6731,1.284096
6732,1.323008
6733,1.319936
6734,1.230848
6735,1.312768
6736,1.326080
6737,1.382400
6738,1.348608
6739,1.377280
6740,1.341440
6741,1.350656
6742,1.345536
6743,1.340416
6744,1.363968
6745,1.337344
6746,1.408000
6747,1.353728
6748,1.348608
6749,1.363968
6750,1.377280
6751,1.353728
6752,1.367040
6753,1.353728
6754,1.349632
6755,1.377280
6756,1.348608
6757,1.320960
6758,1.345536
6759,1.374208
6760,1.316864
6761,1.341440
6762,1.287168
6763,1.324032
6764,1.366016
6765,1.327104
6766,1.352704
6767,1.350656
6768,1.341440
6769,1.358848
6770,1.350656
6771,1.332224
6772,1.277952
6773,0.813056
6774,0.589824
6775,0.589824
6776,0.571392
6777,0.566272
6778,1.361920
6779,1.336320
6780,1.309696
6781,1.318912
6782,1.360896
6783,1.347584
6784,1.255424
6785,1.369088
6786,1.308672
6787,1.368064
6788,1.317888
6789,1.302528
6790,1.370112
6791,1.352704
6792,1.325056
6793,1.302528
6794,1.357824
6795,1.383424
6796,1.313792
6797,1.351680
6798,1.341440
6799,1.315840
6800,1.359872
6801,1.320960
6802,1.353728
6803,1.359872
6804,1.331200
6805,1.349632
6806,1.438720
6807,1.315840
6808,1.374208
6809,1.368064
6810,1.317888
6811,1.402880
6812,1.368064
6813,1.305600
6814,1.352704
6815,1.336320
6816,1.374208
6817,1.309696
6818,1.349632
6819,1.288192
6820,1.361920
6821,1.293312
6822,1.318912
6823,1.031168
6824,0.699392
6825,1.395712
6826,1.331200
6827,1.305600
6828,1.296384
6829,1.373184
6830,1.355776
6831,1.312768
6832,1.299456
6833,1.341440
6834,1.292288
6835,1.376256
6836,1.341440
6837,1.331200
6838,1.385472
6839,1.388544
6840,1.372160
6841,1.358848
6842,1.366016
6843,1.333248
6844,1.361920
6845,1.377280
6846,1.357824
6847,1.332224
6848,1.310720
6849,1.310720
6850,1.402880
6851,1.355776
6852,1.369088
6853,1.311744
6854,1.391616
6855,1.305600
6856,1.330176
6857,1.364992
6858,1.333248
6859,1.337344
6860,1.345536
6861,1.355776
6862,1.302528
6863,1.406976
6864,1.375232
6865,1.353728
6866,1.394688
6867,1.389568
6868,1.349632
6869,1.088512
6870,1.377280
6871,1.359872
6872,1.297408
6873,1.305600
6874,1.272832
6875,1.321984
6876,1.345536
6877,1.314816
6878,1.364992
6879,1.292288
6880,1.370112
6881,1.358848
6882,1.410048
6883,1.370112
6884,1.311744
6885,1.311744
6886,1.320960
6887,1.357824
6888,1.332224
6889,1.366016
6890,1.362944
6891,1.316864
6892,1.354752
6893,1.332224
6894,1.361920
6895,1.382400
6896,1.312768
6897,1.353728
6898,1.372160
6899,1.348608
6900,1.350656
6901,1.312768
6902,1.318912
6903,1.315840
6904,1.325056
6905,1.324032
6906,1.321984
6907,1.363968
6908,1.361920
6909,1.347584
6910,1.337344
6911,1.298432
6912,1.372160
6913,1.356800
6914,1.173504
6915,1.399808
6916,1.337344
6917,1.350656
6918,1.313792
6919,1.367040
6920,1.336320
6921,1.393664
6922,1.367040
6923,1.317888
6924,1.299456
6925,1.321984
6926,1.328128
6927,1.306624
6928,1.362944
6929,1.319936
6930,1.347584
6931,1.364992
6932,1.369088
6933,1.361920
6934,1.370112
6935,1.377280
6936,1.311744
6937,1.354752
6938,1.324032
6939,1.281024
6940,1.374208
6941,1.367040
6942,1.321984
6943,1.343488
6944,1.392640
6945,1.305600
6946,1.319936
6947,1.338368
6948,1.371136
6949,1.351680
6950,1.346560
6951,1.347584
6952,1.381376
6953,1.327104
6954,1.368064
6955,1.320960
6956,1.361920
6957,1.377280
6958,1.348608
6959,1.215488
6960,1.243136
6961,1.215488
6962,1.310720
6963,1.359872
6964,1.331200
6965,1.355776
6966,1.319936
6967,1.371136
6968,1.307648
6969,1.285120
6970,1.293312
6971,1.314816
6972,1.317888
6973,1.295360
6974,1.347584
6975,1.323008
6976,1.325056
6977,1.377280
6978,1.311744
6979,1.374208
6980,1.326080
6981,1.373184
6982,1.324032
6983,1.295360
6984,1.334272
6985,1.318912
6986,1.312768
6987,1.313792
6988,1.284096
6989,1.333248
6990,1.313792
6991,1.316864
6992,1.312768
6993,1.387520
6994,1.289216
6995,1.368064
6996,1.302528
6997,1.381376
6998,1.326080
6999,1.330176
7000,1.354752
7001,1.358848
7002,1.326080
7003,1.324032
7004,1.359872
7005,1.132544
7006,1.188864
7007,1.277952
7008,1.301504
7009,1.311744
7010,1.299456
7011,1.358848
7012,1.338368
7013,1.354752
7014,1.270784
7015,1.354752
7016,1.320960
7017,1.177600
7018,1.330176
7019,1.361920
7020,1.396736
7021,1.357824
7022,1.337344
7023,1.340416
7024,1.355776
7025,1.338368
7026,1.403904
7027,1.335296
7028,1.332224
7029,1.331200
7030,1.247232
7031,1.347584
7032,1.349632
7033,1.355776
7034,1.348608
7035,1.340416
7036,1.345536
7037,1.369088
7038,1.345536
7039,1.314816
7040,1.329152
7041,1.326080
7042,1.381376
7043,1.362944
7044,1.331200
7045,1.351680
7046,1.360896
7047,1.331200
7048,1.351680
7049,1.323008
7050,1.131520
7051,1.304576
7052,1.215488
7053,1.289216
7054,1.331200
7055,1.393664
7056,1.350656
7057,1.377280
7058,1.356800
7059,1.343488
7060,1.340416
7061,1.357824
7062,1.314816
7063,1.366016
7064,1.380352
7065,1.351680
7066,1.380352
7067,1.358848
7068,1.328128
7069,1.321984
7070,1.338368
7071,1.392640
7072,1.335296
7073,1.358848
7074,1.334272
7075,1.305600
7076,1.341440
7077,1.404928
7078,1.300480
7079,1.334272
7080,1.330176
7081,1.370112
7082,1.381376
7083,1.357824
7084,1.386496
7085,1.349632
7086,1.341440
7087,1.304576
7088,1.323008
7089,1.329152
7090,1.359872
7091,1.353728
7092,1.345536
7093,1.372160
7094,1.391616
7095,1.175552
7096,1.302528
7097,1.173504
7098,1.318912
7099,1.358848
7100,1.349632
7101,1.280000
7102,1.312768
7103,1.269760
7104,1.356800
7105,1.358848
7106,1.289216
7107,1.401856
7108,1.348608
7109,1.354752
7110,1.363968
7111,1.348608
7112,1.309696
7113,1.353728
7114,1.356800
7115,1.361920
7116,1.401856
7117,1.329152
7118,1.379328
7119,1.338368
7120,1.325056
7121,1.377280
7122,1.264640
7123,1.389568
7124,1.347584
7125,1.305600
7126,1.374208
7127,1.330176
7128,1.334272
7129,1.313792
7130,1.325056
7131,1.372160
7132,1.290240
7133,1.352704
7134,1.335296
7135,1.349632
7136,1.341440
7137,1.309696
7138,1.326080
7139,1.317888
7140,1.376256
7141,1.134592
7142,0.664576
7143,1.387520
7144,1.369088
7145,1.359872
7146,1.352704
7147,1.341440
7148,1.344512
7149,1.286144
7150,1.309696
7151,1.367040
7152,1.332224
7153,1.360896
7154,1.312768
7155,1.315840
7156,1.320960
7157,1.356800
7158,1.370112
7159,1.388544
7160,1.290240
7161,1.377280
7162,1.334272
7163,1.337344
7164,1.320960
7165,1.334272
7166,1.346560
7167,1.335296
7168,1.328128
7169,1.312768
7170,1.373184
7171,1.295360
7172,1.348608
7173,1.339392
7174,1.343488
7175,1.363968
7176,1.329152
7177,1.337344
7178,1.312768
7179,1.316864
7180,1.368064
7181,1.323008
7182,1.312768
7183,1.296384
7184,1.366016
7185,1.300480
7186,1.371136
7187,1.302528
7188,1.383424
7189,1.288192
7190,1.294336
7191,1.330176
7192,1.338368
7193,1.335296
7194,1.354752
7195,1.349632
7196,1.306624
7197,1.330176
7198,1.358848
7199,1.373184
7200,1.356800
7201,1.403904
7202,1.349632
7203,1.363968
7204,1.408000
7205,1.366016
7206,1.335296
7207,1.316864
7208,1.332224
7209,1.323008
7210,1.358848
7211,1.348608
7212,1.307648
7213,1.314816
7214,1.338368
7215,1.356800
7216,1.321984
7217,1.283072
7218,1.272832
7219,1.334272
7220,1.341440
7221,1.384448
7222,1.377280
7223,1.375232
7224,1.349632
7225,1.337344
7226,1.356800
7227,1.417216
7228,1.312768
7229,1.347584
7230,1.340416
7231,1.391616
7232,1.319936
7233,0.918528
7234,1.465344
7235,1.346560
7236,1.334272
7237,1.351680
7238,1.349632
7239,1.285120
7240,1.331200
7241,1.358848
7242,1.336320
7243,1.304576
7244,1.325056
7245,1.304576
7246,1.323008
7247,1.326080
7248,1.339392
7249,1.316864
7250,1.348608
7251,1.335296
7252,1.374208
7253,1.347584
7254,1.379328
7255,1.333248
7256,1.358848
7257,1.350656
7258,1.387520
7259,1.356800
7260,1.346560
7261,1.323008
7262,1.354752
7263,1.401856
7264,1.392640
7265,1.342464
7266,1.320960
7267,1.325056
7268,1.324032
7269,1.340416
7270,1.382400
7271,1.306624
7272,1.373184
7273,1.326080
7274,1.346560
7275,1.399808
7276,1.334272
7277,1.313792
7278,1.212416
7279,0.774144
7280,0.626688
7281,0.609280
7282,1.391616
7283,1.338368
7284,1.319936
7285,1.361920
7286,1.262592
7287,1.288192
7288,1.373184
7289,1.311744
7290,1.362944
7291,1.302528
7292,1.323008
7293,1.319936
7294,1.337344
7295,1.344512
7296,1.350656
7297,1.350656
7298,1.300480
7299,1.346560
7300,1.410048
7301,1.356800
7302,1.330176
7303,1.292288
7304,1.303552
7305,1.350656
7306,1.340416
7307,1.295360
7308,1.338368
7309,1.390592
7310,1.384448
7311,1.318912
7312,1.357824
7313,1.364992
7314,1.337344
7315,1.326080
7316,1.285120
7317,1.345536
7318,1.318912
7319,1.372160
7320,1.357824
7321,1.339392
7322,1.335296
7323,1.356800
7324,1.351680
7325,1.349632
7326,1.356800
7327,0.935936
7328,1.337344
7329,1.240064
7330,1.288192
7331,1.351680
7332,1.306624
7333,1.313792
7334,1.353728
7335,1.376256
7336,1.337344
7337,1.323008
7338,1.383424
7339,1.355776
7340,1.361920
7341,1.363968
7342,1.303552
7343,1.370112
7344,1.374208
7345,1.327104
7346,1.357824
7347,1.307648
7348,1.309696
7349,1.348608
7350,1.375232
7351,1.325056
7352,1.339392
7353,1.317888
7354,1.340416
7355,1.358848
7356,1.327104
7357,1.298432
7358,1.304576
7359,1.361920
7360,1.306624
7361,1.345536
7362,1.413120
7363,1.359872
7364,1.331200
7365,1.326080
7366,1.347584
7367,1.348608
7368,1.335296
7369,1.302528
7370,1.347584
7371,1.354752
7372,1.134592
7373,1.404928
7374,1.429504
7375,1.326080
7376,1.398784
7377,1.346560
7378,1.377280
7379,1.356800
7380,1.364992
7381,1.378304
7382,1.341440
7383,1.343488
7384,1.314816
7385,1.313792
7386,1.285120
7387,1.249280
7388,1.324032
7389,1.363968
7390,1.391616
7391,1.368064
7392,1.394688
7393,1.323008
7394,1.300480
7395,1.383424
7396,1.302528
7397,1.331200
7398,1.314816
7399,1.320960
7400,1.367040
7401,1.333248
7402,1.333248
7403,1.382400
7404,1.344512
7405,1.343488
7406,1.324032
7407,1.346560
7408,1.334272
7409,1.376256
7410,1.346560
7411,1.372160
7412,1.368064
7413,1.357824
7414,1.302528
7415,1.415168
7416,1.369088
7417,1.298432
7418,1.011712
7419,1.380352
7420,1.292288
7421,1.330176
7422,1.309696
7423,1.335296
7424,1.323008
7425,1.357824
7426,1.352704
7427,1.329152
7428,1.329152
7429,1.308672
7430,1.310720
7431,1.410048
7432,1.347584
7433,1.336320
7434,1.377280
7435,1.362944
7436,1.355776
7437,1.343488
7438,1.319936
7439,1.336320
7440,1.328128
7441,1.298432
7442,1.352704
7443,1.391616
7444,1.336320
7445,1.293312
7446,1.344512
7447,1.354752
7448,1.361920
7449,1.333248
7450,1.359872
7451,1.355776
7452,1.358848
7453,1.353728
7454,1.333248
7455,1.343488
7456,1.366016
7457,1.323008
7458,1.343488
7459,1.326080
7460,1.360896
7461,1.392640
7462,1.317888
7463,1.171456
7464,0.776192
7465,0.637952
7466,0.634880
7467,1.377280
7468,1.397760
7469,1.320960
7470,1.337344
7471,1.347584
7472,1.337344
7473,1.338368
7474,1.345536
7475,1.337344
7476,1.290240
7477,1.308672
7478,1.283072
7479,1.330176
7480,1.368064
7481,1.327104
7482,1.339392
7483,1.276928
7484,1.313792
7485,1.308672
7486,1.314816
7487,1.347584
7488,1.372160
7489,1.360896
7490,1.386496
7491,1.398784
7492,1.356800
7493,1.313792
7494,1.308672
7495,1.339392
7496,1.294336
7497,1.306624
7498,1.311744
7499,1.344512
7500,1.320960
7501,1.334272
7502,1.425408
7503,1.398784
7504,1.314816
7505,1.382400
7506,1.321984
7507,1.348608
7508,1.318912
7509,1.346560
7510,1.336320
7511,1.104896
7512,0.808960
7513,0.732160
7514,0.633856
7515,0.613376
7516,1.332224
7517,1.277952
7518,1.301504
7519,1.344512
7520,1.329152
7521,1.420288
7522,1.325056
7523,1.343488
7524,1.291264
7525,1.339392
7526,1.347584
7527,1.339392
7528,1.287168
7529,1.357824
7530,1.328128
7531,1.337344
7532,1.362944
7533,1.380352
7534,1.383424
7535,1.351680
7536,1.294336
7537,1.294336
7538,1.371136
7539,1.337344
7540,1.342464
7541,1.287168
7542,1.347584
7543,1.368064
7544,1.372160
7545,1.386496
7546,1.360896
7547,1.319936
7548,1.304576
7549,1.340416
7550,1.291264
7551,1.312768
7552,1.362944
7553,1.285120
7554,1.300480
7555,1.334272
7556,1.313792
7557,1.319936
7558,1.353728
7559,1.346560
7560,1.266688
7561,1.236992
7562,1.122304
7563,1.283072
7564,1.336320
7565,1.316864
7566,1.306624
7567,1.347584
7568,1.326080
7569,1.340416
7570,1.321984
7571,1.355776
7572,1.346560
7573,1.329152
7574,1.351680
7575,1.316864
7576,1.321984
7577,1.345536
7578,1.359872
7579,1.336320
7580,1.386496
7581,1.360896
7582,1.315840
7583,1.335296
7584,1.348608
7585,1.330176
7586,1.297408
7587,1.344512
7588,1.342464
7589,1.301504
7590,1.275904
7591,1.353728
7592,1.317888
7593,1.325056
7594,1.345536
7595,1.334272
7596,1.313792
7597,1.333248
7598,1.309696
7599,1.333248
7600,1.332224
7601,1.333248
7602,1.353728
7603,1.347584
7604,1.347584
7605,1.333248
7606,1.114112
7607,1.333248
7608,1.209344
7609,1.334272
7610,1.315840
7611,1.328128
7612,1.361920
7613,1.317888
7614,1.329152
7615,1.355776
7616,1.297408
7617,1.359872
7618,1.351680
7619,1.296384
7620,1.313792
7621,1.387520
7622,1.361920
7623,1.299456
7624,1.350656
7625,1.336320
7626,1.341440
7627,1.305600
7628,1.318912
7629,1.319936
7630,1.321984
7631,1.315840
7632,1.313792
7633,1.357824
7634,1.357824
7635,1.347584
7636,1.341440
7637,1.316864
7638,1.256448
7639,1.260544
7640,1.334272
7641,1.267712
7642,1.347584
7643,1.337344
7644,1.350656
7645,1.314816
7646,1.371136
7647,1.320960
7648,1.328128
7649,1.294336
7650,1.344512
7651,1.313792
7652,0.950272
7653,1.309696
7654,1.132544
7655,1.320960
7656,1.287168
7657,1.328128
7658,1.341440
7659,1.378304
7660,1.324032
7661,1.326080
7662,1.361920
7663,1.326080
7664,1.313792
7665,1.390592
7666,1.364992
7667,1.303552
7668,1.328128
7669,1.307648
7670,1.334272
7671,1.337344
7672,1.307648
7673,1.331200
7674,1.357824
7675,1.339392
7676,1.335296
7677,1.334272
7678,1.363968
7679,1.352704
7680,1.313792
7681,1.331200
7682,1.330176
7683,1.325056
7684,1.313792
7685,1.326080
7686,1.351680
7687,1.308672
7688,1.343488
7689,1.309696
7690,1.399808
7691,1.355776
7692,1.389568
7693,1.381376
7694,1.379328
7695,1.349632
7696,1.321984
7697,1.340416
7698,1.038336
7699,0.681984
7700,1.420288
7701,1.426432
7702,1.354752
7703,1.338368
7704,1.364992
7705,1.353728
7706,1.344512
7707,1.354752
7708,1.368064
7709,1.345536
7710,1.325056
7711,1.303552
7712,1.315840
7713,1.302528
7714,1.307648
7715,1.306624
7716,1.308672
7717,1.368064
7718,1.298432
7719,1.334272
7720,1.353728
7721,1.340416
7722,1.349632
7723,1.304576
7724,1.342464
7725,1.347584
7726,1.305600
7727,1.310720
7728,1.349632
7729,1.352704
7730,1.367040
7731,1.350656
7732,1.337344
7733,1.349632
7734,1.373184
7735,1.371136
7736,1.337344
7737,1.341440
7738,1.354752
7739,1.335296
7740,1.349632
7741,1.381376
7742,1.304576
7743,1.349632
7744,1.261568
7745,0.825344
7746,0.632832
7747,0.599040
7748,0.594944
7749,0.581632
7750,0.573440
7751,0.556032
7752,0.552960
7753,1.375232
7754,1.301504
7755,1.333248
7756,1.337344
7757,1.311744
7758,1.292288
7759,1.337344
7760,1.323008
7761,1.343488
7762,1.347584
7763,1.374208
7764,1.333248
7765,1.347584
7766,1.390592
7767,1.346560
7768,1.367040
7769,1.378304
7770,1.376256
7771,1.317888
7772,1.336320
7773,1.382400
7774,1.343488
7775,1.317888
7776,1.261568
7777,1.313792
7778,1.333248
7779,1.332224
7780,1.360896
7781,1.326080
7782,1.361920
7783,1.354752
7784,1.285120
7785,1.241088
7786,1.346560
7787,1.352704
7788,1.328128
7789,1.297408
7790,1.352704
7791,1.308672
7792,1.381376
7793,1.359872
7794,1.310720
7795,1.307648
7796,1.306624
7797,1.288192
7798,1.343488
7799,1.245184
7800,1.368064
7801,1.297408
7802,1.347584
7803,1.325056
7804,1.318912
7805,1.347584
7806,1.341440
7807,1.356800
7808,1.308672
7809,1.379328
7810,1.295360
7811,1.394688
7812,1.334272
7813,1.308672
7814,1.317888
7815,1.341440
7816,1.321984
7817,1.383424
7818,1.327104
7819,1.301504
7820,1.343488
7821,1.331200
7822,1.315840
7823,1.356800
7824,1.342464
7825,1.359872
7826,1.337344
7827,1.346560
7828,1.389568
7829,1.362944
7830,1.287168
7831,1.294336
7832,1.363968
7833,1.378304
7834,1.364992
7835,1.346560
7836,1.336320
7837,1.286144
7838,1.359872
7839,1.335296
7840,1.342464
7841,1.343488
7842,1.304576
7843,1.039360
7844,1.372160
7845,1.382400
7846,1.295360
7847,1.331200
7848,1.342464
7849,1.300480
7850,1.328128
7851,1.358848
7852,1.363968
7853,1.344512
7854,1.351680
7855,1.357824
7856,1.393664
7857,1.348608
7858,1.380352
7859,1.379328
7860,1.400832
7861,1.356800
7862,1.343488
7863,1.352704
7864,1.389568
7865,1.335296
7866,1.364992
7867,1.382400
7868,1.345536
7869,1.344512
7870,1.349632
7871,1.328128
7872,1.317888
7873,1.328128
7874,1.335296
7875,1.389568
7876,1.320960
7877,1.332224
7878,1.352704
7879,1.306624
7880,1.324032
7881,1.312768
7882,1.320960
7883,1.317888
7884,1.363968
7885,1.344512
7886,1.315840
7887,1.326080
7888,1.087488
7889,0.762880
7890,0.698368
7891,0.664576
7892,0.629760
7893,1.308672
7894,1.297408
7895,1.268736
7896,1.335296
7897,1.370112
7898,1.340416
7899,1.338368
7900,1.315840
7901,1.317888
7902,1.312768
7903,1.341440
7904,1.361920
7905,1.345536
7906,1.368064
7907,1.335296
7908,1.347584
7909,1.373184
7910,1.361920
7911,1.290240
7912,1.342464
7913,1.337344
7914,1.369088
7915,1.325056
7916,1.310720
7917,1.319936
7918,1.341440
7919,1.375232
7920,1.353728
7921,1.335296
7922,1.302528
7923,1.338368
7924,1.348608
7925,1.330176
7926,1.314816
7927,1.328128
7928,1.299456
7929,1.343488
7930,1.368064
7931,1.333248
7932,1.319936
7933,1.350656
7934,1.337344
7935,1.278976
7936,1.313792
7937,1.300480
7938,1.183744
7939,0.747520
7940,1.346560
7941,1.234944
7942,1.295360
7943,1.333248
7944,1.346560
7945,1.301504
7946,1.328128
7947,1.355776
7948,1.346560
7949,1.360896
7950,1.371136
7951,1.342464
7952,1.312768
7953,1.324032
7954,1.376256
7955,1.291264
7956,1.310720
7957,1.327104
7958,1.345536
7959,1.347584
7960,1.325056
7961,1.377280
7962,1.350656
7963,1.380352
7964,1.341440
7965,1.302528
7966,1.340416
7967,1.347584
7968,1.340416
7969,1.344512
7970,1.348608
7971,1.354752
7972,1.345536
7973,1.315840
7974,1.282048
7975,1.302528
7976,1.316864
7977,1.351680
7978,1.336320
7979,1.384448
7980,1.380352
7981,1.364992
7982,1.406976
7983,1.340416
7984,1.231872
7985,0.905216
7986,0.654336
7987,1.435648
7988,1.341440
7989,1.455104
7990,1.355776
7991,1.329152
7992,1.333248
7993,1.341440
7994,1.372160
7995,1.325056
7996,1.326080
7997,1.270784
7998,1.323008
7999,1.375232
8000,1.317888
8001,1.370112
8002,1.361920
8003,1.306624
8004,1.347584
8005,1.390592
8006,1.361920
8007,1.341440
8008,1.393664
8009,1.309696
8010,1.355776
8011,1.333248
8012,1.375232
8013,1.300480
8014,1.312768
8015,1.328128
8016,1.348608
8017,1.323008
8018,1.294336
8019,1.376256
8020,1.509376
8021,1.369088
8022,1.339392
8023,1.395712
8024,1.403904
8025,1.317888
8026,1.368064
8027,1.369088
8028,1.296384
8029,1.392640
8030,1.306624
8031,1.175552
8032,0.802816
8033,0.595968
8034,0.588800
8035,0.586752
8036,0.595968
8037,0.574464
8038,1.366016
8039,1.313792
8040,1.344512
8041,1.339392
8042,1.307648
8043,1.324032
8044,1.277952
8045,1.321984
8046,1.319936
8047,1.356800
8048,1.367040
8049,1.341440
8050,1.360896
8051,1.329152
8052,1.355776
8053,1.358848
8054,1.343488
8055,1.355776
8056,1.350656
8057,1.387520
8058,1.363968
8059,1.363968
8060,1.330176
8061,1.366016
8062,1.364992
8063,1.308672
8064,1.350656
8065,1.369088
8066,1.403904
8067,1.350656
8068,1.293312
8069,1.310720
8070,1.326080
8071,1.336320
8072,1.371136
8073,1.319936
8074,1.333248
8075,1.344512
8076,1.344512
8077,1.300480
8078,1.307648
8079,1.336320
8080,1.364992
8081,1.353728
8082,1.173504
8083,0.973824
8084,0.672768
8085,0.602112
8086,0.586752
8087,0.566272
8088,0.559104
8089,1.431552
8090,1.405952
8091,1.336320
8092,1.364992
8093,1.360896
8094,1.371136
8095,1.320960
8096,1.317888
8097,1.324032
8098,1.295360
8099,1.363968
8100,1.311744
8101,1.353728
8102,1.320960
8103,1.330176
8104,1.363968
8105,1.390592
8106,1.303552
8107,1.325056
8108,1.388544
8109,1.363968
8110,1.325056
8111,1.318912
8112,1.368064
8113,1.337344
8114,1.348608
8115,1.349632
8116,1.320960
8117,1.409024
8118,1.364992
8119,1.364992
8120,1.361920
8121,1.334272
8122,1.332224
8123,1.352704
8124,1.329152
8125,1.327104
8126,1.278976
8127,1.341440
8128,1.379328
8129,1.342464
8130,1.377280
8131,1.327104
8132,1.310720
8133,1.161216
8134,1.335296
8135,1.245184
8136,1.292288
8137,1.288192
8138,1.379328
8139,1.337344
8140,1.309696
8141,1.328128
8142,1.305600
8143,1.305600
8144,1.320960
8145,1.387520
8146,1.327104
8147,1.352704
8148,1.367040
8149,1.358848
8150,1.308672
8151,1.339392
8152,1.362944
8153,1.294336
8154,1.318912
8155,1.294336
8156,1.357824
8157,1.343488
8158,1.345536
8159,1.391616
8160,1.362944
8161,1.357824
8162,1.358848
8163,1.341440
8164,1.334272
8165,1.344512
8166,1.320960
8167,1.337344
8168,1.425408
8169,1.324032
8170,1.338368
8171,1.360896
8172,1.330176
8173,1.312768
8174,1.358848
8175,1.324032
8176,1.374208
8177,1.342464
8178,1.255424
8179,0.900096
8180,0.661504
8181,0.636928
8182,0.613376
8183,0.605184
8184,0.599040
8185,1.356800
8186,1.436672
8187,1.352704
8188,1.349632
8189,1.290240
8190,1.348608
8191,1.183744
8192,1.394688
8193,1.369088
8194,1.360896
8195,1.363968
8196,1.298432
8197,1.347584
8198,1.271808
8199,1.307648
8200,1.376256
8201,1.373184
8202,1.358848
8203,1.330176
8204,1.297408
8205,1.383424
8206,1.359872
8207,1.371136
8208,1.363968
8209,1.334272
8210,1.397760
8211,1.366016
8212,1.335296
8213,1.313792
8214,1.376256
8215,1.341440
8216,1.306624
8217,1.331200
8218,1.312768
8219,1.301504
8220,1.288192
8221,1.370112
8222,1.342464
8223,1.368064
8224,1.332224
8225,1.333248
8226,1.310720
8227,1.337344
8228,1.329152
8229,1.222656
8230,1.392640
8231,1.283072
8232,1.277952
8233,1.324032
8234,1.356800
8235,1.343488
8236,1.354752
8237,1.313792
8238,1.344512
8239,1.323008
8240,1.294336
8241,1.358848
8242,1.364992
8243,1.287168
8244,1.272832
8245,1.335296
8246,1.369088
8247,1.329152
8248,1.314816
8249,1.369088
8250,1.321984
8251,1.317888
8252,1.298432
8253,1.308672
8254,1.320960
8255,1.402880
8256,1.354752
8257,1.385472
8258,1.331200
8259,1.339392
8260,1.305600
8261,1.306624
8262,1.324032
8263,1.320960
8264,1.345536
8265,1.364992
8266,1.370112
8267,1.320960
8268,1.345536
8269,1.377280
8270,1.361920
8271,1.344512
8272,1.311744
8273,1.363968
8274,1.253376
8275,0.871424
8276,0.661504
8277,0.643072
8278,0.603136
8279,0.584704
8280,1.391616
8281,1.336320
8282,1.342464
8283,1.361920
8284,1.373184
8285,1.333248
8286,1.349632
8287,1.277952
8288,1.335296
8289,1.367040
8290,1.304576
8291,1.357824
8292,1.303552
8293,1.364992
8294,1.316864
8295,1.312768
8296,1.347584
8297,1.372160
8298,1.332224
8299,1.371136
8300,1.344512
8301,1.364992
8302,1.353728
8303,1.379328
8304,1.342464
8305,1.335296
8306,1.370112
8307,1.343488
8308,1.336320
8309,1.354752
8310,1.347584
8311,1.336320
8312,1.328128
8313,1.350656
8314,1.339392
8315,1.333248
8316,1.332224
8317,1.310720
8318,1.338368
8319,1.386496
8320,1.364992
8321,1.390592
8322,1.339392
8323,1.373184
8324,1.275904
8325,0.893952
8326,0.644096
8327,0.606208
8328,0.595968
8329,1.326080
8330,1.200128
8331,1.373184
8332,1.488896
8333,1.336320
8334,1.358848
8335,1.314816
8336,1.362944
8337,1.367040
8338,1.348608
8339,1.338368
8340,1.320960
8341,1.378304
8342,1.313792
8343,1.342464
8344,1.313792
8345,1.402880
8346,1.376256
8347,1.364992
8348,1.352704
8349,1.363968
8350,1.358848
8351,1.338368
8352,1.292288
8353,1.298432
8354,1.368064
8355,1.319936
8356,1.355776
8357,1.368064
8358,1.320960
8359,1.351680
8360,1.384448
8361,1.321984
8362,1.357824
8363,1.343488
8364,1.318912
8365,1.297408
8366,1.312768
8367,1.388544
8368,1.392640
8369,1.341440
8370,1.339392
8371,1.369088
8372,1.340416
8373,1.241088
8374,1.214464
8375,1.205248
8376,1.305600
8377,1.302528
8378,1.349632
8379,1.255424
8380,1.383424
8381,1.334272
8382,1.338368
8383,1.325056
8384,1.391616
8385,1.291264
8386,1.283072
8387,1.298432
8388,1.300480
8389,1.336320
8390,1.289216
8391,1.308672
8392,1.338368
8393,1.292288
8394,1.315840
8395,1.308672
8396,1.299456
8397,1.312768
8398,1.316864
8399,1.498112
8400,1.321984
8401,1.351680
8402,1.340416
8403,1.330176
8404,1.361920
8405,1.350656
8406,1.379328
8407,1.371136
8408,1.324032
8409,1.337344
8410,1.335296
8411,1.359872
8412,1.346560
8413,1.306624
8414,1.339392
8415,1.350656
8416,1.348608
8417,1.340416
8418,1.331200
8419,1.051648
8420,0.778240
8421,1.198080
8422,1.251328
8423,1.336320
8424,1.301504
8425,1.338368
8426,1.359872
8427,1.371136
8428,1.359872
8429,1.338368
8430,1.283072
8431,1.342464
8432,1.358848
8433,1.356800
8434,1.314816
8435,1.360896
8436,1.335296
8437,1.342464
8438,1.319936
8439,1.366016
8440,1.291264
8441,1.320960
8442,1.344512
8443,1.359872
8444,1.259520
8445,1.319936
8446,1.351680
8447,1.347584
8448,1.358848
8449,1.353728
8450,1.353728
8451,1.359872
8452,1.362944
8453,1.340416
8454,1.358848
8455,1.336320
8456,1.343488
8457,1.339392
8458,1.317888
8459,1.358848
8460,1.319936
8461,1.282048
8462,1.357824
8463,1.343488
8464,1.316864
8465,1.233920
8466,1.269760
8467,1.176576
8468,1.096704
8469,1.264640
8470,1.378304
8471,1.342464
8472,1.329152
8473,1.327104
8474,1.366016
8475,1.344512
8476,1.341440
8477,1.371136
8478,1.284096
8479,1.302528
8480,1.348608
8481,1.340416
8482,1.352704
8483,1.319936
8484,1.315840
8485,1.280000
8486,1.325056
8487,1.338368
8488,1.344512
8489,1.473536
8490,1.386496
8491,1.378304
8492,1.397760
8493,1.378304
8494,1.422336
8495,1.384448
8496,1.330176
8497,1.331200
8498,1.351680
8499,1.347584
8500,1.424384
8501,1.281024
8502,1.327104
8503,1.349632
8504,1.323008
8505,1.312768
8506,1.345536
8507,1.360896
8508,1.372160
8509,1.382400
8510,1.252352
8511,0.882688
8512,0.749568
8513,0.664576
8514,0.637952
8515,0.592896
8516,0.568320
8517,1.402880
8518,1.383424
8519,1.300480
8520,1.256448
8521,1.332224
8522,1.344512
8523,1.327104
8524,1.309696
8525,1.360896
8526,1.337344
8527,1.364992
8528,1.346560
8529,1.344512
8530,1.356800
8531,1.351680
8532,1.334272
8533,1.320960
8534,1.306624
8535,1.316864
8536,1.357824
8537,1.339392
8538,1.334272
8539,1.377280
8540,1.379328
8541,1.356800
8542,1.388544
8543,1.321984
8544,1.298432
8545,1.346560
8546,1.313792
8547,1.326080
8548,1.384448
8549,1.386496
8550,1.358848
8551,1.359872
8552,1.384448
8553,1.357824
8554,1.336320
8555,1.292288
8556,1.359872
8557,1.281024
8558,1.456128
8559,1.340416
8560,1.336320
8561,1.193984
8562,0.830464
8563,0.651264
8564,0.606208
8565,0.592896
8566,0.584704
8567,0.559104
8568,0.548864
8569,1.371136
8570,1.384448
8571,1.402880
8572,1.350656
8573,1.336320
8574,1.360896
8575,1.337344
8576,1.382400
8577,1.350656
8578,1.362944
8579,1.400832
8580,1.318912
8581,1.331200
8582,1.329152
8583,1.361920
8584,1.339392
8585,1.357824
8586,1.363968
8587,1.391616
8588,1.268736
8589,1.323008
8590,1.313792
8591,1.335296
8592,1.379328
8593,1.381376
8594,1.328128
8595,1.364992
8596,1.274880
8597,1.376256
8598,1.367040
8599,1.324032
8600,1.374208
8601,1.316864
8602,1.348608
8603,1.296384
8604,1.313792
8605,1.377280
8606,1.326080
8607,1.341440
8608,1.345536
8609,1.381376
8610,1.362944
8611,1.318912
8612,1.341440
8613,1.254400
8614,1.335296
8615,1.286144
8616,1.310720
8617,1.363968
8618,1.352704
8619,1.356800
8620,1.352704
8621,1.386496
8622,1.352704
8623,1.356800
8624,1.338368
8625,1.363968
8626,1.349632
8627,1.318912
8628,1.306624
8629,1.311744
8630,1.396736
8631,1.350656
8632,1.314816
8633,1.401856
8634,1.389568
8635,1.340416
8636,1.376256
8637,1.319936
8638,1.362944
8639,1.343488
8640,1.301504
8641,1.313792
8642,1.310720
8643,1.341440
8644,1.298432
8645,1.339392
8646,1.319936
8647,1.374208
8648,1.309696
8649,1.309696
8650,1.339392
8651,1.359872
8652,1.368064
8653,1.334272
8654,1.301504
8655,1.340416
8656,1.371136
8657,1.338368
8658,1.297408
8659,1.149952
8660,1.225728
8661,1.288192
8662,1.299456
8663,1.267712
8664,1.342464
8665,1.305600
8666,1.306624
8667,1.317888
8668,1.362944
8669,1.368064
8670,1.318912
8671,1.372160
8672,1.311744
8673,1.327104
8674,1.302528
8675,1.336320
8676,1.369088
8677,1.350656
8678,1.357824
8679,1.351680
8680,1.332224
8681,1.356800
8682,1.265664
8683,1.353728
8684,1.314816
8685,1.354752
8686,1.315840
8687,1.404928
8688,1.278976
8689,1.315840
8690,1.337344
8691,1.315840
8692,1.366016
8693,1.338368
8694,1.282048
8695,1.372160
8696,1.329152
8697,1.290240
8698,1.314816
8699,1.296384
8700,1.324032
8701,1.358848
8702,1.361920
8703,1.325056
8704,1.233920
8705,1.195008
8706,1.378304
8707,1.369088
8708,1.349632
8709,1.321984
8710,1.326080
8711,1.321984
8712,1.324032
8713,1.301504
8714,1.335296
8715,1.306624
8716,1.349632
8717,1.310720
8718,1.340416
8719,1.376256
8720,1.320960
8721,1.330176
8722,1.319936
8723,1.352704
8724,1.349632
8725,1.307648
8726,1.374208
8727,1.314816
8728,1.359872
8729,1.308672
8730,1.373184
8731,1.371136
8732,1.369088
8733,1.334272
8734,1.312768
8735,1.359872
8736,1.297408
8737,1.372160
8738,1.344512
8739,1.401856
8740,1.351680
8741,1.331200
8742,1.343488
8743,1.367040
8744,1.354752
8745,1.396736
8746,1.330176
8747,1.352704
8748,1.339392
8749,1.025024
8750,0.750592
8751,0.652288
8752,0.775168
8753,0.587776
8754,0.568320
8755,1.306624
8756,1.239040
8757,1.345536
8758,1.270784
8759,1.352704
8760,1.398784
8761,1.344512
8762,1.297408
8763,1.371136
8764,1.346560
8765,1.392640
8766,1.392640
8767,1.375232
8768,1.325056
8769,1.343488
8770,1.358848
8771,1.364992
8772,1.392640
8773,1.326080
8774,1.372160
8775,1.372160
8776,1.382400
8777,1.335296
8778,1.337344
8779,1.352704
8780,1.387520
8781,1.346560
8782,1.325056
8783,1.318912
8784,1.318912
8785,1.261568
8786,1.313792
8787,1.348608
8788,1.361920
8789,1.350656
8790,1.339392
8791,1.329152
8792,1.352704
8793,1.353728
8794,1.342464
8795,1.358848
8796,1.355776
8797,1.366016
8798,1.335296
8799,1.304576
8800,0.862208
8801,1.346560
8802,1.262592
8803,1.294336
8804,1.267712
8805,1.328128
8806,1.296384
8807,1.352704
8808,1.390592
8809,1.302528
8810,1.293312
8811,1.309696
8812,1.371136
8813,1.317888
8814,1.418240
8815,1.338368
8816,1.292288
8817,1.293312
8818,1.277952
8819,1.285120
8820,1.334272
8821,1.368064
8822,1.320960
8823,1.300480
8824,1.308672
8825,1.293312
8826,1.318912
8827,1.309696
8828,1.292288
8829,1.300480
8830,1.335296
8831,1.313792
8832,1.313792
8833,1.286144
8834,1.352704
8835,1.295360
8836,1.317888
8837,1.297408
8838,1.321984
8839,1.262592
8840,1.297408
8841,1.287168
8842,1.317888
8843,1.360896
8844,1.259520
8845,1.275904
8846,1.306624
8847,1.142784
8848,1.126400
8849,1.277952
8850,1.313792
8851,1.298432
8852,1.343488
8853,1.346560
8854,1.341440
8855,1.289216
8856,1.348608
8857,1.287168
8858,1.314816
8859,1.305600
8860,1.289216
8861,1.195008
8862,1.315840
8863,1.292288
8864,1.248256
8865,1.257472
8866,1.349632
8867,1.302528
8868,1.287168
8869,1.310720
8870,1.278976
8871,1.264640
8872,1.314816
8873,1.353728
8874,1.301504
8875,1.328128
8876,1.291264
8877,1.298432
8878,1.294336
8879,1.334272
8880,1.342464
8881,1.342464
8882,1.392640
8883,1.286144
8884,1.345536
8885,1.344512
8886,1.275904
8887,1.311744
8888,1.295360
8889,1.298432
8890,2.776064
8891,2.596864
8892,1.246208
8893,1.235968
8894,1.325056
8895,1.295360
8896,1.359872
8897,1.292288
8898,1.316864
8899,1.326080
8900,1.366016
8901,1.342464
8902,1.301504
8903,1.270784
8904,1.296384
8905,1.317888
8906,1.399808
8907,1.223680
8908,1.280000
8909,1.324032
8910,1.281024
8911,1.275904
8912,1.285120
8913,1.313792
8914,1.264640
8915,3.630080
8916,1.327104
8917,1.308672
8918,1.320960
8919,1.274880
8920,2.306048
8921,1.311744
8922,1.369088
8923,1.286144
8924,2.345984
8925,1.222656
8926,3.609600
8927,1.321984
8928,1.266688
8929,1.349632
8930,1.245184
8931,1.306624
8932,1.296384
8933,1.132544
8934,0.637952
8935,1.366016
8936,1.290240
8937,1.337344
8938,1.303552
8939,1.331200
8940,1.300480
8941,1.291264
8942,1.274880
8943,1.272832
8944,1.297408
8945,1.324032
8946,1.304576
8947,1.277952
8948,1.299456
8949,1.294336
8950,1.284096
8951,1.305600
8952,1.301504
8953,1.296384
8954,1.285120
8955,1.343488
8956,1.338368
8957,1.336320
8958,1.328128
8959,1.341440
8960,1.283072
8961,1.320960
8962,1.314816
8963,1.333248
8964,1.339392
8965,1.275904
8966,1.315840
8967,1.334272
8968,1.295360
8969,1.317888
8970,1.332224
8971,1.298432
8972,1.304576
8973,1.326080
8974,1.321984
8975,1.333248
8976,1.309696
8977,1.291264
8978,1.323008
8979,1.334272
8980,1.286144
8981,0.749568
8982,0.666624
8983,0.638976
8984,0.629760
8985,0.607232
8986,0.583680
8987,0.566272
8988,0.562176
8989,1.473536
8990,1.307648
8991,1.319936
8992,1.333248
8993,1.280000
8994,1.296384
8995,1.319936
8996,1.319936
8997,1.289216
8998,1.318912
8999,1.303552
9000,1.329152
9001,1.283072
9002,1.323008
9003,1.269760
9004,1.293312
9005,1.281024
9006,1.316864
9007,1.371136
9008,1.313792
9009,1.333248
9010,1.280000
9011,1.381376
9012,1.312768
9013,1.327104
9014,1.305600
9015,1.313792
9016,1.291264
9017,1.333248
9018,1.351680
9019,1.368064
9020,1.290240
9021,1.309696
9022,1.265664
9023,1.340416
9024,1.363968
9025,1.302528
9026,1.301504
9027,1.332224
9028,1.304576
9029,1.324032
9030,1.297408
9031,1.338368
9032,1.360896
9033,1.290240
9034,1.222656
9035,0.964608
9036,0.718848
9037,0.694272
9038,0.688128
9039,0.658432
9040,0.606208
9041,0.574464
9042,1.302528
9043,1.278976
9044,1.295360
9045,1.274880
9046,1.304576
9047,1.294336
9048,1.361920
9049,1.357824
9050,1.334272
9051,1.343488
9052,1.360896
9053,1.336320
9054,1.314816
9055,1.267712
9056,1.344512
9057,1.325056
9058,1.300480
9059,1.311744
9060,1.272832
9061,1.319936
9062,1.372160
9063,1.276928
9064,1.324032
9065,1.370112
9066,1.281024
9067,1.299456
9068,1.299456
9069,1.311744
9070,1.347584
9071,1.287168
9072,1.335296
9073,1.343488
9074,1.341440
9075,1.268736
9076,1.239040
9077,1.290240
9078,1.286144
9079,1.329152
9080,1.332224
9081,1.344512
9082,1.292288
9083,1.295360
9084,1.312768
9085,1.359872
9086,1.390592
9087,1.300480
9088,1.332224
9089,1.275904
9090,1.302528
9091,1.341440
9092,1.336320
9093,1.370112
9094,1.265664
9095,1.300480
9096,1.313792
9097,1.285120
9098,1.298432
9099,1.355776
9100,1.324032
9101,1.338368
9102,1.284096
9103,1.313792
9104,1.311744
9105,1.316864
9106,1.363968
9107,1.359872
9108,1.315840
9109,1.310720
9110,1.323008
9111,1.284096
9112,1.299456
9113,1.319936
9114,1.299456
9115,1.326080
9116,1.318912
9117,1.288192
9118,1.333248
9119,1.275904
9120,1.300480
9121,1.329152
9122,1.298432
9123,1.318912
9124,1.280000
9125,1.300480
9126,1.324032
9127,1.358848
9128,1.317888
9129,1.329152
9130,1.292288
9131,1.324032
9132,1.289216
9133,1.285120
9134,1.127424
9135,1.321984
9136,1.230848
9137,1.308672
9138,1.301504
9139,1.293312
9140,1.267712
9141,1.350656
9142,1.241088
9143,1.265664
9144,1.345536
9145,1.303552
9146,1.305600
9147,1.330176
9148,1.338368
9149,1.297408
9150,1.323008
9151,1.301504
9152,1.309696
9153,1.316864
9154,1.309696
9155,1.297408
9156,1.301504
9157,1.343488
9158,1.358848
9159,1.274880
9160,1.325056
9161,1.291264
9162,1.287168
9163,1.309696
9164,1.296384
9165,1.326080
9166,1.338368
9167,1.280000
9168,1.304576
9169,1.323008
9170,1.366016
9171,1.325056
9172,1.297408
9173,1.330176
9174,1.287168
9175,1.286144
9176,1.351680
9177,1.359872
9178,1.325056
9179,1.327104
9180,1.257472
9181,1.321984
9182,1.241088
9183,1.324032
9184,1.312768
9185,1.318912
9186,1.317888
9187,1.327104
9188,1.296384
9189,1.313792
9190,1.264640
9191,1.288192
9192,1.370112
9193,1.326080
9194,1.302528
9195,1.331200
9196,1.314816
9197,1.270784
9198,1.307648
9199,1.286144
9200,1.294336
9201,1.264640
9202,1.319936
9203,1.328128
9204,1.324032
9205,1.272832
9206,1.330176
9207,1.316864
9208,1.285120
9209,1.331200
9210,1.259520
9211,1.306624
9212,1.343488
9213,1.313792
9214,1.293312
9215,1.534976
9216,1.312768
9217,1.289216
9218,1.317888
9219,1.242112
9220,1.291264
9221,1.278976
9222,1.335296
9223,1.296384
9224,1.378304
9225,1.325056
9226,1.297408
9227,1.113088
9228,1.280000
9229,1.250304
9230,1.272832
9231,1.353728
9232,1.345536
9233,1.270784
9234,1.278976
9235,1.373184
9236,1.325056
9237,1.302528
9238,1.295360
9239,1.320960
9240,1.338368
9241,1.347584
9242,1.334272
9243,1.296384
9244,1.335296
9245,1.276928
9246,1.291264
9247,1.269760
9248,1.329152
9249,1.360896
9250,1.273856
9251,1.319936
9252,1.359872
9253,1.295360
9254,1.354752
9255,1.308672
9256,1.297408
9257,1.268736
9258,1.308672
9259,1.320960
9260,1.357824
9261,1.354752
9262,1.327104
9263,1.303552
9264,1.321984
9265,1.306624
9266,1.321984
9267,1.310720
9268,1.343488
9269,1.236992
9270,1.333248
9271,1.323008
9272,1.284096
9273,1.270784
9274,1.056768
9275,0.845824
9276,0.770048
9277,0.734208
9278,0.702464
9279,0.654336
9280,1.379328
9281,1.355776
9282,1.364992
9283,1.358848
9284,1.323008
9285,1.297408
9286,1.297408
9287,1.262592
9288,1.327104
9289,1.302528
9290,1.334272
9291,1.320960
9292,1.278976
9293,1.305600
9294,1.341440
9295,1.350656
9296,1.304576
9297,1.303552
9298,1.277952
9299,1.355776
9300,1.318912
9301,1.334272
9302,1.330176
9303,1.344512
9304,1.301504
9305,1.320960
9306,1.327104
9307,1.335296
9308,1.299456
9309,1.299456
9310,1.303552
9311,1.348608
9312,1.351680
9313,1.328128
9314,1.314816
9315,1.335296
9316,1.309696
9317,1.328128
9318,1.326080
9319,1.376256
9320,1.324032
9321,1.264640
9322,1.319936
9323,1.321984
9324,1.362944
9325,1.271808
9326,1.054720
9327,0.808960
9328,0.701440
9329,0.692224
9330,1.282048
9331,1.218560
9332,1.278976
9333,1.333248
9334,1.353728
9335,1.311744
9336,1.361920
9337,1.326080
9338,1.311744
9339,1.320960
9340,1.314816
9341,1.335296
9342,1.300480
9343,1.315840
9344,1.328128
9345,1.261568
9346,1.275904
9347,1.321984
9348,1.343488
9349,1.353728
9350,1.295360
9351,1.291264
9352,1.290240
9353,1.305600
9354,1.337344
9355,1.288192
9356,1.325056
9357,1.292288
9358,1.320960
9359,1.306624
9360,1.344512
9361,1.321984
9362,1.295360
9363,1.278976
9364,1.317888
9365,1.264640
9366,1.329152
9367,1.294336
9368,1.328128
9369,1.354752
9370,1.298432
9371,1.336320
9372,1.291264
9373,1.273856
9374,1.350656
9375,1.288192
9376,1.185792
9377,0.811008
9378,0.729088
9379,0.719872
9380,0.670720
9381,0.610304
9382,0.745472
9383,1.357824
9384,1.312768
9385,1.293312
9386,1.269760
9387,1.224704
9388,1.298432
9389,1.259520
9390,1.276928
9391,1.303552
9392,1.323008
9393,1.295360
9394,1.324032
9395,1.303552
9396,1.282048
9397,1.299456
9398,1.328128
9399,1.310720
9400,1.302528
9401,1.268736
9402,1.324032
9403,1.290240
9404,1.285120
9405,1.297408
9406,1.302528
9407,1.344512
9408,1.345536
9409,1.323008
9410,1.314816
9411,1.349632
9412,1.292288
9413,1.311744
9414,1.305600
9415,1.327104
9416,1.317888
9417,1.331200
9418,1.288192
9419,1.332224
9420,1.297408
9421,1.317888
9422,1.285120
9423,1.277952
9424,1.290240
9425,1.280000
9426,1.314816
9427,1.327104
9428,1.309696
9429,1.096704
9430,0.933888
9431,1.287168
9432,1.123328
9433,1.295360
9434,1.303552
9435,1.336320
9436,1.340416
9437,1.250304
9438,1.297408
9439,1.335296
9440,1.274880
9441,1.331200
9442,1.345536
9443,1.280000
9444,1.332224
9445,1.324032
9446,1.331200
9447,1.300480
9448,1.280000
9449,1.281024
9450,1.297408
9451,1.321984
9452,1.321984
9453,1.333248
9454,1.324032
9455,1.261568
9456,1.305600
9457,1.341440
9458,1.367040
9459,1.287168
9460,1.289216
9461,1.347584
9462,1.363968
9463,1.287168
9464,1.325056
9465,1.320960
9466,1.296384
9467,1.355776
9468,1.298432
9469,1.310720
9470,1.295360
9471,1.287168
9472,1.375232
9473,1.304576
9474,1.357824
9475,1.324032
9476,1.345536
9477,1.267712
9478,0.868352
9479,0.701440
9480,0.665600
9481,0.625664
9482,0.610304
9483,0.580608
9484,1.275904
9485,1.299456
9486,1.287168
9487,1.241088
9488,1.288192
9489,1.293312
9490,1.289216
9491,1.293312
9492,1.313792
9493,1.290240
9494,1.343488
9495,1.330176
9496,1.308672
9497,1.342464
9498,1.250304
9499,1.280000
9500,1.274880
9501,1.292288
9502,1.331200
9503,1.316864
9504,1.344512
9505,1.345536
9506,1.347584
9507,1.325056
9508,1.375232
9509,1.304576
9510,1.277952
9511,1.341440
9512,1.292288
9513,1.334272
9514,1.318912
9515,1.337344
9516,1.311744
9517,1.318912
9518,1.297408
9519,1.364992
9520,1.313792
9521,1.283072
9522,1.299456
9523,1.312768
9524,1.286144
9525,1.360896
9526,1.340416
9527,1.249280
9528,1.357824
9529,1.345536
9530,1.200128
9531,1.331200
9532,1.222656
9533,1.269760
9534,1.277952
9535,1.327104
9536,1.253376
9537,1.314816
9538,1.287168
9539,1.341440
9540,1.311744
9541,1.243136
9542,1.267712
9543,1.233920
9544,1.271808
9545,1.271808
9546,1.309696
9547,1.274880
9548,1.305600
9549,1.275904
9550,1.296384
9551,1.267712
9552,1.285120
9553,1.250304
9554,1.260544
9555,1.257472
9556,1.257472
9557,1.250304
9558,1.275904
9559,1.265664
9560,1.272832
9561,1.231872
9562,1.307648
9563,1.268736
9564,1.296384
9565,1.270784
9566,1.272832
9567,1.281024
9568,1.244160
9569,1.246208
9570,1.272832
9571,1.254400
9572,1.238016
9573,1.234944
9574,1.245184
9575,1.253376
9576,1.252352
9577,1.276928
9578,1.153024
9579,1.134592
9580,0.874496
9581,0.780288
9582,0.744448
9583,0.655360
9584,0.606208
9585,1.247232
9586,1.193984
9587,1.247232
9588,1.257472
9589,1.247232
9590,1.273856
9591,1.276928
9592,1.249280
9593,1.267712
9594,1.294336
9595,1.244160
9596,1.302528
9597,1.231872
9598,1.260544
9599,1.262592
9600,1.273856
9601,1.230848
9602,1.285120
9603,1.302528
9604,1.297408
9605,1.317888
9606,1.265664
9607,1.269760
9608,1.299456
9609,1.221632
9610,1.256448
9611,1.235968
9612,1.236992
9613,1.254400
9614,1.265664
9615,1.260544
9616,1.268736
9617,1.222656
9618,1.247232
9619,1.221632
9620,1.214464
9621,1.247232
9622,1.212416
9623,1.216512
9624,1.229824
9625,1.240064
9626,1.215488
9627,1.204224
9628,1.282048
9629,1.252352
9630,1.248256
9631,1.231872
9632,1.213440
9633,1.121280
9634,1.046528
9635,0.813056
9636,0.796672
9637,0.747520
9638,0.579584
9639,0.565248
9640,1.283072
9641,1.217536
9642,2.577408
9643,1.235968
9644,1.259520
9645,2.661376
9646,1.221632
9647,1.273856
9648,1.225728
9649,1.250304
9650,1.218560
9651,1.241088
9652,1.224704
9653,1.277952
9654,1.225728
9655,1.167360
9656,1.280000
9657,1.264640
9658,1.267712
9659,1.202176
9660,1.228800
9661,1.211392
9662,1.212416
9663,1.264640
9664,1.227776
9665,1.242112
9666,1.239040
9667,1.208320
9668,1.243136
9669,1.261568
9670,1.255424
9671,1.204224
9672,1.250304
9673,1.199104
9674,1.235968
9675,1.245184
9676,1.259520
9677,1.223680
9678,1.217536
9679,1.244160
9680,1.218560
9681,1.239040
9682,1.243136
9683,1.227776
9684,1.271808
9685,1.241088
9686,1.260544
9687,1.092608
9688,1.162240
9689,1.184768
9690,2.666496
9691,1.230848
9692,1.158144
9693,2.609152
9694,1.211392
9695,1.204224
9696,1.216512
9697,1.249280
9698,1.210368
9699,1.202176
9700,1.189888
9701,1.218560
9702,1.218560
9703,1.215488
9704,1.248256
9705,1.195008
9706,1.236992
9707,1.203200
9708,1.245184
9709,1.257472
9710,1.264640
9711,1.210368
9712,1.228800
9713,1.233920
9714,1.243136
9715,1.225728
9716,1.216512
9717,1.212416
9718,1.223680
9719,1.184768
9720,1.191936
9721,1.186816
9722,1.192960
9723,1.159168
9724,1.162240
9725,1.152000
9726,1.186816
9727,1.205248
9728,1.179648
9729,1.176576
9730,1.178624
9731,1.197056
9732,1.190912
9733,1.197056
9734,1.158144
9735,1.134592
9736,1.105920
9737,1.025024
9738,1.182720
9739,1.171456
9740,1.170432
9741,1.180672
9742,1.164288
9743,1.162240
9744,1.182720
9745,1.149952
9746,1.139712
9747,1.129472
9748,3.295232
9749,1.089536
9750,1.188864
9751,1.096704
9752,1.103872
9753,1.119232
9754,1.125376
9755,1.110016
9756,1.123328
9757,1.099776
9758,1.078272
9759,3.296256
9760,1.076224
9761,1.078272
9762,1.049600
9763,1.073152
9764,2.094080
9765,1.094656
9766,1.118208
9767,1.149952
9768,1.128448
9769,2.132992
9770,3.342336
9771,1.063936
9772,1.115136
9773,1.074176
9774,1.096704
9775,1.086464
9776,1.087488
9777,1.063936
9778,1.080320
9779,1.081344
9780,1.082368
9781,1.103872
9782,1.058816
9783,1.116160
9784,1.091584
9785,1.088512
9786,1.113088
9787,1.077248
9788,0.995328
9789,0.657408
9790,1.070080
9791,1.012736
9792,1.017856
9793,1.048576
9794,1.064960
9795,1.047552
9796,1.071104
9797,1.067008
9798,1.068032
9799,1.045504
9800,1.062912
9801,1.033216
9802,1.034240
9803,1.077248
9804,1.057792
9805,1.055744
9806,1.049600
9807,1.041408
9808,1.029120
9809,1.060864
9810,1.061888
9811,1.017856
9812,1.042432
9813,1.072128
9814,1.018880
9815,1.061888
9816,1.025024
9817,1.025024
9818,1.036288
9819,1.036288
9820,0.989184
9821,1.009664
9822,1.028096
9823,1.002496
9824,0.959488
9825,0.986112
9826,0.951296
9827,0.968704
9828,0.920576
9829,0.921600
9830,0.932864
9831,0.919552
9832,0.912384
9833,0.910336
9834,0.911360
9835,0.892928
9836,0.924672
9837,0.914432
9838,0.943104
9839,0.930816
9840,0.928768
9841,0.937984
9842,0.932864
9843,0.894976
9844,0.878592
9845,1.850368
9846,0.843776
9847,0.886784
9848,0.886784
9849,0.884736
9850,0.892928
9851,1.865728
9852,0.860160
9853,3.075072
9854,0.887808
9855,0.885760
9856,0.899072
9857,0.871424
9858,0.885760
9859,0.873472
9860,0.883712
9861,0.901120
9862,0.876544
9863,0.867328
9864,0.814080
9865,0.708608
9866,0.651264
9867,0.609280
9868,0.859136
9869,0.865280
9870,0.826368
9871,0.833536
9872,0.835584
9873,0.830464
9874,0.809984
9875,0.807936
9876,0.799744
9877,0.805888
9878,0.811008
9879,0.817152
9880,0.789504
9881,0.803840
9882,0.844800
9883,0.813056
9884,0.812032
9885,0.811008
9886,0.816128
9887,0.805888
9888,0.802816
9889,0.816128
9890,0.815104
9891,0.794624
9892,0.805888
9893,0.791552
9894,0.790528
9895,0.794624
9896,0.764928
9897,0.789504
9898,0.798720
9899,0.797696
9900,0.791552
9901,0.811008
9902,0.774144
9903,0.795648
9904,0.805888
9905,0.798720
9906,0.770048
9907,0.772096
9908,0.763904
9909,0.749568
9910,0.776192
9911,0.741376
9912,0.756736
9913,0.773120
9914,0.752640
9915,0.757760
9916,0.753664
9917,0.754688
9918,0.746496
9919,0.764928
9920,0.765952
9921,0.776192
9922,0.765952
9923,0.760832
9924,0.763904
9925,0.779264
9926,0.749568
9927,0.755712
9928,0.768000
9929,0.773120
9930,0.724992
9931,0.757760
9932,0.718848
9933,0.744448
9934,0.737280
9935,0.726016
9936,0.755712
9937,0.743424
9938,0.741376
9939,0.734208
9940,0.717824
9941,0.721920
9942,0.704512
9943,0.691200
9944,0.736256
9945,0.723968
9946,0.711680
9947,0.683008
9948,0.680960
9949,0.707584
9950,0.678912
9951,0.691200
9952,0.674816
9953,0.661504
9954,0.664576
9955,2.021376
9956,0.644096
9957,0.664576
9958,0.670720
9959,0.641024
9960,0.652288
9961,0.634880
9962,0.656384
9963,0.645120
9964,0.645120
9965,1.985536
9966,0.638976
9967,0.645120
9968,0.647168
9969,0.649216
9970,0.641024
9971,0.647168
9972,0.647168
9973,0.648192
9974,0.643072
9975,0.642048
9976,0.648192
9977,0.667648
9978,0.652288
9979,0.646144
9980,0.642048
9981,0.654336
9982,0.627712
9983,0.640000
9984,0.638976
9985,0.626688
9986,0.640000
9987,0.630784
9988,0.628736
9989,0.629760
9990,0.616448
9991,0.618496
9992,0.619520
9993,0.606208
9994,0.593920
9995,0.629760
9996,0.625664
9997,0.607232
9998,0.606208
9999,0.607232
