iter,ms
0,1.040384
1,1.074176
2,1.141760
3,1.137664
4,1.236992
5,1.103872
6,1.087488
7,1.098752
8,1.142784
9,1.118208
10,1.096704
11,1.078272
12,1.129472
13,1.116160
14,1.113088
15,1.122304
16,1.085440
17,1.075200
18,1.083392
19,1.095680
20,1.092608
21,1.118208
22,1.096704
23,1.093632
24,1.098752
25,1.089536
26,1.129472
27,1.120256
28,1.111040
29,1.082368
30,1.121280
31,1.195008
32,1.125376
33,1.195008
34,1.153024
35,1.152000
36,1.136640
37,1.185792
38,1.143808
39,1.168384
40,1.165312
41,1.163264
42,1.150976
43,1.155072
44,1.142784
45,1.142784
46,1.150976
47,1.136640
48,1.116160
49,1.145856
50,1.236992
51,1.170432
52,1.145856
53,1.119232
54,1.006592
55,1.092608
56,1.097728
57,1.136640
58,1.121280
59,1.221632
60,1.142784
61,1.110016
62,1.127424
63,1.153024
64,1.128448
65,1.198080
66,1.141760
67,1.155072
68,1.248256
69,1.210368
70,1.160192
71,1.167360
72,1.148928
73,1.167360
74,1.136640
75,1.163264
76,1.156096
77,1.215488
78,0.922624
79,1.118208
80,1.185792
81,1.102848
82,1.150976
83,1.163264
84,1.156096
85,1.189888
86,1.178624
87,1.221632
88,1.207296
89,1.198080
90,1.222656
91,1.225728
92,1.214464
93,1.187840
94,1.229824
95,1.253376
96,1.204224
97,1.197056
98,1.203200
99,1.209344
100,1.229824
101,1.242112
102,1.228800
103,1.207296
104,1.178624
105,1.204224
106,1.054720
107,1.179648
108,1.057792
109,1.251328
110,1.224704
111,1.199104
112,1.157120
113,1.168384
114,1.167360
115,1.227776
116,1.186816
117,1.232896
118,1.258496
119,1.184768
120,1.183744
121,1.190912
122,1.161216
123,1.208320
124,1.200128
125,1.203200
126,1.271808
127,1.230848
128,1.190912
129,1.081344
130,1.201152
131,1.185792
132,1.184768
133,1.177600
134,1.215488
135,1.240064
136,1.252352
137,1.183744
138,1.192960
139,1.127424
140,1.181696
141,1.198080
142,1.195008
143,1.183744
144,1.187840
145,1.229824
146,1.231872
147,1.208320
148,1.245184
149,1.173504
150,1.185792
151,1.174528
152,1.220608
153,1.177600
154,1.192960
155,1.198080
156,1.342464
157,0.899072
158,0.727040
159,0.695296
160,0.676864
161,0.651264
162,0.598016
163,1.195008
164,1.200128
165,1.153024
166,1.188864
167,1.196032
168,1.253376
169,1.179648
170,1.206272
171,1.260544
172,1.238016
173,1.190912
174,1.173504
175,1.240064
176,1.261568
177,1.262592
178,1.267712
179,1.201152
180,1.241088
181,1.196032
182,1.221632
183,1.253376
184,1.272832
185,1.244160
186,1.251328
187,1.278976
188,1.217536
189,1.250304
190,1.246208
191,1.180672
192,1.254400
193,1.206272
194,1.203200
195,1.231872
196,1.213440
197,1.224704
198,1.238016
199,1.259520
200,1.220608
201,1.243136
202,1.254400
203,1.243136
204,1.247232
205,1.218560
206,1.274880
207,1.231872
208,1.216512
209,1.266688
210,1.202176
211,1.067008
212,1.182720
213,1.150976
214,1.225728
215,1.238016
216,1.231872
217,1.224704
218,1.266688
219,1.283072
220,1.201152
221,1.260544
222,1.201152
223,1.246208
224,1.257472
225,1.260544
226,1.284096
227,1.329152
228,1.305600
229,1.320960
230,1.295360
231,1.285120
232,1.284096
233,1.301504
234,1.270784
235,1.242112
236,1.243136
237,1.320960
238,1.317888
239,1.292288
240,1.301504
241,1.291264
242,1.393664
243,1.364992
244,1.370112
245,1.326080
246,1.298432
247,1.327104
248,1.271808
249,1.351680
250,1.325056
251,1.299456
252,1.314816
253,1.353728
254,1.342464
255,1.337344
256,1.333248
257,1.310720
258,1.301504
259,1.110016
260,1.283072
261,1.238016
262,1.319936
263,1.349632
264,1.398784
265,1.383424
266,1.338368
267,1.327104
268,1.343488
269,1.308672
270,1.348608
271,1.400832
272,1.369088
273,1.335296
274,1.357824
275,1.399808
276,1.329152
277,1.360896
278,1.323008
279,1.344512
280,1.294336
281,1.323008
282,1.369088
283,1.325056
284,1.353728
285,1.328128
286,1.324032
287,1.360896
288,1.332224
289,1.344512
290,1.372160
291,1.316864
292,1.343488
293,1.371136
294,1.326080
295,1.317888
296,1.358848
297,1.290240
298,1.329152
299,1.336320
300,1.341440
301,1.309696
302,1.352704
303,1.319936
304,1.272832
305,1.188864
306,1.226752
307,1.267712
308,1.252352
309,1.335296
310,1.331200
311,1.290240
312,1.329152
313,1.329152
314,1.308672
315,1.313792
316,1.324032
317,1.305600
318,1.389568
319,1.332224
320,1.317888
321,1.366016
322,1.310720
323,1.321984
324,1.314816
325,1.348608
326,1.372160
327,1.353728
328,1.312768
329,1.316864
330,1.300480
331,1.341440
332,1.343488
333,1.362944
334,1.330176
335,1.347584
336,1.364992
337,1.316864
338,1.345536
339,1.315840
340,1.383424
341,1.385472
342,1.347584
343,1.387520
344,1.370112
345,1.293312
346,1.369088
347,1.334272
348,1.331200
349,1.357824
350,1.170432
351,0.823296
352,0.605184
353,0.604160
354,0.606208
355,0.607232
356,1.287168
357,1.247232
358,1.490944
359,1.342464
360,1.280000
361,1.363968
362,1.341440
363,1.338368
364,1.343488
365,1.357824
366,1.300480
367,1.345536
368,1.351680
369,1.305600
370,1.351680
371,1.345536
372,1.377280
373,1.357824
374,1.336320
375,1.360896
376,1.360896
377,1.346560
378,1.310720
379,1.288192
380,1.355776
381,1.367040
382,1.310720
383,1.302528
384,1.375232
385,1.347584
386,1.352704
387,1.326080
388,1.288192
389,1.304576
390,1.321984
391,1.305600
392,1.321984
393,1.329152
394,1.398784
395,1.334272
396,1.321984
397,1.367040
398,1.345536
399,1.331200
400,1.334272
401,1.076224
402,1.306624
403,1.204224
404,1.536000
405,1.374208
406,1.357824
407,1.342464
408,1.362944
409,1.319936
410,1.283072
411,1.368064
412,1.314816
413,1.325056
414,1.329152
415,1.354752
416,1.356800
417,1.371136
418,1.347584
419,1.347584
420,1.297408
421,1.351680
422,1.349632
423,1.313792
424,1.324032
425,1.317888
426,1.289216
427,1.354752
428,1.342464
429,1.305600
430,1.334272
431,1.309696
432,1.380352
433,1.355776
434,1.343488
435,1.344512
436,1.361920
437,1.356800
438,1.293312
439,1.295360
440,1.320960
441,1.289216
442,1.370112
443,1.318912
444,1.385472
445,1.355776
446,1.289216
447,1.336320
448,1.305600
449,1.329152
450,1.364992
451,1.358848
452,1.342464
453,1.342464
454,1.349632
455,1.326080
456,1.288192
457,1.360896
458,1.311744
459,1.336320
460,1.354752
461,1.331200
462,1.358848
463,1.311744
464,1.386496
465,1.351680
466,1.312768
467,1.353728
468,1.307648
469,1.344512
470,1.371136
471,1.334272
472,1.353728
473,1.318912
474,1.311744
475,1.366016
476,1.327104
477,1.326080
478,1.341440
479,1.320960
480,1.389568
481,1.332224
482,1.396736
483,1.358848
484,1.373184
485,1.358848
486,1.394688
487,1.354752
488,1.331200
489,1.376256
490,1.381376
491,1.183744
492,1.281024
493,0.987136
494,1.335296
495,1.359872
496,1.253376
497,1.290240
498,1.291264
499,1.318912
500,1.268736
501,1.341440
502,1.387520
503,1.371136
504,1.377280
505,1.352704
506,1.367040
507,1.347584
508,1.319936
509,1.323008
510,1.350656
511,1.332224
512,1.316864
513,1.317888
514,1.344512
515,1.354752
516,1.368064
517,1.307648
518,1.367040
519,1.411072
520,1.367040
521,1.338368
522,1.363968
523,1.287168
524,1.339392
525,1.363968
526,1.363968
527,1.305600
528,1.326080
529,1.328128
530,1.338368
531,1.360896
532,1.354752
533,1.354752
534,1.252352
535,1.113088
536,1.286144
537,1.330176
538,1.336320
539,1.318912
540,1.290240
541,1.271808
542,1.327104
543,1.340416
544,1.299456
545,1.326080
546,1.306624
547,1.278976
548,1.252352
549,1.363968
550,1.337344
551,1.337344
552,1.370112
553,1.285120
554,1.337344
555,1.377280
556,1.336320
557,1.368064
558,1.325056
559,1.286144
560,1.305600
561,1.282048
562,1.408000
563,1.355776
564,1.361920
565,1.330176
566,1.327104
567,1.317888
568,1.359872
569,1.352704
570,1.360896
571,1.312768
572,1.357824
573,1.309696
574,1.351680
575,1.412096
576,1.343488
577,1.345536
578,1.315840
579,1.046528
580,0.691200
581,0.637952
582,0.622592
583,0.616448
584,0.591872
585,0.588800
586,1.406976
587,1.401856
588,1.315840
589,1.349632
590,1.319936
591,1.303552
592,1.352704
593,1.315840
594,1.332224
595,1.335296
596,1.300480
597,1.321984
598,1.277952
599,1.285120
600,1.288192
601,1.377280
602,1.300480
603,1.304576
604,1.314816
605,1.294336
606,1.344512
607,1.344512
608,1.302528
609,1.346560
610,1.330176
611,1.387520
612,1.333248
613,1.313792
614,1.351680
615,1.359872
616,1.358848
617,1.344512
618,1.381376
619,1.419264
620,1.327104
621,1.327104
622,1.328128
623,1.337344
624,1.331200
625,1.317888
626,1.367040
627,1.318912
628,1.304576
629,1.323008
630,1.218560
631,0.891904
632,0.662528
633,0.631808
634,0.617472
635,1.318912
636,1.142784
637,1.297408
638,1.358848
639,1.330176
640,1.299456
641,1.313792
642,1.382400
643,1.387520
644,1.312768
645,1.324032
646,1.370112
647,1.377280
648,1.356800
649,1.339392
650,1.326080
651,1.319936
652,1.362944
653,1.369088
654,1.356800
655,1.367040
656,1.392640
657,1.349632
658,1.307648
659,1.372160
660,1.374208
661,1.332224
662,1.326080
663,1.333248
664,1.331200
665,1.330176
666,1.366016
667,1.333248
668,1.371136
669,1.300480
670,1.307648
671,1.356800
672,1.303552
673,1.347584
674,1.317888
675,1.332224
676,1.308672
677,1.284096
678,1.335296
679,1.228800
680,0.874496
681,0.655360
682,0.654336
683,0.631808
684,0.619520
685,1.349632
686,1.283072
687,1.258496
688,1.343488
689,1.367040
690,1.311744
691,1.359872
692,1.349632
693,1.397760
694,1.357824
695,1.356800
696,1.327104
697,1.305600
698,1.345536
699,1.312768
700,1.335296
701,1.314816
702,1.263616
703,1.319936
704,1.374208
705,1.400832
706,1.335296
707,1.341440
708,1.285120
709,1.347584
710,1.292288
711,1.316864
712,1.382400
713,1.351680
714,1.321984
715,1.358848
716,1.367040
717,1.372160
718,1.309696
719,1.348608
720,1.325056
721,1.343488
722,1.324032
723,1.307648
724,1.334272
725,1.326080
726,1.305600
727,1.293312
728,1.315840
729,1.203200
730,0.869376
731,0.719872
732,0.650240
733,0.624640
734,0.632832
735,0.633856
736,0.594944
737,0.565248
738,1.394688
739,1.366016
740,1.367040
741,1.410048
742,1.384448
743,1.329152
744,1.317888
745,1.360896
746,1.364992
747,1.335296
748,1.268736
749,1.306624
750,1.389568
751,1.327104
752,1.414144
753,1.355776
754,1.360896
755,1.359872
756,1.424384
757,1.318912
758,1.314816
759,1.324032
760,1.326080
761,1.315840
762,1.368064
763,1.318912
764,1.315840
765,1.311744
766,1.364992
767,1.312768
768,1.294336
769,1.352704
770,1.357824
771,1.338368
772,1.368064
773,1.390592
774,1.312768
775,1.326080
776,1.302528
777,1.370112
778,1.356800
779,1.303552
780,1.332224
781,1.317888
782,1.189888
783,1.355776
784,1.364992
785,1.293312
786,1.343488
787,1.373184
788,1.364992
789,1.343488
790,1.363968
791,1.318912
792,1.376256
793,1.452032
794,1.380352
795,1.555456
796,1.398784
797,1.419264
798,1.362944
799,1.333248
800,1.364992
801,1.392640
802,1.323008
803,1.347584
804,1.321984
805,1.348608
806,1.400832
807,1.343488
808,1.346560
809,1.340416
810,1.295360
811,1.310720
812,1.299456
813,1.297408
814,1.367040
815,1.388544
816,1.334272
817,1.344512
818,1.361920
819,1.333248
820,1.373184
821,1.329152
822,1.346560
823,1.378304
824,1.316864
825,1.313792
826,1.320960
827,1.214464
828,0.975872
829,1.257472
830,1.133568
831,1.316864
832,1.273856
833,1.318912
834,1.294336
835,1.326080
836,1.335296
837,1.290240
838,1.326080
839,1.358848
840,1.362944
841,1.289216
842,1.380352
843,1.352704
844,1.312768
845,1.310720
846,1.335296
847,1.323008
848,1.356800
849,1.324032
850,1.372160
851,1.338368
852,1.388544
853,1.376256
854,1.345536
855,1.399808
856,1.359872
857,1.314816
858,1.318912
859,1.317888
860,1.323008
861,1.321984
862,1.503232
863,1.313792
864,1.380352
865,1.367040
866,1.313792
867,1.286144
868,1.339392
869,1.276928
870,1.295360
871,1.353728
872,1.355776
873,1.323008
874,0.905216
875,1.357824
876,1.313792
877,1.275904
878,1.391616
879,1.385472
880,1.302528
881,1.328128
882,1.314816
883,1.357824
884,1.337344
885,1.324032
886,1.354752
887,1.328128
888,1.335296
889,1.397760
890,1.395712
891,1.311744
892,1.376256
893,1.353728
894,1.329152
895,1.301504
896,1.406976
897,1.374208
898,1.345536
899,1.353728
900,1.296384
901,1.305600
902,1.328128
903,1.319936
904,1.356800
905,1.337344
906,1.409024
907,1.318912
908,1.337344
909,1.401856
910,1.359872
911,1.352704
912,1.329152
913,1.398784
914,1.333248
915,1.314816
916,1.290240
917,1.288192
918,1.367040
919,1.100800
920,0.732160
921,0.652288
922,0.637952
923,0.631808
924,0.618496
925,0.607232
926,1.369088
927,1.405952
928,1.329152
929,1.353728
930,1.308672
931,1.360896
932,1.335296
933,1.310720
934,1.350656
935,1.335296
936,1.342464
937,1.336320
938,1.324032
939,1.334272
940,1.314816
941,1.341440
942,1.402880
943,1.359872
944,1.392640
945,1.354752
946,1.359872
947,1.314816
948,1.338368
949,1.352704
950,1.372160
951,1.340416
952,1.311744
953,1.349632
954,1.314816
955,1.262592
956,1.357824
957,1.301504
958,1.374208
959,1.356800
960,1.323008
961,1.368064
962,1.341440
963,1.339392
964,1.327104
965,1.342464
966,1.346560
967,1.329152
968,1.345536
969,1.385472
970,1.200128
971,1.304576
972,1.160192
973,1.285120
974,1.277952
975,1.303552
976,1.335296
977,1.314816
978,1.358848
979,1.353728
980,1.327104
981,1.353728
982,1.349632
983,1.404928
984,1.325056
985,1.366016
986,1.350656
987,1.363968
988,1.373184
989,1.357824
990,1.371136
991,1.384448
992,1.318912
993,1.319936
994,1.366016
995,1.333248
996,1.303552
997,1.350656
998,1.345536
999,1.304576
1000,1.306624
1001,1.372160
1002,1.315840
1003,1.321984
1004,1.360896
1005,1.308672
1006,1.336320
1007,1.295360
1008,1.366016
1009,1.334272
1010,1.346560
1011,1.316864
1012,1.341440
1013,1.294336
1014,1.320960
1015,1.293312
1016,1.380352
1017,1.233920
1018,1.299456
1019,1.319936
1020,1.352704
1021,1.345536
1022,1.379328
1023,1.313792
1024,1.351680
1025,1.340416
1026,1.359872
1027,1.331200
1028,1.346560
1029,1.354752
1030,1.300480
1031,1.315840
1032,1.350656
1033,1.329152
1034,1.386496
1035,1.356800
1036,1.383424
1037,1.309696
1038,1.301504
1039,1.318912
1040,1.336320
1041,1.487872
1042,1.339392
1043,1.359872
1044,1.347584
1045,1.372160
1046,1.331200
1047,1.353728
1048,1.346560
1049,1.325056
1050,1.301504
1051,1.312768
1052,1.333248
1053,1.314816
1054,1.381376
1055,1.317888
1056,1.363968
1057,1.363968
1058,1.355776
1059,1.286144
1060,1.226752
1061,0.919552
1062,0.801792
1063,1.334272
1064,1.246208
1065,1.330176
1066,1.337344
1067,1.349632
1068,1.331200
1069,1.348608
1070,1.358848
1071,1.369088
1072,1.298432
1073,1.321984
1074,1.355776
1075,1.314816
1076,1.351680
1077,1.316864
1078,1.296384
1079,1.369088
1080,1.364992
1081,1.312768
1082,1.359872
1083,1.341440
1084,1.336320
1085,1.335296
1086,1.320960
1087,1.333248
1088,1.339392
1089,1.308672
1090,1.341440
1091,1.340416
1092,1.326080
1093,1.356800
1094,1.341440
1095,1.357824
1096,1.307648
1097,1.348608
1098,1.344512
1099,1.332224
1100,1.345536
1101,1.360896
1102,1.349632
1103,1.358848
1104,1.300480
1105,1.348608
1106,1.314816
1107,1.294336
1108,1.152000
1109,0.842752
1110,0.621568
1111,0.598016
1112,0.582656
1113,0.576512
1114,0.557056
1115,0.551936
1116,1.364992
1117,1.405952
1118,1.351680
1119,1.362944
1120,1.402880
1121,1.388544
1122,1.324032
1123,1.307648
1124,1.325056
1125,1.354752
1126,1.386496
1127,1.397760
1128,1.329152
1129,1.289216
1130,1.298432
1131,1.321984
1132,1.327104
1133,1.346560
1134,1.331200
1135,1.353728
1136,1.350656
1137,1.345536
1138,1.315840
1139,1.323008
1140,1.320960
1141,1.397760
1142,1.356800
1143,1.308672
1144,1.377280
1145,1.363968
1146,1.364992
1147,1.341440
1148,1.340416
1149,1.354752
1150,1.335296
1151,1.333248
1152,1.332224
1153,1.369088
1154,1.364992
1155,1.373184
1156,1.349632
1157,1.287168
1158,1.353728
1159,1.281024
1160,1.266688
1161,1.382400
1162,1.339392
1163,1.302528
1164,1.316864
1165,1.342464
1166,1.320960
1167,1.315840
1168,1.298432
1169,1.316864
1170,1.360896
1171,1.347584
1172,1.373184
1173,1.325056
1174,1.377280
1175,1.378304
1176,1.313792
1177,1.252352
1178,1.296384
1179,1.317888
1180,1.305600
1181,1.341440
1182,1.372160
1183,1.300480
1184,1.348608
1185,1.344512
1186,1.345536
1187,1.353728
1188,1.356800
1189,1.335296
1190,1.300480
1191,1.334272
1192,1.346560
1193,1.350656
1194,1.288192
1195,1.318912
1196,1.379328
1197,1.351680
1198,1.331200
1199,1.346560
1200,1.299456
1201,1.358848
1202,1.311744
1203,1.359872
1204,1.351680
1205,1.269760
1206,1.012736
1207,1.220608
1208,1.217536
1209,1.320960
1210,1.231872
1211,1.255424
1212,1.321984
1213,1.369088
1214,1.361920
1215,1.334272
1216,1.358848
1217,1.325056
1218,1.303552
1219,1.316864
1220,1.319936
1221,1.355776
1222,1.343488
1223,1.344512
1224,1.338368
1225,1.376256
1226,1.323008
1227,1.338368
1228,1.319936
1229,1.329152
1230,1.344512
1231,1.320960
1232,1.336320
1233,1.339392
1234,1.347584
1235,1.326080
1236,1.375232
1237,1.329152
1238,1.312768
1239,1.342464
1240,1.296384
1241,1.366016
1242,1.384448
1243,1.350656
1244,1.342464
1245,1.323008
1246,1.343488
1247,1.339392
1248,1.354752
1249,1.346560
1250,1.349632
1251,1.266688
1252,0.927744
1253,0.690176
1254,0.631808
1255,0.616448
1256,0.622592
1257,0.613376
1258,0.603136
1259,1.380352
1260,1.351680
1261,1.289216
1262,1.358848
1263,1.281024
1264,1.316864
1265,1.345536
1266,1.320960
1267,1.358848
1268,1.337344
1269,1.398784
1270,1.360896
1271,1.347584
1272,1.360896
1273,1.351680
1274,1.341440
1275,1.329152
1276,1.344512
1277,1.367040
1278,1.309696
1279,1.342464
1280,1.357824
1281,1.326080
1282,1.339392
1283,1.399808
1284,1.320960
1285,1.391616
1286,1.370112
1287,1.327104
1288,1.385472
1289,1.362944
1290,1.302528
1291,1.313792
1292,1.311744
1293,1.340416
1294,1.357824
1295,1.370112
1296,1.341440
1297,1.341440
1298,1.309696
1299,1.341440
1300,1.354752
1301,1.363968
1302,1.379328
1303,1.292288
1304,0.891904
1305,1.377280
1306,1.400832
1307,1.358848
1308,1.361920
1309,1.357824
1310,1.347584
1311,1.364992
1312,1.302528
1313,1.371136
1314,1.333248
1315,1.360896
1316,1.334272
1317,1.329152
1318,1.357824
1319,1.349632
1320,1.284096
1321,1.319936
1322,1.301504
1323,1.329152
1324,1.381376
1325,1.336320
1326,1.326080
1327,1.344512
1328,1.288192
1329,1.394688
1330,1.336320
1331,1.278976
1332,1.333248
1333,1.371136
1334,1.411072
1335,1.337344
1336,1.308672
1337,1.372160
1338,1.367040
1339,1.316864
1340,1.335296
1341,1.320960
1342,1.351680
1343,1.306624
1344,1.331200
1345,1.353728
1346,1.360896
1347,1.335296
1348,1.346560
1349,1.267712
1350,0.785408
1351,0.627712
1352,0.612352
1353,0.594944
1354,0.588800
1355,0.573440
1356,1.385472
1357,1.349632
1358,1.368064
1359,1.285120
1360,1.308672
1361,1.300480
1362,1.330176
1363,1.316864
1364,1.321984
1365,1.344512
1366,1.306624
1367,1.328128
1368,1.406976
1369,1.328128
1370,1.341440
1371,1.372160
1372,1.329152
1373,1.325056
1374,1.286144
1375,1.346560
1376,1.305600
1377,1.338368
1378,1.395712
1379,1.338368
1380,1.321984
1381,1.294336
1382,1.300480
1383,1.314816
1384,1.345536
1385,1.376256
1386,1.350656
1387,1.342464
1388,1.508352
1389,1.320960
1390,1.363968
1391,1.375232
1392,1.390592
1393,1.328128
1394,1.326080
1395,1.323008
1396,1.346560
1397,1.303552
1398,1.341440
1399,1.336320
1400,1.213440
1401,0.704512
1402,0.649216
1403,1.366016
1404,1.434624
1405,1.368064
1406,1.403904
1407,1.333248
1408,1.336320
1409,1.367040
1410,1.336320
1411,1.347584
1412,1.392640
1413,1.357824
1414,1.330176
1415,1.343488
1416,1.332224
1417,1.334272
1418,1.348608
1419,1.309696
1420,1.307648
1421,1.375232
1422,1.367040
1423,1.395712
1424,1.331200
1425,1.280000
1426,1.383424
1427,1.348608
1428,1.339392
1429,1.319936
1430,1.364992
1431,1.345536
1432,1.353728
1433,1.368064
1434,1.400832
1435,1.340416
1436,1.318912
1437,1.297408
1438,1.350656
1439,1.379328
1440,1.307648
1441,1.325056
1442,1.367040
1443,1.337344
1444,1.366016
1445,1.391616
1446,1.207296
1447,1.016832
1448,0.911360
1449,0.708608
1450,0.637952
1451,0.625664
1452,1.399808
1453,1.291264
1454,1.346560
1455,1.382400
1456,1.272832
1457,1.386496
1458,1.301504
1459,1.326080
1460,1.385472
1461,1.293312
1462,1.329152
1463,1.395712
1464,1.266688
1465,1.280000
1466,1.325056
1467,1.320960
1468,1.328128
1469,1.349632
1470,1.336320
1471,1.296384
1472,1.340416
1473,1.347584
1474,1.303552
1475,1.284096
1476,1.323008
1477,1.335296
1478,1.304576
1479,1.335296
1480,1.397760
1481,1.340416
1482,1.356800
1483,1.310720
1484,1.331200
1485,1.283072
1486,1.351680
1487,1.294336
1488,1.281024
1489,1.340416
1490,1.379328
1491,1.348608
1492,1.323008
1493,1.350656
1494,1.349632
1495,1.368064
1496,1.294336
1497,1.103872
1498,0.820224
1499,0.616448
1500,0.613376
1501,0.604160
1502,0.587776
1503,1.391616
1504,1.317888
1505,1.338368
1506,1.341440
1507,1.284096
1508,1.304576
1509,1.356800
1510,1.333248
1511,1.392640
1512,1.327104
1513,1.349632
1514,1.347584
1515,1.352704
1516,1.345536
1517,1.330176
1518,1.300480
1519,1.316864
1520,1.341440
1521,1.351680
1522,1.369088
1523,1.302528
1524,1.353728
1525,1.339392
1526,1.347584
1527,1.388544
1528,1.347584
1529,1.334272
1530,1.332224
1531,1.294336
1532,1.352704
1533,1.323008
1534,1.388544
1535,1.273856
1536,1.358848
1537,1.338368
1538,1.366016
1539,1.378304
1540,1.348608
1541,1.356800
1542,1.306624
1543,1.330176
1544,1.306624
1545,1.323008
1546,1.346560
1547,1.163264
1548,0.925696
1549,1.002496
1550,1.300480
1551,1.368064
1552,1.353728
1553,1.346560
1554,1.336320
1555,1.346560
1556,1.377280
1557,1.398784
1558,1.336320
1559,1.343488
1560,1.338368
1561,1.341440
1562,1.388544
1563,1.385472
1564,1.308672
1565,1.318912
1566,1.360896
1567,1.393664
1568,1.376256
1569,1.336320
1570,1.318912
1571,1.384448
1572,1.353728
1573,1.337344
1574,1.351680
1575,1.339392
1576,1.315840
1577,1.300480
1578,1.319936
1579,1.287168
1580,1.323008
1581,1.385472
1582,1.364992
1583,1.360896
1584,1.345536
1585,1.363968
1586,1.321984
1587,1.329152
1588,1.379328
1589,1.312768
1590,1.317888
1591,1.296384
1592,1.368064
1593,1.284096
1594,0.785408
1595,1.277952
1596,1.284096
1597,1.283072
1598,1.332224
1599,1.308672
1600,1.374208
1601,1.374208
1602,1.309696
1603,1.378304
1604,1.335296
1605,1.364992
1606,1.352704
1607,1.373184
1608,1.311744
1609,1.362944
1610,1.381376
1611,1.301504
1612,1.332224
1613,1.345536
1614,1.347584
1615,1.307648
1616,1.375232
1617,1.339392
1618,1.337344
1619,1.343488
1620,1.308672
1621,1.299456
1622,1.314816
1623,1.331200
1624,1.331200
1625,1.351680
1626,1.380352
1627,1.349632
1628,1.329152
1629,1.354752
1630,1.378304
1631,1.346560
1632,1.292288
1633,1.372160
1634,1.355776
1635,1.337344
1636,1.353728
1637,1.326080
1638,1.260544
1639,1.111040
1640,0.768000
1641,0.613376
1642,0.608256
1643,1.357824
1644,1.263616
1645,1.286144
1646,1.343488
1647,1.333248
1648,1.308672
1649,1.309696
1650,1.319936
1651,1.335296
1652,1.432576
1653,1.367040
1654,1.332224
1655,1.369088
1656,1.348608
1657,1.299456
1658,1.351680
1659,1.328128
1660,1.324032
1661,1.328128
1662,1.336320
1663,1.328128
1664,1.351680
1665,1.395712
1666,1.382400
1667,1.384448
1668,1.348608
1669,1.388544
1670,1.355776
1671,1.345536
1672,1.359872
1673,1.351680
1674,1.302528
1675,1.325056
1676,1.329152
1677,1.330176
1678,1.357824
1679,1.301504
1680,1.343488
1681,1.360896
1682,1.356800
1683,1.391616
1684,1.358848
1685,1.316864
1686,1.309696
1687,1.293312
1688,1.213440
1689,1.199104
1690,1.291264
1691,1.362944
1692,1.358848
1693,1.312768
1694,1.331200
1695,1.332224
1696,1.312768
1697,1.340416
1698,1.254400
1699,1.300480
1700,1.358848
1701,1.362944
1702,1.359872
1703,1.328128
1704,1.346560
1705,1.315840
1706,1.295360
1707,1.308672
1708,1.335296
1709,1.355776
1710,1.360896
1711,1.308672
1712,1.379328
1713,1.369088
1714,1.350656
1715,1.373184
1716,1.300480
1717,1.352704
1718,1.290240
1719,1.347584
1720,1.339392
1721,1.312768
1722,1.308672
1723,1.321984
1724,1.370112
1725,1.303552
1726,1.326080
1727,1.327104
1728,1.357824
1729,1.361920
1730,1.390592
1731,1.356800
1732,1.353728
1733,1.192960
1734,0.835584
1735,0.626688
1736,1.327104
1737,1.224704
1738,1.295360
1739,1.338368
1740,1.367040
1741,1.334272
1742,1.397760
1743,1.405952
1744,1.312768
1745,1.370112
1746,1.361920
1747,1.415168
1748,1.318912
1749,1.373184
1750,1.338368
1751,1.331200
1752,1.350656
1753,1.349632
1754,1.350656
1755,1.391616
1756,1.308672
1757,1.326080
1758,1.340416
1759,1.321984
1760,1.368064
1761,1.329152
1762,1.339392
1763,1.318912
1764,1.316864
1765,1.319936
1766,1.381376
1767,1.323008
1768,1.320960
1769,1.335296
1770,1.374208
1771,1.334272
1772,1.323008
1773,1.336320
1774,1.379328
1775,1.334272
1776,1.343488
1777,1.349632
1778,1.314816
1779,1.330176
1780,1.214464
1781,0.878592
1782,0.655360
1783,0.631808
1784,1.324032
1785,1.313792
1786,1.246208
1787,1.352704
1788,1.414144
1789,1.309696
1790,1.446912
1791,1.325056
1792,1.275904
1793,1.329152
1794,1.328128
1795,1.318912
1796,1.361920
1797,1.352704
1798,1.305600
1799,1.342464
1800,1.347584
1801,1.328128
1802,1.328128
1803,1.328128
1804,1.336320
1805,1.295360
1806,1.285120
1807,1.330176
1808,1.308672
1809,1.344512
1810,1.361920
1811,1.383424
1812,1.361920
1813,1.318912
1814,1.317888
1815,1.308672
1816,1.319936
1817,1.347584
1818,1.362944
1819,1.323008
1820,1.344512
1821,1.366016
1822,1.363968
1823,1.319936
1824,1.350656
1825,1.371136
1826,1.352704
1827,1.334272
1828,1.287168
1829,0.906240
1830,0.643072
1831,0.615424
1832,0.616448
1833,0.608256
1834,0.589824
1835,0.570368
1836,0.556032
1837,1.360896
1838,1.400832
1839,1.376256
1840,1.353728
1841,1.319936
1842,1.372160
1843,1.328128
1844,1.338368
1845,1.306624
1846,1.343488
1847,1.353728
1848,1.364992
1849,1.413120
1850,1.326080
1851,1.345536
1852,1.378304
1853,1.303552
1854,1.341440
1855,1.352704
1856,1.342464
1857,1.343488
1858,1.356800
1859,1.309696
1860,1.343488
1861,1.338368
1862,1.354752
1863,1.325056
1864,1.319936
1865,1.340416
1866,1.398784
1867,1.386496
1868,1.340416
1869,1.356800
1870,1.318912
1871,1.277952
1872,1.344512
1873,1.324032
1874,1.389568
1875,1.349632
1876,1.337344
1877,1.383424
1878,1.326080
1879,1.318912
1880,1.313792
1881,1.262592
1882,0.804864
1883,0.695296
1884,0.678912
1885,0.647168
1886,0.585728
1887,1.348608
1888,1.218560
1889,1.294336
1890,1.343488
1891,1.300480
1892,1.357824
1893,1.331200
1894,1.352704
1895,1.340416
1896,1.370112
1897,1.350656
1898,1.333248
1899,1.336320
1900,1.361920
1901,1.308672
1902,1.352704
1903,1.329152
1904,1.334272
1905,1.324032
1906,1.314816
1907,1.311744
1908,1.319936
1909,1.287168
1910,1.358848
1911,1.384448
1912,1.296384
1913,1.351680
1914,1.345536
1915,1.294336
1916,1.305600
1917,1.327104
1918,1.314816
1919,1.303552
1920,1.358848
1921,1.314816
1922,1.347584
1923,1.347584
1924,1.349632
1925,1.300480
1926,1.335296
1927,1.304576
1928,1.330176
1929,1.346560
1930,1.339392
1931,1.308672
1932,1.381376
1933,1.223680
1934,1.299456
1935,1.359872
1936,1.362944
1937,1.367040
1938,1.391616
1939,1.352704
1940,1.360896
1941,1.375232
1942,1.357824
1943,1.337344
1944,1.295360
1945,1.329152
1946,1.314816
1947,1.312768
1948,1.361920
1949,1.375232
1950,1.326080
1951,1.329152
1952,1.331200
1953,1.342464
1954,1.359872
1955,1.330176
1956,1.352704
1957,1.352704
1958,1.335296
1959,1.344512
1960,1.364992
1961,1.342464
1962,1.326080
1963,1.325056
1964,1.333248
1965,1.375232
1966,1.314816
1967,1.342464
1968,1.332224
1969,1.364992
1970,1.337344
1971,1.300480
1972,1.388544
1973,1.350656
1974,1.326080
1975,1.368064
1976,1.208320
1977,0.906240
1978,0.677888
1979,0.641024
1980,0.602112
1981,0.575488
1982,0.567296
1983,1.348608
1984,1.224704
1985,1.264640
1986,1.291264
1987,1.400832
1988,1.343488
1989,1.370112
1990,1.371136
1991,1.382400
1992,1.285120
1993,1.275904
1994,1.393664
1995,1.394688
1996,1.357824
1997,1.278976
1998,1.331200
1999,1.309696
2000,1.356800
2001,1.323008
2002,1.323008
2003,1.350656
2004,1.373184
2005,1.398784
2006,1.320960
2007,1.330176
2008,1.313792
2009,1.266688
2010,1.317888
2011,1.338368
2012,1.363968
2013,1.355776
2014,1.354752
2015,1.346560
2016,1.332224
2017,1.319936
2018,1.375232
2019,1.310720
2020,1.291264
2021,1.307648
2022,1.358848
2023,1.395712
2024,1.337344
2025,1.333248
2026,1.363968
2027,1.380352
2028,1.172480
2029,1.361920
2030,1.330176
2031,1.295360
2032,1.308672
2033,1.276928
2034,1.346560
2035,1.351680
2036,1.349632
2037,1.384448
2038,1.332224
2039,1.351680
2040,1.346560
2041,1.335296
2042,1.310720
2043,1.372160
2044,1.327104
2045,1.344512
2046,1.341440
2047,1.375232
2048,1.324032
2049,1.331200
2050,1.334272
2051,1.360896
2052,1.367040
2053,1.308672
2054,1.350656
2055,1.393664
2056,1.382400
2057,1.353728
2058,1.349632
2059,1.315840
2060,1.346560
2061,1.314816
2062,1.332224
2063,1.323008
2064,1.311744
2065,1.340416
2066,1.296384
2067,1.326080
2068,1.376256
2069,1.347584
2070,1.349632
2071,1.345536
2072,1.341440
2073,1.298432
2074,1.070080
2075,0.726016
2076,0.614400
2077,0.600064
2078,1.388544
2079,1.375232
2080,1.270784
2081,1.309696
2082,1.313792
2083,1.330176
2084,1.366016
2085,1.372160
2086,1.390592
2087,1.334272
2088,1.346560
2089,1.341440
2090,1.341440
2091,1.358848
2092,1.338368
2093,1.316864
2094,1.341440
2095,1.379328
2096,1.319936
2097,1.307648
2098,1.360896
2099,1.364992
2100,1.339392
2101,1.387520
2102,1.354752
2103,1.352704
2104,1.323008
2105,1.349632
2106,1.358848
2107,1.351680
2108,1.328128
2109,1.353728
2110,1.349632
2111,1.313792
2112,1.361920
2113,1.353728
2114,1.323008
2115,1.310720
2116,1.361920
2117,1.368064
2118,1.306624
2119,1.316864
2120,1.370112
2121,1.367040
2122,1.084416
2123,0.792576
2124,0.671744
2125,0.620544
2126,0.607232
2127,0.579584
2128,0.577536
2129,0.567296
2130,0.565248
2131,1.363968
2132,1.301504
2133,1.243136
2134,1.315840
2135,1.318912
2136,1.338368
2137,1.369088
2138,1.333248
2139,1.343488
2140,1.302528
2141,1.356800
2142,1.352704
2143,1.356800
2144,1.367040
2145,1.318912
2146,1.335296
2147,1.343488
2148,1.378304
2149,1.373184
2150,1.339392
2151,1.422336
2152,1.359872
2153,1.366016
2154,1.359872
2155,1.330176
2156,1.310720
2157,1.374208
2158,1.341440
2159,1.342464
2160,1.335296
2161,1.405952
2162,1.336320
2163,1.339392
2164,1.356800
2165,1.331200
2166,1.298432
2167,1.369088
2168,1.326080
2169,1.360896
2170,1.358848
2171,1.313792
2172,1.337344
2173,1.383424
2174,1.393664
2175,1.228800
2176,1.343488
2177,1.258496
2178,1.275904
2179,1.339392
2180,1.351680
2181,1.330176
2182,1.328128
2183,1.323008
2184,1.320960
2185,1.310720
2186,1.361920
2187,1.384448
2188,1.319936
2189,1.352704
2190,1.306624
2191,1.304576
2192,1.337344
2193,1.312768
2194,1.368064
2195,1.356800
2196,1.373184
2197,1.366016
2198,1.380352
2199,1.364992
2200,1.318912
2201,1.332224
2202,1.318912
2203,1.338368
2204,1.343488
2205,1.328128
2206,1.351680
2207,1.375232
2208,1.362944
2209,1.297408
2210,1.311744
2211,1.362944
2212,1.371136
2213,1.363968
2214,1.288192
2215,1.357824
2216,1.336320
2217,1.396736
2218,1.341440
2219,1.352704
2220,1.265664
2221,0.982016
2222,1.146880
2223,1.246208
2224,1.311744
2225,1.257472
2226,1.325056
2227,1.342464
2228,1.331200
2229,1.302528
2230,1.361920
2231,1.368064
2232,1.323008
2233,1.337344
2234,1.345536
2235,1.345536
2236,1.284096
2237,1.348608
2238,1.382400
2239,1.324032
2240,1.295360
2241,1.297408
2242,1.299456
2243,1.347584
2244,1.336320
2245,1.316864
2246,1.296384
2247,1.344512
2248,1.341440
2249,1.350656
2250,1.357824
2251,1.315840
2252,1.363968
2253,1.297408
2254,1.311744
2255,1.366016
2256,1.357824
2257,1.331200
2258,1.348608
2259,1.368064
2260,1.312768
2261,1.286144
2262,1.304576
2263,1.306624
2264,1.350656
2265,1.349632
2266,1.369088
2267,1.307648
2268,1.176576
2269,1.266688
2270,1.333248
2271,1.315840
2272,1.337344
2273,1.346560
2274,1.321984
2275,1.300480
2276,1.302528
2277,1.329152
2278,1.364992
2279,1.328128
2280,1.314816
2281,1.306624
2282,1.315840
2283,1.355776
2284,1.298432
2285,1.343488
2286,1.297408
2287,1.362944
2288,1.336320
2289,1.306624
2290,1.304576
2291,1.257472
2292,1.337344
2293,1.329152
2294,1.373184
2295,1.300480
2296,1.300480
2297,1.287168
2298,1.346560
2299,1.342464
2300,1.354752
2301,1.320960
2302,1.402880
2303,1.392640
2304,1.337344
2305,1.355776
2306,1.374208
2307,1.346560
2308,1.355776
2309,1.388544
2310,1.338368
2311,1.300480
2312,1.340416
2313,1.260544
2314,1.188864
2315,1.363968
2316,1.363968
2317,1.336320
2318,1.334272
2319,1.361920
2320,1.375232
2321,1.358848
2322,1.347584
2323,1.385472
2324,1.345536
2325,1.344512
2326,1.359872
2327,1.350656
2328,1.314816
2329,1.381376
2330,1.340416
2331,1.340416
2332,1.348608
2333,1.352704
2334,1.361920
2335,1.321984
2336,1.343488
2337,1.321984
2338,1.310720
2339,1.316864
2340,1.301504
2341,1.335296
2342,1.321984
2343,1.378304
2344,1.300480
2345,1.326080
2346,1.326080
2347,1.332224
2348,1.315840
2349,1.354752
2350,1.367040
2351,1.370112
2352,1.378304
2353,1.353728
2354,1.346560
2355,1.341440
2356,1.350656
2357,1.180672
2358,0.868352
2359,0.735232
2360,0.678912
2361,0.630784
2362,0.617472
2363,0.602112
2364,0.567296
2365,0.555008
2366,1.391616
2367,1.372160
2368,1.281024
2369,1.281024
2370,1.369088
2371,1.319936
2372,1.351680
2373,1.318912
2374,1.313792
2375,1.366016
2376,1.362944
2377,1.309696
2378,1.338368
2379,1.386496
2380,1.354752
2381,1.350656
2382,1.353728
2383,1.305600
2384,1.356800
2385,1.359872
2386,1.297408
2387,1.304576
2388,1.307648
2389,1.366016
2390,1.340416
2391,1.238016
2392,1.127424
2393,1.288192
2394,1.389568
2395,1.349632
2396,1.354752
2397,1.310720
2398,1.363968
2399,1.329152
2400,1.387520
2401,1.337344
2402,1.308672
2403,1.314816
2404,1.295360
2405,1.348608
2406,1.371136
2407,1.318912
2408,1.341440
2409,1.339392
2410,1.337344
2411,1.191936
2412,0.765952
2413,0.618496
2414,0.605184
2415,0.598016
2416,0.575488
2417,1.410048
2418,1.403904
2419,1.386496
2420,1.377280
2421,1.325056
2422,1.351680
2423,1.353728
2424,1.329152
2425,1.291264
2426,1.314816
2427,1.310720
2428,1.337344
2429,1.371136
2430,1.368064
2431,1.330176
2432,1.304576
2433,1.348608
2434,1.387520
2435,1.331200
2436,1.366016
2437,1.369088
2438,1.340416
2439,1.320960
2440,1.273856
2441,1.349632
2442,1.381376
2443,1.303552
2444,1.327104
2445,1.352704
2446,1.318912
2447,1.360896
2448,1.360896
2449,1.320960
2450,1.325056
2451,1.316864
2452,1.378304
2453,1.367040
2454,1.349632
2455,1.340416
2456,1.332224
2457,1.386496
2458,1.332224
2459,1.351680
2460,1.332224
2461,1.234944
2462,1.252352
2463,1.135616
2464,1.282048
2465,1.275904
2466,1.308672
2467,1.334272
2468,1.321984
2469,1.330176
2470,1.334272
2471,1.312768
2472,1.286144
2473,1.326080
2474,1.361920
2475,1.339392
2476,1.334272
2477,1.282048
2478,1.345536
2479,1.295360
2480,1.362944
2481,1.389568
2482,1.340416
2483,1.297408
2484,1.347584
2485,1.348608
2486,1.329152
2487,1.316864
2488,1.369088
2489,1.400832
2490,1.376256
2491,1.318912
2492,1.314816
2493,1.363968
2494,1.343488
2495,1.318912
2496,1.312768
2497,1.293312
2498,1.314816
2499,1.314816
2500,1.332224
2501,1.334272
2502,1.387520
2503,1.338368
2504,1.357824
2505,1.364992
2506,1.311744
2507,1.220608
2508,0.758784
2509,1.367040
2510,1.288192
2511,1.313792
2512,1.305600
2513,1.342464
2514,1.330176
2515,1.324032
2516,1.285120
2517,1.317888
2518,1.359872
2519,1.362944
2520,1.355776
2521,1.314816
2522,1.285120
2523,1.360896
2524,1.320960
2525,1.323008
2526,1.369088
2527,1.326080
2528,1.335296
2529,1.337344
2530,1.355776
2531,1.364992
2532,1.310720
2533,1.338368
2534,1.341440
2535,1.381376
2536,1.380352
2537,1.328128
2538,1.369088
2539,1.333248
2540,1.305600
2541,1.323008
2542,1.331200
2543,1.310720
2544,1.337344
2545,1.372160
2546,1.382400
2547,1.344512
2548,1.332224
2549,1.367040
2550,1.369088
2551,1.345536
2552,1.313792
2553,1.245184
2554,1.249280
2555,1.170432
2556,1.319936
2557,1.305600
2558,1.305600
2559,1.323008
2560,1.315840
2561,1.373184
2562,1.331200
2563,1.364992
2564,1.346560
2565,1.333248
2566,1.348608
2567,1.382400
2568,1.339392
2569,1.295360
2570,1.370112
2571,1.332224
2572,1.344512
2573,1.285120
2574,1.316864
2575,1.335296
2576,1.329152
2577,1.319936
2578,1.294336
2579,1.402880
2580,1.312768
2581,1.343488
2582,1.334272
2583,1.296384
2584,1.321984
2585,1.349632
2586,1.311744
2587,1.307648
2588,1.328128
2589,1.356800
2590,1.323008
2591,1.325056
2592,1.287168
2593,1.292288
2594,1.332224
2595,1.319936
2596,1.394688
2597,1.332224
2598,1.350656
2599,1.161216
2600,0.714752
2601,0.623616
2602,0.610304
2603,0.603136
2604,0.595968
2605,0.588800
2606,1.396736
2607,1.401856
2608,1.352704
2609,1.345536
2610,1.359872
2611,1.336320
2612,1.312768
2613,1.307648
2614,1.330176
2615,1.426432
2616,1.292288
2617,1.359872
2618,1.346560
2619,1.346560
2620,1.343488
2621,1.400832
2622,1.318912
2623,1.324032
2624,1.361920
2625,1.337344
2626,1.344512
2627,1.363968
2628,1.305600
2629,1.327104
2630,1.301504
2631,1.326080
2632,1.348608
2633,1.335296
2634,1.373184
2635,1.393664
2636,1.412096
2637,1.351680
2638,1.336320
2639,1.380352
2640,1.320960
2641,1.355776
2642,1.368064
2643,1.380352
2644,1.361920
2645,1.320960
2646,1.284096
2647,1.369088
2648,1.386496
2649,1.328128
2650,1.203200
2651,1.333248
2652,1.132544
2653,1.374208
2654,1.330176
2655,1.310720
2656,1.356800
2657,1.340416
2658,1.292288
2659,1.337344
2660,1.307648
2661,1.347584
2662,1.297408
2663,1.309696
2664,1.351680
2665,1.287168
2666,1.372160
2667,1.356800
2668,1.313792
2669,1.370112
2670,1.310720
2671,1.347584
2672,1.349632
2673,1.356800
2674,1.423360
2675,1.304576
2676,1.354752
2677,1.338368
2678,1.315840
2679,1.347584
2680,1.323008
2681,1.343488
2682,1.349632
2683,1.362944
2684,1.340416
2685,1.336320
2686,1.377280
2687,1.378304
2688,1.310720
2689,1.329152
2690,1.379328
2691,1.315840
2692,1.335296
2693,1.328128
2694,1.317888
2695,1.344512
2696,1.104896
2697,0.681984
2698,1.368064
2699,1.364992
2700,1.386496
2701,1.392640
2702,1.356800
2703,1.366016
2704,1.342464
2705,1.327104
2706,1.348608
2707,1.344512
2708,1.299456
2709,1.349632
2710,1.350656
2711,1.358848
2712,1.313792
2713,1.316864
2714,1.337344
2715,1.325056
2716,1.391616
2717,1.353728
2718,1.344512
2719,1.340416
2720,1.394688
2721,1.314816
2722,1.310720
2723,1.340416
2724,1.301504
2725,1.319936
2726,1.335296
2727,1.338368
2728,1.388544
2729,1.374208
2730,1.354752
2731,1.325056
2732,1.359872
2733,1.329152
2734,1.306624
2735,1.389568
2736,1.334272
2737,1.313792
2738,1.328128
2739,1.315840
2740,1.333248
2741,1.400832
2742,1.273856
2743,0.918528
2744,0.669696
2745,0.904192
2746,1.305600
2747,1.353728
2748,1.354752
2749,1.361920
2750,1.339392
2751,1.340416
2752,1.293312
2753,1.368064
2754,1.344512
2755,1.309696
2756,1.364992
2757,1.373184
2758,1.359872
2759,1.343488
2760,1.324032
2761,1.334272
2762,1.339392
2763,1.334272
2764,1.383424
2765,1.361920
2766,1.373184
2767,1.331200
2768,1.358848
2769,1.361920
2770,1.339392
2771,1.332224
2772,1.314816
2773,1.316864
2774,1.355776
2775,1.341440
2776,1.340416
2777,1.330176
2778,1.382400
2779,1.330176
2780,1.353728
2781,1.374208
2782,1.333248
2783,1.344512
2784,1.334272
2785,1.358848
2786,1.316864
2787,1.315840
2788,1.345536
2789,1.359872
2790,1.205248
2791,1.200128
2792,1.357824
2793,1.334272
2794,1.359872
2795,1.352704
2796,1.327104
2797,1.326080
2798,1.327104
2799,1.351680
2800,1.331200
2801,1.342464
2802,1.350656
2803,1.344512
2804,1.343488
2805,1.389568
2806,1.313792
2807,1.301504
2808,1.334272
2809,1.350656
2810,1.296384
2811,1.337344
2812,1.362944
2813,1.274880
2814,1.307648
2815,1.351680
2816,1.336320
2817,1.320960
2818,1.349632
2819,1.340416
2820,1.355776
2821,1.349632
2822,1.329152
2823,1.259520
2824,1.374208
2825,1.355776
2826,1.352704
2827,1.364992
2828,1.335296
2829,1.352704
2830,1.361920
2831,1.325056
2832,1.338368
2833,1.309696
2834,1.362944
2835,1.212416
2836,1.184768
2837,1.309696
2838,1.267712
2839,1.325056
2840,1.289216
2841,1.325056
2842,1.355776
2843,1.345536
2844,1.342464
2845,1.354752
2846,1.334272
2847,1.349632
2848,1.309696
2849,1.349632
2850,1.312768
2851,1.355776
2852,1.347584
2853,1.350656
2854,1.358848
2855,1.352704
2856,1.329152
2857,1.267712
2858,1.297408
2859,1.305600
2860,1.353728
2861,1.340416
2862,1.337344
2863,1.337344
2864,1.360896
2865,1.310720
2866,1.366016
2867,1.343488
2868,1.309696
2869,1.329152
2870,1.319936
2871,1.299456
2872,1.361920
2873,1.324032
2874,1.354752
2875,1.364992
2876,1.353728
2877,1.295360
2878,1.352704
2879,1.341440
2880,1.132544
2881,1.324032
2882,1.225728
2883,1.404928
2884,1.337344
2885,1.391616
2886,1.362944
2887,1.367040
2888,1.290240
2889,1.432576
2890,1.352704
2891,1.379328
2892,1.343488
2893,1.380352
2894,1.361920
2895,1.363968
2896,1.327104
2897,1.355776
2898,1.340416
2899,1.411072
2900,1.338368
2901,1.291264
2902,1.369088
2903,1.364992
2904,1.334272
2905,1.314816
2906,1.367040
2907,1.337344
2908,1.350656
2909,1.374208
2910,1.352704
2911,1.314816
2912,1.349632
2913,1.370112
2914,1.328128
2915,1.359872
2916,1.351680
2917,1.339392
2918,1.392640
2919,1.355776
2920,1.287168
2921,1.350656
2922,1.337344
2923,1.316864
2924,1.336320
2925,1.307648
2926,1.045504
2927,0.658432
2928,0.603136
2929,0.593920
2930,1.341440
2931,1.295360
2932,1.325056
2933,1.320960
2934,1.358848
2935,1.368064
2936,1.290240
2937,1.296384
2938,1.357824
2939,1.304576
2940,1.350656
2941,1.351680
2942,1.338368
2943,1.362944
2944,1.341440
2945,1.315840
2946,1.316864
2947,1.351680
2948,1.323008
2949,1.370112
2950,1.304576
2951,1.338368
2952,1.379328
2953,1.325056
2954,1.357824
2955,1.402880
2956,1.348608
2957,1.336320
2958,1.326080
2959,1.380352
2960,1.325056
2961,1.343488
2962,1.364992
2963,1.411072
2964,1.340416
2965,1.352704
2966,1.349632
2967,1.352704
2968,1.355776
2969,1.341440
2970,1.363968
2971,1.320960
2972,1.350656
2973,1.310720
2974,1.200128
2975,0.801792
2976,0.676864
2977,0.632832
2978,0.604160
2979,0.582656
2980,0.563200
2981,1.398784
2982,1.379328
2983,1.377280
2984,1.370112
2985,1.366016
2986,1.307648
2987,1.368064
2988,1.300480
2989,1.317888
2990,1.318912
2991,1.332224
2992,1.332224
2993,1.356800
2994,1.348608
2995,1.351680
2996,1.393664
2997,1.359872
2998,1.337344
2999,1.389568
3000,1.324032
3001,1.391616
3002,1.369088
3003,1.351680
3004,1.408000
3005,1.326080
3006,1.332224
3007,1.296384
3008,1.349632
3009,1.310720
3010,1.302528
3011,1.310720
3012,1.318912
3013,1.326080
3014,1.367040
3015,1.345536
3016,1.320960
3017,1.373184
3018,1.351680
3019,1.298432
3020,1.364992
3021,1.336320
3022,1.338368
3023,1.351680
3024,1.350656
3025,1.223680
3026,0.787456
3027,1.364992
3028,1.343488
3029,1.362944
3030,1.396736
3031,1.383424
3032,1.395712
3033,1.340416
3034,1.323008
3035,1.360896
3036,1.324032
3037,1.364992
3038,1.317888
3039,1.330176
3040,1.386496
3041,1.331200
3042,1.334272
3043,1.338368
3044,1.327104
3045,1.318912
3046,1.298432
3047,1.357824
3048,1.319936
3049,1.379328
3050,1.332224
3051,1.330176
3052,1.325056
3053,1.346560
3054,1.350656
3055,1.364992
3056,1.354752
3057,1.308672
3058,1.320960
3059,1.292288
3060,1.331200
3061,1.360896
3062,1.361920
3063,1.360896
3064,1.343488
3065,1.376256
3066,1.394688
3067,1.350656
3068,1.319936
3069,1.332224
3070,1.280000
3071,1.253376
3072,0.959488
3073,0.653312
3074,0.620544
3075,0.589824
3076,1.380352
3077,1.393664
3078,1.339392
3079,1.379328
3080,1.355776
3081,1.395712
3082,1.371136
3083,1.328128
3084,1.378304
3085,1.305600
3086,1.336320
3087,1.376256
3088,1.343488
3089,1.319936
3090,1.318912
3091,1.354752
3092,1.413120
3093,1.310720
3094,1.387520
3095,1.370112
3096,1.367040
3097,1.331200
3098,1.328128
3099,1.309696
3100,1.310720
3101,1.349632
3102,1.344512
3103,1.368064
3104,1.364992
3105,1.327104
3106,1.323008
3107,1.321984
3108,1.351680
3109,1.334272
3110,1.341440
3111,1.471488
3112,1.260544
3113,1.363968
3114,1.332224
3115,1.368064
3116,1.357824
3117,1.368064
3118,1.363968
3119,1.352704
3120,1.230848
3121,0.852992
3122,0.652288
3123,0.617472
3124,0.611328
3125,0.582656
3126,0.561152
3127,0.556032
3128,1.396736
3129,1.346560
3130,1.305600
3131,1.287168
3132,1.333248
3133,1.357824
3134,1.318912
3135,1.317888
3136,1.352704
3137,1.368064
3138,1.372160
3139,1.342464
3140,1.353728
3141,1.367040
3142,1.331200
3143,1.331200
3144,1.343488
3145,1.352704
3146,1.350656
3147,1.293312
3148,1.358848
3149,1.327104
3150,1.358848
3151,1.321984
3152,1.369088
3153,1.309696
3154,1.287168
3155,1.327104
3156,1.349632
3157,1.316864
3158,1.316864
3159,1.338368
3160,1.384448
3161,1.324032
3162,1.339392
3163,1.367040
3164,1.337344
3165,1.203200
3166,1.300480
3167,1.343488
3168,1.349632
3169,1.338368
3170,1.359872
3171,1.309696
3172,1.160192
3173,0.891904
3174,0.728064
3175,1.357824
3176,1.349632
3177,1.267712
3178,1.317888
3179,1.343488
3180,1.341440
3181,1.349632
3182,1.330176
3183,1.371136
3184,1.349632
3185,1.363968
3186,1.361920
3187,1.350656
3188,1.335296
3189,1.370112
3190,1.369088
3191,1.321984
3192,1.367040
3193,1.330176
3194,1.320960
3195,1.362944
3196,1.291264
3197,1.313792
3198,1.289216
3199,1.351680
3200,1.347584
3201,1.352704
3202,1.321984
3203,1.362944
3204,1.333248
3205,1.314816
3206,1.341440
3207,1.336320
3208,1.339392
3209,1.291264
3210,1.323008
3211,1.346560
3212,1.303552
3213,1.308672
3214,1.299456
3215,1.277952
3216,1.312768
3217,1.360896
3218,1.360896
3219,1.381376
3220,0.876544
3221,0.619520
3222,0.606208
3223,0.596992
3224,0.592896
3225,0.588800
3226,0.583680
3227,0.570368
3228,0.550912
3229,0.546816
3230,1.305600
3231,1.390592
3232,1.290240
3233,1.364992
3234,1.374208
3235,1.332224
3236,1.319936
3237,1.362944
3238,1.317888
3239,1.350656
3240,1.345536
3241,1.339392
3242,1.310720
3243,1.324032
3244,1.398784
3245,1.329152
3246,1.357824
3247,1.376256
3248,1.326080
3249,1.375232
3250,1.306624
3251,1.335296
3252,1.361920
3253,1.310720
3254,1.312768
3255,1.331200
3256,1.328128
3257,1.313792
3258,1.370112
3259,1.359872
3260,1.360896
3261,1.346560
3262,1.242112
3263,1.357824
3264,1.359872
3265,1.289216
3266,1.356800
3267,1.328128
3268,1.335296
3269,1.318912
3270,1.329152
3271,1.369088
3272,1.374208
3273,1.345536
3274,1.139712
3275,0.915456
3276,1.403904
3277,1.408000
3278,1.368064
3279,1.356800
3280,1.357824
3281,1.386496
3282,1.381376
3283,1.352704
3284,1.334272
3285,1.332224
3286,1.369088
3287,1.306624
3288,1.360896
3289,1.375232
3290,1.291264
3291,1.341440
3292,1.347584
3293,1.364992
3294,1.362944
3295,1.377280
3296,1.358848
3297,1.306624
3298,1.325056
3299,1.343488
3300,1.329152
3301,1.336320
3302,1.335296
3303,1.382400
3304,1.331200
3305,1.332224
3306,1.340416
3307,1.319936
3308,1.358848
3309,1.325056
3310,1.353728
3311,1.359872
3312,1.328128
3313,1.353728
3314,1.320960
3315,1.384448
3316,1.331200
3317,1.332224
3318,1.304576
3319,1.346560
3320,1.216512
3321,1.176576
3322,1.360896
3323,1.328128
3324,1.289216
3325,1.367040
3326,1.370112
3327,1.340416
3328,1.309696
3329,1.376256
3330,1.329152
3331,1.332224
3332,1.333248
3333,1.333248
3334,1.408000
3335,1.361920
3336,1.307648
3337,1.325056
3338,1.288192
3339,1.325056
3340,1.327104
3341,1.307648
3342,1.377280
3343,1.327104
3344,1.351680
3345,1.316864
3346,1.355776
3347,1.314816
3348,1.351680
3349,1.318912
3350,1.336320
3351,1.318912
3352,1.374208
3353,1.350656
3354,1.364992
3355,1.302528
3356,1.333248
3357,1.314816
3358,1.364992
3359,1.336320
3360,1.344512
3361,1.353728
3362,1.317888
3363,1.334272
3364,1.278976
3365,1.133568
3366,0.729088
3367,0.602112
3368,0.589824
3369,0.584704
3370,0.579584
3371,0.579584
3372,0.572416
3373,1.424384
3374,1.293312
3375,1.326080
3376,1.304576
3377,1.282048
3378,1.361920
3379,1.348608
3380,1.364992
3381,1.338368
3382,1.338368
3383,1.307648
3384,1.343488
3385,1.333248
3386,1.354752
3387,1.308672
3388,1.303552
3389,1.292288
3390,1.382400
3391,1.330176
3392,1.337344
3393,1.324032
3394,1.343488
3395,1.362944
3396,1.351680
3397,1.338368
3398,1.307648
3399,1.347584
3400,1.285120
3401,1.331200
3402,1.364992
3403,1.363968
3404,1.398784
3405,1.370112
3406,1.290240
3407,1.377280
3408,1.339392
3409,1.335296
3410,1.304576
3411,1.358848
3412,1.381376
3413,1.366016
3414,1.356800
3415,1.343488
3416,1.354752
3417,1.332224
3418,1.219584
3419,1.122304
3420,1.315840
3421,1.299456
3422,1.363968
3423,1.351680
3424,1.333248
3425,1.312768
3426,1.341440
3427,1.326080
3428,1.397760
3429,1.398784
3430,1.343488
3431,1.331200
3432,1.368064
3433,1.292288
3434,1.349632
3435,1.298432
3436,1.370112
3437,1.397760
3438,1.400832
3439,1.350656
3440,1.334272
3441,1.334272
3442,1.378304
3443,1.354752
3444,1.343488
3445,1.351680
3446,1.321984
3447,1.317888
3448,1.336320
3449,1.382400
3450,1.308672
3451,1.364992
3452,1.364992
3453,1.321984
3454,1.316864
3455,1.299456
3456,1.312768
3457,1.302528
3458,1.366016
3459,1.306624
3460,1.302528
3461,1.367040
3462,1.273856
3463,0.892928
3464,0.678912
3465,0.645120
3466,0.598016
3467,0.577536
3468,0.574464
3469,0.570368
3470,1.382400
3471,1.415168
3472,1.373184
3473,1.307648
3474,1.569792
3475,1.370112
3476,1.353728
3477,1.353728
3478,1.293312
3479,1.316864
3480,1.393664
3481,1.338368
3482,1.356800
3483,1.331200
3484,1.333248
3485,1.366016
3486,1.300480
3487,1.302528
3488,1.319936
3489,1.341440
3490,1.326080
3491,1.326080
3492,1.321984
3493,1.353728
3494,1.361920
3495,1.319936
3496,1.352704
3497,1.327104
3498,1.372160
3499,1.376256
3500,1.309696
3501,1.315840
3502,1.302528
3503,1.352704
3504,1.335296
3505,1.342464
3506,1.344512
3507,1.386496
3508,1.332224
3509,1.350656
3510,1.317888
3511,1.342464
3512,1.351680
3513,1.318912
3514,1.086464
3515,0.774144
3516,0.636928
3517,0.620544
3518,0.606208
3519,0.585728
3520,0.580608
3521,1.347584
3522,1.347584
3523,1.302528
3524,1.314816
3525,1.324032
3526,1.302528
3527,1.276928
3528,1.362944
3529,1.353728
3530,1.393664
3531,1.316864
3532,1.285120
3533,1.350656
3534,1.335296
3535,1.315840
3536,1.304576
3537,1.347584
3538,1.306624
3539,1.325056
3540,1.286144
3541,1.310720
3542,1.309696
3543,1.350656
3544,1.316864
3545,1.361920
3546,1.308672
3547,1.307648
3548,1.339392
3549,1.324032
3550,1.345536
3551,1.298432
3552,1.315840
3553,1.281024
3554,1.350656
3555,1.355776
3556,1.342464
3557,1.363968
3558,1.350656
3559,1.338368
3560,1.311744
3561,1.307648
3562,1.317888
3563,1.366016
3564,1.312768
3565,1.327104
3566,1.221632
3567,0.909312
3568,0.630784
3569,1.324032
3570,1.301504
3571,1.306624
3572,1.315840
3573,1.357824
3574,1.382400
3575,1.329152
3576,1.378304
3577,1.353728
3578,1.339392
3579,1.332224
3580,1.396736
3581,1.336320
3582,1.304576
3583,1.345536
3584,1.320960
3585,1.359872
3586,1.357824
3587,1.359872
3588,1.353728
3589,1.344512
3590,1.330176
3591,1.366016
3592,1.312768
3593,1.302528
3594,1.336320
3595,1.377280
3596,1.309696
3597,1.371136
3598,1.332224
3599,1.344512
3600,1.341440
3601,1.325056
3602,1.307648
3603,1.345536
3604,1.325056
3605,1.341440
3606,1.284096
3607,1.347584
3608,1.367040
3609,1.333248
3610,1.382400
3611,1.384448
3612,1.347584
3613,1.274880
3614,1.329152
3615,1.170432
3616,1.328128
3617,1.363968
3618,1.353728
3619,1.361920
3620,1.359872
3621,1.323008
3622,1.326080
3623,1.431552
3624,1.376256
3625,1.202176
3626,1.331200
3627,1.344512
3628,1.355776
3629,1.383424
3630,1.348608
3631,1.361920
3632,1.283072
3633,1.371136
3634,1.382400
3635,1.367040
3636,1.316864
3637,1.297408
3638,1.319936
3639,1.373184
3640,1.349632
3641,1.385472
3642,1.341440
3643,1.409024
3644,1.336320
3645,1.334272
3646,1.290240
3647,1.347584
3648,1.315840
3649,1.345536
3650,1.303552
3651,1.306624
3652,1.377280
3653,1.346560
3654,1.390592
3655,1.347584
3656,1.355776
3657,1.333248
3658,1.270784
3659,0.848896
3660,0.673792
3661,0.616448
3662,1.318912
3663,1.203200
3664,1.344512
3665,1.362944
3666,1.362944
3667,1.348608
3668,1.367040
3669,1.354752
3670,1.387520
3671,1.394688
3672,1.341440
3673,1.317888
3674,1.285120
3675,1.305600
3676,1.290240
3677,1.297408
3678,1.340416
3679,1.340416
3680,1.327104
3681,1.334272
3682,1.311744
3683,1.347584
3684,1.316864
3685,1.340416
3686,1.374208
3687,1.313792
3688,1.310720
3689,1.349632
3690,1.385472
3691,1.347584
3692,1.348608
3693,1.308672
3694,1.354752
3695,1.323008
3696,1.334272
3697,1.303552
3698,1.347584
3699,1.319936
3700,1.357824
3701,1.305600
3702,1.325056
3703,1.387520
3704,1.339392
3705,1.384448
3706,1.330176
3707,1.159168
3708,1.362944
3709,1.333248
3710,1.273856
3711,1.368064
3712,1.339392
3713,1.281024
3714,1.381376
3715,1.338368
3716,1.372160
3717,1.308672
3718,1.350656
3719,1.547264
3720,1.363968
3721,1.345536
3722,1.330176
3723,1.336320
3724,1.344512
3725,1.344512
3726,1.326080
3727,1.360896
3728,1.310720
3729,1.333248
3730,1.296384
3731,1.367040
3732,1.341440
3733,1.335296
3734,1.331200
3735,1.349632
3736,1.368064
3737,1.362944
3738,1.342464
3739,1.327104
3740,1.354752
3741,1.361920
3742,1.325056
3743,1.339392
3744,1.375232
3745,1.290240
3746,1.334272
3747,1.302528
3748,1.364992
3749,1.331200
3750,1.346560
3751,1.339392
3752,1.240064
3753,0.787456
3754,1.286144
3755,1.221632
3756,1.306624
3757,1.332224
3758,1.370112
3759,1.308672
3760,1.300480
3761,1.349632
3762,1.330176
3763,1.312768
3764,1.379328
3765,1.338368
3766,1.325056
3767,1.321984
3768,1.312768
3769,1.373184
3770,1.267712
3771,1.336320
3772,1.329152
3773,1.340416
3774,1.352704
3775,1.358848
3776,1.297408
3777,1.311744
3778,1.298432
3779,1.361920
3780,1.324032
3781,1.342464
3782,1.332224
3783,1.308672
3784,1.357824
3785,1.330176
3786,1.326080
3787,1.266688
3788,1.352704
3789,1.314816
3790,1.340416
3791,1.353728
3792,1.302528
3793,1.402880
3794,1.324032
3795,1.352704
3796,1.331200
3797,1.351680
3798,1.364992
3799,1.103872
3800,1.239040
3801,1.084416
3802,1.293312
3803,1.306624
3804,1.336320
3805,1.294336
3806,1.359872
3807,1.395712
3808,1.310720
3809,1.301504
3810,1.303552
3811,1.338368
3812,1.307648
3813,1.306624
3814,1.339392
3815,1.324032
3816,1.324032
3817,1.299456
3818,1.319936
3819,1.294336
3820,1.351680
3821,1.304576
3822,1.383424
3823,1.345536
3824,1.340416
3825,1.346560
3826,1.351680
3827,1.359872
3828,1.318912
3829,1.314816
3830,1.310720
3831,1.340416
3832,1.359872
3833,1.341440
3834,1.356800
3835,1.362944
3836,1.312768
3837,1.342464
3838,1.348608
3839,1.325056
3840,1.310720
3841,1.345536
3842,1.316864
3843,1.335296
3844,1.334272
3845,1.083392
3846,0.747520
3847,1.266688
3848,1.129472
3849,1.299456
3850,1.332224
3851,1.366016
3852,1.363968
3853,1.318912
3854,1.353728
3855,1.261568
3856,1.337344
3857,1.299456
3858,1.291264
3859,1.346560
3860,1.336320
3861,1.310720
3862,1.361920
3863,1.335296
3864,1.310720
3865,1.362944
3866,1.324032
3867,1.333248
3868,1.361920
3869,1.387520
3870,1.353728
3871,1.371136
3872,1.339392
3873,1.300480
3874,1.545216
3875,1.377280
3876,1.328128
3877,1.317888
3878,1.358848
3879,1.341440
3880,1.332224
3881,1.310720
3882,1.342464
3883,1.345536
3884,1.391616
3885,1.351680
3886,1.331200
3887,1.371136
3888,1.375232
3889,1.298432
3890,1.318912
3891,1.246208
3892,1.228800
3893,1.167360
3894,1.360896
3895,1.338368
3896,1.313792
3897,1.375232
3898,1.346560
3899,1.343488
3900,1.311744
3901,1.354752
3902,1.331200
3903,1.344512
3904,1.324032
3905,1.359872
3906,1.272832
3907,1.325056
3908,1.368064
3909,1.328128
3910,1.363968
3911,1.312768
3912,1.327104
3913,1.329152
3914,1.296384
3915,1.387520
3916,1.304576
3917,1.284096
3918,1.366016
3919,1.400832
3920,1.347584
3921,1.320960
3922,1.491968
3923,1.428480
3924,1.351680
3925,1.335296
3926,1.314816
3927,1.390592
3928,1.330176
3929,1.350656
3930,1.379328
3931,1.364992
3932,1.369088
3933,1.363968
3934,1.340416
3935,1.316864
3936,1.321984
3937,1.154048
3938,1.388544
3939,1.274880
3940,1.297408
3941,1.317888
3942,1.292288
3943,1.354752
3944,1.379328
3945,1.346560
3946,1.359872
3947,1.360896
3948,1.367040
3949,1.305600
3950,1.356800
3951,1.359872
3952,1.340416
3953,1.336320
3954,1.339392
3955,1.338368
3956,1.391616
3957,1.332224
3958,1.290240
3959,1.280000
3960,1.317888
3961,1.341440
3962,1.325056
3963,1.283072
3964,1.353728
3965,1.339392
3966,1.264640
3967,1.369088
3968,1.340416
3969,1.300480
3970,1.380352
3971,1.291264
3972,1.323008
3973,1.354752
3974,1.296384
3975,1.360896
3976,1.333248
3977,1.335296
3978,1.341440
3979,1.347584
3980,1.315840
3981,1.327104
3982,1.318912
3983,0.781312
3984,0.636928
3985,0.587776
3986,0.589824
3987,0.583680
3988,0.585728
3989,0.577536
3990,1.345536
3991,1.353728
3992,1.369088
3993,1.341440
3994,1.320960
3995,1.284096
3996,1.349632
3997,1.370112
3998,1.355776
3999,1.372160
4000,1.332224
4001,1.342464
4002,1.278976
4003,1.346560
4004,1.340416
4005,1.374208
4006,1.327104
4007,1.324032
4008,1.339392
4009,1.297408
4010,1.533952
4011,1.299456
4012,1.354752
4013,1.355776
4014,1.368064
4015,1.354752
4016,1.339392
4017,1.381376
4018,1.295360
4019,1.300480
4020,1.337344
4021,1.357824
4022,1.313792
4023,1.364992
4024,1.361920
4025,1.338368
4026,1.346560
4027,1.363968
4028,1.355776
4029,1.368064
4030,1.337344
4031,1.357824
4032,1.329152
4033,1.316864
4034,1.292288
4035,0.851968
4036,1.379328
4037,1.333248
4038,1.246208
4039,1.305600
4040,1.327104
4041,1.342464
4042,1.346560
4043,1.361920
4044,1.383424
4045,1.351680
4046,1.359872
4047,1.344512
4048,1.341440
4049,1.363968
4050,1.357824
4051,1.333248
4052,1.360896
4053,1.378304
4054,1.337344
4055,1.319936
4056,1.486848
4057,1.367040
4058,1.349632
4059,1.391616
4060,1.354752
4061,1.346560
4062,1.361920
4063,1.367040
4064,1.309696
4065,1.288192
4066,1.331200
4067,1.285120
4068,1.357824
4069,1.302528
4070,1.363968
4071,1.359872
4072,1.338368
4073,1.360896
4074,1.327104
4075,1.325056
4076,1.308672
4077,1.400832
4078,1.337344
4079,1.380352
4080,1.267712
4081,1.420288
4082,1.389568
4083,1.331200
4084,1.368064
4085,1.325056
4086,1.357824
4087,1.347584
4088,1.368064
4089,1.361920
4090,1.350656
4091,1.298432
4092,1.327104
4093,1.341440
4094,1.395712
4095,1.297408
4096,1.369088
4097,1.364992
4098,1.317888
4099,1.360896
4100,1.347584
4101,1.375232
4102,1.346560
4103,1.286144
4104,1.314816
4105,1.361920
4106,1.330176
4107,1.344512
4108,1.323008
4109,1.421312
4110,1.367040
4111,1.354752
4112,1.400832
4113,1.366016
4114,1.347584
4115,1.353728
4116,1.309696
4117,1.320960
4118,1.328128
4119,1.338368
4120,1.298432
4121,1.315840
4122,1.360896
4123,1.376256
4124,1.327104
4125,1.142784
4126,1.324032
4127,1.202176
4128,1.328128
4129,1.378304
4130,1.337344
4131,1.284096
4132,1.310720
4133,1.310720
4134,1.398784
4135,1.302528
4136,1.400832
4137,1.376256
4138,1.344512
4139,1.336320
4140,1.359872
4141,1.338368
4142,1.351680
4143,1.307648
4144,1.333248
4145,1.313792
4146,1.293312
4147,1.352704
4148,1.319936
4149,1.341440
4150,1.300480
4151,1.372160
4152,1.325056
4153,1.326080
4154,1.326080
4155,1.316864
4156,1.374208
4157,1.366016
4158,1.356800
4159,1.346560
4160,1.318912
4161,1.367040
4162,1.336320
4163,1.364992
4164,1.398784
4165,1.369088
4166,1.492992
4167,1.349632
4168,1.338368
4169,1.349632
4170,1.293312
4171,0.993280
4172,0.644096
4173,0.613376
4174,0.598016
4175,0.592896
4176,0.587776
4177,1.359872
4178,1.274880
4179,1.289216
4180,1.272832
4181,1.315840
4182,1.334272
4183,1.385472
4184,1.308672
4185,1.408000
4186,1.430528
4187,1.379328
4188,1.375232
4189,1.373184
4190,1.371136
4191,1.367040
4192,1.335296
4193,1.358848
4194,1.302528
4195,1.323008
4196,1.359872
4197,1.312768
4198,1.315840
4199,1.326080
4200,1.371136
4201,1.359872
4202,1.341440
4203,1.360896
4204,1.304576
4205,1.362944
4206,1.321984
4207,1.380352
4208,1.325056
4209,1.299456
4210,1.318912
4211,1.338368
4212,1.361920
4213,1.329152
4214,1.334272
4215,1.398784
4216,1.330176
4217,1.314816
4218,1.368064
4219,1.331200
4220,1.349632
4221,1.335296
4222,1.420288
4223,1.443840
4224,1.403904
4225,1.351680
4226,1.349632
4227,1.335296
4228,1.351680
4229,1.338368
4230,1.323008
4231,1.335296
4232,1.370112
4233,1.351680
4234,1.381376
4235,1.345536
4236,1.330176
4237,1.380352
4238,1.330176
4239,1.310720
4240,1.367040
4241,1.316864
4242,1.347584
4243,1.328128
4244,1.360896
4245,1.367040
4246,1.349632
4247,1.282048
4248,1.358848
4249,1.348608
4250,1.391616
4251,1.317888
4252,1.386496
4253,1.351680
4254,1.300480
4255,1.319936
4256,1.376256
4257,1.372160
4258,1.329152
4259,1.324032
4260,1.334272
4261,1.334272
4262,1.306624
4263,1.355776
4264,1.359872
4265,1.324032
4266,1.333248
4267,1.104896
4268,1.333248
4269,1.184768
4270,1.347584
4271,1.357824
4272,1.369088
4273,1.373184
4274,1.330176
4275,1.284096
4276,1.314816
4277,1.318912
4278,1.349632
4279,1.366016
4280,1.296384
4281,1.341440
4282,1.377280
4283,1.325056
4284,1.346560
4285,1.332224
4286,1.310720
4287,1.308672
4288,1.329152
4289,1.302528
4290,1.347584
4291,1.331200
4292,1.397760
4293,1.369088
4294,1.348608
4295,1.306624
4296,1.353728
4297,1.331200
4298,1.303552
4299,1.344512
4300,1.309696
4301,1.362944
4302,1.313792
4303,1.330176
4304,1.336320
4305,1.339392
4306,1.304576
4307,1.379328
4308,1.353728
4309,1.343488
4310,1.314816
4311,1.321984
4312,1.297408
4313,1.082368
4314,0.707584
4315,1.282048
4316,1.142784
4317,1.323008
4318,1.315840
4319,1.293312
4320,1.345536
4321,1.339392
4322,1.328128
4323,1.343488
4324,1.315840
4325,1.349632
4326,1.319936
4327,1.309696
4328,1.315840
4329,1.325056
4330,1.372160
4331,1.354752
4332,1.334272
4333,1.372160
4334,1.358848
4335,1.327104
4336,1.289216
4337,1.343488
4338,1.332224
4339,1.347584
4340,1.345536
4341,1.338368
4342,1.347584
4343,1.344512
4344,1.315840
4345,1.300480
4346,1.342464
4347,1.352704
4348,1.308672
4349,1.332224
4350,1.372160
4351,1.343488
4352,1.350656
4353,1.345536
4354,1.350656
4355,1.372160
4356,1.309696
4357,1.331200
4358,1.340416
4359,1.321984
4360,1.072128
4361,0.778240
4362,1.381376
4363,1.343488
4364,1.362944
4365,1.285120
4366,1.317888
4367,1.303552
4368,1.393664
4369,1.358848
4370,1.319936
4371,1.317888
4372,1.374208
4373,1.354752
4374,1.382400
4375,1.396736
4376,1.319936
4377,1.390592
4378,1.364992
4379,1.343488
4380,1.301504
4381,1.364992
4382,1.313792
4383,1.293312
4384,1.341440
4385,1.352704
4386,1.340416
4387,1.333248
4388,1.371136
4389,1.373184
4390,1.266688
4391,1.264640
4392,1.364992
4393,1.336320
4394,1.341440
4395,1.339392
4396,1.353728
4397,1.293312
4398,1.346560
4399,1.319936
4400,1.366016
4401,1.369088
4402,1.349632
4403,1.376256
4404,1.355776
4405,1.295360
4406,1.275904
4407,1.273856
4408,1.163264
4409,1.307648
4410,1.341440
4411,1.309696
4412,1.294336
4413,1.287168
4414,1.324032
4415,1.356800
4416,1.373184
4417,1.348608
4418,1.341440
4419,1.300480
4420,1.307648
4421,1.310720
4422,1.298432
4423,1.319936
4424,1.320960
4425,1.340416
4426,1.367040
4427,1.349632
4428,1.318912
4429,1.299456
4430,1.314816
4431,1.315840
4432,1.370112
4433,1.339392
4434,1.307648
4435,1.311744
4436,1.320960
4437,1.354752
4438,1.289216
4439,1.351680
4440,1.372160
4441,1.371136
4442,1.353728
4443,1.327104
4444,1.361920
4445,1.320960
4446,1.332224
4447,1.316864
4448,1.277952
4449,1.323008
4450,1.313792
4451,1.318912
4452,1.299456
4453,0.840704
4454,1.376256
4455,1.293312
4456,1.287168
4457,1.269760
4458,1.315840
4459,1.362944
4460,1.318912
4461,1.412096
4462,1.321984
4463,1.344512
4464,1.319936
4465,1.338368
4466,1.296384
4467,1.310720
4468,1.388544
4469,1.382400
4470,1.332224
4471,1.316864
4472,1.337344
4473,1.313792
4474,1.361920
4475,1.301504
4476,1.373184
4477,1.282048
4478,1.329152
4479,1.336320
4480,1.329152
4481,1.328128
4482,1.342464
4483,1.317888
4484,1.310720
4485,1.346560
4486,1.342464
4487,1.342464
4488,1.310720
4489,1.291264
4490,1.335296
4491,1.364992
4492,1.316864
4493,1.321984
4494,1.314816
4495,1.358848
4496,1.310720
4497,1.317888
4498,1.236992
4499,0.836608
4500,1.308672
4501,1.203200
4502,1.326080
4503,1.312768
4504,1.413120
4505,1.388544
4506,1.349632
4507,1.375232
4508,1.317888
4509,1.326080
4510,1.355776
4511,1.335296
4512,1.373184
4513,1.305600
4514,1.340416
4515,1.323008
4516,1.314816
4517,1.367040
4518,1.334272
4519,1.334272
4520,1.381376
4521,1.377280
4522,1.329152
4523,1.343488
4524,1.302528
4525,1.306624
4526,1.297408
4527,1.339392
4528,1.360896
4529,1.302528
4530,1.314816
4531,1.355776
4532,1.331200
4533,1.385472
4534,1.350656
4535,1.353728
4536,1.378304
4537,1.350656
4538,1.325056
4539,1.289216
4540,1.342464
4541,1.320960
4542,1.349632
4543,1.366016
4544,1.306624
4545,1.059840
4546,1.299456
4547,1.172480
4548,1.332224
4549,1.346560
4550,1.269760
4551,1.345536
4552,1.328128
4553,1.294336
4554,1.339392
4555,1.337344
4556,1.340416
4557,1.515520
4558,1.356800
4559,1.355776
4560,1.313792
4561,1.346560
4562,1.293312
4563,1.262592
4564,1.288192
4565,1.352704
4566,1.302528
4567,1.337344
4568,1.350656
4569,1.311744
4570,1.332224
4571,1.323008
4572,1.358848
4573,1.328128
4574,1.283072
4575,1.353728
4576,1.277952
4577,1.336320
4578,1.348608
4579,1.311744
4580,1.344512
4581,1.340416
4582,1.380352
4583,1.301504
4584,1.370112
4585,1.316864
4586,1.359872
4587,1.297408
4588,1.351680
4589,1.350656
4590,1.350656
4591,1.093632
4592,0.652288
4593,0.605184
4594,0.602112
4595,0.608256
4596,0.591872
4597,0.580608
4598,1.389568
4599,1.337344
4600,1.401856
4601,1.342464
4602,1.350656
4603,1.396736
4604,1.349632
4605,1.334272
4606,1.343488
4607,1.341440
4608,1.379328
4609,1.318912
4610,1.333248
4611,1.333248
4612,1.372160
4613,1.336320
4614,1.284096
4615,1.397760
4616,1.369088
4617,1.339392
4618,1.348608
4619,1.339392
4620,1.388544
4621,1.357824
4622,1.324032
4623,1.307648
4624,1.329152
4625,1.373184
4626,1.312768
4627,1.355776
4628,1.353728
4629,1.344512
4630,1.371136
4631,1.302528
4632,1.373184
4633,1.373184
4634,1.344512
4635,1.357824
4636,1.367040
4637,1.333248
4638,1.372160
4639,1.339392
4640,1.342464
4641,1.292288
4642,1.179648
4643,0.902144
4644,0.634880
4645,1.424384
4646,1.305600
4647,1.306624
4648,1.421312
4649,1.320960
4650,1.421312
4651,1.396736
4652,1.331200
4653,1.363968
4654,1.367040
4655,1.315840
4656,1.377280
4657,1.347584
4658,1.387520
4659,1.359872
4660,1.360896
4661,1.341440
4662,1.403904
4663,1.396736
4664,1.308672
4665,1.317888
4666,1.367040
4667,1.360896
4668,1.352704
4669,1.324032
4670,1.337344
4671,1.304576
4672,1.340416
4673,1.320960
4674,1.302528
4675,1.371136
4676,1.378304
4677,1.371136
4678,1.345536
4679,1.351680
4680,1.364992
4681,1.336320
4682,1.372160
4683,1.370112
4684,1.325056
4685,1.366016
4686,1.359872
4687,1.343488
4688,1.297408
4689,1.140736
4690,0.919552
4691,0.989184
4692,1.181696
4693,1.340416
4694,1.353728
4695,1.296384
4696,1.307648
4697,1.307648
4698,1.342464
4699,1.319936
4700,1.309696
4701,1.309696
4702,1.344512
4703,1.339392
4704,1.337344
4705,1.331200
4706,1.347584
4707,1.349632
4708,1.397760
4709,1.330176
4710,1.338368
4711,1.351680
4712,1.294336
4713,1.347584
4714,1.316864
4715,1.376256
4716,1.292288
4717,1.335296
4718,1.300480
4719,1.333248
4720,1.387520
4721,1.289216
4722,1.357824
4723,1.354752
4724,1.319936
4725,1.324032
4726,1.326080
4727,1.363968
4728,1.357824
4729,1.337344
4730,1.344512
4731,1.344512
4732,1.336320
4733,1.317888
4734,1.351680
4735,1.310720
4736,1.132544
4737,0.801792
4738,0.648192
4739,0.627712
4740,0.600064
4741,0.587776
4742,0.580608
4743,0.567296
4744,0.563200
4745,1.377280
4746,1.406976
4747,1.366016
4748,1.283072
4749,1.338368
4750,1.323008
4751,1.360896
4752,1.368064
4753,1.340416
4754,1.297408
4755,1.362944
4756,1.368064
4757,1.416192
4758,1.381376
4759,1.329152
4760,1.318912
4761,1.311744
4762,1.347584
4763,1.304576
4764,1.376256
4765,1.384448
4766,1.371136
4767,1.337344
4768,1.348608
4769,1.351680
4770,1.324032
4771,1.374208
4772,1.349632
4773,1.366016
4774,1.327104
4775,1.344512
4776,1.327104
4777,1.405952
4778,1.258496
4779,1.350656
4780,1.358848
4781,1.329152
4782,1.327104
4783,1.354752
4784,1.300480
4785,1.346560
4786,1.338368
4787,1.367040
4788,1.409024
4789,1.211392
4790,0.722944
4791,0.658432
4792,0.649216
4793,0.651264
4794,0.621568
4795,0.570368
4796,0.559104
4797,1.389568
4798,1.389568
4799,1.359872
4800,1.384448
4801,1.380352
4802,1.313792
4803,1.344512
4804,1.354752
4805,1.298432
4806,1.298432
4807,1.315840
4808,1.277952
4809,1.361920
4810,1.332224
4811,1.345536
4812,1.382400
4813,1.382400
4814,1.310720
4815,1.337344
4816,1.297408
4817,1.308672
4818,1.321984
4819,1.331200
4820,1.389568
4821,1.351680
4822,1.300480
4823,1.309696
4824,1.312768
4825,1.337344
4826,1.334272
4827,1.369088
4828,1.416192
4829,1.356800
4830,1.525760
4831,1.349632
4832,1.352704
4833,1.354752
4834,1.339392
4835,1.397760
4836,1.324032
4837,1.341440
4838,1.337344
4839,1.347584
4840,1.295360
4841,1.218560
4842,0.796672
4843,0.572416
4844,0.562176
4845,0.562176
4846,0.563200
4847,0.562176
4848,0.789504
4849,1.292288
4850,1.334272
4851,1.337344
4852,1.354752
4853,1.406976
4854,1.364992
4855,1.396736
4856,1.334272
4857,1.316864
4858,1.338368
4859,1.316864
4860,1.363968
4861,1.328128
4862,1.334272
4863,1.350656
4864,1.369088
4865,1.397760
4866,1.338368
4867,1.372160
4868,1.351680
4869,1.342464
4870,1.382400
4871,1.341440
4872,1.334272
4873,1.382400
4874,1.370112
4875,1.353728
4876,1.363968
4877,1.335296
4878,1.334272
4879,1.314816
4880,1.373184
4881,1.354752
4882,1.330176
4883,1.356800
4884,1.335296
4885,1.344512
4886,1.331200
4887,1.358848
4888,1.373184
4889,1.352704
4890,1.338368
4891,1.310720
4892,1.350656
4893,1.170432
4894,1.296384
4895,1.134592
4896,1.349632
4897,1.371136
4898,1.382400
4899,1.331200
4900,1.360896
4901,1.296384
4902,1.361920
4903,1.309696
4904,1.372160
4905,1.371136
4906,1.344512
4907,1.343488
4908,1.349632
4909,1.374208
4910,1.333248
4911,1.383424
4912,1.387520
4913,1.302528
4914,1.326080
4915,1.345536
4916,1.361920
4917,1.361920
4918,1.310720
4919,1.300480
4920,1.362944
4921,1.333248
4922,1.299456
4923,1.324032
4924,1.360896
4925,1.338368
4926,1.377280
4927,1.369088
4928,1.388544
4929,1.324032
4930,1.313792
4931,1.357824
4932,1.383424
4933,1.355776
4934,1.326080
4935,1.392640
4936,1.316864
4937,1.344512
4938,1.287168
4939,1.372160
4940,1.378304
4941,1.331200
4942,1.289216
4943,1.333248
4944,1.357824
4945,1.346560
4946,1.308672
4947,1.329152
4948,1.276928
4949,1.323008
4950,1.401856
4951,1.341440
4952,1.364992
4953,1.371136
4954,1.390592
4955,1.376256
4956,1.361920
4957,1.323008
4958,1.359872
4959,1.341440
4960,1.380352
4961,1.348608
4962,1.368064
4963,1.366016
4964,1.355776
4965,1.372160
4966,1.381376
4967,1.304576
4968,1.287168
4969,1.319936
4970,1.363968
4971,1.331200
4972,1.387520
4973,1.368064
4974,1.321984
4975,1.357824
4976,1.318912
4977,1.326080
4978,1.359872
4979,1.334272
4980,1.359872
4981,1.386496
4982,1.313792
4983,1.155072
4984,0.930816
4985,0.600064
4986,0.576512
4987,1.394688
4988,1.331200
4989,1.351680
4990,1.346560
4991,1.334272
4992,1.352704
4993,1.310720
4994,1.323008
4995,1.311744
4996,1.331200
4997,1.362944
4998,1.310720
4999,1.344512
5000,1.367040
5001,1.297408
5002,1.371136
5003,1.352704
5004,1.359872
5005,1.288192
5006,1.381376
5007,1.348608
5008,1.416192
5009,1.326080
5010,1.325056
5011,1.336320
5012,1.376256
5013,1.347584
5014,1.347584
5015,1.378304
5016,1.338368
5017,1.284096
5018,1.302528
5019,1.288192
5020,1.361920
5021,1.338368
5022,1.350656
5023,1.355776
5024,1.337344
5025,1.354752
5026,1.332224
5027,1.329152
5028,1.344512
5029,1.291264
5030,1.359872
5031,1.276928
5032,1.122304
5033,0.705536
5034,0.590848
5035,0.577536
5036,0.561152
5037,0.562176
5038,0.555008
5039,1.275904
5040,1.387520
5041,1.418240
5042,1.363968
5043,1.274880
5044,1.314816
5045,1.341440
5046,1.297408
5047,1.300480
5048,1.362944
5049,1.357824
5050,1.369088
5051,1.373184
5052,1.323008
5053,1.364992
5054,1.346560
5055,1.315840
5056,1.372160
5057,1.307648
5058,1.372160
5059,1.378304
5060,1.327104
5061,1.318912
5062,1.346560
5063,1.339392
5064,1.349632
5065,1.313792
5066,1.315840
5067,1.346560
5068,1.340416
5069,1.344512
5070,1.303552
5071,1.350656
5072,1.288192
5073,1.366016
5074,1.366016
5075,1.312768
5076,1.287168
5077,1.342464
5078,1.369088
5079,1.357824
5080,1.330176
5081,1.362944
5082,1.295360
5083,1.250304
5084,1.233920
5085,1.179648
5086,1.312768
5087,1.257472
5088,1.308672
5089,1.362944
5090,1.375232
5091,1.307648
5092,1.354752
5093,1.364992
5094,1.347584
5095,1.305600
5096,1.406976
5097,1.331200
5098,1.352704
5099,1.379328
5100,1.327104
5101,1.345536
5102,1.310720
5103,1.369088
5104,1.359872
5105,1.356800
5106,1.357824
5107,1.317888
5108,1.398784
5109,1.343488
5110,1.289216
5111,1.332224
5112,1.350656
5113,1.351680
5114,1.370112
5115,1.297408
5116,1.457152
5117,1.334272
5118,1.353728
5119,1.312768
5120,1.340416
5121,1.331200
5122,1.364992
5123,1.374208
5124,1.313792
5125,1.332224
5126,1.266688
5127,1.356800
5128,1.347584
5129,1.225728
5130,0.739328
5131,0.598016
5132,1.354752
5133,1.374208
5134,1.316864
5135,1.387520
5136,1.381376
5137,1.285120
5138,1.340416
5139,1.318912
5140,1.344512
5141,1.342464
5142,1.320960
5143,1.353728
5144,1.349632
5145,1.345536
5146,1.324032
5147,1.388544
5148,1.372160
5149,1.377280
5150,1.323008
5151,1.315840
5152,1.331200
5153,1.285120
5154,1.289216
5155,1.339392
5156,1.303552
5157,1.347584
5158,1.383424
5159,1.341440
5160,1.379328
5161,1.336320
5162,1.356800
5163,1.320960
5164,1.360896
5165,1.388544
5166,1.318912
5167,1.349632
5168,1.374208
5169,1.334272
5170,1.368064
5171,1.347584
5172,1.347584
5173,1.342464
5174,1.298432
5175,1.388544
5176,1.155072
5177,0.824320
5178,0.621568
5179,0.599040
5180,0.593920
5181,0.587776
5182,0.573440
5183,1.411072
5184,1.355776
5185,1.313792
5186,1.334272
5187,1.306624
5188,1.387520
5189,1.284096
5190,1.302528
5191,1.381376
5192,1.317888
5193,1.328128
5194,1.402880
5195,1.356800
5196,1.375232
5197,1.361920
5198,1.367040
5199,1.333248
5200,1.336320
5201,1.350656
5202,1.316864
5203,1.397760
5204,1.310720
5205,1.309696
5206,1.342464
5207,1.344512
5208,1.340416
5209,1.302528
5210,1.400832
5211,1.337344
5212,1.336320
5213,1.343488
5214,1.355776
5215,1.352704
5216,1.280000
5217,1.352704
5218,1.347584
5219,1.334272
5220,1.364992
5221,1.379328
5222,1.325056
5223,1.360896
5224,1.340416
5225,1.348608
5226,1.304576
5227,1.107968
5228,1.315840
5229,1.280000
5230,1.321984
5231,1.295360
5232,1.310720
5233,1.288192
5234,1.346560
5235,1.355776
5236,1.321984
5237,1.314816
5238,1.313792
5239,1.321984
5240,1.309696
5241,1.343488
5242,1.341440
5243,1.363968
5244,1.339392
5245,1.339392
5246,1.345536
5247,1.406976
5248,1.334272
5249,1.333248
5250,1.340416
5251,1.333248
5252,1.324032
5253,1.312768
5254,1.340416
5255,1.338368
5256,1.398784
5257,1.323008
5258,1.383424
5259,1.288192
5260,1.422336
5261,1.383424
5262,1.338368
5263,1.358848
5264,1.308672
5265,1.356800
5266,1.373184
5267,1.357824
5268,1.339392
5269,1.310720
5270,1.372160
5271,1.393664
5272,1.298432
5273,1.316864
5274,1.131520
5275,1.341440
5276,1.324032
5277,1.324032
5278,1.326080
5279,1.307648
5280,1.325056
5281,1.294336
5282,1.304576
5283,1.329152
5284,1.349632
5285,1.324032
5286,1.336320
5287,1.320960
5288,1.335296
5289,1.272832
5290,1.315840
5291,1.356800
5292,1.341440
5293,1.369088
5294,1.315840
5295,1.339392
5296,1.381376
5297,1.314816
5298,1.374208
5299,1.363968
5300,1.347584
5301,1.336320
5302,1.308672
5303,1.330176
5304,1.313792
5305,1.308672
5306,1.352704
5307,1.380352
5308,1.306624
5309,1.321984
5310,1.333248
5311,1.321984
5312,1.312768
5313,1.299456
5314,1.360896
5315,1.381376
5316,1.325056
5317,1.299456
5318,1.132544
5319,1.373184
5320,1.299456
5321,1.263616
5322,1.312768
5323,1.348608
5324,1.394688
5325,1.375232
5326,1.326080
5327,1.330176
5328,1.428480
5329,1.337344
5330,1.311744
5331,1.344512
5332,1.348608
5333,1.295360
5334,1.308672
5335,1.307648
5336,1.376256
5337,1.368064
5338,1.337344
5339,1.307648
5340,1.364992
5341,1.308672
5342,1.366016
5343,1.364992
5344,1.314816
5345,1.344512
5346,1.311744
5347,1.305600
5348,1.355776
5349,1.321984
5350,1.304576
5351,1.306624
5352,1.339392
5353,1.364992
5354,1.358848
5355,1.368064
5356,1.362944
5357,1.351680
5358,1.301504
5359,1.308672
5360,1.311744
5361,1.325056
5362,1.321984
5363,1.183744
5364,1.180672
5365,1.260544
5366,1.295360
5367,1.232896
5368,1.310720
5369,1.337344
5370,1.299456
5371,1.315840
5372,1.350656
5373,1.325056
5374,1.283072
5375,1.274880
5376,1.324032
5377,1.342464
5378,1.347584
5379,1.346560
5380,1.349632
5381,1.307648
5382,1.308672
5383,1.347584
5384,1.297408
5385,1.284096
5386,1.347584
5387,1.379328
5388,1.347584
5389,1.331200
5390,1.291264
5391,1.347584
5392,1.303552
5393,1.307648
5394,1.389568
5395,1.351680
5396,1.339392
5397,1.323008
5398,1.397760
5399,1.357824
5400,1.350656
5401,1.341440
5402,1.347584
5403,1.310720
5404,1.350656
5405,1.360896
5406,1.350656
5407,1.367040
5408,1.370112
5409,1.270784
5410,1.074176
5411,0.706560
5412,1.389568
5413,1.324032
5414,1.246208
5415,1.315840
5416,1.344512
5417,1.313792
5418,1.381376
5419,1.348608
5420,1.336320
5421,1.300480
5422,1.366016
5423,1.383424
5424,1.380352
5425,1.287168
5426,1.350656
5427,1.305600
5428,1.363968
5429,1.351680
5430,1.302528
5431,1.327104
5432,1.357824
5433,1.358848
5434,1.302528
5435,1.410048
5436,1.395712
5437,1.364992
5438,1.370112
5439,1.393664
5440,1.342464
5441,1.399808
5442,1.314816
5443,1.313792
5444,1.374208
5445,1.408000
5446,1.408000
5447,1.318912
5448,1.372160
5449,1.405952
5450,1.420288
5451,1.338368
5452,1.343488
5453,1.373184
5454,1.395712
5455,1.342464
5456,1.274880
5457,1.185792
5458,1.329152
5459,1.332224
5460,1.369088
5461,1.317888
5462,1.341440
5463,1.375232
5464,1.347584
5465,1.360896
5466,1.350656
5467,1.386496
5468,1.389568
5469,1.302528
5470,1.308672
5471,1.357824
5472,1.376256
5473,1.309696
5474,1.354752
5475,1.306624
5476,1.310720
5477,1.328128
5478,1.361920
5479,1.319936
5480,1.324032
5481,1.364992
5482,1.343488
5483,1.347584
5484,1.343488
5485,1.315840
5486,1.298432
5487,1.326080
5488,1.362944
5489,1.335296
5490,1.316864
5491,1.376256
5492,1.357824
5493,1.367040
5494,1.281024
5495,1.347584
5496,1.379328
5497,1.347584
5498,1.323008
5499,1.341440
5500,1.314816
5501,0.983040
5502,0.717824
5503,0.620544
5504,0.616448
5505,0.606208
5506,0.583680
5507,1.396736
5508,1.306624
5509,1.259520
5510,1.273856
5511,1.333248
5512,1.363968
5513,1.410048
5514,1.385472
5515,1.327104
5516,1.308672
5517,1.363968
5518,1.374208
5519,1.334272
5520,1.394688
5521,1.336320
5522,1.375232
5523,1.343488
5524,1.381376
5525,1.335296
5526,1.353728
5527,1.354752
5528,1.310720
5529,1.479680
5530,1.387520
5531,1.373184
5532,1.550336
5533,1.348608
5534,1.324032
5535,1.331200
5536,1.339392
5537,1.316864
5538,1.379328
5539,1.311744
5540,1.366016
5541,1.302528
5542,1.266688
5543,1.308672
5544,1.346560
5545,1.371136
5546,1.350656
5547,1.353728
5548,1.318912
5549,1.286144
5550,1.314816
5551,1.298432
5552,0.934912
5553,1.308672
5554,1.165312
5555,1.320960
5556,1.343488
5557,1.313792
5558,1.335296
5559,1.337344
5560,1.338368
5561,1.352704
5562,1.353728
5563,1.338368
5564,1.360896
5565,1.328128
5566,1.370112
5567,1.331200
5568,1.308672
5569,1.309696
5570,1.337344
5571,1.364992
5572,1.383424
5573,1.327104
5574,1.354752
5575,1.353728
5576,1.362944
5577,1.345536
5578,1.353728
5579,1.317888
5580,1.328128
5581,1.362944
5582,1.362944
5583,1.350656
5584,1.306624
5585,1.339392
5586,1.312768
5587,1.336320
5588,1.374208
5589,1.337344
5590,1.331200
5591,1.340416
5592,1.318912
5593,1.294336
5594,1.366016
5595,1.333248
5596,1.369088
5597,1.245184
5598,0.907264
5599,0.729088
5600,0.617472
5601,0.618496
5602,0.607232
5603,0.604160
5604,1.470464
5605,1.391616
5606,1.364992
5607,1.345536
5608,1.353728
5609,1.310720
5610,1.297408
5611,1.385472
5612,1.370112
5613,1.397760
5614,1.311744
5615,1.387520
5616,1.369088
5617,1.380352
5618,1.384448
5619,1.357824
5620,1.351680
5621,1.384448
5622,1.354752
5623,1.362944
5624,1.367040
5625,1.323008
5626,1.335296
5627,1.360896
5628,1.364992
5629,1.345536
5630,1.357824
5631,1.377280
5632,1.319936
5633,1.315840
5634,1.353728
5635,1.361920
5636,1.315840
5637,1.387520
5638,1.349632
5639,1.343488
5640,1.305600
5641,1.357824
5642,1.332224
5643,1.321984
5644,1.372160
5645,1.366016
5646,1.337344
5647,1.321984
5648,1.032192
5649,0.873472
5650,0.646144
5651,0.619520
5652,0.612352
5653,0.590848
5654,0.568320
5655,1.396736
5656,1.426432
5657,1.349632
5658,1.389568
5659,1.351680
5660,1.338368
5661,1.373184
5662,1.288192
5663,1.309696
5664,1.329152
5665,1.309696
5666,1.344512
5667,1.348608
5668,1.335296
5669,1.346560
5670,1.311744
5671,1.381376
5672,1.354752
5673,1.369088
5674,1.323008
5675,1.347584
5676,1.331200
5677,1.325056
5678,1.328128
5679,1.387520
5680,1.374208
5681,1.305600
5682,1.343488
5683,1.346560
5684,1.366016
5685,1.351680
5686,1.319936
5687,1.374208
5688,1.366016
5689,1.362944
5690,1.384448
5691,1.285120
5692,1.303552
5693,1.291264
5694,1.310720
5695,1.352704
5696,1.334272
5697,1.312768
5698,1.328128
5699,1.205248
5700,1.212416
5701,1.236992
5702,1.316864
5703,1.305600
5704,1.261568
5705,1.306624
5706,1.307648
5707,1.375232
5708,1.303552
5709,1.348608
5710,1.316864
5711,1.344512
5712,1.357824
5713,1.289216
5714,1.337344
5715,1.358848
5716,1.307648
5717,1.305600
5718,1.316864
5719,1.346560
5720,1.321984
5721,1.313792
5722,1.305600
5723,1.278976
5724,1.304576
5725,1.347584
5726,1.316864
5727,1.336320
5728,1.366016
5729,1.308672
5730,1.357824
5731,1.350656
5732,1.360896
5733,1.336320
5734,1.355776
5735,1.370112
5736,1.349632
5737,1.311744
5738,1.347584
5739,1.348608
5740,1.363968
5741,1.355776
5742,1.382400
5743,1.305600
5744,1.353728
5745,1.187840
5746,1.271808
5747,1.146880
5748,1.323008
5749,1.327104
5750,1.332224
5751,1.348608
5752,1.329152
5753,1.332224
5754,1.343488
5755,1.333248
5756,1.358848
5757,1.373184
5758,1.331200
5759,1.332224
5760,1.358848
5761,1.304576
5762,1.350656
5763,1.362944
5764,1.282048
5765,1.337344
5766,1.338368
5767,1.340416
5768,1.349632
5769,1.303552
5770,1.339392
5771,1.323008
5772,1.340416
5773,1.362944
5774,1.297408
5775,1.313792
5776,1.330176
5777,1.337344
5778,1.336320
5779,1.342464
5780,1.333248
5781,1.310720
5782,1.297408
5783,1.296384
5784,1.352704
5785,1.336320
5786,1.337344
5787,1.328128
5788,1.387520
5789,1.339392
5790,1.337344
5791,1.176576
5792,1.243136
5793,1.211392
5794,1.291264
5795,1.346560
5796,1.343488
5797,1.262592
5798,1.339392
5799,1.294336
5800,1.329152
5801,1.336320
5802,1.349632
5803,1.295360
5804,1.298432
5805,1.334272
5806,1.351680
5807,1.338368
5808,1.341440
5809,1.320960
5810,1.310720
5811,1.380352
5812,1.354752
5813,1.340416
5814,1.333248
5815,1.323008
5816,1.303552
5817,1.350656
5818,1.337344
5819,1.375232
5820,1.326080
5821,1.360896
5822,1.328128
5823,1.355776
5824,1.335296
5825,1.353728
5826,1.346560
5827,1.330176
5828,1.323008
5829,1.361920
5830,1.346560
5831,1.297408
5832,1.350656
5833,1.332224
5834,1.361920
5835,1.355776
5836,1.362944
5837,1.156096
5838,0.673792
5839,1.397760
5840,1.389568
5841,1.331200
5842,1.300480
5843,1.332224
5844,1.320960
5845,1.313792
5846,1.308672
5847,1.342464
5848,1.307648
5849,1.361920
5850,1.328128
5851,1.334272
5852,1.298432
5853,1.302528
5854,1.330176
5855,1.327104
5856,1.346560
5857,1.320960
5858,1.306624
5859,1.319936
5860,1.419264
5861,1.371136
5862,1.306624
5863,1.361920
5864,1.342464
5865,1.357824
5866,1.320960
5867,1.332224
5868,1.325056
5869,1.379328
5870,1.374208
5871,1.287168
5872,1.346560
5873,1.390592
5874,1.313792
5875,1.352704
5876,1.350656
5877,1.369088
5878,1.371136
5879,1.310720
5880,1.300480
5881,1.346560
5882,1.356800
5883,1.289216
5884,0.847872
5885,0.665600
5886,1.385472
5887,1.358848
5888,1.293312
5889,1.326080
5890,1.303552
5891,1.325056
5892,1.377280
5893,1.366016
5894,1.376256
5895,1.363968
5896,1.355776
5897,1.315840
5898,1.353728
5899,1.341440
5900,1.320960
5901,1.388544
5902,1.352704
5903,1.351680
5904,1.353728
5905,1.425408
5906,1.351680
5907,1.351680
5908,1.315840
5909,1.333248
5910,1.368064
5911,1.380352
5912,1.315840
5913,1.293312
5914,1.356800
5915,1.321984
5916,1.356800
5917,1.310720
5918,1.364992
5919,1.348608
5920,1.348608
5921,1.318912
5922,1.352704
5923,1.321984
5924,1.323008
5925,1.314816
5926,1.294336
5927,1.337344
5928,1.374208
5929,1.289216
5930,1.204224
5931,0.922624
5932,0.751616
5933,0.662528
5934,0.619520
5935,1.384448
5936,1.379328
5937,1.338368
5938,1.352704
5939,1.328128
5940,1.373184
5941,1.388544
5942,1.385472
5943,1.370112
5944,1.309696
5945,1.333248
5946,1.383424
5947,1.347584
5948,1.315840
5949,1.345536
5950,1.295360
5951,1.301504
5952,1.371136
5953,1.312768
5954,1.352704
5955,1.366016
5956,1.307648
5957,1.334272
5958,1.391616
5959,1.352704
5960,1.334272
5961,1.304576
5962,1.319936
5963,1.314816
5964,1.269760
5965,1.312768
5966,1.317888
5967,1.352704
5968,1.363968
5969,1.349632
5970,1.355776
5971,1.315840
5972,1.387520
5973,1.372160
5974,1.373184
5975,1.349632
5976,1.378304
5977,1.333248
5978,1.331200
5979,1.082368
5980,0.686080
5981,1.328128
5982,1.304576
5983,1.267712
5984,1.290240
5985,1.335296
5986,1.309696
5987,1.324032
5988,1.333248
5989,1.397760
5990,1.393664
5991,1.360896
5992,1.386496
5993,1.348608
5994,1.295360
5995,1.292288
5996,1.337344
5997,1.308672
5998,1.344512
5999,1.369088
6000,1.359872
6001,1.353728
6002,1.378304
6003,1.340416
6004,1.315840
6005,1.328128
6006,1.370112
6007,1.371136
6008,1.336320
6009,1.321984
6010,1.310720
6011,1.311744
6012,1.324032
6013,1.336320
6014,1.358848
6015,1.362944
6016,1.310720
6017,1.355776
6018,1.299456
6019,1.350656
6020,1.355776
6021,1.397760
6022,1.295360
6023,1.316864
6024,1.387520
6025,1.248256
6026,0.903168
6027,0.735232
6028,1.345536
6029,1.378304
6030,1.342464
6031,1.315840
6032,1.384448
6033,1.337344
6034,1.316864
6035,1.307648
6036,1.328128
6037,1.296384
6038,1.283072
6039,1.371136
6040,1.395712
6041,1.376256
6042,1.348608
6043,1.361920
6044,1.319936
6045,1.272832
6046,1.296384
6047,1.346560
6048,1.544192
6049,1.336320
6050,1.318912
6051,1.300480
6052,1.291264
6053,1.318912
6054,1.347584
6055,1.309696
6056,1.331200
6057,1.308672
6058,1.324032
6059,1.343488
6060,1.316864
6061,1.313792
6062,1.349632
6063,1.346560
6064,1.332224
6065,1.335296
6066,1.346560
6067,1.337344
6068,1.344512
6069,1.370112
6070,1.349632
6071,1.320960
6072,1.245184
6073,0.977920
6074,1.296384
6075,1.204224
6076,1.297408
6077,1.335296
6078,1.340416
6079,1.335296
6080,1.321984
6081,1.342464
6082,1.302528
6083,1.328128
6084,1.299456
6085,1.295360
6086,1.329152
6087,1.369088
6088,1.357824
6089,1.334272
6090,1.374208
6091,1.363968
6092,1.314816
6093,1.329152
6094,1.313792
6095,1.268736
6096,1.356800
6097,1.281024
6098,1.292288
6099,1.330176
6100,1.335296
6101,1.333248
6102,1.332224
6103,1.361920
6104,1.326080
6105,1.344512
6106,1.380352
6107,1.397760
6108,1.361920
6109,1.387520
6110,1.353728
6111,1.352704
6112,1.401856
6113,1.352704
6114,1.354752
6115,1.377280
6116,1.398784
6117,1.324032
6118,1.208320
6119,1.140736
6120,0.794624
6121,1.381376
6122,1.386496
6123,1.338368
6124,1.324032
6125,1.331200
6126,1.315840
6127,1.334272
6128,1.339392
6129,1.324032
6130,1.357824
6131,1.336320
6132,1.384448
6133,1.338368
6134,1.325056
6135,1.318912
6136,1.342464
6137,1.293312
6138,1.330176
6139,1.299456
6140,1.314816
6141,1.400832
6142,1.308672
6143,1.343488
6144,1.384448
6145,1.369088
6146,1.348608
6147,1.319936
6148,1.371136
6149,1.340416
6150,1.634304
6151,1.297408
6152,1.268736
6153,1.302528
6154,1.308672
6155,1.347584
6156,1.354752
6157,1.352704
6158,1.328128
6159,1.380352
6160,1.341440
6161,1.295360
6162,1.342464
6163,1.302528
6164,1.323008
6165,1.185792
6166,0.697344
6167,0.618496
6168,0.624640
6169,0.611328
6170,0.607232
6171,1.384448
6172,1.274880
6173,1.242112
6174,1.285120
6175,1.323008
6176,1.340416
6177,1.330176
6178,1.336320
6179,1.357824
6180,1.345536
6181,1.343488
6182,1.364992
6183,1.361920
6184,1.333248
6185,1.374208
6186,1.328128
6187,1.334272
6188,1.291264
6189,1.373184
6190,1.329152
6191,1.372160
6192,1.362944
6193,1.346560
6194,1.359872
6195,1.360896
6196,1.326080
6197,1.327104
6198,1.411072
6199,1.335296
6200,1.459200
6201,1.295360
6202,1.297408
6203,1.349632
6204,1.391616
6205,1.331200
6206,1.308672
6207,1.341440
6208,1.355776
6209,1.285120
6210,1.349632
6211,1.343488
6212,1.352704
6213,1.321984
6214,1.354752
6215,1.273856
6216,1.262592
6217,1.145856
6218,1.339392
6219,1.305600
6220,1.330176
6221,1.310720
6222,1.318912
6223,1.304576
6224,1.371136
6225,1.307648
6226,1.318912
6227,1.306624
6228,1.326080
6229,1.296384
6230,1.302528
6231,1.307648
6232,1.292288
6233,1.350656
6234,1.327104
6235,1.315840
6236,1.347584
6237,1.310720
6238,1.364992
6239,1.304576
6240,1.328128
6241,1.347584
6242,1.383424
6243,1.333248
6244,1.321984
6245,1.379328
6246,1.292288
6247,1.374208
6248,1.363968
6249,1.387520
6250,1.374208
6251,1.363968
6252,1.352704
6253,1.309696
6254,1.313792
6255,1.352704
6256,1.272832
6257,1.287168
6258,1.299456
6259,1.343488
6260,1.320960
6261,1.191936
6262,1.126400
6263,1.215488
6264,1.355776
6265,1.325056
6266,1.327104
6267,1.370112
6268,1.347584
6269,1.378304
6270,1.320960
6271,1.353728
6272,1.313792
6273,1.317888
6274,1.301504
6275,1.335296
6276,1.310720
6277,1.324032
6278,1.354752
6279,1.366016
6280,1.332224
6281,1.329152
6282,1.354752
6283,1.309696
6284,1.369088
6285,1.339392
6286,1.357824
6287,1.377280
6288,1.340416
6289,1.305600
6290,1.314816
6291,1.402880
6292,1.314816
6293,1.290240
6294,1.378304
6295,1.352704
6296,1.392640
6297,1.343488
6298,1.353728
6299,1.330176
6300,1.335296
6301,1.379328
6302,1.255424
6303,1.290240
6304,1.296384
6305,1.287168
6306,1.170432
6307,0.953344
6308,0.728064
6309,0.729088
6310,0.635904
6311,1.445888
6312,1.300480
6313,1.391616
6314,1.319936
6315,1.340416
6316,1.313792
6317,1.352704
6318,1.327104
6319,1.317888
6320,1.346560
6321,1.312768
6322,1.307648
6323,1.329152
6324,1.364992
6325,1.346560
6326,1.343488
6327,1.398784
6328,1.357824
6329,1.349632
6330,1.343488
6331,1.347584
6332,1.355776
6333,1.381376
6334,1.354752
6335,1.321984
6336,1.337344
6337,1.309696
6338,1.311744
6339,1.310720
6340,1.328128
6341,1.325056
6342,1.393664
6343,1.302528
6344,1.353728
6345,1.325056
6346,1.319936
6347,1.337344
6348,1.338368
6349,1.387520
6350,1.301504
6351,1.343488
6352,1.360896
6353,1.307648
6354,1.329152
6355,1.115136
6356,1.373184
6357,1.319936
6358,1.295360
6359,1.341440
6360,1.389568
6361,1.364992
6362,1.312768
6363,1.346560
6364,1.358848
6365,1.333248
6366,1.360896
6367,1.308672
6368,1.376256
6369,1.355776
6370,1.333248
6371,1.333248
6372,1.295360
6373,1.336320
6374,1.366016
6375,1.312768
6376,1.357824
6377,1.313792
6378,1.344512
6379,1.413120
6380,1.347584
6381,1.330176
6382,1.317888
6383,1.340416
6384,1.342464
6385,1.335296
6386,1.297408
6387,1.324032
6388,1.343488
6389,1.324032
6390,1.335296
6391,1.358848
6392,1.314816
6393,1.362944
6394,1.315840
6395,1.354752
6396,1.330176
6397,1.333248
6398,1.321984
6399,1.333248
6400,1.180672
6401,1.232896
6402,1.186816
6403,1.299456
6404,1.122304
6405,1.266688
6406,1.332224
6407,1.329152
6408,1.306624
6409,1.351680
6410,1.297408
6411,1.345536
6412,1.337344
6413,1.334272
6414,1.339392
6415,1.307648
6416,1.363968
6417,1.351680
6418,1.319936
6419,1.345536
6420,1.348608
6421,1.344512
6422,1.337344
6423,1.359872
6424,1.361920
6425,1.374208
6426,1.321984
6427,1.333248
6428,1.285120
6429,1.311744
6430,1.385472
6431,1.349632
6432,1.332224
6433,1.340416
6434,1.311744
6435,1.282048
6436,1.340416
6437,1.346560
6438,1.338368
6439,1.359872
6440,1.334272
6441,1.328128
6442,1.332224
6443,1.366016
6444,1.323008
6445,1.330176
6446,1.099776
6447,1.313792
6448,1.310720
6449,1.276928
6450,1.300480
6451,1.353728
6452,1.337344
6453,1.306624
6454,1.376256
6455,1.317888
6456,1.326080
6457,1.317888
6458,1.328128
6459,1.326080
6460,1.352704
6461,1.340416
6462,1.310720
6463,1.339392
6464,1.349632
6465,1.383424
6466,1.352704
6467,1.325056
6468,1.336320
6469,1.357824
6470,1.323008
6471,1.257472
6472,1.343488
6473,1.411072
6474,1.354752
6475,1.351680
6476,1.382400
6477,1.340416
6478,1.339392
6479,1.332224
6480,1.381376
6481,1.298432
6482,1.338368
6483,1.350656
6484,1.335296
6485,1.356800
6486,1.352704
6487,1.343488
6488,1.329152
6489,1.354752
6490,1.352704
6491,1.359872
6492,1.201152
6493,1.212416
6494,1.320960
6495,1.267712
6496,1.265664
6497,1.307648
6498,1.324032
6499,1.319936
6500,1.364992
6501,1.339392
6502,1.346560
6503,1.376256
6504,1.340416
6505,1.344512
6506,1.327104
6507,1.313792
6508,1.293312
6509,1.388544
6510,1.327104
6511,1.360896
6512,1.332224
6513,1.316864
6514,1.352704
6515,1.325056
6516,1.363968
6517,1.373184
6518,1.359872
6519,1.339392
6520,1.320960
6521,1.373184
6522,1.383424
6523,1.364992
6524,1.309696
6525,1.333248
6526,1.312768
6527,1.286144
6528,1.357824
6529,1.358848
6530,1.347584
6531,1.310720
6532,1.284096
6533,1.335296
6534,1.300480
6535,1.352704
6536,1.289216
6537,1.076224
6538,0.704512
6539,1.385472
6540,1.305600
6541,1.359872
6542,1.291264
6543,1.317888
6544,1.336320
6545,1.339392
6546,1.356800
6547,1.303552
6548,1.371136
6549,1.385472
6550,1.330176
6551,1.304576
6552,1.379328
6553,1.344512
6554,1.337344
6555,1.330176
6556,1.325056
6557,1.376256
6558,1.353728
6559,1.370112
6560,1.371136
6561,1.335296
6562,1.379328
6563,1.363968
6564,1.355776
6565,1.319936
6566,1.344512
6567,1.350656
6568,1.329152
6569,1.291264
6570,1.331200
6571,1.360896
6572,1.300480
6573,1.352704
6574,1.347584
6575,1.321984
6576,1.384448
6577,1.384448
6578,1.377280
6579,1.335296
6580,1.305600
6581,1.329152
6582,1.376256
6583,1.043456
6584,0.783360
6585,0.703488
6586,0.660480
6587,0.638976
6588,0.619520
6589,0.610304
6590,1.369088
6591,1.380352
6592,1.406976
6593,1.331200
6594,1.335296
6595,1.354752
6596,1.414144
6597,1.408000
6598,1.362944
6599,1.321984
6600,1.318912
6601,1.347584
6602,1.340416
6603,1.347584
6604,1.380352
6605,1.339392
6606,1.316864
6607,1.348608
6608,1.369088
6609,1.318912
6610,1.303552
6611,1.341440
6612,1.362944
6613,1.308672
6614,1.305600
6615,1.374208
6616,1.302528
6617,1.347584
6618,1.375232
6619,1.396736
6620,1.344512
6621,1.351680
6622,1.309696
6623,1.328128
6624,1.316864
6625,1.358848
6626,1.339392
6627,1.348608
6628,1.387520
6629,1.356800
6630,1.396736
6631,1.351680
6632,1.348608
6633,1.384448
6634,1.236992
6635,1.244160
6636,1.207296
6637,1.319936
6638,1.321984
6639,1.333248
6640,1.319936
6641,1.372160
6642,1.329152
6643,1.301504
6644,1.345536
6645,1.316864
6646,1.314816
6647,1.374208
6648,1.338368
6649,1.292288
6650,1.291264
6651,1.367040
6652,1.296384
6653,1.312768
6654,1.348608
6655,1.341440
6656,1.315840
6657,1.346560
6658,1.347584
6659,1.312768
6660,1.304576
6661,1.327104
6662,1.339392
6663,1.299456
6664,1.319936
6665,1.335296
6666,1.310720
6667,1.352704
6668,1.339392
6669,1.312768
6670,1.360896
6671,1.296384
6672,1.312768
6673,1.343488
6674,1.332224
6675,1.337344
6676,1.334272
6677,1.318912
6678,1.378304
6679,1.343488
6680,1.251328
6681,0.883712
6682,1.329152
6683,1.223680
6684,1.477632
6685,1.270784
6686,1.328128
6687,1.304576
6688,1.308672
6689,1.308672
6690,1.302528
6691,1.351680
6692,1.331200
6693,1.335296
6694,1.356800
6695,1.327104
6696,1.336320
6697,1.330176
6698,1.356800
6699,1.344512
6700,1.341440
6701,1.395712
6702,1.292288
6703,1.314816
6704,1.342464
6705,1.320960
6706,1.327104
6707,1.305600
6708,1.323008
6709,1.371136
6710,1.313792
6711,1.359872
6712,1.318912
6713,1.311744
6714,1.379328
6715,1.335296
6716,1.369088
6717,1.340416
6718,1.335296
6719,1.331200
6720,1.274880
6721,1.310720
6722,1.314816
6723,1.327104
6724,1.292288
6725,1.371136
6726,1.334272
6727,1.087488
6728,1.162240
6729,1.234944
6730,1.300480
6731,1.305600
6732,1.269760
6733,1.338368
6734,1.296384
6735,1.339392
6736,1.393664
6737,1.389568
6738,1.320960
6739,1.336320
6740,1.301504
6741,1.390592
6742,1.371136
6743,1.337344
6744,1.357824
6745,1.353728
6746,1.358848
6747,1.308672
6748,1.372160
6749,1.329152
6750,1.337344
6751,1.343488
6752,1.392640
6753,1.320960
6754,1.303552
6755,1.341440
6756,1.286144
6757,1.327104
6758,1.291264
6759,1.312768
6760,1.327104
6761,1.405952
6762,1.300480
6763,1.308672
6764,1.332224
6765,1.362944
6766,1.345536
6767,1.325056
6768,1.382400
6769,1.349632
6770,1.366016
6771,1.338368
6772,1.297408
6773,1.039360
6774,1.384448
6775,1.332224
6776,1.372160
6777,1.314816
6778,1.308672
6779,1.341440
6780,1.324032
6781,1.329152
6782,1.334272
6783,1.325056
6784,1.324032
6785,1.346560
6786,1.332224
6787,1.380352
6788,1.317888
6789,1.296384
6790,1.327104
6791,1.332224
6792,1.290240
6793,1.357824
6794,1.361920
6795,1.344512
6796,1.303552
6797,1.315840
6798,1.384448
6799,1.325056
6800,1.347584
6801,1.361920
6802,1.357824
6803,1.310720
6804,1.348608
6805,1.380352
6806,1.357824
6807,1.328128
6808,1.374208
6809,1.316864
6810,1.371136
6811,1.374208
6812,1.331200
6813,1.367040
6814,1.321984
6815,1.359872
6816,1.329152
6817,1.339392
6818,1.306624
6819,1.168384
6820,1.266688
6821,1.252352
6822,1.375232
6823,1.354752
6824,1.326080
6825,1.348608
6826,1.289216
6827,1.316864
6828,1.337344
6829,1.351680
6830,1.336320
6831,1.298432
6832,1.345536
6833,1.342464
6834,1.312768
6835,1.354752
6836,1.335296
6837,1.390592
6838,1.341440
6839,1.306624
6840,1.349632
6841,1.385472
6842,1.387520
6843,1.375232
6844,1.354752
6845,1.314816
6846,1.356800
6847,1.313792
6848,1.318912
6849,1.309696
6850,1.323008
6851,1.344512
6852,1.314816
6853,1.349632
6854,1.348608
6855,1.341440
6856,1.356800
6857,1.326080
6858,1.369088
6859,1.340416
6860,1.393664
6861,1.311744
6862,1.329152
6863,1.296384
6864,1.362944
6865,1.057792
6866,1.230848
6867,1.150976
6868,1.283072
6869,1.272832
6870,1.358848
6871,1.334272
6872,1.283072
6873,1.326080
6874,1.361920
6875,1.290240
6876,1.363968
6877,1.319936
6878,1.383424
6879,1.290240
6880,1.347584
6881,1.308672
6882,1.356800
6883,1.316864
6884,1.359872
6885,1.310720
6886,1.350656
6887,1.370112
6888,1.378304
6889,1.347584
6890,1.351680
6891,1.306624
6892,1.325056
6893,1.361920
6894,1.280000
6895,1.368064
6896,1.331200
6897,1.349632
6898,1.345536
6899,1.367040
6900,1.349632
6901,1.340416
6902,1.337344
6903,1.359872
6904,1.321984
6905,1.308672
6906,1.355776
6907,1.354752
6908,1.345536
6909,1.375232
6910,1.323008
6911,1.146880
6912,1.253376
6913,1.180672
6914,1.331200
6915,1.340416
6916,1.371136
6917,1.316864
6918,1.310720
6919,1.335296
6920,1.298432
6921,1.320960
6922,1.353728
6923,1.294336
6924,1.323008
6925,1.258496
6926,1.318912
6927,1.325056
6928,1.347584
6929,1.395712
6930,1.301504
6931,1.367040
6932,1.346560
6933,1.329152
6934,1.381376
6935,1.310720
6936,1.330176
6937,1.354752
6938,1.310720
6939,1.336320
6940,1.319936
6941,1.378304
6942,1.343488
6943,1.312768
6944,1.370112
6945,1.363968
6946,1.349632
6947,1.373184
6948,1.369088
6949,1.389568
6950,1.336320
6951,1.323008
6952,1.348608
6953,1.326080
6954,1.315840
6955,1.301504
6956,1.309696
6957,1.227776
6958,0.856064
6959,1.326080
6960,1.261568
6961,1.313792
6962,1.338368
6963,1.310720
6964,1.339392
6965,1.357824
6966,1.346560
6967,1.385472
6968,1.413120
6969,1.377280
6970,1.348608
6971,1.337344
6972,1.329152
6973,1.343488
6974,1.359872
6975,1.319936
6976,1.305600
6977,1.345536
6978,1.321984
6979,1.371136
6980,1.351680
6981,1.342464
6982,1.361920
6983,1.352704
6984,1.350656
6985,1.368064
6986,1.369088
6987,1.368064
6988,1.350656
6989,1.320960
6990,1.340416
6991,1.298432
6992,1.341440
6993,1.382400
6994,1.349632
6995,1.357824
6996,1.362944
6997,1.346560
6998,1.333248
6999,1.312768
7000,1.354752
7001,1.339392
7002,1.343488
7003,1.165312
7004,0.786432
7005,0.660480
7006,0.611328
7007,0.607232
7008,0.605184
7009,0.592896
7010,1.373184
7011,1.270784
7012,1.257472
7013,1.303552
7014,1.333248
7015,1.314816
7016,1.398784
7017,1.373184
7018,1.363968
7019,1.360896
7020,1.313792
7021,1.306624
7022,1.340416
7023,1.329152
7024,1.361920
7025,1.357824
7026,1.333248
7027,1.360896
7028,1.318912
7029,1.311744
7030,1.376256
7031,1.378304
7032,1.361920
7033,1.331200
7034,1.361920
7035,1.335296
7036,1.324032
7037,1.314816
7038,1.331200
7039,1.344512
7040,1.353728
7041,1.327104
7042,1.336320
7043,1.352704
7044,1.323008
7045,1.386496
7046,1.328128
7047,1.314816
7048,1.378304
7049,1.369088
7050,1.341440
7051,1.351680
7052,1.370112
7053,1.307648
7054,1.240064
7055,1.317888
7056,1.129472
7057,1.299456
7058,1.326080
7059,1.310720
7060,1.331200
7061,1.294336
7062,1.335296
7063,1.317888
7064,1.327104
7065,1.357824
7066,1.327104
7067,1.340416
7068,1.304576
7069,1.380352
7070,1.359872
7071,1.316864
7072,1.321984
7073,1.353728
7074,1.357824
7075,1.336320
7076,1.335296
7077,1.305600
7078,1.353728
7079,1.517568
7080,1.334272
7081,1.363968
7082,1.343488
7083,1.307648
7084,1.324032
7085,1.300480
7086,1.360896
7087,1.345536
7088,1.295360
7089,1.313792
7090,1.351680
7091,1.360896
7092,1.324032
7093,1.319936
7094,1.324032
7095,1.291264
7096,1.346560
7097,1.334272
7098,1.345536
7099,1.312768
7100,1.075200
7101,1.197056
7102,1.170432
7103,1.310720
7104,1.264640
7105,1.286144
7106,1.348608
7107,1.317888
7108,1.330176
7109,1.303552
7110,1.331200
7111,1.340416
7112,1.333248
7113,1.321984
7114,1.340416
7115,1.349632
7116,1.329152
7117,1.317888
7118,1.321984
7119,1.377280
7120,1.267712
7121,1.320960
7122,1.375232
7123,1.284096
7124,1.297408
7125,1.314816
7126,1.359872
7127,1.292288
7128,1.312768
7129,1.342464
7130,1.320960
7131,1.323008
7132,1.361920
7133,1.366016
7134,1.362944
7135,1.355776
7136,1.382400
7137,1.375232
7138,1.380352
7139,1.325056
7140,1.331200
7141,1.302528
7142,1.334272
7143,1.321984
7144,1.326080
7145,1.338368
7146,1.204224
7147,1.358848
7148,1.357824
7149,1.294336
7150,1.312768
7151,1.298432
7152,1.313792
7153,1.326080
7154,1.368064
7155,1.360896
7156,1.361920
7157,1.343488
7158,1.362944
7159,1.263616
7160,1.309696
7161,1.401856
7162,1.319936
7163,1.348608
7164,1.357824
7165,1.336320
7166,1.317888
7167,1.355776
7168,1.294336
7169,1.300480
7170,1.373184
7171,1.301504
7172,1.351680
7173,1.345536
7174,1.305600
7175,1.320960
7176,1.334272
7177,1.349632
7178,1.278976
7179,1.372160
7180,1.327104
7181,1.372160
7182,1.399808
7183,1.338368
7184,1.383424
7185,1.381376
7186,1.367040
7187,1.359872
7188,1.367040
7189,1.339392
7190,1.409024
7191,1.284096
7192,1.252352
7193,1.177600
7194,1.358848
7195,1.334272
7196,1.388544
7197,1.360896
7198,1.327104
7199,1.334272
7200,1.292288
7201,1.347584
7202,1.346560
7203,1.373184
7204,1.377280
7205,1.383424
7206,1.309696
7207,1.336320
7208,1.319936
7209,1.366016
7210,1.326080
7211,1.297408
7212,1.319936
7213,1.340416
7214,1.287168
7215,1.372160
7216,1.301504
7217,1.312768
7218,1.395712
7219,1.300480
7220,1.342464
7221,1.374208
7222,1.295360
7223,1.302528
7224,1.364992
7225,1.326080
7226,1.300480
7227,1.325056
7228,1.345536
7229,1.324032
7230,1.349632
7231,1.304576
7232,1.317888
7233,1.326080
7234,1.384448
7235,1.383424
7236,1.235968
7237,1.010688
7238,0.750592
7239,0.678912
7240,0.666624
7241,0.651264
7242,0.631808
7243,0.594944
7244,0.574464
7245,1.379328
7246,1.320960
7247,1.355776
7248,1.356800
7249,1.334272
7250,1.363968
7251,1.356800
7252,1.353728
7253,1.292288
7254,1.339392
7255,1.347584
7256,1.262592
7257,1.335296
7258,1.360896
7259,1.351680
7260,1.323008
7261,1.354752
7262,1.336320
7263,1.397760
7264,1.338368
7265,1.353728
7266,1.418240
7267,1.347584
7268,1.372160
7269,1.330176
7270,1.386496
7271,1.342464
7272,1.333248
7273,1.357824
7274,1.334272
7275,1.296384
7276,1.327104
7277,1.353728
7278,1.377280
7279,1.350656
7280,1.346560
7281,1.329152
7282,1.327104
7283,1.397760
7284,1.359872
7285,1.336320
7286,1.323008
7287,1.333248
7288,1.324032
7289,1.283072
7290,0.773120
7291,0.610304
7292,1.385472
7293,1.367040
7294,1.351680
7295,1.425408
7296,1.401856
7297,1.341440
7298,1.332224
7299,1.333248
7300,1.356800
7301,1.336320
7302,1.367040
7303,1.363968
7304,1.394688
7305,1.332224
7306,1.364992
7307,1.349632
7308,1.348608
7309,1.349632
7310,1.336320
7311,1.310720
7312,1.303552
7313,1.357824
7314,1.328128
7315,1.359872
7316,1.398784
7317,1.363968
7318,1.353728
7319,1.326080
7320,1.334272
7321,1.360896
7322,1.338368
7323,1.303552
7324,1.358848
7325,1.325056
7326,1.344512
7327,1.352704
7328,1.381376
7329,1.359872
7330,1.360896
7331,1.364992
7332,1.301504
7333,1.360896
7334,1.372160
7335,1.326080
7336,1.174528
7337,0.746496
7338,0.599040
7339,0.587776
7340,0.577536
7341,0.553984
7342,0.542720
7343,1.358848
7344,1.403904
7345,1.349632
7346,1.323008
7347,1.344512
7348,1.316864
7349,1.344512
7350,1.337344
7351,1.362944
7352,1.330176
7353,1.360896
7354,1.333248
7355,1.318912
7356,1.303552
7357,1.347584
7358,1.318912
7359,1.355776
7360,1.373184
7361,1.401856
7362,1.312768
7363,1.324032
7364,1.334272
7365,1.364992
7366,1.345536
7367,1.303552
7368,1.497088
7369,1.341440
7370,1.304576
7371,1.320960
7372,1.344512
7373,1.328128
7374,1.293312
7375,1.352704
7376,1.399808
7377,1.316864
7378,1.378304
7379,1.354752
7380,1.399808
7381,1.421312
7382,1.356800
7383,1.310720
7384,1.342464
7385,1.333248
7386,1.391616
7387,1.306624
7388,1.297408
7389,1.244160
7390,1.348608
7391,1.297408
7392,1.366016
7393,1.348608
7394,1.332224
7395,1.370112
7396,1.349632
7397,1.355776
7398,1.343488
7399,1.317888
7400,1.371136
7401,1.336320
7402,1.345536
7403,1.377280
7404,1.359872
7405,1.338368
7406,1.304576
7407,1.352704
7408,1.301504
7409,1.351680
7410,1.355776
7411,1.351680
7412,1.328128
7413,1.357824
7414,1.311744
7415,1.311744
7416,1.310720
7417,1.336320
7418,1.373184
7419,1.340416
7420,1.316864
7421,1.348608
7422,1.343488
7423,1.333248
7424,1.299456
7425,1.386496
7426,1.310720
7427,1.318912
7428,1.358848
7429,1.326080
7430,1.326080
7431,1.379328
7432,1.291264
7433,0.995328
7434,0.652288
7435,1.324032
7436,1.220608
7437,1.313792
7438,1.342464
7439,1.347584
7440,1.396736
7441,1.319936
7442,1.312768
7443,1.399808
7444,1.356800
7445,1.277952
7446,1.305600
7447,1.338368
7448,1.333248
7449,1.303552
7450,1.351680
7451,1.306624
7452,1.341440
7453,1.309696
7454,1.361920
7455,1.341440
7456,1.338368
7457,1.356800
7458,1.338368
7459,1.339392
7460,1.349632
7461,1.325056
7462,1.355776
7463,1.341440
7464,1.282048
7465,1.371136
7466,1.355776
7467,1.340416
7468,1.353728
7469,1.299456
7470,1.359872
7471,1.336320
7472,1.371136
7473,1.358848
7474,1.337344
7475,1.326080
7476,1.358848
7477,1.291264
7478,1.353728
7479,1.311744
7480,1.084416
7481,1.334272
7482,1.246208
7483,1.278976
7484,1.348608
7485,1.369088
7486,1.364992
7487,1.305600
7488,1.311744
7489,1.288192
7490,1.323008
7491,1.328128
7492,1.353728
7493,1.303552
7494,1.330176
7495,1.326080
7496,1.321984
7497,1.300480
7498,1.360896
7499,1.350656
7500,1.336320
7501,1.367040
7502,1.328128
7503,1.304576
7504,1.313792
7505,1.353728
7506,1.363968
7507,1.340416
7508,1.367040
7509,1.347584
7510,1.324032
7511,1.324032
7512,1.356800
7513,1.271808
7514,1.316864
7515,1.311744
7516,1.266688
7517,1.329152
7518,1.368064
7519,1.356800
7520,1.300480
7521,1.336320
7522,1.350656
7523,1.321984
7524,1.392640
7525,1.224704
7526,0.836608
7527,0.650240
7528,0.647168
7529,0.646144
7530,1.406976
7531,1.353728
7532,1.396736
7533,1.395712
7534,1.403904
7535,1.328128
7536,1.357824
7537,1.359872
7538,1.323008
7539,1.299456
7540,1.336320
7541,1.321984
7542,1.363968
7543,1.242112
7544,1.348608
7545,1.324032
7546,1.366016
7547,1.334272
7548,1.354752
7549,1.324032
7550,1.370112
7551,1.345536
7552,1.324032
7553,1.353728
7554,1.332224
7555,1.368064
7556,1.329152
7557,1.319936
7558,1.331200
7559,1.335296
7560,1.336320
7561,1.304576
7562,1.338368
7563,1.367040
7564,1.286144
7565,1.319936
7566,1.386496
7567,1.338368
7568,1.312768
7569,1.356800
7570,1.319936
7571,1.356800
7572,1.305600
7573,1.389568
7574,1.292288
7575,1.051648
7576,0.683008
7577,0.603136
7578,0.600064
7579,1.375232
7580,1.296384
7581,1.267712
7582,1.301504
7583,1.339392
7584,1.270784
7585,1.372160
7586,1.358848
7587,1.380352
7588,1.381376
7589,1.304576
7590,1.306624
7591,1.367040
7592,1.328128
7593,1.381376
7594,1.327104
7595,1.357824
7596,1.308672
7597,1.347584
7598,1.375232
7599,1.385472
7600,1.326080
7601,1.356800
7602,1.305600
7603,1.390592
7604,1.392640
7605,1.296384
7606,1.338368
7607,1.363968
7608,1.310720
7609,1.329152
7610,1.354752
7611,1.350656
7612,1.306624
7613,1.347584
7614,1.288192
7615,1.379328
7616,1.305600
7617,1.336320
7618,1.338368
7619,1.321984
7620,1.343488
7621,1.343488
7622,1.320960
7623,1.200128
7624,1.212416
7625,1.184768
7626,1.310720
7627,1.323008
7628,1.338368
7629,1.308672
7630,1.329152
7631,1.354752
7632,1.358848
7633,1.285120
7634,1.335296
7635,1.335296
7636,1.346560
7637,1.307648
7638,1.331200
7639,1.360896
7640,1.344512
7641,1.352704
7642,1.319936
7643,1.371136
7644,1.324032
7645,1.361920
7646,1.339392
7647,1.362944
7648,1.350656
7649,1.360896
7650,1.378304
7651,1.362944
7652,1.358848
7653,1.331200
7654,1.362944
7655,1.354752
7656,1.296384
7657,1.316864
7658,1.259520
7659,1.277952
7660,1.323008
7661,1.326080
7662,1.319936
7663,1.353728
7664,1.352704
7665,1.314816
7666,1.316864
7667,1.355776
7668,1.263616
7669,0.950272
7670,1.231872
7671,1.238016
7672,1.303552
7673,1.301504
7674,1.331200
7675,1.327104
7676,1.344512
7677,1.352704
7678,1.299456
7679,1.335296
7680,1.303552
7681,1.291264
7682,1.352704
7683,1.354752
7684,1.362944
7685,1.352704
7686,1.354752
7687,1.338368
7688,1.380352
7689,1.350656
7690,1.340416
7691,1.304576
7692,1.325056
7693,1.346560
7694,1.340416
7695,1.373184
7696,1.301504
7697,1.325056
7698,1.395712
7699,1.339392
7700,1.342464
7701,1.338368
7702,1.310720
7703,1.354752
7704,1.343488
7705,1.362944
7706,1.262592
7707,1.383424
7708,1.348608
7709,1.328128
7710,1.307648
7711,1.308672
7712,1.354752
7713,1.294336
7714,1.292288
7715,0.959488
7716,0.690176
7717,0.606208
7718,0.610304
7719,0.609280
7720,0.598016
7721,0.571392
7722,1.354752
7723,1.437696
7724,1.314816
7725,1.346560
7726,1.336320
7727,1.281024
7728,1.390592
7729,1.374208
7730,1.342464
7731,1.366016
7732,1.387520
7733,1.374208
7734,1.399808
7735,1.309696
7736,1.376256
7737,1.389568
7738,1.361920
7739,1.335296
7740,1.291264
7741,1.353728
7742,1.336320
7743,1.323008
7744,1.369088
7745,1.334272
7746,1.344512
7747,1.303552
7748,1.330176
7749,1.349632
7750,1.325056
7751,1.363968
7752,1.321984
7753,1.323008
7754,1.308672
7755,1.291264
7756,1.308672
7757,1.398784
7758,1.368064
7759,1.331200
7760,1.381376
7761,1.330176
7762,1.341440
7763,1.342464
7764,1.350656
7765,1.335296
7766,1.125376
7767,0.804864
7768,1.283072
7769,1.212416
7770,1.338368
7771,1.325056
7772,1.329152
7773,1.309696
7774,1.307648
7775,1.324032
7776,1.350656
7777,1.345536
7778,1.296384
7779,1.354752
7780,1.342464
7781,1.359872
7782,1.384448
7783,1.357824
7784,1.356800
7785,1.341440
7786,1.326080
7787,1.341440
7788,1.361920
7789,1.325056
7790,1.319936
7791,1.262592
7792,1.308672
7793,1.303552
7794,1.350656
7795,1.360896
7796,1.347584
7797,1.346560
7798,1.318912
7799,1.366016
7800,1.325056
7801,1.332224
7802,1.333248
7803,1.345536
7804,1.342464
7805,1.319936
7806,1.362944
7807,1.375232
7808,1.328128
7809,1.332224
7810,1.316864
7811,1.291264
7812,1.232896
7813,0.894976
7814,0.694272
7815,0.685056
7816,0.650240
7817,0.650240
7818,0.590848
7819,0.567296
7820,1.440768
7821,1.273856
7822,1.397760
7823,1.343488
7824,1.340416
7825,1.352704
7826,1.320960
7827,1.345536
7828,1.355776
7829,1.324032
7830,1.332224
7831,1.356800
7832,1.337344
7833,1.346560
7834,1.324032
7835,1.339392
7836,1.346560
7837,1.372160
7838,1.357824
7839,1.329152
7840,1.342464
7841,1.314816
7842,1.353728
7843,1.340416
7844,1.332224
7845,1.337344
7846,1.388544
7847,1.398784
7848,1.331200
7849,1.374208
7850,1.352704
7851,1.374208
7852,1.313792
7853,1.289216
7854,1.306624
7855,1.313792
7856,1.334272
7857,1.327104
7858,1.341440
7859,1.388544
7860,1.340416
7861,1.330176
7862,1.312768
7863,1.297408
7864,1.283072
7865,1.184768
7866,1.343488
7867,1.356800
7868,1.324032
7869,1.320960
7870,1.293312
7871,1.350656
7872,1.331200
7873,1.344512
7874,1.368064
7875,1.328128
7876,1.360896
7877,1.340416
7878,1.338368
7879,1.353728
7880,1.335296
7881,1.316864
7882,1.344512
7883,1.390592
7884,1.345536
7885,1.354752
7886,1.349632
7887,1.393664
7888,1.389568
7889,1.335296
7890,1.402880
7891,1.364992
7892,1.381376
7893,1.340416
7894,1.366016
7895,1.294336
7896,1.303552
7897,1.342464
7898,1.330176
7899,1.305600
7900,1.390592
7901,1.353728
7902,1.292288
7903,1.331200
7904,1.338368
7905,1.327104
7906,1.293312
7907,1.362944
7908,1.297408
7909,0.917504
7910,0.668672
7911,0.605184
7912,0.588800
7913,0.584704
7914,0.575488
7915,1.376256
7916,1.367040
7917,1.330176
7918,1.341440
7919,1.308672
7920,1.345536
7921,1.333248
7922,1.363968
7923,1.297408
7924,1.356800
7925,1.302528
7926,1.346560
7927,1.340416
7928,1.324032
7929,1.342464
7930,1.369088
7931,1.376256
7932,1.380352
7933,1.313792
7934,1.280000
7935,1.334272
7936,1.348608
7937,1.329152
7938,1.302528
7939,1.360896
7940,1.392640
7941,1.388544
7942,1.311744
7943,1.324032
7944,1.353728
7945,1.419264
7946,1.457152
7947,1.372160
7948,1.377280
7949,1.331200
7950,1.336320
7951,1.333248
7952,1.318912
7953,1.357824
7954,1.370112
7955,1.368064
7956,1.404928
7957,1.314816
7958,1.313792
7959,1.169408
7960,0.764928
7961,1.342464
7962,1.249280
7963,1.312768
7964,1.308672
7965,1.315840
7966,1.334272
7967,1.331200
7968,1.348608
7969,1.357824
7970,1.357824
7971,1.326080
7972,1.370112
7973,1.359872
7974,1.341440
7975,1.343488
7976,1.315840
7977,1.324032
7978,1.345536
7979,1.375232
7980,1.288192
7981,1.376256
7982,1.354752
7983,1.347584
7984,1.328128
7985,1.318912
7986,1.361920
7987,1.300480
7988,1.356800
7989,1.343488
7990,1.352704
7991,1.348608
7992,1.326080
7993,1.280000
7994,1.285120
7995,1.318912
7996,1.326080
7997,1.357824
7998,1.340416
7999,1.328128
8000,1.294336
8001,1.368064
8002,1.379328
8003,1.401856
8004,1.344512
8005,1.350656
8006,1.110016
8007,1.372160
8008,1.339392
8009,1.357824
8010,1.280000
8011,1.344512
8012,1.342464
8013,1.330176
8014,1.356800
8015,1.297408
8016,1.392640
8017,1.354752
8018,1.353728
8019,1.338368
8020,1.413120
8021,1.376256
8022,1.378304
8023,1.397760
8024,1.353728
8025,1.347584
8026,1.350656
8027,1.337344
8028,1.388544
8029,1.363968
8030,1.320960
8031,1.264640
8032,1.288192
8033,1.338368
8034,1.380352
8035,1.315840
8036,1.358848
8037,1.337344
8038,1.345536
8039,1.412096
8040,1.378304
8041,1.348608
8042,1.373184
8043,1.384448
8044,1.302528
8045,1.316864
8046,1.309696
8047,1.303552
8048,1.336320
8049,1.311744
8050,1.381376
8051,1.221632
8052,1.138688
8053,1.289216
8054,1.263616
8055,1.349632
8056,1.358848
8057,1.301504
8058,1.328128
8059,1.324032
8060,1.287168
8061,1.343488
8062,1.312768
8063,1.343488
8064,1.321984
8065,1.312768
8066,1.357824
8067,1.338368
8068,1.354752
8069,1.339392
8070,1.278976
8071,1.285120
8072,1.345536
8073,1.339392
8074,1.364992
8075,1.367040
8076,1.346560
8077,1.359872
8078,1.315840
8079,1.371136
8080,1.363968
8081,1.313792
8082,1.328128
8083,1.338368
8084,1.352704
8085,1.307648
8086,1.348608
8087,1.369088
8088,1.340416
8089,1.305600
8090,1.307648
8091,1.341440
8092,1.354752
8093,1.336320
8094,1.380352
8095,1.354752
8096,1.307648
8097,0.852992
8098,0.716800
8099,1.285120
8100,1.158144
8101,1.338368
8102,1.377280
8103,1.355776
8104,1.300480
8105,1.328128
8106,1.315840
8107,1.304576
8108,1.328128
8109,1.377280
8110,1.343488
8111,1.310720
8112,1.334272
8113,1.380352
8114,1.333248
8115,1.369088
8116,1.331200
8117,1.352704
8118,1.350656
8119,1.369088
8120,1.329152
8121,1.348608
8122,1.334272
8123,1.339392
8124,1.293312
8125,1.401856
8126,1.357824
8127,1.353728
8128,1.366016
8129,1.348608
8130,1.355776
8131,1.388544
8132,1.273856
8133,1.340416
8134,1.350656
8135,1.326080
8136,1.350656
8137,1.338368
8138,1.337344
8139,1.284096
8140,1.329152
8141,1.309696
8142,1.350656
8143,1.285120
8144,1.035264
8145,0.698368
8146,1.440768
8147,1.339392
8148,1.379328
8149,1.404928
8150,1.394688
8151,1.351680
8152,1.396736
8153,1.383424
8154,1.330176
8155,1.385472
8156,1.359872
8157,1.379328
8158,1.318912
8159,1.318912
8160,1.350656
8161,1.318912
8162,1.334272
8163,1.332224
8164,1.398784
8165,1.311744
8166,1.346560
8167,1.392640
8168,1.360896
8169,1.395712
8170,1.394688
8171,1.354752
8172,1.341440
8173,1.358848
8174,1.329152
8175,1.347584
8176,1.373184
8177,1.340416
8178,1.551360
8179,1.340416
8180,1.344512
8181,1.347584
8182,1.343488
8183,1.370112
8184,1.357824
8185,1.310720
8186,1.335296
8187,1.305600
8188,1.395712
8189,1.300480
8190,1.021952
8191,0.748544
8192,1.304576
8193,1.225728
8194,1.345536
8195,1.339392
8196,1.353728
8197,1.363968
8198,1.333248
8199,1.321984
8200,1.367040
8201,1.357824
8202,1.328128
8203,1.355776
8204,1.370112
8205,1.337344
8206,1.312768
8207,1.317888
8208,1.314816
8209,1.352704
8210,1.299456
8211,1.350656
8212,1.332224
8213,1.327104
8214,1.349632
8215,1.361920
8216,1.337344
8217,1.390592
8218,1.358848
8219,1.364992
8220,1.382400
8221,1.366016
8222,1.356800
8223,1.394688
8224,1.367040
8225,1.369088
8226,1.294336
8227,1.299456
8228,1.341440
8229,1.349632
8230,1.288192
8231,1.349632
8232,1.354752
8233,1.361920
8234,1.337344
8235,1.352704
8236,1.260544
8237,1.017856
8238,0.672768
8239,0.607232
8240,1.427456
8241,1.412096
8242,1.329152
8243,1.360896
8244,1.359872
8245,1.309696
8246,1.311744
8247,1.334272
8248,1.289216
8249,1.343488
8250,1.288192
8251,1.364992
8252,1.303552
8253,1.319936
8254,1.373184
8255,1.350656
8256,1.389568
8257,1.359872
8258,1.321984
8259,1.318912
8260,1.356800
8261,1.318912
8262,1.327104
8263,1.356800
8264,1.332224
8265,1.349632
8266,1.341440
8267,1.367040
8268,1.406976
8269,1.360896
8270,1.310720
8271,1.355776
8272,1.384448
8273,1.334272
8274,1.352704
8275,1.330176
8276,1.326080
8277,1.333248
8278,1.330176
8279,1.321984
8280,1.342464
8281,1.377280
8282,1.384448
8283,1.305600
8284,1.141760
8285,1.337344
8286,1.183744
8287,1.287168
8288,1.334272
8289,1.380352
8290,1.394688
8291,1.345536
8292,1.328128
8293,1.302528
8294,1.364992
8295,1.317888
8296,1.318912
8297,1.340416
8298,1.336320
8299,1.328128
8300,1.351680
8301,1.354752
8302,1.333248
8303,1.355776
8304,1.345536
8305,1.361920
8306,1.310720
8307,1.348608
8308,1.347584
8309,1.359872
8310,1.383424
8311,1.312768
8312,1.352704
8313,1.347584
8314,1.341440
8315,1.373184
8316,1.345536
8317,1.357824
8318,1.333248
8319,1.332224
8320,1.333248
8321,1.334272
8322,1.311744
8323,1.345536
8324,1.317888
8325,1.366016
8326,1.324032
8327,1.368064
8328,1.355776
8329,1.256448
8330,0.875520
8331,0.678912
8332,0.640000
8333,1.358848
8334,1.437696
8335,1.352704
8336,1.347584
8337,1.371136
8338,1.342464
8339,1.291264
8340,1.323008
8341,1.384448
8342,1.364992
8343,1.309696
8344,1.361920
8345,1.343488
8346,1.315840
8347,1.311744
8348,1.323008
8349,1.359872
8350,1.348608
8351,1.327104
8352,1.357824
8353,1.333248
8354,1.363968
8355,1.351680
8356,1.344512
8357,1.328128
8358,1.340416
8359,1.364992
8360,1.395712
8361,1.369088
8362,1.315840
8363,1.342464
8364,1.354752
8365,1.327104
8366,1.349632
8367,1.351680
8368,1.298432
8369,1.349632
8370,1.319936
8371,1.326080
8372,1.344512
8373,1.341440
8374,1.379328
8375,1.340416
8376,1.333248
8377,1.174528
8378,0.845824
8379,0.648192
8380,0.612352
8381,0.596992
8382,1.330176
8383,1.250304
8384,1.264640
8385,1.335296
8386,1.345536
8387,1.357824
8388,1.355776
8389,1.268736
8390,1.349632
8391,1.375232
8392,1.320960
8393,1.354752
8394,1.499136
8395,1.243136
8396,1.270784
8397,1.333248
8398,1.368064
8399,1.334272
8400,1.366016
8401,1.320960
8402,1.323008
8403,1.326080
8404,1.342464
8405,1.306624
8406,1.324032
8407,1.353728
8408,1.360896
8409,1.337344
8410,1.346560
8411,1.371136
8412,1.350656
8413,1.303552
8414,1.320960
8415,1.318912
8416,1.343488
8417,1.311744
8418,1.426432
8419,1.317888
8420,1.346560
8421,1.374208
8422,1.358848
8423,1.341440
8424,1.358848
8425,1.366016
8426,1.251328
8427,1.211392
8428,1.225728
8429,1.360896
8430,1.353728
8431,1.340416
8432,1.287168
8433,1.334272
8434,1.301504
8435,1.277952
8436,1.301504
8437,1.375232
8438,1.361920
8439,1.375232
8440,1.381376
8441,1.328128
8442,1.356800
8443,1.355776
8444,1.337344
8445,1.309696
8446,1.330176
8447,1.295360
8448,1.324032
8449,1.356800
8450,1.368064
8451,1.371136
8452,1.364992
8453,1.341440
8454,1.370112
8455,1.318912
8456,1.328128
8457,1.360896
8458,1.359872
8459,1.324032
8460,1.338368
8461,1.328128
8462,1.389568
8463,1.327104
8464,1.369088
8465,1.383424
8466,1.319936
8467,1.303552
8468,1.350656
8469,1.343488
8470,1.340416
8471,1.310720
8472,1.176576
8473,0.749568
8474,0.632832
8475,0.596992
8476,0.594944
8477,0.585728
8478,1.324032
8479,1.263616
8480,1.324032
8481,1.481728
8482,1.334272
8483,1.310720
8484,1.367040
8485,1.358848
8486,1.306624
8487,1.345536
8488,1.344512
8489,1.387520
8490,1.325056
8491,1.293312
8492,1.335296
8493,1.306624
8494,1.341440
8495,1.367040
8496,1.323008
8497,1.357824
8498,1.304576
8499,1.358848
8500,1.346560
8501,1.390592
8502,1.349632
8503,1.324032
8504,1.310720
8505,1.331200
8506,1.359872
8507,1.397760
8508,1.361920
8509,1.335296
8510,1.326080
8511,1.309696
8512,1.343488
8513,1.355776
8514,1.337344
8515,1.361920
8516,1.341440
8517,1.388544
8518,1.389568
8519,1.331200
8520,1.373184
8521,1.339392
8522,1.246208
8523,0.772096
8524,0.614400
8525,0.608256
8526,0.615424
8527,0.603136
8528,0.595968
8529,0.560128
8530,0.556032
8531,1.368064
8532,1.324032
8533,1.290240
8534,1.263616
8535,1.331200
8536,1.377280
8537,1.344512
8538,1.361920
8539,1.343488
8540,1.346560
8541,1.377280
8542,1.269760
8543,1.314816
8544,1.315840
8545,1.380352
8546,1.339392
8547,1.284096
8548,1.390592
8549,1.412096
8550,1.345536
8551,1.363968
8552,1.379328
8553,1.361920
8554,1.363968
8555,1.331200
8556,1.366016
8557,1.351680
8558,1.331200
8559,1.327104
8560,1.385472
8561,1.389568
8562,1.388544
8563,1.310720
8564,1.390592
8565,1.360896
8566,1.363968
8567,1.363968
8568,1.354752
8569,1.379328
8570,1.400832
8571,1.347584
8572,1.352704
8573,1.338368
8574,1.349632
8575,1.057792
8576,0.797696
8577,1.139712
8578,1.431552
8579,1.346560
8580,1.373184
8581,1.340416
8582,1.358848
8583,1.376256
8584,1.344512
8585,1.372160
8586,1.331200
8587,1.345536
8588,1.360896
8589,1.318912
8590,1.330176
8591,1.317888
8592,1.337344
8593,1.355776
8594,1.340416
8595,1.372160
8596,1.387520
8597,1.329152
8598,1.339392
8599,1.356800
8600,1.367040
8601,1.311744
8602,1.355776
8603,1.308672
8604,1.303552
8605,1.296384
8606,1.368064
8607,1.358848
8608,1.325056
8609,1.332224
8610,1.320960
8611,1.313792
8612,1.363968
8613,1.307648
8614,1.333248
8615,1.385472
8616,1.326080
8617,1.340416
8618,1.306624
8619,1.327104
8620,1.312768
8621,1.291264
8622,1.218560
8623,1.128448
8624,1.080320
8625,1.323008
8626,1.335296
8627,1.341440
8628,1.298432
8629,1.327104
8630,1.367040
8631,1.330176
8632,1.401856
8633,1.364992
8634,1.329152
8635,1.351680
8636,1.406976
8637,1.400832
8638,1.293312
8639,1.371136
8640,1.363968
8641,1.324032
8642,1.350656
8643,1.344512
8644,1.336320
8645,1.389568
8646,1.332224
8647,1.380352
8648,1.404928
8649,1.380352
8650,1.341440
8651,1.372160
8652,1.296384
8653,1.351680
8654,1.349632
8655,1.348608
8656,1.301504
8657,1.340416
8658,1.328128
8659,1.345536
8660,1.320960
8661,1.348608
8662,1.345536
8663,1.299456
8664,1.339392
8665,1.339392
8666,1.269760
8667,0.921600
8668,0.779264
8669,1.328128
8670,1.197056
8671,1.326080
8672,1.328128
8673,1.289216
8674,1.332224
8675,1.360896
8676,1.374208
8677,1.324032
8678,1.336320
8679,1.364992
8680,1.308672
8681,1.373184
8682,1.374208
8683,1.367040
8684,1.367040
8685,1.328128
8686,1.376256
8687,1.298432
8688,1.336320
8689,1.318912
8690,1.301504
8691,1.331200
8692,1.342464
8693,1.244160
8694,1.328128
8695,1.318912
8696,1.376256
8697,1.338368
8698,1.352704
8699,1.361920
8700,1.332224
8701,1.293312
8702,1.353728
8703,1.399808
8704,1.378304
8705,1.291264
8706,1.349632
8707,1.312768
8708,1.354752
8709,1.360896
8710,1.361920
8711,1.346560
8712,1.370112
8713,1.331200
8714,1.249280
8715,1.103872
8716,1.283072
8717,1.268736
8718,1.305600
8719,1.304576
8720,1.353728
8721,1.308672
8722,1.333248
8723,1.375232
8724,1.283072
8725,1.293312
8726,1.344512
8727,1.339392
8728,1.342464
8729,1.352704
8730,1.302528
8731,1.351680
8732,1.371136
8733,1.387520
8734,1.313792
8735,1.342464
8736,1.378304
8737,1.335296
8738,1.337344
8739,1.324032
8740,1.289216
8741,1.309696
8742,1.333248
8743,1.384448
8744,1.316864
8745,1.388544
8746,1.314816
8747,1.367040
8748,1.292288
8749,1.351680
8750,1.310720
8751,1.325056
8752,1.381376
8753,1.354752
8754,1.360896
8755,1.321984
8756,1.360896
8757,1.382400
8758,1.352704
8759,1.203200
8760,1.334272
8761,1.223680
8762,1.347584
8763,1.353728
8764,1.349632
8765,1.348608
8766,1.345536
8767,1.385472
8768,1.354752
8769,1.302528
8770,1.342464
8771,1.326080
8772,1.350656
8773,1.361920
8774,1.353728
8775,1.310720
8776,1.347584
8777,1.353728
8778,1.380352
8779,1.338368
8780,1.343488
8781,1.352704
8782,1.382400
8783,1.325056
8784,1.274880
8785,1.356800
8786,1.318912
8787,1.360896
8788,1.349632
8789,1.345536
8790,1.290240
8791,1.343488
8792,1.316864
8793,1.374208
8794,1.352704
8795,1.357824
8796,1.338368
8797,1.357824
8798,1.313792
8799,1.336320
8800,1.346560
8801,1.343488
8802,1.371136
8803,1.334272
8804,1.293312
8805,1.334272
8806,1.217536
8807,1.331200
8808,1.346560
8809,1.368064
8810,1.378304
8811,1.335296
8812,1.373184
8813,1.366016
8814,1.297408
8815,1.305600
8816,1.371136
8817,1.356800
8818,1.356800
8819,1.341440
8820,1.271808
8821,1.324032
8822,1.327104
8823,1.343488
8824,1.358848
8825,1.356800
8826,1.297408
8827,1.356800
8828,1.308672
8829,1.354752
8830,1.366016
8831,1.343488
8832,1.368064
8833,1.357824
8834,1.370112
8835,1.340416
8836,1.324032
8837,1.323008
8838,1.355776
8839,1.323008
8840,1.362944
8841,1.358848
8842,1.320960
8843,1.362944
8844,1.301504
8845,1.319936
8846,1.357824
8847,1.351680
8848,1.367040
8849,1.255424
8850,1.355776
8851,1.317888
8852,1.278976
8853,1.334272
8854,1.352704
8855,1.378304
8856,1.312768
8857,1.377280
8858,1.338368
8859,1.346560
8860,1.329152
8861,1.400832
8862,1.335296
8863,1.348608
8864,1.357824
8865,1.335296
8866,1.340416
8867,1.332224
8868,1.304576
8869,1.353728
8870,1.351680
8871,1.326080
8872,1.370112
8873,1.347584
8874,1.413120
8875,1.294336
8876,1.370112
8877,1.392640
8878,1.342464
8879,1.346560
8880,1.301504
8881,1.334272
8882,1.381376
8883,1.310720
8884,1.339392
8885,1.269760
8886,1.326080
8887,1.320960
8888,1.397760
8889,1.326080
8890,1.351680
8891,1.338368
8892,1.308672
8893,1.342464
8894,1.292288
8895,0.925696
8896,1.402880
8897,1.326080
8898,1.292288
8899,1.337344
8900,1.326080
8901,1.294336
8902,1.361920
8903,1.306624
8904,1.380352
8905,1.351680
8906,1.339392
8907,1.390592
8908,1.325056
8909,1.330176
8910,1.345536
8911,1.368064
8912,1.363968
8913,1.328128
8914,1.374208
8915,1.368064
8916,1.306624
8917,1.340416
8918,1.307648
8919,1.338368
8920,1.351680
8921,1.287168
8922,1.286144
8923,1.353728
8924,1.345536
8925,1.352704
8926,1.353728
8927,1.369088
8928,1.341440
8929,1.368064
8930,1.349632
8931,1.339392
8932,1.386496
8933,1.361920
8934,1.363968
8935,1.344512
8936,1.316864
8937,1.308672
8938,1.359872
8939,1.313792
8940,1.283072
8941,0.931840
8942,0.647168
8943,0.592896
8944,0.594944
8945,0.589824
8946,0.581632
8947,1.404928
8948,1.319936
8949,1.342464
8950,1.369088
8951,1.360896
8952,1.317888
8953,1.249280
8954,1.306624
8955,1.269760
8956,1.245184
8957,1.332224
8958,1.343488
8959,1.266688
8960,1.293312
8961,1.278976
8962,1.346560
8963,1.339392
8964,1.339392
8965,1.330176
8966,1.371136
8967,1.299456
8968,1.293312
8969,1.270784
8970,1.282048
8971,1.274880
8972,1.313792
8973,1.285120
8974,1.299456
8975,1.331200
8976,1.317888
8977,1.303552
8978,1.355776
8979,1.315840
8980,1.315840
8981,1.280000
8982,1.306624
8983,1.337344
8984,1.335296
8985,1.288192
8986,1.299456
8987,1.339392
8988,1.317888
8989,1.296384
8990,1.356800
8991,1.315840
8992,1.281024
8993,0.777216
8994,1.353728
8995,1.393664
8996,1.364992
8997,1.323008
8998,1.367040
8999,1.331200
9000,1.376256
9001,1.290240
9002,1.332224
9003,1.357824
9004,1.299456
9005,1.287168
9006,1.313792
9007,1.177600
9008,1.287168
9009,1.342464
9010,1.325056
9011,1.350656
9012,1.347584
9013,1.366016
9014,1.331200
9015,1.354752
9016,1.345536
9017,1.372160
9018,1.307648
9019,1.312768
9020,1.295360
9021,1.335296
9022,1.292288
9023,1.287168
9024,1.295360
9025,1.337344
9026,1.294336
9027,1.359872
9028,1.350656
9029,1.350656
9030,1.291264
9031,1.346560
9032,1.327104
9033,1.310720
9034,1.287168
9035,1.345536
9036,2.783232
9037,2.594816
9038,1.358848
9039,1.333248
9040,1.343488
9041,1.368064
9042,1.316864
9043,1.350656
9044,1.308672
9045,1.299456
9046,1.312768
9047,1.326080
9048,1.280000
9049,1.344512
9050,1.321984
9051,1.273856
9052,1.265664
9053,1.328128
9054,1.342464
9055,1.324032
9056,1.358848
9057,1.335296
9058,1.324032
9059,1.338368
9060,3.629056
9061,1.294336
9062,1.271808
9063,1.306624
9064,1.291264
9065,2.328576
9066,1.313792
9067,1.313792
9068,1.391616
9069,1.358848
9070,2.287616
9071,3.689472
9072,1.311744
9073,1.307648
9074,1.297408
9075,1.336320
9076,1.369088
9077,1.329152
9078,1.230848
9079,1.121280
9080,1.239040
9081,1.309696
9082,1.266688
9083,1.264640
9084,1.319936
9085,1.291264
9086,1.289216
9087,1.292288
9088,1.313792
9089,1.306624
9090,1.272832
9091,1.298432
9092,1.312768
9093,1.318912
9094,1.335296
9095,1.332224
9096,1.314816
9097,1.310720
9098,1.287168
9099,1.341440
9100,1.302528
9101,1.327104
9102,1.316864
9103,1.307648
9104,1.310720
9105,1.295360
9106,1.320960
9107,1.325056
9108,1.314816
9109,1.319936
9110,1.298432
9111,1.295360
9112,1.313792
9113,1.321984
9114,1.298432
9115,1.304576
9116,1.318912
9117,1.307648
9118,1.378304
9119,1.335296
9120,1.366016
9121,1.314816
9122,1.313792
9123,1.341440
9124,1.301504
9125,1.081344
9126,0.707584
9127,1.467392
9128,1.301504
9129,1.319936
9130,1.280000
9131,1.315840
9132,1.356800
9133,1.266688
9134,1.316864
9135,1.291264
9136,1.270784
9137,1.302528
9138,1.317888
9139,1.337344
9140,1.319936
9141,1.373184
9142,1.304576
9143,1.314816
9144,1.309696
9145,1.316864
9146,1.350656
9147,1.331200
9148,1.306624
9149,1.331200
9150,1.356800
9151,1.388544
9152,1.296384
9153,1.296384
9154,1.373184
9155,1.335296
9156,1.349632
9157,1.359872
9158,1.321984
9159,1.324032
9160,1.311744
9161,1.334272
9162,1.318912
9163,1.263616
9164,1.309696
9165,1.277952
9166,1.295360
9167,1.280000
9168,1.323008
9169,1.300480
9170,1.306624
9171,1.332224
9172,1.204224
9173,0.866304
9174,0.687104
9175,0.704512
9176,0.658432
9177,0.644096
9178,0.606208
9179,0.570368
9180,1.385472
9181,1.305600
9182,1.296384
9183,1.267712
9184,1.244160
9185,1.340416
9186,1.303552
9187,1.296384
9188,1.286144
9189,1.280000
9190,1.320960
9191,1.334272
9192,1.351680
9193,1.317888
9194,1.289216
9195,1.335296
9196,1.291264
9197,1.307648
9198,1.313792
9199,1.313792
9200,1.303552
9201,1.333248
9202,1.329152
9203,1.262592
9204,1.288192
9205,1.302528
9206,1.339392
9207,1.323008
9208,1.304576
9209,1.296384
9210,1.351680
9211,1.265664
9212,1.336320
9213,1.324032
9214,1.305600
9215,1.342464
9216,1.334272
9217,1.325056
9218,1.334272
9219,1.351680
9220,1.349632
9221,1.296384
9222,1.267712
9223,1.320960
9224,1.329152
9225,1.316864
9226,0.950272
9227,0.798720
9228,0.791552
9229,0.672768
9230,0.630784
9231,0.610304
9232,0.582656
9233,1.263616
9234,1.168384
9235,1.293312
9236,1.321984
9237,1.316864
9238,1.347584
9239,1.316864
9240,1.299456
9241,1.264640
9242,1.331200
9243,1.345536
9244,1.308672
9245,1.313792
9246,1.331200
9247,1.305600
9248,1.317888
9249,1.316864
9250,1.310720
9251,1.318912
9252,1.298432
9253,1.312768
9254,1.314816
9255,1.278976
9256,1.302528
9257,1.289216
9258,1.306624
9259,1.296384
9260,1.321984
9261,1.352704
9262,1.330176
9263,1.287168
9264,1.320960
9265,1.335296
9266,1.332224
9267,1.328128
9268,1.316864
9269,1.326080
9270,1.343488
9271,1.320960
9272,1.312768
9273,1.332224
9274,1.294336
9275,1.285120
9276,1.325056
9277,1.296384
9278,1.323008
9279,1.119232
9280,0.774144
9281,0.700416
9282,0.671744
9283,0.666624
9284,0.734208
9285,0.586752
9286,1.316864
9287,1.286144
9288,1.254400
9289,1.358848
9290,1.293312
9291,1.328128
9292,1.342464
9293,1.358848
9294,1.287168
9295,1.344512
9296,1.300480
9297,1.296384
9298,1.294336
9299,1.330176
9300,1.389568
9301,1.342464
9302,1.305600
9303,1.318912
9304,1.290240
9305,1.301504
9306,1.355776
9307,1.343488
9308,1.307648
9309,1.336320
9310,1.262592
9311,1.280000
9312,1.292288
9313,1.335296
9314,1.315840
9315,1.366016
9316,1.327104
9317,1.303552
9318,1.280000
9319,1.284096
9320,1.325056
9321,1.321984
9322,1.372160
9323,1.354752
9324,1.328128
9325,1.338368
9326,1.292288
9327,1.290240
9328,1.332224
9329,1.368064
9330,1.296384
9331,1.165312
9332,0.913408
9333,0.823296
9334,0.776192
9335,0.748544
9336,0.670720
9337,0.674816
9338,1.363968
9339,1.357824
9340,1.370112
9341,1.321984
9342,1.292288
9343,1.324032
9344,1.368064
9345,1.326080
9346,1.311744
9347,1.343488
9348,1.346560
9349,1.312768
9350,1.327104
9351,1.312768
9352,1.314816
9353,1.334272
9354,1.337344
9355,1.268736
9356,1.284096
9357,1.361920
9358,1.291264
9359,1.317888
9360,1.290240
9361,1.320960
9362,1.297408
9363,1.313792
9364,1.317888
9365,1.328128
9366,1.351680
9367,1.334272
9368,1.346560
9369,1.357824
9370,1.345536
9371,1.455104
9372,1.252352
9373,1.316864
9374,1.331200
9375,1.456128
9376,1.337344
9377,1.266688
9378,1.301504
9379,1.286144
9380,1.288192
9381,1.288192
9382,1.288192
9383,1.250304
9384,1.333248
9385,1.291264
9386,1.258496
9387,1.296384
9388,1.290240
9389,1.333248
9390,1.310720
9391,1.328128
9392,1.273856
9393,1.306624
9394,1.346560
9395,1.328128
9396,1.289216
9397,1.304576
9398,1.289216
9399,1.304576
9400,1.299456
9401,1.290240
9402,1.300480
9403,1.328128
9404,1.336320
9405,1.325056
9406,1.327104
9407,1.280000
9408,1.318912
9409,1.298432
9410,1.360896
9411,1.312768
9412,1.295360
9413,1.327104
9414,1.359872
9415,1.320960
9416,1.318912
9417,1.307648
9418,1.345536
9419,1.348608
9420,1.275904
9421,1.342464
9422,1.271808
9423,1.311744
9424,1.306624
9425,1.288192
9426,1.329152
9427,1.281024
9428,1.294336
9429,1.331200
9430,1.122304
9431,1.234944
9432,1.204224
9433,1.307648
9434,1.317888
9435,1.317888
9436,1.290240
9437,1.263616
9438,1.303552
9439,1.277952
9440,1.304576
9441,1.254400
9442,1.345536
9443,1.296384
9444,1.390592
9445,1.301504
9446,1.299456
9447,1.310720
9448,1.338368
9449,1.306624
9450,1.353728
9451,1.301504
9452,1.288192
9453,1.321984
9454,1.276928
9455,1.349632
9456,1.307648
9457,1.333248
9458,1.292288
9459,1.346560
9460,1.311744
9461,1.351680
9462,1.343488
9463,1.320960
9464,1.311744
9465,1.348608
9466,1.305600
9467,1.355776
9468,1.292288
9469,1.294336
9470,1.320960
9471,1.366016
9472,1.361920
9473,1.290240
9474,1.313792
9475,1.325056
9476,1.293312
9477,1.152000
9478,0.948224
9479,0.759808
9480,0.702464
9481,0.654336
9482,0.612352
9483,1.351680
9484,1.368064
9485,1.292288
9486,1.333248
9487,1.298432
9488,1.307648
9489,1.276928
9490,1.319936
9491,1.280000
9492,1.318912
9493,1.302528
9494,1.278976
9495,1.342464
9496,1.297408
9497,1.314816
9498,1.318912
9499,1.340416
9500,1.316864
9501,1.318912
9502,1.348608
9503,1.340416
9504,1.284096
9505,1.288192
9506,1.329152
9507,1.344512
9508,1.330176
9509,1.312768
9510,1.288192
9511,1.367040
9512,1.338368
9513,1.321984
9514,1.316864
9515,1.314816
9516,1.287168
9517,1.274880
9518,1.293312
9519,1.336320
9520,1.290240
9521,1.301504
9522,1.298432
9523,1.352704
9524,1.329152
9525,1.273856
9526,1.337344
9527,1.315840
9528,1.286144
9529,1.019904
9530,0.758784
9531,0.728064
9532,1.282048
9533,1.235968
9534,1.306624
9535,1.325056
9536,1.337344
9537,1.351680
9538,1.309696
9539,1.301504
9540,1.324032
9541,1.334272
9542,1.345536
9543,1.332224
9544,1.282048
9545,1.333248
9546,1.296384
9547,1.309696
9548,1.276928
9549,1.311744
9550,1.345536
9551,1.276928
9552,1.338368
9553,1.323008
9554,1.300480
9555,1.301504
9556,1.325056
9557,1.354752
9558,1.335296
9559,1.255424
9560,1.318912
9561,1.329152
9562,1.354752
9563,1.270784
9564,1.306624
9565,1.328128
9566,1.335296
9567,1.342464
9568,1.366016
9569,1.291264
9570,1.293312
9571,1.331200
9572,1.325056
9573,1.315840
9574,1.334272
9575,1.340416
9576,1.298432
9577,1.278976
9578,0.990208
9579,0.907264
9580,1.353728
9581,1.375232
9582,1.353728
9583,1.346560
9584,1.367040
9585,1.332224
9586,1.197056
9587,1.338368
9588,1.329152
9589,1.354752
9590,1.285120
9591,1.335296
9592,1.274880
9593,1.338368
9594,1.305600
9595,1.382400
9596,1.277952
9597,1.357824
9598,1.346560
9599,1.363968
9600,1.277952
9601,1.318912
9602,1.317888
9603,1.321984
9604,1.341440
9605,1.302528
9606,1.276928
9607,1.329152
9608,1.331200
9609,1.301504
9610,1.329152
9611,1.324032
9612,1.333248
9613,1.328128
9614,1.298432
9615,1.320960
9616,1.371136
9617,1.314816
9618,1.354752
9619,1.344512
9620,1.291264
9621,1.275904
9622,1.310720
9623,1.304576
9624,1.371136
9625,1.320960
9626,1.017856
9627,0.734208
9628,0.669696
9629,0.640000
9630,0.613376
9631,0.596992
9632,1.326080
9633,1.246208
9634,1.253376
9635,1.333248
9636,1.330176
9637,1.292288
9638,1.289216
9639,1.254400
9640,1.327104
9641,1.339392
9642,1.345536
9643,1.338368
9644,1.271808
9645,1.297408
9646,1.295360
9647,1.284096
9648,1.268736
9649,1.296384
9650,1.370112
9651,1.323008
9652,1.311744
9653,1.316864
9654,1.294336
9655,1.300480
9656,1.330176
9657,1.325056
9658,1.304576
9659,1.253376
9660,1.349632
9661,1.333248
9662,1.383424
9663,1.303552
9664,1.327104
9665,1.320960
9666,1.359872
9667,1.332224
9668,1.367040
9669,1.318912
9670,1.339392
9671,1.337344
9672,1.332224
9673,1.350656
9674,1.341440
9675,1.313792
9676,1.262592
9677,1.324032
9678,1.178624
9679,0.894976
9680,0.739328
9681,0.672768
9682,0.611328
9683,1.324032
9684,1.275904
9685,1.324032
9686,1.313792
9687,1.329152
9688,1.325056
9689,1.287168
9690,1.290240
9691,1.286144
9692,1.339392
9693,1.320960
9694,1.261568
9695,1.288192
9696,1.280000
9697,1.277952
9698,1.305600
9699,1.272832
9700,1.264640
9701,1.241088
9702,1.280000
9703,1.233920
9704,1.268736
9705,1.236992
9706,1.254400
9707,1.289216
9708,1.263616
9709,1.289216
9710,1.267712
9711,1.255424
9712,1.261568
9713,1.260544
9714,1.257472
9715,1.265664
9716,1.278976
9717,1.226752
9718,1.233920
9719,1.240064
9720,1.254400
9721,1.295360
9722,1.272832
9723,1.291264
9724,1.246208
9725,1.255424
9726,1.250304
9727,1.262592
9728,1.258496
9729,1.246208
9730,1.162240
9731,1.103872
9732,0.823296
9733,0.753664
9734,0.743424
9735,1.248256
9736,1.197056
9737,1.246208
9738,1.220608
9739,1.287168
9740,1.265664
9741,1.225728
9742,1.269760
9743,1.268736
9744,1.251328
9745,1.283072
9746,1.261568
9747,1.241088
9748,1.254400
9749,1.256448
9750,1.270784
9751,1.271808
9752,1.276928
9753,1.294336
9754,1.260544
9755,1.308672
9756,1.235968
9757,1.308672
9758,1.255424
9759,1.260544
9760,1.261568
9761,1.240064
9762,1.272832
9763,1.244160
9764,1.271808
9765,1.227776
9766,1.239040
9767,1.243136
9768,1.281024
9769,1.218560
9770,1.227776
9771,1.247232
9772,1.222656
9773,1.222656
9774,1.233920
9775,1.238016
9776,1.249280
9777,1.284096
9778,1.240064
9779,1.251328
9780,1.243136
9781,1.281024
9782,1.214464
9783,1.110016
9784,1.010688
9785,0.817152
9786,0.797696
9787,0.748544
9788,1.239040
9789,1.212416
9790,2.604032
9791,1.272832
9792,1.308672
9793,2.666496
9794,1.215488
9795,1.220608
9796,1.224704
9797,1.250304
9798,1.217536
9799,1.245184
9800,1.274880
9801,1.268736
9802,1.271808
9803,1.282048
9804,1.239040
9805,1.223680
9806,1.267712
9807,1.278976
9808,1.262592
9809,1.236992
9810,1.236992
9811,1.258496
9812,1.262592
9813,1.251328
9814,1.273856
9815,1.242112
9816,1.234944
9817,1.226752
9818,1.274880
9819,1.249280
9820,1.243136
9821,1.246208
9822,1.245184
9823,1.219584
9824,1.218560
9825,1.263616
9826,1.239040
9827,1.231872
9828,1.271808
9829,1.234944
9830,1.217536
9831,1.258496
9832,1.233920
9833,1.206272
9834,1.188864
9835,0.932864
9836,0.883712
9837,1.164288
9838,1.141760
9839,1.217536
9840,2.666496
9841,1.242112
9842,2.639872
9843,1.184768
9844,1.201152
9845,1.236992
9846,1.206272
9847,1.167360
9848,1.199104
9849,1.239040
9850,1.255424
9851,1.242112
9852,1.228800
9853,1.230848
9854,1.230848
9855,1.233920
9856,1.244160
9857,1.208320
9858,1.221632
9859,1.210368
9860,1.183744
9861,1.244160
9862,1.240064
9863,1.191936
9864,1.208320
9865,1.226752
9866,1.217536
9867,1.214464
9868,1.224704
9869,1.214464
9870,1.231872
9871,1.210368
9872,1.223680
9873,1.190912
9874,1.192960
9875,1.174528
9876,1.216512
9877,1.218560
9878,1.214464
9879,1.200128
9880,1.218560
9881,1.190912
9882,1.188864
9883,1.170432
9884,1.180672
9885,1.072128
9886,0.971776
9887,0.891904
9888,1.139712
9889,1.132544
9890,1.062912
9891,1.129472
9892,1.155072
9893,1.184768
9894,1.159168
9895,1.150976
9896,1.144832
9897,1.152000
9898,1.172480
9899,3.428352
9900,1.129472
9901,1.172480
9902,1.117184
9903,1.123328
9904,1.099776
9905,1.114112
9906,1.148928
9907,1.087488
9908,1.114112
9909,1.088512
9910,1.114112
9911,3.290112
9912,1.048576
9913,1.043456
9914,1.079296
9915,2.084864
9916,1.085440
9917,1.104896
9918,1.080320
9919,1.096704
9920,1.087488
9921,2.069504
9922,3.304448
9923,1.123328
9924,1.156096
9925,1.093632
9926,1.123328
9927,1.118208
9928,1.093632
9929,1.063936
9930,1.050624
9931,1.058816
9932,1.076224
9933,1.075200
9934,1.088512
9935,1.073152
9936,1.073152
9937,1.078272
9938,1.078272
9939,1.074176
9940,0.961536
9941,0.642048
9942,0.618496
9943,0.618496
9944,0.616448
9945,0.569344
9946,0.564224
9947,1.090560
9948,1.034240
9949,1.080320
9950,1.076224
9951,1.038336
9952,1.052672
9953,1.054720
9954,1.058816
9955,1.011712
9956,1.069056
9957,1.067008
9958,1.041408
9959,1.035264
9960,0.997376
9961,1.046528
9962,1.050624
9963,1.046528
9964,1.040384
9965,1.037312
9966,1.044480
9967,1.048576
9968,1.056768
9969,1.047552
9970,1.063936
9971,1.039360
9972,1.017856
9973,1.054720
9974,1.021952
9975,0.997376
9976,0.999424
9977,1.016832
9978,0.999424
9979,0.987136
9980,0.995328
9981,0.997376
9982,0.988160
9983,0.983040
9984,0.988160
9985,0.947200
9986,0.921600
9987,0.941056
9988,0.941056
9989,0.923648
9990,0.897024
9991,0.946176
9992,0.950272
9993,0.940032
9994,0.912384
9995,0.899072
9996,0.921600
9997,0.919552
9998,0.912384
9999,0.927744
