iter,ms
0,0.716800
1,0.730112
2,0.699392
3,0.657408
4,0.671744
5,0.680960
6,0.674816
7,0.692224
8,0.759808
9,0.745472
10,0.697344
11,0.693248
12,0.694272
13,0.693248
14,0.695296
15,0.700416
16,0.724992
17,0.759808
18,0.761856
19,0.734208
20,0.719872
21,0.759808
22,0.790528
23,0.816128
24,0.883712
25,0.833536
26,0.815104
27,0.828416
28,0.819200
29,0.837632
30,0.860160
31,0.890880
32,0.887808
33,0.851968
34,0.836608
35,0.946176
36,0.948224
37,0.950272
38,0.976896
39,0.973824
40,0.947200
41,0.935936
42,0.988160
43,0.982016
44,0.993280
45,1.060864
46,1.018880
47,1.050624
48,1.012736
49,1.033216
50,1.029120
51,1.048576
52,1.058816
53,1.074176
54,1.073152
55,1.049600
56,1.101824
57,1.106944
58,1.042432
59,1.060864
60,1.032192
61,1.100800
62,1.098752
63,1.111040
64,1.124352
65,1.086464
66,1.121280
67,1.092608
68,1.108992
69,1.064960
70,0.862208
71,0.827392
72,0.754688
73,0.775168
74,0.766976
75,0.820224
76,1.065984
77,1.102848
78,1.145856
79,1.153024
80,1.220608
81,1.147904
82,1.101824
83,1.073152
84,1.115136
85,1.081344
86,1.091584
87,1.105920
88,1.155072
89,1.146880
90,1.090560
91,1.076224
92,1.136640
93,1.110016
94,1.113088
95,1.084416
96,1.128448
97,1.070080
98,1.125376
99,1.099776
100,1.102848
101,1.095680
102,1.108992
103,1.102848
104,1.111040
105,1.114112
106,1.097728
107,1.175552
108,1.175552
109,1.183744
110,1.107968
111,1.156096
112,1.131520
113,1.118208
114,1.178624
115,1.152000
116,1.181696
117,1.164288
118,1.150976
119,1.200128
120,1.164288
121,1.166336
122,1.112064
123,1.112064
124,1.121280
125,1.165312
126,1.213440
127,1.165312
128,1.164288
129,1.110016
130,1.029120
131,0.863232
132,0.840704
133,0.808960
134,0.779264
135,1.190912
136,1.147904
137,1.120256
138,1.172480
139,1.173504
140,1.138688
141,1.171456
142,1.157120
143,1.164288
144,1.175552
145,1.162240
146,1.183744
147,1.157120
148,1.204224
149,1.222656
150,1.145856
151,1.202176
152,1.177600
153,1.147904
154,1.138688
155,1.168384
156,1.173504
157,1.164288
158,1.250304
159,1.177600
160,1.221632
161,1.168384
162,1.168384
163,1.165312
164,1.191936
165,1.221632
166,1.193984
167,1.239040
168,1.176576
169,1.247232
170,1.192960
171,1.180672
172,1.178624
173,1.210368
174,1.193984
175,1.200128
176,1.222656
177,1.196032
178,1.232896
179,1.185792
180,1.192960
181,1.209344
182,1.217536
183,1.212416
184,1.214464
185,1.068032
186,0.669696
187,0.615424
188,0.600064
189,0.598016
190,0.577536
191,0.565248
192,1.290240
193,1.215488
194,1.172480
195,1.256448
196,1.166336
197,1.189888
198,1.186816
199,1.189888
200,1.287168
201,1.187840
202,1.211392
203,1.196032
204,1.210368
205,1.210368
206,1.171456
207,1.190912
208,1.181696
209,1.240064
210,1.312768
211,1.183744
212,1.220608
213,1.398784
214,1.231872
215,1.184768
216,1.185792
217,1.175552
218,1.168384
219,1.236992
220,1.300480
221,1.123328
222,1.226752
223,1.199104
224,1.183744
225,1.178624
226,1.187840
227,1.187840
228,1.191936
229,1.174528
230,1.208320
231,1.246208
232,1.219584
233,1.173504
234,1.198080
235,1.221632
236,1.226752
237,1.241088
238,1.181696
239,1.160192
240,1.245184
241,1.077248
242,1.097728
243,1.189888
244,1.157120
245,1.196032
246,1.219584
247,1.270784
248,1.257472
249,1.280000
250,1.189888
251,1.173504
252,1.193984
253,1.275904
254,1.224704
255,1.264640
256,1.227776
257,1.183744
258,1.182720
259,1.244160
260,1.234944
261,1.206272
262,1.246208
263,1.235968
264,1.271808
265,1.260544
266,1.243136
267,1.215488
268,1.234944
269,1.247232
270,1.118208
271,1.241088
272,1.252352
273,1.192960
274,1.229824
275,1.253376
276,1.220608
277,1.252352
278,1.253376
279,1.256448
280,1.254400
281,1.262592
282,1.263616
283,1.248256
284,1.249280
285,1.245184
286,1.245184
287,1.232896
288,1.231872
289,1.212416
290,0.942080
291,0.758784
292,0.606208
293,0.593920
294,0.591872
295,0.592896
296,0.582656
297,1.186816
298,1.162240
299,1.242112
300,1.199104
301,1.273856
302,1.268736
303,1.263616
304,1.202176
305,1.224704
306,1.233920
307,1.228800
308,1.262592
309,1.231872
310,1.273856
311,1.233920
312,1.258496
313,1.264640
314,1.280000
315,1.281024
316,1.312768
317,1.306624
318,1.282048
319,1.257472
320,1.284096
321,1.255424
322,1.301504
323,1.309696
324,1.299456
325,1.207296
326,1.347584
327,1.323008
328,1.360896
329,1.329152
330,1.363968
331,1.394688
332,1.405952
333,1.367040
334,1.357824
335,1.389568
336,1.334272
337,1.320960
338,1.309696
339,1.372160
340,1.351680
341,1.354752
342,1.328128
343,1.228800
344,0.691200
345,0.596992
346,0.590848
347,0.608256
348,0.573440
349,1.370112
350,1.391616
351,1.314816
352,1.348608
353,1.379328
354,1.328128
355,1.343488
356,1.334272
357,1.347584
358,1.345536
359,1.342464
360,1.333248
361,1.315840
362,1.329152
363,1.310720
364,1.340416
365,1.349632
366,1.321984
367,1.376256
368,1.339392
369,1.314816
370,1.339392
371,1.324032
372,1.359872
373,1.356800
374,1.348608
375,1.345536
376,1.371136
377,1.325056
378,1.312768
379,1.360896
380,1.352704
381,1.335296
382,1.350656
383,1.404928
384,1.331200
385,1.349632
386,1.299456
387,1.373184
388,1.335296
389,1.342464
390,1.374208
391,1.350656
392,1.373184
393,1.185792
394,0.787456
395,0.666624
396,0.638976
397,0.610304
398,1.329152
399,1.179648
400,1.306624
401,1.296384
402,1.312768
403,1.375232
404,1.335296
405,1.327104
406,1.319936
407,1.360896
408,1.350656
409,1.315840
410,1.374208
411,1.348608
412,1.333248
413,1.333248
414,1.355776
415,1.374208
416,1.354752
417,1.349632
418,1.387520
419,1.317888
420,1.311744
421,1.329152
422,1.364992
423,1.307648
424,1.435648
425,1.327104
426,1.341440
427,1.346560
428,1.342464
429,1.336320
430,1.400832
431,1.344512
432,1.331200
433,1.313792
434,1.355776
435,1.341440
436,1.336320
437,1.312768
438,1.275904
439,1.353728
440,1.334272
441,1.352704
442,1.288192
443,1.174528
444,1.203200
445,1.291264
446,0.957440
447,1.256448
448,1.289216
449,1.338368
450,1.350656
451,1.339392
452,1.334272
453,1.353728
454,1.373184
455,1.379328
456,1.359872
457,1.356800
458,1.354752
459,1.357824
460,1.327104
461,1.333248
462,1.378304
463,1.302528
464,1.313792
465,1.341440
466,1.321984
467,1.337344
468,1.325056
469,1.336320
470,1.348608
471,1.336320
472,1.348608
473,1.327104
474,1.342464
475,1.395712
476,1.334272
477,1.358848
478,1.334272
479,1.353728
480,1.348608
481,1.349632
482,1.326080
483,1.307648
484,1.356800
485,1.333248
486,1.342464
487,1.393664
488,1.317888
489,1.199104
490,1.157120
491,1.284096
492,1.087488
493,1.332224
494,1.316864
495,1.304576
496,1.251328
497,1.326080
498,1.303552
499,1.290240
500,1.324032
501,1.366016
502,1.298432
503,1.364992
504,1.338368
505,1.348608
506,1.368064
507,1.333248
508,1.357824
509,1.373184
510,1.340416
511,1.299456
512,1.370112
513,1.331200
514,1.348608
515,1.341440
516,1.306624
517,1.346560
518,1.352704
519,1.351680
520,1.341440
521,1.388544
522,1.335296
523,1.321984
524,1.326080
525,1.304576
526,1.359872
527,1.333248
528,1.329152
529,1.289216
530,1.370112
531,1.340416
532,1.388544
533,1.331200
534,1.138688
535,0.742400
536,0.599040
537,0.590848
538,0.584704
539,0.583680
540,0.580608
541,0.563200
542,0.553984
543,1.362944
544,1.321984
545,1.359872
546,1.301504
547,1.376256
548,1.346560
549,1.393664
550,1.367040
551,1.330176
552,1.362944
553,1.339392
554,1.335296
555,1.319936
556,1.300480
557,1.325056
558,1.360896
559,1.338368
560,1.348608
561,1.341440
562,1.347584
563,1.354752
564,1.289216
565,1.328128
566,1.371136
567,1.346560
568,1.361920
569,1.332224
570,1.316864
571,1.330176
572,1.310720
573,1.351680
574,1.337344
575,1.337344
576,1.331200
577,1.373184
578,1.316864
579,1.358848
580,1.348608
581,1.358848
582,1.326080
583,1.332224
584,1.331200
585,1.311744
586,1.315840
587,1.228800
588,1.325056
589,1.158144
590,1.303552
591,1.300480
592,1.327104
593,1.260544
594,1.303552
595,1.315840
596,1.287168
597,1.261568
598,1.310720
599,1.348608
600,1.309696
601,1.274880
602,1.337344
603,1.294336
604,1.327104
605,1.311744
606,1.300480
607,1.337344
608,1.330176
609,1.345536
610,1.315840
611,1.328128
612,1.301504
613,1.316864
614,1.351680
615,1.380352
616,1.331200
617,1.310720
618,1.307648
619,1.350656
620,1.345536
621,1.367040
622,1.374208
623,1.326080
624,1.331200
625,1.302528
626,1.323008
627,1.329152
628,1.332224
629,1.353728
630,1.384448
631,1.308672
632,1.326080
633,1.306624
634,1.131520
635,1.356800
636,1.330176
637,1.313792
638,1.348608
639,1.331200
640,1.334272
641,1.334272
642,1.334272
643,1.311744
644,1.307648
645,1.317888
646,1.314816
647,1.276928
648,1.304576
649,1.346560
650,1.311744
651,1.374208
652,1.363968
653,1.359872
654,1.356800
655,1.301504
656,1.374208
657,1.380352
658,1.385472
659,1.288192
660,1.331200
661,1.274880
662,1.328128
663,1.332224
664,1.391616
665,1.284096
666,1.366016
667,1.315840
668,1.336320
669,1.357824
670,1.360896
671,1.370112
672,1.332224
673,1.366016
674,1.317888
675,1.320960
676,1.340416
677,1.318912
678,0.986112
679,0.669696
680,0.633856
681,0.626688
682,0.619520
683,0.598016
684,0.582656
685,1.397760
686,1.382400
687,1.336320
688,1.343488
689,1.306624
690,1.307648
691,1.321984
692,1.328128
693,1.315840
694,1.356800
695,1.351680
696,1.295360
697,1.242112
698,1.315840
699,1.321984
700,1.388544
701,1.342464
702,1.352704
703,1.356800
704,1.333248
705,1.362944
706,1.378304
707,1.339392
708,1.305600
709,1.309696
710,1.336320
711,1.293312
712,1.364992
713,1.364992
714,1.395712
715,1.367040
716,1.360896
717,1.327104
718,1.340416
719,1.384448
720,1.295360
721,1.352704
722,1.337344
723,1.380352
724,1.343488
725,1.319936
726,1.342464
727,1.334272
728,1.309696
729,1.207296
730,0.848896
731,0.664576
732,0.629760
733,0.612352
734,1.345536
735,1.419264
736,1.362944
737,1.392640
738,1.405952
739,1.396736
740,1.376256
741,1.325056
742,1.422336
743,1.350656
744,1.364992
745,1.344512
746,1.310720
747,1.277952
748,1.336320
749,1.321984
750,1.380352
751,1.376256
752,1.374208
753,1.355776
754,1.378304
755,1.378304
756,1.290240
757,1.362944
758,1.339392
759,1.328128
760,1.358848
761,1.366016
762,1.336320
763,1.357824
764,1.325056
765,1.358848
766,1.314816
767,1.318912
768,1.353728
769,1.364992
770,1.309696
771,1.362944
772,1.277952
773,1.348608
774,1.319936
775,1.366016
776,1.353728
777,1.332224
778,0.973824
779,0.713728
780,0.640000
781,0.633856
782,0.620544
783,0.615424
784,0.607232
785,0.573440
786,0.563200
787,1.415168
788,1.333248
789,1.325056
790,1.306624
791,1.363968
792,1.330176
793,1.295360
794,1.355776
795,1.357824
796,1.369088
797,1.308672
798,1.320960
799,1.367040
800,1.355776
801,1.349632
802,1.341440
803,1.360896
804,1.333248
805,1.362944
806,1.311744
807,1.314816
808,1.360896
809,1.308672
810,1.349632
811,1.352704
812,1.388544
813,1.372160
814,1.332224
815,1.324032
816,1.316864
817,1.368064
818,1.363968
819,1.374208
820,1.383424
821,1.342464
822,1.328128
823,1.354752
824,1.353728
825,1.342464
826,1.310720
827,1.314816
828,1.333248
829,1.362944
830,1.332224
831,1.024000
832,0.750592
833,1.336320
834,1.314816
835,1.293312
836,1.278976
837,1.346560
838,1.312768
839,1.334272
840,1.327104
841,1.315840
842,1.391616
843,1.356800
844,1.273856
845,1.304576
846,1.273856
847,1.315840
848,1.320960
849,1.289216
850,1.301504
851,1.371136
852,1.368064
853,1.334272
854,1.314816
855,1.314816
856,1.332224
857,1.340416
858,1.334272
859,1.328128
860,1.308672
861,1.288192
862,1.303552
863,1.267712
864,1.254400
865,1.283072
866,1.375232
867,1.311744
868,1.301504
869,1.358848
870,1.368064
871,1.324032
872,1.350656
873,1.321984
874,1.307648
875,1.376256
876,1.390592
877,1.340416
878,1.013760
879,0.673792
880,0.620544
881,0.619520
882,0.602112
883,0.575488
884,0.570368
885,1.350656
886,1.264640
887,1.291264
888,1.309696
889,1.325056
890,1.270784
891,1.323008
892,1.370112
893,1.330176
894,1.390592
895,1.303552
896,1.277952
897,1.368064
898,1.258496
899,1.306624
900,1.384448
901,1.372160
902,1.349632
903,1.353728
904,1.382400
905,1.369088
906,1.312768
907,1.313792
908,1.328128
909,1.351680
910,1.312768
911,1.333248
912,1.316864
913,1.330176
914,1.314816
915,1.373184
916,1.339392
917,1.319936
918,1.309696
919,1.328128
920,1.321984
921,1.353728
922,1.329152
923,1.348608
924,1.346560
925,1.345536
926,1.305600
927,1.371136
928,1.314816
929,1.348608
930,1.160192
931,0.858112
932,1.367040
933,1.369088
934,1.319936
935,1.337344
936,1.341440
937,1.338368
938,1.354752
939,1.373184
940,1.347584
941,1.360896
942,1.357824
943,1.361920
944,1.318912
945,1.295360
946,1.349632
947,1.303552
948,1.326080
949,1.355776
950,1.371136
951,1.346560
952,1.370112
953,1.335296
954,1.356800
955,1.350656
956,1.346560
957,1.309696
958,1.323008
959,1.368064
960,1.320960
961,1.316864
962,1.350656
963,1.345536
964,1.498112
965,1.361920
966,1.350656
967,1.347584
968,1.409024
969,1.353728
970,1.308672
971,1.347584
972,1.305600
973,1.352704
974,1.313792
975,1.330176
976,0.988160
977,0.697344
978,36.485119
979,1.309696
980,1.416192
981,1.391616
982,1.321984
983,1.363968
984,1.343488
985,1.317888
986,1.380352
987,1.302528
988,1.305600
989,1.357824
990,1.345536
991,1.398784
992,1.363968
993,1.317888
994,1.312768
995,1.300480
996,1.372160
997,1.290240
998,1.292288
999,1.370112
1000,1.343488
1001,1.359872
1002,1.312768
1003,1.372160
1004,1.286144
1005,1.275904
1006,1.288192
1007,1.423360
1008,1.382400
1009,1.356800
1010,1.364992
1011,1.372160
1012,1.300480
1013,1.378304
1014,1.379328
1015,1.316864
1016,1.342464
1017,1.347584
1018,1.309696
1019,1.253376
1020,1.319936
1021,1.348608
1022,1.384448
1023,1.105920
1024,0.742400
1025,0.649216
1026,0.630784
1027,0.629760
1028,0.630784
1029,0.616448
1030,1.392640
1031,1.362944
1032,1.323008
1033,1.272832
1034,1.313792
1035,1.347584
1036,1.320960
1037,1.361920
1038,1.370112
1039,1.298432
1040,1.347584
1041,1.313792
1042,1.368064
1043,1.360896
1044,1.329152
1045,1.343488
1046,1.291264
1047,1.347584
1048,1.357824
1049,1.394688
1050,1.296384
1051,1.425408
1052,1.343488
1053,1.356800
1054,1.299456
1055,1.369088
1056,1.339392
1057,1.286144
1058,1.330176
1059,1.349632
1060,1.413120
1061,1.355776
1062,1.392640
1063,1.401856
1064,1.360896
1065,1.332224
1066,1.359872
1067,1.324032
1068,1.362944
1069,1.351680
1070,1.376256
1071,1.296384
1072,1.309696
1073,1.315840
1074,1.229824
1075,0.730112
1076,1.310720
1077,1.169408
1078,1.281024
1079,1.326080
1080,1.301504
1081,1.345536
1082,1.359872
1083,1.331200
1084,1.316864
1085,1.356800
1086,1.314816
1087,1.321984
1088,1.358848
1089,1.338368
1090,1.375232
1091,1.353728
1092,1.337344
1093,1.316864
1094,1.313792
1095,1.348608
1096,1.320960
1097,1.375232
1098,1.319936
1099,1.323008
1100,1.400832
1101,1.267712
1102,1.374208
1103,1.334272
1104,1.344512
1105,1.369088
1106,1.356800
1107,1.371136
1108,1.382400
1109,1.347584
1110,1.313792
1111,1.327104
1112,1.297408
1113,1.404928
1114,1.316864
1115,1.350656
1116,1.326080
1117,1.306624
1118,1.332224
1119,1.283072
1120,1.336320
1121,1.073152
1122,0.780288
1123,1.373184
1124,1.308672
1125,1.303552
1126,1.285120
1127,1.324032
1128,1.344512
1129,1.404928
1130,1.369088
1131,1.360896
1132,1.356800
1133,1.390592
1134,1.371136
1135,1.305600
1136,1.380352
1137,1.291264
1138,1.330176
1139,1.319936
1140,1.287168
1141,1.333248
1142,1.356800
1143,1.339392
1144,1.350656
1145,1.385472
1146,1.355776
1147,1.377280
1148,1.446912
1149,1.380352
1150,1.371136
1151,1.307648
1152,1.356800
1153,1.342464
1154,1.342464
1155,1.307648
1156,1.305600
1157,1.318912
1158,1.314816
1159,1.298432
1160,1.299456
1161,1.351680
1162,1.345536
1163,1.354752
1164,1.362944
1165,1.344512
1166,1.327104
1167,1.122304
1168,0.874496
1169,0.738304
1170,0.620544
1171,0.615424
1172,0.590848
1173,0.571392
1174,1.337344
1175,1.234944
1176,1.308672
1177,1.349632
1178,1.285120
1179,1.353728
1180,1.367040
1181,1.309696
1182,1.333248
1183,1.357824
1184,1.283072
1185,1.339392
1186,1.345536
1187,1.355776
1188,1.362944
1189,1.288192
1190,1.267712
1191,1.316864
1192,1.299456
1193,1.346560
1194,1.336320
1195,1.336320
1196,1.311744
1197,1.318912
1198,1.334272
1199,1.349632
1200,1.326080
1201,1.305600
1202,1.339392
1203,1.369088
1204,1.345536
1205,1.306624
1206,1.340416
1207,1.296384
1208,1.357824
1209,1.368064
1210,1.392640
1211,1.334272
1212,1.334272
1213,1.316864
1214,1.312768
1215,1.364992
1216,1.327104
1217,1.524736
1218,1.339392
1219,1.177600
1220,0.832512
1221,0.624640
1222,1.364992
1223,1.314816
1224,1.282048
1225,1.383424
1226,1.266688
1227,1.349632
1228,1.339392
1229,1.309696
1230,1.410048
1231,1.377280
1232,1.341440
1233,1.360896
1234,1.356800
1235,1.346560
1236,1.355776
1237,1.292288
1238,1.431552
1239,1.373184
1240,1.314816
1241,1.343488
1242,1.357824
1243,1.304576
1244,1.349632
1245,1.345536
1246,1.352704
1247,1.400832
1248,1.305600
1249,1.352704
1250,1.418240
1251,1.342464
1252,1.374208
1253,1.330176
1254,1.361920
1255,1.327104
1256,1.353728
1257,1.325056
1258,1.347584
1259,1.332224
1260,1.354752
1261,1.324032
1262,1.349632
1263,1.309696
1264,1.345536
1265,1.327104
1266,1.265664
1267,0.793600
1268,1.437696
1269,1.305600
1270,1.361920
1271,1.381376
1272,1.295360
1273,1.368064
1274,1.323008
1275,1.353728
1276,1.340416
1277,1.340416
1278,1.408000
1279,1.354752
1280,1.382400
1281,1.339392
1282,1.311744
1283,1.467392
1284,1.389568
1285,1.358848
1286,1.342464
1287,1.424384
1288,1.343488
1289,1.316864
1290,1.364992
1291,1.360896
1292,1.320960
1293,1.338368
1294,1.359872
1295,1.320960
1296,1.328128
1297,1.345536
1298,1.326080
1299,1.351680
1300,1.351680
1301,1.323008
1302,1.383424
1303,1.370112
1304,1.300480
1305,1.328128
1306,1.292288
1307,1.339392
1308,1.370112
1309,1.344512
1310,1.334272
1311,1.283072
1312,1.227776
1313,1.190912
1314,1.384448
1315,1.249280
1316,1.236992
1317,1.328128
1318,1.376256
1319,1.329152
1320,1.338368
1321,1.331200
1322,1.373184
1323,1.342464
1324,1.335296
1325,1.347584
1326,1.356800
1327,1.379328
1328,1.289216
1329,1.362944
1330,1.390592
1331,1.325056
1332,1.328128
1333,1.349632
1334,1.345536
1335,1.379328
1336,1.368064
1337,1.346560
1338,1.357824
1339,1.379328
1340,1.346560
1341,1.367040
1342,1.331200
1343,1.317888
1344,1.347584
1345,1.327104
1346,1.288192
1347,1.350656
1348,1.285120
1349,1.379328
1350,1.392640
1351,1.353728
1352,1.339392
1353,1.368064
1354,1.316864
1355,1.350656
1356,1.207296
1357,0.893952
1358,0.707584
1359,0.621568
1360,0.619520
1361,0.619520
1362,0.617472
1363,0.587776
1364,1.436672
1365,1.425408
1366,1.320960
1367,1.349632
1368,1.362944
1369,1.360896
1370,1.308672
1371,1.357824
1372,1.325056
1373,1.325056
1374,1.336320
1375,1.297408
1376,1.345536
1377,1.337344
1378,1.379328
1379,1.348608
1380,1.354752
1381,1.396736
1382,1.377280
1383,1.313792
1384,1.350656
1385,1.315840
1386,1.337344
1387,1.303552
1388,1.349632
1389,1.344512
1390,1.382400
1391,1.329152
1392,1.351680
1393,1.347584
1394,1.311744
1395,1.351680
1396,1.330176
1397,1.320960
1398,1.293312
1399,1.332224
1400,1.344512
1401,1.403904
1402,1.345536
1403,1.356800
1404,1.352704
1405,1.353728
1406,1.320960
1407,1.340416
1408,1.329152
1409,0.883712
1410,1.331200
1411,1.187840
1412,1.325056
1413,1.367040
1414,1.341440
1415,1.350656
1416,1.330176
1417,1.305600
1418,1.304576
1419,1.360896
1420,1.294336
1421,1.340416
1422,1.340416
1423,1.328128
1424,1.376256
1425,1.351680
1426,1.362944
1427,1.325056
1428,1.369088
1429,1.345536
1430,1.367040
1431,1.326080
1432,1.348608
1433,1.341440
1434,1.345536
1435,1.392640
1436,1.433600
1437,1.349632
1438,1.345536
1439,1.361920
1440,1.308672
1441,1.335296
1442,1.337344
1443,1.350656
1444,1.310720
1445,1.358848
1446,1.308672
1447,1.323008
1448,1.353728
1449,1.325056
1450,1.354752
1451,1.330176
1452,1.287168
1453,1.345536
1454,1.307648
1455,1.231872
1456,1.132544
1457,1.275904
1458,1.288192
1459,1.311744
1460,1.319936
1461,1.345536
1462,1.341440
1463,1.356800
1464,1.331200
1465,1.347584
1466,1.328128
1467,1.310720
1468,1.294336
1469,1.337344
1470,1.302528
1471,1.340416
1472,1.302528
1473,1.347584
1474,1.361920
1475,1.337344
1476,1.334272
1477,1.345536
1478,1.355776
1479,1.321984
1480,1.375232
1481,1.318912
1482,1.288192
1483,1.327104
1484,1.356800
1485,1.354752
1486,1.354752
1487,1.301504
1488,1.276928
1489,1.372160
1490,1.330176
1491,1.282048
1492,1.315840
1493,1.296384
1494,1.337344
1495,1.394688
1496,1.321984
1497,1.329152
1498,1.324032
1499,1.358848
1500,1.105920
1501,0.672768
1502,0.636928
1503,0.617472
1504,0.607232
1505,0.618496
1506,0.609280
1507,1.318912
1508,1.252352
1509,1.292288
1510,1.311744
1511,1.387520
1512,1.383424
1513,1.356800
1514,1.349632
1515,1.342464
1516,1.326080
1517,1.331200
1518,1.337344
1519,1.335296
1520,1.347584
1521,1.375232
1522,1.348608
1523,1.346560
1524,1.350656
1525,1.325056
1526,1.384448
1527,1.353728
1528,1.352704
1529,1.369088
1530,1.362944
1531,1.342464
1532,1.304576
1533,1.363968
1534,1.356800
1535,1.304576
1536,1.333248
1537,1.353728
1538,1.340416
1539,1.507328
1540,1.349632
1541,1.343488
1542,1.332224
1543,1.340416
1544,1.291264
1545,1.306624
1546,1.338368
1547,1.330176
1548,1.344512
1549,1.345536
1550,1.287168
1551,1.057792
1552,0.930816
1553,0.773120
1554,0.653312
1555,0.637952
1556,1.437696
1557,1.308672
1558,1.326080
1559,1.341440
1560,1.292288
1561,1.363968
1562,1.302528
1563,1.400832
1564,1.404928
1565,1.390592
1566,1.359872
1567,1.335296
1568,1.355776
1569,1.334272
1570,1.351680
1571,1.350656
1572,1.345536
1573,1.390592
1574,1.354752
1575,1.369088
1576,1.331200
1577,1.327104
1578,1.339392
1579,1.354752
1580,1.389568
1581,1.299456
1582,1.357824
1583,1.350656
1584,1.345536
1585,1.378304
1586,1.354752
1587,1.351680
1588,1.336320
1589,1.375232
1590,1.340416
1591,1.343488
1592,1.357824
1593,1.343488
1594,1.361920
1595,1.389568
1596,1.384448
1597,1.299456
1598,1.328128
1599,1.333248
1600,1.154048
1601,0.969728
1602,0.636928
1603,1.372160
1604,1.363968
1605,1.355776
1606,1.338368
1607,1.337344
1608,1.331200
1609,1.336320
1610,1.355776
1611,1.316864
1612,1.317888
1613,1.343488
1614,1.361920
1615,1.340416
1616,1.369088
1617,1.336320
1618,1.332224
1619,1.344512
1620,1.356800
1621,1.402880
1622,1.332224
1623,1.342464
1624,1.362944
1625,1.333248
1626,1.375232
1627,1.294336
1628,1.332224
1629,1.335296
1630,1.337344
1631,1.356800
1632,1.356800
1633,1.385472
1634,1.370112
1635,1.332224
1636,1.318912
1637,1.384448
1638,1.348608
1639,1.298432
1640,1.307648
1641,1.298432
1642,1.319936
1643,1.337344
1644,1.297408
1645,1.339392
1646,1.331200
1647,1.244160
1648,1.390592
1649,1.321984
1650,1.301504
1651,1.358848
1652,1.342464
1653,1.281024
1654,1.309696
1655,1.341440
1656,1.307648
1657,1.317888
1658,1.358848
1659,1.323008
1660,1.336320
1661,1.340416
1662,1.349632
1663,1.308672
1664,1.373184
1665,1.391616
1666,1.311744
1667,1.337344
1668,1.293312
1669,1.350656
1670,1.342464
1671,1.328128
1672,1.346560
1673,1.358848
1674,1.325056
1675,1.285120
1676,1.353728
1677,1.296384
1678,1.375232
1679,1.319936
1680,1.333248
1681,1.321984
1682,1.353728
1683,1.277952
1684,1.357824
1685,1.374208
1686,1.383424
1687,1.331200
1688,1.400832
1689,1.339392
1690,1.323008
1691,1.031168
1692,1.253376
1693,1.454080
1694,1.309696
1695,1.302528
1696,1.288192
1697,1.342464
1698,1.321984
1699,1.339392
1700,1.317888
1701,1.273856
1702,1.318912
1703,1.307648
1704,1.363968
1705,1.326080
1706,1.383424
1707,1.338368
1708,1.294336
1709,1.282048
1710,1.284096
1711,1.326080
1712,1.309696
1713,1.284096
1714,1.281024
1715,1.318912
1716,1.340416
1717,1.329152
1718,1.348608
1719,1.330176
1720,1.364992
1721,1.375232
1722,1.317888
1723,1.337344
1724,1.346560
1725,1.383424
1726,1.386496
1727,1.303552
1728,1.300480
1729,1.331200
1730,1.273856
1731,1.330176
1732,1.222656
1733,0.952320
1734,0.644096
1735,0.608256
1736,0.600064
1737,0.582656
1738,1.411072
1739,1.363968
1740,1.340416
1741,1.310720
1742,1.356800
1743,1.310720
1744,1.379328
1745,1.350656
1746,1.352704
1747,1.339392
1748,1.277952
1749,1.316864
1750,1.312768
1751,1.343488
1752,1.327104
1753,1.385472
1754,1.362944
1755,1.408000
1756,1.385472
1757,1.383424
1758,1.388544
1759,1.375232
1760,1.352704
1761,1.363968
1762,1.336320
1763,1.325056
1764,1.310720
1765,1.348608
1766,1.381376
1767,1.370112
1768,1.309696
1769,1.321984
1770,1.333248
1771,1.374208
1772,1.351680
1773,1.371136
1774,1.357824
1775,1.343488
1776,1.342464
1777,1.335296
1778,1.357824
1779,1.298432
1780,1.327104
1781,1.331200
1782,1.220608
1783,0.886784
1784,0.620544
1785,0.592896
1786,0.592896
1787,1.363968
1788,1.315840
1789,1.282048
1790,1.306624
1791,1.334272
1792,1.360896
1793,1.318912
1794,1.306624
1795,1.318912
1796,1.359872
1797,1.303552
1798,1.303552
1799,1.361920
1800,1.304576
1801,1.332224
1802,1.305600
1803,1.340416
1804,1.317888
1805,1.332224
1806,1.325056
1807,1.337344
1808,1.356800
1809,1.334272
1810,1.361920
1811,1.358848
1812,1.317888
1813,1.345536
1814,1.328128
1815,1.340416
1816,1.305600
1817,1.305600
1818,1.331200
1819,1.280000
1820,1.324032
1821,1.331200
1822,1.319936
1823,1.283072
1824,1.314816
1825,1.362944
1826,1.412096
1827,1.348608
1828,1.352704
1829,1.326080
1830,1.301504
1831,1.054720
1832,0.675840
1833,0.605184
1834,0.588800
1835,1.368064
1836,1.353728
1837,1.348608
1838,1.331200
1839,1.323008
1840,1.323008
1841,1.347584
1842,1.342464
1843,1.278976
1844,1.358848
1845,1.318912
1846,1.375232
1847,1.380352
1848,1.313792
1849,1.375232
1850,1.323008
1851,1.355776
1852,1.372160
1853,1.362944
1854,1.380352
1855,1.354752
1856,1.351680
1857,1.291264
1858,1.319936
1859,1.350656
1860,1.314816
1861,1.378304
1862,1.296384
1863,1.339392
1864,1.376256
1865,1.345536
1866,1.342464
1867,1.312768
1868,1.369088
1869,1.398784
1870,1.315840
1871,1.338368
1872,1.361920
1873,1.422336
1874,1.331200
1875,1.329152
1876,1.352704
1877,1.302528
1878,1.306624
1879,1.162240
1880,0.826368
1881,0.640000
1882,0.621568
1883,1.421312
1884,1.297408
1885,1.288192
1886,1.290240
1887,1.318912
1888,1.351680
1889,1.417216
1890,1.351680
1891,1.342464
1892,1.357824
1893,1.344512
1894,1.362944
1895,1.362944
1896,1.304576
1897,1.353728
1898,1.367040
1899,1.369088
1900,1.418240
1901,1.360896
1902,1.358848
1903,1.376256
1904,1.304576
1905,1.312768
1906,1.333248
1907,1.312768
1908,1.331200
1909,1.389568
1910,1.347584
1911,1.347584
1912,1.308672
1913,1.348608
1914,1.315840
1915,1.334272
1916,1.296384
1917,1.359872
1918,1.361920
1919,1.357824
1920,1.326080
1921,1.369088
1922,1.377280
1923,1.333248
1924,1.373184
1925,1.356800
1926,1.371136
1927,1.143808
1928,0.688128
1929,0.620544
1930,0.622592
1931,1.401856
1932,1.399808
1933,1.432576
1934,1.336320
1935,1.356800
1936,1.379328
1937,1.394688
1938,1.324032
1939,1.315840
1940,1.357824
1941,1.351680
1942,1.346560
1943,1.360896
1944,1.319936
1945,1.325056
1946,1.313792
1947,1.324032
1948,1.323008
1949,1.304576
1950,1.358848
1951,1.358848
1952,1.359872
1953,1.330176
1954,1.328128
1955,1.286144
1956,1.312768
1957,1.316864
1958,1.314816
1959,1.333248
1960,1.394688
1961,1.349632
1962,1.370112
1963,1.313792
1964,1.338368
1965,1.326080
1966,1.389568
1967,1.368064
1968,1.334272
1969,1.335296
1970,1.342464
1971,1.354752
1972,1.295360
1973,1.319936
1974,1.380352
1975,1.261568
1976,0.849920
1977,1.441792
1978,1.389568
1979,1.337344
1980,1.311744
1981,1.364992
1982,1.367040
1983,1.308672
1984,1.384448
1985,1.308672
1986,1.348608
1987,1.303552
1988,1.357824
1989,1.342464
1990,1.324032
1991,1.351680
1992,1.328128
1993,1.389568
1994,1.343488
1995,1.345536
1996,1.400832
1997,1.297408
1998,1.386496
1999,1.310720
2000,1.287168
2001,1.347584
2002,1.358848
2003,1.347584
2004,1.283072
2005,1.297408
2006,1.295360
2007,1.337344
2008,1.318912
2009,1.334272
2010,1.338368
2011,1.341440
2012,1.349632
2013,1.337344
2014,1.420288
2015,1.354752
2016,1.368064
2017,1.298432
2018,1.308672
2019,1.369088
2020,1.349632
2021,1.178624
2022,0.775168
2023,0.633856
2024,0.611328
2025,0.602112
2026,1.371136
2027,1.415168
2028,1.332224
2029,1.355776
2030,1.376256
2031,1.330176
2032,1.374208
2033,1.396736
2034,1.347584
2035,1.342464
2036,1.330176
2037,1.347584
2038,1.361920
2039,1.332224
2040,1.302528
2041,1.283072
2042,1.343488
2043,1.338368
2044,1.355776
2045,1.362944
2046,1.377280
2047,1.330176
2048,1.318912
2049,1.309696
2050,1.379328
2051,1.362944
2052,1.337344
2053,1.309696
2054,1.305600
2055,1.359872
2056,1.306624
2057,1.347584
2058,1.315840
2059,1.271808
2060,1.374208
2061,1.357824
2062,1.379328
2063,1.350656
2064,1.337344
2065,1.371136
2066,1.409024
2067,1.332224
2068,1.388544
2069,1.325056
2070,1.127424
2071,1.324032
2072,1.185792
2073,1.328128
2074,1.308672
2075,1.350656
2076,1.340416
2077,1.318912
2078,1.348608
2079,1.355776
2080,1.325056
2081,1.290240
2082,1.295360
2083,1.344512
2084,1.355776
2085,1.368064
2086,1.351680
2087,1.319936
2088,1.376256
2089,1.311744
2090,1.359872
2091,1.372160
2092,1.355776
2093,1.293312
2094,1.325056
2095,1.339392
2096,1.338368
2097,1.349632
2098,1.340416
2099,1.380352
2100,1.351680
2101,1.420288
2102,1.357824
2103,1.364992
2104,1.341440
2105,1.353728
2106,1.327104
2107,1.298432
2108,1.353728
2109,1.309696
2110,1.337344
2111,1.329152
2112,1.338368
2113,1.340416
2114,1.356800
2115,1.334272
2116,1.233920
2117,1.168384
2118,1.288192
2119,1.349632
2120,1.299456
2121,1.338368
2122,1.316864
2123,1.352704
2124,1.334272
2125,1.364992
2126,1.345536
2127,1.343488
2128,1.286144
2129,1.327104
2130,1.385472
2131,1.345536
2132,1.305600
2133,1.308672
2134,1.319936
2135,1.383424
2136,1.358848
2137,1.352704
2138,1.293312
2139,1.376256
2140,1.309696
2141,1.329152
2142,1.324032
2143,1.345536
2144,1.318912
2145,1.335296
2146,1.347584
2147,1.363968
2148,1.378304
2149,1.372160
2150,1.313792
2151,1.340416
2152,1.343488
2153,1.379328
2154,1.347584
2155,1.344512
2156,1.368064
2157,1.320960
2158,1.351680
2159,1.353728
2160,1.272832
2161,1.133568
2162,0.882688
2163,0.619520
2164,1.387520
2165,1.347584
2166,1.265664
2167,1.315840
2168,1.288192
2169,1.328128
2170,1.311744
2171,1.329152
2172,1.333248
2173,1.360896
2174,1.364992
2175,1.316864
2176,1.355776
2177,1.356800
2178,1.343488
2179,1.354752
2180,1.360896
2181,1.318912
2182,1.268736
2183,1.334272
2184,1.299456
2185,1.315840
2186,1.374208
2187,1.331200
2188,1.356800
2189,1.347584
2190,1.347584
2191,1.313792
2192,1.275904
2193,1.346560
2194,1.357824
2195,1.340416
2196,1.326080
2197,1.308672
2198,1.360896
2199,1.319936
2200,1.333248
2201,1.335296
2202,1.307648
2203,1.310720
2204,1.301504
2205,1.263616
2206,1.295360
2207,1.388544
2208,1.263616
2209,0.943104
2210,0.743424
2211,1.316864
2212,1.239040
2213,1.307648
2214,1.357824
2215,1.329152
2216,1.362944
2217,1.297408
2218,1.311744
2219,1.299456
2220,1.302528
2221,1.315840
2222,1.316864
2223,1.305600
2224,1.347584
2225,1.368064
2226,1.368064
2227,1.374208
2228,1.333248
2229,1.307648
2230,1.310720
2231,1.313792
2232,1.320960
2233,1.351680
2234,1.343488
2235,1.339392
2236,1.326080
2237,1.363968
2238,1.372160
2239,1.323008
2240,1.323008
2241,1.320960
2242,1.301504
2243,1.297408
2244,1.289216
2245,1.362944
2246,1.369088
2247,1.353728
2248,1.343488
2249,1.302528
2250,1.354752
2251,1.386496
2252,1.350656
2253,1.361920
2254,1.315840
2255,1.296384
2256,1.113088
2257,1.382400
2258,1.442816
2259,1.384448
2260,1.338368
2261,1.335296
2262,1.342464
2263,1.324032
2264,1.372160
2265,1.385472
2266,1.350656
2267,1.370112
2268,1.356800
2269,1.366016
2270,1.348608
2271,1.362944
2272,1.321984
2273,1.347584
2274,1.293312
2275,1.351680
2276,1.310720
2277,1.324032
2278,1.353728
2279,1.349632
2280,1.305600
2281,1.356800
2282,1.342464
2283,1.343488
2284,1.343488
2285,1.358848
2286,1.377280
2287,1.336320
2288,1.328128
2289,1.318912
2290,1.380352
2291,1.364992
2292,1.354752
2293,1.353728
2294,1.351680
2295,1.345536
2296,1.362944
2297,1.357824
2298,1.302528
2299,1.329152
2300,1.277952
2301,1.170432
2302,0.797696
2303,1.252352
2304,1.163264
2305,1.375232
2306,1.264640
2307,1.307648
2308,1.327104
2309,1.352704
2310,1.317888
2311,1.318912
2312,1.337344
2313,1.331200
2314,1.332224
2315,1.323008
2316,1.307648
2317,1.335296
2318,1.303552
2319,1.312768
2320,1.326080
2321,1.313792
2322,1.360896
2323,1.312768
2324,1.396736
2325,1.300480
2326,1.371136
2327,1.297408
2328,1.347584
2329,1.299456
2330,1.341440
2331,1.332224
2332,1.376256
2333,1.325056
2334,1.311744
2335,1.397760
2336,1.340416
2337,1.359872
2338,1.355776
2339,1.344512
2340,1.355776
2341,1.332224
2342,1.285120
2343,1.293312
2344,1.342464
2345,1.340416
2346,1.323008
2347,1.301504
2348,1.284096
2349,0.817152
2350,1.398784
2351,1.396736
2352,1.329152
2353,1.336320
2354,1.345536
2355,1.315840
2356,1.376256
2357,1.339392
2358,1.349632
2359,1.398784
2360,1.343488
2361,1.326080
2362,1.301504
2363,1.328128
2364,1.360896
2365,1.317888
2366,1.335296
2367,1.364992
2368,1.360896
2369,1.333248
2370,1.346560
2371,1.374208
2372,1.363968
2373,1.335296
2374,1.333248
2375,1.341440
2376,1.325056
2377,1.326080
2378,1.331200
2379,1.376256
2380,1.363968
2381,1.369088
2382,1.309696
2383,1.353728
2384,1.360896
2385,1.338368
2386,1.348608
2387,1.330176
2388,1.363968
2389,1.300480
2390,1.367040
2391,1.356800
2392,1.320960
2393,1.325056
2394,1.017856
2395,1.280000
2396,1.212416
2397,1.367040
2398,1.312768
2399,1.332224
2400,1.292288
2401,1.325056
2402,1.285120
2403,1.300480
2404,1.315840
2405,1.368064
2406,1.346560
2407,1.346560
2408,1.311744
2409,1.309696
2410,1.295360
2411,1.297408
2412,1.335296
2413,1.301504
2414,1.300480
2415,1.337344
2416,1.324032
2417,1.327104
2418,1.298432
2419,1.305600
2420,1.339392
2421,1.310720
2422,1.373184
2423,1.340416
2424,1.371136
2425,1.378304
2426,1.341440
2427,1.342464
2428,1.348608
2429,1.423360
2430,1.400832
2431,1.353728
2432,1.360896
2433,1.319936
2434,1.319936
2435,1.295360
2436,1.327104
2437,1.327104
2438,1.311744
2439,1.305600
2440,1.363968
2441,1.256448
2442,1.248256
2443,1.319936
2444,1.359872
2445,1.268736
2446,1.355776
2447,1.330176
2448,1.363968
2449,1.331200
2450,1.309696
2451,1.325056
2452,1.317888
2453,1.358848
2454,1.362944
2455,1.351680
2456,1.319936
2457,1.325056
2458,1.329152
2459,1.334272
2460,1.314816
2461,1.352704
2462,1.327104
2463,1.314816
2464,1.348608
2465,1.289216
2466,1.326080
2467,1.364992
2468,1.344512
2469,1.339392
2470,1.350656
2471,1.393664
2472,1.394688
2473,1.361920
2474,1.389568
2475,1.334272
2476,1.358848
2477,1.310720
2478,1.338368
2479,1.315840
2480,1.327104
2481,1.355776
2482,1.328128
2483,1.338368
2484,1.091584
2485,1.385472
2486,1.453056
2487,1.359872
2488,1.299456
2489,1.346560
2490,1.339392
2491,1.353728
2492,1.377280
2493,1.321984
2494,1.350656
2495,1.359872
2496,1.296384
2497,1.353728
2498,1.327104
2499,1.345536
2500,1.352704
2501,1.318912
2502,1.355776
2503,1.391616
2504,1.321984
2505,1.338368
2506,1.347584
2507,1.380352
2508,1.372160
2509,1.349632
2510,1.342464
2511,1.338368
2512,1.325056
2513,1.311744
2514,1.344512
2515,1.331200
2516,1.344512
2517,1.338368
2518,1.297408
2519,1.349632
2520,1.339392
2521,1.363968
2522,1.363968
2523,1.367040
2524,1.359872
2525,1.340416
2526,1.324032
2527,1.284096
2528,1.294336
2529,1.193984
2530,0.902144
2531,1.320960
2532,1.264640
2533,1.258496
2534,1.307648
2535,1.328128
2536,1.307648
2537,1.354752
2538,1.363968
2539,1.358848
2540,1.325056
2541,1.280000
2542,1.359872
2543,1.367040
2544,1.354752
2545,1.324032
2546,1.364992
2547,1.343488
2548,1.367040
2549,1.324032
2550,1.352704
2551,1.305600
2552,1.318912
2553,1.358848
2554,1.373184
2555,1.338368
2556,1.310720
2557,1.337344
2558,1.320960
2559,1.341440
2560,1.327104
2561,1.330176
2562,1.369088
2563,1.369088
2564,1.327104
2565,1.372160
2566,1.311744
2567,1.327104
2568,1.310720
2569,1.333248
2570,1.360896
2571,1.339392
2572,1.338368
2573,1.350656
2574,1.343488
2575,1.363968
2576,1.318912
2577,1.204224
2578,1.302528
2579,1.312768
2580,1.349632
2581,1.325056
2582,1.326080
2583,1.316864
2584,1.376256
2585,1.321984
2586,1.315840
2587,1.334272
2588,1.358848
2589,1.385472
2590,1.321984
2591,1.341440
2592,1.363968
2593,1.317888
2594,1.297408
2595,1.341440
2596,1.340416
2597,1.284096
2598,1.299456
2599,1.342464
2600,1.367040
2601,1.320960
2602,1.354752
2603,1.371136
2604,1.323008
2605,1.349632
2606,1.334272
2607,1.319936
2608,1.347584
2609,1.320960
2610,1.370112
2611,1.348608
2612,1.321984
2613,1.347584
2614,1.337344
2615,1.337344
2616,1.326080
2617,1.335296
2618,1.334272
2619,1.317888
2620,1.358848
2621,1.000448
2622,1.326080
2623,1.202176
2624,1.320960
2625,1.346560
2626,1.384448
2627,1.343488
2628,1.375232
2629,1.372160
2630,1.337344
2631,1.363968
2632,1.359872
2633,1.319936
2634,1.304576
2635,1.373184
2636,1.333248
2637,1.336320
2638,1.338368
2639,1.315840
2640,1.334272
2641,1.323008
2642,1.359872
2643,1.326080
2644,1.330176
2645,1.396736
2646,1.328128
2647,1.333248
2648,1.375232
2649,1.346560
2650,1.368064
2651,1.346560
2652,1.405952
2653,1.379328
2654,1.341440
2655,1.372160
2656,1.390592
2657,1.336320
2658,1.381376
2659,1.385472
2660,1.348608
2661,1.271808
2662,1.325056
2663,1.316864
2664,1.373184
2665,1.348608
2666,1.272832
2667,0.752640
2668,0.624640
2669,0.609280
2670,0.604160
2671,0.598016
2672,1.376256
2673,1.385472
2674,1.340416
2675,1.332224
2676,1.374208
2677,1.355776
2678,1.323008
2679,1.310720
2680,1.303552
2681,1.352704
2682,1.314816
2683,1.357824
2684,1.391616
2685,1.317888
2686,1.380352
2687,1.389568
2688,1.344512
2689,1.363968
2690,1.341440
2691,1.301504
2692,1.335296
2693,1.299456
2694,1.336320
2695,1.339392
2696,1.347584
2697,1.306624
2698,1.325056
2699,1.381376
2700,1.370112
2701,1.344512
2702,1.349632
2703,1.342464
2704,1.398784
2705,1.382400
2706,1.345536
2707,1.345536
2708,1.355776
2709,1.356800
2710,1.384448
2711,1.320960
2712,1.329152
2713,1.321984
2714,1.302528
2715,1.361920
2716,1.223680
2717,0.957440
2718,0.763904
2719,0.674816
2720,1.348608
2721,1.294336
2722,1.342464
2723,1.340416
2724,1.294336
2725,1.314816
2726,1.328128
2727,1.326080
2728,1.354752
2729,1.326080
2730,1.395712
2731,1.310720
2732,1.370112
2733,1.358848
2734,1.330176
2735,1.384448
2736,1.329152
2737,1.392640
2738,1.294336
2739,1.334272
2740,1.355776
2741,1.381376
2742,1.355776
2743,1.313792
2744,1.317888
2745,1.352704
2746,1.328128
2747,1.310720
2748,1.323008
2749,1.338368
2750,1.357824
2751,1.379328
2752,1.377280
2753,1.316864
2754,1.339392
2755,1.339392
2756,1.300480
2757,1.347584
2758,1.342464
2759,1.376256
2760,1.370112
2761,1.341440
2762,1.353728
2763,1.344512
2764,1.350656
2765,1.390592
2766,1.168384
2767,1.317888
2768,1.359872
2769,1.364992
2770,1.320960
2771,1.335296
2772,1.390592
2773,1.307648
2774,1.363968
2775,1.349632
2776,1.352704
2777,1.313792
2778,1.340416
2779,1.283072
2780,1.355776
2781,1.310720
2782,1.273856
2783,1.366016
2784,1.344512
2785,1.349632
2786,1.349632
2787,1.369088
2788,1.330176
2789,1.324032
2790,1.353728
2791,1.305600
2792,1.317888
2793,1.320960
2794,1.358848
2795,1.345536
2796,1.377280
2797,1.344512
2798,1.320960
2799,1.316864
2800,1.332224
2801,1.305600
2802,1.371136
2803,1.343488
2804,1.370112
2805,1.306624
2806,1.349632
2807,1.345536
2808,1.310720
2809,1.303552
2810,1.120256
2811,1.187840
2812,1.317888
2813,1.348608
2814,1.360896
2815,1.379328
2816,1.363968
2817,1.372160
2818,1.344512
2819,1.308672
2820,1.286144
2821,1.313792
2822,1.367040
2823,1.362944
2824,1.354752
2825,1.349632
2826,1.355776
2827,1.397760
2828,1.328128
2829,1.346560
2830,1.286144
2831,1.337344
2832,1.357824
2833,1.356800
2834,1.305600
2835,1.302528
2836,1.318912
2837,1.265664
2838,1.313792
2839,1.312768
2840,1.331200
2841,1.348608
2842,1.326080
2843,1.334272
2844,1.345536
2845,1.326080
2846,1.328128
2847,1.313792
2848,1.357824
2849,1.317888
2850,1.317888
2851,1.305600
2852,1.327104
2853,1.340416
2854,1.310720
2855,1.294336
2856,0.785408
2857,1.375232
2858,1.426432
2859,1.381376
2860,1.348608
2861,1.347584
2862,1.352704
2863,1.366016
2864,1.340416
2865,1.319936
2866,1.303552
2867,1.351680
2868,1.293312
2869,1.374208
2870,1.362944
2871,1.338368
2872,1.324032
2873,1.405952
2874,1.329152
2875,1.370112
2876,1.324032
2877,1.375232
2878,1.373184
2879,1.324032
2880,1.282048
2881,1.314816
2882,1.390592
2883,1.324032
2884,1.328128
2885,1.326080
2886,1.317888
2887,1.305600
2888,1.348608
2889,1.342464
2890,1.321984
2891,1.311744
2892,1.308672
2893,1.373184
2894,1.400832
2895,1.360896
2896,1.355776
2897,1.377280
2898,1.381376
2899,1.338368
2900,1.351680
2901,1.204224
2902,1.276928
2903,1.213440
2904,1.355776
2905,1.319936
2906,1.304576
2907,1.282048
2908,1.291264
2909,1.340416
2910,1.304576
2911,1.303552
2912,1.341440
2913,1.327104
2914,1.361920
2915,1.337344
2916,1.346560
2917,1.366016
2918,1.357824
2919,1.389568
2920,1.339392
2921,1.326080
2922,1.384448
2923,1.383424
2924,1.339392
2925,1.274880
2926,1.348608
2927,1.348608
2928,1.349632
2929,1.355776
2930,1.371136
2931,1.299456
2932,1.400832
2933,1.357824
2934,1.307648
2935,1.331200
2936,1.297408
2937,1.270784
2938,1.323008
2939,1.305600
2940,1.348608
2941,1.376256
2942,1.351680
2943,1.370112
2944,1.338368
2945,1.358848
2946,1.390592
2947,1.232896
2948,1.209344
2949,1.308672
2950,1.314816
2951,1.262592
2952,1.296384
2953,1.324032
2954,1.343488
2955,1.350656
2956,1.323008
2957,1.340416
2958,1.369088
2959,1.333248
2960,1.346560
2961,1.338368
2962,1.304576
2963,1.354752
2964,1.308672
2965,1.340416
2966,1.334272
2967,1.321984
2968,1.310720
2969,1.390592
2970,1.337344
2971,1.331200
2972,1.346560
2973,1.298432
2974,1.350656
2975,1.358848
2976,1.383424
2977,1.302528
2978,1.351680
2979,1.292288
2980,1.320960
2981,1.332224
2982,1.358848
2983,1.356800
2984,1.372160
2985,1.356800
2986,1.335296
2987,1.353728
2988,1.411072
2989,1.366016
2990,1.306624
2991,1.337344
2992,1.233920
2993,0.878592
2994,1.318912
2995,1.239040
2996,1.357824
2997,1.343488
2998,1.384448
2999,1.336320
3000,1.351680
3001,1.357824
3002,1.348608
3003,1.246208
3004,1.373184
3005,1.310720
3006,1.354752
3007,1.343488
3008,1.363968
3009,1.396736
3010,1.340416
3011,1.323008
3012,1.319936
3013,1.318912
3014,1.355776
3015,1.346560
3016,1.306624
3017,1.334272
3018,1.358848
3019,1.373184
3020,1.311744
3021,1.308672
3022,1.342464
3023,1.324032
3024,1.366016
3025,1.337344
3026,1.363968
3027,1.349632
3028,1.302528
3029,1.321984
3030,1.372160
3031,1.343488
3032,1.352704
3033,1.343488
3034,1.339392
3035,1.286144
3036,1.310720
3037,1.338368
3038,1.217536
3039,0.860160
3040,0.708608
3041,0.637952
3042,0.614400
3043,0.589824
3044,1.346560
3045,1.353728
3046,1.359872
3047,1.372160
3048,1.316864
3049,1.400832
3050,1.382400
3051,1.334272
3052,1.318912
3053,1.329152
3054,1.346560
3055,1.325056
3056,1.347584
3057,1.294336
3058,1.335296
3059,1.351680
3060,1.362944
3061,1.319936
3062,1.355776
3063,1.345536
3064,1.331200
3065,1.362944
3066,1.348608
3067,1.350656
3068,1.331200
3069,1.307648
3070,1.350656
3071,1.361920
3072,1.360896
3073,1.311744
3074,1.359872
3075,1.309696
3076,1.368064
3077,1.363968
3078,1.339392
3079,1.393664
3080,1.355776
3081,1.310720
3082,1.366016
3083,1.352704
3084,1.313792
3085,1.330176
3086,1.340416
3087,1.369088
3088,1.251328
3089,1.315840
3090,1.152000
3091,1.278976
3092,1.366016
3093,1.316864
3094,1.282048
3095,1.315840
3096,1.304576
3097,1.337344
3098,1.354752
3099,1.346560
3100,1.309696
3101,1.355776
3102,1.361920
3103,1.355776
3104,1.352704
3105,1.309696
3106,1.333248
3107,1.373184
3108,1.332224
3109,1.339392
3110,1.305600
3111,1.346560
3112,1.313792
3113,1.336320
3114,1.366016
3115,1.331200
3116,1.351680
3117,1.357824
3118,1.339392
3119,1.345536
3120,1.352704
3121,1.319936
3122,1.342464
3123,1.321984
3124,1.321984
3125,1.330176
3126,1.333248
3127,1.339392
3128,1.355776
3129,1.352704
3130,1.375232
3131,1.328128
3132,1.354752
3133,1.303552
3134,1.167360
3135,1.297408
3136,1.190912
3137,1.328128
3138,1.359872
3139,1.307648
3140,1.356800
3141,1.333248
3142,1.338368
3143,1.346560
3144,1.319936
3145,1.321984
3146,1.325056
3147,1.328128
3148,1.319936
3149,1.379328
3150,1.323008
3151,1.361920
3152,1.294336
3153,1.304576
3154,1.346560
3155,1.310720
3156,1.367040
3157,1.376256
3158,1.369088
3159,1.337344
3160,1.340416
3161,1.332224
3162,1.340416
3163,1.302528
3164,1.352704
3165,1.358848
3166,1.343488
3167,1.296384
3168,1.284096
3169,1.352704
3170,1.300480
3171,1.267712
3172,1.267712
3173,1.312768
3174,1.367040
3175,1.355776
3176,1.324032
3177,1.408000
3178,1.352704
3179,1.360896
3180,1.217536
3181,0.811008
3182,0.623616
3183,0.618496
3184,0.611328
3185,0.581632
3186,0.562176
3187,0.553984
3188,1.363968
3189,1.337344
3190,1.281024
3191,1.271808
3192,1.315840
3193,1.298432
3194,1.316864
3195,1.357824
3196,1.372160
3197,1.363968
3198,1.351680
3199,1.349632
3200,1.332224
3201,1.330176
3202,1.297408
3203,1.363968
3204,1.324032
3205,1.346560
3206,1.379328
3207,1.334272
3208,1.317888
3209,1.336320
3210,1.303552
3211,1.328128
3212,1.349632
3213,1.291264
3214,1.342464
3215,1.362944
3216,1.341440
3217,1.341440
3218,1.385472
3219,1.345536
3220,1.356800
3221,1.334272
3222,1.332224
3223,1.330176
3224,1.347584
3225,1.179648
3226,1.324032
3227,1.334272
3228,1.350656
3229,1.295360
3230,1.323008
3231,1.335296
3232,1.234944
3233,1.326080
3234,1.167360
3235,1.209344
3236,1.304576
3237,1.302528
3238,1.384448
3239,1.349632
3240,1.348608
3241,1.360896
3242,1.346560
3243,1.332224
3244,1.360896
3245,1.352704
3246,1.358848
3247,1.356800
3248,1.310720
3249,1.339392
3250,1.298432
3251,1.328128
3252,1.342464
3253,1.286144
3254,1.344512
3255,1.376256
3256,1.349632
3257,1.368064
3258,1.314816
3259,1.368064
3260,1.339392
3261,1.348608
3262,1.369088
3263,1.406976
3264,1.376256
3265,1.306624
3266,1.333248
3267,1.287168
3268,1.315840
3269,1.314816
3270,1.333248
3271,1.354752
3272,1.395712
3273,1.366016
3274,1.305600
3275,1.391616
3276,1.309696
3277,1.379328
3278,0.955392
3279,1.312768
3280,1.169408
3281,1.324032
3282,1.266688
3283,1.312768
3284,1.334272
3285,1.374208
3286,1.347584
3287,1.353728
3288,1.320960
3289,1.333248
3290,1.335296
3291,1.337344
3292,1.337344
3293,1.405952
3294,1.317888
3295,1.344512
3296,1.352704
3297,1.350656
3298,1.339392
3299,1.328128
3300,1.352704
3301,1.363968
3302,1.342464
3303,1.339392
3304,1.361920
3305,1.359872
3306,1.353728
3307,1.315840
3308,1.312768
3309,1.321984
3310,1.342464
3311,1.261568
3312,1.349632
3313,1.329152
3314,1.343488
3315,1.391616
3316,1.385472
3317,1.387520
3318,1.360896
3319,1.343488
3320,1.298432
3321,1.295360
3322,1.321984
3323,1.281024
3324,1.042432
3325,0.729088
3326,1.339392
3327,1.292288
3328,1.282048
3329,1.285120
3330,1.323008
3331,1.370112
3332,1.360896
3333,1.370112
3334,1.363968
3335,1.315840
3336,1.339392
3337,1.346560
3338,1.314816
3339,1.370112
3340,1.334272
3341,1.361920
3342,1.370112
3343,1.332224
3344,1.356800
3345,1.376256
3346,1.361920
3347,1.358848
3348,1.303552
3349,1.310720
3350,1.335296
3351,1.342464
3352,1.334272
3353,1.376256
3354,1.342464
3355,1.302528
3356,1.354752
3357,1.362944
3358,1.337344
3359,1.301504
3360,1.347584
3361,1.362944
3362,1.325056
3363,1.330176
3364,1.382400
3365,1.351680
3366,1.371136
3367,1.316864
3368,1.344512
3369,1.331200
3370,1.165312
3371,1.191936
3372,1.193984
3373,1.304576
3374,1.361920
3375,1.346560
3376,1.317888
3377,1.358848
3378,1.358848
3379,1.354752
3380,1.320960
3381,1.331200
3382,1.342464
3383,1.346560
3384,1.342464
3385,1.342464
3386,1.298432
3387,1.343488
3388,1.314816
3389,1.342464
3390,1.342464
3391,1.335296
3392,1.312768
3393,1.311744
3394,1.359872
3395,1.355776
3396,1.327104
3397,1.386496
3398,1.334272
3399,1.353728
3400,1.314816
3401,1.302528
3402,1.371136
3403,1.313792
3404,1.346560
3405,1.337344
3406,1.403904
3407,1.327104
3408,1.312768
3409,1.313792
3410,1.299456
3411,1.373184
3412,1.379328
3413,1.366016
3414,1.302528
3415,1.328128
3416,1.094656
3417,1.207296
3418,1.201152
3419,1.290240
3420,1.312768
3421,1.273856
3422,1.328128
3423,1.319936
3424,1.388544
3425,1.343488
3426,1.343488
3427,1.304576
3428,1.308672
3429,1.348608
3430,1.364992
3431,1.310720
3432,1.319936
3433,1.389568
3434,1.326080
3435,1.314816
3436,1.338368
3437,1.314816
3438,1.353728
3439,1.340416
3440,1.286144
3441,1.303552
3442,1.352704
3443,1.311744
3444,1.358848
3445,1.346560
3446,1.347584
3447,1.269760
3448,1.304576
3449,1.320960
3450,1.371136
3451,1.301504
3452,1.332224
3453,1.347584
3454,1.330176
3455,1.343488
3456,1.308672
3457,1.355776
3458,1.344512
3459,1.321984
3460,1.377280
3461,1.308672
3462,1.251328
3463,1.103872
3464,1.127424
3465,1.187840
3466,1.309696
3467,1.306624
3468,1.362944
3469,1.331200
3470,1.386496
3471,1.351680
3472,1.361920
3473,1.331200
3474,1.318912
3475,1.350656
3476,1.362944
3477,1.358848
3478,1.346560
3479,1.332224
3480,1.350656
3481,1.335296
3482,1.385472
3483,1.348608
3484,1.297408
3485,1.357824
3486,1.285120
3487,1.367040
3488,1.341440
3489,1.319936
3490,1.333248
3491,1.330176
3492,1.312768
3493,1.403904
3494,1.341440
3495,1.350656
3496,1.323008
3497,1.344512
3498,1.363968
3499,1.310720
3500,1.333248
3501,1.346560
3502,1.334272
3503,1.354752
3504,1.331200
3505,1.348608
3506,1.386496
3507,1.314816
3508,1.015808
3509,0.690176
3510,0.627712
3511,0.609280
3512,1.361920
3513,1.431552
3514,1.369088
3515,1.377280
3516,1.550336
3517,1.361920
3518,1.292288
3519,1.363968
3520,1.294336
3521,1.324032
3522,1.382400
3523,1.392640
3524,1.328128
3525,1.291264
3526,1.378304
3527,1.362944
3528,1.277952
3529,1.343488
3530,1.318912
3531,1.305600
3532,1.348608
3533,1.301504
3534,1.317888
3535,1.360896
3536,1.316864
3537,1.316864
3538,1.305600
3539,1.283072
3540,1.335296
3541,1.296384
3542,1.334272
3543,1.323008
3544,1.314816
3545,1.333248
3546,1.338368
3547,1.326080
3548,1.378304
3549,1.383424
3550,1.344512
3551,1.323008
3552,1.368064
3553,1.375232
3554,1.314816
3555,1.392640
3556,1.072128
3557,0.787456
3558,1.368064
3559,1.307648
3560,1.259520
3561,1.276928
3562,1.318912
3563,1.321984
3564,1.384448
3565,1.370112
3566,1.456128
3567,1.334272
3568,1.368064
3569,1.316864
3570,1.336320
3571,1.350656
3572,1.350656
3573,1.319936
3574,1.336320
3575,1.353728
3576,1.342464
3577,1.345536
3578,1.299456
3579,1.349632
3580,1.367040
3581,1.392640
3582,1.319936
3583,1.327104
3584,1.358848
3585,1.325056
3586,1.343488
3587,1.377280
3588,1.341440
3589,1.308672
3590,1.276928
3591,1.311744
3592,1.349632
3593,1.346560
3594,1.346560
3595,1.293312
3596,1.328128
3597,1.335296
3598,1.304576
3599,1.368064
3600,1.328128
3601,1.289216
3602,1.325056
3603,1.148928
3604,0.718848
3605,0.613376
3606,0.601088
3607,0.578560
3608,0.567296
3609,1.414144
3610,1.336320
3611,1.405952
3612,1.336320
3613,1.382400
3614,1.346560
3615,1.331200
3616,1.347584
3617,1.346560
3618,1.320960
3619,1.347584
3620,1.333248
3621,1.342464
3622,1.376256
3623,1.339392
3624,1.294336
3625,1.321984
3626,1.297408
3627,1.353728
3628,1.350656
3629,1.349632
3630,1.355776
3631,1.321984
3632,1.381376
3633,1.321984
3634,1.299456
3635,1.287168
3636,1.325056
3637,1.354752
3638,1.334272
3639,1.359872
3640,1.347584
3641,1.339392
3642,1.340416
3643,1.345536
3644,1.381376
3645,1.337344
3646,1.372160
3647,1.331200
3648,1.346560
3649,1.318912
3650,1.313792
3651,1.350656
3652,1.340416
3653,1.239040
3654,0.915456
3655,1.403904
3656,1.386496
3657,1.366016
3658,1.402880
3659,1.329152
3660,1.326080
3661,1.336320
3662,1.350656
3663,1.455104
3664,1.341440
3665,1.460224
3666,1.404928
3667,1.368064
3668,1.383424
3669,1.406976
3670,1.296384
3671,1.325056
3672,1.436672
3673,1.401856
3674,1.337344
3675,1.387520
3676,1.373184
3677,1.317888
3678,1.296384
3679,1.357824
3680,1.337344
3681,1.303552
3682,1.348608
3683,1.364992
3684,1.344512
3685,1.320960
3686,1.304576
3687,1.314816
3688,1.330176
3689,1.370112
3690,1.335296
3691,1.351680
3692,1.358848
3693,1.331200
3694,1.340416
3695,1.316864
3696,1.305600
3697,1.343488
3698,1.307648
3699,0.970752
3700,0.719872
3701,0.629760
3702,0.617472
3703,0.604160
3704,0.594944
3705,0.570368
3706,1.374208
3707,1.359872
3708,1.345536
3709,1.293312
3710,1.334272
3711,1.309696
3712,1.284096
3713,1.361920
3714,1.347584
3715,1.341440
3716,1.314816
3717,1.360896
3718,1.282048
3719,1.366016
3720,1.385472
3721,1.372160
3722,1.378304
3723,1.383424
3724,1.326080
3725,1.406976
3726,1.369088
3727,1.317888
3728,1.281024
3729,1.362944
3730,1.354752
3731,1.292288
3732,1.352704
3733,1.398784
3734,1.343488
3735,1.375232
3736,1.341440
3737,1.318912
3738,1.308672
3739,1.335296
3740,1.343488
3741,1.347584
3742,1.373184
3743,1.294336
3744,1.358848
3745,1.305600
3746,1.393664
3747,1.342464
3748,1.398784
3749,1.307648
3750,1.336320
3751,0.929792
3752,1.385472
3753,1.360896
3754,1.311744
3755,1.297408
3756,1.360896
3757,1.347584
3758,1.287168
3759,1.309696
3760,1.346560
3761,1.296384
3762,1.310720
3763,1.488896
3764,1.351680
3765,1.374208
3766,1.344512
3767,1.330176
3768,1.349632
3769,1.367040
3770,1.331200
3771,1.340416
3772,1.305600
3773,1.287168
3774,1.336320
3775,1.335296
3776,1.390592
3777,1.331200
3778,1.355776
3779,1.343488
3780,1.340416
3781,1.401856
3782,1.348608
3783,1.358848
3784,1.367040
3785,1.371136
3786,1.374208
3787,1.378304
3788,1.367040
3789,1.370112
3790,1.284096
3791,1.337344
3792,1.325056
3793,1.329152
3794,1.341440
3795,1.346560
3796,1.172480
3797,0.756736
3798,1.379328
3799,1.443840
3800,1.379328
3801,1.375232
3802,1.326080
3803,1.325056
3804,1.324032
3805,1.325056
3806,1.341440
3807,1.331200
3808,1.333248
3809,1.321984
3810,1.403904
3811,1.358848
3812,1.293312
3813,1.358848
3814,1.343488
3815,1.257472
3816,1.342464
3817,1.332224
3818,1.320960
3819,1.317888
3820,1.318912
3821,1.309696
3822,1.299456
3823,1.367040
3824,1.301504
3825,1.395712
3826,1.354752
3827,1.363968
3828,1.326080
3829,1.320960
3830,1.345536
3831,1.359872
3832,1.331200
3833,1.376256
3834,1.326080
3835,1.290240
3836,1.294336
3837,1.341440
3838,1.374208
3839,1.357824
3840,1.359872
3841,1.408000
3842,1.338368
3843,0.781312
3844,1.335296
3845,1.162240
3846,1.286144
3847,1.377280
3848,1.334272
3849,1.378304
3850,1.340416
3851,1.348608
3852,1.340416
3853,1.379328
3854,1.315840
3855,1.369088
3856,1.337344
3857,1.324032
3858,1.297408
3859,1.356800
3860,1.352704
3861,1.297408
3862,1.357824
3863,1.298432
3864,1.330176
3865,1.329152
3866,1.308672
3867,1.331200
3868,1.311744
3869,1.372160
3870,1.350656
3871,1.340416
3872,1.340416
3873,1.366016
3874,1.314816
3875,1.325056
3876,1.319936
3877,1.318912
3878,1.313792
3879,1.331200
3880,1.378304
3881,1.400832
3882,1.349632
3883,1.358848
3884,1.323008
3885,1.353728
3886,1.321984
3887,1.347584
3888,1.302528
3889,0.957440
3890,0.694272
3891,1.297408
3892,1.215488
3893,1.311744
3894,1.338368
3895,1.340416
3896,1.328128
3897,1.316864
3898,1.372160
3899,1.385472
3900,1.380352
3901,1.360896
3902,1.372160
3903,1.352704
3904,1.330176
3905,1.333248
3906,1.344512
3907,1.448960
3908,1.366016
3909,1.313792
3910,1.358848
3911,1.347584
3912,1.291264
3913,1.296384
3914,1.354752
3915,1.333248
3916,1.319936
3917,1.331200
3918,1.489920
3919,1.337344
3920,1.375232
3921,1.328128
3922,1.363968
3923,1.320960
3924,1.332224
3925,1.311744
3926,1.332224
3927,1.376256
3928,1.331200
3929,1.331200
3930,1.396736
3931,1.392640
3932,1.386496
3933,1.340416
3934,1.352704
3935,1.161216
3936,0.845824
3937,0.777216
3938,0.616448
3939,0.571392
3940,0.567296
3941,0.553984
3942,1.380352
3943,1.414144
3944,1.351680
3945,1.327104
3946,1.350656
3947,1.313792
3948,1.382400
3949,1.362944
3950,1.305600
3951,1.390592
3952,1.326080
3953,1.401856
3954,1.374208
3955,1.388544
3956,1.324032
3957,1.357824
3958,1.325056
3959,1.373184
3960,1.405952
3961,1.380352
3962,1.385472
3963,1.352704
3964,1.335296
3965,1.357824
3966,1.298432
3967,1.298432
3968,1.385472
3969,1.380352
3970,1.351680
3971,1.555456
3972,1.473536
3973,1.364992
3974,1.312768
3975,1.370112
3976,1.339392
3977,1.337344
3978,1.357824
3979,1.314816
3980,1.349632
3981,1.335296
3982,1.373184
3983,1.313792
3984,1.327104
3985,1.344512
3986,1.184768
3987,0.772096
3988,1.422336
3989,1.449984
3990,1.314816
3991,1.349632
3992,1.341440
3993,1.341440
3994,1.367040
3995,1.334272
3996,1.350656
3997,1.362944
3998,1.350656
3999,1.346560
4000,1.332224
4001,1.328128
4002,1.298432
4003,1.307648
4004,1.338368
4005,1.346560
4006,1.337344
4007,1.469440
4008,1.406976
4009,1.374208
4010,1.353728
4011,1.341440
4012,1.379328
4013,1.355776
4014,1.368064
4015,1.381376
4016,1.301504
4017,1.385472
4018,1.375232
4019,1.381376
4020,1.387520
4021,1.344512
4022,1.378304
4023,1.325056
4024,1.388544
4025,1.314816
4026,1.378304
4027,1.330176
4028,1.323008
4029,1.333248
4030,1.362944
4031,1.338368
4032,0.920576
4033,0.643072
4034,0.588800
4035,0.589824
4036,0.589824
4037,0.586752
4038,0.584704
4039,0.567296
4040,0.555008
4041,1.328128
4042,1.358848
4043,1.307648
4044,1.343488
4045,1.311744
4046,1.293312
4047,1.308672
4048,1.349632
4049,1.360896
4050,1.327104
4051,1.374208
4052,1.325056
4053,1.374208
4054,1.347584
4055,1.355776
4056,1.326080
4057,1.344512
4058,1.338368
4059,1.325056
4060,1.356800
4061,1.305600
4062,1.294336
4063,1.282048
4064,1.248256
4065,1.369088
4066,1.356800
4067,1.332224
4068,1.337344
4069,1.410048
4070,1.361920
4071,1.332224
4072,1.375232
4073,1.336320
4074,1.331200
4075,1.330176
4076,1.346560
4077,1.320960
4078,1.292288
4079,1.342464
4080,1.344512
4081,1.359872
4082,1.325056
4083,1.337344
4084,1.328128
4085,1.317888
4086,0.972800
4087,0.653312
4088,0.595968
4089,0.573440
4090,0.575488
4091,0.571392
4092,1.405952
4093,1.372160
4094,1.336320
4095,1.321984
4096,1.307648
4097,1.304576
4098,1.288192
4099,1.306624
4100,1.317888
4101,1.332224
4102,1.333248
4103,1.344512
4104,1.393664
4105,1.286144
4106,1.338368
4107,1.344512
4108,1.298432
4109,1.292288
4110,1.373184
4111,1.290240
4112,1.351680
4113,1.461248
4114,1.321984
4115,1.288192
4116,1.310720
4117,1.356800
4118,1.334272
4119,1.366016
4120,1.260544
4121,1.278976
4122,1.328128
4123,1.369088
4124,1.302528
4125,1.349632
4126,1.305600
4127,1.308672
4128,1.359872
4129,1.308672
4130,1.270784
4131,1.356800
4132,1.342464
4133,1.359872
4134,1.348608
4135,1.341440
4136,1.370112
4137,1.223680
4138,0.773120
4139,0.596992
4140,0.567296
4141,0.566272
4142,0.563200
4143,0.551936
4144,0.541696
4145,1.376256
4146,1.306624
4147,1.389568
4148,1.366016
4149,1.354752
4150,1.297408
4151,1.331200
4152,1.316864
4153,1.354752
4154,1.364992
4155,1.300480
4156,1.356800
4157,1.305600
4158,1.337344
4159,1.304576
4160,1.369088
4161,1.327104
4162,1.313792
4163,1.336320
4164,1.312768
4165,1.325056
4166,1.349632
4167,1.349632
4168,1.316864
4169,1.352704
4170,1.351680
4171,1.342464
4172,1.316864
4173,1.292288
4174,1.325056
4175,1.311744
4176,1.367040
4177,1.339392
4178,1.344512
4179,1.363968
4180,1.371136
4181,1.329152
4182,1.294336
4183,1.306624
4184,1.399808
4185,1.343488
4186,1.382400
4187,1.359872
4188,1.363968
4189,1.154048
4190,0.771072
4191,1.335296
4192,1.277952
4193,1.278976
4194,1.321984
4195,1.303552
4196,1.382400
4197,1.421312
4198,1.372160
4199,1.346560
4200,1.361920
4201,1.375232
4202,1.343488
4203,1.375232
4204,1.327104
4205,1.314816
4206,1.313792
4207,1.318912
4208,1.296384
4209,1.340416
4210,1.354752
4211,1.373184
4212,1.338368
4213,1.363968
4214,1.373184
4215,1.315840
4216,1.319936
4217,1.320960
4218,1.298432
4219,1.348608
4220,1.266688
4221,1.331200
4222,1.343488
4223,1.386496
4224,1.336320
4225,1.375232
4226,1.313792
4227,1.308672
4228,1.360896
4229,1.354752
4230,1.513472
4231,1.333248
4232,1.347584
4233,1.328128
4234,1.343488
4235,1.328128
4236,0.926720
4237,0.610304
4238,0.608256
4239,0.605184
4240,1.291264
4241,1.239040
4242,1.287168
4243,1.311744
4244,1.312768
4245,1.325056
4246,1.338368
4247,1.333248
4248,1.328128
4249,1.345536
4250,1.328128
4251,1.309696
4252,1.323008
4253,1.354752
4254,1.375232
4255,1.345536
4256,1.359872
4257,1.294336
4258,1.315840
4259,1.368064
4260,1.359872
4261,1.310720
4262,1.381376
4263,1.329152
4264,1.375232
4265,1.355776
4266,1.316864
4267,1.367040
4268,1.346560
4269,1.342464
4270,1.388544
4271,1.324032
4272,1.339392
4273,1.385472
4274,1.363968
4275,1.524736
4276,1.377280
4277,1.356800
4278,1.320960
4279,1.315840
4280,1.316864
4281,1.329152
4282,1.345536
4283,1.356800
4284,1.394688
4285,1.191936
4286,1.148928
4287,1.323008
4288,1.276928
4289,1.294336
4290,1.349632
4291,1.335296
4292,1.300480
4293,1.316864
4294,1.318912
4295,1.302528
4296,1.351680
4297,1.308672
4298,1.351680
4299,1.316864
4300,1.324032
4301,1.303552
4302,1.312768
4303,1.344512
4304,1.321984
4305,1.401856
4306,1.337344
4307,1.308672
4308,1.359872
4309,1.369088
4310,1.321984
4311,1.348608
4312,1.341440
4313,1.358848
4314,1.345536
4315,1.356800
4316,1.290240
4317,1.308672
4318,1.353728
4319,1.296384
4320,1.329152
4321,1.333248
4322,1.277952
4323,1.300480
4324,1.349632
4325,1.344512
4326,1.305600
4327,1.314816
4328,1.309696
4329,1.298432
4330,1.315840
4331,1.130496
4332,1.303552
4333,1.176576
4334,1.349632
4335,1.353728
4336,1.366016
4337,1.324032
4338,1.257472
4339,1.272832
4340,1.313792
4341,1.366016
4342,1.325056
4343,1.295360
4344,1.330176
4345,1.341440
4346,1.295360
4347,1.323008
4348,1.306624
4349,1.299456
4350,1.286144
4351,1.309696
4352,1.339392
4353,1.360896
4354,1.302528
4355,1.309696
4356,1.304576
4357,1.336320
4358,1.361920
4359,1.324032
4360,1.301504
4361,1.282048
4362,1.319936
4363,1.285120
4364,1.345536
4365,1.324032
4366,1.330176
4367,1.360896
4368,1.388544
4369,1.308672
4370,1.341440
4371,1.353728
4372,1.319936
4373,1.367040
4374,1.373184
4375,1.349632
4376,1.382400
4377,1.223680
4378,0.847872
4379,0.591872
4380,1.356800
4381,1.270784
4382,1.350656
4383,1.339392
4384,1.332224
4385,1.364992
4386,1.360896
4387,1.320960
4388,1.358848
4389,1.337344
4390,1.355776
4391,1.351680
4392,1.345536
4393,1.318912
4394,1.366016
4395,1.281024
4396,1.314816
4397,1.309696
4398,1.341440
4399,1.318912
4400,1.337344
4401,1.331200
4402,1.352704
4403,1.367040
4404,1.364992
4405,1.367040
4406,1.370112
4407,1.344512
4408,1.315840
4409,1.379328
4410,1.313792
4411,1.274880
4412,1.358848
4413,1.334272
4414,1.346560
4415,1.301504
4416,1.348608
4417,1.357824
4418,1.346560
4419,1.330176
4420,1.347584
4421,1.362944
4422,1.346560
4423,1.328128
4424,1.239040
4425,0.965632
4426,1.328128
4427,1.123328
4428,1.271808
4429,1.292288
4430,1.326080
4431,1.331200
4432,1.334272
4433,1.362944
4434,1.376256
4435,1.308672
4436,1.333248
4437,1.335296
4438,1.368064
4439,1.357824
4440,1.369088
4441,1.331200
4442,1.397760
4443,1.363968
4444,1.339392
4445,1.325056
4446,1.385472
4447,1.271808
4448,1.310720
4449,1.321984
4450,1.349632
4451,1.336320
4452,1.354752
4453,1.343488
4454,1.289216
4455,1.372160
4456,1.344512
4457,1.336320
4458,1.338368
4459,1.360896
4460,1.304576
4461,1.307648
4462,1.352704
4463,1.342464
4464,1.317888
4465,1.318912
4466,1.353728
4467,1.351680
4468,1.392640
4469,1.345536
4470,1.288192
4471,1.213440
4472,1.174528
4473,1.327104
4474,1.262592
4475,1.301504
4476,1.319936
4477,1.272832
4478,1.292288
4479,1.313792
4480,1.313792
4481,1.329152
4482,1.299456
4483,1.296384
4484,1.358848
4485,1.386496
4486,1.339392
4487,1.280000
4488,1.280000
4489,1.325056
4490,1.358848
4491,1.323008
4492,1.312768
4493,1.325056
4494,1.342464
4495,1.341440
4496,1.400832
4497,1.387520
4498,1.366016
4499,1.323008
4500,1.362944
4501,1.317888
4502,1.370112
4503,1.418240
4504,1.369088
4505,1.357824
4506,1.351680
4507,1.356800
4508,1.367040
4509,1.343488
4510,1.330176
4511,1.364992
4512,1.341440
4513,1.333248
4514,1.319936
4515,1.345536
4516,1.230848
4517,0.668672
4518,0.610304
4519,0.583680
4520,0.572416
4521,0.563200
4522,33.476608
4523,1.300480
4524,1.388544
4525,1.357824
4526,1.368064
4527,1.361920
4528,1.363968
4529,1.361920
4530,1.315840
4531,1.373184
4532,1.331200
4533,1.352704
4534,1.313792
4535,1.363968
4536,1.300480
4537,1.352704
4538,1.312768
4539,1.343488
4540,1.350656
4541,1.378304
4542,1.335296
4543,1.358848
4544,1.325056
4545,1.352704
4546,1.309696
4547,1.396736
4548,1.374208
4549,1.355776
4550,1.369088
4551,1.356800
4552,1.364992
4553,1.359872
4554,1.347584
4555,1.310720
4556,1.366016
4557,1.332224
4558,1.298432
4559,1.347584
4560,1.367040
4561,1.357824
4562,1.354752
4563,1.330176
4564,1.368064
4565,1.369088
4566,1.346560
4567,0.946176
4568,0.672768
4569,0.637952
4570,0.602112
4571,0.613376
4572,0.594944
4573,1.448960
4574,1.373184
4575,1.384448
4576,1.396736
4577,1.351680
4578,1.353728
4579,1.359872
4580,1.402880
4581,1.359872
4582,1.324032
4583,1.334272
4584,1.350656
4585,1.353728
4586,1.356800
4587,1.319936
4588,1.354752
4589,1.312768
4590,1.346560
4591,1.311744
4592,1.317888
4593,1.309696
4594,1.379328
4595,1.340416
4596,1.310720
4597,1.312768
4598,1.341440
4599,1.368064
4600,1.338368
4601,1.375232
4602,1.311744
4603,1.308672
4604,1.300480
4605,1.337344
4606,1.326080
4607,1.390592
4608,1.310720
4609,1.324032
4610,1.348608
4611,1.336320
4612,1.356800
4613,1.281024
4614,1.359872
4615,1.349632
4616,1.350656
4617,1.203200
4618,0.980992
4619,0.626688
4620,0.610304
4621,0.601088
4622,0.601088
4623,0.585728
4624,1.404928
4625,1.401856
4626,1.346560
4627,1.323008
4628,1.297408
4629,1.331200
4630,1.379328
4631,1.341440
4632,1.329152
4633,1.343488
4634,1.381376
4635,1.276928
4636,1.347584
4637,1.341440
4638,1.360896
4639,1.309696
4640,1.398784
4641,1.349632
4642,1.325056
4643,1.337344
4644,1.354752
4645,1.372160
4646,1.367040
4647,1.327104
4648,1.383424
4649,1.294336
4650,1.337344
4651,1.342464
4652,1.343488
4653,1.412096
4654,1.341440
4655,1.310720
4656,1.312768
4657,1.344512
4658,1.391616
4659,1.305600
4660,1.349632
4661,1.396736
4662,1.302528
4663,1.360896
4664,1.325056
4665,1.316864
4666,1.337344
4667,1.399808
4668,1.169408
4669,0.703488
4670,0.611328
4671,0.605184
4672,0.606208
4673,0.592896
4674,0.591872
4675,1.416192
4676,1.356800
4677,1.396736
4678,1.381376
4679,1.371136
4680,1.308672
4681,1.373184
4682,1.359872
4683,1.349632
4684,1.324032
4685,1.344512
4686,1.363968
4687,1.362944
4688,1.337344
4689,1.311744
4690,1.301504
4691,1.309696
4692,1.368064
4693,1.383424
4694,1.369088
4695,1.312768
4696,1.348608
4697,1.376256
4698,1.353728
4699,1.332224
4700,1.323008
4701,1.300480
4702,1.344512
4703,1.340416
4704,1.372160
4705,1.377280
4706,1.302528
4707,1.346560
4708,1.299456
4709,1.353728
4710,1.338368
4711,1.341440
4712,1.337344
4713,1.278976
4714,1.354752
4715,1.328128
4716,1.291264
4717,1.311744
4718,1.344512
4719,1.233920
4720,1.001472
4721,0.660480
4722,0.593920
4723,0.591872
4724,1.344512
4725,1.361920
4726,1.301504
4727,1.411072
4728,1.326080
4729,1.390592
4730,1.393664
4731,1.386496
4732,1.361920
4733,1.339392
4734,1.383424
4735,1.387520
4736,1.346560
4737,1.330176
4738,1.373184
4739,1.343488
4740,1.356800
4741,1.376256
4742,1.303552
4743,1.374208
4744,1.310720
4745,1.307648
4746,1.318912
4747,1.348608
4748,1.355776
4749,1.335296
4750,1.328128
4751,1.360896
4752,1.343488
4753,1.310720
4754,1.397760
4755,1.367040
4756,1.336320
4757,1.347584
4758,1.361920
4759,1.358848
4760,1.316864
4761,1.330176
4762,1.330176
4763,1.366016
4764,1.321984
4765,1.337344
4766,1.318912
4767,1.317888
4768,1.179648
4769,1.016832
4770,1.038336
4771,1.214464
4772,1.325056
4773,1.313792
4774,1.348608
4775,1.383424
4776,1.323008
4777,1.370112
4778,1.382400
4779,1.350656
4780,1.290240
4781,1.312768
4782,1.376256
4783,1.340416
4784,1.291264
4785,1.351680
4786,1.344512
4787,1.354752
4788,1.327104
4789,1.332224
4790,1.306624
4791,1.338368
4792,1.387520
4793,1.356800
4794,1.350656
4795,1.410048
4796,1.348608
4797,1.347584
4798,1.319936
4799,1.352704
4800,1.404928
4801,1.318912
4802,1.330176
4803,1.382400
4804,1.348608
4805,1.299456
4806,1.378304
4807,1.319936
4808,1.274880
4809,1.367040
4810,1.352704
4811,1.292288
4812,1.364992
4813,1.372160
4814,1.221632
4815,1.329152
4816,1.248256
4817,1.303552
4818,1.265664
4819,1.325056
4820,1.277952
4821,1.324032
4822,1.360896
4823,1.357824
4824,1.317888
4825,1.274880
4826,1.340416
4827,1.275904
4828,1.283072
4829,1.297408
4830,1.323008
4831,1.285120
4832,1.335296
4833,1.305600
4834,1.334272
4835,1.329152
4836,1.336320
4837,1.313792
4838,1.319936
4839,1.385472
4840,1.318912
4841,1.371136
4842,1.314816
4843,1.383424
4844,1.309696
4845,1.302528
4846,1.361920
4847,1.339392
4848,1.359872
4849,1.326080
4850,1.282048
4851,1.297408
4852,1.333248
4853,1.347584
4854,1.347584
4855,1.305600
4856,1.343488
4857,1.305600
4858,1.363968
4859,1.335296
4860,1.264640
4861,0.735232
4862,0.671744
4863,0.661504
4864,0.649216
4865,1.354752
4866,1.350656
4867,1.326080
4868,1.281024
4869,1.301504
4870,1.281024
4871,1.313792
4872,1.388544
4873,1.347584
4874,1.350656
4875,1.335296
4876,1.363968
4877,1.320960
4878,1.361920
4879,1.325056
4880,1.333248
4881,1.292288
4882,1.316864
4883,1.328128
4884,1.360896
4885,1.320960
4886,1.300480
4887,1.330176
4888,1.320960
4889,1.371136
4890,1.383424
4891,1.350656
4892,1.366016
4893,1.309696
4894,1.312768
4895,1.366016
4896,1.348608
4897,1.364992
4898,1.306624
4899,1.509376
4900,1.329152
4901,1.313792
4902,1.347584
4903,1.379328
4904,1.352704
4905,1.375232
4906,1.326080
4907,1.374208
4908,1.320960
4909,1.345536
4910,1.325056
4911,1.385472
4912,1.335296
4913,1.355776
4914,1.353728
4915,1.341440
4916,1.409024
4917,1.410048
4918,1.374208
4919,1.352704
4920,1.331200
4921,1.351680
4922,1.334272
4923,1.323008
4924,1.352704
4925,1.360896
4926,1.369088
4927,1.400832
4928,1.392640
4929,1.375232
4930,1.323008
4931,1.335296
4932,1.333248
4933,1.374208
4934,1.335296
4935,1.367040
4936,1.363968
4937,1.330176
4938,1.319936
4939,1.355776
4940,1.316864
4941,1.355776
4942,1.356800
4943,1.324032
4944,1.330176
4945,1.367040
4946,1.302528
4947,1.317888
4948,1.369088
4949,1.348608
4950,1.302528
4951,1.355776
4952,1.324032
4953,1.351680
4954,1.159168
4955,0.774144
4956,0.616448
4957,0.588800
4958,0.587776
4959,0.578560
4960,0.566272
4961,1.351680
4962,1.345536
4963,1.367040
4964,1.383424
4965,1.333248
4966,1.334272
4967,1.306624
4968,1.329152
4969,1.295360
4970,1.349632
4971,1.321984
4972,1.369088
4973,1.355776
4974,1.376256
4975,1.369088
4976,1.318912
4977,1.358848
4978,1.398784
4979,1.348608
4980,1.329152
4981,1.343488
4982,1.334272
4983,1.319936
4984,1.342464
4985,1.305600
4986,1.321984
4987,1.357824
4988,1.333248
4989,1.374208
4990,1.372160
4991,1.302528
4992,1.345536
4993,1.347584
4994,1.296384
4995,1.338368
4996,1.379328
4997,1.390592
4998,1.364992
4999,1.319936
5000,1.355776
5001,1.351680
5002,1.328128
5003,1.329152
5004,1.366016
5005,1.255424
5006,0.898048
5007,1.330176
5008,1.157120
5009,1.302528
5010,1.374208
5011,1.435648
5012,1.309696
5013,1.355776
5014,1.340416
5015,1.328128
5016,1.335296
5017,1.332224
5018,1.358848
5019,1.278976
5020,1.359872
5021,1.344512
5022,1.309696
5023,1.344512
5024,1.320960
5025,1.344512
5026,1.324032
5027,1.346560
5028,1.324032
5029,1.369088
5030,1.387520
5031,1.393664
5032,1.378304
5033,1.314816
5034,1.339392
5035,1.343488
5036,1.327104
5037,1.317888
5038,1.373184
5039,1.286144
5040,1.335296
5041,1.358848
5042,1.359872
5043,1.356800
5044,1.353728
5045,1.330176
5046,1.321984
5047,1.332224
5048,1.369088
5049,1.338368
5050,1.364992
5051,1.288192
5052,1.195008
5053,1.223680
5054,1.270784
5055,1.283072
5056,1.344512
5057,1.313792
5058,1.304576
5059,1.350656
5060,1.373184
5061,1.363968
5062,1.378304
5063,1.340416
5064,1.336320
5065,1.325056
5066,1.329152
5067,1.318912
5068,1.348608
5069,1.352704
5070,1.359872
5071,1.353728
5072,1.298432
5073,1.357824
5074,1.355776
5075,1.341440
5076,1.383424
5077,1.347584
5078,1.346560
5079,1.298432
5080,1.334272
5081,1.363968
5082,1.385472
5083,1.295360
5084,1.315840
5085,1.352704
5086,1.337344
5087,1.345536
5088,1.315840
5089,1.308672
5090,1.357824
5091,1.372160
5092,1.329152
5093,1.338368
5094,1.347584
5095,1.347584
5096,1.334272
5097,1.178624
5098,1.126400
5099,1.230848
5100,1.313792
5101,1.344512
5102,1.333248
5103,1.319936
5104,1.290240
5105,1.381376
5106,1.315840
5107,1.330176
5108,1.330176
5109,1.313792
5110,1.354752
5111,1.280000
5112,1.314816
5113,1.320960
5114,1.330176
5115,1.324032
5116,1.308672
5117,1.343488
5118,1.380352
5119,1.392640
5120,1.311744
5121,1.375232
5122,1.344512
5123,1.354752
5124,1.366016
5125,1.400832
5126,1.363968
5127,1.364992
5128,1.354752
5129,1.344512
5130,1.348608
5131,1.319936
5132,1.354752
5133,1.364992
5134,1.355776
5135,1.309696
5136,1.356800
5137,1.387520
5138,1.374208
5139,1.363968
5140,1.340416
5141,1.285120
5142,1.062912
5143,1.362944
5144,1.358848
5145,1.375232
5146,1.302528
5147,1.323008
5148,1.320960
5149,1.378304
5150,1.329152
5151,1.381376
5152,1.347584
5153,1.306624
5154,1.401856
5155,1.344512
5156,1.350656
5157,1.390592
5158,1.349632
5159,1.338368
5160,1.347584
5161,1.360896
5162,1.376256
5163,1.306624
5164,1.288192
5165,1.370112
5166,1.360896
5167,1.325056
5168,1.316864
5169,1.391616
5170,1.392640
5171,1.330176
5172,1.359872
5173,1.376256
5174,1.357824
5175,1.338368
5176,1.363968
5177,1.314816
5178,1.353728
5179,1.354752
5180,1.302528
5181,1.352704
5182,1.357824
5183,1.340416
5184,1.331200
5185,1.327104
5186,1.325056
5187,1.239040
5188,0.972800
5189,0.605184
5190,0.579584
5191,0.569344
5192,1.395712
5193,1.326080
5194,1.398784
5195,1.331200
5196,1.347584
5197,1.348608
5198,1.323008
5199,1.333248
5200,1.328128
5201,1.311744
5202,1.357824
5203,1.388544
5204,1.325056
5205,1.285120
5206,1.346560
5207,1.383424
5208,1.313792
5209,1.379328
5210,1.318912
5211,1.331200
5212,1.366016
5213,1.334272
5214,1.319936
5215,1.352704
5216,1.302528
5217,1.357824
5218,1.342464
5219,1.355776
5220,1.283072
5221,1.312768
5222,1.356800
5223,1.334272
5224,1.364992
5225,1.334272
5226,1.381376
5227,1.364992
5228,1.340416
5229,1.307648
5230,1.369088
5231,1.337344
5232,1.351680
5233,1.361920
5234,1.346560
5235,1.319936
5236,1.159168
5237,0.834560
5238,1.300480
5239,1.165312
5240,1.363968
5241,1.328128
5242,1.326080
5243,1.373184
5244,1.288192
5245,1.316864
5246,1.342464
5247,1.290240
5248,1.294336
5249,1.353728
5250,1.345536
5251,1.316864
5252,1.330176
5253,1.306624
5254,1.326080
5255,1.411072
5256,1.274880
5257,1.347584
5258,1.372160
5259,1.334272
5260,1.354752
5261,1.336320
5262,1.326080
5263,1.357824
5264,1.312768
5265,1.321984
5266,1.307648
5267,1.306624
5268,1.378304
5269,1.352704
5270,1.377280
5271,1.341440
5272,1.311744
5273,1.348608
5274,1.349632
5275,1.360896
5276,1.308672
5277,1.372160
5278,1.366016
5279,1.379328
5280,1.379328
5281,1.377280
5282,1.215488
5283,0.983040
5284,0.668672
5285,0.654336
5286,0.651264
5287,0.640000
5288,1.291264
5289,1.347584
5290,1.280000
5291,1.321984
5292,1.382400
5293,1.309696
5294,1.332224
5295,1.358848
5296,1.349632
5297,1.336320
5298,1.358848
5299,1.326080
5300,1.362944
5301,1.342464
5302,1.367040
5303,1.375232
5304,1.367040
5305,1.349632
5306,1.387520
5307,1.306624
5308,1.323008
5309,1.339392
5310,1.361920
5311,1.341440
5312,1.375232
5313,1.348608
5314,1.337344
5315,1.324032
5316,1.315840
5317,1.337344
5318,1.308672
5319,1.318912
5320,1.385472
5321,1.306624
5322,1.371136
5323,1.343488
5324,1.369088
5325,1.311744
5326,1.345536
5327,1.358848
5328,1.320960
5329,1.348608
5330,1.341440
5331,1.287168
5332,1.140736
5333,0.679936
5334,0.634880
5335,0.635904
5336,1.304576
5337,1.183744
5338,1.352704
5339,1.339392
5340,1.363968
5341,1.352704
5342,1.344512
5343,1.340416
5344,1.357824
5345,1.319936
5346,1.331200
5347,1.342464
5348,1.364992
5349,1.367040
5350,1.337344
5351,1.313792
5352,1.335296
5353,1.389568
5354,1.308672
5355,1.353728
5356,1.329152
5357,1.345536
5358,1.297408
5359,1.331200
5360,1.359872
5361,1.359872
5362,1.349632
5363,1.320960
5364,1.372160
5365,1.337344
5366,1.353728
5367,1.358848
5368,1.388544
5369,1.377280
5370,1.351680
5371,1.338368
5372,1.303552
5373,1.320960
5374,1.390592
5375,1.332224
5376,1.350656
5377,1.320960
5378,1.362944
5379,1.350656
5380,1.283072
5381,0.930816
5382,1.320960
5383,1.195008
5384,1.321984
5385,1.368064
5386,1.329152
5387,1.342464
5388,1.349632
5389,1.363968
5390,1.311744
5391,1.359872
5392,1.362944
5393,1.354752
5394,1.297408
5395,1.326080
5396,1.310720
5397,1.333248
5398,1.328128
5399,1.361920
5400,1.357824
5401,1.324032
5402,1.367040
5403,1.342464
5404,1.304576
5405,1.333248
5406,1.331200
5407,1.344512
5408,1.321984
5409,1.358848
5410,1.326080
5411,1.372160
5412,1.308672
5413,1.333248
5414,1.349632
5415,1.330176
5416,1.354752
5417,1.350656
5418,1.300480
5419,1.302528
5420,1.357824
5421,1.349632
5422,1.366016
5423,1.353728
5424,1.340416
5425,1.309696
5426,1.193984
5427,1.001472
5428,0.795648
5429,0.666624
5430,1.289216
5431,1.269760
5432,1.298432
5433,1.326080
5434,1.341440
5435,1.400832
5436,1.338368
5437,1.323008
5438,1.372160
5439,1.335296
5440,1.336320
5441,1.324032
5442,1.359872
5443,1.268736
5444,1.306624
5445,1.351680
5446,1.361920
5447,1.353728
5448,1.363968
5449,1.304576
5450,1.336320
5451,1.347584
5452,1.390592
5453,1.304576
5454,1.361920
5455,1.340416
5456,1.360896
5457,1.369088
5458,1.329152
5459,1.314816
5460,1.383424
5461,1.366016
5462,1.372160
5463,1.317888
5464,1.383424
5465,1.321984
5466,1.319936
5467,1.362944
5468,1.330176
5469,1.329152
5470,1.316864
5471,1.310720
5472,1.343488
5473,1.357824
5474,1.327104
5475,1.136640
5476,1.165312
5477,1.262592
5478,1.373184
5479,1.339392
5480,1.291264
5481,1.319936
5482,1.325056
5483,1.316864
5484,1.338368
5485,1.366016
5486,1.309696
5487,1.378304
5488,1.320960
5489,1.309696
5490,1.312768
5491,1.329152
5492,1.330176
5493,1.333248
5494,1.344512
5495,1.285120
5496,1.261568
5497,1.327104
5498,1.333248
5499,1.350656
5500,1.285120
5501,1.353728
5502,1.323008
5503,1.301504
5504,1.341440
5505,1.346560
5506,1.420288
5507,1.383424
5508,1.358848
5509,1.337344
5510,1.349632
5511,1.398784
5512,1.337344
5513,1.331200
5514,1.300480
5515,1.305600
5516,1.360896
5517,1.354752
5518,1.263616
5519,1.320960
5520,1.319936
5521,1.137664
5522,1.355776
5523,1.338368
5524,1.358848
5525,1.355776
5526,1.271808
5527,1.381376
5528,1.300480
5529,1.354752
5530,1.327104
5531,1.377280
5532,1.361920
5533,1.364992
5534,1.288192
5535,1.362944
5536,1.346560
5537,1.366016
5538,1.351680
5539,1.331200
5540,1.334272
5541,1.356800
5542,1.354752
5543,1.331200
5544,1.345536
5545,1.364992
5546,1.310720
5547,1.364992
5548,1.276928
5549,1.255424
5550,1.270784
5551,1.400832
5552,1.383424
5553,1.350656
5554,1.333248
5555,1.337344
5556,1.326080
5557,1.321984
5558,1.331200
5559,1.319936
5560,1.375232
5561,1.339392
5562,1.314816
5563,1.328128
5564,1.348608
5565,0.995328
5566,0.740352
5567,1.350656
5568,1.203200
5569,1.347584
5570,1.402880
5571,1.353728
5572,1.331200
5573,1.368064
5574,1.328128
5575,1.321984
5576,1.358848
5577,1.330176
5578,1.282048
5579,1.343488
5580,1.344512
5581,1.319936
5582,1.283072
5583,1.375232
5584,1.330176
5585,1.313792
5586,1.326080
5587,1.327104
5588,1.344512
5589,1.289216
5590,1.487872
5591,1.350656
5592,1.267712
5593,1.476608
5594,1.309696
5595,1.360896
5596,1.345536
5597,1.333248
5598,1.319936
5599,1.328128
5600,1.320960
5601,1.316864
5602,1.309696
5603,1.278976
5604,1.361920
5605,1.390592
5606,1.373184
5607,1.349632
5608,1.415168
5609,1.356800
5610,1.310720
5611,1.313792
5612,1.039360
5613,0.629760
5614,0.599040
5615,0.589824
5616,0.571392
5617,0.556032
5618,1.393664
5619,1.396736
5620,1.354752
5621,1.358848
5622,1.363968
5623,1.397760
5624,1.389568
5625,1.338368
5626,1.360896
5627,1.328128
5628,1.345536
5629,1.332224
5630,1.343488
5631,1.316864
5632,1.356800
5633,1.339392
5634,1.339392
5635,1.294336
5636,1.344512
5637,1.319936
5638,1.318912
5639,1.368064
5640,1.374208
5641,1.338368
5642,1.326080
5643,1.339392
5644,1.368064
5645,1.369088
5646,1.350656
5647,1.356800
5648,1.320960
5649,1.398784
5650,1.328128
5651,1.411072
5652,1.299456
5653,1.330176
5654,1.274880
5655,1.308672
5656,1.325056
5657,1.320960
5658,1.382400
5659,1.346560
5660,1.351680
5661,1.330176
5662,1.119232
5663,0.833536
5664,1.346560
5665,1.325056
5666,1.294336
5667,1.328128
5668,1.309696
5669,1.351680
5670,1.353728
5671,1.295360
5672,1.366016
5673,1.328128
5674,1.300480
5675,1.330176
5676,1.368064
5677,1.340416
5678,1.344512
5679,1.328128
5680,1.370112
5681,1.323008
5682,1.323008
5683,1.344512
5684,1.331200
5685,1.314816
5686,1.336320
5687,1.368064
5688,1.334272
5689,1.379328
5690,1.297408
5691,1.344512
5692,1.347584
5693,1.382400
5694,1.335296
5695,1.419264
5696,1.319936
5697,1.311744
5698,1.388544
5699,1.366016
5700,1.347584
5701,1.323008
5702,1.357824
5703,1.333248
5704,1.335296
5705,1.335296
5706,1.342464
5707,1.360896
5708,1.163264
5709,1.376256
5710,1.482752
5711,1.374208
5712,1.363968
5713,1.361920
5714,1.328128
5715,1.374208
5716,1.291264
5717,1.314816
5718,1.372160
5719,1.310720
5720,1.334272
5721,1.375232
5722,1.353728
5723,1.368064
5724,1.351680
5725,1.343488
5726,1.363968
5727,1.335296
5728,1.318912
5729,1.374208
5730,1.331200
5731,1.380352
5732,1.370112
5733,1.401856
5734,1.331200
5735,1.332224
5736,1.321984
5737,1.337344
5738,1.349632
5739,1.323008
5740,1.339392
5741,1.357824
5742,1.361920
5743,1.337344
5744,1.395712
5745,1.316864
5746,1.331200
5747,1.349632
5748,1.314816
5749,1.370112
5750,1.319936
5751,1.374208
5752,1.353728
5753,1.020928
5754,0.698368
5755,0.654336
5756,0.636928
5757,0.624640
5758,1.362944
5759,1.390592
5760,1.371136
5761,1.326080
5762,1.368064
5763,1.355776
5764,1.334272
5765,1.294336
5766,1.275904
5767,1.329152
5768,1.295360
5769,1.332224
5770,1.319936
5771,1.351680
5772,1.306624
5773,1.354752
5774,1.361920
5775,1.327104
5776,1.305600
5777,1.341440
5778,1.358848
5779,1.311744
5780,1.314816
5781,1.343488
5782,1.312768
5783,1.331200
5784,1.344512
5785,1.306624
5786,1.356800
5787,1.340416
5788,1.396736
5789,1.376256
5790,1.364992
5791,1.393664
5792,1.362944
5793,1.381376
5794,1.383424
5795,1.383424
5796,1.388544
5797,1.340416
5798,1.359872
5799,1.378304
5800,1.359872
5801,1.319936
5802,1.262592
5803,1.249280
5804,1.142784
5805,1.298432
5806,1.326080
5807,1.313792
5808,1.318912
5809,1.314816
5810,1.353728
5811,1.367040
5812,1.352704
5813,1.363968
5814,1.352704
5815,1.391616
5816,1.362944
5817,1.282048
5818,1.345536
5819,1.359872
5820,1.325056
5821,1.332224
5822,1.333248
5823,1.357824
5824,1.348608
5825,1.329152
5826,1.339392
5827,1.352704
5828,1.350656
5829,1.341440
5830,1.339392
5831,1.309696
5832,1.349632
5833,1.320960
5834,1.320960
5835,1.339392
5836,1.315840
5837,1.388544
5838,1.344512
5839,1.386496
5840,1.351680
5841,1.339392
5842,1.314816
5843,1.343488
5844,1.372160
5845,1.340416
5846,1.345536
5847,1.292288
5848,1.096704
5849,1.239040
5850,1.172480
5851,1.301504
5852,1.319936
5853,1.306624
5854,1.296384
5855,1.352704
5856,1.345536
5857,1.341440
5858,1.334272
5859,1.340416
5860,1.367040
5861,1.316864
5862,1.300480
5863,1.300480
5864,1.307648
5865,1.347584
5866,1.364992
5867,1.353728
5868,1.318912
5869,1.321984
5870,1.314816
5871,1.329152
5872,1.321984
5873,1.321984
5874,1.318912
5875,1.354752
5876,1.371136
5877,1.292288
5878,1.341440
5879,1.345536
5880,1.319936
5881,1.383424
5882,1.313792
5883,1.346560
5884,1.333248
5885,1.319936
5886,1.299456
5887,1.364992
5888,1.317888
5889,1.321984
5890,1.358848
5891,1.364992
5892,1.299456
5893,1.378304
5894,1.233920
5895,1.293312
5896,1.115136
5897,1.326080
5898,1.307648
5899,1.339392
5900,1.323008
5901,1.338368
5902,1.362944
5903,1.342464
5904,1.330176
5905,1.343488
5906,1.360896
5907,1.314816
5908,1.384448
5909,1.345536
5910,1.328128
5911,1.366016
5912,1.336320
5913,1.323008
5914,1.317888
5915,1.348608
5916,1.303552
5917,1.363968
5918,1.306624
5919,1.361920
5920,1.325056
5921,1.335296
5922,1.356800
5923,1.387520
5924,1.318912
5925,1.316864
5926,1.352704
5927,1.355776
5928,1.335296
5929,1.327104
5930,1.393664
5931,1.348608
5932,1.379328
5933,1.342464
5934,1.319936
5935,1.416192
5936,1.422336
5937,1.388544
5938,1.397760
5939,1.381376
5940,0.813056
5941,0.663552
5942,1.380352
5943,1.386496
5944,1.368064
5945,1.370112
5946,1.342464
5947,1.313792
5948,1.357824
5949,1.300480
5950,1.336320
5951,1.307648
5952,1.339392
5953,1.363968
5954,1.354752
5955,1.353728
5956,1.359872
5957,1.363968
5958,1.377280
5959,1.366016
5960,1.340416
5961,1.297408
5962,1.380352
5963,1.348608
5964,1.359872
5965,1.385472
5966,1.366016
5967,1.366016
5968,1.342464
5969,1.363968
5970,1.328128
5971,1.355776
5972,1.346560
5973,1.327104
5974,1.379328
5975,1.335296
5976,1.348608
5977,1.338368
5978,1.367040
5979,1.298432
5980,1.386496
5981,1.324032
5982,1.336320
5983,1.371136
5984,1.361920
5985,1.327104
5986,1.039360
5987,0.885760
5988,1.332224
5989,1.226752
5990,1.338368
5991,1.309696
5992,1.337344
5993,1.362944
5994,1.364992
5995,1.354752
5996,1.367040
5997,1.377280
5998,1.409024
5999,1.375232
6000,1.315840
6001,1.348608
6002,1.315840
6003,1.305600
6004,1.316864
6005,1.343488
6006,1.371136
6007,1.352704
6008,1.320960
6009,1.299456
6010,1.376256
6011,1.326080
6012,1.323008
6013,1.328128
6014,1.408000
6015,1.397760
6016,1.367040
6017,1.371136
6018,1.328128
6019,1.373184
6020,1.310720
6021,1.344512
6022,1.366016
6023,1.340416
6024,1.370112
6025,1.383424
6026,1.327104
6027,1.318912
6028,1.334272
6029,1.346560
6030,1.342464
6031,1.355776
6032,1.111040
6033,0.709632
6034,1.323008
6035,1.156096
6036,1.290240
6037,1.342464
6038,1.388544
6039,1.377280
6040,1.367040
6041,1.401856
6042,1.342464
6043,1.321984
6044,1.315840
6045,1.289216
6046,1.274880
6047,1.303552
6048,1.359872
6049,1.360896
6050,1.357824
6051,1.340416
6052,1.306624
6053,1.364992
6054,1.321984
6055,1.359872
6056,1.317888
6057,1.323008
6058,1.332224
6059,1.318912
6060,1.341440
6061,1.305600
6062,1.374208
6063,1.383424
6064,1.344512
6065,1.345536
6066,1.357824
6067,1.344512
6068,1.368064
6069,1.338368
6070,1.317888
6071,1.336320
6072,1.378304
6073,1.349632
6074,1.337344
6075,1.345536
6076,1.380352
6077,1.355776
6078,1.212416
6079,0.887808
6080,0.762880
6081,1.363968
6082,1.390592
6083,1.324032
6084,1.369088
6085,1.348608
6086,1.328128
6087,1.353728
6088,1.375232
6089,1.361920
6090,1.338368
6091,1.335296
6092,1.354752
6093,1.308672
6094,1.348608
6095,1.285120
6096,1.338368
6097,1.375232
6098,1.359872
6099,1.349632
6100,1.275904
6101,1.430528
6102,1.456128
6103,1.351680
6104,1.373184
6105,1.298432
6106,1.325056
6107,1.343488
6108,1.319936
6109,1.363968
6110,1.316864
6111,1.367040
6112,1.329152
6113,1.323008
6114,1.301504
6115,1.338368
6116,1.339392
6117,1.328128
6118,1.355776
6119,1.346560
6120,1.360896
6121,1.309696
6122,1.308672
6123,1.316864
6124,1.336320
6125,1.202176
6126,1.176576
6127,1.320960
6128,1.289216
6129,1.329152
6130,1.311744
6131,1.370112
6132,1.355776
6133,1.305600
6134,1.360896
6135,1.346560
6136,1.304576
6137,1.350656
6138,1.358848
6139,1.361920
6140,1.306624
6141,1.347584
6142,1.297408
6143,1.300480
6144,1.357824
6145,1.305600
6146,1.328128
6147,1.401856
6148,1.368064
6149,1.316864
6150,1.331200
6151,1.312768
6152,1.344512
6153,1.354752
6154,1.366016
6155,1.357824
6156,1.290240
6157,1.335296
6158,1.364992
6159,1.330176
6160,1.311744
6161,1.349632
6162,1.382400
6163,1.340416
6164,1.330176
6165,1.357824
6166,1.353728
6167,1.345536
6168,1.313792
6169,1.150976
6170,1.166336
6171,1.252352
6172,1.327104
6173,1.312768
6174,1.317888
6175,1.357824
6176,1.292288
6177,1.360896
6178,1.350656
6179,1.298432
6180,1.339392
6181,1.332224
6182,1.333248
6183,1.344512
6184,1.342464
6185,1.348608
6186,1.383424
6187,1.336320
6188,1.326080
6189,1.311744
6190,1.353728
6191,1.318912
6192,1.307648
6193,1.343488
6194,1.335296
6195,1.364992
6196,1.301504
6197,1.360896
6198,1.300480
6199,1.427456
6200,1.337344
6201,1.359872
6202,1.388544
6203,1.332224
6204,1.343488
6205,1.378304
6206,1.379328
6207,1.337344
6208,1.333248
6209,1.388544
6210,1.352704
6211,1.359872
6212,1.313792
6213,1.304576
6214,1.006592
6215,0.632832
6216,0.643072
6217,0.628736
6218,0.622592
6219,0.620544
6220,0.585728
6221,0.553984
6222,0.541696
6223,1.398784
6224,1.400832
6225,1.375232
6226,1.371136
6227,1.303552
6228,1.386496
6229,1.349632
6230,1.320960
6231,1.358848
6232,1.323008
6233,1.356800
6234,1.345536
6235,1.342464
6236,1.353728
6237,1.342464
6238,1.367040
6239,1.334272
6240,1.335296
6241,1.310720
6242,1.296384
6243,1.377280
6244,1.331200
6245,1.323008
6246,1.335296
6247,1.311744
6248,1.317888
6249,1.361920
6250,1.392640
6251,1.341440
6252,1.288192
6253,1.342464
6254,1.397760
6255,1.385472
6256,1.390592
6257,1.333248
6258,1.345536
6259,1.351680
6260,1.377280
6261,1.409024
6262,1.381376
6263,1.352704
6264,1.345536
6265,1.380352
6266,1.335296
6267,1.196032
6268,0.947200
6269,1.332224
6270,1.235968
6271,1.319936
6272,1.343488
6273,1.336320
6274,1.354752
6275,1.382400
6276,1.321984
6277,1.323008
6278,1.351680
6279,1.345536
6280,1.355776
6281,1.348608
6282,1.335296
6283,1.275904
6284,1.315840
6285,1.327104
6286,1.303552
6287,1.371136
6288,1.308672
6289,1.342464
6290,1.427456
6291,1.349632
6292,1.343488
6293,1.368064
6294,1.330176
6295,1.374208
6296,1.364992
6297,1.301504
6298,1.332224
6299,1.348608
6300,1.352704
6301,1.342464
6302,1.339392
6303,1.351680
6304,1.329152
6305,1.302528
6306,1.278976
6307,1.294336
6308,1.394688
6309,1.354752
6310,1.352704
6311,1.305600
6312,1.353728
6313,1.107968
6314,0.743424
6315,0.660480
6316,1.463296
6317,1.299456
6318,1.353728
6319,1.316864
6320,1.345536
6321,1.366016
6322,1.330176
6323,1.302528
6324,1.305600
6325,1.304576
6326,1.271808
6327,1.348608
6328,1.307648
6329,1.303552
6330,1.312768
6331,1.330176
6332,1.377280
6333,1.355776
6334,1.367040
6335,1.309696
6336,1.351680
6337,1.342464
6338,1.379328
6339,1.370112
6340,1.359872
6341,1.349632
6342,1.353728
6343,1.338368
6344,1.361920
6345,1.373184
6346,1.311744
6347,1.296384
6348,1.375232
6349,1.319936
6350,1.375232
6351,1.332224
6352,1.340416
6353,1.360896
6354,1.369088
6355,1.294336
6356,1.334272
6357,1.312768
6358,1.275904
6359,1.347584
6360,1.228800
6361,1.275904
6362,1.190912
6363,1.297408
6364,1.361920
6365,1.352704
6366,1.335296
6367,1.355776
6368,1.348608
6369,1.311744
6370,1.343488
6371,1.379328
6372,1.372160
6373,1.343488
6374,1.321984
6375,1.344512
6376,1.359872
6377,1.370112
6378,1.346560
6379,1.315840
6380,1.340416
6381,1.334272
6382,1.376256
6383,1.327104
6384,1.392640
6385,1.332224
6386,1.301504
6387,1.296384
6388,1.298432
6389,1.341440
6390,1.354752
6391,1.363968
6392,1.348608
6393,1.331200
6394,1.341440
6395,1.290240
6396,1.300480
6397,1.318912
6398,1.323008
6399,1.283072
6400,1.320960
6401,1.339392
6402,1.363968
6403,1.315840
6404,1.303552
6405,1.226752
6406,1.235968
6407,1.096704
6408,1.260544
6409,1.310720
6410,1.334272
6411,1.295360
6412,1.315840
6413,1.343488
6414,1.383424
6415,1.346560
6416,1.371136
6417,1.390592
6418,1.364992
6419,1.364992
6420,1.368064
6421,1.328128
6422,1.294336
6423,1.291264
6424,1.336320
6425,1.321984
6426,1.294336
6427,1.311744
6428,1.346560
6429,1.336320
6430,1.325056
6431,1.346560
6432,1.331200
6433,1.327104
6434,1.335296
6435,1.328128
6436,1.344512
6437,1.310720
6438,1.373184
6439,1.353728
6440,1.310720
6441,1.309696
6442,1.300480
6443,1.300480
6444,1.344512
6445,1.320960
6446,1.346560
6447,1.324032
6448,1.319936
6449,1.366016
6450,1.314816
6451,1.058816
6452,1.172480
6453,1.192960
6454,1.337344
6455,1.141760
6456,1.321984
6457,1.327104
6458,1.311744
6459,1.282048
6460,1.316864
6461,1.321984
6462,1.310720
6463,1.305600
6464,1.292288
6465,1.338368
6466,1.357824
6467,1.321984
6468,1.281024
6469,1.309696
6470,1.362944
6471,1.346560
6472,1.377280
6473,1.330176
6474,1.360896
6475,1.335296
6476,1.334272
6477,1.382400
6478,1.315840
6479,1.352704
6480,1.295360
6481,1.310720
6482,1.292288
6483,1.338368
6484,1.326080
6485,1.317888
6486,1.337344
6487,1.337344
6488,1.295360
6489,1.367040
6490,1.330176
6491,1.357824
6492,1.295360
6493,1.334272
6494,1.350656
6495,1.326080
6496,1.299456
6497,1.134592
6498,1.238016
6499,1.181696
6500,1.375232
6501,1.319936
6502,1.409024
6503,1.306624
6504,1.331200
6505,1.369088
6506,1.341440
6507,1.321984
6508,1.303552
6509,1.353728
6510,1.323008
6511,1.282048
6512,1.290240
6513,1.514496
6514,1.358848
6515,1.345536
6516,1.375232
6517,1.318912
6518,1.358848
6519,1.401856
6520,1.325056
6521,1.339392
6522,1.360896
6523,1.349632
6524,1.371136
6525,1.336320
6526,1.336320
6527,1.366016
6528,1.308672
6529,1.287168
6530,1.349632
6531,1.366016
6532,1.387520
6533,1.330176
6534,1.325056
6535,1.312768
6536,1.321984
6537,1.327104
6538,1.304576
6539,1.311744
6540,1.331200
6541,1.310720
6542,1.294336
6543,1.256448
6544,1.222656
6545,1.340416
6546,1.368064
6547,1.320960
6548,1.339392
6549,1.260544
6550,1.317888
6551,1.318912
6552,1.349632
6553,1.309696
6554,1.316864
6555,1.340416
6556,1.332224
6557,1.368064
6558,1.335296
6559,1.334272
6560,1.339392
6561,1.335296
6562,1.357824
6563,1.353728
6564,1.300480
6565,1.337344
6566,1.367040
6567,1.325056
6568,1.330176
6569,1.373184
6570,1.363968
6571,1.356800
6572,1.341440
6573,1.379328
6574,1.358848
6575,1.361920
6576,1.285120
6577,1.347584
6578,1.318912
6579,1.250304
6580,1.350656
6581,1.355776
6582,1.302528
6583,1.327104
6584,1.301504
6585,1.351680
6586,1.316864
6587,1.274880
6588,1.050624
6589,1.193984
6590,1.285120
6591,1.324032
6592,1.352704
6593,1.317888
6594,1.324032
6595,1.305600
6596,1.346560
6597,1.356800
6598,1.336320
6599,1.348608
6600,1.292288
6601,1.355776
6602,1.295360
6603,1.323008
6604,1.352704
6605,1.335296
6606,1.343488
6607,1.331200
6608,1.333248
6609,1.335296
6610,1.350656
6611,1.341440
6612,1.355776
6613,1.311744
6614,1.307648
6615,1.314816
6616,1.303552
6617,1.348608
6618,1.364992
6619,1.376256
6620,1.331200
6621,1.341440
6622,1.369088
6623,1.277952
6624,1.356800
6625,1.335296
6626,1.352704
6627,1.340416
6628,1.313792
6629,1.370112
6630,1.337344
6631,1.321984
6632,1.315840
6633,1.299456
6634,0.979968
6635,0.753664
6636,0.690176
6637,0.654336
6638,1.394688
6639,1.375232
6640,1.333248
6641,1.359872
6642,1.339392
6643,1.380352
6644,1.351680
6645,1.304576
6646,1.393664
6647,1.364992
6648,1.345536
6649,1.323008
6650,1.327104
6651,1.367040
6652,1.374208
6653,1.327104
6654,1.353728
6655,1.294336
6656,1.341440
6657,1.369088
6658,1.331200
6659,1.356800
6660,1.344512
6661,1.338368
6662,1.303552
6663,1.319936
6664,1.310720
6665,1.404928
6666,1.362944
6667,1.297408
6668,1.354752
6669,1.320960
6670,1.314816
6671,1.367040
6672,1.338368
6673,1.363968
6674,1.354752
6675,1.348608
6676,1.346560
6677,1.357824
6678,1.294336
6679,1.344512
6680,1.317888
6681,1.291264
6682,1.195008
6683,1.267712
6684,1.361920
6685,1.350656
6686,1.278976
6687,1.320960
6688,1.344512
6689,1.381376
6690,1.305600
6691,1.355776
6692,1.361920
6693,1.303552
6694,1.393664
6695,1.330176
6696,1.353728
6697,1.356800
6698,1.367040
6699,1.360896
6700,1.380352
6701,1.326080
6702,1.354752
6703,1.346560
6704,1.351680
6705,1.318912
6706,1.316864
6707,1.307648
6708,1.313792
6709,1.369088
6710,1.398784
6711,1.370112
6712,1.327104
6713,1.345536
6714,1.333248
6715,1.273856
6716,1.357824
6717,1.364992
6718,1.333248
6719,1.361920
6720,1.356800
6721,1.329152
6722,1.374208
6723,1.373184
6724,1.334272
6725,1.295360
6726,1.330176
6727,1.150976
6728,1.307648
6729,1.179648
6730,1.387520
6731,1.263616
6732,1.239040
6733,1.320960
6734,1.281024
6735,1.277952
6736,1.357824
6737,1.368064
6738,1.348608
6739,1.380352
6740,1.319936
6741,1.352704
6742,1.348608
6743,1.364992
6744,1.283072
6745,1.345536
6746,1.381376
6747,1.360896
6748,1.332224
6749,1.306624
6750,1.266688
6751,1.310720
6752,1.342464
6753,1.358848
6754,1.340416
6755,1.371136
6756,1.367040
6757,1.272832
6758,1.354752
6759,1.344512
6760,1.325056
6761,1.360896
6762,1.362944
6763,1.344512
6764,1.317888
6765,1.348608
6766,1.319936
6767,1.301504
6768,1.321984
6769,1.345536
6770,1.338368
6771,1.361920
6772,1.376256
6773,1.152000
6774,1.262592
6775,1.233920
6776,1.320960
6777,1.348608
6778,1.349632
6779,1.364992
6780,1.368064
6781,1.331200
6782,1.367040
6783,1.309696
6784,1.330176
6785,1.297408
6786,1.343488
6787,1.319936
6788,1.363968
6789,1.317888
6790,1.346560
6791,1.287168
6792,1.373184
6793,1.316864
6794,1.341440
6795,1.331200
6796,1.347584
6797,1.320960
6798,1.334272
6799,1.340416
6800,1.335296
6801,1.371136
6802,1.345536
6803,1.353728
6804,1.342464
6805,1.314816
6806,1.301504
6807,1.266688
6808,1.327104
6809,1.300480
6810,1.321984
6811,1.334272
6812,1.333248
6813,1.270784
6814,1.362944
6815,1.332224
6816,1.307648
6817,1.394688
6818,1.262592
6819,1.056768
6820,0.850944
6821,1.430528
6822,1.371136
6823,1.364992
6824,1.314816
6825,1.324032
6826,1.319936
6827,1.367040
6828,1.338368
6829,1.355776
6830,1.318912
6831,1.370112
6832,1.321984
6833,1.371136
6834,1.328128
6835,1.325056
6836,1.335296
6837,1.344512
6838,1.389568
6839,1.363968
6840,1.364992
6841,1.318912
6842,1.357824
6843,1.330176
6844,1.314816
6845,1.330176
6846,1.351680
6847,1.358848
6848,1.388544
6849,1.309696
6850,1.314816
6851,1.351680
6852,1.357824
6853,1.347584
6854,1.312768
6855,1.299456
6856,1.278976
6857,1.334272
6858,1.357824
6859,1.315840
6860,1.366016
6861,1.356800
6862,1.370112
6863,1.315840
6864,1.338368
6865,1.316864
6866,1.106944
6867,0.658432
6868,0.610304
6869,0.606208
6870,1.377280
6871,1.336320
6872,1.329152
6873,1.332224
6874,1.321984
6875,1.320960
6876,1.394688
6877,1.360896
6878,1.359872
6879,1.398784
6880,1.324032
6881,1.353728
6882,1.353728
6883,1.371136
6884,1.354752
6885,1.402880
6886,1.283072
6887,1.302528
6888,1.356800
6889,1.319936
6890,1.324032
6891,1.363968
6892,1.293312
6893,1.348608
6894,1.346560
6895,1.335296
6896,1.366016
6897,1.346560
6898,1.360896
6899,1.340416
6900,1.343488
6901,1.351680
6902,1.359872
6903,1.345536
6904,1.345536
6905,1.329152
6906,1.333248
6907,1.341440
6908,1.318912
6909,1.327104
6910,1.318912
6911,1.361920
6912,1.312768
6913,1.333248
6914,1.289216
6915,0.727040
6916,0.607232
6917,0.607232
6918,0.601088
6919,0.587776
6920,0.585728
6921,0.569344
6922,0.562176
6923,1.391616
6924,1.414144
6925,1.397760
6926,1.368064
6927,1.364992
6928,1.526784
6929,1.399808
6930,1.362944
6931,1.298432
6932,1.358848
6933,1.401856
6934,1.331200
6935,1.323008
6936,1.318912
6937,1.343488
6938,1.301504
6939,1.292288
6940,1.299456
6941,1.355776
6942,1.307648
6943,1.297408
6944,1.293312
6945,1.348608
6946,1.399808
6947,1.349632
6948,1.378304
6949,1.347584
6950,1.333248
6951,1.367040
6952,1.376256
6953,1.348608
6954,1.347584
6955,1.353728
6956,1.351680
6957,1.300480
6958,1.310720
6959,1.364992
6960,1.382400
6961,1.335296
6962,1.374208
6963,1.341440
6964,1.353728
6965,1.361920
6966,1.280000
6967,1.160192
6968,1.316864
6969,1.154048
6970,1.273856
6971,1.319936
6972,1.284096
6973,1.287168
6974,1.297408
6975,1.350656
6976,1.330176
6977,1.312768
6978,1.339392
6979,1.336320
6980,1.336320
6981,1.334272
6982,1.373184
6983,1.338368
6984,1.380352
6985,1.321984
6986,1.380352
6987,1.341440
6988,1.332224
6989,1.362944
6990,1.339392
6991,1.361920
6992,1.372160
6993,1.315840
6994,1.378304
6995,1.346560
6996,1.337344
6997,1.310720
6998,1.310720
6999,1.315840
7000,1.353728
7001,1.372160
7002,1.381376
7003,1.354752
7004,1.383424
7005,1.321984
7006,1.344512
7007,1.347584
7008,1.350656
7009,1.351680
7010,1.371136
7011,1.375232
7012,1.328128
7013,1.171456
7014,0.759808
7015,0.646144
7016,0.610304
7017,0.601088
7018,0.586752
7019,0.567296
7020,0.557056
7021,1.369088
7022,1.404928
7023,1.393664
7024,1.336320
7025,1.378304
7026,1.327104
7027,1.397760
7028,1.344512
7029,1.340416
7030,1.345536
7031,1.342464
7032,1.369088
7033,1.345536
7034,1.361920
7035,1.353728
7036,1.376256
7037,1.347584
7038,1.370112
7039,1.349632
7040,1.303552
7041,1.324032
7042,1.325056
7043,1.353728
7044,1.373184
7045,1.391616
7046,1.303552
7047,1.341440
7048,1.338368
7049,1.361920
7050,1.314816
7051,1.352704
7052,1.316864
7053,1.359872
7054,1.362944
7055,1.323008
7056,1.358848
7057,1.351680
7058,1.338368
7059,1.282048
7060,1.374208
7061,1.360896
7062,1.370112
7063,1.318912
7064,1.354752
7065,1.065984
7066,1.404928
7067,1.381376
7068,1.324032
7069,1.346560
7070,1.340416
7071,1.340416
7072,1.335296
7073,1.319936
7074,1.360896
7075,1.297408
7076,1.400832
7077,1.332224
7078,1.332224
7079,1.354752
7080,1.376256
7081,1.303552
7082,1.360896
7083,1.377280
7084,1.356800
7085,1.362944
7086,1.351680
7087,1.366016
7088,1.333248
7089,1.351680
7090,1.247232
7091,1.406976
7092,1.332224
7093,1.373184
7094,1.334272
7095,1.351680
7096,1.343488
7097,1.357824
7098,1.320960
7099,1.353728
7100,1.325056
7101,1.347584
7102,1.342464
7103,1.352704
7104,1.326080
7105,1.325056
7106,1.359872
7107,1.347584
7108,1.340416
7109,1.336320
7110,1.113088
7111,0.706560
7112,0.654336
7113,0.636928
7114,0.641024
7115,0.611328
7116,0.585728
7117,1.349632
7118,1.366016
7119,1.366016
7120,1.387520
7121,1.354752
7122,1.385472
7123,1.303552
7124,1.390592
7125,1.392640
7126,1.354752
7127,1.323008
7128,1.381376
7129,1.341440
7130,1.295360
7131,1.350656
7132,1.363968
7133,1.349632
7134,1.353728
7135,1.326080
7136,1.348608
7137,1.311744
7138,1.394688
7139,1.328128
7140,1.362944
7141,1.315840
7142,1.339392
7143,1.332224
7144,1.311744
7145,1.337344
7146,1.348608
7147,1.402880
7148,1.335296
7149,1.353728
7150,1.342464
7151,1.341440
7152,1.368064
7153,1.370112
7154,1.333248
7155,1.317888
7156,1.309696
7157,1.369088
7158,1.345536
7159,1.321984
7160,1.318912
7161,1.242112
7162,0.749568
7163,0.623616
7164,0.610304
7165,0.598016
7166,0.591872
7167,0.573440
7168,1.360896
7169,1.364992
7170,1.410048
7171,1.316864
7172,1.290240
7173,1.373184
7174,1.336320
7175,1.339392
7176,1.326080
7177,1.375232
7178,1.345536
7179,1.350656
7180,1.334272
7181,1.367040
7182,1.357824
7183,1.330176
7184,1.308672
7185,1.360896
7186,1.341440
7187,1.312768
7188,1.302528
7189,1.370112
7190,1.357824
7191,1.331200
7192,1.369088
7193,1.378304
7194,1.356800
7195,1.352704
7196,1.370112
7197,1.333248
7198,1.369088
7199,1.378304
7200,1.369088
7201,1.328128
7202,1.404928
7203,1.372160
7204,1.341440
7205,1.371136
7206,1.329152
7207,1.312768
7208,1.323008
7209,1.345536
7210,1.319936
7211,1.332224
7212,1.197056
7213,0.724992
7214,0.605184
7215,0.593920
7216,1.358848
7217,1.376256
7218,1.373184
7219,1.341440
7220,1.354752
7221,1.345536
7222,1.358848
7223,1.343488
7224,1.354752
7225,1.306624
7226,1.330176
7227,1.457152
7228,1.373184
7229,1.391616
7230,1.330176
7231,1.351680
7232,1.265664
7233,1.399808
7234,1.329152
7235,1.314816
7236,1.344512
7237,1.321984
7238,1.332224
7239,1.357824
7240,1.297408
7241,1.392640
7242,1.351680
7243,1.397760
7244,1.358848
7245,1.305600
7246,1.308672
7247,1.384448
7248,1.324032
7249,1.312768
7250,1.336320
7251,1.380352
7252,1.299456
7253,1.329152
7254,1.333248
7255,1.348608
7256,1.335296
7257,1.344512
7258,1.379328
7259,1.333248
7260,1.182720
7261,1.405952
7262,1.315840
7263,1.268736
7264,1.291264
7265,1.327104
7266,1.307648
7267,1.345536
7268,1.369088
7269,1.336320
7270,1.362944
7271,1.391616
7272,1.337344
7273,1.337344
7274,1.331200
7275,1.347584
7276,1.312768
7277,1.352704
7278,1.354752
7279,1.354752
7280,1.342464
7281,1.336320
7282,1.360896
7283,1.353728
7284,1.371136
7285,1.323008
7286,1.339392
7287,1.355776
7288,1.345536
7289,1.307648
7290,1.300480
7291,1.306624
7292,1.317888
7293,1.354752
7294,1.311744
7295,1.352704
7296,1.343488
7297,1.358848
7298,1.357824
7299,1.306624
7300,1.353728
7301,1.328128
7302,1.356800
7303,1.347584
7304,1.356800
7305,1.158144
7306,1.337344
7307,1.265664
7308,1.267712
7309,1.360896
7310,1.397760
7311,1.377280
7312,1.381376
7313,1.345536
7314,1.319936
7315,1.332224
7316,1.352704
7317,1.352704
7318,1.364992
7319,1.338368
7320,1.400832
7321,1.326080
7322,1.308672
7323,1.315840
7324,1.310720
7325,1.320960
7326,1.338368
7327,1.342464
7328,1.334272
7329,1.328128
7330,1.377280
7331,1.387520
7332,1.328128
7333,1.341440
7334,1.313792
7335,1.339392
7336,1.308672
7337,1.340416
7338,1.359872
7339,1.352704
7340,1.321984
7341,1.320960
7342,1.326080
7343,1.363968
7344,1.352704
7345,1.366016
7346,1.310720
7347,1.349632
7348,1.385472
7349,1.319936
7350,1.345536
7351,0.959488
7352,1.422336
7353,1.312768
7354,1.326080
7355,1.277952
7356,1.316864
7357,1.337344
7358,1.321984
7359,1.351680
7360,1.312768
7361,1.341440
7362,1.395712
7363,1.340416
7364,1.376256
7365,1.376256
7366,1.376256
7367,1.361920
7368,1.362944
7369,1.357824
7370,1.388544
7371,1.347584
7372,1.403904
7373,1.359872
7374,1.346560
7375,1.305600
7376,1.363968
7377,1.310720
7378,1.312768
7379,1.330176
7380,1.289216
7381,1.321984
7382,1.352704
7383,1.340416
7384,1.290240
7385,1.313792
7386,1.363968
7387,1.310720
7388,1.316864
7389,1.347584
7390,1.363968
7391,1.345536
7392,1.361920
7393,1.345536
7394,1.328128
7395,1.351680
7396,1.230848
7397,0.903168
7398,1.430528
7399,1.370112
7400,1.379328
7401,1.334272
7402,1.360896
7403,1.375232
7404,1.341440
7405,1.358848
7406,1.361920
7407,1.332224
7408,1.304576
7409,1.368064
7410,1.311744
7411,1.312768
7412,1.414144
7413,1.331200
7414,1.311744
7415,1.318912
7416,1.363968
7417,1.351680
7418,1.350656
7419,1.344512
7420,1.303552
7421,1.346560
7422,1.346560
7423,1.459200
7424,1.306624
7425,1.355776
7426,1.278976
7427,1.321984
7428,1.395712
7429,1.355776
7430,1.317888
7431,1.364992
7432,1.330176
7433,1.412096
7434,1.367040
7435,1.359872
7436,1.345536
7437,1.341440
7438,1.341440
7439,1.356800
7440,1.310720
7441,1.395712
7442,1.367040
7443,0.935936
7444,1.357824
7445,1.274880
7446,1.321984
7447,1.351680
7448,1.370112
7449,1.333248
7450,1.330176
7451,1.328128
7452,1.310720
7453,1.356800
7454,1.358848
7455,1.395712
7456,1.340416
7457,1.315840
7458,1.324032
7459,1.297408
7460,1.346560
7461,1.341440
7462,1.298432
7463,1.352704
7464,1.328128
7465,1.318912
7466,1.318912
7467,1.351680
7468,1.333248
7469,1.359872
7470,1.388544
7471,1.354752
7472,1.324032
7473,1.346560
7474,1.307648
7475,1.353728
7476,1.343488
7477,1.356800
7478,1.362944
7479,1.355776
7480,1.343488
7481,1.345536
7482,1.348608
7483,1.341440
7484,1.332224
7485,1.342464
7486,1.311744
7487,1.359872
7488,1.274880
7489,0.954368
7490,1.359872
7491,1.262592
7492,1.278976
7493,1.354752
7494,1.346560
7495,1.310720
7496,1.308672
7497,1.341440
7498,1.339392
7499,1.321984
7500,1.332224
7501,1.340416
7502,1.410048
7503,1.367040
7504,1.342464
7505,1.329152
7506,1.385472
7507,1.358848
7508,1.386496
7509,1.305600
7510,1.347584
7511,1.325056
7512,1.315840
7513,1.354752
7514,1.352704
7515,1.368064
7516,1.338368
7517,1.354752
7518,1.312768
7519,1.321984
7520,1.320960
7521,1.326080
7522,1.330176
7523,1.355776
7524,1.397760
7525,1.350656
7526,1.356800
7527,1.352704
7528,1.338368
7529,1.348608
7530,1.354752
7531,1.354752
7532,1.336320
7533,1.315840
7534,1.353728
7535,1.197056
7536,1.181696
7537,1.301504
7538,1.296384
7539,1.350656
7540,1.337344
7541,1.306624
7542,1.298432
7543,1.315840
7544,1.341440
7545,1.326080
7546,1.473536
7547,1.329152
7548,1.318912
7549,1.324032
7550,1.381376
7551,1.341440
7552,1.344512
7553,1.356800
7554,1.328128
7555,1.315840
7556,1.333248
7557,1.362944
7558,1.352704
7559,1.375232
7560,1.321984
7561,1.358848
7562,1.341440
7563,1.324032
7564,1.361920
7565,1.377280
7566,1.348608
7567,1.289216
7568,1.329152
7569,1.288192
7570,1.354752
7571,1.337344
7572,1.341440
7573,1.347584
7574,1.361920
7575,1.318912
7576,1.326080
7577,1.351680
7578,1.360896
7579,1.280000
7580,0.885760
7581,0.665600
7582,0.651264
7583,0.636928
7584,0.627712
7585,0.615424
7586,0.582656
7587,1.388544
7588,1.410048
7589,1.372160
7590,1.318912
7591,1.404928
7592,1.398784
7593,1.353728
7594,1.352704
7595,1.410048
7596,1.341440
7597,1.349632
7598,1.354752
7599,1.370112
7600,1.330176
7601,1.309696
7602,1.325056
7603,1.338368
7604,1.303552
7605,1.334272
7606,1.348608
7607,1.330176
7608,1.319936
7609,1.349632
7610,1.357824
7611,1.354752
7612,1.376256
7613,1.333248
7614,1.325056
7615,1.320960
7616,1.344512
7617,1.308672
7618,1.370112
7619,1.342464
7620,1.362944
7621,1.333248
7622,1.298432
7623,1.323008
7624,1.380352
7625,1.295360
7626,1.325056
7627,1.353728
7628,1.323008
7629,1.345536
7630,1.331200
7631,1.275904
7632,1.039360
7633,1.366016
7634,1.332224
7635,1.253376
7636,1.283072
7637,1.290240
7638,1.328128
7639,1.360896
7640,1.342464
7641,1.373184
7642,1.376256
7643,1.349632
7644,1.354752
7645,1.326080
7646,1.327104
7647,1.347584
7648,1.325056
7649,1.311744
7650,1.307648
7651,1.369088
7652,1.314816
7653,1.397760
7654,1.370112
7655,1.309696
7656,1.315840
7657,1.382400
7658,1.354752
7659,1.306624
7660,1.335296
7661,1.343488
7662,1.301504
7663,1.329152
7664,1.344512
7665,1.316864
7666,1.330176
7667,1.354752
7668,1.309696
7669,1.285120
7670,1.321984
7671,1.374208
7672,1.363968
7673,1.321984
7674,1.364992
7675,1.309696
7676,1.316864
7677,1.181696
7678,0.823296
7679,0.643072
7680,0.632832
7681,0.632832
7682,0.612352
7683,1.460224
7684,1.340416
7685,1.269760
7686,1.350656
7687,1.360896
7688,1.297408
7689,1.319936
7690,1.314816
7691,1.297408
7692,1.323008
7693,1.352704
7694,1.366016
7695,1.299456
7696,1.372160
7697,1.362944
7698,1.355776
7699,1.282048
7700,1.331200
7701,1.362944
7702,1.363968
7703,1.325056
7704,1.373184
7705,1.341440
7706,1.369088
7707,1.348608
7708,1.332224
7709,1.338368
7710,1.360896
7711,1.363968
7712,1.375232
7713,1.349632
7714,1.318912
7715,1.288192
7716,1.320960
7717,1.289216
7718,1.395712
7719,1.375232
7720,1.337344
7721,1.328128
7722,1.391616
7723,1.405952
7724,1.307648
7725,1.380352
7726,1.371136
7727,1.167360
7728,1.211392
7729,1.276928
7730,1.261568
7731,1.314816
7732,1.355776
7733,1.311744
7734,1.348608
7735,1.358848
7736,1.327104
7737,1.330176
7738,1.305600
7739,1.358848
7740,1.349632
7741,1.321984
7742,1.358848
7743,1.329152
7744,1.342464
7745,1.330176
7746,1.391616
7747,1.297408
7748,1.314816
7749,1.291264
7750,1.357824
7751,1.309696
7752,1.261568
7753,1.239040
7754,1.332224
7755,1.363968
7756,1.366016
7757,1.307648
7758,1.333248
7759,1.312768
7760,1.334272
7761,1.319936
7762,1.387520
7763,1.318912
7764,1.307648
7765,1.333248
7766,1.300480
7767,1.327104
7768,1.386496
7769,1.376256
7770,1.342464
7771,1.318912
7772,1.134592
7773,0.827392
7774,1.383424
7775,1.314816
7776,1.260544
7777,1.305600
7778,1.347584
7779,1.328128
7780,1.296384
7781,1.329152
7782,1.337344
7783,1.307648
7784,1.351680
7785,1.345536
7786,1.350656
7787,1.356800
7788,1.352704
7789,1.377280
7790,1.332224
7791,1.357824
7792,1.350656
7793,1.337344
7794,1.335296
7795,1.312768
7796,1.375232
7797,1.368064
7798,1.341440
7799,1.381376
7800,1.319936
7801,1.309696
7802,1.298432
7803,1.305600
7804,1.339392
7805,1.368064
7806,1.370112
7807,1.374208
7808,1.333248
7809,1.382400
7810,1.346560
7811,1.360896
7812,1.367040
7813,1.327104
7814,1.300480
7815,1.341440
7816,1.390592
7817,1.346560
7818,1.232896
7819,0.881664
7820,0.654336
7821,0.612352
7822,0.614400
7823,0.606208
7824,0.601088
7825,0.565248
7826,0.555008
7827,1.381376
7828,1.406976
7829,1.405952
7830,1.347584
7831,1.360896
7832,1.334272
7833,1.320960
7834,1.371136
7835,1.304576
7836,1.350656
7837,1.390592
7838,1.356800
7839,1.343488
7840,1.333248
7841,1.333248
7842,1.272832
7843,1.314816
7844,1.356800
7845,1.309696
7846,1.357824
7847,1.374208
7848,1.380352
7849,1.345536
7850,1.409024
7851,1.325056
7852,1.319936
7853,1.377280
7854,1.356800
7855,1.329152
7856,1.307648
7857,1.386496
7858,1.324032
7859,1.330176
7860,1.374208
7861,1.323008
7862,1.324032
7863,1.359872
7864,1.378304
7865,1.318912
7866,1.376256
7867,1.360896
7868,1.316864
7869,1.351680
7870,1.338368
7871,1.018880
7872,0.679936
7873,0.680960
7874,0.669696
7875,0.663552
7876,1.381376
7877,1.401856
7878,1.406976
7879,1.355776
7880,1.371136
7881,1.355776
7882,1.355776
7883,1.371136
7884,1.373184
7885,1.318912
7886,1.332224
7887,1.328128
7888,1.321984
7889,1.351680
7890,1.305600
7891,1.362944
7892,1.297408
7893,1.385472
7894,1.351680
7895,1.383424
7896,1.376256
7897,1.398784
7898,1.314816
7899,1.377280
7900,1.353728
7901,1.389568
7902,1.340416
7903,1.401856
7904,1.350656
7905,1.329152
7906,1.305600
7907,1.328128
7908,1.308672
7909,1.349632
7910,1.358848
7911,1.305600
7912,1.306624
7913,1.333248
7914,1.361920
7915,1.333248
7916,1.295360
7917,1.357824
7918,1.301504
7919,1.377280
7920,1.145856
7921,0.814080
7922,0.589824
7923,0.587776
7924,0.580608
7925,0.573440
7926,0.572416
7927,0.575488
7928,0.561152
7929,1.347584
7930,1.408000
7931,1.346560
7932,1.341440
7933,1.321984
7934,1.350656
7935,1.378304
7936,1.381376
7937,1.391616
7938,1.383424
7939,1.380352
7940,1.360896
7941,1.318912
7942,1.330176
7943,1.297408
7944,1.307648
7945,1.343488
7946,1.334272
7947,1.310720
7948,1.300480
7949,1.304576
7950,1.357824
7951,1.308672
7952,1.311744
7953,1.349632
7954,1.307648
7955,1.337344
7956,1.313792
7957,1.346560
7958,1.351680
7959,1.359872
7960,1.266688
7961,1.327104
7962,1.302528
7963,1.358848
7964,1.346560
7965,1.342464
7966,1.309696
7967,1.313792
7968,1.374208
7969,1.353728
7970,1.376256
7971,1.327104
7972,1.305600
7973,1.155072
7974,0.788480
7975,0.629760
7976,0.595968
7977,0.588800
7978,1.281024
7979,1.340416
7980,1.328128
7981,1.351680
7982,1.312768
7983,1.289216
7984,1.329152
7985,1.356800
7986,1.300480
7987,1.349632
7988,1.328128
7989,1.307648
7990,1.375232
7991,1.377280
7992,1.298432
7993,1.323008
7994,1.330176
7995,1.329152
7996,1.362944
7997,1.293312
7998,1.349632
7999,1.382400
8000,1.387520
8001,1.334272
8002,1.324032
8003,1.373184
8004,1.301504
8005,1.325056
8006,1.328128
8007,1.311744
8008,1.338368
8009,1.353728
8010,1.291264
8011,1.318912
8012,1.263616
8013,1.344512
8014,1.316864
8015,1.376256
8016,1.302528
8017,1.329152
8018,1.323008
8019,1.342464
8020,1.362944
8021,1.331200
8022,1.327104
8023,1.192960
8024,1.198080
8025,1.296384
8026,1.330176
8027,1.331200
8028,1.339392
8029,1.327104
8030,1.350656
8031,1.332224
8032,1.367040
8033,1.344512
8034,1.307648
8035,1.345536
8036,1.308672
8037,1.337344
8038,1.328128
8039,1.325056
8040,1.376256
8041,1.361920
8042,1.371136
8043,1.341440
8044,1.326080
8045,1.351680
8046,1.330176
8047,1.413120
8048,1.356800
8049,1.341440
8050,1.373184
8051,1.323008
8052,1.347584
8053,1.334272
8054,1.361920
8055,1.292288
8056,1.299456
8057,1.370112
8058,1.334272
8059,1.348608
8060,1.299456
8061,1.319936
8062,1.348608
8063,1.323008
8064,1.388544
8065,1.359872
8066,1.355776
8067,1.292288
8068,1.153024
8069,1.302528
8070,1.170432
8071,1.368064
8072,1.393664
8073,1.363968
8074,1.338368
8075,1.380352
8076,1.346560
8077,1.298432
8078,1.361920
8079,1.348608
8080,1.354752
8081,1.352704
8082,1.348608
8083,1.270784
8084,1.298432
8085,1.376256
8086,1.355776
8087,1.355776
8088,1.375232
8089,1.347584
8090,1.413120
8091,1.358848
8092,1.339392
8093,1.347584
8094,1.323008
8095,1.323008
8096,1.361920
8097,1.337344
8098,1.338368
8099,1.303552
8100,1.346560
8101,1.335296
8102,1.263616
8103,1.320960
8104,1.333248
8105,1.360896
8106,1.306624
8107,1.320960
8108,1.341440
8109,1.363968
8110,1.354752
8111,1.346560
8112,1.334272
8113,1.244160
8114,0.849920
8115,0.695296
8116,0.660480
8117,0.637952
8118,0.601088
8119,0.565248
8120,1.363968
8121,1.368064
8122,1.341440
8123,1.335296
8124,1.316864
8125,1.308672
8126,1.339392
8127,1.317888
8128,1.336320
8129,1.337344
8130,1.367040
8131,1.403904
8132,1.368064
8133,1.362944
8134,1.355776
8135,1.353728
8136,1.302528
8137,1.389568
8138,1.304576
8139,1.387520
8140,1.346560
8141,1.378304
8142,1.364992
8143,1.364992
8144,1.296384
8145,1.371136
8146,1.372160
8147,1.314816
8148,1.336320
8149,1.284096
8150,1.341440
8151,1.333248
8152,1.369088
8153,1.326080
8154,1.387520
8155,1.286144
8156,1.342464
8157,1.403904
8158,1.310720
8159,1.340416
8160,1.293312
8161,1.359872
8162,1.362944
8163,1.340416
8164,1.309696
8165,0.840704
8166,0.694272
8167,0.606208
8168,0.589824
8169,0.569344
8170,1.374208
8171,1.306624
8172,1.350656
8173,1.325056
8174,1.334272
8175,1.399808
8176,1.332224
8177,1.301504
8178,1.304576
8179,1.362944
8180,1.300480
8181,1.334272
8182,1.344512
8183,1.387520
8184,1.389568
8185,1.332224
8186,1.363968
8187,1.354752
8188,1.321984
8189,1.368064
8190,1.364992
8191,1.325056
8192,1.372160
8193,1.374208
8194,1.293312
8195,1.337344
8196,1.325056
8197,1.333248
8198,1.342464
8199,1.358848
8200,1.382400
8201,1.363968
8202,1.209344
8203,1.305600
8204,1.330176
8205,1.366016
8206,1.354752
8207,1.348608
8208,1.354752
8209,1.386496
8210,1.377280
8211,1.350656
8212,1.330176
8213,1.317888
8214,1.136640
8215,1.224704
8216,1.160192
8217,1.284096
8218,1.320960
8219,1.339392
8220,1.336320
8221,1.343488
8222,1.346560
8223,1.418240
8224,1.331200
8225,1.339392
8226,1.353728
8227,1.309696
8228,1.389568
8229,1.357824
8230,1.371136
8231,1.338368
8232,1.291264
8233,1.310720
8234,1.345536
8235,1.305600
8236,1.376256
8237,1.369088
8238,1.346560
8239,1.344512
8240,1.305600
8241,1.347584
8242,1.364992
8243,1.372160
8244,1.324032
8245,1.325056
8246,1.355776
8247,1.375232
8248,1.529856
8249,1.335296
8250,1.349632
8251,1.309696
8252,1.316864
8253,1.277952
8254,1.277952
8255,1.374208
8256,1.323008
8257,1.323008
8258,1.273856
8259,1.306624
8260,1.004544
8261,0.749568
8262,0.589824
8263,0.591872
8264,0.589824
8265,0.593920
8266,1.451008
8267,1.321984
8268,1.370112
8269,1.307648
8270,1.314816
8271,1.336320
8272,1.368064
8273,1.310720
8274,1.305600
8275,1.292288
8276,1.344512
8277,1.333248
8278,1.339392
8279,1.345536
8280,1.327104
8281,1.339392
8282,1.300480
8283,1.323008
8284,1.343488
8285,1.308672
8286,1.344512
8287,1.331200
8288,1.340416
8289,1.323008
8290,1.330176
8291,1.347584
8292,1.352704
8293,1.318912
8294,1.289216
8295,1.336320
8296,1.344512
8297,1.341440
8298,1.367040
8299,1.334272
8300,1.362944
8301,1.359872
8302,1.328128
8303,1.317888
8304,1.332224
8305,1.332224
8306,1.375232
8307,1.370112
8308,1.333248
8309,1.393664
8310,1.244160
8311,1.014784
8312,0.671744
8313,0.610304
8314,0.598016
8315,0.566272
8316,0.557056
8317,1.400832
8318,1.364992
8319,1.355776
8320,1.342464
8321,1.356800
8322,1.370112
8323,1.390592
8324,1.350656
8325,1.376256
8326,1.321984
8327,1.374208
8328,1.312768
8329,1.368064
8330,1.342464
8331,1.313792
8332,1.333248
8333,1.316864
8334,1.355776
8335,1.358848
8336,1.360896
8337,1.368064
8338,1.385472
8339,1.368064
8340,1.369088
8341,1.338368
8342,1.309696
8343,1.363968
8344,1.280000
8345,1.304576
8346,1.311744
8347,1.325056
8348,1.374208
8349,1.366016
8350,1.390592
8351,1.369088
8352,1.332224
8353,1.294336
8354,1.291264
8355,1.281024
8356,1.339392
8357,1.351680
8358,1.319936
8359,1.332224
8360,1.327104
8361,1.171456
8362,0.738304
8363,0.705536
8364,0.641024
8365,0.587776
8366,0.584704
8367,0.570368
8368,1.392640
8369,1.400832
8370,1.353728
8371,1.362944
8372,1.376256
8373,1.408000
8374,1.352704
8375,1.372160
8376,1.341440
8377,1.274880
8378,1.307648
8379,1.305600
8380,1.359872
8381,1.355776
8382,1.328128
8383,1.377280
8384,1.324032
8385,1.328128
8386,1.368064
8387,1.341440
8388,1.359872
8389,1.345536
8390,1.344512
8391,1.356800
8392,1.360896
8393,1.382400
8394,1.315840
8395,1.303552
8396,1.356800
8397,1.311744
8398,1.340416
8399,1.356800
8400,1.338368
8401,1.344512
8402,1.281024
8403,1.291264
8404,1.375232
8405,1.333248
8406,1.349632
8407,1.324032
8408,1.411072
8409,1.341440
8410,1.348608
8411,1.361920
8412,1.195008
8413,1.211392
8414,1.307648
8415,1.304576
8416,1.286144
8417,1.320960
8418,1.328128
8419,1.177600
8420,1.273856
8421,1.373184
8422,1.359872
8423,1.305600
8424,1.319936
8425,1.375232
8426,1.307648
8427,1.319936
8428,1.312768
8429,1.294336
8430,1.314816
8431,1.332224
8432,1.360896
8433,1.344512
8434,1.326080
8435,1.339392
8436,1.352704
8437,1.379328
8438,1.355776
8439,1.336320
8440,1.354752
8441,1.355776
8442,1.371136
8443,1.358848
8444,1.347584
8445,1.292288
8446,1.343488
8447,1.350656
8448,1.368064
8449,1.419264
8450,1.363968
8451,1.335296
8452,1.392640
8453,1.320960
8454,1.390592
8455,1.313792
8456,1.327104
8457,1.254400
8458,1.212416
8459,1.318912
8460,1.300480
8461,1.293312
8462,1.276928
8463,1.290240
8464,1.354752
8465,1.311744
8466,1.324032
8467,1.328128
8468,1.384448
8469,1.344512
8470,1.017856
8471,1.319936
8472,1.309696
8473,1.277952
8474,1.313792
8475,1.368064
8476,1.315840
8477,1.328128
8478,1.372160
8479,1.351680
8480,1.317888
8481,1.318912
8482,1.356800
8483,1.353728
8484,1.341440
8485,1.308672
8486,1.321984
8487,1.299456
8488,1.394688
8489,1.359872
8490,1.339392
8491,1.321984
8492,1.367040
8493,1.395712
8494,1.328128
8495,1.336320
8496,1.345536
8497,1.350656
8498,1.350656
8499,1.326080
8500,1.292288
8501,1.320960
8502,1.444864
8503,1.386496
8504,1.333248
8505,1.315840
8506,1.377280
8507,1.388544
8508,1.311744
8509,1.374208
8510,1.321984
8511,1.383424
8512,1.352704
8513,1.330176
8514,1.343488
8515,1.333248
8516,1.338368
8517,1.274880
8518,1.329152
8519,1.366016
8520,1.340416
8521,1.375232
8522,1.342464
8523,1.316864
8524,1.344512
8525,1.316864
8526,1.292288
8527,1.412096
8528,1.344512
8529,1.328128
8530,1.342464
8531,1.358848
8532,1.329152
8533,1.330176
8534,1.301504
8535,1.368064
8536,1.362944
8537,1.324032
8538,1.334272
8539,1.328128
8540,1.313792
8541,1.381376
8542,1.333248
8543,1.336320
8544,1.361920
8545,1.343488
8546,1.305600
8547,1.163264
8548,1.197056
8549,1.304576
8550,1.438720
8551,1.345536
8552,1.319936
8553,1.327104
8554,1.336320
8555,1.310720
8556,1.337344
8557,1.314816
8558,1.486848
8559,1.316864
8560,1.301504
8561,1.318912
8562,1.324032
8563,1.387520
8564,1.318912
8565,1.349632
8566,1.339392
8567,1.321984
8568,1.318912
8569,1.381376
8570,1.327104
8571,1.355776
8572,1.314816
8573,1.366016
8574,1.307648
8575,1.385472
8576,1.401856
8577,1.351680
8578,1.368064
8579,1.335296
8580,1.337344
8581,1.348608
8582,1.333248
8583,1.340416
8584,1.317888
8585,1.347584
8586,1.331200
8587,1.344512
8588,1.313792
8589,1.315840
8590,1.278976
8591,1.333248
8592,1.298432
8593,1.189888
8594,1.310720
8595,1.323008
8596,1.368064
8597,1.286144
8598,1.273856
8599,1.316864
8600,1.342464
8601,1.330176
8602,1.377280
8603,1.491968
8604,1.363968
8605,1.277952
8606,1.324032
8607,1.308672
8608,1.317888
8609,1.301504
8610,1.314816
8611,1.334272
8612,1.320960
8613,1.307648
8614,1.364992
8615,1.399808
8616,1.362944
8617,1.379328
8618,1.319936
8619,1.359872
8620,1.414144
8621,1.349632
8622,1.363968
8623,1.372160
8624,1.349632
8625,1.351680
8626,1.364992
8627,1.353728
8628,1.352704
8629,1.319936
8630,1.304576
8631,1.375232
8632,1.373184
8633,1.325056
8634,1.324032
8635,1.357824
8636,1.255424
8637,0.929792
8638,0.680960
8639,0.610304
8640,0.613376
8641,0.609280
8642,0.609280
8643,0.585728
8644,0.573440
8645,1.346560
8646,1.276928
8647,1.310720
8648,1.328128
8649,1.387520
8650,1.317888
8651,1.328128
8652,1.331200
8653,1.360896
8654,1.376256
8655,1.363968
8656,1.350656
8657,1.378304
8658,1.311744
8659,1.314816
8660,1.353728
8661,1.334272
8662,1.327104
8663,1.362944
8664,1.355776
8665,1.337344
8666,1.363968
8667,1.370112
8668,1.374208
8669,1.343488
8670,1.370112
8671,1.324032
8672,1.324032
8673,1.342464
8674,1.364992
8675,1.320960
8676,1.341440
8677,1.368064
8678,1.375232
8679,1.357824
8680,1.374208
8681,1.345536
8682,1.311744
8683,1.317888
8684,1.303552
8685,1.316864
8686,1.369088
8687,1.321984
8688,1.295360
8689,1.257472
8690,0.768000
8691,1.333248
8692,1.496064
8693,1.312768
8694,1.278976
8695,1.281024
8696,1.335296
8697,1.349632
8698,1.371136
8699,1.336320
8700,1.355776
8701,1.340416
8702,1.307648
8703,1.310720
8704,1.379328
8705,1.389568
8706,1.309696
8707,1.293312
8708,1.346560
8709,1.364992
8710,1.336320
8711,1.366016
8712,1.298432
8713,1.307648
8714,1.368064
8715,1.324032
8716,1.328128
8717,1.334272
8718,1.284096
8719,1.356800
8720,1.335296
8721,1.331200
8722,1.313792
8723,1.336320
8724,1.356800
8725,1.377280
8726,1.348608
8727,1.359872
8728,1.280000
8729,1.361920
8730,1.325056
8731,1.321984
8732,1.326080
8733,1.333248
8734,1.383424
8735,1.272832
8736,0.887808
8737,1.346560
8738,1.303552
8739,1.276928
8740,1.321984
8741,1.376256
8742,1.373184
8743,1.373184
8744,1.328128
8745,1.343488
8746,1.352704
8747,1.326080
8748,1.371136
8749,1.333248
8750,1.293312
8751,1.355776
8752,1.347584
8753,1.323008
8754,1.330176
8755,1.378304
8756,1.337344
8757,1.372160
8758,1.341440
8759,1.338368
8760,1.411072
8761,1.264640
8762,1.334272
8763,1.324032
8764,1.354752
8765,1.343488
8766,1.321984
8767,1.329152
8768,1.343488
8769,1.294336
8770,1.382400
8771,1.335296
8772,1.368064
8773,1.331200
8774,1.342464
8775,1.358848
8776,1.362944
8777,1.316864
8778,1.302528
8779,1.250304
8780,1.314816
8781,1.325056
8782,1.061888
8783,0.733184
8784,0.623616
8785,1.402880
8786,1.327104
8787,1.309696
8788,1.360896
8789,1.361920
8790,1.369088
8791,1.318912
8792,1.319936
8793,1.294336
8794,1.316864
8795,1.363968
8796,1.328128
8797,1.332224
8798,1.367040
8799,1.303552
8800,1.348608
8801,1.281024
8802,1.337344
8803,1.371136
8804,1.344512
8805,1.363968
8806,1.302528
8807,1.303552
8808,1.326080
8809,1.362944
8810,1.357824
8811,1.339392
8812,1.319936
8813,1.314816
8814,1.369088
8815,1.331200
8816,1.347584
8817,1.362944
8818,1.313792
8819,1.341440
8820,1.327104
8821,1.353728
8822,1.370112
8823,1.288192
8824,1.356800
8825,1.359872
8826,1.393664
8827,1.344512
8828,1.329152
8829,1.247232
8830,0.878592
8831,1.330176
8832,1.278976
8833,1.312768
8834,1.318912
8835,1.295360
8836,1.345536
8837,1.272832
8838,1.354752
8839,1.299456
8840,1.276928
8841,1.375232
8842,1.335296
8843,1.348608
8844,1.320960
8845,1.362944
8846,1.318912
8847,1.339392
8848,1.330176
8849,1.339392
8850,1.351680
8851,1.315840
8852,1.317888
8853,1.303552
8854,1.379328
8855,1.293312
8856,1.314816
8857,1.305600
8858,1.352704
8859,1.345536
8860,1.356800
8861,1.308672
8862,1.336320
8863,1.317888
8864,1.288192
8865,1.348608
8866,1.328128
8867,1.356800
8868,1.352704
8869,1.343488
8870,1.354752
8871,1.387520
8872,1.352704
8873,1.320960
8874,1.318912
8875,1.367040
8876,1.055744
8877,0.654336
8878,0.641024
8879,0.604160
8880,0.575488
8881,0.571392
8882,0.569344
8883,0.565248
8884,0.551936
8885,1.406976
8886,1.411072
8887,1.347584
8888,1.375232
8889,1.354752
8890,1.383424
8891,1.354752
8892,1.387520
8893,1.337344
8894,1.373184
8895,1.302528
8896,1.353728
8897,1.402880
8898,1.346560
8899,1.458176
8900,1.353728
8901,1.352704
8902,1.306624
8903,1.305600
8904,1.323008
8905,1.360896
8906,1.324032
8907,1.378304
8908,1.385472
8909,1.370112
8910,1.381376
8911,1.354752
8912,1.293312
8913,1.339392
8914,1.360896
8915,1.315840
8916,1.343488
8917,1.286144
8918,1.319936
8919,1.359872
8920,1.355776
8921,1.381376
8922,1.326080
8923,1.357824
8924,1.352704
8925,1.327104
8926,1.350656
8927,1.326080
8928,1.274880
8929,1.223680
8930,1.147904
8931,1.359872
8932,1.309696
8933,1.286144
8934,1.355776
8935,1.311744
8936,1.351680
8937,1.309696
8938,1.341440
8939,1.314816
8940,1.302528
8941,1.328128
8942,1.370112
8943,1.338368
8944,1.315840
8945,1.363968
8946,1.310720
8947,1.309696
8948,1.301504
8949,1.340416
8950,1.345536
8951,1.362944
8952,1.340416
8953,1.337344
8954,1.357824
8955,1.357824
8956,1.341440
8957,1.305600
8958,1.306624
8959,1.261568
8960,1.320960
8961,1.341440
8962,1.343488
8963,1.362944
8964,1.319936
8965,1.344512
8966,1.339392
8967,1.318912
8968,1.348608
8969,1.395712
8970,1.358848
8971,1.380352
8972,1.328128
8973,1.357824
8974,1.183744
8975,0.828416
8976,1.294336
8977,1.212416
8978,1.330176
8979,1.346560
8980,1.369088
8981,1.362944
8982,1.384448
8983,1.277952
8984,1.377280
8985,1.315840
8986,1.345536
8987,1.361920
8988,1.301504
8989,1.383424
8990,1.338368
8991,1.321984
8992,1.338368
8993,1.351680
8994,1.337344
8995,1.350656
8996,1.332224
8997,1.362944
8998,1.323008
8999,1.324032
9000,1.304576
9001,1.297408
9002,1.283072
9003,1.291264
9004,1.327104
9005,1.342464
9006,1.323008
9007,1.371136
9008,1.352704
9009,1.356800
9010,1.299456
9011,1.330176
9012,1.352704
9013,1.371136
9014,1.320960
9015,1.312768
9016,1.304576
9017,1.301504
9018,1.303552
9019,1.335296
9020,1.341440
9021,1.104896
9022,0.749568
9023,1.236992
9024,1.224704
9025,1.319936
9026,1.376256
9027,1.330176
9028,1.345536
9029,1.332224
9030,1.408000
9031,1.343488
9032,1.342464
9033,1.352704
9034,1.346560
9035,1.321984
9036,1.307648
9037,1.347584
9038,1.356800
9039,1.358848
9040,1.290240
9041,1.306624
9042,1.325056
9043,1.306624
9044,1.332224
9045,1.329152
9046,1.341440
9047,1.308672
9048,1.332224
9049,1.324032
9050,1.335296
9051,1.309696
9052,1.312768
9053,1.335296
9054,1.313792
9055,1.314816
9056,1.299456
9057,1.294336
9058,1.320960
9059,1.339392
9060,1.284096
9061,1.323008
9062,1.286144
9063,1.324032
9064,1.294336
9065,1.313792
9066,1.328128
9067,1.336320
9068,1.263616
9069,0.745472
9070,0.613376
9071,0.615424
9072,0.609280
9073,0.566272
9074,0.552960
9075,1.366016
9076,1.329152
9077,1.374208
9078,1.280000
9079,1.363968
9080,1.330176
9081,1.336320
9082,1.319936
9083,1.294336
9084,1.330176
9085,1.275904
9086,1.323008
9087,1.278976
9088,1.166336
9089,1.269760
9090,1.302528
9091,1.284096
9092,1.329152
9093,1.335296
9094,1.259520
9095,1.293312
9096,1.249280
9097,1.281024
9098,1.341440
9099,1.308672
9100,1.284096
9101,1.350656
9102,1.296384
9103,1.293312
9104,1.294336
9105,1.314816
9106,1.303552
9107,1.303552
9108,1.297408
9109,1.286144
9110,1.326080
9111,1.301504
9112,1.300480
9113,1.343488
9114,1.315840
9115,1.260544
9116,1.302528
9117,2.684928
9118,2.851840
9119,1.297408
9120,1.387520
9121,1.329152
9122,1.288192
9123,1.292288
9124,1.304576
9125,1.311744
9126,1.292288
9127,1.340416
9128,1.293312
9129,1.303552
9130,1.364992
9131,1.343488
9132,1.292288
9133,1.255424
9134,1.399808
9135,1.352704
9136,1.337344
9137,1.380352
9138,1.305600
9139,1.317888
9140,1.360896
9141,3.640320
9142,1.357824
9143,1.316864
9144,1.356800
9145,1.327104
9146,2.397184
9147,1.315840
9148,1.332224
9149,1.380352
9150,2.339840
9151,1.250304
9152,3.638272
9153,1.284096
9154,1.298432
9155,1.327104
9156,1.294336
9157,1.311744
9158,1.333248
9159,1.126400
9160,1.192960
9161,1.231872
9162,1.316864
9163,1.335296
9164,1.306624
9165,1.352704
9166,1.362944
9167,1.275904
9168,1.303552
9169,1.282048
9170,1.293312
9171,1.313792
9172,1.328128
9173,1.326080
9174,1.330176
9175,1.337344
9176,1.325056
9177,1.354752
9178,1.329152
9179,1.323008
9180,1.261568
9181,1.298432
9182,1.296384
9183,1.273856
9184,1.295360
9185,1.314816
9186,1.370112
9187,1.267712
9188,1.317888
9189,1.347584
9190,1.320960
9191,1.289216
9192,1.336320
9193,1.357824
9194,1.307648
9195,1.303552
9196,1.247232
9197,1.297408
9198,1.358848
9199,1.296384
9200,1.318912
9201,1.315840
9202,1.298432
9203,1.258496
9204,1.351680
9205,1.229824
9206,0.826368
9207,0.689152
9208,0.635904
9209,0.630784
9210,1.283072
9211,1.116160
9212,1.334272
9213,1.317888
9214,1.330176
9215,1.277952
9216,1.325056
9217,1.318912
9218,1.352704
9219,1.315840
9220,1.300480
9221,1.273856
9222,1.339392
9223,1.312768
9224,1.333248
9225,1.327104
9226,1.350656
9227,1.284096
9228,1.306624
9229,1.343488
9230,1.324032
9231,1.325056
9232,1.336320
9233,1.350656
9234,1.332224
9235,1.346560
9236,1.327104
9237,1.297408
9238,1.302528
9239,1.290240
9240,1.288192
9241,1.297408
9242,1.280000
9243,1.288192
9244,1.299456
9245,1.339392
9246,1.320960
9247,1.321984
9248,1.344512
9249,1.313792
9250,1.350656
9251,1.332224
9252,1.354752
9253,1.303552
9254,1.323008
9255,1.300480
9256,0.997376
9257,0.713728
9258,0.699392
9259,0.693248
9260,0.656384
9261,0.618496
9262,0.582656
9263,1.305600
9264,1.346560
9265,1.301504
9266,1.325056
9267,1.310720
9268,1.336320
9269,1.281024
9270,1.292288
9271,1.298432
9272,1.297408
9273,1.330176
9274,1.358848
9275,1.320960
9276,1.310720
9277,1.302528
9278,1.304576
9279,1.318912
9280,1.335296
9281,1.276928
9282,1.282048
9283,1.295360
9284,1.329152
9285,1.315840
9286,1.362944
9287,1.350656
9288,1.300480
9289,1.286144
9290,1.308672
9291,1.296384
9292,1.352704
9293,1.324032
9294,1.325056
9295,1.320960
9296,1.260544
9297,1.273856
9298,1.353728
9299,1.314816
9300,1.316864
9301,1.307648
9302,1.339392
9303,1.356800
9304,1.371136
9305,1.302528
9306,1.338368
9307,1.306624
9308,1.201152
9309,0.860160
9310,0.770048
9311,0.792576
9312,1.258496
9313,1.200128
9314,1.280000
9315,1.343488
9316,1.329152
9317,1.281024
9318,1.286144
9319,1.341440
9320,1.310720
9321,1.262592
9322,1.318912
9323,1.293312
9324,1.345536
9325,1.339392
9326,1.324032
9327,1.333248
9328,1.300480
9329,1.309696
9330,1.316864
9331,1.300480
9332,1.297408
9333,1.312768
9334,1.353728
9335,1.288192
9336,1.350656
9337,1.266688
9338,1.303552
9339,1.333248
9340,1.341440
9341,1.325056
9342,1.330176
9343,1.293312
9344,1.297408
9345,1.301504
9346,1.306624
9347,1.319936
9348,1.323008
9349,1.265664
9350,1.292288
9351,1.319936
9352,1.297408
9353,1.338368
9354,1.331200
9355,1.333248
9356,1.318912
9357,1.315840
9358,1.203200
9359,0.778240
9360,1.409024
9361,1.334272
9362,1.364992
9363,1.251328
9364,1.347584
9365,1.294336
9366,1.321984
9367,1.359872
9368,1.350656
9369,1.283072
9370,1.346560
9371,1.316864
9372,1.329152
9373,1.272832
9374,1.300480
9375,1.294336
9376,1.336320
9377,1.334272
9378,1.369088
9379,1.353728
9380,1.263616
9381,1.267712
9382,1.290240
9383,1.358848
9384,1.269760
9385,1.310720
9386,1.313792
9387,1.314816
9388,1.333248
9389,1.282048
9390,1.287168
9391,1.277952
9392,1.299456
9393,1.268736
9394,1.316864
9395,1.311744
9396,1.299456
9397,1.304576
9398,1.345536
9399,1.336320
9400,1.310720
9401,1.296384
9402,1.308672
9403,1.301504
9404,1.327104
9405,1.169408
9406,0.913408
9407,0.837632
9408,0.787456
9409,0.749568
9410,0.693248
9411,0.654336
9412,1.308672
9413,1.384448
9414,1.345536
9415,1.283072
9416,1.304576
9417,1.314816
9418,1.340416
9419,1.310720
9420,1.286144
9421,1.350656
9422,1.313792
9423,1.346560
9424,1.339392
9425,1.318912
9426,1.326080
9427,1.290240
9428,1.305600
9429,1.311744
9430,1.344512
9431,1.294336
9432,1.323008
9433,1.342464
9434,1.333248
9435,1.299456
9436,1.321984
9437,1.330176
9438,1.306624
9439,1.318912
9440,1.261568
9441,1.301504
9442,1.347584
9443,1.339392
9444,1.265664
9445,1.389568
9446,1.293312
9447,1.334272
9448,1.285120
9449,1.507328
9450,1.335296
9451,1.300480
9452,1.303552
9453,1.286144
9454,1.298432
9455,1.300480
9456,1.318912
9457,1.233920
9458,0.815104
9459,0.687104
9460,0.674816
9461,0.671744
9462,0.669696
9463,1.314816
9464,1.244160
9465,1.270784
9466,1.320960
9467,1.340416
9468,1.317888
9469,1.306624
9470,1.353728
9471,1.310720
9472,1.270784
9473,1.372160
9474,1.290240
9475,1.292288
9476,1.308672
9477,1.345536
9478,1.369088
9479,1.288192
9480,1.321984
9481,1.304576
9482,1.314816
9483,1.286144
9484,1.306624
9485,1.313792
9486,1.283072
9487,1.323008
9488,1.333248
9489,1.364992
9490,1.342464
9491,1.333248
9492,1.325056
9493,1.348608
9494,1.337344
9495,1.332224
9496,1.313792
9497,1.294336
9498,1.335296
9499,1.313792
9500,1.354752
9501,1.380352
9502,1.369088
9503,1.339392
9504,1.291264
9505,1.303552
9506,1.363968
9507,1.392640
9508,1.238016
9509,1.353728
9510,1.396736
9511,1.293312
9512,1.266688
9513,1.311744
9514,1.321984
9515,1.298432
9516,1.330176
9517,1.317888
9518,1.343488
9519,1.347584
9520,1.370112
9521,1.303552
9522,1.268736
9523,1.358848
9524,1.305600
9525,1.325056
9526,1.298432
9527,1.323008
9528,1.303552
9529,1.334272
9530,1.314816
9531,1.312768
9532,1.330176
9533,1.300480
9534,1.298432
9535,1.286144
9536,1.332224
9537,1.271808
9538,1.337344
9539,1.345536
9540,1.302528
9541,1.286144
9542,1.376256
9543,1.285120
9544,1.311744
9545,1.295360
9546,1.333248
9547,1.285120
9548,1.288192
9549,1.358848
9550,1.353728
9551,1.313792
9552,1.301504
9553,1.309696
9554,1.254400
9555,1.095680
9556,1.276928
9557,1.147904
9558,1.281024
9559,1.360896
9560,1.357824
9561,1.340416
9562,1.356800
9563,1.314816
9564,1.330176
9565,1.284096
9566,1.304576
9567,1.333248
9568,1.297408
9569,1.327104
9570,1.307648
9571,1.329152
9572,1.299456
9573,1.304576
9574,1.333248
9575,1.295360
9576,1.283072
9577,1.312768
9578,1.298432
9579,1.354752
9580,1.336320
9581,1.347584
9582,1.300480
9583,1.271808
9584,1.300480
9585,1.285120
9586,1.372160
9587,1.321984
9588,1.339392
9589,1.320960
9590,1.328128
9591,1.378304
9592,1.300480
9593,1.359872
9594,1.352704
9595,1.353728
9596,1.301504
9597,1.353728
9598,1.312768
9599,1.306624
9600,1.358848
9601,1.308672
9602,1.046528
9603,1.264640
9604,1.182720
9605,1.319936
9606,1.352704
9607,1.309696
9608,1.308672
9609,1.260544
9610,1.338368
9611,1.336320
9612,1.339392
9613,1.265664
9614,1.303552
9615,1.283072
9616,1.344512
9617,1.308672
9618,1.304576
9619,1.320960
9620,1.351680
9621,1.299456
9622,1.299456
9623,1.293312
9624,1.276928
9625,1.334272
9626,1.335296
9627,1.358848
9628,1.357824
9629,1.270784
9630,1.339392
9631,1.264640
9632,1.303552
9633,1.344512
9634,1.342464
9635,1.341440
9636,1.342464
9637,1.325056
9638,1.340416
9639,1.294336
9640,1.258496
9641,1.333248
9642,1.316864
9643,1.287168
9644,1.270784
9645,1.324032
9646,1.336320
9647,1.331200
9648,1.262592
9649,1.041408
9650,0.921600
9651,1.399808
9652,1.413120
9653,1.313792
9654,1.323008
9655,1.285120
9656,1.300480
9657,1.245184
9658,1.372160
9659,1.318912
9660,1.299456
9661,1.312768
9662,1.294336
9663,1.251328
9664,1.359872
9665,1.307648
9666,1.340416
9667,1.290240
9668,1.305600
9669,1.302528
9670,1.351680
9671,1.326080
9672,1.306624
9673,1.299456
9674,1.333248
9675,1.348608
9676,1.292288
9677,1.341440
9678,1.329152
9679,1.309696
9680,1.341440
9681,1.296384
9682,1.302528
9683,1.339392
9684,1.337344
9685,1.298432
9686,1.286144
9687,1.296384
9688,1.285120
9689,1.272832
9690,1.316864
9691,1.309696
9692,1.358848
9693,1.347584
9694,1.324032
9695,1.324032
9696,1.332224
9697,1.032192
9698,0.747520
9699,1.358848
9700,1.255424
9701,1.310720
9702,1.277952
9703,1.304576
9704,1.358848
9705,1.294336
9706,1.301504
9707,1.273856
9708,1.318912
9709,1.320960
9710,1.292288
9711,1.310720
9712,1.340416
9713,1.285120
9714,1.364992
9715,1.347584
9716,1.378304
9717,1.317888
9718,1.280000
9719,1.323008
9720,1.324032
9721,1.306624
9722,1.263616
9723,1.356800
9724,1.304576
9725,1.321984
9726,1.346560
9727,1.324032
9728,1.317888
9729,1.294336
9730,1.337344
9731,1.320960
9732,1.317888
9733,1.338368
9734,1.343488
9735,1.311744
9736,1.343488
9737,1.335296
9738,1.349632
9739,1.324032
9740,1.330176
9741,1.302528
9742,1.355776
9743,1.355776
9744,1.268736
9745,1.112064
9746,0.792576
9747,1.334272
9748,1.243136
9749,1.320960
9750,1.303552
9751,1.348608
9752,1.270784
9753,1.326080
9754,1.294336
9755,1.301504
9756,1.329152
9757,1.284096
9758,1.268736
9759,1.211392
9760,1.280000
9761,1.300480
9762,1.298432
9763,1.293312
9764,1.235968
9765,1.246208
9766,1.288192
9767,1.258496
9768,1.293312
9769,1.264640
9770,1.265664
9771,1.302528
9772,1.281024
9773,1.282048
9774,1.287168
9775,1.254400
9776,1.270784
9777,1.268736
9778,1.282048
9779,1.307648
9780,1.289216
9781,1.280000
9782,1.266688
9783,1.325056
9784,1.287168
9785,1.254400
9786,1.246208
9787,1.222656
9788,1.303552
9789,1.261568
9790,1.276928
9791,1.310720
9792,1.257472
9793,1.200128
9794,1.173504
9795,0.960512
9796,1.227776
9797,1.187840
9798,1.258496
9799,1.291264
9800,1.233920
9801,1.276928
9802,1.272832
9803,1.284096
9804,1.302528
9805,1.307648
9806,1.227776
9807,1.259520
9808,1.280000
9809,1.234944
9810,1.300480
9811,1.247232
9812,1.275904
9813,1.267712
9814,1.218560
9815,1.293312
9816,1.266688
9817,1.277952
9818,1.251328
9819,1.273856
9820,1.215488
9821,1.248256
9822,1.248256
9823,1.244160
9824,1.201152
9825,1.256448
9826,1.202176
9827,1.230848
9828,1.281024
9829,1.236992
9830,1.205248
9831,1.207296
9832,1.269760
9833,1.271808
9834,1.250304
9835,1.243136
9836,1.211392
9837,1.298432
9838,1.249280
9839,1.274880
9840,1.247232
9841,1.238016
9842,1.250304
9843,1.252352
9844,0.992256
9845,0.787456
9846,0.781312
9847,0.783360
9848,0.723968
9849,1.286144
9850,1.221632
9851,2.579456
9852,1.235968
9853,1.242112
9854,2.641920
9855,1.251328
9856,1.214464
9857,1.256448
9858,1.196032
9859,1.255424
9860,1.245184
9861,1.261568
9862,1.294336
9863,1.225728
9864,1.238016
9865,1.238016
9866,1.202176
9867,1.239040
9868,1.240064
9869,1.266688
9870,1.264640
9871,1.233920
9872,1.256448
9873,1.258496
9874,1.241088
9875,1.229824
9876,1.235968
9877,1.264640
9878,1.259520
9879,1.260544
9880,1.258496
9881,1.268736
9882,1.276928
9883,1.213440
9884,1.277952
9885,1.249280
9886,1.230848
9887,1.262592
9888,1.245184
9889,1.204224
9890,1.258496
9891,1.218560
9892,1.250304
9893,1.252352
9894,1.266688
9895,1.078272
9896,1.168384
9897,1.232896
9898,2.664448
9899,1.261568
9900,2.646016
9901,1.190912
9902,1.179648
9903,1.217536
9904,1.225728
9905,1.242112
9906,1.239040
9907,1.205248
9908,1.256448
9909,1.243136
9910,1.268736
9911,1.267712
9912,1.254400
9913,1.222656
9914,1.260544
9915,1.259520
9916,1.263616
9917,1.234944
9918,1.238016
9919,1.259520
9920,1.257472
9921,1.227776
9922,1.235968
9923,1.224704
9924,1.230848
9925,1.216512
9926,1.218560
9927,1.209344
9928,1.203200
9929,1.253376
9930,1.193984
9931,1.204224
9932,1.179648
9933,1.204224
9934,1.152000
9935,1.183744
9936,1.222656
9937,1.167360
9938,1.182720
9939,1.193984
9940,1.174528
9941,1.183744
9942,1.130496
9943,1.032192
9944,1.114112
9945,0.747520
9946,0.631808
9947,0.604160
9948,1.186816
9949,1.231872
9950,1.169408
9951,1.167360
9952,1.180672
9953,1.209344
9954,1.177600
9955,1.188864
9956,1.152000
9957,1.147904
9958,1.108992
9959,3.322880
9960,1.116160
9961,1.105920
9962,1.118208
9963,1.124352
9964,1.138688
9965,1.158144
9966,1.156096
9967,1.147904
9968,1.133568
9969,1.108992
9970,3.319808
9971,1.082368
9972,1.131520
9973,1.129472
9974,2.182144
9975,1.102848
9976,1.074176
9977,1.106944
9978,1.124352
9979,1.115136
9980,2.126848
9981,3.361792
9982,1.135616
9983,1.142784
9984,1.130496
9985,1.135616
9986,1.114112
9987,1.073152
9988,1.091584
9989,1.079296
9990,1.069056
9991,1.050624
9992,1.077248
9993,1.079296
9994,1.072128
9995,1.084416
9996,1.093632
9997,1.090560
9998,1.093632
9999,0.931840
