iter,ms
0,1.117184
1,1.118208
2,1.136640
3,1.159168
4,1.202176
5,1.179648
6,1.086464
7,1.132544
8,1.120256
9,1.116160
10,1.091584
11,1.080320
12,1.153024
13,1.144832
14,1.134592
15,1.115136
16,1.136640
17,1.098752
18,1.095680
19,1.087488
20,1.097728
21,1.117184
22,1.118208
23,1.133568
24,1.100800
25,1.095680
26,1.086464
27,1.073152
28,1.080320
29,1.127424
30,1.085440
31,1.153024
32,1.158144
33,1.208320
34,1.144832
35,1.104896
36,1.136640
37,1.140736
38,1.144832
39,1.165312
40,1.217536
41,1.113088
42,1.153024
43,1.191936
44,1.181696
45,1.146880
46,1.149952
47,1.104896
48,1.142784
49,1.157120
50,1.200128
51,1.158144
52,1.113088
53,1.114112
54,0.987136
55,1.095680
56,1.095680
57,1.129472
58,1.171456
59,1.177600
60,1.138688
61,1.117184
62,1.127424
63,1.155072
64,1.178624
65,1.153024
66,1.199104
67,1.198080
68,1.198080
69,1.261568
70,1.161216
71,1.163264
72,1.180672
73,1.161216
74,1.143808
75,1.148928
76,1.156096
77,1.416192
78,1.220608
79,1.169408
80,1.146880
81,1.189888
82,1.185792
83,1.177600
84,1.168384
85,1.197056
86,1.190912
87,1.195008
88,1.184768
89,1.285120
90,1.184768
91,1.205248
92,1.227776
93,1.265664
94,1.213440
95,1.211392
96,1.164288
97,1.179648
98,1.257472
99,1.216512
100,1.212416
101,1.227776
102,1.234944
103,1.190912
104,1.196032
105,1.175552
106,1.192960
107,1.022976
108,1.212416
109,1.214464
110,1.226752
111,1.165312
112,1.170432
113,1.177600
114,1.264640
115,1.140736
116,1.196032
117,1.226752
118,1.225728
119,1.187840
120,1.218560
121,1.167360
122,1.166336
123,1.244160
124,1.247232
125,1.212416
126,1.192960
127,1.157120
128,1.150976
129,1.160192
130,1.159168
131,1.177600
132,1.185792
133,1.187840
134,1.214464
135,1.443840
136,1.124352
137,1.186816
138,1.185792
139,1.181696
140,1.155072
141,1.167360
142,1.172480
143,1.154048
144,1.201152
145,1.249280
146,1.294336
147,1.213440
148,1.186816
149,1.223680
150,1.204224
151,1.161216
152,1.183744
153,1.180672
154,1.166336
155,1.242112
156,0.995328
157,1.172480
158,1.172480
159,1.238016
160,1.247232
161,1.197056
162,1.229824
163,1.206272
164,1.210368
165,1.219584
166,1.173504
167,1.193984
168,1.220608
169,1.317888
170,1.223680
171,1.243136
172,1.260544
173,1.220608
174,1.236992
175,1.257472
176,1.221632
177,1.303552
178,1.278976
179,1.258496
180,1.266688
181,1.235968
182,1.268736
183,1.212416
184,1.233920
185,1.305600
186,1.302528
187,1.255424
188,1.273856
189,1.227776
190,1.213440
191,1.215488
192,1.232896
193,1.212416
194,1.268736
195,1.235968
196,1.268736
197,1.250304
198,1.251328
199,1.255424
200,1.230848
201,1.271808
202,1.219584
203,1.271808
204,1.263616
205,0.985088
206,0.804864
207,0.614400
208,0.600064
209,0.598016
210,0.596992
211,0.588800
212,1.321984
213,1.219584
214,1.297408
215,1.244160
216,1.243136
217,1.267712
218,1.260544
219,1.219584
220,1.249280
221,1.208320
222,1.244160
223,1.209344
224,1.210368
225,1.227776
226,1.256448
227,1.299456
228,1.303552
229,1.251328
230,1.252352
231,1.298432
232,1.287168
233,1.315840
234,1.286144
235,1.288192
236,1.297408
237,1.337344
238,1.304576
239,1.315840
240,1.355776
241,1.376256
242,1.385472
243,1.351680
244,1.359872
245,1.410048
246,1.380352
247,1.349632
248,1.381376
249,1.376256
250,1.330176
251,1.410048
252,1.349632
253,1.339392
254,1.306624
255,1.317888
256,1.356800
257,1.336320
258,1.210368
259,1.273856
260,1.235968
261,1.319936
262,1.413120
263,1.346560
264,1.380352
265,1.416192
266,1.370112
267,1.329152
268,1.343488
269,1.325056
270,1.346560
271,1.384448
272,1.332224
273,1.356800
274,1.344512
275,1.330176
276,1.350656
277,1.362944
278,1.334272
279,1.296384
280,1.372160
281,1.312768
282,1.340416
283,1.343488
284,1.323008
285,1.372160
286,1.307648
287,1.329152
288,1.357824
289,1.362944
290,1.411072
291,1.391616
292,1.379328
293,1.325056
294,1.351680
295,1.328128
296,1.309696
297,1.320960
298,1.294336
299,1.342464
300,1.342464
301,1.344512
302,1.381376
303,1.256448
304,0.817152
305,0.663552
306,0.651264
307,0.615424
308,0.599040
309,0.589824
310,1.366016
311,1.350656
312,1.304576
313,1.316864
314,1.307648
315,1.297408
316,1.326080
317,1.370112
318,1.330176
319,1.389568
320,1.331200
321,1.360896
322,1.339392
323,1.321984
324,1.404928
325,1.356800
326,1.371136
327,1.371136
328,1.363968
329,1.308672
330,1.305600
331,1.317888
332,1.359872
333,1.325056
334,1.309696
335,1.324032
336,1.312768
337,1.345536
338,1.382400
339,1.338368
340,1.383424
341,1.363968
342,1.354752
343,1.349632
344,1.334272
345,1.390592
346,1.341440
347,1.343488
348,1.343488
349,1.406976
350,1.324032
351,1.349632
352,1.327104
353,1.288192
354,1.289216
355,0.963584
356,0.635904
357,0.603136
358,0.610304
359,0.604160
360,0.598016
361,1.345536
362,1.336320
363,1.310720
364,1.384448
365,1.333248
366,1.403904
367,1.366016
368,1.398784
369,1.329152
370,1.346560
371,1.321984
372,1.302528
373,1.306624
374,1.346560
375,1.337344
376,1.332224
377,1.348608
378,1.323008
379,1.316864
380,1.329152
381,1.369088
382,1.341440
383,1.299456
384,1.338368
385,1.356800
386,1.352704
387,1.349632
388,1.354752
389,1.364992
390,1.351680
391,1.277952
392,1.363968
393,1.347584
394,1.344512
395,1.319936
396,1.317888
397,1.382400
398,1.355776
399,1.312768
400,1.356800
401,1.315840
402,1.323008
403,1.310720
404,1.320960
405,1.335296
406,0.916480
407,1.369088
408,1.306624
409,1.366016
410,1.350656
411,1.307648
412,1.326080
413,1.371136
414,1.331200
415,1.308672
416,1.294336
417,1.311744
418,1.366016
419,1.343488
420,1.374208
421,1.379328
422,1.364992
423,1.333248
424,1.317888
425,1.305600
426,1.362944
427,1.351680
428,1.362944
429,1.374208
430,1.373184
431,1.342464
432,1.355776
433,1.281024
434,1.305600
435,1.344512
436,1.362944
437,1.312768
438,1.358848
439,1.299456
440,1.351680
441,1.324032
442,1.358848
443,1.351680
444,1.337344
445,1.324032
446,1.339392
447,1.320960
448,1.366016
449,1.333248
450,1.316864
451,1.277952
452,1.216512
453,1.233920
454,1.324032
455,1.324032
456,1.318912
457,1.359872
458,1.296384
459,1.338368
460,1.325056
461,1.335296
462,1.307648
463,1.346560
464,1.351680
465,1.342464
466,1.342464
467,1.287168
468,1.316864
469,1.304576
470,1.346560
471,1.374208
472,1.324032
473,1.380352
474,1.349632
475,1.355776
476,1.335296
477,1.362944
478,1.313792
479,1.300480
480,1.302528
481,1.276928
482,1.323008
483,1.286144
484,1.325056
485,1.327104
486,1.274880
487,1.309696
488,1.348608
489,1.320960
490,1.348608
491,1.364992
492,1.345536
493,1.335296
494,1.314816
495,1.376256
496,1.238016
497,0.878592
498,0.733184
499,0.659456
500,0.620544
501,1.602560
502,1.388544
503,1.352704
504,1.262592
505,1.373184
506,1.341440
507,1.357824
508,1.392640
509,1.383424
510,1.391616
511,1.292288
512,1.321984
513,1.320960
514,1.326080
515,1.312768
516,1.320960
517,1.351680
518,1.321984
519,1.303552
520,1.363968
521,1.345536
522,1.337344
523,1.303552
524,1.375232
525,1.340416
526,1.354752
527,1.355776
528,1.423360
529,1.292288
530,1.299456
531,1.300480
532,1.334272
533,1.353728
534,1.312768
535,1.278976
536,1.304576
537,1.360896
538,1.309696
539,1.332224
540,1.334272
541,1.388544
542,1.315840
543,1.349632
544,1.306624
545,1.449984
546,1.380352
547,1.345536
548,1.429504
549,1.368064
550,1.352704
551,1.346560
552,1.355776
553,1.323008
554,1.326080
555,1.329152
556,1.329152
557,1.306624
558,1.295360
559,1.298432
560,1.337344
561,1.309696
562,1.320960
563,1.320960
564,1.328128
565,1.318912
566,1.287168
567,1.315840
568,1.317888
569,1.370112
570,1.331200
571,1.336320
572,1.326080
573,1.353728
574,1.359872
575,1.340416
576,1.325056
577,1.325056
578,1.274880
579,1.369088
580,1.326080
581,1.372160
582,1.353728
583,1.329152
584,1.366016
585,1.319936
586,1.404928
587,1.339392
588,1.313792
589,1.225728
590,0.744448
591,0.640000
592,1.327104
593,1.193984
594,1.289216
595,1.349632
596,1.371136
597,1.339392
598,1.363968
599,1.310720
600,1.332224
601,1.364992
602,1.296384
603,1.297408
604,1.345536
605,1.332224
606,1.351680
607,1.332224
608,1.336320
609,1.277952
610,1.289216
611,1.289216
612,1.307648
613,1.323008
614,1.304576
615,1.270784
616,1.337344
617,1.350656
618,1.345536
619,1.358848
620,1.301504
621,1.288192
622,1.308672
623,1.267712
624,1.298432
625,1.342464
626,1.355776
627,1.384448
628,1.376256
629,1.344512
630,1.373184
631,1.328128
632,1.377280
633,1.288192
634,1.303552
635,1.298432
636,1.272832
637,1.141760
638,0.777216
639,1.395712
640,1.295360
641,1.246208
642,1.317888
643,1.294336
644,1.374208
645,1.356800
646,1.389568
647,1.369088
648,1.356800
649,1.366016
650,1.324032
651,1.339392
652,1.291264
653,1.288192
654,1.317888
655,1.359872
656,1.328128
657,1.327104
658,1.372160
659,1.373184
660,1.358848
661,1.341440
662,1.358848
663,1.382400
664,1.316864
665,1.336320
666,1.340416
667,1.368064
668,1.397760
669,1.345536
670,1.312768
671,1.377280
672,1.344512
673,1.303552
674,1.336320
675,1.301504
676,1.355776
677,1.302528
678,1.341440
679,1.355776
680,1.336320
681,1.351680
682,1.346560
683,1.092608
684,0.763904
685,0.658432
686,0.653312
687,1.377280
688,1.353728
689,1.300480
690,1.331200
691,1.358848
692,1.274880
693,1.314816
694,1.301504
695,1.334272
696,1.364992
697,1.353728
698,1.333248
699,1.324032
700,1.354752
701,1.366016
702,1.332224
703,1.311744
704,1.367040
705,1.315840
706,1.318912
707,1.349632
708,1.381376
709,1.345536
710,1.333248
711,1.351680
712,1.335296
713,1.372160
714,1.333248
715,1.360896
716,1.361920
717,1.342464
718,1.363968
719,1.319936
720,1.315840
721,1.395712
722,1.369088
723,1.335296
724,1.343488
725,1.342464
726,1.343488
727,1.315840
728,1.353728
729,1.335296
730,1.327104
731,1.082368
732,0.781312
733,0.729088
734,0.621568
735,0.621568
736,0.635904
737,0.620544
738,0.575488
739,0.557056
740,1.401856
741,1.378304
742,1.312768
743,1.281024
744,1.249280
745,1.340416
746,1.311744
747,1.335296
748,1.357824
749,1.313792
750,1.350656
751,1.392640
752,1.335296
753,1.394688
754,1.318912
755,1.361920
756,1.371136
757,1.364992
758,1.373184
759,1.368064
760,1.375232
761,1.347584
762,1.330176
763,1.357824
764,1.366016
765,1.310720
766,1.311744
767,1.362944
768,1.294336
769,1.324032
770,1.294336
771,1.251328
772,1.285120
773,1.297408
774,1.327104
775,1.372160
776,1.359872
777,1.360896
778,1.363968
779,1.351680
780,1.358848
781,1.328128
782,1.345536
783,1.367040
784,1.210368
785,1.292288
786,1.191936
787,1.290240
788,1.314816
789,1.385472
790,1.325056
791,1.354752
792,1.355776
793,1.308672
794,1.357824
795,1.346560
796,1.276928
797,1.314816
798,1.250304
799,1.307648
800,1.323008
801,1.320960
802,1.373184
803,1.349632
804,1.333248
805,1.311744
806,1.340416
807,1.357824
808,1.309696
809,1.343488
810,1.349632
811,1.355776
812,1.353728
813,1.355776
814,1.304576
815,1.298432
816,1.352704
817,1.302528
818,1.386496
819,1.323008
820,1.338368
821,1.312768
822,1.331200
823,1.313792
824,1.380352
825,1.347584
826,1.333248
827,1.324032
828,1.315840
829,1.317888
830,1.273856
831,0.957440
832,1.332224
833,1.259520
834,1.318912
835,1.314816
836,1.295360
837,1.358848
838,1.312768
839,1.350656
840,1.386496
841,1.388544
842,1.373184
843,1.349632
844,1.321984
845,1.340416
846,1.362944
847,1.297408
848,1.289216
849,1.345536
850,1.342464
851,1.357824
852,1.278976
853,1.357824
854,1.336320
855,1.393664
856,1.357824
857,1.349632
858,1.341440
859,1.350656
860,1.314816
861,1.314816
862,1.350656
863,1.313792
864,1.558528
865,1.316864
866,1.333248
867,1.336320
868,1.359872
869,1.314816
870,1.304576
871,1.386496
872,1.356800
873,1.355776
874,1.327104
875,1.341440
876,1.154048
877,1.206272
878,1.175552
879,1.270784
880,1.282048
881,1.294336
882,1.292288
883,1.326080
884,1.295360
885,1.315840
886,1.317888
887,1.348608
888,1.325056
889,1.303552
890,1.292288
891,1.356800
892,1.294336
893,1.352704
894,1.353728
895,1.303552
896,1.309696
897,1.330176
898,1.352704
899,1.357824
900,1.321984
901,1.295360
902,1.360896
903,1.349632
904,1.358848
905,1.321984
906,1.360896
907,1.309696
908,1.340416
909,1.366016
910,1.373184
911,1.325056
912,1.345536
913,1.317888
914,1.350656
915,1.329152
916,1.347584
917,1.319936
918,1.313792
919,1.351680
920,1.286144
921,1.351680
922,1.050624
923,1.295360
924,1.205248
925,1.337344
926,1.353728
927,1.329152
928,1.308672
929,1.313792
930,1.284096
931,1.335296
932,1.300480
933,1.363968
934,1.304576
935,1.366016
936,1.311744
937,1.336320
938,1.340416
939,1.355776
940,1.352704
941,1.342464
942,1.347584
943,1.308672
944,1.348608
945,1.324032
946,1.347584
947,1.330176
948,1.355776
949,1.369088
950,1.329152
951,1.348608
952,1.334272
953,1.326080
954,1.309696
955,1.340416
956,1.337344
957,1.326080
958,1.297408
959,1.354752
960,1.354752
961,1.339392
962,1.330176
963,1.353728
964,1.511424
965,1.368064
966,1.341440
967,1.321984
968,0.959488
969,1.288192
970,1.166336
971,1.235968
972,1.335296
973,1.354752
974,1.343488
975,1.377280
976,1.311744
977,1.351680
978,1.320960
979,1.307648
980,1.354752
981,1.362944
982,1.320960
983,1.368064
984,1.409024
985,1.312768
986,1.373184
987,1.362944
988,1.327104
989,1.390592
990,1.314816
991,1.328128
992,1.370112
993,1.287168
994,1.263616
995,1.355776
996,1.307648
997,1.292288
998,1.351680
999,1.301504
1000,1.366016
1001,1.369088
1002,1.325056
1003,1.308672
1004,1.308672
1005,1.349632
1006,1.335296
1007,1.380352
1008,1.345536
1009,1.324032
1010,1.339392
1011,1.296384
1012,1.264640
1013,1.298432
1014,1.052672
1015,0.798720
1016,0.619520
1017,0.603136
1018,0.595968
1019,0.567296
1020,1.418240
1021,1.373184
1022,1.377280
1023,1.362944
1024,1.334272
1025,1.349632
1026,1.354752
1027,1.326080
1028,1.344512
1029,1.356800
1030,1.341440
1031,1.351680
1032,1.361920
1033,1.350656
1034,1.356800
1035,1.317888
1036,1.340416
1037,1.281024
1038,1.290240
1039,1.318912
1040,1.327104
1041,1.373184
1042,1.398784
1043,1.383424
1044,1.369088
1045,1.444864
1046,1.310720
1047,1.345536
1048,1.309696
1049,1.355776
1050,1.343488
1051,1.323008
1052,1.329152
1053,1.306624
1054,1.295360
1055,1.344512
1056,1.330176
1057,1.342464
1058,1.364992
1059,1.281024
1060,1.350656
1061,1.350656
1062,1.302528
1063,1.341440
1064,1.119232
1065,0.869376
1066,0.761856
1067,0.642048
1068,0.610304
1069,0.591872
1070,0.571392
1071,1.410048
1072,1.366016
1073,1.353728
1074,1.307648
1075,1.336320
1076,1.344512
1077,1.344512
1078,1.307648
1079,1.328128
1080,1.336320
1081,1.332224
1082,1.303552
1083,1.329152
1084,1.384448
1085,1.347584
1086,1.388544
1087,1.406976
1088,1.350656
1089,1.366016
1090,1.307648
1091,1.281024
1092,1.348608
1093,1.327104
1094,1.370112
1095,1.355776
1096,1.340416
1097,1.306624
1098,1.366016
1099,1.373184
1100,1.352704
1101,1.335296
1102,1.356800
1103,1.350656
1104,1.361920
1105,1.339392
1106,1.408000
1107,1.385472
1108,1.355776
1109,1.349632
1110,1.347584
1111,1.311744
1112,1.351680
1113,1.342464
1114,1.266688
1115,1.208320
1116,1.123328
1117,1.250304
1118,1.316864
1119,1.317888
1120,1.342464
1121,1.336320
1122,1.333248
1123,1.410048
1124,1.304576
1125,1.400832
1126,1.337344
1127,1.359872
1128,1.329152
1129,1.311744
1130,1.345536
1131,1.307648
1132,1.287168
1133,1.347584
1134,1.371136
1135,1.272832
1136,1.346560
1137,1.311744
1138,1.372160
1139,1.329152
1140,1.337344
1141,1.332224
1142,1.361920
1143,1.354752
1144,1.371136
1145,1.391616
1146,1.351680
1147,1.345536
1148,1.339392
1149,1.294336
1150,1.337344
1151,1.289216
1152,1.374208
1153,1.321984
1154,1.321984
1155,1.429504
1156,1.361920
1157,1.370112
1158,1.364992
1159,1.358848
1160,1.132544
1161,1.253376
1162,1.173504
1163,1.326080
1164,1.313792
1165,1.348608
1166,1.328128
1167,1.316864
1168,1.308672
1169,1.317888
1170,1.302528
1171,1.327104
1172,1.356800
1173,1.391616
1174,1.364992
1175,1.345536
1176,1.223680
1177,1.263616
1178,1.272832
1179,1.369088
1180,1.338368
1181,1.372160
1182,1.415168
1183,1.371136
1184,1.399808
1185,1.351680
1186,1.311744
1187,1.311744
1188,1.368064
1189,1.336320
1190,1.328128
1191,1.351680
1192,1.334272
1193,1.402880
1194,1.380352
1195,1.300480
1196,1.327104
1197,1.381376
1198,1.371136
1199,1.389568
1200,1.339392
1201,1.342464
1202,1.357824
1203,1.341440
1204,1.327104
1205,1.335296
1206,1.043456
1207,0.636928
1208,0.608256
1209,0.601088
1210,0.592896
1211,0.581632
1212,1.410048
1213,1.367040
1214,1.419264
1215,1.402880
1216,1.331200
1217,1.385472
1218,1.369088
1219,1.372160
1220,1.361920
1221,1.327104
1222,1.337344
1223,1.347584
1224,1.375232
1225,1.350656
1226,1.312768
1227,1.338368
1228,1.350656
1229,1.335296
1230,1.330176
1231,1.337344
1232,1.306624
1233,1.382400
1234,1.353728
1235,1.348608
1236,1.340416
1237,1.339392
1238,1.339392
1239,1.326080
1240,1.379328
1241,1.348608
1242,1.374208
1243,1.323008
1244,1.302528
1245,1.323008
1246,1.340416
1247,1.352704
1248,1.312768
1249,1.316864
1250,1.328128
1251,1.341440
1252,1.306624
1253,1.354752
1254,1.342464
1255,1.328128
1256,1.007616
1257,1.382400
1258,1.411072
1259,1.379328
1260,1.369088
1261,1.342464
1262,1.345536
1263,1.337344
1264,1.355776
1265,1.357824
1266,1.317888
1267,1.392640
1268,1.372160
1269,1.298432
1270,1.293312
1271,1.289216
1272,1.368064
1273,1.323008
1274,1.316864
1275,1.319936
1276,1.347584
1277,1.307648
1278,1.369088
1279,1.315840
1280,1.296384
1281,1.358848
1282,1.325056
1283,1.390592
1284,1.366016
1285,1.323008
1286,1.337344
1287,1.362944
1288,1.300480
1289,1.313792
1290,1.305600
1291,1.290240
1292,1.286144
1293,1.349632
1294,1.304576
1295,1.304576
1296,1.345536
1297,1.318912
1298,1.312768
1299,1.311744
1300,1.339392
1301,1.347584
1302,1.048576
1303,1.307648
1304,1.222656
1305,1.288192
1306,1.353728
1307,1.377280
1308,1.342464
1309,1.344512
1310,1.312768
1311,1.359872
1312,1.332224
1313,1.312768
1314,1.390592
1315,1.338368
1316,1.327104
1317,1.349632
1318,1.380352
1319,1.366016
1320,1.371136
1321,1.346560
1322,1.319936
1323,1.363968
1324,1.336320
1325,1.295360
1326,1.329152
1327,1.335296
1328,1.390592
1329,1.474560
1330,1.324032
1331,1.340416
1332,1.343488
1333,1.325056
1334,1.317888
1335,1.294336
1336,1.400832
1337,1.287168
1338,1.294336
1339,1.362944
1340,1.325056
1341,1.345536
1342,1.320960
1343,1.301504
1344,1.346560
1345,1.336320
1346,1.336320
1347,1.325056
1348,1.209344
1349,1.127424
1350,1.263616
1351,1.286144
1352,1.323008
1353,1.311744
1354,1.324032
1355,1.338368
1356,1.334272
1357,1.321984
1358,1.344512
1359,1.324032
1360,1.341440
1361,1.333248
1362,1.344512
1363,1.333248
1364,1.317888
1365,1.338368
1366,1.349632
1367,1.302528
1368,1.343488
1369,1.334272
1370,1.352704
1371,1.330176
1372,1.337344
1373,1.368064
1374,1.285120
1375,1.272832
1376,1.324032
1377,1.344512
1378,1.366016
1379,1.390592
1380,1.283072
1381,1.300480
1382,1.404928
1383,1.393664
1384,1.271808
1385,1.381376
1386,1.361920
1387,1.371136
1388,1.289216
1389,1.342464
1390,1.316864
1391,1.310720
1392,1.374208
1393,1.016832
1394,0.677888
1395,1.370112
1396,1.369088
1397,1.369088
1398,1.309696
1399,1.326080
1400,1.313792
1401,1.305600
1402,1.379328
1403,1.333248
1404,1.342464
1405,1.354752
1406,1.333248
1407,1.336320
1408,1.345536
1409,1.386496
1410,1.339392
1411,1.368064
1412,1.302528
1413,1.330176
1414,1.305600
1415,1.306624
1416,1.331200
1417,1.385472
1418,1.327104
1419,1.357824
1420,1.354752
1421,1.338368
1422,1.350656
1423,1.285120
1424,1.335296
1425,1.367040
1426,1.378304
1427,1.474560
1428,1.334272
1429,1.363968
1430,1.341440
1431,1.332224
1432,1.371136
1433,1.336320
1434,1.333248
1435,1.351680
1436,1.327104
1437,1.354752
1438,1.313792
1439,1.044480
1440,1.340416
1441,1.252352
1442,1.311744
1443,1.327104
1444,1.334272
1445,1.337344
1446,1.349632
1447,1.332224
1448,1.394688
1449,1.353728
1450,1.375232
1451,1.381376
1452,1.378304
1453,1.333248
1454,1.325056
1455,1.375232
1456,1.384448
1457,1.296384
1458,1.332224
1459,1.345536
1460,1.338368
1461,1.338368
1462,1.354752
1463,1.327104
1464,1.321984
1465,1.329152
1466,1.308672
1467,1.386496
1468,1.387520
1469,1.345536
1470,1.353728
1471,1.304576
1472,1.338368
1473,1.369088
1474,1.359872
1475,1.304576
1476,1.321984
1477,1.298432
1478,1.341440
1479,1.345536
1480,1.337344
1481,1.359872
1482,1.353728
1483,1.331200
1484,1.217536
1485,1.129472
1486,1.328128
1487,1.162240
1488,1.295360
1489,1.376256
1490,1.385472
1491,1.362944
1492,1.351680
1493,1.341440
1494,1.339392
1495,1.342464
1496,1.370112
1497,1.347584
1498,1.345536
1499,1.265664
1500,1.344512
1501,1.284096
1502,1.364992
1503,1.351680
1504,1.343488
1505,1.335296
1506,1.333248
1507,1.342464
1508,1.347584
1509,1.399808
1510,1.339392
1511,1.338368
1512,1.346560
1513,1.336320
1514,1.332224
1515,1.344512
1516,1.334272
1517,1.337344
1518,1.285120
1519,1.325056
1520,1.332224
1521,1.309696
1522,1.357824
1523,1.325056
1524,1.401856
1525,1.300480
1526,1.287168
1527,1.344512
1528,1.309696
1529,1.310720
1530,1.268736
1531,0.892928
1532,0.900096
1533,0.994304
1534,1.252352
1535,1.324032
1536,1.317888
1537,1.340416
1538,1.292288
1539,1.348608
1540,1.313792
1541,1.310720
1542,1.339392
1543,1.355776
1544,1.342464
1545,1.325056
1546,1.349632
1547,1.340416
1548,1.346560
1549,1.364992
1550,1.333248
1551,1.296384
1552,1.334272
1553,1.306624
1554,1.321984
1555,1.340416
1556,1.358848
1557,1.295360
1558,1.385472
1559,1.366016
1560,1.309696
1561,1.354752
1562,1.363968
1563,1.348608
1564,1.324032
1565,1.326080
1566,1.388544
1567,1.329152
1568,1.316864
1569,1.343488
1570,1.394688
1571,1.250304
1572,1.308672
1573,1.329152
1574,1.349632
1575,1.382400
1576,1.375232
1577,1.315840
1578,1.056768
1579,0.788480
1580,1.020928
1581,1.312768
1582,1.329152
1583,1.348608
1584,1.361920
1585,1.361920
1586,1.318912
1587,1.294336
1588,1.343488
1589,1.319936
1590,1.338368
1591,1.369088
1592,1.341440
1593,1.370112
1594,1.309696
1595,1.360896
1596,1.327104
1597,1.349632
1598,1.341440
1599,1.342464
1600,1.312768
1601,1.327104
1602,1.315840
1603,1.323008
1604,1.332224
1605,1.303552
1606,1.303552
1607,1.299456
1608,1.321984
1609,1.333248
1610,1.371136
1611,1.341440
1612,1.328128
1613,1.340416
1614,1.374208
1615,1.403904
1616,1.326080
1617,1.394688
1618,1.316864
1619,1.349632
1620,1.375232
1621,1.400832
1622,1.330176
1623,1.324032
1624,1.293312
1625,1.010688
1626,0.675840
1627,0.604160
1628,0.602112
1629,0.588800
1630,1.447936
1631,1.376256
1632,1.360896
1633,1.361920
1634,1.349632
1635,1.296384
1636,1.294336
1637,1.331200
1638,1.361920
1639,1.318912
1640,1.271808
1641,1.289216
1642,1.352704
1643,1.327104
1644,1.392640
1645,1.316864
1646,1.310720
1647,1.373184
1648,1.353728
1649,1.348608
1650,1.335296
1651,1.348608
1652,1.360896
1653,1.380352
1654,1.335296
1655,1.310720
1656,1.338368
1657,1.349632
1658,1.332224
1659,1.298432
1660,1.347584
1661,1.361920
1662,1.383424
1663,1.334272
1664,1.334272
1665,1.349632
1666,1.291264
1667,1.342464
1668,1.320960
1669,1.344512
1670,1.285120
1671,1.301504
1672,1.323008
1673,1.303552
1674,1.296384
1675,1.039360
1676,0.665600
1677,0.609280
1678,0.592896
1679,0.586752
1680,0.574464
1681,1.390592
1682,1.432576
1683,1.342464
1684,1.353728
1685,1.309696
1686,1.307648
1687,1.340416
1688,1.265664
1689,1.299456
1690,1.350656
1691,1.361920
1692,1.284096
1693,1.348608
1694,1.316864
1695,1.361920
1696,1.299456
1697,1.319936
1698,1.298432
1699,1.317888
1700,1.313792
1701,1.328128
1702,1.327104
1703,1.306624
1704,1.353728
1705,1.312768
1706,1.362944
1707,1.343488
1708,1.417216
1709,1.361920
1710,1.359872
1711,1.388544
1712,1.281024
1713,1.306624
1714,1.317888
1715,1.350656
1716,1.338368
1717,1.356800
1718,1.336320
1719,1.400832
1720,1.343488
1721,1.385472
1722,1.376256
1723,1.318912
1724,1.323008
1725,1.276928
1726,1.210368
1727,1.174528
1728,1.295360
1729,1.301504
1730,1.310720
1731,1.294336
1732,1.340416
1733,1.313792
1734,1.320960
1735,1.323008
1736,1.328128
1737,1.307648
1738,1.375232
1739,1.342464
1740,1.315840
1741,1.323008
1742,1.296384
1743,1.357824
1744,1.323008
1745,1.313792
1746,1.345536
1747,1.330176
1748,1.319936
1749,1.297408
1750,1.307648
1751,1.308672
1752,1.369088
1753,1.327104
1754,1.303552
1755,1.326080
1756,1.325056
1757,1.336320
1758,1.363968
1759,1.333248
1760,1.340416
1761,1.307648
1762,1.323008
1763,1.318912
1764,1.360896
1765,1.356800
1766,1.357824
1767,1.337344
1768,1.291264
1769,1.316864
1770,1.359872
1771,1.162240
1772,0.795648
1773,0.636928
1774,0.615424
1775,1.384448
1776,1.366016
1777,1.349632
1778,1.329152
1779,1.301504
1780,1.308672
1781,1.341440
1782,1.384448
1783,1.302528
1784,1.308672
1785,1.326080
1786,1.345536
1787,1.361920
1788,1.363968
1789,1.355776
1790,1.339392
1791,1.305600
1792,1.333248
1793,1.347584
1794,1.361920
1795,1.334272
1796,1.348608
1797,1.293312
1798,1.323008
1799,1.345536
1800,1.346560
1801,1.443840
1802,1.341440
1803,1.274880
1804,1.296384
1805,1.305600
1806,1.350656
1807,1.313792
1808,1.317888
1809,1.356800
1810,1.330176
1811,1.357824
1812,1.288192
1813,1.368064
1814,1.358848
1815,1.349632
1816,1.329152
1817,1.380352
1818,1.326080
1819,1.253376
1820,1.355776
1821,1.222656
1822,1.246208
1823,1.327104
1824,1.360896
1825,1.338368
1826,1.299456
1827,1.330176
1828,1.360896
1829,1.333248
1830,1.334272
1831,1.368064
1832,1.361920
1833,1.338368
1834,1.302528
1835,1.306624
1836,1.345536
1837,1.377280
1838,1.367040
1839,1.384448
1840,1.312768
1841,1.306624
1842,1.316864
1843,1.349632
1844,1.360896
1845,1.326080
1846,1.335296
1847,1.331200
1848,1.331200
1849,1.404928
1850,1.399808
1851,1.362944
1852,1.348608
1853,1.331200
1854,1.344512
1855,1.338368
1856,1.347584
1857,1.338368
1858,1.353728
1859,1.317888
1860,1.309696
1861,1.363968
1862,1.321984
1863,1.333248
1864,1.316864
1865,0.963584
1866,0.704512
1867,0.688128
1868,0.662528
1869,0.592896
1870,0.572416
1871,1.425408
1872,1.422336
1873,1.388544
1874,1.347584
1875,1.397760
1876,1.368064
1877,1.327104
1878,1.354752
1879,1.320960
1880,1.335296
1881,1.380352
1882,1.341440
1883,1.339392
1884,1.370112
1885,1.355776
1886,1.372160
1887,1.330176
1888,1.325056
1889,1.297408
1890,1.354752
1891,1.355776
1892,1.389568
1893,1.315840
1894,1.332224
1895,1.304576
1896,1.306624
1897,1.345536
1898,1.291264
1899,1.302528
1900,1.285120
1901,1.345536
1902,1.295360
1903,1.360896
1904,1.323008
1905,1.337344
1906,1.392640
1907,1.341440
1908,1.330176
1909,1.332224
1910,1.316864
1911,1.379328
1912,1.267712
1913,1.329152
1914,1.353728
1915,1.243136
1916,1.412096
1917,1.361920
1918,1.319936
1919,1.300480
1920,1.318912
1921,1.351680
1922,1.282048
1923,1.294336
1924,1.348608
1925,1.316864
1926,1.346560
1927,1.389568
1928,1.340416
1929,1.347584
1930,1.304576
1931,1.288192
1932,1.315840
1933,1.386496
1934,1.375232
1935,1.347584
1936,1.313792
1937,1.344512
1938,1.304576
1939,1.328128
1940,1.336320
1941,1.347584
1942,1.336320
1943,1.345536
1944,1.342464
1945,1.333248
1946,1.402880
1947,1.386496
1948,1.373184
1949,1.357824
1950,1.356800
1951,1.396736
1952,1.306624
1953,1.384448
1954,1.370112
1955,1.377280
1956,1.308672
1957,1.300480
1958,1.352704
1959,1.305600
1960,1.212416
1961,0.801792
1962,0.647168
1963,0.648192
1964,0.595968
1965,1.424384
1966,1.333248
1967,1.290240
1968,1.271808
1969,1.313792
1970,1.329152
1971,1.335296
1972,1.312768
1973,1.326080
1974,1.388544
1975,1.328128
1976,1.351680
1977,1.349632
1978,1.307648
1979,1.335296
1980,1.327104
1981,1.364992
1982,1.305600
1983,1.375232
1984,1.355776
1985,1.364992
1986,1.317888
1987,1.352704
1988,1.360896
1989,1.387520
1990,1.352704
1991,1.308672
1992,1.316864
1993,1.343488
1994,1.330176
1995,1.353728
1996,1.312768
1997,1.352704
1998,1.335296
1999,1.368064
2000,1.324032
2001,1.372160
2002,1.342464
2003,1.307648
2004,1.345536
2005,1.299456
2006,1.323008
2007,1.343488
2008,1.311744
2009,1.305600
2010,1.130496
2011,0.643072
2012,0.578560
2013,1.367040
2014,1.395712
2015,1.342464
2016,1.384448
2017,1.400832
2018,1.349632
2019,1.374208
2020,1.314816
2021,1.358848
2022,1.291264
2023,1.326080
2024,1.334272
2025,1.297408
2026,1.359872
2027,1.341440
2028,1.359872
2029,1.351680
2030,1.326080
2031,1.385472
2032,1.357824
2033,1.350656
2034,1.328128
2035,1.352704
2036,1.358848
2037,1.300480
2038,1.340416
2039,1.344512
2040,1.309696
2041,1.297408
2042,1.298432
2043,1.361920
2044,1.386496
2045,1.350656
2046,1.331200
2047,1.400832
2048,1.362944
2049,1.384448
2050,1.310720
2051,1.375232
2052,1.315840
2053,1.354752
2054,1.281024
2055,1.345536
2056,1.375232
2057,1.244160
2058,0.953344
2059,0.655360
2060,0.613376
2061,0.595968
2062,1.397760
2063,1.451008
2064,1.282048
2065,1.338368
2066,1.321984
2067,1.336320
2068,1.348608
2069,1.366016
2070,1.327104
2071,1.323008
2072,1.347584
2073,1.348608
2074,1.334272
2075,1.311744
2076,1.293312
2077,1.325056
2078,1.350656
2079,1.320960
2080,1.373184
2081,1.345536
2082,1.371136
2083,1.361920
2084,1.340416
2085,1.316864
2086,1.335296
2087,1.331200
2088,1.326080
2089,1.345536
2090,1.325056
2091,1.355776
2092,1.329152
2093,1.436672
2094,1.367040
2095,1.375232
2096,1.337344
2097,1.346560
2098,1.280000
2099,1.311744
2100,1.321984
2101,1.306624
2102,1.299456
2103,1.323008
2104,1.367040
2105,1.312768
2106,1.088512
2107,0.799744
2108,0.663552
2109,0.622592
2110,0.610304
2111,0.587776
2112,0.580608
2113,1.369088
2114,1.396736
2115,1.240064
2116,1.316864
2117,1.370112
2118,1.370112
2119,1.355776
2120,1.325056
2121,1.304576
2122,1.360896
2123,1.350656
2124,1.353728
2125,1.374208
2126,1.314816
2127,1.321984
2128,1.349632
2129,1.333248
2130,1.328128
2131,1.355776
2132,1.348608
2133,1.371136
2134,1.353728
2135,1.377280
2136,1.297408
2137,1.327104
2138,1.311744
2139,1.377280
2140,1.341440
2141,1.352704
2142,1.335296
2143,1.404928
2144,1.338368
2145,1.345536
2146,1.358848
2147,1.388544
2148,1.362944
2149,1.310720
2150,1.362944
2151,1.367040
2152,1.341440
2153,1.362944
2154,1.363968
2155,1.350656
2156,1.344512
2157,1.217536
2158,0.883712
2159,0.613376
2160,0.595968
2161,0.588800
2162,1.422336
2163,1.331200
2164,1.312768
2165,1.354752
2166,1.338368
2167,1.295360
2168,1.325056
2169,1.376256
2170,1.280000
2171,1.316864
2172,1.306624
2173,1.340416
2174,1.313792
2175,1.357824
2176,1.359872
2177,1.363968
2178,1.318912
2179,1.356800
2180,1.395712
2181,1.357824
2182,1.312768
2183,1.363968
2184,1.321984
2185,1.341440
2186,1.358848
2187,1.379328
2188,1.301504
2189,1.390592
2190,1.381376
2191,1.394688
2192,1.383424
2193,1.317888
2194,1.369088
2195,1.375232
2196,1.305600
2197,1.374208
2198,1.345536
2199,1.348608
2200,1.318912
2201,1.349632
2202,1.355776
2203,1.343488
2204,1.381376
2205,1.314816
2206,1.187840
2207,1.298432
2208,1.169408
2209,1.373184
2210,1.304576
2211,1.361920
2212,1.399808
2213,1.324032
2214,1.366016
2215,1.333248
2216,1.364992
2217,1.343488
2218,1.338368
2219,1.379328
2220,1.343488
2221,1.344512
2222,1.370112
2223,1.341440
2224,1.324032
2225,1.356800
2226,1.289216
2227,1.349632
2228,1.310720
2229,1.330176
2230,1.337344
2231,1.343488
2232,1.320960
2233,1.295360
2234,1.351680
2235,1.363968
2236,1.362944
2237,1.288192
2238,1.379328
2239,1.376256
2240,1.304576
2241,1.347584
2242,1.298432
2243,1.313792
2244,1.351680
2245,1.343488
2246,1.345536
2247,1.329152
2248,1.301504
2249,1.343488
2250,1.383424
2251,1.307648
2252,1.106944
2253,0.685056
2254,0.617472
2255,0.619520
2256,0.606208
2257,0.587776
2258,0.572416
2259,0.563200
2260,1.352704
2261,1.240064
2262,1.340416
2263,1.362944
2264,1.311744
2265,1.354752
2266,1.310720
2267,1.393664
2268,1.296384
2269,1.346560
2270,1.351680
2271,1.349632
2272,1.317888
2273,1.349632
2274,1.333248
2275,1.361920
2276,1.389568
2277,1.391616
2278,1.373184
2279,1.354752
2280,1.333248
2281,1.349632
2282,1.355776
2283,1.339392
2284,1.381376
2285,1.362944
2286,1.347584
2287,1.321984
2288,1.338368
2289,1.302528
2290,1.360896
2291,1.346560
2292,1.307648
2293,1.312768
2294,1.292288
2295,1.339392
2296,1.345536
2297,1.327104
2298,1.307648
2299,1.361920
2300,1.346560
2301,1.333248
2302,1.359872
2303,1.336320
2304,1.158144
2305,0.788480
2306,0.657408
2307,0.636928
2308,0.622592
2309,0.596992
2310,0.588800
2311,1.382400
2312,1.313792
2313,1.217536
2314,1.301504
2315,1.348608
2316,1.312768
2317,1.357824
2318,1.374208
2319,1.351680
2320,1.340416
2321,1.295360
2322,1.358848
2323,1.351680
2324,1.366016
2325,1.349632
2326,1.317888
2327,1.379328
2328,1.343488
2329,1.341440
2330,1.351680
2331,1.355776
2332,1.360896
2333,1.318912
2334,1.341440
2335,1.375232
2336,1.351680
2337,1.311744
2338,1.355776
2339,1.335296
2340,1.331200
2341,1.338368
2342,1.307648
2343,1.378304
2344,1.337344
2345,1.349632
2346,1.306624
2347,1.317888
2348,1.326080
2349,1.363968
2350,1.325056
2351,1.305600
2352,1.343488
2353,1.341440
2354,1.355776
2355,1.189888
2356,0.851968
2357,0.745472
2358,0.695296
2359,0.634880
2360,0.618496
2361,0.604160
2362,1.390592
2363,1.378304
2364,1.376256
2365,1.380352
2366,1.358848
2367,1.321984
2368,1.344512
2369,1.318912
2370,1.358848
2371,1.350656
2372,1.354752
2373,1.311744
2374,1.303552
2375,1.283072
2376,1.307648
2377,1.358848
2378,1.364992
2379,1.357824
2380,1.363968
2381,1.362944
2382,1.342464
2383,1.301504
2384,1.334272
2385,1.346560
2386,1.328128
2387,1.202176
2388,1.096704
2389,1.324032
2390,1.332224
2391,1.297408
2392,1.307648
2393,1.355776
2394,1.298432
2395,1.382400
2396,1.331200
2397,1.333248
2398,1.308672
2399,1.363968
2400,1.353728
2401,1.347584
2402,1.319936
2403,1.372160
2404,1.290240
2405,1.337344
2406,1.340416
2407,1.149952
2408,0.776192
2409,0.632832
2410,0.609280
2411,0.598016
2412,0.582656
2413,1.345536
2414,1.190912
2415,1.326080
2416,1.368064
2417,1.349632
2418,1.309696
2419,1.344512
2420,1.340416
2421,1.404928
2422,1.363968
2423,1.346560
2424,1.326080
2425,1.339392
2426,1.350656
2427,1.328128
2428,1.325056
2429,1.393664
2430,1.366016
2431,1.319936
2432,1.345536
2433,1.358848
2434,1.388544
2435,1.336320
2436,1.372160
2437,1.346560
2438,1.316864
2439,1.405952
2440,1.335296
2441,1.350656
2442,1.321984
2443,1.312768
2444,1.309696
2445,1.334272
2446,1.343488
2447,1.363968
2448,1.334272
2449,1.373184
2450,1.331200
2451,1.359872
2452,1.318912
2453,1.333248
2454,1.336320
2455,1.340416
2456,1.336320
2457,1.260544
2458,0.968704
2459,0.653312
2460,0.601088
2461,0.571392
2462,0.563200
2463,1.315840
2464,1.337344
2465,1.310720
2466,1.324032
2467,1.348608
2468,1.358848
2469,1.312768
2470,1.277952
2471,1.349632
2472,1.345536
2473,1.335296
2474,1.357824
2475,1.370112
2476,1.328128
2477,1.375232
2478,1.397760
2479,1.339392
2480,1.349632
2481,1.336320
2482,1.340416
2483,1.331200
2484,1.347584
2485,1.336320
2486,1.339392
2487,1.342464
2488,1.294336
2489,1.388544
2490,1.344512
2491,1.312768
2492,1.347584
2493,1.320960
2494,1.335296
2495,1.332224
2496,1.347584
2497,1.331200
2498,1.359872
2499,1.366016
2500,1.329152
2501,1.313792
2502,1.401856
2503,1.340416
2504,1.361920
2505,1.349632
2506,1.320960
2507,1.318912
2508,1.216512
2509,1.147904
2510,1.332224
2511,1.358848
2512,1.304576
2513,1.311744
2514,1.307648
2515,1.353728
2516,1.327104
2517,1.269760
2518,1.315840
2519,1.313792
2520,1.302528
2521,1.307648
2522,1.290240
2523,1.350656
2524,1.333248
2525,1.373184
2526,1.332224
2527,1.284096
2528,1.362944
2529,1.354752
2530,1.290240
2531,1.317888
2532,1.334272
2533,1.332224
2534,1.372160
2535,1.310720
2536,1.338368
2537,1.315840
2538,1.341440
2539,1.361920
2540,1.264640
2541,1.317888
2542,1.329152
2543,1.353728
2544,1.389568
2545,1.368064
2546,1.393664
2547,1.325056
2548,1.334272
2549,1.368064
2550,1.359872
2551,1.338368
2552,1.346560
2553,1.302528
2554,1.160192
2555,1.316864
2556,1.302528
2557,1.305600
2558,1.309696
2559,1.325056
2560,1.374208
2561,1.392640
2562,1.296384
2563,1.347584
2564,1.335296
2565,1.349632
2566,1.281024
2567,1.340416
2568,1.299456
2569,1.315840
2570,1.333248
2571,1.305600
2572,1.320960
2573,1.364992
2574,1.386496
2575,1.325056
2576,1.317888
2577,1.290240
2578,1.349632
2579,1.308672
2580,1.292288
2581,1.340416
2582,1.304576
2583,1.325056
2584,1.362944
2585,1.321984
2586,1.314816
2587,1.337344
2588,1.354752
2589,1.330176
2590,1.330176
2591,1.335296
2592,1.350656
2593,1.373184
2594,1.336320
2595,1.329152
2596,1.329152
2597,1.346560
2598,1.165312
2599,0.693248
2600,0.626688
2601,0.612352
2602,1.332224
2603,1.240064
2604,1.305600
2605,1.356800
2606,1.385472
2607,1.320960
2608,1.328128
2609,1.344512
2610,1.293312
2611,1.318912
2612,1.301504
2613,1.316864
2614,1.342464
2615,1.339392
2616,1.384448
2617,1.297408
2618,1.391616
2619,1.306624
2620,1.294336
2621,1.298432
2622,1.323008
2623,1.316864
2624,1.293312
2625,1.324032
2626,1.364992
2627,1.362944
2628,1.361920
2629,1.350656
2630,1.335296
2631,1.338368
2632,1.325056
2633,1.291264
2634,1.366016
2635,1.378304
2636,1.346560
2637,1.378304
2638,1.333248
2639,1.372160
2640,1.342464
2641,1.319936
2642,1.371136
2643,1.346560
2644,1.324032
2645,1.329152
2646,1.354752
2647,1.122304
2648,1.386496
2649,1.356800
2650,1.321984
2651,1.338368
2652,1.311744
2653,1.366016
2654,1.327104
2655,1.336320
2656,1.380352
2657,1.372160
2658,1.371136
2659,1.306624
2660,1.323008
2661,1.341440
2662,1.368064
2663,1.371136
2664,1.339392
2665,1.389568
2666,1.356800
2667,1.359872
2668,1.325056
2669,1.344512
2670,1.383424
2671,1.335296
2672,1.385472
2673,1.303552
2674,1.341440
2675,1.332224
2676,1.334272
2677,1.333248
2678,1.342464
2679,1.326080
2680,1.384448
2681,1.349632
2682,1.359872
2683,1.394688
2684,1.354752
2685,1.375232
2686,1.329152
2687,1.298432
2688,1.358848
2689,1.366016
2690,1.308672
2691,1.343488
2692,1.264640
2693,1.348608
2694,1.328128
2695,1.302528
2696,1.329152
2697,1.285120
2698,1.349632
2699,1.367040
2700,1.352704
2701,1.371136
2702,1.349632
2703,1.353728
2704,1.323008
2705,1.349632
2706,1.354752
2707,1.313792
2708,1.353728
2709,1.364992
2710,1.314816
2711,1.346560
2712,1.344512
2713,1.347584
2714,1.341440
2715,1.351680
2716,1.319936
2717,1.359872
2718,1.327104
2719,1.349632
2720,1.384448
2721,1.386496
2722,1.386496
2723,1.337344
2724,1.373184
2725,1.302528
2726,1.323008
2727,1.302528
2728,1.384448
2729,1.361920
2730,1.329152
2731,1.392640
2732,1.313792
2733,1.310720
2734,1.312768
2735,1.329152
2736,1.342464
2737,1.285120
2738,0.941056
2739,0.641024
2740,0.615424
2741,0.592896
2742,0.581632
2743,0.577536
2744,0.661504
2745,0.910336
2746,1.300480
2747,1.350656
2748,1.360896
2749,1.364992
2750,1.347584
2751,1.346560
2752,1.306624
2753,1.311744
2754,1.358848
2755,1.319936
2756,1.367040
2757,1.356800
2758,1.366016
2759,1.309696
2760,1.332224
2761,1.347584
2762,1.406976
2763,1.329152
2764,1.316864
2765,1.320960
2766,1.329152
2767,1.335296
2768,1.369088
2769,1.327104
2770,1.350656
2771,1.345536
2772,1.313792
2773,1.358848
2774,1.308672
2775,1.340416
2776,1.313792
2777,1.342464
2778,1.332224
2779,1.342464
2780,1.311744
2781,1.336320
2782,1.333248
2783,1.343488
2784,1.303552
2785,1.320960
2786,1.332224
2787,1.316864
2788,1.357824
2789,1.314816
2790,1.071104
2791,0.716800
2792,0.675840
2793,0.643072
2794,0.602112
2795,1.370112
2796,1.350656
2797,1.313792
2798,1.372160
2799,1.343488
2800,1.316864
2801,1.320960
2802,1.361920
2803,1.337344
2804,1.338368
2805,1.373184
2806,1.339392
2807,1.370112
2808,1.383424
2809,1.367040
2810,1.383424
2811,1.373184
2812,1.351680
2813,1.332224
2814,1.341440
2815,1.359872
2816,1.310720
2817,1.315840
2818,1.350656
2819,1.347584
2820,1.333248
2821,1.332224
2822,1.312768
2823,1.360896
2824,1.296384
2825,1.340416
2826,1.348608
2827,1.340416
2828,1.335296
2829,1.361920
2830,1.362944
2831,1.368064
2832,1.327104
2833,1.358848
2834,1.339392
2835,1.358848
2836,1.371136
2837,1.358848
2838,1.390592
2839,1.192960
2840,1.435648
2841,1.331200
2842,1.345536
2843,1.308672
2844,1.347584
2845,1.309696
2846,1.347584
2847,1.337344
2848,1.357824
2849,1.344512
2850,1.296384
2851,1.381376
2852,1.313792
2853,1.314816
2854,1.342464
2855,1.314816
2856,1.362944
2857,1.353728
2858,1.354752
2859,1.314816
2860,1.332224
2861,1.324032
2862,1.360896
2863,1.358848
2864,1.321984
2865,1.335296
2866,1.323008
2867,1.384448
2868,1.320960
2869,1.336320
2870,1.335296
2871,1.358848
2872,1.353728
2873,1.311744
2874,1.310720
2875,1.357824
2876,1.373184
2877,1.312768
2878,1.357824
2879,1.349632
2880,1.321984
2881,1.324032
2882,1.321984
2883,1.357824
2884,1.309696
2885,1.269760
2886,1.172480
2887,1.332224
2888,1.362944
2889,1.307648
2890,1.303552
2891,1.349632
2892,1.290240
2893,1.319936
2894,1.353728
2895,1.312768
2896,1.405952
2897,1.337344
2898,1.391616
2899,1.378304
2900,1.318912
2901,1.389568
2902,1.315840
2903,1.377280
2904,1.332224
2905,1.344512
2906,1.292288
2907,1.351680
2908,1.332224
2909,1.304576
2910,1.329152
2911,1.296384
2912,1.337344
2913,1.321984
2914,1.398784
2915,1.299456
2916,1.319936
2917,1.344512
2918,1.334272
2919,1.324032
2920,1.364992
2921,1.348608
2922,1.311744
2923,1.319936
2924,1.352704
2925,1.339392
2926,1.313792
2927,1.393664
2928,1.363968
2929,1.338368
2930,1.211392
2931,0.855040
2932,0.620544
2933,0.602112
2934,1.324032
2935,1.299456
2936,1.331200
2937,1.366016
2938,1.372160
2939,1.355776
2940,1.350656
2941,1.277952
2942,1.327104
2943,1.344512
2944,1.354752
2945,1.361920
2946,1.329152
2947,1.331200
2948,1.336320
2949,1.363968
2950,1.307648
2951,1.363968
2952,1.368064
2953,1.358848
2954,1.295360
2955,1.329152
2956,1.347584
2957,1.347584
2958,1.312768
2959,1.295360
2960,1.333248
2961,1.380352
2962,1.318912
2963,1.317888
2964,1.325056
2965,1.351680
2966,1.301504
2967,1.353728
2968,1.342464
2969,1.297408
2970,1.356800
2971,1.297408
2972,1.314816
2973,1.335296
2974,1.359872
2975,1.317888
2976,1.348608
2977,1.310720
2978,1.189888
2979,0.818176
2980,0.698368
2981,0.635904
2982,0.613376
2983,0.584704
2984,0.563200
2985,0.555008
2986,1.386496
2987,1.416192
2988,1.315840
2989,1.301504
2990,1.291264
2991,1.305600
2992,1.335296
2993,1.326080
2994,1.331200
2995,1.337344
2996,1.314816
2997,1.335296
2998,1.363968
2999,1.394688
3000,1.353728
3001,1.389568
3002,1.314816
3003,1.397760
3004,1.348608
3005,1.338368
3006,1.334272
3007,1.374208
3008,1.317888
3009,1.314816
3010,1.320960
3011,1.373184
3012,1.360896
3013,1.350656
3014,1.309696
3015,1.350656
3016,1.344512
3017,1.333248
3018,1.335296
3019,1.373184
3020,1.317888
3021,1.318912
3022,1.331200
3023,1.357824
3024,1.302528
3025,1.316864
3026,1.337344
3027,1.330176
3028,1.306624
3029,1.351680
3030,1.328128
3031,1.305600
3032,1.187840
3033,1.292288
3034,1.320960
3035,1.314816
3036,1.296384
3037,1.331200
3038,1.357824
3039,1.258496
3040,1.321984
3041,1.385472
3042,1.366016
3043,1.315840
3044,1.339392
3045,1.344512
3046,1.312768
3047,1.359872
3048,1.373184
3049,1.326080
3050,1.342464
3051,1.338368
3052,1.294336
3053,1.334272
3054,1.337344
3055,1.342464
3056,1.336320
3057,1.332224
3058,1.346560
3059,1.302528
3060,1.317888
3061,1.347584
3062,1.353728
3063,1.319936
3064,1.308672
3065,1.349632
3066,1.371136
3067,1.306624
3068,1.345536
3069,1.357824
3070,1.360896
3071,1.333248
3072,1.391616
3073,1.366016
3074,1.327104
3075,1.329152
3076,1.170432
3077,0.802816
3078,0.629760
3079,0.616448
3080,0.570368
3081,1.373184
3082,1.394688
3083,1.417216
3084,1.362944
3085,1.362944
3086,1.329152
3087,1.363968
3088,1.323008
3089,1.379328
3090,1.359872
3091,1.335296
3092,1.379328
3093,1.394688
3094,1.370112
3095,1.311744
3096,1.362944
3097,1.317888
3098,1.306624
3099,1.396736
3100,1.377280
3101,1.372160
3102,1.390592
3103,1.324032
3104,1.356800
3105,1.299456
3106,1.362944
3107,1.327104
3108,1.362944
3109,1.326080
3110,1.313792
3111,1.327104
3112,1.329152
3113,1.294336
3114,1.373184
3115,1.290240
3116,1.425408
3117,1.260544
3118,1.368064
3119,1.372160
3120,1.372160
3121,1.339392
3122,1.386496
3123,1.335296
3124,1.341440
3125,1.236992
3126,0.799744
3127,0.633856
3128,0.620544
3129,0.613376
3130,0.584704
3131,1.390592
3132,1.339392
3133,1.390592
3134,1.383424
3135,1.330176
3136,1.344512
3137,1.327104
3138,1.321984
3139,1.343488
3140,1.314816
3141,1.336320
3142,1.299456
3143,1.366016
3144,1.361920
3145,1.305600
3146,1.320960
3147,1.289216
3148,1.352704
3149,1.354752
3150,1.292288
3151,1.358848
3152,1.327104
3153,1.360896
3154,1.379328
3155,1.358848
3156,1.357824
3157,1.341440
3158,1.352704
3159,1.338368
3160,1.351680
3161,1.330176
3162,1.300480
3163,1.340416
3164,1.326080
3165,1.354752
3166,1.360896
3167,1.459200
3168,1.349632
3169,1.313792
3170,1.333248
3171,1.327104
3172,1.344512
3173,1.344512
3174,1.305600
3175,1.078272
3176,0.863232
3177,1.316864
3178,1.202176
3179,1.192960
3180,1.313792
3181,1.387520
3182,1.332224
3183,1.358848
3184,1.338368
3185,1.372160
3186,1.348608
3187,1.357824
3188,1.333248
3189,1.358848
3190,1.320960
3191,1.364992
3192,1.303552
3193,1.342464
3194,1.350656
3195,1.268736
3196,1.342464
3197,1.308672
3198,1.328128
3199,1.323008
3200,1.362944
3201,1.364992
3202,1.314816
3203,1.353728
3204,1.313792
3205,1.363968
3206,1.314816
3207,1.331200
3208,1.280000
3209,1.372160
3210,1.340416
3211,1.363968
3212,1.371136
3213,1.281024
3214,1.332224
3215,1.357824
3216,1.318912
3217,1.357824
3218,1.315840
3219,1.316864
3220,1.328128
3221,1.335296
3222,1.078272
3223,1.201152
3224,1.169408
3225,1.273856
3226,1.220608
3227,1.261568
3228,1.296384
3229,1.351680
3230,1.330176
3231,1.360896
3232,1.288192
3233,1.309696
3234,1.404928
3235,1.389568
3236,1.337344
3237,1.355776
3238,1.353728
3239,1.331200
3240,1.364992
3241,1.321984
3242,1.281024
3243,1.305600
3244,1.326080
3245,1.375232
3246,1.314816
3247,1.321984
3248,1.320960
3249,1.366016
3250,1.332224
3251,1.339392
3252,1.320960
3253,1.317888
3254,1.304576
3255,1.350656
3256,1.294336
3257,1.312768
3258,1.358848
3259,1.352704
3260,1.355776
3261,1.328128
3262,1.340416
3263,1.312768
3264,1.334272
3265,1.318912
3266,1.314816
3267,1.339392
3268,1.130496
3269,0.907264
3270,1.316864
3271,1.154048
3272,1.330176
3273,1.326080
3274,1.325056
3275,1.333248
3276,1.332224
3277,1.364992
3278,1.273856
3279,1.316864
3280,1.374208
3281,1.343488
3282,1.301504
3283,1.320960
3284,1.381376
3285,1.333248
3286,1.310720
3287,1.353728
3288,1.353728
3289,1.377280
3290,1.321984
3291,1.308672
3292,1.319936
3293,1.317888
3294,1.351680
3295,1.319936
3296,1.344512
3297,1.332224
3298,1.345536
3299,1.335296
3300,1.324032
3301,1.352704
3302,1.312768
3303,1.385472
3304,1.313792
3305,1.345536
3306,1.265664
3307,1.316864
3308,1.352704
3309,1.340416
3310,1.368064
3311,1.351680
3312,1.317888
3313,1.342464
3314,1.266688
3315,1.210368
3316,1.167360
3317,1.309696
3318,1.325056
3319,1.298432
3320,1.307648
3321,1.319936
3322,1.281024
3323,1.308672
3324,1.318912
3325,1.318912
3326,1.344512
3327,1.329152
3328,1.373184
3329,1.309696
3330,1.325056
3331,1.318912
3332,1.363968
3333,1.378304
3334,1.329152
3335,1.309696
3336,1.309696
3337,1.309696
3338,1.320960
3339,1.305600
3340,1.361920
3341,1.314816
3342,1.346560
3343,1.284096
3344,1.361920
3345,1.338368
3346,1.352704
3347,1.321984
3348,1.357824
3349,1.376256
3350,1.313792
3351,1.312768
3352,1.359872
3353,1.373184
3354,1.320960
3355,1.301504
3356,1.310720
3357,1.377280
3358,1.320960
3359,1.370112
3360,1.344512
3361,1.253376
3362,1.327104
3363,1.353728
3364,1.341440
3365,1.379328
3366,1.321984
3367,1.358848
3368,1.292288
3369,1.300480
3370,1.303552
3371,1.359872
3372,1.385472
3373,1.320960
3374,1.318912
3375,1.359872
3376,1.364992
3377,1.373184
3378,1.289216
3379,1.333248
3380,1.337344
3381,1.371136
3382,1.361920
3383,1.309696
3384,1.352704
3385,1.360896
3386,1.374208
3387,1.343488
3388,1.330176
3389,1.362944
3390,1.359872
3391,1.342464
3392,1.356800
3393,1.358848
3394,1.376256
3395,1.333248
3396,1.341440
3397,1.358848
3398,1.356800
3399,1.327104
3400,1.308672
3401,1.325056
3402,1.342464
3403,1.316864
3404,1.373184
3405,1.326080
3406,1.273856
3407,1.326080
3408,1.282048
3409,1.359872
3410,1.299456
3411,1.343488
3412,1.369088
3413,1.341440
3414,1.276928
3415,1.313792
3416,1.345536
3417,1.350656
3418,1.327104
3419,1.361920
3420,1.337344
3421,1.356800
3422,1.355776
3423,1.316864
3424,1.335296
3425,1.350656
3426,1.297408
3427,1.280000
3428,1.328128
3429,1.318912
3430,1.309696
3431,1.343488
3432,1.299456
3433,1.357824
3434,1.330176
3435,1.349632
3436,1.339392
3437,1.303552
3438,1.305600
3439,1.290240
3440,1.315840
3441,1.276928
3442,1.338368
3443,1.359872
3444,1.361920
3445,1.311744
3446,1.353728
3447,1.353728
3448,1.370112
3449,1.308672
3450,0.985088
3451,1.310720
3452,1.222656
3453,1.264640
3454,1.371136
3455,1.331200
3456,1.459200
3457,1.358848
3458,1.328128
3459,1.305600
3460,1.357824
3461,1.359872
3462,1.338368
3463,1.336320
3464,1.343488
3465,1.301504
3466,1.323008
3467,1.336320
3468,1.321984
3469,1.301504
3470,1.299456
3471,1.362944
3472,1.337344
3473,1.357824
3474,1.331200
3475,1.320960
3476,1.357824
3477,1.325056
3478,1.311744
3479,1.331200
3480,1.343488
3481,1.329152
3482,1.292288
3483,1.392640
3484,1.361920
3485,1.340416
3486,1.353728
3487,1.351680
3488,1.334272
3489,1.328128
3490,1.345536
3491,1.329152
3492,1.333248
3493,1.315840
3494,1.316864
3495,1.263616
3496,0.914432
3497,1.370112
3498,1.384448
3499,1.346560
3500,1.294336
3501,1.332224
3502,1.350656
3503,1.325056
3504,1.336320
3505,1.304576
3506,1.378304
3507,1.375232
3508,1.398784
3509,1.373184
3510,1.330176
3511,1.363968
3512,1.391616
3513,1.309696
3514,1.336320
3515,1.347584
3516,1.346560
3517,1.315840
3518,1.338368
3519,1.297408
3520,1.357824
3521,1.363968
3522,1.290240
3523,1.299456
3524,1.355776
3525,1.350656
3526,1.333248
3527,1.375232
3528,1.337344
3529,1.368064
3530,1.339392
3531,1.355776
3532,1.346560
3533,1.368064
3534,1.357824
3535,1.332224
3536,1.302528
3537,1.298432
3538,1.310720
3539,1.360896
3540,1.388544
3541,1.351680
3542,1.041408
3543,0.662528
3544,0.609280
3545,0.598016
3546,1.404928
3547,1.422336
3548,1.302528
3549,1.338368
3550,1.346560
3551,1.340416
3552,1.280000
3553,1.369088
3554,1.314816
3555,1.348608
3556,1.286144
3557,1.339392
3558,1.333248
3559,1.360896
3560,1.353728
3561,1.336320
3562,1.358848
3563,1.346560
3564,1.369088
3565,1.345536
3566,1.328128
3567,1.317888
3568,1.338368
3569,1.310720
3570,1.346560
3571,1.343488
3572,1.327104
3573,1.368064
3574,1.360896
3575,1.286144
3576,1.341440
3577,1.398784
3578,1.328128
3579,1.397760
3580,1.347584
3581,1.381376
3582,1.337344
3583,1.337344
3584,1.349632
3585,1.342464
3586,1.344512
3587,1.334272
3588,1.315840
3589,1.340416
3590,1.255424
3591,1.324032
3592,1.259520
3593,1.272832
3594,1.363968
3595,1.358848
3596,1.349632
3597,1.361920
3598,1.376256
3599,1.378304
3600,1.297408
3601,1.364992
3602,1.266688
3603,1.341440
3604,1.324032
3605,1.317888
3606,1.362944
3607,1.351680
3608,1.357824
3609,1.329152
3610,1.337344
3611,1.371136
3612,1.378304
3613,1.353728
3614,1.364992
3615,1.353728
3616,1.356800
3617,1.293312
3618,1.337344
3619,1.395712
3620,1.312768
3621,1.386496
3622,1.335296
3623,1.333248
3624,1.363968
3625,1.270784
3626,1.340416
3627,1.360896
3628,1.351680
3629,1.303552
3630,1.339392
3631,1.299456
3632,1.364992
3633,1.332224
3634,1.297408
3635,1.226752
3636,0.843776
3637,0.662528
3638,0.619520
3639,1.381376
3640,1.400832
3641,1.424384
3642,1.311744
3643,1.283072
3644,1.361920
3645,1.314816
3646,1.306624
3647,1.346560
3648,1.293312
3649,1.339392
3650,1.377280
3651,1.333248
3652,1.324032
3653,1.312768
3654,1.296384
3655,1.331200
3656,1.304576
3657,1.371136
3658,1.349632
3659,1.334272
3660,1.357824
3661,1.357824
3662,1.303552
3663,1.345536
3664,1.349632
3665,1.340416
3666,1.381376
3667,1.353728
3668,1.387520
3669,1.350656
3670,1.350656
3671,1.349632
3672,1.369088
3673,1.385472
3674,1.346560
3675,1.305600
3676,1.314816
3677,1.398784
3678,1.351680
3679,1.348608
3680,1.333248
3681,1.348608
3682,1.327104
3683,1.251328
3684,1.228800
3685,1.238016
3686,1.347584
3687,1.327104
3688,1.389568
3689,1.388544
3690,1.333248
3691,1.341440
3692,1.354752
3693,1.369088
3694,1.275904
3695,1.509376
3696,1.296384
3697,1.340416
3698,1.321984
3699,1.325056
3700,1.352704
3701,1.347584
3702,1.335296
3703,1.357824
3704,1.305600
3705,1.330176
3706,1.308672
3707,1.350656
3708,1.315840
3709,1.338368
3710,1.306624
3711,1.317888
3712,1.359872
3713,1.348608
3714,1.338368
3715,1.395712
3716,1.319936
3717,1.363968
3718,1.324032
3719,1.335296
3720,1.334272
3721,1.292288
3722,1.335296
3723,1.331200
3724,1.343488
3725,1.370112
3726,1.330176
3727,1.293312
3728,1.323008
3729,0.980992
3730,0.679936
3731,0.591872
3732,0.583680
3733,0.574464
3734,0.571392
3735,0.564224
3736,0.555008
3737,0.552960
3738,1.355776
3739,1.254400
3740,1.263616
3741,1.313792
3742,1.308672
3743,1.361920
3744,1.339392
3745,1.355776
3746,1.328128
3747,1.313792
3748,1.325056
3749,1.349632
3750,1.345536
3751,1.386496
3752,1.269760
3753,1.315840
3754,1.332224
3755,1.391616
3756,1.327104
3757,1.379328
3758,1.409024
3759,1.362944
3760,1.345536
3761,1.351680
3762,1.341440
3763,1.344512
3764,1.352704
3765,1.325056
3766,1.285120
3767,1.274880
3768,1.359872
3769,1.333248
3770,1.335296
3771,1.362944
3772,1.392640
3773,1.363968
3774,1.348608
3775,1.335296
3776,1.300480
3777,1.341440
3778,1.328128
3779,1.307648
3780,1.352704
3781,1.298432
3782,1.360896
3783,0.935936
3784,1.253376
3785,1.081344
3786,1.291264
3787,1.298432
3788,1.378304
3789,1.344512
3790,1.362944
3791,1.347584
3792,1.361920
3793,1.356800
3794,1.353728
3795,1.333248
3796,1.323008
3797,1.316864
3798,1.297408
3799,1.379328
3800,1.389568
3801,1.293312
3802,1.303552
3803,1.337344
3804,1.370112
3805,1.316864
3806,1.304576
3807,1.349632
3808,1.379328
3809,1.366016
3810,1.331200
3811,1.325056
3812,1.386496
3813,1.327104
3814,1.305600
3815,1.357824
3816,1.353728
3817,1.351680
3818,1.299456
3819,1.356800
3820,1.366016
3821,1.291264
3822,1.342464
3823,1.332224
3824,1.319936
3825,1.352704
3826,1.301504
3827,1.347584
3828,1.292288
3829,0.972800
3830,0.694272
3831,0.589824
3832,0.582656
3833,0.586752
3834,0.587776
3835,0.581632
3836,1.446912
3837,1.348608
3838,1.329152
3839,1.334272
3840,1.382400
3841,1.329152
3842,1.358848
3843,1.321984
3844,1.339392
3845,1.325056
3846,1.347584
3847,1.303552
3848,1.340416
3849,1.340416
3850,1.357824
3851,1.396736
3852,1.362944
3853,1.362944
3854,1.306624
3855,1.373184
3856,1.295360
3857,1.343488
3858,1.285120
3859,1.351680
3860,1.337344
3861,1.300480
3862,1.339392
3863,1.457152
3864,1.378304
3865,1.358848
3866,1.325056
3867,1.339392
3868,1.385472
3869,1.341440
3870,1.305600
3871,1.330176
3872,1.339392
3873,1.390592
3874,1.336320
3875,1.325056
3876,1.351680
3877,1.332224
3878,1.328128
3879,1.329152
3880,1.383424
3881,1.303552
3882,1.312768
3883,1.331200
3884,1.356800
3885,1.302528
3886,1.329152
3887,1.337344
3888,1.293312
3889,1.337344
3890,1.320960
3891,1.286144
3892,1.376256
3893,1.332224
3894,1.310720
3895,1.335296
3896,1.402880
3897,1.334272
3898,1.370112
3899,1.353728
3900,1.333248
3901,1.375232
3902,1.394688
3903,1.337344
3904,1.341440
3905,1.287168
3906,1.369088
3907,1.309696
3908,1.370112
3909,1.611776
3910,1.460224
3911,1.309696
3912,1.335296
3913,1.349632
3914,1.389568
3915,1.436672
3916,1.331200
3917,1.360896
3918,1.353728
3919,1.359872
3920,1.338368
3921,1.307648
3922,1.353728
3923,1.296384
3924,1.301504
3925,1.196032
3926,1.351680
3927,1.318912
3928,1.295360
3929,1.310720
3930,1.278976
3931,1.318912
3932,1.337344
3933,1.333248
3934,1.295360
3935,1.390592
3936,1.330176
3937,1.361920
3938,1.347584
3939,1.349632
3940,1.333248
3941,1.348608
3942,1.343488
3943,1.357824
3944,1.239040
3945,1.367040
3946,1.338368
3947,1.368064
3948,1.380352
3949,1.334272
3950,1.337344
3951,1.344512
3952,1.337344
3953,1.348608
3954,1.356800
3955,1.342464
3956,1.332224
3957,1.338368
3958,1.316864
3959,1.317888
3960,1.316864
3961,1.358848
3962,1.309696
3963,1.334272
3964,1.330176
3965,1.300480
3966,1.325056
3967,1.353728
3968,1.331200
3969,0.972800
3970,0.669696
3971,0.588800
3972,0.583680
3973,0.588800
3974,0.586752
3975,0.590848
3976,1.284096
3977,1.296384
3978,1.338368
3979,1.352704
3980,1.373184
3981,1.272832
3982,1.306624
3983,1.356800
3984,1.335296
3985,1.333248
3986,1.328128
3987,1.358848
3988,1.271808
3989,1.330176
3990,1.325056
3991,1.309696
3992,1.306624
3993,1.348608
3994,1.352704
3995,1.336320
3996,1.333248
3997,1.328128
3998,1.300480
3999,1.362944
4000,1.366016
4001,1.309696
4002,1.319936
4003,1.342464
4004,1.319936
4005,1.337344
4006,1.348608
4007,1.288192
4008,1.348608
4009,1.337344
4010,1.331200
4011,1.319936
4012,1.336320
4013,1.352704
4014,1.344512
4015,1.364992
4016,1.311744
4017,1.325056
4018,1.319936
4019,1.294336
4020,1.314816
4021,1.160192
4022,1.211392
4023,1.167360
4024,1.323008
4025,1.241088
4026,1.296384
4027,1.293312
4028,1.318912
4029,1.352704
4030,1.331200
4031,1.362944
4032,1.321984
4033,1.346560
4034,1.348608
4035,1.329152
4036,1.321984
4037,1.284096
4038,1.324032
4039,1.334272
4040,1.337344
4041,1.390592
4042,1.328128
4043,1.280000
4044,1.273856
4045,1.301504
4046,1.331200
4047,1.350656
4048,1.345536
4049,1.356800
4050,1.358848
4051,1.306624
4052,1.289216
4053,1.328128
4054,1.328128
4055,1.357824
4056,1.308672
4057,1.364992
4058,1.311744
4059,1.386496
4060,1.303552
4061,1.323008
4062,1.375232
4063,1.310720
4064,1.341440
4065,1.338368
4066,1.329152
4067,1.280000
4068,1.042432
4069,1.310720
4070,1.264640
4071,1.297408
4072,1.330176
4073,1.332224
4074,1.345536
4075,1.319936
4076,1.341440
4077,1.312768
4078,1.334272
4079,1.346560
4080,1.348608
4081,1.337344
4082,1.360896
4083,1.331200
4084,1.372160
4085,1.304576
4086,1.338368
4087,1.351680
4088,1.345536
4089,1.383424
4090,1.361920
4091,1.374208
4092,1.337344
4093,1.360896
4094,1.331200
4095,1.353728
4096,1.353728
4097,1.312768
4098,1.377280
4099,1.324032
4100,1.354752
4101,1.310720
4102,1.321984
4103,1.340416
4104,1.346560
4105,1.318912
4106,1.314816
4107,1.274880
4108,1.362944
4109,1.301504
4110,1.317888
4111,1.317888
4112,1.327104
4113,1.241088
4114,0.917504
4115,1.325056
4116,1.233920
4117,1.260544
4118,1.300480
4119,1.344512
4120,1.344512
4121,1.377280
4122,1.345536
4123,1.388544
4124,1.350656
4125,1.293312
4126,1.376256
4127,1.397760
4128,1.355776
4129,1.370112
4130,1.329152
4131,1.303552
4132,1.391616
4133,1.372160
4134,1.377280
4135,1.321984
4136,1.402880
4137,1.299456
4138,1.347584
4139,1.388544
4140,1.360896
4141,1.362944
4142,1.311744
4143,1.375232
4144,1.361920
4145,1.330176
4146,1.320960
4147,1.274880
4148,1.317888
4149,1.320960
4150,1.354752
4151,1.364992
4152,1.352704
4153,1.380352
4154,1.494016
4155,1.325056
4156,1.339392
4157,1.299456
4158,1.352704
4159,1.268736
4160,0.916480
4161,0.615424
4162,0.607232
4163,0.605184
4164,0.596992
4165,0.598016
4166,1.457152
4167,1.305600
4168,1.354752
4169,1.363968
4170,1.370112
4171,1.326080
4172,1.314816
4173,1.326080
4174,1.339392
4175,1.325056
4176,1.334272
4177,1.317888
4178,1.321984
4179,1.364992
4180,1.372160
4181,1.342464
4182,1.361920
4183,1.349632
4184,1.321984
4185,1.358848
4186,1.353728
4187,1.313792
4188,1.374208
4189,1.368064
4190,1.358848
4191,1.298432
4192,1.325056
4193,1.310720
4194,1.357824
4195,1.363968
4196,1.327104
4197,1.325056
4198,1.350656
4199,1.312768
4200,1.324032
4201,1.332224
4202,1.276928
4203,1.340416
4204,1.388544
4205,1.324032
4206,1.370112
4207,1.374208
4208,1.340416
4209,1.347584
4210,1.316864
4211,1.440768
4212,1.295360
4213,1.356800
4214,1.360896
4215,1.288192
4216,1.306624
4217,1.366016
4218,1.337344
4219,1.374208
4220,1.243136
4221,1.320960
4222,1.346560
4223,1.294336
4224,1.337344
4225,1.342464
4226,1.343488
4227,1.345536
4228,1.344512
4229,1.372160
4230,1.269760
4231,1.328128
4232,1.295360
4233,1.368064
4234,1.348608
4235,1.356800
4236,1.342464
4237,1.379328
4238,1.362944
4239,1.327104
4240,1.363968
4241,1.350656
4242,1.347584
4243,1.287168
4244,1.347584
4245,1.323008
4246,1.319936
4247,1.319936
4248,1.329152
4249,1.355776
4250,1.330176
4251,1.376256
4252,1.357824
4253,1.378304
4254,1.383424
4255,1.361920
4256,1.239040
4257,1.268736
4258,1.201152
4259,1.354752
4260,1.371136
4261,1.344512
4262,1.327104
4263,1.319936
4264,1.342464
4265,1.357824
4266,1.333248
4267,1.345536
4268,1.312768
4269,1.340416
4270,1.342464
4271,1.374208
4272,1.304576
4273,1.293312
4274,1.352704
4275,1.375232
4276,1.303552
4277,1.349632
4278,1.347584
4279,1.308672
4280,1.288192
4281,1.352704
4282,1.320960
4283,1.318912
4284,1.308672
4285,1.307648
4286,1.296384
4287,1.355776
4288,1.307648
4289,1.348608
4290,1.364992
4291,1.314816
4292,1.324032
4293,1.325056
4294,1.313792
4295,1.308672
4296,1.338368
4297,1.337344
4298,1.336320
4299,1.305600
4300,1.312768
4301,1.340416
4302,1.213440
4303,1.419264
4304,1.295360
4305,1.316864
4306,1.325056
4307,1.345536
4308,1.336320
4309,1.348608
4310,1.329152
4311,1.314816
4312,1.349632
4313,1.348608
4314,1.354752
4315,1.309696
4316,1.302528
4317,1.331200
4318,1.323008
4319,1.353728
4320,1.338368
4321,1.305600
4322,1.358848
4323,1.316864
4324,1.349632
4325,1.297408
4326,1.327104
4327,1.354752
4328,1.296384
4329,1.310720
4330,1.346560
4331,1.349632
4332,1.316864
4333,1.342464
4334,1.286144
4335,1.359872
4336,1.305600
4337,1.352704
4338,1.312768
4339,1.339392
4340,1.296384
4341,1.351680
4342,1.350656
4343,1.319936
4344,1.314816
4345,1.391616
4346,1.296384
4347,1.304576
4348,1.031168
4349,1.189888
4350,1.173504
4351,1.285120
4352,1.324032
4353,1.313792
4354,1.349632
4355,1.312768
4356,1.332224
4357,1.362944
4358,1.317888
4359,1.362944
4360,1.315840
4361,1.332224
4362,1.373184
4363,1.296384
4364,1.371136
4365,1.285120
4366,1.310720
4367,1.332224
4368,1.352704
4369,1.330176
4370,1.344512
4371,1.335296
4372,1.306624
4373,1.337344
4374,1.366016
4375,1.317888
4376,1.379328
4377,1.456128
4378,1.364992
4379,1.335296
4380,1.327104
4381,1.340416
4382,1.301504
4383,1.329152
4384,1.306624
4385,1.318912
4386,1.301504
4387,1.366016
4388,1.309696
4389,1.294336
4390,1.282048
4391,1.364992
4392,1.329152
4393,1.386496
4394,1.219584
4395,1.182720
4396,1.214464
4397,1.354752
4398,1.332224
4399,1.364992
4400,1.378304
4401,1.282048
4402,1.329152
4403,1.306624
4404,1.320960
4405,1.295360
4406,1.342464
4407,1.351680
4408,1.361920
4409,1.299456
4410,1.296384
4411,1.331200
4412,1.363968
4413,1.339392
4414,1.371136
4415,1.341440
4416,1.316864
4417,1.301504
4418,1.319936
4419,1.332224
4420,1.330176
4421,1.289216
4422,1.363968
4423,1.317888
4424,1.368064
4425,1.301504
4426,1.334272
4427,1.311744
4428,1.337344
4429,1.370112
4430,1.357824
4431,1.324032
4432,1.353728
4433,1.362944
4434,1.304576
4435,1.307648
4436,1.320960
4437,1.324032
4438,1.297408
4439,1.363968
4440,1.206272
4441,0.785408
4442,1.372160
4443,1.335296
4444,1.321984
4445,1.315840
4446,1.270784
4447,1.361920
4448,1.328128
4449,1.303552
4450,1.326080
4451,1.382400
4452,1.371136
4453,1.358848
4454,1.342464
4455,1.323008
4456,1.377280
4457,1.299456
4458,1.384448
4459,1.354752
4460,1.330176
4461,1.319936
4462,1.324032
4463,1.326080
4464,1.356800
4465,1.394688
4466,1.325056
4467,1.393664
4468,1.320960
4469,1.349632
4470,1.368064
4471,1.352704
4472,1.352704
4473,1.292288
4474,1.336320
4475,1.348608
4476,1.290240
4477,1.356800
4478,1.336320
4479,1.416192
4480,1.332224
4481,1.354752
4482,1.387520
4483,1.355776
4484,1.370112
4485,1.333248
4486,0.995328
4487,1.375232
4488,1.331200
4489,1.312768
4490,1.295360
4491,1.311744
4492,1.355776
4493,1.359872
4494,1.305600
4495,1.357824
4496,1.372160
4497,1.346560
4498,1.390592
4499,1.321984
4500,1.313792
4501,1.357824
4502,1.329152
4503,1.351680
4504,1.316864
4505,1.319936
4506,1.293312
4507,1.337344
4508,1.381376
4509,1.330176
4510,1.402880
4511,1.296384
4512,1.302528
4513,1.323008
4514,1.328128
4515,1.370112
4516,1.360896
4517,1.301504
4518,1.367040
4519,1.313792
4520,1.328128
4521,1.346560
4522,1.354752
4523,1.331200
4524,1.341440
4525,1.334272
4526,1.347584
4527,1.326080
4528,1.329152
4529,1.309696
4530,1.369088
4531,1.277952
4532,1.004544
4533,1.380352
4534,1.484800
4535,1.359872
4536,1.355776
4537,1.351680
4538,1.351680
4539,1.340416
4540,1.368064
4541,1.388544
4542,1.329152
4543,1.338368
4544,1.315840
4545,1.348608
4546,1.308672
4547,1.312768
4548,1.349632
4549,1.302528
4550,1.358848
4551,1.334272
4552,1.383424
4553,1.385472
4554,1.344512
4555,1.341440
4556,1.354752
4557,1.308672
4558,1.347584
4559,1.334272
4560,1.346560
4561,1.323008
4562,1.371136
4563,1.364992
4564,1.385472
4565,1.349632
4566,1.346560
4567,1.351680
4568,1.323008
4569,1.357824
4570,1.350656
4571,1.371136
4572,1.357824
4573,1.308672
4574,1.302528
4575,1.358848
4576,1.327104
4577,1.144832
4578,1.386496
4579,1.361920
4580,1.325056
4581,1.371136
4582,1.306624
4583,1.346560
4584,1.300480
4585,1.337344
4586,1.346560
4587,1.349632
4588,1.376256
4589,1.297408
4590,1.378304
4591,1.292288
4592,1.370112
4593,1.337344
4594,1.373184
4595,1.310720
4596,1.319936
4597,1.340416
4598,1.355776
4599,1.390592
4600,1.293312
4601,1.301504
4602,1.318912
4603,1.334272
4604,1.298432
4605,1.316864
4606,1.325056
4607,1.280000
4608,1.321984
4609,1.296384
4610,1.309696
4611,1.307648
4612,1.325056
4613,1.402880
4614,1.301504
4615,1.379328
4616,1.358848
4617,1.310720
4618,1.335296
4619,1.360896
4620,1.286144
4621,1.360896
4622,1.281024
4623,1.079296
4624,0.802816
4625,1.238016
4626,1.143808
4627,1.323008
4628,1.136640
4629,1.277952
4630,1.316864
4631,1.350656
4632,1.359872
4633,1.325056
4634,1.347584
4635,1.353728
4636,1.336320
4637,1.386496
4638,1.345536
4639,1.314816
4640,1.353728
4641,1.325056
4642,1.343488
4643,1.302528
4644,1.274880
4645,1.361920
4646,1.308672
4647,1.362944
4648,1.306624
4649,1.358848
4650,1.319936
4651,1.335296
4652,1.357824
4653,1.331200
4654,1.319936
4655,1.298432
4656,1.328128
4657,1.318912
4658,1.371136
4659,1.405952
4660,1.357824
4661,1.359872
4662,1.341440
4663,1.367040
4664,1.360896
4665,1.324032
4666,1.353728
4667,1.353728
4668,1.382400
4669,1.321984
4670,1.119232
4671,0.904192
4672,0.996352
4673,1.202176
4674,1.320960
4675,1.357824
4676,1.300480
4677,1.362944
4678,1.307648
4679,1.344512
4680,1.367040
4681,1.356800
4682,1.395712
4683,1.308672
4684,1.326080
4685,1.338368
4686,1.338368
4687,1.299456
4688,1.347584
4689,1.343488
4690,1.333248
4691,1.338368
4692,1.303552
4693,1.357824
4694,1.329152
4695,1.375232
4696,1.334272
4697,1.357824
4698,1.360896
4699,1.306624
4700,1.328128
4701,1.383424
4702,1.391616
4703,1.353728
4704,1.358848
4705,1.340416
4706,1.323008
4707,1.342464
4708,1.315840
4709,1.343488
4710,1.336320
4711,1.349632
4712,1.359872
4713,1.321984
4714,1.336320
4715,1.354752
4716,1.287168
4717,1.070080
4718,0.751616
4719,0.670720
4720,0.616448
4721,0.600064
4722,1.381376
4723,1.342464
4724,1.310720
4725,1.232896
4726,1.359872
4727,1.381376
4728,1.299456
4729,1.330176
4730,1.341440
4731,1.340416
4732,1.352704
4733,1.261568
4734,1.338368
4735,1.337344
4736,1.348608
4737,1.301504
4738,1.319936
4739,1.357824
4740,1.337344
4741,1.310720
4742,1.356800
4743,1.351680
4744,1.318912
4745,1.387520
4746,1.307648
4747,1.321984
4748,1.377280
4749,1.358848
4750,1.333248
4751,1.324032
4752,1.323008
4753,1.347584
4754,1.289216
4755,1.340416
4756,1.342464
4757,1.324032
4758,1.282048
4759,1.313792
4760,1.310720
4761,1.330176
4762,1.317888
4763,1.348608
4764,1.309696
4765,1.275904
4766,1.320960
4767,1.004544
4768,0.708608
4769,0.671744
4770,0.660480
4771,0.634880
4772,0.608256
4773,0.563200
4774,0.551936
4775,1.401856
4776,1.396736
4777,1.283072
4778,1.332224
4779,1.328128
4780,1.325056
4781,1.303552
4782,1.321984
4783,1.342464
4784,1.350656
4785,1.367040
4786,1.352704
4787,1.369088
4788,1.410048
4789,1.345536
4790,1.381376
4791,1.314816
4792,1.319936
4793,1.347584
4794,1.307648
4795,1.362944
4796,1.320960
4797,1.327104
4798,1.334272
4799,1.356800
4800,1.356800
4801,1.362944
4802,1.324032
4803,1.336320
4804,1.328128
4805,1.366016
4806,1.375232
4807,1.349632
4808,1.521664
4809,1.354752
4810,1.352704
4811,1.350656
4812,1.338368
4813,1.334272
4814,1.316864
4815,1.393664
4816,1.332224
4817,1.296384
4818,1.345536
4819,1.217536
4820,0.801792
4821,0.575488
4822,0.568320
4823,0.566272
4824,0.565248
4825,0.563200
4826,1.300480
4827,1.334272
4828,1.283072
4829,1.302528
4830,1.388544
4831,1.362944
4832,1.396736
4833,1.299456
4834,1.326080
4835,1.335296
4836,1.366016
4837,1.310720
4838,1.345536
4839,1.333248
4840,1.356800
4841,1.330176
4842,1.300480
4843,1.353728
4844,1.333248
4845,1.356800
4846,1.359872
4847,1.372160
4848,1.377280
4849,1.340416
4850,1.350656
4851,1.354752
4852,1.345536
4853,1.363968
4854,1.361920
4855,1.304576
4856,1.321984
4857,1.353728
4858,1.368064
4859,1.343488
4860,1.344512
4861,1.349632
4862,1.283072
4863,1.317888
4864,1.318912
4865,1.366016
4866,1.337344
4867,1.362944
4868,1.313792
4869,1.352704
4870,1.268736
4871,0.908288
4872,1.412096
4873,1.354752
4874,1.374208
4875,1.352704
4876,1.330176
4877,1.277952
4878,1.342464
4879,1.331200
4880,1.334272
4881,1.325056
4882,1.354752
4883,1.370112
4884,1.287168
4885,1.336320
4886,1.321984
4887,1.371136
4888,1.340416
4889,1.390592
4890,1.367040
4891,1.325056
4892,1.334272
4893,1.340416
4894,1.310720
4895,1.369088
4896,1.366016
4897,1.288192
4898,1.303552
4899,1.329152
4900,1.360896
4901,1.373184
4902,1.307648
4903,1.330176
4904,1.326080
4905,1.372160
4906,1.360896
4907,1.329152
4908,1.310720
4909,1.313792
4910,1.321984
4911,1.353728
4912,1.331200
4913,1.393664
4914,1.364992
4915,1.338368
4916,1.227776
4917,1.218560
4918,1.168384
4919,1.254400
4920,1.246208
4921,1.316864
4922,1.334272
4923,1.351680
4924,1.373184
4925,1.361920
4926,1.321984
4927,1.296384
4928,1.325056
4929,1.287168
4930,1.303552
4931,1.310720
4932,1.314816
4933,1.321984
4934,1.270784
4935,1.369088
4936,1.379328
4937,1.319936
4938,1.347584
4939,1.304576
4940,1.326080
4941,1.323008
4942,1.311744
4943,1.360896
4944,1.379328
4945,1.346560
4946,1.381376
4947,1.367040
4948,1.352704
4949,1.375232
4950,1.386496
4951,1.364992
4952,1.352704
4953,1.390592
4954,1.376256
4955,1.352704
4956,1.325056
4957,1.354752
4958,1.315840
4959,1.323008
4960,1.344512
4961,1.320960
4962,1.103872
4963,0.833536
4964,0.577536
4965,35.430401
4966,1.291264
4967,1.350656
4968,1.331200
4969,1.294336
4970,1.281024
4971,1.317888
4972,1.313792
4973,1.379328
4974,1.357824
4975,1.285120
4976,1.362944
4977,1.378304
4978,1.387520
4979,1.344512
4980,1.356800
4981,1.325056
4982,1.342464
4983,1.355776
4984,1.286144
4985,1.377280
4986,1.350656
4987,1.314816
4988,1.335296
4989,1.342464
4990,1.327104
4991,1.325056
4992,1.364992
4993,1.359872
4994,1.325056
4995,1.345536
4996,1.377280
4997,1.355776
4998,1.349632
4999,1.350656
5000,1.337344
5001,1.406976
5002,1.355776
5003,1.349632
5004,1.308672
5005,1.382400
5006,1.333248
5007,1.338368
5008,1.349632
5009,1.359872
5010,1.273856
5011,1.112064
5012,0.713728
5013,0.587776
5014,0.577536
5015,0.565248
5016,0.561152
5017,0.557056
5018,1.433600
5019,1.383424
5020,1.416192
5021,1.302528
5022,1.341440
5023,1.310720
5024,1.334272
5025,1.338368
5026,1.345536
5027,1.308672
5028,1.304576
5029,1.355776
5030,1.367040
5031,1.321984
5032,1.307648
5033,1.281024
5034,1.367040
5035,1.376256
5036,1.319936
5037,1.333248
5038,1.325056
5039,1.296384
5040,1.308672
5041,1.336320
5042,1.340416
5043,1.406976
5044,1.360896
5045,1.318912
5046,1.308672
5047,1.347584
5048,1.360896
5049,1.305600
5050,1.352704
5051,1.347584
5052,1.316864
5053,1.369088
5054,1.361920
5055,1.344512
5056,1.334272
5057,1.316864
5058,1.294336
5059,1.336320
5060,1.313792
5061,1.338368
5062,1.290240
5063,1.206272
5064,1.181696
5065,1.270784
5066,1.315840
5067,1.361920
5068,1.303552
5069,1.309696
5070,1.317888
5071,1.352704
5072,1.370112
5073,1.345536
5074,1.360896
5075,1.262592
5076,1.369088
5077,1.323008
5078,1.316864
5079,1.331200
5080,1.350656
5081,1.320960
5082,1.349632
5083,1.353728
5084,1.360896
5085,1.302528
5086,1.355776
5087,1.319936
5088,1.325056
5089,1.395712
5090,1.334272
5091,1.334272
5092,1.348608
5093,1.288192
5094,1.332224
5095,1.319936
5096,1.329152
5097,1.346560
5098,1.319936
5099,1.342464
5100,1.324032
5101,1.304576
5102,1.334272
5103,1.363968
5104,1.294336
5105,1.314816
5106,1.386496
5107,1.345536
5108,1.265664
5109,0.945152
5110,1.360896
5111,1.318912
5112,1.240064
5113,1.308672
5114,1.304576
5115,1.357824
5116,1.340416
5117,1.352704
5118,1.357824
5119,1.345536
5120,1.339392
5121,1.325056
5122,1.323008
5123,1.291264
5124,1.421312
5125,1.303552
5126,1.370112
5127,1.333248
5128,1.359872
5129,1.346560
5130,1.353728
5131,1.339392
5132,1.391616
5133,1.337344
5134,1.355776
5135,1.298432
5136,1.347584
5137,1.280000
5138,1.372160
5139,1.332224
5140,1.370112
5141,1.342464
5142,1.328128
5143,1.335296
5144,1.354752
5145,1.336320
5146,1.317888
5147,1.272832
5148,1.321984
5149,1.304576
5150,1.308672
5151,1.312768
5152,1.297408
5153,1.368064
5154,1.310720
5155,1.002496
5156,1.273856
5157,1.196032
5158,1.350656
5159,1.363968
5160,1.373184
5161,1.380352
5162,1.331200
5163,1.356800
5164,1.367040
5165,1.373184
5166,1.323008
5167,1.288192
5168,1.342464
5169,1.285120
5170,1.299456
5171,1.353728
5172,1.312768
5173,1.344512
5174,1.352704
5175,1.366016
5176,1.299456
5177,1.367040
5178,1.308672
5179,1.326080
5180,1.386496
5181,1.310720
5182,1.348608
5183,1.360896
5184,1.371136
5185,1.326080
5186,1.350656
5187,1.340416
5188,1.352704
5189,1.299456
5190,1.353728
5191,1.342464
5192,1.328128
5193,1.327104
5194,1.319936
5195,1.363968
5196,1.383424
5197,1.321984
5198,1.355776
5199,1.342464
5200,1.220608
5201,0.926720
5202,0.664576
5203,0.665600
5204,0.652288
5205,0.633856
5206,0.607232
5207,1.382400
5208,1.377280
5209,1.364992
5210,1.288192
5211,1.344512
5212,1.346560
5213,1.371136
5214,1.304576
5215,1.329152
5216,1.345536
5217,1.321984
5218,1.321984
5219,1.346560
5220,1.327104
5221,1.305600
5222,1.375232
5223,1.351680
5224,1.341440
5225,1.289216
5226,1.371136
5227,1.315840
5228,1.384448
5229,1.394688
5230,1.399808
5231,1.397760
5232,1.345536
5233,1.354752
5234,1.353728
5235,1.358848
5236,1.295360
5237,1.364992
5238,1.333248
5239,1.334272
5240,1.348608
5241,1.343488
5242,1.338368
5243,1.333248
5244,1.327104
5245,1.291264
5246,1.375232
5247,1.347584
5248,1.344512
5249,1.341440
5250,1.298432
5251,1.124352
5252,1.369088
5253,1.260544
5254,1.318912
5255,1.333248
5256,1.326080
5257,1.320960
5258,1.315840
5259,1.358848
5260,1.392640
5261,1.362944
5262,1.341440
5263,1.323008
5264,1.357824
5265,1.336320
5266,1.306624
5267,1.328128
5268,1.326080
5269,1.330176
5270,1.349632
5271,1.344512
5272,1.313792
5273,1.305600
5274,1.364992
5275,1.320960
5276,1.369088
5277,1.375232
5278,1.350656
5279,1.356800
5280,1.378304
5281,1.352704
5282,1.334272
5283,1.340416
5284,1.395712
5285,1.327104
5286,1.364992
5287,1.313792
5288,1.308672
5289,1.368064
5290,1.371136
5291,1.331200
5292,1.334272
5293,1.332224
5294,1.321984
5295,1.380352
5296,1.256448
5297,1.210368
5298,1.180672
5299,1.280000
5300,1.351680
5301,1.329152
5302,1.299456
5303,1.330176
5304,1.284096
5305,1.376256
5306,1.302528
5307,1.352704
5308,1.323008
5309,1.364992
5310,1.348608
5311,1.317888
5312,1.288192
5313,1.304576
5314,1.315840
5315,1.283072
5316,1.334272
5317,1.276928
5318,1.344512
5319,1.373184
5320,1.314816
5321,1.378304
5322,1.406976
5323,1.359872
5324,1.371136
5325,1.354752
5326,1.371136
5327,1.338368
5328,1.363968
5329,1.392640
5330,1.342464
5331,1.349632
5332,1.356800
5333,1.406976
5334,1.352704
5335,1.333248
5336,1.348608
5337,1.341440
5338,1.352704
5339,1.360896
5340,1.341440
5341,1.220608
5342,1.020928
5343,0.811008
5344,0.667648
5345,1.325056
5346,1.258496
5347,1.289216
5348,1.342464
5349,1.349632
5350,1.401856
5351,1.345536
5352,1.292288
5353,1.281024
5354,1.397760
5355,1.290240
5356,1.305600
5357,1.298432
5358,1.292288
5359,1.353728
5360,1.308672
5361,1.402880
5362,1.343488
5363,1.359872
5364,1.351680
5365,1.370112
5366,1.332224
5367,1.299456
5368,1.336320
5369,1.310720
5370,1.350656
5371,1.287168
5372,1.346560
5373,1.328128
5374,1.312768
5375,1.306624
5376,1.353728
5377,1.346560
5378,1.314816
5379,1.343488
5380,1.352704
5381,1.350656
5382,1.382400
5383,1.326080
5384,1.341440
5385,1.358848
5386,1.343488
5387,1.307648
5388,1.361920
5389,1.288192
5390,1.173504
5391,1.215488
5392,1.160192
5393,1.257472
5394,1.324032
5395,1.351680
5396,1.313792
5397,1.333248
5398,1.368064
5399,1.366016
5400,1.354752
5401,1.349632
5402,1.373184
5403,1.373184
5404,1.371136
5405,1.347584
5406,1.353728
5407,1.352704
5408,1.368064
5409,1.353728
5410,1.312768
5411,1.413120
5412,1.346560
5413,1.319936
5414,1.366016
5415,1.312768
5416,1.351680
5417,1.313792
5418,1.315840
5419,1.206272
5420,1.309696
5421,1.306624
5422,1.341440
5423,1.302528
5424,1.335296
5425,1.341440
5426,1.366016
5427,1.372160
5428,1.338368
5429,1.355776
5430,1.300480
5431,1.341440
5432,1.351680
5433,1.330176
5434,1.344512
5435,1.280000
5436,1.248256
5437,1.143808
5438,1.271808
5439,1.329152
5440,1.321984
5441,1.308672
5442,1.289216
5443,1.335296
5444,1.291264
5445,1.312768
5446,1.359872
5447,1.287168
5448,1.333248
5449,1.358848
5450,1.360896
5451,1.305600
5452,1.327104
5453,1.303552
5454,1.347584
5455,1.331200
5456,1.352704
5457,1.311744
5458,1.306624
5459,1.326080
5460,1.318912
5461,1.355776
5462,1.364992
5463,1.341440
5464,1.318912
5465,1.342464
5466,1.355776
5467,1.357824
5468,1.289216
5469,1.390592
5470,1.390592
5471,1.353728
5472,1.299456
5473,1.373184
5474,1.332224
5475,1.399808
5476,1.366016
5477,1.338368
5478,1.329152
5479,1.389568
5480,1.350656
5481,1.232896
5482,1.158144
5483,1.324032
5484,1.264640
5485,1.270784
5486,1.313792
5487,1.321984
5488,1.340416
5489,1.314816
5490,1.329152
5491,1.301504
5492,1.278976
5493,1.325056
5494,1.346560
5495,1.345536
5496,1.341440
5497,1.318912
5498,1.388544
5499,1.320960
5500,1.332224
5501,1.278976
5502,1.282048
5503,1.510400
5504,1.525760
5505,1.363968
5506,1.327104
5507,1.457152
5508,1.300480
5509,1.311744
5510,1.358848
5511,1.373184
5512,1.348608
5513,1.341440
5514,1.354752
5515,1.311744
5516,1.328128
5517,1.274880
5518,1.269760
5519,1.294336
5520,1.327104
5521,1.308672
5522,1.330176
5523,1.334272
5524,1.342464
5525,1.356800
5526,1.216512
5527,0.807936
5528,0.616448
5529,0.590848
5530,0.577536
5531,1.368064
5532,1.327104
5533,1.290240
5534,1.331200
5535,1.296384
5536,1.296384
5537,1.323008
5538,1.297408
5539,1.335296
5540,1.351680
5541,1.336320
5542,1.345536
5543,1.382400
5544,1.348608
5545,1.354752
5546,1.388544
5547,1.373184
5548,1.321984
5549,1.361920
5550,1.345536
5551,1.359872
5552,1.379328
5553,1.295360
5554,1.300480
5555,1.307648
5556,1.302528
5557,1.351680
5558,1.343488
5559,1.328128
5560,1.302528
5561,1.340416
5562,1.284096
5563,1.384448
5564,1.372160
5565,1.347584
5566,1.302528
5567,1.415168
5568,1.373184
5569,1.374208
5570,1.343488
5571,1.395712
5572,1.294336
5573,1.351680
5574,1.349632
5575,1.140736
5576,0.860160
5577,0.698368
5578,0.613376
5579,0.619520
5580,0.603136
5581,0.599040
5582,1.330176
5583,1.341440
5584,1.344512
5585,1.300480
5586,1.349632
5587,1.346560
5588,1.346560
5589,1.370112
5590,1.353728
5591,1.329152
5592,1.278976
5593,1.299456
5594,1.309696
5595,1.315840
5596,1.320960
5597,1.388544
5598,1.326080
5599,1.328128
5600,1.339392
5601,1.359872
5602,1.372160
5603,1.287168
5604,1.274880
5605,1.324032
5606,1.309696
5607,1.308672
5608,1.352704
5609,1.328128
5610,1.286144
5611,1.368064
5612,1.380352
5613,1.323008
5614,1.305600
5615,1.335296
5616,1.333248
5617,1.340416
5618,1.302528
5619,1.311744
5620,1.338368
5621,1.329152
5622,1.313792
5623,1.368064
5624,1.304576
5625,1.315840
5626,1.312768
5627,0.987136
5628,0.745472
5629,0.633856
5630,0.610304
5631,0.599040
5632,0.584704
5633,1.319936
5634,1.188864
5635,1.295360
5636,1.349632
5637,1.353728
5638,1.335296
5639,1.282048
5640,1.342464
5641,1.269760
5642,1.334272
5643,1.334272
5644,1.337344
5645,1.318912
5646,1.308672
5647,1.345536
5648,1.378304
5649,1.325056
5650,1.313792
5651,1.366016
5652,1.355776
5653,1.367040
5654,1.332224
5655,1.311744
5656,1.363968
5657,1.381376
5658,1.277952
5659,1.353728
5660,1.366016
5661,1.354752
5662,1.359872
5663,1.349632
5664,1.324032
5665,1.274880
5666,1.340416
5667,1.309696
5668,1.361920
5669,1.332224
5670,1.294336
5671,1.307648
5672,1.397760
5673,1.352704
5674,1.368064
5675,1.375232
5676,1.366016
5677,1.294336
5678,1.329152
5679,1.145856
5680,1.348608
5681,1.342464
5682,1.349632
5683,1.338368
5684,1.383424
5685,1.310720
5686,1.306624
5687,1.345536
5688,1.359872
5689,1.337344
5690,1.321984
5691,1.328128
5692,1.325056
5693,1.409024
5694,1.358848
5695,1.359872
5696,1.374208
5697,1.334272
5698,1.298432
5699,1.305600
5700,1.297408
5701,1.291264
5702,1.294336
5703,1.363968
5704,1.315840
5705,1.286144
5706,1.331200
5707,1.313792
5708,1.368064
5709,1.314816
5710,1.317888
5711,1.388544
5712,1.310720
5713,1.302528
5714,1.360896
5715,1.313792
5716,1.297408
5717,1.357824
5718,1.360896
5719,1.347584
5720,1.332224
5721,1.368064
5722,1.342464
5723,1.072128
5724,1.391616
5725,1.308672
5726,1.250304
5727,1.324032
5728,1.340416
5729,1.360896
5730,1.363968
5731,1.340416
5732,1.352704
5733,1.338368
5734,1.377280
5735,1.317888
5736,1.296384
5737,1.376256
5738,1.259520
5739,1.348608
5740,1.303552
5741,1.357824
5742,1.336320
5743,1.325056
5744,1.361920
5745,1.385472
5746,1.349632
5747,1.378304
5748,1.354752
5749,1.372160
5750,1.381376
5751,1.346560
5752,1.359872
5753,1.378304
5754,1.338368
5755,1.366016
5756,1.304576
5757,1.332224
5758,1.293312
5759,1.306624
5760,1.398784
5761,1.363968
5762,1.334272
5763,1.376256
5764,1.339392
5765,1.333248
5766,1.358848
5767,1.348608
5768,1.332224
5769,1.175552
5770,1.164288
5771,1.321984
5772,1.297408
5773,1.302528
5774,1.312768
5775,1.347584
5776,1.340416
5777,1.379328
5778,1.335296
5779,1.346560
5780,1.300480
5781,1.304576
5782,1.335296
5783,1.355776
5784,1.343488
5785,1.339392
5786,1.375232
5787,1.310720
5788,1.321984
5789,1.311744
5790,1.327104
5791,1.318912
5792,1.315840
5793,1.357824
5794,1.342464
5795,1.343488
5796,1.326080
5797,1.378304
5798,1.319936
5799,1.329152
5800,1.359872
5801,1.342464
5802,1.347584
5803,1.297408
5804,1.336320
5805,1.327104
5806,1.270784
5807,1.397760
5808,1.338368
5809,1.369088
5810,1.340416
5811,1.354752
5812,1.307648
5813,1.406976
5814,1.206272
5815,1.191936
5816,1.128448
5817,1.304576
5818,1.309696
5819,1.276928
5820,1.333248
5821,1.324032
5822,1.366016
5823,1.321984
5824,1.324032
5825,1.317888
5826,1.330176
5827,1.294336
5828,1.345536
5829,1.314816
5830,1.354752
5831,1.323008
5832,1.333248
5833,1.369088
5834,1.356800
5835,1.324032
5836,1.341440
5837,1.312768
5838,1.366016
5839,1.357824
5840,1.380352
5841,1.350656
5842,1.357824
5843,1.319936
5844,1.346560
5845,1.333248
5846,1.335296
5847,1.323008
5848,1.351680
5849,1.344512
5850,1.313792
5851,1.352704
5852,1.300480
5853,1.364992
5854,1.383424
5855,1.352704
5856,1.271808
5857,1.335296
5858,1.315840
5859,1.337344
5860,1.119232
5861,1.252352
5862,1.204224
5863,1.338368
5864,1.327104
5865,1.386496
5866,1.354752
5867,1.321984
5868,1.313792
5869,1.328128
5870,1.329152
5871,1.352704
5872,1.351680
5873,1.317888
5874,1.348608
5875,1.412096
5876,1.315840
5877,1.325056
5878,1.369088
5879,1.314816
5880,1.323008
5881,1.328128
5882,1.309696
5883,1.312768
5884,1.348608
5885,1.320960
5886,1.358848
5887,1.326080
5888,1.379328
5889,1.349632
5890,1.377280
5891,1.384448
5892,1.385472
5893,1.358848
5894,1.305600
5895,1.300480
5896,1.373184
5897,1.301504
5898,1.317888
5899,1.324032
5900,1.331200
5901,1.452032
5902,1.385472
5903,1.309696
5904,1.288192
5905,1.308672
5906,0.986112
5907,0.822272
5908,0.675840
5909,1.373184
5910,1.294336
5911,1.287168
5912,1.271808
5913,1.335296
5914,1.339392
5915,1.344512
5916,1.381376
5917,1.359872
5918,1.295360
5919,1.351680
5920,1.326080
5921,1.367040
5922,1.367040
5923,1.316864
5924,1.298432
5925,1.356800
5926,1.349632
5927,1.327104
5928,1.337344
5929,1.316864
5930,1.372160
5931,1.357824
5932,1.386496
5933,1.314816
5934,1.348608
5935,1.327104
5936,1.331200
5937,1.315840
5938,1.330176
5939,1.318912
5940,1.328128
5941,1.293312
5942,1.366016
5943,1.338368
5944,1.304576
5945,1.372160
5946,1.387520
5947,1.425408
5948,1.321984
5949,1.359872
5950,1.389568
5951,1.341440
5952,1.351680
5953,1.215488
5954,1.256448
5955,1.116160
5956,1.318912
5957,1.329152
5958,1.339392
5959,1.309696
5960,1.334272
5961,1.344512
5962,1.357824
5963,1.358848
5964,1.370112
5965,1.317888
5966,1.309696
5967,1.343488
5968,1.306624
5969,1.352704
5970,1.321984
5971,1.355776
5972,1.363968
5973,1.320960
5974,1.399808
5975,1.318912
5976,1.362944
5977,1.300480
5978,1.327104
5979,1.324032
5980,1.371136
5981,1.368064
5982,1.374208
5983,1.317888
5984,1.350656
5985,1.323008
5986,1.337344
5987,1.366016
5988,1.311744
5989,1.317888
5990,1.330176
5991,1.350656
5992,1.303552
5993,1.346560
5994,1.360896
5995,1.343488
5996,1.346560
5997,1.401856
5998,1.291264
5999,1.010688
6000,0.771072
6001,1.337344
6002,1.248256
6003,1.305600
6004,1.330176
6005,1.354752
6006,1.348608
6007,1.313792
6008,1.312768
6009,1.383424
6010,1.385472
6011,1.341440
6012,1.375232
6013,1.324032
6014,1.319936
6015,1.341440
6016,1.315840
6017,1.328128
6018,1.301504
6019,1.395712
6020,1.344512
6021,1.347584
6022,1.190912
6023,1.321984
6024,1.342464
6025,1.347584
6026,1.313792
6027,1.335296
6028,1.311744
6029,1.311744
6030,1.355776
6031,1.333248
6032,1.337344
6033,1.325056
6034,1.330176
6035,1.288192
6036,1.304576
6037,1.340416
6038,1.296384
6039,1.336320
6040,1.351680
6041,1.377280
6042,1.323008
6043,1.307648
6044,1.353728
6045,1.307648
6046,1.108992
6047,0.788480
6048,1.375232
6049,1.368064
6050,1.368064
6051,1.361920
6052,1.385472
6053,1.307648
6054,1.351680
6055,1.351680
6056,1.344512
6057,1.313792
6058,1.307648
6059,1.317888
6060,1.380352
6061,1.345536
6062,1.349632
6063,1.375232
6064,1.384448
6065,1.332224
6066,1.354752
6067,1.333248
6068,1.414144
6069,1.387520
6070,1.338368
6071,1.387520
6072,1.353728
6073,1.355776
6074,1.391616
6075,1.378304
6076,1.388544
6077,1.386496
6078,1.337344
6079,1.364992
6080,1.385472
6081,1.360896
6082,1.335296
6083,1.359872
6084,1.345536
6085,1.401856
6086,1.352704
6087,1.346560
6088,1.327104
6089,1.280000
6090,1.337344
6091,1.187840
6092,1.178624
6093,0.944128
6094,1.314816
6095,1.170432
6096,1.358848
6097,1.345536
6098,1.330176
6099,1.342464
6100,1.353728
6101,1.354752
6102,1.330176
6103,1.357824
6104,1.341440
6105,1.330176
6106,1.354752
6107,1.310720
6108,1.331200
6109,1.344512
6110,1.343488
6111,1.335296
6112,1.338368
6113,1.378304
6114,1.342464
6115,1.324032
6116,1.410048
6117,1.300480
6118,1.358848
6119,1.337344
6120,1.373184
6121,1.372160
6122,1.316864
6123,1.239040
6124,1.408000
6125,1.269760
6126,1.308672
6127,1.361920
6128,1.377280
6129,1.319936
6130,1.335296
6131,1.308672
6132,1.331200
6133,1.321984
6134,1.335296
6135,1.344512
6136,1.348608
6137,1.259520
6138,1.311744
6139,1.277952
6140,1.130496
6141,1.301504
6142,1.320960
6143,1.294336
6144,1.287168
6145,1.297408
6146,1.376256
6147,1.358848
6148,1.346560
6149,1.346560
6150,1.338368
6151,1.340416
6152,1.357824
6153,1.371136
6154,1.384448
6155,1.369088
6156,1.389568
6157,1.321984
6158,1.340416
6159,1.327104
6160,1.355776
6161,1.324032
6162,1.361920
6163,1.337344
6164,1.307648
6165,1.339392
6166,1.410048
6167,1.307648
6168,1.351680
6169,1.170432
6170,1.340416
6171,1.295360
6172,1.300480
6173,1.323008
6174,1.306624
6175,1.315840
6176,1.330176
6177,1.356800
6178,1.383424
6179,1.391616
6180,1.358848
6181,1.354752
6182,1.386496
6183,1.358848
6184,1.208320
6185,0.906240
6186,1.368064
6187,1.323008
6188,1.314816
6189,1.298432
6190,1.319936
6191,1.328128
6192,1.358848
6193,1.328128
6194,1.305600
6195,1.357824
6196,1.328128
6197,1.303552
6198,1.321984
6199,1.317888
6200,1.356800
6201,1.302528
6202,1.341440
6203,1.347584
6204,1.375232
6205,1.325056
6206,1.314816
6207,1.350656
6208,1.295360
6209,1.352704
6210,1.305600
6211,1.364992
6212,1.313792
6213,1.314816
6214,1.326080
6215,1.334272
6216,1.335296
6217,1.303552
6218,1.297408
6219,1.391616
6220,1.326080
6221,1.353728
6222,1.271808
6223,1.330176
6224,1.334272
6225,1.263616
6226,1.325056
6227,1.332224
6228,1.312768
6229,1.350656
6230,1.231872
6231,0.915456
6232,0.695296
6233,0.613376
6234,0.585728
6235,0.581632
6236,0.568320
6237,0.557056
6238,1.390592
6239,1.335296
6240,1.330176
6241,1.338368
6242,1.299456
6243,1.360896
6244,1.334272
6245,1.343488
6246,1.292288
6247,1.310720
6248,1.343488
6249,1.345536
6250,1.344512
6251,1.307648
6252,1.339392
6253,1.379328
6254,1.303552
6255,1.299456
6256,1.298432
6257,1.401856
6258,1.379328
6259,1.312768
6260,1.388544
6261,1.328128
6262,1.340416
6263,1.293312
6264,1.356800
6265,1.343488
6266,1.318912
6267,1.329152
6268,1.332224
6269,1.321984
6270,1.332224
6271,1.318912
6272,1.307648
6273,1.299456
6274,1.342464
6275,1.389568
6276,1.383424
6277,1.339392
6278,1.312768
6279,1.340416
6280,1.221632
6281,1.002496
6282,0.783360
6283,35.345409
6284,1.292288
6285,1.308672
6286,1.299456
6287,1.348608
6288,1.357824
6289,1.277952
6290,1.311744
6291,1.314816
6292,1.314816
6293,1.288192
6294,1.404928
6295,1.347584
6296,1.375232
6297,1.307648
6298,1.336320
6299,1.345536
6300,1.333248
6301,1.369088
6302,1.348608
6303,1.336320
6304,1.314816
6305,1.328128
6306,1.346560
6307,1.354752
6308,1.310720
6309,1.347584
6310,1.298432
6311,1.333248
6312,1.312768
6313,1.343488
6314,1.313792
6315,1.336320
6316,1.373184
6317,1.341440
6318,1.307648
6319,1.328128
6320,1.328128
6321,1.360896
6322,1.315840
6323,1.311744
6324,1.304576
6325,1.547264
6326,1.329152
6327,1.328128
6328,1.165312
6329,1.386496
6330,1.404928
6331,1.391616
6332,1.329152
6333,1.327104
6334,1.370112
6335,1.358848
6336,1.326080
6337,1.331200
6338,1.321984
6339,1.320960
6340,1.394688
6341,1.321984
6342,1.369088
6343,1.370112
6344,1.295360
6345,1.282048
6346,1.325056
6347,1.314816
6348,1.371136
6349,1.317888
6350,1.321984
6351,1.346560
6352,1.295360
6353,1.341440
6354,1.338368
6355,1.380352
6356,1.341440
6357,1.285120
6358,1.288192
6359,1.353728
6360,1.326080
6361,1.348608
6362,1.318912
6363,1.332224
6364,1.359872
6365,1.369088
6366,1.364992
6367,1.366016
6368,1.361920
6369,1.338368
6370,1.343488
6371,1.372160
6372,1.334272
6373,1.176576
6374,1.285120
6375,1.233920
6376,1.485824
6377,1.344512
6378,1.291264
6379,1.316864
6380,1.311744
6381,1.292288
6382,1.275904
6383,1.368064
6384,1.340416
6385,1.348608
6386,1.371136
6387,1.345536
6388,1.300480
6389,1.329152
6390,1.359872
6391,1.408000
6392,1.308672
6393,1.349632
6394,1.325056
6395,1.302528
6396,1.320960
6397,1.313792
6398,1.323008
6399,1.343488
6400,1.369088
6401,1.356800
6402,1.342464
6403,1.359872
6404,1.339392
6405,1.292288
6406,1.337344
6407,1.305600
6408,1.338368
6409,1.380352
6410,1.356800
6411,1.362944
6412,1.320960
6413,1.349632
6414,1.281024
6415,1.304576
6416,1.367040
6417,1.325056
6418,1.252352
6419,0.918528
6420,1.320960
6421,1.376256
6422,1.417216
6423,1.339392
6424,1.323008
6425,1.328128
6426,1.311744
6427,1.345536
6428,1.349632
6429,1.292288
6430,1.305600
6431,1.337344
6432,1.327104
6433,1.308672
6434,1.276928
6435,1.239040
6436,1.368064
6437,1.396736
6438,1.361920
6439,1.348608
6440,1.354752
6441,1.324032
6442,1.349632
6443,1.332224
6444,1.388544
6445,1.341440
6446,1.317888
6447,1.351680
6448,1.404928
6449,1.307648
6450,1.291264
6451,1.352704
6452,1.304576
6453,1.352704
6454,1.319936
6455,1.395712
6456,1.330176
6457,1.372160
6458,1.356800
6459,1.356800
6460,1.354752
6461,1.341440
6462,1.362944
6463,1.296384
6464,1.314816
6465,0.994304
6466,1.307648
6467,1.195008
6468,1.323008
6469,1.318912
6470,1.313792
6471,1.362944
6472,1.287168
6473,1.263616
6474,1.305600
6475,1.382400
6476,1.348608
6477,1.331200
6478,1.299456
6479,1.356800
6480,1.331200
6481,1.327104
6482,1.392640
6483,1.298432
6484,1.383424
6485,1.350656
6486,1.343488
6487,1.348608
6488,1.345536
6489,1.366016
6490,1.318912
6491,1.368064
6492,1.340416
6493,1.347584
6494,1.323008
6495,1.364992
6496,1.340416
6497,1.355776
6498,1.350656
6499,1.289216
6500,1.317888
6501,1.329152
6502,1.355776
6503,1.300480
6504,1.368064
6505,1.311744
6506,1.326080
6507,1.295360
6508,1.352704
6509,1.313792
6510,1.228800
6511,1.049600
6512,0.691200
6513,0.616448
6514,0.596992
6515,0.570368
6516,0.575488
6517,0.571392
6518,1.262592
6519,1.218560
6520,1.377280
6521,1.317888
6522,1.297408
6523,1.330176
6524,1.335296
6525,1.297408
6526,1.334272
6527,1.316864
6528,1.350656
6529,1.333248
6530,1.356800
6531,1.335296
6532,1.375232
6533,1.314816
6534,1.290240
6535,1.290240
6536,1.324032
6537,1.350656
6538,1.292288
6539,1.328128
6540,1.326080
6541,1.304576
6542,1.359872
6543,1.320960
6544,1.361920
6545,1.301504
6546,1.350656
6547,1.358848
6548,1.286144
6549,1.336320
6550,1.314816
6551,1.319936
6552,1.341440
6553,1.338368
6554,1.370112
6555,1.330176
6556,1.367040
6557,1.301504
6558,1.330176
6559,1.335296
6560,1.317888
6561,1.323008
6562,1.290240
6563,0.997376
6564,0.759808
6565,0.691200
6566,0.647168
6567,0.633856
6568,0.620544
6569,0.593920
6570,0.560128
6571,32.390144
6572,1.347584
6573,1.352704
6574,1.327104
6575,1.330176
6576,1.330176
6577,1.360896
6578,1.355776
6579,1.353728
6580,1.305600
6581,1.375232
6582,1.353728
6583,1.344512
6584,1.327104
6585,1.350656
6586,1.312768
6587,1.389568
6588,1.366016
6589,1.298432
6590,1.368064
6591,1.312768
6592,1.311744
6593,1.340416
6594,1.317888
6595,1.307648
6596,1.328128
6597,1.362944
6598,1.363968
6599,1.355776
6600,1.381376
6601,1.303552
6602,1.335296
6603,1.358848
6604,1.357824
6605,1.338368
6606,1.366016
6607,1.361920
6608,1.349632
6609,1.358848
6610,1.342464
6611,1.346560
6612,1.353728
6613,1.316864
6614,1.356800
6615,1.320960
6616,1.268736
6617,1.301504
6618,1.222656
6619,1.352704
6620,1.370112
6621,1.332224
6622,1.361920
6623,1.328128
6624,1.313792
6625,1.355776
6626,1.343488
6627,1.305600
6628,1.352704
6629,1.309696
6630,1.342464
6631,1.290240
6632,1.377280
6633,1.307648
6634,1.345536
6635,1.388544
6636,1.330176
6637,1.394688
6638,1.358848
6639,1.390592
6640,1.352704
6641,1.343488
6642,1.344512
6643,1.330176
6644,1.355776
6645,1.327104
6646,1.337344
6647,1.336320
6648,1.339392
6649,1.313792
6650,1.342464
6651,1.289216
6652,1.357824
6653,1.341440
6654,1.344512
6655,1.346560
6656,1.325056
6657,1.330176
6658,1.327104
6659,1.345536
6660,1.304576
6661,1.375232
6662,1.078272
6663,0.653312
6664,0.616448
6665,1.414144
6666,1.406976
6667,1.261568
6668,1.301504
6669,1.297408
6670,1.309696
6671,1.328128
6672,1.351680
6673,1.309696
6674,1.301504
6675,1.384448
6676,1.332224
6677,1.364992
6678,1.312768
6679,1.360896
6680,1.307648
6681,1.360896
6682,1.333248
6683,1.356800
6684,1.351680
6685,1.343488
6686,1.384448
6687,1.357824
6688,1.334272
6689,1.388544
6690,1.357824
6691,1.310720
6692,1.383424
6693,1.386496
6694,1.332224
6695,1.347584
6696,1.378304
6697,1.378304
6698,1.343488
6699,1.343488
6700,1.366016
6701,1.344512
6702,1.308672
6703,1.315840
6704,1.330176
6705,1.273856
6706,1.344512
6707,1.316864
6708,1.312768
6709,1.287168
6710,1.233920
6711,1.239040
6712,1.344512
6713,1.350656
6714,1.371136
6715,1.385472
6716,1.319936
6717,1.285120
6718,1.379328
6719,1.298432
6720,1.307648
6721,1.321984
6722,1.315840
6723,1.375232
6724,1.327104
6725,1.329152
6726,1.318912
6727,1.343488
6728,1.360896
6729,1.355776
6730,1.370112
6731,1.376256
6732,1.288192
6733,1.385472
6734,1.352704
6735,1.312768
6736,1.341440
6737,1.307648
6738,1.341440
6739,1.316864
6740,1.298432
6741,1.364992
6742,1.335296
6743,1.302528
6744,1.339392
6745,1.368064
6746,1.343488
6747,1.316864
6748,1.332224
6749,1.334272
6750,1.299456
6751,1.346560
6752,1.312768
6753,1.346560
6754,1.290240
6755,1.083392
6756,1.257472
6757,1.220608
6758,1.334272
6759,1.359872
6760,1.331200
6761,1.358848
6762,1.320960
6763,1.327104
6764,1.300480
6765,1.310720
6766,1.321984
6767,1.332224
6768,1.332224
6769,1.330176
6770,1.326080
6771,1.314816
6772,1.359872
6773,1.297408
6774,1.299456
6775,1.367040
6776,1.364992
6777,1.313792
6778,1.359872
6779,1.341440
6780,1.314816
6781,1.341440
6782,1.313792
6783,1.360896
6784,1.351680
6785,1.332224
6786,1.304576
6787,1.321984
6788,1.315840
6789,1.320960
6790,1.328128
6791,1.312768
6792,1.328128
6793,1.324032
6794,1.311744
6795,1.396736
6796,1.340416
6797,1.359872
6798,1.284096
6799,1.339392
6800,1.360896
6801,1.284096
6802,0.917504
6803,1.370112
6804,1.268736
6805,1.280000
6806,1.381376
6807,1.320960
6808,1.403904
6809,1.357824
6810,1.327104
6811,1.323008
6812,1.287168
6813,1.339392
6814,1.379328
6815,1.298432
6816,1.319936
6817,1.366016
6818,1.314816
6819,1.335296
6820,1.340416
6821,1.339392
6822,1.351680
6823,1.295360
6824,1.344512
6825,1.404928
6826,1.351680
6827,1.359872
6828,1.325056
6829,1.358848
6830,1.340416
6831,1.317888
6832,1.357824
6833,1.332224
6834,1.329152
6835,1.371136
6836,1.387520
6837,1.345536
6838,1.341440
6839,1.347584
6840,1.323008
6841,1.373184
6842,1.328128
6843,1.380352
6844,1.355776
6845,1.344512
6846,1.403904
6847,1.326080
6848,1.234944
6849,1.149952
6850,1.282048
6851,1.332224
6852,1.362944
6853,1.340416
6854,1.293312
6855,1.315840
6856,1.317888
6857,1.350656
6858,1.305600
6859,1.376256
6860,1.329152
6861,1.342464
6862,1.408000
6863,1.337344
6864,1.344512
6865,1.366016
6866,1.352704
6867,1.356800
6868,1.354752
6869,1.304576
6870,1.330176
6871,1.344512
6872,1.352704
6873,1.368064
6874,1.373184
6875,1.377280
6876,1.311744
6877,1.357824
6878,1.339392
6879,1.361920
6880,1.378304
6881,1.350656
6882,1.348608
6883,1.385472
6884,1.335296
6885,1.324032
6886,1.315840
6887,1.339392
6888,1.395712
6889,1.300480
6890,1.301504
6891,1.321984
6892,1.345536
6893,0.951296
6894,1.360896
6895,1.305600
6896,1.228800
6897,1.295360
6898,1.295360
6899,1.351680
6900,1.325056
6901,1.384448
6902,1.358848
6903,1.363968
6904,1.317888
6905,1.352704
6906,1.356800
6907,1.353728
6908,1.316864
6909,1.349632
6910,1.301504
6911,1.329152
6912,1.380352
6913,1.339392
6914,1.334272
6915,1.315840
6916,1.271808
6917,1.321984
6918,1.376256
6919,1.352704
6920,1.374208
6921,1.314816
6922,1.314816
6923,1.338368
6924,1.336320
6925,1.315840
6926,1.374208
6927,1.358848
6928,1.337344
6929,1.306624
6930,1.329152
6931,1.341440
6932,1.373184
6933,1.372160
6934,1.355776
6935,1.329152
6936,1.364992
6937,1.352704
6938,1.339392
6939,1.173504
6940,0.738304
6941,0.637952
6942,0.610304
6943,0.593920
6944,0.580608
6945,1.416192
6946,1.394688
6947,1.376256
6948,1.362944
6949,1.331200
6950,1.306624
6951,1.337344
6952,1.349632
6953,1.339392
6954,1.360896
6955,1.324032
6956,1.345536
6957,1.302528
6958,1.342464
6959,1.328128
6960,1.331200
6961,1.363968
6962,1.368064
6963,1.361920
6964,1.377280
6965,1.367040
6966,1.314816
6967,1.324032
6968,1.360896
6969,1.306624
6970,1.289216
6971,1.312768
6972,1.313792
6973,1.375232
6974,1.329152
6975,1.314816
6976,1.339392
6977,1.350656
6978,1.283072
6979,1.318912
6980,1.337344
6981,1.358848
6982,1.357824
6983,1.401856
6984,1.330176
6985,1.362944
6986,1.301504
6987,1.285120
6988,1.295360
6989,1.189888
6990,0.791552
6991,0.647168
6992,0.611328
6993,0.613376
6994,0.607232
6995,0.600064
6996,1.496064
6997,1.265664
6998,1.297408
6999,1.323008
7000,1.374208
7001,1.387520
7002,1.361920
7003,1.367040
7004,1.305600
7005,1.361920
7006,1.314816
7007,1.307648
7008,1.292288
7009,1.319936
7010,1.309696
7011,1.374208
7012,1.326080
7013,1.342464
7014,1.370112
7015,1.324032
7016,1.355776
7017,1.314816
7018,1.341440
7019,1.292288
7020,1.330176
7021,1.321984
7022,1.317888
7023,1.320960
7024,1.311744
7025,1.288192
7026,1.293312
7027,1.319936
7028,1.347584
7029,1.358848
7030,1.331200
7031,1.325056
7032,1.326080
7033,1.358848
7034,1.319936
7035,1.316864
7036,1.344512
7037,1.349632
7038,1.348608
7039,1.303552
7040,1.248256
7041,1.205248
7042,1.166336
7043,1.301504
7044,1.330176
7045,1.315840
7046,1.330176
7047,1.344512
7048,1.323008
7049,1.361920
7050,1.333248
7051,1.353728
7052,1.325056
7053,1.345536
7054,1.358848
7055,1.325056
7056,1.316864
7057,1.315840
7058,1.324032
7059,1.307648
7060,1.310720
7061,1.331200
7062,1.337344
7063,1.302528
7064,1.355776
7065,1.312768
7066,1.324032
7067,1.333248
7068,1.333248
7069,1.370112
7070,1.352704
7071,1.356800
7072,1.324032
7073,1.329152
7074,1.343488
7075,1.359872
7076,1.358848
7077,1.354752
7078,1.318912
7079,1.375232
7080,1.372160
7081,1.386496
7082,1.301504
7083,1.334272
7084,1.360896
7085,1.307648
7086,1.086464
7087,0.690176
7088,1.292288
7089,1.202176
7090,1.355776
7091,1.360896
7092,1.364992
7093,1.358848
7094,1.364992
7095,1.278976
7096,1.330176
7097,1.374208
7098,1.330176
7099,1.351680
7100,1.382400
7101,1.331200
7102,1.333248
7103,1.363968
7104,1.315840
7105,1.317888
7106,1.326080
7107,1.314816
7108,1.340416
7109,1.333248
7110,1.392640
7111,1.313792
7112,1.314816
7113,1.307648
7114,1.311744
7115,1.309696
7116,1.354752
7117,1.343488
7118,1.318912
7119,1.346560
7120,1.334272
7121,1.321984
7122,1.308672
7123,1.360896
7124,1.276928
7125,1.336320
7126,1.254400
7127,1.370112
7128,1.295360
7129,1.324032
7130,1.278976
7131,1.323008
7132,1.302528
7133,1.078272
7134,1.313792
7135,1.192960
7136,1.323008
7137,1.352704
7138,1.336320
7139,1.317888
7140,1.373184
7141,1.326080
7142,1.341440
7143,1.366016
7144,1.301504
7145,1.315840
7146,1.174528
7147,1.302528
7148,1.340416
7149,1.364992
7150,1.356800
7151,1.349632
7152,1.325056
7153,1.331200
7154,1.388544
7155,1.346560
7156,1.303552
7157,1.336320
7158,1.340416
7159,1.285120
7160,1.359872
7161,1.353728
7162,1.344512
7163,1.332224
7164,1.338368
7165,1.349632
7166,1.359872
7167,1.347584
7168,1.307648
7169,1.302528
7170,1.339392
7171,1.319936
7172,1.311744
7173,1.324032
7174,1.349632
7175,1.355776
7176,1.367040
7177,1.301504
7178,1.307648
7179,1.099776
7180,1.243136
7181,1.218560
7182,1.300480
7183,1.317888
7184,1.331200
7185,1.296384
7186,1.317888
7187,1.320960
7188,1.358848
7189,1.317888
7190,1.332224
7191,1.335296
7192,1.330176
7193,1.297408
7194,1.352704
7195,1.321984
7196,1.313792
7197,1.366016
7198,1.321984
7199,1.344512
7200,1.375232
7201,1.339392
7202,1.345536
7203,1.337344
7204,1.307648
7205,1.313792
7206,1.340416
7207,1.358848
7208,1.354752
7209,1.374208
7210,1.352704
7211,1.311744
7212,1.315840
7213,1.368064
7214,1.366016
7215,1.314816
7216,1.337344
7217,1.371136
7218,1.284096
7219,1.363968
7220,1.314816
7221,1.330176
7222,1.347584
7223,1.325056
7224,1.300480
7225,1.034240
7226,0.782336
7227,0.692224
7228,0.669696
7229,0.652288
7230,0.645120
7231,0.589824
7232,0.578560
7233,1.374208
7234,1.353728
7235,1.347584
7236,1.295360
7237,1.297408
7238,1.276928
7239,1.346560
7240,1.347584
7241,1.359872
7242,1.342464
7243,1.384448
7244,1.399808
7245,1.332224
7246,1.397760
7247,1.346560
7248,1.337344
7249,1.358848
7250,1.288192
7251,1.297408
7252,1.355776
7253,1.306624
7254,1.333248
7255,1.297408
7256,1.329152
7257,1.370112
7258,1.384448
7259,1.391616
7260,1.379328
7261,1.341440
7262,1.342464
7263,1.323008
7264,1.321984
7265,1.366016
7266,1.311744
7267,1.360896
7268,1.390592
7269,1.371136
7270,1.342464
7271,1.308672
7272,1.349632
7273,1.334272
7274,1.330176
7275,1.293312
7276,1.333248
7277,1.327104
7278,0.885760
7279,0.619520
7280,0.585728
7281,0.572416
7282,0.567296
7283,0.568320
7284,0.568320
7285,0.563200
7286,0.551936
7287,0.542720
7288,1.405952
7289,1.368064
7290,1.358848
7291,1.342464
7292,1.403904
7293,1.358848
7294,1.331200
7295,1.398784
7296,1.349632
7297,1.336320
7298,1.354752
7299,1.358848
7300,1.338368
7301,1.390592
7302,1.367040
7303,1.348608
7304,1.298432
7305,1.349632
7306,1.339392
7307,1.367040
7308,1.303552
7309,1.358848
7310,1.328128
7311,1.359872
7312,1.338368
7313,1.319936
7314,1.292288
7315,1.383424
7316,1.350656
7317,1.303552
7318,1.349632
7319,1.341440
7320,1.355776
7321,1.319936
7322,1.345536
7323,1.343488
7324,1.329152
7325,1.318912
7326,1.370112
7327,1.305600
7328,1.338368
7329,1.308672
7330,1.335296
7331,1.337344
7332,1.227776
7333,1.272832
7334,1.152000
7335,1.317888
7336,1.332224
7337,1.302528
7338,1.323008
7339,1.276928
7340,1.350656
7341,1.306624
7342,1.329152
7343,1.372160
7344,1.320960
7345,1.325056
7346,1.305600
7347,1.357824
7348,1.344512
7349,1.332224
7350,1.271808
7351,1.311744
7352,1.397760
7353,1.334272
7354,1.360896
7355,1.330176
7356,1.315840
7357,1.309696
7358,1.341440
7359,1.430528
7360,1.321984
7361,1.363968
7362,1.367040
7363,1.309696
7364,1.328128
7365,1.357824
7366,1.301504
7367,1.400832
7368,1.359872
7369,1.339392
7370,1.364992
7371,1.338368
7372,1.318912
7373,1.317888
7374,1.372160
7375,1.347584
7376,1.346560
7377,1.357824
7378,1.328128
7379,1.181696
7380,1.243136
7381,1.352704
7382,1.299456
7383,1.272832
7384,1.296384
7385,1.339392
7386,1.316864
7387,1.337344
7388,1.342464
7389,1.324032
7390,1.301504
7391,1.341440
7392,1.346560
7393,1.382400
7394,1.334272
7395,1.302528
7396,1.358848
7397,1.354752
7398,1.315840
7399,1.344512
7400,1.357824
7401,1.393664
7402,1.367040
7403,1.332224
7404,1.347584
7405,1.349632
7406,1.308672
7407,1.338368
7408,1.327104
7409,1.321984
7410,1.340416
7411,1.396736
7412,1.329152
7413,1.286144
7414,1.331200
7415,1.301504
7416,1.331200
7417,1.325056
7418,1.324032
7419,1.332224
7420,1.324032
7421,1.325056
7422,1.372160
7423,1.319936
7424,1.129472
7425,1.270784
7426,1.217536
7427,1.318912
7428,1.351680
7429,1.349632
7430,1.350656
7431,1.326080
7432,1.369088
7433,1.406976
7434,1.362944
7435,1.338368
7436,1.314816
7437,1.346560
7438,1.342464
7439,1.359872
7440,1.347584
7441,1.303552
7442,1.333248
7443,1.349632
7444,1.312768
7445,1.346560
7446,1.339392
7447,1.300480
7448,1.385472
7449,1.396736
7450,1.355776
7451,1.329152
7452,1.354752
7453,1.335296
7454,1.317888
7455,1.373184
7456,1.346560
7457,1.336320
7458,1.342464
7459,1.348608
7460,1.359872
7461,1.280000
7462,1.323008
7463,1.305600
7464,1.336320
7465,1.325056
7466,1.355776
7467,1.283072
7468,1.352704
7469,1.369088
7470,1.055744
7471,1.339392
7472,1.256448
7473,1.313792
7474,1.295360
7475,1.352704
7476,1.369088
7477,1.304576
7478,1.321984
7479,1.327104
7480,1.372160
7481,1.320960
7482,1.359872
7483,1.377280
7484,1.313792
7485,1.315840
7486,1.370112
7487,1.373184
7488,1.328128
7489,1.362944
7490,1.376256
7491,1.361920
7492,1.339392
7493,1.316864
7494,1.329152
7495,1.383424
7496,1.305600
7497,1.348608
7498,1.309696
7499,1.379328
7500,1.352704
7501,1.392640
7502,1.263616
7503,1.266688
7504,1.370112
7505,1.307648
7506,1.306624
7507,1.348608
7508,1.341440
7509,1.361920
7510,1.351680
7511,1.332224
7512,1.360896
7513,1.342464
7514,1.353728
7515,1.128448
7516,1.345536
7517,1.185792
7518,1.312768
7519,1.373184
7520,1.354752
7521,1.327104
7522,1.312768
7523,1.317888
7524,1.287168
7525,1.291264
7526,1.393664
7527,1.310720
7528,1.359872
7529,1.392640
7530,1.346560
7531,1.286144
7532,1.337344
7533,1.311744
7534,1.269760
7535,1.314816
7536,1.300480
7537,1.372160
7538,1.370112
7539,1.350656
7540,1.325056
7541,1.337344
7542,1.312768
7543,1.342464
7544,1.332224
7545,1.333248
7546,1.344512
7547,1.336320
7548,1.289216
7549,1.285120
7550,1.327104
7551,1.291264
7552,1.302528
7553,1.371136
7554,1.311744
7555,1.362944
7556,1.381376
7557,1.313792
7558,1.309696
7559,1.366016
7560,1.314816
7561,1.273856
7562,0.979968
7563,0.624640
7564,1.388544
7565,1.402880
7566,1.325056
7567,1.305600
7568,1.320960
7569,1.315840
7570,1.299456
7571,1.294336
7572,1.278976
7573,1.321984
7574,1.352704
7575,1.364992
7576,1.361920
7577,1.394688
7578,1.338368
7579,1.380352
7580,1.354752
7581,1.315840
7582,1.403904
7583,1.357824
7584,1.351680
7585,1.316864
7586,1.356800
7587,1.305600
7588,1.325056
7589,1.388544
7590,1.391616
7591,1.296384
7592,1.357824
7593,1.373184
7594,1.318912
7595,1.381376
7596,1.354752
7597,1.349632
7598,1.330176
7599,1.327104
7600,1.338368
7601,1.326080
7602,1.312768
7603,1.390592
7604,1.370112
7605,1.316864
7606,1.348608
7607,1.351680
7608,1.105920
7609,1.224704
7610,1.233920
7611,1.329152
7612,1.326080
7613,1.346560
7614,1.317888
7615,1.325056
7616,1.359872
7617,1.318912
7618,1.339392
7619,1.329152
7620,1.332224
7621,1.343488
7622,1.370112
7623,1.324032
7624,1.342464
7625,1.304576
7626,1.358848
7627,1.273856
7628,1.372160
7629,1.380352
7630,1.358848
7631,1.336320
7632,1.321984
7633,1.298432
7634,1.312768
7635,1.285120
7636,1.324032
7637,1.318912
7638,1.336320
7639,1.313792
7640,1.267712
7641,1.341440
7642,1.306624
7643,1.305600
7644,1.330176
7645,1.316864
7646,1.313792
7647,1.357824
7648,1.358848
7649,1.324032
7650,1.304576
7651,1.325056
7652,1.296384
7653,1.316864
7654,1.091584
7655,1.319936
7656,1.258496
7657,1.312768
7658,1.346560
7659,1.383424
7660,1.377280
7661,1.337344
7662,1.341440
7663,1.352704
7664,1.333248
7665,1.292288
7666,1.335296
7667,1.340416
7668,1.348608
7669,1.326080
7670,1.340416
7671,1.360896
7672,1.331200
7673,1.378304
7674,1.350656
7675,1.348608
7676,1.346560
7677,1.349632
7678,1.380352
7679,1.331200
7680,1.296384
7681,1.316864
7682,1.303552
7683,1.372160
7684,1.337344
7685,1.301504
7686,1.330176
7687,1.303552
7688,1.349632
7689,1.353728
7690,1.359872
7691,1.367040
7692,1.291264
7693,1.352704
7694,1.324032
7695,1.302528
7696,1.325056
7697,1.349632
7698,1.343488
7699,1.285120
7700,0.875520
7701,0.663552
7702,0.615424
7703,0.612352
7704,0.611328
7705,0.593920
7706,1.374208
7707,1.376256
7708,1.300480
7709,1.350656
7710,1.348608
7711,1.298432
7712,1.292288
7713,1.357824
7714,1.358848
7715,1.330176
7716,1.335296
7717,1.336320
7718,1.358848
7719,1.350656
7720,1.320960
7721,1.384448
7722,1.361920
7723,1.334272
7724,1.294336
7725,1.334272
7726,1.357824
7727,1.316864
7728,1.337344
7729,1.362944
7730,1.385472
7731,1.352704
7732,1.388544
7733,1.349632
7734,1.355776
7735,1.330176
7736,1.325056
7737,1.313792
7738,1.369088
7739,1.338368
7740,1.317888
7741,1.328128
7742,1.350656
7743,1.351680
7744,1.366016
7745,1.358848
7746,1.359872
7747,1.346560
7748,1.316864
7749,1.383424
7750,1.220608
7751,0.870400
7752,1.344512
7753,1.236992
7754,1.299456
7755,1.358848
7756,1.351680
7757,1.311744
7758,1.344512
7759,1.359872
7760,1.352704
7761,1.383424
7762,1.286144
7763,1.415168
7764,1.349632
7765,1.282048
7766,1.352704
7767,1.369088
7768,1.325056
7769,1.338368
7770,1.362944
7771,1.360896
7772,1.300480
7773,1.373184
7774,1.330176
7775,1.369088
7776,1.363968
7777,1.336320
7778,1.404928
7779,1.391616
7780,1.373184
7781,1.353728
7782,1.320960
7783,1.398784
7784,1.364992
7785,1.362944
7786,1.305600
7787,1.384448
7788,1.340416
7789,1.305600
7790,1.352704
7791,1.359872
7792,1.348608
7793,1.295360
7794,1.350656
7795,1.291264
7796,1.068032
7797,0.701440
7798,0.684032
7799,1.378304
7800,1.296384
7801,1.248256
7802,1.356800
7803,1.318912
7804,1.339392
7805,1.372160
7806,1.364992
7807,1.337344
7808,1.320960
7809,1.379328
7810,1.329152
7811,1.340416
7812,1.351680
7813,1.310720
7814,1.330176
7815,1.304576
7816,1.331200
7817,1.352704
7818,1.310720
7819,1.301504
7820,1.315840
7821,1.390592
7822,1.343488
7823,1.299456
7824,1.364992
7825,1.341440
7826,1.340416
7827,1.371136
7828,1.394688
7829,1.310720
7830,1.361920
7831,1.325056
7832,1.375232
7833,1.319936
7834,1.366016
7835,1.340416
7836,1.388544
7837,1.307648
7838,1.396736
7839,1.396736
7840,1.344512
7841,1.318912
7842,1.318912
7843,1.252352
7844,0.982016
7845,1.419264
7846,1.316864
7847,1.345536
7848,1.334272
7849,1.362944
7850,1.295360
7851,1.303552
7852,1.307648
7853,1.259520
7854,1.341440
7855,1.325056
7856,1.312768
7857,1.347584
7858,1.340416
7859,1.345536
7860,1.342464
7861,1.414144
7862,1.371136
7863,1.342464
7864,1.325056
7865,1.352704
7866,1.393664
7867,1.291264
7868,1.398784
7869,1.392640
7870,1.327104
7871,1.352704
7872,1.351680
7873,1.362944
7874,1.340416
7875,1.362944
7876,1.355776
7877,1.336320
7878,1.342464
7879,1.328128
7880,1.352704
7881,1.336320
7882,1.340416
7883,1.329152
7884,1.297408
7885,1.305600
7886,1.361920
7887,1.309696
7888,1.320960
7889,1.105920
7890,1.309696
7891,1.250304
7892,1.306624
7893,1.332224
7894,1.408000
7895,1.337344
7896,1.381376
7897,1.361920
7898,1.328128
7899,1.337344
7900,1.310720
7901,1.341440
7902,1.343488
7903,1.318912
7904,1.301504
7905,1.325056
7906,1.307648
7907,1.308672
7908,1.357824
7909,1.333248
7910,1.333248
7911,1.362944
7912,1.328128
7913,1.307648
7914,1.315840
7915,1.357824
7916,1.347584
7917,1.304576
7918,1.342464
7919,1.307648
7920,1.358848
7921,1.404928
7922,1.228800
7923,1.294336
7924,1.329152
7925,1.340416
7926,1.341440
7927,1.316864
7928,1.261568
7929,1.324032
7930,1.356800
7931,1.330176
7932,1.347584
7933,1.364992
7934,1.359872
7935,1.110016
7936,1.211392
7937,1.129472
7938,1.315840
7939,1.337344
7940,1.352704
7941,1.341440
7942,1.331200
7943,1.391616
7944,1.312768
7945,1.292288
7946,1.302528
7947,1.316864
7948,1.271808
7949,1.340416
7950,1.319936
7951,1.372160
7952,1.319936
7953,1.342464
7954,1.327104
7955,1.293312
7956,1.368064
7957,1.369088
7958,1.335296
7959,1.319936
7960,1.332224
7961,1.303552
7962,1.338368
7963,1.344512
7964,1.339392
7965,1.357824
7966,1.376256
7967,1.304576
7968,1.330176
7969,1.312768
7970,1.376256
7971,1.332224
7972,1.317888
7973,1.362944
7974,1.319936
7975,1.315840
7976,1.305600
7977,1.317888
7978,1.325056
7979,1.345536
7980,1.361920
7981,1.227776
7982,1.181696
7983,1.176576
7984,1.253376
7985,1.286144
7986,1.343488
7987,1.341440
7988,1.340416
7989,1.338368
7990,1.297408
7991,1.356800
7992,1.307648
7993,1.314816
7994,1.278976
7995,1.350656
7996,1.329152
7997,1.340416
7998,1.336320
7999,1.351680
8000,1.339392
8001,1.334272
8002,1.351680
8003,1.400832
8004,1.309696
8005,1.240064
8006,1.342464
8007,1.340416
8008,1.339392
8009,1.387520
8010,1.354752
8011,1.376256
8012,1.382400
8013,1.336320
8014,1.327104
8015,1.323008
8016,1.343488
8017,1.361920
8018,1.311744
8019,1.332224
8020,1.355776
8021,1.351680
8022,1.357824
8023,1.348608
8024,1.388544
8025,1.320960
8026,1.306624
8027,0.912384
8028,0.723968
8029,0.676864
8030,0.651264
8031,0.627712
8032,1.399808
8033,1.401856
8034,1.334272
8035,1.327104
8036,1.358848
8037,1.346560
8038,1.340416
8039,1.357824
8040,1.329152
8041,1.350656
8042,1.325056
8043,1.361920
8044,1.343488
8045,1.310720
8046,1.352704
8047,1.341440
8048,1.298432
8049,1.345536
8050,1.307648
8051,1.337344
8052,1.351680
8053,1.373184
8054,1.364992
8055,1.361920
8056,1.338368
8057,1.386496
8058,1.360896
8059,1.366016
8060,1.313792
8061,1.313792
8062,1.313792
8063,1.386496
8064,1.332224
8065,1.305600
8066,1.343488
8067,1.339392
8068,1.339392
8069,1.288192
8070,1.324032
8071,1.353728
8072,1.346560
8073,1.348608
8074,1.328128
8075,1.295360
8076,1.318912
8077,0.923648
8078,0.720896
8079,1.351680
8080,1.253376
8081,1.283072
8082,1.327104
8083,1.354752
8084,1.354752
8085,1.340416
8086,1.359872
8087,1.336320
8088,1.374208
8089,1.376256
8090,1.343488
8091,1.377280
8092,1.327104
8093,1.357824
8094,1.342464
8095,1.317888
8096,1.368064
8097,1.312768
8098,1.338368
8099,1.387520
8100,1.372160
8101,1.360896
8102,1.333248
8103,1.316864
8104,1.312768
8105,1.301504
8106,1.342464
8107,1.361920
8108,1.391616
8109,1.354752
8110,1.347584
8111,1.238016
8112,1.357824
8113,1.317888
8114,1.305600
8115,1.298432
8116,1.295360
8117,1.367040
8118,1.295360
8119,1.331200
8120,1.320960
8121,1.348608
8122,1.350656
8123,1.231872
8124,0.916480
8125,1.319936
8126,1.181696
8127,1.274880
8128,1.302528
8129,1.302528
8130,1.339392
8131,1.306624
8132,1.288192
8133,1.327104
8134,1.373184
8135,1.342464
8136,1.310720
8137,1.320960
8138,1.325056
8139,1.311744
8140,1.351680
8141,1.313792
8142,1.342464
8143,1.386496
8144,1.357824
8145,1.339392
8146,1.343488
8147,1.363968
8148,1.300480
8149,1.287168
8150,1.339392
8151,1.305600
8152,1.382400
8153,1.318912
8154,1.328128
8155,1.327104
8156,1.325056
8157,1.339392
8158,1.502208
8159,1.341440
8160,1.347584
8161,1.347584
8162,1.346560
8163,1.370112
8164,1.362944
8165,1.358848
8166,1.333248
8167,1.301504
8168,1.343488
8169,1.284096
8170,1.211392
8171,1.178624
8172,1.312768
8173,1.295360
8174,1.301504
8175,1.395712
8176,1.346560
8177,1.326080
8178,1.356800
8179,1.323008
8180,1.371136
8181,1.299456
8182,1.284096
8183,1.386496
8184,1.315840
8185,1.372160
8186,1.300480
8187,1.346560
8188,1.348608
8189,1.351680
8190,1.343488
8191,1.321984
8192,1.359872
8193,1.312768
8194,1.353728
8195,1.327104
8196,1.312768
8197,1.284096
8198,1.374208
8199,1.354752
8200,1.350656
8201,1.346560
8202,1.302528
8203,1.270784
8204,1.318912
8205,1.314816
8206,1.334272
8207,1.356800
8208,1.333248
8209,1.343488
8210,1.300480
8211,1.347584
8212,1.303552
8213,1.360896
8214,1.331200
8215,1.120256
8216,0.851968
8217,0.643072
8218,1.433600
8219,1.293312
8220,1.326080
8221,1.356800
8222,1.357824
8223,1.373184
8224,1.369088
8225,1.394688
8226,1.330176
8227,1.340416
8228,1.367040
8229,1.313792
8230,1.345536
8231,1.327104
8232,1.289216
8233,1.368064
8234,1.334272
8235,1.372160
8236,1.384448
8237,1.332224
8238,1.364992
8239,1.329152
8240,1.334272
8241,1.367040
8242,1.342464
8243,1.354752
8244,1.343488
8245,1.329152
8246,1.354752
8247,1.299456
8248,1.359872
8249,1.354752
8250,1.328128
8251,1.334272
8252,1.350656
8253,1.326080
8254,1.327104
8255,1.327104
8256,1.275904
8257,1.317888
8258,1.339392
8259,1.321984
8260,1.327104
8261,1.360896
8262,1.196032
8263,1.333248
8264,1.273856
8265,1.289216
8266,1.283072
8267,1.327104
8268,1.336320
8269,1.360896
8270,1.333248
8271,1.352704
8272,1.314816
8273,1.321984
8274,1.320960
8275,1.397760
8276,1.345536
8277,1.374208
8278,1.300480
8279,1.352704
8280,1.384448
8281,1.360896
8282,1.339392
8283,1.357824
8284,1.360896
8285,1.388544
8286,1.347584
8287,1.299456
8288,1.344512
8289,1.323008
8290,1.354752
8291,1.346560
8292,1.297408
8293,1.371136
8294,1.345536
8295,1.356800
8296,1.336320
8297,1.333248
8298,1.281024
8299,1.336320
8300,1.366016
8301,1.394688
8302,1.356800
8303,1.366016
8304,1.283072
8305,1.273856
8306,1.303552
8307,1.299456
8308,0.885760
8309,0.656384
8310,0.632832
8311,1.364992
8312,1.264640
8313,1.271808
8314,1.317888
8315,1.359872
8316,1.353728
8317,1.335296
8318,1.312768
8319,1.300480
8320,1.340416
8321,1.352704
8322,1.310720
8323,1.357824
8324,1.349632
8325,1.316864
8326,1.288192
8327,1.331200
8328,1.379328
8329,1.320960
8330,1.317888
8331,1.392640
8332,1.373184
8333,1.299456
8334,1.351680
8335,1.352704
8336,1.358848
8337,1.287168
8338,1.371136
8339,1.333248
8340,1.324032
8341,1.378304
8342,1.398784
8343,1.396736
8344,1.381376
8345,1.359872
8346,1.318912
8347,1.320960
8348,1.356800
8349,1.275904
8350,1.332224
8351,1.344512
8352,1.367040
8353,1.345536
8354,1.338368
8355,1.251328
8356,1.007616
8357,0.711680
8358,0.615424
8359,0.606208
8360,0.579584
8361,0.572416
8362,0.564224
8363,0.559104
8364,1.401856
8365,1.457152
8366,1.332224
8367,1.387520
8368,1.291264
8369,1.359872
8370,1.363968
8371,1.275904
8372,1.328128
8373,1.331200
8374,1.312768
8375,1.306624
8376,1.309696
8377,1.389568
8378,1.341440
8379,1.339392
8380,1.331200
8381,1.310720
8382,1.351680
8383,1.320960
8384,1.313792
8385,1.317888
8386,1.309696
8387,1.347584
8388,1.355776
8389,1.406976
8390,1.335296
8391,1.382400
8392,1.323008
8393,1.406976
8394,1.353728
8395,1.352704
8396,1.314816
8397,1.335296
8398,1.363968
8399,1.370112
8400,1.360896
8401,1.369088
8402,1.275904
8403,1.312768
8404,1.305600
8405,1.349632
8406,1.311744
8407,1.337344
8408,1.092608
8409,1.367040
8410,1.437696
8411,1.374208
8412,1.298432
8413,1.375232
8414,1.328128
8415,1.357824
8416,1.395712
8417,1.337344
8418,1.319936
8419,1.307648
8420,1.357824
8421,1.300480
8422,1.306624
8423,1.321984
8424,1.313792
8425,1.331200
8426,1.358848
8427,1.338368
8428,1.373184
8429,1.395712
8430,1.370112
8431,1.304576
8432,1.379328
8433,1.401856
8434,1.341440
8435,1.312768
8436,1.339392
8437,1.387520
8438,1.351680
8439,1.351680
8440,1.338368
8441,1.327104
8442,1.349632
8443,1.341440
8444,1.375232
8445,1.371136
8446,1.368064
8447,1.324032
8448,1.334272
8449,1.370112
8450,1.338368
8451,1.345536
8452,1.318912
8453,1.269760
8454,0.875520
8455,0.647168
8456,0.608256
8457,0.598016
8458,0.589824
8459,0.569344
8460,0.553984
8461,1.421312
8462,1.303552
8463,1.458176
8464,1.298432
8465,1.323008
8466,1.330176
8467,1.353728
8468,1.367040
8469,1.354752
8470,1.294336
8471,1.312768
8472,1.383424
8473,1.357824
8474,1.338368
8475,1.339392
8476,1.313792
8477,1.345536
8478,1.379328
8479,1.347584
8480,1.346560
8481,1.359872
8482,1.409024
8483,1.380352
8484,1.338368
8485,1.334272
8486,1.369088
8487,1.331200
8488,1.362944
8489,1.360896
8490,1.290240
8491,1.325056
8492,1.352704
8493,1.375232
8494,1.341440
8495,1.339392
8496,1.352704
8497,1.337344
8498,1.323008
8499,1.374208
8500,1.350656
8501,1.396736
8502,1.343488
8503,1.382400
8504,1.320960
8505,1.139712
8506,0.657408
8507,0.600064
8508,0.599040
8509,0.603136
8510,0.609280
8511,0.582656
8512,0.560128
8513,0.556032
8514,1.364992
8515,1.379328
8516,1.354752
8517,1.325056
8518,1.371136
8519,1.377280
8520,1.340416
8521,1.353728
8522,1.348608
8523,1.336320
8524,1.332224
8525,1.284096
8526,1.339392
8527,1.338368
8528,1.339392
8529,1.513472
8530,1.367040
8531,1.327104
8532,1.354752
8533,1.364992
8534,1.357824
8535,1.296384
8536,1.312768
8537,1.323008
8538,1.309696
8539,1.309696
8540,1.342464
8541,1.323008
8542,1.377280
8543,1.320960
8544,1.337344
8545,1.335296
8546,1.372160
8547,1.330176
8548,1.304576
8549,1.323008
8550,1.349632
8551,1.345536
8552,1.328128
8553,1.349632
8554,1.293312
8555,1.358848
8556,1.324032
8557,1.321984
8558,1.191936
8559,0.865280
8560,0.647168
8561,0.618496
8562,0.612352
8563,0.603136
8564,0.603136
8565,0.586752
8566,0.566272
8567,1.348608
8568,1.299456
8569,1.381376
8570,1.329152
8571,1.382400
8572,1.301504
8573,1.318912
8574,1.373184
8575,1.326080
8576,1.376256
8577,1.336320
8578,1.360896
8579,1.357824
8580,1.313792
8581,1.366016
8582,1.331200
8583,1.345536
8584,1.324032
8585,1.366016
8586,1.301504
8587,1.325056
8588,1.343488
8589,1.350656
8590,1.360896
8591,1.325056
8592,1.348608
8593,1.352704
8594,1.313792
8595,1.354752
8596,1.359872
8597,1.370112
8598,1.364992
8599,1.343488
8600,1.355776
8601,1.340416
8602,1.341440
8603,1.346560
8604,1.325056
8605,1.317888
8606,1.312768
8607,1.320960
8608,1.350656
8609,1.330176
8610,1.363968
8611,1.257472
8612,0.738304
8613,0.607232
8614,0.606208
8615,0.608256
8616,0.601088
8617,0.602112
8618,0.574464
8619,0.561152
8620,1.306624
8621,1.424384
8622,1.412096
8623,1.375232
8624,1.358848
8625,1.344512
8626,1.385472
8627,1.362944
8628,1.390592
8629,1.342464
8630,1.358848
8631,1.342464
8632,1.357824
8633,1.300480
8634,1.355776
8635,1.338368
8636,1.311744
8637,1.311744
8638,1.352704
8639,1.386496
8640,1.325056
8641,1.347584
8642,1.488896
8643,1.403904
8644,1.391616
8645,1.392640
8646,1.371136
8647,1.349632
8648,1.327104
8649,1.270784
8650,1.336320
8651,1.341440
8652,1.358848
8653,1.344512
8654,1.344512
8655,1.301504
8656,1.328128
8657,1.324032
8658,1.289216
8659,1.361920
8660,1.305600
8661,1.392640
8662,1.302528
8663,1.300480
8664,1.217536
8665,1.160192
8666,1.282048
8667,1.319936
8668,1.348608
8669,1.304576
8670,1.350656
8671,1.300480
8672,1.327104
8673,1.289216
8674,1.298432
8675,1.337344
8676,1.353728
8677,1.301504
8678,1.296384
8679,1.309696
8680,1.346560
8681,1.277952
8682,1.360896
8683,1.335296
8684,1.337344
8685,1.317888
8686,1.368064
8687,1.343488
8688,1.389568
8689,1.340416
8690,1.336320
8691,1.317888
8692,1.348608
8693,1.341440
8694,1.262592
8695,1.374208
8696,1.343488
8697,1.336320
8698,1.360896
8699,1.306624
8700,1.338368
8701,1.355776
8702,1.335296
8703,1.335296
8704,1.355776
8705,1.331200
8706,1.467392
8707,1.341440
8708,1.339392
8709,1.193984
8710,1.373184
8711,1.333248
8712,1.362944
8713,1.290240
8714,1.349632
8715,1.324032
8716,1.358848
8717,1.339392
8718,1.342464
8719,1.317888
8720,1.392640
8721,1.339392
8722,1.387520
8723,1.391616
8724,1.311744
8725,1.331200
8726,1.333248
8727,1.360896
8728,1.376256
8729,1.362944
8730,1.406976
8731,1.358848
8732,1.336320
8733,1.344512
8734,1.288192
8735,1.372160
8736,1.345536
8737,1.354752
8738,1.421312
8739,1.373184
8740,1.403904
8741,1.336320
8742,1.374208
8743,1.339392
8744,1.356800
8745,1.297408
8746,1.370112
8747,1.323008
8748,1.394688
8749,1.348608
8750,1.378304
8751,1.414144
8752,1.313792
8753,1.352704
8754,1.175552
8755,0.752640
8756,1.392640
8757,1.368064
8758,1.369088
8759,1.364992
8760,1.396736
8761,1.364992
8762,1.345536
8763,1.361920
8764,1.300480
8765,1.346560
8766,1.335296
8767,1.327104
8768,1.347584
8769,1.356800
8770,1.357824
8771,1.363968
8772,1.332224
8773,1.366016
8774,1.339392
8775,1.305600
8776,1.336320
8777,1.341440
8778,1.370112
8779,1.376256
8780,1.362944
8781,1.318912
8782,1.391616
8783,1.321984
8784,1.362944
8785,1.329152
8786,1.350656
8787,1.340416
8788,1.357824
8789,1.307648
8790,1.311744
8791,1.306624
8792,1.346560
8793,1.303552
8794,1.328128
8795,1.363968
8796,1.355776
8797,1.301504
8798,1.366016
8799,1.394688
8800,1.230848
8801,1.172480
8802,1.339392
8803,1.301504
8804,1.317888
8805,1.341440
8806,1.310720
8807,1.375232
8808,1.376256
8809,1.313792
8810,1.302528
8811,1.311744
8812,1.324032
8813,1.360896
8814,1.374208
8815,1.305600
8816,1.325056
8817,1.331200
8818,1.340416
8819,1.346560
8820,1.339392
8821,1.325056
8822,1.358848
8823,1.315840
8824,1.295360
8825,1.371136
8826,1.352704
8827,1.359872
8828,1.308672
8829,1.381376
8830,1.351680
8831,1.343488
8832,1.362944
8833,1.304576
8834,1.314816
8835,1.353728
8836,1.313792
8837,1.344512
8838,1.320960
8839,1.316864
8840,1.352704
8841,1.328128
8842,1.397760
8843,1.308672
8844,1.330176
8845,0.929792
8846,0.681984
8847,0.720896
8848,0.651264
8849,0.637952
8850,0.622592
8851,1.446912
8852,1.400832
8853,1.330176
8854,1.381376
8855,1.304576
8856,1.345536
8857,1.353728
8858,1.363968
8859,1.336320
8860,1.297408
8861,1.343488
8862,1.303552
8863,1.345536
8864,1.334272
8865,1.392640
8866,1.354752
8867,1.347584
8868,1.324032
8869,1.349632
8870,1.356800
8871,1.359872
8872,1.334272
8873,1.363968
8874,1.358848
8875,1.362944
8876,1.303552
8877,1.311744
8878,1.361920
8879,1.375232
8880,1.361920
8881,1.343488
8882,1.371136
8883,1.387520
8884,1.361920
8885,1.351680
8886,1.358848
8887,1.331200
8888,1.284096
8889,1.363968
8890,1.351680
8891,1.313792
8892,1.323008
8893,1.298432
8894,1.343488
8895,1.212416
8896,1.392640
8897,1.385472
8898,1.297408
8899,1.375232
8900,1.392640
8901,1.342464
8902,1.477632
8903,1.345536
8904,1.353728
8905,1.399808
8906,1.340416
8907,1.381376
8908,1.385472
8909,1.302528
8910,1.343488
8911,1.368064
8912,1.361920
8913,1.333248
8914,1.372160
8915,1.306624
8916,1.349632
8917,1.344512
8918,1.378304
8919,1.338368
8920,1.385472
8921,1.380352
8922,1.354752
8923,1.300480
8924,1.341440
8925,1.301504
8926,1.341440
8927,1.318912
8928,1.338368
8929,1.331200
8930,1.344512
8931,1.346560
8932,1.328128
8933,1.313792
8934,1.394688
8935,1.341440
8936,1.308672
8937,1.362944
8938,1.376256
8939,1.330176
8940,1.162240
8941,1.283072
8942,1.319936
8943,1.310720
8944,1.332224
8945,1.303552
8946,1.275904
8947,1.374208
8948,1.333248
8949,1.297408
8950,1.362944
8951,1.367040
8952,1.276928
8953,1.306624
8954,1.292288
8955,1.307648
8956,1.258496
8957,1.295360
8958,1.318912
8959,1.284096
8960,1.277952
8961,1.355776
8962,1.299456
8963,1.310720
8964,1.341440
8965,1.316864
8966,1.286144
8967,1.338368
8968,1.314816
8969,1.316864
8970,1.314816
8971,1.324032
8972,1.349632
8973,1.328128
8974,1.278976
8975,1.318912
8976,1.321984
8977,1.321984
8978,1.313792
8979,1.338368
8980,1.334272
8981,1.318912
8982,1.317888
8983,1.306624
8984,1.324032
8985,1.306624
8986,1.054720
8987,1.213440
8988,1.122304
8989,1.287168
8990,1.332224
8991,1.316864
8992,1.337344
8993,1.381376
8994,1.248256
8995,1.346560
8996,1.295360
8997,1.328128
8998,1.290240
8999,1.348608
9000,1.278976
9001,1.326080
9002,1.258496
9003,1.275904
9004,1.306624
9005,1.258496
9006,1.293312
9007,1.315840
9008,1.249280
9009,1.300480
9010,1.295360
9011,1.321984
9012,1.307648
9013,1.305600
9014,1.342464
9015,1.334272
9016,1.329152
9017,1.292288
9018,1.289216
9019,1.296384
9020,1.306624
9021,1.305600
9022,1.317888
9023,1.285120
9024,1.347584
9025,1.342464
9026,1.317888
9027,1.325056
9028,1.286144
9029,1.340416
9030,2.790400
9031,2.625536
9032,1.180672
9033,1.223680
9034,1.307648
9035,1.309696
9036,1.268736
9037,1.276928
9038,1.253376
9039,1.284096
9040,1.312768
9041,1.282048
9042,1.307648
9043,1.315840
9044,1.345536
9045,1.300480
9046,1.263616
9047,1.031168
9048,1.268736
9049,1.265664
9050,1.320960
9051,1.357824
9052,1.336320
9053,1.347584
9054,1.330176
9055,3.693568
9056,1.288192
9057,1.332224
9058,1.313792
9059,1.290240
9060,2.363392
9061,1.272832
9062,1.335296
9063,1.295360
9064,1.309696
9065,2.227200
9066,3.631104
9067,1.313792
9068,1.299456
9069,1.347584
9070,1.331200
9071,1.362944
9072,1.331200
9073,1.228800
9074,1.180672
9075,1.193984
9076,1.311744
9077,1.317888
9078,1.300480
9079,1.272832
9080,1.290240
9081,1.336320
9082,1.325056
9083,1.306624
9084,1.304576
9085,1.314816
9086,1.254400
9087,1.260544
9088,1.312768
9089,1.323008
9090,1.334272
9091,1.303552
9092,1.310720
9093,1.289216
9094,1.336320
9095,1.314816
9096,1.360896
9097,1.327104
9098,1.307648
9099,1.307648
9100,1.291264
9101,1.332224
9102,1.326080
9103,1.311744
9104,1.307648
9105,1.346560
9106,1.332224
9107,1.317888
9108,1.337344
9109,1.340416
9110,1.313792
9111,1.283072
9112,1.296384
9113,1.342464
9114,1.277952
9115,1.316864
9116,1.356800
9117,1.309696
9118,1.326080
9119,1.324032
9120,0.978944
9121,0.697344
9122,1.293312
9123,1.264640
9124,1.227776
9125,1.298432
9126,1.314816
9127,1.293312
9128,1.309696
9129,1.318912
9130,1.341440
9131,1.311744
9132,1.342464
9133,1.358848
9134,1.340416
9135,1.272832
9136,1.324032
9137,1.348608
9138,1.275904
9139,1.315840
9140,1.317888
9141,1.311744
9142,1.281024
9143,1.326080
9144,1.282048
9145,1.263616
9146,1.314816
9147,1.361920
9148,1.317888
9149,1.336320
9150,1.336320
9151,1.289216
9152,1.321984
9153,1.344512
9154,1.309696
9155,1.320960
9156,1.296384
9157,1.258496
9158,1.301504
9159,1.304576
9160,1.335296
9161,1.296384
9162,1.324032
9163,1.302528
9164,1.290240
9165,1.273856
9166,1.323008
9167,1.284096
9168,1.201152
9169,1.176576
9170,1.310720
9171,1.274880
9172,1.290240
9173,1.306624
9174,1.284096
9175,1.309696
9176,1.303552
9177,1.289216
9178,1.331200
9179,1.300480
9180,1.317888
9181,1.309696
9182,1.267712
9183,1.328128
9184,1.302528
9185,1.301504
9186,1.342464
9187,1.320960
9188,1.303552
9189,1.317888
9190,1.281024
9191,1.302528
9192,1.308672
9193,1.244160
9194,1.273856
9195,1.309696
9196,1.312768
9197,1.308672
9198,1.346560
9199,1.312768
9200,1.294336
9201,1.335296
9202,1.296384
9203,1.305600
9204,1.243136
9205,1.332224
9206,1.328128
9207,1.288192
9208,1.337344
9209,1.304576
9210,1.333248
9211,1.312768
9212,1.333248
9213,1.285120
9214,1.230848
9215,0.850944
9216,0.788480
9217,0.786432
9218,0.631808
9219,0.638976
9220,0.600064
9221,1.423360
9222,1.350656
9223,1.304576
9224,1.273856
9225,1.331200
9226,1.272832
9227,1.330176
9228,1.366016
9229,1.259520
9230,1.333248
9231,1.351680
9232,1.299456
9233,1.317888
9234,1.335296
9235,1.311744
9236,1.320960
9237,1.301504
9238,1.318912
9239,1.320960
9240,1.329152
9241,1.359872
9242,1.358848
9243,1.283072
9244,1.328128
9245,1.347584
9246,1.341440
9247,1.340416
9248,1.297408
9249,1.304576
9250,1.333248
9251,1.311744
9252,1.289216
9253,1.339392
9254,1.289216
9255,1.283072
9256,1.328128
9257,1.298432
9258,1.306624
9259,1.304576
9260,1.350656
9261,1.324032
9262,1.275904
9263,1.274880
9264,1.337344
9265,1.280000
9266,1.311744
9267,0.950272
9268,0.746496
9269,0.687104
9270,0.686080
9271,0.865280
9272,0.617472
9273,0.552960
9274,0.546816
9275,1.429504
9276,1.336320
9277,1.310720
9278,1.282048
9279,1.283072
9280,1.266688
9281,1.335296
9282,1.355776
9283,1.299456
9284,1.343488
9285,1.352704
9286,1.299456
9287,1.301504
9288,1.280000
9289,1.353728
9290,1.272832
9291,1.321984
9292,1.305600
9293,1.343488
9294,1.352704
9295,1.308672
9296,1.348608
9297,1.317888
9298,1.341440
9299,1.259520
9300,1.315840
9301,1.302528
9302,1.277952
9303,1.316864
9304,1.326080
9305,1.321984
9306,1.358848
9307,1.323008
9308,1.261568
9309,1.291264
9310,1.326080
9311,1.326080
9312,1.350656
9313,1.320960
9314,1.289216
9315,1.348608
9316,1.352704
9317,1.337344
9318,1.316864
9319,1.292288
9320,1.328128
9321,1.185792
9322,1.258496
9323,1.296384
9324,1.336320
9325,1.327104
9326,1.318912
9327,1.251328
9328,1.313792
9329,1.313792
9330,1.300480
9331,1.337344
9332,1.276928
9333,1.311744
9334,1.290240
9335,1.335296
9336,1.347584
9337,1.308672
9338,1.337344
9339,1.304576
9340,1.300480
9341,1.308672
9342,1.328128
9343,1.328128
9344,1.282048
9345,1.285120
9346,1.313792
9347,1.315840
9348,1.326080
9349,1.225728
9350,1.309696
9351,1.299456
9352,1.316864
9353,1.329152
9354,1.395712
9355,1.312768
9356,1.293312
9357,1.312768
9358,1.232896
9359,1.286144
9360,1.277952
9361,1.304576
9362,1.249280
9363,1.331200
9364,1.329152
9365,1.334272
9366,1.192960
9367,1.217536
9368,1.215488
9369,1.296384
9370,1.295360
9371,1.306624
9372,1.251328
9373,1.326080
9374,1.319936
9375,1.298432
9376,1.305600
9377,1.311744
9378,1.312768
9379,1.271808
9380,1.305600
9381,1.344512
9382,1.316864
9383,1.310720
9384,1.298432
9385,1.306624
9386,1.361920
9387,1.292288
9388,1.354752
9389,1.323008
9390,1.328128
9391,1.304576
9392,1.314816
9393,1.295360
9394,1.326080
9395,1.298432
9396,1.336320
9397,1.296384
9398,1.269760
9399,1.311744
9400,1.274880
9401,1.303552
9402,1.281024
9403,1.271808
9404,1.269760
9405,1.282048
9406,1.330176
9407,1.332224
9408,1.286144
9409,1.334272
9410,1.311744
9411,1.302528
9412,1.326080
9413,1.249280
9414,0.957440
9415,0.811008
9416,0.765952
9417,1.307648
9418,1.210368
9419,1.298432
9420,1.324032
9421,1.311744
9422,1.294336
9423,1.331200
9424,1.293312
9425,1.323008
9426,1.351680
9427,1.298432
9428,1.264640
9429,1.312768
9430,1.291264
9431,1.295360
9432,1.289216
9433,1.316864
9434,1.345536
9435,1.315840
9436,1.314816
9437,1.296384
9438,1.293312
9439,1.315840
9440,1.291264
9441,1.258496
9442,1.310720
9443,1.332224
9444,1.294336
9445,1.352704
9446,1.309696
9447,1.302528
9448,1.344512
9449,1.324032
9450,1.315840
9451,1.295360
9452,1.323008
9453,1.350656
9454,1.255424
9455,1.327104
9456,1.280000
9457,1.318912
9458,1.366016
9459,1.336320
9460,1.307648
9461,1.329152
9462,1.295360
9463,1.185792
9464,0.950272
9465,0.763904
9466,0.713728
9467,0.661504
9468,0.612352
9469,0.617472
9470,1.281024
9471,1.248256
9472,1.287168
9473,1.280000
9474,1.348608
9475,1.321984
9476,1.361920
9477,1.276928
9478,1.319936
9479,1.324032
9480,1.270784
9481,1.332224
9482,1.309696
9483,1.318912
9484,1.281024
9485,1.293312
9486,1.330176
9487,1.313792
9488,1.291264
9489,1.289216
9490,1.292288
9491,1.294336
9492,1.337344
9493,1.299456
9494,1.341440
9495,1.295360
9496,1.318912
9497,1.340416
9498,1.277952
9499,1.293312
9500,1.339392
9501,1.313792
9502,1.347584
9503,1.332224
9504,1.263616
9505,1.369088
9506,1.281024
9507,1.293312
9508,1.321984
9509,1.297408
9510,1.296384
9511,1.333248
9512,1.295360
9513,1.325056
9514,1.350656
9515,1.285120
9516,1.145856
9517,1.357824
9518,1.367040
9519,1.317888
9520,1.321984
9521,1.324032
9522,1.351680
9523,1.329152
9524,1.351680
9525,1.340416
9526,1.303552
9527,1.276928
9528,1.298432
9529,1.271808
9530,1.335296
9531,1.334272
9532,1.265664
9533,1.353728
9534,1.305600
9535,1.339392
9536,1.345536
9537,1.342464
9538,1.330176
9539,1.321984
9540,1.338368
9541,1.337344
9542,1.304576
9543,1.286144
9544,1.319936
9545,1.332224
9546,1.294336
9547,1.366016
9548,1.337344
9549,1.306624
9550,1.320960
9551,1.345536
9552,1.338368
9553,1.328128
9554,1.305600
9555,1.288192
9556,1.340416
9557,1.323008
9558,1.312768
9559,1.377280
9560,1.368064
9561,1.325056
9562,1.189888
9563,0.947200
9564,0.826368
9565,1.349632
9566,1.230848
9567,1.241088
9568,1.295360
9569,1.294336
9570,1.293312
9571,1.349632
9572,1.304576
9573,1.244160
9574,1.274880
9575,1.287168
9576,1.338368
9577,1.327104
9578,1.291264
9579,1.295360
9580,1.278976
9581,1.289216
9582,1.339392
9583,1.278976
9584,1.308672
9585,1.245184
9586,1.311744
9587,1.338368
9588,1.270784
9589,1.311744
9590,1.304576
9591,1.337344
9592,1.285120
9593,1.281024
9594,1.298432
9595,1.304576
9596,1.311744
9597,1.348608
9598,1.326080
9599,1.321984
9600,1.351680
9601,1.313792
9602,1.307648
9603,1.312768
9604,1.297408
9605,1.335296
9606,1.329152
9607,1.301504
9608,1.296384
9609,1.331200
9610,1.348608
9611,1.273856
9612,0.874496
9613,0.695296
9614,0.659456
9615,1.324032
9616,1.280000
9617,1.291264
9618,1.286144
9619,1.340416
9620,1.343488
9621,1.292288
9622,1.296384
9623,1.310720
9624,1.345536
9625,1.345536
9626,1.342464
9627,1.317888
9628,1.338368
9629,1.311744
9630,1.328128
9631,1.320960
9632,1.310720
9633,1.323008
9634,1.320960
9635,1.311744
9636,1.292288
9637,1.304576
9638,1.295360
9639,1.309696
9640,1.319936
9641,1.346560
9642,1.309696
9643,1.359872
9644,1.320960
9645,1.339392
9646,1.326080
9647,1.328128
9648,1.326080
9649,1.354752
9650,1.356800
9651,1.302528
9652,1.284096
9653,1.286144
9654,1.262592
9655,1.313792
9656,1.295360
9657,1.281024
9658,1.297408
9659,1.298432
9660,1.290240
9661,1.208320
9662,0.860160
9663,0.727040
9664,0.666624
9665,1.360896
9666,1.342464
9667,1.313792
9668,1.316864
9669,1.317888
9670,1.271808
9671,1.347584
9672,1.324032
9673,1.286144
9674,1.298432
9675,1.275904
9676,1.254400
9677,1.284096
9678,1.269760
9679,1.323008
9680,1.305600
9681,1.266688
9682,1.263616
9683,1.270784
9684,1.244160
9685,1.252352
9686,1.269760
9687,1.277952
9688,1.269760
9689,1.251328
9690,1.263616
9691,1.245184
9692,1.272832
9693,1.258496
9694,1.266688
9695,1.256448
9696,1.255424
9697,1.269760
9698,1.282048
9699,1.264640
9700,1.277952
9701,1.281024
9702,1.244160
9703,1.241088
9704,1.265664
9705,1.294336
9706,1.285120
9707,1.283072
9708,1.276928
9709,1.263616
9710,1.257472
9711,1.245184
9712,1.177600
9713,1.017856
9714,1.313792
9715,1.259520
9716,1.233920
9717,1.247232
9718,1.205248
9719,1.242112
9720,1.286144
9721,1.243136
9722,1.255424
9723,1.253376
9724,1.280000
9725,1.298432
9726,1.276928
9727,1.250304
9728,1.250304
9729,1.314816
9730,1.255424
9731,1.281024
9732,1.269760
9733,1.293312
9734,1.240064
9735,1.270784
9736,1.268736
9737,1.255424
9738,1.219584
9739,1.250304
9740,1.236992
9741,1.235968
9742,1.255424
9743,1.225728
9744,1.266688
9745,1.282048
9746,1.235968
9747,1.247232
9748,1.216512
9749,1.222656
9750,1.245184
9751,1.211392
9752,1.215488
9753,1.233920
9754,1.193984
9755,1.247232
9756,1.242112
9757,1.287168
9758,1.246208
9759,1.249280
9760,1.282048
9761,1.263616
9762,1.104896
9763,0.945152
9764,0.803840
9765,0.805888
9766,0.749568
9767,1.287168
9768,1.264640
9769,2.600960
9770,1.249280
9771,1.257472
9772,2.683904
9773,1.214464
9774,1.255424
9775,1.253376
9776,1.263616
9777,1.253376
9778,1.283072
9779,1.254400
9780,1.271808
9781,1.236992
9782,1.241088
9783,1.239040
9784,1.225728
9785,1.231872
9786,1.240064
9787,1.262592
9788,1.234944
9789,1.234944
9790,1.263616
9791,1.266688
9792,1.240064
9793,1.218560
9794,1.209344
9795,1.224704
9796,1.259520
9797,1.226752
9798,1.248256
9799,1.196032
9800,1.198080
9801,1.244160
9802,1.277952
9803,1.250304
9804,1.232896
9805,1.227776
9806,1.264640
9807,1.235968
9808,1.231872
9809,1.251328
9810,1.253376
9811,1.232896
9812,1.290240
9813,1.215488
9814,0.940032
9815,0.896000
9816,0.776192
9817,0.656384
9818,0.628736
9819,0.585728
9820,1.266688
9821,1.242112
9822,1.210368
9823,2.688000
9824,1.201152
9825,2.652160
9826,1.252352
9827,1.215488
9828,1.206272
9829,1.224704
9830,1.216512
9831,1.206272
9832,1.300480
9833,1.262592
9834,1.241088
9835,1.283072
9836,1.224704
9837,1.272832
9838,1.211392
9839,1.198080
9840,1.248256
9841,1.248256
9842,1.226752
9843,1.244160
9844,1.236992
9845,1.248256
9846,1.239040
9847,1.218560
9848,1.213440
9849,1.219584
9850,1.197056
9851,1.185792
9852,1.215488
9853,1.207296
9854,1.172480
9855,1.182720
9856,1.196032
9857,1.190912
9858,1.216512
9859,1.197056
9860,1.173504
9861,1.217536
9862,1.180672
9863,1.195008
9864,1.224704
9865,1.158144
9866,1.200128
9867,1.097728
9868,1.098752
9869,1.022976
9870,1.145856
9871,1.166336
9872,1.172480
9873,1.177600
9874,1.128448
9875,1.162240
9876,1.142784
9877,1.227776
9878,1.144832
9879,3.519488
9880,1.111040
9881,1.169408
9882,1.152000
9883,1.089536
9884,1.113088
9885,1.119232
9886,1.117184
9887,1.110016
9888,1.086464
9889,1.116160
9890,1.056768
9891,3.333120
9892,1.079296
9893,1.042432
9894,1.074176
9895,2.122752
9896,1.050624
9897,1.114112
9898,1.085440
9899,1.124352
9900,2.198528
9901,1.014784
9902,3.305472
9903,1.089536
9904,1.118208
9905,1.085440
9906,1.091584
9907,1.087488
9908,1.095680
9909,1.061888
9910,1.051648
9911,1.091584
9912,1.072128
9913,1.104896
9914,1.094656
9915,1.111040
9916,1.106944
9917,1.074176
9918,1.074176
9919,1.073152
9920,0.946176
9921,0.648192
9922,0.619520
9923,0.620544
9924,0.619520
9925,1.107968
9926,1.013760
9927,1.021952
9928,1.006592
9929,1.041408
9930,1.080320
9931,1.057792
9932,1.057792
9933,1.059840
9934,1.074176
9935,1.065984
9936,1.037312
9937,1.065984
9938,1.031168
9939,1.048576
9940,1.055744
9941,1.050624
9942,1.042432
9943,1.038336
9944,1.050624
9945,1.058816
9946,1.028096
9947,1.051648
9948,1.065984
9949,1.044480
9950,1.024000
9951,1.024000
9952,0.988160
9953,1.040384
9954,1.040384
9955,0.999424
9956,0.970752
9957,1.019904
9958,0.997376
9959,0.997376
9960,0.983040
9961,0.986112
9962,0.934912
9963,0.920576
9964,0.921600
9965,0.928768
9966,0.915456
9967,0.914432
9968,0.914432
9969,0.944128
9970,0.925696
9971,0.917504
9972,0.912384
9973,0.943104
9974,0.901120
9975,0.930816
9976,0.905216
9977,0.931840
9978,0.890880
9979,0.847872
9980,1.821696
9981,0.872448
9982,0.913408
9983,0.883712
9984,0.910336
9985,0.893952
9986,1.837056
9987,0.855040
9988,3.068928
9989,0.885760
9990,0.884736
9991,0.924672
9992,0.896000
9993,0.889856
9994,0.903168
9995,0.891904
9996,0.899072
9997,0.887808
9998,0.870400
9999,0.803840
