iter,ms
0,1.138688
1,1.133568
2,1.154048
3,1.164288
4,1.188864
5,1.138688
6,1.165312
7,1.165312
8,1.165312
9,1.206272
10,1.188864
11,1.196032
12,1.191936
13,1.209344
14,1.118208
15,1.166336
16,1.166336
17,1.210368
18,1.155072
19,1.158144
20,1.156096
21,1.184768
22,1.168384
23,1.222656
24,1.173504
25,1.146880
26,1.150976
27,1.182720
28,1.181696
29,1.169408
30,1.199104
31,1.198080
32,1.197056
33,1.188864
34,1.247232
35,1.197056
36,1.159168
37,1.190912
38,1.238016
39,1.146880
40,1.254400
41,1.206272
42,1.178624
43,1.270784
44,1.250304
45,1.235968
46,1.195008
47,1.220608
48,1.188864
49,1.202176
50,1.149952
51,0.808960
52,0.625664
53,0.609280
54,0.595968
55,0.587776
56,1.318912
57,1.249280
58,1.213440
59,1.228800
60,1.177600
61,1.189888
62,1.186816
63,1.170432
64,1.295360
65,1.218560
66,1.159168
67,1.191936
68,1.200128
69,1.179648
70,1.195008
71,1.200128
72,1.190912
73,1.231872
74,1.264640
75,1.185792
76,1.229824
77,1.203200
78,1.136640
79,1.172480
80,1.157120
81,1.139712
82,1.188864
83,1.170432
84,1.192960
85,1.113088
86,1.211392
87,1.189888
88,1.170432
89,1.179648
90,1.197056
91,1.277952
92,1.182720
93,1.220608
94,1.252352
95,1.265664
96,1.212416
97,1.245184
98,1.172480
99,1.166336
100,1.182720
101,1.168384
102,1.186816
103,1.195008
104,1.335296
105,1.140736
106,1.140736
107,1.232896
108,1.207296
109,1.170432
110,1.240064
111,1.232896
112,1.269760
113,1.245184
114,1.226752
115,1.188864
116,1.223680
117,1.242112
118,1.179648
119,1.293312
120,1.246208
121,1.212416
122,1.286144
123,1.246208
124,1.229824
125,1.259520
126,1.234944
127,1.257472
128,1.231872
129,1.266688
130,1.214464
131,1.220608
132,1.267712
133,1.236992
134,1.146880
135,1.216512
136,1.262592
137,1.239040
138,1.264640
139,1.231872
140,1.232896
141,1.226752
142,1.220608
143,1.216512
144,1.246208
145,1.241088
146,1.218560
147,1.258496
148,1.285120
149,1.235968
150,1.268736
151,1.259520
152,1.212416
153,1.139712
154,1.135616
155,1.117184
156,1.191936
157,1.231872
158,1.190912
159,1.215488
160,1.196032
161,1.210368
162,1.231872
163,1.224704
164,1.202176
165,1.211392
166,1.239040
167,1.227776
168,1.270784
169,1.240064
170,1.273856
171,1.258496
172,1.282048
173,1.302528
174,1.268736
175,1.270784
176,1.264640
177,1.303552
178,1.310720
179,1.297408
180,1.299456
181,1.280000
182,1.308672
183,1.299456
184,1.362944
185,1.333248
186,1.421312
187,1.376256
188,1.353728
189,1.385472
190,1.353728
191,1.357824
192,1.373184
193,1.378304
194,1.413120
195,1.386496
196,1.386496
197,1.411072
198,1.337344
199,1.381376
200,1.290240
201,1.095680
202,1.295360
203,1.184768
204,1.280000
205,1.306624
206,1.363968
207,1.335296
208,1.318912
209,1.324032
210,1.344512
211,1.351680
212,1.364992
213,1.374208
214,1.316864
215,1.354752
216,1.331200
217,1.336320
218,1.327104
219,1.324032
220,1.320960
221,1.309696
222,1.342464
223,1.378304
224,1.312768
225,1.349632
226,1.312768
227,1.274880
228,1.354752
229,1.323008
230,1.297408
231,1.341440
232,1.350656
233,1.361920
234,1.358848
235,1.384448
236,1.351680
237,1.372160
238,1.342464
239,1.311744
240,1.350656
241,1.339392
242,1.344512
243,1.386496
244,1.296384
245,1.375232
246,1.340416
247,1.070080
248,0.691200
249,0.659456
250,0.625664
251,0.614400
252,0.604160
253,1.335296
254,1.312768
255,1.316864
256,1.409024
257,1.400832
258,1.397760
259,1.362944
260,1.319936
261,1.403904
262,1.301504
263,1.329152
264,1.356800
265,1.391616
266,1.380352
267,1.321984
268,1.320960
269,1.367040
270,1.269760
271,1.360896
272,1.303552
273,1.369088
274,1.301504
275,1.307648
276,1.374208
277,1.362944
278,1.330176
279,1.352704
280,1.354752
281,1.334272
282,1.341440
283,1.373184
284,1.325056
285,1.350656
286,1.309696
287,1.328128
288,1.386496
289,1.301504
290,1.362944
291,1.380352
292,1.308672
293,1.269760
294,1.349632
295,1.384448
296,1.352704
297,1.321984
298,0.900096
299,0.613376
300,0.612352
301,0.607232
302,0.611328
303,0.592896
304,0.573440
305,1.300480
306,1.405952
307,1.249280
308,1.373184
309,1.318912
310,1.394688
311,1.424384
312,1.344512
313,1.317888
314,1.334272
315,1.363968
316,1.406976
317,1.375232
318,1.324032
319,1.357824
320,1.376256
321,1.328128
322,1.303552
323,1.348608
324,1.315840
325,1.326080
326,1.363968
327,1.405952
328,1.350656
329,1.319936
330,1.346560
331,1.359872
332,1.340416
333,1.341440
334,1.299456
335,1.354752
336,1.349632
337,1.402880
338,1.344512
339,1.326080
340,1.308672
341,1.312768
342,1.290240
343,1.307648
344,1.303552
345,1.323008
346,1.329152
347,1.359872
348,1.317888
349,1.328128
350,1.190912
351,1.148928
352,1.277952
353,1.144832
354,1.329152
355,1.303552
356,1.315840
357,1.320960
358,1.331200
359,1.286144
360,1.356800
361,1.286144
362,1.324032
363,1.315840
364,1.378304
365,1.303552
366,1.291264
367,1.360896
368,1.328128
369,1.371136
370,1.351680
371,1.354752
372,1.316864
373,1.369088
374,1.325056
375,1.349632
376,1.303552
377,1.344512
378,1.378304
379,1.386496
380,1.357824
381,1.346560
382,1.354752
383,1.356800
384,1.345536
385,1.337344
386,1.302528
387,1.356800
388,1.344512
389,1.300480
390,1.349632
391,1.357824
392,1.366016
393,1.382400
394,1.382400
395,1.115136
396,0.728064
397,0.589824
398,0.588800
399,0.583680
400,0.584704
401,0.580608
402,1.277952
403,1.268736
404,1.316864
405,1.334272
406,1.313792
407,1.353728
408,1.349632
409,1.364992
410,1.370112
411,1.342464
412,1.349632
413,1.402880
414,1.349632
415,1.352704
416,1.285120
417,1.314816
418,1.350656
419,1.352704
420,1.355776
421,1.328128
422,1.358848
423,1.280000
424,1.341440
425,1.372160
426,1.379328
427,1.356800
428,1.385472
429,1.300480
430,1.373184
431,1.331200
432,1.311744
433,1.297408
434,1.338368
435,1.355776
436,1.326080
437,1.327104
438,1.395712
439,1.329152
440,1.351680
441,1.318912
442,1.394688
443,1.336320
444,1.329152
445,1.377280
446,1.247232
447,0.950272
448,0.752640
449,0.675840
450,1.615872
451,1.394688
452,1.364992
453,1.370112
454,1.321984
455,1.342464
456,1.354752
457,1.386496
458,1.315840
459,1.392640
460,1.297408
461,1.310720
462,1.315840
463,1.319936
464,1.308672
465,1.273856
466,1.342464
467,1.377280
468,1.304576
469,1.360896
470,1.391616
471,1.333248
472,1.358848
473,1.368064
474,1.391616
475,1.297408
476,1.358848
477,1.418240
478,1.341440
479,1.369088
480,1.350656
481,1.332224
482,1.366016
483,1.345536
484,1.378304
485,1.350656
486,1.311744
487,1.325056
488,1.320960
489,1.318912
490,1.341440
491,1.373184
492,1.359872
493,1.299456
494,1.000448
495,1.397760
496,1.344512
497,1.361920
498,1.418240
499,1.324032
500,1.359872
501,1.299456
502,1.356800
503,1.324032
504,1.291264
505,1.333248
506,1.329152
507,1.357824
508,1.313792
509,1.323008
510,1.336320
511,1.324032
512,1.371136
513,1.332224
514,1.296384
515,1.328128
516,1.341440
517,1.370112
518,1.367040
519,1.308672
520,1.387520
521,1.328128
522,1.325056
523,1.349632
524,1.359872
525,1.329152
526,1.376256
527,1.318912
528,1.328128
529,1.312768
530,1.331200
531,1.369088
532,1.353728
533,1.331200
534,1.314816
535,1.318912
536,1.355776
537,1.347584
538,1.317888
539,1.183744
540,1.409024
541,1.394688
542,1.349632
543,1.380352
544,1.376256
545,1.349632
546,1.359872
547,1.316864
548,1.325056
549,1.338368
550,1.359872
551,1.275904
552,1.294336
553,1.293312
554,1.309696
555,1.381376
556,1.334272
557,1.313792
558,1.351680
559,1.335296
560,1.281024
561,1.336320
562,1.324032
563,1.355776
564,1.350656
565,1.337344
566,1.353728
567,1.383424
568,1.346560
569,1.339392
570,1.353728
571,1.329152
572,1.342464
573,1.356800
574,1.338368
575,1.335296
576,1.342464
577,1.340416
578,1.390592
579,1.318912
580,1.300480
581,1.327104
582,1.306624
583,1.328128
584,1.178624
585,0.884736
586,0.671744
587,0.627712
588,0.619520
589,0.589824
590,0.562176
591,1.397760
592,1.428480
593,1.361920
594,1.374208
595,1.393664
596,1.340416
597,1.343488
598,1.320960
599,1.338368
600,1.326080
601,1.341440
602,1.295360
603,1.343488
604,1.337344
605,1.358848
606,1.311744
607,1.412096
608,1.338368
609,1.372160
610,1.374208
611,1.332224
612,1.311744
613,1.331200
614,1.324032
615,1.412096
616,1.313792
617,1.388544
618,1.343488
619,1.355776
620,1.339392
621,1.349632
622,1.323008
623,1.350656
624,1.305600
625,1.349632
626,1.332224
627,1.354752
628,1.311744
629,1.314816
630,1.342464
631,1.317888
632,1.382400
633,1.309696
634,1.401856
635,1.008640
636,0.734208
637,0.641024
638,0.644096
639,0.621568
640,0.615424
641,0.601088
642,1.349632
643,1.430528
644,1.309696
645,1.305600
646,1.356800
647,1.319936
648,1.319936
649,1.349632
650,1.373184
651,1.315840
652,1.324032
653,1.341440
654,1.311744
655,1.350656
656,1.364992
657,1.316864
658,1.351680
659,1.339392
660,1.371136
661,1.370112
662,1.308672
663,1.314816
664,1.350656
665,1.327104
666,1.360896
667,1.313792
668,1.328128
669,1.382400
670,1.343488
671,1.376256
672,1.334272
673,1.327104
674,1.352704
675,1.377280
676,1.298432
677,1.321984
678,1.296384
679,1.347584
680,1.341440
681,1.349632
682,1.310720
683,1.356800
684,1.335296
685,1.330176
686,1.068032
687,1.231872
688,1.096704
689,1.309696
690,1.278976
691,1.348608
692,1.306624
693,1.310720
694,1.314816
695,1.320960
696,1.380352
697,1.287168
698,1.249280
699,1.339392
700,1.354752
701,1.291264
702,1.311744
703,1.360896
704,1.364992
705,1.357824
706,1.362944
707,1.321984
708,1.394688
709,1.327104
710,1.312768
711,1.313792
712,1.316864
713,1.318912
714,1.316864
715,1.307648
716,1.369088
717,1.321984
718,1.302528
719,1.304576
720,1.344512
721,1.398784
722,1.370112
723,1.341440
724,1.375232
725,1.332224
726,1.357824
727,1.318912
728,1.358848
729,1.369088
730,1.391616
731,1.367040
732,1.197056
733,1.173504
734,1.261568
735,1.274880
736,1.341440
737,1.318912
738,1.363968
739,1.302528
740,1.337344
741,1.287168
742,1.351680
743,1.256448
744,1.327104
745,1.413120
746,1.340416
747,1.350656
748,1.350656
749,1.410048
750,1.303552
751,1.336320
752,1.382400
753,1.305600
754,1.364992
755,1.355776
756,1.350656
757,1.357824
758,1.361920
759,1.294336
760,1.305600
761,1.325056
762,1.303552
763,1.387520
764,1.359872
765,1.349632
766,1.333248
767,1.354752
768,1.353728
769,1.324032
770,1.361920
771,1.328128
772,1.343488
773,1.325056
774,1.371136
775,1.311744
776,1.377280
777,1.230848
778,0.962560
779,1.438720
780,1.307648
781,1.326080
782,1.366016
783,1.268736
784,1.257472
785,1.247232
786,1.351680
787,1.318912
788,1.333248
789,1.361920
790,1.296384
791,1.329152
792,1.291264
793,1.310720
794,1.321984
795,1.331200
796,1.352704
797,1.343488
798,1.349632
799,1.386496
800,1.405952
801,1.330176
802,1.295360
803,1.352704
804,1.351680
805,1.352704
806,1.300480
807,1.364992
808,1.319936
809,1.290240
810,1.368064
811,1.558528
812,1.320960
813,1.328128
814,1.343488
815,1.367040
816,1.316864
817,1.310720
818,1.440768
819,1.343488
820,1.398784
821,1.386496
822,1.323008
823,1.186816
824,1.178624
825,1.264640
826,1.284096
827,1.297408
828,1.287168
829,1.327104
830,1.293312
831,1.315840
832,1.318912
833,1.350656
834,1.314816
835,1.306624
836,1.294336
837,1.353728
838,1.291264
839,1.401856
840,1.347584
841,1.306624
842,1.256448
843,1.334272
844,1.354752
845,1.349632
846,1.314816
847,1.291264
848,1.354752
849,1.406976
850,1.356800
851,1.375232
852,1.360896
853,1.306624
854,1.326080
855,1.312768
856,1.373184
857,1.319936
858,1.347584
859,1.314816
860,1.350656
861,1.326080
862,1.347584
863,1.377280
864,1.316864
865,1.288192
866,1.334272
867,1.293312
868,1.060864
869,0.751616
870,0.652288
871,0.645120
872,0.632832
873,0.612352
874,0.599040
875,1.370112
876,1.345536
877,1.335296
878,1.263616
879,1.326080
880,1.319936
881,1.376256
882,1.370112
883,1.302528
884,1.344512
885,1.324032
886,1.395712
887,1.319936
888,1.319936
889,1.319936
890,1.337344
891,1.352704
892,1.364992
893,1.340416
894,1.356800
895,1.357824
896,1.416192
897,1.357824
898,1.354752
899,1.310720
900,1.300480
901,1.355776
902,1.350656
903,1.329152
904,1.369088
905,1.353728
906,1.346560
907,1.351680
908,1.325056
909,1.384448
910,1.372160
911,1.347584
912,1.350656
913,1.338368
914,1.340416
915,1.295360
916,1.334272
917,1.343488
918,1.291264
919,1.240064
920,0.764928
921,0.631808
922,0.630784
923,0.636928
924,0.608256
925,0.598016
926,0.567296
927,0.559104
928,1.387520
929,1.433600
930,1.344512
931,1.392640
932,1.423360
933,1.347584
934,1.345536
935,1.356800
936,1.376256
937,1.356800
938,1.389568
939,1.363968
940,1.380352
941,1.325056
942,1.323008
943,1.348608
944,1.334272
945,1.307648
946,1.315840
947,1.364992
948,1.357824
949,1.320960
950,1.360896
951,1.377280
952,1.475584
953,1.327104
954,1.363968
955,1.387520
956,1.353728
957,1.360896
958,1.375232
959,1.325056
960,1.364992
961,1.387520
962,1.359872
963,1.344512
964,1.342464
965,1.336320
966,1.308672
967,1.283072
968,1.332224
969,1.356800
970,1.371136
971,1.354752
972,1.083392
973,0.778240
974,0.615424
975,0.604160
976,0.596992
977,1.409024
978,1.377280
979,1.384448
980,1.363968
981,1.383424
982,1.347584
983,1.354752
984,1.338368
985,1.342464
986,1.361920
987,1.335296
988,1.363968
989,1.366016
990,1.296384
991,1.351680
992,1.367040
993,1.384448
994,1.330176
995,1.392640
996,1.349632
997,1.354752
998,1.290240
999,1.383424
1000,1.383424
1001,1.320960
1002,1.504256
1003,1.336320
1004,1.357824
1005,1.299456
1006,1.368064
1007,1.345536
1008,1.359872
1009,1.317888
1010,1.354752
1011,1.311744
1012,1.323008
1013,1.370112
1014,1.382400
1015,1.387520
1016,1.363968
1017,1.340416
1018,1.324032
1019,1.313792
1020,1.313792
1021,1.187840
1022,1.197056
1023,1.284096
1024,1.296384
1025,1.352704
1026,1.278976
1027,1.346560
1028,1.323008
1029,1.348608
1030,1.321984
1031,1.378304
1032,1.299456
1033,1.326080
1034,1.317888
1035,1.350656
1036,1.313792
1037,1.360896
1038,1.329152
1039,1.319936
1040,1.345536
1041,1.310720
1042,1.329152
1043,1.358848
1044,1.302528
1045,1.335296
1046,1.354752
1047,1.342464
1048,1.346560
1049,1.347584
1050,1.319936
1051,1.346560
1052,1.334272
1053,1.303552
1054,1.345536
1055,1.356800
1056,1.344512
1057,1.383424
1058,1.334272
1059,1.366016
1060,1.406976
1061,1.375232
1062,1.311744
1063,1.405952
1064,1.361920
1065,1.309696
1066,1.198080
1067,0.960512
1068,1.380352
1069,1.410048
1070,1.413120
1071,1.302528
1072,1.399808
1073,1.329152
1074,1.319936
1075,1.358848
1076,1.318912
1077,1.366016
1078,1.346560
1079,1.349632
1080,1.289216
1081,1.335296
1082,1.343488
1083,1.317888
1084,1.331200
1085,1.345536
1086,1.337344
1087,1.360896
1088,1.353728
1089,1.360896
1090,1.340416
1091,1.385472
1092,1.389568
1093,1.342464
1094,1.356800
1095,1.311744
1096,1.372160
1097,1.370112
1098,1.320960
1099,1.336320
1100,1.338368
1101,1.358848
1102,1.384448
1103,1.338368
1104,1.335296
1105,1.317888
1106,1.319936
1107,1.374208
1108,1.349632
1109,1.330176
1110,1.354752
1111,1.335296
1112,1.275904
1113,1.308672
1114,1.216512
1115,1.321984
1116,1.374208
1117,1.342464
1118,1.380352
1119,1.379328
1120,1.356800
1121,1.366016
1122,1.352704
1123,1.356800
1124,1.372160
1125,1.329152
1126,1.364992
1127,1.369088
1128,1.219584
1129,1.263616
1130,1.281024
1131,1.265664
1132,1.290240
1133,1.355776
1134,1.315840
1135,1.302528
1136,1.360896
1137,1.357824
1138,1.309696
1139,1.293312
1140,1.367040
1141,1.385472
1142,1.311744
1143,1.299456
1144,1.343488
1145,1.296384
1146,1.329152
1147,1.364992
1148,1.321984
1149,1.389568
1150,1.375232
1151,1.326080
1152,1.281024
1153,1.340416
1154,1.362944
1155,1.300480
1156,1.388544
1157,1.315840
1158,1.073152
1159,1.339392
1160,1.222656
1161,1.261568
1162,1.283072
1163,1.361920
1164,1.370112
1165,1.360896
1166,1.354752
1167,1.329152
1168,1.360896
1169,1.300480
1170,1.354752
1171,1.345536
1172,1.374208
1173,1.330176
1174,1.304576
1175,1.336320
1176,1.297408
1177,1.328128
1178,1.334272
1179,1.340416
1180,1.366016
1181,1.360896
1182,1.363968
1183,1.319936
1184,1.347584
1185,1.364992
1186,1.368064
1187,1.343488
1188,1.323008
1189,1.341440
1190,1.335296
1191,1.334272
1192,1.429504
1193,1.341440
1194,1.366016
1195,1.340416
1196,1.391616
1197,1.340416
1198,1.343488
1199,1.328128
1200,1.355776
1201,1.352704
1202,1.396736
1203,1.174528
1204,1.318912
1205,1.195008
1206,1.358848
1207,1.361920
1208,1.346560
1209,1.325056
1210,1.334272
1211,1.335296
1212,1.357824
1213,1.370112
1214,1.334272
1215,1.344512
1216,1.303552
1217,1.374208
1218,1.358848
1219,1.341440
1220,1.341440
1221,1.352704
1222,1.303552
1223,1.325056
1224,1.335296
1225,1.325056
1226,1.404928
1227,1.333248
1228,1.338368
1229,1.396736
1230,1.534976
1231,1.323008
1232,1.337344
1233,1.339392
1234,1.310720
1235,1.315840
1236,1.330176
1237,1.369088
1238,1.349632
1239,1.386496
1240,1.330176
1241,1.347584
1242,1.367040
1243,1.300480
1244,1.302528
1245,1.178624
1246,0.747520
1247,0.631808
1248,1.375232
1249,1.338368
1250,1.270784
1251,1.316864
1252,1.274880
1253,1.356800
1254,1.291264
1255,1.360896
1256,1.359872
1257,1.326080
1258,1.367040
1259,1.300480
1260,1.380352
1261,1.376256
1262,1.356800
1263,1.325056
1264,1.326080
1265,1.328128
1266,1.347584
1267,1.317888
1268,1.357824
1269,1.342464
1270,1.352704
1271,1.287168
1272,1.341440
1273,1.338368
1274,1.480704
1275,1.336320
1276,1.352704
1277,1.354752
1278,1.382400
1279,1.356800
1280,1.288192
1281,1.350656
1282,1.333248
1283,1.333248
1284,1.357824
1285,1.362944
1286,1.355776
1287,1.392640
1288,1.397760
1289,1.360896
1290,1.335296
1291,1.346560
1292,1.273856
1293,0.777216
1294,0.608256
1295,0.607232
1296,1.376256
1297,1.301504
1298,1.304576
1299,1.300480
1300,1.307648
1301,1.363968
1302,1.336320
1303,1.328128
1304,1.380352
1305,1.318912
1306,1.307648
1307,1.300480
1308,1.358848
1309,1.301504
1310,1.301504
1311,1.298432
1312,1.313792
1313,1.343488
1314,1.304576
1315,1.355776
1316,1.318912
1317,1.343488
1318,1.351680
1319,1.346560
1320,1.367040
1321,1.482752
1322,1.398784
1323,1.369088
1324,1.400832
1325,1.327104
1326,1.358848
1327,1.278976
1328,1.222656
1329,1.224704
1330,1.319936
1331,1.335296
1332,1.301504
1333,1.241088
1334,1.318912
1335,1.311744
1336,1.348608
1337,1.295360
1338,1.325056
1339,1.350656
1340,1.310720
1341,1.371136
1342,1.353728
1343,1.418240
1344,1.334272
1345,1.382400
1346,1.396736
1347,1.372160
1348,1.330176
1349,1.335296
1350,1.324032
1351,1.355776
1352,1.319936
1353,1.336320
1354,1.336320
1355,1.334272
1356,1.345536
1357,1.316864
1358,1.361920
1359,1.376256
1360,1.324032
1361,1.290240
1362,1.343488
1363,1.330176
1364,1.324032
1365,1.351680
1366,1.394688
1367,1.324032
1368,1.368064
1369,1.334272
1370,1.344512
1371,1.315840
1372,1.327104
1373,1.387520
1374,1.332224
1375,1.356800
1376,1.343488
1377,1.378304
1378,1.368064
1379,1.398784
1380,1.363968
1381,1.342464
1382,1.376256
1383,1.339392
1384,1.258496
1385,1.259520
1386,1.230848
1387,1.335296
1388,1.341440
1389,1.324032
1390,1.294336
1391,1.357824
1392,1.338368
1393,1.393664
1394,1.364992
1395,1.331200
1396,1.333248
1397,1.318912
1398,1.344512
1399,1.327104
1400,1.390592
1401,1.326080
1402,1.355776
1403,1.347584
1404,1.354752
1405,1.333248
1406,1.351680
1407,1.306624
1408,1.345536
1409,1.377280
1410,1.340416
1411,1.386496
1412,1.349632
1413,1.341440
1414,1.301504
1415,1.368064
1416,1.291264
1417,1.379328
1418,1.347584
1419,1.320960
1420,1.353728
1421,1.331200
1422,1.291264
1423,1.327104
1424,1.309696
1425,1.335296
1426,1.351680
1427,1.314816
1428,1.337344
1429,1.337344
1430,1.227776
1431,1.183744
1432,1.275904
1433,1.229824
1434,1.292288
1435,1.329152
1436,1.315840
1437,1.313792
1438,1.329152
1439,1.304576
1440,1.296384
1441,1.369088
1442,1.317888
1443,1.337344
1444,1.334272
1445,1.368064
1446,1.331200
1447,1.348608
1448,1.357824
1449,1.342464
1450,1.330176
1451,1.373184
1452,1.377280
1453,1.346560
1454,1.344512
1455,1.348608
1456,1.352704
1457,1.291264
1458,1.347584
1459,1.280000
1460,1.354752
1461,1.342464
1462,1.340416
1463,1.385472
1464,1.378304
1465,1.323008
1466,1.338368
1467,1.366016
1468,1.360896
1469,1.352704
1470,1.304576
1471,1.345536
1472,1.352704
1473,1.352704
1474,1.314816
1475,0.994304
1476,0.761856
1477,0.591872
1478,0.568320
1479,0.563200
1480,0.562176
1481,0.562176
1482,1.013760
1483,1.295360
1484,1.367040
1485,1.286144
1486,1.333248
1487,1.390592
1488,1.334272
1489,1.320960
1490,1.339392
1491,1.330176
1492,1.327104
1493,1.337344
1494,1.295360
1495,1.401856
1496,1.286144
1497,1.368064
1498,1.321984
1499,1.366016
1500,1.342464
1501,1.315840
1502,1.394688
1503,1.343488
1504,1.320960
1505,1.361920
1506,1.314816
1507,1.344512
1508,1.294336
1509,1.370112
1510,1.342464
1511,1.334272
1512,1.340416
1513,1.324032
1514,1.373184
1515,1.370112
1516,1.319936
1517,1.298432
1518,1.314816
1519,1.290240
1520,1.337344
1521,1.357824
1522,1.353728
1523,1.335296
1524,1.341440
1525,1.336320
1526,1.298432
1527,0.740352
1528,1.003520
1529,1.316864
1530,1.296384
1531,1.316864
1532,1.324032
1533,1.326080
1534,1.344512
1535,1.367040
1536,1.332224
1537,1.320960
1538,1.343488
1539,1.323008
1540,1.350656
1541,1.318912
1542,1.370112
1543,1.368064
1544,1.323008
1545,1.360896
1546,1.382400
1547,1.386496
1548,1.343488
1549,1.341440
1550,1.320960
1551,1.338368
1552,1.280000
1553,1.289216
1554,1.302528
1555,1.304576
1556,1.318912
1557,1.377280
1558,1.323008
1559,1.352704
1560,1.327104
1561,1.348608
1562,1.319936
1563,1.343488
1564,1.334272
1565,1.339392
1566,1.381376
1567,1.364992
1568,1.311744
1569,1.328128
1570,1.308672
1571,1.281024
1572,1.218560
1573,1.087488
1574,0.793600
1575,0.624640
1576,0.607232
1577,0.585728
1578,0.569344
1579,0.562176
1580,1.293312
1581,1.306624
1582,1.335296
1583,1.315840
1584,1.262592
1585,1.362944
1586,1.304576
1587,1.271808
1588,1.286144
1589,1.364992
1590,1.366016
1591,1.344512
1592,1.375232
1593,1.413120
1594,1.402880
1595,1.344512
1596,1.323008
1597,1.325056
1598,1.319936
1599,1.342464
1600,1.281024
1601,1.295360
1602,1.346560
1603,1.332224
1604,1.385472
1605,1.346560
1606,1.392640
1607,1.301504
1608,1.296384
1609,1.367040
1610,1.351680
1611,1.320960
1612,1.329152
1613,1.338368
1614,1.337344
1615,1.351680
1616,1.358848
1617,1.356800
1618,1.308672
1619,1.354752
1620,1.337344
1621,1.347584
1622,1.320960
1623,1.311744
1624,1.300480
1625,1.052672
1626,0.700416
1627,0.613376
1628,0.588800
1629,0.583680
1630,0.576512
1631,1.324032
1632,1.242112
1633,1.337344
1634,1.356800
1635,1.303552
1636,1.350656
1637,1.402880
1638,1.381376
1639,1.356800
1640,1.396736
1641,1.327104
1642,1.296384
1643,1.352704
1644,1.323008
1645,1.347584
1646,1.314816
1647,1.339392
1648,1.346560
1649,1.311744
1650,1.378304
1651,1.328128
1652,1.334272
1653,1.362944
1654,1.309696
1655,1.321984
1656,1.360896
1657,1.348608
1658,1.311744
1659,1.348608
1660,1.327104
1661,1.299456
1662,1.335296
1663,1.366016
1664,1.311744
1665,1.340416
1666,1.332224
1667,1.306624
1668,1.294336
1669,1.290240
1670,1.324032
1671,1.299456
1672,1.380352
1673,1.315840
1674,1.338368
1675,1.308672
1676,1.189888
1677,1.328128
1678,1.192960
1679,1.349632
1680,1.288192
1681,1.323008
1682,1.334272
1683,1.305600
1684,1.352704
1685,1.327104
1686,1.330176
1687,1.364992
1688,1.296384
1689,1.336320
1690,1.330176
1691,1.376256
1692,1.360896
1693,1.352704
1694,1.324032
1695,1.362944
1696,1.309696
1697,1.331200
1698,1.342464
1699,1.349632
1700,1.326080
1701,1.329152
1702,1.326080
1703,1.331200
1704,1.337344
1705,1.343488
1706,1.327104
1707,1.336320
1708,1.325056
1709,1.316864
1710,1.289216
1711,1.334272
1712,1.358848
1713,1.368064
1714,1.338368
1715,1.328128
1716,1.330176
1717,1.401856
1718,1.330176
1719,1.333248
1720,1.532928
1721,1.270784
1722,1.009664
1723,1.284096
1724,1.174528
1725,1.341440
1726,1.323008
1727,1.351680
1728,1.351680
1729,1.301504
1730,1.055744
1731,1.288192
1732,1.346560
1733,1.318912
1734,1.326080
1735,1.363968
1736,1.303552
1737,1.312768
1738,1.308672
1739,1.352704
1740,1.327104
1741,1.317888
1742,1.348608
1743,1.369088
1744,1.360896
1745,1.300480
1746,1.326080
1747,1.317888
1748,1.360896
1749,1.375232
1750,1.369088
1751,1.308672
1752,1.298432
1753,1.343488
1754,1.316864
1755,1.341440
1756,1.304576
1757,1.335296
1758,1.354752
1759,1.350656
1760,1.389568
1761,1.352704
1762,1.305600
1763,1.325056
1764,1.361920
1765,1.376256
1766,1.319936
1767,1.317888
1768,1.138688
1769,0.666624
1770,1.361920
1771,1.293312
1772,1.248256
1773,1.264640
1774,1.400832
1775,1.369088
1776,1.333248
1777,1.337344
1778,1.351680
1779,1.351680
1780,1.337344
1781,1.287168
1782,1.305600
1783,1.334272
1784,1.299456
1785,1.301504
1786,1.340416
1787,1.320960
1788,1.360896
1789,1.329152
1790,1.316864
1791,1.308672
1792,1.366016
1793,1.345536
1794,1.358848
1795,1.383424
1796,1.377280
1797,1.435648
1798,1.337344
1799,1.344512
1800,1.354752
1801,1.315840
1802,1.345536
1803,1.339392
1804,1.331200
1805,1.334272
1806,1.342464
1807,1.339392
1808,1.306624
1809,1.361920
1810,1.289216
1811,1.324032
1812,1.314816
1813,1.337344
1814,1.319936
1815,1.025024
1816,1.339392
1817,1.233920
1818,1.344512
1819,1.340416
1820,1.337344
1821,1.351680
1822,1.416192
1823,1.363968
1824,1.388544
1825,1.332224
1826,1.366016
1827,1.336320
1828,1.375232
1829,1.380352
1830,1.294336
1831,1.288192
1832,1.325056
1833,1.330176
1834,1.339392
1835,1.308672
1836,1.351680
1837,1.317888
1838,1.333248
1839,1.333248
1840,1.354752
1841,1.298432
1842,1.336320
1843,1.338368
1844,1.351680
1845,1.287168
1846,1.376256
1847,1.419264
1848,1.363968
1849,1.395712
1850,1.344512
1851,1.357824
1852,1.291264
1853,1.296384
1854,1.338368
1855,1.324032
1856,1.308672
1857,1.328128
1858,1.340416
1859,1.341440
1860,1.299456
1861,0.817152
1862,0.661504
1863,0.612352
1864,0.605184
1865,0.575488
1866,0.571392
1867,1.413120
1868,1.343488
1869,1.277952
1870,1.296384
1871,1.308672
1872,1.294336
1873,1.338368
1874,1.287168
1875,1.344512
1876,1.388544
1877,1.351680
1878,1.398784
1879,1.350656
1880,1.284096
1881,1.355776
1882,1.340416
1883,1.319936
1884,1.331200
1885,1.375232
1886,1.288192
1887,1.359872
1888,1.353728
1889,1.354752
1890,1.360896
1891,1.339392
1892,1.299456
1893,1.334272
1894,1.295360
1895,1.302528
1896,1.329152
1897,1.400832
1898,1.382400
1899,1.363968
1900,1.356800
1901,1.368064
1902,1.327104
1903,1.345536
1904,1.386496
1905,1.320960
1906,1.325056
1907,1.301504
1908,1.312768
1909,1.360896
1910,1.318912
1911,1.202176
1912,1.228800
1913,1.200128
1914,1.306624
1915,1.346560
1916,1.307648
1917,1.330176
1918,1.317888
1919,1.310720
1920,1.333248
1921,1.340416
1922,1.372160
1923,1.377280
1924,1.343488
1925,1.360896
1926,1.374208
1927,1.323008
1928,1.364992
1929,1.351680
1930,1.321984
1931,1.332224
1932,1.300480
1933,1.375232
1934,1.361920
1935,1.326080
1936,1.326080
1937,1.334272
1938,1.348608
1939,1.360896
1940,1.401856
1941,1.351680
1942,1.309696
1943,1.360896
1944,1.306624
1945,1.314816
1946,1.331200
1947,1.320960
1948,1.337344
1949,1.367040
1950,1.362944
1951,1.356800
1952,1.348608
1953,1.352704
1954,1.349632
1955,1.357824
1956,1.331200
1957,1.169408
1958,0.730112
1959,0.587776
1960,0.568320
1961,0.562176
1962,0.558080
1963,1.368064
1964,1.403904
1965,1.406976
1966,1.330176
1967,1.405952
1968,1.358848
1969,1.377280
1970,1.371136
1971,1.408000
1972,1.333248
1973,1.329152
1974,1.332224
1975,1.353728
1976,1.342464
1977,1.325056
1978,1.353728
1979,1.288192
1980,1.335296
1981,1.336320
1982,1.362944
1983,1.361920
1984,1.329152
1985,1.353728
1986,1.299456
1987,1.372160
1988,1.298432
1989,1.338368
1990,1.320960
1991,1.352704
1992,1.400832
1993,1.357824
1994,1.347584
1995,1.354752
1996,1.327104
1997,1.361920
1998,1.359872
1999,1.391616
2000,1.320960
2001,1.372160
2002,1.357824
2003,1.348608
2004,1.378304
2005,1.345536
2006,1.314816
2007,1.156096
2008,1.160192
2009,1.199104
2010,1.284096
2011,1.311744
2012,1.294336
2013,1.298432
2014,1.382400
2015,1.299456
2016,1.348608
2017,1.327104
2018,1.316864
2019,1.361920
2020,1.339392
2021,1.364992
2022,1.347584
2023,1.374208
2024,1.312768
2025,1.329152
2026,1.307648
2027,1.399808
2028,1.321984
2029,1.317888
2030,1.347584
2031,1.336320
2032,1.360896
2033,1.356800
2034,1.337344
2035,1.337344
2036,1.292288
2037,1.350656
2038,1.330176
2039,1.338368
2040,1.296384
2041,1.363968
2042,1.348608
2043,1.336320
2044,1.335296
2045,1.313792
2046,1.318912
2047,1.324032
2048,1.305600
2049,1.381376
2050,1.308672
2051,1.364992
2052,1.309696
2053,1.142784
2054,1.417216
2055,1.352704
2056,1.351680
2057,1.363968
2058,1.265664
2059,1.338368
2060,1.338368
2061,1.359872
2062,1.292288
2063,1.306624
2064,1.366016
2065,1.335296
2066,1.351680
2067,1.370112
2068,1.280000
2069,1.338368
2070,1.376256
2071,1.354752
2072,1.312768
2073,1.370112
2074,1.359872
2075,1.347584
2076,1.298432
2077,1.308672
2078,1.357824
2079,1.293312
2080,1.334272
2081,1.304576
2082,1.287168
2083,1.372160
2084,1.383424
2085,1.342464
2086,1.301504
2087,1.316864
2088,1.355776
2089,1.285120
2090,1.351680
2091,1.329152
2092,1.352704
2093,1.315840
2094,1.367040
2095,1.358848
2096,1.336320
2097,1.116160
2098,0.831488
2099,0.615424
2100,0.600064
2101,0.581632
2102,0.566272
2103,1.432576
2104,1.399808
2105,1.378304
2106,1.319936
2107,1.344512
2108,1.334272
2109,1.333248
2110,1.381376
2111,1.371136
2112,1.363968
2113,1.371136
2114,1.326080
2115,1.308672
2116,1.364992
2117,1.348608
2118,1.375232
2119,1.370112
2120,1.331200
2121,1.351680
2122,1.315840
2123,1.320960
2124,1.316864
2125,1.375232
2126,1.370112
2127,1.324032
2128,1.344512
2129,1.359872
2130,1.387520
2131,1.345536
2132,1.309696
2133,1.305600
2134,1.315840
2135,1.384448
2136,1.379328
2137,1.351680
2138,1.379328
2139,1.307648
2140,1.357824
2141,1.373184
2142,1.358848
2143,1.357824
2144,1.353728
2145,1.342464
2146,1.338368
2147,1.207296
2148,0.814080
2149,0.638976
2150,0.578560
2151,0.563200
2152,1.388544
2153,1.290240
2154,1.296384
2155,1.386496
2156,1.354752
2157,1.357824
2158,1.380352
2159,1.342464
2160,1.363968
2161,1.307648
2162,1.326080
2163,1.343488
2164,1.324032
2165,1.394688
2166,1.339392
2167,1.379328
2168,1.323008
2169,1.317888
2170,1.355776
2171,1.347584
2172,1.336320
2173,1.358848
2174,1.329152
2175,1.333248
2176,1.348608
2177,1.389568
2178,1.306624
2179,1.331200
2180,1.358848
2181,1.368064
2182,1.336320
2183,1.363968
2184,1.369088
2185,1.357824
2186,1.315840
2187,1.303552
2188,1.368064
2189,1.329152
2190,1.296384
2191,1.339392
2192,1.342464
2193,1.330176
2194,1.402880
2195,1.327104
2196,1.300480
2197,1.161216
2198,1.214464
2199,1.280000
2200,1.327104
2201,1.329152
2202,1.298432
2203,1.294336
2204,1.304576
2205,1.310720
2206,1.329152
2207,1.304576
2208,1.297408
2209,1.355776
2210,1.311744
2211,1.316864
2212,1.259520
2213,1.360896
2214,1.294336
2215,1.339392
2216,1.318912
2217,1.349632
2218,1.356800
2219,1.311744
2220,1.348608
2221,1.338368
2222,1.393664
2223,1.324032
2224,1.335296
2225,1.345536
2226,1.338368
2227,1.348608
2228,1.342464
2229,1.339392
2230,1.377280
2231,1.349632
2232,1.391616
2233,1.341440
2234,1.359872
2235,1.358848
2236,1.346560
2237,1.368064
2238,1.389568
2239,1.335296
2240,1.355776
2241,1.342464
2242,1.271808
2243,1.193984
2244,1.310720
2245,1.325056
2246,1.281024
2247,1.285120
2248,1.309696
2249,1.341440
2250,1.340416
2251,1.301504
2252,1.385472
2253,1.306624
2254,1.350656
2255,1.315840
2256,1.317888
2257,1.349632
2258,1.342464
2259,1.346560
2260,1.317888
2261,1.304576
2262,1.362944
2263,1.360896
2264,1.319936
2265,1.312768
2266,1.343488
2267,1.333248
2268,1.314816
2269,1.371136
2270,1.353728
2271,1.337344
2272,1.356800
2273,1.335296
2274,1.383424
2275,1.304576
2276,1.334272
2277,1.363968
2278,1.362944
2279,1.317888
2280,1.358848
2281,1.374208
2282,1.329152
2283,1.357824
2284,1.339392
2285,1.358848
2286,1.327104
2287,1.314816
2288,1.182720
2289,1.301504
2290,1.336320
2291,1.359872
2292,1.375232
2293,1.356800
2294,1.315840
2295,1.328128
2296,1.372160
2297,1.307648
2298,1.372160
2299,1.297408
2300,1.331200
2301,1.306624
2302,1.298432
2303,1.369088
2304,1.333248
2305,1.327104
2306,1.345536
2307,1.283072
2308,1.332224
2309,1.317888
2310,1.317888
2311,1.304576
2312,1.252352
2313,1.100800
2314,1.130496
2315,1.315840
2316,1.332224
2317,1.329152
2318,1.389568
2319,1.368064
2320,1.311744
2321,1.354752
2322,1.309696
2323,1.346560
2324,1.338368
2325,1.367040
2326,1.347584
2327,1.352704
2328,1.374208
2329,1.321984
2330,1.360896
2331,1.343488
2332,1.343488
2333,0.996352
2334,1.323008
2335,1.273856
2336,1.293312
2337,1.311744
2338,1.402880
2339,1.306624
2340,1.359872
2341,1.347584
2342,1.346560
2343,1.353728
2344,1.336320
2345,1.378304
2346,1.371136
2347,1.336320
2348,1.337344
2349,1.337344
2350,1.276928
2351,1.368064
2352,1.323008
2353,1.334272
2354,1.348608
2355,1.321984
2356,1.342464
2357,1.319936
2358,1.305600
2359,1.320960
2360,1.326080
2361,1.341440
2362,1.293312
2363,1.348608
2364,1.364992
2365,1.307648
2366,1.328128
2367,1.340416
2368,1.375232
2369,1.324032
2370,1.318912
2371,1.326080
2372,1.327104
2373,1.317888
2374,1.321984
2375,1.288192
2376,1.357824
2377,1.389568
2378,1.245184
2379,1.038336
2380,0.727040
2381,1.332224
2382,1.288192
2383,1.335296
2384,1.283072
2385,1.357824
2386,1.272832
2387,1.366016
2388,1.371136
2389,1.394688
2390,1.360896
2391,1.353728
2392,1.376256
2393,1.327104
2394,1.341440
2395,1.332224
2396,1.349632
2397,1.357824
2398,1.394688
2399,1.331200
2400,1.307648
2401,1.309696
2402,1.317888
2403,1.366016
2404,1.332224
2405,1.303552
2406,1.381376
2407,1.393664
2408,1.341440
2409,1.358848
2410,1.351680
2411,1.324032
2412,1.327104
2413,1.381376
2414,1.362944
2415,1.385472
2416,1.327104
2417,1.324032
2418,1.331200
2419,1.311744
2420,1.349632
2421,1.346560
2422,1.362944
2423,1.362944
2424,1.362944
2425,1.339392
2426,1.217536
2427,1.196032
2428,1.341440
2429,1.355776
2430,1.314816
2431,1.317888
2432,1.404928
2433,1.319936
2434,1.320960
2435,1.367040
2436,1.319936
2437,1.355776
2438,1.389568
2439,1.328128
2440,1.328128
2441,1.352704
2442,1.334272
2443,1.283072
2444,1.307648
2445,1.288192
2446,1.352704
2447,1.360896
2448,1.372160
2449,1.368064
2450,1.344512
2451,1.381376
2452,1.307648
2453,1.388544
2454,1.328128
2455,1.368064
2456,1.306624
2457,1.307648
2458,1.363968
2459,1.292288
2460,1.331200
2461,1.369088
2462,1.318912
2463,1.375232
2464,1.348608
2465,1.370112
2466,1.370112
2467,1.379328
2468,1.333248
2469,1.356800
2470,1.312768
2471,0.962560
2472,0.631808
2473,0.603136
2474,0.588800
2475,0.581632
2476,0.569344
2477,0.566272
2478,0.566272
2479,0.560128
2480,1.356800
2481,1.329152
2482,1.340416
2483,1.262592
2484,1.338368
2485,1.355776
2486,1.383424
2487,1.321984
2488,1.341440
2489,1.351680
2490,1.321984
2491,1.371136
2492,1.360896
2493,1.337344
2494,1.309696
2495,1.329152
2496,1.337344
2497,1.334272
2498,1.329152
2499,1.335296
2500,1.376256
2501,1.313792
2502,1.359872
2503,1.336320
2504,1.349632
2505,1.357824
2506,1.277952
2507,1.342464
2508,1.341440
2509,1.337344
2510,1.336320
2511,1.353728
2512,1.366016
2513,1.323008
2514,1.342464
2515,1.353728
2516,1.329152
2517,1.320960
2518,1.338368
2519,1.328128
2520,1.315840
2521,1.359872
2522,1.341440
2523,1.345536
2524,1.308672
2525,1.548288
2526,1.400832
2527,1.352704
2528,1.280000
2529,1.359872
2530,1.343488
2531,1.332224
2532,1.303552
2533,1.348608
2534,1.317888
2535,1.355776
2536,1.296384
2537,1.389568
2538,1.383424
2539,1.388544
2540,1.337344
2541,1.361920
2542,1.380352
2543,1.354752
2544,1.337344
2545,1.353728
2546,1.362944
2547,1.370112
2548,1.325056
2549,1.355776
2550,1.321984
2551,1.338368
2552,1.352704
2553,1.337344
2554,1.329152
2555,1.347584
2556,1.406976
2557,1.337344
2558,1.330176
2559,1.327104
2560,1.359872
2561,1.316864
2562,1.295360
2563,1.348608
2564,1.351680
2565,1.342464
2566,1.323008
2567,1.406976
2568,1.340416
2569,1.204224
2570,0.944128
2571,0.783360
2572,0.673792
2573,0.593920
2574,0.563200
2575,1.392640
2576,1.340416
2577,1.371136
2578,1.328128
2579,1.305600
2580,1.319936
2581,1.332224
2582,1.344512
2583,1.325056
2584,1.324032
2585,1.366016
2586,1.359872
2587,1.375232
2588,1.346560
2589,1.368064
2590,1.323008
2591,1.348608
2592,1.342464
2593,1.355776
2594,1.360896
2595,1.344512
2596,1.294336
2597,1.326080
2598,1.291264
2599,1.324032
2600,1.402880
2601,1.366016
2602,1.393664
2603,1.320960
2604,1.341440
2605,1.356800
2606,1.368064
2607,1.347584
2608,1.353728
2609,1.349632
2610,1.302528
2611,1.353728
2612,1.343488
2613,1.299456
2614,1.339392
2615,1.347584
2616,1.297408
2617,1.363968
2618,1.334272
2619,1.325056
2620,0.828416
2621,0.616448
2622,0.594944
2623,0.573440
2624,0.569344
2625,0.566272
2626,1.357824
2627,1.362944
2628,1.336320
2629,1.329152
2630,1.328128
2631,1.362944
2632,1.311744
2633,1.306624
2634,1.324032
2635,1.387520
2636,1.355776
2637,1.336320
2638,1.352704
2639,1.351680
2640,1.301504
2641,1.360896
2642,1.303552
2643,1.386496
2644,1.395712
2645,1.290240
2646,1.349632
2647,1.295360
2648,1.352704
2649,1.368064
2650,1.367040
2651,1.337344
2652,1.353728
2653,1.316864
2654,1.335296
2655,1.336320
2656,1.328128
2657,1.312768
2658,1.306624
2659,1.340416
2660,1.341440
2661,1.325056
2662,1.372160
2663,1.332224
2664,1.340416
2665,1.305600
2666,1.335296
2667,1.348608
2668,1.327104
2669,1.312768
2670,1.326080
2671,0.947200
2672,1.301504
2673,1.316864
2674,1.382400
2675,1.324032
2676,1.347584
2677,1.347584
2678,1.295360
2679,1.275904
2680,1.289216
2681,1.309696
2682,1.307648
2683,1.321984
2684,1.309696
2685,1.348608
2686,1.321984
2687,1.335296
2688,1.387520
2689,1.390592
2690,1.357824
2691,1.307648
2692,1.316864
2693,1.394688
2694,1.345536
2695,1.353728
2696,1.344512
2697,1.332224
2698,1.313792
2699,1.360896
2700,1.297408
2701,1.340416
2702,1.338368
2703,1.329152
2704,1.320960
2705,1.330176
2706,1.360896
2707,1.326080
2708,1.320960
2709,1.353728
2710,1.342464
2711,1.318912
2712,1.329152
2713,1.304576
2714,1.346560
2715,1.325056
2716,1.324032
2717,1.236992
2718,1.333248
2719,1.334272
2720,1.276928
2721,1.360896
2722,1.320960
2723,1.369088
2724,1.347584
2725,1.380352
2726,1.386496
2727,1.333248
2728,1.341440
2729,1.315840
2730,1.335296
2731,1.391616
2732,1.301504
2733,1.326080
2734,1.345536
2735,1.308672
2736,1.295360
2737,1.330176
2738,1.375232
2739,1.339392
2740,1.307648
2741,1.334272
2742,1.378304
2743,1.306624
2744,1.345536
2745,1.308672
2746,1.342464
2747,1.346560
2748,1.334272
2749,1.345536
2750,1.333248
2751,1.336320
2752,1.355776
2753,1.332224
2754,1.339392
2755,1.300480
2756,1.361920
2757,1.376256
2758,1.353728
2759,1.302528
2760,1.349632
2761,0.960512
2762,0.693248
2763,0.686080
2764,1.359872
2765,1.243136
2766,1.299456
2767,1.307648
2768,1.348608
2769,1.326080
2770,1.340416
2771,1.343488
2772,1.321984
2773,1.351680
2774,1.357824
2775,1.297408
2776,1.350656
2777,1.323008
2778,1.340416
2779,1.329152
2780,1.302528
2781,1.345536
2782,1.301504
2783,1.366016
2784,1.348608
2785,1.372160
2786,1.359872
2787,1.336320
2788,1.304576
2789,1.350656
2790,1.274880
2791,1.340416
2792,1.326080
2793,1.309696
2794,1.324032
2795,1.320960
2796,1.299456
2797,1.399808
2798,1.294336
2799,1.354752
2800,1.382400
2801,1.377280
2802,1.316864
2803,1.350656
2804,1.360896
2805,1.354752
2806,1.327104
2807,1.373184
2808,1.357824
2809,1.215488
2810,1.174528
2811,1.278976
2812,1.304576
2813,1.308672
2814,1.347584
2815,1.396736
2816,1.351680
2817,1.315840
2818,1.408000
2819,1.318912
2820,1.350656
2821,1.291264
2822,1.355776
2823,1.358848
2824,1.339392
2825,1.340416
2826,1.316864
2827,1.314816
2828,1.342464
2829,1.339392
2830,1.306624
2831,1.347584
2832,1.302528
2833,1.345536
2834,1.330176
2835,1.286144
2836,1.288192
2837,1.317888
2838,1.362944
2839,1.310720
2840,1.310720
2841,1.333248
2842,1.338368
2843,1.369088
2844,1.354752
2845,1.351680
2846,1.360896
2847,1.366016
2848,1.313792
2849,1.285120
2850,1.369088
2851,1.329152
2852,1.315840
2853,1.377280
2854,1.282048
2855,0.958464
2856,1.296384
2857,1.175552
2858,1.376256
2859,1.326080
2860,1.357824
2861,1.317888
2862,1.346560
2863,1.290240
2864,1.351680
2865,1.357824
2866,1.300480
2867,1.358848
2868,1.352704
2869,1.314816
2870,1.339392
2871,1.305600
2872,1.327104
2873,1.339392
2874,1.313792
2875,1.323008
2876,1.359872
2877,1.347584
2878,1.366016
2879,1.304576
2880,1.301504
2881,1.343488
2882,1.347584
2883,1.332224
2884,1.358848
2885,1.283072
2886,1.328128
2887,1.354752
2888,1.413120
2889,1.310720
2890,1.325056
2891,1.265664
2892,1.333248
2893,1.307648
2894,1.374208
2895,1.356800
2896,1.343488
2897,1.326080
2898,1.381376
2899,1.354752
2900,1.241088
2901,1.209344
2902,1.190912
2903,1.333248
2904,1.327104
2905,1.315840
2906,1.333248
2907,1.329152
2908,1.317888
2909,1.314816
2910,1.324032
2911,1.321984
2912,1.303552
2913,1.353728
2914,1.301504
2915,1.321984
2916,1.355776
2917,1.356800
2918,1.366016
2919,1.289216
2920,1.297408
2921,1.332224
2922,1.344512
2923,1.364992
2924,1.312768
2925,1.367040
2926,1.326080
2927,1.339392
2928,1.301504
2929,1.357824
2930,1.367040
2931,1.397760
2932,1.354752
2933,1.362944
2934,1.344512
2935,1.280000
2936,1.355776
2937,1.339392
2938,1.328128
2939,1.349632
2940,1.292288
2941,1.308672
2942,1.392640
2943,1.332224
2944,1.328128
2945,1.290240
2946,1.200128
2947,0.752640
2948,0.636928
2949,0.589824
2950,0.582656
2951,0.571392
2952,0.567296
2953,1.362944
2954,1.356800
2955,1.332224
2956,1.246208
2957,1.319936
2958,1.307648
2959,1.376256
2960,1.354752
2961,1.376256
2962,1.296384
2963,1.395712
2964,1.330176
2965,1.334272
2966,1.332224
2967,1.379328
2968,1.268736
2969,1.291264
2970,1.325056
2971,1.339392
2972,1.340416
2973,1.337344
2974,1.401856
2975,1.333248
2976,1.387520
2977,1.338368
2978,1.392640
2979,1.389568
2980,1.352704
2981,1.301504
2982,1.323008
2983,1.356800
2984,1.318912
2985,1.383424
2986,1.342464
2987,1.318912
2988,1.374208
2989,1.345536
2990,1.320960
2991,1.314816
2992,1.315840
2993,1.343488
2994,1.332224
2995,1.318912
2996,1.325056
2997,1.323008
2998,1.047552
2999,1.369088
3000,1.336320
3001,1.325056
3002,1.272832
3003,1.297408
3004,1.327104
3005,1.292288
3006,1.343488
3007,1.323008
3008,1.362944
3009,1.336320
3010,1.333248
3011,1.388544
3012,1.329152
3013,1.316864
3014,1.372160
3015,1.366016
3016,1.356800
3017,1.360896
3018,1.334272
3019,1.325056
3020,1.326080
3021,1.346560
3022,1.353728
3023,1.303552
3024,1.355776
3025,1.332224
3026,1.319936
3027,1.336320
3028,1.351680
3029,1.355776
3030,1.331200
3031,1.343488
3032,1.336320
3033,1.373184
3034,1.343488
3035,1.289216
3036,1.233920
3037,1.315840
3038,1.282048
3039,1.293312
3040,1.341440
3041,1.345536
3042,1.344512
3043,1.317888
3044,1.164288
3045,1.390592
3046,1.357824
3047,1.349632
3048,1.271808
3049,1.282048
3050,1.314816
3051,1.330176
3052,1.316864
3053,1.388544
3054,1.355776
3055,1.374208
3056,1.406976
3057,1.345536
3058,1.350656
3059,1.362944
3060,1.326080
3061,1.343488
3062,1.300480
3063,1.356800
3064,1.297408
3065,1.357824
3066,1.331200
3067,1.360896
3068,1.375232
3069,1.364992
3070,1.360896
3071,1.334272
3072,1.351680
3073,1.342464
3074,1.354752
3075,1.325056
3076,1.301504
3077,1.286144
3078,1.326080
3079,1.345536
3080,1.350656
3081,1.415168
3082,1.268736
3083,1.309696
3084,1.293312
3085,1.345536
3086,1.340416
3087,1.354752
3088,1.352704
3089,1.123328
3090,0.903168
3091,1.344512
3092,1.297408
3093,1.167360
3094,1.313792
3095,1.295360
3096,1.385472
3097,1.353728
3098,1.331200
3099,1.325056
3100,1.346560
3101,1.355776
3102,1.330176
3103,1.358848
3104,1.378304
3105,1.367040
3106,1.355776
3107,1.383424
3108,1.315840
3109,1.325056
3110,1.330176
3111,1.356800
3112,1.339392
3113,1.380352
3114,1.380352
3115,1.352704
3116,1.275904
3117,1.298432
3118,1.311744
3119,1.311744
3120,1.360896
3121,1.376256
3122,1.331200
3123,1.311744
3124,1.307648
3125,1.355776
3126,1.328128
3127,1.349632
3128,1.353728
3129,1.368064
3130,1.335296
3131,1.369088
3132,1.372160
3133,1.362944
3134,1.363968
3135,1.319936
3136,0.947200
3137,0.621568
3138,0.605184
3139,0.596992
3140,0.589824
3141,0.586752
3142,0.580608
3143,0.575488
3144,1.446912
3145,1.383424
3146,1.366016
3147,1.387520
3148,1.386496
3149,1.347584
3150,1.389568
3151,1.369088
3152,1.327104
3153,1.341440
3154,1.336320
3155,1.380352
3156,1.329152
3157,1.329152
3158,1.399808
3159,1.338368
3160,1.361920
3161,1.324032
3162,1.384448
3163,1.350656
3164,1.326080
3165,1.374208
3166,1.370112
3167,1.374208
3168,1.364992
3169,1.373184
3170,1.324032
3171,1.323008
3172,1.354752
3173,1.360896
3174,1.299456
3175,1.526784
3176,1.386496
3177,1.381376
3178,1.379328
3179,1.317888
3180,1.355776
3181,1.331200
3182,1.416192
3183,1.351680
3184,1.351680
3185,1.364992
3186,1.350656
3187,1.260544
3188,1.011712
3189,0.749568
3190,0.591872
3191,0.589824
3192,0.578560
3193,0.565248
3194,0.558080
3195,1.396736
3196,1.416192
3197,1.364992
3198,1.352704
3199,1.356800
3200,1.334272
3201,1.330176
3202,1.346560
3203,1.341440
3204,1.288192
3205,1.386496
3206,1.313792
3207,1.366016
3208,1.374208
3209,1.335296
3210,1.391616
3211,1.342464
3212,1.311744
3213,1.374208
3214,1.369088
3215,1.329152
3216,1.306624
3217,1.337344
3218,1.389568
3219,1.388544
3220,1.315840
3221,1.335296
3222,1.319936
3223,1.325056
3224,1.341440
3225,1.330176
3226,1.325056
3227,1.320960
3228,1.312768
3229,1.321984
3230,1.354752
3231,1.391616
3232,1.342464
3233,1.325056
3234,1.339392
3235,1.324032
3236,1.329152
3237,1.320960
3238,1.355776
3239,1.052672
3240,0.882688
3241,1.364992
3242,1.269760
3243,1.283072
3244,1.332224
3245,1.339392
3246,1.325056
3247,1.317888
3248,1.300480
3249,1.354752
3250,1.361920
3251,1.371136
3252,1.389568
3253,1.381376
3254,1.377280
3255,1.351680
3256,1.351680
3257,1.360896
3258,1.375232
3259,1.339392
3260,1.358848
3261,1.336320
3262,1.352704
3263,1.367040
3264,1.316864
3265,1.368064
3266,1.352704
3267,1.302528
3268,1.302528
3269,1.314816
3270,1.342464
3271,1.353728
3272,1.363968
3273,1.359872
3274,1.373184
3275,1.358848
3276,1.413120
3277,1.320960
3278,1.354752
3279,1.362944
3280,1.312768
3281,1.374208
3282,1.321984
3283,1.321984
3284,1.311744
3285,1.293312
3286,1.153024
3287,1.223680
3288,1.341440
3289,1.268736
3290,1.300480
3291,1.300480
3292,1.354752
3293,1.362944
3294,1.325056
3295,1.342464
3296,1.371136
3297,1.316864
3298,1.367040
3299,1.325056
3300,1.368064
3301,1.318912
3302,1.376256
3303,1.350656
3304,1.321984
3305,1.351680
3306,1.380352
3307,1.318912
3308,1.332224
3309,1.329152
3310,1.321984
3311,1.326080
3312,1.327104
3313,1.362944
3314,1.286144
3315,1.359872
3316,1.330176
3317,1.318912
3318,1.301504
3319,1.319936
3320,1.307648
3321,1.325056
3322,1.346560
3323,1.280000
3324,1.337344
3325,1.346560
3326,1.302528
3327,1.355776
3328,1.377280
3329,1.340416
3330,1.304576
3331,1.282048
3332,0.904192
3333,1.294336
3334,1.308672
3335,1.325056
3336,1.305600
3337,1.378304
3338,1.346560
3339,1.357824
3340,1.359872
3341,1.353728
3342,1.418240
3343,1.360896
3344,1.317888
3345,1.294336
3346,1.347584
3347,1.358848
3348,1.384448
3349,1.289216
3350,1.402880
3351,1.319936
3352,1.354752
3353,1.356800
3354,1.281024
3355,1.379328
3356,1.372160
3357,1.357824
3358,1.340416
3359,1.347584
3360,1.349632
3361,1.349632
3362,1.346560
3363,1.306624
3364,1.376256
3365,1.356800
3366,1.360896
3367,1.293312
3368,1.332224
3369,1.310720
3370,1.312768
3371,1.360896
3372,1.346560
3373,1.372160
3374,1.345536
3375,1.358848
3376,1.305600
3377,1.209344
3378,1.382400
3379,1.342464
3380,1.329152
3381,1.336320
3382,1.341440
3383,1.473536
3384,1.329152
3385,1.313792
3386,1.299456
3387,1.397760
3388,1.363968
3389,1.334272
3390,1.314816
3391,1.309696
3392,1.330176
3393,1.352704
3394,1.324032
3395,1.423360
3396,1.362944
3397,1.342464
3398,1.376256
3399,1.379328
3400,1.386496
3401,1.354752
3402,1.370112
3403,1.383424
3404,1.350656
3405,1.325056
3406,1.316864
3407,1.368064
3408,1.315840
3409,1.367040
3410,1.408000
3411,1.356800
3412,1.329152
3413,1.405952
3414,1.330176
3415,1.335296
3416,1.380352
3417,1.346560
3418,1.325056
3419,1.344512
3420,1.361920
3421,1.295360
3422,1.221632
3423,1.118208
3424,1.294336
3425,1.267712
3426,1.328128
3427,1.335296
3428,1.308672
3429,1.370112
3430,1.293312
3431,1.249280
3432,1.291264
3433,1.302528
3434,1.359872
3435,1.291264
3436,1.280000
3437,1.303552
3438,1.394688
3439,1.320960
3440,1.393664
3441,1.371136
3442,1.349632
3443,1.368064
3444,1.361920
3445,1.339392
3446,1.353728
3447,1.364992
3448,1.295360
3449,1.332224
3450,1.378304
3451,1.312768
3452,1.344512
3453,1.338368
3454,1.347584
3455,1.313792
3456,1.337344
3457,1.349632
3458,1.346560
3459,1.308672
3460,1.352704
3461,1.374208
3462,1.347584
3463,1.345536
3464,1.280000
3465,1.316864
3466,1.330176
3467,1.281024
3468,1.001472
3469,0.672768
3470,1.346560
3471,1.260544
3472,1.281024
3473,1.313792
3474,1.346560
3475,1.386496
3476,1.349632
3477,1.377280
3478,1.348608
3479,1.341440
3480,1.341440
3481,1.340416
3482,1.343488
3483,1.366016
3484,1.363968
3485,1.389568
3486,1.373184
3487,1.364992
3488,1.371136
3489,1.302528
3490,1.291264
3491,1.369088
3492,1.373184
3493,1.320960
3494,1.303552
3495,1.341440
3496,1.343488
3497,1.321984
3498,1.353728
3499,1.328128
3500,1.299456
3501,1.400832
3502,1.387520
3503,1.303552
3504,1.343488
3505,1.381376
3506,1.392640
3507,1.341440
3508,1.357824
3509,1.328128
3510,1.341440
3511,1.326080
3512,1.315840
3513,1.343488
3514,1.290240
3515,0.954368
3516,1.424384
3517,1.420288
3518,1.330176
3519,1.309696
3520,1.324032
3521,1.330176
3522,1.314816
3523,1.311744
3524,1.533952
3525,1.313792
3526,1.595392
3527,1.330176
3528,1.316864
3529,1.359872
3530,1.324032
3531,1.349632
3532,1.307648
3533,1.317888
3534,1.313792
3535,1.333248
3536,1.373184
3537,1.330176
3538,1.351680
3539,1.335296
3540,1.295360
3541,1.313792
3542,1.344512
3543,1.347584
3544,1.316864
3545,1.353728
3546,1.345536
3547,1.324032
3548,1.342464
3549,1.309696
3550,1.332224
3551,1.340416
3552,1.364992
3553,1.360896
3554,1.393664
3555,1.358848
3556,1.330176
3557,1.310720
3558,1.349632
3559,1.344512
3560,1.116160
3561,1.282048
3562,1.153024
3563,1.313792
3564,1.295360
3565,1.291264
3566,1.299456
3567,1.316864
3568,1.335296
3569,1.356800
3570,1.352704
3571,1.294336
3572,1.326080
3573,1.336320
3574,1.316864
3575,1.327104
3576,1.348608
3577,1.308672
3578,1.336320
3579,1.368064
3580,1.302528
3581,1.373184
3582,1.323008
3583,1.329152
3584,1.345536
3585,1.309696
3586,1.325056
3587,1.308672
3588,1.370112
3589,1.340416
3590,1.342464
3591,1.347584
3592,1.395712
3593,1.359872
3594,1.358848
3595,1.350656
3596,1.332224
3597,1.304576
3598,1.356800
3599,1.305600
3600,1.349632
3601,1.315840
3602,1.286144
3603,1.338368
3604,1.339392
3605,1.376256
3606,1.278976
3607,1.290240
3608,1.222656
3609,1.302528
3610,1.318912
3611,1.386496
3612,1.341440
3613,1.338368
3614,1.349632
3615,1.368064
3616,1.368064
3617,1.376256
3618,1.500160
3619,1.295360
3620,1.339392
3621,1.315840
3622,1.332224
3623,1.308672
3624,1.403904
3625,1.332224
3626,1.359872
3627,1.349632
3628,1.373184
3629,1.341440
3630,1.348608
3631,1.340416
3632,1.327104
3633,1.382400
3634,1.408000
3635,1.356800
3636,1.378304
3637,1.346560
3638,1.340416
3639,1.356800
3640,1.307648
3641,1.284096
3642,1.344512
3643,1.377280
3644,1.338368
3645,1.332224
3646,1.348608
3647,1.318912
3648,1.385472
3649,1.349632
3650,1.346560
3651,1.245184
3652,1.291264
3653,1.217536
3654,1.303552
3655,1.347584
3656,1.319936
3657,1.367040
3658,1.358848
3659,1.354752
3660,1.326080
3661,1.374208
3662,1.380352
3663,1.343488
3664,1.339392
3665,1.275904
3666,1.310720
3667,1.366016
3668,1.399808
3669,1.340416
3670,1.324032
3671,1.326080
3672,1.335296
3673,1.319936
3674,1.400832
3675,1.348608
3676,1.349632
3677,1.350656
3678,1.315840
3679,1.334272
3680,1.288192
3681,1.362944
3682,1.349632
3683,1.378304
3684,1.326080
3685,1.366016
3686,1.334272
3687,1.358848
3688,1.343488
3689,1.341440
3690,1.362944
3691,1.331200
3692,1.380352
3693,1.305600
3694,1.351680
3695,1.355776
3696,1.316864
3697,1.382400
3698,1.348608
3699,1.321984
3700,1.343488
3701,1.359872
3702,1.329152
3703,1.337344
3704,1.310720
3705,1.343488
3706,1.356800
3707,1.314816
3708,1.347584
3709,1.363968
3710,1.325056
3711,1.345536
3712,1.327104
3713,1.452032
3714,1.360896
3715,1.304576
3716,1.326080
3717,1.321984
3718,1.316864
3719,1.321984
3720,1.316864
3721,1.320960
3722,1.316864
3723,1.325056
3724,1.335296
3725,1.293312
3726,1.358848
3727,1.295360
3728,1.298432
3729,1.305600
3730,1.327104
3731,1.332224
3732,1.370112
3733,1.307648
3734,1.310720
3735,1.350656
3736,1.345536
3737,1.311744
3738,1.347584
3739,1.355776
3740,1.371136
3741,1.277952
3742,0.926720
3743,0.664576
3744,1.446912
3745,1.406976
3746,1.375232
3747,1.386496
3748,1.377280
3749,1.313792
3750,1.379328
3751,1.271808
3752,1.346560
3753,1.320960
3754,1.351680
3755,1.299456
3756,1.293312
3757,1.395712
3758,1.302528
3759,1.357824
3760,1.335296
3761,1.375232
3762,1.364992
3763,1.368064
3764,1.378304
3765,1.402880
3766,1.357824
3767,1.371136
3768,1.397760
3769,1.347584
3770,1.368064
3771,1.490944
3772,1.286144
3773,1.369088
3774,1.317888
3775,1.347584
3776,1.330176
3777,1.346560
3778,1.335296
3779,1.300480
3780,1.340416
3781,1.396736
3782,1.347584
3783,1.316864
3784,1.357824
3785,1.327104
3786,1.373184
3787,1.316864
3788,1.276928
3789,1.155072
3790,1.314816
3791,1.339392
3792,1.321984
3793,1.280000
3794,1.347584
3795,1.347584
3796,1.357824
3797,1.353728
3798,1.334272
3799,1.351680
3800,1.325056
3801,1.356800
3802,1.318912
3803,1.324032
3804,1.323008
3805,1.327104
3806,1.325056
3807,1.330176
3808,1.283072
3809,1.320960
3810,1.302528
3811,1.300480
3812,1.346560
3813,1.292288
3814,1.329152
3815,1.313792
3816,1.383424
3817,1.359872
3818,1.541120
3819,1.457152
3820,1.375232
3821,1.385472
3822,1.360896
3823,1.304576
3824,1.331200
3825,1.344512
3826,1.366016
3827,1.319936
3828,1.304576
3829,1.291264
3830,1.382400
3831,1.358848
3832,1.327104
3833,1.197056
3834,0.766976
3835,0.600064
3836,0.609280
3837,0.603136
3838,0.579584
3839,0.570368
3840,0.567296
3841,1.321984
3842,1.278976
3843,1.294336
3844,1.325056
3845,1.385472
3846,1.363968
3847,1.375232
3848,1.344512
3849,1.351680
3850,1.355776
3851,1.363968
3852,1.366016
3853,1.295360
3854,1.307648
3855,1.339392
3856,1.337344
3857,1.346560
3858,1.331200
3859,1.347584
3860,1.292288
3861,1.257472
3862,1.314816
3863,1.369088
3864,1.299456
3865,1.319936
3866,1.335296
3867,1.359872
3868,1.337344
3869,1.324032
3870,1.341440
3871,1.387520
3872,1.332224
3873,1.314816
3874,1.385472
3875,1.315840
3876,1.362944
3877,1.390592
3878,1.311744
3879,1.393664
3880,1.338368
3881,1.352704
3882,1.352704
3883,1.314816
3884,1.389568
3885,1.267712
3886,0.787456
3887,0.623616
3888,1.353728
3889,1.286144
3890,1.327104
3891,1.349632
3892,1.317888
3893,1.299456
3894,1.285120
3895,1.353728
3896,1.351680
3897,1.288192
3898,1.316864
3899,1.304576
3900,1.332224
3901,1.327104
3902,1.380352
3903,1.355776
3904,1.323008
3905,1.357824
3906,1.399808
3907,1.356800
3908,1.367040
3909,1.306624
3910,1.303552
3911,1.311744
3912,1.286144
3913,1.311744
3914,1.340416
3915,1.346560
3916,1.316864
3917,1.353728
3918,1.329152
3919,1.335296
3920,1.329152
3921,1.355776
3922,1.363968
3923,1.356800
3924,1.343488
3925,1.355776
3926,1.355776
3927,1.302528
3928,1.362944
3929,1.368064
3930,1.343488
3931,1.409024
3932,1.298432
3933,1.264640
3934,1.167360
3935,1.323008
3936,1.344512
3937,1.287168
3938,1.301504
3939,1.321984
3940,1.366016
3941,1.310720
3942,1.353728
3943,1.313792
3944,1.333248
3945,1.307648
3946,1.333248
3947,1.324032
3948,1.303552
3949,1.257472
3950,1.333248
3951,1.330176
3952,1.339392
3953,1.324032
3954,1.226752
3955,1.329152
3956,1.304576
3957,1.344512
3958,1.343488
3959,1.342464
3960,1.433600
3961,1.319936
3962,1.353728
3963,1.370112
3964,1.368064
3965,1.340416
3966,1.359872
3967,1.298432
3968,1.311744
3969,1.363968
3970,1.380352
3971,1.360896
3972,1.357824
3973,1.389568
3974,1.340416
3975,1.329152
3976,1.300480
3977,1.326080
3978,1.274880
3979,0.882688
3980,1.415168
3981,1.374208
3982,1.315840
3983,1.321984
3984,1.288192
3985,1.313792
3986,1.299456
3987,1.344512
3988,1.354752
3989,1.399808
3990,1.353728
3991,1.345536
3992,1.328128
3993,1.360896
3994,1.351680
3995,1.351680
3996,1.290240
3997,1.412096
3998,1.394688
3999,1.387520
4000,1.376256
4001,1.337344
4002,1.337344
4003,1.316864
4004,1.352704
4005,1.325056
4006,1.344512
4007,1.320960
4008,1.360896
4009,1.371136
4010,1.297408
4011,1.339392
4012,1.317888
4013,1.359872
4014,1.341440
4015,1.347584
4016,1.373184
4017,1.338368
4018,1.343488
4019,1.281024
4020,1.301504
4021,1.378304
4022,1.349632
4023,1.345536
4024,1.177600
4025,0.759808
4026,0.608256
4027,0.592896
4028,0.589824
4029,0.595968
4030,0.590848
4031,1.425408
4032,1.369088
4033,1.329152
4034,1.364992
4035,1.394688
4036,1.359872
4037,1.370112
4038,1.300480
4039,1.339392
4040,1.313792
4041,1.348608
4042,1.333248
4043,1.353728
4044,1.314816
4045,1.370112
4046,1.328128
4047,1.358848
4048,1.334272
4049,1.319936
4050,1.328128
4051,1.325056
4052,1.386496
4053,1.303552
4054,1.338368
4055,1.296384
4056,1.348608
4057,1.354752
4058,1.369088
4059,1.328128
4060,1.366016
4061,1.327104
4062,1.313792
4063,1.376256
4064,1.327104
4065,1.321984
4066,1.348608
4067,1.306624
4068,1.403904
4069,1.314816
4070,1.501184
4071,1.380352
4072,1.368064
4073,1.401856
4074,1.356800
4075,1.244160
4076,1.269760
4077,1.191936
4078,1.354752
4079,1.315840
4080,1.361920
4081,1.321984
4082,1.316864
4083,1.313792
4084,1.314816
4085,1.390592
4086,1.321984
4087,1.336320
4088,1.305600
4089,1.360896
4090,1.315840
4091,1.387520
4092,1.304576
4093,1.318912
4094,1.351680
4095,1.356800
4096,1.424384
4097,1.318912
4098,1.345536
4099,1.313792
4100,1.350656
4101,1.342464
4102,1.304576
4103,1.331200
4104,1.355776
4105,1.316864
4106,1.340416
4107,1.342464
4108,1.329152
4109,1.353728
4110,1.374208
4111,1.324032
4112,1.419264
4113,1.326080
4114,1.342464
4115,1.301504
4116,1.377280
4117,1.311744
4118,1.344512
4119,1.355776
4120,1.372160
4121,0.933888
4122,1.280000
4123,1.157120
4124,1.325056
4125,1.328128
4126,1.353728
4127,1.320960
4128,1.305600
4129,1.342464
4130,1.348608
4131,1.309696
4132,1.362944
4133,1.349632
4134,1.308672
4135,1.336320
4136,1.331200
4137,1.338368
4138,1.318912
4139,1.342464
4140,1.319936
4141,1.309696
4142,1.300480
4143,1.346560
4144,1.310720
4145,1.321984
4146,1.308672
4147,1.352704
4148,1.326080
4149,1.314816
4150,1.340416
4151,1.296384
4152,1.318912
4153,1.285120
4154,1.360896
4155,1.357824
4156,1.334272
4157,1.325056
4158,1.376256
4159,1.327104
4160,1.317888
4161,1.339392
4162,1.331200
4163,1.367040
4164,1.350656
4165,1.361920
4166,1.320960
4167,1.323008
4168,1.091584
4169,1.273856
4170,1.211392
4171,1.283072
4172,1.364992
4173,1.347584
4174,1.381376
4175,1.315840
4176,1.291264
4177,1.310720
4178,1.343488
4179,1.352704
4180,1.317888
4181,1.352704
4182,1.343488
4183,1.378304
4184,1.344512
4185,1.341440
4186,1.349632
4187,1.375232
4188,1.360896
4189,1.333248
4190,1.343488
4191,1.349632
4192,1.392640
4193,1.299456
4194,1.371136
4195,1.361920
4196,1.319936
4197,1.372160
4198,1.334272
4199,1.356800
4200,1.303552
4201,1.366016
4202,1.323008
4203,1.325056
4204,1.335296
4205,1.380352
4206,1.344512
4207,1.267712
4208,1.344512
4209,1.353728
4210,1.347584
4211,1.312768
4212,1.320960
4213,1.307648
4214,1.114112
4215,0.729088
4216,1.501184
4217,1.293312
4218,1.333248
4219,1.303552
4220,1.356800
4221,1.349632
4222,1.345536
4223,1.325056
4224,1.327104
4225,1.347584
4226,1.406976
4227,1.357824
4228,1.377280
4229,1.352704
4230,1.345536
4231,1.309696
4232,1.349632
4233,1.338368
4234,1.360896
4235,1.327104
4236,1.384448
4237,1.337344
4238,1.332224
4239,1.337344
4240,1.339392
4241,1.330176
4242,1.325056
4243,1.349632
4244,1.326080
4245,1.351680
4246,1.355776
4247,1.351680
4248,1.319936
4249,1.312768
4250,1.321984
4251,1.306624
4252,1.343488
4253,1.290240
4254,1.356800
4255,1.317888
4256,1.326080
4257,1.291264
4258,1.311744
4259,1.360896
4260,1.305600
4261,1.307648
4262,1.141760
4263,1.333248
4264,1.262592
4265,1.304576
4266,1.306624
4267,1.321984
4268,1.329152
4269,1.309696
4270,1.364992
4271,1.356800
4272,1.309696
4273,1.327104
4274,1.320960
4275,1.347584
4276,1.274880
4277,1.289216
4278,1.318912
4279,1.329152
4280,1.351680
4281,1.323008
4282,1.345536
4283,1.339392
4284,1.361920
4285,1.332224
4286,1.310720
4287,1.379328
4288,1.317888
4289,1.523712
4290,1.376256
4291,1.382400
4292,1.323008
4293,1.326080
4294,1.389568
4295,1.383424
4296,1.317888
4297,1.339392
4298,1.345536
4299,1.319936
4300,1.319936
4301,1.308672
4302,1.392640
4303,1.361920
4304,1.349632
4305,1.311744
4306,1.143808
4307,0.739328
4308,0.610304
4309,0.600064
4310,0.580608
4311,0.578560
4312,1.394688
4313,1.354752
4314,1.386496
4315,1.344512
4316,1.292288
4317,1.339392
4318,1.338368
4319,1.292288
4320,1.345536
4321,1.330176
4322,1.349632
4323,1.348608
4324,1.352704
4325,1.314816
4326,1.382400
4327,1.335296
4328,1.308672
4329,1.320960
4330,1.342464
4331,1.324032
4332,1.356800
4333,1.349632
4334,1.319936
4335,1.374208
4336,1.314816
4337,1.355776
4338,1.357824
4339,1.300480
4340,1.380352
4341,1.397760
4342,1.345536
4343,1.291264
4344,1.333248
4345,1.342464
4346,1.355776
4347,1.348608
4348,1.364992
4349,1.326080
4350,1.362944
4351,1.326080
4352,1.274880
4353,1.314816
4354,1.374208
4355,1.302528
4356,1.336320
4357,1.024000
4358,1.376256
4359,1.299456
4360,1.357824
4361,1.338368
4362,1.356800
4363,1.361920
4364,1.366016
4365,1.372160
4366,1.317888
4367,1.359872
4368,1.357824
4369,1.357824
4370,1.352704
4371,1.366016
4372,1.319936
4373,1.317888
4374,1.286144
4375,1.349632
4376,1.396736
4377,1.381376
4378,1.418240
4379,1.335296
4380,1.317888
4381,1.360896
4382,1.378304
4383,1.296384
4384,1.391616
4385,1.334272
4386,1.370112
4387,1.401856
4388,1.359872
4389,1.328128
4390,1.295360
4391,1.336320
4392,1.334272
4393,1.370112
4394,1.370112
4395,1.358848
4396,1.296384
4397,1.323008
4398,1.373184
4399,1.305600
4400,1.359872
4401,1.330176
4402,1.200128
4403,1.202176
4404,1.230848
4405,1.349632
4406,1.357824
4407,1.328128
4408,1.341440
4409,1.321984
4410,1.424384
4411,1.321984
4412,1.397760
4413,1.342464
4414,1.324032
4415,1.353728
4416,1.351680
4417,1.338368
4418,1.333248
4419,1.315840
4420,1.333248
4421,1.345536
4422,1.301504
4423,1.370112
4424,1.340416
4425,1.352704
4426,1.385472
4427,1.402880
4428,1.337344
4429,1.360896
4430,1.302528
4431,1.299456
4432,1.371136
4433,1.352704
4434,1.327104
4435,1.325056
4436,1.312768
4437,1.269760
4438,1.297408
4439,1.293312
4440,1.339392
4441,1.344512
4442,1.354752
4443,1.362944
4444,1.266688
4445,1.328128
4446,1.349632
4447,1.155072
4448,0.801792
4449,1.263616
4450,1.204224
4451,1.337344
4452,1.297408
4453,1.264640
4454,1.337344
4455,1.388544
4456,1.343488
4457,1.348608
4458,1.338368
4459,1.347584
4460,1.520640
4461,1.360896
4462,1.352704
4463,1.325056
4464,1.301504
4465,1.300480
4466,1.268736
4467,1.242112
4468,1.350656
4469,1.344512
4470,1.331200
4471,1.297408
4472,1.314816
4473,1.331200
4474,1.328128
4475,1.309696
4476,1.337344
4477,1.353728
4478,1.297408
4479,1.325056
4480,1.339392
4481,1.401856
4482,1.368064
4483,1.345536
4484,1.401856
4485,1.374208
4486,1.346560
4487,1.321984
4488,1.375232
4489,1.299456
4490,1.355776
4491,1.354752
4492,1.358848
4493,1.309696
4494,1.086464
4495,0.653312
4496,0.602112
4497,0.601088
4498,0.603136
4499,0.590848
4500,0.586752
4501,1.390592
4502,1.436672
4503,1.318912
4504,1.404928
4505,1.351680
4506,1.336320
4507,1.290240
4508,1.342464
4509,1.324032
4510,1.343488
4511,1.327104
4512,1.310720
4513,1.333248
4514,1.331200
4515,1.372160
4516,1.334272
4517,1.370112
4518,1.327104
4519,1.356800
4520,1.345536
4521,1.296384
4522,1.402880
4523,1.292288
4524,1.370112
4525,1.342464
4526,1.379328
4527,1.339392
4528,1.312768
4529,1.313792
4530,1.364992
4531,1.357824
4532,1.339392
4533,1.330176
4534,1.327104
4535,1.290240
4536,1.331200
4537,1.354752
4538,1.345536
4539,1.354752
4540,1.354752
4541,1.316864
4542,1.314816
4543,1.285120
4544,1.360896
4545,1.238016
4546,1.035264
4547,1.338368
4548,1.254400
4549,1.453056
4550,1.417216
4551,1.337344
4552,1.352704
4553,1.323008
4554,1.339392
4555,1.323008
4556,1.354752
4557,1.336320
4558,1.285120
4559,1.310720
4560,1.331200
4561,1.377280
4562,1.342464
4563,1.353728
4564,1.339392
4565,1.357824
4566,1.305600
4567,1.358848
4568,1.408000
4569,1.333248
4570,1.323008
4571,1.364992
4572,1.354752
4573,1.353728
4574,1.364992
4575,1.332224
4576,1.388544
4577,1.327104
4578,1.324032
4579,1.342464
4580,1.348608
4581,1.305600
4582,1.324032
4583,1.342464
4584,1.348608
4585,1.318912
4586,1.370112
4587,1.325056
4588,1.371136
4589,1.343488
4590,1.293312
4591,1.231872
4592,1.011712
4593,1.303552
4594,1.313792
4595,1.334272
4596,1.330176
4597,1.318912
4598,1.309696
4599,1.295360
4600,1.369088
4601,1.345536
4602,1.337344
4603,1.391616
4604,1.335296
4605,1.339392
4606,1.323008
4607,1.390592
4608,1.371136
4609,1.337344
4610,1.340416
4611,1.352704
4612,1.342464
4613,1.347584
4614,1.335296
4615,1.337344
4616,1.347584
4617,1.344512
4618,1.387520
4619,1.340416
4620,1.328128
4621,1.378304
4622,1.318912
4623,1.301504
4624,1.317888
4625,1.306624
4626,1.302528
4627,1.355776
4628,1.374208
4629,1.355776
4630,1.366016
4631,1.305600
4632,1.351680
4633,1.326080
4634,1.366016
4635,1.331200
4636,1.223680
4637,0.866304
4638,1.378304
4639,1.410048
4640,1.367040
4641,1.285120
4642,1.338368
4643,1.325056
4644,1.422336
4645,1.307648
4646,1.334272
4647,1.376256
4648,1.364992
4649,1.316864
4650,1.355776
4651,1.283072
4652,1.317888
4653,1.311744
4654,1.375232
4655,1.354752
4656,1.364992
4657,1.316864
4658,1.295360
4659,1.367040
4660,1.319936
4661,1.387520
4662,1.366016
4663,1.317888
4664,1.380352
4665,1.368064
4666,1.327104
4667,1.336320
4668,1.354752
4669,1.360896
4670,1.405952
4671,1.324032
4672,1.294336
4673,1.336320
4674,1.329152
4675,1.385472
4676,1.370112
4677,1.354752
4678,1.367040
4679,1.346560
4680,1.360896
4681,1.362944
4682,1.226752
4683,1.313792
4684,1.178624
4685,1.313792
4686,1.378304
4687,1.310720
4688,1.315840
4689,1.314816
4690,1.305600
4691,1.355776
4692,1.350656
4693,1.319936
4694,1.353728
4695,1.366016
4696,1.326080
4697,1.323008
4698,1.374208
4699,1.343488
4700,1.312768
4701,1.303552
4702,1.363968
4703,1.340416
4704,1.374208
4705,1.347584
4706,1.370112
4707,1.332224
4708,1.402880
4709,1.362944
4710,1.364992
4711,1.309696
4712,1.337344
4713,1.321984
4714,1.342464
4715,1.333248
4716,1.320960
4717,1.464320
4718,1.348608
4719,1.367040
4720,1.338368
4721,1.356800
4722,1.361920
4723,1.350656
4724,1.323008
4725,1.355776
4726,1.400832
4727,1.346560
4728,1.157120
4729,1.335296
4730,1.316864
4731,1.320960
4732,1.332224
4733,1.370112
4734,1.315840
4735,1.355776
4736,1.369088
4737,1.336320
4738,1.364992
4739,1.326080
4740,1.351680
4741,1.346560
4742,1.330176
4743,1.354752
4744,1.335296
4745,1.326080
4746,1.354752
4747,1.343488
4748,1.336320
4749,1.356800
4750,1.319936
4751,1.305600
4752,1.339392
4753,1.331200
4754,1.313792
4755,1.292288
4756,1.356800
4757,1.320960
4758,1.350656
4759,1.358848
4760,1.388544
4761,1.335296
4762,1.351680
4763,1.302528
4764,1.384448
4765,1.354752
4766,1.317888
4767,1.320960
4768,1.319936
4769,1.325056
4770,1.327104
4771,1.353728
4772,1.347584
4773,1.106944
4774,0.759808
4775,0.610304
4776,0.581632
4777,0.581632
4778,0.576512
4779,1.405952
4780,1.331200
4781,1.358848
4782,1.343488
4783,1.321984
4784,1.270784
4785,1.290240
4786,1.332224
4787,1.347584
4788,1.373184
4789,1.355776
4790,1.363968
4791,1.383424
4792,1.325056
4793,1.314816
4794,1.309696
4795,1.358848
4796,1.346560
4797,1.367040
4798,1.330176
4799,1.325056
4800,1.325056
4801,1.313792
4802,1.357824
4803,1.356800
4804,1.370112
4805,1.354752
4806,1.325056
4807,1.308672
4808,1.373184
4809,1.312768
4810,1.325056
4811,1.379328
4812,1.394688
4813,1.321984
4814,1.390592
4815,1.361920
4816,1.350656
4817,1.370112
4818,1.313792
4819,1.294336
4820,1.333248
4821,1.368064
4822,1.329152
4823,1.253376
4824,0.909312
4825,0.634880
4826,0.600064
4827,0.592896
4828,0.586752
4829,0.574464
4830,0.562176
4831,0.557056
4832,1.293312
4833,1.191936
4834,1.338368
4835,1.351680
4836,1.373184
4837,1.349632
4838,1.398784
4839,1.350656
4840,1.320960
4841,1.326080
4842,1.442816
4843,1.349632
4844,1.352704
4845,1.347584
4846,1.376256
4847,1.386496
4848,1.363968
4849,1.363968
4850,1.377280
4851,1.301504
4852,1.393664
4853,1.319936
4854,1.332224
4855,1.319936
4856,1.379328
4857,1.349632
4858,1.339392
4859,1.292288
4860,1.368064
4861,1.335296
4862,1.354752
4863,1.317888
4864,1.368064
4865,1.395712
4866,1.360896
4867,1.326080
4868,1.344512
4869,1.329152
4870,1.327104
4871,1.363968
4872,1.375232
4873,1.368064
4874,1.338368
4875,1.324032
4876,1.206272
4877,1.246208
4878,1.205248
4879,1.312768
4880,1.316864
4881,1.303552
4882,1.367040
4883,1.335296
4884,1.369088
4885,1.321984
4886,1.350656
4887,1.355776
4888,1.300480
4889,1.337344
4890,1.315840
4891,1.318912
4892,1.305600
4893,1.343488
4894,1.314816
4895,1.335296
4896,1.338368
4897,1.301504
4898,1.305600
4899,1.319936
4900,1.345536
4901,1.343488
4902,1.343488
4903,1.304576
4904,1.318912
4905,1.294336
4906,1.362944
4907,1.334272
4908,1.395712
4909,1.305600
4910,1.382400
4911,1.373184
4912,1.338368
4913,1.361920
4914,1.328128
4915,1.352704
4916,1.351680
4917,1.356800
4918,1.350656
4919,1.359872
4920,1.335296
4921,1.304576
4922,1.218560
4923,1.035264
4924,1.278976
4925,1.184768
4926,1.310720
4927,1.320960
4928,1.253376
4929,1.313792
4930,1.349632
4931,1.293312
4932,1.331200
4933,1.305600
4934,1.358848
4935,1.326080
4936,1.302528
4937,1.331200
4938,1.296384
4939,1.397760
4940,1.368064
4941,1.329152
4942,1.304576
4943,1.349632
4944,1.319936
4945,1.276928
4946,1.287168
4947,1.346560
4948,1.348608
4949,1.366016
4950,1.306624
4951,1.354752
4952,1.364992
4953,1.354752
4954,1.351680
4955,1.356800
4956,1.361920
4957,1.286144
4958,1.352704
4959,1.355776
4960,1.354752
4961,1.364992
4962,1.299456
4963,1.412096
4964,1.395712
4965,1.337344
4966,1.323008
4967,1.362944
4968,1.276928
4969,1.068032
4970,1.217536
4971,1.180672
4972,1.323008
4973,1.313792
4974,1.256448
4975,1.313792
4976,1.316864
4977,1.311744
4978,1.350656
4979,1.331200
4980,1.297408
4981,1.324032
4982,1.356800
4983,1.328128
4984,1.355776
4985,1.319936
4986,1.331200
4987,1.304576
4988,1.323008
4989,1.342464
4990,1.351680
4991,1.329152
4992,1.348608
4993,1.361920
4994,1.307648
4995,1.378304
4996,1.351680
4997,1.341440
4998,1.347584
4999,1.356800
5000,1.290240
5001,1.367040
5002,1.384448
5003,1.332224
5004,1.293312
5005,1.325056
5006,1.295360
5007,1.332224
5008,1.296384
5009,1.328128
5010,1.321984
5011,1.349632
5012,1.418240
5013,1.334272
5014,1.346560
5015,1.271808
5016,0.989184
5017,1.253376
5018,1.189888
5019,1.323008
5020,1.298432
5021,1.355776
5022,1.367040
5023,1.309696
5024,1.307648
5025,1.370112
5026,1.306624
5027,1.344512
5028,1.313792
5029,1.321984
5030,1.307648
5031,1.357824
5032,1.366016
5033,1.321984
5034,1.337344
5035,1.330176
5036,1.381376
5037,1.369088
5038,1.401856
5039,1.336320
5040,1.361920
5041,1.339392
5042,1.312768
5043,1.359872
5044,1.311744
5045,1.282048
5046,1.337344
5047,1.312768
5048,1.312768
5049,1.353728
5050,1.324032
5051,1.329152
5052,1.335296
5053,1.364992
5054,1.366016
5055,1.411072
5056,1.354752
5057,1.339392
5058,1.356800
5059,1.356800
5060,1.339392
5061,1.305600
5062,1.036288
5063,0.736256
5064,1.422336
5065,1.349632
5066,1.332224
5067,1.316864
5068,1.323008
5069,1.321984
5070,1.268736
5071,1.309696
5072,1.329152
5073,1.375232
5074,1.373184
5075,1.403904
5076,1.392640
5077,1.426432
5078,1.346560
5079,1.369088
5080,1.336320
5081,1.396736
5082,1.353728
5083,1.362944
5084,1.352704
5085,1.369088
5086,1.347584
5087,1.376256
5088,1.385472
5089,1.336320
5090,1.356800
5091,1.348608
5092,1.424384
5093,1.336320
5094,1.296384
5095,1.273856
5096,1.319936
5097,1.307648
5098,1.323008
5099,1.362944
5100,1.338368
5101,1.303552
5102,1.344512
5103,1.384448
5104,1.371136
5105,1.290240
5106,1.341440
5107,1.241088
5108,1.127424
5109,0.755712
5110,1.372160
5111,1.350656
5112,1.350656
5113,1.396736
5114,1.405952
5115,1.307648
5116,1.363968
5117,1.334272
5118,1.302528
5119,1.300480
5120,1.375232
5121,1.337344
5122,1.368064
5123,1.375232
5124,1.318912
5125,1.340416
5126,1.344512
5127,1.354752
5128,1.350656
5129,1.371136
5130,1.324032
5131,1.362944
5132,1.353728
5133,1.368064
5134,1.289216
5135,1.331200
5136,1.357824
5137,1.295360
5138,1.355776
5139,1.344512
5140,1.353728
5141,1.361920
5142,1.291264
5143,1.351680
5144,1.351680
5145,1.398784
5146,1.317888
5147,1.378304
5148,1.353728
5149,1.310720
5150,1.362944
5151,1.336320
5152,1.349632
5153,1.285120
5154,1.159168
5155,1.158144
5156,1.240064
5157,1.284096
5158,1.339392
5159,1.361920
5160,1.315840
5161,1.278976
5162,1.330176
5163,1.325056
5164,1.321984
5165,1.333248
5166,1.342464
5167,1.330176
5168,1.313792
5169,1.330176
5170,1.338368
5171,1.383424
5172,1.395712
5173,1.349632
5174,1.415168
5175,1.318912
5176,1.338368
5177,1.333248
5178,1.313792
5179,1.325056
5180,1.323008
5181,1.345536
5182,1.330176
5183,1.311744
5184,1.329152
5185,1.319936
5186,1.361920
5187,1.299456
5188,1.376256
5189,1.356800
5190,1.376256
5191,1.379328
5192,1.326080
5193,1.374208
5194,1.304576
5195,1.362944
5196,1.336320
5197,1.380352
5198,1.344512
5199,1.137664
5200,0.814080
5201,0.695296
5202,0.651264
5203,0.611328
5204,0.590848
5205,1.370112
5206,1.303552
5207,1.382400
5208,1.315840
5209,1.389568
5210,1.400832
5211,1.329152
5212,1.356800
5213,1.320960
5214,1.330176
5215,1.297408
5216,1.310720
5217,1.339392
5218,1.346560
5219,1.348608
5220,1.331200
5221,1.358848
5222,1.373184
5223,1.354752
5224,1.371136
5225,1.356800
5226,1.366016
5227,1.355776
5228,1.317888
5229,1.317888
5230,1.323008
5231,1.311744
5232,1.317888
5233,1.309696
5234,1.356800
5235,1.360896
5236,1.352704
5237,1.364992
5238,1.388544
5239,1.361920
5240,1.362944
5241,1.362944
5242,1.369088
5243,1.309696
5244,1.355776
5245,1.373184
5246,1.360896
5247,1.354752
5248,1.289216
5249,1.074176
5250,0.867328
5251,0.721920
5252,0.623616
5253,0.608256
5254,1.376256
5255,1.364992
5256,1.351680
5257,1.349632
5258,1.353728
5259,1.301504
5260,1.309696
5261,1.388544
5262,1.301504
5263,1.305600
5264,1.316864
5265,1.334272
5266,1.341440
5267,1.341440
5268,1.344512
5269,1.348608
5270,1.304576
5271,1.336320
5272,1.296384
5273,1.350656
5274,1.359872
5275,1.348608
5276,1.353728
5277,1.331200
5278,1.308672
5279,1.301504
5280,1.336320
5281,1.358848
5282,1.357824
5283,1.366016
5284,1.359872
5285,1.346560
5286,1.361920
5287,1.364992
5288,1.361920
5289,1.338368
5290,1.288192
5291,1.332224
5292,1.315840
5293,1.331200
5294,1.330176
5295,1.333248
5296,1.367040
5297,1.359872
5298,1.304576
5299,1.112064
5300,0.778240
5301,0.642048
5302,0.598016
5303,1.305600
5304,1.170432
5305,1.303552
5306,1.375232
5307,1.352704
5308,1.362944
5309,1.356800
5310,1.359872
5311,1.379328
5312,1.360896
5313,1.354752
5314,1.337344
5315,1.308672
5316,1.342464
5317,1.296384
5318,1.351680
5319,1.355776
5320,1.297408
5321,1.355776
5322,1.328128
5323,1.347584
5324,1.355776
5325,1.368064
5326,1.360896
5327,1.327104
5328,1.353728
5329,1.323008
5330,1.371136
5331,1.268736
5332,1.318912
5333,1.352704
5334,1.293312
5335,1.319936
5336,1.343488
5337,1.346560
5338,1.318912
5339,1.262592
5340,1.297408
5341,1.366016
5342,1.348608
5343,1.345536
5344,1.346560
5345,1.337344
5346,1.326080
5347,1.240064
5348,0.912384
5349,1.297408
5350,1.170432
5351,1.320960
5352,1.328128
5353,1.318912
5354,1.318912
5355,1.344512
5356,1.373184
5357,1.301504
5358,1.363968
5359,1.362944
5360,1.339392
5361,1.336320
5362,1.370112
5363,1.317888
5364,1.352704
5365,1.318912
5366,1.362944
5367,1.304576
5368,1.371136
5369,1.303552
5370,1.335296
5371,1.360896
5372,1.275904
5373,1.327104
5374,1.316864
5375,1.352704
5376,1.403904
5377,1.252352
5378,1.353728
5379,1.344512
5380,1.312768
5381,1.285120
5382,1.346560
5383,1.320960
5384,1.369088
5385,1.377280
5386,1.334272
5387,1.333248
5388,1.357824
5389,1.374208
5390,1.334272
5391,1.385472
5392,1.394688
5393,1.341440
5394,1.198080
5395,1.163264
5396,1.269760
5397,1.269760
5398,1.324032
5399,1.316864
5400,1.320960
5401,1.293312
5402,1.319936
5403,1.340416
5404,1.309696
5405,1.333248
5406,1.382400
5407,1.347584
5408,1.343488
5409,1.342464
5410,1.316864
5411,1.284096
5412,1.280000
5413,1.334272
5414,1.286144
5415,1.339392
5416,1.362944
5417,1.431552
5418,1.325056
5419,1.331200
5420,1.508352
5421,1.360896
5422,1.394688
5423,1.374208
5424,1.389568
5425,1.361920
5426,1.356800
5427,1.373184
5428,1.314816
5429,1.327104
5430,1.280000
5431,1.267712
5432,1.346560
5433,1.331200
5434,1.374208
5435,1.329152
5436,1.347584
5437,1.336320
5438,1.309696
5439,1.254400
5440,0.805888
5441,1.376256
5442,1.390592
5443,1.374208
5444,1.363968
5445,1.337344
5446,1.331200
5447,1.359872
5448,1.326080
5449,1.344512
5450,1.353728
5451,1.344512
5452,1.336320
5453,1.342464
5454,1.376256
5455,1.324032
5456,1.290240
5457,1.345536
5458,1.337344
5459,1.304576
5460,1.355776
5461,1.344512
5462,1.377280
5463,1.292288
5464,1.352704
5465,1.304576
5466,1.346560
5467,1.319936
5468,1.336320
5469,1.323008
5470,1.362944
5471,1.334272
5472,1.336320
5473,1.362944
5474,1.310720
5475,1.294336
5476,1.356800
5477,1.320960
5478,1.300480
5479,1.361920
5480,1.325056
5481,1.328128
5482,1.352704
5483,1.355776
5484,1.348608
5485,1.172480
5486,0.864256
5487,0.684032
5488,0.615424
5489,0.619520
5490,1.259520
5491,1.104896
5492,1.340416
5493,1.360896
5494,1.342464
5495,1.366016
5496,1.373184
5497,1.338368
5498,1.336320
5499,1.349632
5500,1.326080
5501,1.355776
5502,1.301504
5503,1.302528
5504,1.339392
5505,1.352704
5506,1.355776
5507,1.361920
5508,1.357824
5509,1.317888
5510,1.329152
5511,1.316864
5512,1.333248
5513,1.327104
5514,1.323008
5515,1.342464
5516,1.340416
5517,1.352704
5518,1.350656
5519,1.363968
5520,1.346560
5521,1.363968
5522,1.311744
5523,1.381376
5524,1.335296
5525,1.367040
5526,1.347584
5527,1.315840
5528,1.390592
5529,1.333248
5530,1.371136
5531,1.310720
5532,1.403904
5533,1.380352
5534,1.249280
5535,0.989184
5536,0.733184
5537,1.215488
5538,1.130496
5539,1.244160
5540,1.347584
5541,1.353728
5542,1.304576
5543,1.385472
5544,1.341440
5545,1.354752
5546,1.368064
5547,1.327104
5548,1.349632
5549,1.341440
5550,1.308672
5551,1.338368
5552,1.331200
5553,1.358848
5554,1.382400
5555,1.320960
5556,1.351680
5557,1.326080
5558,1.370112
5559,1.368064
5560,1.304576
5561,1.390592
5562,1.321984
5563,1.362944
5564,1.326080
5565,1.299456
5566,1.314816
5567,1.353728
5568,1.309696
5569,1.321984
5570,1.318912
5571,1.349632
5572,1.307648
5573,1.374208
5574,1.349632
5575,1.289216
5576,1.292288
5577,1.402880
5578,1.360896
5579,1.331200
5580,1.308672
5581,1.312768
5582,0.991232
5583,1.271808
5584,1.176576
5585,1.363968
5586,1.355776
5587,1.362944
5588,1.354752
5589,1.334272
5590,1.324032
5591,1.294336
5592,1.355776
5593,1.313792
5594,1.339392
5595,1.368064
5596,1.336320
5597,1.335296
5598,1.368064
5599,1.366016
5600,1.359872
5601,1.382400
5602,1.335296
5603,1.359872
5604,1.362944
5605,1.304576
5606,1.298432
5607,1.298432
5608,1.310720
5609,1.330176
5610,1.341440
5611,1.329152
5612,1.373184
5613,1.410048
5614,1.354752
5615,1.360896
5616,1.333248
5617,1.315840
5618,1.305600
5619,1.346560
5620,1.357824
5621,1.300480
5622,1.317888
5623,1.356800
5624,1.348608
5625,1.330176
5626,1.325056
5627,1.380352
5628,1.024000
5629,1.393664
5630,1.329152
5631,1.330176
5632,1.276928
5633,1.340416
5634,1.307648
5635,1.362944
5636,1.341440
5637,1.354752
5638,1.358848
5639,1.383424
5640,1.325056
5641,1.283072
5642,1.314816
5643,1.299456
5644,1.332224
5645,1.337344
5646,1.310720
5647,1.345536
5648,1.351680
5649,1.371136
5650,1.342464
5651,1.351680
5652,1.371136
5653,1.350656
5654,1.317888
5655,1.384448
5656,1.300480
5657,1.312768
5658,1.379328
5659,1.337344
5660,1.319936
5661,1.351680
5662,1.384448
5663,1.293312
5664,1.363968
5665,1.341440
5666,1.319936
5667,1.337344
5668,1.375232
5669,1.345536
5670,1.385472
5671,1.360896
5672,1.339392
5673,1.354752
5674,1.345536
5675,1.232896
5676,1.335296
5677,1.337344
5678,1.342464
5679,1.349632
5680,1.316864
5681,1.340416
5682,1.334272
5683,1.345536
5684,1.351680
5685,1.348608
5686,1.345536
5687,1.343488
5688,1.309696
5689,1.342464
5690,1.321984
5691,1.360896
5692,1.331200
5693,1.318912
5694,1.303552
5695,1.343488
5696,1.332224
5697,1.319936
5698,1.336320
5699,1.314816
5700,1.372160
5701,1.364992
5702,1.331200
5703,1.388544
5704,1.313792
5705,1.369088
5706,1.330176
5707,1.360896
5708,1.359872
5709,1.337344
5710,1.320960
5711,1.274880
5712,1.385472
5713,1.353728
5714,1.293312
5715,1.341440
5716,1.312768
5717,1.390592
5718,1.381376
5719,1.028096
5720,0.648192
5721,0.618496
5722,1.329152
5723,1.125376
5724,1.313792
5725,1.308672
5726,1.348608
5727,1.335296
5728,1.317888
5729,1.304576
5730,1.321984
5731,1.370112
5732,1.319936
5733,1.335296
5734,1.350656
5735,1.354752
5736,1.381376
5737,1.364992
5738,1.312768
5739,1.340416
5740,1.373184
5741,1.350656
5742,1.281024
5743,1.306624
5744,1.333248
5745,1.274880
5746,1.351680
5747,1.349632
5748,1.309696
5749,1.304576
5750,1.366016
5751,1.336320
5752,1.391616
5753,1.372160
5754,1.380352
5755,1.345536
5756,1.355776
5757,1.367040
5758,1.342464
5759,1.320960
5760,1.315840
5761,1.375232
5762,1.453056
5763,1.399808
5764,1.327104
5765,1.393664
5766,1.258496
5767,0.892928
5768,0.663552
5769,0.630784
5770,0.607232
5771,0.602112
5772,1.326080
5773,1.198080
5774,1.338368
5775,1.353728
5776,1.361920
5777,1.349632
5778,1.377280
5779,1.300480
5780,1.320960
5781,1.339392
5782,1.310720
5783,1.359872
5784,1.313792
5785,1.352704
5786,1.312768
5787,1.371136
5788,1.324032
5789,1.369088
5790,1.361920
5791,1.319936
5792,1.379328
5793,1.372160
5794,1.313792
5795,1.295360
5796,1.325056
5797,1.247232
5798,1.324032
5799,1.377280
5800,1.296384
5801,1.328128
5802,1.332224
5803,1.350656
5804,1.330176
5805,1.315840
5806,1.298432
5807,1.356800
5808,1.355776
5809,1.371136
5810,1.369088
5811,1.371136
5812,1.525760
5813,1.327104
5814,1.321984
5815,1.339392
5816,1.251328
5817,0.959488
5818,0.829440
5819,0.677888
5820,0.640000
5821,0.600064
5822,0.587776
5823,1.382400
5824,1.378304
5825,1.424384
5826,1.350656
5827,1.323008
5828,1.366016
5829,1.324032
5830,1.335296
5831,1.385472
5832,1.321984
5833,1.341440
5834,1.347584
5835,1.308672
5836,1.313792
5837,1.304576
5838,1.313792
5839,1.371136
5840,1.366016
5841,1.355776
5842,1.341440
5843,1.369088
5844,1.355776
5845,1.309696
5846,1.372160
5847,1.362944
5848,1.337344
5849,1.283072
5850,1.289216
5851,1.317888
5852,1.317888
5853,1.373184
5854,1.306624
5855,1.399808
5856,1.355776
5857,1.346560
5858,1.360896
5859,1.370112
5860,1.320960
5861,1.373184
5862,1.316864
5863,1.354752
5864,1.336320
5865,1.344512
5866,1.298432
5867,1.084416
5868,0.711680
5869,0.632832
5870,0.604160
5871,0.593920
5872,0.585728
5873,0.580608
5874,1.320960
5875,1.389568
5876,1.332224
5877,1.332224
5878,1.276928
5879,1.382400
5880,1.265664
5881,1.345536
5882,1.340416
5883,1.332224
5884,1.351680
5885,1.394688
5886,1.352704
5887,1.367040
5888,1.343488
5889,1.380352
5890,1.343488
5891,1.315840
5892,1.341440
5893,1.361920
5894,1.315840
5895,1.331200
5896,1.387520
5897,1.366016
5898,1.376256
5899,1.374208
5900,1.362944
5901,1.385472
5902,1.373184
5903,1.367040
5904,1.301504
5905,1.303552
5906,1.354752
5907,1.312768
5908,1.366016
5909,1.377280
5910,1.346560
5911,1.359872
5912,1.330176
5913,1.354752
5914,1.305600
5915,1.344512
5916,1.347584
5917,1.349632
5918,1.214464
5919,1.153024
5920,1.277952
5921,1.314816
5922,1.347584
5923,1.288192
5924,1.382400
5925,1.308672
5926,1.360896
5927,1.305600
5928,1.344512
5929,1.347584
5930,1.317888
5931,1.355776
5932,1.324032
5933,1.311744
5934,1.345536
5935,1.400832
5936,1.313792
5937,1.316864
5938,1.292288
5939,1.241088
5940,1.301504
5941,1.342464
5942,1.358848
5943,1.378304
5944,1.293312
5945,1.381376
5946,1.330176
5947,1.313792
5948,1.301504
5949,1.388544
5950,1.368064
5951,1.339392
5952,1.336320
5953,1.370112
5954,1.393664
5955,1.319936
5956,1.332224
5957,1.349632
5958,1.384448
5959,1.347584
5960,1.347584
5961,1.348608
5962,1.326080
5963,1.103872
5964,0.820224
5965,0.676864
5966,1.374208
5967,1.375232
5968,1.360896
5969,1.318912
5970,1.360896
5971,1.371136
5972,1.336320
5973,1.338368
5974,1.382400
5975,1.415168
5976,1.377280
5977,1.378304
5978,1.360896
5979,1.364992
5980,1.345536
5981,1.392640
5982,1.323008
5983,1.395712
5984,1.386496
5985,1.346560
5986,1.292288
5987,1.307648
5988,1.333248
5989,1.352704
5990,1.337344
5991,1.375232
5992,1.391616
5993,1.339392
5994,1.334272
5995,1.392640
5996,1.344512
5997,1.377280
5998,1.338368
5999,1.312768
6000,1.298432
6001,1.348608
6002,1.309696
6003,1.358848
6004,1.307648
6005,1.351680
6006,1.370112
6007,1.344512
6008,1.350656
6009,1.235968
6010,1.158144
6011,1.008640
6012,1.393664
6013,1.382400
6014,1.342464
6015,1.386496
6016,1.337344
6017,1.369088
6018,1.381376
6019,1.356800
6020,1.334272
6021,1.370112
6022,1.340416
6023,1.324032
6024,1.346560
6025,1.320960
6026,1.378304
6027,1.341440
6028,1.394688
6029,1.364992
6030,1.323008
6031,1.311744
6032,1.331200
6033,1.341440
6034,1.346560
6035,1.320960
6036,1.366016
6037,1.321984
6038,1.310720
6039,1.302528
6040,1.538048
6041,1.395712
6042,1.342464
6043,1.298432
6044,1.290240
6045,1.304576
6046,1.300480
6047,1.356800
6048,1.353728
6049,1.337344
6050,1.333248
6051,1.344512
6052,1.350656
6053,1.343488
6054,1.342464
6055,1.334272
6056,1.113088
6057,1.216512
6058,1.129472
6059,1.307648
6060,1.324032
6061,1.350656
6062,1.352704
6063,1.310720
6064,1.314816
6065,1.362944
6066,1.351680
6067,1.292288
6068,1.383424
6069,1.337344
6070,1.302528
6071,1.329152
6072,1.344512
6073,1.366016
6074,1.351680
6075,1.338368
6076,1.342464
6077,1.324032
6078,1.310720
6079,1.334272
6080,1.316864
6081,1.378304
6082,1.356800
6083,1.391616
6084,1.316864
6085,1.307648
6086,1.296384
6087,1.170432
6088,1.336320
6089,1.345536
6090,1.383424
6091,1.377280
6092,1.358848
6093,1.377280
6094,1.389568
6095,1.352704
6096,1.377280
6097,1.334272
6098,1.354752
6099,1.358848
6100,1.391616
6101,1.354752
6102,1.207296
6103,1.181696
6104,1.202176
6105,1.337344
6106,1.294336
6107,1.324032
6108,1.309696
6109,1.301504
6110,1.304576
6111,1.325056
6112,1.323008
6113,1.324032
6114,1.355776
6115,1.330176
6116,1.293312
6117,1.357824
6118,1.311744
6119,1.341440
6120,1.359872
6121,1.329152
6122,1.312768
6123,1.302528
6124,1.310720
6125,1.305600
6126,1.304576
6127,1.310720
6128,1.327104
6129,1.371136
6130,1.402880
6131,1.325056
6132,1.274880
6133,1.339392
6134,1.366016
6135,1.368064
6136,1.320960
6137,1.370112
6138,1.318912
6139,1.349632
6140,1.278976
6141,1.330176
6142,1.300480
6143,1.382400
6144,1.274880
6145,1.360896
6146,1.399808
6147,1.311744
6148,1.325056
6149,1.108992
6150,1.378304
6151,1.357824
6152,1.313792
6153,1.348608
6154,1.366016
6155,1.297408
6156,1.307648
6157,1.274880
6158,1.307648
6159,1.309696
6160,1.284096
6161,1.352704
6162,1.337344
6163,1.329152
6164,1.323008
6165,1.360896
6166,1.364992
6167,1.343488
6168,1.332224
6169,1.353728
6170,1.315840
6171,1.377280
6172,1.377280
6173,1.315840
6174,1.378304
6175,1.345536
6176,1.301504
6177,1.326080
6178,1.354752
6179,1.358848
6180,1.350656
6181,1.324032
6182,1.309696
6183,1.338368
6184,1.348608
6185,1.309696
6186,1.334272
6187,1.337344
6188,1.339392
6189,1.304576
6190,1.276928
6191,1.298432
6192,1.343488
6193,1.140736
6194,0.963584
6195,0.715776
6196,0.728064
6197,0.647168
6198,0.575488
6199,1.443840
6200,1.298432
6201,1.383424
6202,1.319936
6203,1.397760
6204,1.359872
6205,1.342464
6206,1.318912
6207,1.350656
6208,1.339392
6209,1.367040
6210,1.314816
6211,1.360896
6212,1.404928
6213,1.335296
6214,1.381376
6215,1.291264
6216,1.319936
6217,1.299456
6218,1.344512
6219,1.403904
6220,1.359872
6221,1.336320
6222,1.288192
6223,1.309696
6224,1.289216
6225,1.307648
6226,1.316864
6227,1.423360
6228,1.379328
6229,1.326080
6230,1.304576
6231,1.310720
6232,1.348608
6233,1.317888
6234,1.315840
6235,1.349632
6236,1.348608
6237,1.323008
6238,1.358848
6239,1.343488
6240,1.295360
6241,1.376256
6242,1.342464
6243,38.280193
6244,1.305600
6245,1.102848
6246,1.288192
6247,1.340416
6248,1.330176
6249,1.321984
6250,1.380352
6251,1.280000
6252,1.333248
6253,1.354752
6254,1.349632
6255,1.337344
6256,1.385472
6257,1.361920
6258,1.329152
6259,1.381376
6260,1.307648
6261,1.295360
6262,1.352704
6263,1.331200
6264,1.351680
6265,1.350656
6266,1.333248
6267,1.291264
6268,1.357824
6269,1.330176
6270,1.330176
6271,1.393664
6272,1.299456
6273,1.331200
6274,1.335296
6275,1.290240
6276,1.345536
6277,1.376256
6278,1.334272
6279,1.369088
6280,1.314816
6281,1.277952
6282,1.330176
6283,1.316864
6284,1.346560
6285,1.367040
6286,1.344512
6287,1.324032
6288,1.284096
6289,1.182720
6290,1.236992
6291,1.349632
6292,1.176576
6293,1.326080
6294,1.495040
6295,1.338368
6296,1.335296
6297,1.360896
6298,1.304576
6299,1.298432
6300,1.337344
6301,1.337344
6302,1.311744
6303,1.309696
6304,1.376256
6305,1.305600
6306,1.315840
6307,1.312768
6308,1.344512
6309,1.351680
6310,1.340416
6311,1.297408
6312,1.353728
6313,1.307648
6314,1.335296
6315,1.333248
6316,1.333248
6317,1.308672
6318,1.333248
6319,1.344512
6320,1.337344
6321,1.337344
6322,1.314816
6323,1.347584
6324,1.358848
6325,1.354752
6326,1.337344
6327,1.307648
6328,1.284096
6329,1.333248
6330,1.292288
6331,1.327104
6332,1.332224
6333,1.292288
6334,1.136640
6335,1.197056
6336,1.150976
6337,1.305600
6338,1.353728
6339,1.336320
6340,1.333248
6341,1.359872
6342,1.280000
6343,1.301504
6344,1.320960
6345,1.318912
6346,1.298432
6347,1.337344
6348,1.344512
6349,1.326080
6350,1.300480
6351,1.257472
6352,1.283072
6353,1.326080
6354,1.348608
6355,1.317888
6356,1.367040
6357,1.392640
6358,1.339392
6359,1.314816
6360,1.346560
6361,1.327104
6362,1.319936
6363,1.346560
6364,1.304576
6365,1.374208
6366,1.354752
6367,1.370112
6368,1.389568
6369,1.361920
6370,1.356800
6371,1.382400
6372,1.338368
6373,1.327104
6374,1.308672
6375,1.316864
6376,1.354752
6377,1.345536
6378,1.312768
6379,1.389568
6380,1.304576
6381,0.948224
6382,0.610304
6383,0.586752
6384,0.593920
6385,0.590848
6386,0.572416
6387,0.556032
6388,1.378304
6389,1.326080
6390,1.405952
6391,1.359872
6392,1.381376
6393,1.332224
6394,1.406976
6395,1.362944
6396,1.335296
6397,1.340416
6398,1.383424
6399,1.359872
6400,1.332224
6401,1.339392
6402,1.309696
6403,1.354752
6404,1.347584
6405,1.334272
6406,1.352704
6407,1.358848
6408,1.336320
6409,1.364992
6410,1.337344
6411,1.330176
6412,1.318912
6413,1.362944
6414,1.323008
6415,1.380352
6416,1.364992
6417,1.324032
6418,1.356800
6419,1.357824
6420,1.332224
6421,1.367040
6422,1.351680
6423,1.353728
6424,1.346560
6425,1.351680
6426,1.369088
6427,1.336320
6428,1.344512
6429,1.347584
6430,1.342464
6431,1.341440
6432,1.113088
6433,0.683008
6434,0.622592
6435,0.595968
6436,0.570368
6437,0.568320
6438,0.569344
6439,1.400832
6440,1.312768
6441,1.366016
6442,1.344512
6443,1.389568
6444,1.283072
6445,1.338368
6446,1.356800
6447,1.366016
6448,1.330176
6449,1.329152
6450,1.338368
6451,1.367040
6452,1.388544
6453,1.343488
6454,1.333248
6455,1.331200
6456,1.327104
6457,1.377280
6458,1.291264
6459,1.308672
6460,1.375232
6461,1.339392
6462,1.336320
6463,1.340416
6464,1.347584
6465,1.314816
6466,1.356800
6467,1.302528
6468,1.336320
6469,1.333248
6470,1.328128
6471,1.305600
6472,1.330176
6473,1.335296
6474,1.343488
6475,1.319936
6476,1.343488
6477,1.321984
6478,1.353728
6479,1.332224
6480,1.378304
6481,1.361920
6482,1.327104
6483,1.118208
6484,1.169408
6485,1.241088
6486,1.295360
6487,1.292288
6488,1.302528
6489,1.324032
6490,1.360896
6491,1.311744
6492,1.352704
6493,1.286144
6494,1.317888
6495,1.356800
6496,1.313792
6497,1.340416
6498,1.344512
6499,1.274880
6500,1.301504
6501,1.364992
6502,1.311744
6503,1.303552
6504,1.325056
6505,1.308672
6506,1.344512
6507,1.307648
6508,1.306624
6509,1.296384
6510,1.316864
6511,1.309696
6512,1.350656
6513,1.378304
6514,1.350656
6515,1.340416
6516,1.401856
6517,1.309696
6518,1.339392
6519,1.316864
6520,1.360896
6521,1.346560
6522,1.352704
6523,1.329152
6524,1.347584
6525,1.344512
6526,1.367040
6527,1.353728
6528,1.336320
6529,1.245184
6530,0.814080
6531,1.360896
6532,1.337344
6533,1.409024
6534,1.391616
6535,1.362944
6536,1.337344
6537,1.293312
6538,1.307648
6539,1.306624
6540,1.312768
6541,1.299456
6542,1.354752
6543,1.299456
6544,1.391616
6545,1.348608
6546,1.347584
6547,1.310720
6548,1.330176
6549,1.339392
6550,1.266688
6551,1.346560
6552,1.303552
6553,1.330176
6554,1.350656
6555,1.354752
6556,1.333248
6557,1.377280
6558,1.346560
6559,1.332224
6560,1.331200
6561,1.344512
6562,1.328128
6563,1.375232
6564,1.348608
6565,1.390592
6566,1.382400
6567,1.355776
6568,1.339392
6569,1.355776
6570,1.387520
6571,1.345536
6572,1.319936
6573,1.360896
6574,1.345536
6575,1.298432
6576,0.965632
6577,1.276928
6578,1.173504
6579,1.341440
6580,1.219584
6581,1.304576
6582,1.326080
6583,1.353728
6584,1.301504
6585,1.311744
6586,1.336320
6587,1.349632
6588,1.335296
6589,1.318912
6590,1.323008
6591,1.300480
6592,1.389568
6593,1.323008
6594,1.347584
6595,1.310720
6596,1.393664
6597,1.343488
6598,1.337344
6599,1.368064
6600,1.308672
6601,1.278976
6602,1.354752
6603,1.255424
6604,1.333248
6605,1.411072
6606,1.389568
6607,1.327104
6608,1.312768
6609,1.378304
6610,1.336320
6611,1.331200
6612,1.386496
6613,1.324032
6614,1.281024
6615,1.299456
6616,1.353728
6617,1.399808
6618,1.369088
6619,1.387520
6620,1.382400
6621,1.350656
6622,1.159168
6623,1.335296
6624,1.262592
6625,1.312768
6626,1.309696
6627,1.305600
6628,1.383424
6629,1.316864
6630,1.319936
6631,1.367040
6632,1.347584
6633,1.308672
6634,1.357824
6635,1.341440
6636,1.332224
6637,1.340416
6638,1.344512
6639,1.370112
6640,1.289216
6641,1.321984
6642,1.352704
6643,1.313792
6644,1.332224
6645,1.302528
6646,1.335296
6647,1.351680
6648,1.363968
6649,1.372160
6650,1.367040
6651,1.324032
6652,1.338368
6653,1.332224
6654,1.314816
6655,1.383424
6656,1.364992
6657,1.379328
6658,1.325056
6659,1.314816
6660,1.368064
6661,1.334272
6662,1.277952
6663,1.341440
6664,1.384448
6665,1.325056
6666,1.333248
6667,1.240064
6668,0.994304
6669,0.723968
6670,1.313792
6671,1.261568
6672,1.292288
6673,1.303552
6674,1.348608
6675,1.372160
6676,1.314816
6677,1.345536
6678,1.376256
6679,1.366016
6680,1.315840
6681,1.333248
6682,1.318912
6683,1.327104
6684,1.368064
6685,1.305600
6686,1.371136
6687,1.338368
6688,1.348608
6689,1.364992
6690,1.309696
6691,1.352704
6692,1.360896
6693,1.323008
6694,1.331200
6695,1.315840
6696,1.353728
6697,1.325056
6698,1.295360
6699,1.371136
6700,1.339392
6701,1.320960
6702,1.310720
6703,1.314816
6704,1.328128
6705,1.318912
6706,1.340416
6707,1.332224
6708,1.348608
6709,1.355776
6710,1.351680
6711,1.363968
6712,1.334272
6713,1.339392
6714,1.318912
6715,1.236992
6716,1.220608
6717,1.182720
6718,1.312768
6719,1.295360
6720,1.328128
6721,1.320960
6722,1.293312
6723,1.305600
6724,1.328128
6725,1.326080
6726,1.280000
6727,1.327104
6728,1.319936
6729,1.293312
6730,1.367040
6731,1.304576
6732,1.307648
6733,1.312768
6734,1.340416
6735,1.344512
6736,1.347584
6737,1.337344
6738,1.349632
6739,1.326080
6740,1.364992
6741,1.342464
6742,1.353728
6743,1.345536
6744,1.328128
6745,1.325056
6746,1.376256
6747,1.397760
6748,1.339392
6749,1.303552
6750,1.327104
6751,1.292288
6752,1.329152
6753,1.314816
6754,1.336320
6755,1.359872
6756,1.332224
6757,1.387520
6758,1.314816
6759,1.345536
6760,1.355776
6761,1.289216
6762,1.292288
6763,1.149952
6764,1.341440
6765,1.302528
6766,1.309696
6767,1.327104
6768,1.277952
6769,1.356800
6770,1.307648
6771,1.390592
6772,1.348608
6773,1.329152
6774,1.346560
6775,1.294336
6776,1.364992
6777,1.345536
6778,1.348608
6779,1.310720
6780,1.361920
6781,1.308672
6782,1.308672
6783,1.363968
6784,1.384448
6785,1.344512
6786,1.405952
6787,1.304576
6788,1.320960
6789,1.333248
6790,1.333248
6791,1.319936
6792,1.315840
6793,1.294336
6794,1.330176
6795,1.359872
6796,1.335296
6797,1.375232
6798,1.340416
6799,1.361920
6800,1.369088
6801,1.317888
6802,1.358848
6803,1.351680
6804,1.354752
6805,1.332224
6806,1.314816
6807,1.079296
6808,1.380352
6809,1.356800
6810,1.336320
6811,1.383424
6812,1.340416
6813,1.336320
6814,1.299456
6815,1.364992
6816,1.300480
6817,1.362944
6818,1.364992
6819,1.331200
6820,1.336320
6821,1.289216
6822,1.315840
6823,1.364992
6824,1.394688
6825,1.331200
6826,1.319936
6827,1.353728
6828,1.329152
6829,1.327104
6830,1.352704
6831,1.324032
6832,1.311744
6833,1.364992
6834,1.335296
6835,1.357824
6836,1.393664
6837,1.315840
6838,1.366016
6839,1.303552
6840,1.319936
6841,1.353728
6842,1.324032
6843,1.354752
6844,1.361920
6845,1.334272
6846,1.323008
6847,1.367040
6848,1.304576
6849,1.342464
6850,1.362944
6851,1.350656
6852,1.328128
6853,1.043456
6854,1.320960
6855,1.214464
6856,1.367040
6857,1.337344
6858,1.308672
6859,1.350656
6860,1.363968
6861,1.355776
6862,1.339392
6863,1.351680
6864,1.390592
6865,1.294336
6866,1.353728
6867,1.316864
6868,1.366016
6869,1.311744
6870,1.373184
6871,1.354752
6872,1.352704
6873,1.360896
6874,1.372160
6875,1.358848
6876,1.346560
6877,1.316864
6878,1.358848
6879,1.349632
6880,1.330176
6881,1.378304
6882,1.332224
6883,1.339392
6884,1.337344
6885,1.329152
6886,1.368064
6887,1.357824
6888,1.370112
6889,1.344512
6890,1.317888
6891,1.317888
6892,1.301504
6893,1.335296
6894,1.357824
6895,1.305600
6896,1.357824
6897,1.296384
6898,1.247232
6899,0.864256
6900,1.305600
6901,1.157120
6902,1.367040
6903,1.292288
6904,1.311744
6905,1.286144
6906,1.273856
6907,1.324032
6908,1.363968
6909,1.332224
6910,1.357824
6911,1.356800
6912,1.329152
6913,1.338368
6914,1.374208
6915,1.335296
6916,1.312768
6917,1.354752
6918,1.351680
6919,1.331200
6920,1.326080
6921,1.384448
6922,1.372160
6923,1.372160
6924,1.419264
6925,1.387520
6926,1.359872
6927,1.309696
6928,1.371136
6929,1.291264
6930,1.337344
6931,1.345536
6932,1.336320
6933,1.312768
6934,1.332224
6935,1.348608
6936,1.351680
6937,1.319936
6938,1.361920
6939,1.339392
6940,1.359872
6941,1.328128
6942,1.375232
6943,1.303552
6944,1.307648
6945,1.314816
6946,1.140736
6947,1.301504
6948,1.383424
6949,1.368064
6950,1.375232
6951,1.333248
6952,1.334272
6953,1.347584
6954,1.377280
6955,1.377280
6956,1.324032
6957,1.331200
6958,1.367040
6959,1.330176
6960,1.353728
6961,1.310720
6962,1.331200
6963,1.309696
6964,1.364992
6965,1.381376
6966,1.337344
6967,1.368064
6968,1.363968
6969,1.267712
6970,1.354752
6971,1.366016
6972,1.286144
6973,1.355776
6974,1.318912
6975,1.296384
6976,1.364992
6977,1.278976
6978,1.288192
6979,1.364992
6980,1.337344
6981,1.361920
6982,1.380352
6983,1.366016
6984,1.311744
6985,1.347584
6986,1.345536
6987,1.285120
6988,1.350656
6989,1.304576
6990,0.997376
6991,1.346560
6992,1.397760
6993,1.359872
6994,1.336320
6995,1.342464
6996,1.323008
6997,1.329152
6998,1.309696
6999,1.309696
7000,1.381376
7001,1.340416
7002,1.355776
7003,1.328128
7004,1.347584
7005,1.385472
7006,1.364992
7007,1.376256
7008,1.311744
7009,1.385472
7010,1.350656
7011,1.377280
7012,1.292288
7013,1.320960
7014,1.317888
7015,1.360896
7016,1.362944
7017,1.319936
7018,1.333248
7019,1.313792
7020,1.364992
7021,1.396736
7022,1.368064
7023,1.343488
7024,1.359872
7025,1.367040
7026,1.313792
7027,1.381376
7028,1.331200
7029,1.292288
7030,1.339392
7031,1.385472
7032,1.321984
7033,1.315840
7034,1.342464
7035,1.249280
7036,1.199104
7037,1.187840
7038,1.337344
7039,1.344512
7040,1.344512
7041,1.307648
7042,1.264640
7043,1.369088
7044,1.352704
7045,1.343488
7046,1.343488
7047,1.334272
7048,1.263616
7049,1.355776
7050,1.348608
7051,1.303552
7052,1.353728
7053,1.336320
7054,1.354752
7055,1.321984
7056,1.284096
7057,1.349632
7058,1.360896
7059,1.389568
7060,1.344512
7061,1.333248
7062,1.355776
7063,1.357824
7064,1.350656
7065,1.329152
7066,1.337344
7067,1.343488
7068,1.318912
7069,1.298432
7070,1.317888
7071,1.317888
7072,1.326080
7073,1.331200
7074,1.309696
7075,1.388544
7076,1.349632
7077,1.372160
7078,1.321984
7079,1.355776
7080,1.311744
7081,1.097728
7082,0.699392
7083,0.617472
7084,0.600064
7085,0.595968
7086,1.496064
7087,1.326080
7088,1.343488
7089,1.338368
7090,1.367040
7091,1.339392
7092,1.343488
7093,1.290240
7094,1.307648
7095,1.307648
7096,1.338368
7097,1.342464
7098,1.351680
7099,1.343488
7100,1.345536
7101,1.331200
7102,1.292288
7103,1.316864
7104,1.287168
7105,1.338368
7106,1.270784
7107,1.334272
7108,1.357824
7109,1.335296
7110,1.356800
7111,1.343488
7112,1.292288
7113,1.304576
7114,1.339392
7115,1.331200
7116,1.368064
7117,1.336320
7118,1.321984
7119,1.342464
7120,1.306624
7121,1.306624
7122,1.295360
7123,1.338368
7124,1.295360
7125,1.356800
7126,1.371136
7127,1.303552
7128,1.336320
7129,1.385472
7130,1.212416
7131,0.950272
7132,0.748544
7133,0.672768
7134,0.664576
7135,0.637952
7136,0.640000
7137,0.586752
7138,0.571392
7139,1.386496
7140,1.428480
7141,1.374208
7142,1.378304
7143,1.346560
7144,1.359872
7145,1.378304
7146,1.362944
7147,1.355776
7148,1.352704
7149,1.401856
7150,1.323008
7151,1.340416
7152,1.316864
7153,1.361920
7154,1.323008
7155,1.357824
7156,1.363968
7157,1.284096
7158,1.345536
7159,1.350656
7160,1.305600
7161,1.338368
7162,1.370112
7163,1.377280
7164,1.287168
7165,1.340416
7166,1.342464
7167,1.363968
7168,1.349632
7169,1.341440
7170,1.333248
7171,1.371136
7172,1.318912
7173,1.366016
7174,1.340416
7175,1.317888
7176,1.336320
7177,1.356800
7178,1.296384
7179,1.380352
7180,1.388544
7181,1.381376
7182,1.280000
7183,1.353728
7184,0.783360
7185,1.306624
7186,1.225728
7187,1.304576
7188,1.337344
7189,1.380352
7190,1.339392
7191,1.364992
7192,1.383424
7193,1.315840
7194,1.345536
7195,1.313792
7196,1.282048
7197,1.331200
7198,1.323008
7199,1.314816
7200,1.303552
7201,1.361920
7202,1.386496
7203,1.350656
7204,1.343488
7205,1.358848
7206,1.356800
7207,1.311744
7208,1.336320
7209,1.319936
7210,1.341440
7211,1.330176
7212,1.344512
7213,1.326080
7214,1.337344
7215,1.352704
7216,1.297408
7217,1.344512
7218,1.335296
7219,1.360896
7220,1.350656
7221,1.366016
7222,1.326080
7223,1.329152
7224,1.321984
7225,1.321984
7226,1.356800
7227,1.357824
7228,1.372160
7229,1.334272
7230,1.099776
7231,1.374208
7232,1.416192
7233,1.399808
7234,1.335296
7235,1.366016
7236,1.318912
7237,1.353728
7238,1.408000
7239,1.373184
7240,1.339392
7241,1.358848
7242,1.325056
7243,1.355776
7244,1.350656
7245,1.295360
7246,1.317888
7247,1.368064
7248,1.313792
7249,1.346560
7250,1.390592
7251,1.344512
7252,1.328128
7253,1.374208
7254,1.341440
7255,1.411072
7256,1.504256
7257,1.363968
7258,1.368064
7259,1.370112
7260,1.296384
7261,1.368064
7262,1.305600
7263,1.345536
7264,1.306624
7265,1.323008
7266,1.334272
7267,1.302528
7268,1.399808
7269,1.363968
7270,1.356800
7271,1.377280
7272,1.349632
7273,1.351680
7274,1.346560
7275,1.355776
7276,0.870400
7277,1.373184
7278,1.374208
7279,1.351680
7280,1.301504
7281,1.359872
7282,1.343488
7283,1.286144
7284,1.368064
7285,1.351680
7286,1.330176
7287,1.320960
7288,1.366016
7289,1.319936
7290,1.378304
7291,1.338368
7292,1.326080
7293,1.357824
7294,1.334272
7295,1.317888
7296,1.393664
7297,1.370112
7298,1.336320
7299,1.308672
7300,1.353728
7301,1.344512
7302,1.293312
7303,1.353728
7304,1.376256
7305,1.357824
7306,1.334272
7307,1.357824
7308,1.319936
7309,1.325056
7310,1.371136
7311,1.343488
7312,1.399808
7313,1.382400
7314,1.331200
7315,1.314816
7316,1.363968
7317,1.352704
7318,1.286144
7319,1.333248
7320,1.314816
7321,1.236992
7322,0.858112
7323,0.647168
7324,0.607232
7325,0.588800
7326,1.302528
7327,1.247232
7328,1.253376
7329,1.332224
7330,1.327104
7331,1.337344
7332,1.371136
7333,1.379328
7334,1.409024
7335,1.350656
7336,1.333248
7337,1.321984
7338,1.336320
7339,1.406976
7340,1.313792
7341,1.310720
7342,1.358848
7343,1.352704
7344,1.350656
7345,1.309696
7346,1.395712
7347,1.337344
7348,1.308672
7349,1.345536
7350,1.340416
7351,1.303552
7352,1.320960
7353,1.349632
7354,1.349632
7355,1.319936
7356,1.371136
7357,1.364992
7358,1.336320
7359,1.352704
7360,1.329152
7361,1.353728
7362,1.339392
7363,1.326080
7364,1.314816
7365,1.336320
7366,1.288192
7367,1.299456
7368,1.391616
7369,1.359872
7370,1.327104
7371,1.302528
7372,1.201152
7373,1.372160
7374,1.313792
7375,1.310720
7376,1.323008
7377,1.357824
7378,1.381376
7379,1.308672
7380,1.315840
7381,1.335296
7382,1.318912
7383,1.312768
7384,1.334272
7385,1.321984
7386,1.333248
7387,1.346560
7388,1.318912
7389,1.347584
7390,1.335296
7391,1.325056
7392,1.339392
7393,1.341440
7394,1.357824
7395,1.315840
7396,1.316864
7397,1.313792
7398,1.342464
7399,1.360896
7400,1.317888
7401,1.334272
7402,1.295360
7403,1.324032
7404,1.317888
7405,1.263616
7406,1.316864
7407,1.304576
7408,1.324032
7409,1.320960
7410,1.295360
7411,1.293312
7412,1.337344
7413,1.313792
7414,1.347584
7415,1.293312
7416,1.035264
7417,0.670720
7418,0.645120
7419,0.635904
7420,0.630784
7421,0.627712
7422,0.596992
7423,1.329152
7424,1.272832
7425,1.304576
7426,1.332224
7427,1.360896
7428,1.318912
7429,1.354752
7430,1.372160
7431,1.368064
7432,1.341440
7433,1.387520
7434,1.369088
7435,1.409024
7436,1.338368
7437,1.321984
7438,1.375232
7439,1.356800
7440,1.333248
7441,1.296384
7442,1.336320
7443,1.333248
7444,1.359872
7445,1.352704
7446,1.399808
7447,1.345536
7448,1.380352
7449,1.314816
7450,1.324032
7451,1.337344
7452,1.291264
7453,1.341440
7454,1.346560
7455,1.331200
7456,1.318912
7457,1.401856
7458,1.373184
7459,1.329152
7460,1.392640
7461,1.372160
7462,1.354752
7463,1.372160
7464,1.362944
7465,1.300480
7466,1.333248
7467,1.249280
7468,1.273856
7469,1.197056
7470,1.281024
7471,1.339392
7472,1.351680
7473,1.312768
7474,1.326080
7475,1.300480
7476,1.350656
7477,1.333248
7478,1.339392
7479,1.335296
7480,1.329152
7481,1.319936
7482,1.344512
7483,1.326080
7484,1.353728
7485,1.316864
7486,1.310720
7487,1.327104
7488,1.335296
7489,1.373184
7490,1.373184
7491,1.302528
7492,1.300480
7493,1.352704
7494,1.291264
7495,1.359872
7496,1.337344
7497,1.347584
7498,1.330176
7499,1.327104
7500,1.293312
7501,1.331200
7502,1.343488
7503,1.361920
7504,1.320960
7505,1.362944
7506,1.316864
7507,1.356800
7508,1.352704
7509,1.311744
7510,1.376256
7511,1.356800
7512,1.337344
7513,0.926720
7514,0.649216
7515,0.632832
7516,0.636928
7517,0.618496
7518,0.596992
7519,0.592896
7520,1.384448
7521,1.356800
7522,1.348608
7523,1.314816
7524,1.299456
7525,1.315840
7526,1.292288
7527,1.289216
7528,1.396736
7529,1.382400
7530,1.411072
7531,1.390592
7532,1.310720
7533,1.357824
7534,1.374208
7535,1.391616
7536,1.359872
7537,1.358848
7538,1.375232
7539,1.318912
7540,1.366016
7541,1.334272
7542,1.351680
7543,1.349632
7544,1.373184
7545,1.277952
7546,1.383424
7547,1.368064
7548,1.393664
7549,1.299456
7550,1.370112
7551,1.342464
7552,1.280000
7553,1.351680
7554,1.324032
7555,1.315840
7556,1.368064
7557,1.303552
7558,1.332224
7559,1.325056
7560,1.353728
7561,1.312768
7562,1.345536
7563,1.320960
7564,1.086464
7565,0.805888
7566,0.690176
7567,0.635904
7568,0.614400
7569,0.593920
7570,0.572416
7571,1.414144
7572,1.377280
7573,1.427456
7574,1.340416
7575,1.336320
7576,1.339392
7577,1.338368
7578,1.347584
7579,1.381376
7580,1.344512
7581,1.355776
7582,1.341440
7583,1.340416
7584,1.331200
7585,1.335296
7586,1.344512
7587,1.350656
7588,1.379328
7589,1.339392
7590,1.350656
7591,1.312768
7592,1.358848
7593,1.381376
7594,1.327104
7595,1.379328
7596,1.258496
7597,1.311744
7598,1.327104
7599,1.308672
7600,1.350656
7601,1.355776
7602,1.329152
7603,1.358848
7604,1.346560
7605,1.394688
7606,1.379328
7607,1.339392
7608,1.326080
7609,1.314816
7610,1.305600
7611,1.351680
7612,1.342464
7613,1.343488
7614,1.353728
7615,1.145856
7616,0.800768
7617,0.621568
7618,0.609280
7619,0.618496
7620,1.379328
7621,1.453056
7622,1.312768
7623,1.350656
7624,1.346560
7625,1.343488
7626,1.378304
7627,1.374208
7628,1.355776
7629,1.369088
7630,1.397760
7631,1.330176
7632,1.356800
7633,1.362944
7634,1.381376
7635,1.385472
7636,1.363968
7637,1.342464
7638,1.343488
7639,1.358848
7640,1.388544
7641,1.329152
7642,1.382400
7643,1.338368
7644,1.304576
7645,1.359872
7646,1.343488
7647,1.354752
7648,1.331200
7649,1.307648
7650,1.325056
7651,1.387520
7652,1.354752
7653,1.342464
7654,1.321984
7655,1.337344
7656,1.364992
7657,1.331200
7658,1.395712
7659,1.371136
7660,1.307648
7661,1.331200
7662,1.331200
7663,1.326080
7664,1.084416
7665,0.791552
7666,0.619520
7667,0.621568
7668,0.608256
7669,0.604160
7670,0.581632
7671,1.406976
7672,1.398784
7673,1.408000
7674,1.395712
7675,1.341440
7676,1.375232
7677,1.364992
7678,1.364992
7679,1.324032
7680,1.334272
7681,1.346560
7682,1.361920
7683,1.378304
7684,1.376256
7685,1.374208
7686,1.332224
7687,1.338368
7688,1.303552
7689,1.283072
7690,1.374208
7691,1.375232
7692,1.370112
7693,1.362944
7694,1.368064
7695,1.311744
7696,1.356800
7697,1.343488
7698,1.349632
7699,1.349632
7700,1.361920
7701,1.425408
7702,1.361920
7703,1.329152
7704,1.319936
7705,1.362944
7706,1.335296
7707,1.360896
7708,1.328128
7709,1.311744
7710,1.370112
7711,1.335296
7712,1.295360
7713,1.355776
7714,1.379328
7715,1.012736
7716,0.683008
7717,0.657408
7718,0.652288
7719,0.652288
7720,1.449984
7721,1.369088
7722,1.389568
7723,1.368064
7724,1.335296
7725,1.350656
7726,1.311744
7727,1.347584
7728,1.342464
7729,1.319936
7730,1.323008
7731,1.368064
7732,1.345536
7733,1.395712
7734,1.316864
7735,1.342464
7736,1.294336
7737,1.323008
7738,1.357824
7739,1.388544
7740,1.349632
7741,1.315840
7742,1.297408
7743,1.299456
7744,1.285120
7745,1.381376
7746,1.338368
7747,1.379328
7748,1.341440
7749,1.335296
7750,1.345536
7751,1.342464
7752,1.330176
7753,1.299456
7754,1.311744
7755,1.335296
7756,1.340416
7757,1.362944
7758,1.306624
7759,1.331200
7760,1.343488
7761,1.344512
7762,1.318912
7763,1.385472
7764,1.231872
7765,1.284096
7766,1.157120
7767,1.333248
7768,1.351680
7769,1.377280
7770,1.378304
7771,1.347584
7772,1.398784
7773,1.320960
7774,1.302528
7775,1.332224
7776,1.328128
7777,1.310720
7778,1.358848
7779,1.286144
7780,1.359872
7781,1.339392
7782,1.319936
7783,1.351680
7784,1.389568
7785,1.349632
7786,1.414144
7787,1.351680
7788,1.343488
7789,1.346560
7790,1.342464
7791,1.398784
7792,1.370112
7793,1.387520
7794,1.346560
7795,1.308672
7796,1.301504
7797,1.302528
7798,1.344512
7799,1.335296
7800,1.308672
7801,1.343488
7802,1.345536
7803,1.301504
7804,1.346560
7805,1.340416
7806,1.334272
7807,1.343488
7808,1.357824
7809,1.306624
7810,0.941056
7811,1.385472
7812,1.320960
7813,1.295360
7814,1.310720
7815,1.310720
7816,1.343488
7817,1.332224
7818,1.358848
7819,1.333248
7820,1.338368
7821,1.359872
7822,1.338368
7823,1.404928
7824,1.312768
7825,1.342464
7826,1.366016
7827,1.309696
7828,1.326080
7829,1.313792
7830,1.336320
7831,1.340416
7832,1.350656
7833,1.329152
7834,1.351680
7835,1.363968
7836,1.331200
7837,1.346560
7838,1.358848
7839,1.332224
7840,1.313792
7841,1.309696
7842,1.342464
7843,1.230848
7844,1.298432
7845,1.345536
7846,1.327104
7847,1.344512
7848,1.359872
7849,1.314816
7850,1.347584
7851,1.299456
7852,1.328128
7853,1.353728
7854,1.352704
7855,1.300480
7856,1.253376
7857,1.175552
7858,1.315840
7859,1.328128
7860,1.299456
7861,1.332224
7862,1.374208
7863,1.340416
7864,1.313792
7865,1.346560
7866,1.344512
7867,1.364992
7868,1.331200
7869,1.341440
7870,1.312768
7871,1.368064
7872,1.334272
7873,1.343488
7874,1.316864
7875,1.338368
7876,1.330176
7877,1.362944
7878,1.360896
7879,1.319936
7880,1.362944
7881,1.354752
7882,1.347584
7883,1.353728
7884,1.301504
7885,1.349632
7886,1.379328
7887,1.370112
7888,1.270784
7889,1.270784
7890,1.308672
7891,1.380352
7892,1.361920
7893,1.351680
7894,1.317888
7895,1.347584
7896,1.376256
7897,1.372160
7898,1.342464
7899,1.334272
7900,1.343488
7901,1.147904
7902,0.628736
7903,1.358848
7904,1.305600
7905,1.302528
7906,1.381376
7907,1.288192
7908,1.343488
7909,1.316864
7910,1.326080
7911,1.353728
7912,1.338368
7913,1.363968
7914,1.356800
7915,1.304576
7916,1.348608
7917,1.338368
7918,1.352704
7919,1.342464
7920,1.315840
7921,1.316864
7922,1.334272
7923,1.307648
7924,1.350656
7925,1.357824
7926,1.334272
7927,1.296384
7928,1.297408
7929,1.333248
7930,1.325056
7931,1.339392
7932,1.364992
7933,1.375232
7934,1.336320
7935,1.345536
7936,1.348608
7937,1.326080
7938,1.335296
7939,1.301504
7940,1.340416
7941,1.319936
7942,1.348608
7943,1.318912
7944,1.350656
7945,1.313792
7946,1.327104
7947,1.256448
7948,0.880640
7949,0.694272
7950,1.371136
7951,1.405952
7952,1.346560
7953,1.318912
7954,1.349632
7955,1.352704
7956,1.335296
7957,1.354752
7958,1.313792
7959,1.342464
7960,1.319936
7961,1.303552
7962,1.353728
7963,1.366016
7964,1.352704
7965,1.332224
7966,1.300480
7967,1.286144
7968,1.344512
7969,1.327104
7970,1.342464
7971,1.318912
7972,1.318912
7973,1.367040
7974,1.352704
7975,1.336320
7976,1.373184
7977,1.318912
7978,1.302528
7979,1.402880
7980,1.320960
7981,1.327104
7982,1.345536
7983,1.354752
7984,1.358848
7985,1.354752
7986,1.368064
7987,1.363968
7988,1.332224
7989,1.348608
7990,1.341440
7991,1.360896
7992,1.325056
7993,1.358848
7994,1.320960
7995,0.912384
7996,1.429504
7997,1.323008
7998,1.363968
7999,1.303552
8000,1.355776
8001,1.339392
8002,1.294336
8003,1.316864
8004,1.345536
8005,1.244160
8006,1.381376
8007,1.334272
8008,1.379328
8009,1.357824
8010,1.344512
8011,1.331200
8012,1.318912
8013,1.313792
8014,1.316864
8015,1.346560
8016,1.350656
8017,1.315840
8018,1.347584
8019,1.328128
8020,1.315840
8021,1.307648
8022,1.301504
8023,1.348608
8024,1.302528
8025,1.294336
8026,1.344512
8027,1.372160
8028,1.315840
8029,1.314816
8030,1.328128
8031,1.306624
8032,1.310720
8033,1.346560
8034,1.324032
8035,1.346560
8036,1.320960
8037,1.373184
8038,1.393664
8039,1.403904
8040,1.278976
8041,1.443840
8042,1.346560
8043,1.340416
8044,1.304576
8045,1.367040
8046,1.350656
8047,1.297408
8048,1.344512
8049,1.382400
8050,1.334272
8051,1.317888
8052,1.324032
8053,1.370112
8054,1.360896
8055,1.321984
8056,1.315840
8057,1.356800
8058,1.307648
8059,1.329152
8060,1.300480
8061,1.392640
8062,1.344512
8063,1.356800
8064,1.362944
8065,1.367040
8066,1.394688
8067,1.363968
8068,1.364992
8069,1.328128
8070,1.344512
8071,1.330176
8072,1.296384
8073,1.340416
8074,1.448960
8075,1.328128
8076,1.286144
8077,1.362944
8078,1.312768
8079,1.318912
8080,1.304576
8081,1.374208
8082,1.310720
8083,1.271808
8084,1.349632
8085,1.272832
8086,1.356800
8087,1.248256
8088,1.295360
8089,1.284096
8090,1.348608
8091,1.350656
8092,1.286144
8093,1.379328
8094,1.371136
8095,1.360896
8096,1.316864
8097,1.299456
8098,1.368064
8099,1.343488
8100,1.316864
8101,1.364992
8102,1.316864
8103,1.346560
8104,1.303552
8105,1.355776
8106,1.332224
8107,1.282048
8108,1.358848
8109,1.307648
8110,1.352704
8111,1.346560
8112,1.309696
8113,1.366016
8114,1.290240
8115,1.368064
8116,1.349632
8117,1.343488
8118,1.291264
8119,1.312768
8120,1.295360
8121,1.275904
8122,1.328128
8123,1.319936
8124,1.335296
8125,1.360896
8126,1.309696
8127,1.300480
8128,1.340416
8129,1.363968
8130,1.316864
8131,1.108992
8132,0.800768
8133,1.358848
8134,1.247232
8135,1.318912
8136,1.376256
8137,1.321984
8138,1.380352
8139,1.357824
8140,1.325056
8141,1.347584
8142,1.354752
8143,1.297408
8144,1.327104
8145,1.366016
8146,1.353728
8147,1.328128
8148,1.299456
8149,1.306624
8150,1.348608
8151,1.293312
8152,1.334272
8153,1.320960
8154,1.332224
8155,1.378304
8156,1.321984
8157,1.384448
8158,1.356800
8159,1.415168
8160,1.362944
8161,1.336320
8162,1.355776
8163,1.344512
8164,1.382400
8165,1.398784
8166,1.386496
8167,1.349632
8168,1.337344
8169,1.331200
8170,1.333248
8171,1.313792
8172,1.351680
8173,1.362944
8174,1.370112
8175,1.341440
8176,1.360896
8177,1.235968
8178,0.834560
8179,1.471488
8180,1.366016
8181,1.372160
8182,1.379328
8183,1.354752
8184,1.301504
8185,1.319936
8186,1.350656
8187,1.293312
8188,1.319936
8189,1.294336
8190,1.385472
8191,1.331200
8192,1.394688
8193,1.333248
8194,1.409024
8195,1.357824
8196,1.347584
8197,1.286144
8198,1.336320
8199,1.333248
8200,1.358848
8201,1.363968
8202,1.418240
8203,1.338368
8204,1.338368
8205,1.382400
8206,1.291264
8207,1.325056
8208,1.381376
8209,1.356800
8210,1.334272
8211,1.382400
8212,1.373184
8213,1.309696
8214,1.295360
8215,1.301504
8216,1.329152
8217,1.368064
8218,1.320960
8219,1.314816
8220,1.381376
8221,1.332224
8222,1.327104
8223,1.145856
8224,0.723968
8225,0.655360
8226,0.620544
8227,0.601088
8228,0.596992
8229,0.585728
8230,1.477632
8231,1.355776
8232,1.364992
8233,1.355776
8234,1.311744
8235,1.303552
8236,1.248256
8237,1.393664
8238,1.384448
8239,1.376256
8240,1.311744
8241,1.414144
8242,1.353728
8243,1.330176
8244,1.316864
8245,1.329152
8246,1.372160
8247,1.358848
8248,1.393664
8249,1.293312
8250,1.325056
8251,1.357824
8252,1.362944
8253,1.353728
8254,1.385472
8255,1.339392
8256,1.363968
8257,1.397760
8258,1.376256
8259,1.376256
8260,1.342464
8261,1.367040
8262,1.361920
8263,1.366016
8264,1.324032
8265,1.353728
8266,1.340416
8267,1.359872
8268,1.345536
8269,1.328128
8270,1.329152
8271,1.345536
8272,1.337344
8273,1.316864
8274,1.160192
8275,0.779264
8276,0.646144
8277,0.603136
8278,0.598016
8279,1.246208
8280,1.324032
8281,1.272832
8282,1.324032
8283,1.354752
8284,1.359872
8285,1.342464
8286,1.248256
8287,1.346560
8288,1.264640
8289,1.373184
8290,1.360896
8291,1.482752
8292,1.338368
8293,1.334272
8294,1.270784
8295,1.308672
8296,1.391616
8297,1.360896
8298,1.317888
8299,1.367040
8300,1.310720
8301,1.334272
8302,1.351680
8303,1.324032
8304,1.303552
8305,1.396736
8306,1.343488
8307,1.377280
8308,1.341440
8309,1.352704
8310,1.360896
8311,1.358848
8312,1.360896
8313,1.312768
8314,1.331200
8315,1.312768
8316,1.319936
8317,1.327104
8318,1.327104
8319,1.355776
8320,1.317888
8321,1.315840
8322,1.357824
8323,1.184768
8324,0.843776
8325,0.676864
8326,0.645120
8327,0.601088
8328,0.582656
8329,1.352704
8330,1.359872
8331,1.303552
8332,1.297408
8333,1.244160
8334,1.392640
8335,1.318912
8336,1.340416
8337,1.321984
8338,1.381376
8339,1.379328
8340,1.334272
8341,1.358848
8342,1.370112
8343,1.342464
8344,1.371136
8345,1.353728
8346,1.339392
8347,1.327104
8348,1.338368
8349,1.359872
8350,1.325056
8351,1.355776
8352,1.371136
8353,1.348608
8354,1.318912
8355,1.341440
8356,1.331200
8357,1.353728
8358,1.303552
8359,1.392640
8360,1.336320
8361,1.375232
8362,1.354752
8363,1.368064
8364,1.325056
8365,1.373184
8366,1.357824
8367,1.331200
8368,1.317888
8369,1.329152
8370,1.390592
8371,1.349632
8372,1.341440
8373,1.349632
8374,0.961536
8375,1.268736
8376,1.134592
8377,1.384448
8378,1.442816
8379,1.328128
8380,1.314816
8381,1.361920
8382,1.357824
8383,1.251328
8384,1.321984
8385,1.325056
8386,1.340416
8387,1.335296
8388,1.326080
8389,1.359872
8390,1.335296
8391,1.337344
8392,1.283072
8393,1.310720
8394,1.301504
8395,1.362944
8396,1.349632
8397,1.356800
8398,1.335296
8399,1.350656
8400,1.294336
8401,1.348608
8402,1.319936
8403,1.311744
8404,1.306624
8405,1.306624
8406,1.339392
8407,1.333248
8408,1.350656
8409,1.312768
8410,1.317888
8411,1.310720
8412,1.304576
8413,1.335296
8414,1.316864
8415,1.342464
8416,1.346560
8417,1.345536
8418,1.375232
8419,1.330176
8420,1.164288
8421,0.653312
8422,0.601088
8423,0.599040
8424,0.605184
8425,0.608256
8426,0.581632
8427,1.358848
8428,1.376256
8429,1.341440
8430,1.369088
8431,1.333248
8432,1.370112
8433,1.390592
8434,1.352704
8435,1.417216
8436,1.315840
8437,1.327104
8438,1.289216
8439,1.292288
8440,1.327104
8441,1.342464
8442,1.395712
8443,1.315840
8444,1.319936
8445,1.356800
8446,1.364992
8447,1.316864
8448,1.338368
8449,1.309696
8450,1.312768
8451,1.410048
8452,1.308672
8453,1.337344
8454,1.326080
8455,1.316864
8456,1.389568
8457,1.337344
8458,1.320960
8459,1.368064
8460,1.385472
8461,1.360896
8462,1.368064
8463,1.312768
8464,1.355776
8465,1.330176
8466,1.306624
8467,1.347584
8468,1.317888
8469,1.330176
8470,1.363968
8471,1.147904
8472,1.119232
8473,1.192960
8474,1.290240
8475,1.346560
8476,1.303552
8477,1.339392
8478,1.324032
8479,1.358848
8480,1.273856
8481,1.342464
8482,1.305600
8483,1.309696
8484,1.277952
8485,1.372160
8486,1.336320
8487,1.348608
8488,1.329152
8489,1.302528
8490,1.376256
8491,1.353728
8492,1.371136
8493,1.308672
8494,1.298432
8495,1.355776
8496,1.350656
8497,1.346560
8498,1.368064
8499,1.366016
8500,1.378304
8501,1.352704
8502,1.364992
8503,1.374208
8504,1.323008
8505,1.362944
8506,1.347584
8507,1.339392
8508,1.331200
8509,1.291264
8510,1.273856
8511,1.341440
8512,1.352704
8513,1.384448
8514,1.320960
8515,1.328128
8516,1.374208
8517,1.144832
8518,0.649216
8519,0.602112
8520,0.605184
8521,0.603136
8522,0.603136
8523,0.591872
8524,1.341440
8525,1.409024
8526,1.308672
8527,1.278976
8528,1.313792
8529,1.319936
8530,1.378304
8531,1.318912
8532,1.366016
8533,1.348608
8534,1.303552
8535,1.356800
8536,1.361920
8537,1.318912
8538,1.292288
8539,1.300480
8540,1.431552
8541,1.357824
8542,1.327104
8543,1.296384
8544,1.303552
8545,1.307648
8546,1.286144
8547,1.426432
8548,1.272832
8549,1.298432
8550,1.316864
8551,1.392640
8552,1.350656
8553,1.317888
8554,1.399808
8555,1.325056
8556,1.310720
8557,1.347584
8558,1.387520
8559,1.401856
8560,1.321984
8561,1.299456
8562,1.313792
8563,1.348608
8564,1.340416
8565,1.355776
8566,1.369088
8567,1.373184
8568,1.250304
8569,0.882688
8570,0.744448
8571,0.683008
8572,0.650240
8573,1.406976
8574,1.313792
8575,1.329152
8576,1.273856
8577,1.273856
8578,1.396736
8579,1.344512
8580,1.377280
8581,1.358848
8582,1.336320
8583,1.369088
8584,1.349632
8585,1.353728
8586,1.309696
8587,1.319936
8588,1.354752
8589,1.308672
8590,1.351680
8591,1.372160
8592,1.295360
8593,1.335296
8594,1.397760
8595,1.315840
8596,1.331200
8597,1.261568
8598,1.310720
8599,1.321984
8600,1.309696
8601,1.350656
8602,1.321984
8603,1.310720
8604,1.328128
8605,1.348608
8606,1.345536
8607,1.384448
8608,1.328128
8609,1.293312
8610,1.312768
8611,1.323008
8612,1.398784
8613,1.329152
8614,1.249280
8615,1.208320
8616,1.341440
8617,1.312768
8618,1.047552
8619,1.371136
8620,1.379328
8621,1.329152
8622,1.413120
8623,1.316864
8624,1.412096
8625,1.335296
8626,1.307648
8627,1.414144
8628,1.305600
8629,1.348608
8630,1.380352
8631,1.333248
8632,1.280000
8633,1.360896
8634,1.341440
8635,1.319936
8636,1.363968
8637,1.331200
8638,1.325056
8639,1.381376
8640,1.323008
8641,1.323008
8642,1.382400
8643,1.344512
8644,1.331200
8645,1.358848
8646,1.339392
8647,1.328128
8648,1.327104
8649,1.349632
8650,1.278976
8651,1.316864
8652,1.382400
8653,1.359872
8654,1.357824
8655,1.328128
8656,1.332224
8657,1.386496
8658,1.341440
8659,1.349632
8660,1.358848
8661,1.332224
8662,1.330176
8663,1.472512
8664,1.210368
8665,1.217536
8666,1.259520
8667,1.340416
8668,1.289216
8669,1.352704
8670,1.320960
8671,1.345536
8672,1.315840
8673,1.373184
8674,1.345536
8675,1.354752
8676,1.343488
8677,1.349632
8678,1.345536
8679,1.320960
8680,1.401856
8681,1.299456
8682,1.343488
8683,1.314816
8684,1.328128
8685,1.303552
8686,1.304576
8687,1.351680
8688,1.354752
8689,1.386496
8690,1.304576
8691,1.353728
8692,1.325056
8693,1.315840
8694,1.293312
8695,1.297408
8696,1.309696
8697,1.306624
8698,1.372160
8699,1.364992
8700,1.364992
8701,1.353728
8702,1.368064
8703,1.333248
8704,1.360896
8705,1.331200
8706,1.303552
8707,1.309696
8708,1.334272
8709,1.153024
8710,0.695296
8711,0.633856
8712,0.617472
8713,0.573440
8714,0.568320
8715,0.568320
8716,1.257472
8717,1.336320
8718,1.311744
8719,1.354752
8720,1.318912
8721,1.321984
8722,1.370112
8723,1.338368
8724,1.317888
8725,1.354752
8726,1.311744
8727,1.354752
8728,1.378304
8729,1.306624
8730,1.336320
8731,1.313792
8732,1.375232
8733,1.323008
8734,1.347584
8735,1.324032
8736,1.315840
8737,1.355776
8738,1.306624
8739,1.372160
8740,1.356800
8741,1.323008
8742,1.338368
8743,1.374208
8744,1.350656
8745,1.321984
8746,1.295360
8747,1.331200
8748,1.329152
8749,1.316864
8750,1.323008
8751,1.314816
8752,1.307648
8753,1.310720
8754,1.348608
8755,1.340416
8756,1.310720
8757,1.305600
8758,1.318912
8759,1.354752
8760,1.256448
8761,0.851968
8762,1.299456
8763,1.334272
8764,1.362944
8765,1.267712
8766,1.353728
8767,1.400832
8768,1.349632
8769,1.328128
8770,1.287168
8771,1.348608
8772,1.330176
8773,1.333248
8774,1.333248
8775,1.390592
8776,1.292288
8777,1.334272
8778,1.337344
8779,1.321984
8780,1.298432
8781,1.299456
8782,1.297408
8783,1.392640
8784,1.369088
8785,1.345536
8786,1.357824
8787,1.337344
8788,1.366016
8789,1.349632
8790,1.372160
8791,1.298432
8792,1.349632
8793,1.343488
8794,1.382400
8795,1.309696
8796,1.340416
8797,1.318912
8798,1.325056
8799,1.382400
8800,1.348608
8801,1.384448
8802,1.410048
8803,1.381376
8804,1.348608
8805,1.346560
8806,1.238016
8807,1.281024
8808,1.222656
8809,1.347584
8810,1.308672
8811,1.376256
8812,1.346560
8813,1.331200
8814,1.321984
8815,1.285120
8816,1.311744
8817,1.344512
8818,1.320960
8819,1.338368
8820,1.336320
8821,1.331200
8822,1.404928
8823,1.344512
8824,1.350656
8825,1.354752
8826,1.331200
8827,1.329152
8828,1.390592
8829,1.360896
8830,1.340416
8831,1.309696
8832,1.305600
8833,1.332224
8834,1.304576
8835,1.291264
8836,1.384448
8837,1.350656
8838,1.343488
8839,1.352704
8840,1.336320
8841,1.389568
8842,1.348608
8843,1.393664
8844,1.350656
8845,1.362944
8846,1.301504
8847,1.328128
8848,1.337344
8849,1.336320
8850,1.268736
8851,1.356800
8852,1.103872
8853,1.211392
8854,1.230848
8855,1.324032
8856,1.317888
8857,1.337344
8858,1.304576
8859,1.315840
8860,1.342464
8861,1.288192
8862,1.297408
8863,1.272832
8864,1.368064
8865,1.329152
8866,1.318912
8867,1.293312
8868,1.311744
8869,1.262592
8870,1.295360
8871,1.274880
8872,1.301504
8873,1.283072
8874,1.314816
8875,1.314816
8876,1.274880
8877,1.334272
8878,1.289216
8879,1.280000
8880,1.343488
8881,1.297408
8882,1.321984
8883,1.320960
8884,1.324032
8885,1.311744
8886,1.370112
8887,1.302528
8888,1.310720
8889,1.319936
8890,1.296384
8891,1.325056
8892,1.293312
8893,1.327104
8894,1.329152
8895,1.355776
8896,1.343488
8897,1.319936
8898,1.302528
8899,1.183744
8900,0.663552
8901,1.345536
8902,1.327104
8903,1.305600
8904,1.298432
8905,1.311744
8906,1.256448
8907,1.379328
8908,1.340416
8909,1.293312
8910,1.307648
8911,1.323008
8912,1.340416
8913,1.320960
8914,1.340416
8915,1.372160
8916,1.308672
8917,1.289216
8918,1.293312
8919,1.310720
8920,1.316864
8921,1.314816
8922,1.303552
8923,1.323008
8924,1.289216
8925,1.324032
8926,1.318912
8927,1.326080
8928,1.296384
8929,1.296384
8930,1.286144
8931,1.304576
8932,1.312768
8933,1.303552
8934,1.315840
8935,1.340416
8936,1.330176
8937,1.344512
8938,1.317888
8939,1.335296
8940,1.359872
8941,1.306624
8942,1.291264
8943,2.758656
8944,2.745344
8945,0.891904
8946,0.656384
8947,0.629760
8948,0.615424
8949,0.602112
8950,1.360896
8951,1.342464
8952,1.302528
8953,1.241088
8954,1.306624
8955,1.278976
8956,1.368064
8957,1.359872
8958,1.321984
8959,1.358848
8960,1.320960
8961,1.305600
8962,1.285120
8963,1.340416
8964,1.348608
8965,1.320960
8966,1.296384
8967,1.281024
8968,1.284096
8969,1.332224
8970,1.317888
8971,1.335296
8972,3.688448
8973,1.301504
8974,1.328128
8975,1.287168
8976,1.295360
8977,2.359296
8978,1.319936
8979,1.277952
8980,1.319936
8981,1.360896
8982,2.204672
8983,3.666944
8984,1.291264
8985,1.315840
8986,1.317888
8987,1.303552
8988,1.330176
8989,1.320960
8990,1.349632
8991,0.750592
8992,0.616448
8993,0.600064
8994,0.591872
8995,0.591872
8996,0.587776
8997,0.580608
8998,0.573440
8999,1.371136
9000,1.249280
9001,1.262592
9002,1.314816
9003,1.319936
9004,1.356800
9005,1.314816
9006,1.327104
9007,1.333248
9008,1.356800
9009,1.328128
9010,1.315840
9011,1.344512
9012,1.310720
9013,1.318912
9014,1.284096
9015,1.307648
9016,1.304576
9017,1.301504
9018,1.295360
9019,1.296384
9020,1.274880
9021,1.328128
9022,1.320960
9023,1.338368
9024,1.331200
9025,1.334272
9026,1.367040
9027,1.327104
9028,1.324032
9029,1.329152
9030,1.302528
9031,1.325056
9032,1.346560
9033,1.283072
9034,1.339392
9035,1.271808
9036,1.308672
9037,1.326080
9038,1.375232
9039,1.343488
9040,1.303552
9041,1.291264
9042,1.316864
9043,1.330176
9044,1.273856
9045,0.748544
9046,0.649216
9047,0.628736
9048,0.631808
9049,1.319936
9050,1.225728
9051,1.249280
9052,1.301504
9053,1.308672
9054,1.302528
9055,1.324032
9056,1.374208
9057,1.340416
9058,1.283072
9059,1.332224
9060,1.315840
9061,1.306624
9062,1.324032
9063,1.300480
9064,1.332224
9065,1.282048
9066,1.318912
9067,1.286144
9068,1.265664
9069,1.304576
9070,1.314816
9071,1.284096
9072,1.336320
9073,1.275904
9074,1.302528
9075,1.334272
9076,1.267712
9077,1.344512
9078,1.376256
9079,1.326080
9080,1.332224
9081,1.315840
9082,1.318912
9083,1.335296
9084,1.272832
9085,1.327104
9086,1.312768
9087,1.342464
9088,1.302528
9089,1.277952
9090,1.287168
9091,1.276928
9092,1.327104
9093,1.363968
9094,1.219584
9095,1.093632
9096,1.304576
9097,1.215488
9098,1.289216
9099,1.313792
9100,1.308672
9101,1.293312
9102,1.288192
9103,1.276928
9104,1.281024
9105,1.287168
9106,1.326080
9107,1.318912
9108,1.309696
9109,1.329152
9110,1.280000
9111,1.345536
9112,1.344512
9113,1.331200
9114,1.385472
9115,1.324032
9116,1.377280
9117,1.398784
9118,1.319936
9119,1.298432
9120,1.231872
9121,1.305600
9122,1.346560
9123,1.316864
9124,1.342464
9125,1.349632
9126,1.346560
9127,1.294336
9128,1.285120
9129,1.324032
9130,1.294336
9131,1.278976
9132,1.274880
9133,1.328128
9134,1.271808
9135,1.339392
9136,1.295360
9137,1.297408
9138,1.316864
9139,1.309696
9140,1.284096
9141,1.282048
9142,0.991232
9143,0.803840
9144,0.795648
9145,0.662528
9146,0.631808
9147,0.603136
9148,0.588800
9149,1.277952
9150,1.355776
9151,1.285120
9152,1.284096
9153,1.274880
9154,1.315840
9155,1.319936
9156,1.353728
9157,1.363968
9158,1.341440
9159,1.357824
9160,1.314816
9161,1.324032
9162,1.280000
9163,1.305600
9164,1.321984
9165,1.348608
9166,1.320960
9167,1.277952
9168,1.289216
9169,1.315840
9170,1.306624
9171,1.260544
9172,1.326080
9173,1.359872
9174,1.301504
9175,1.334272
9176,1.317888
9177,1.368064
9178,1.286144
9179,1.325056
9180,1.296384
9181,1.286144
9182,1.340416
9183,1.348608
9184,1.331200
9185,1.353728
9186,1.312768
9187,1.307648
9188,1.362944
9189,1.329152
9190,1.296384
9191,1.330176
9192,1.333248
9193,1.337344
9194,1.269760
9195,0.967680
9196,0.750592
9197,0.689152
9198,0.671744
9199,0.669696
9200,1.251328
9201,1.163264
9202,1.306624
9203,1.330176
9204,1.305600
9205,1.293312
9206,1.310720
9207,1.287168
9208,1.331200
9209,1.336320
9210,1.316864
9211,1.312768
9212,1.294336
9213,1.301504
9214,1.300480
9215,1.358848
9216,1.344512
9217,1.263616
9218,1.304576
9219,1.297408
9220,1.295360
9221,1.307648
9222,1.351680
9223,1.276928
9224,1.257472
9225,1.324032
9226,1.337344
9227,1.383424
9228,1.293312
9229,1.294336
9230,1.329152
9231,1.331200
9232,1.324032
9233,1.302528
9234,1.329152
9235,1.274880
9236,1.335296
9237,1.328128
9238,1.289216
9239,1.339392
9240,1.364992
9241,1.318912
9242,1.296384
9243,1.323008
9244,1.333248
9245,1.282048
9246,1.041408
9247,1.236992
9248,1.250304
9249,1.318912
9250,1.303552
9251,1.302528
9252,1.324032
9253,1.291264
9254,1.305600
9255,1.313792
9256,1.324032
9257,1.286144
9258,1.248256
9259,1.370112
9260,1.318912
9261,1.333248
9262,1.333248
9263,1.300480
9264,1.309696
9265,1.283072
9266,1.315840
9267,1.313792
9268,1.312768
9269,1.330176
9270,1.286144
9271,1.330176
9272,1.290240
9273,1.323008
9274,1.366016
9275,1.338368
9276,1.273856
9277,1.310720
9278,1.302528
9279,1.310720
9280,1.329152
9281,1.441792
9282,1.312768
9283,1.340416
9284,1.316864
9285,1.192960
9286,1.291264
9287,1.325056
9288,1.333248
9289,1.297408
9290,1.338368
9291,1.333248
9292,1.296384
9293,1.148928
9294,1.281024
9295,1.204224
9296,1.288192
9297,1.340416
9298,1.296384
9299,1.335296
9300,1.276928
9301,1.310720
9302,1.294336
9303,1.296384
9304,1.315840
9305,1.302528
9306,1.291264
9307,1.307648
9308,1.343488
9309,1.315840
9310,1.312768
9311,1.303552
9312,1.302528
9313,1.287168
9314,1.297408
9315,1.317888
9316,1.323008
9317,1.286144
9318,1.311744
9319,1.314816
9320,1.340416
9321,1.326080
9322,1.257472
9323,1.334272
9324,1.302528
9325,1.273856
9326,1.265664
9327,1.271808
9328,1.300480
9329,1.283072
9330,1.282048
9331,1.313792
9332,1.343488
9333,1.285120
9334,1.288192
9335,1.333248
9336,1.336320
9337,1.312768
9338,1.353728
9339,1.323008
9340,1.245184
9341,0.916480
9342,0.812032
9343,0.765952
9344,0.726016
9345,0.676864
9346,0.604160
9347,1.379328
9348,1.348608
9349,1.369088
9350,1.297408
9351,1.290240
9352,1.295360
9353,1.295360
9354,1.272832
9355,1.327104
9356,1.346560
9357,1.294336
9358,1.274880
9359,1.329152
9360,1.312768
9361,1.345536
9362,1.346560
9363,1.299456
9364,1.313792
9365,1.312768
9366,1.353728
9367,1.321984
9368,1.332224
9369,1.289216
9370,1.327104
9371,1.300480
9372,1.316864
9373,1.332224
9374,1.291264
9375,1.364992
9376,1.344512
9377,1.305600
9378,1.353728
9379,1.361920
9380,1.319936
9381,1.281024
9382,1.281024
9383,1.313792
9384,1.326080
9385,1.325056
9386,1.339392
9387,1.311744
9388,1.313792
9389,1.312768
9390,1.315840
9391,1.315840
9392,1.293312
9393,1.089536
9394,0.833536
9395,0.713728
9396,0.704512
9397,0.640000
9398,0.599040
9399,1.364992
9400,1.371136
9401,1.310720
9402,1.285120
9403,1.349632
9404,1.260544
9405,1.276928
9406,1.270784
9407,1.324032
9408,1.319936
9409,1.294336
9410,1.325056
9411,1.346560
9412,1.352704
9413,1.313792
9414,1.373184
9415,1.275904
9416,1.311744
9417,1.310720
9418,1.298432
9419,1.296384
9420,1.347584
9421,1.287168
9422,1.337344
9423,1.299456
9424,1.332224
9425,1.307648
9426,1.295360
9427,1.354752
9428,1.343488
9429,1.288192
9430,1.291264
9431,1.303552
9432,1.342464
9433,1.331200
9434,1.347584
9435,1.336320
9436,1.341440
9437,1.306624
9438,1.352704
9439,1.305600
9440,1.339392
9441,1.327104
9442,1.339392
9443,1.258496
9444,1.321984
9445,1.289216
9446,1.154048
9447,1.303552
9448,1.315840
9449,1.332224
9450,1.295360
9451,1.278976
9452,1.324032
9453,1.313792
9454,1.334272
9455,1.270784
9456,1.291264
9457,1.353728
9458,1.319936
9459,1.306624
9460,1.333248
9461,1.324032
9462,1.312768
9463,1.271808
9464,1.327104
9465,1.293312
9466,1.318912
9467,1.342464
9468,1.299456
9469,1.346560
9470,1.292288
9471,1.320960
9472,1.302528
9473,1.257472
9474,1.288192
9475,1.318912
9476,1.309696
9477,1.327104
9478,1.351680
9479,1.294336
9480,1.336320
9481,1.288192
9482,1.278976
9483,1.265664
9484,1.275904
9485,1.298432
9486,1.288192
9487,1.310720
9488,1.263616
9489,1.310720
9490,1.356800
9491,1.133568
9492,0.946176
9493,0.813056
9494,0.696320
9495,0.634880
9496,0.630784
9497,0.590848
9498,1.352704
9499,1.364992
9500,1.304576
9501,1.290240
9502,1.281024
9503,1.295360
9504,1.357824
9505,1.290240
9506,1.293312
9507,1.330176
9508,1.335296
9509,1.337344
9510,1.319936
9511,1.339392
9512,1.346560
9513,1.319936
9514,1.311744
9515,1.352704
9516,1.307648
9517,1.257472
9518,1.286144
9519,1.311744
9520,1.308672
9521,1.328128
9522,1.304576
9523,1.351680
9524,1.321984
9525,1.331200
9526,1.290240
9527,1.260544
9528,1.355776
9529,1.335296
9530,1.288192
9531,1.331200
9532,1.337344
9533,1.328128
9534,1.323008
9535,1.312768
9536,1.308672
9537,1.282048
9538,1.309696
9539,1.319936
9540,1.308672
9541,1.317888
9542,1.319936
9543,1.330176
9544,1.117184
9545,1.277952
9546,1.166336
9547,1.309696
9548,1.306624
9549,1.344512
9550,1.316864
9551,1.298432
9552,1.309696
9553,1.324032
9554,1.328128
9555,1.248256
9556,1.313792
9557,1.316864
9558,1.296384
9559,1.309696
9560,1.300480
9561,1.328128
9562,1.301504
9563,1.326080
9564,1.331200
9565,1.260544
9566,1.310720
9567,1.282048
9568,1.306624
9569,1.285120
9570,1.284096
9571,1.340416
9572,1.311744
9573,1.302528
9574,1.335296
9575,1.297408
9576,1.307648
9577,1.285120
9578,1.359872
9579,1.306624
9580,1.331200
9581,1.325056
9582,1.312768
9583,1.290240
9584,1.284096
9585,1.278976
9586,1.316864
9587,1.337344
9588,1.303552
9589,1.331200
9590,1.301504
9591,1.243136
9592,1.107968
9593,1.278976
9594,1.135616
9595,1.338368
9596,1.299456
9597,1.369088
9598,1.344512
9599,1.309696
9600,1.282048
9601,1.292288
9602,1.221632
9603,1.303552
9604,1.308672
9605,1.285120
9606,1.232896
9607,1.271808
9608,1.224704
9609,1.271808
9610,1.276928
9611,1.238016
9612,1.264640
9613,1.222656
9614,1.294336
9615,1.289216
9616,1.268736
9617,1.264640
9618,1.255424
9619,1.275904
9620,1.243136
9621,1.288192
9622,1.265664
9623,1.257472
9624,1.259520
9625,1.274880
9626,1.268736
9627,1.286144
9628,1.294336
9629,1.252352
9630,1.246208
9631,1.271808
9632,1.239040
9633,1.259520
9634,1.278976
9635,1.225728
9636,1.240064
9637,1.312768
9638,1.296384
9639,1.275904
9640,1.159168
9641,1.129472
9642,1.161216
9643,1.164288
9644,1.259520
9645,1.266688
9646,1.280000
9647,1.247232
9648,1.247232
9649,1.229824
9650,1.269760
9651,1.261568
9652,1.267712
9653,1.217536
9654,1.234944
9655,1.258496
9656,1.248256
9657,1.281024
9658,1.275904
9659,1.231872
9660,1.263616
9661,1.271808
9662,1.262592
9663,1.273856
9664,1.283072
9665,1.269760
9666,1.293312
9667,1.228800
9668,1.239040
9669,1.191936
9670,1.248256
9671,1.235968
9672,1.231872
9673,1.255424
9674,1.227776
9675,1.198080
9676,1.370112
9677,1.281024
9678,1.249280
9679,1.225728
9680,1.252352
9681,1.229824
9682,1.245184
9683,1.223680
9684,1.214464
9685,1.239040
9686,1.254400
9687,1.270784
9688,1.219584
9689,1.262592
9690,1.330176
9691,0.891904
9692,0.779264
9693,0.801792
9694,0.784384
9695,1.189888
9696,1.197056
9697,2.577408
9698,1.265664
9699,1.249280
9700,2.673664
9701,1.165312
9702,1.239040
9703,1.236992
9704,1.251328
9705,1.214464
9706,1.234944
9707,1.270784
9708,1.292288
9709,1.192960
9710,1.227776
9711,1.251328
9712,1.232896
9713,1.247232
9714,1.270784
9715,1.230848
9716,1.248256
9717,1.282048
9718,1.231872
9719,1.226752
9720,1.253376
9721,1.275904
9722,1.245184
9723,1.238016
9724,1.224704
9725,1.199104
9726,1.230848
9727,1.219584
9728,1.238016
9729,1.229824
9730,1.289216
9731,1.225728
9732,1.248256
9733,1.223680
9734,1.270784
9735,1.229824
9736,1.240064
9737,1.272832
9738,1.214464
9739,1.233920
9740,1.213440
9741,1.216512
9742,1.131520
9743,0.866304
9744,0.837632
9745,0.713728
9746,0.650240
9747,1.210368
9748,1.215488
9749,1.175552
9750,2.644992
9751,1.251328
9752,2.681856
9753,1.207296
9754,1.192960
9755,1.242112
9756,1.269760
9757,1.238016
9758,1.235968
9759,1.263616
9760,1.206272
9761,1.262592
9762,1.230848
9763,1.230848
9764,1.232896
9765,1.241088
9766,1.243136
9767,1.220608
9768,1.241088
9769,1.255424
9770,1.229824
9771,1.245184
9772,1.256448
9773,1.225728
9774,1.243136
9775,1.209344
9776,1.216512
9777,1.230848
9778,1.193984
9779,1.216512
9780,1.220608
9781,1.234944
9782,1.226752
9783,1.197056
9784,1.209344
9785,1.182720
9786,1.200128
9787,1.178624
9788,1.179648
9789,1.157120
9790,1.179648
9791,1.181696
9792,1.162240
9793,1.167360
9794,1.134592
9795,1.077248
9796,0.949248
9797,0.848896
9798,0.645120
9799,0.607232
9800,0.569344
9801,1.137664
9802,1.158144
9803,1.128448
9804,1.153024
9805,1.144832
9806,1.120256
9807,1.158144
9808,1.146880
9809,1.185792
9810,1.155072
9811,1.149952
9812,3.369984
9813,1.143808
9814,1.198080
9815,1.119232
9816,1.168384
9817,1.156096
9818,1.107968
9819,1.125376
9820,1.099776
9821,1.146880
9822,1.114112
9823,3.407872
9824,1.111040
9825,1.116160
9826,1.130496
9827,1.135616
9828,2.096128
9829,1.106944
9830,1.129472
9831,1.106944
9832,1.079296
9833,2.083840
9834,3.340288
9835,1.100800
9836,1.123328
9837,1.146880
9838,1.104896
9839,1.097728
9840,1.116160
9841,1.099776
9842,1.098752
9843,1.059840
9844,1.063936
9845,1.102848
9846,1.098752
9847,1.085440
9848,1.065984
9849,1.093632
9850,1.117184
9851,1.099776
9852,1.026048
9853,0.679936
9854,0.630784
9855,0.616448
9856,0.620544
9857,1.101824
9858,1.087488
9859,1.088512
9860,1.069056
9861,1.077248
9862,1.049600
9863,1.052672
9864,1.055744
9865,1.041408
9866,1.067008
9867,1.073152
9868,1.044480
9869,1.069056
9870,1.012736
9871,1.055744
9872,1.024000
9873,1.010688
9874,1.077248
9875,1.050624
9876,1.077248
9877,1.058816
9878,1.034240
9879,1.071104
9880,1.093632
9881,1.016832
9882,1.030144
9883,1.020928
9884,1.025024
9885,1.040384
9886,1.034240
9887,1.021952
9888,0.997376
9889,0.983040
9890,0.967680
9891,0.966656
9892,0.990208
9893,0.979968
9894,0.949248
9895,0.916480
9896,0.922624
9897,0.933888
9898,0.915456
9899,0.917504
9900,0.935936
9901,0.913408
9902,0.948224
9903,0.912384
9904,0.915456
9905,0.929792
9906,0.925696
9907,0.921600
9908,0.912384
9909,0.928768
9910,0.937984
9911,0.879616
9912,1.865728
9913,0.862208
9914,0.871424
9915,0.905216
9916,0.861184
9917,0.892928
9918,1.846272
9919,3.075072
9920,0.862208
9921,0.914432
9922,0.908288
9923,0.872448
9924,0.893952
9925,0.918528
9926,0.890880
9927,0.877568
9928,0.907264
9929,0.885760
9930,0.859136
9931,0.744448
9932,0.689152
9933,0.625664
9934,0.603136
9935,0.592896
9936,0.600064
9937,0.580608
9938,0.863232
9939,0.865280
9940,0.800768
9941,0.825344
9942,0.807936
9943,0.801792
9944,0.794624
9945,0.809984
9946,0.800768
9947,0.827392
9948,0.835584
9949,0.814080
9950,0.807936
9951,0.828416
9952,0.841728
9953,0.813056
9954,0.816128
9955,0.811008
9956,0.815104
9957,0.809984
9958,0.826368
9959,0.816128
9960,0.838656
9961,0.773120
9962,0.785408
9963,0.769024
9964,0.773120
9965,0.807936
9966,0.785408
9967,0.788480
9968,0.797696
9969,0.782336
9970,0.797696
9971,0.812032
9972,0.781312
9973,0.779264
9974,0.805888
9975,0.787456
9976,0.766976
9977,0.779264
9978,0.765952
9979,0.750592
9980,0.762880
9981,0.759808
9982,0.754688
9983,0.748544
9984,0.768000
9985,0.772096
9986,0.753664
9987,0.755712
9988,0.764928
9989,0.746496
9990,0.765952
9991,0.753664
9992,0.781312
9993,0.741376
9994,0.761856
9995,0.778240
9996,0.771072
9997,0.755712
9998,0.785408
9999,0.772096
