iter,ms
0,1.382400
1,1.434624
2,1.319936
3,1.337344
4,1.342464
5,1.333248
6,1.342464
7,1.334272
8,1.344512
9,1.349632
10,1.340416
11,1.327104
12,1.386496
13,1.312768
14,1.317888
15,1.383424
16,1.318912
17,1.369088
18,1.340416
19,1.401856
20,1.296384
21,1.344512
22,1.346560
23,1.337344
24,1.356800
25,1.366016
26,1.321984
27,1.357824
28,1.335296
29,1.314816
30,1.360896
31,1.362944
32,1.351680
33,1.315840
34,1.389568
35,1.346560
36,1.324032
37,1.306624
38,1.355776
39,1.395712
40,1.340416
41,1.355776
42,1.368064
43,1.336320
44,1.203200
45,0.726016
46,0.657408
47,0.647168
48,0.620544
49,0.602112
50,0.580608
51,1.463296
52,1.318912
53,1.330176
54,1.331200
55,1.350656
56,1.272832
57,1.309696
58,1.319936
59,1.332224
60,1.348608
61,1.341440
62,1.313792
63,1.339392
64,1.318912
65,1.357824
66,1.413120
67,1.351680
68,1.298432
69,1.358848
70,1.358848
71,1.351680
72,1.363968
73,1.294336
74,1.323008
75,1.362944
76,1.375232
77,1.370112
78,1.343488
79,1.350656
80,1.293312
81,1.325056
82,1.364992
83,1.346560
84,1.323008
85,1.329152
86,1.336320
87,1.332224
88,1.334272
89,1.386496
90,1.344512
91,1.374208
92,1.343488
93,1.314816
94,1.349632
95,1.277952
96,0.945152
97,1.443840
98,1.343488
99,1.239040
100,1.466368
101,1.336320
102,1.397760
103,1.317888
104,1.405952
105,1.319936
106,1.331200
107,1.317888
108,1.338368
109,1.309696
110,1.337344
111,1.340416
112,1.342464
113,1.346560
114,1.317888
115,1.358848
116,1.381376
117,1.369088
118,1.399808
119,1.350656
120,1.342464
121,1.327104
122,1.342464
123,1.296384
124,1.349632
125,1.328128
126,1.355776
127,1.362944
128,1.401856
129,1.294336
130,1.346560
131,1.366016
132,1.358848
133,1.386496
134,1.382400
135,1.313792
136,1.358848
137,1.323008
138,1.319936
139,1.342464
140,1.360896
141,1.274880
142,1.440768
143,1.418240
144,1.248256
145,1.316864
146,1.327104
147,1.357824
148,1.417216
149,1.326080
150,1.354752
151,1.396736
152,1.316864
153,1.313792
154,1.303552
155,1.331200
156,1.309696
157,1.333248
158,1.343488
159,1.336320
160,1.372160
161,1.333248
162,1.341440
163,1.360896
164,1.302528
165,1.313792
166,1.357824
167,1.349632
168,1.333248
169,1.375232
170,1.327104
171,1.403904
172,1.336320
173,1.307648
174,1.358848
175,1.351680
176,1.277952
177,1.344512
178,1.336320
179,1.271808
180,1.353728
181,1.343488
182,1.346560
183,1.363968
184,1.377280
185,1.300480
186,1.152000
187,0.735232
188,0.599040
189,0.588800
190,0.590848
191,0.586752
192,0.587776
193,1.270784
194,1.283072
195,1.311744
196,1.330176
197,1.309696
198,1.352704
199,1.348608
200,1.304576
201,1.369088
202,1.386496
203,1.345536
204,1.300480
205,1.297408
206,1.362944
207,1.336320
208,1.281024
209,1.309696
210,1.388544
211,1.352704
212,1.390592
213,1.314816
214,1.384448
215,1.318912
216,1.358848
217,1.368064
218,1.313792
219,1.340416
220,1.340416
221,1.327104
222,1.374208
223,1.319936
224,1.301504
225,1.380352
226,1.369088
227,1.325056
228,1.282048
229,1.336320
230,1.328128
231,1.349632
232,1.364992
233,1.341440
234,1.348608
235,1.317888
236,1.381376
237,1.233920
238,0.999424
239,0.777216
240,0.665600
241,0.627712
242,1.605632
243,1.321984
244,1.286144
245,1.286144
246,1.327104
247,1.318912
248,1.334272
249,1.290240
250,1.306624
251,1.310720
252,1.385472
253,1.351680
254,1.316864
255,1.324032
256,1.272832
257,1.391616
258,1.331200
259,1.309696
260,1.320960
261,1.345536
262,1.347584
263,1.319936
264,1.364992
265,1.329152
266,1.302528
267,1.296384
268,1.372160
269,1.325056
270,1.330176
271,1.324032
272,1.330176
273,1.323008
274,1.364992
275,1.325056
276,1.338368
277,1.337344
278,1.368064
279,1.368064
280,1.371136
281,1.333248
282,1.368064
283,1.342464
284,1.330176
285,1.304576
286,1.045504
287,1.306624
288,1.166336
289,1.332224
290,1.341440
291,1.343488
292,1.326080
293,1.312768
294,1.319936
295,1.316864
296,1.345536
297,1.357824
298,1.321984
299,1.314816
300,1.308672
301,1.300480
302,1.288192
303,1.331200
304,1.375232
305,1.388544
306,1.327104
307,1.327104
308,1.369088
309,1.327104
310,1.372160
311,1.351680
312,1.354752
313,1.331200
314,1.333248
315,1.354752
316,1.314816
317,1.311744
318,1.339392
319,1.350656
320,1.313792
321,1.319936
322,1.315840
323,1.358848
324,1.313792
325,1.314816
326,1.361920
327,1.312768
328,1.269760
329,1.342464
330,1.294336
331,1.271808
332,1.244160
333,1.164288
334,1.314816
335,1.293312
336,1.362944
337,1.344512
338,1.361920
339,1.348608
340,1.335296
341,1.315840
342,1.300480
343,1.341440
344,1.522688
345,1.317888
346,1.354752
347,1.325056
348,1.338368
349,1.280000
350,1.274880
351,1.291264
352,1.306624
353,1.269760
354,1.310720
355,1.325056
356,1.397760
357,1.332224
358,1.339392
359,1.352704
360,1.367040
361,1.363968
362,1.318912
363,1.340416
364,1.324032
365,1.384448
366,1.359872
367,1.310720
368,1.324032
369,1.331200
370,1.370112
371,1.326080
372,1.319936
373,1.335296
374,1.345536
375,1.349632
376,1.282048
377,1.026048
378,0.730112
379,1.409024
380,1.441792
381,1.357824
382,1.375232
383,1.332224
384,1.385472
385,1.339392
386,1.376256
387,1.383424
388,1.355776
389,1.297408
390,1.290240
391,1.339392
392,1.271808
393,1.346560
394,1.307648
395,1.398784
396,1.343488
397,1.323008
398,1.323008
399,1.384448
400,1.364992
401,1.328128
402,1.383424
403,1.359872
404,1.318912
405,1.388544
406,1.339392
407,1.348608
408,1.382400
409,1.390592
410,1.327104
411,1.340416
412,1.349632
413,1.349632
414,1.332224
415,1.384448
416,1.300480
417,1.300480
418,1.349632
419,1.309696
420,1.326080
421,1.321984
422,1.296384
423,1.250304
424,1.123328
425,1.332224
426,1.297408
427,1.306624
428,1.314816
429,1.329152
430,1.294336
431,1.330176
432,1.331200
433,1.315840
434,1.331200
435,1.336320
436,1.263616
437,1.328128
438,1.327104
439,1.320960
440,1.317888
441,1.283072
442,1.331200
443,1.359872
444,1.314816
445,1.313792
446,1.342464
447,1.364992
448,1.327104
449,1.319936
450,1.339392
451,1.349632
452,1.335296
453,1.331200
454,1.333248
455,1.363968
456,1.307648
457,1.355776
458,1.291264
459,1.369088
460,1.342464
461,1.289216
462,1.340416
463,1.300480
464,1.297408
465,1.321984
466,1.326080
467,1.330176
468,1.169408
469,1.143808
470,1.253376
471,1.327104
472,1.293312
473,1.355776
474,1.309696
475,1.361920
476,1.317888
477,1.375232
478,1.335296
479,1.253376
480,1.345536
481,1.353728
482,1.289216
483,1.311744
484,1.367040
485,1.317888
486,1.357824
487,1.364992
488,1.315840
489,1.326080
490,1.331200
491,1.317888
492,1.314816
493,1.315840
494,1.373184
495,1.315840
496,1.311744
497,1.304576
498,1.323008
499,1.296384
500,1.292288
501,1.346560
502,1.341440
503,1.324032
504,1.331200
505,1.354752
506,1.313792
507,1.358848
508,1.359872
509,1.349632
510,1.367040
511,1.336320
512,1.314816
513,1.198080
514,1.338368
515,1.266688
516,1.307648
517,1.302528
518,1.268736
519,1.319936
520,1.344512
521,1.312768
522,1.348608
523,1.335296
524,1.336320
525,1.282048
526,1.319936
527,1.246208
528,1.301504
529,1.317888
530,1.363968
531,1.346560
532,1.344512
533,1.339392
534,1.315840
535,1.412096
536,1.350656
537,1.301504
538,1.342464
539,1.395712
540,1.360896
541,1.356800
542,1.358848
543,1.282048
544,1.334272
545,1.336320
546,1.303552
547,1.396736
548,1.277952
549,1.345536
550,1.316864
551,1.359872
552,1.325056
553,1.355776
554,1.349632
555,1.315840
556,1.371136
557,1.367040
558,1.387520
559,1.166336
560,1.134592
561,1.271808
562,1.275904
563,1.321984
564,1.271808
565,1.291264
566,1.314816
567,1.356800
568,1.335296
569,1.297408
570,1.320960
571,1.342464
572,1.349632
573,1.350656
574,1.313792
575,1.312768
576,1.334272
577,1.374208
578,1.306624
579,1.370112
580,1.321984
581,1.336320
582,1.332224
583,1.331200
584,1.345536
585,1.399808
586,1.368064
587,1.356800
588,1.320960
589,1.348608
590,1.320960
591,1.371136
592,1.503232
593,1.368064
594,1.325056
595,1.270784
596,1.315840
597,1.332224
598,1.337344
599,1.329152
600,1.250304
601,1.299456
602,1.342464
603,1.296384
604,0.968704
605,0.672768
606,0.657408
607,0.615424
608,0.609280
609,0.580608
610,1.359872
611,1.334272
612,1.392640
613,1.380352
614,1.317888
615,1.293312
616,1.308672
617,1.326080
618,1.316864
619,1.316864
620,1.321984
621,1.350656
622,1.338368
623,1.287168
624,1.335296
625,1.396736
626,1.340416
627,1.343488
628,1.366016
629,1.336320
630,1.361920
631,1.340416
632,1.319936
633,1.307648
634,1.310720
635,1.293312
636,1.396736
637,1.381376
638,1.366016
639,1.351680
640,1.333248
641,1.343488
642,1.386496
643,1.325056
644,1.332224
645,1.314816
646,1.364992
647,1.325056
648,1.394688
649,1.327104
650,1.305600
651,1.310720
652,1.335296
653,1.343488
654,1.105920
655,1.370112
656,1.297408
657,1.270784
658,1.296384
659,1.280000
660,1.320960
661,1.317888
662,1.321984
663,1.305600
664,1.358848
665,1.367040
666,1.326080
667,1.326080
668,1.311744
669,1.346560
670,1.329152
671,1.354752
672,1.346560
673,1.350656
674,1.360896
675,1.356800
676,1.361920
677,1.350656
678,1.358848
679,1.360896
680,1.347584
681,1.344512
682,1.388544
683,1.385472
684,1.357824
685,1.355776
686,1.307648
687,1.377280
688,1.321984
689,1.328128
690,1.315840
691,1.353728
692,1.315840
693,1.330176
694,1.393664
695,1.363968
696,1.314816
697,1.348608
698,1.352704
699,1.271808
700,1.172480
701,1.191936
702,1.262592
703,1.242112
704,1.304576
705,1.315840
706,1.312768
707,1.300480
708,1.367040
709,1.328128
710,1.344512
711,1.334272
712,1.362944
713,1.334272
714,1.382400
715,1.318912
716,1.355776
717,1.377280
718,1.361920
719,1.320960
720,1.305600
721,1.299456
722,1.324032
723,1.354752
724,1.281024
725,1.415168
726,1.320960
727,1.302528
728,1.338368
729,1.364992
730,1.317888
731,1.334272
732,1.325056
733,1.313792
734,1.312768
735,1.288192
736,1.304576
737,1.324032
738,1.302528
739,1.309696
740,1.332224
741,1.353728
742,1.296384
743,1.306624
744,1.353728
745,1.321984
746,1.198080
747,1.341440
748,1.312768
749,1.346560
750,1.343488
751,1.319936
752,1.359872
753,1.300480
754,1.334272
755,1.343488
756,1.323008
757,1.399808
758,1.354752
759,1.346560
760,1.363968
761,1.343488
762,1.324032
763,1.327104
764,1.351680
765,1.374208
766,1.307648
767,1.353728
768,1.324032
769,1.330176
770,1.490944
771,1.342464
772,1.313792
773,1.299456
774,1.315840
775,1.329152
776,1.408000
777,1.396736
778,1.326080
779,1.301504
780,1.303552
781,1.328128
782,1.312768
783,1.328128
784,1.378304
785,1.367040
786,1.364992
787,1.300480
788,1.337344
789,1.185792
790,0.921600
791,0.791552
792,0.641024
793,1.422336
794,1.367040
795,1.316864
796,1.343488
797,1.342464
798,1.346560
799,1.337344
800,1.308672
801,1.338368
802,1.333248
803,1.331200
804,1.368064
805,1.327104
806,1.340416
807,1.285120
808,1.399808
809,1.341440
810,1.358848
811,1.308672
812,1.328128
813,1.310720
814,1.335296
815,1.312768
816,1.301504
817,1.347584
818,1.330176
819,1.366016
820,1.370112
821,1.335296
822,1.296384
823,1.345536
824,1.306624
825,1.302528
826,1.362944
827,1.335296
828,1.349632
829,1.342464
830,1.354752
831,1.352704
832,1.356800
833,1.371136
834,1.345536
835,1.369088
836,1.305600
837,1.288192
838,1.076224
839,0.729088
840,1.379328
841,1.402880
842,1.296384
843,1.315840
844,1.355776
845,1.342464
846,1.308672
847,1.302528
848,1.347584
849,1.320960
850,1.350656
851,1.388544
852,1.336320
853,1.351680
854,1.347584
855,1.357824
856,1.334272
857,1.353728
858,1.383424
859,1.346560
860,1.358848
861,1.354752
862,1.386496
863,1.336320
864,1.326080
865,1.309696
866,1.353728
867,1.369088
868,1.374208
869,1.369088
870,1.319936
871,1.307648
872,1.368064
873,1.362944
874,1.341440
875,1.341440
876,1.326080
877,1.364992
878,1.321984
879,1.381376
880,1.307648
881,1.369088
882,1.300480
883,1.384448
884,1.278976
885,1.314816
886,1.227776
887,1.331200
888,1.319936
889,1.334272
890,1.335296
891,1.307648
892,1.413120
893,1.366016
894,1.358848
895,1.372160
896,1.326080
897,1.332224
898,1.348608
899,1.324032
900,1.235968
901,1.305600
902,1.319936
903,1.308672
904,1.335296
905,1.288192
906,1.311744
907,1.356800
908,1.356800
909,1.354752
910,1.378304
911,1.309696
912,1.311744
913,1.395712
914,1.319936
915,1.306624
916,1.344512
917,1.297408
918,1.332224
919,1.359872
920,1.387520
921,1.330176
922,1.377280
923,1.382400
924,1.341440
925,1.336320
926,1.364992
927,1.351680
928,1.343488
929,1.297408
930,1.070080
931,0.644096
932,1.404928
933,1.426432
934,1.368064
935,1.329152
936,1.355776
937,1.394688
938,1.369088
939,1.370112
940,1.355776
941,1.388544
942,1.337344
943,1.348608
944,1.315840
945,1.360896
946,1.328128
947,1.343488
948,1.291264
949,1.340416
950,1.324032
951,1.334272
952,1.352704
953,1.335296
954,1.344512
955,1.353728
956,1.335296
957,1.284096
958,1.351680
959,1.380352
960,1.323008
961,1.349632
962,1.334272
963,1.374208
964,1.352704
965,1.277952
966,1.391616
967,1.297408
968,1.317888
969,1.366016
970,1.302528
971,1.339392
972,1.359872
973,1.354752
974,1.347584
975,1.299456
976,1.183744
977,1.155072
978,1.310720
979,1.328128
980,1.427456
981,1.326080
982,1.314816
983,1.378304
984,1.333248
985,1.327104
986,1.373184
987,1.349632
988,1.309696
989,1.359872
990,1.308672
991,1.341440
992,1.336320
993,1.355776
994,1.344512
995,1.327104
996,1.338368
997,1.331200
998,1.353728
999,1.353728
1000,1.341440
1001,1.396736
1002,1.339392
1003,1.414144
1004,1.333248
1005,1.293312
1006,1.348608
1007,1.368064
1008,1.342464
1009,1.300480
1010,1.320960
1011,1.339392
1012,1.300480
1013,1.369088
1014,1.348608
1015,1.334272
1016,1.332224
1017,1.347584
1018,1.307648
1019,1.345536
1020,1.338368
1021,1.175552
1022,0.732160
1023,0.625664
1024,1.377280
1025,1.340416
1026,1.325056
1027,1.306624
1028,1.337344
1029,1.347584
1030,1.313792
1031,1.352704
1032,1.349632
1033,1.398784
1034,1.351680
1035,1.383424
1036,1.331200
1037,1.360896
1038,1.288192
1039,1.387520
1040,1.274880
1041,1.333248
1042,1.371136
1043,1.310720
1044,1.340416
1045,1.341440
1046,1.296384
1047,1.391616
1048,1.345536
1049,1.398784
1050,1.285120
1051,1.344512
1052,1.332224
1053,1.363968
1054,1.330176
1055,1.350656
1056,1.338368
1057,1.301504
1058,1.330176
1059,1.339392
1060,1.306624
1061,1.306624
1062,1.339392
1063,1.341440
1064,1.345536
1065,1.352704
1066,1.338368
1067,1.339392
1068,1.278976
1069,1.373184
1070,1.308672
1071,1.253376
1072,1.299456
1073,1.314816
1074,1.293312
1075,1.341440
1076,1.324032
1077,1.338368
1078,1.314816
1079,1.348608
1080,1.313792
1081,1.295360
1082,1.303552
1083,1.339392
1084,1.344512
1085,1.366016
1086,1.393664
1087,1.356800
1088,1.347584
1089,1.368064
1090,1.342464
1091,1.348608
1092,1.342464
1093,1.328128
1094,1.374208
1095,1.342464
1096,1.359872
1097,1.391616
1098,1.332224
1099,1.353728
1100,1.375232
1101,1.312768
1102,1.326080
1103,1.349632
1104,1.324032
1105,1.289216
1106,1.339392
1107,1.324032
1108,1.349632
1109,1.350656
1110,1.305600
1111,1.354752
1112,1.331200
1113,1.277952
1114,1.186816
1115,1.191936
1116,1.272832
1117,1.319936
1118,1.288192
1119,1.302528
1120,1.310720
1121,1.336320
1122,1.296384
1123,1.360896
1124,1.340416
1125,1.351680
1126,1.331200
1127,1.328128
1128,1.344512
1129,1.336320
1130,1.320960
1131,1.354752
1132,1.369088
1133,1.327104
1134,1.316864
1135,1.336320
1136,1.332224
1137,1.327104
1138,1.343488
1139,1.307648
1140,1.380352
1141,1.372160
1142,1.329152
1143,1.336320
1144,1.331200
1145,1.353728
1146,1.342464
1147,1.397760
1148,1.325056
1149,1.402880
1150,1.359872
1151,1.341440
1152,1.307648
1153,1.346560
1154,1.332224
1155,1.348608
1156,1.318912
1157,1.351680
1158,1.192960
1159,1.233920
1160,1.328128
1161,1.335296
1162,1.261568
1163,1.355776
1164,1.350656
1165,1.380352
1166,1.335296
1167,1.361920
1168,1.315840
1169,1.319936
1170,1.308672
1171,1.338368
1172,1.376256
1173,1.337344
1174,1.326080
1175,1.337344
1176,1.334272
1177,1.354752
1178,1.335296
1179,1.343488
1180,1.306624
1181,1.337344
1182,1.327104
1183,1.379328
1184,1.383424
1185,1.312768
1186,1.334272
1187,1.345536
1188,1.358848
1189,1.343488
1190,1.332224
1191,1.346560
1192,1.316864
1193,1.339392
1194,1.323008
1195,1.338368
1196,1.328128
1197,1.356800
1198,1.335296
1199,1.346560
1200,1.311744
1201,1.340416
1202,1.331200
1203,1.127424
1204,0.900096
1205,0.620544
1206,0.606208
1207,0.601088
1208,1.306624
1209,1.210368
1210,1.308672
1211,1.321984
1212,1.373184
1213,1.355776
1214,1.342464
1215,1.335296
1216,1.332224
1217,1.333248
1218,1.314816
1219,1.303552
1220,1.391616
1221,1.326080
1222,1.339392
1223,1.285120
1224,1.362944
1225,1.349632
1226,1.344512
1227,1.335296
1228,1.332224
1229,1.341440
1230,1.349632
1231,1.346560
1232,1.394688
1233,1.337344
1234,1.298432
1235,1.342464
1236,1.335296
1237,1.346560
1238,1.337344
1239,1.337344
1240,1.347584
1241,1.318912
1242,1.380352
1243,1.356800
1244,1.349632
1245,1.293312
1246,1.345536
1247,1.295360
1248,1.278976
1249,1.346560
1250,1.360896
1251,1.305600
1252,1.253376
1253,0.889856
1254,0.693248
1255,0.786432
1256,0.944128
1257,1.052672
1258,1.304576
1259,1.353728
1260,1.339392
1261,1.274880
1262,1.333248
1263,1.347584
1264,1.341440
1265,1.326080
1266,1.321984
1267,1.387520
1268,1.371136
1269,1.316864
1270,1.335296
1271,1.390592
1272,1.348608
1273,1.343488
1274,1.316864
1275,1.340416
1276,1.300480
1277,1.314816
1278,1.368064
1279,1.377280
1280,1.306624
1281,1.395712
1282,1.355776
1283,1.333248
1284,1.362944
1285,1.285120
1286,1.369088
1287,1.339392
1288,1.369088
1289,1.339392
1290,1.316864
1291,1.353728
1292,1.344512
1293,1.310720
1294,1.332224
1295,1.313792
1296,1.319936
1297,1.375232
1298,1.318912
1299,1.336320
1300,1.359872
1301,1.230848
1302,0.995328
1303,1.261568
1304,1.290240
1305,1.276928
1306,1.328128
1307,1.302528
1308,1.381376
1309,1.297408
1310,1.305600
1311,1.326080
1312,1.287168
1313,1.324032
1314,1.395712
1315,1.323008
1316,1.366016
1317,1.406976
1318,1.327104
1319,1.357824
1320,1.345536
1321,1.350656
1322,1.345536
1323,1.305600
1324,1.372160
1325,1.331200
1326,1.332224
1327,1.344512
1328,1.314816
1329,1.351680
1330,1.315840
1331,1.275904
1332,1.278976
1333,1.299456
1334,1.340416
1335,1.392640
1336,1.369088
1337,1.346560
1338,1.327104
1339,1.350656
1340,1.336320
1341,1.358848
1342,1.299456
1343,1.300480
1344,1.308672
1345,1.277952
1346,1.289216
1347,1.169408
1348,1.224704
1349,1.183744
1350,1.337344
1351,1.307648
1352,1.323008
1353,1.311744
1354,1.329152
1355,1.324032
1356,1.305600
1357,1.339392
1358,1.328128
1359,1.298432
1360,1.369088
1361,1.313792
1362,1.305600
1363,1.266688
1364,1.349632
1365,1.333248
1366,1.314816
1367,1.288192
1368,1.344512
1369,1.323008
1370,1.289216
1371,1.351680
1372,1.367040
1373,1.317888
1374,1.347584
1375,1.313792
1376,1.300480
1377,1.349632
1378,1.355776
1379,1.348608
1380,1.305600
1381,1.372160
1382,1.318912
1383,1.345536
1384,1.341440
1385,1.306624
1386,1.334272
1387,1.344512
1388,1.400832
1389,1.337344
1390,1.312768
1391,1.305600
1392,1.330176
1393,1.259520
1394,1.329152
1395,1.244160
1396,1.286144
1397,1.319936
1398,1.303552
1399,1.318912
1400,1.288192
1401,1.326080
1402,1.265664
1403,1.344512
1404,1.356800
1405,1.310720
1406,1.313792
1407,1.311744
1408,1.415168
1409,1.321984
1410,1.286144
1411,1.277952
1412,1.350656
1413,1.366016
1414,1.384448
1415,1.366016
1416,1.363968
1417,1.311744
1418,1.328128
1419,1.313792
1420,1.353728
1421,1.375232
1422,1.301504
1423,1.357824
1424,1.343488
1425,1.290240
1426,1.338368
1427,1.316864
1428,1.306624
1429,1.324032
1430,1.319936
1431,1.362944
1432,1.324032
1433,1.321984
1434,1.261568
1435,1.305600
1436,1.314816
1437,1.306624
1438,1.359872
1439,1.213440
1440,0.865280
1441,1.404928
1442,1.338368
1443,1.369088
1444,1.387520
1445,1.370112
1446,1.368064
1447,1.313792
1448,1.347584
1449,1.395712
1450,1.374208
1451,1.345536
1452,1.364992
1453,1.336320
1454,1.335296
1455,1.366016
1456,1.384448
1457,1.319936
1458,1.416192
1459,1.313792
1460,1.349632
1461,1.285120
1462,1.329152
1463,1.356800
1464,1.314816
1465,1.369088
1466,1.366016
1467,1.312768
1468,1.347584
1469,1.324032
1470,1.361920
1471,1.390592
1472,1.338368
1473,1.369088
1474,1.381376
1475,1.311744
1476,1.327104
1477,1.331200
1478,1.341440
1479,1.313792
1480,1.330176
1481,1.339392
1482,1.391616
1483,1.276928
1484,1.348608
1485,1.136640
1486,1.236992
1487,1.220608
1488,1.352704
1489,1.329152
1490,1.352704
1491,1.353728
1492,1.348608
1493,1.148928
1494,1.291264
1495,1.294336
1496,1.323008
1497,1.314816
1498,1.363968
1499,1.302528
1500,1.361920
1501,1.313792
1502,1.357824
1503,1.328128
1504,1.325056
1505,1.294336
1506,1.349632
1507,1.363968
1508,1.311744
1509,1.345536
1510,1.321984
1511,1.361920
1512,1.364992
1513,1.415168
1514,1.321984
1515,1.312768
1516,1.316864
1517,1.321984
1518,1.325056
1519,1.361920
1520,1.341440
1521,1.357824
1522,1.351680
1523,1.335296
1524,1.297408
1525,1.318912
1526,1.340416
1527,1.363968
1528,1.373184
1529,1.326080
1530,1.321984
1531,1.140736
1532,1.281024
1533,1.118208
1534,1.287168
1535,1.266688
1536,1.349632
1537,1.285120
1538,1.334272
1539,1.332224
1540,1.358848
1541,1.382400
1542,1.390592
1543,1.311744
1544,1.329152
1545,1.391616
1546,1.339392
1547,1.299456
1548,1.345536
1549,1.320960
1550,1.325056
1551,1.315840
1552,1.325056
1553,1.345536
1554,1.350656
1555,1.341440
1556,1.341440
1557,1.335296
1558,1.330176
1559,1.275904
1560,1.244160
1561,1.334272
1562,1.309696
1563,1.332224
1564,1.345536
1565,1.321984
1566,1.319936
1567,1.343488
1568,1.386496
1569,1.345536
1570,1.361920
1571,1.349632
1572,1.357824
1573,1.309696
1574,1.364992
1575,1.357824
1576,1.346560
1577,1.150976
1578,1.337344
1579,1.182720
1580,1.262592
1581,1.326080
1582,1.311744
1583,1.304576
1584,1.289216
1585,1.355776
1586,1.324032
1587,1.311744
1588,1.356800
1589,1.345536
1590,1.331200
1591,1.350656
1592,1.321984
1593,1.291264
1594,1.338368
1595,1.346560
1596,1.326080
1597,1.320960
1598,1.300480
1599,1.316864
1600,1.373184
1601,1.326080
1602,1.338368
1603,1.345536
1604,1.301504
1605,1.334272
1606,1.301504
1607,1.310720
1608,1.348608
1609,1.343488
1610,1.319936
1611,1.312768
1612,1.346560
1613,1.320960
1614,1.331200
1615,1.344512
1616,1.338368
1617,1.336320
1618,1.343488
1619,1.319936
1620,1.303552
1621,1.329152
1622,1.395712
1623,1.172480
1624,1.317888
1625,1.185792
1626,1.281024
1627,1.354752
1628,1.350656
1629,1.354752
1630,1.305600
1631,1.360896
1632,1.316864
1633,1.331200
1634,1.310720
1635,1.355776
1636,1.363968
1637,1.320960
1638,1.316864
1639,1.347584
1640,1.362944
1641,1.334272
1642,1.292288
1643,1.383424
1644,1.381376
1645,1.347584
1646,1.304576
1647,1.328128
1648,1.347584
1649,1.372160
1650,1.297408
1651,1.338368
1652,1.367040
1653,1.333248
1654,1.338368
1655,1.342464
1656,1.333248
1657,1.339392
1658,1.357824
1659,1.311744
1660,1.343488
1661,1.363968
1662,1.309696
1663,1.324032
1664,1.347584
1665,1.356800
1666,1.361920
1667,1.318912
1668,1.304576
1669,1.230848
1670,1.154048
1671,1.263616
1672,1.255424
1673,1.353728
1674,1.309696
1675,1.369088
1676,1.321984
1677,1.347584
1678,1.344512
1679,1.315840
1680,1.343488
1681,1.357824
1682,1.304576
1683,1.333248
1684,1.388544
1685,1.352704
1686,1.360896
1687,1.372160
1688,1.384448
1689,1.305600
1690,1.353728
1691,1.350656
1692,1.340416
1693,1.386496
1694,1.335296
1695,1.398784
1696,1.302528
1697,1.321984
1698,1.440768
1699,1.314816
1700,1.304576
1701,1.299456
1702,1.311744
1703,1.336320
1704,1.324032
1705,1.332224
1706,1.326080
1707,1.298432
1708,1.310720
1709,1.351680
1710,1.328128
1711,1.314816
1712,1.317888
1713,1.316864
1714,1.212416
1715,0.912384
1716,0.600064
1717,1.366016
1718,1.397760
1719,1.403904
1720,1.402880
1721,1.335296
1722,1.356800
1723,1.375232
1724,1.366016
1725,1.362944
1726,1.336320
1727,1.331200
1728,1.325056
1729,1.346560
1730,1.341440
1731,1.331200
1732,1.312768
1733,1.351680
1734,1.336320
1735,1.385472
1736,1.309696
1737,1.300480
1738,1.323008
1739,1.349632
1740,1.353728
1741,1.366016
1742,1.351680
1743,1.340416
1744,1.319936
1745,1.352704
1746,1.351680
1747,1.304576
1748,1.354752
1749,1.292288
1750,1.329152
1751,1.342464
1752,1.310720
1753,1.335296
1754,1.351680
1755,1.323008
1756,1.319936
1757,1.301504
1758,1.335296
1759,1.394688
1760,1.378304
1761,1.228800
1762,1.320960
1763,1.169408
1764,1.345536
1765,1.359872
1766,1.344512
1767,1.336320
1768,1.352704
1769,1.323008
1770,1.385472
1771,1.338368
1772,1.333248
1773,1.311744
1774,1.301504
1775,1.310720
1776,1.297408
1777,1.347584
1778,1.317888
1779,1.371136
1780,1.320960
1781,1.298432
1782,1.305600
1783,1.370112
1784,1.344512
1785,1.380352
1786,1.316864
1787,1.342464
1788,1.320960
1789,1.341440
1790,1.350656
1791,1.363968
1792,1.378304
1793,1.306624
1794,1.306624
1795,1.293312
1796,1.267712
1797,1.325056
1798,1.361920
1799,1.307648
1800,1.359872
1801,1.327104
1802,1.369088
1803,1.340416
1804,1.286144
1805,1.340416
1806,1.256448
1807,1.305600
1808,1.145856
1809,1.404928
1810,1.303552
1811,1.320960
1812,1.326080
1813,1.325056
1814,1.335296
1815,1.355776
1816,1.369088
1817,1.313792
1818,1.358848
1819,1.315840
1820,1.323008
1821,1.326080
1822,1.305600
1823,1.331200
1824,1.330176
1825,1.314816
1826,1.355776
1827,1.359872
1828,1.311744
1829,1.314816
1830,1.337344
1831,1.335296
1832,1.321984
1833,1.353728
1834,1.358848
1835,1.327104
1836,1.345536
1837,1.335296
1838,1.364992
1839,1.375232
1840,1.354752
1841,1.303552
1842,1.305600
1843,1.301504
1844,1.377280
1845,1.350656
1846,1.316864
1847,1.345536
1848,1.318912
1849,1.304576
1850,1.301504
1851,1.289216
1852,1.143808
1853,1.286144
1854,1.174528
1855,1.374208
1856,1.347584
1857,1.302528
1858,1.332224
1859,1.337344
1860,1.325056
1861,1.338368
1862,1.361920
1863,1.324032
1864,1.332224
1865,1.323008
1866,1.309696
1867,1.336320
1868,1.312768
1869,1.413120
1870,1.370112
1871,1.328128
1872,1.375232
1873,1.372160
1874,1.325056
1875,1.372160
1876,1.317888
1877,1.361920
1878,1.329152
1879,1.321984
1880,1.302528
1881,1.332224
1882,1.336320
1883,1.354752
1884,1.357824
1885,1.317888
1886,1.340416
1887,1.310720
1888,1.347584
1889,1.311744
1890,1.315840
1891,1.336320
1892,1.308672
1893,1.303552
1894,1.350656
1895,1.305600
1896,1.354752
1897,1.264640
1898,1.186816
1899,1.245184
1900,1.307648
1901,1.302528
1902,1.327104
1903,1.339392
1904,1.336320
1905,1.356800
1906,1.307648
1907,1.318912
1908,1.320960
1909,1.351680
1910,1.391616
1911,1.342464
1912,1.335296
1913,1.309696
1914,1.336320
1915,1.269760
1916,1.360896
1917,1.351680
1918,1.292288
1919,1.398784
1920,1.379328
1921,1.305600
1922,1.313792
1923,1.339392
1924,1.342464
1925,1.354752
1926,1.364992
1927,1.361920
1928,1.317888
1929,1.346560
1930,1.270784
1931,1.301504
1932,1.308672
1933,1.328128
1934,1.352704
1935,1.370112
1936,1.357824
1937,1.292288
1938,1.302528
1939,1.317888
1940,1.341440
1941,1.358848
1942,1.370112
1943,1.222656
1944,1.291264
1945,1.222656
1946,1.327104
1947,1.363968
1948,1.338368
1949,1.353728
1950,1.316864
1951,1.302528
1952,1.363968
1953,1.366016
1954,1.356800
1955,1.352704
1956,1.266688
1957,1.350656
1958,1.310720
1959,1.362944
1960,1.343488
1961,1.346560
1962,1.342464
1963,1.326080
1964,1.343488
1965,1.361920
1966,1.370112
1967,1.316864
1968,1.381376
1969,1.305600
1970,1.366016
1971,1.344512
1972,1.319936
1973,1.299456
1974,1.305600
1975,1.343488
1976,1.313792
1977,1.341440
1978,1.307648
1979,1.340416
1980,1.332224
1981,1.311744
1982,1.357824
1983,1.406976
1984,1.355776
1985,1.333248
1986,1.303552
1987,1.400832
1988,1.312768
1989,0.912384
1990,1.486848
1991,1.345536
1992,1.410048
1993,1.313792
1994,1.343488
1995,1.291264
1996,1.307648
1997,1.321984
1998,1.356800
1999,1.332224
2000,1.356800
2001,1.295360
2002,1.299456
2003,1.370112
2004,1.330176
2005,1.413120
2006,1.327104
2007,1.345536
2008,1.314816
2009,1.346560
2010,1.297408
2011,1.324032
2012,1.372160
2013,1.326080
2014,1.328128
2015,1.339392
2016,1.319936
2017,1.391616
2018,1.378304
2019,1.304576
2020,1.333248
2021,1.335296
2022,1.327104
2023,1.308672
2024,1.308672
2025,1.363968
2026,1.323008
2027,1.335296
2028,1.357824
2029,1.326080
2030,1.358848
2031,1.336320
2032,1.333248
2033,1.315840
2034,1.127424
2035,1.323008
2036,1.133568
2037,1.316864
2038,1.291264
2039,1.306624
2040,1.324032
2041,1.306624
2042,1.317888
2043,1.310720
2044,1.318912
2045,1.315840
2046,1.312768
2047,1.355776
2048,1.370112
2049,1.315840
2050,1.260544
2051,1.361920
2052,1.329152
2053,1.316864
2054,1.345536
2055,1.381376
2056,1.380352
2057,1.370112
2058,1.326080
2059,1.300480
2060,1.310720
2061,1.145856
2062,1.128448
2063,1.359872
2064,1.284096
2065,1.331200
2066,1.332224
2067,1.352704
2068,1.306624
2069,1.403904
2070,1.366016
2071,1.347584
2072,1.344512
2073,1.366016
2074,1.342464
2075,1.294336
2076,1.316864
2077,1.367040
2078,1.349632
2079,1.323008
2080,1.304576
2081,1.022976
2082,1.332224
2083,1.284096
2084,1.291264
2085,1.372160
2086,1.349632
2087,1.361920
2088,1.314816
2089,1.345536
2090,1.349632
2091,1.409024
2092,1.343488
2093,1.377280
2094,1.373184
2095,1.317888
2096,1.337344
2097,1.348608
2098,1.331200
2099,1.301504
2100,1.326080
2101,1.332224
2102,1.366016
2103,1.335296
2104,1.337344
2105,1.375232
2106,1.347584
2107,1.368064
2108,1.344512
2109,1.379328
2110,1.353728
2111,1.372160
2112,1.307648
2113,1.295360
2114,1.371136
2115,1.330176
2116,1.367040
2117,1.328128
2118,1.315840
2119,1.396736
2120,1.297408
2121,1.380352
2122,1.334272
2123,1.337344
2124,1.349632
2125,1.339392
2126,1.229824
2127,1.205248
2128,1.182720
2129,1.384448
2130,1.318912
2131,1.261568
2132,1.372160
2133,1.324032
2134,1.327104
2135,1.334272
2136,1.353728
2137,1.372160
2138,1.377280
2139,1.358848
2140,1.358848
2141,1.330176
2142,1.359872
2143,1.317888
2144,1.345536
2145,1.373184
2146,1.345536
2147,1.293312
2148,1.311744
2149,1.319936
2150,1.292288
2151,1.363968
2152,1.346560
2153,1.346560
2154,1.348608
2155,1.332224
2156,1.319936
2157,1.312768
2158,1.367040
2159,1.352704
2160,1.310720
2161,1.355776
2162,1.298432
2163,1.309696
2164,1.328128
2165,1.328128
2166,1.349632
2167,1.382400
2168,1.303552
2169,1.395712
2170,1.315840
2171,1.385472
2172,1.124352
2173,1.236992
2174,1.192960
2175,1.381376
2176,1.396736
2177,1.335296
2178,1.372160
2179,1.300480
2180,1.274880
2181,1.375232
2182,1.349632
2183,1.318912
2184,1.358848
2185,1.327104
2186,1.338368
2187,1.368064
2188,1.357824
2189,1.330176
2190,1.327104
2191,1.358848
2192,1.345536
2193,1.343488
2194,1.311744
2195,1.319936
2196,1.335296
2197,1.373184
2198,1.332224
2199,1.351680
2200,1.330176
2201,1.327104
2202,1.315840
2203,1.351680
2204,1.362944
2205,1.367040
2206,1.305600
2207,1.282048
2208,1.308672
2209,1.311744
2210,1.324032
2211,1.330176
2212,1.320960
2213,1.326080
2214,1.323008
2215,1.337344
2216,1.338368
2217,1.333248
2218,1.290240
2219,1.140736
2220,1.350656
2221,1.342464
2222,1.346560
2223,1.413120
2224,1.344512
2225,1.333248
2226,1.345536
2227,1.296384
2228,1.335296
2229,1.335296
2230,1.345536
2231,1.338368
2232,1.346560
2233,1.342464
2234,1.377280
2235,1.329152
2236,1.335296
2237,1.324032
2238,1.321984
2239,1.378304
2240,1.358848
2241,1.371136
2242,1.342464
2243,1.356800
2244,1.338368
2245,1.335296
2246,1.325056
2247,1.329152
2248,1.369088
2249,1.337344
2250,1.366016
2251,1.284096
2252,1.286144
2253,1.346560
2254,1.283072
2255,1.283072
2256,1.343488
2257,1.285120
2258,1.331200
2259,1.353728
2260,1.340416
2261,1.330176
2262,1.297408
2263,0.984064
2264,1.395712
2265,1.398784
2266,1.358848
2267,1.340416
2268,1.352704
2269,1.343488
2270,1.323008
2271,1.372160
2272,1.333248
2273,1.364992
2274,1.338368
2275,1.304576
2276,1.348608
2277,1.339392
2278,1.329152
2279,1.400832
2280,1.363968
2281,1.326080
2282,1.350656
2283,1.337344
2284,1.352704
2285,1.363968
2286,1.297408
2287,1.317888
2288,1.299456
2289,1.372160
2290,1.335296
2291,1.346560
2292,1.376256
2293,1.326080
2294,1.405952
2295,1.345536
2296,1.332224
2297,1.375232
2298,1.379328
2299,1.363968
2300,1.371136
2301,1.326080
2302,1.366016
2303,1.324032
2304,1.339392
2305,1.370112
2306,1.332224
2307,39.247871
2308,1.278976
2309,1.141760
2310,1.333248
2311,1.281024
2312,1.305600
2313,1.371136
2314,1.293312
2315,1.300480
2316,1.344512
2317,1.297408
2318,1.360896
2319,1.288192
2320,1.313792
2321,1.338368
2322,1.374208
2323,1.315840
2324,1.354752
2325,1.346560
2326,1.317888
2327,1.348608
2328,1.393664
2329,1.348608
2330,1.357824
2331,1.315840
2332,1.356800
2333,1.343488
2334,1.348608
2335,1.355776
2336,1.339392
2337,1.320960
2338,1.328128
2339,1.351680
2340,1.369088
2341,1.341440
2342,1.337344
2343,1.374208
2344,1.335296
2345,1.357824
2346,1.332224
2347,1.326080
2348,1.308672
2349,1.346560
2350,1.331200
2351,1.317888
2352,1.360896
2353,1.138688
2354,1.193984
2355,1.228800
2356,1.334272
2357,1.348608
2358,1.293312
2359,1.341440
2360,1.355776
2361,1.312768
2362,1.373184
2363,1.309696
2364,1.351680
2365,1.368064
2366,1.281024
2367,1.354752
2368,1.356800
2369,1.328128
2370,1.319936
2371,1.317888
2372,1.287168
2373,1.353728
2374,1.311744
2375,1.337344
2376,1.369088
2377,1.338368
2378,1.316864
2379,1.351680
2380,1.332224
2381,1.324032
2382,1.342464
2383,1.346560
2384,1.290240
2385,1.291264
2386,1.374208
2387,1.384448
2388,1.335296
2389,1.350656
2390,1.320960
2391,1.335296
2392,1.300480
2393,1.345536
2394,1.343488
2395,1.345536
2396,1.302528
2397,1.342464
2398,1.341440
2399,1.212416
2400,1.182720
2401,1.308672
2402,1.391616
2403,1.372160
2404,1.357824
2405,1.329152
2406,1.379328
2407,1.304576
2408,1.318912
2409,1.306624
2410,1.318912
2411,1.334272
2412,1.308672
2413,1.349632
2414,1.327104
2415,1.362944
2416,1.332224
2417,1.349632
2418,1.364992
2419,1.321984
2420,1.337344
2421,1.344512
2422,1.349632
2423,1.355776
2424,1.340416
2425,1.348608
2426,1.304576
2427,1.351680
2428,1.333248
2429,1.311744
2430,1.317888
2431,1.286144
2432,1.331200
2433,1.388544
2434,1.324032
2435,1.361920
2436,1.361920
2437,1.332224
2438,1.335296
2439,1.341440
2440,1.354752
2441,1.320960
2442,1.352704
2443,1.362944
2444,1.263616
2445,1.192960
2446,1.208320
2447,1.358848
2448,1.334272
2449,1.363968
2450,1.307648
2451,1.317888
2452,1.315840
2453,1.327104
2454,1.339392
2455,1.319936
2456,1.337344
2457,1.348608
2458,1.330176
2459,1.301504
2460,1.327104
2461,1.342464
2462,1.348608
2463,1.386496
2464,1.347584
2465,1.349632
2466,1.340416
2467,1.362944
2468,1.324032
2469,1.312768
2470,1.294336
2471,1.332224
2472,1.525760
2473,1.345536
2474,1.333248
2475,1.385472
2476,1.346560
2477,1.330176
2478,1.339392
2479,1.323008
2480,1.333248
2481,1.317888
2482,1.369088
2483,1.277952
2484,1.353728
2485,1.360896
2486,1.384448
2487,1.356800
2488,1.354752
2489,1.350656
2490,0.979968
2491,0.701440
2492,0.704512
2493,0.626688
2494,0.619520
2495,1.426432
2496,1.321984
2497,1.317888
2498,1.400832
2499,1.339392
2500,1.378304
2501,1.396736
2502,1.362944
2503,1.302528
2504,1.355776
2505,1.350656
2506,1.356800
2507,1.403904
2508,1.323008
2509,1.340416
2510,1.309696
2511,1.398784
2512,1.355776
2513,1.341440
2514,1.355776
2515,1.378304
2516,1.325056
2517,1.292288
2518,1.324032
2519,1.307648
2520,1.343488
2521,1.367040
2522,1.297408
2523,1.321984
2524,1.329152
2525,1.321984
2526,1.355776
2527,1.348608
2528,1.318912
2529,1.305600
2530,1.381376
2531,1.362944
2532,1.375232
2533,1.347584
2534,1.360896
2535,1.316864
2536,1.352704
2537,1.341440
2538,1.363968
2539,1.208320
2540,0.797696
2541,1.394688
2542,1.298432
2543,1.264640
2544,1.361920
2545,1.341440
2546,1.353728
2547,1.358848
2548,1.297408
2549,1.326080
2550,1.320960
2551,1.305600
2552,1.319936
2553,1.330176
2554,1.318912
2555,1.319936
2556,1.370112
2557,1.339392
2558,1.363968
2559,1.332224
2560,1.378304
2561,1.294336
2562,1.388544
2563,1.359872
2564,1.372160
2565,1.359872
2566,1.388544
2567,1.350656
2568,1.344512
2569,1.371136
2570,1.309696
2571,1.357824
2572,1.350656
2573,1.357824
2574,1.390592
2575,1.354752
2576,1.357824
2577,1.390592
2578,1.333248
2579,1.370112
2580,1.341440
2581,1.347584
2582,1.317888
2583,1.316864
2584,1.388544
2585,1.326080
2586,1.088512
2587,0.705536
2588,1.414144
2589,1.335296
2590,1.370112
2591,1.353728
2592,1.363968
2593,1.350656
2594,1.346560
2595,1.324032
2596,1.372160
2597,1.342464
2598,1.358848
2599,1.358848
2600,1.329152
2601,1.353728
2602,1.341440
2603,1.339392
2604,1.306624
2605,1.326080
2606,1.351680
2607,1.313792
2608,1.324032
2609,1.314816
2610,1.382400
2611,1.373184
2612,1.363968
2613,1.404928
2614,1.335296
2615,1.376256
2616,1.381376
2617,1.326080
2618,1.329152
2619,1.366016
2620,1.368064
2621,1.368064
2622,1.345536
2623,1.344512
2624,1.339392
2625,1.377280
2626,1.308672
2627,1.374208
2628,1.325056
2629,1.314816
2630,1.359872
2631,1.318912
2632,1.392640
2633,1.336320
2634,1.347584
2635,1.328128
2636,1.266688
2637,1.309696
2638,1.383424
2639,1.328128
2640,1.289216
2641,1.315840
2642,1.359872
2643,1.335296
2644,1.363968
2645,1.406976
2646,1.344512
2647,1.289216
2648,1.358848
2649,1.340416
2650,1.342464
2651,1.314816
2652,1.329152
2653,1.330176
2654,1.306624
2655,1.356800
2656,1.372160
2657,1.386496
2658,1.366016
2659,1.342464
2660,1.364992
2661,1.354752
2662,1.351680
2663,1.297408
2664,1.325056
2665,1.286144
2666,1.328128
2667,1.308672
2668,1.330176
2669,1.317888
2670,1.348608
2671,1.327104
2672,1.341440
2673,1.333248
2674,1.356800
2675,1.341440
2676,1.317888
2677,1.359872
2678,1.298432
2679,1.249280
2680,1.292288
2681,1.308672
2682,1.342464
2683,1.366016
2684,1.345536
2685,1.359872
2686,1.343488
2687,1.348608
2688,1.384448
2689,1.328128
2690,1.391616
2691,1.323008
2692,1.324032
2693,1.339392
2694,1.325056
2695,1.283072
2696,1.380352
2697,1.341440
2698,1.339392
2699,1.320960
2700,1.371136
2701,1.328128
2702,1.327104
2703,1.337344
2704,1.356800
2705,1.315840
2706,1.375232
2707,1.355776
2708,1.312768
2709,1.327104
2710,1.335296
2711,1.311744
2712,1.312768
2713,1.344512
2714,1.371136
2715,1.315840
2716,1.312768
2717,1.401856
2718,1.332224
2719,1.367040
2720,1.382400
2721,1.260544
2722,1.063936
2723,1.310720
2724,1.190912
2725,1.297408
2726,1.336320
2727,1.354752
2728,1.312768
2729,1.348608
2730,1.330176
2731,1.363968
2732,1.354752
2733,1.340416
2734,1.275904
2735,1.382400
2736,1.337344
2737,1.363968
2738,1.310720
2739,1.352704
2740,1.353728
2741,1.305600
2742,1.342464
2743,1.308672
2744,1.320960
2745,1.340416
2746,1.353728
2747,1.301504
2748,1.360896
2749,1.327104
2750,1.366016
2751,1.344512
2752,1.342464
2753,1.355776
2754,1.329152
2755,1.337344
2756,1.351680
2757,1.333248
2758,1.306624
2759,1.281024
2760,1.274880
2761,1.308672
2762,1.353728
2763,1.316864
2764,1.327104
2765,1.343488
2766,1.332224
2767,1.349632
2768,1.234944
2769,1.134592
2770,1.302528
2771,1.295360
2772,1.289216
2773,1.336320
2774,1.306624
2775,1.317888
2776,1.337344
2777,1.337344
2778,1.318912
2779,1.336320
2780,1.321984
2781,1.333248
2782,1.315840
2783,1.306624
2784,1.341440
2785,1.329152
2786,1.317888
2787,1.344512
2788,1.309696
2789,1.335296
2790,1.347584
2791,1.304576
2792,1.378304
2793,1.282048
2794,1.313792
2795,1.339392
2796,1.277952
2797,1.337344
2798,1.346560
2799,1.390592
2800,1.395712
2801,1.339392
2802,1.324032
2803,1.363968
2804,1.398784
2805,1.258496
2806,1.373184
2807,1.396736
2808,1.312768
2809,1.394688
2810,1.382400
2811,1.351680
2812,1.293312
2813,1.044480
2814,0.827392
2815,0.637952
2816,0.616448
2817,0.589824
2818,0.566272
2819,0.565248
2820,1.334272
2821,1.611776
2822,1.391616
2823,1.337344
2824,1.370112
2825,1.361920
2826,1.336320
2827,1.340416
2828,1.312768
2829,1.349632
2830,1.392640
2831,1.318912
2832,1.341440
2833,1.307648
2834,1.366016
2835,1.277952
2836,1.335296
2837,1.348608
2838,1.329152
2839,1.378304
2840,1.334272
2841,1.340416
2842,1.360896
2843,1.327104
2844,1.329152
2845,1.352704
2846,1.351680
2847,1.305600
2848,1.351680
2849,1.338368
2850,1.315840
2851,1.276928
2852,1.344512
2853,1.377280
2854,1.345536
2855,1.373184
2856,1.345536
2857,1.382400
2858,1.334272
2859,1.354752
2860,1.346560
2861,1.306624
2862,1.285120
2863,1.349632
2864,1.268736
2865,1.287168
2866,1.172480
2867,1.319936
2868,1.261568
2869,1.303552
2870,1.336320
2871,1.302528
2872,1.305600
2873,1.303552
2874,1.337344
2875,1.351680
2876,1.309696
2877,1.339392
2878,1.354752
2879,1.342464
2880,1.313792
2881,1.327104
2882,1.309696
2883,1.329152
2884,1.332224
2885,1.357824
2886,1.337344
2887,1.324032
2888,1.320960
2889,1.320960
2890,1.351680
2891,1.315840
2892,1.391616
2893,1.383424
2894,1.360896
2895,1.306624
2896,1.297408
2897,1.465344
2898,1.389568
2899,1.376256
2900,1.336320
2901,1.371136
2902,1.312768
2903,1.321984
2904,1.355776
2905,1.354752
2906,1.289216
2907,1.379328
2908,1.393664
2909,1.330176
2910,1.039360
2911,0.756736
2912,1.388544
2913,1.346560
2914,1.360896
2915,1.310720
2916,1.323008
2917,1.344512
2918,1.330176
2919,1.289216
2920,1.346560
2921,1.330176
2922,1.370112
2923,1.312768
2924,1.411072
2925,1.378304
2926,1.352704
2927,1.341440
2928,1.340416
2929,1.354752
2930,1.360896
2931,1.311744
2932,1.372160
2933,1.328128
2934,1.379328
2935,1.330176
2936,1.328128
2937,1.375232
2938,1.342464
2939,1.325056
2940,1.336320
2941,1.347584
2942,1.333248
2943,1.371136
2944,1.368064
2945,1.319936
2946,1.368064
2947,1.354752
2948,1.325056
2949,1.354752
2950,1.328128
2951,1.337344
2952,1.376256
2953,1.323008
2954,1.362944
2955,1.306624
2956,1.192960
2957,1.136640
2958,1.256448
2959,1.310720
2960,1.309696
2961,1.307648
2962,1.369088
2963,1.334272
2964,1.312768
2965,1.326080
2966,1.368064
2967,1.241088
2968,1.379328
2969,1.372160
2970,1.362944
2971,1.371136
2972,1.324032
2973,1.313792
2974,1.379328
2975,1.278976
2976,1.310720
2977,1.271808
2978,1.306624
2979,1.336320
2980,1.315840
2981,1.353728
2982,1.317888
2983,1.350656
2984,1.341440
2985,1.354752
2986,1.341440
2987,1.352704
2988,1.330176
2989,1.304576
2990,1.318912
2991,1.368064
2992,1.355776
2993,1.354752
2994,1.366016
2995,1.321984
2996,1.358848
2997,1.319936
2998,1.369088
2999,1.269760
3000,1.374208
3001,1.206272
3002,1.410048
3003,1.390592
3004,1.314816
3005,1.298432
3006,1.342464
3007,1.308672
3008,1.303552
3009,1.371136
3010,1.394688
3011,1.399808
3012,1.312768
3013,1.342464
3014,1.336320
3015,1.300480
3016,1.324032
3017,1.366016
3018,1.326080
3019,1.331200
3020,1.392640
3021,1.385472
3022,1.320960
3023,1.363968
3024,1.301504
3025,1.355776
3026,1.284096
3027,1.324032
3028,1.301504
3029,1.335296
3030,1.371136
3031,1.315840
3032,1.360896
3033,1.340416
3034,1.316864
3035,1.350656
3036,1.373184
3037,1.339392
3038,1.384448
3039,1.349632
3040,1.356800
3041,1.347584
3042,1.361920
3043,1.409024
3044,1.353728
3045,1.347584
3046,1.300480
3047,1.263616
3048,1.120256
3049,1.316864
3050,1.306624
3051,1.315840
3052,1.355776
3053,1.341440
3054,1.314816
3055,1.359872
3056,1.341440
3057,1.351680
3058,1.343488
3059,1.343488
3060,1.319936
3061,1.324032
3062,1.340416
3063,1.349632
3064,1.348608
3065,1.329152
3066,1.306624
3067,1.352704
3068,1.361920
3069,1.328128
3070,1.336320
3071,1.325056
3072,1.352704
3073,1.349632
3074,1.348608
3075,1.364992
3076,1.335296
3077,1.253376
3078,1.296384
3079,1.339392
3080,1.368064
3081,1.388544
3082,1.321984
3083,1.337344
3084,1.391616
3085,1.309696
3086,1.303552
3087,1.315840
3088,1.360896
3089,1.352704
3090,1.320960
3091,1.288192
3092,1.041408
3093,1.371136
3094,1.353728
3095,1.298432
3096,1.397760
3097,1.286144
3098,1.466368
3099,1.324032
3100,1.306624
3101,1.260544
3102,1.348608
3103,1.376256
3104,1.345536
3105,1.316864
3106,1.294336
3107,1.405952
3108,1.334272
3109,1.350656
3110,1.422336
3111,1.347584
3112,1.320960
3113,1.331200
3114,1.368064
3115,1.374208
3116,1.347584
3117,1.350656
3118,1.324032
3119,1.350656
3120,1.372160
3121,1.378304
3122,1.376256
3123,1.372160
3124,1.317888
3125,1.357824
3126,1.354752
3127,1.386496
3128,1.392640
3129,1.289216
3130,1.332224
3131,1.347584
3132,1.375232
3133,1.321984
3134,1.349632
3135,1.359872
3136,1.359872
3137,1.254400
3138,1.127424
3139,1.287168
3140,1.326080
3141,1.269760
3142,1.343488
3143,1.362944
3144,1.317888
3145,1.350656
3146,1.289216
3147,1.252352
3148,1.296384
3149,1.299456
3150,1.336320
3151,1.316864
3152,1.361920
3153,1.347584
3154,1.313792
3155,1.288192
3156,1.312768
3157,1.341440
3158,1.360896
3159,1.349632
3160,1.337344
3161,1.350656
3162,1.356800
3163,1.345536
3164,1.325056
3165,1.373184
3166,1.302528
3167,1.333248
3168,1.333248
3169,1.328128
3170,1.306624
3171,1.393664
3172,1.307648
3173,1.343488
3174,1.358848
3175,1.352704
3176,1.372160
3177,1.346560
3178,1.403904
3179,1.325056
3180,1.347584
3181,1.321984
3182,1.253376
3183,0.953344
3184,1.340416
3185,1.251328
3186,1.281024
3187,1.323008
3188,1.296384
3189,1.340416
3190,1.346560
3191,1.381376
3192,1.354752
3193,1.347584
3194,1.344512
3195,1.347584
3196,1.299456
3197,1.290240
3198,1.307648
3199,1.310720
3200,1.307648
3201,1.352704
3202,1.326080
3203,1.381376
3204,1.326080
3205,1.321984
3206,1.313792
3207,1.333248
3208,1.289216
3209,1.385472
3210,1.351680
3211,1.335296
3212,1.323008
3213,1.326080
3214,1.347584
3215,1.355776
3216,1.334272
3217,1.386496
3218,1.347584
3219,1.372160
3220,1.346560
3221,1.339392
3222,1.351680
3223,1.374208
3224,1.344512
3225,1.369088
3226,1.359872
3227,1.357824
3228,1.296384
3229,1.069056
3230,1.423360
3231,1.352704
3232,1.254400
3233,1.323008
3234,1.367040
3235,1.276928
3236,1.344512
3237,1.364992
3238,1.523712
3239,1.373184
3240,1.351680
3241,1.342464
3242,1.321984
3243,1.353728
3244,1.340416
3245,1.354752
3246,1.308672
3247,1.312768
3248,1.320960
3249,1.333248
3250,1.367040
3251,1.328128
3252,1.309696
3253,1.375232
3254,1.301504
3255,1.308672
3256,1.343488
3257,1.348608
3258,1.360896
3259,1.356800
3260,1.343488
3261,1.320960
3262,1.335296
3263,1.305600
3264,1.324032
3265,1.338368
3266,1.362944
3267,1.366016
3268,1.344512
3269,1.400832
3270,1.329152
3271,1.357824
3272,1.341440
3273,1.340416
3274,1.126400
3275,1.386496
3276,1.397760
3277,1.354752
3278,1.327104
3279,1.349632
3280,1.366016
3281,1.377280
3282,1.361920
3283,1.277952
3284,1.363968
3285,1.316864
3286,1.470464
3287,1.385472
3288,1.317888
3289,1.353728
3290,1.339392
3291,1.375232
3292,1.305600
3293,1.343488
3294,1.323008
3295,1.364992
3296,1.355776
3297,1.311744
3298,1.313792
3299,1.288192
3300,1.302528
3301,1.347584
3302,1.376256
3303,1.355776
3304,1.352704
3305,1.367040
3306,1.347584
3307,1.345536
3308,1.362944
3309,1.324032
3310,1.347584
3311,1.352704
3312,1.310720
3313,1.348608
3314,1.318912
3315,1.351680
3316,1.332224
3317,1.301504
3318,1.375232
3319,1.301504
3320,1.290240
3321,1.227776
3322,1.242112
3323,1.321984
3324,1.329152
3325,1.388544
3326,1.328128
3327,1.343488
3328,1.309696
3329,1.325056
3330,1.338368
3331,1.495040
3332,1.345536
3333,1.358848
3334,1.372160
3335,1.333248
3336,1.357824
3337,1.400832
3338,1.382400
3339,1.366016
3340,1.350656
3341,1.368064
3342,1.348608
3343,1.353728
3344,1.341440
3345,1.324032
3346,1.371136
3347,1.344512
3348,1.308672
3349,1.323008
3350,1.340416
3351,1.343488
3352,1.353728
3353,1.312768
3354,1.326080
3355,1.329152
3356,1.318912
3357,1.326080
3358,1.375232
3359,1.348608
3360,1.372160
3361,1.334272
3362,1.346560
3363,1.393664
3364,1.217536
3365,1.291264
3366,1.175552
3367,1.313792
3368,1.298432
3369,1.313792
3370,1.269760
3371,1.327104
3372,1.348608
3373,1.337344
3374,1.354752
3375,1.374208
3376,1.290240
3377,1.282048
3378,1.330176
3379,1.316864
3380,1.335296
3381,1.281024
3382,1.346560
3383,1.287168
3384,1.312768
3385,1.298432
3386,1.318912
3387,1.317888
3388,1.402880
3389,1.355776
3390,1.310720
3391,1.284096
3392,1.298432
3393,1.317888
3394,1.310720
3395,1.321984
3396,1.325056
3397,1.272832
3398,1.319936
3399,1.319936
3400,1.293312
3401,1.355776
3402,1.298432
3403,1.358848
3404,1.359872
3405,1.324032
3406,1.346560
3407,1.332224
3408,1.403904
3409,1.381376
3410,1.259520
3411,1.359872
3412,1.351680
3413,1.268736
3414,1.291264
3415,1.360896
3416,1.337344
3417,1.344512
3418,1.310720
3419,1.397760
3420,1.348608
3421,1.310720
3422,1.297408
3423,1.325056
3424,1.316864
3425,1.283072
3426,1.276928
3427,1.385472
3428,1.244160
3429,1.349632
3430,1.342464
3431,1.320960
3432,1.363968
3433,1.306624
3434,1.352704
3435,1.377280
3436,1.375232
3437,1.377280
3438,1.346560
3439,1.336320
3440,1.320960
3441,1.300480
3442,1.355776
3443,1.294336
3444,1.347584
3445,1.299456
3446,1.302528
3447,1.367040
3448,1.397760
3449,1.341440
3450,1.336320
3451,1.353728
3452,1.341440
3453,1.347584
3454,1.356800
3455,1.286144
3456,0.951296
3457,0.667648
3458,1.452032
3459,1.406976
3460,1.373184
3461,1.389568
3462,1.379328
3463,1.389568
3464,1.390592
3465,1.327104
3466,1.350656
3467,1.337344
3468,1.349632
3469,1.337344
3470,1.339392
3471,1.353728
3472,1.351680
3473,1.339392
3474,1.281024
3475,1.327104
3476,1.372160
3477,1.310720
3478,1.323008
3479,1.405952
3480,1.353728
3481,1.364992
3482,1.356800
3483,1.383424
3484,1.370112
3485,1.490944
3486,1.339392
3487,1.310720
3488,1.373184
3489,1.347584
3490,1.326080
3491,1.354752
3492,1.387520
3493,1.323008
3494,1.311744
3495,1.343488
3496,1.323008
3497,1.327104
3498,1.360896
3499,1.331200
3500,1.371136
3501,1.299456
3502,1.062912
3503,0.807936
3504,0.746496
3505,1.315840
3506,1.217536
3507,1.301504
3508,1.328128
3509,1.314816
3510,1.317888
3511,1.373184
3512,1.393664
3513,1.360896
3514,1.339392
3515,1.391616
3516,1.349632
3517,1.323008
3518,1.387520
3519,1.362944
3520,1.289216
3521,1.311744
3522,1.335296
3523,1.274880
3524,1.294336
3525,1.330176
3526,1.331200
3527,1.289216
3528,1.340416
3529,1.413120
3530,1.377280
3531,1.375232
3532,1.351680
3533,1.339392
3534,1.358848
3535,1.654784
3536,1.303552
3537,1.346560
3538,1.339392
3539,1.290240
3540,1.344512
3541,1.357824
3542,1.318912
3543,1.355776
3544,1.343488
3545,1.355776
3546,1.361920
3547,1.290240
3548,1.314816
3549,1.260544
3550,1.026048
3551,1.315840
3552,1.185792
3553,1.343488
3554,1.369088
3555,1.325056
3556,1.354752
3557,1.323008
3558,1.314816
3559,1.298432
3560,1.345536
3561,1.337344
3562,1.341440
3563,1.327104
3564,1.351680
3565,1.341440
3566,1.387520
3567,1.344512
3568,1.335296
3569,1.294336
3570,1.352704
3571,1.247232
3572,1.356800
3573,1.350656
3574,1.360896
3575,1.325056
3576,1.327104
3577,1.294336
3578,1.341440
3579,1.371136
3580,1.342464
3581,1.368064
3582,1.327104
3583,1.327104
3584,1.336320
3585,1.324032
3586,1.357824
3587,1.340416
3588,1.311744
3589,1.352704
3590,1.336320
3591,1.350656
3592,1.300480
3593,1.356800
3594,1.330176
3595,1.327104
3596,1.172480
3597,1.301504
3598,1.280000
3599,1.368064
3600,1.341440
3601,1.323008
3602,1.352704
3603,1.364992
3604,1.311744
3605,1.296384
3606,1.346560
3607,1.339392
3608,1.342464
3609,1.305600
3610,1.289216
3611,1.327104
3612,1.347584
3613,1.303552
3614,1.305600
3615,1.350656
3616,1.270784
3617,1.274880
3618,1.366016
3619,1.314816
3620,1.380352
3621,1.341440
3622,1.306624
3623,1.354752
3624,1.345536
3625,1.350656
3626,1.294336
3627,1.379328
3628,1.347584
3629,1.337344
3630,1.326080
3631,1.355776
3632,1.304576
3633,1.299456
3634,1.353728
3635,1.364992
3636,1.343488
3637,1.346560
3638,1.321984
3639,1.378304
3640,1.355776
3641,1.210368
3642,1.312768
3643,1.199104
3644,1.323008
3645,1.330176
3646,1.341440
3647,1.343488
3648,1.248256
3649,1.314816
3650,1.314816
3651,1.303552
3652,1.362944
3653,1.326080
3654,1.300480
3655,1.314816
3656,1.370112
3657,1.359872
3658,1.347584
3659,1.334272
3660,1.330176
3661,1.345536
3662,1.320960
3663,1.285120
3664,1.316864
3665,1.367040
3666,1.316864
3667,1.305600
3668,1.281024
3669,1.306624
3670,1.292288
3671,1.338368
3672,1.357824
3673,1.356800
3674,1.325056
3675,1.299456
3676,1.353728
3677,1.320960
3678,1.304576
3679,1.377280
3680,1.353728
3681,1.350656
3682,1.326080
3683,1.396736
3684,1.331200
3685,1.353728
3686,1.320960
3687,1.288192
3688,0.864256
3689,1.312768
3690,1.299456
3691,1.308672
3692,1.328128
3693,1.340416
3694,1.305600
3695,1.326080
3696,1.382400
3697,1.369088
3698,1.337344
3699,1.352704
3700,1.294336
3701,1.337344
3702,1.308672
3703,1.335296
3704,1.309696
3705,1.360896
3706,1.334272
3707,1.343488
3708,1.347584
3709,1.318912
3710,1.363968
3711,1.319936
3712,1.292288
3713,1.309696
3714,1.337344
3715,1.303552
3716,1.298432
3717,1.319936
3718,1.265664
3719,1.341440
3720,1.364992
3721,1.359872
3722,1.334272
3723,1.367040
3724,1.359872
3725,1.356800
3726,1.435648
3727,1.394688
3728,1.360896
3729,1.302528
3730,1.325056
3731,1.321984
3732,1.332224
3733,1.249280
3734,1.327104
3735,1.198080
3736,1.280000
3737,1.318912
3738,1.357824
3739,1.307648
3740,1.321984
3741,1.316864
3742,1.318912
3743,1.318912
3744,1.307648
3745,1.311744
3746,1.340416
3747,1.326080
3748,1.369088
3749,1.364992
3750,1.332224
3751,1.323008
3752,1.293312
3753,1.331200
3754,1.291264
3755,1.302528
3756,1.373184
3757,1.328128
3758,1.299456
3759,1.286144
3760,1.314816
3761,1.357824
3762,1.319936
3763,1.329152
3764,1.354752
3765,1.316864
3766,1.404928
3767,1.380352
3768,1.370112
3769,1.329152
3770,1.324032
3771,1.300480
3772,1.318912
3773,1.352704
3774,1.464320
3775,1.284096
3776,1.345536
3777,1.334272
3778,1.355776
3779,1.230848
3780,0.773120
3781,0.612352
3782,0.607232
3783,0.603136
3784,0.598016
3785,1.312768
3786,1.391616
3787,1.346560
3788,1.344512
3789,1.351680
3790,1.373184
3791,1.351680
3792,1.324032
3793,1.338368
3794,1.329152
3795,1.296384
3796,1.363968
3797,1.287168
3798,1.313792
3799,1.368064
3800,1.335296
3801,1.362944
3802,1.349632
3803,1.326080
3804,1.357824
3805,1.350656
3806,1.309696
3807,1.368064
3808,1.314816
3809,1.310720
3810,1.346560
3811,1.376256
3812,1.360896
3813,1.358848
3814,1.316864
3815,1.329152
3816,1.377280
3817,1.348608
3818,1.324032
3819,1.328128
3820,1.287168
3821,1.355776
3822,1.378304
3823,1.341440
3824,1.375232
3825,1.359872
3826,1.366016
3827,1.361920
3828,1.288192
3829,1.280000
3830,1.224704
3831,1.166336
3832,1.373184
3833,1.328128
3834,1.343488
3835,1.368064
3836,1.358848
3837,1.337344
3838,1.341440
3839,1.349632
3840,1.315840
3841,1.300480
3842,1.299456
3843,1.389568
3844,1.360896
3845,1.331200
3846,1.318912
3847,1.352704
3848,1.324032
3849,1.367040
3850,1.360896
3851,1.341440
3852,1.318912
3853,1.323008
3854,1.307648
3855,1.351680
3856,1.324032
3857,1.363968
3858,1.349632
3859,1.392640
3860,1.373184
3861,1.329152
3862,1.303552
3863,1.309696
3864,1.289216
3865,1.333248
3866,1.318912
3867,1.326080
3868,1.370112
3869,1.340416
3870,1.354752
3871,1.356800
3872,1.366016
3873,1.308672
3874,1.341440
3875,1.277952
3876,0.976896
3877,1.277952
3878,1.215488
3879,1.358848
3880,1.315840
3881,1.401856
3882,1.368064
3883,1.297408
3884,1.350656
3885,1.301504
3886,1.327104
3887,1.347584
3888,1.309696
3889,1.284096
3890,1.291264
3891,1.332224
3892,1.312768
3893,1.300480
3894,1.296384
3895,1.333248
3896,1.309696
3897,1.299456
3898,1.299456
3899,1.353728
3900,1.340416
3901,1.263616
3902,1.335296
3903,1.310720
3904,1.356800
3905,1.319936
3906,1.402880
3907,1.290240
3908,1.373184
3909,1.349632
3910,1.355776
3911,1.333248
3912,1.331200
3913,1.360896
3914,1.319936
3915,1.367040
3916,1.280000
3917,1.338368
3918,1.321984
3919,1.321984
3920,1.371136
3921,1.349632
3922,1.268736
3923,0.829440
3924,0.587776
3925,0.571392
3926,0.566272
3927,1.371136
3928,1.387520
3929,1.336320
3930,1.348608
3931,1.310720
3932,1.346560
3933,1.346560
3934,1.320960
3935,1.330176
3936,1.297408
3937,1.353728
3938,1.363968
3939,1.368064
3940,1.352704
3941,1.332224
3942,1.321984
3943,1.311744
3944,1.341440
3945,1.350656
3946,1.347584
3947,1.321984
3948,1.290240
3949,1.332224
3950,1.378304
3951,1.350656
3952,1.354752
3953,1.391616
3954,1.397760
3955,1.318912
3956,1.341440
3957,1.348608
3958,1.346560
3959,1.317888
3960,1.370112
3961,1.391616
3962,1.360896
3963,1.334272
3964,1.343488
3965,1.336320
3966,1.373184
3967,1.363968
3968,1.382400
3969,1.336320
3970,1.360896
3971,1.156096
3972,0.827392
3973,0.645120
3974,0.613376
3975,0.594944
3976,1.395712
3977,1.404928
3978,1.301504
3979,1.384448
3980,1.348608
3981,1.344512
3982,1.375232
3983,1.360896
3984,1.323008
3985,1.330176
3986,1.360896
3987,1.319936
3988,1.317888
3989,1.350656
3990,1.321984
3991,1.341440
3992,1.324032
3993,1.355776
3994,1.349632
3995,1.371136
3996,1.366016
3997,1.408000
3998,1.338368
3999,1.293312
4000,1.338368
4001,1.344512
4002,1.320960
4003,1.377280
4004,1.278976
4005,1.314816
4006,1.511424
4007,1.352704
4008,1.304576
4009,1.325056
4010,1.362944
4011,1.321984
4012,1.346560
4013,1.355776
4014,1.309696
4015,1.352704
4016,1.332224
4017,1.362944
4018,1.326080
4019,1.437696
4020,1.192960
4021,0.846848
4022,1.396736
4023,1.360896
4024,1.328128
4025,1.355776
4026,1.362944
4027,1.344512
4028,1.287168
4029,1.362944
4030,1.344512
4031,1.332224
4032,1.297408
4033,1.347584
4034,1.400832
4035,1.370112
4036,1.371136
4037,1.318912
4038,1.375232
4039,1.301504
4040,1.340416
4041,1.331200
4042,1.363968
4043,1.391616
4044,1.304576
4045,1.374208
4046,1.313792
4047,1.302528
4048,1.361920
4049,1.355776
4050,1.378304
4051,1.398784
4052,1.345536
4053,1.564672
4054,1.387520
4055,1.363968
4056,1.343488
4057,1.329152
4058,1.354752
4059,1.372160
4060,1.319936
4061,1.317888
4062,1.315840
4063,1.317888
4064,1.360896
4065,1.307648
4066,1.258496
4067,1.229824
4068,1.241088
4069,1.318912
4070,1.327104
4071,1.311744
4072,1.272832
4073,1.318912
4074,1.374208
4075,1.289216
4076,1.363968
4077,1.378304
4078,1.349632
4079,1.349632
4080,1.358848
4081,1.316864
4082,1.303552
4083,1.312768
4084,1.292288
4085,1.288192
4086,1.363968
4087,1.339392
4088,1.369088
4089,1.270784
4090,1.334272
4091,1.539072
4092,1.320960
4093,1.372160
4094,1.317888
4095,1.339392
4096,1.323008
4097,1.342464
4098,1.355776
4099,1.383424
4100,1.337344
4101,1.318912
4102,1.330176
4103,1.372160
4104,1.311744
4105,1.315840
4106,1.358848
4107,1.320960
4108,1.341440
4109,1.310720
4110,1.314816
4111,1.240064
4112,0.871424
4113,1.370112
4114,1.383424
4115,1.364992
4116,1.386496
4117,1.344512
4118,1.396736
4119,1.353728
4120,1.354752
4121,1.389568
4122,1.292288
4123,1.358848
4124,1.331200
4125,1.379328
4126,1.300480
4127,1.299456
4128,1.347584
4129,1.344512
4130,1.335296
4131,1.339392
4132,1.304576
4133,1.362944
4134,1.377280
4135,1.391616
4136,1.360896
4137,1.359872
4138,1.347584
4139,1.326080
4140,1.275904
4141,1.349632
4142,1.327104
4143,1.305600
4144,1.327104
4145,1.341440
4146,1.316864
4147,1.342464
4148,1.366016
4149,1.296384
4150,1.330176
4151,1.353728
4152,1.284096
4153,1.342464
4154,1.374208
4155,1.296384
4156,1.357824
4157,1.292288
4158,1.257472
4159,1.188864
4160,1.289216
4161,1.345536
4162,1.271808
4163,1.339392
4164,1.327104
4165,1.333248
4166,1.349632
4167,1.341440
4168,1.342464
4169,1.332224
4170,1.512448
4171,1.313792
4172,1.318912
4173,1.308672
4174,1.300480
4175,1.220608
4176,1.324032
4177,1.294336
4178,1.340416
4179,1.283072
4180,1.355776
4181,1.318912
4182,1.325056
4183,1.317888
4184,1.357824
4185,1.338368
4186,1.300480
4187,1.336320
4188,1.315840
4189,1.367040
4190,1.394688
4191,1.408000
4192,1.347584
4193,1.398784
4194,1.379328
4195,1.344512
4196,1.320960
4197,1.323008
4198,1.355776
4199,1.355776
4200,1.355776
4201,1.309696
4202,1.310720
4203,1.112064
4204,1.389568
4205,1.350656
4206,1.383424
4207,1.344512
4208,1.355776
4209,1.333248
4210,1.303552
4211,1.346560
4212,1.286144
4213,1.345536
4214,1.321984
4215,1.343488
4216,1.374208
4217,1.327104
4218,1.369088
4219,1.327104
4220,1.355776
4221,1.396736
4222,1.285120
4223,1.296384
4224,1.309696
4225,1.339392
4226,1.304576
4227,1.364992
4228,1.332224
4229,1.381376
4230,1.340416
4231,1.314816
4232,1.326080
4233,1.319936
4234,1.358848
4235,1.348608
4236,1.303552
4237,1.362944
4238,1.298432
4239,1.285120
4240,1.312768
4241,1.398784
4242,1.348608
4243,1.310720
4244,1.332224
4245,1.374208
4246,1.330176
4247,1.323008
4248,1.257472
4249,1.062912
4250,1.326080
4251,1.212416
4252,1.483776
4253,1.315840
4254,1.289216
4255,1.315840
4256,1.336320
4257,1.294336
4258,1.300480
4259,1.363968
4260,1.377280
4261,1.384448
4262,1.400832
4263,1.375232
4264,1.320960
4265,1.338368
4266,1.304576
4267,1.349632
4268,1.356800
4269,1.348608
4270,1.413120
4271,1.408000
4272,1.340416
4273,1.320960
4274,1.317888
4275,1.347584
4276,1.294336
4277,1.353728
4278,1.333248
4279,1.329152
4280,1.388544
4281,1.324032
4282,1.343488
4283,1.311744
4284,1.398784
4285,1.333248
4286,1.346560
4287,1.352704
4288,1.366016
4289,1.320960
4290,1.309696
4291,1.311744
4292,1.354752
4293,1.285120
4294,1.255424
4295,1.054720
4296,0.720896
4297,0.622592
4298,0.617472
4299,1.079296
4300,1.215488
4301,1.363968
4302,1.501184
4303,1.293312
4304,1.338368
4305,1.347584
4306,1.320960
4307,1.308672
4308,1.303552
4309,1.298432
4310,1.299456
4311,1.288192
4312,1.378304
4313,1.345536
4314,1.344512
4315,1.339392
4316,1.335296
4317,1.340416
4318,1.374208
4319,1.349632
4320,1.348608
4321,1.399808
4322,1.348608
4323,1.337344
4324,1.303552
4325,1.371136
4326,1.302528
4327,1.313792
4328,1.326080
4329,1.340416
4330,1.343488
4331,1.362944
4332,1.348608
4333,1.360896
4334,1.289216
4335,1.325056
4336,1.333248
4337,1.319936
4338,1.354752
4339,1.359872
4340,1.320960
4341,1.324032
4342,1.395712
4343,1.301504
4344,1.288192
4345,1.123328
4346,1.315840
4347,1.506304
4348,1.291264
4349,1.296384
4350,1.318912
4351,1.345536
4352,1.328128
4353,1.306624
4354,1.324032
4355,1.281024
4356,1.313792
4357,1.320960
4358,1.324032
4359,1.319936
4360,1.329152
4361,1.357824
4362,1.372160
4363,1.326080
4364,1.324032
4365,1.338368
4366,1.329152
4367,1.296384
4368,1.324032
4369,1.360896
4370,1.329152
4371,1.328128
4372,1.302528
4373,1.306624
4374,1.376256
4375,1.336320
4376,1.338368
4377,1.335296
4378,1.300480
4379,1.294336
4380,1.282048
4381,1.324032
4382,1.379328
4383,1.307648
4384,1.368064
4385,1.350656
4386,1.338368
4387,1.367040
4388,1.398784
4389,1.231872
4390,1.320960
4391,1.134592
4392,1.354752
4393,1.364992
4394,1.372160
4395,1.375232
4396,1.358848
4397,1.315840
4398,1.346560
4399,1.301504
4400,1.325056
4401,1.299456
4402,1.299456
4403,1.319936
4404,1.318912
4405,1.319936
4406,1.339392
4407,1.359872
4408,1.309696
4409,1.362944
4410,1.337344
4411,1.313792
4412,1.308672
4413,1.364992
4414,1.331200
4415,1.355776
4416,1.357824
4417,1.321984
4418,1.312768
4419,1.373184
4420,1.316864
4421,1.298432
4422,1.380352
4423,1.311744
4424,1.471488
4425,1.404928
4426,1.357824
4427,1.387520
4428,1.358848
4429,1.352704
4430,1.353728
4431,1.327104
4432,1.319936
4433,1.348608
4434,1.353728
4435,1.051648
4436,1.297408
4437,1.339392
4438,1.345536
4439,1.301504
4440,1.300480
4441,1.341440
4442,1.367040
4443,1.399808
4444,1.332224
4445,1.328128
4446,1.359872
4447,1.346560
4448,1.344512
4449,1.330176
4450,1.359872
4451,1.313792
4452,1.292288
4453,1.298432
4454,1.320960
4455,1.342464
4456,1.318912
4457,1.373184
4458,1.326080
4459,1.338368
4460,1.400832
4461,1.385472
4462,1.309696
4463,1.294336
4464,1.364992
4465,1.361920
4466,1.357824
4467,1.355776
4468,1.314816
4469,1.367040
4470,1.310720
4471,1.342464
4472,1.325056
4473,1.306624
4474,1.369088
4475,1.412096
4476,1.333248
4477,1.369088
4478,1.317888
4479,1.309696
4480,1.273856
4481,1.202176
4482,1.228800
4483,1.360896
4484,1.358848
4485,1.377280
4486,1.376256
4487,1.349632
4488,1.289216
4489,1.311744
4490,1.317888
4491,1.370112
4492,1.328128
4493,1.344512
4494,1.350656
4495,1.350656
4496,1.374208
4497,1.385472
4498,1.335296
4499,1.345536
4500,1.348608
4501,1.332224
4502,1.351680
4503,1.360896
4504,1.300480
4505,1.321984
4506,1.308672
4507,1.368064
4508,1.332224
4509,1.362944
4510,1.362944
4511,1.361920
4512,1.334272
4513,1.328128
4514,1.369088
4515,1.333248
4516,1.271808
4517,1.380352
4518,1.345536
4519,1.334272
4520,1.319936
4521,1.278976
4522,1.333248
4523,1.324032
4524,1.277952
4525,1.328128
4526,1.068032
4527,0.722944
4528,1.360896
4529,1.323008
4530,1.273856
4531,1.297408
4532,1.333248
4533,1.350656
4534,1.392640
4535,1.303552
4536,1.325056
4537,1.332224
4538,1.383424
4539,1.344512
4540,1.353728
4541,1.348608
4542,1.325056
4543,1.332224
4544,1.321984
4545,1.290240
4546,1.314816
4547,1.320960
4548,1.354752
4549,1.331200
4550,1.338368
4551,1.356800
4552,1.298432
4553,1.327104
4554,1.339392
4555,1.377280
4556,1.352704
4557,1.324032
4558,1.315840
4559,1.360896
4560,1.327104
4561,1.342464
4562,1.370112
4563,1.327104
4564,1.306624
4565,1.325056
4566,1.342464
4567,1.369088
4568,1.313792
4569,1.371136
4570,1.324032
4571,1.319936
4572,1.307648
4573,1.013760
4574,0.717824
4575,0.573440
4576,0.566272
4577,0.562176
4578,0.556032
4579,0.549888
4580,1.415168
4581,1.339392
4582,1.298432
4583,1.349632
4584,1.319936
4585,1.310720
4586,1.259520
4587,1.331200
4588,1.358848
4589,1.324032
4590,1.303552
4591,1.378304
4592,1.328128
4593,1.348608
4594,1.363968
4595,1.334272
4596,1.350656
4597,1.355776
4598,1.342464
4599,1.375232
4600,1.344512
4601,1.307648
4602,1.272832
4603,1.394688
4604,1.376256
4605,1.310720
4606,1.307648
4607,1.352704
4608,1.319936
4609,1.344512
4610,1.316864
4611,1.415168
4612,1.342464
4613,1.355776
4614,1.395712
4615,1.359872
4616,1.363968
4617,1.342464
4618,1.411072
4619,1.319936
4620,1.318912
4621,1.347584
4622,1.338368
4623,1.353728
4624,1.265664
4625,1.090560
4626,1.439744
4627,1.388544
4628,1.345536
4629,1.372160
4630,1.344512
4631,1.368064
4632,1.354752
4633,1.392640
4634,1.346560
4635,1.364992
4636,1.313792
4637,1.351680
4638,1.342464
4639,1.325056
4640,1.361920
4641,1.352704
4642,1.350656
4643,1.354752
4644,1.390592
4645,1.366016
4646,1.327104
4647,1.398784
4648,1.354752
4649,1.346560
4650,1.364992
4651,1.351680
4652,1.354752
4653,1.363968
4654,1.354752
4655,1.350656
4656,1.364992
4657,1.311744
4658,1.339392
4659,1.353728
4660,1.359872
4661,1.355776
4662,1.368064
4663,1.363968
4664,1.359872
4665,1.347584
4666,1.342464
4667,1.327104
4668,1.306624
4669,1.321984
4670,1.093632
4671,0.636928
4672,0.633856
4673,0.618496
4674,0.613376
4675,0.584704
4676,0.578560
4677,1.399808
4678,1.421312
4679,1.382400
4680,1.346560
4681,1.393664
4682,1.326080
4683,1.345536
4684,1.396736
4685,1.379328
4686,1.386496
4687,1.307648
4688,1.352704
4689,1.346560
4690,1.331200
4691,1.366016
4692,1.370112
4693,1.305600
4694,1.318912
4695,1.342464
4696,1.335296
4697,1.331200
4698,1.344512
4699,1.350656
4700,1.307648
4701,1.373184
4702,1.317888
4703,1.333248
4704,1.336320
4705,1.331200
4706,1.324032
4707,1.338368
4708,1.310720
4709,1.341440
4710,1.343488
4711,1.336320
4712,1.347584
4713,1.332224
4714,1.345536
4715,1.376256
4716,1.308672
4717,1.343488
4718,1.337344
4719,1.348608
4720,1.358848
4721,1.232896
4722,1.024000
4723,1.364992
4724,1.386496
4725,1.331200
4726,1.284096
4727,1.348608
4728,1.295360
4729,1.289216
4730,1.361920
4731,1.348608
4732,1.332224
4733,1.383424
4734,1.377280
4735,1.360896
4736,1.334272
4737,1.390592
4738,1.395712
4739,1.317888
4740,1.378304
4741,1.373184
4742,1.355776
4743,1.343488
4744,1.388544
4745,1.295360
4746,1.342464
4747,1.317888
4748,1.337344
4749,1.333248
4750,1.330176
4751,1.331200
4752,1.338368
4753,1.359872
4754,1.311744
4755,1.311744
4756,1.328128
4757,1.364992
4758,1.350656
4759,1.371136
4760,1.396736
4761,1.318912
4762,1.394688
4763,1.341440
4764,1.340416
4765,1.344512
4766,1.330176
4767,1.214464
4768,1.180672
4769,1.287168
4770,1.344512
4771,1.291264
4772,1.328128
4773,1.297408
4774,1.354752
4775,1.306624
4776,1.383424
4777,1.340416
4778,1.312768
4779,1.333248
4780,1.302528
4781,1.350656
4782,1.339392
4783,1.381376
4784,1.361920
4785,1.308672
4786,1.313792
4787,1.350656
4788,1.346560
4789,1.363968
4790,1.367040
4791,1.303552
4792,1.292288
4793,1.358848
4794,1.312768
4795,1.344512
4796,1.312768
4797,1.335296
4798,1.367040
4799,1.355776
4800,1.314816
4801,1.313792
4802,1.350656
4803,1.323008
4804,1.290240
4805,1.331200
4806,1.356800
4807,1.318912
4808,1.350656
4809,1.321984
4810,1.405952
4811,1.234944
4812,1.274880
4813,1.334272
4814,1.318912
4815,1.373184
4816,1.348608
4817,1.344512
4818,1.354752
4819,1.324032
4820,1.313792
4821,1.312768
4822,1.329152
4823,1.312768
4824,1.333248
4825,1.333248
4826,1.364992
4827,1.289216
4828,1.351680
4829,1.299456
4830,1.299456
4831,1.335296
4832,1.379328
4833,1.295360
4834,1.312768
4835,1.329152
4836,1.350656
4837,1.328128
4838,1.344512
4839,1.301504
4840,1.371136
4841,1.362944
4842,1.325056
4843,1.272832
4844,1.347584
4845,1.325056
4846,1.314816
4847,1.326080
4848,1.310720
4849,1.325056
4850,1.318912
4851,1.381376
4852,1.364992
4853,1.375232
4854,1.350656
4855,1.328128
4856,0.980992
4857,0.629760
4858,0.623616
4859,0.615424
4860,0.594944
4861,0.585728
4862,0.586752
4863,0.558080
4864,0.544768
4865,1.377280
4866,1.372160
4867,1.305600
4868,1.324032
4869,1.330176
4870,1.355776
4871,1.328128
4872,1.328128
4873,1.330176
4874,1.363968
4875,1.297408
4876,1.318912
4877,1.347584
4878,1.331200
4879,1.363968
4880,1.390592
4881,1.334272
4882,1.337344
4883,1.334272
4884,1.357824
4885,1.328128
4886,1.337344
4887,1.360896
4888,1.311744
4889,1.315840
4890,1.328128
4891,1.347584
4892,1.347584
4893,1.370112
4894,1.352704
4895,1.341440
4896,1.336320
4897,1.342464
4898,1.362944
4899,1.303552
4900,1.358848
4901,1.345536
4902,1.314816
4903,1.320960
4904,1.385472
4905,1.324032
4906,1.312768
4907,1.329152
4908,1.325056
4909,1.280000
4910,0.904192
4911,1.307648
4912,1.233920
4913,1.355776
4914,1.362944
4915,1.300480
4916,1.337344
4917,1.329152
4918,1.326080
4919,1.311744
4920,1.349632
4921,1.309696
4922,1.329152
4923,1.312768
4924,1.345536
4925,1.332224
4926,1.375232
4927,1.307648
4928,1.362944
4929,1.267712
4930,1.321984
4931,1.314816
4932,1.300480
4933,1.362944
4934,1.369088
4935,1.312768
4936,1.307648
4937,1.298432
4938,1.317888
4939,1.356800
4940,1.319936
4941,1.345536
4942,1.313792
4943,1.340416
4944,1.287168
4945,1.345536
4946,1.305600
4947,1.310720
4948,1.370112
4949,1.340416
4950,1.363968
4951,1.356800
4952,1.276928
4953,1.313792
4954,1.305600
4955,1.271808
4956,1.061888
4957,0.843776
4958,0.709632
4959,0.628736
4960,0.590848
4961,1.379328
4962,1.363968
4963,1.310720
4964,1.316864
4965,1.301504
4966,1.320960
4967,1.362944
4968,1.356800
4969,1.302528
4970,1.369088
4971,1.352704
4972,1.339392
4973,1.345536
4974,1.343488
4975,1.290240
4976,1.304576
4977,1.296384
4978,1.336320
4979,1.350656
4980,1.349632
4981,1.369088
4982,1.394688
4983,1.355776
4984,1.377280
4985,1.308672
4986,1.347584
4987,1.329152
4988,1.348608
4989,1.357824
4990,1.321984
4991,1.359872
4992,1.342464
4993,1.362944
4994,1.311744
4995,1.348608
4996,1.344512
4997,1.342464
4998,1.337344
4999,1.357824
5000,1.381376
5001,1.326080
5002,1.335296
5003,1.303552
5004,1.304576
5005,1.308672
5006,1.116160
5007,1.378304
5008,1.291264
5009,1.254400
5010,1.267712
5011,1.350656
5012,1.357824
5013,1.382400
5014,1.302528
5015,1.323008
5016,1.363968
5017,1.354752
5018,1.337344
5019,1.314816
5020,1.286144
5021,1.363968
5022,1.357824
5023,1.303552
5024,1.300480
5025,1.306624
5026,1.375232
5027,1.348608
5028,1.353728
5029,1.315840
5030,1.307648
5031,1.319936
5032,1.303552
5033,1.319936
5034,1.379328
5035,1.205248
5036,1.310720
5037,1.304576
5038,1.336320
5039,1.342464
5040,1.335296
5041,1.334272
5042,1.247232
5043,1.371136
5044,1.297408
5045,1.343488
5046,1.312768
5047,1.333248
5048,1.345536
5049,1.364992
5050,1.396736
5051,1.343488
5052,1.003520
5053,1.394688
5054,1.387520
5055,1.410048
5056,1.334272
5057,1.354752
5058,1.375232
5059,1.313792
5060,1.348608
5061,1.382400
5062,1.355776
5063,1.335296
5064,1.343488
5065,1.340416
5066,1.353728
5067,1.303552
5068,1.369088
5069,1.345536
5070,1.352704
5071,1.375232
5072,1.349632
5073,1.368064
5074,1.361920
5075,1.281024
5076,1.373184
5077,1.306624
5078,1.357824
5079,1.395712
5080,1.274880
5081,1.340416
5082,1.351680
5083,1.356800
5084,1.357824
5085,1.400832
5086,1.402880
5087,1.299456
5088,1.292288
5089,1.309696
5090,1.334272
5091,1.345536
5092,1.358848
5093,1.347584
5094,1.327104
5095,1.340416
5096,1.327104
5097,1.069056
5098,1.320960
5099,1.191936
5100,1.335296
5101,1.352704
5102,1.339392
5103,1.370112
5104,1.344512
5105,1.357824
5106,1.321984
5107,1.312768
5108,1.358848
5109,1.317888
5110,1.336320
5111,1.314816
5112,1.324032
5113,1.337344
5114,1.338368
5115,1.378304
5116,1.346560
5117,1.333248
5118,1.320960
5119,1.369088
5120,1.299456
5121,1.461248
5122,1.332224
5123,1.277952
5124,1.465344
5125,1.326080
5126,1.328128
5127,1.329152
5128,1.316864
5129,1.327104
5130,1.359872
5131,1.357824
5132,1.348608
5133,1.325056
5134,1.256448
5135,1.307648
5136,1.359872
5137,1.339392
5138,1.314816
5139,1.384448
5140,1.310720
5141,1.363968
5142,1.333248
5143,1.101824
5144,1.376256
5145,1.383424
5146,1.316864
5147,1.377280
5148,1.295360
5149,1.339392
5150,1.358848
5151,1.334272
5152,1.345536
5153,1.347584
5154,1.293312
5155,1.341440
5156,1.345536
5157,1.350656
5158,1.317888
5159,1.341440
5160,1.386496
5161,1.330176
5162,1.301504
5163,1.348608
5164,1.366016
5165,1.378304
5166,1.350656
5167,1.355776
5168,1.355776
5169,1.287168
5170,1.315840
5171,1.332224
5172,1.368064
5173,1.369088
5174,1.386496
5175,1.328128
5176,1.348608
5177,1.306624
5178,1.342464
5179,1.358848
5180,1.274880
5181,1.329152
5182,1.397760
5183,1.362944
5184,1.345536
5185,1.334272
5186,1.348608
5187,1.358848
5188,1.272832
5189,1.128448
5190,1.342464
5191,1.354752
5192,1.345536
5193,1.361920
5194,1.317888
5195,1.333248
5196,1.332224
5197,1.299456
5198,1.319936
5199,1.302528
5200,1.305600
5201,1.340416
5202,1.319936
5203,1.300480
5204,1.362944
5205,1.303552
5206,1.325056
5207,1.311744
5208,1.321984
5209,1.321984
5210,1.330176
5211,1.371136
5212,1.362944
5213,1.367040
5214,1.347584
5215,1.294336
5216,1.374208
5217,1.351680
5218,1.357824
5219,1.422336
5220,1.366016
5221,1.380352
5222,1.320960
5223,1.306624
5224,1.292288
5225,1.308672
5226,1.345536
5227,1.289216
5228,1.366016
5229,1.371136
5230,1.331200
5231,1.288192
5232,1.357824
5233,1.400832
5234,1.426432
5235,1.347584
5236,1.337344
5237,1.300480
5238,1.341440
5239,1.304576
5240,1.353728
5241,1.361920
5242,1.323008
5243,1.405952
5244,1.381376
5245,1.349632
5246,1.325056
5247,1.332224
5248,1.378304
5249,1.345536
5250,1.340416
5251,1.357824
5252,1.324032
5253,1.344512
5254,1.337344
5255,1.309696
5256,1.323008
5257,1.327104
5258,1.315840
5259,1.366016
5260,1.347584
5261,1.351680
5262,1.359872
5263,1.353728
5264,1.315840
5265,1.360896
5266,1.347584
5267,1.373184
5268,1.394688
5269,1.345536
5270,1.347584
5271,1.396736
5272,1.309696
5273,1.356800
5274,1.340416
5275,1.403904
5276,1.328128
5277,1.111040
5278,1.271808
5279,1.180672
5280,1.366016
5281,1.351680
5282,1.312768
5283,1.307648
5284,1.319936
5285,1.325056
5286,1.349632
5287,1.359872
5288,1.309696
5289,1.337344
5290,1.315840
5291,1.372160
5292,1.330176
5293,1.363968
5294,1.350656
5295,1.349632
5296,1.386496
5297,1.380352
5298,1.362944
5299,1.362944
5300,1.305600
5301,1.352704
5302,1.292288
5303,1.308672
5304,1.371136
5305,1.341440
5306,1.333248
5307,1.310720
5308,1.363968
5309,1.352704
5310,1.361920
5311,1.340416
5312,1.315840
5313,1.309696
5314,1.350656
5315,1.312768
5316,1.302528
5317,1.313792
5318,1.305600
5319,1.345536
5320,1.340416
5321,1.372160
5322,1.338368
5323,1.062912
5324,0.624640
5325,0.586752
5326,0.581632
5327,0.582656
5328,1.301504
5329,1.254400
5330,1.338368
5331,1.320960
5332,1.337344
5333,1.305600
5334,1.317888
5335,1.339392
5336,1.296384
5337,1.281024
5338,1.314816
5339,1.332224
5340,1.328128
5341,1.319936
5342,1.357824
5343,1.336320
5344,1.395712
5345,1.359872
5346,1.395712
5347,1.404928
5348,1.358848
5349,1.321984
5350,1.345536
5351,1.315840
5352,1.306624
5353,1.307648
5354,1.335296
5355,1.295360
5356,1.377280
5357,1.316864
5358,1.334272
5359,1.338368
5360,1.343488
5361,1.345536
5362,1.305600
5363,1.351680
5364,1.361920
5365,1.371136
5366,1.378304
5367,1.338368
5368,1.342464
5369,1.381376
5370,1.308672
5371,1.344512
5372,1.330176
5373,0.960512
5374,1.301504
5375,1.153024
5376,1.335296
5377,1.302528
5378,1.296384
5379,1.319936
5380,1.336320
5381,1.295360
5382,1.338368
5383,1.341440
5384,1.353728
5385,1.357824
5386,1.301504
5387,1.338368
5388,1.361920
5389,1.341440
5390,1.354752
5391,1.331200
5392,1.318912
5393,1.379328
5394,1.386496
5395,1.341440
5396,1.367040
5397,1.314816
5398,1.347584
5399,1.358848
5400,1.350656
5401,1.318912
5402,1.310720
5403,1.333248
5404,1.317888
5405,1.350656
5406,1.273856
5407,1.308672
5408,1.350656
5409,1.330176
5410,1.330176
5411,1.362944
5412,1.341440
5413,1.295360
5414,1.353728
5415,1.336320
5416,1.356800
5417,1.356800
5418,1.305600
5419,1.141760
5420,1.323008
5421,1.197056
5422,1.271808
5423,1.364992
5424,1.348608
5425,1.335296
5426,1.321984
5427,1.358848
5428,1.337344
5429,1.363968
5430,1.318912
5431,1.332224
5432,1.335296
5433,1.341440
5434,1.324032
5435,1.364992
5436,1.324032
5437,1.342464
5438,1.367040
5439,1.348608
5440,1.374208
5441,1.356800
5442,1.323008
5443,1.308672
5444,1.349632
5445,1.341440
5446,1.360896
5447,1.360896
5448,1.333248
5449,1.370112
5450,1.280000
5451,1.337344
5452,1.325056
5453,1.347584
5454,1.314816
5455,1.317888
5456,1.340416
5457,1.368064
5458,1.362944
5459,1.332224
5460,1.340416
5461,1.320960
5462,1.338368
5463,1.350656
5464,1.319936
5465,1.204224
5466,1.208320
5467,1.278976
5468,1.316864
5469,1.316864
5470,1.369088
5471,1.316864
5472,1.317888
5473,1.363968
5474,1.321984
5475,1.397760
5476,1.356800
5477,1.313792
5478,1.353728
5479,1.360896
5480,1.316864
5481,1.328128
5482,1.316864
5483,1.353728
5484,1.312768
5485,1.321984
5486,1.317888
5487,1.311744
5488,1.301504
5489,1.304576
5490,1.363968
5491,1.320960
5492,1.266688
5493,1.342464
5494,1.295360
5495,1.320960
5496,1.290240
5497,1.370112
5498,1.342464
5499,1.348608
5500,1.345536
5501,1.357824
5502,1.308672
5503,1.329152
5504,1.325056
5505,1.315840
5506,1.290240
5507,1.293312
5508,1.333248
5509,1.338368
5510,1.104896
5511,0.903168
5512,1.379328
5513,1.377280
5514,1.342464
5515,1.363968
5516,1.388544
5517,1.363968
5518,1.321984
5519,1.383424
5520,1.378304
5521,1.314816
5522,1.331200
5523,1.382400
5524,1.348608
5525,1.316864
5526,1.346560
5527,1.300480
5528,1.353728
5529,1.373184
5530,1.313792
5531,1.353728
5532,1.310720
5533,1.299456
5534,1.317888
5535,1.370112
5536,1.355776
5537,1.394688
5538,1.325056
5539,1.373184
5540,1.316864
5541,1.312768
5542,1.319936
5543,1.305600
5544,1.347584
5545,1.320960
5546,1.309696
5547,1.308672
5548,1.368064
5549,1.325056
5550,1.372160
5551,1.318912
5552,1.301504
5553,1.386496
5554,1.389568
5555,1.308672
5556,1.093632
5557,1.168384
5558,1.278976
5559,1.325056
5560,1.354752
5561,1.311744
5562,1.334272
5563,1.346560
5564,1.323008
5565,1.333248
5566,1.300480
5567,1.331200
5568,1.319936
5569,1.339392
5570,1.314816
5571,1.355776
5572,1.330176
5573,1.313792
5574,1.311744
5575,1.347584
5576,1.317888
5577,1.351680
5578,1.325056
5579,1.304576
5580,1.371136
5581,1.320960
5582,1.323008
5583,1.313792
5584,1.383424
5585,1.323008
5586,1.370112
5587,1.360896
5588,1.362944
5589,1.353728
5590,1.325056
5591,1.310720
5592,1.327104
5593,1.305600
5594,1.310720
5595,1.321984
5596,1.345536
5597,1.357824
5598,1.342464
5599,1.394688
5600,1.353728
5601,1.082368
5602,0.826368
5603,0.695296
5604,0.626688
5605,0.599040
5606,0.599040
5607,0.583680
5608,0.571392
5609,0.563200
5610,1.342464
5611,1.275904
5612,1.367040
5613,1.325056
5614,1.385472
5615,1.311744
5616,1.311744
5617,1.357824
5618,1.312768
5619,1.339392
5620,1.337344
5621,1.330176
5622,1.300480
5623,1.323008
5624,1.341440
5625,1.319936
5626,1.330176
5627,1.304576
5628,1.397760
5629,1.324032
5630,1.340416
5631,1.271808
5632,1.278976
5633,1.305600
5634,1.349632
5635,1.375232
5636,1.346560
5637,1.309696
5638,1.327104
5639,1.305600
5640,1.339392
5641,1.340416
5642,1.333248
5643,1.314816
5644,1.340416
5645,1.302528
5646,1.338368
5647,1.338368
5648,1.292288
5649,1.352704
5650,1.389568
5651,1.360896
5652,1.353728
5653,1.316864
5654,1.235968
5655,1.042432
5656,0.730112
5657,0.660480
5658,0.595968
5659,1.371136
5660,1.371136
5661,1.357824
5662,1.394688
5663,1.387520
5664,1.317888
5665,1.394688
5666,1.350656
5667,1.338368
5668,1.306624
5669,1.295360
5670,1.285120
5671,1.323008
5672,1.295360
5673,1.350656
5674,1.374208
5675,1.378304
5676,1.335296
5677,1.350656
5678,1.336320
5679,1.416192
5680,1.334272
5681,1.334272
5682,1.381376
5683,1.355776
5684,1.369088
5685,1.339392
5686,1.339392
5687,1.310720
5688,1.349632
5689,1.380352
5690,1.338368
5691,1.333248
5692,1.321984
5693,1.360896
5694,1.342464
5695,1.315840
5696,1.363968
5697,1.361920
5698,1.358848
5699,1.343488
5700,1.298432
5701,1.350656
5702,1.219584
5703,1.207296
5704,1.185792
5705,1.205248
5706,1.367040
5707,1.340416
5708,1.346560
5709,1.296384
5710,1.371136
5711,1.354752
5712,1.300480
5713,1.304576
5714,1.306624
5715,1.312768
5716,1.317888
5717,1.302528
5718,1.357824
5719,1.330176
5720,1.356800
5721,1.335296
5722,1.330176
5723,1.325056
5724,1.346560
5725,1.336320
5726,1.345536
5727,1.351680
5728,1.300480
5729,1.329152
5730,1.310720
5731,1.344512
5732,1.338368
5733,1.225728
5734,1.421312
5735,1.287168
5736,1.337344
5737,1.379328
5738,1.343488
5739,1.329152
5740,1.345536
5741,1.354752
5742,1.312768
5743,1.359872
5744,1.333248
5745,1.341440
5746,1.383424
5747,1.305600
5748,1.343488
5749,0.986112
5750,0.633856
5751,0.620544
5752,0.622592
5753,0.608256
5754,0.608256
5755,0.587776
5756,1.398784
5757,1.390592
5758,1.333248
5759,1.355776
5760,1.323008
5761,1.310720
5762,1.292288
5763,1.333248
5764,1.355776
5765,1.324032
5766,1.283072
5767,1.431552
5768,1.358848
5769,1.333248
5770,1.321984
5771,1.308672
5772,1.364992
5773,1.381376
5774,1.368064
5775,1.329152
5776,1.353728
5777,1.378304
5778,1.374208
5779,1.360896
5780,1.374208
5781,1.379328
5782,1.321984
5783,1.373184
5784,1.351680
5785,1.295360
5786,1.385472
5787,1.310720
5788,1.319936
5789,1.297408
5790,1.346560
5791,1.324032
5792,1.324032
5793,1.350656
5794,1.387520
5795,1.347584
5796,1.340416
5797,1.392640
5798,1.356800
5799,1.302528
5800,1.252352
5801,1.062912
5802,0.624640
5803,0.600064
5804,0.594944
5805,0.572416
5806,0.561152
5807,1.361920
5808,1.466368
5809,1.316864
5810,1.339392
5811,1.342464
5812,1.339392
5813,1.358848
5814,1.333248
5815,1.396736
5816,1.342464
5817,1.356800
5818,1.324032
5819,1.371136
5820,1.342464
5821,1.359872
5822,1.347584
5823,1.342464
5824,1.370112
5825,1.320960
5826,1.289216
5827,1.307648
5828,1.347584
5829,1.364992
5830,1.311744
5831,1.383424
5832,1.374208
5833,1.411072
5834,1.330176
5835,1.332224
5836,1.351680
5837,1.367040
5838,1.417216
5839,1.331200
5840,1.373184
5841,1.360896
5842,1.351680
5843,1.305600
5844,1.370112
5845,1.349632
5846,1.312768
5847,1.348608
5848,1.361920
5849,1.385472
5850,1.248256
5851,0.961536
5852,0.679936
5853,0.626688
5854,0.589824
5855,0.579584
5856,0.575488
5857,1.395712
5858,1.311744
5859,1.350656
5860,1.323008
5861,1.335296
5862,1.339392
5863,1.393664
5864,1.326080
5865,1.324032
5866,1.308672
5867,1.309696
5868,1.368064
5869,1.341440
5870,1.373184
5871,1.358848
5872,1.382400
5873,1.340416
5874,1.312768
5875,1.350656
5876,1.359872
5877,1.372160
5878,1.325056
5879,1.317888
5880,1.350656
5881,1.332224
5882,1.359872
5883,1.334272
5884,1.405952
5885,1.331200
5886,1.378304
5887,1.313792
5888,1.304576
5889,1.385472
5890,1.384448
5891,1.343488
5892,1.353728
5893,1.366016
5894,1.331200
5895,1.384448
5896,1.390592
5897,1.296384
5898,1.292288
5899,1.338368
5900,1.359872
5901,1.164288
5902,0.989184
5903,1.338368
5904,1.313792
5905,1.328128
5906,1.311744
5907,1.298432
5908,1.294336
5909,1.334272
5910,1.374208
5911,1.316864
5912,1.350656
5913,1.348608
5914,1.395712
5915,1.330176
5916,1.376256
5917,1.331200
5918,1.340416
5919,1.328128
5920,1.305600
5921,1.400832
5922,1.341440
5923,1.371136
5924,1.331200
5925,1.341440
5926,1.351680
5927,1.301504
5928,1.339392
5929,1.298432
5930,1.328128
5931,1.361920
5932,1.330176
5933,1.325056
5934,1.348608
5935,1.320960
5936,1.275904
5937,1.316864
5938,1.277952
5939,1.331200
5940,1.357824
5941,1.331200
5942,1.266688
5943,1.319936
5944,1.346560
5945,1.358848
5946,1.345536
5947,1.187840
5948,0.799744
5949,0.815104
5950,0.626688
5951,0.631808
5952,0.620544
5953,0.608256
5954,0.574464
5955,1.389568
5956,1.409024
5957,1.383424
5958,1.388544
5959,1.325056
5960,1.370112
5961,1.364992
5962,1.323008
5963,1.393664
5964,1.405952
5965,1.343488
5966,1.384448
5967,1.363968
5968,1.329152
5969,1.379328
5970,1.333248
5971,1.293312
5972,1.341440
5973,1.369088
5974,1.375232
5975,1.360896
5976,1.357824
5977,1.351680
5978,1.359872
5979,1.362944
5980,1.364992
5981,1.336320
5982,1.340416
5983,1.327104
5984,1.343488
5985,1.337344
5986,1.341440
5987,1.324032
5988,1.325056
5989,1.317888
5990,1.366016
5991,1.327104
5992,1.324032
5993,1.371136
5994,1.348608
5995,1.359872
5996,1.334272
5997,1.316864
5998,1.325056
5999,1.045504
6000,0.790528
6001,0.656384
6002,0.629760
6003,0.611328
6004,0.593920
6005,0.570368
6006,1.338368
6007,1.299456
6008,1.347584
6009,1.331200
6010,1.290240
6011,1.254400
6012,1.371136
6013,1.334272
6014,1.330176
6015,1.308672
6016,1.336320
6017,1.354752
6018,1.319936
6019,1.340416
6020,1.300480
6021,1.379328
6022,1.309696
6023,1.352704
6024,1.379328
6025,1.352704
6026,1.323008
6027,1.307648
6028,1.323008
6029,1.309696
6030,1.314816
6031,1.285120
6032,1.358848
6033,1.350656
6034,1.338368
6035,1.320960
6036,1.341440
6037,1.347584
6038,1.344512
6039,1.313792
6040,1.337344
6041,1.321984
6042,1.346560
6043,1.329152
6044,1.350656
6045,1.372160
6046,1.314816
6047,1.340416
6048,1.487872
6049,1.361920
6050,1.336320
6051,1.348608
6052,1.335296
6053,1.331200
6054,1.371136
6055,1.339392
6056,1.350656
6057,1.296384
6058,1.314816
6059,1.281024
6060,1.329152
6061,1.310720
6062,1.334272
6063,1.259520
6064,1.380352
6065,1.325056
6066,1.385472
6067,1.358848
6068,1.366016
6069,1.339392
6070,1.400832
6071,1.333248
6072,1.343488
6073,1.366016
6074,1.334272
6075,1.412096
6076,1.354752
6077,1.315840
6078,1.301504
6079,1.401856
6080,1.311744
6081,1.288192
6082,1.337344
6083,1.335296
6084,1.342464
6085,1.367040
6086,1.358848
6087,1.300480
6088,1.349632
6089,1.329152
6090,1.352704
6091,1.308672
6092,1.343488
6093,1.057792
6094,0.643072
6095,0.592896
6096,0.598016
6097,0.588800
6098,0.575488
6099,0.549888
6100,1.379328
6101,1.420288
6102,1.334272
6103,1.343488
6104,1.311744
6105,1.325056
6106,1.343488
6107,1.295360
6108,1.336320
6109,1.338368
6110,1.324032
6111,1.300480
6112,1.282048
6113,1.345536
6114,1.330176
6115,1.303552
6116,1.284096
6117,1.337344
6118,1.293312
6119,1.296384
6120,1.384448
6121,1.341440
6122,1.342464
6123,1.310720
6124,1.369088
6125,1.316864
6126,1.364992
6127,1.332224
6128,1.357824
6129,1.320960
6130,1.332224
6131,1.312768
6132,1.295360
6133,1.356800
6134,1.299456
6135,1.340416
6136,1.352704
6137,1.335296
6138,1.319936
6139,1.327104
6140,1.339392
6141,1.359872
6142,1.298432
6143,1.339392
6144,1.200128
6145,1.217536
6146,1.282048
6147,1.321984
6148,1.308672
6149,1.333248
6150,1.303552
6151,1.292288
6152,1.327104
6153,1.346560
6154,1.332224
6155,1.326080
6156,1.307648
6157,1.341440
6158,1.333248
6159,1.349632
6160,1.341440
6161,1.323008
6162,1.340416
6163,1.328128
6164,1.345536
6165,1.375232
6166,1.333248
6167,1.362944
6168,1.318912
6169,1.325056
6170,1.299456
6171,1.318912
6172,1.343488
6173,1.356800
6174,1.340416
6175,1.343488
6176,1.321984
6177,1.317888
6178,1.287168
6179,1.337344
6180,1.354752
6181,1.329152
6182,1.370112
6183,1.350656
6184,1.317888
6185,1.336320
6186,1.351680
6187,1.366016
6188,1.347584
6189,1.374208
6190,1.391616
6191,1.354752
6192,1.388544
6193,1.330176
6194,1.355776
6195,1.301504
6196,1.354752
6197,1.309696
6198,1.306624
6199,1.344512
6200,1.336320
6201,1.320960
6202,1.347584
6203,1.312768
6204,1.332224
6205,1.319936
6206,1.285120
6207,1.320960
6208,1.359872
6209,1.352704
6210,1.308672
6211,1.371136
6212,1.348608
6213,1.328128
6214,1.372160
6215,1.305600
6216,1.298432
6217,1.342464
6218,1.354752
6219,1.387520
6220,1.355776
6221,1.349632
6222,1.348608
6223,1.411072
6224,1.314816
6225,1.350656
6226,1.347584
6227,1.319936
6228,1.355776
6229,1.306624
6230,1.360896
6231,1.347584
6232,1.364992
6233,1.298432
6234,1.301504
6235,1.222656
6236,1.288192
6237,1.368064
6238,1.343488
6239,1.357824
6240,1.331200
6241,1.325056
6242,1.371136
6243,1.300480
6244,1.310720
6245,1.311744
6246,1.373184
6247,1.353728
6248,1.345536
6249,1.382400
6250,1.323008
6251,1.301504
6252,1.386496
6253,1.344512
6254,1.352704
6255,1.312768
6256,1.385472
6257,1.312768
6258,1.330176
6259,1.305600
6260,1.334272
6261,1.370112
6262,1.314816
6263,1.350656
6264,1.303552
6265,1.384448
6266,1.318912
6267,1.352704
6268,1.348608
6269,1.323008
6270,1.353728
6271,1.359872
6272,1.337344
6273,1.341440
6274,1.372160
6275,1.390592
6276,1.351680
6277,1.338368
6278,1.338368
6279,1.148928
6280,0.717824
6281,0.611328
6282,0.610304
6283,0.603136
6284,0.591872
6285,1.406976
6286,1.406976
6287,1.282048
6288,1.299456
6289,1.353728
6290,1.315840
6291,1.332224
6292,1.357824
6293,1.367040
6294,1.348608
6295,1.378304
6296,1.331200
6297,1.352704
6298,1.353728
6299,1.308672
6300,1.340416
6301,1.396736
6302,1.340416
6303,1.347584
6304,1.330176
6305,1.332224
6306,1.369088
6307,1.316864
6308,1.345536
6309,1.392640
6310,1.290240
6311,1.315840
6312,1.321984
6313,1.321984
6314,1.325056
6315,1.343488
6316,1.368064
6317,1.312768
6318,1.356800
6319,1.346560
6320,1.327104
6321,1.361920
6322,1.357824
6323,1.324032
6324,1.382400
6325,1.269760
6326,1.343488
6327,1.315840
6328,1.350656
6329,1.297408
6330,1.416192
6331,1.354752
6332,1.347584
6333,1.355776
6334,1.360896
6335,1.314816
6336,1.337344
6337,1.376256
6338,1.330176
6339,1.323008
6340,1.335296
6341,1.331200
6342,1.386496
6343,1.393664
6344,1.350656
6345,1.331200
6346,1.373184
6347,1.376256
6348,1.355776
6349,1.374208
6350,1.360896
6351,1.351680
6352,1.376256
6353,1.354752
6354,1.327104
6355,1.342464
6356,1.339392
6357,1.347584
6358,1.353728
6359,1.346560
6360,1.307648
6361,1.326080
6362,1.332224
6363,1.294336
6364,1.362944
6365,1.363968
6366,1.369088
6367,1.335296
6368,1.330176
6369,1.329152
6370,1.346560
6371,1.351680
6372,1.343488
6373,1.315840
6374,1.095680
6375,0.922624
6376,1.371136
6377,1.401856
6378,1.311744
6379,1.385472
6380,1.313792
6381,1.342464
6382,1.329152
6383,1.371136
6384,1.320960
6385,1.324032
6386,1.356800
6387,1.329152
6388,1.333248
6389,1.319936
6390,1.311744
6391,1.399808
6392,1.357824
6393,1.340416
6394,1.356800
6395,1.358848
6396,1.372160
6397,1.367040
6398,1.278976
6399,1.254400
6400,1.381376
6401,1.316864
6402,1.355776
6403,1.347584
6404,1.366016
6405,1.353728
6406,1.352704
6407,1.410048
6408,1.401856
6409,1.331200
6410,1.375232
6411,1.374208
6412,1.325056
6413,1.352704
6414,1.310720
6415,1.360896
6416,1.297408
6417,1.320960
6418,1.377280
6419,1.311744
6420,1.313792
6421,1.064960
6422,1.367040
6423,1.286144
6424,1.324032
6425,1.319936
6426,1.384448
6427,1.311744
6428,1.389568
6429,1.383424
6430,1.329152
6431,1.292288
6432,1.340416
6433,1.384448
6434,1.308672
6435,1.329152
6436,1.375232
6437,1.352704
6438,1.345536
6439,1.341440
6440,1.343488
6441,1.344512
6442,1.341440
6443,1.286144
6444,1.311744
6445,1.300480
6446,1.357824
6447,1.314816
6448,1.304576
6449,1.339392
6450,1.324032
6451,1.313792
6452,1.335296
6453,1.333248
6454,1.330176
6455,1.352704
6456,1.347584
6457,1.342464
6458,1.362944
6459,1.285120
6460,1.366016
6461,1.344512
6462,1.344512
6463,1.311744
6464,1.331200
6465,1.406976
6466,1.312768
6467,1.017856
6468,1.446912
6469,1.344512
6470,1.403904
6471,1.357824
6472,1.380352
6473,1.320960
6474,1.373184
6475,1.359872
6476,1.336320
6477,1.368064
6478,1.308672
6479,1.328128
6480,1.354752
6481,1.313792
6482,1.335296
6483,1.307648
6484,1.315840
6485,1.318912
6486,1.314816
6487,1.361920
6488,1.318912
6489,1.341440
6490,1.342464
6491,1.303552
6492,1.270784
6493,1.326080
6494,1.355776
6495,1.307648
6496,1.399808
6497,1.276928
6498,1.304576
6499,1.331200
6500,1.331200
6501,1.337344
6502,1.297408
6503,1.346560
6504,1.314816
6505,1.326080
6506,1.356800
6507,1.343488
6508,1.341440
6509,1.347584
6510,1.406976
6511,1.317888
6512,1.301504
6513,1.368064
6514,1.432576
6515,1.381376
6516,1.315840
6517,1.350656
6518,1.344512
6519,1.320960
6520,1.343488
6521,1.311744
6522,1.319936
6523,1.327104
6524,1.324032
6525,1.336320
6526,1.361920
6527,1.319936
6528,1.316864
6529,1.342464
6530,1.337344
6531,1.313792
6532,1.350656
6533,1.334272
6534,1.320960
6535,1.361920
6536,1.326080
6537,1.361920
6538,1.349632
6539,1.329152
6540,1.361920
6541,1.338368
6542,1.324032
6543,1.315840
6544,1.375232
6545,1.369088
6546,1.357824
6547,1.359872
6548,1.368064
6549,1.342464
6550,1.370112
6551,1.323008
6552,1.354752
6553,1.417216
6554,1.332224
6555,1.350656
6556,1.328128
6557,1.309696
6558,0.940032
6559,0.662528
6560,0.612352
6561,0.606208
6562,1.406976
6563,1.394688
6564,1.380352
6565,1.281024
6566,1.398784
6567,1.356800
6568,1.359872
6569,1.361920
6570,1.355776
6571,1.360896
6572,1.339392
6573,1.348608
6574,1.346560
6575,1.382400
6576,1.277952
6577,1.318912
6578,1.324032
6579,1.356800
6580,1.353728
6581,1.361920
6582,1.335296
6583,1.379328
6584,1.331200
6585,1.408000
6586,1.388544
6587,1.385472
6588,1.358848
6589,1.382400
6590,1.339392
6591,1.338368
6592,1.372160
6593,1.317888
6594,1.343488
6595,1.328128
6596,1.372160
6597,1.351680
6598,1.371136
6599,1.372160
6600,1.285120
6601,1.316864
6602,1.312768
6603,1.342464
6604,1.384448
6605,1.350656
6606,1.303552
6607,1.164288
6608,1.370112
6609,1.353728
6610,1.367040
6611,1.331200
6612,1.311744
6613,1.324032
6614,1.351680
6615,1.325056
6616,1.268736
6617,1.367040
6618,1.338368
6619,1.340416
6620,1.330176
6621,1.394688
6622,1.311744
6623,1.303552
6624,1.346560
6625,1.317888
6626,1.324032
6627,1.329152
6628,1.321984
6629,1.377280
6630,1.462272
6631,1.388544
6632,1.361920
6633,1.360896
6634,1.371136
6635,1.335296
6636,1.343488
6637,1.343488
6638,1.337344
6639,1.310720
6640,1.371136
6641,1.341440
6642,1.310720
6643,1.344512
6644,1.364992
6645,1.327104
6646,1.307648
6647,1.330176
6648,1.324032
6649,1.300480
6650,1.301504
6651,0.805888
6652,0.661504
6653,0.640000
6654,0.641024
6655,0.619520
6656,1.409024
6657,1.421312
6658,1.305600
6659,1.363968
6660,1.368064
6661,1.344512
6662,1.350656
6663,1.363968
6664,1.363968
6665,1.344512
6666,1.325056
6667,1.408000
6668,1.356800
6669,1.320960
6670,1.371136
6671,1.343488
6672,1.311744
6673,1.323008
6674,1.320960
6675,1.331200
6676,1.382400
6677,1.320960
6678,1.390592
6679,1.372160
6680,1.336320
6681,1.327104
6682,1.349632
6683,1.320960
6684,1.356800
6685,1.380352
6686,1.337344
6687,1.333248
6688,1.338368
6689,1.362944
6690,1.366016
6691,1.356800
6692,1.311744
6693,1.321984
6694,1.330176
6695,1.321984
6696,1.366016
6697,1.307648
6698,1.320960
6699,1.349632
6700,1.229824
6701,0.757760
6702,1.346560
6703,1.280000
6704,1.296384
6705,1.330176
6706,1.355776
6707,1.316864
6708,1.311744
6709,1.345536
6710,1.335296
6711,1.347584
6712,1.331200
6713,1.372160
6714,1.381376
6715,1.347584
6716,1.390592
6717,1.361920
6718,1.368064
6719,1.373184
6720,1.336320
6721,1.284096
6722,1.332224
6723,1.392640
6724,1.323008
6725,1.313792
6726,1.359872
6727,1.295360
6728,1.366016
6729,1.300480
6730,1.351680
6731,1.326080
6732,1.360896
6733,1.313792
6734,1.328128
6735,1.330176
6736,1.326080
6737,1.314816
6738,1.357824
6739,1.395712
6740,1.338368
6741,1.307648
6742,1.291264
6743,1.338368
6744,1.337344
6745,1.343488
6746,1.282048
6747,0.898048
6748,1.312768
6749,1.196032
6750,1.328128
6751,1.351680
6752,1.388544
6753,1.374208
6754,1.371136
6755,1.364992
6756,1.355776
6757,1.363968
6758,1.355776
6759,1.382400
6760,1.173504
6761,1.307648
6762,1.304576
6763,1.299456
6764,1.360896
6765,1.316864
6766,1.330176
6767,1.327104
6768,1.397760
6769,1.329152
6770,1.298432
6771,1.265664
6772,1.343488
6773,1.333248
6774,1.372160
6775,1.298432
6776,1.299456
6777,1.333248
6778,1.336320
6779,1.348608
6780,1.359872
6781,1.346560
6782,1.310720
6783,1.295360
6784,1.282048
6785,1.325056
6786,1.312768
6787,1.328128
6788,1.339392
6789,1.354752
6790,1.363968
6791,1.299456
6792,1.304576
6793,1.118208
6794,0.686080
6795,0.602112
6796,1.367040
6797,1.394688
6798,1.410048
6799,1.333248
6800,1.301504
6801,1.340416
6802,1.344512
6803,1.350656
6804,1.297408
6805,1.349632
6806,1.304576
6807,1.344512
6808,1.340416
6809,1.352704
6810,1.338368
6811,1.337344
6812,1.343488
6813,1.311744
6814,1.337344
6815,1.332224
6816,1.325056
6817,1.337344
6818,1.301504
6819,1.336320
6820,1.358848
6821,1.345536
6822,1.345536
6823,1.350656
6824,1.340416
6825,1.329152
6826,1.360896
6827,1.347584
6828,1.299456
6829,1.335296
6830,1.349632
6831,1.349632
6832,1.307648
6833,1.320960
6834,1.383424
6835,1.362944
6836,1.395712
6837,1.363968
6838,1.354752
6839,1.336320
6840,1.132544
6841,0.838656
6842,0.686080
6843,0.666624
6844,0.649216
6845,0.644096
6846,0.613376
6847,1.378304
6848,1.337344
6849,1.327104
6850,1.303552
6851,1.298432
6852,1.290240
6853,1.372160
6854,1.372160
6855,1.359872
6856,1.337344
6857,1.312768
6858,1.335296
6859,1.332224
6860,1.338368
6861,1.359872
6862,1.386496
6863,1.332224
6864,1.390592
6865,1.354752
6866,1.352704
6867,1.398784
6868,1.311744
6869,1.349632
6870,1.318912
6871,1.287168
6872,1.335296
6873,1.331200
6874,1.371136
6875,1.389568
6876,1.342464
6877,1.383424
6878,1.369088
6879,1.310720
6880,1.316864
6881,1.355776
6882,1.333248
6883,1.371136
6884,1.337344
6885,1.358848
6886,1.353728
6887,1.378304
6888,1.329152
6889,1.278976
6890,1.291264
6891,1.318912
6892,1.202176
6893,1.205248
6894,1.303552
6895,1.295360
6896,1.321984
6897,1.335296
6898,1.319936
6899,1.389568
6900,1.352704
6901,1.298432
6902,1.303552
6903,1.317888
6904,1.315840
6905,1.359872
6906,1.372160
6907,1.381376
6908,1.302528
6909,1.339392
6910,1.350656
6911,1.293312
6912,1.311744
6913,1.359872
6914,1.359872
6915,1.323008
6916,1.327104
6917,1.292288
6918,1.377280
6919,1.353728
6920,1.326080
6921,1.345536
6922,1.362944
6923,1.328128
6924,1.338368
6925,1.358848
6926,1.359872
6927,1.343488
6928,1.349632
6929,1.318912
6930,1.307648
6931,1.371136
6932,1.356800
6933,1.307648
6934,1.361920
6935,1.366016
6936,1.329152
6937,1.165312
6938,1.370112
6939,1.329152
6940,1.323008
6941,1.277952
6942,1.341440
6943,1.337344
6944,1.287168
6945,1.341440
6946,1.370112
6947,1.341440
6948,1.320960
6949,1.297408
6950,1.298432
6951,1.340416
6952,1.361920
6953,1.358848
6954,1.354752
6955,1.312768
6956,1.346560
6957,1.340416
6958,1.340416
6959,1.318912
6960,1.367040
6961,1.353728
6962,1.347584
6963,1.324032
6964,1.467392
6965,1.346560
6966,1.381376
6967,1.341440
6968,1.324032
6969,1.349632
6970,1.354752
6971,1.302528
6972,1.344512
6973,1.289216
6974,1.329152
6975,1.358848
6976,1.320960
6977,1.368064
6978,1.317888
6979,1.324032
6980,1.329152
6981,1.337344
6982,1.346560
6983,1.179648
6984,1.363968
6985,1.339392
6986,1.296384
6987,1.350656
6988,1.254400
6989,1.281024
6990,1.326080
6991,1.323008
6992,1.297408
6993,1.373184
6994,1.304576
6995,1.327104
6996,1.374208
6997,1.344512
6998,1.287168
6999,1.317888
7000,1.353728
7001,1.345536
7002,1.403904
7003,1.306624
7004,1.364992
7005,1.351680
7006,1.347584
7007,1.353728
7008,1.338368
7009,1.308672
7010,1.352704
7011,1.318912
7012,1.367040
7013,1.328128
7014,1.320960
7015,1.338368
7016,1.316864
7017,1.303552
7018,1.340416
7019,1.380352
7020,1.298432
7021,1.332224
7022,1.352704
7023,1.376256
7024,1.354752
7025,1.324032
7026,1.319936
7027,1.326080
7028,1.290240
7029,1.030144
7030,1.202176
7031,1.207296
7032,1.334272
7033,1.289216
7034,1.294336
7035,1.354752
7036,1.303552
7037,1.314816
7038,1.313792
7039,1.328128
7040,1.325056
7041,1.408000
7042,1.345536
7043,1.349632
7044,1.334272
7045,1.317888
7046,1.300480
7047,1.358848
7048,1.311744
7049,1.359872
7050,1.356800
7051,1.290240
7052,1.274880
7053,1.305600
7054,1.323008
7055,1.343488
7056,1.315840
7057,1.317888
7058,1.338368
7059,1.317888
7060,1.314816
7061,1.403904
7062,1.327104
7063,1.333248
7064,1.318912
7065,1.325056
7066,1.297408
7067,1.328128
7068,1.327104
7069,1.362944
7070,1.379328
7071,1.325056
7072,1.358848
7073,1.350656
7074,1.352704
7075,1.245184
7076,1.272832
7077,1.153024
7078,1.326080
7079,1.310720
7080,1.349632
7081,1.376256
7082,1.355776
7083,1.335296
7084,1.307648
7085,1.362944
7086,1.335296
7087,1.318912
7088,1.361920
7089,1.341440
7090,1.320960
7091,1.284096
7092,1.392640
7093,1.367040
7094,1.349632
7095,1.329152
7096,1.313792
7097,1.337344
7098,1.337344
7099,1.360896
7100,1.303552
7101,1.364992
7102,1.301504
7103,1.356800
7104,1.341440
7105,1.315840
7106,1.374208
7107,1.344512
7108,1.266688
7109,1.316864
7110,1.264640
7111,1.360896
7112,1.285120
7113,1.309696
7114,1.324032
7115,1.356800
7116,1.304576
7117,1.332224
7118,1.350656
7119,1.350656
7120,1.325056
7121,1.222656
7122,1.223680
7123,1.325056
7124,1.276928
7125,1.356800
7126,1.337344
7127,1.358848
7128,1.356800
7129,1.336320
7130,1.353728
7131,1.385472
7132,1.366016
7133,1.414144
7134,1.392640
7135,1.330176
7136,1.321984
7137,1.337344
7138,1.358848
7139,1.410048
7140,1.326080
7141,1.331200
7142,1.368064
7143,1.338368
7144,1.348608
7145,1.294336
7146,1.369088
7147,1.369088
7148,1.320960
7149,1.325056
7150,1.342464
7151,1.376256
7152,1.403904
7153,1.329152
7154,1.313792
7155,1.396736
7156,1.371136
7157,1.333248
7158,1.391616
7159,1.371136
7160,1.304576
7161,1.327104
7162,1.356800
7163,1.362944
7164,1.337344
7165,1.296384
7166,1.190912
7167,1.165312
7168,1.231872
7169,1.241088
7170,1.301504
7171,1.349632
7172,1.373184
7173,1.304576
7174,1.348608
7175,1.330176
7176,1.343488
7177,1.348608
7178,1.376256
7179,1.359872
7180,1.294336
7181,1.324032
7182,1.344512
7183,1.315840
7184,1.357824
7185,1.297408
7186,1.345536
7187,1.293312
7188,1.317888
7189,1.354752
7190,1.389568
7191,1.396736
7192,1.343488
7193,1.339392
7194,1.395712
7195,1.355776
7196,1.332224
7197,1.376256
7198,1.331200
7199,1.321984
7200,1.333248
7201,1.355776
7202,1.373184
7203,1.367040
7204,1.320960
7205,1.357824
7206,1.357824
7207,1.357824
7208,1.320960
7209,1.352704
7210,1.335296
7211,1.384448
7212,1.309696
7213,1.299456
7214,1.321984
7215,1.364992
7216,1.362944
7217,1.348608
7218,1.297408
7219,1.339392
7220,1.386496
7221,1.413120
7222,1.321984
7223,1.375232
7224,1.358848
7225,1.376256
7226,1.321984
7227,1.312768
7228,1.361920
7229,1.331200
7230,1.323008
7231,1.310720
7232,1.335296
7233,1.343488
7234,1.325056
7235,1.338368
7236,1.359872
7237,1.314816
7238,1.363968
7239,1.336320
7240,1.349632
7241,1.355776
7242,1.309696
7243,1.339392
7244,1.320960
7245,1.319936
7246,1.354752
7247,1.333248
7248,1.319936
7249,1.313792
7250,1.318912
7251,1.301504
7252,1.307648
7253,1.347584
7254,1.297408
7255,1.169408
7256,0.821248
7257,0.742400
7258,0.642048
7259,0.622592
7260,0.601088
7261,1.414144
7262,1.369088
7263,1.306624
7264,1.301504
7265,1.332224
7266,1.336320
7267,1.329152
7268,1.342464
7269,1.352704
7270,1.333248
7271,1.393664
7272,1.340416
7273,1.389568
7274,1.387520
7275,1.280000
7276,1.347584
7277,1.348608
7278,1.388544
7279,1.342464
7280,1.344512
7281,1.308672
7282,1.306624
7283,1.343488
7284,1.318912
7285,1.343488
7286,1.301504
7287,1.320960
7288,1.319936
7289,1.308672
7290,1.398784
7291,1.331200
7292,1.326080
7293,1.313792
7294,1.329152
7295,1.304576
7296,1.360896
7297,1.366016
7298,1.305600
7299,1.357824
7300,1.364992
7301,1.356800
7302,1.313792
7303,1.292288
7304,1.344512
7305,1.247232
7306,1.381376
7307,1.458176
7308,1.315840
7309,1.355776
7310,1.352704
7311,1.410048
7312,1.329152
7313,1.378304
7314,1.348608
7315,1.362944
7316,1.338368
7317,1.330176
7318,1.401856
7319,1.309696
7320,1.380352
7321,1.387520
7322,1.313792
7323,1.338368
7324,1.301504
7325,1.389568
7326,1.344512
7327,1.377280
7328,1.376256
7329,1.337344
7330,1.343488
7331,1.360896
7332,1.384448
7333,1.351680
7334,1.331200
7335,1.356800
7336,1.320960
7337,1.320960
7338,1.353728
7339,1.334272
7340,1.321984
7341,1.340416
7342,1.364992
7343,1.386496
7344,1.340416
7345,1.317888
7346,1.293312
7347,1.399808
7348,1.350656
7349,1.326080
7350,1.113088
7351,1.272832
7352,1.206272
7353,1.339392
7354,1.328128
7355,1.328128
7356,1.309696
7357,1.308672
7358,1.329152
7359,1.296384
7360,1.310720
7361,1.334272
7362,1.359872
7363,1.394688
7364,1.314816
7365,1.387520
7366,1.324032
7367,1.368064
7368,1.310720
7369,1.281024
7370,1.292288
7371,1.354752
7372,1.319936
7373,1.379328
7374,1.330176
7375,1.317888
7376,1.315840
7377,1.308672
7378,1.346560
7379,1.301504
7380,1.286144
7381,1.256448
7382,1.312768
7383,1.310720
7384,1.329152
7385,1.321984
7386,1.317888
7387,1.335296
7388,1.345536
7389,1.323008
7390,1.348608
7391,1.367040
7392,1.386496
7393,1.350656
7394,1.346560
7395,1.327104
7396,1.012736
7397,1.461248
7398,1.370112
7399,1.385472
7400,1.353728
7401,1.346560
7402,1.347584
7403,1.326080
7404,1.289216
7405,1.363968
7406,1.323008
7407,1.321984
7408,1.352704
7409,1.334272
7410,1.346560
7411,1.324032
7412,1.338368
7413,1.336320
7414,1.374208
7415,1.361920
7416,1.389568
7417,1.403904
7418,1.309696
7419,1.394688
7420,1.341440
7421,1.318912
7422,1.315840
7423,1.336320
7424,1.329152
7425,1.335296
7426,1.370112
7427,1.350656
7428,1.371136
7429,1.362944
7430,1.344512
7431,1.356800
7432,1.378304
7433,1.341440
7434,1.312768
7435,1.345536
7436,1.341440
7437,1.343488
7438,1.342464
7439,1.362944
7440,1.380352
7441,1.139712
7442,0.832512
7443,1.310720
7444,1.220608
7445,1.290240
7446,1.349632
7447,1.314816
7448,1.323008
7449,1.345536
7450,1.347584
7451,1.321984
7452,1.300480
7453,1.326080
7454,1.326080
7455,1.363968
7456,1.295360
7457,1.339392
7458,1.356800
7459,1.333248
7460,1.315840
7461,1.340416
7462,1.383424
7463,1.351680
7464,1.361920
7465,1.399808
7466,1.347584
7467,1.341440
7468,1.343488
7469,1.353728
7470,1.316864
7471,1.290240
7472,1.309696
7473,1.304576
7474,1.313792
7475,1.347584
7476,1.345536
7477,1.342464
7478,1.340416
7479,1.352704
7480,1.341440
7481,1.341440
7482,1.307648
7483,1.320960
7484,1.383424
7485,1.337344
7486,1.355776
7487,1.318912
7488,1.245184
7489,1.192960
7490,1.327104
7491,1.337344
7492,1.315840
7493,1.337344
7494,1.305600
7495,1.362944
7496,1.308672
7497,1.329152
7498,1.344512
7499,1.333248
7500,1.323008
7501,1.341440
7502,1.391616
7503,1.335296
7504,1.304576
7505,1.331200
7506,1.329152
7507,1.342464
7508,1.351680
7509,1.329152
7510,1.370112
7511,1.326080
7512,1.324032
7513,1.350656
7514,1.354752
7515,1.318912
7516,1.330176
7517,1.323008
7518,1.332224
7519,1.351680
7520,1.268736
7521,1.265664
7522,1.340416
7523,1.373184
7524,1.336320
7525,1.372160
7526,1.313792
7527,1.320960
7528,1.369088
7529,1.380352
7530,1.355776
7531,1.363968
7532,1.353728
7533,1.161216
7534,1.452032
7535,1.393664
7536,1.389568
7537,1.314816
7538,1.362944
7539,1.331200
7540,1.313792
7541,1.313792
7542,1.321984
7543,1.391616
7544,1.370112
7545,1.360896
7546,1.334272
7547,1.355776
7548,1.315840
7549,1.305600
7550,1.321984
7551,1.320960
7552,1.349632
7553,1.324032
7554,1.308672
7555,1.330176
7556,1.375232
7557,1.368064
7558,1.316864
7559,1.318912
7560,1.320960
7561,1.320960
7562,1.347584
7563,1.371136
7564,1.342464
7565,1.316864
7566,1.425408
7567,1.384448
7568,1.308672
7569,1.400832
7570,1.326080
7571,1.333248
7572,1.369088
7573,1.350656
7574,1.314816
7575,1.335296
7576,1.346560
7577,1.373184
7578,1.281024
7579,0.772096
7580,1.349632
7581,1.313792
7582,1.302528
7583,1.329152
7584,1.295360
7585,1.345536
7586,1.370112
7587,1.323008
7588,1.354752
7589,1.338368
7590,1.367040
7591,1.360896
7592,1.361920
7593,1.339392
7594,1.273856
7595,1.301504
7596,1.289216
7597,1.313792
7598,1.358848
7599,1.330176
7600,1.303552
7601,1.398784
7602,1.306624
7603,1.382400
7604,1.349632
7605,1.290240
7606,1.332224
7607,1.327104
7608,1.284096
7609,1.366016
7610,1.323008
7611,1.337344
7612,1.343488
7613,1.330176
7614,1.271808
7615,1.320960
7616,1.307648
7617,1.392640
7618,1.371136
7619,1.352704
7620,1.318912
7621,1.350656
7622,1.312768
7623,1.271808
7624,1.278976
7625,1.224704
7626,1.186816
7627,1.343488
7628,1.345536
7629,1.314816
7630,1.311744
7631,1.342464
7632,1.371136
7633,1.330176
7634,1.368064
7635,1.338368
7636,1.301504
7637,1.327104
7638,1.270784
7639,1.355776
7640,1.301504
7641,1.333248
7642,1.327104
7643,1.329152
7644,1.289216
7645,1.352704
7646,1.359872
7647,1.342464
7648,1.308672
7649,1.307648
7650,1.345536
7651,1.352704
7652,1.304576
7653,1.324032
7654,1.360896
7655,1.323008
7656,1.314816
7657,1.366016
7658,1.367040
7659,1.317888
7660,1.333248
7661,1.362944
7662,1.358848
7663,1.367040
7664,1.317888
7665,1.341440
7666,1.304576
7667,1.311744
7668,1.338368
7669,1.315840
7670,1.252352
7671,1.292288
7672,1.166336
7673,1.345536
7674,1.324032
7675,1.314816
7676,1.316864
7677,1.334272
7678,1.311744
7679,1.344512
7680,1.325056
7681,1.364992
7682,1.345536
7683,1.316864
7684,1.378304
7685,1.336320
7686,1.339392
7687,1.364992
7688,1.386496
7689,1.301504
7690,1.344512
7691,1.321984
7692,1.320960
7693,1.297408
7694,1.327104
7695,1.333248
7696,1.442816
7697,1.341440
7698,1.346560
7699,1.347584
7700,1.321984
7701,1.302528
7702,1.354752
7703,1.286144
7704,1.209344
7705,1.292288
7706,1.251328
7707,1.325056
7708,1.341440
7709,1.346560
7710,1.323008
7711,1.374208
7712,1.342464
7713,1.344512
7714,1.306624
7715,1.308672
7716,1.064960
7717,0.738304
7718,0.633856
7719,0.609280
7720,0.594944
7721,1.318912
7722,1.288192
7723,1.233920
7724,1.308672
7725,1.321984
7726,1.347584
7727,1.320960
7728,1.287168
7729,1.381376
7730,1.325056
7731,1.344512
7732,1.405952
7733,1.362944
7734,1.320960
7735,1.371136
7736,1.356800
7737,1.351680
7738,1.364992
7739,1.324032
7740,1.359872
7741,1.346560
7742,1.355776
7743,1.350656
7744,1.351680
7745,1.324032
7746,1.327104
7747,1.409024
7748,1.366016
7749,1.313792
7750,1.371136
7751,1.329152
7752,1.332224
7753,1.340416
7754,1.497088
7755,1.327104
7756,1.331200
7757,1.358848
7758,1.352704
7759,1.316864
7760,1.310720
7761,1.319936
7762,1.327104
7763,1.352704
7764,1.343488
7765,1.287168
7766,0.889856
7767,0.672768
7768,0.589824
7769,0.587776
7770,0.590848
7771,0.589824
7772,1.384448
7773,1.370112
7774,1.384448
7775,1.348608
7776,1.304576
7777,1.389568
7778,1.336320
7779,1.361920
7780,1.350656
7781,1.373184
7782,1.357824
7783,1.358848
7784,1.306624
7785,1.339392
7786,1.357824
7787,1.314816
7788,1.343488
7789,1.301504
7790,1.339392
7791,1.330176
7792,1.293312
7793,1.371136
7794,1.282048
7795,1.367040
7796,1.369088
7797,1.360896
7798,1.335296
7799,1.356800
7800,1.356800
7801,1.400832
7802,1.344512
7803,1.348608
7804,1.368064
7805,1.349632
7806,1.315840
7807,1.312768
7808,1.351680
7809,1.308672
7810,1.342464
7811,1.354752
7812,1.339392
7813,1.349632
7814,1.363968
7815,1.333248
7816,1.165312
7817,0.918528
7818,1.353728
7819,1.258496
7820,1.315840
7821,1.367040
7822,1.315840
7823,1.325056
7824,1.357824
7825,1.330176
7826,1.342464
7827,1.300480
7828,1.286144
7829,1.334272
7830,1.315840
7831,1.356800
7832,1.382400
7833,1.358848
7834,1.309696
7835,1.352704
7836,1.297408
7837,1.340416
7838,1.328128
7839,1.319936
7840,1.366016
7841,1.326080
7842,1.378304
7843,1.352704
7844,1.411072
7845,1.359872
7846,1.326080
7847,1.355776
7848,1.387520
7849,1.318912
7850,1.391616
7851,1.328128
7852,1.342464
7853,1.299456
7854,1.274880
7855,1.329152
7856,1.326080
7857,1.349632
7858,1.361920
7859,1.357824
7860,1.349632
7861,1.350656
7862,1.293312
7863,0.865280
7864,0.680960
7865,0.664576
7866,1.465344
7867,1.356800
7868,1.372160
7869,1.371136
7870,1.347584
7871,1.357824
7872,1.370112
7873,1.338368
7874,1.349632
7875,1.315840
7876,1.294336
7877,1.347584
7878,1.323008
7879,1.334272
7880,1.338368
7881,1.340416
7882,1.354752
7883,1.341440
7884,1.348608
7885,1.338368
7886,1.326080
7887,1.364992
7888,1.359872
7889,1.301504
7890,1.334272
7891,1.387520
7892,1.315840
7893,1.286144
7894,1.341440
7895,1.332224
7896,1.338368
7897,1.333248
7898,1.342464
7899,1.314816
7900,1.251328
7901,1.342464
7902,1.335296
7903,1.368064
7904,1.367040
7905,1.341440
7906,1.316864
7907,1.324032
7908,1.312768
7909,1.335296
7910,1.221632
7911,1.368064
7912,1.369088
7913,1.306624
7914,1.363968
7915,1.325056
7916,1.309696
7917,1.346560
7918,1.381376
7919,1.327104
7920,1.278976
7921,1.355776
7922,1.316864
7923,1.356800
7924,1.340416
7925,1.368064
7926,1.318912
7927,1.378304
7928,1.305600
7929,1.332224
7930,1.309696
7931,1.386496
7932,1.306624
7933,1.294336
7934,1.300480
7935,1.308672
7936,1.363968
7937,1.337344
7938,1.316864
7939,1.335296
7940,1.281024
7941,1.326080
7942,1.291264
7943,1.338368
7944,1.324032
7945,1.369088
7946,1.325056
7947,1.336320
7948,1.358848
7949,1.320960
7950,1.334272
7951,1.329152
7952,1.324032
7953,1.338368
7954,1.330176
7955,1.313792
7956,1.303552
7957,1.180672
7958,1.324032
7959,1.348608
7960,1.318912
7961,1.317888
7962,1.317888
7963,1.442816
7964,1.348608
7965,1.353728
7966,1.321984
7967,1.361920
7968,1.348608
7969,1.167360
7970,1.332224
7971,1.286144
7972,1.320960
7973,1.336320
7974,1.270784
7975,1.311744
7976,1.385472
7977,1.362944
7978,1.315840
7979,1.298432
7980,1.323008
7981,1.294336
7982,1.313792
7983,1.391616
7984,1.376256
7985,1.381376
7986,1.355776
7987,1.352704
7988,1.360896
7989,1.311744
7990,1.330176
7991,1.359872
7992,1.368064
7993,1.366016
7994,1.344512
7995,1.335296
7996,1.360896
7997,1.339392
7998,1.318912
7999,1.314816
8000,1.231872
8001,0.924672
8002,0.713728
8003,0.670720
8004,0.610304
8005,0.586752
8006,1.358848
8007,1.428480
8008,1.368064
8009,1.299456
8010,1.379328
8011,1.319936
8012,1.294336
8013,1.342464
8014,1.329152
8015,1.368064
8016,1.361920
8017,1.297408
8018,1.297408
8019,1.359872
8020,1.314816
8021,1.368064
8022,1.288192
8023,1.369088
8024,1.340416
8025,1.376256
8026,1.345536
8027,1.315840
8028,1.352704
8029,1.325056
8030,1.304576
8031,1.315840
8032,1.326080
8033,1.320960
8034,1.380352
8035,1.358848
8036,1.354752
8037,1.329152
8038,1.328128
8039,1.305600
8040,1.306624
8041,1.375232
8042,1.323008
8043,1.347584
8044,1.336320
8045,1.377280
8046,1.332224
8047,1.325056
8048,1.353728
8049,1.335296
8050,1.382400
8051,0.925696
8052,1.428480
8053,1.368064
8054,1.553408
8055,1.339392
8056,1.393664
8057,1.363968
8058,1.355776
8059,1.376256
8060,1.299456
8061,1.335296
8062,1.288192
8063,1.344512
8064,1.313792
8065,1.349632
8066,1.330176
8067,1.355776
8068,1.353728
8069,1.313792
8070,1.354752
8071,1.313792
8072,1.311744
8073,1.352704
8074,1.381376
8075,1.350656
8076,1.386496
8077,1.321984
8078,1.380352
8079,1.363968
8080,1.357824
8081,1.297408
8082,1.324032
8083,1.294336
8084,1.318912
8085,1.338368
8086,1.354752
8087,1.350656
8088,1.397760
8089,1.389568
8090,1.372160
8091,1.345536
8092,1.337344
8093,1.354752
8094,1.328128
8095,1.324032
8096,1.165312
8097,1.250304
8098,1.187840
8099,1.356800
8100,1.336320
8101,1.343488
8102,1.303552
8103,1.336320
8104,1.362944
8105,1.311744
8106,1.323008
8107,1.334272
8108,1.457152
8109,1.353728
8110,1.333248
8111,1.277952
8112,1.332224
8113,1.299456
8114,1.296384
8115,1.282048
8116,1.334272
8117,1.323008
8118,1.309696
8119,1.357824
8120,1.346560
8121,1.420288
8122,1.336320
8123,1.346560
8124,1.332224
8125,1.303552
8126,1.333248
8127,1.318912
8128,1.353728
8129,1.377280
8130,1.372160
8131,1.314816
8132,1.381376
8133,1.327104
8134,1.356800
8135,1.291264
8136,1.353728
8137,1.338368
8138,1.324032
8139,1.345536
8140,1.342464
8141,1.306624
8142,1.034240
8143,1.210368
8144,1.294336
8145,1.349632
8146,1.358848
8147,1.350656
8148,1.327104
8149,1.317888
8150,1.304576
8151,1.380352
8152,1.305600
8153,1.356800
8154,1.328128
8155,1.316864
8156,1.329152
8157,1.331200
8158,1.375232
8159,1.306624
8160,1.315840
8161,1.346560
8162,1.359872
8163,1.361920
8164,1.301504
8165,1.408000
8166,1.352704
8167,1.347584
8168,1.321984
8169,1.299456
8170,1.324032
8171,1.349632
8172,1.360896
8173,1.316864
8174,1.277952
8175,1.310720
8176,1.311744
8177,1.399808
8178,1.305600
8179,1.369088
8180,1.364992
8181,1.333248
8182,1.343488
8183,1.340416
8184,1.374208
8185,1.324032
8186,1.364992
8187,1.163264
8188,1.336320
8189,1.409024
8190,1.308672
8191,1.233920
8192,1.308672
8193,1.263616
8194,1.335296
8195,1.386496
8196,1.315840
8197,1.344512
8198,1.340416
8199,1.325056
8200,1.299456
8201,1.324032
8202,1.386496
8203,1.353728
8204,1.326080
8205,1.311744
8206,1.323008
8207,1.289216
8208,1.344512
8209,1.293312
8210,1.328128
8211,1.418240
8212,1.377280
8213,1.298432
8214,1.314816
8215,1.318912
8216,1.347584
8217,1.370112
8218,1.341440
8219,1.333248
8220,1.361920
8221,1.290240
8222,1.338368
8223,1.348608
8224,1.345536
8225,1.290240
8226,1.370112
8227,1.295360
8228,1.347584
8229,1.352704
8230,1.352704
8231,1.288192
8232,1.304576
8233,0.903168
8234,0.775168
8235,0.680960
8236,0.665600
8237,0.613376
8238,1.403904
8239,1.318912
8240,1.277952
8241,1.313792
8242,1.335296
8243,1.332224
8244,1.344512
8245,1.324032
8246,1.358848
8247,1.284096
8248,1.309696
8249,1.352704
8250,1.369088
8251,1.298432
8252,1.303552
8253,1.362944
8254,1.357824
8255,1.345536
8256,1.371136
8257,1.332224
8258,1.402880
8259,1.341440
8260,1.326080
8261,1.333248
8262,1.314816
8263,1.358848
8264,1.370112
8265,1.347584
8266,1.341440
8267,1.320960
8268,1.340416
8269,1.384448
8270,1.343488
8271,1.317888
8272,1.346560
8273,1.307648
8274,1.309696
8275,1.346560
8276,1.319936
8277,1.312768
8278,1.333248
8279,1.255424
8280,1.244160
8281,1.295360
8282,1.258496
8283,1.032192
8284,1.369088
8285,1.369088
8286,1.338368
8287,1.349632
8288,1.333248
8289,1.357824
8290,1.333248
8291,1.314816
8292,1.331200
8293,1.349632
8294,1.356800
8295,1.332224
8296,1.332224
8297,1.349632
8298,1.372160
8299,1.331200
8300,1.380352
8301,1.360896
8302,1.325056
8303,1.373184
8304,1.381376
8305,1.310720
8306,1.334272
8307,1.345536
8308,1.393664
8309,1.324032
8310,1.354752
8311,1.353728
8312,1.374208
8313,1.325056
8314,1.299456
8315,1.326080
8316,1.366016
8317,1.333248
8318,1.362944
8319,1.328128
8320,1.337344
8321,1.325056
8322,1.326080
8323,1.338368
8324,1.385472
8325,1.352704
8326,1.332224
8327,1.326080
8328,1.163264
8329,1.211392
8330,1.242112
8331,1.252352
8332,1.337344
8333,1.359872
8334,1.330176
8335,1.388544
8336,1.368064
8337,1.372160
8338,1.346560
8339,1.355776
8340,1.301504
8341,1.346560
8342,1.351680
8343,1.321984
8344,1.309696
8345,1.350656
8346,1.349632
8347,1.352704
8348,1.313792
8349,1.291264
8350,1.352704
8351,1.302528
8352,1.345536
8353,1.326080
8354,1.357824
8355,1.344512
8356,1.326080
8357,1.311744
8358,1.290240
8359,1.309696
8360,1.355776
8361,1.362944
8362,1.319936
8363,1.364992
8364,1.360896
8365,1.349632
8366,1.318912
8367,1.385472
8368,1.356800
8369,1.376256
8370,1.300480
8371,1.368064
8372,1.320960
8373,1.125376
8374,1.285120
8375,1.175552
8376,1.334272
8377,1.355776
8378,1.366016
8379,1.334272
8380,1.326080
8381,1.323008
8382,1.364992
8383,1.359872
8384,1.357824
8385,1.420288
8386,1.358848
8387,1.316864
8388,1.329152
8389,1.310720
8390,1.315840
8391,1.318912
8392,1.355776
8393,1.350656
8394,1.302528
8395,1.366016
8396,1.306624
8397,1.320960
8398,1.310720
8399,1.321984
8400,1.347584
8401,1.373184
8402,1.318912
8403,1.367040
8404,1.309696
8405,1.332224
8406,1.376256
8407,1.362944
8408,1.371136
8409,1.310720
8410,1.354752
8411,1.402880
8412,1.353728
8413,1.348608
8414,1.366016
8415,1.353728
8416,1.402880
8417,1.356800
8418,1.254400
8419,1.282048
8420,1.132544
8421,1.367040
8422,1.375232
8423,1.345536
8424,1.375232
8425,1.331200
8426,1.370112
8427,1.376256
8428,1.337344
8429,1.295360
8430,1.397760
8431,1.347584
8432,1.344512
8433,1.359872
8434,1.379328
8435,1.273856
8436,1.331200
8437,1.368064
8438,1.360896
8439,1.297408
8440,1.389568
8441,1.358848
8442,1.353728
8443,1.316864
8444,1.341440
8445,1.318912
8446,1.343488
8447,1.317888
8448,1.298432
8449,1.346560
8450,1.312768
8451,1.338368
8452,1.301504
8453,1.344512
8454,1.340416
8455,1.344512
8456,1.340416
8457,1.394688
8458,1.275904
8459,1.350656
8460,1.326080
8461,1.319936
8462,1.350656
8463,1.290240
8464,1.218560
8465,1.217536
8466,1.290240
8467,1.329152
8468,1.285120
8469,1.287168
8470,1.287168
8471,1.271808
8472,1.382400
8473,1.353728
8474,1.300480
8475,1.353728
8476,1.338368
8477,1.336320
8478,1.337344
8479,1.346560
8480,1.335296
8481,1.302528
8482,1.333248
8483,1.368064
8484,1.357824
8485,1.397760
8486,1.350656
8487,1.338368
8488,1.341440
8489,1.336320
8490,1.362944
8491,1.349632
8492,1.344512
8493,1.328128
8494,1.342464
8495,1.394688
8496,1.346560
8497,1.383424
8498,1.396736
8499,1.343488
8500,1.330176
8501,1.403904
8502,1.315840
8503,1.351680
8504,1.327104
8505,1.380352
8506,1.321984
8507,1.320960
8508,1.297408
8509,1.167360
8510,1.221632
8511,1.313792
8512,1.314816
8513,1.286144
8514,1.299456
8515,1.271808
8516,1.421312
8517,1.328128
8518,1.301504
8519,1.320960
8520,1.366016
8521,1.324032
8522,1.309696
8523,1.243136
8524,1.310720
8525,1.311744
8526,1.291264
8527,1.317888
8528,1.285120
8529,1.330176
8530,1.295360
8531,1.305600
8532,1.315840
8533,1.284096
8534,1.284096
8535,1.286144
8536,1.296384
8537,1.312768
8538,1.319936
8539,1.318912
8540,1.326080
8541,1.258496
8542,1.312768
8543,1.301504
8544,1.309696
8545,1.323008
8546,1.291264
8547,1.269760
8548,1.280000
8549,1.329152
8550,1.325056
8551,1.369088
8552,1.341440
8553,1.331200
8554,1.304576
8555,1.202176
8556,0.671744
8557,0.609280
8558,0.611328
8559,0.606208
8560,1.346560
8561,1.285120
8562,1.277952
8563,1.330176
8564,1.306624
8565,1.305600
8566,1.383424
8567,1.304576
8568,1.342464
8569,1.306624
8570,1.324032
8571,1.300480
8572,1.277952
8573,1.433600
8574,1.305600
8575,1.280000
8576,1.292288
8577,1.257472
8578,1.317888
8579,1.329152
8580,1.362944
8581,1.301504
8582,1.316864
8583,1.276928
8584,1.276928
8585,1.321984
8586,1.323008
8587,1.246208
8588,1.294336
8589,1.325056
8590,1.273856
8591,1.348608
8592,1.303552
8593,1.330176
8594,1.278976
8595,1.325056
8596,1.306624
8597,1.310720
8598,1.336320
8599,1.315840
8600,1.343488
8601,1.282048
8602,2.860032
8603,1.259520
8604,0.919552
8605,1.204224
8606,1.178624
8607,1.316864
8608,1.275904
8609,1.224704
8610,1.240064
8611,1.294336
8612,1.293312
8613,1.316864
8614,1.284096
8615,1.253376
8616,1.310720
8617,1.300480
8618,1.301504
8619,1.270784
8620,1.118208
8621,1.330176
8622,1.288192
8623,1.291264
8624,1.343488
8625,1.275904
8626,1.318912
8627,1.341440
8628,3.673088
8629,1.339392
8630,1.325056
8631,1.285120
8632,1.285120
8633,2.320384
8634,1.269760
8635,1.318912
8636,1.333248
8637,1.368064
8638,2.285568
8639,3.630080
8640,1.314816
8641,1.363968
8642,1.307648
8643,1.334272
8644,1.362944
8645,1.331200
8646,1.191936
8647,1.310720
8648,1.299456
8649,1.307648
8650,1.314816
8651,1.316864
8652,1.304576
8653,1.282048
8654,1.304576
8655,1.314816
8656,1.297408
8657,1.234944
8658,1.272832
8659,1.300480
8660,1.312768
8661,1.310720
8662,1.335296
8663,1.272832
8664,1.340416
8665,1.310720
8666,1.344512
8667,1.286144
8668,1.283072
8669,1.301504
8670,1.336320
8671,1.297408
8672,1.282048
8673,1.303552
8674,1.336320
8675,1.268736
8676,1.307648
8677,1.339392
8678,1.305600
8679,1.330176
8680,1.315840
8681,1.280000
8682,1.291264
8683,1.310720
8684,1.325056
8685,1.349632
8686,1.303552
8687,1.337344
8688,1.281024
8689,1.309696
8690,1.361920
8691,1.285120
8692,1.275904
8693,1.208320
8694,1.108992
8695,1.238016
8696,1.302528
8697,1.300480
8698,1.316864
8699,1.339392
8700,1.300480
8701,1.328128
8702,1.293312
8703,1.312768
8704,1.312768
8705,1.309696
8706,1.308672
8707,1.315840
8708,1.328128
8709,1.320960
8710,1.346560
8711,1.296384
8712,1.313792
8713,1.318912
8714,1.283072
8715,1.317888
8716,1.293312
8717,1.327104
8718,1.340416
8719,1.334272
8720,1.321984
8721,1.332224
8722,1.335296
8723,1.335296
8724,1.341440
8725,1.326080
8726,1.317888
8727,1.308672
8728,1.318912
8729,1.310720
8730,1.321984
8731,1.300480
8732,1.290240
8733,1.334272
8734,1.338368
8735,1.328128
8736,1.284096
8737,1.321984
8738,1.311744
8739,1.134592
8740,1.267712
8741,1.235968
8742,1.339392
8743,1.364992
8744,1.303552
8745,1.289216
8746,1.349632
8747,1.280000
8748,1.249280
8749,1.291264
8750,1.335296
8751,1.325056
8752,1.321984
8753,1.319936
8754,1.280000
8755,1.357824
8756,1.334272
8757,1.330176
8758,1.310720
8759,1.337344
8760,1.309696
8761,1.301504
8762,1.336320
8763,1.318912
8764,1.287168
8765,1.298432
8766,1.298432
8767,1.326080
8768,1.306624
8769,1.344512
8770,1.302528
8771,1.306624
8772,1.342464
8773,1.284096
8774,1.312768
8775,1.337344
8776,1.302528
8777,1.336320
8778,1.335296
8779,1.343488
8780,1.340416
8781,1.316864
8782,1.312768
8783,1.276928
8784,1.285120
8785,1.331200
8786,1.289216
8787,1.180672
8788,1.282048
8789,1.324032
8790,1.338368
8791,1.292288
8792,1.336320
8793,1.360896
8794,1.321984
8795,1.283072
8796,1.344512
8797,1.266688
8798,1.269760
8799,1.332224
8800,1.324032
8801,1.273856
8802,1.312768
8803,1.339392
8804,1.278976
8805,1.299456
8806,1.291264
8807,1.302528
8808,1.286144
8809,1.304576
8810,1.324032
8811,1.313792
8812,1.287168
8813,1.306624
8814,1.264640
8815,1.358848
8816,1.297408
8817,1.326080
8818,1.290240
8819,1.346560
8820,1.295360
8821,1.336320
8822,1.286144
8823,1.276928
8824,1.318912
8825,1.335296
8826,1.268736
8827,1.326080
8828,1.337344
8829,1.319936
8830,1.339392
8831,1.319936
8832,1.206272
8833,1.180672
8834,1.164288
8835,1.305600
8836,1.281024
8837,1.273856
8838,1.295360
8839,1.306624
8840,1.284096
8841,1.270784
8842,1.307648
8843,1.315840
8844,1.305600
8845,1.291264
8846,1.292288
8847,1.306624
8848,1.262592
8849,1.257472
8850,1.309696
8851,1.296384
8852,1.304576
8853,1.335296
8854,1.321984
8855,1.316864
8856,1.358848
8857,1.298432
8858,1.288192
8859,1.307648
8860,1.289216
8861,1.298432
8862,1.311744
8863,1.289216
8864,1.323008
8865,1.295360
8866,1.227776
8867,1.312768
8868,1.336320
8869,1.325056
8870,1.329152
8871,1.299456
8872,1.331200
8873,1.291264
8874,1.288192
8875,1.295360
8876,1.273856
8877,1.310720
8878,1.348608
8879,1.176576
8880,0.901120
8881,0.820224
8882,0.791552
8883,0.748544
8884,0.706560
8885,0.659456
8886,1.309696
8887,1.263616
8888,1.276928
8889,1.259520
8890,1.334272
8891,1.323008
8892,1.332224
8893,1.294336
8894,1.261568
8895,1.304576
8896,1.293312
8897,1.326080
8898,1.280000
8899,1.262592
8900,1.289216
8901,1.329152
8902,1.353728
8903,1.301504
8904,1.326080
8905,1.305600
8906,1.361920
8907,1.316864
8908,1.326080
8909,1.331200
8910,1.331200
8911,1.333248
8912,1.314816
8913,1.342464
8914,1.515520
8915,1.329152
8916,1.306624
8917,1.315840
8918,1.304576
8919,1.397760
8920,1.233920
8921,1.343488
8922,1.332224
8923,1.362944
8924,1.229824
8925,1.295360
8926,1.313792
8927,1.348608
8928,1.295360
8929,1.288192
8930,1.324032
8931,1.321984
8932,0.991232
8933,0.692224
8934,0.668672
8935,0.674816
8936,0.678912
8937,0.646144
8938,0.619520
8939,0.586752
8940,1.385472
8941,1.380352
8942,1.339392
8943,1.341440
8944,1.305600
8945,1.310720
8946,1.346560
8947,1.319936
8948,1.266688
8949,1.308672
8950,1.295360
8951,1.282048
8952,1.336320
8953,1.324032
8954,1.343488
8955,1.305600
8956,1.324032
8957,1.290240
8958,1.309696
8959,1.321984
8960,1.312768
8961,1.309696
8962,1.318912
8963,1.285120
8964,1.315840
8965,1.283072
8966,1.302528
8967,1.334272
8968,1.320960
8969,1.316864
8970,1.351680
8971,1.264640
8972,1.362944
8973,1.353728
8974,1.341440
8975,1.339392
8976,1.319936
8977,1.281024
8978,1.316864
8979,1.332224
8980,1.386496
8981,1.303552
8982,1.313792
8983,1.338368
8984,1.324032
8985,1.249280
8986,0.935936
8987,0.827392
8988,0.773120
8989,1.374208
8990,1.331200
8991,1.317888
8992,1.263616
8993,1.287168
8994,1.329152
8995,1.303552
8996,1.272832
8997,1.323008
8998,1.307648
8999,1.301504
9000,1.314816
9001,1.270784
9002,1.305600
9003,1.288192
9004,1.318912
9005,1.310720
9006,1.331200
9007,1.356800
9008,1.292288
9009,1.244160
9010,1.289216
9011,1.286144
9012,1.287168
9013,1.357824
9014,1.310720
9015,1.343488
9016,1.333248
9017,1.300480
9018,1.347584
9019,1.293312
9020,1.288192
9021,1.303552
9022,1.305600
9023,1.333248
9024,1.342464
9025,1.303552
9026,1.294336
9027,1.315840
9028,1.281024
9029,1.355776
9030,1.256448
9031,1.287168
9032,1.309696
9033,1.328128
9034,1.332224
9035,1.239040
9036,1.142784
9037,1.233920
9038,1.241088
9039,1.295360
9040,1.281024
9041,1.308672
9042,1.337344
9043,1.267712
9044,1.293312
9045,1.290240
9046,1.317888
9047,1.297408
9048,1.292288
9049,1.371136
9050,1.306624
9051,1.248256
9052,1.374208
9053,1.332224
9054,1.369088
9055,1.300480
9056,1.281024
9057,1.347584
9058,1.328128
9059,1.306624
9060,1.287168
9061,1.293312
9062,1.377280
9063,1.315840
9064,1.321984
9065,1.325056
9066,1.337344
9067,1.320960
9068,1.346560
9069,1.310720
9070,1.359872
9071,1.337344
9072,1.286144
9073,1.293312
9074,1.296384
9075,1.304576
9076,1.305600
9077,1.335296
9078,1.323008
9079,1.313792
9080,1.346560
9081,1.250304
9082,0.803840
9083,0.732160
9084,0.718848
9085,0.685056
9086,0.612352
9087,0.586752
9088,1.356800
9089,1.370112
9090,1.333248
9091,1.325056
9092,1.321984
9093,1.293312
9094,1.338368
9095,1.314816
9096,1.331200
9097,1.292288
9098,1.321984
9099,1.311744
9100,1.325056
9101,1.327104
9102,1.323008
9103,1.367040
9104,1.296384
9105,1.297408
9106,1.287168
9107,1.283072
9108,1.274880
9109,1.316864
9110,1.303552
9111,1.289216
9112,1.330176
9113,1.301504
9114,1.338368
9115,1.300480
9116,1.307648
9117,1.308672
9118,1.310720
9119,1.308672
9120,1.358848
9121,1.328128
9122,1.303552
9123,1.337344
9124,1.282048
9125,1.297408
9126,1.327104
9127,1.303552
9128,1.317888
9129,1.356800
9130,1.329152
9131,1.342464
9132,1.333248
9133,1.149952
9134,1.126400
9135,1.232896
9136,1.299456
9137,1.295360
9138,1.303552
9139,1.302528
9140,1.164288
9141,1.342464
9142,1.282048
9143,1.323008
9144,1.332224
9145,1.274880
9146,1.323008
9147,1.291264
9148,1.287168
9149,1.325056
9150,1.315840
9151,1.306624
9152,1.305600
9153,1.360896
9154,1.376256
9155,1.318912
9156,1.320960
9157,1.299456
9158,1.331200
9159,1.325056
9160,1.361920
9161,1.329152
9162,1.334272
9163,1.341440
9164,1.315840
9165,1.320960
9166,1.362944
9167,1.316864
9168,1.296384
9169,1.304576
9170,1.303552
9171,1.319936
9172,1.287168
9173,1.277952
9174,1.273856
9175,1.326080
9176,1.353728
9177,1.337344
9178,1.328128
9179,1.284096
9180,1.226752
9181,1.223680
9182,1.304576
9183,1.307648
9184,1.289216
9185,1.264640
9186,1.352704
9187,1.361920
9188,1.324032
9189,1.274880
9190,1.250304
9191,1.308672
9192,1.312768
9193,1.298432
9194,1.307648
9195,1.307648
9196,1.286144
9197,1.302528
9198,1.320960
9199,1.275904
9200,1.299456
9201,1.298432
9202,1.340416
9203,1.299456
9204,1.280000
9205,1.277952
9206,1.332224
9207,1.271808
9208,1.291264
9209,1.321984
9210,1.293312
9211,1.315840
9212,1.323008
9213,1.306624
9214,1.297408
9215,1.333248
9216,1.325056
9217,1.353728
9218,1.340416
9219,1.286144
9220,1.278976
9221,1.318912
9222,1.285120
9223,1.303552
9224,1.280000
9225,1.386496
9226,1.234944
9227,1.106944
9228,1.225728
9229,1.131520
9230,1.251328
9231,1.241088
9232,1.270784
9233,1.331200
9234,1.278976
9235,1.272832
9236,1.278976
9237,1.297408
9238,1.265664
9239,1.240064
9240,1.233920
9241,1.270784
9242,1.296384
9243,1.282048
9244,1.316864
9245,1.316864
9246,1.269760
9247,1.256448
9248,1.252352
9249,1.227776
9250,1.289216
9251,1.234944
9252,1.249280
9253,1.256448
9254,1.272832
9255,1.253376
9256,1.310720
9257,1.260544
9258,1.298432
9259,1.274880
9260,1.281024
9261,1.221632
9262,1.271808
9263,1.301504
9264,1.270784
9265,1.256448
9266,1.314816
9267,1.236992
9268,1.261568
9269,1.264640
9270,1.224704
9271,1.274880
9272,1.303552
9273,1.309696
9274,1.231872
9275,1.124352
9276,1.174528
9277,1.250304
9278,1.265664
9279,1.196032
9280,1.196032
9281,1.278976
9282,1.267712
9283,1.271808
9284,1.251328
9285,1.268736
9286,1.263616
9287,1.242112
9288,1.305600
9289,1.293312
9290,1.235968
9291,1.231872
9292,1.270784
9293,1.266688
9294,1.276928
9295,1.304576
9296,1.268736
9297,1.243136
9298,1.223680
9299,1.218560
9300,1.259520
9301,1.197056
9302,1.227776
9303,1.244160
9304,1.232896
9305,1.219584
9306,1.219584
9307,1.233920
9308,1.234944
9309,1.212416
9310,1.238016
9311,1.220608
9312,1.229824
9313,1.241088
9314,1.240064
9315,1.249280
9316,1.234944
9317,1.261568
9318,1.244160
9319,1.185792
9320,1.240064
9321,1.249280
9322,1.227776
9323,1.264640
9324,1.120256
9325,1.128448
9326,2.566144
9327,1.219584
9328,1.216512
9329,2.680832
9330,1.256448
9331,1.256448
9332,1.195008
9333,1.249280
9334,1.211392
9335,1.224704
9336,1.247232
9337,1.244160
9338,1.195008
9339,1.257472
9340,1.249280
9341,1.227776
9342,1.239040
9343,1.230848
9344,1.231872
9345,1.200128
9346,1.257472
9347,1.241088
9348,1.233920
9349,1.242112
9350,1.238016
9351,1.246208
9352,1.242112
9353,1.260544
9354,1.236992
9355,1.233920
9356,1.263616
9357,1.225728
9358,1.251328
9359,1.242112
9360,1.256448
9361,1.247232
9362,1.216512
9363,1.232896
9364,1.224704
9365,1.261568
9366,1.239040
9367,1.253376
9368,1.212416
9369,1.228800
9370,1.261568
9371,1.146880
9372,0.903168
9373,0.926720
9374,0.718848
9375,0.649216
9376,0.627712
9377,1.219584
9378,1.173504
9379,1.175552
9380,2.620416
9381,1.222656
9382,2.678784
9383,1.208320
9384,1.192960
9385,1.223680
9386,1.270784
9387,1.234944
9388,1.231872
9389,1.196032
9390,1.226752
9391,1.229824
9392,1.198080
9393,1.214464
9394,1.258496
9395,1.229824
9396,1.213440
9397,1.244160
9398,1.240064
9399,1.222656
9400,1.233920
9401,1.273856
9402,1.259520
9403,1.227776
9404,1.243136
9405,1.217536
9406,1.215488
9407,1.179648
9408,1.170432
9409,1.244160
9410,1.196032
9411,1.184768
9412,1.158144
9413,1.190912
9414,1.166336
9415,1.203200
9416,1.180672
9417,1.210368
9418,1.212416
9419,1.225728
9420,1.175552
9421,1.191936
9422,1.157120
9423,1.212416
9424,1.207296
9425,1.080320
9426,0.984064
9427,0.848896
9428,0.670720
9429,1.248256
9430,1.163264
9431,1.163264
9432,1.153024
9433,1.142784
9434,1.152000
9435,1.157120
9436,1.148928
9437,1.143808
9438,1.154048
9439,1.155072
9440,3.342336
9441,1.147904
9442,1.148928
9443,1.117184
9444,1.117184
9445,1.150976
9446,1.100800
9447,1.115136
9448,1.130496
9449,1.143808
9450,1.115136
9451,3.389440
9452,1.058816
9453,1.084416
9454,1.078272
9455,1.081344
9456,2.060288
9457,1.115136
9458,1.094656
9459,1.130496
9460,1.129472
9461,2.083840
9462,1.079296
9463,3.321856
9464,1.067008
9465,1.087488
9466,1.102848
9467,1.090560
9468,1.058816
9469,1.086464
9470,1.069056
9471,1.088512
9472,1.049600
9473,1.080320
9474,1.078272
9475,1.091584
9476,1.070080
9477,1.049600
9478,1.042432
9479,1.088512
9480,1.063936
9481,0.882688
9482,0.641024
9483,0.617472
9484,0.616448
9485,0.602112
9486,1.105920
9487,1.088512
9488,1.087488
9489,1.069056
9490,1.072128
9491,1.081344
9492,1.059840
9493,1.054720
9494,1.052672
9495,1.031168
9496,1.035264
9497,1.052672
9498,1.030144
9499,1.037312
9500,1.019904
9501,1.022976
9502,1.080320
9503,1.044480
9504,1.046528
9505,1.082368
9506,1.067008
9507,1.025024
9508,1.060864
9509,1.090560
9510,1.011712
9511,1.019904
9512,1.013760
9513,1.016832
9514,1.036288
9515,1.003520
9516,1.026048
9517,1.036288
9518,1.013760
9519,0.966656
9520,0.970752
9521,0.990208
9522,0.983040
9523,0.983040
9524,0.948224
9525,0.927744
9526,0.904192
9527,0.906240
9528,0.919552
9529,0.900096
9530,0.944128
9531,0.949248
9532,0.942080
9533,0.914432
9534,0.898048
9535,0.923648
9536,0.922624
9537,0.914432
9538,0.930816
9539,0.930816
9540,0.886784
9541,1.866752
9542,0.891904
9543,0.924672
9544,0.931840
9545,0.865280
9546,0.893952
9547,1.850368
9548,3.103744
9549,0.844800
9550,0.893952
9551,0.873472
9552,0.875520
9553,0.892928
9554,0.888832
9555,0.890880
9556,0.904192
9557,0.905216
9558,0.875520
9559,0.859136
9560,0.736256
9561,0.676864
9562,0.803840
9563,0.807936
9564,0.826368
9565,0.830464
9566,0.806912
9567,0.815104
9568,0.819200
9569,0.829440
9570,0.797696
9571,0.804864
9572,0.815104
9573,0.800768
9574,0.809984
9575,0.814080
9576,0.815104
9577,0.802816
9578,0.816128
9579,0.818176
9580,0.806912
9581,0.811008
9582,0.834560
9583,0.817152
9584,0.817152
9585,0.797696
9586,0.791552
9587,0.784384
9588,0.785408
9589,0.788480
9590,0.786432
9591,0.793600
9592,0.787456
9593,0.780288
9594,0.789504
9595,0.813056
9596,0.789504
9597,0.798720
9598,0.788480
9599,0.779264
9600,0.763904
9601,0.754688
9602,0.756736
9603,0.768000
9604,0.768000
9605,0.758784
9606,0.742400
9607,0.757760
9608,0.753664
9609,0.774144
9610,0.773120
9611,0.774144
9612,0.770048
9613,0.751616
9614,0.763904
9615,0.764928
9616,0.780288
9617,0.776192
9618,0.753664
9619,0.772096
9620,0.750592
9621,0.759808
9622,0.776192
9623,0.759808
9624,0.744448
9625,0.731136
9626,0.729088
9627,0.736256
9628,0.746496
9629,0.724992
9630,0.758784
9631,0.910336
9632,0.746496
9633,0.688128
9634,0.737280
9635,0.715776
9636,0.703488
9637,0.702464
9638,0.697344
9639,0.719872
9640,0.707584
9641,0.699392
9642,0.692224
9643,0.675840
9644,0.681984
9645,0.685056
9646,0.675840
9647,0.677888
9648,0.669696
9649,2.016256
9650,0.663552
9651,0.670720
9652,0.661504
9653,0.657408
9654,0.658432
9655,0.647168
9656,0.642048
9657,0.652288
9658,0.654336
9659,0.645120
9660,1.983488
9661,0.646144
9662,0.635904
9663,0.660480
9664,0.645120
9665,0.643072
9666,0.653312
9667,0.630784
9668,0.660480
9669,0.646144
9670,0.635904
9671,0.667648
9672,0.650240
9673,0.665600
9674,0.654336
9675,0.652288
9676,0.640000
9677,0.637952
9678,0.625664
9679,0.632832
9680,0.635904
9681,0.637952
9682,0.627712
9683,0.654336
9684,0.633856
9685,0.626688
9686,0.617472
9687,0.613376
9688,0.604160
9689,0.580608
9690,0.609280
9691,0.615424
9692,0.610304
9693,0.609280
9694,0.602112
9695,0.599040
9696,0.593920
9697,0.600064
9698,0.594944
9699,0.602112
9700,0.602112
9701,0.600064
9702,0.610304
9703,0.609280
9704,0.603136
9705,0.605184
9706,0.606208
9707,0.601088
9708,0.603136
9709,0.602112
9710,0.593920
9711,0.595968
9712,0.595968
9713,1.959936
9714,0.603136
9715,0.600064
9716,0.592896
9717,1.913856
9718,0.593920
9719,0.599040
9720,0.596992
9721,0.602112
9722,0.601088
9723,0.600064
9724,0.592896
9725,0.593920
9726,0.599040
9727,0.602112
9728,0.602112
9729,0.598016
9730,0.601088
9731,0.598016
9732,0.593920
9733,0.599040
9734,0.592896
9735,0.602112
9736,0.594944
9737,0.594944
9738,0.588800
9739,0.592896
9740,0.585728
9741,0.589824
9742,0.593920
9743,0.596992
9744,0.594944
9745,0.596992
9746,0.594944
9747,0.594944
9748,0.586752
9749,0.586752
9750,0.584704
9751,0.582656
9752,0.582656
9753,0.578560
9754,0.579584
9755,0.583680
9756,0.583680
9757,0.585728
9758,0.578560
9759,0.578560
9760,0.577536
9761,0.579584
9762,0.569344
9763,0.574464
9764,0.576512
9765,0.570368
9766,0.571392
9767,0.572416
9768,0.568320
9769,0.570368
9770,0.568320
9771,0.568320
9772,0.577536
9773,0.577536
9774,0.577536
9775,0.571392
9776,0.571392
9777,0.569344
9778,0.572416
9779,0.572416
9780,0.570368
9781,0.569344
9782,0.570368
9783,0.569344
9784,0.572416
9785,0.575488
9786,0.578560
9787,0.572416
9788,0.571392
9789,0.568320
9790,0.569344
9791,0.571392
9792,0.570368
9793,0.573440
9794,0.571392
9795,0.571392
9796,0.572416
9797,0.571392
9798,0.570368
9799,0.572416
9800,0.574464
9801,0.571392
9802,0.572416
9803,0.567296
9804,0.574464
9805,0.572416
9806,0.569344
9807,0.565248
9808,0.564224
9809,0.567296
9810,0.568320
9811,0.566272
9812,0.565248
9813,0.566272
9814,0.566272
9815,0.565248
9816,0.560128
9817,0.559104
9818,0.558080
9819,0.557056
9820,0.558080
9821,0.556032
9822,0.553984
9823,0.540672
9824,0.538624
9825,0.538624
9826,0.539648
9827,0.564224
9828,0.565248
9829,0.566272
9830,0.565248
9831,0.564224
9832,0.564224
9833,0.565248
9834,0.562176
9835,0.564224
9836,0.565248
9837,0.564224
9838,0.564224
9839,0.563200
9840,0.563200
9841,0.564224
9842,0.565248
9843,0.563200
9844,0.564224
9845,0.562176
9846,0.563200
9847,0.564224
9848,0.565248
9849,0.564224
9850,0.566272
9851,0.566272
9852,0.567296
9853,0.565248
9854,0.563200
9855,0.562176
9856,0.563200
9857,0.563200
9858,0.563200
9859,0.563200
9860,0.561152
9861,0.562176
9862,0.564224
9863,0.562176
9864,0.561152
9865,0.560128
9866,0.559104
9867,0.561152
9868,0.565248
9869,0.560128
9870,0.561152
9871,0.560128
9872,0.560128
9873,0.562176
9874,0.559104
9875,0.562176
9876,0.570368
9877,0.567296
9878,0.566272
9879,0.560128
9880,0.562176
9881,0.556032
9882,0.556032
9883,0.557056
9884,0.556032
9885,0.557056
9886,0.557056
9887,0.558080
9888,0.556032
9889,0.557056
9890,0.557056
9891,0.556032
9892,0.555008
9893,0.550912
9894,0.551936
9895,0.550912
9896,0.550912
9897,0.552960
9898,0.551936
9899,0.550912
9900,0.551936
9901,0.552960
9902,0.550912
9903,0.551936
9904,0.551936
9905,0.552960
9906,0.550912
9907,0.552960
9908,0.551936
9909,0.552960
9910,0.551936
9911,0.552960
9912,0.551936
9913,0.551936
9914,0.550912
9915,0.552960
9916,0.557056
9917,0.558080
9918,0.557056
9919,0.556032
9920,0.557056
9921,0.557056
9922,0.551936
9923,0.553984
9924,0.551936
9925,0.551936
9926,0.551936
9927,0.552960
9928,0.553984
9929,0.550912
9930,0.551936
9931,0.552960
9932,0.552960
9933,0.550912
9934,0.551936
9935,0.552960
9936,0.551936
9937,0.552960
9938,0.552960
9939,0.552960
9940,0.552960
9941,0.551936
9942,0.545792
9943,0.541696
9944,0.541696
9945,0.540672
9946,0.541696
9947,0.546816
9948,0.545792
9949,0.540672
9950,0.540672
9951,0.541696
9952,0.541696
9953,0.541696
9954,0.541696
9955,0.541696
9956,0.540672
9957,0.541696
9958,0.540672
9959,0.541696
9960,0.540672
9961,0.541696
9962,0.540672
9963,0.538624
9964,0.538624
9965,0.542720
9966,0.539648
9967,0.538624
9968,0.539648
9969,0.539648
9970,0.539648
9971,0.538624
9972,0.538624
9973,0.538624
9974,0.539648
9975,0.539648
9976,0.539648
9977,0.539648
9978,0.539648
9979,0.540672
9980,0.539648
9981,0.539648
9982,0.539648
9983,0.539648
9984,0.539648
9985,0.539648
9986,0.538624
9987,0.538624
9988,0.539648
9989,0.539648
9990,0.539648
9991,0.539648
9992,0.539648
9993,0.538624
9994,0.540672
9995,0.540672
9996,0.539648
9997,0.538624
9998,0.539648
9999,0.538624
