iter,ms
0,0.750592
1,1.107968
2,1.116160
3,1.124352
4,1.154048
5,1.193984
6,1.175552
7,1.125376
8,1.089536
9,1.083392
10,1.119232
11,1.093632
12,1.120256
13,1.142784
14,1.184768
15,1.093632
16,1.106944
17,1.096704
18,1.065984
19,1.091584
20,1.126400
21,1.101824
22,1.085440
23,1.098752
24,1.106944
25,1.140736
26,1.102848
27,1.128448
28,1.110016
29,1.126400
30,1.090560
31,1.121280
32,1.142784
33,1.186816
34,1.145856
35,1.179648
36,1.157120
37,1.141760
38,1.180672
39,1.153024
40,1.175552
41,1.168384
42,1.114112
43,1.154048
44,1.161216
45,1.136640
46,1.192960
47,1.154048
48,1.146880
49,1.152000
50,1.195008
51,1.161216
52,1.197056
53,1.144832
54,1.130496
55,0.975872
56,0.812032
57,0.822272
58,0.794624
59,0.747520
60,1.133568
61,1.133568
62,1.149952
63,1.163264
64,1.185792
65,1.137664
66,1.161216
67,1.163264
68,1.208320
69,1.168384
70,1.183744
71,1.198080
72,1.198080
73,1.166336
74,1.173504
75,1.130496
76,1.170432
77,1.191936
78,1.146880
79,1.146880
80,1.178624
81,1.154048
82,1.301504
83,1.222656
84,1.169408
85,1.146880
86,1.189888
87,1.185792
88,1.177600
89,1.171456
90,1.240064
91,1.198080
92,1.197056
93,1.227776
94,1.204224
95,1.191936
96,1.203200
97,1.184768
98,1.280000
99,1.218560
100,1.210368
101,1.209344
102,1.215488
103,1.218560
104,1.217536
105,1.215488
106,1.226752
107,1.234944
108,1.190912
109,1.195008
110,1.144832
111,1.181696
112,1.056768
113,1.222656
114,1.189888
115,1.207296
116,1.160192
117,1.207296
118,1.185792
119,1.253376
120,1.198080
121,1.161216
122,1.261568
123,1.232896
124,1.155072
125,1.176576
126,1.215488
127,1.212416
128,1.241088
129,1.243136
130,1.224704
131,1.245184
132,1.160192
133,1.147904
134,1.161216
135,1.191936
136,1.182720
137,1.137664
138,1.227776
139,1.216512
140,1.404928
141,1.150976
142,1.171456
143,1.185792
144,1.185792
145,1.197056
146,1.164288
147,1.144832
148,1.191936
149,1.197056
150,1.181696
151,1.240064
152,1.210368
153,1.230848
154,1.224704
155,1.157120
156,1.204224
157,1.184768
158,1.185792
159,1.212416
160,1.258496
161,1.077248
162,1.138688
163,1.184768
164,1.193984
165,1.175552
166,1.206272
167,1.232896
168,1.274880
169,1.285120
170,1.175552
171,1.200128
172,1.164288
173,1.254400
174,1.205248
175,1.259520
176,1.252352
177,1.175552
178,1.238016
179,1.222656
180,1.190912
181,1.216512
182,1.219584
183,1.252352
184,1.243136
185,1.262592
186,1.190912
187,1.258496
188,1.226752
189,1.227776
190,1.105920
191,1.204224
192,1.254400
193,1.224704
194,1.282048
195,1.262592
196,1.280000
197,1.276928
198,1.256448
199,1.267712
200,1.231872
201,1.221632
202,1.234944
203,1.224704
204,1.224704
205,1.267712
206,1.232896
207,1.305600
208,1.217536
209,1.204224
210,0.959488
211,0.784384
212,1.249280
213,1.184768
214,1.223680
215,1.179648
216,1.224704
217,1.219584
218,1.265664
219,1.224704
220,1.239040
221,1.280000
222,1.242112
223,1.240064
224,1.221632
225,1.258496
226,1.233920
227,1.283072
228,1.285120
229,1.326080
230,1.289216
231,1.291264
232,1.274880
233,1.299456
234,1.325056
235,1.309696
236,1.297408
237,1.338368
238,1.306624
239,1.367040
240,1.401856
241,1.357824
242,1.344512
243,1.313792
244,1.363968
245,1.332224
246,1.339392
247,1.357824
248,1.268736
249,1.359872
250,1.350656
251,1.355776
252,1.379328
253,1.318912
254,1.327104
255,1.327104
256,1.311744
257,1.380352
258,1.314816
259,0.888832
260,0.621568
261,0.582656
262,0.583680
263,0.605184
264,1.368064
265,1.337344
266,1.316864
267,1.344512
268,1.347584
269,1.329152
270,1.347584
271,1.287168
272,1.285120
273,1.356800
274,1.325056
275,1.386496
276,1.382400
277,1.375232
278,1.370112
279,1.326080
280,1.379328
281,1.315840
282,1.267712
283,1.397760
284,1.332224
285,1.413120
286,1.411072
287,1.350656
288,1.402880
289,1.408000
290,1.315840
291,1.345536
292,1.315840
293,1.357824
294,1.346560
295,1.342464
296,1.336320
297,1.323008
298,1.317888
299,1.349632
300,1.328128
301,1.340416
302,1.367040
303,1.339392
304,1.346560
305,1.342464
306,1.320960
307,1.339392
308,1.158144
309,1.289216
310,1.209344
311,1.308672
312,1.380352
313,1.351680
314,1.331200
315,1.329152
316,1.326080
317,1.291264
318,1.310720
319,1.378304
320,1.314816
321,1.340416
322,1.335296
323,1.300480
324,1.325056
325,1.374208
326,1.359872
327,1.371136
328,1.349632
329,1.271808
330,1.313792
331,1.319936
332,1.352704
333,1.378304
334,1.376256
335,1.317888
336,1.348608
337,1.306624
338,1.369088
339,1.339392
340,1.334272
341,1.347584
342,1.319936
343,1.319936
344,1.348608
345,1.332224
346,1.307648
347,1.298432
348,1.331200
349,1.301504
350,1.381376
351,1.323008
352,1.332224
353,1.362944
354,1.212416
355,1.362944
356,1.259520
357,1.371136
358,1.306624
359,1.267712
360,1.305600
361,1.291264
362,1.339392
363,1.310720
364,1.315840
365,1.361920
366,1.350656
367,1.361920
368,1.303552
369,1.333248
370,1.372160
371,1.320960
372,1.326080
373,1.329152
374,1.312768
375,1.333248
376,1.297408
377,1.358848
378,1.337344
379,1.312768
380,1.312768
381,1.296384
382,1.401856
383,1.339392
384,1.298432
385,1.350656
386,1.354752
387,1.356800
388,1.299456
389,1.295360
390,1.331200
391,1.314816
392,1.328128
393,1.345536
394,1.310720
395,1.397760
396,1.336320
397,1.362944
398,1.385472
399,1.329152
400,1.187840
401,0.662528
402,1.441792
403,1.420288
404,1.267712
405,1.309696
406,1.314816
407,1.420288
408,1.296384
409,1.396736
410,1.361920
411,1.341440
412,1.316864
413,1.318912
414,1.366016
415,1.326080
416,1.303552
417,1.341440
418,1.353728
419,1.438720
420,1.378304
421,1.352704
422,1.404928
423,1.328128
424,1.319936
425,1.325056
426,1.344512
427,1.302528
428,1.341440
429,1.377280
430,1.267712
431,1.308672
432,1.345536
433,1.358848
434,1.352704
435,1.317888
436,1.307648
437,1.333248
438,1.324032
439,1.408000
440,1.367040
441,1.347584
442,1.352704
443,1.369088
444,1.324032
445,1.363968
446,1.152000
447,1.547264
448,1.385472
449,1.333248
450,1.371136
451,1.367040
452,1.388544
453,1.333248
454,1.339392
455,1.325056
456,1.332224
457,1.375232
458,1.352704
459,1.362944
460,1.340416
461,1.301504
462,1.308672
463,1.330176
464,1.374208
465,1.305600
466,1.357824
467,1.354752
468,1.345536
469,1.350656
470,1.353728
471,1.343488
472,1.359872
473,1.371136
474,1.361920
475,1.364992
476,1.332224
477,1.324032
478,1.352704
479,1.339392
480,1.332224
481,1.342464
482,1.336320
483,1.360896
484,1.330176
485,1.363968
486,1.344512
487,1.351680
488,1.324032
489,1.380352
490,1.325056
491,1.190912
492,0.851968
493,1.615872
494,1.394688
495,1.370112
496,1.310720
497,1.335296
498,1.347584
499,1.359872
500,1.332224
501,1.380352
502,1.350656
503,1.313792
504,1.321984
505,1.332224
506,1.335296
507,1.368064
508,1.273856
509,1.333248
510,1.311744
511,1.364992
512,1.375232
513,1.394688
514,1.338368
515,1.301504
516,1.314816
517,1.345536
518,1.308672
519,1.351680
520,1.371136
521,1.347584
522,1.356800
523,1.311744
524,1.338368
525,1.360896
526,1.382400
527,1.331200
528,1.304576
529,1.325056
530,1.356800
531,1.338368
532,1.281024
533,1.336320
534,1.371136
535,1.348608
536,1.351680
537,1.104896
538,0.864256
539,0.653312
540,0.614400
541,1.293312
542,1.343488
543,1.363968
544,1.419264
545,1.319936
546,1.302528
547,1.356800
548,1.353728
549,1.319936
550,1.360896
551,1.349632
552,1.330176
553,1.366016
554,1.314816
555,1.325056
556,1.332224
557,1.368064
558,1.323008
559,1.328128
560,1.331200
561,1.317888
562,1.346560
563,1.368064
564,1.316864
565,1.314816
566,1.338368
567,1.333248
568,1.315840
569,1.344512
570,1.307648
571,1.342464
572,1.376256
573,1.328128
574,1.379328
575,1.362944
576,1.339392
577,1.315840
578,1.349632
579,1.331200
580,1.311744
581,1.316864
582,1.349632
583,1.345536
584,1.315840
585,1.181696
586,1.410048
587,1.394688
588,1.344512
589,1.277952
590,1.366016
591,1.360896
592,1.355776
593,1.319936
594,1.284096
595,1.383424
596,1.360896
597,1.316864
598,1.278976
599,1.283072
600,1.288192
601,1.303552
602,1.370112
603,1.296384
604,1.422336
605,1.386496
606,1.345536
607,1.306624
608,1.315840
609,1.344512
610,1.296384
611,1.285120
612,1.359872
613,1.377280
614,1.348608
615,1.340416
616,1.350656
617,1.325056
618,1.340416
619,1.355776
620,1.339392
621,1.391616
622,1.372160
623,1.335296
624,1.333248
625,1.384448
626,1.301504
627,1.311744
628,1.303552
629,1.359872
630,1.206272
631,0.858112
632,0.676864
633,0.619520
634,0.605184
635,0.575488
636,0.558080
637,0.550912
638,0.541696
639,1.393664
640,1.347584
641,1.268736
642,1.305600
643,1.361920
644,1.340416
645,1.314816
646,1.299456
647,1.374208
648,1.357824
649,1.361920
650,1.332224
651,1.330176
652,1.336320
653,1.356800
654,1.372160
655,1.311744
656,1.331200
657,1.324032
658,1.324032
659,1.380352
660,1.304576
661,1.334272
662,1.359872
663,1.323008
664,1.375232
665,1.337344
666,1.347584
667,1.364992
668,1.341440
669,1.362944
670,1.376256
671,1.316864
672,1.357824
673,1.349632
674,1.393664
675,1.351680
676,1.368064
677,1.312768
678,1.338368
679,1.320960
680,1.334272
681,1.368064
682,1.353728
683,1.070080
684,0.758784
685,0.656384
686,0.648192
687,0.623616
688,0.622592
689,0.616448
690,0.577536
691,0.567296
692,1.347584
693,1.430528
694,1.314816
695,1.417216
696,1.359872
697,1.325056
698,1.379328
699,1.380352
700,1.327104
701,1.312768
702,1.320960
703,1.330176
704,1.313792
705,1.366016
706,1.370112
707,1.321984
708,1.310720
709,1.332224
710,1.299456
711,1.363968
712,1.356800
713,1.327104
714,1.343488
715,1.323008
716,1.331200
717,1.326080
718,1.321984
719,1.328128
720,1.338368
721,1.377280
722,1.334272
723,1.379328
724,1.369088
725,1.324032
726,1.350656
727,1.318912
728,1.345536
729,1.299456
730,1.336320
731,1.347584
732,1.347584
733,1.370112
734,1.374208
735,1.323008
736,1.280000
737,1.108992
738,1.315840
739,1.283072
740,1.344512
741,1.301504
742,1.310720
743,1.353728
744,1.323008
745,1.374208
746,1.368064
747,1.310720
748,1.348608
749,1.350656
750,1.321984
751,1.368064
752,1.316864
753,1.320960
754,1.319936
755,1.287168
756,1.326080
757,1.343488
758,1.336320
759,1.376256
760,1.351680
761,1.332224
762,1.328128
763,1.355776
764,1.298432
765,1.306624
766,1.336320
767,1.352704
768,1.335296
769,1.328128
770,1.363968
771,1.357824
772,1.316864
773,1.295360
774,1.362944
775,1.333248
776,1.302528
777,1.357824
778,1.241088
779,1.271808
780,1.165312
781,1.340416
782,1.312768
783,1.338368
784,1.386496
785,1.343488
786,1.366016
787,1.357824
788,1.339392
789,1.335296
790,1.227776
791,1.321984
792,1.247232
793,1.304576
794,1.315840
795,1.311744
796,1.325056
797,1.289216
798,1.325056
799,1.327104
800,1.346560
801,1.366016
802,1.361920
803,1.347584
804,1.351680
805,1.348608
806,1.345536
807,1.350656
808,1.306624
809,1.350656
810,1.345536
811,1.359872
812,1.342464
813,1.336320
814,1.295360
815,1.361920
816,1.325056
817,1.318912
818,1.330176
819,1.347584
820,1.379328
821,1.376256
822,1.356800
823,1.369088
824,1.212416
825,1.139712
826,1.278976
827,1.275904
828,1.326080
829,1.328128
830,1.323008
831,1.276928
832,1.306624
833,1.385472
834,1.304576
835,1.319936
836,1.294336
837,1.297408
838,1.351680
839,1.366016
840,1.312768
841,1.336320
842,1.379328
843,1.357824
844,1.374208
845,1.372160
846,1.328128
847,1.332224
848,1.379328
849,1.341440
850,1.298432
851,1.315840
852,1.312768
853,1.316864
854,1.348608
855,1.323008
856,1.366016
857,1.556480
858,1.307648
859,1.367040
860,1.364992
861,1.421312
862,1.323008
863,1.340416
864,1.326080
865,1.353728
866,1.395712
867,1.349632
868,1.248256
869,0.807936
870,0.652288
871,0.628736
872,0.615424
873,0.605184
874,1.364992
875,1.321984
876,1.324032
877,1.317888
878,1.344512
879,1.361920
880,1.297408
881,1.323008
882,1.284096
883,1.352704
884,1.311744
885,1.355776
886,1.281024
887,1.347584
888,1.404928
889,1.404928
890,1.346560
891,1.332224
892,1.297408
893,1.321984
894,1.293312
895,1.284096
896,1.330176
897,1.362944
898,1.295360
899,1.349632
900,1.325056
901,1.323008
902,1.308672
903,1.308672
904,1.344512
905,1.308672
906,1.328128
907,1.298432
908,1.343488
909,1.369088
910,1.354752
911,1.277952
912,1.362944
913,1.351680
914,1.476608
915,1.344512
916,1.374208
917,1.349632
918,1.147904
919,0.771072
920,0.657408
921,0.651264
922,0.642048
923,0.631808
924,0.610304
925,1.368064
926,1.408000
927,1.333248
928,1.359872
929,1.319936
930,1.368064
931,1.283072
932,1.315840
933,1.299456
934,1.295360
935,1.332224
936,1.340416
937,1.367040
938,1.327104
939,1.325056
940,1.399808
941,1.396736
942,1.352704
943,1.344512
944,1.343488
945,1.362944
946,1.369088
947,1.346560
948,1.350656
949,1.377280
950,1.297408
951,1.359872
952,1.348608
953,1.417216
954,1.329152
955,1.307648
956,1.309696
957,1.364992
958,1.360896
959,1.330176
960,1.308672
961,1.270784
962,1.342464
963,1.332224
964,1.342464
965,1.302528
966,1.318912
967,1.351680
968,1.336320
969,1.248256
970,1.299456
971,1.114112
972,1.287168
973,1.289216
974,1.304576
975,1.336320
976,1.320960
977,1.359872
978,1.309696
979,1.332224
980,1.338368
981,1.351680
982,1.350656
983,1.337344
984,1.331200
985,1.352704
986,1.310720
987,1.331200
988,1.363968
989,1.318912
990,1.357824
991,1.299456
992,1.339392
993,1.299456
994,1.527808
995,1.260544
996,1.287168
997,1.294336
998,1.331200
999,1.300480
1000,1.363968
1001,1.320960
1002,1.323008
1003,1.362944
1004,1.317888
1005,1.333248
1006,1.312768
1007,1.348608
1008,1.303552
1009,1.366016
1010,1.281024
1011,1.341440
1012,1.354752
1013,1.333248
1014,1.329152
1015,1.125376
1016,0.856064
1017,1.405952
1018,1.372160
1019,1.387520
1020,1.363968
1021,1.382400
1022,1.346560
1023,1.353728
1024,1.338368
1025,1.341440
1026,1.361920
1027,1.335296
1028,1.361920
1029,1.366016
1030,1.350656
1031,1.294336
1032,1.368064
1033,1.330176
1034,1.285120
1035,1.294336
1036,1.317888
1037,1.335296
1038,1.307648
1039,1.389568
1040,1.372160
1041,1.330176
1042,1.511424
1043,1.382400
1044,1.337344
1045,1.349632
1046,1.360896
1047,1.341440
1048,1.344512
1049,1.316864
1050,1.349632
1051,1.361920
1052,1.296384
1053,1.280000
1054,1.359872
1055,1.323008
1056,1.346560
1057,1.373184
1058,1.328128
1059,1.278976
1060,1.331200
1061,1.236992
1062,1.193984
1063,1.284096
1064,1.248256
1065,1.295360
1066,1.340416
1067,1.343488
1068,1.361920
1069,1.350656
1070,1.360896
1071,1.316864
1072,1.394688
1073,1.338368
1074,1.359872
1075,1.371136
1076,1.292288
1077,1.372160
1078,1.319936
1079,1.319936
1080,1.351680
1081,1.311744
1082,1.380352
1083,1.374208
1084,1.326080
1085,1.293312
1086,1.336320
1087,1.346560
1088,1.359872
1089,1.292288
1090,1.275904
1091,1.367040
1092,1.343488
1093,1.401856
1094,1.347584
1095,1.341440
1096,1.383424
1097,1.387520
1098,1.327104
1099,1.310720
1100,1.325056
1101,1.331200
1102,1.359872
1103,1.335296
1104,1.555456
1105,1.301504
1106,1.157120
1107,0.838656
1108,1.376256
1109,1.411072
1110,1.410048
1111,1.301504
1112,1.338368
1113,1.330176
1114,1.326080
1115,1.360896
1116,1.326080
1117,1.311744
1118,1.341440
1119,1.338368
1120,1.337344
1121,1.341440
1122,1.345536
1123,1.367040
1124,1.328128
1125,1.349632
1126,1.373184
1127,1.355776
1128,1.346560
1129,1.343488
1130,1.382400
1131,1.327104
1132,1.333248
1133,1.342464
1134,1.308672
1135,1.318912
1136,1.319936
1137,1.355776
1138,1.313792
1139,1.349632
1140,1.325056
1141,1.357824
1142,1.334272
1143,1.339392
1144,1.368064
1145,1.364992
1146,1.314816
1147,1.328128
1148,1.297408
1149,1.317888
1150,1.355776
1151,1.328128
1152,1.298432
1153,0.809984
1154,0.608256
1155,0.583680
1156,1.380352
1157,1.351680
1158,1.323008
1159,1.321984
1160,1.347584
1161,1.383424
1162,1.309696
1163,1.301504
1164,1.321984
1165,1.357824
1166,1.339392
1167,1.303552
1168,1.384448
1169,1.304576
1170,1.314816
1171,1.185792
1172,1.261568
1173,1.270784
1174,1.312768
1175,1.284096
1176,1.281024
1177,1.369088
1178,1.348608
1179,1.357824
1180,1.357824
1181,1.372160
1182,1.309696
1183,1.370112
1184,1.339392
1185,1.419264
1186,1.327104
1187,1.345536
1188,1.343488
1189,1.327104
1190,1.359872
1191,1.290240
1192,1.280000
1193,1.374208
1194,1.335296
1195,1.344512
1196,1.395712
1197,1.358848
1198,1.297408
1199,1.336320
1200,1.293312
1201,1.069056
1202,0.646144
1203,0.611328
1204,0.608256
1205,0.594944
1206,0.580608
1207,1.403904
1208,1.362944
1209,1.317888
1210,1.418240
1211,1.350656
1212,1.386496
1213,1.386496
1214,1.360896
1215,1.354752
1216,1.325056
1217,1.347584
1218,1.345536
1219,1.324032
1220,1.304576
1221,1.331200
1222,1.293312
1223,1.388544
1224,1.396736
1225,1.320960
1226,1.388544
1227,1.366016
1228,1.329152
1229,1.357824
1230,1.353728
1231,1.342464
1232,1.286144
1233,1.340416
1234,1.384448
1235,1.315840
1236,1.344512
1237,1.330176
1238,1.329152
1239,1.351680
1240,1.324032
1241,1.341440
1242,1.351680
1243,1.321984
1244,1.360896
1245,1.392640
1246,1.339392
1247,1.356800
1248,1.353728
1249,1.337344
1250,1.276928
1251,1.257472
1252,1.198080
1253,1.351680
1254,1.369088
1255,1.343488
1256,1.383424
1257,1.277952
1258,1.275904
1259,1.336320
1260,1.319936
1261,1.314816
1262,1.343488
1263,1.307648
1264,1.312768
1265,1.317888
1266,1.298432
1267,1.382400
1268,1.304576
1269,1.345536
1270,1.330176
1271,1.342464
1272,1.333248
1273,1.301504
1274,1.357824
1275,1.301504
1276,1.348608
1277,1.389568
1278,1.419264
1279,1.354752
1280,1.298432
1281,1.332224
1282,1.323008
1283,1.304576
1284,1.253376
1285,1.333248
1286,1.298432
1287,1.349632
1288,1.282048
1289,1.362944
1290,1.336320
1291,1.313792
1292,1.367040
1293,1.312768
1294,1.306624
1295,1.390592
1296,1.264640
1297,0.826368
1298,0.636928
1299,1.374208
1300,1.410048
1301,1.357824
1302,1.358848
1303,1.357824
1304,1.291264
1305,1.355776
1306,1.361920
1307,1.308672
1308,1.386496
1309,1.311744
1310,1.381376
1311,1.392640
1312,1.304576
1313,1.400832
1314,1.337344
1315,1.317888
1316,1.291264
1317,1.330176
1318,1.330176
1319,1.355776
1320,1.326080
1321,1.396736
1322,1.286144
1323,1.347584
1324,1.334272
1325,1.274880
1326,1.361920
1327,1.377280
1328,1.337344
1329,1.340416
1330,1.302528
1331,1.374208
1332,1.311744
1333,1.336320
1334,1.287168
1335,1.309696
1336,1.359872
1337,1.305600
1338,1.332224
1339,1.290240
1340,1.357824
1341,1.339392
1342,1.338368
1343,1.354752
1344,1.275904
1345,1.107968
1346,1.318912
1347,1.302528
1348,1.320960
1349,1.285120
1350,1.376256
1351,1.337344
1352,1.335296
1353,1.317888
1354,1.397760
1355,1.324032
1356,1.298432
1357,1.292288
1358,1.295360
1359,1.282048
1360,1.372160
1361,1.339392
1362,1.349632
1363,1.357824
1364,1.346560
1365,1.349632
1366,1.356800
1367,1.386496
1368,1.337344
1369,1.332224
1370,1.292288
1371,1.335296
1372,1.328128
1373,1.314816
1374,1.369088
1375,1.344512
1376,1.310720
1377,1.251328
1378,1.406976
1379,1.391616
1380,1.335296
1381,1.328128
1382,1.305600
1383,1.310720
1384,1.398784
1385,1.342464
1386,1.377280
1387,1.306624
1388,1.323008
1389,1.209344
1390,1.147904
1391,1.281024
1392,1.318912
1393,1.343488
1394,1.305600
1395,1.354752
1396,1.247232
1397,1.297408
1398,1.362944
1399,1.335296
1400,1.345536
1401,1.379328
1402,1.374208
1403,1.303552
1404,1.340416
1405,1.375232
1406,1.357824
1407,1.374208
1408,1.345536
1409,1.370112
1410,1.349632
1411,1.389568
1412,1.316864
1413,1.307648
1414,1.369088
1415,1.327104
1416,1.377280
1417,1.388544
1418,1.388544
1419,1.348608
1420,1.363968
1421,1.341440
1422,1.415168
1423,1.339392
1424,1.292288
1425,1.301504
1426,1.389568
1427,1.311744
1428,1.342464
1429,1.327104
1430,1.357824
1431,1.327104
1432,1.345536
1433,1.229824
1434,1.287168
1435,1.184768
1436,1.380352
1437,1.332224
1438,1.334272
1439,1.294336
1440,1.301504
1441,1.338368
1442,1.341440
1443,1.311744
1444,1.317888
1445,1.330176
1446,1.316864
1447,1.394688
1448,1.376256
1449,1.333248
1450,1.329152
1451,1.285120
1452,1.350656
1453,1.307648
1454,1.337344
1455,1.347584
1456,1.319936
1457,1.335296
1458,1.327104
1459,1.376256
1460,1.346560
1461,1.313792
1462,1.341440
1463,1.344512
1464,1.349632
1465,1.305600
1466,1.388544
1467,1.349632
1468,1.358848
1469,1.332224
1470,1.334272
1471,1.358848
1472,1.381376
1473,1.312768
1474,1.328128
1475,1.354752
1476,1.361920
1477,1.333248
1478,1.339392
1479,1.095680
1480,0.925696
1481,1.394688
1482,1.331200
1483,1.296384
1484,1.301504
1485,1.334272
1486,1.358848
1487,1.360896
1488,1.336320
1489,1.330176
1490,1.334272
1491,1.315840
1492,1.354752
1493,1.339392
1494,1.349632
1495,1.346560
1496,1.294336
1497,1.362944
1498,1.348608
1499,1.360896
1500,1.331200
1501,1.346560
1502,1.346560
1503,1.391616
1504,1.400832
1505,1.283072
1506,1.398784
1507,1.337344
1508,1.388544
1509,1.383424
1510,1.366016
1511,1.321984
1512,1.348608
1513,1.338368
1514,1.310720
1515,1.383424
1516,1.380352
1517,1.327104
1518,1.332224
1519,1.340416
1520,1.339392
1521,1.376256
1522,1.308672
1523,1.354752
1524,1.334272
1525,1.092608
1526,1.306624
1527,1.414144
1528,1.350656
1529,1.401856
1530,1.371136
1531,1.390592
1532,1.347584
1533,1.315840
1534,1.344512
1535,1.346560
1536,1.385472
1537,1.340416
1538,1.389568
1539,1.294336
1540,1.351680
1541,1.329152
1542,1.366016
1543,1.338368
1544,1.360896
1545,1.372160
1546,1.337344
1547,1.373184
1548,1.324032
1549,1.337344
1550,1.302528
1551,1.346560
1552,1.349632
1553,1.380352
1554,1.353728
1555,1.354752
1556,1.305600
1557,1.382400
1558,1.326080
1559,1.355776
1560,1.302528
1561,1.358848
1562,1.342464
1563,1.315840
1564,1.336320
1565,1.305600
1566,1.335296
1567,1.335296
1568,1.320960
1569,1.200128
1570,0.715776
1571,0.779264
1572,1.082368
1573,1.326080
1574,1.340416
1575,1.284096
1576,1.356800
1577,1.312768
1578,1.382400
1579,1.292288
1580,1.342464
1581,1.318912
1582,1.341440
1583,1.321984
1584,1.342464
1585,1.363968
1586,1.311744
1587,1.257472
1588,1.327104
1589,1.310720
1590,1.334272
1591,1.381376
1592,1.350656
1593,1.338368
1594,1.373184
1595,1.379328
1596,1.320960
1597,1.347584
1598,1.303552
1599,1.300480
1600,1.308672
1601,1.335296
1602,1.335296
1603,1.334272
1604,1.374208
1605,1.358848
1606,1.371136
1607,1.351680
1608,1.324032
1609,1.342464
1610,1.376256
1611,1.294336
1612,1.323008
1613,1.349632
1614,1.297408
1615,1.340416
1616,1.280000
1617,1.077248
1618,0.697344
1619,0.621568
1620,0.596992
1621,1.355776
1622,1.212416
1623,1.337344
1624,1.309696
1625,1.336320
1626,1.313792
1627,1.323008
1628,1.321984
1629,1.339392
1630,1.297408
1631,1.326080
1632,1.310720
1633,1.379328
1634,1.283072
1635,1.348608
1636,1.316864
1637,1.321984
1638,1.285120
1639,1.355776
1640,1.342464
1641,1.353728
1642,1.335296
1643,1.344512
1644,1.374208
1645,1.354752
1646,1.341440
1647,1.334272
1648,1.374208
1649,1.354752
1650,1.367040
1651,1.360896
1652,1.309696
1653,1.352704
1654,1.310720
1655,1.341440
1656,1.324032
1657,1.343488
1658,1.304576
1659,1.310720
1660,1.344512
1661,1.361920
1662,1.341440
1663,1.312768
1664,1.308672
1665,1.353728
1666,1.132544
1667,0.859136
1668,1.318912
1669,1.241088
1670,1.284096
1671,1.363968
1672,1.416192
1673,1.372160
1674,1.353728
1675,1.320960
1676,1.348608
1677,1.338368
1678,1.340416
1679,1.309696
1680,1.291264
1681,1.331200
1682,1.362944
1683,1.286144
1684,1.324032
1685,1.352704
1686,1.313792
1687,1.330176
1688,1.380352
1689,1.323008
1690,1.324032
1691,1.346560
1692,1.330176
1693,1.366016
1694,1.372160
1695,1.368064
1696,1.305600
1697,1.362944
1698,1.302528
1699,1.395712
1700,1.318912
1701,1.308672
1702,1.357824
1703,1.328128
1704,1.332224
1705,1.302528
1706,1.348608
1707,1.324032
1708,1.344512
1709,1.326080
1710,1.312768
1711,1.301504
1712,1.314816
1713,1.172480
1714,0.808960
1715,1.325056
1716,1.134592
1717,1.338368
1718,1.342464
1719,1.376256
1720,1.289216
1721,1.353728
1722,1.351680
1723,1.278976
1724,1.329152
1725,1.312768
1726,1.352704
1727,1.335296
1728,1.372160
1729,1.360896
1730,1.360896
1731,1.355776
1732,1.324032
1733,1.308672
1734,1.309696
1735,1.372160
1736,1.339392
1737,1.304576
1738,1.325056
1739,1.374208
1740,1.326080
1741,1.330176
1742,1.334272
1743,1.353728
1744,1.328128
1745,1.386496
1746,1.326080
1747,1.361920
1748,1.337344
1749,1.372160
1750,1.367040
1751,1.380352
1752,1.379328
1753,1.333248
1754,1.327104
1755,1.301504
1756,1.388544
1757,1.386496
1758,1.377280
1759,1.287168
1760,0.976896
1761,0.647168
1762,0.630784
1763,1.384448
1764,1.344512
1765,1.397760
1766,1.319936
1767,1.287168
1768,1.378304
1769,1.354752
1770,1.372160
1771,1.399808
1772,1.378304
1773,1.370112
1774,1.350656
1775,1.328128
1776,1.355776
1777,1.310720
1778,1.323008
1779,1.304576
1780,1.308672
1781,1.336320
1782,1.306624
1783,1.293312
1784,1.284096
1785,1.341440
1786,1.326080
1787,1.331200
1788,1.357824
1789,1.400832
1790,1.394688
1791,1.364992
1792,1.314816
1793,1.380352
1794,1.330176
1795,1.356800
1796,1.310720
1797,1.341440
1798,1.304576
1799,1.344512
1800,1.341440
1801,1.354752
1802,1.315840
1803,1.300480
1804,1.331200
1805,1.364992
1806,1.329152
1807,1.238016
1808,1.361920
1809,1.396736
1810,1.316864
1811,1.312768
1812,1.333248
1813,1.329152
1814,1.327104
1815,1.332224
1816,1.359872
1817,1.341440
1818,1.386496
1819,1.339392
1820,1.345536
1821,1.332224
1822,1.308672
1823,1.388544
1824,1.359872
1825,1.287168
1826,1.389568
1827,1.327104
1828,1.347584
1829,1.305600
1830,1.295360
1831,1.308672
1832,1.315840
1833,1.318912
1834,1.525760
1835,1.310720
1836,1.255424
1837,1.296384
1838,1.346560
1839,1.311744
1840,1.346560
1841,1.327104
1842,1.391616
1843,1.332224
1844,1.339392
1845,1.330176
1846,1.349632
1847,1.313792
1848,1.303552
1849,1.319936
1850,1.371136
1851,1.319936
1852,1.309696
1853,0.923648
1854,0.697344
1855,0.700416
1856,0.664576
1857,0.590848
1858,0.570368
1859,0.559104
1860,1.263616
1861,1.342464
1862,1.305600
1863,1.304576
1864,1.291264
1865,1.316864
1866,1.425408
1867,1.312768
1868,1.330176
1869,1.301504
1870,1.319936
1871,1.340416
1872,1.323008
1873,1.313792
1874,1.307648
1875,1.350656
1876,1.336320
1877,1.333248
1878,1.329152
1879,1.310720
1880,1.356800
1881,1.309696
1882,1.334272
1883,1.349632
1884,1.342464
1885,1.337344
1886,1.308672
1887,1.490944
1888,1.356800
1889,1.351680
1890,1.379328
1891,1.346560
1892,1.311744
1893,1.353728
1894,1.346560
1895,1.359872
1896,1.393664
1897,1.301504
1898,1.289216
1899,1.377280
1900,1.307648
1901,1.385472
1902,1.340416
1903,1.340416
1904,1.299456
1905,1.244160
1906,1.166336
1907,1.299456
1908,1.309696
1909,1.312768
1910,1.354752
1911,1.297408
1912,1.319936
1913,1.355776
1914,1.337344
1915,1.348608
1916,1.347584
1917,1.308672
1918,1.323008
1919,1.309696
1920,1.302528
1921,1.302528
1922,1.338368
1923,1.340416
1924,1.385472
1925,1.299456
1926,1.334272
1927,1.342464
1928,1.301504
1929,1.332224
1930,1.377280
1931,1.300480
1932,1.313792
1933,1.298432
1934,1.293312
1935,1.376256
1936,1.350656
1937,1.357824
1938,1.315840
1939,1.367040
1940,1.355776
1941,1.354752
1942,1.364992
1943,1.328128
1944,1.388544
1945,1.348608
1946,1.363968
1947,1.307648
1948,1.355776
1949,1.334272
1950,1.114112
1951,1.304576
1952,1.156096
1953,1.358848
1954,1.356800
1955,1.351680
1956,1.345536
1957,1.327104
1958,1.316864
1959,1.388544
1960,1.295360
1961,1.327104
1962,1.335296
1963,1.385472
1964,1.325056
1965,1.338368
1966,1.377280
1967,1.358848
1968,1.356800
1969,1.327104
1970,1.336320
1971,1.350656
1972,1.368064
1973,1.352704
1974,1.324032
1975,1.278976
1976,1.330176
1977,1.345536
1978,1.360896
1979,1.334272
1980,1.350656
1981,1.359872
1982,1.358848
1983,1.352704
1984,1.319936
1985,1.317888
1986,1.301504
1987,1.278976
1988,1.363968
1989,1.319936
1990,1.353728
1991,1.349632
1992,1.288192
1993,1.340416
1994,1.358848
1995,1.379328
1996,1.210368
1997,1.244160
1998,1.199104
1999,1.351680
2000,1.357824
2001,1.326080
2002,1.311744
2003,1.309696
2004,1.327104
2005,1.381376
2006,1.342464
2007,1.351680
2008,1.324032
2009,1.366016
2010,1.280000
2011,1.302528
2012,1.316864
2013,1.297408
2014,1.341440
2015,1.386496
2016,1.301504
2017,1.352704
2018,1.311744
2019,1.367040
2020,1.338368
2021,1.287168
2022,1.374208
2023,1.347584
2024,1.301504
2025,1.318912
2026,1.296384
2027,1.366016
2028,1.358848
2029,1.326080
2030,1.391616
2031,1.338368
2032,1.378304
2033,1.347584
2034,1.345536
2035,1.359872
2036,1.352704
2037,1.316864
2038,1.306624
2039,1.339392
2040,1.327104
2041,1.311744
2042,1.173504
2043,0.848896
2044,1.389568
2045,1.324032
2046,1.280000
2047,1.259520
2048,1.294336
2049,1.338368
2050,1.286144
2051,1.358848
2052,1.323008
2053,1.338368
2054,1.332224
2055,1.369088
2056,1.361920
2057,1.356800
2058,1.295360
2059,1.346560
2060,1.324032
2061,1.272832
2062,1.317888
2063,1.305600
2064,1.355776
2065,1.360896
2066,1.339392
2067,1.324032
2068,1.364992
2069,1.302528
2070,1.329152
2071,1.347584
2072,1.368064
2073,1.369088
2074,1.334272
2075,1.363968
2076,1.359872
2077,1.345536
2078,1.382400
2079,1.317888
2080,1.301504
2081,1.401856
2082,1.308672
2083,1.310720
2084,1.305600
2085,1.323008
2086,1.304576
2087,1.306624
2088,1.216512
2089,0.908288
2090,0.723968
2091,0.638976
2092,1.303552
2093,1.136640
2094,1.422336
2095,1.297408
2096,1.308672
2097,1.377280
2098,1.324032
2099,1.348608
2100,1.348608
2101,1.311744
2102,1.311744
2103,1.359872
2104,1.310720
2105,1.323008
2106,1.327104
2107,1.302528
2108,1.278976
2109,1.330176
2110,1.307648
2111,1.360896
2112,1.360896
2113,1.320960
2114,1.265664
2115,1.328128
2116,1.332224
2117,1.335296
2118,1.347584
2119,1.347584
2120,1.316864
2121,1.311744
2122,1.328128
2123,1.300480
2124,1.316864
2125,1.303552
2126,1.312768
2127,1.335296
2128,1.307648
2129,1.366016
2130,1.366016
2131,1.313792
2132,1.345536
2133,1.312768
2134,1.359872
2135,1.363968
2136,1.340416
2137,1.225728
2138,1.347584
2139,1.164288
2140,1.319936
2141,1.288192
2142,1.304576
2143,1.328128
2144,1.286144
2145,1.332224
2146,1.339392
2147,1.354752
2148,1.325056
2149,1.315840
2150,1.321984
2151,1.357824
2152,1.324032
2153,1.310720
2154,1.354752
2155,1.324032
2156,1.378304
2157,1.303552
2158,1.308672
2159,1.316864
2160,1.306624
2161,1.323008
2162,1.324032
2163,1.338368
2164,1.329152
2165,1.305600
2166,1.333248
2167,1.289216
2168,1.310720
2169,1.358848
2170,1.320960
2171,1.325056
2172,1.311744
2173,1.348608
2174,1.319936
2175,1.296384
2176,1.372160
2177,1.349632
2178,1.347584
2179,1.339392
2180,1.340416
2181,1.375232
2182,1.317888
2183,1.118208
2184,1.254400
2185,1.238016
2186,1.313792
2187,1.303552
2188,1.369088
2189,1.345536
2190,1.343488
2191,1.306624
2192,1.347584
2193,1.316864
2194,1.304576
2195,1.299456
2196,1.301504
2197,1.339392
2198,1.332224
2199,1.308672
2200,1.284096
2201,1.326080
2202,1.295360
2203,1.351680
2204,1.294336
2205,1.341440
2206,1.331200
2207,1.315840
2208,1.300480
2209,1.337344
2210,1.290240
2211,1.348608
2212,1.358848
2213,1.317888
2214,1.369088
2215,1.348608
2216,1.312768
2217,1.354752
2218,1.358848
2219,1.384448
2220,1.353728
2221,1.314816
2222,1.309696
2223,1.343488
2224,1.305600
2225,1.374208
2226,1.342464
2227,1.304576
2228,1.369088
2229,1.274880
2230,0.787456
2231,1.293312
2232,1.222656
2233,1.328128
2234,1.360896
2235,1.334272
2236,1.295360
2237,1.325056
2238,1.301504
2239,1.302528
2240,1.320960
2241,1.308672
2242,1.336320
2243,1.316864
2244,1.309696
2245,1.363968
2246,1.313792
2247,1.349632
2248,1.354752
2249,1.341440
2250,1.320960
2251,1.293312
2252,1.312768
2253,1.309696
2254,1.255424
2255,1.336320
2256,1.321984
2257,1.265664
2258,1.409024
2259,1.302528
2260,1.303552
2261,1.343488
2262,1.346560
2263,1.351680
2264,1.321984
2265,1.353728
2266,1.336320
2267,1.341440
2268,1.354752
2269,1.352704
2270,1.341440
2271,1.368064
2272,1.334272
2273,1.336320
2274,1.304576
2275,1.320960
2276,1.030144
2277,0.761856
2278,1.366016
2279,1.328128
2280,1.342464
2281,1.280000
2282,1.354752
2283,1.353728
2284,1.310720
2285,1.319936
2286,1.347584
2287,1.325056
2288,1.349632
2289,1.351680
2290,1.350656
2291,1.375232
2292,1.387520
2293,1.355776
2294,1.393664
2295,1.386496
2296,1.342464
2297,1.356800
2298,1.395712
2299,1.330176
2300,1.320960
2301,1.344512
2302,1.390592
2303,1.411072
2304,1.316864
2305,1.381376
2306,1.357824
2307,1.285120
2308,1.343488
2309,1.300480
2310,1.339392
2311,1.363968
2312,1.356800
2313,1.358848
2314,1.324032
2315,1.364992
2316,1.328128
2317,1.326080
2318,1.309696
2319,1.333248
2320,1.291264
2321,1.300480
2322,1.055744
2323,0.800768
2324,0.711680
2325,0.670720
2326,0.626688
2327,0.607232
2328,0.594944
2329,1.373184
2330,1.329152
2331,1.261568
2332,1.376256
2333,1.315840
2334,1.260544
2335,1.357824
2336,1.364992
2337,1.328128
2338,1.325056
2339,1.360896
2340,1.360896
2341,1.341440
2342,1.332224
2343,1.363968
2344,1.311744
2345,1.345536
2346,1.318912
2347,1.327104
2348,1.310720
2349,1.360896
2350,1.291264
2351,1.309696
2352,1.326080
2353,1.296384
2354,1.244160
2355,1.094656
2356,1.203200
2357,1.320960
2358,1.378304
2359,1.361920
2360,1.356800
2361,1.325056
2362,1.346560
2363,1.319936
2364,1.343488
2365,1.376256
2366,1.342464
2367,1.352704
2368,1.348608
2369,1.317888
2370,1.317888
2371,1.317888
2372,1.333248
2373,1.283072
2374,1.311744
2375,0.917504
2376,0.653312
2377,0.617472
2378,0.598016
2379,0.592896
2380,1.324032
2381,1.267712
2382,1.293312
2383,1.371136
2384,1.348608
2385,1.305600
2386,1.292288
2387,1.291264
2388,1.341440
2389,1.346560
2390,1.313792
2391,1.330176
2392,1.334272
2393,1.313792
2394,1.369088
2395,1.376256
2396,1.343488
2397,1.324032
2398,1.310720
2399,1.333248
2400,1.351680
2401,1.337344
2402,1.357824
2403,1.318912
2404,1.301504
2405,1.304576
2406,1.335296
2407,1.368064
2408,1.339392
2409,1.374208
2410,1.309696
2411,1.405952
2412,1.333248
2413,1.344512
2414,1.372160
2415,1.370112
2416,1.375232
2417,1.329152
2418,1.368064
2419,1.319936
2420,1.372160
2421,1.375232
2422,1.342464
2423,1.341440
2424,1.272832
2425,1.334272
2426,1.278976
2427,1.329152
2428,1.334272
2429,1.353728
2430,1.320960
2431,1.330176
2432,1.383424
2433,1.349632
2434,1.358848
2435,1.352704
2436,1.371136
2437,1.326080
2438,1.341440
2439,1.328128
2440,1.347584
2441,1.353728
2442,1.335296
2443,1.332224
2444,1.352704
2445,1.305600
2446,1.377280
2447,1.327104
2448,1.331200
2449,1.356800
2450,1.387520
2451,1.387520
2452,1.337344
2453,1.355776
2454,1.403904
2455,1.373184
2456,1.336320
2457,1.329152
2458,1.347584
2459,1.326080
2460,1.360896
2461,1.373184
2462,1.380352
2463,1.314816
2464,1.295360
2465,1.393664
2466,1.363968
2467,1.355776
2468,1.320960
2469,1.268736
2470,0.852992
2471,0.599040
2472,0.589824
2473,0.594944
2474,0.584704
2475,0.581632
2476,0.568320
2477,0.570368
2478,1.369088
2479,1.251328
2480,1.302528
2481,1.338368
2482,1.329152
2483,1.321984
2484,1.273856
2485,1.378304
2486,1.369088
2487,1.309696
2488,1.324032
2489,1.347584
2490,1.374208
2491,1.321984
2492,1.312768
2493,1.300480
2494,1.319936
2495,1.369088
2496,1.368064
2497,1.336320
2498,1.331200
2499,1.308672
2500,1.316864
2501,1.327104
2502,1.383424
2503,1.336320
2504,1.352704
2505,1.331200
2506,1.371136
2507,1.324032
2508,1.336320
2509,1.316864
2510,1.369088
2511,1.313792
2512,1.289216
2513,1.309696
2514,1.363968
2515,1.302528
2516,1.339392
2517,1.384448
2518,1.360896
2519,1.370112
2520,1.383424
2521,1.309696
2522,1.267712
2523,0.892928
2524,0.628736
2525,1.270784
2526,1.243136
2527,1.313792
2528,1.343488
2529,1.340416
2530,1.363968
2531,1.341440
2532,1.373184
2533,1.349632
2534,1.347584
2535,1.333248
2536,1.329152
2537,1.303552
2538,1.282048
2539,1.345536
2540,1.336320
2541,1.323008
2542,1.328128
2543,1.335296
2544,1.381376
2545,1.321984
2546,1.312768
2547,1.357824
2548,1.317888
2549,1.332224
2550,1.362944
2551,1.297408
2552,1.393664
2553,1.343488
2554,1.259520
2555,1.333248
2556,1.317888
2557,1.315840
2558,1.260544
2559,1.335296
2560,1.315840
2561,1.323008
2562,1.326080
2563,1.343488
2564,1.299456
2565,1.313792
2566,1.347584
2567,1.292288
2568,1.329152
2569,1.298432
2570,1.118208
2571,0.700416
2572,0.619520
2573,0.607232
2574,0.604160
2575,0.599040
2576,0.584704
2577,1.403904
2578,1.402880
2579,1.350656
2580,1.346560
2581,1.283072
2582,1.415168
2583,1.320960
2584,1.370112
2585,1.330176
2586,1.306624
2587,1.296384
2588,1.315840
2589,1.347584
2590,1.388544
2591,1.321984
2592,1.336320
2593,1.319936
2594,1.330176
2595,1.324032
2596,1.326080
2597,1.344512
2598,1.340416
2599,1.363968
2600,1.352704
2601,1.329152
2602,1.378304
2603,1.343488
2604,1.336320
2605,1.320960
2606,1.342464
2607,1.358848
2608,1.327104
2609,1.336320
2610,1.301504
2611,1.362944
2612,1.321984
2613,1.378304
2614,1.382400
2615,1.328128
2616,1.305600
2617,1.350656
2618,1.328128
2619,1.336320
2620,1.346560
2621,1.273856
2622,0.997376
2623,0.809984
2624,0.686080
2625,0.616448
2626,1.390592
2627,1.339392
2628,1.366016
2629,1.325056
2630,1.309696
2631,1.375232
2632,1.275904
2633,1.344512
2634,1.388544
2635,1.314816
2636,1.312768
2637,1.361920
2638,1.370112
2639,1.346560
2640,1.366016
2641,1.316864
2642,1.344512
2643,1.294336
2644,1.359872
2645,1.314816
2646,1.338368
2647,1.351680
2648,1.323008
2649,1.341440
2650,1.323008
2651,1.345536
2652,1.374208
2653,1.333248
2654,1.374208
2655,1.330176
2656,1.343488
2657,1.302528
2658,1.398784
2659,1.339392
2660,1.401856
2661,1.342464
2662,1.346560
2663,1.340416
2664,1.298432
2665,1.350656
2666,1.357824
2667,1.302528
2668,1.376256
2669,1.343488
2670,1.264640
2671,0.824320
2672,0.627712
2673,0.603136
2674,0.574464
2675,0.569344
2676,0.565248
2677,1.357824
2678,1.303552
2679,1.293312
2680,1.332224
2681,1.336320
2682,1.300480
2683,1.367040
2684,1.301504
2685,1.372160
2686,1.363968
2687,1.360896
2688,1.330176
2689,1.343488
2690,1.298432
2691,1.361920
2692,1.351680
2693,1.372160
2694,1.328128
2695,1.307648
2696,1.346560
2697,1.355776
2698,1.348608
2699,1.301504
2700,1.387520
2701,1.408000
2702,1.280000
2703,1.350656
2704,1.335296
2705,1.325056
2706,1.346560
2707,1.372160
2708,1.320960
2709,1.312768
2710,1.337344
2711,1.333248
2712,1.384448
2713,1.374208
2714,1.331200
2715,1.340416
2716,1.360896
2717,1.330176
2718,1.347584
2719,1.375232
2720,1.340416
2721,1.305600
2722,1.285120
2723,1.299456
2724,1.306624
2725,1.289216
2726,1.368064
2727,1.334272
2728,1.341440
2729,1.357824
2730,1.321984
2731,1.318912
2732,1.327104
2733,1.347584
2734,1.324032
2735,1.315840
2736,1.329152
2737,1.400832
2738,1.342464
2739,1.387520
2740,1.330176
2741,1.268736
2742,1.344512
2743,1.342464
2744,1.366016
2745,1.319936
2746,1.391616
2747,1.341440
2748,1.245184
2749,1.268736
2750,1.334272
2751,1.307648
2752,1.325056
2753,1.341440
2754,1.339392
2755,1.346560
2756,1.316864
2757,1.305600
2758,1.348608
2759,1.393664
2760,1.334272
2761,1.336320
2762,1.353728
2763,1.376256
2764,1.344512
2765,1.296384
2766,1.252352
2767,0.763904
2768,0.689152
2769,0.647168
2770,1.320960
2771,1.231872
2772,1.332224
2773,1.395712
2774,1.358848
2775,1.363968
2776,1.317888
2777,1.326080
2778,1.372160
2779,1.383424
2780,1.382400
2781,1.312768
2782,1.385472
2783,1.336320
2784,1.382400
2785,1.326080
2786,1.314816
2787,1.332224
2788,1.402880
2789,1.356800
2790,1.357824
2791,1.375232
2792,1.361920
2793,1.346560
2794,1.401856
2795,1.323008
2796,1.333248
2797,1.307648
2798,1.376256
2799,1.310720
2800,1.408000
2801,1.299456
2802,1.330176
2803,1.339392
2804,1.271808
2805,1.300480
2806,1.351680
2807,1.313792
2808,1.367040
2809,1.299456
2810,1.345536
2811,1.324032
2812,1.350656
2813,1.342464
2814,1.321984
2815,1.264640
2816,1.161216
2817,1.301504
2818,1.315840
2819,1.306624
2820,1.290240
2821,1.337344
2822,1.296384
2823,1.351680
2824,1.288192
2825,1.360896
2826,1.335296
2827,1.352704
2828,1.359872
2829,1.390592
2830,1.312768
2831,1.349632
2832,1.346560
2833,1.299456
2834,1.355776
2835,1.350656
2836,1.320960
2837,1.315840
2838,1.338368
2839,1.359872
2840,1.298432
2841,1.296384
2842,1.339392
2843,1.291264
2844,1.356800
2845,1.364992
2846,1.315840
2847,1.341440
2848,1.349632
2849,1.385472
2850,1.354752
2851,1.343488
2852,1.376256
2853,1.376256
2854,1.308672
2855,1.360896
2856,1.319936
2857,1.291264
2858,1.310720
2859,1.354752
2860,1.067008
2861,0.733184
2862,0.594944
2863,0.577536
2864,0.569344
2865,1.397760
2866,1.402880
2867,1.346560
2868,1.344512
2869,1.317888
2870,1.335296
2871,1.323008
2872,1.330176
2873,1.363968
2874,1.357824
2875,1.313792
2876,1.344512
2877,1.369088
2878,1.303552
2879,1.299456
2880,1.305600
2881,1.347584
2882,1.341440
2883,1.323008
2884,1.316864
2885,1.347584
2886,1.325056
2887,1.312768
2888,1.332224
2889,1.359872
2890,1.379328
2891,1.345536
2892,1.291264
2893,1.323008
2894,1.320960
2895,1.354752
2896,1.355776
2897,1.357824
2898,1.380352
2899,1.345536
2900,1.363968
2901,1.386496
2902,1.329152
2903,1.403904
2904,1.321984
2905,1.344512
2906,1.347584
2907,1.370112
2908,1.345536
2909,1.311744
2910,1.076224
2911,1.293312
2912,1.174528
2913,1.323008
2914,1.329152
2915,1.306624
2916,1.371136
2917,1.354752
2918,1.342464
2919,1.351680
2920,1.352704
2921,1.352704
2922,1.358848
2923,1.351680
2924,1.355776
2925,1.303552
2926,1.319936
2927,1.331200
2928,1.387520
2929,1.316864
2930,1.367040
2931,1.305600
2932,1.342464
2933,1.370112
2934,1.342464
2935,1.361920
2936,1.291264
2937,1.302528
2938,1.336320
2939,1.367040
2940,1.320960
2941,1.328128
2942,1.357824
2943,1.332224
2944,1.312768
2945,1.384448
2946,1.318912
2947,1.331200
2948,1.303552
2949,1.368064
2950,1.319936
2951,1.304576
2952,1.382400
2953,1.325056
2954,1.346560
2955,1.262592
2956,0.950272
2957,1.396736
2958,1.382400
2959,1.328128
2960,1.278976
2961,1.317888
2962,1.316864
2963,1.282048
2964,1.261568
2965,1.297408
2966,1.331200
2967,1.361920
2968,1.348608
2969,1.366016
2970,1.299456
2971,1.342464
2972,1.339392
2973,1.280000
2974,1.330176
2975,1.302528
2976,1.370112
2977,1.349632
2978,1.286144
2979,1.351680
2980,1.304576
2981,1.345536
2982,1.355776
2983,1.335296
2984,1.344512
2985,1.332224
2986,1.342464
2987,1.392640
2988,1.363968
2989,1.340416
2990,1.376256
2991,1.342464
2992,1.310720
2993,1.334272
2994,1.324032
2995,1.336320
2996,1.315840
2997,1.295360
2998,1.296384
2999,1.331200
3000,1.323008
3001,1.315840
3002,1.108992
3003,0.697344
3004,0.627712
3005,1.363968
3006,1.355776
3007,1.380352
3008,1.334272
3009,1.354752
3010,1.356800
3011,1.326080
3012,1.346560
3013,1.313792
3014,1.301504
3015,1.308672
3016,1.326080
3017,1.367040
3018,1.333248
3019,1.386496
3020,1.321984
3021,1.342464
3022,1.370112
3023,1.335296
3024,1.342464
3025,1.317888
3026,1.352704
3027,1.376256
3028,1.337344
3029,1.343488
3030,1.335296
3031,1.345536
3032,1.362944
3033,1.310720
3034,1.323008
3035,1.335296
3036,1.369088
3037,1.347584
3038,1.341440
3039,1.360896
3040,1.333248
3041,1.346560
3042,1.358848
3043,1.319936
3044,1.324032
3045,1.306624
3046,1.371136
3047,1.333248
3048,1.382400
3049,1.286144
3050,1.044480
3051,0.681984
3052,0.624640
3053,0.591872
3054,1.370112
3055,1.330176
3056,1.320960
3057,1.270784
3058,1.350656
3059,1.364992
3060,1.289216
3061,1.341440
3062,1.372160
3063,1.310720
3064,1.333248
3065,1.334272
3066,1.325056
3067,1.320960
3068,1.352704
3069,1.368064
3070,1.326080
3071,1.361920
3072,1.316864
3073,1.337344
3074,1.324032
3075,1.324032
3076,1.345536
3077,1.348608
3078,1.366016
3079,1.362944
3080,1.331200
3081,1.374208
3082,1.343488
3083,1.326080
3084,1.362944
3085,1.285120
3086,1.342464
3087,1.335296
3088,1.367040
3089,1.336320
3090,1.285120
3091,1.278976
3092,1.315840
3093,1.294336
3094,1.301504
3095,1.340416
3096,1.297408
3097,1.298432
3098,1.319936
3099,1.154048
3100,1.239040
3101,1.178624
3102,1.304576
3103,1.342464
3104,1.302528
3105,1.335296
3106,1.312768
3107,1.378304
3108,1.291264
3109,1.345536
3110,1.326080
3111,1.339392
3112,1.324032
3113,1.287168
3114,1.323008
3115,1.309696
3116,1.346560
3117,1.332224
3118,1.354752
3119,1.350656
3120,1.324032
3121,1.323008
3122,1.296384
3123,1.356800
3124,1.328128
3125,1.340416
3126,1.339392
3127,1.293312
3128,1.328128
3129,1.293312
3130,1.304576
3131,1.332224
3132,1.332224
3133,1.392640
3134,1.384448
3135,1.372160
3136,1.345536
3137,1.259520
3138,1.371136
3139,1.319936
3140,1.373184
3141,1.338368
3142,1.438720
3143,1.356800
3144,1.293312
3145,1.034240
3146,1.311744
3147,1.202176
3148,1.201152
3149,1.318912
3150,1.341440
3151,1.323008
3152,1.295360
3153,1.331200
3154,1.353728
3155,1.348608
3156,1.350656
3157,1.332224
3158,1.261568
3159,1.344512
3160,1.356800
3161,1.306624
3162,1.324032
3163,1.323008
3164,1.320960
3165,1.332224
3166,1.318912
3167,1.328128
3168,1.360896
3169,1.361920
3170,1.307648
3171,1.317888
3172,1.298432
3173,1.360896
3174,1.362944
3175,1.303552
3176,1.321984
3177,1.378304
3178,1.349632
3179,1.323008
3180,1.357824
3181,1.315840
3182,1.348608
3183,1.347584
3184,1.324032
3185,1.340416
3186,1.301504
3187,1.354752
3188,1.405952
3189,1.340416
3190,1.307648
3191,1.149952
3192,1.359872
3193,1.210368
3194,1.267712
3195,1.276928
3196,1.310720
3197,1.352704
3198,1.352704
3199,1.355776
3200,1.307648
3201,1.336320
3202,1.344512
3203,1.369088
3204,1.324032
3205,1.342464
3206,1.343488
3207,1.311744
3208,1.282048
3209,1.355776
3210,1.315840
3211,1.335296
3212,1.311744
3213,1.381376
3214,1.331200
3215,1.325056
3216,1.332224
3217,1.324032
3218,1.317888
3219,1.284096
3220,1.327104
3221,1.352704
3222,1.353728
3223,1.346560
3224,1.382400
3225,1.380352
3226,1.377280
3227,1.374208
3228,1.354752
3229,1.307648
3230,1.327104
3231,1.355776
3232,1.345536
3233,1.340416
3234,1.359872
3235,1.341440
3236,1.272832
3237,1.025024
3238,0.741376
3239,0.592896
3240,0.588800
3241,0.583680
3242,0.564224
3243,0.556032
3244,1.395712
3245,1.418240
3246,1.359872
3247,1.352704
3248,1.355776
3249,1.385472
3250,1.331200
3251,1.359872
3252,1.347584
3253,1.339392
3254,1.334272
3255,1.356800
3256,1.356800
3257,1.332224
3258,1.345536
3259,1.342464
3260,1.389568
3261,1.362944
3262,1.307648
3263,1.311744
3264,1.327104
3265,1.350656
3266,1.329152
3267,1.332224
3268,1.327104
3269,1.324032
3270,1.339392
3271,1.319936
3272,1.332224
3273,1.290240
3274,1.383424
3275,1.316864
3276,1.372160
3277,1.368064
3278,1.359872
3279,1.353728
3280,1.331200
3281,1.348608
3282,1.271808
3283,1.338368
3284,1.323008
3285,1.330176
3286,1.378304
3287,1.367040
3288,1.058816
3289,0.889856
3290,0.791552
3291,0.668672
3292,0.620544
3293,0.582656
3294,0.574464
3295,0.561152
3296,1.364992
3297,1.269760
3298,1.327104
3299,1.334272
3300,1.335296
3301,1.316864
3302,1.360896
3303,1.298432
3304,1.310720
3305,1.366016
3306,1.372160
3307,1.386496
3308,1.329152
3309,1.376256
3310,1.348608
3311,1.414144
3312,1.355776
3313,1.386496
3314,1.339392
3315,1.300480
3316,1.381376
3317,1.343488
3318,1.319936
3319,1.368064
3320,1.310720
3321,1.301504
3322,1.314816
3323,1.298432
3324,1.369088
3325,1.339392
3326,1.357824
3327,1.362944
3328,1.313792
3329,1.321984
3330,1.316864
3331,1.352704
3332,1.320960
3333,1.355776
3334,1.318912
3335,1.345536
3336,1.328128
3337,1.371136
3338,1.338368
3339,1.358848
3340,1.341440
3341,0.860160
3342,1.419264
3343,1.385472
3344,1.376256
3345,1.408000
3346,1.366016
3347,1.348608
3348,1.355776
3349,1.299456
3350,1.284096
3351,1.304576
3352,1.314816
3353,1.338368
3354,1.334272
3355,1.293312
3356,1.314816
3357,1.326080
3358,1.380352
3359,1.336320
3360,1.396736
3361,1.337344
3362,1.370112
3363,1.312768
3364,1.376256
3365,1.364992
3366,1.327104
3367,1.338368
3368,1.369088
3369,1.340416
3370,1.367040
3371,1.309696
3372,1.349632
3373,1.386496
3374,1.319936
3375,1.349632
3376,1.377280
3377,1.358848
3378,1.344512
3379,1.355776
3380,1.315840
3381,1.358848
3382,1.310720
3383,1.347584
3384,1.288192
3385,1.349632
3386,1.351680
3387,0.971776
3388,1.296384
3389,1.362944
3390,1.368064
3391,1.287168
3392,1.364992
3393,1.352704
3394,1.345536
3395,1.310720
3396,1.351680
3397,1.369088
3398,1.308672
3399,1.385472
3400,1.345536
3401,1.346560
3402,1.318912
3403,1.329152
3404,1.348608
3405,1.351680
3406,1.371136
3407,1.357824
3408,1.358848
3409,1.335296
3410,1.332224
3411,1.420288
3412,1.369088
3413,1.383424
3414,1.339392
3415,1.298432
3416,1.390592
3417,1.332224
3418,1.356800
3419,1.372160
3420,1.363968
3421,1.337344
3422,1.301504
3423,1.379328
3424,1.343488
3425,1.359872
3426,1.306624
3427,1.366016
3428,1.311744
3429,1.348608
3430,1.327104
3431,1.306624
3432,1.149952
3433,1.385472
3434,1.348608
3435,1.334272
3436,1.335296
3437,1.344512
3438,1.479680
3439,1.327104
3440,1.313792
3441,1.254400
3442,1.344512
3443,1.363968
3444,1.347584
3445,1.369088
3446,1.308672
3447,1.352704
3448,1.361920
3449,1.291264
3450,1.357824
3451,1.294336
3452,1.276928
3453,1.319936
3454,1.328128
3455,1.357824
3456,1.316864
3457,1.333248
3458,1.304576
3459,1.360896
3460,1.357824
3461,1.345536
3462,1.353728
3463,1.356800
3464,1.295360
3465,1.331200
3466,1.308672
3467,1.379328
3468,1.329152
3469,1.349632
3470,1.341440
3471,1.300480
3472,1.339392
3473,1.328128
3474,1.353728
3475,1.316864
3476,1.377280
3477,1.218560
3478,0.838656
3479,0.713728
3480,0.624640
3481,0.611328
3482,0.595968
3483,0.580608
3484,0.564224
3485,1.351680
3486,1.362944
3487,1.408000
3488,1.342464
3489,1.378304
3490,1.342464
3491,1.307648
3492,1.383424
3493,1.343488
3494,1.296384
3495,1.305600
3496,1.387520
3497,1.373184
3498,1.312768
3499,1.397760
3500,1.338368
3501,1.310720
3502,1.334272
3503,1.353728
3504,1.339392
3505,1.315840
3506,1.339392
3507,1.298432
3508,1.366016
3509,1.364992
3510,1.359872
3511,1.306624
3512,1.344512
3513,1.299456
3514,1.331200
3515,1.374208
3516,1.336320
3517,1.352704
3518,1.331200
3519,1.348608
3520,1.349632
3521,1.299456
3522,1.349632
3523,1.336320
3524,1.351680
3525,1.306624
3526,1.369088
3527,1.311744
3528,1.327104
3529,1.297408
3530,1.018880
3531,0.680960
3532,0.604160
3533,0.596992
3534,1.349632
3535,1.257472
3536,1.272832
3537,1.312768
3538,1.352704
3539,1.381376
3540,1.347584
3541,1.321984
3542,1.351680
3543,1.336320
3544,1.335296
3545,1.289216
3546,1.348608
3547,1.348608
3548,1.360896
3549,1.348608
3550,1.316864
3551,1.304576
3552,1.338368
3553,1.352704
3554,1.330176
3555,1.374208
3556,1.378304
3557,1.331200
3558,1.305600
3559,1.330176
3560,1.298432
3561,1.354752
3562,1.373184
3563,1.283072
3564,1.362944
3565,1.355776
3566,1.342464
3567,1.353728
3568,1.349632
3569,1.331200
3570,1.345536
3571,1.340416
3572,1.355776
3573,1.376256
3574,1.296384
3575,1.363968
3576,1.356800
3577,1.299456
3578,1.302528
3579,1.044480
3580,0.675840
3581,0.592896
3582,0.595968
3583,0.590848
3584,1.427456
3585,1.346560
3586,1.300480
3587,1.321984
3588,1.368064
3589,1.273856
3590,1.306624
3591,1.355776
3592,1.530880
3593,1.378304
3594,1.601536
3595,1.390592
3596,1.362944
3597,1.310720
3598,1.387520
3599,1.354752
3600,1.351680
3601,1.320960
3602,1.374208
3603,1.324032
3604,1.362944
3605,1.329152
3606,1.396736
3607,1.341440
3608,1.375232
3609,1.362944
3610,1.336320
3611,1.349632
3612,1.356800
3613,1.301504
3614,1.324032
3615,1.311744
3616,1.388544
3617,1.323008
3618,1.328128
3619,1.345536
3620,1.308672
3621,1.324032
3622,1.337344
3623,1.376256
3624,1.348608
3625,1.344512
3626,1.348608
3627,1.300480
3628,1.074176
3629,0.742400
3630,0.635904
3631,0.615424
3632,0.594944
3633,0.595968
3634,0.576512
3635,1.382400
3636,1.396736
3637,1.356800
3638,1.320960
3639,1.355776
3640,1.370112
3641,1.308672
3642,1.354752
3643,1.335296
3644,1.361920
3645,1.316864
3646,1.471488
3647,1.386496
3648,1.376256
3649,1.351680
3650,1.392640
3651,1.326080
3652,1.319936
3653,1.348608
3654,1.367040
3655,1.325056
3656,1.307648
3657,1.366016
3658,1.367040
3659,1.329152
3660,1.360896
3661,1.375232
3662,1.380352
3663,1.311744
3664,1.296384
3665,1.314816
3666,1.309696
3667,1.349632
3668,1.366016
3669,1.335296
3670,1.345536
3671,1.361920
3672,1.359872
3673,1.348608
3674,1.364992
3675,1.351680
3676,1.332224
3677,1.338368
3678,1.335296
3679,1.341440
3680,0.823296
3681,1.358848
3682,1.252352
3683,1.267712
3684,1.361920
3685,1.328128
3686,1.349632
3687,1.343488
3688,1.351680
3689,1.382400
3690,1.323008
3691,1.378304
3692,1.500160
3693,1.339392
3694,1.401856
3695,1.293312
3696,1.335296
3697,1.298432
3698,1.351680
3699,1.334272
3700,1.310720
3701,1.348608
3702,1.371136
3703,1.345536
3704,1.342464
3705,1.395712
3706,1.394688
3707,1.326080
3708,1.347584
3709,1.355776
3710,1.378304
3711,1.394688
3712,1.384448
3713,1.363968
3714,1.372160
3715,1.374208
3716,1.324032
3717,1.343488
3718,1.317888
3719,1.330176
3720,1.315840
3721,1.369088
3722,1.319936
3723,1.305600
3724,1.286144
3725,1.184768
3726,0.790528
3727,0.622592
3728,0.591872
3729,0.582656
3730,0.582656
3731,0.576512
3732,1.409024
3733,1.342464
3734,1.354752
3735,1.336320
3736,1.328128
3737,1.345536
3738,1.335296
3739,1.369088
3740,1.355776
3741,1.384448
3742,1.331200
3743,1.367040
3744,1.387520
3745,1.304576
3746,1.303552
3747,1.280000
3748,1.295360
3749,1.363968
3750,1.324032
3751,1.346560
3752,1.303552
3753,1.350656
3754,1.293312
3755,1.352704
3756,1.353728
3757,1.315840
3758,1.358848
3759,1.327104
3760,1.389568
3761,1.314816
3762,1.347584
3763,1.310720
3764,1.324032
3765,1.359872
3766,1.331200
3767,1.298432
3768,1.290240
3769,1.347584
3770,1.343488
3771,1.316864
3772,1.400832
3773,1.399808
3774,1.347584
3775,1.412096
3776,1.325056
3777,0.781312
3778,0.614400
3779,0.604160
3780,0.595968
3781,0.598016
3782,0.590848
3783,1.379328
3784,1.343488
3785,1.320960
3786,1.294336
3787,1.303552
3788,1.338368
3789,1.348608
3790,1.364992
3791,1.347584
3792,1.353728
3793,1.308672
3794,1.344512
3795,1.368064
3796,1.314816
3797,1.329152
3798,1.383424
3799,1.452032
3800,1.363968
3801,1.371136
3802,1.358848
3803,1.319936
3804,1.294336
3805,1.370112
3806,1.305600
3807,1.331200
3808,1.370112
3809,1.323008
3810,1.349632
3811,1.348608
3812,1.361920
3813,1.350656
3814,1.343488
3815,1.326080
3816,1.300480
3817,1.323008
3818,1.352704
3819,1.306624
3820,1.314816
3821,1.312768
3822,1.327104
3823,1.314816
3824,1.298432
3825,1.351680
3826,1.317888
3827,1.210368
3828,0.876544
3829,0.642048
3830,1.445888
3831,1.312768
3832,1.429504
3833,1.412096
3834,1.330176
3835,1.314816
3836,1.335296
3837,1.329152
3838,1.341440
3839,1.321984
3840,1.401856
3841,1.337344
3842,1.340416
3843,1.350656
3844,1.343488
3845,1.346560
3846,1.288192
3847,1.329152
3848,1.310720
3849,1.364992
3850,1.310720
3851,1.319936
3852,1.339392
3853,1.362944
3854,1.352704
3855,1.338368
3856,1.359872
3857,1.434624
3858,1.338368
3859,1.355776
3860,1.377280
3861,1.346560
3862,1.336320
3863,1.344512
3864,1.351680
3865,1.286144
3866,1.391616
3867,1.329152
3868,1.347584
3869,1.371136
3870,1.358848
3871,1.325056
3872,1.370112
3873,1.312768
3874,1.087488
3875,0.828416
3876,0.759808
3877,1.403904
3878,1.363968
3879,1.293312
3880,1.330176
3881,1.301504
3882,1.304576
3883,1.328128
3884,1.390592
3885,1.326080
3886,1.341440
3887,1.321984
3888,1.335296
3889,1.312768
3890,1.321984
3891,1.401856
3892,1.326080
3893,1.298432
3894,1.342464
3895,1.325056
3896,1.350656
3897,1.339392
3898,1.375232
3899,1.341440
3900,1.341440
3901,1.346560
3902,1.291264
3903,1.317888
3904,1.375232
3905,1.377280
3906,1.362944
3907,1.473536
3908,1.371136
3909,1.344512
3910,1.363968
3911,1.340416
3912,1.338368
3913,1.276928
3914,1.327104
3915,1.307648
3916,1.396736
3917,1.324032
3918,1.355776
3919,1.299456
3920,1.309696
3921,1.300480
3922,0.959488
3923,0.614400
3924,0.602112
3925,0.600064
3926,0.584704
3927,0.569344
3928,0.568320
3929,0.562176
3930,1.323008
3931,1.232896
3932,1.359872
3933,1.373184
3934,1.341440
3935,1.355776
3936,1.381376
3937,1.281024
3938,1.355776
3939,1.299456
3940,1.323008
3941,1.304576
3942,1.321984
3943,1.299456
3944,1.336320
3945,1.326080
3946,1.327104
3947,1.293312
3948,1.292288
3949,1.311744
3950,1.248256
3951,1.321984
3952,1.344512
3953,1.366016
3954,1.377280
3955,1.325056
3956,1.341440
3957,1.338368
3958,1.382400
3959,1.254400
3960,1.358848
3961,1.341440
3962,1.333248
3963,1.288192
3964,1.327104
3965,1.313792
3966,1.368064
3967,1.369088
3968,1.366016
3969,1.335296
3970,1.396736
3971,1.338368
3972,1.306624
3973,1.355776
3974,1.336320
3975,0.923648
3976,1.223680
3977,1.231872
3978,1.333248
3979,1.360896
3980,1.328128
3981,1.260544
3982,1.350656
3983,1.359872
3984,1.312768
3985,1.351680
3986,1.337344
3987,1.344512
3988,1.320960
3989,1.300480
3990,1.302528
3991,1.330176
3992,1.354752
3993,1.309696
3994,1.350656
3995,1.304576
3996,1.333248
3997,1.268736
3998,1.367040
3999,1.302528
4000,1.278976
4001,1.341440
4002,1.362944
4003,1.358848
4004,1.302528
4005,1.305600
4006,1.347584
4007,1.324032
4008,1.397760
4009,1.332224
4010,1.321984
4011,1.304576
4012,1.353728
4013,1.352704
4014,1.347584
4015,1.307648
4016,1.393664
4017,1.344512
4018,1.331200
4019,1.333248
4020,1.353728
4021,1.209344
4022,0.789504
4023,0.605184
4024,0.585728
4025,0.576512
4026,0.574464
4027,0.570368
4028,1.386496
4029,1.402880
4030,1.264640
4031,1.300480
4032,1.275904
4033,1.354752
4034,1.304576
4035,1.296384
4036,1.326080
4037,1.285120
4038,1.350656
4039,1.342464
4040,1.337344
4041,1.306624
4042,1.341440
4043,1.329152
4044,1.313792
4045,1.342464
4046,1.343488
4047,1.334272
4048,1.321984
4049,1.207296
4050,1.324032
4051,1.252352
4052,1.267712
4053,1.353728
4054,1.330176
4055,1.338368
4056,1.211392
4057,1.305600
4058,1.328128
4059,1.363968
4060,1.373184
4061,1.342464
4062,1.357824
4063,1.303552
4064,1.357824
4065,1.372160
4066,1.351680
4067,1.339392
4068,1.283072
4069,1.343488
4070,1.343488
4071,1.304576
4072,1.338368
4073,1.267712
4074,1.417216
4075,1.308672
4076,1.347584
4077,1.345536
4078,1.388544
4079,1.314816
4080,1.295360
4081,1.347584
4082,1.349632
4083,1.345536
4084,1.418240
4085,1.350656
4086,1.341440
4087,1.351680
4088,1.300480
4089,1.352704
4090,1.334272
4091,1.363968
4092,1.334272
4093,1.353728
4094,1.335296
4095,1.343488
4096,1.335296
4097,1.386496
4098,1.358848
4099,1.320960
4100,1.360896
4101,1.336320
4102,1.320960
4103,1.280000
4104,1.325056
4105,1.346560
4106,1.305600
4107,1.301504
4108,1.340416
4109,1.354752
4110,1.324032
4111,1.323008
4112,1.331200
4113,1.320960
4114,1.302528
4115,1.338368
4116,1.312768
4117,1.298432
4118,1.229824
4119,0.847872
4120,0.625664
4121,0.598016
4122,0.589824
4123,0.595968
4124,0.601088
4125,1.426432
4126,1.430528
4127,1.356800
4128,1.306624
4129,1.323008
4130,1.366016
4131,1.305600
4132,1.347584
4133,1.336320
4134,1.320960
4135,1.355776
4136,1.282048
4137,1.364992
4138,1.376256
4139,1.363968
4140,1.392640
4141,1.300480
4142,1.324032
4143,1.310720
4144,1.310720
4145,1.377280
4146,1.316864
4147,1.293312
4148,1.335296
4149,1.367040
4150,1.419264
4151,1.371136
4152,1.306624
4153,1.377280
4154,1.373184
4155,1.341440
4156,1.354752
4157,1.281024
4158,1.325056
4159,1.320960
4160,1.344512
4161,1.314816
4162,1.340416
4163,1.313792
4164,1.486848
4165,1.374208
4166,1.432576
4167,1.342464
4168,1.366016
4169,1.260544
4170,1.187840
4171,1.199104
4172,1.300480
4173,1.273856
4174,1.305600
4175,1.292288
4176,1.334272
4177,1.320960
4178,1.324032
4179,1.316864
4180,1.318912
4181,1.332224
4182,1.318912
4183,1.385472
4184,1.321984
4185,1.353728
4186,1.341440
4187,1.377280
4188,1.341440
4189,1.366016
4190,1.358848
4191,1.352704
4192,1.378304
4193,1.323008
4194,1.314816
4195,1.351680
4196,1.318912
4197,1.312768
4198,1.404928
4199,1.324032
4200,1.339392
4201,1.341440
4202,1.319936
4203,1.348608
4204,1.375232
4205,1.313792
4206,1.281024
4207,1.223680
4208,1.348608
4209,1.293312
4210,1.330176
4211,1.312768
4212,1.335296
4213,1.321984
4214,1.289216
4215,1.270784
4216,0.645120
4217,1.287168
4218,1.363968
4219,1.336320
4220,1.342464
4221,1.388544
4222,1.357824
4223,1.311744
4224,1.356800
4225,1.384448
4226,1.346560
4227,1.320960
4228,1.297408
4229,1.340416
4230,1.341440
4231,1.309696
4232,1.364992
4233,1.344512
4234,1.358848
4235,1.342464
4236,1.364992
4237,1.396736
4238,1.343488
4239,1.405952
4240,1.306624
4241,1.346560
4242,1.289216
4243,1.324032
4244,1.287168
4245,1.341440
4246,1.347584
4247,1.352704
4248,1.345536
4249,1.331200
4250,1.350656
4251,1.336320
4252,1.374208
4253,1.271808
4254,1.328128
4255,1.345536
4256,1.327104
4257,1.375232
4258,1.367040
4259,1.358848
4260,1.338368
4261,1.372160
4262,1.173504
4263,0.735232
4264,1.408000
4265,1.294336
4266,1.402880
4267,1.336320
4268,1.360896
4269,1.356800
4270,1.372160
4271,1.351680
4272,1.358848
4273,1.366016
4274,1.321984
4275,1.273856
4276,1.329152
4277,1.330176
4278,1.308672
4279,1.340416
4280,1.304576
4281,1.367040
4282,1.335296
4283,1.351680
4284,1.316864
4285,1.343488
4286,1.341440
4287,1.346560
4288,1.271808
4289,1.339392
4290,1.339392
4291,1.301504
4292,1.351680
4293,1.388544
4294,1.351680
4295,1.303552
4296,1.346560
4297,1.361920
4298,1.385472
4299,1.370112
4300,1.376256
4301,1.347584
4302,1.298432
4303,1.379328
4304,1.355776
4305,1.325056
4306,1.292288
4307,1.352704
4308,1.271808
4309,0.908288
4310,1.368064
4311,1.391616
4312,1.337344
4313,1.391616
4314,1.347584
4315,1.305600
4316,1.364992
4317,1.332224
4318,1.332224
4319,1.354752
4320,1.362944
4321,1.354752
4322,1.377280
4323,1.298432
4324,1.340416
4325,1.308672
4326,1.366016
4327,1.346560
4328,1.348608
4329,1.331200
4330,1.378304
4331,1.349632
4332,1.324032
4333,1.329152
4334,1.391616
4335,1.281024
4336,1.326080
4337,1.347584
4338,1.327104
4339,1.301504
4340,1.299456
4341,1.346560
4342,1.315840
4343,1.375232
4344,1.392640
4345,1.303552
4346,1.343488
4347,1.340416
4348,1.347584
4349,1.375232
4350,1.362944
4351,1.342464
4352,1.297408
4353,1.361920
4354,1.231872
4355,0.876544
4356,0.642048
4357,0.616448
4358,0.604160
4359,0.573440
4360,0.569344
4361,1.384448
4362,1.403904
4363,1.375232
4364,1.316864
4365,1.410048
4366,1.350656
4367,1.369088
4368,1.350656
4369,1.370112
4370,1.359872
4371,1.354752
4372,1.320960
4373,1.323008
4374,1.299456
4375,1.366016
4376,1.340416
4377,1.325056
4378,1.361920
4379,1.306624
4380,1.328128
4381,1.350656
4382,1.405952
4383,1.295360
4384,1.350656
4385,1.352704
4386,1.336320
4387,1.323008
4388,1.333248
4389,1.274880
4390,1.265664
4391,1.560576
4392,1.303552
4393,1.357824
4394,1.320960
4395,1.306624
4396,1.373184
4397,1.348608
4398,1.355776
4399,1.311744
4400,1.352704
4401,1.336320
4402,1.308672
4403,1.382400
4404,1.328128
4405,1.222656
4406,1.249280
4407,1.163264
4408,1.417216
4409,1.331200
4410,1.363968
4411,1.317888
4412,1.284096
4413,1.373184
4414,1.348608
4415,1.331200
4416,1.310720
4417,1.295360
4418,1.354752
4419,1.357824
4420,1.355776
4421,1.338368
4422,1.373184
4423,1.325056
4424,1.340416
4425,1.328128
4426,1.340416
4427,1.299456
4428,1.301504
4429,1.353728
4430,1.342464
4431,1.313792
4432,1.367040
4433,1.324032
4434,1.317888
4435,1.311744
4436,1.310720
4437,1.388544
4438,1.271808
4439,1.349632
4440,1.406976
4441,1.351680
4442,1.346560
4443,1.295360
4444,1.326080
4445,1.317888
4446,1.356800
4447,1.326080
4448,1.313792
4449,1.363968
4450,1.448960
4451,1.251328
4452,1.275904
4453,1.187840
4454,1.323008
4455,1.328128
4456,1.306624
4457,1.317888
4458,1.328128
4459,1.272832
4460,1.338368
4461,1.361920
4462,1.325056
4463,1.342464
4464,1.353728
4465,1.315840
4466,1.309696
4467,1.352704
4468,1.310720
4469,1.298432
4470,1.286144
4471,1.351680
4472,1.334272
4473,1.368064
4474,1.315840
4475,1.280000
4476,1.356800
4477,1.329152
4478,1.326080
4479,1.317888
4480,1.298432
4481,1.331200
4482,1.337344
4483,1.316864
4484,1.339392
4485,1.338368
4486,1.311744
4487,1.278976
4488,1.328128
4489,1.324032
4490,1.367040
4491,1.341440
4492,1.320960
4493,1.334272
4494,1.318912
4495,1.362944
4496,1.367040
4497,1.256448
4498,1.193984
4499,1.328128
4500,1.356800
4501,1.361920
4502,1.332224
4503,1.298432
4504,1.325056
4505,1.366016
4506,1.319936
4507,1.391616
4508,1.336320
4509,1.362944
4510,1.355776
4511,1.344512
4512,1.329152
4513,1.311744
4514,1.315840
4515,1.331200
4516,1.350656
4517,1.297408
4518,1.317888
4519,1.340416
4520,1.361920
4521,1.340416
4522,1.340416
4523,1.343488
4524,1.368064
4525,1.324032
4526,1.352704
4527,1.320960
4528,1.313792
4529,1.341440
4530,1.276928
4531,1.312768
4532,1.306624
4533,1.352704
4534,1.339392
4535,1.336320
4536,1.389568
4537,1.298432
4538,1.361920
4539,1.312768
4540,1.281024
4541,1.347584
4542,1.152000
4543,0.803840
4544,0.618496
4545,0.603136
4546,0.598016
4547,0.591872
4548,0.579584
4549,0.562176
4550,1.377280
4551,1.396736
4552,1.383424
4553,1.361920
4554,1.354752
4555,1.280000
4556,1.315840
4557,1.363968
4558,1.383424
4559,1.380352
4560,1.393664
4561,1.310720
4562,1.300480
4563,1.314816
4564,1.310720
4565,1.348608
4566,1.303552
4567,1.353728
4568,1.319936
4569,1.319936
4570,1.384448
4571,1.286144
4572,1.349632
4573,1.323008
4574,1.368064
4575,1.400832
4576,1.344512
4577,1.411072
4578,1.341440
4579,1.376256
4580,1.381376
4581,1.348608
4582,1.312768
4583,1.301504
4584,1.303552
4585,1.310720
4586,1.358848
4587,1.334272
4588,1.366016
4589,1.343488
4590,1.292288
4591,1.294336
4592,1.355776
4593,1.317888
4594,1.208320
4595,0.730112
4596,1.395712
4597,1.432576
4598,1.381376
4599,1.332224
4600,1.348608
4601,1.337344
4602,1.346560
4603,1.345536
4604,1.332224
4605,1.352704
4606,1.327104
4607,1.304576
4608,1.332224
4609,1.335296
4610,1.369088
4611,1.387520
4612,1.266688
4613,1.395712
4614,1.353728
4615,1.347584
4616,1.355776
4617,1.357824
4618,1.346560
4619,1.359872
4620,1.342464
4621,1.327104
4622,1.332224
4623,1.310720
4624,1.366016
4625,1.309696
4626,1.367040
4627,1.354752
4628,1.335296
4629,1.389568
4630,1.329152
4631,1.380352
4632,1.345536
4633,1.356800
4634,1.317888
4635,1.349632
4636,1.325056
4637,1.363968
4638,1.343488
4639,1.344512
4640,1.231872
4641,0.918528
4642,0.654336
4643,0.596992
4644,0.593920
4645,0.563200
4646,0.550912
4647,1.340416
4648,1.248256
4649,1.449984
4650,1.421312
4651,1.402880
4652,1.352704
4653,1.333248
4654,1.321984
4655,1.371136
4656,1.303552
4657,1.278976
4658,1.282048
4659,1.308672
4660,1.329152
4661,1.324032
4662,1.335296
4663,1.351680
4664,1.344512
4665,1.310720
4666,1.347584
4667,1.427456
4668,1.406976
4669,1.388544
4670,1.370112
4671,1.368064
4672,1.343488
4673,1.344512
4674,1.310720
4675,1.379328
4676,1.387520
4677,1.319936
4678,1.376256
4679,1.379328
4680,1.406976
4681,1.361920
4682,1.366016
4683,1.345536
4684,1.323008
4685,1.317888
4686,1.334272
4687,1.325056
4688,1.369088
4689,1.363968
4690,1.270784
4691,0.991232
4692,1.249280
4693,1.358848
4694,1.455104
4695,1.363968
4696,1.356800
4697,1.344512
4698,1.387520
4699,1.363968
4700,1.343488
4701,1.354752
4702,1.336320
4703,1.337344
4704,1.330176
4705,1.374208
4706,1.368064
4707,1.314816
4708,1.329152
4709,1.339392
4710,1.287168
4711,1.343488
4712,1.392640
4713,1.341440
4714,1.367040
4715,1.331200
4716,1.404928
4717,1.318912
4718,1.344512
4719,1.319936
4720,1.285120
4721,1.331200
4722,1.292288
4723,1.306624
4724,1.349632
4725,1.348608
4726,1.340416
4727,1.372160
4728,1.340416
4729,1.366016
4730,1.358848
4731,1.344512
4732,1.332224
4733,1.312768
4734,1.327104
4735,1.213440
4736,0.893952
4737,0.690176
4738,0.641024
4739,0.612352
4740,0.591872
4741,0.581632
4742,0.570368
4743,0.571392
4744,1.383424
4745,1.406976
4746,1.424384
4747,1.287168
4748,1.276928
4749,1.321984
4750,1.355776
4751,1.367040
4752,1.332224
4753,1.372160
4754,1.360896
4755,1.371136
4756,1.357824
4757,1.276928
4758,1.366016
4759,1.314816
4760,1.369088
4761,1.351680
4762,1.310720
4763,1.326080
4764,1.342464
4765,1.327104
4766,1.359872
4767,1.386496
4768,1.360896
4769,1.364992
4770,1.383424
4771,1.367040
4772,1.373184
4773,1.292288
4774,1.354752
4775,1.375232
4776,1.403904
4777,1.308672
4778,1.299456
4779,1.366016
4780,1.327104
4781,1.383424
4782,1.356800
4783,1.300480
4784,1.347584
4785,1.346560
4786,1.371136
4787,1.357824
4788,1.227776
4789,1.241088
4790,1.152000
4791,1.316864
4792,1.261568
4793,1.333248
4794,1.328128
4795,1.317888
4796,1.348608
4797,1.321984
4798,1.341440
4799,1.329152
4800,1.361920
4801,1.360896
4802,1.360896
4803,1.367040
4804,1.323008
4805,1.385472
4806,1.360896
4807,1.326080
4808,1.358848
4809,1.295360
4810,1.325056
4811,1.318912
4812,1.317888
4813,1.289216
4814,1.347584
4815,1.354752
4816,1.332224
4817,1.356800
4818,1.344512
4819,1.349632
4820,1.358848
4821,1.329152
4822,1.309696
4823,1.484800
4824,1.300480
4825,1.341440
4826,1.368064
4827,1.349632
4828,1.344512
4829,1.326080
4830,1.391616
4831,1.341440
4832,1.353728
4833,1.329152
4834,1.162240
4835,0.711680
4836,1.158144
4837,1.278976
4838,1.299456
4839,1.391616
4840,1.333248
4841,1.367040
4842,1.319936
4843,1.351680
4844,1.363968
4845,1.332224
4846,1.368064
4847,1.375232
4848,1.355776
4849,1.340416
4850,1.329152
4851,1.354752
4852,1.381376
4853,1.324032
4854,1.303552
4855,1.338368
4856,1.342464
4857,1.362944
4858,1.373184
4859,1.353728
4860,1.343488
4861,1.380352
4862,1.411072
4863,1.394688
4864,1.321984
4865,1.367040
4866,1.381376
4867,1.362944
4868,1.280000
4869,1.346560
4870,1.403904
4871,1.336320
4872,1.336320
4873,1.313792
4874,1.330176
4875,1.357824
4876,1.312768
4877,1.291264
4878,1.318912
4879,1.299456
4880,1.323008
4881,1.077248
4882,1.300480
4883,1.193984
4884,1.303552
4885,1.360896
4886,1.286144
4887,1.299456
4888,1.318912
4889,1.301504
4890,1.332224
4891,1.330176
4892,1.336320
4893,1.326080
4894,1.309696
4895,1.352704
4896,1.300480
4897,1.326080
4898,1.345536
4899,1.342464
4900,1.351680
4901,1.350656
4902,1.338368
4903,1.300480
4904,1.317888
4905,1.341440
4906,1.307648
4907,1.312768
4908,1.330176
4909,1.318912
4910,1.377280
4911,1.366016
4912,1.311744
4913,1.286144
4914,1.382400
4915,1.323008
4916,1.376256
4917,1.273856
4918,1.339392
4919,1.316864
4920,1.309696
4921,1.358848
4922,1.357824
4923,1.351680
4924,1.330176
4925,1.309696
4926,1.389568
4927,1.202176
4928,0.867328
4929,1.294336
4930,1.244160
4931,1.291264
4932,1.348608
4933,1.319936
4934,1.351680
4935,1.300480
4936,1.257472
4937,1.346560
4938,1.313792
4939,1.313792
4940,1.318912
4941,1.326080
4942,1.329152
4943,1.341440
4944,1.311744
4945,1.326080
4946,1.337344
4947,1.296384
4948,1.343488
4949,1.355776
4950,1.366016
4951,1.294336
4952,1.295360
4953,1.354752
4954,1.370112
4955,1.345536
4956,1.277952
4957,1.389568
4958,1.376256
4959,1.324032
4960,1.362944
4961,1.330176
4962,1.387520
4963,1.311744
4964,1.300480
4965,1.330176
4966,1.331200
4967,1.355776
4968,1.326080
4969,1.298432
4970,1.366016
4971,1.371136
4972,1.385472
4973,1.300480
4974,1.286144
4975,1.199104
4976,1.302528
4977,1.325056
4978,1.341440
4979,1.313792
4980,1.326080
4981,1.364992
4982,1.314816
4983,1.349632
4984,1.403904
4985,1.354752
4986,1.336320
4987,1.367040
4988,1.294336
4989,1.391616
4990,1.340416
4991,1.313792
4992,1.337344
4993,1.323008
4994,1.351680
4995,1.347584
4996,1.412096
4997,1.379328
4998,1.331200
4999,1.308672
5000,1.300480
5001,1.306624
5002,1.327104
5003,1.299456
5004,1.277952
5005,1.399808
5006,1.315840
5007,1.337344
5008,1.345536
5009,1.296384
5010,1.319936
5011,1.331200
5012,1.281024
5013,1.309696
5014,1.360896
5015,1.343488
5016,1.368064
5017,1.333248
5018,1.349632
5019,1.181696
5020,1.002496
5021,1.340416
5022,1.207296
5023,1.305600
5024,1.320960
5025,1.310720
5026,1.326080
5027,1.348608
5028,1.294336
5029,1.339392
5030,1.315840
5031,1.312768
5032,1.321984
5033,1.399808
5034,1.327104
5035,1.349632
5036,1.306624
5037,1.371136
5038,1.334272
5039,1.298432
5040,1.343488
5041,1.318912
5042,1.308672
5043,1.347584
5044,1.354752
5045,1.385472
5046,1.356800
5047,1.327104
5048,1.321984
5049,1.356800
5050,1.351680
5051,1.321984
5052,1.355776
5053,1.453056
5054,1.337344
5055,1.302528
5056,1.355776
5057,1.351680
5058,1.357824
5059,1.336320
5060,1.352704
5061,1.339392
5062,1.344512
5063,1.327104
5064,1.306624
5065,1.361920
5066,0.914432
5067,1.317888
5068,1.185792
5069,1.307648
5070,1.308672
5071,1.305600
5072,1.364992
5073,1.313792
5074,1.299456
5075,1.306624
5076,1.361920
5077,1.344512
5078,1.352704
5079,1.347584
5080,1.380352
5081,1.348608
5082,1.376256
5083,1.335296
5084,1.349632
5085,1.363968
5086,1.364992
5087,1.355776
5088,1.354752
5089,1.363968
5090,1.330176
5091,1.351680
5092,1.336320
5093,1.347584
5094,1.384448
5095,1.301504
5096,1.338368
5097,1.326080
5098,1.349632
5099,1.297408
5100,1.342464
5101,1.358848
5102,1.369088
5103,1.345536
5104,1.384448
5105,1.332224
5106,1.327104
5107,1.311744
5108,1.378304
5109,1.324032
5110,1.362944
5111,1.297408
5112,1.170432
5113,1.249280
5114,1.188864
5115,1.319936
5116,1.297408
5117,1.354752
5118,1.316864
5119,1.311744
5120,1.307648
5121,1.319936
5122,1.349632
5123,1.344512
5124,1.312768
5125,1.326080
5126,1.361920
5127,1.361920
5128,1.316864
5129,1.374208
5130,1.336320
5131,1.377280
5132,1.334272
5133,1.368064
5134,1.292288
5135,1.343488
5136,1.356800
5137,1.333248
5138,1.317888
5139,1.271808
5140,1.341440
5141,1.345536
5142,1.273856
5143,1.360896
5144,1.354752
5145,1.295360
5146,1.316864
5147,1.331200
5148,1.328128
5149,1.358848
5150,1.325056
5151,1.301504
5152,1.325056
5153,1.301504
5154,1.350656
5155,1.351680
5156,1.293312
5157,1.332224
5158,1.128448
5159,0.835584
5160,0.621568
5161,0.598016
5162,0.587776
5163,0.581632
5164,0.573440
5165,1.420288
5166,1.343488
5167,1.326080
5168,1.312768
5169,1.323008
5170,1.267712
5171,1.277952
5172,1.364992
5173,1.335296
5174,1.374208
5175,1.368064
5176,1.397760
5177,1.330176
5178,1.381376
5179,1.346560
5180,1.317888
5181,1.313792
5182,1.308672
5183,1.315840
5184,1.320960
5185,1.296384
5186,1.371136
5187,1.340416
5188,1.342464
5189,1.332224
5190,1.341440
5191,1.356800
5192,1.309696
5193,1.335296
5194,1.329152
5195,1.255424
5196,1.347584
5197,1.356800
5198,1.343488
5199,1.311744
5200,1.291264
5201,1.336320
5202,1.331200
5203,1.314816
5204,1.415168
5205,1.326080
5206,1.393664
5207,1.353728
5208,1.386496
5209,1.209344
5210,0.894976
5211,0.668672
5212,0.654336
5213,0.656384
5214,0.630784
5215,0.605184
5216,1.375232
5217,1.353728
5218,1.347584
5219,1.339392
5220,1.334272
5221,1.329152
5222,1.343488
5223,1.393664
5224,1.412096
5225,1.303552
5226,1.329152
5227,1.327104
5228,1.315840
5229,1.375232
5230,1.373184
5231,1.293312
5232,1.343488
5233,1.354752
5234,1.347584
5235,1.305600
5236,1.374208
5237,1.362944
5238,1.346560
5239,1.313792
5240,1.344512
5241,1.387520
5242,1.358848
5243,1.360896
5244,1.372160
5245,1.368064
5246,1.254400
5247,1.260544
5248,1.331200
5249,1.342464
5250,1.286144
5251,1.345536
5252,1.341440
5253,1.334272
5254,1.353728
5255,1.375232
5256,1.289216
5257,1.355776
5258,1.295360
5259,1.349632
5260,1.166336
5261,0.686080
5262,0.632832
5263,0.635904
5264,1.376256
5265,1.381376
5266,1.351680
5267,1.321984
5268,1.324032
5269,1.355776
5270,1.328128
5271,1.320960
5272,1.318912
5273,1.311744
5274,1.287168
5275,1.371136
5276,1.360896
5277,1.339392
5278,1.369088
5279,1.326080
5280,1.377280
5281,1.327104
5282,1.390592
5283,1.306624
5284,1.332224
5285,1.331200
5286,1.361920
5287,1.364992
5288,1.313792
5289,1.383424
5290,1.300480
5291,1.360896
5292,1.353728
5293,1.349632
5294,1.313792
5295,1.355776
5296,1.328128
5297,1.379328
5298,1.308672
5299,1.349632
5300,1.351680
5301,1.314816
5302,1.323008
5303,1.331200
5304,1.326080
5305,1.302528
5306,1.319936
5307,1.330176
5308,1.257472
5309,0.899072
5310,0.728064
5311,0.668672
5312,1.260544
5313,1.180672
5314,1.323008
5315,1.352704
5316,1.323008
5317,1.338368
5318,1.332224
5319,1.333248
5320,1.319936
5321,1.349632
5322,1.307648
5323,1.319936
5324,1.318912
5325,1.345536
5326,1.320960
5327,1.327104
5328,1.320960
5329,1.345536
5330,1.334272
5331,1.375232
5332,1.360896
5333,1.348608
5334,1.355776
5335,1.360896
5336,1.368064
5337,1.307648
5338,1.362944
5339,1.381376
5340,1.355776
5341,1.401856
5342,1.355776
5343,1.353728
5344,1.344512
5345,1.348608
5346,1.309696
5347,1.354752
5348,1.321984
5349,1.359872
5350,1.341440
5351,1.309696
5352,1.348608
5353,1.363968
5354,1.364992
5355,1.275904
5356,1.209344
5357,0.997376
5358,0.797696
5359,0.656384
5360,0.616448
5361,0.574464
5362,1.377280
5363,1.367040
5364,1.348608
5365,1.346560
5366,1.292288
5367,1.360896
5368,1.306624
5369,1.339392
5370,1.306624
5371,1.360896
5372,1.317888
5373,1.386496
5374,1.396736
5375,1.341440
5376,1.326080
5377,1.387520
5378,1.351680
5379,1.342464
5380,1.344512
5381,1.346560
5382,1.364992
5383,1.347584
5384,1.284096
5385,1.338368
5386,1.381376
5387,1.343488
5388,1.350656
5389,1.299456
5390,1.354752
5391,1.332224
5392,1.337344
5393,1.336320
5394,1.317888
5395,1.350656
5396,1.316864
5397,1.343488
5398,1.338368
5399,1.289216
5400,1.349632
5401,1.329152
5402,1.368064
5403,1.299456
5404,1.359872
5405,1.355776
5406,1.257472
5407,1.092608
5408,1.201152
5409,1.170432
5410,1.305600
5411,1.328128
5412,1.352704
5413,1.304576
5414,1.332224
5415,1.320960
5416,1.367040
5417,1.357824
5418,1.350656
5419,1.379328
5420,1.381376
5421,1.358848
5422,1.359872
5423,1.362944
5424,1.303552
5425,1.374208
5426,1.360896
5427,1.305600
5428,1.373184
5429,1.320960
5430,1.366016
5431,1.311744
5432,1.336320
5433,1.348608
5434,1.312768
5435,1.382400
5436,1.199104
5437,1.272832
5438,1.353728
5439,1.350656
5440,1.291264
5441,1.327104
5442,1.341440
5443,1.301504
5444,1.325056
5445,1.343488
5446,1.391616
5447,1.371136
5448,1.337344
5449,1.353728
5450,1.318912
5451,1.348608
5452,1.304576
5453,1.001472
5454,0.663552
5455,0.621568
5456,0.607232
5457,1.385472
5458,1.390592
5459,1.332224
5460,1.399808
5461,1.360896
5462,1.370112
5463,1.370112
5464,1.361920
5465,1.335296
5466,1.293312
5467,1.329152
5468,1.337344
5469,1.391616
5470,1.300480
5471,1.304576
5472,1.370112
5473,1.346560
5474,1.346560
5475,1.319936
5476,1.299456
5477,1.302528
5478,1.307648
5479,1.304576
5480,1.353728
5481,1.352704
5482,1.310720
5483,1.285120
5484,1.314816
5485,1.361920
5486,1.380352
5487,1.367040
5488,1.290240
5489,1.345536
5490,1.338368
5491,1.382400
5492,1.307648
5493,1.324032
5494,1.288192
5495,1.366016
5496,1.373184
5497,1.345536
5498,1.299456
5499,1.304576
5500,1.358848
5501,1.191936
5502,0.821248
5503,0.661504
5504,0.620544
5505,0.616448
5506,0.590848
5507,0.574464
5508,1.256448
5509,1.258496
5510,1.268736
5511,1.307648
5512,1.323008
5513,1.370112
5514,1.349632
5515,1.348608
5516,1.334272
5517,1.375232
5518,1.301504
5519,1.313792
5520,1.337344
5521,1.304576
5522,1.275904
5523,1.335296
5524,1.332224
5525,1.272832
5526,1.301504
5527,1.324032
5528,1.312768
5529,1.327104
5530,1.242112
5531,1.509376
5532,1.324032
5533,1.317888
5534,1.462272
5535,1.320960
5536,1.333248
5537,1.323008
5538,1.332224
5539,1.364992
5540,1.356800
5541,1.416192
5542,1.326080
5543,1.325056
5544,1.403904
5545,1.314816
5546,1.361920
5547,1.330176
5548,1.327104
5549,1.319936
5550,1.370112
5551,1.324032
5552,1.300480
5553,1.158144
5554,0.699392
5555,0.606208
5556,0.589824
5557,1.377280
5558,1.390592
5559,1.375232
5560,1.363968
5561,1.334272
5562,1.382400
5563,1.357824
5564,1.374208
5565,1.380352
5566,1.305600
5567,1.304576
5568,1.337344
5569,1.358848
5570,1.321984
5571,1.323008
5572,1.337344
5573,1.281024
5574,1.286144
5575,1.298432
5576,1.413120
5577,1.346560
5578,1.374208
5579,1.398784
5580,1.348608
5581,1.351680
5582,1.378304
5583,1.354752
5584,1.331200
5585,1.350656
5586,1.302528
5587,1.348608
5588,1.288192
5589,1.343488
5590,1.315840
5591,1.349632
5592,1.295360
5593,1.269760
5594,1.324032
5595,1.344512
5596,1.368064
5597,1.344512
5598,1.394688
5599,1.399808
5600,1.378304
5601,1.108992
5602,0.847872
5603,0.650240
5604,0.617472
5605,0.621568
5606,0.607232
5607,0.584704
5608,1.336320
5609,1.313792
5610,1.351680
5611,1.347584
5612,1.350656
5613,1.348608
5614,1.304576
5615,1.324032
5616,1.335296
5617,1.302528
5618,1.358848
5619,1.359872
5620,1.359872
5621,1.380352
5622,1.323008
5623,1.338368
5624,1.337344
5625,1.381376
5626,1.339392
5627,1.356800
5628,1.364992
5629,1.394688
5630,1.374208
5631,1.375232
5632,1.354752
5633,1.355776
5634,1.361920
5635,1.290240
5636,1.348608
5637,1.310720
5638,1.340416
5639,1.281024
5640,1.324032
5641,1.326080
5642,1.345536
5643,1.330176
5644,1.359872
5645,1.351680
5646,1.367040
5647,1.331200
5648,1.313792
5649,1.321984
5650,1.305600
5651,1.303552
5652,1.221632
5653,0.960512
5654,0.698368
5655,0.625664
5656,0.613376
5657,1.398784
5658,1.332224
5659,1.354752
5660,1.355776
5661,1.302528
5662,1.348608
5663,1.314816
5664,1.351680
5665,1.356800
5666,1.320960
5667,1.312768
5668,1.396736
5669,1.340416
5670,1.330176
5671,1.285120
5672,1.325056
5673,1.340416
5674,1.364992
5675,1.409024
5676,1.374208
5677,1.350656
5678,1.326080
5679,1.323008
5680,1.328128
5681,1.343488
5682,1.364992
5683,1.364992
5684,1.300480
5685,1.333248
5686,1.360896
5687,1.357824
5688,1.360896
5689,1.378304
5690,1.321984
5691,1.329152
5692,1.339392
5693,1.331200
5694,1.354752
5695,1.277952
5696,1.354752
5697,1.357824
5698,1.342464
5699,1.309696
5700,1.333248
5701,1.227776
5702,1.331200
5703,1.209344
5704,1.300480
5705,1.348608
5706,1.354752
5707,1.349632
5708,1.333248
5709,1.324032
5710,1.302528
5711,1.349632
5712,1.363968
5713,1.291264
5714,1.368064
5715,1.331200
5716,1.376256
5717,1.358848
5718,1.360896
5719,1.362944
5720,1.330176
5721,1.340416
5722,1.362944
5723,1.368064
5724,1.301504
5725,1.299456
5726,1.349632
5727,1.379328
5728,1.313792
5729,1.349632
5730,1.330176
5731,1.361920
5732,1.318912
5733,1.302528
5734,1.313792
5735,1.348608
5736,1.368064
5737,1.361920
5738,1.356800
5739,1.309696
5740,1.347584
5741,1.318912
5742,1.307648
5743,1.398784
5744,1.339392
5745,1.332224
5746,1.330176
5747,1.020928
5748,1.393664
5749,1.413120
5750,1.381376
5751,1.361920
5752,1.337344
5753,1.347584
5754,1.291264
5755,1.299456
5756,1.359872
5757,1.344512
5758,1.316864
5759,1.317888
5760,1.316864
5761,1.343488
5762,1.359872
5763,1.332224
5764,1.312768
5765,1.343488
5766,1.382400
5767,1.341440
5768,1.305600
5769,1.303552
5770,1.305600
5771,1.375232
5772,1.404928
5773,1.355776
5774,1.330176
5775,1.352704
5776,1.308672
5777,1.330176
5778,1.393664
5779,1.363968
5780,1.349632
5781,1.333248
5782,1.346560
5783,1.305600
5784,1.350656
5785,1.363968
5786,1.329152
5787,1.328128
5788,1.395712
5789,1.333248
5790,1.361920
5791,1.303552
5792,1.324032
5793,0.803840
5794,1.281024
5795,1.201152
5796,1.326080
5797,1.336320
5798,1.348608
5799,1.366016
5800,1.385472
5801,1.345536
5802,1.326080
5803,1.344512
5804,1.297408
5805,1.341440
5806,1.341440
5807,1.297408
5808,1.362944
5809,1.395712
5810,1.372160
5811,1.361920
5812,1.380352
5813,1.318912
5814,1.371136
5815,1.328128
5816,1.376256
5817,1.323008
5818,1.335296
5819,1.304576
5820,1.366016
5821,1.319936
5822,1.321984
5823,1.367040
5824,1.368064
5825,1.376256
5826,1.313792
5827,1.313792
5828,1.360896
5829,1.375232
5830,1.310720
5831,1.399808
5832,1.339392
5833,1.312768
5834,1.343488
5835,1.344512
5836,1.368064
5837,1.329152
5838,1.363968
5839,0.911360
5840,0.633856
5841,0.608256
5842,0.588800
5843,0.582656
5844,0.566272
5845,1.327104
5846,1.220608
5847,1.273856
5848,1.359872
5849,1.348608
5850,1.334272
5851,1.363968
5852,1.372160
5853,1.332224
5854,1.318912
5855,1.324032
5856,1.335296
5857,1.338368
5858,1.353728
5859,1.332224
5860,1.370112
5861,1.326080
5862,1.348608
5863,1.368064
5864,1.349632
5865,1.363968
5866,1.359872
5867,1.368064
5868,1.302528
5869,1.358848
5870,1.332224
5871,1.313792
5872,1.309696
5873,1.330176
5874,1.366016
5875,1.327104
5876,1.342464
5877,1.269760
5878,1.344512
5879,1.309696
5880,1.374208
5881,1.341440
5882,1.313792
5883,1.312768
5884,1.378304
5885,1.344512
5886,1.402880
5887,1.323008
5888,1.334272
5889,1.261568
5890,0.918528
5891,1.203200
5892,1.203200
5893,1.282048
5894,1.314816
5895,1.335296
5896,1.318912
5897,1.379328
5898,1.366016
5899,1.320960
5900,1.382400
5901,1.345536
5902,1.355776
5903,1.313792
5904,1.353728
5905,1.363968
5906,1.323008
5907,1.375232
5908,1.307648
5909,1.355776
5910,1.317888
5911,1.325056
5912,1.366016
5913,1.318912
5914,1.345536
5915,1.369088
5916,1.355776
5917,1.324032
5918,1.377280
5919,1.347584
5920,1.381376
5921,1.378304
5922,1.330176
5923,1.357824
5924,1.354752
5925,1.353728
5926,1.313792
5927,1.304576
5928,1.316864
5929,1.316864
5930,1.320960
5931,1.478656
5932,1.380352
5933,1.356800
5934,1.341440
5935,1.277952
5936,0.923648
5937,0.800768
5938,0.684032
5939,0.638976
5940,0.589824
5941,0.583680
5942,0.561152
5943,0.546816
5944,1.381376
5945,1.378304
5946,1.349632
5947,1.361920
5948,1.398784
5949,1.360896
5950,1.323008
5951,1.389568
5952,1.375232
5953,1.374208
5954,1.388544
5955,1.334272
5956,1.345536
5957,1.318912
5958,1.343488
5959,1.350656
5960,1.294336
5961,1.369088
5962,1.370112
5963,1.309696
5964,1.374208
5965,1.293312
5966,1.332224
5967,1.334272
5968,1.356800
5969,1.338368
5970,1.323008
5971,1.372160
5972,1.317888
5973,1.364992
5974,1.316864
5975,1.349632
5976,1.358848
5977,1.298432
5978,1.302528
5979,1.299456
5980,1.323008
5981,1.339392
5982,1.384448
5983,1.327104
5984,1.350656
5985,1.325056
5986,1.383424
5987,1.340416
5988,1.072128
5989,1.323008
5990,1.228800
5991,1.276928
5992,1.330176
5993,1.339392
5994,1.317888
5995,1.381376
5996,1.282048
5997,1.351680
5998,1.292288
5999,1.359872
6000,1.327104
6001,1.305600
6002,1.350656
6003,1.391616
6004,1.337344
6005,1.349632
6006,1.287168
6007,1.276928
6008,1.325056
6009,1.353728
6010,1.319936
6011,1.311744
6012,1.348608
6013,1.318912
6014,1.366016
6015,1.371136
6016,1.305600
6017,1.327104
6018,1.369088
6019,1.298432
6020,1.329152
6021,1.336320
6022,1.363968
6023,1.353728
6024,1.273856
6025,1.330176
6026,1.305600
6027,1.353728
6028,1.344512
6029,1.311744
6030,1.334272
6031,1.341440
6032,1.350656
6033,1.308672
6034,1.014784
6035,1.349632
6036,1.330176
6037,1.309696
6038,1.266688
6039,1.352704
6040,1.355776
6041,1.303552
6042,1.299456
6043,1.329152
6044,1.328128
6045,1.335296
6046,1.323008
6047,1.332224
6048,1.323008
6049,1.301504
6050,1.325056
6051,1.330176
6052,1.320960
6053,1.325056
6054,1.295360
6055,1.295360
6056,1.186816
6057,1.318912
6058,1.301504
6059,1.309696
6060,1.376256
6061,1.298432
6062,1.313792
6063,1.363968
6064,1.295360
6065,1.345536
6066,1.307648
6067,1.308672
6068,1.336320
6069,1.289216
6070,1.356800
6071,1.344512
6072,1.329152
6073,1.332224
6074,1.348608
6075,1.327104
6076,1.344512
6077,1.344512
6078,1.398784
6079,1.360896
6080,1.227776
6081,1.125376
6082,1.310720
6083,1.283072
6084,1.304576
6085,1.324032
6086,1.350656
6087,1.312768
6088,1.306624
6089,1.334272
6090,1.358848
6091,1.328128
6092,1.338368
6093,1.352704
6094,1.313792
6095,1.350656
6096,1.334272
6097,1.373184
6098,1.335296
6099,1.375232
6100,1.389568
6101,1.281024
6102,1.308672
6103,1.323008
6104,1.356800
6105,1.326080
6106,1.334272
6107,1.345536
6108,1.338368
6109,1.406976
6110,1.339392
6111,1.344512
6112,1.378304
6113,1.386496
6114,1.311744
6115,1.349632
6116,1.349632
6117,1.343488
6118,1.360896
6119,1.371136
6120,1.357824
6121,1.369088
6122,1.341440
6123,1.346560
6124,1.204224
6125,1.182720
6126,0.929792
6127,0.633856
6128,0.606208
6129,0.604160
6130,0.596992
6131,1.393664
6132,1.379328
6133,1.291264
6134,1.325056
6135,1.273856
6136,1.331200
6137,1.306624
6138,1.406976
6139,1.321984
6140,1.310720
6141,1.297408
6142,1.346560
6143,1.333248
6144,1.328128
6145,1.341440
6146,1.402880
6147,1.344512
6148,1.328128
6149,1.353728
6150,1.372160
6151,1.343488
6152,1.366016
6153,1.350656
6154,1.321984
6155,1.313792
6156,1.343488
6157,1.369088
6158,1.323008
6159,1.330176
6160,1.423360
6161,1.333248
6162,1.374208
6163,1.338368
6164,1.345536
6165,1.400832
6166,1.350656
6167,1.344512
6168,1.378304
6169,1.324032
6170,1.343488
6171,1.341440
6172,1.341440
6173,1.295360
6174,1.323008
6175,1.134592
6176,1.324032
6177,1.110016
6178,1.303552
6179,1.319936
6180,1.333248
6181,1.287168
6182,1.313792
6183,1.367040
6184,1.349632
6185,1.317888
6186,1.395712
6187,1.331200
6188,1.341440
6189,1.341440
6190,1.333248
6191,1.341440
6192,1.317888
6193,1.341440
6194,1.340416
6195,1.341440
6196,1.323008
6197,1.359872
6198,1.325056
6199,1.361920
6200,1.334272
6201,1.356800
6202,1.298432
6203,1.361920
6204,1.324032
6205,1.341440
6206,1.175552
6207,1.289216
6208,1.298432
6209,1.390592
6210,1.376256
6211,1.308672
6212,1.376256
6213,1.330176
6214,1.343488
6215,1.315840
6216,1.340416
6217,1.350656
6218,1.358848
6219,1.323008
6220,1.348608
6221,1.247232
6222,0.967680
6223,1.363968
6224,1.463296
6225,1.386496
6226,1.292288
6227,1.349632
6228,1.333248
6229,1.353728
6230,1.328128
6231,1.332224
6232,1.348608
6233,1.361920
6234,1.386496
6235,1.369088
6236,1.398784
6237,1.360896
6238,1.344512
6239,1.401856
6240,1.324032
6241,1.318912
6242,1.296384
6243,1.320960
6244,1.347584
6245,1.300480
6246,1.360896
6247,1.401856
6248,1.315840
6249,1.331200
6250,1.329152
6251,1.389568
6252,1.352704
6253,1.372160
6254,1.362944
6255,1.272832
6256,1.310720
6257,1.371136
6258,1.348608
6259,1.271808
6260,1.327104
6261,1.354752
6262,1.332224
6263,1.274880
6264,1.357824
6265,1.331200
6266,1.319936
6267,1.031168
6268,1.324032
6269,1.158144
6270,1.324032
6271,1.303552
6272,1.370112
6273,1.348608
6274,1.314816
6275,1.298432
6276,1.324032
6277,1.321984
6278,1.306624
6279,1.350656
6280,1.332224
6281,1.310720
6282,1.340416
6283,1.321984
6284,1.333248
6285,1.311744
6286,1.310720
6287,1.338368
6288,1.332224
6289,1.307648
6290,1.313792
6291,1.319936
6292,1.349632
6293,1.405952
6294,1.327104
6295,1.337344
6296,1.352704
6297,1.323008
6298,1.366016
6299,1.318912
6300,1.291264
6301,1.327104
6302,1.355776
6303,1.326080
6304,1.354752
6305,1.320960
6306,1.319936
6307,1.334272
6308,1.338368
6309,1.299456
6310,1.285120
6311,1.342464
6312,1.355776
6313,1.163264
6314,0.989184
6315,0.704512
6316,0.713728
6317,0.672768
6318,1.337344
6319,1.345536
6320,1.309696
6321,1.313792
6322,1.302528
6323,1.283072
6324,1.344512
6325,1.369088
6326,1.304576
6327,1.332224
6328,1.339392
6329,1.403904
6330,1.375232
6331,1.355776
6332,1.339392
6333,1.340416
6334,1.394688
6335,1.301504
6336,1.294336
6337,1.389568
6338,1.354752
6339,1.349632
6340,1.338368
6341,1.306624
6342,1.311744
6343,1.338368
6344,1.319936
6345,1.362944
6346,1.363968
6347,1.326080
6348,1.315840
6349,1.297408
6350,1.321984
6351,1.277952
6352,1.325056
6353,1.276928
6354,1.333248
6355,1.355776
6356,1.329152
6357,1.315840
6358,1.317888
6359,1.299456
6360,1.360896
6361,1.348608
6362,1.218560
6363,0.782336
6364,0.820224
6365,0.625664
6366,0.622592
6367,0.618496
6368,0.616448
6369,0.568320
6370,1.386496
6371,1.399808
6372,1.380352
6373,1.385472
6374,1.329152
6375,1.366016
6376,1.366016
6377,1.324032
6378,1.332224
6379,1.314816
6380,1.328128
6381,1.339392
6382,1.323008
6383,1.311744
6384,1.319936
6385,1.290240
6386,1.339392
6387,1.331200
6388,1.363968
6389,1.314816
6390,1.363968
6391,1.371136
6392,1.337344
6393,1.313792
6394,1.350656
6395,1.388544
6396,1.318912
6397,1.348608
6398,1.321984
6399,1.341440
6400,1.344512
6401,1.333248
6402,1.345536
6403,1.327104
6404,1.300480
6405,1.308672
6406,1.379328
6407,1.362944
6408,1.312768
6409,1.357824
6410,1.338368
6411,1.341440
6412,1.374208
6413,1.333248
6414,1.136640
6415,1.401856
6416,1.354752
6417,1.311744
6418,1.375232
6419,1.396736
6420,1.249280
6421,1.316864
6422,1.371136
6423,1.375232
6424,1.339392
6425,1.348608
6426,1.343488
6427,1.330176
6428,1.353728
6429,1.353728
6430,1.292288
6431,1.339392
6432,1.314816
6433,1.372160
6434,1.297408
6435,1.386496
6436,1.313792
6437,1.357824
6438,1.344512
6439,1.341440
6440,1.313792
6441,1.336320
6442,1.361920
6443,1.316864
6444,1.313792
6445,1.340416
6446,1.340416
6447,1.309696
6448,1.341440
6449,1.339392
6450,1.323008
6451,1.338368
6452,1.372160
6453,1.321984
6454,1.323008
6455,1.297408
6456,1.314816
6457,1.357824
6458,1.326080
6459,1.224704
6460,1.256448
6461,1.169408
6462,1.328128
6463,1.312768
6464,1.325056
6465,1.333248
6466,1.313792
6467,1.377280
6468,1.292288
6469,1.327104
6470,1.374208
6471,1.342464
6472,1.332224
6473,1.247232
6474,1.335296
6475,1.308672
6476,1.219584
6477,1.294336
6478,1.327104
6479,1.354752
6480,1.315840
6481,1.356800
6482,1.345536
6483,1.339392
6484,1.363968
6485,1.303552
6486,1.324032
6487,1.319936
6488,1.352704
6489,1.303552
6490,1.310720
6491,1.278976
6492,1.339392
6493,1.290240
6494,1.360896
6495,1.266688
6496,1.341440
6497,1.329152
6498,1.373184
6499,1.357824
6500,1.294336
6501,1.344512
6502,1.333248
6503,1.343488
6504,1.299456
6505,1.333248
6506,1.052672
6507,0.625664
6508,0.588800
6509,0.588800
6510,0.588800
6511,0.574464
6512,1.376256
6513,1.325056
6514,1.404928
6515,1.361920
6516,1.307648
6517,1.311744
6518,1.288192
6519,1.306624
6520,1.293312
6521,1.343488
6522,1.325056
6523,1.346560
6524,1.344512
6525,1.346560
6526,1.384448
6527,1.348608
6528,1.349632
6529,1.341440
6530,1.396736
6531,1.312768
6532,1.283072
6533,1.347584
6534,1.300480
6535,1.357824
6536,1.363968
6537,1.348608
6538,1.361920
6539,1.343488
6540,1.366016
6541,1.306624
6542,1.299456
6543,1.346560
6544,1.382400
6545,1.313792
6546,1.381376
6547,1.337344
6548,1.359872
6549,1.332224
6550,1.328128
6551,1.352704
6552,1.296384
6553,1.290240
6554,1.295360
6555,1.337344
6556,1.189888
6557,0.786432
6558,0.637952
6559,0.608256
6560,1.403904
6561,1.396736
6562,1.362944
6563,1.351680
6564,1.332224
6565,1.337344
6566,1.346560
6567,1.358848
6568,1.309696
6569,1.330176
6570,1.330176
6571,1.392640
6572,1.306624
6573,1.331200
6574,1.296384
6575,1.341440
6576,1.289216
6577,1.339392
6578,1.372160
6579,1.351680
6580,1.391616
6581,1.335296
6582,1.338368
6583,1.358848
6584,1.320960
6585,1.352704
6586,1.311744
6587,1.319936
6588,1.352704
6589,1.324032
6590,1.304576
6591,1.384448
6592,1.297408
6593,1.331200
6594,1.347584
6595,1.347584
6596,1.364992
6597,1.389568
6598,1.367040
6599,1.340416
6600,1.324032
6601,1.331200
6602,1.359872
6603,1.381376
6604,1.085440
6605,1.376256
6606,1.460224
6607,1.390592
6608,1.339392
6609,1.277952
6610,1.310720
6611,1.312768
6612,1.357824
6613,1.366016
6614,1.310720
6615,1.345536
6616,1.339392
6617,1.325056
6618,1.343488
6619,1.312768
6620,1.332224
6621,1.319936
6622,1.341440
6623,1.367040
6624,1.359872
6625,1.353728
6626,1.340416
6627,1.318912
6628,1.309696
6629,1.342464
6630,1.370112
6631,1.304576
6632,1.345536
6633,1.326080
6634,1.305600
6635,1.325056
6636,1.299456
6637,1.400832
6638,1.347584
6639,1.406976
6640,1.371136
6641,1.347584
6642,1.357824
6643,1.328128
6644,1.299456
6645,1.309696
6646,1.368064
6647,1.297408
6648,1.368064
6649,1.260544
6650,1.359872
6651,1.245184
6652,1.308672
6653,1.317888
6654,1.357824
6655,1.356800
6656,1.337344
6657,1.323008
6658,1.367040
6659,1.398784
6660,1.303552
6661,1.295360
6662,1.310720
6663,1.339392
6664,1.297408
6665,1.379328
6666,1.366016
6667,1.290240
6668,1.325056
6669,1.391616
6670,1.339392
6671,1.304576
6672,1.335296
6673,1.301504
6674,1.325056
6675,1.354752
6676,1.321984
6677,1.330176
6678,1.358848
6679,1.308672
6680,1.314816
6681,1.342464
6682,1.311744
6683,1.349632
6684,1.344512
6685,1.368064
6686,1.298432
6687,1.308672
6688,1.339392
6689,1.348608
6690,1.321984
6691,1.333248
6692,1.361920
6693,1.389568
6694,1.335296
6695,1.157120
6696,1.335296
6697,1.197056
6698,1.277952
6699,1.264640
6700,1.297408
6701,1.273856
6702,1.312768
6703,1.340416
6704,1.317888
6705,1.325056
6706,1.369088
6707,1.345536
6708,1.329152
6709,1.326080
6710,1.352704
6711,1.337344
6712,1.302528
6713,1.295360
6714,1.314816
6715,1.396736
6716,1.347584
6717,1.337344
6718,1.315840
6719,1.321984
6720,1.330176
6721,1.347584
6722,1.319936
6723,1.331200
6724,1.301504
6725,1.288192
6726,1.381376
6727,1.310720
6728,1.327104
6729,1.336320
6730,1.330176
6731,1.306624
6732,1.312768
6733,1.326080
6734,1.373184
6735,1.356800
6736,1.334272
6737,1.372160
6738,1.385472
6739,1.381376
6740,1.348608
6741,1.183744
6742,0.609280
6743,0.604160
6744,1.264640
6745,1.167360
6746,1.291264
6747,1.346560
6748,1.309696
6749,1.336320
6750,1.328128
6751,1.255424
6752,1.341440
6753,1.343488
6754,1.318912
6755,1.377280
6756,1.360896
6757,1.334272
6758,1.324032
6759,1.295360
6760,1.313792
6761,1.349632
6762,1.310720
6763,1.361920
6764,1.324032
6765,1.328128
6766,1.293312
6767,1.328128
6768,1.356800
6769,1.314816
6770,1.349632
6771,1.347584
6772,1.337344
6773,1.361920
6774,1.297408
6775,1.370112
6776,1.329152
6777,1.352704
6778,1.296384
6779,1.312768
6780,1.327104
6781,1.320960
6782,1.335296
6783,1.323008
6784,1.388544
6785,1.341440
6786,1.343488
6787,1.371136
6788,1.318912
6789,1.056768
6790,0.847872
6791,0.588800
6792,0.575488
6793,0.571392
6794,0.570368
6795,0.569344
6796,0.559104
6797,0.555008
6798,1.361920
6799,1.320960
6800,1.355776
6801,1.379328
6802,1.362944
6803,1.287168
6804,1.328128
6805,1.307648
6806,1.325056
6807,1.317888
6808,1.361920
6809,1.334272
6810,1.326080
6811,1.318912
6812,1.374208
6813,1.343488
6814,1.356800
6815,1.404928
6816,1.303552
6817,1.323008
6818,1.317888
6819,1.325056
6820,1.312768
6821,1.350656
6822,1.386496
6823,1.373184
6824,1.351680
6825,1.350656
6826,1.361920
6827,1.353728
6828,1.353728
6829,1.347584
6830,1.343488
6831,1.324032
6832,1.382400
6833,1.319936
6834,1.325056
6835,1.360896
6836,1.301504
6837,1.303552
6838,1.372160
6839,1.353728
6840,1.372160
6841,1.318912
6842,1.329152
6843,1.094656
6844,1.361920
6845,1.337344
6846,1.331200
6847,1.323008
6848,1.332224
6849,1.307648
6850,1.386496
6851,1.374208
6852,1.371136
6853,1.319936
6854,1.296384
6855,1.326080
6856,1.303552
6857,1.328128
6858,1.369088
6859,1.350656
6860,1.340416
6861,1.339392
6862,1.388544
6863,1.283072
6864,1.335296
6865,1.336320
6866,1.354752
6867,1.297408
6868,1.300480
6869,1.328128
6870,1.357824
6871,1.330176
6872,1.320960
6873,1.362944
6874,1.335296
6875,1.323008
6876,1.369088
6877,1.332224
6878,1.340416
6879,1.342464
6880,1.346560
6881,1.331200
6882,1.317888
6883,1.327104
6884,1.382400
6885,1.401856
6886,1.354752
6887,1.344512
6888,1.376256
6889,0.795648
6890,0.608256
6891,0.603136
6892,0.596992
6893,0.589824
6894,0.581632
6895,1.439744
6896,1.339392
6897,1.410048
6898,1.353728
6899,1.386496
6900,1.512448
6901,1.367040
6902,1.360896
6903,1.334272
6904,1.313792
6905,1.359872
6906,1.325056
6907,1.347584
6908,1.310720
6909,1.289216
6910,1.313792
6911,1.316864
6912,1.367040
6913,1.316864
6914,1.358848
6915,1.319936
6916,1.339392
6917,1.345536
6918,1.395712
6919,1.368064
6920,1.288192
6921,1.358848
6922,1.306624
6923,1.308672
6924,1.278976
6925,1.307648
6926,1.338368
6927,1.326080
6928,1.282048
6929,1.296384
6930,1.342464
6931,1.310720
6932,1.320960
6933,1.405952
6934,1.352704
6935,1.345536
6936,1.348608
6937,1.299456
6938,1.327104
6939,1.313792
6940,1.264640
6941,1.187840
6942,1.287168
6943,1.292288
6944,1.275904
6945,1.315840
6946,1.308672
6947,1.280000
6948,1.351680
6949,1.329152
6950,1.357824
6951,1.343488
6952,1.372160
6953,1.309696
6954,1.317888
6955,1.374208
6956,1.347584
6957,1.340416
6958,1.307648
6959,1.361920
6960,1.340416
6961,1.330176
6962,1.327104
6963,1.347584
6964,1.278976
6965,1.357824
6966,1.300480
6967,1.332224
6968,1.350656
6969,1.373184
6970,1.340416
6971,1.368064
6972,1.369088
6973,1.367040
6974,1.315840
6975,1.340416
6976,1.308672
6977,1.288192
6978,1.328128
6979,1.319936
6980,1.357824
6981,1.370112
6982,1.323008
6983,1.336320
6984,1.318912
6985,1.292288
6986,0.909312
6987,0.662528
6988,0.624640
6989,0.607232
6990,0.591872
6991,1.396736
6992,1.294336
6993,1.332224
6994,1.316864
6995,1.398784
6996,1.353728
6997,1.312768
6998,1.370112
6999,1.354752
7000,1.359872
7001,1.338368
7002,1.352704
7003,1.351680
7004,1.381376
7005,1.336320
7006,1.310720
7007,1.325056
7008,1.356800
7009,1.351680
7010,1.312768
7011,1.377280
7012,1.378304
7013,1.378304
7014,1.362944
7015,1.378304
7016,1.344512
7017,1.362944
7018,1.329152
7019,1.333248
7020,1.339392
7021,1.369088
7022,1.381376
7023,1.293312
7024,1.331200
7025,1.374208
7026,1.336320
7027,1.351680
7028,1.359872
7029,1.344512
7030,1.317888
7031,1.314816
7032,1.345536
7033,1.334272
7034,1.341440
7035,1.036288
7036,0.727040
7037,1.301504
7038,1.148928
7039,1.367040
7040,1.400832
7041,1.375232
7042,1.381376
7043,1.403904
7044,1.309696
7045,1.307648
7046,1.361920
7047,1.278976
7048,1.310720
7049,1.338368
7050,1.339392
7051,1.316864
7052,1.306624
7053,1.349632
7054,1.368064
7055,1.324032
7056,1.319936
7057,1.318912
7058,1.325056
7059,1.270784
7060,1.372160
7061,1.418240
7062,1.326080
7063,1.363968
7064,1.367040
7065,1.372160
7066,1.343488
7067,1.350656
7068,1.295360
7069,1.339392
7070,1.361920
7071,1.373184
7072,1.296384
7073,1.359872
7074,1.351680
7075,1.359872
7076,1.325056
7077,1.258496
7078,1.381376
7079,1.332224
7080,1.356800
7081,1.300480
7082,0.818176
7083,1.403904
7084,1.424384
7085,1.311744
7086,1.364992
7087,1.376256
7088,1.391616
7089,1.297408
7090,1.306624
7091,1.433600
7092,1.395712
7093,1.373184
7094,1.355776
7095,1.353728
7096,1.372160
7097,1.323008
7098,1.400832
7099,1.358848
7100,1.359872
7101,1.320960
7102,1.315840
7103,1.330176
7104,1.319936
7105,1.348608
7106,1.366016
7107,1.379328
7108,1.333248
7109,1.334272
7110,1.367040
7111,1.367040
7112,1.315840
7113,1.367040
7114,1.337344
7115,1.337344
7116,1.328128
7117,1.332224
7118,1.366016
7119,1.364992
7120,1.316864
7121,1.323008
7122,1.326080
7123,1.310720
7124,1.314816
7125,1.260544
7126,1.303552
7127,1.252352
7128,1.344512
7129,1.396736
7130,1.417216
7131,1.313792
7132,1.338368
7133,1.326080
7134,1.374208
7135,1.358848
7136,1.358848
7137,1.288192
7138,1.340416
7139,1.361920
7140,1.333248
7141,1.345536
7142,1.340416
7143,1.351680
7144,1.321984
7145,1.369088
7146,1.373184
7147,1.350656
7148,1.366016
7149,1.388544
7150,1.335296
7151,1.360896
7152,1.363968
7153,1.358848
7154,1.316864
7155,1.394688
7156,1.370112
7157,1.315840
7158,1.302528
7159,1.363968
7160,1.394688
7161,1.345536
7162,1.317888
7163,1.362944
7164,1.384448
7165,1.338368
7166,1.338368
7167,1.360896
7168,1.357824
7169,1.377280
7170,1.323008
7171,1.304576
7172,1.147904
7173,0.681984
7174,1.359872
7175,1.315840
7176,1.261568
7177,1.313792
7178,1.345536
7179,1.310720
7180,1.324032
7181,1.362944
7182,1.406976
7183,1.361920
7184,1.332224
7185,1.311744
7186,1.224704
7187,1.303552
7188,1.251328
7189,1.297408
7190,1.300480
7191,1.315840
7192,1.326080
7193,1.382400
7194,1.336320
7195,1.328128
7196,1.298432
7197,1.325056
7198,1.342464
7199,1.331200
7200,1.309696
7201,1.357824
7202,1.299456
7203,1.337344
7204,1.352704
7205,1.413120
7206,1.367040
7207,1.350656
7208,1.355776
7209,1.339392
7210,1.333248
7211,1.318912
7212,1.329152
7213,1.329152
7214,1.306624
7215,1.366016
7216,1.329152
7217,1.354752
7218,1.331200
7219,1.056768
7220,0.638976
7221,0.613376
7222,0.595968
7223,0.594944
7224,0.590848
7225,0.567296
7226,1.362944
7227,1.397760
7228,1.341440
7229,1.403904
7230,1.367040
7231,1.335296
7232,1.349632
7233,1.353728
7234,1.295360
7235,1.333248
7236,1.346560
7237,1.340416
7238,1.395712
7239,1.351680
7240,1.340416
7241,1.357824
7242,1.300480
7243,1.360896
7244,1.307648
7245,1.319936
7246,1.359872
7247,1.400832
7248,1.342464
7249,1.363968
7250,1.347584
7251,1.336320
7252,1.299456
7253,1.358848
7254,1.321984
7255,1.341440
7256,1.351680
7257,1.352704
7258,1.401856
7259,1.362944
7260,1.351680
7261,1.397760
7262,1.374208
7263,1.341440
7264,1.367040
7265,1.367040
7266,1.333248
7267,1.350656
7268,1.329152
7269,1.351680
7270,1.045504
7271,1.386496
7272,1.318912
7273,1.351680
7274,1.362944
7275,1.330176
7276,1.303552
7277,1.296384
7278,1.317888
7279,1.348608
7280,1.296384
7281,1.297408
7282,1.401856
7283,1.327104
7284,1.337344
7285,1.408000
7286,1.324032
7287,1.304576
7288,1.344512
7289,1.302528
7290,1.350656
7291,1.403904
7292,1.308672
7293,1.343488
7294,1.315840
7295,1.331200
7296,1.336320
7297,1.338368
7298,1.377280
7299,1.335296
7300,1.287168
7301,1.328128
7302,1.330176
7303,1.318912
7304,1.361920
7305,1.366016
7306,1.347584
7307,1.326080
7308,1.348608
7309,1.300480
7310,1.291264
7311,1.292288
7312,1.373184
7313,1.345536
7314,1.376256
7315,1.327104
7316,0.918528
7317,1.308672
7318,1.221632
7319,1.304576
7320,1.337344
7321,1.380352
7322,1.339392
7323,1.364992
7324,1.379328
7325,1.311744
7326,1.388544
7327,1.311744
7328,1.282048
7329,1.329152
7330,1.330176
7331,1.326080
7332,1.353728
7333,1.314816
7334,1.388544
7335,1.349632
7336,1.349632
7337,1.355776
7338,1.350656
7339,1.321984
7340,1.343488
7341,1.268736
7342,1.340416
7343,1.384448
7344,1.346560
7345,1.373184
7346,1.292288
7347,1.296384
7348,1.351680
7349,1.345536
7350,1.333248
7351,1.355776
7352,1.342464
7353,1.358848
7354,1.326080
7355,1.333248
7356,1.308672
7357,1.316864
7358,1.309696
7359,1.356800
7360,1.371136
7361,1.334272
7362,1.097728
7363,0.684032
7364,0.592896
7365,0.582656
7366,0.577536
7367,1.377280
7368,1.414144
7369,1.398784
7370,1.335296
7371,1.363968
7372,1.371136
7373,1.363968
7374,1.363968
7375,1.373184
7376,1.337344
7377,1.358848
7378,1.382400
7379,1.359872
7380,1.298432
7381,1.347584
7382,1.317888
7383,1.362944
7384,1.318912
7385,1.340416
7386,1.340416
7387,1.336320
7388,1.328128
7389,1.371136
7390,1.341440
7391,1.345536
7392,1.509376
7393,1.358848
7394,1.380352
7395,1.375232
7396,1.345536
7397,1.366016
7398,1.310720
7399,1.345536
7400,1.392640
7401,1.360896
7402,1.334272
7403,1.271808
7404,1.347584
7405,1.315840
7406,1.355776
7407,1.320960
7408,1.350656
7409,1.335296
7410,1.398784
7411,1.350656
7412,0.869376
7413,0.589824
7414,0.585728
7415,0.570368
7416,0.558080
7417,1.371136
7418,1.327104
7419,1.299456
7420,1.345536
7421,1.361920
7422,1.344512
7423,1.389568
7424,1.316864
7425,1.350656
7426,1.329152
7427,1.325056
7428,1.304576
7429,1.327104
7430,1.325056
7431,1.344512
7432,1.321984
7433,1.351680
7434,1.394688
7435,1.375232
7436,1.337344
7437,1.371136
7438,1.276928
7439,1.317888
7440,1.295360
7441,1.321984
7442,1.345536
7443,1.401856
7444,1.312768
7445,1.305600
7446,1.337344
7447,1.314816
7448,1.383424
7449,1.361920
7450,1.330176
7451,1.396736
7452,1.351680
7453,1.330176
7454,1.324032
7455,1.313792
7456,1.372160
7457,1.303552
7458,1.385472
7459,1.327104
7460,1.328128
7461,1.271808
7462,1.331200
7463,1.213440
7464,1.314816
7465,1.342464
7466,1.350656
7467,1.293312
7468,1.325056
7469,1.314816
7470,1.361920
7471,1.360896
7472,1.301504
7473,1.300480
7474,1.347584
7475,1.304576
7476,1.408000
7477,1.354752
7478,1.289216
7479,1.352704
7480,1.352704
7481,1.348608
7482,1.334272
7483,1.337344
7484,1.364992
7485,1.387520
7486,1.342464
7487,1.355776
7488,1.329152
7489,1.310720
7490,1.301504
7491,1.326080
7492,1.318912
7493,1.303552
7494,1.346560
7495,1.357824
7496,1.304576
7497,1.317888
7498,1.342464
7499,1.376256
7500,1.360896
7501,1.331200
7502,1.323008
7503,1.371136
7504,1.361920
7505,1.359872
7506,1.361920
7507,1.138688
7508,0.688128
7509,0.632832
7510,0.617472
7511,0.604160
7512,1.441792
7513,1.371136
7514,1.366016
7515,1.360896
7516,1.299456
7517,1.388544
7518,1.278976
7519,1.307648
7520,1.316864
7521,1.323008
7522,1.364992
7523,1.361920
7524,1.321984
7525,1.371136
7526,1.393664
7527,1.330176
7528,1.384448
7529,1.344512
7530,1.371136
7531,1.369088
7532,1.334272
7533,1.343488
7534,1.393664
7535,1.332224
7536,1.324032
7537,1.346560
7538,1.348608
7539,1.367040
7540,1.335296
7541,1.329152
7542,1.339392
7543,1.303552
7544,1.331200
7545,1.357824
7546,1.321984
7547,1.367040
7548,1.343488
7549,1.388544
7550,1.345536
7551,1.344512
7552,1.330176
7553,1.357824
7554,1.344512
7555,1.283072
7556,1.014784
7557,0.666624
7558,0.645120
7559,0.633856
7560,0.631808
7561,0.624640
7562,1.411072
7563,1.366016
7564,1.341440
7565,1.319936
7566,1.259520
7567,1.343488
7568,1.336320
7569,1.369088
7570,1.325056
7571,1.333248
7572,1.345536
7573,1.376256
7574,1.354752
7575,1.278976
7576,1.330176
7577,1.376256
7578,1.369088
7579,1.345536
7580,1.313792
7581,1.269760
7582,1.376256
7583,1.307648
7584,1.339392
7585,1.294336
7586,1.297408
7587,1.373184
7588,1.324032
7589,1.328128
7590,1.336320
7591,1.296384
7592,1.328128
7593,1.366016
7594,1.338368
7595,1.310720
7596,1.340416
7597,1.343488
7598,1.391616
7599,1.307648
7600,1.341440
7601,1.349632
7602,1.323008
7603,1.373184
7604,1.319936
7605,1.333248
7606,1.346560
7607,1.187840
7608,1.271808
7609,1.154048
7610,1.287168
7611,1.298432
7612,1.295360
7613,1.305600
7614,1.326080
7615,1.308672
7616,1.350656
7617,1.332224
7618,1.338368
7619,1.290240
7620,1.313792
7621,1.356800
7622,1.385472
7623,1.315840
7624,1.296384
7625,1.317888
7626,1.360896
7627,1.360896
7628,1.399808
7629,1.359872
7630,1.330176
7631,1.395712
7632,1.301504
7633,1.329152
7634,1.353728
7635,1.344512
7636,1.344512
7637,1.305600
7638,1.336320
7639,1.325056
7640,1.331200
7641,1.331200
7642,1.341440
7643,1.349632
7644,1.368064
7645,1.284096
7646,1.326080
7647,1.354752
7648,1.296384
7649,1.317888
7650,1.359872
7651,1.308672
7652,1.339392
7653,1.016832
7654,0.671744
7655,0.628736
7656,0.630784
7657,0.615424
7658,0.600064
7659,0.598016
7660,0.567296
7661,0.552960
7662,1.387520
7663,1.352704
7664,1.349632
7665,1.314816
7666,1.344512
7667,1.366016
7668,1.294336
7669,1.299456
7670,1.293312
7671,1.382400
7672,1.341440
7673,1.391616
7674,1.317888
7675,1.374208
7676,1.384448
7677,1.403904
7678,1.308672
7679,1.364992
7680,1.333248
7681,1.371136
7682,1.366016
7683,1.287168
7684,1.369088
7685,1.331200
7686,1.328128
7687,1.300480
7688,1.316864
7689,1.305600
7690,1.293312
7691,1.337344
7692,1.308672
7693,1.310720
7694,1.290240
7695,1.368064
7696,1.334272
7697,1.362944
7698,1.348608
7699,1.352704
7700,1.328128
7701,1.326080
7702,1.312768
7703,1.323008
7704,1.409024
7705,1.301504
7706,1.214464
7707,1.253376
7708,1.235968
7709,1.355776
7710,1.313792
7711,1.331200
7712,1.330176
7713,1.346560
7714,1.352704
7715,1.352704
7716,1.325056
7717,1.344512
7718,1.345536
7719,1.345536
7720,1.351680
7721,1.317888
7722,1.356800
7723,1.310720
7724,1.386496
7725,1.337344
7726,1.355776
7727,1.398784
7728,1.334272
7729,1.332224
7730,1.347584
7731,1.344512
7732,1.421312
7733,1.351680
7734,1.368064
7735,1.377280
7736,1.351680
7737,1.356800
7738,1.373184
7739,1.361920
7740,1.285120
7741,1.352704
7742,1.364992
7743,1.370112
7744,1.330176
7745,1.352704
7746,1.326080
7747,1.310720
7748,1.367040
7749,1.392640
7750,1.344512
7751,1.267712
7752,0.855040
7753,0.645120
7754,0.614400
7755,0.611328
7756,0.602112
7757,1.377280
7758,1.364992
7759,1.382400
7760,1.347584
7761,1.350656
7762,1.286144
7763,1.327104
7764,1.300480
7765,1.353728
7766,1.327104
7767,1.321984
7768,1.331200
7769,1.352704
7770,1.347584
7771,1.344512
7772,1.321984
7773,1.363968
7774,1.334272
7775,1.306624
7776,1.339392
7777,1.357824
7778,1.314816
7779,1.327104
7780,1.358848
7781,1.316864
7782,1.348608
7783,1.374208
7784,1.400832
7785,1.350656
7786,1.382400
7787,1.315840
7788,1.313792
7789,1.361920
7790,1.338368
7791,1.408000
7792,1.354752
7793,1.249280
7794,1.338368
7795,1.291264
7796,1.314816
7797,1.347584
7798,1.396736
7799,1.302528
7800,1.394688
7801,1.197056
7802,0.850944
7803,0.645120
7804,0.616448
7805,0.616448
7806,0.603136
7807,0.596992
7808,1.408000
7809,1.397760
7810,1.404928
7811,1.335296
7812,1.351680
7813,1.318912
7814,1.367040
7815,1.309696
7816,1.364992
7817,1.382400
7818,1.389568
7819,1.357824
7820,1.374208
7821,1.375232
7822,1.374208
7823,1.332224
7824,1.336320
7825,1.349632
7826,1.339392
7827,1.368064
7828,1.329152
7829,1.315840
7830,1.361920
7831,1.361920
7832,1.311744
7833,1.357824
7834,1.345536
7835,1.351680
7836,1.348608
7837,1.362944
7838,1.324032
7839,1.317888
7840,1.329152
7841,1.331200
7842,1.317888
7843,1.395712
7844,1.344512
7845,1.333248
7846,1.341440
7847,1.362944
7848,1.402880
7849,1.291264
7850,1.294336
7851,1.335296
7852,1.216512
7853,1.145856
7854,1.261568
7855,1.323008
7856,1.335296
7857,1.334272
7858,1.341440
7859,1.325056
7860,1.318912
7861,1.304576
7862,1.338368
7863,1.268736
7864,1.309696
7865,1.346560
7866,1.311744
7867,1.352704
7868,1.331200
7869,1.300480
7870,1.321984
7871,1.318912
7872,1.343488
7873,1.340416
7874,1.328128
7875,1.393664
7876,1.405952
7877,1.366016
7878,1.358848
7879,1.374208
7880,1.327104
7881,1.324032
7882,1.326080
7883,1.361920
7884,1.331200
7885,1.354752
7886,1.361920
7887,1.344512
7888,1.373184
7889,1.395712
7890,1.356800
7891,1.396736
7892,1.382400
7893,1.386496
7894,1.351680
7895,1.331200
7896,1.311744
7897,1.049600
7898,0.719872
7899,0.590848
7900,0.587776
7901,0.583680
7902,0.575488
7903,0.572416
7904,0.574464
7905,1.421312
7906,1.369088
7907,1.285120
7908,1.355776
7909,1.331200
7910,1.318912
7911,1.339392
7912,1.298432
7913,1.367040
7914,1.334272
7915,1.327104
7916,1.371136
7917,1.359872
7918,1.356800
7919,1.294336
7920,1.352704
7921,1.350656
7922,1.318912
7923,1.353728
7924,1.334272
7925,1.351680
7926,1.294336
7927,1.340416
7928,1.301504
7929,1.377280
7930,1.286144
7931,1.290240
7932,1.356800
7933,1.327104
7934,1.402880
7935,1.357824
7936,1.291264
7937,1.346560
7938,1.351680
7939,1.326080
7940,1.366016
7941,1.389568
7942,1.342464
7943,1.305600
7944,1.339392
7945,1.345536
7946,1.327104
7947,1.342464
7948,1.363968
7949,1.220608
7950,1.384448
7951,1.262592
7952,1.254400
7953,1.301504
7954,1.306624
7955,1.400832
7956,1.324032
7957,1.315840
7958,1.292288
7959,1.324032
7960,1.333248
7961,1.334272
7962,1.353728
7963,1.331200
7964,1.343488
7965,1.275904
7966,1.358848
7967,1.317888
7968,1.357824
7969,1.337344
7970,1.345536
7971,1.349632
7972,1.333248
7973,1.341440
7974,1.315840
7975,1.300480
7976,1.344512
7977,1.360896
7978,1.341440
7979,1.314816
7980,1.366016
7981,1.362944
7982,1.241088
7983,1.302528
7984,1.293312
7985,1.342464
7986,1.341440
7987,1.329152
7988,1.325056
7989,1.378304
7990,1.362944
7991,1.330176
7992,1.345536
7993,1.367040
7994,1.361920
7995,1.123328
7996,1.202176
7997,1.184768
7998,1.310720
7999,1.286144
8000,1.358848
8001,1.282048
8002,1.336320
8003,1.337344
8004,1.253376
8005,1.317888
8006,1.343488
8007,1.307648
8008,1.304576
8009,1.344512
8010,1.316864
8011,1.317888
8012,1.326080
8013,1.337344
8014,1.373184
8015,1.350656
8016,1.363968
8017,1.317888
8018,1.329152
8019,1.271808
8020,1.372160
8021,1.307648
8022,1.386496
8023,1.349632
8024,1.397760
8025,1.354752
8026,1.316864
8027,1.358848
8028,1.349632
8029,1.301504
8030,1.315840
8031,1.337344
8032,1.319936
8033,1.367040
8034,1.330176
8035,1.264640
8036,1.317888
8037,1.323008
8038,1.371136
8039,1.397760
8040,1.353728
8041,1.256448
8042,0.722944
8043,0.601088
8044,1.291264
8045,1.175552
8046,1.351680
8047,1.338368
8048,1.398784
8049,1.332224
8050,1.367040
8051,1.383424
8052,1.304576
8053,1.348608
8054,1.302528
8055,1.309696
8056,1.314816
8057,1.354752
8058,1.339392
8059,1.345536
8060,1.339392
8061,1.361920
8062,1.363968
8063,1.384448
8064,1.303552
8065,1.343488
8066,1.311744
8067,1.330176
8068,1.349632
8069,1.297408
8070,1.332224
8071,1.379328
8072,1.339392
8073,1.364992
8074,1.374208
8075,1.335296
8076,1.344512
8077,1.348608
8078,1.321984
8079,1.334272
8080,1.397760
8081,1.300480
8082,1.332224
8083,1.344512
8084,1.321984
8085,1.353728
8086,1.308672
8087,1.367040
8088,1.224704
8089,0.836608
8090,1.320960
8091,1.215488
8092,1.290240
8093,1.349632
8094,1.320960
8095,1.305600
8096,1.344512
8097,1.369088
8098,1.329152
8099,1.313792
8100,1.346560
8101,1.302528
8102,1.340416
8103,1.324032
8104,1.303552
8105,1.306624
8106,1.326080
8107,1.373184
8108,1.333248
8109,1.341440
8110,1.348608
8111,1.313792
8112,1.288192
8113,1.367040
8114,1.342464
8115,1.355776
8116,1.354752
8117,1.348608
8118,1.325056
8119,1.332224
8120,1.343488
8121,1.300480
8122,1.339392
8123,1.351680
8124,1.329152
8125,1.335296
8126,1.355776
8127,1.326080
8128,1.318912
8129,1.314816
8130,1.346560
8131,1.351680
8132,1.310720
8133,1.327104
8134,1.312768
8135,1.260544
8136,0.824320
8137,0.692224
8138,1.431552
8139,1.399808
8140,1.380352
8141,1.372160
8142,1.350656
8143,1.323008
8144,1.351680
8145,1.369088
8146,1.308672
8147,1.364992
8148,1.354752
8149,1.334272
8150,1.305600
8151,1.334272
8152,1.339392
8153,1.347584
8154,1.312768
8155,1.350656
8156,1.307648
8157,1.360896
8158,1.331200
8159,1.363968
8160,1.358848
8161,1.335296
8162,1.367040
8163,1.307648
8164,1.350656
8165,1.349632
8166,1.315840
8167,1.327104
8168,1.330176
8169,1.349632
8170,1.217536
8171,1.327104
8172,1.346560
8173,1.355776
8174,1.330176
8175,1.343488
8176,1.361920
8177,1.327104
8178,1.364992
8179,1.384448
8180,1.307648
8181,1.343488
8182,1.160192
8183,0.808960
8184,1.442816
8185,1.347584
8186,1.387520
8187,1.338368
8188,1.351680
8189,1.356800
8190,1.308672
8191,1.294336
8192,1.331200
8193,1.387520
8194,1.315840
8195,1.317888
8196,1.368064
8197,1.353728
8198,1.359872
8199,1.362944
8200,1.308672
8201,1.333248
8202,1.333248
8203,1.310720
8204,1.339392
8205,1.298432
8206,1.348608
8207,1.346560
8208,1.367040
8209,1.341440
8210,1.363968
8211,1.363968
8212,1.326080
8213,1.342464
8214,1.328128
8215,1.333248
8216,1.384448
8217,1.502208
8218,1.377280
8219,1.396736
8220,1.346560
8221,1.310720
8222,1.370112
8223,1.363968
8224,1.341440
8225,1.396736
8226,1.346560
8227,1.346560
8228,1.185792
8229,0.793600
8230,1.379328
8231,1.359872
8232,1.373184
8233,1.411072
8234,1.352704
8235,1.332224
8236,1.338368
8237,1.376256
8238,1.348608
8239,1.361920
8240,1.355776
8241,1.302528
8242,1.357824
8243,1.341440
8244,1.358848
8245,1.296384
8246,1.399808
8247,1.300480
8248,1.333248
8249,1.337344
8250,1.350656
8251,1.386496
8252,1.334272
8253,1.309696
8254,1.269760
8255,1.372160
8256,1.342464
8257,1.355776
8258,1.345536
8259,1.339392
8260,1.337344
8261,1.343488
8262,1.359872
8263,1.393664
8264,1.315840
8265,1.294336
8266,1.359872
8267,1.303552
8268,1.346560
8269,1.362944
8270,1.394688
8271,1.353728
8272,1.361920
8273,1.334272
8274,1.211392
8275,1.224704
8276,1.311744
8277,1.292288
8278,1.367040
8279,1.288192
8280,1.356800
8281,1.385472
8282,1.339392
8283,1.356800
8284,1.334272
8285,1.340416
8286,1.371136
8287,1.342464
8288,1.338368
8289,1.370112
8290,1.315840
8291,1.354752
8292,1.338368
8293,1.346560
8294,1.369088
8295,1.321984
8296,1.319936
8297,1.368064
8298,1.369088
8299,1.313792
8300,1.298432
8301,1.350656
8302,1.339392
8303,1.357824
8304,1.336320
8305,1.330176
8306,1.355776
8307,1.315840
8308,1.345536
8309,1.357824
8310,1.382400
8311,1.357824
8312,1.336320
8313,1.359872
8314,1.311744
8315,1.359872
8316,1.353728
8317,1.342464
8318,1.299456
8319,0.914432
8320,0.702464
8321,0.678912
8322,1.317888
8323,1.382400
8324,1.362944
8325,1.312768
8326,1.320960
8327,1.296384
8328,1.291264
8329,1.338368
8330,1.335296
8331,1.376256
8332,1.337344
8333,1.314816
8334,1.317888
8335,1.353728
8336,1.320960
8337,1.343488
8338,1.312768
8339,1.333248
8340,1.301504
8341,1.344512
8342,1.292288
8343,1.310720
8344,1.385472
8345,1.340416
8346,1.296384
8347,1.333248
8348,1.373184
8349,1.344512
8350,1.339392
8351,1.352704
8352,1.371136
8353,1.345536
8354,1.349632
8355,1.340416
8356,1.388544
8357,1.326080
8358,1.343488
8359,1.311744
8360,1.327104
8361,1.401856
8362,1.313792
8363,1.373184
8364,1.324032
8365,1.341440
8366,1.233920
8367,0.771072
8368,0.658432
8369,0.629760
8370,0.605184
8371,0.594944
8372,0.590848
8373,1.366016
8374,1.438720
8375,1.360896
8376,1.351680
8377,1.307648
8378,1.302528
8379,1.244160
8380,1.392640
8381,1.383424
8382,1.373184
8383,1.360896
8384,1.358848
8385,1.354752
8386,1.328128
8387,1.314816
8388,1.331200
8389,1.373184
8390,1.357824
8391,1.393664
8392,1.348608
8393,1.332224
8394,1.372160
8395,1.369088
8396,1.295360
8397,1.386496
8398,1.335296
8399,1.369088
8400,1.333248
8401,1.311744
8402,1.374208
8403,1.347584
8404,1.367040
8405,1.331200
8406,1.351680
8407,1.354752
8408,1.353728
8409,1.339392
8410,1.363968
8411,1.338368
8412,1.333248
8413,1.334272
8414,1.381376
8415,1.331200
8416,1.368064
8417,1.158144
8418,1.326080
8419,1.250304
8420,1.331200
8421,1.338368
8422,1.344512
8423,1.401856
8424,1.349632
8425,1.259520
8426,1.346560
8427,1.326080
8428,1.372160
8429,1.359872
8430,1.483776
8431,1.383424
8432,1.350656
8433,1.310720
8434,1.328128
8435,1.315840
8436,1.351680
8437,1.327104
8438,1.307648
8439,1.378304
8440,1.302528
8441,1.345536
8442,1.305600
8443,1.313792
8444,1.351680
8445,1.291264
8446,1.326080
8447,1.346560
8448,1.355776
8449,1.314816
8450,1.318912
8451,1.325056
8452,1.303552
8453,1.325056
8454,1.325056
8455,1.326080
8456,1.362944
8457,1.318912
8458,1.347584
8459,1.332224
8460,1.353728
8461,1.349632
8462,1.239040
8463,1.245184
8464,1.275904
8465,1.283072
8466,1.359872
8467,1.321984
8468,1.358848
8469,1.359872
8470,1.331200
8471,1.382400
8472,1.380352
8473,1.319936
8474,1.326080
8475,1.305600
8476,1.329152
8477,1.341440
8478,1.340416
8479,1.324032
8480,1.294336
8481,1.316864
8482,1.337344
8483,1.336320
8484,1.369088
8485,1.312768
8486,1.324032
8487,1.363968
8488,1.320960
8489,1.354752
8490,1.331200
8491,1.320960
8492,1.382400
8493,1.366016
8494,1.383424
8495,1.334272
8496,1.347584
8497,1.316864
8498,1.341440
8499,1.323008
8500,1.373184
8501,1.337344
8502,1.312768
8503,1.352704
8504,1.357824
8505,1.333248
8506,1.345536
8507,1.318912
8508,1.111040
8509,0.745472
8510,0.636928
8511,0.599040
8512,0.600064
8513,0.583680
8514,1.426432
8515,1.369088
8516,1.485824
8517,1.276928
8518,1.348608
8519,1.329152
8520,1.303552
8521,1.319936
8522,1.285120
8523,1.284096
8524,1.357824
8525,1.329152
8526,1.355776
8527,1.328128
8528,1.380352
8529,1.369088
8530,1.368064
8531,1.339392
8532,1.355776
8533,1.347584
8534,1.368064
8535,1.329152
8536,1.368064
8537,1.405952
8538,1.337344
8539,1.371136
8540,1.324032
8541,1.306624
8542,1.309696
8543,1.351680
8544,1.325056
8545,1.302528
8546,1.378304
8547,1.346560
8548,1.343488
8549,1.351680
8550,1.337344
8551,1.328128
8552,1.335296
8553,1.301504
8554,1.401856
8555,1.328128
8556,1.389568
8557,1.313792
8558,1.210368
8559,1.357824
8560,1.375232
8561,1.342464
8562,1.295360
8563,1.382400
8564,1.370112
8565,1.331200
8566,1.345536
8567,1.351680
8568,1.280000
8569,1.278976
8570,1.339392
8571,1.284096
8572,1.323008
8573,1.341440
8574,1.318912
8575,1.278976
8576,1.332224
8577,1.262592
8578,1.338368
8579,1.358848
8580,1.328128
8581,1.364992
8582,1.369088
8583,1.336320
8584,1.311744
8585,1.344512
8586,1.335296
8587,1.294336
8588,1.341440
8589,1.382400
8590,1.334272
8591,1.372160
8592,1.341440
8593,1.364992
8594,1.333248
8595,1.351680
8596,1.305600
8597,1.338368
8598,1.344512
8599,1.346560
8600,1.311744
8601,1.337344
8602,1.320960
8603,1.226752
8604,0.871424
8605,1.161216
8606,1.382400
8607,1.293312
8608,1.362944
8609,1.364992
8610,1.273856
8611,1.318912
8612,1.313792
8613,1.385472
8614,1.344512
8615,1.305600
8616,1.360896
8617,1.332224
8618,1.328128
8619,1.372160
8620,1.349632
8621,1.308672
8622,1.331200
8623,1.317888
8624,1.330176
8625,1.313792
8626,1.321984
8627,1.328128
8628,1.410048
8629,1.353728
8630,1.298432
8631,1.337344
8632,1.353728
8633,1.288192
8634,1.292288
8635,1.368064
8636,1.331200
8637,1.362944
8638,1.297408
8639,1.325056
8640,1.298432
8641,1.377280
8642,1.334272
8643,1.373184
8644,1.343488
8645,1.326080
8646,1.324032
8647,1.386496
8648,1.383424
8649,1.349632
8650,1.084416
8651,1.343488
8652,1.409024
8653,1.311744
8654,1.271808
8655,1.313792
8656,1.319936
8657,1.326080
8658,1.379328
8659,1.315840
8660,1.345536
8661,1.350656
8662,1.356800
8663,1.306624
8664,1.325056
8665,1.293312
8666,1.347584
8667,1.281024
8668,1.309696
8669,1.375232
8670,1.300480
8671,1.346560
8672,1.299456
8673,1.339392
8674,1.362944
8675,1.319936
8676,1.350656
8677,1.317888
8678,1.326080
8679,1.348608
8680,1.377280
8681,1.333248
8682,1.334272
8683,1.301504
8684,1.343488
8685,1.342464
8686,1.394688
8687,1.340416
8688,1.354752
8689,1.319936
8690,1.347584
8691,1.346560
8692,1.300480
8693,1.363968
8694,1.335296
8695,1.263616
8696,0.890880
8697,0.768000
8698,0.665600
8699,0.651264
8700,0.612352
8701,0.571392
8702,1.403904
8703,1.314816
8704,1.323008
8705,1.319936
8706,1.283072
8707,1.343488
8708,1.395712
8709,1.383424
8710,1.304576
8711,1.337344
8712,1.367040
8713,1.355776
8714,1.348608
8715,1.359872
8716,1.364992
8717,1.344512
8718,1.328128
8719,1.354752
8720,1.317888
8721,1.354752
8722,1.350656
8723,1.344512
8724,1.336320
8725,1.385472
8726,1.306624
8727,1.343488
8728,1.335296
8729,1.352704
8730,1.341440
8731,1.364992
8732,1.286144
8733,1.381376
8734,1.345536
8735,1.312768
8736,1.355776
8737,1.348608
8738,1.304576
8739,1.347584
8740,1.325056
8741,1.302528
8742,1.349632
8743,1.217536
8744,1.232896
8745,1.297408
8746,1.272832
8747,1.009664
8748,0.717824
8749,0.622592
8750,0.598016
8751,0.583680
8752,0.580608
8753,1.372160
8754,1.379328
8755,1.325056
8756,1.337344
8757,1.325056
8758,1.348608
8759,1.328128
8760,1.372160
8761,1.368064
8762,1.335296
8763,1.308672
8764,1.337344
8765,1.338368
8766,1.343488
8767,1.372160
8768,1.327104
8769,1.321984
8770,1.362944
8771,1.378304
8772,1.312768
8773,1.385472
8774,1.359872
8775,1.364992
8776,1.382400
8777,1.343488
8778,1.281024
8779,1.360896
8780,1.349632
8781,1.380352
8782,1.376256
8783,1.351680
8784,1.328128
8785,1.330176
8786,1.337344
8787,1.304576
8788,1.357824
8789,1.324032
8790,1.332224
8791,1.386496
8792,1.382400
8793,1.303552
8794,1.361920
8795,1.330176
8796,1.329152
8797,1.473536
8798,1.207296
8799,1.217536
8800,1.307648
8801,1.294336
8802,1.338368
8803,1.359872
8804,1.362944
8805,1.351680
8806,1.304576
8807,1.366016
8808,1.297408
8809,1.373184
8810,1.298432
8811,1.349632
8812,1.341440
8813,1.375232
8814,1.345536
8815,1.351680
8816,1.398784
8817,1.403904
8818,1.359872
8819,1.351680
8820,1.331200
8821,1.347584
8822,1.348608
8823,1.349632
8824,1.347584
8825,1.312768
8826,1.308672
8827,1.368064
8828,1.346560
8829,1.354752
8830,1.344512
8831,1.348608
8832,1.335296
8833,1.326080
8834,1.348608
8835,1.307648
8836,1.308672
8837,1.338368
8838,1.355776
8839,1.384448
8840,1.360896
8841,1.405952
8842,1.293312
8843,0.923648
8844,1.276928
8845,1.174528
8846,1.321984
8847,1.343488
8848,1.360896
8849,1.283072
8850,1.319936
8851,1.317888
8852,1.319936
8853,1.312768
8854,1.349632
8855,1.320960
8856,1.329152
8857,1.375232
8858,1.319936
8859,1.252352
8860,1.326080
8861,1.330176
8862,1.340416
8863,1.345536
8864,1.395712
8865,1.325056
8866,1.369088
8867,1.372160
8868,1.356800
8869,1.318912
8870,1.298432
8871,1.364992
8872,1.310720
8873,1.378304
8874,1.351680
8875,1.340416
8876,1.356800
8877,1.349632
8878,1.376256
8879,1.363968
8880,1.350656
8881,1.350656
8882,1.323008
8883,1.351680
8884,1.320960
8885,1.356800
8886,1.309696
8887,1.305600
8888,1.266688
8889,0.898048
8890,1.352704
8891,1.242112
8892,1.324032
8893,1.333248
8894,1.359872
8895,1.328128
8896,1.349632
8897,1.311744
8898,1.310720
8899,1.340416
8900,1.352704
8901,1.342464
8902,1.352704
8903,1.348608
8904,1.355776
8905,1.328128
8906,1.336320
8907,1.337344
8908,1.316864
8909,1.357824
8910,1.350656
8911,1.301504
8912,1.288192
8913,1.276928
8914,1.302528
8915,1.359872
8916,1.367040
8917,1.315840
8918,1.406976
8919,1.332224
8920,1.289216
8921,1.301504
8922,1.305600
8923,1.321984
8924,1.288192
8925,1.345536
8926,1.350656
8927,1.294336
8928,1.336320
8929,1.320960
8930,1.401856
8931,1.302528
8932,1.328128
8933,1.344512
8934,1.289216
8935,1.113088
8936,1.276928
8937,1.169408
8938,1.347584
8939,1.371136
8940,1.313792
8941,1.303552
8942,1.287168
8943,1.267712
8944,1.347584
8945,1.302528
8946,1.393664
8947,1.302528
8948,1.286144
8949,1.333248
8950,1.335296
8951,1.298432
8952,1.334272
8953,1.353728
8954,1.350656
8955,1.325056
8956,1.354752
8957,1.346560
8958,1.349632
8959,1.386496
8960,1.289216
8961,1.340416
8962,1.373184
8963,1.339392
8964,1.405952
8965,1.325056
8966,1.348608
8967,1.334272
8968,1.310720
8969,1.340416
8970,1.345536
8971,1.348608
8972,1.303552
8973,1.293312
8974,1.311744
8975,1.349632
8976,1.332224
8977,1.306624
8978,1.356800
8979,1.363968
8980,1.324032
8981,1.155072
8982,1.251328
8983,1.182720
8984,1.321984
8985,1.366016
8986,1.326080
8987,1.304576
8988,1.271808
8989,1.381376
8990,1.297408
8991,1.300480
8992,1.317888
8993,1.371136
8994,1.324032
8995,1.357824
8996,1.261568
8997,1.294336
8998,1.292288
8999,1.302528
9000,1.333248
9001,1.292288
9002,1.327104
9003,1.324032
9004,1.347584
9005,1.315840
9006,1.292288
9007,1.274880
9008,1.311744
9009,1.290240
9010,1.272832
9011,1.333248
9012,1.353728
9013,1.286144
9014,1.317888
9015,1.276928
9016,1.334272
9017,1.275904
9018,1.323008
9019,1.315840
9020,1.265664
9021,1.300480
9022,1.338368
9023,1.320960
9024,1.325056
9025,1.300480
9026,1.320960
9027,1.307648
9028,1.119232
9029,1.346560
9030,1.324032
9031,1.303552
9032,1.300480
9033,1.252352
9034,1.313792
9035,1.325056
9036,1.306624
9037,1.294336
9038,1.354752
9039,1.277952
9040,1.292288
9041,1.305600
9042,1.491968
9043,1.299456
9044,1.264640
9045,1.335296
9046,1.353728
9047,1.307648
9048,1.318912
9049,1.312768
9050,1.303552
9051,1.323008
9052,1.342464
9053,1.332224
9054,1.324032
9055,1.333248
9056,1.297408
9057,1.341440
9058,1.345536
9059,1.294336
9060,1.270784
9061,1.256448
9062,1.350656
9063,1.342464
9064,1.288192
9065,1.337344
9066,1.266688
9067,1.333248
9068,1.302528
9069,1.300480
9070,1.282048
9071,2.753536
9072,2.754560
9073,1.360896
9074,1.400832
9075,1.331200
9076,1.278976
9077,1.294336
9078,1.288192
9079,1.296384
9080,1.348608
9081,1.317888
9082,1.264640
9083,1.264640
9084,1.402880
9085,1.371136
9086,1.268736
9087,1.185792
9088,1.340416
9089,1.352704
9090,1.314816
9091,1.270784
9092,1.284096
9093,1.300480
9094,1.251328
9095,3.699712
9096,1.295360
9097,1.326080
9098,1.271808
9099,1.295360
9100,2.371584
9101,1.321984
9102,1.271808
9103,1.275904
9104,1.304576
9105,2.481152
9106,3.610624
9107,1.289216
9108,1.314816
9109,1.317888
9110,1.344512
9111,1.323008
9112,1.320960
9113,1.335296
9114,1.195008
9115,1.230848
9116,1.311744
9117,1.321984
9118,1.300480
9119,1.270784
9120,1.338368
9121,1.294336
9122,1.264640
9123,1.307648
9124,1.356800
9125,1.311744
9126,1.305600
9127,1.258496
9128,1.273856
9129,1.330176
9130,1.328128
9131,1.347584
9132,1.265664
9133,1.295360
9134,1.329152
9135,1.324032
9136,1.300480
9137,1.327104
9138,1.307648
9139,1.302528
9140,1.291264
9141,1.333248
9142,1.268736
9143,1.301504
9144,1.305600
9145,1.347584
9146,1.332224
9147,1.318912
9148,1.278976
9149,1.339392
9150,1.263616
9151,1.276928
9152,1.351680
9153,1.331200
9154,1.332224
9155,1.320960
9156,1.301504
9157,1.301504
9158,1.369088
9159,1.286144
9160,1.320960
9161,1.222656
9162,1.248256
9163,1.349632
9164,1.308672
9165,1.344512
9166,1.315840
9167,1.318912
9168,1.342464
9169,1.317888
9170,1.340416
9171,1.308672
9172,1.310720
9173,1.323008
9174,1.338368
9175,1.337344
9176,1.282048
9177,1.270784
9178,1.284096
9179,1.318912
9180,1.315840
9181,1.319936
9182,1.328128
9183,1.323008
9184,1.317888
9185,1.309696
9186,1.369088
9187,1.334272
9188,1.334272
9189,1.338368
9190,1.319936
9191,1.287168
9192,1.307648
9193,1.374208
9194,1.300480
9195,1.305600
9196,1.287168
9197,1.308672
9198,1.283072
9199,1.288192
9200,1.316864
9201,1.293312
9202,1.339392
9203,1.320960
9204,1.315840
9205,1.274880
9206,1.016832
9207,1.301504
9208,1.208320
9209,1.290240
9210,1.266688
9211,1.301504
9212,1.289216
9213,1.304576
9214,1.291264
9215,1.297408
9216,1.284096
9217,1.332224
9218,1.289216
9219,1.324032
9220,1.227776
9221,1.254400
9222,1.288192
9223,1.291264
9224,1.298432
9225,1.340416
9226,1.319936
9227,1.302528
9228,1.318912
9229,1.330176
9230,1.316864
9231,1.300480
9232,1.289216
9233,1.317888
9234,1.272832
9235,1.304576
9236,1.310720
9237,1.296384
9238,1.312768
9239,1.345536
9240,1.327104
9241,1.301504
9242,1.260544
9243,1.286144
9244,1.295360
9245,1.325056
9246,1.301504
9247,1.295360
9248,1.307648
9249,1.326080
9250,1.300480
9251,1.318912
9252,1.273856
9253,1.217536
9254,0.836608
9255,0.765952
9256,0.778240
9257,1.335296
9258,1.192960
9259,1.250304
9260,1.345536
9261,1.343488
9262,1.300480
9263,1.329152
9264,1.357824
9265,1.319936
9266,1.290240
9267,1.345536
9268,1.258496
9269,1.317888
9270,1.341440
9271,1.310720
9272,1.324032
9273,1.307648
9274,1.318912
9275,1.270784
9276,1.296384
9277,1.321984
9278,1.304576
9279,1.288192
9280,1.301504
9281,1.331200
9282,1.312768
9283,1.349632
9284,1.319936
9285,1.309696
9286,1.280000
9287,1.291264
9288,1.370112
9289,1.336320
9290,1.334272
9291,1.280000
9292,1.314816
9293,1.320960
9294,1.351680
9295,1.327104
9296,1.327104
9297,1.276928
9298,1.287168
9299,1.280000
9300,1.323008
9301,1.294336
9302,1.318912
9303,1.144832
9304,0.777216
9305,0.685056
9306,0.672768
9307,0.660480
9308,0.750592
9309,0.595968
9310,1.284096
9311,1.338368
9312,1.311744
9313,1.291264
9314,1.287168
9315,1.325056
9316,1.332224
9317,1.294336
9318,1.351680
9319,1.336320
9320,1.295360
9321,1.333248
9322,1.300480
9323,1.284096
9324,1.282048
9325,1.330176
9326,1.315840
9327,1.309696
9328,1.285120
9329,1.295360
9330,1.290240
9331,1.349632
9332,1.256448
9333,1.291264
9334,1.310720
9335,1.285120
9336,1.354752
9337,1.337344
9338,1.312768
9339,1.317888
9340,1.290240
9341,1.298432
9342,1.274880
9343,1.330176
9344,1.317888
9345,1.316864
9346,1.316864
9347,1.297408
9348,1.316864
9349,1.242112
9350,1.339392
9351,1.305600
9352,1.296384
9353,1.347584
9354,1.313792
9355,1.221632
9356,0.960512
9357,1.372160
9358,1.295360
9359,1.320960
9360,1.252352
9361,1.284096
9362,1.325056
9363,1.280000
9364,1.298432
9365,1.265664
9366,1.262592
9367,1.354752
9368,1.366016
9369,1.260544
9370,1.304576
9371,1.328128
9372,1.311744
9373,1.311744
9374,1.312768
9375,1.281024
9376,1.280000
9377,1.310720
9378,1.258496
9379,1.329152
9380,1.320960
9381,1.326080
9382,1.318912
9383,1.367040
9384,1.293312
9385,1.482752
9386,1.326080
9387,1.357824
9388,1.321984
9389,1.315840
9390,1.396736
9391,1.347584
9392,1.326080
9393,1.346560
9394,1.548288
9395,1.338368
9396,1.272832
9397,1.307648
9398,1.337344
9399,1.287168
9400,1.281024
9401,1.292288
9402,1.247232
9403,0.818176
9404,0.697344
9405,0.668672
9406,0.671744
9407,0.664576
9408,0.644096
9409,0.601088
9410,0.574464
9411,1.379328
9412,1.292288
9413,1.272832
9414,1.294336
9415,1.303552
9416,1.326080
9417,1.300480
9418,1.297408
9419,1.332224
9420,1.293312
9421,1.283072
9422,1.298432
9423,1.330176
9424,1.296384
9425,1.297408
9426,1.292288
9427,1.281024
9428,1.285120
9429,1.292288
9430,1.317888
9431,1.270784
9432,1.310720
9433,1.332224
9434,1.319936
9435,1.311744
9436,1.297408
9437,1.344512
9438,1.276928
9439,1.296384
9440,1.323008
9441,1.303552
9442,1.316864
9443,1.315840
9444,1.349632
9445,1.301504
9446,1.302528
9447,1.325056
9448,1.298432
9449,1.320960
9450,1.306624
9451,1.254400
9452,1.289216
9453,1.283072
9454,1.329152
9455,1.350656
9456,1.323008
9457,1.122304
9458,0.859136
9459,0.773120
9460,0.741376
9461,0.719872
9462,1.387520
9463,1.348608
9464,1.364992
9465,1.302528
9466,1.287168
9467,1.295360
9468,1.296384
9469,1.270784
9470,1.327104
9471,1.293312
9472,1.337344
9473,1.273856
9474,1.330176
9475,1.318912
9476,1.290240
9477,1.335296
9478,1.360896
9479,1.354752
9480,1.326080
9481,1.357824
9482,1.316864
9483,1.333248
9484,1.331200
9485,1.334272
9486,1.302528
9487,1.368064
9488,1.325056
9489,1.334272
9490,1.308672
9491,1.290240
9492,1.308672
9493,1.295360
9494,1.350656
9495,1.323008
9496,1.315840
9497,1.333248
9498,1.320960
9499,1.382400
9500,1.319936
9501,1.325056
9502,1.325056
9503,1.376256
9504,1.317888
9505,1.317888
9506,1.310720
9507,1.267712
9508,1.168384
9509,1.152000
9510,1.225728
9511,1.296384
9512,1.304576
9513,1.281024
9514,1.307648
9515,1.331200
9516,1.275904
9517,1.246208
9518,1.342464
9519,1.314816
9520,1.347584
9521,1.289216
9522,1.273856
9523,1.309696
9524,1.340416
9525,1.326080
9526,1.332224
9527,1.317888
9528,1.307648
9529,1.340416
9530,1.291264
9531,1.332224
9532,1.311744
9533,1.338368
9534,1.351680
9535,1.323008
9536,1.329152
9537,1.327104
9538,1.278976
9539,1.259520
9540,1.327104
9541,1.261568
9542,1.304576
9543,1.301504
9544,1.284096
9545,1.345536
9546,1.338368
9547,1.343488
9548,1.302528
9549,1.348608
9550,1.332224
9551,1.326080
9552,1.304576
9553,1.298432
9554,1.246208
9555,1.286144
9556,1.207296
9557,1.307648
9558,1.264640
9559,1.324032
9560,1.340416
9561,1.277952
9562,1.315840
9563,1.347584
9564,1.328128
9565,1.353728
9566,1.327104
9567,1.300480
9568,1.335296
9569,1.292288
9570,1.328128
9571,1.318912
9572,1.312768
9573,1.298432
9574,1.285120
9575,1.332224
9576,1.288192
9577,1.294336
9578,1.344512
9579,1.336320
9580,1.306624
9581,1.326080
9582,1.351680
9583,1.298432
9584,1.324032
9585,1.302528
9586,1.362944
9587,1.304576
9588,1.316864
9589,1.379328
9590,1.345536
9591,1.362944
9592,1.291264
9593,1.293312
9594,1.328128
9595,1.274880
9596,1.318912
9597,1.292288
9598,1.292288
9599,1.311744
9600,1.285120
9601,1.018880
9602,0.899072
9603,0.723968
9604,0.652288
9605,0.631808
9606,0.612352
9607,0.576512
9608,1.351680
9609,1.290240
9610,1.266688
9611,1.253376
9612,1.250304
9613,1.349632
9614,1.513472
9615,1.323008
9616,1.334272
9617,1.309696
9618,1.338368
9619,1.335296
9620,1.272832
9621,1.321984
9622,1.349632
9623,1.330176
9624,1.323008
9625,1.352704
9626,1.354752
9627,1.361920
9628,1.379328
9629,1.317888
9630,1.325056
9631,1.299456
9632,1.334272
9633,1.294336
9634,1.332224
9635,1.331200
9636,1.366016
9637,1.350656
9638,1.316864
9639,1.287168
9640,1.324032
9641,1.318912
9642,1.301504
9643,1.318912
9644,1.369088
9645,1.323008
9646,1.342464
9647,1.343488
9648,1.337344
9649,1.329152
9650,1.305600
9651,1.337344
9652,1.271808
9653,1.317888
9654,1.275904
9655,1.213440
9656,1.303552
9657,1.388544
9658,1.330176
9659,1.247232
9660,1.305600
9661,1.317888
9662,1.330176
9663,1.333248
9664,1.297408
9665,1.300480
9666,1.314816
9667,1.344512
9668,1.298432
9669,1.282048
9670,1.264640
9671,1.299456
9672,1.320960
9673,1.325056
9674,1.304576
9675,1.260544
9676,1.321984
9677,1.292288
9678,1.306624
9679,1.285120
9680,1.287168
9681,1.297408
9682,1.300480
9683,1.337344
9684,1.329152
9685,1.297408
9686,1.324032
9687,1.317888
9688,1.298432
9689,1.332224
9690,1.283072
9691,1.352704
9692,1.304576
9693,1.289216
9694,1.277952
9695,1.262592
9696,1.287168
9697,1.302528
9698,1.367040
9699,1.341440
9700,1.218560
9701,1.040384
9702,0.772096
9703,0.688128
9704,1.282048
9705,1.131520
9706,1.337344
9707,1.346560
9708,1.319936
9709,1.295360
9710,1.312768
9711,1.283072
9712,1.301504
9713,1.276928
9714,1.256448
9715,1.264640
9716,1.274880
9717,1.318912
9718,1.315840
9719,1.318912
9720,1.320960
9721,1.255424
9722,1.277952
9723,1.246208
9724,1.224704
9725,1.292288
9726,1.284096
9727,1.221632
9728,1.292288
9729,1.302528
9730,1.249280
9731,1.242112
9732,1.260544
9733,1.270784
9734,1.235968
9735,1.261568
9736,1.275904
9737,1.238016
9738,1.236992
9739,1.259520
9740,1.247232
9741,1.252352
9742,1.275904
9743,1.274880
9744,1.255424
9745,1.267712
9746,1.266688
9747,1.230848
9748,1.257472
9749,1.255424
9750,1.238016
9751,1.203200
9752,1.124352
9753,0.906240
9754,0.783360
9755,0.776192
9756,1.303552
9757,1.296384
9758,1.271808
9759,1.271808
9760,1.290240
9761,1.313792
9762,1.259520
9763,1.277952
9764,1.296384
9765,1.266688
9766,1.283072
9767,1.260544
9768,1.273856
9769,1.261568
9770,1.265664
9771,1.233920
9772,1.269760
9773,1.265664
9774,1.238016
9775,1.249280
9776,1.286144
9777,1.258496
9778,1.227776
9779,1.294336
9780,1.265664
9781,1.214464
9782,1.230848
9783,1.232896
9784,1.252352
9785,1.229824
9786,1.217536
9787,1.198080
9788,1.258496
9789,1.239040
9790,1.187840
9791,1.214464
9792,1.248256
9793,1.209344
9794,1.213440
9795,1.232896
9796,1.241088
9797,1.207296
9798,1.243136
9799,1.240064
9800,1.244160
9801,1.241088
9802,1.278976
9803,1.297408
9804,1.118208
9805,0.890880
9806,1.228800
9807,1.184768
9808,2.565120
9809,1.225728
9810,1.206272
9811,2.713600
9812,1.163264
9813,1.234944
9814,1.236992
9815,1.245184
9816,1.214464
9817,1.235968
9818,1.230848
9819,1.254400
9820,1.273856
9821,1.262592
9822,1.210368
9823,1.232896
9824,1.245184
9825,1.270784
9826,1.270784
9827,1.212416
9828,1.239040
9829,1.244160
9830,1.226752
9831,1.210368
9832,1.232896
9833,1.252352
9834,1.204224
9835,1.226752
9836,1.244160
9837,1.238016
9838,1.219584
9839,1.225728
9840,1.233920
9841,1.215488
9842,1.255424
9843,1.245184
9844,1.259520
9845,1.232896
9846,1.240064
9847,1.229824
9848,1.241088
9849,1.252352
9850,1.252352
9851,1.251328
9852,1.259520
9853,1.152000
9854,0.854016
9855,0.884736
9856,0.720896
9857,0.648192
9858,0.625664
9859,1.204224
9860,1.164288
9861,1.228800
9862,2.682880
9863,1.253376
9864,2.638848
9865,1.256448
9866,1.198080
9867,1.198080
9868,1.264640
9869,1.243136
9870,1.238016
9871,1.297408
9872,1.215488
9873,1.232896
9874,1.232896
9875,1.229824
9876,1.229824
9877,1.241088
9878,1.281024
9879,1.227776
9880,1.234944
9881,1.215488
9882,1.228800
9883,1.252352
9884,1.256448
9885,1.225728
9886,1.242112
9887,1.252352
9888,1.213440
9889,1.236992
9890,1.221632
9891,1.182720
9892,1.219584
9893,1.233920
9894,1.186816
9895,1.197056
9896,1.209344
9897,1.181696
9898,1.200128
9899,1.179648
9900,1.214464
9901,1.165312
9902,1.191936
9903,1.177600
9904,1.171456
9905,1.210368
9906,1.162240
9907,1.036288
9908,0.946176
9909,0.825344
9910,1.146880
9911,1.088512
9912,1.101824
9913,1.170432
9914,1.162240
9915,1.146880
9916,1.167360
9917,1.152000
9918,1.191936
9919,1.152000
9920,1.177600
9921,3.424256
9922,1.130496
9923,1.212416
9924,1.111040
9925,1.122304
9926,1.146880
9927,1.110016
9928,1.117184
9929,1.138688
9930,1.138688
9931,1.097728
9932,3.449856
9933,1.111040
9934,1.121280
9935,1.132544
9936,1.134592
9937,2.101248
9938,1.103872
9939,1.124352
9940,1.105920
9941,1.079296
9942,2.081792
9943,3.344384
9944,1.101824
9945,1.126400
9946,1.143808
9947,1.134592
9948,1.097728
9949,1.088512
9950,1.099776
9951,1.059840
9952,1.061888
9953,1.061888
9954,1.070080
9955,1.094656
9956,1.085440
9957,1.098752
9958,1.095680
9959,1.086464
9960,1.058816
9961,1.033216
9962,1.064960
9963,0.987136
9964,1.017856
9965,1.044480
9966,1.062912
9967,1.055744
9968,1.035264
9969,1.031168
9970,1.046528
9971,1.041408
9972,1.091584
9973,1.052672
9974,1.045504
9975,1.078272
9976,1.049600
9977,1.046528
9978,1.032192
9979,1.046528
9980,1.071104
9981,1.041408
9982,1.064960
9983,1.063936
9984,1.073152
9985,1.041408
9986,1.031168
9987,1.030144
9988,1.029120
9989,1.030144
9990,1.039360
9991,1.047552
9992,0.997376
9993,1.010688
9994,0.994304
9995,0.974848
9996,0.970752
9997,0.989184
9998,0.960512
9999,0.990208
