iter,ms
0,0.168960
1,0.179200
2,0.173056
3,0.164864
4,0.171008
5,0.167936
6,0.165888
7,0.161792
8,0.169984
9,0.172032
10,0.165888
11,0.163840
12,0.164864
13,0.175104
14,0.163840
15,0.162816
16,0.163840
17,0.174080
18,0.162816
19,0.163840
20,0.164864
21,0.167936
22,0.167936
23,0.164864
24,0.165888
25,0.166912
26,0.163840
27,0.171008
28,0.167936
29,0.169984
30,0.165888
31,0.165888
32,0.167936
33,0.169984
34,0.167936
35,0.162816
36,0.175104
37,0.165888
38,0.164864
39,0.166912
40,0.171008
41,0.164864
42,0.161792
43,0.161792
44,0.171008
45,0.168960
46,0.166912
47,0.168960
48,0.159744
49,0.167936
50,0.172032
51,0.168960
52,0.169984
53,0.162816
54,0.166912
55,0.166912
56,0.164864
57,0.168960
58,0.165888
59,0.166912
60,0.166912
61,0.165888
62,0.168960
63,0.173056
64,0.168960
65,0.166912
66,0.167936
67,0.171008
68,0.169984
69,0.166912
70,0.167936
71,0.169984
72,0.165888
73,0.167936
74,0.161792
75,0.166912
76,0.166912
77,0.168960
78,0.166912
79,0.161792
80,0.167936
81,0.164864
82,0.168960
83,0.162816
84,0.164864
85,0.163840
86,0.166912
87,0.173056
88,0.169984
89,0.173056
90,0.164864
91,0.166912
92,0.172032
93,0.168960
94,0.163840
95,0.169984
96,0.168960
97,0.176128
98,0.163840
99,0.163840
100,0.169984
101,0.169984
102,0.163840
103,0.165888
104,0.161792
105,0.172032
106,0.164864
107,0.177152
108,0.167936
109,0.175104
110,0.162816
111,0.165888
112,0.169984
113,0.167936
114,0.174080
115,0.163840
116,0.169984
117,0.167936
118,0.171008
119,0.171008
120,0.165888
121,0.167936
122,0.159744
123,0.164864
124,0.160768
125,0.164864
126,0.165888
127,0.173056
128,0.161792
129,0.169984
130,0.165888
131,0.168960
132,0.161792
133,0.167936
134,0.171008
135,0.162816
136,0.171008
137,0.169984
138,0.166912
139,0.164864
140,0.172032
141,0.165888
142,0.169984
143,0.168960
144,0.166912
145,0.165888
146,0.173056
147,0.167936
148,0.167936
149,0.166912
150,0.169984
151,0.172032
152,0.166912
153,0.168960
154,0.164864
155,0.166912
156,0.167936
157,0.169984
158,0.167936
159,0.168960
160,0.167936
161,0.167936
162,0.167936
163,0.164864
164,0.164864
165,0.160768
166,0.169984
167,0.167936
168,0.169984
169,0.172032
170,0.165888
171,0.165888
172,0.163840
173,0.171008
174,0.167936
175,0.164864
176,0.168960
177,0.162816
178,0.163840
179,0.167936
180,0.165888
181,0.172032
182,0.163840
183,0.164864
184,0.172032
185,0.169984
186,0.165888
187,0.165888
188,0.167936
189,0.168960
190,0.160768
191,0.162816
192,0.172032
193,0.166912
194,0.166912
195,0.169984
196,0.167936
197,0.168960
198,0.164864
199,0.169984
200,0.168960
201,0.166912
202,0.165888
203,0.167936
204,0.163840
205,0.164864
206,0.171008
207,0.172032
208,0.167936
209,0.167936
210,0.168960
211,0.168960
212,0.168960
213,0.166912
214,0.166912
215,0.173056
216,0.168960
217,0.174080
218,0.172032
219,0.171008
220,0.162816
221,0.172032
222,0.167936
223,0.168960
224,0.169984
225,0.168960
226,0.165888
227,0.168960
228,0.164864
229,0.163840
230,0.167936
231,0.165888
232,0.167936
233,0.165888
234,0.169984
235,0.172032
236,0.171008
237,0.177152
238,0.169984
239,0.168960
240,0.171008
241,0.166912
242,0.165888
243,0.171008
244,0.166912
245,0.165888
246,0.169984
247,0.171008
248,0.165888
249,0.171008
250,0.167936
251,0.168960
252,0.163840
253,0.168960
254,0.171008
255,0.167936
256,0.171008
257,0.173056
258,0.165888
259,0.169984
260,0.166912
261,0.174080
262,0.166912
263,0.173056
264,0.169984
265,0.167936
266,0.164864
267,0.177152
268,0.171008
269,0.165888
270,0.169984
271,0.166912
272,0.169984
273,0.168960
274,0.174080
275,0.173056
276,0.163840
277,0.164864
278,0.169984
279,0.166912
280,0.172032
281,0.169984
282,0.167936
283,0.351232
284,0.165888
285,0.169984
286,0.165888
287,0.164864
288,0.161792
289,0.174080
290,0.173056
291,0.165888
292,0.173056
293,0.166912
294,0.173056
295,0.165888
296,0.168960
297,0.163840
298,0.168960
299,0.335872
300,0.176128
301,0.169984
302,0.160768
303,0.167936
304,0.168960
305,0.169984
306,0.162816
307,0.165888
308,0.165888
309,0.163840
310,0.171008
311,0.165888
312,0.163840
313,0.168960
314,0.169984
315,0.162816
316,0.168960
317,0.166912
318,0.171008
319,0.163840
320,0.165888
321,0.163840
322,0.169984
323,0.161792
324,0.171008
325,0.165888
326,0.171008
327,0.173056
328,0.171008
329,0.171008
330,0.165888
331,0.171008
332,0.161792
333,0.167936
334,0.172032
335,0.168960
336,0.171008
337,0.166912
338,0.169984
339,0.171008
340,0.168960
341,0.168960
342,0.242688
343,0.169984
344,0.168960
345,0.175104
346,0.168960
347,0.168960
348,0.163840
349,0.171008
350,0.166912
351,0.168960
352,0.167936
353,0.274432
354,0.169984
355,0.164864
356,0.164864
357,0.173056
358,0.172032
359,0.173056
360,0.174080
361,0.161792
362,0.171008
363,0.168960
364,0.160768
365,0.172032
366,0.168960
367,0.165888
368,0.166912
369,0.165888
370,0.168960
371,0.167936
372,0.169984
373,0.161792
374,0.166912
375,0.165888
376,0.173056
377,0.171008
378,0.169984
379,0.169984
380,0.163840
381,0.163840
382,0.159744
383,0.164864
384,0.166912
385,0.167936
386,0.165888
387,0.169984
388,0.167936
389,0.166912
390,0.166912
391,0.164864
392,0.166912
393,0.168960
394,0.164864
395,0.162816
396,0.164864
397,0.167936
398,0.167936
399,0.167936
400,0.165888
401,0.163840
402,0.172032
403,0.171008
404,0.159744
405,0.162816
406,0.163840
407,0.167936
408,0.168960
409,0.167936
410,0.166912
411,0.175104
412,0.159744
413,0.165888
414,0.167936
415,0.173056
416,0.167936
417,0.160768
418,0.163840
419,0.169984
420,0.168960
421,0.165888
422,0.168960
423,0.166912
424,0.171008
425,0.173056
426,0.169984
427,0.165888
428,0.176128
429,0.167936
430,0.163840
431,0.167936
432,0.165888
433,0.165888
434,0.167936
435,0.164864
436,0.166912
437,0.162816
438,0.166912
439,0.163840
440,0.163840
441,0.165888
442,0.167936
443,0.161792
444,0.167936
445,0.161792
446,0.165888
447,0.169984
448,0.163840
449,0.164864
450,0.167936
451,0.179200
452,0.165888
453,0.164864
454,0.167936
455,0.172032
456,0.167936
457,0.169984
458,0.163840
459,0.166912
460,0.168960
461,0.165888
462,0.165888
463,0.161792
464,0.164864
465,0.162816
466,0.161792
467,0.163840
468,0.164864
469,0.163840
470,0.162816
471,0.169984
472,0.169984
473,0.165888
474,0.167936
475,0.166912
476,0.166912
477,0.171008
478,0.169984
479,0.168960
480,0.168960
481,0.166912
482,0.169984
483,0.163840
484,0.168960
485,0.173056
486,0.162816
487,0.167936
488,0.171008
489,0.165888
490,0.167936
491,0.165888
492,0.167936
493,0.180224
494,0.171008
495,0.174080
496,0.171008
497,0.166912
498,0.169984
499,0.165888
500,0.169984
501,0.165888
502,0.164864
503,0.172032
504,0.177152
505,0.174080
506,0.167936
507,0.168960
508,0.169984
509,0.171008
510,0.173056
511,0.164864
512,0.165888
513,0.175104
514,0.166912
515,0.165888
516,0.165888
517,0.168960
518,0.177152
519,0.168960
520,0.175104
521,0.168960
522,0.176128
523,0.174080
524,0.173056
525,0.169984
526,0.173056
527,0.166912
528,0.167936
529,0.168960
530,0.172032
531,0.164864
532,0.171008
533,0.174080
534,0.167936
535,0.177152
536,0.168960
537,0.168960
538,0.172032
539,0.172032
540,0.168960
541,0.164864
542,0.166912
543,0.171008
544,0.165888
545,0.166912
546,0.168960
547,0.167936
548,0.167936
549,0.173056
550,0.164864
551,0.169984
552,0.166912
553,0.169984
554,0.167936
555,0.171008
556,0.171008
557,0.165888
558,0.168960
559,0.169984
560,0.167936
561,0.179200
562,0.163840
563,0.173056
564,0.171008
565,0.173056
566,0.167936
567,0.169984
568,0.173056
569,0.166912
570,0.169984
571,0.173056
572,0.166912
573,0.175104
574,0.168960
575,0.165888
576,0.169984
577,0.167936
578,0.161792
579,0.167936
580,0.167936
581,0.166912
582,0.164864
583,0.169984
584,0.168960
585,0.166912
586,0.169984
587,0.167936
588,0.163840
589,0.171008
590,0.166912
591,0.173056
592,0.169984
593,0.174080
594,0.174080
595,0.164864
596,0.175104
597,0.167936
598,0.165888
599,0.166912
600,0.171008
601,0.165888
602,0.167936
603,0.165888
604,0.163840
605,0.160768
606,0.171008
607,0.165888
608,0.167936
609,0.166912
610,0.165888
611,0.168960
612,0.162816
613,0.160768
614,0.166912
615,0.167936
616,0.163840
617,0.165888
618,0.165888
619,0.173056
620,0.161792
621,0.167936
622,0.167936
623,0.164864
624,0.162816
625,0.168960
626,0.166912
627,0.175104
628,0.165888
629,0.166912
630,0.159744
631,0.164864
632,0.163840
633,0.166912
634,0.173056
635,0.169984
636,0.168960
637,0.169984
638,0.164864
639,0.166912
640,0.164864
641,0.165888
642,0.168960
643,0.165888
644,0.171008
645,0.167936
646,0.163840
647,0.171008
648,0.155648
649,0.163840
650,0.163840
651,0.157696
652,0.156672
653,0.161792
654,0.157696
655,0.162816
656,0.161792
657,0.159744
658,0.162816
659,0.157696
660,0.166912
661,0.164864
662,0.164864
663,0.162816
664,0.161792
665,0.163840
666,0.165888
667,0.164864
668,0.162816
669,0.159744
670,0.172032
671,0.158720
672,0.161792
673,0.160768
674,0.168960
675,0.163840
676,0.162816
677,0.168960
678,0.173056
679,0.172032
680,0.169984
681,0.171008
682,0.166912
683,0.167936
684,0.172032
685,0.166912
686,0.166912
687,0.172032
688,0.169984
689,0.169984
690,0.174080
691,0.171008
692,0.175104
693,0.171008
694,0.168960
695,0.162816
696,0.164864
697,0.160768
698,0.161792
699,0.163840
700,0.161792
701,0.173056
702,0.167936
703,0.172032
704,0.171008
705,0.166912
706,0.172032
707,0.167936
708,0.167936
709,0.166912
710,0.169984
711,0.165888
712,0.169984
713,0.166912
714,0.172032
715,0.171008
716,0.168960
717,0.166912
718,0.167936
719,0.168960
720,0.171008
721,0.163840
722,0.166912
723,0.168960
724,0.167936
725,0.174080
726,0.167936
727,0.169984
728,0.164864
729,0.169984
730,0.172032
731,0.163840
732,0.160768
733,0.161792
734,0.169984
735,0.165888
736,0.164864
737,0.167936
738,0.166912
739,0.167936
740,0.169984
741,0.168960
742,0.174080
743,0.164864
744,0.164864
745,0.174080
746,0.166912
747,0.163840
748,0.167936
749,0.169984
750,0.175104
751,0.176128
752,0.166912
753,0.168960
754,0.171008
755,0.172032
756,0.163840
757,0.172032
758,0.167936
759,0.169984
760,0.169984
761,0.163840
762,0.167936
763,0.165888
764,0.172032
765,0.165888
766,0.174080
767,0.167936
768,0.171008
769,0.174080
770,0.169984
771,0.164864
772,0.167936
773,0.168960
774,0.167936
775,0.169984
776,0.177152
777,0.159744
778,0.168960
779,0.165888
780,0.166912
781,0.167936
782,0.165888
783,0.164864
784,0.167936
785,0.164864
786,0.165888
787,0.172032
788,0.171008
789,0.162816
790,0.171008
791,0.172032
792,0.172032
793,0.164864
794,0.169984
795,0.177152
796,0.163840
797,0.168960
798,0.160768
799,0.169984
800,0.167936
801,0.161792
802,0.162816
803,0.169984
804,0.175104
805,0.165888
806,0.163840
807,0.165888
808,0.167936
809,0.168960
810,0.165888
811,0.174080
812,0.167936
813,0.169984
814,0.175104
815,0.169984
816,0.165888
817,0.176128
818,0.177152
819,0.173056
820,0.171008
821,0.172032
822,0.171008
823,0.169984
824,0.171008
825,0.168960
826,0.165888
827,0.166912
828,0.173056
829,0.169984
830,0.177152
831,0.169984
832,0.166912
833,0.168960
834,0.167936
835,0.169984
836,0.172032
837,0.169984
838,0.165888
839,0.164864
840,0.169984
841,0.165888
842,0.174080
843,0.171008
844,0.165888
845,0.162816
846,0.164864
847,0.165888
848,0.172032
849,0.161792
850,0.163840
851,0.169984
852,0.165888
853,0.163840
854,0.167936
855,0.159744
856,0.166912
857,0.167936
858,0.167936
859,0.172032
860,0.174080
861,0.161792
862,0.163840
863,0.168960
864,0.167936
865,0.165888
866,0.163840
867,0.164864
868,0.166912
869,0.171008
870,0.161792
871,0.164864
872,0.172032
873,0.172032
874,0.168960
875,0.173056
876,0.173056
877,0.167936
878,0.169984
879,0.173056
880,0.162816
881,0.174080
882,0.165888
883,0.171008
884,0.167936
885,0.171008
886,0.166912
887,0.168960
888,0.167936
889,0.163840
890,0.172032
891,0.162816
892,0.162816
893,0.164864
894,0.166912
895,0.166912
896,0.168960
897,0.172032
898,0.175104
899,0.169984
900,0.173056
901,0.174080
902,0.168960
903,0.172032
904,0.165888
905,0.160768
906,0.169984
907,0.165888
908,0.166912
909,0.290816
910,0.165888
911,0.165888
912,0.164864
913,0.171008
914,0.161792
915,0.166912
916,0.161792
917,0.166912
918,0.173056
919,0.179200
920,0.163840
921,0.167936
922,0.182272
923,0.172032
924,0.169984
925,0.161792
926,0.360448
927,0.167936
928,0.163840
929,0.168960
930,0.167936
931,0.166912
932,0.167936
933,0.167936
934,0.168960
935,0.171008
936,0.168960
937,0.167936
938,0.169984
939,0.171008
940,0.171008
941,0.164864
942,0.169984
943,0.164864
944,0.169984
945,0.167936
946,0.164864
947,0.169984
948,0.166912
949,0.169984
950,0.167936
951,0.166912
952,0.174080
953,0.160768
954,0.173056
955,0.165888
956,0.176128
957,0.168960
958,0.169984
959,0.171008
960,0.173056
961,0.164864
962,0.168960
963,0.171008
964,0.162816
965,0.173056
966,0.162816
967,0.168960
968,0.168960
969,0.177152
970,0.169984
971,0.165888
972,0.165888
973,0.171008
974,0.165888
975,0.168960
976,0.168960
977,0.169984
978,0.168960
979,0.162816
980,0.164864
981,0.164864
982,0.161792
983,0.167936
984,0.163840
985,0.174080
986,0.172032
987,0.176128
988,0.168960
989,0.171008
990,0.167936
991,0.171008
992,0.168960
993,0.176128
994,0.171008
995,0.162816
996,0.171008
997,0.164864
998,0.166912
999,0.168960
1000,0.163840
1001,0.166912
1002,0.173056
1003,0.171008
1004,0.174080
1005,0.164864
1006,0.169984
1007,0.165888
1008,0.165888
1009,0.169984
1010,0.165888
1011,0.172032
1012,0.166912
1013,0.162816
1014,0.165888
1015,0.166912
1016,0.164864
1017,0.169984
1018,0.169984
1019,0.167936
1020,0.169984
1021,0.163840
1022,0.168960
1023,0.168960
1024,0.164864
1025,0.163840
1026,0.168960
1027,0.165888
1028,0.173056
1029,0.166912
1030,0.174080
1031,0.173056
1032,0.169984
1033,0.177152
1034,0.173056
1035,0.169984
1036,0.172032
1037,0.164864
1038,0.171008
1039,0.167936
1040,0.175104
1041,0.172032
1042,0.169984
1043,0.176128
1044,0.173056
1045,0.169984
1046,0.163840
1047,0.168960
1048,0.165888
1049,0.167936
1050,0.165888
1051,0.167936
1052,0.173056
1053,0.172032
1054,0.164864
1055,0.175104
1056,0.163840
1057,0.167936
1058,0.166912
1059,0.172032
1060,0.162816
1061,0.168960
1062,0.169984
1063,0.161792
1064,0.167936
1065,0.163840
1066,0.166912
1067,0.162816
1068,0.166912
1069,0.168960
1070,0.174080
1071,0.171008
1072,0.167936
1073,0.167936
1074,0.165888
1075,0.169984
1076,0.165888
1077,0.165888
1078,0.167936
1079,0.168960
1080,0.162816
1081,0.165888
1082,0.173056
1083,0.165888
1084,0.168960
1085,0.169984
1086,0.166912
1087,0.167936
1088,0.165888
1089,0.165888
1090,0.166912
1091,0.164864
1092,0.168960
1093,0.168960
1094,0.166912
1095,0.167936
1096,0.165888
1097,0.168960
1098,0.165888
1099,0.167936
1100,0.171008
1101,0.167936
1102,0.160768
1103,0.169984
1104,0.166912
1105,0.169984
1106,0.168960
1107,0.163840
1108,0.168960
1109,0.161792
1110,0.165888
1111,0.167936
1112,0.166912
1113,0.167936
1114,0.164864
1115,0.165888
1116,0.171008
1117,0.165888
1118,0.168960
1119,0.172032
1120,0.166912
1121,0.163840
1122,0.167936
1123,0.173056
1124,0.166912
1125,0.164864
1126,0.165888
1127,0.162816
1128,0.167936
1129,0.167936
1130,0.175104
1131,0.162816
1132,0.171008
1133,0.166912
1134,0.163840
1135,0.167936
1136,0.174080
1137,0.171008
1138,0.169984
1139,0.165888
1140,0.164864
1141,0.166912
1142,0.173056
1143,0.165888
1144,0.162816
1145,0.168960
1146,0.157696
1147,0.169984
1148,0.167936
1149,0.164864
1150,0.157696
1151,0.172032
1152,0.160768
1153,0.165888
1154,0.166912
1155,0.169984
1156,0.168960
1157,0.171008
1158,0.165888
1159,0.168960
1160,0.169984
1161,0.169984
1162,0.166912
1163,0.166912
1164,0.168960
1165,0.164864
1166,0.168960
1167,0.173056
1168,0.167936
1169,0.175104
1170,0.172032
1171,0.173056
1172,0.174080
1173,0.169984
1174,0.169984
1175,0.168960
1176,0.171008
1177,0.177152
1178,0.163840
1179,0.169984
1180,0.167936
1181,0.174080
1182,0.165888
1183,0.168960
1184,0.171008
1185,0.178176
1186,0.167936
1187,0.164864
1188,0.168960
1189,0.164864
1190,0.165888
1191,0.169984
1192,0.163840
1193,0.171008
1194,0.165888
1195,0.167936
1196,0.167936
1197,0.166912
1198,0.165888
1199,0.167936
1200,0.164864
1201,0.166912
1202,0.168960
1203,0.164864
1204,0.163840
1205,0.166912
1206,0.163840
1207,0.158720
1208,0.168960
1209,0.162816
1210,0.166912
1211,0.166912
1212,0.165888
1213,0.172032
1214,0.169984
1215,0.174080
1216,0.163840
1217,0.165888
1218,0.173056
1219,0.165888
1220,0.163840
1221,0.167936
1222,0.167936
1223,0.171008
1224,0.167936
1225,0.169984
1226,0.165888
1227,0.167936
1228,0.171008
1229,0.168960
1230,0.167936
1231,0.165888
1232,0.165888
1233,0.166912
1234,0.171008
1235,0.166912
1236,0.167936
1237,0.167936
1238,0.173056
1239,0.160768
1240,0.171008
1241,0.165888
1242,0.167936
1243,0.167936
1244,0.164864
1245,0.167936
1246,0.166912
1247,0.169984
1248,0.168960
1249,0.168960
1250,0.165888
1251,0.171008
1252,0.174080
1253,0.163840
1254,0.173056
1255,0.172032
1256,0.164864
1257,0.162816
1258,0.168960
1259,0.171008
1260,0.165888
1261,0.166912
1262,0.174080
1263,0.177152
1264,0.171008
1265,0.167936
1266,0.163840
1267,0.169984
1268,0.166912
1269,0.168960
1270,0.173056
1271,0.173056
1272,0.181248
1273,0.177152
1274,0.173056
1275,0.174080
1276,0.174080
1277,0.167936
1278,0.172032
1279,0.174080
1280,0.166912
1281,0.176128
1282,0.173056
1283,0.167936
1284,0.169984
1285,0.174080
1286,0.179200
1287,0.165888
1288,0.169984
1289,0.168960
1290,0.176128
1291,0.167936
1292,0.176128
1293,0.164864
1294,0.178176
1295,0.172032
1296,0.179200
1297,0.166912
1298,0.173056
1299,0.174080
1300,0.176128
1301,0.178176
1302,0.164864
1303,0.166912
1304,0.165888
1305,0.162816
1306,0.162816
1307,0.168960
1308,0.174080
1309,0.181248
1310,0.172032
1311,0.178176
1312,0.166912
1313,0.169984
1314,0.174080
1315,0.169984
1316,0.163840
1317,0.174080
1318,0.182272
1319,0.178176
1320,0.171008
1321,0.171008
1322,0.167936
1323,0.173056
1324,0.171008
1325,0.172032
1326,0.174080
1327,0.169984
1328,0.173056
1329,0.163840
1330,0.164864
1331,0.168960
1332,0.171008
1333,0.166912
1334,0.166912
1335,0.169984
1336,0.168960
1337,0.176128
1338,0.172032
1339,0.162816
1340,0.167936
1341,0.163840
1342,0.164864
1343,0.162816
1344,0.168960
1345,0.175104
1346,0.171008
1347,0.164864
1348,0.168960
1349,0.174080
1350,0.165888
1351,0.174080
1352,0.164864
1353,0.163840
1354,0.168960
1355,0.168960
1356,0.171008
1357,0.168960
1358,0.168960
1359,0.166912
1360,0.167936
1361,0.173056
1362,0.165888
1363,0.169984
1364,0.167936
1365,0.167936
1366,0.167936
1367,0.166912
1368,0.161792
1369,0.165888
1370,0.160768
1371,0.171008
1372,0.164864
1373,0.168960
1374,0.164864
1375,0.162816
1376,0.166912
1377,0.168960
1378,0.173056
1379,0.162816
1380,0.172032
1381,0.174080
1382,0.171008
1383,0.175104
1384,0.166912
1385,0.167936
1386,0.163840
1387,0.173056
1388,0.166912
1389,0.162816
1390,0.174080
1391,0.165888
1392,0.165888
1393,0.162816
1394,0.167936
1395,0.167936
1396,0.167936
1397,0.171008
1398,0.169984
1399,0.165888
1400,0.166912
1401,0.167936
1402,0.168960
1403,0.168960
1404,0.165888
1405,0.165888
1406,0.171008
1407,0.166912
1408,0.166912
1409,0.161792
1410,0.172032
1411,0.171008
1412,0.166912
1413,0.169984
1414,0.162816
1415,0.174080
1416,0.165888
1417,0.171008
1418,0.166912
1419,0.162816
1420,0.165888
1421,0.166912
1422,0.168960
1423,0.162816
1424,0.167936
1425,0.166912
1426,0.169984
1427,0.168960
1428,0.165888
1429,0.167936
1430,0.169984
1431,0.172032
1432,0.168960
1433,0.164864
1434,0.160768
1435,0.166912
1436,0.166912
1437,0.166912
1438,0.160768
1439,0.171008
1440,0.169984
1441,0.166912
1442,0.167936
1443,0.166912
1444,0.169984
1445,0.163840
1446,0.169984
1447,0.172032
1448,0.165888
1449,0.166912
1450,0.166912
1451,0.165888
1452,0.163840
1453,0.174080
1454,0.166912
1455,0.167936
1456,0.169984
1457,0.166912
1458,0.179200
1459,0.167936
1460,0.169984
1461,0.165888
1462,0.163840
1463,0.172032
1464,0.177152
1465,0.166912
1466,0.168960
1467,0.165888
1468,0.166912
1469,0.164864
1470,0.162816
1471,0.168960
1472,0.168960
1473,0.168960
1474,0.166912
1475,0.163840
1476,0.168960
1477,0.331776
1478,0.177152
1479,0.177152
1480,0.168960
1481,0.173056
1482,0.167936
1483,0.167936
1484,0.169984
1485,0.163840
1486,0.165888
1487,0.165888
1488,0.166912
1489,0.172032
1490,0.162816
1491,0.173056
1492,0.171008
1493,0.163840
1494,0.166912
1495,0.164864
1496,0.172032
1497,0.165888
1498,0.171008
1499,0.165888
1500,0.172032
1501,0.167936
1502,0.166912
1503,0.173056
1504,0.177152
1505,0.161792
1506,0.171008
1507,0.165888
1508,0.169984
1509,0.162816
1510,0.166912
1511,0.171008
1512,0.172032
1513,0.164864
1514,0.164864
1515,0.165888
1516,0.167936
1517,0.167936
1518,0.172032
1519,0.171008
1520,0.162816
1521,0.168960
1522,0.169984
1523,0.165888
1524,0.163840
1525,0.164864
1526,0.164864
1527,0.165888
1528,0.175104
1529,0.169984
1530,0.162816
1531,0.169984
1532,0.323584
1533,0.168960
1534,0.178176
1535,0.167936
1536,0.169984
1537,0.288768
1538,0.181248
1539,0.173056
1540,0.160768
1541,0.181248
1542,0.169984
1543,0.166912
1544,0.168960
1545,0.167936
1546,0.171008
1547,0.163840
1548,0.168960
1549,0.166912
1550,0.175104
1551,0.172032
1552,0.166912
1553,0.168960
1554,0.164864
1555,0.164864
1556,0.171008
1557,0.174080
1558,0.169984
1559,0.164864
1560,0.169984
1561,0.171008
1562,0.168960
1563,0.167936
1564,0.169984
1565,0.178176
1566,0.171008
1567,0.172032
1568,0.164864
1569,0.169984
1570,0.164864
1571,0.165888
1572,0.165888
1573,0.161792
1574,0.171008
1575,0.167936
1576,0.164864
1577,0.169984
1578,0.169984
1579,0.162816
1580,0.163840
1581,0.164864
1582,0.169984
1583,0.164864
1584,0.164864
1585,0.164864
1586,0.173056
1587,0.167936
1588,0.166912
1589,0.164864
1590,0.164864
1591,0.165888
1592,0.166912
1593,0.164864
1594,0.174080
1595,0.169984
1596,0.171008
1597,0.162816
1598,0.164864
1599,0.164864
1600,0.169984
1601,0.166912
1602,0.166912
1603,0.164864
1604,0.165888
1605,0.165888
1606,0.169984
1607,0.166912
1608,0.161792
1609,0.172032
1610,0.167936
1611,0.164864
1612,0.172032
1613,0.165888
1614,0.169984
1615,0.163840
1616,0.162816
1617,0.164864
1618,0.168960
1619,0.166912
1620,0.164864
1621,0.171008
1622,0.162816
1623,0.163840
1624,0.161792
1625,0.166912
1626,0.171008
1627,0.163840
1628,0.172032
1629,0.158720
1630,0.167936
1631,0.169984
1632,0.165888
1633,0.168960
1634,0.168960
1635,0.168960
1636,0.173056
1637,0.158720
1638,0.166912
1639,0.172032
1640,0.162816
1641,0.168960
1642,0.176128
1643,0.168960
1644,0.181248
1645,0.167936
1646,0.167936
1647,0.162816
1648,0.165888
1649,0.169984
1650,0.169984
1651,0.168960
1652,0.161792
1653,0.166912
1654,0.173056
1655,0.171008
1656,0.168960
1657,0.171008
1658,0.165888
1659,0.163840
1660,0.166912
1661,0.176128
1662,0.168960
1663,0.164864
1664,0.166912
1665,0.166912
1666,0.165888
1667,0.168960
1668,0.171008
1669,0.166912
1670,0.166912
1671,0.168960
1672,0.169984
1673,0.166912
1674,0.168960
1675,0.171008
1676,0.164864
1677,0.168960
1678,0.168960
1679,0.167936
1680,0.164864
1681,0.166912
1682,0.165888
1683,0.160768
1684,0.160768
1685,0.163840
1686,0.166912
1687,0.168960
1688,0.173056
1689,0.166912
1690,0.168960
1691,0.175104
1692,0.166912
1693,0.168960
1694,0.166912
1695,0.172032
1696,0.161792
1697,0.163840
1698,0.167936
1699,0.167936
1700,0.164864
1701,0.166912
1702,0.174080
1703,0.164864
1704,0.169984
1705,0.165888
1706,0.174080
1707,0.172032
1708,0.172032
1709,0.167936
1710,0.169984
1711,0.173056
1712,0.166912
1713,0.167936
1714,0.171008
1715,0.163840
1716,0.169984
1717,0.173056
1718,0.164864
1719,0.161792
1720,0.167936
1721,0.164864
1722,0.165888
1723,0.166912
1724,0.169984
1725,0.163840
1726,0.165888
1727,0.167936
1728,0.165888
1729,0.168960
1730,0.160768
1731,0.165888
1732,0.158720
1733,0.175104
1734,0.175104
1735,0.164864
1736,0.168960
1737,0.168960
1738,0.161792
1739,0.167936
1740,0.165888
1741,0.165888
1742,0.164864
1743,0.165888
1744,0.172032
1745,0.159744
1746,0.168960
1747,0.165888
1748,0.165888
1749,0.171008
1750,0.163840
1751,0.169984
1752,0.162816
1753,0.164864
1754,0.173056
1755,0.173056
1756,0.166912
1757,0.171008
1758,0.163840
1759,0.164864
1760,0.164864
1761,0.164864
1762,0.166912
1763,0.158720
1764,0.158720
1765,0.159744
1766,0.167936
1767,0.157696
1768,0.161792
1769,0.160768
1770,0.168960
1771,0.169984
1772,0.161792
1773,0.175104
1774,0.163840
1775,0.172032
1776,0.172032
1777,0.168960
1778,0.166912
1779,0.166912
1780,0.168960
1781,0.168960
1782,0.166912
1783,0.169984
1784,0.172032
1785,0.168960
1786,0.163840
1787,0.173056
1788,0.164864
1789,0.162816
1790,0.166912
1791,0.164864
1792,0.166912
1793,0.164864
1794,0.168960
1795,0.171008
1796,0.174080
1797,0.165888
1798,0.162816
1799,0.164864
1800,0.163840
1801,0.168960
1802,0.166912
1803,0.159744
1804,0.164864
1805,0.171008
1806,0.166912
1807,0.171008
1808,0.172032
1809,0.167936
1810,0.173056
1811,0.168960
1812,0.167936
1813,0.167936
1814,0.168960
1815,0.168960
1816,0.169984
1817,0.169984
1818,0.172032
1819,0.172032
1820,0.167936
1821,0.162816
1822,0.163840
1823,0.164864
1824,0.166912
1825,0.168960
1826,0.165888
1827,0.166912
1828,0.169984
1829,0.166912
1830,0.167936
1831,0.166912
1832,0.169984
1833,0.156672
1834,0.166912
1835,0.164864
1836,0.166912
1837,0.164864
1838,0.161792
1839,0.163840
1840,0.166912
1841,0.172032
1842,0.163840
1843,0.169984
1844,0.172032
1845,0.161792
1846,0.168960
1847,0.164864
1848,0.163840
1849,0.173056
1850,0.165888
1851,0.164864
1852,0.166912
1853,0.173056
1854,0.169984
1855,0.162816
1856,0.164864
1857,0.165888
1858,0.169984
1859,0.169984
1860,0.164864
1861,0.166912
1862,0.166912
1863,0.167936
1864,0.166912
1865,0.169984
1866,0.176128
1867,0.161792
1868,0.168960
1869,0.159744
1870,0.171008
1871,0.166912
1872,0.164864
1873,0.164864
1874,0.179200
1875,0.164864
1876,0.172032
1877,0.163840
1878,0.162816
1879,0.161792
1880,0.165888
1881,0.167936
1882,0.169984
1883,0.165888
1884,0.167936
1885,0.169984
1886,0.169984
1887,0.168960
1888,0.162816
1889,0.167936
1890,0.163840
1891,0.171008
1892,0.168960
1893,0.174080
1894,0.162816
1895,0.167936
1896,0.164864
1897,0.168960
1898,0.167936
1899,0.163840
1900,0.166912
1901,0.166912
1902,0.171008
1903,0.166912
1904,0.167936
1905,0.168960
1906,0.164864
1907,0.158720
1908,0.173056
1909,0.166912
1910,0.166912
1911,0.175104
1912,0.165888
1913,0.173056
1914,0.168960
1915,0.175104
1916,0.165888
1917,0.162816
1918,0.171008
1919,0.160768
1920,0.162816
1921,0.172032
1922,0.167936
1923,0.165888
1924,0.167936
1925,0.165888
1926,0.169984
1927,0.164864
1928,0.162816
1929,0.165888
1930,0.167936
1931,0.172032
1932,0.163840
1933,0.172032
1934,0.165888
1935,0.174080
1936,0.163840
1937,0.166912
1938,0.163840
1939,0.165888
1940,0.165888
1941,0.176128
1942,0.168960
1943,0.165888
1944,0.172032
1945,0.173056
1946,0.166912
1947,0.164864
1948,0.173056
1949,0.160768
1950,0.166912
1951,0.166912
1952,0.163840
1953,0.167936
1954,0.164864
1955,0.165888
1956,0.171008
1957,0.172032
1958,0.166912
1959,0.168960
1960,0.165888
1961,0.162816
1962,0.174080
1963,0.175104
1964,0.168960
1965,0.169984
1966,0.159744
1967,0.172032
1968,0.171008
1969,0.165888
1970,0.168960
1971,0.166912
1972,0.168960
1973,0.161792
1974,0.167936
1975,0.169984
1976,0.166912
1977,0.169984
1978,0.169984
1979,0.171008
1980,0.169984
1981,0.169984
1982,0.167936
1983,0.166912
1984,0.167936
1985,0.164864
1986,0.169984
1987,0.165888
1988,0.165888
1989,0.171008
1990,0.166912
1991,0.166912
1992,0.173056
1993,0.169984
1994,0.164864
1995,0.164864
1996,0.167936
1997,0.171008
1998,0.165888
1999,0.171008
2000,0.175104
2001,0.171008
2002,0.169984
2003,0.171008
2004,0.163840
2005,0.172032
2006,0.161792
2007,0.167936
2008,0.167936
2009,0.160768
2010,0.173056
2011,0.160768
2012,0.166912
2013,0.169984
2014,0.166912
2015,0.163840
2016,0.168960
2017,0.173056
2018,0.165888
2019,0.167936
2020,0.167936
2021,0.168960
2022,0.169984
2023,0.162816
2024,0.167936
2025,0.172032
2026,0.172032
2027,0.164864
2028,0.165888
2029,0.160768
2030,0.165888
2031,0.167936
2032,0.164864
2033,0.165888
2034,0.162816
2035,0.163840
2036,0.164864
2037,0.167936
2038,0.165888
2039,0.162816
2040,0.166912
2041,0.165888
2042,0.171008
2043,0.171008
2044,0.162816
2045,0.171008
2046,0.165888
2047,0.166912
2048,0.166912
2049,0.177152
2050,0.164864
2051,0.168960
2052,0.166912
2053,0.173056
2054,0.169984
2055,0.169984
2056,0.169984
2057,0.174080
2058,0.164864
2059,0.167936
2060,0.166912
2061,0.169984
2062,0.163840
2063,0.171008
2064,0.164864
2065,0.159744
2066,0.176128
2067,0.176128
2068,0.165888
2069,0.168960
2070,0.164864
2071,0.167936
2072,0.175104
2073,0.167936
2074,0.169984
2075,0.159744
2076,0.165888
2077,0.177152
2078,0.165888
2079,0.173056
2080,0.169984
2081,0.169984
2082,0.172032
2083,0.165888
2084,0.169984
2085,0.171008
2086,0.175104
2087,0.166912
2088,0.164864
2089,0.174080
2090,0.171008
2091,0.168960
2092,0.161792
2093,0.164864
2094,0.333824
2095,0.164864
2096,0.166912
2097,0.164864
2098,0.167936
2099,0.161792
2100,0.164864
2101,0.169984
2102,0.164864
2103,0.171008
2104,0.174080
2105,0.161792
2106,0.167936
2107,0.165888
2108,0.174080
2109,0.169984
2110,0.165888
2111,0.168960
2112,0.172032
2113,0.165888
2114,0.167936
2115,0.166912
2116,0.168960
2117,0.168960
2118,0.169984
2119,0.168960
2120,0.174080
2121,0.167936
2122,0.169984
2123,0.160768
2124,0.166912
2125,0.167936
2126,0.167936
2127,0.164864
2128,0.165888
2129,0.172032
2130,0.172032
2131,0.166912
2132,0.162816
2133,0.162816
2134,0.164864
2135,0.169984
2136,0.164864
2137,0.168960
2138,0.165888
2139,0.168960
2140,0.162816
2141,0.163840
2142,0.161792
2143,0.167936
2144,0.171008
2145,0.165888
2146,0.168960
2147,0.164864
2148,0.173056
2149,0.167936
2150,0.159744
2151,0.181248
2152,0.164864
2153,0.164864
2154,0.169984
2155,0.165888
2156,0.172032
2157,0.166912
2158,0.175104
2159,0.178176
2160,0.165888
2161,0.171008
2162,0.163840
2163,0.168960
2164,0.164864
2165,0.168960
2166,0.167936
2167,0.165888
2168,0.165888
2169,0.172032
2170,0.168960
2171,0.177152
2172,0.167936
2173,0.163840
2174,0.171008
2175,0.165888
2176,0.168960
2177,0.173056
2178,0.171008
2179,0.163840
2180,0.166912
2181,0.168960
2182,0.166912
2183,0.171008
2184,0.165888
2185,0.172032
2186,0.168960
2187,0.166912
2188,0.163840
2189,0.171008
2190,0.168960
2191,0.168960
2192,0.169984
2193,0.176128
2194,0.169984
2195,0.166912
2196,0.166912
2197,0.165888
2198,0.164864
2199,0.166912
2200,0.169984
2201,0.161792
2202,0.166912
2203,0.171008
2204,0.166912
2205,0.175104
2206,0.173056
2207,0.171008
2208,0.164864
2209,0.166912
2210,0.162816
2211,0.172032
2212,0.168960
2213,0.166912
2214,0.163840
2215,0.164864
2216,0.166912
2217,0.168960
2218,0.169984
2219,0.168960
2220,0.164864
2221,0.165888
2222,0.165888
2223,0.159744
2224,0.171008
2225,0.171008
2226,0.168960
2227,0.168960
2228,0.167936
2229,0.166912
2230,0.162816
2231,0.162816
2232,0.164864
2233,0.163840
2234,0.169984
2235,0.166912
2236,0.164864
2237,0.168960
2238,0.164864
2239,0.163840
2240,0.163840
2241,0.166912
2242,0.163840
2243,0.171008
2244,0.179200
2245,0.171008
2246,0.166912
2247,0.172032
2248,0.172032
2249,0.173056
2250,0.164864
2251,0.167936
2252,0.165888
2253,0.163840
2254,0.169984
2255,0.165888
2256,0.168960
2257,0.165888
2258,0.164864
2259,0.166912
2260,0.173056
2261,0.169984
2262,0.166912
2263,0.172032
2264,0.172032
2265,0.169984
2266,0.156672
2267,0.171008
2268,0.166912
2269,0.169984
2270,0.171008
2271,0.165888
2272,0.164864
2273,0.165888
2274,0.168960
2275,0.164864
2276,0.165888
2277,0.166912
2278,0.167936
2279,0.163840
2280,0.167936
2281,0.159744
2282,0.163840
2283,0.165888
2284,0.174080
2285,0.163840
2286,0.164864
2287,0.168960
2288,0.164864
2289,0.299008
2290,0.162816
2291,0.166912
2292,0.165888
2293,0.166912
2294,0.164864
2295,0.165888
2296,0.171008
2297,0.171008
2298,0.172032
2299,0.167936
2300,0.165888
2301,0.165888
2302,0.165888
2303,0.169984
2304,0.172032
2305,0.167936
2306,0.173056
2307,0.164864
2308,0.164864
2309,0.166912
2310,0.168960
2311,0.165888
2312,0.165888
2313,0.168960
2314,0.168960
2315,0.161792
2316,0.173056
2317,0.169984
2318,0.167936
2319,0.169984
2320,0.165888
2321,0.167936
2322,0.167936
2323,0.172032
2324,0.168960
2325,0.165888
2326,0.164864
2327,0.162816
2328,0.164864
2329,0.159744
2330,0.162816
2331,0.165888
2332,0.173056
2333,0.167936
2334,0.163840
2335,0.162816
2336,0.165888
2337,0.166912
2338,0.164864
2339,0.163840
2340,0.167936
2341,0.166912
2342,0.167936
2343,0.169984
2344,0.176128
2345,0.169984
2346,0.164864
2347,0.165888
2348,0.173056
2349,0.164864
2350,0.171008
2351,0.168960
2352,0.167936
2353,0.169984
2354,0.165888
2355,0.168960
2356,0.167936
2357,0.164864
2358,0.171008
2359,0.161792
2360,0.165888
2361,0.176128
2362,0.171008
2363,0.169984
2364,0.171008
2365,0.169984
2366,0.160768
2367,0.172032
2368,0.172032
2369,0.172032
2370,0.165888
2371,0.165888
2372,0.174080
2373,0.174080
2374,0.168960
2375,0.163840
2376,0.168960
2377,0.171008
2378,0.171008
2379,0.164864
2380,0.171008
2381,0.169984
2382,0.169984
2383,0.166912
2384,0.169984
2385,0.166912
2386,0.164864
2387,0.166912
2388,0.161792
2389,0.171008
2390,0.171008
2391,0.171008
2392,0.165888
2393,0.166912
2394,0.167936
2395,0.172032
2396,0.164864
2397,0.167936
2398,0.164864
2399,0.165888
2400,0.171008
2401,0.165888
2402,0.166912
2403,0.166912
2404,0.171008
2405,0.161792
2406,0.168960
2407,0.162816
2408,0.169984
2409,0.166912
2410,0.160768
2411,0.169984
2412,0.166912
2413,0.165888
2414,0.176128
2415,0.168960
2416,0.164864
2417,0.173056
2418,0.168960
2419,0.165888
2420,0.166912
2421,0.174080
2422,0.166912
2423,0.161792
2424,0.171008
2425,0.168960
2426,0.164864
2427,0.164864
2428,0.167936
2429,0.164864
2430,0.164864
2431,0.175104
2432,0.166912
2433,0.164864
2434,0.168960
2435,0.162816
2436,0.161792
2437,0.168960
2438,0.166912
2439,0.168960
2440,0.164864
2441,0.176128
2442,0.175104
2443,0.168960
2444,0.162816
2445,0.172032
2446,0.168960
2447,0.164864
2448,0.167936
2449,0.164864
2450,0.165888
2451,0.163840
2452,0.161792
2453,0.168960
2454,0.164864
2455,0.166912
2456,0.167936
2457,0.168960
2458,0.162816
2459,0.164864
2460,0.169984
2461,0.160768
2462,0.165888
2463,0.163840
2464,0.168960
2465,0.169984
2466,0.169984
2467,0.164864
2468,0.172032
2469,0.164864
2470,0.164864
2471,0.168960
2472,0.160768
2473,0.165888
2474,0.173056
2475,0.165888
2476,0.165888
2477,0.158720
2478,0.166912
2479,0.167936
2480,0.168960
2481,0.174080
2482,0.168960
2483,0.167936
2484,0.171008
2485,0.162816
2486,0.168960
2487,0.171008
2488,0.176128
2489,0.172032
2490,0.168960
2491,0.163840
2492,0.167936
2493,0.164864
2494,0.173056
2495,0.166912
2496,0.165888
2497,0.166912
2498,0.168960
2499,0.166912
2500,0.171008
2501,0.174080
2502,0.167936
2503,0.167936
2504,0.169984
2505,0.166912
2506,0.168960
2507,0.165888
2508,0.174080
2509,0.171008
2510,0.172032
2511,0.172032
2512,0.176128
2513,0.171008
2514,0.168960
2515,0.168960
2516,0.168960
2517,0.171008
2518,0.174080
2519,0.167936
2520,0.165888
2521,0.168960
2522,0.169984
2523,0.166912
2524,0.165888
2525,0.171008
2526,0.168960
2527,0.172032
2528,0.165888
2529,0.168960
2530,0.166912
2531,0.165888
2532,0.165888
2533,0.173056
2534,0.172032
2535,0.168960
2536,0.168960
2537,0.171008
2538,0.171008
2539,0.168960
2540,0.172032
2541,0.165888
2542,0.166912
2543,0.163840
2544,0.171008
2545,0.164864
2546,0.165888
2547,0.165888
2548,0.167936
2549,0.166912
2550,0.163840
2551,0.165888
2552,0.168960
2553,0.163840
2554,0.172032
2555,0.172032
2556,0.167936
2557,0.165888
2558,0.167936
2559,0.163840
2560,0.162816
2561,0.176128
2562,0.172032
2563,0.163840
2564,0.164864
2565,0.161792
2566,0.165888
2567,0.169984
2568,0.164864
2569,0.164864
2570,0.165888
2571,0.163840
2572,0.167936
2573,0.166912
2574,0.175104
2575,0.176128
2576,0.169984
2577,0.167936
2578,0.168960
2579,0.172032
2580,0.173056
2581,0.168960
2582,0.165888
2583,0.171008
2584,0.167936
2585,0.171008
2586,0.165888
2587,0.163840
2588,0.171008
2589,0.164864
2590,0.171008
2591,0.165888
2592,0.163840
2593,0.166912
2594,0.164864
2595,0.169984
2596,0.167936
2597,0.166912
2598,0.173056
2599,0.167936
2600,0.165888
2601,0.163840
2602,0.168960
2603,0.177152
2604,0.171008
2605,0.168960
2606,0.169984
2607,0.165888
2608,0.166912
2609,0.167936
2610,0.164864
2611,0.165888
2612,0.168960
2613,0.173056
2614,0.166912
2615,0.162816
2616,0.165888
2617,0.166912
2618,0.165888
2619,0.171008
2620,0.163840
2621,0.164864
2622,0.172032
2623,0.165888
2624,0.162816
2625,0.167936
2626,0.173056
2627,0.167936
2628,0.166912
2629,0.168960
2630,0.164864
2631,0.164864
2632,0.175104
2633,0.164864
2634,0.169984
2635,0.163840
2636,0.175104
2637,0.168960
2638,0.164864
2639,0.167936
2640,0.159744
2641,0.167936
2642,0.171008
2643,0.174080
2644,0.169984
2645,0.167936
2646,0.163840
2647,0.166912
2648,0.168960
2649,0.168960
2650,0.165888
2651,0.168960
2652,0.172032
2653,0.171008
2654,0.168960
2655,0.164864
2656,0.175104
2657,0.165888
2658,0.174080
2659,0.167936
2660,0.166912
2661,0.164864
2662,0.163840
2663,0.171008
2664,0.162816
2665,0.169984
2666,0.164864
2667,0.173056
2668,0.165888
2669,0.168960
2670,0.174080
2671,0.166912
2672,0.162816
2673,0.168960
2674,0.173056
2675,0.171008
2676,0.167936
2677,0.169984
2678,0.167936
2679,0.168960
2680,0.171008
2681,0.162816
2682,0.169984
2683,0.168960
2684,0.171008
2685,0.172032
2686,0.169984
2687,0.169984
2688,0.168960
2689,0.167936
2690,0.163840
2691,0.165888
2692,0.168960
2693,0.164864
2694,0.171008
2695,0.168960
2696,0.165888
2697,0.171008
2698,0.164864
2699,0.162816
2700,0.166912
2701,0.168960
2702,0.167936
2703,0.171008
2704,0.163840
2705,0.167936
2706,0.175104
2707,0.162816
2708,0.167936
2709,0.165888
2710,0.172032
2711,0.167936
2712,0.164864
2713,0.163840
2714,0.179200
2715,0.159744
2716,0.166912
2717,0.175104
2718,0.166912
2719,0.163840
2720,0.164864
2721,0.160768
2722,0.163840
2723,0.164864
2724,0.171008
2725,0.165888
2726,0.162816
2727,0.166912
2728,0.164864
2729,0.169984
2730,0.165888
2731,0.162816
2732,0.160768
2733,0.164864
2734,0.165888
2735,0.161792
2736,0.161792
2737,0.165888
2738,0.162816
2739,0.163840
2740,0.165888
2741,0.161792
2742,0.167936
2743,0.167936
2744,0.169984
2745,0.160768
2746,0.167936
2747,0.162816
2748,0.164864
2749,0.164864
2750,0.165888
2751,0.176128
2752,0.164864
2753,0.171008
2754,0.163840
2755,0.166912
2756,0.161792
2757,0.160768
2758,0.157696
2759,0.168960
2760,0.164864
2761,0.167936
2762,0.172032
2763,0.172032
2764,0.159744
2765,0.168960
2766,0.171008
2767,0.168960
2768,0.166912
2769,0.163840
2770,0.166912
2771,0.169984
2772,0.164864
2773,0.163840
2774,0.163840
2775,0.162816
2776,0.161792
2777,0.171008
2778,0.163840
2779,0.171008
2780,0.163840
2781,0.330752
2782,0.180224
2783,0.175104
2784,0.167936
2785,0.161792
2786,0.164864
2787,0.167936
2788,0.167936
2789,0.161792
2790,0.165888
2791,0.175104
2792,0.163840
2793,0.167936
2794,0.166912
2795,0.168960
2796,0.159744
2797,0.161792
2798,0.165888
2799,0.171008
2800,0.163840
2801,0.163840
2802,0.167936
2803,0.166912
2804,0.174080
2805,0.169984
2806,0.161792
2807,0.159744
2808,0.158720
2809,0.176128
2810,0.161792
2811,0.168960
2812,0.293888
2813,0.175104
2814,0.171008
2815,0.171008
2816,0.172032
2817,0.160768
2818,0.180224
2819,0.162816
2820,0.166912
2821,0.179200
2822,0.171008
2823,0.161792
2824,0.167936
2825,0.172032
2826,0.166912
2827,0.168960
2828,0.166912
2829,0.162816
2830,0.171008
2831,0.160768
2832,0.168960
2833,0.165888
2834,0.168960
2835,0.165888
2836,0.174080
2837,0.163840
2838,0.166912
2839,0.164864
2840,0.168960
2841,0.168960
2842,0.171008
2843,0.164864
2844,0.171008
2845,0.164864
2846,0.164864
2847,0.171008
2848,0.173056
2849,0.166912
2850,0.166912
2851,0.172032
2852,0.166912
2853,0.165888
2854,0.169984
2855,0.163840
2856,0.171008
2857,0.166912
2858,0.166912
2859,0.167936
2860,0.171008
2861,0.163840
2862,0.236544
2863,0.169984
2864,0.172032
2865,0.158720
2866,0.169984
2867,0.177152
2868,0.165888
2869,0.173056
2870,0.167936
2871,0.166912
2872,0.169984
2873,0.166912
2874,0.166912
2875,0.169984
2876,0.169984
2877,0.163840
2878,0.161792
2879,0.167936
2880,0.164864
2881,0.166912
2882,0.162816
2883,0.167936
2884,0.165888
2885,0.164864
2886,0.167936
2887,0.166912
2888,0.163840
2889,0.168960
2890,0.164864
2891,0.163840
2892,0.164864
2893,0.175104
2894,0.168960
2895,0.169984
2896,0.165888
2897,0.167936
2898,0.166912
2899,0.163840
2900,0.164864
2901,0.171008
2902,0.161792
2903,0.166912
2904,0.173056
2905,0.169984
2906,0.171008
2907,0.166912
2908,0.177152
2909,0.163840
2910,0.168960
2911,0.168960
2912,0.161792
2913,0.168960
2914,0.168960
2915,0.167936
2916,0.171008
2917,0.164864
2918,0.169984
2919,0.169984
2920,0.166912
2921,0.165888
2922,0.169984
2923,0.167936
2924,0.173056
2925,0.159744
2926,0.164864
2927,0.166912
2928,0.161792
2929,0.166912
2930,0.168960
2931,0.167936
2932,0.162816
2933,0.165888
2934,0.172032
2935,0.160768
2936,0.169984
2937,0.173056
2938,0.165888
2939,0.168960
2940,0.164864
2941,0.165888
2942,0.171008
2943,0.167936
2944,0.172032
2945,0.166912
2946,0.162816
2947,0.164864
2948,0.169984
2949,0.167936
2950,0.173056
2951,0.168960
2952,0.175104
2953,0.164864
2954,0.167936
2955,0.171008
2956,0.166912
2957,0.168960
2958,0.168960
2959,0.168960
2960,0.168960
2961,0.162816
2962,0.176128
2963,0.171008
2964,0.166912
2965,0.173056
2966,0.171008
2967,0.169984
2968,0.166912
2969,0.168960
2970,0.173056
2971,0.165888
2972,0.166912
2973,0.169984
2974,0.163840
2975,0.162816
2976,0.163840
2977,0.162816
2978,0.164864
2979,0.172032
2980,0.162816
2981,0.167936
2982,0.171008
2983,0.175104
2984,0.166912
2985,0.168960
2986,0.163840
2987,0.166912
2988,0.173056
2989,0.262144
2990,0.174080
2991,0.162816
2992,0.185344
2993,0.176128
2994,0.358400
2995,0.176128
2996,0.169984
2997,0.174080
2998,0.172032
2999,0.168960
3000,0.165888
3001,0.168960
3002,0.178176
3003,0.167936
3004,0.165888
3005,0.173056
3006,0.169984
3007,0.171008
3008,0.165888
3009,0.172032
3010,0.164864
3011,0.169984
3012,0.162816
3013,0.171008
3014,0.169984
3015,0.172032
3016,0.171008
3017,0.164864
3018,0.167936
3019,0.167936
3020,0.164864
3021,0.165888
3022,0.167936
3023,0.171008
3024,0.167936
3025,0.169984
3026,0.173056
3027,0.160768
3028,0.171008
3029,0.165888
3030,0.165888
3031,0.171008
3032,0.164864
3033,0.175104
3034,0.167936
3035,0.165888
3036,0.171008
3037,0.173056
3038,0.160768
3039,0.168960
3040,0.175104
3041,0.169984
3042,0.172032
3043,0.168960
3044,0.168960
3045,0.164864
3046,0.166912
3047,0.174080
3048,0.174080
3049,0.167936
3050,0.172032
3051,0.173056
3052,0.166912
3053,0.171008
3054,0.172032
3055,0.172032
3056,0.173056
3057,0.162816
3058,0.163840
3059,0.176128
3060,0.162816
3061,0.168960
3062,0.174080
3063,0.167936
3064,0.166912
3065,0.165888
3066,0.173056
3067,0.165888
3068,0.169984
3069,0.172032
3070,0.162816
3071,0.167936
3072,0.158720
3073,0.168960
3074,0.168960
3075,0.173056
3076,0.163840
3077,0.167936
3078,0.166912
3079,0.165888
3080,0.164864
3081,0.168960
3082,0.164864
3083,0.173056
3084,0.158720
3085,0.167936
3086,0.162816
3087,0.165888
3088,0.172032
3089,0.168960
3090,0.162816
3091,0.169984
3092,0.168960
3093,0.166912
3094,0.169984
3095,0.161792
3096,0.171008
3097,0.164864
3098,0.171008
3099,0.163840
3100,0.166912
3101,0.162816
3102,0.168960
3103,0.167936
3104,0.175104
3105,0.167936
3106,0.164864
3107,0.167936
3108,0.168960
3109,0.164864
3110,0.167936
3111,0.171008
3112,0.161792
3113,0.169984
3114,0.166912
3115,0.165888
3116,0.168960
3117,0.168960
3118,0.165888
3119,0.168960
3120,0.173056
3121,0.172032
3122,0.163840
3123,0.164864
3124,0.169984
3125,0.166912
3126,0.165888
3127,0.162816
3128,0.175104
3129,0.165888
3130,0.172032
3131,0.167936
3132,0.172032
3133,0.172032
3134,0.169984
3135,0.179200
3136,0.167936
3137,0.165888
3138,0.172032
3139,0.165888
3140,0.173056
3141,0.179200
3142,0.173056
3143,0.168960
3144,0.167936
3145,0.164864
3146,0.172032
3147,0.174080
3148,0.165888
3149,0.167936
3150,0.167936
3151,0.169984
3152,0.167936
3153,0.174080
3154,0.172032
3155,0.166912
3156,0.164864
3157,0.161792
3158,0.168960
3159,0.165888
3160,0.171008
3161,0.174080
3162,0.167936
3163,0.172032
3164,0.166912
3165,0.163840
3166,0.175104
3167,0.167936
3168,0.166912
3169,0.173056
3170,0.176128
3171,0.165888
3172,0.175104
3173,0.167936
3174,0.166912
3175,0.171008
3176,0.168960
3177,0.173056
3178,0.171008
3179,0.172032
3180,0.174080
3181,0.166912
3182,0.174080
3183,0.164864
3184,0.166912
3185,0.169984
3186,0.168960
3187,0.169984
3188,0.167936
3189,0.164864
3190,0.162816
3191,0.164864
3192,0.166912
3193,0.168960
3194,0.163840
3195,0.165888
3196,0.171008
3197,0.164864
3198,0.167936
3199,0.169984
3200,0.163840
3201,0.161792
3202,0.169984
3203,0.164864
3204,0.164864
3205,0.167936
3206,0.168960
3207,0.165888
3208,0.168960
3209,0.168960
3210,0.165888
3211,0.167936
3212,0.166912
3213,0.169984
3214,0.163840
3215,0.171008
3216,0.168960
3217,0.165888
3218,0.173056
3219,0.165888
3220,0.166912
3221,0.168960
3222,0.167936
3223,0.172032
3224,0.163840
3225,0.165888
3226,0.166912
3227,0.165888
3228,0.164864
3229,0.171008
3230,0.172032
3231,0.173056
3232,0.161792
3233,0.164864
3234,0.163840
3235,0.164864
3236,0.165888
3237,0.167936
3238,0.164864
3239,0.164864
3240,0.172032
3241,0.168960
3242,0.165888
3243,0.167936
3244,0.177152
3245,0.173056
3246,0.166912
3247,0.165888
3248,0.168960
3249,0.172032
3250,0.165888
3251,0.159744
3252,0.167936
3253,0.165888
3254,0.163840
3255,0.168960
3256,0.166912
3257,0.175104
3258,0.168960
3259,0.164864
3260,0.167936
3261,0.173056
3262,0.167936
3263,0.167936
3264,0.168960
3265,0.169984
3266,0.165888
3267,0.174080
3268,0.168960
3269,0.166912
3270,0.166912
3271,0.173056
3272,0.167936
3273,0.166912
3274,0.169984
3275,0.173056
3276,0.166912
3277,0.167936
3278,0.173056
3279,0.166912
3280,0.165888
3281,0.174080
3282,0.167936
3283,0.163840
3284,0.168960
3285,0.177152
3286,0.174080
3287,0.163840
3288,0.165888
3289,0.162816
3290,0.166912
3291,0.167936
3292,0.168960
3293,0.168960
3294,0.171008
3295,0.178176
3296,0.163840
3297,0.174080
3298,0.172032
3299,0.172032
3300,0.169984
3301,0.164864
3302,0.166912
3303,0.167936
3304,0.163840
3305,0.162816
3306,0.168960
3307,0.163840
3308,0.168960
3309,0.172032
3310,0.172032
3311,0.168960
3312,0.160768
3313,0.180224
3314,0.173056
3315,0.169984
3316,0.173056
3317,0.162816
3318,0.162816
3319,0.161792
3320,0.154624
3321,0.169984
3322,0.163840
3323,0.168960
3324,0.165888
3325,0.162816
3326,0.167936
3327,0.168960
3328,0.167936
3329,0.164864
3330,0.177152
3331,0.171008
3332,0.167936
3333,0.169984
3334,0.167936
3335,0.168960
3336,0.175104
3337,0.168960
3338,0.166912
3339,0.162816
3340,0.168960
3341,0.164864
3342,0.169984
3343,0.171008
3344,0.161792
3345,0.165888
3346,0.165888
3347,0.176128
3348,0.162816
3349,0.179200
3350,0.164864
3351,0.163840
3352,0.165888
3353,0.168960
3354,0.169984
3355,0.167936
3356,0.162816
3357,0.166912
3358,0.163840
3359,0.169984
3360,0.172032
3361,0.171008
3362,0.163840
3363,0.166912
3364,0.169984
3365,0.164864
3366,0.167936
3367,0.171008
3368,0.166912
3369,0.167936
3370,0.160768
3371,0.168960
3372,0.172032
3373,0.166912
3374,0.165888
3375,0.174080
3376,0.172032
3377,0.168960
3378,0.163840
3379,0.167936
3380,0.167936
3381,0.176128
3382,0.168960
3383,0.166912
3384,0.171008
3385,0.161792
3386,0.167936
3387,0.167936
3388,0.167936
3389,0.169984
3390,0.171008
3391,0.161792
3392,0.168960
3393,0.166912
3394,0.172032
3395,0.168960
3396,0.167936
3397,0.163840
3398,0.169984
3399,0.163840
3400,0.164864
3401,0.168960
3402,0.168960
3403,0.163840
3404,0.171008
3405,0.168960
3406,0.180224
3407,0.169984
3408,0.173056
3409,0.171008
3410,0.164864
3411,0.167936
3412,0.167936
3413,0.168960
3414,0.164864
3415,0.168960
3416,0.169984
3417,0.169984
3418,0.169984
3419,0.169984
3420,0.172032
3421,0.173056
3422,0.167936
3423,0.177152
3424,0.174080
3425,0.172032
3426,0.167936
3427,0.172032
3428,0.171008
3429,0.169984
3430,0.167936
3431,0.167936
3432,0.163840
3433,0.165888
3434,0.166912
3435,0.175104
3436,0.164864
3437,0.168960
3438,0.162816
3439,0.172032
3440,0.163840
3441,0.165888
3442,0.159744
3443,0.161792
3444,0.169984
3445,0.168960
3446,0.165888
3447,0.171008
3448,0.174080
3449,0.171008
3450,0.174080
3451,0.165888
3452,0.165888
3453,0.166912
3454,0.167936
3455,0.165888
3456,0.165888
3457,0.163840
3458,0.165888
3459,0.165888
3460,0.163840
3461,0.166912
3462,0.161792
3463,0.167936
3464,0.162816
3465,0.165888
3466,0.169984
3467,0.166912
3468,0.164864
3469,0.166912
3470,0.171008
3471,0.167936
3472,0.171008
3473,0.175104
3474,0.169984
3475,0.164864
3476,0.169984
3477,0.167936
3478,0.168960
3479,0.163840
3480,0.169984
3481,0.169984
3482,0.166912
3483,0.162816
3484,0.169984
3485,0.167936
3486,0.166912
3487,0.168960
3488,0.168960
3489,0.166912
3490,0.168960
3491,0.172032
3492,0.161792
3493,0.168960
3494,0.176128
3495,0.173056
3496,0.167936
3497,0.172032
3498,0.169984
3499,0.166912
3500,0.172032
3501,0.165888
3502,0.164864
3503,0.164864
3504,0.165888
3505,0.166912
3506,0.168960
3507,0.165888
3508,0.164864
3509,0.173056
3510,0.168960
3511,0.168960
3512,0.164864
3513,0.162816
3514,0.166912
3515,0.168960
3516,0.166912
3517,0.168960
3518,0.167936
3519,0.166912
3520,0.164864
3521,0.171008
3522,0.173056
3523,0.176128
3524,0.167936
3525,0.171008
3526,0.165888
3527,0.162816
3528,0.168960
3529,0.164864
3530,0.165888
3531,0.169984
3532,0.165888
3533,0.167936
3534,0.168960
3535,0.167936
3536,0.165888
3537,0.175104
3538,0.164864
3539,0.163840
3540,0.168960
3541,0.164864
3542,0.168960
3543,0.167936
3544,0.171008
3545,0.174080
3546,0.169984
3547,0.172032
3548,0.323584
3549,0.165888
3550,0.166912
3551,0.182272
3552,0.167936
3553,0.167936
3554,0.173056
3555,0.169984
3556,0.163840
3557,0.171008
3558,0.168960
3559,0.173056
3560,0.169984
3561,0.166912
3562,0.163840
3563,0.175104
3564,0.166912
3565,0.163840
3566,0.169984
3567,0.164864
3568,0.165888
3569,0.168960
3570,0.168960
3571,0.168960
3572,0.167936
3573,0.171008
3574,0.164864
3575,0.166912
3576,0.169984
3577,0.169984
3578,0.166912
3579,0.165888
3580,0.166912
3581,0.171008
3582,0.166912
3583,0.163840
3584,0.164864
3585,0.169984
3586,0.168960
3587,0.167936
3588,0.164864
3589,0.163840
3590,0.163840
3591,0.169984
3592,0.166912
3593,0.166912
3594,0.173056
3595,0.164864
3596,0.163840
3597,0.167936
3598,0.164864
3599,0.167936
3600,0.171008
3601,0.173056
3602,0.169984
3603,0.168960
3604,0.166912
3605,0.172032
3606,0.164864
3607,0.165888
3608,0.169984
3609,0.169984
3610,0.165888
3611,0.166912
3612,0.162816
3613,0.169984
3614,0.169984
3615,0.163840
3616,0.161792
3617,0.161792
3618,0.171008
3619,0.171008
3620,0.166912
3621,0.164864
3622,0.171008
3623,0.167936
3624,0.171008
3625,0.172032
3626,0.162816
3627,0.167936
3628,0.166912
3629,0.164864
3630,0.167936
3631,0.175104
3632,0.168960
3633,0.163840
3634,0.171008
3635,0.164864
3636,0.168960
3637,0.173056
3638,0.168960
3639,0.166912
3640,0.164864
3641,0.176128
3642,0.169984
3643,0.167936
3644,0.172032
3645,0.166912
3646,0.171008
3647,0.169984
3648,0.172032
3649,0.165888
3650,0.167936
3651,0.167936
3652,0.164864
3653,0.167936
3654,0.172032
3655,0.174080
3656,0.162816
3657,0.164864
3658,0.168960
3659,0.162816
3660,0.171008
3661,0.168960
3662,0.173056
3663,0.164864
3664,0.168960
3665,0.165888
3666,0.166912
3667,0.160768
3668,0.163840
3669,0.167936
3670,0.169984
3671,0.164864
3672,0.173056
3673,0.166912
3674,0.163840
3675,0.174080
3676,0.168960
3677,0.168960
3678,0.162816
3679,0.166912
3680,0.169984
3681,0.159744
3682,0.171008
3683,0.162816
3684,0.172032
3685,0.174080
3686,0.179200
3687,0.166912
3688,0.161792
3689,0.164864
3690,0.169984
3691,0.167936
3692,0.164864
3693,0.168960
3694,0.166912
3695,0.172032
3696,0.166912
3697,0.164864
3698,0.176128
3699,0.165888
3700,0.165888
3701,0.172032
3702,0.166912
3703,0.176128
3704,0.167936
3705,0.167936
3706,0.167936
3707,0.166912
3708,0.164864
3709,0.164864
3710,0.168960
3711,0.167936
3712,0.164864
3713,0.167936
3714,0.172032
3715,0.165888
3716,0.166912
3717,0.164864
3718,0.166912
3719,0.167936
3720,0.173056
3721,0.165888
3722,0.163840
3723,0.163840
3724,0.166912
3725,0.164864
3726,0.162816
3727,0.164864
3728,0.166912
3729,0.167936
3730,0.169984
3731,0.172032
3732,0.167936
3733,0.163840
3734,0.169984
3735,0.165888
3736,0.166912
3737,0.164864
3738,0.161792
3739,0.163840
3740,0.171008
3741,0.171008
3742,0.167936
3743,0.164864
3744,0.169984
3745,0.165888
3746,0.166912
3747,0.162816
3748,0.169984
3749,0.169984
3750,0.166912
3751,0.167936
3752,0.165888
3753,0.172032
3754,0.168960
3755,0.165888
3756,0.172032
3757,0.172032
3758,0.167936
3759,0.166912
3760,0.168960
3761,0.179200
3762,0.172032
3763,0.173056
3764,0.173056
3765,0.169984
3766,0.163840
3767,0.168960
3768,0.171008
3769,0.171008
3770,0.168960
3771,0.165888
3772,0.169984
3773,0.164864
3774,0.171008
3775,0.169984
3776,0.171008
3777,0.164864
3778,0.159744
3779,0.178176
3780,0.164864
3781,0.164864
3782,0.169984
3783,0.164864
3784,0.174080
3785,0.173056
3786,0.171008
3787,0.164864
3788,0.172032
3789,0.166912
3790,0.172032
3791,0.164864
3792,0.174080
3793,0.165888
3794,0.162816
3795,0.173056
3796,0.171008
3797,0.166912
3798,0.164864
3799,0.161792
3800,0.172032
3801,0.168960
3802,0.171008
3803,0.167936
3804,0.173056
3805,0.165888
3806,0.167936
3807,0.163840
3808,0.162816
3809,0.167936
3810,0.163840
3811,0.172032
3812,0.166912
3813,0.165888
3814,0.173056
3815,0.172032
3816,0.168960
3817,0.165888
3818,0.165888
3819,0.168960
3820,0.169984
3821,0.215040
3822,0.167936
3823,0.163840
3824,0.169984
3825,0.168960
3826,0.163840
3827,0.164864
3828,0.158720
3829,0.164864
3830,0.175104
3831,0.163840
3832,0.166912
3833,0.164864
3834,0.165888
3835,0.167936
3836,0.166912
3837,0.162816
3838,0.168960
3839,0.168960
3840,0.165888
3841,0.167936
3842,0.166912
3843,0.167936
3844,0.171008
3845,0.168960
3846,0.165888
3847,0.173056
3848,0.168960
3849,0.167936
3850,0.175104
3851,0.168960
3852,0.167936
3853,0.173056
3854,0.162816
3855,0.168960
3856,0.161792
3857,0.173056
3858,0.166912
3859,0.167936
3860,0.168960
3861,0.169984
3862,0.166912
3863,0.169984
3864,0.168960
3865,0.175104
3866,0.172032
3867,0.161792
3868,0.164864
3869,0.163840
3870,0.171008
3871,0.173056
3872,0.166912
3873,0.169984
3874,0.164864
3875,0.174080
3876,0.169984
3877,0.167936
3878,0.173056
3879,0.166912
3880,0.177152
3881,0.165888
3882,0.171008
3883,0.174080
3884,0.169984
3885,0.166912
3886,0.164864
3887,0.166912
3888,0.163840
3889,0.166912
3890,0.168960
3891,0.177152
3892,0.163840
3893,0.165888
3894,0.167936
3895,0.165888
3896,0.164864
3897,0.166912
3898,0.177152
3899,0.163840
3900,0.165888
3901,0.167936
3902,0.168960
3903,0.166912
3904,0.163840
3905,0.162816
3906,0.165888
3907,0.164864
3908,0.164864
3909,0.161792
3910,0.164864
3911,0.167936
3912,0.163840
3913,0.169984
3914,0.167936
3915,0.167936
3916,0.164864
3917,0.166912
3918,0.167936
3919,0.165888
3920,0.166912
3921,0.167936
3922,0.169984
3923,0.161792
3924,0.163840
3925,0.163840
3926,0.172032
3927,0.160768
3928,0.169984
3929,0.167936
3930,0.165888
3931,0.169984
3932,0.161792
3933,0.168960
3934,0.166912
3935,0.168960
3936,0.168960
3937,0.179200
3938,0.165888
3939,0.163840
3940,0.166912
3941,0.171008
3942,0.159744
3943,0.168960
3944,0.171008
3945,0.164864
3946,0.164864
3947,0.167936
3948,0.172032
3949,0.176128
3950,0.163840
3951,0.163840
3952,0.163840
3953,0.169984
3954,0.169984
3955,0.171008
3956,0.162816
3957,0.169984
3958,0.171008
3959,0.180224
3960,0.177152
3961,0.174080
3962,0.168960
3963,0.171008
3964,0.169984
3965,0.167936
3966,0.162816
3967,0.168960
3968,0.161792
3969,0.174080
3970,0.172032
3971,0.164864
3972,0.162816
3973,0.167936
3974,0.169984
3975,0.168960
3976,0.171008
3977,0.172032
3978,0.165888
3979,0.164864
3980,0.166912
3981,0.165888
3982,0.165888
3983,0.171008
3984,0.169984
3985,0.171008
3986,0.173056
3987,0.160768
3988,0.165888
3989,0.165888
3990,0.173056
3991,0.167936
3992,0.176128
3993,0.162816
3994,0.169984
3995,0.165888
3996,0.173056
3997,0.168960
3998,0.168960
3999,0.159744
4000,0.167936
4001,0.168960
4002,0.164864
4003,0.168960
4004,0.164864
4005,0.165888
4006,0.171008
4007,0.166912
4008,0.165888
4009,0.166912
4010,0.168960
4011,0.168960
4012,0.168960
4013,0.162816
4014,0.168960
4015,0.174080
4016,0.165888
4017,0.167936
4018,0.165888
4019,0.164864
4020,0.164864
4021,0.160768
4022,0.168960
4023,0.163840
4024,0.162816
4025,0.164864
4026,0.172032
4027,0.161792
4028,0.168960
4029,0.174080
4030,0.166912
4031,0.168960
4032,0.164864
4033,0.169984
4034,0.166912
4035,0.167936
4036,0.161792
4037,0.173056
4038,0.171008
4039,0.167936
4040,0.161792
4041,0.165888
4042,0.167936
4043,0.169984
4044,0.173056
4045,0.169984
4046,0.165888
4047,0.173056
4048,0.164864
4049,0.165888
4050,0.175104
4051,0.171008
4052,0.175104
4053,0.163840
4054,0.164864
4055,0.164864
4056,0.172032
4057,0.163840
4058,0.164864
4059,0.164864
4060,0.166912
4061,0.166912
4062,0.171008
4063,0.169984
4064,0.167936
4065,0.166912
4066,0.165888
4067,0.164864
4068,0.169984
4069,0.166912
4070,0.167936
4071,0.167936
4072,0.165888
4073,0.163840
4074,0.171008
4075,0.165888
4076,0.169984
4077,0.165888
4078,0.163840
4079,0.168960
4080,0.172032
4081,0.171008
4082,0.162816
4083,0.169984
4084,0.161792
4085,0.159744
4086,0.168960
4087,0.172032
4088,0.162816
4089,0.168960
4090,0.171008
4091,0.165888
4092,0.165888
4093,0.173056
4094,0.167936
4095,0.165888
4096,0.166912
4097,0.168960
4098,0.166912
4099,0.171008
4100,0.164864
4101,0.168960
4102,0.162816
4103,0.163840
4104,0.164864
4105,0.167936
4106,0.157696
4107,0.160768
4108,0.165888
4109,0.173056
4110,0.162816
4111,0.161792
4112,0.165888
4113,0.169984
4114,0.165888
4115,0.165888
4116,0.166912
4117,0.165888
4118,0.167936
4119,0.174080
4120,0.166912
4121,0.163840
4122,0.163840
4123,0.167936
4124,0.169984
4125,0.168960
4126,0.173056
4127,0.167936
4128,0.174080
4129,0.169984
4130,0.172032
4131,0.161792
4132,0.176128
4133,0.162816
4134,0.168960
4135,0.169984
4136,0.162816
4137,0.162816
4138,0.169984
4139,0.164864
4140,0.164864
4141,0.164864
4142,0.164864
4143,0.165888
4144,0.166912
4145,0.168960
4146,0.163840
4147,0.160768
4148,0.163840
4149,0.175104
4150,0.164864
4151,0.169984
4152,0.161792
4153,0.167936
4154,0.169984
4155,0.171008
4156,0.164864
4157,0.162816
4158,0.166912
4159,0.169984
4160,0.171008
4161,0.171008
4162,0.172032
4163,0.168960
4164,0.168960
4165,0.166912
4166,0.165888
4167,0.171008
4168,0.162816
4169,0.175104
4170,0.173056
4171,0.163840
4172,0.169984
4173,0.164864
4174,0.169984
4175,0.168960
4176,0.166912
4177,0.165888
4178,0.171008
4179,0.163840
4180,0.166912
4181,0.164864
4182,0.166912
4183,0.165888
4184,0.168960
4185,0.167936
4186,0.163840
4187,0.167936
4188,0.166912
4189,0.168960
4190,0.166912
4191,0.169984
4192,0.165888
4193,0.171008
4194,0.168960
4195,0.165888
4196,0.164864
4197,0.165888
4198,0.168960
4199,0.163840
4200,0.164864
4201,0.168960
4202,0.167936
4203,0.172032
4204,0.173056
4205,0.166912
4206,0.164864
4207,0.165888
4208,0.175104
4209,0.164864
4210,0.165888
4211,0.171008
4212,0.172032
4213,0.165888
4214,0.167936
4215,0.173056
4216,0.165888
4217,0.162816
4218,0.166912
4219,0.169984
4220,0.164864
4221,0.162816
4222,0.166912
4223,0.173056
4224,0.166912
4225,0.164864
4226,0.166912
4227,0.174080
4228,0.171008
4229,0.160768
4230,0.165888
4231,0.161792
4232,0.166912
4233,0.166912
4234,0.176128
4235,0.166912
4236,0.174080
4237,0.164864
4238,0.163840
4239,0.169984
4240,0.172032
4241,0.162816
4242,0.167936
4243,0.172032
4244,0.167936
4245,0.171008
4246,0.168960
4247,0.166912
4248,0.167936
4249,0.166912
4250,0.165888
4251,0.162816
4252,0.167936
4253,0.164864
4254,0.167936
4255,0.167936
4256,0.167936
4257,0.176128
4258,0.173056
4259,0.166912
4260,0.169984
4261,0.164864
4262,0.166912
4263,0.169984
4264,0.165888
4265,0.168960
4266,0.162816
4267,0.175104
4268,0.161792
4269,0.165888
4270,0.165888
4271,0.166912
4272,0.165888
4273,0.162816
4274,0.169984
4275,0.172032
4276,0.162816
4277,0.163840
4278,0.166912
4279,0.171008
4280,0.165888
4281,0.171008
4282,0.166912
4283,0.166912
4284,0.161792
4285,0.168960
4286,0.163840
4287,0.172032
4288,0.162816
4289,0.169984
4290,0.165888
4291,0.173056
4292,0.176128
4293,0.168960
4294,0.167936
4295,0.167936
4296,0.171008
4297,0.172032
4298,0.169984
4299,0.163840
4300,0.176128
4301,0.168960
4302,0.162816
4303,0.168960
4304,0.171008
4305,0.172032
4306,0.174080
4307,0.171008
4308,0.172032
4309,0.161792
4310,0.181248
4311,0.164864
4312,0.163840
4313,0.167936
4314,0.169984
4315,0.169984
4316,0.165888
4317,0.163840
4318,0.167936
4319,0.168960
4320,0.164864
4321,0.173056
4322,0.171008
4323,0.169984
4324,0.174080
4325,0.167936
4326,0.172032
4327,0.165888
4328,0.168960
4329,0.162816
4330,0.163840
4331,0.164864
4332,0.166912
4333,0.169984
4334,0.168960
4335,0.173056
4336,0.168960
4337,0.171008
4338,0.167936
4339,0.161792
4340,0.164864
4341,0.167936
4342,0.164864
4343,0.165888
4344,0.164864
4345,0.165888
4346,0.164864
4347,0.171008
4348,0.165888
4349,0.167936
4350,0.162816
4351,0.171008
4352,0.173056
4353,0.172032
4354,0.167936
4355,0.169984
4356,0.168960
4357,0.167936
4358,0.164864
4359,0.163840
4360,0.162816
4361,0.171008
4362,0.165888
4363,0.174080
4364,0.171008
4365,0.175104
4366,0.169984
4367,0.175104
4368,0.176128
4369,0.165888
4370,0.167936
4371,0.162816
4372,0.176128
4373,0.164864
4374,0.167936
4375,0.167936
4376,0.168960
4377,0.294912
4378,0.177152
4379,0.167936
4380,0.164864
4381,0.163840
4382,0.164864
4383,0.166912
4384,0.174080
4385,0.165888
4386,0.172032
4387,0.173056
4388,0.167936
4389,0.171008
4390,0.158720
4391,0.173056
4392,0.167936
4393,0.165888
4394,0.161792
4395,0.165888
4396,0.166912
4397,0.179200
4398,0.169984
4399,0.157696
4400,0.173056
4401,0.168960
4402,0.166912
4403,0.165888
4404,0.165888
4405,0.174080
4406,0.168960
4407,0.169984
4408,0.163840
4409,0.168960
4410,0.165888
4411,0.174080
4412,0.168960
4413,0.159744
4414,0.157696
4415,0.172032
4416,0.160768
4417,0.171008
4418,0.163840
4419,0.167936
4420,0.169984
4421,0.163840
4422,0.166912
4423,0.166912
4424,0.171008
4425,0.173056
4426,0.169984
4427,0.165888
4428,0.164864
4429,0.168960
4430,0.168960
4431,0.166912
4432,0.168960
4433,0.168960
4434,0.175104
4435,0.174080
4436,0.167936
4437,0.178176
4438,0.177152
4439,0.166912
4440,0.184320
4441,0.162816
4442,0.172032
4443,0.163840
4444,0.166912
4445,0.168960
4446,0.171008
4447,0.169984
4448,0.168960
4449,0.172032
4450,0.163840
4451,0.163840
4452,0.171008
4453,0.164864
4454,0.167936
4455,0.168960
4456,0.166912
4457,0.167936
4458,0.166912
4459,0.164864
4460,0.165888
4461,0.164864
4462,0.167936
4463,0.167936
4464,0.160768
4465,0.160768
4466,0.165888
4467,0.166912
4468,0.165888
4469,0.161792
4470,0.171008
4471,0.169984
4472,0.165888
4473,0.168960
4474,0.164864
4475,0.165888
4476,0.166912
4477,0.166912
4478,0.165888
4479,0.166912
4480,0.165888
4481,0.166912
4482,0.165888
4483,0.173056
4484,0.166912
4485,0.167936
4486,0.167936
4487,0.172032
4488,0.168960
4489,0.167936
4490,0.173056
4491,0.173056
4492,0.166912
4493,0.166912
4494,0.164864
4495,0.163840
4496,0.171008
4497,0.169984
4498,0.174080
4499,0.168960
4500,0.171008
4501,0.169984
4502,0.171008
4503,0.169984
4504,0.160768
4505,0.168960
4506,0.172032
4507,0.164864
4508,0.163840
4509,0.166912
4510,0.339968
4511,0.163840
4512,0.174080
4513,0.166912
4514,0.166912
4515,0.168960
4516,0.164864
4517,0.171008
4518,0.166912
4519,0.169984
4520,0.168960
4521,0.176128
4522,0.169984
4523,0.164864
4524,0.164864
4525,0.164864
4526,0.172032
4527,0.172032
4528,0.169984
4529,0.167936
4530,0.165888
4531,0.167936
4532,0.169984
4533,0.171008
4534,0.162816
4535,0.169984
4536,0.162816
4537,0.165888
4538,0.163840
4539,0.167936
4540,0.171008
4541,0.165888
4542,0.161792
4543,0.169984
4544,0.163840
4545,0.172032
4546,0.167936
4547,0.169984
4548,0.168960
4549,0.165888
4550,0.168960
4551,0.167936
4552,0.162816
4553,0.169984
4554,0.164864
4555,0.169984
4556,0.163840
4557,0.166912
4558,0.171008
4559,0.164864
4560,0.171008
4561,0.167936
4562,0.165888
4563,0.168960
4564,0.164864
4565,0.168960
4566,0.167936
4567,0.164864
4568,0.165888
4569,0.175104
4570,0.163840
4571,0.166912
4572,0.172032
4573,0.165888
4574,0.172032
4575,0.164864
4576,0.164864
4577,0.176128
4578,0.164864
4579,0.165888
4580,0.166912
4581,0.163840
4582,0.165888
4583,0.175104
4584,0.171008
4585,0.169984
4586,0.169984
4587,0.165888
4588,0.171008
4589,0.168960
4590,0.166912
4591,0.166912
4592,0.163840
4593,0.168960
4594,0.169984
4595,0.161792
4596,0.163840
4597,0.176128
4598,0.159744
4599,0.161792
4600,0.169984
4601,0.173056
4602,0.168960
4603,0.166912
4604,0.168960
4605,0.172032
4606,0.162816
4607,0.169984
4608,0.163840
4609,0.171008
4610,0.163840
4611,0.166912
4612,0.174080
4613,0.166912
4614,0.164864
4615,0.168960
4616,0.166912
4617,0.164864
4618,0.168960
4619,0.166912
4620,0.163840
4621,0.168960
4622,0.159744
4623,0.163840
4624,0.167936
4625,0.163840
4626,0.164864
4627,0.167936
4628,0.166912
4629,0.169984
4630,0.166912
4631,0.167936
4632,0.163840
4633,0.164864
4634,0.166912
4635,0.169984
4636,0.162816
4637,0.164864
4638,0.166912
4639,0.161792
4640,0.164864
4641,0.171008
4642,0.169984
4643,0.173056
4644,0.171008
4645,0.173056
4646,0.167936
4647,0.167936
4648,0.165888
4649,0.163840
4650,0.171008
4651,0.166912
4652,0.165888
4653,0.173056
4654,0.165888
4655,0.172032
4656,0.171008
4657,0.162816
4658,0.166912
4659,0.167936
4660,0.168960
4661,0.169984
4662,0.173056
4663,0.163840
4664,0.171008
4665,0.160768
4666,0.169984
4667,0.167936
4668,0.167936
4669,0.161792
4670,0.167936
4671,0.164864
4672,0.174080
4673,0.162816
4674,0.164864
4675,0.174080
4676,0.171008
4677,0.168960
4678,0.174080
4679,0.166912
4680,0.176128
4681,0.172032
4682,0.169984
4683,0.165888
4684,0.162816
4685,0.162816
4686,0.166912
4687,0.166912
4688,0.164864
4689,0.164864
4690,0.176128
4691,0.172032
4692,0.159744
4693,0.168960
4694,0.165888
4695,0.175104
4696,0.169984
4697,0.172032
4698,0.167936
4699,0.171008
4700,0.164864
4701,0.171008
4702,0.167936
4703,0.172032
4704,0.163840
4705,0.172032
4706,0.165888
4707,0.160768
4708,0.174080
4709,0.164864
4710,0.166912
4711,0.164864
4712,0.171008
4713,0.164864
4714,0.166912
4715,0.167936
4716,0.172032
4717,0.160768
4718,0.166912
4719,0.167936
4720,0.166912
4721,0.171008
4722,0.165888
4723,0.164864
4724,0.171008
4725,0.167936
4726,0.166912
4727,0.169984
4728,0.167936
4729,0.166912
4730,0.162816
4731,0.166912
4732,0.175104
4733,0.160768
4734,0.167936
4735,0.171008
4736,0.165888
4737,0.165888
4738,0.162816
4739,0.168960
4740,0.165888
4741,0.165888
4742,0.169984
4743,0.171008
4744,0.166912
4745,0.167936
4746,0.165888
4747,0.164864
4748,0.162816
4749,0.168960
4750,0.163840
4751,0.172032
4752,0.166912
4753,0.165888
4754,0.161792
4755,0.167936
4756,0.163840
4757,0.161792
4758,0.174080
4759,0.167936
4760,0.168960
4761,0.178176
4762,0.169984
4763,0.169984
4764,0.165888
4765,0.169984
4766,0.167936
4767,0.162816
4768,0.167936
4769,0.161792
4770,0.163840
4771,0.169984
4772,0.161792
4773,0.164864
4774,0.166912
4775,0.163840
4776,0.163840
4777,0.176128
4778,0.169984
4779,0.169984
4780,0.168960
4781,0.167936
4782,0.173056
4783,0.165888
4784,0.162816
4785,0.168960
4786,0.163840
4787,0.167936
4788,0.173056
4789,0.167936
4790,0.175104
4791,0.162816
4792,0.173056
4793,0.166912
4794,0.168960
4795,0.167936
4796,0.166912
4797,0.169984
4798,0.174080
4799,0.164864
4800,0.169984
4801,0.164864
4802,0.167936
4803,0.171008
4804,0.162816
4805,0.174080
4806,0.161792
4807,0.166912
4808,0.165888
4809,0.165888
4810,0.165888
4811,0.164864
4812,0.166912
4813,0.169984
4814,0.163840
4815,0.166912
4816,0.167936
4817,0.165888
4818,0.168960
4819,0.169984
4820,0.161792
4821,0.165888
4822,0.174080
4823,0.168960
4824,0.168960
4825,0.165888
4826,0.165888
4827,0.165888
4828,0.171008
4829,0.169984
4830,0.167936
4831,0.169984
4832,0.171008
4833,0.172032
4834,0.163840
4835,0.169984
4836,0.167936
4837,0.163840
4838,0.169984
4839,0.159744
4840,0.165888
4841,0.168960
4842,0.174080
4843,0.174080
4844,0.168960
4845,0.169984
4846,0.169984
4847,0.168960
4848,0.171008
4849,0.167936
4850,0.167936
4851,0.174080
4852,0.163840
4853,0.164864
4854,0.168960
4855,0.175104
4856,0.171008
4857,0.166912
4858,0.172032
4859,0.164864
4860,0.168960
4861,0.167936
4862,0.173056
4863,0.164864
4864,0.166912
4865,0.162816
4866,0.166912
4867,0.171008
4868,0.172032
4869,0.169984
4870,0.173056
4871,0.164864
4872,0.169984
4873,0.171008
4874,0.172032
4875,0.166912
4876,0.166912
4877,0.167936
4878,0.174080
4879,0.171008
4880,0.166912
4881,0.167936
4882,0.167936
4883,0.168960
4884,0.166912
4885,0.165888
4886,0.164864
4887,0.168960
4888,0.163840
4889,0.169984
4890,0.169984
4891,0.167936
4892,0.166912
4893,0.171008
4894,0.165888
4895,0.161792
4896,0.161792
4897,0.160768
4898,0.161792
4899,0.166912
4900,0.169984
4901,0.169984
4902,0.164864
4903,0.167936
4904,0.163840
4905,0.167936
4906,0.171008
4907,0.167936
4908,0.167936
4909,0.168960
4910,0.168960
4911,0.168960
4912,0.161792
4913,0.165888
4914,0.166912
4915,0.168960
4916,0.168960
4917,0.161792
4918,0.168960
4919,0.163840
4920,0.165888
4921,0.169984
4922,0.169984
4923,0.173056
4924,0.169984
4925,0.182272
4926,0.166912
4927,0.171008
4928,0.167936
4929,0.172032
4930,0.172032
4931,0.167936
4932,0.171008
4933,0.172032
4934,0.168960
4935,0.171008
4936,0.167936
4937,0.173056
4938,0.167936
4939,0.168960
4940,0.165888
4941,0.172032
4942,0.165888
4943,0.173056
4944,0.167936
4945,0.166912
4946,0.172032
4947,0.171008
4948,0.166912
4949,0.174080
4950,0.163840
4951,0.161792
4952,0.172032
4953,0.168960
4954,0.162816
4955,0.162816
4956,0.171008
4957,0.168960
4958,0.167936
4959,0.171008
4960,0.169984
4961,0.175104
4962,0.167936
4963,0.164864
4964,0.166912
4965,0.165888
4966,0.164864
4967,0.161792
4968,0.173056
4969,0.167936
4970,0.165888
4971,0.166912
4972,0.167936
4973,0.166912
4974,0.168960
4975,0.165888
4976,0.168960
4977,0.166912
4978,0.166912
4979,0.164864
4980,0.173056
4981,0.166912
4982,0.167936
4983,0.167936
4984,0.172032
4985,0.165888
4986,0.168960
4987,0.178176
4988,0.168960
4989,0.175104
4990,0.169984
4991,0.169984
4992,0.163840
4993,0.175104
4994,0.167936
4995,0.165888
4996,0.172032
4997,0.174080
4998,0.174080
4999,0.168960
5000,0.166912
5001,0.174080
5002,0.167936
5003,0.161792
5004,0.166912
5005,0.166912
5006,0.163840
5007,0.165888
5008,0.168960
5009,0.165888
5010,0.167936
5011,0.173056
5012,0.168960
5013,0.172032
5014,0.178176
5015,0.167936
5016,0.171008
5017,0.171008
5018,0.166912
5019,0.172032
5020,0.166912
5021,0.164864
5022,0.168960
5023,0.164864
5024,0.167936
5025,0.169984
5026,0.167936
5027,0.167936
5028,0.167936
5029,0.169984
5030,0.172032
5031,0.163840
5032,0.161792
5033,0.165888
5034,0.171008
5035,0.174080
5036,0.167936
5037,0.172032
5038,0.172032
5039,0.174080
5040,0.164864
5041,0.180224
5042,0.164864
5043,0.167936
5044,0.166912
5045,0.173056
5046,0.165888
5047,0.162816
5048,0.171008
5049,0.168960
5050,0.166912
5051,0.166912
5052,0.162816
5053,0.167936
5054,0.167936
5055,0.172032
5056,0.164864
5057,0.163840
5058,0.164864
5059,0.165888
5060,0.166912
5061,0.166912
5062,0.169984
5063,0.172032
5064,0.176128
5065,0.325632
5066,0.165888
5067,0.169984
5068,0.164864
5069,0.165888
5070,0.165888
5071,0.163840
5072,0.169984
5073,0.168960
5074,0.167936
5075,0.175104
5076,0.164864
5077,0.168960
5078,0.173056
5079,0.166912
5080,0.164864
5081,0.169984
5082,0.156672
5083,0.171008
5084,0.163840
5085,0.171008
5086,0.174080
5087,0.169984
5088,0.172032
5089,0.162816
5090,0.167936
5091,0.164864
5092,0.162816
5093,0.171008
5094,0.168960
5095,0.164864
5096,0.166912
5097,0.166912
5098,0.166912
5099,0.165888
5100,0.171008
5101,0.163840
5102,0.177152
5103,0.169984
5104,0.164864
5105,0.164864
5106,0.169984
5107,0.172032
5108,0.168960
5109,0.167936
5110,0.161792
5111,0.162816
5112,0.165888
5113,0.176128
5114,0.171008
5115,0.168960
5116,0.172032
5117,0.169984
5118,0.172032
5119,0.176128
5120,0.166912
5121,0.171008
5122,0.168960
5123,0.167936
5124,0.168960
5125,0.172032
5126,0.166912
5127,0.168960
5128,0.166912
5129,0.168960
5130,0.172032
5131,0.172032
5132,0.171008
5133,0.174080
5134,0.166912
5135,0.171008
5136,0.165888
5137,0.176128
5138,0.167936
5139,0.172032
5140,0.171008
5141,0.169984
5142,0.167936
5143,0.175104
5144,0.165888
5145,0.161792
5146,0.174080
5147,0.166912
5148,0.168960
5149,0.167936
5150,0.162816
5151,0.172032
5152,0.163840
5153,0.167936
5154,0.164864
5155,0.163840
5156,0.165888
5157,0.166912
5158,0.163840
5159,0.167936
5160,0.162816
5161,0.172032
5162,0.174080
5163,0.167936
5164,0.169984
5165,0.171008
5166,0.166912
5167,0.169984
5168,0.165888
5169,0.176128
5170,0.166912
5171,0.172032
5172,0.176128
5173,0.161792
5174,0.165888
5175,0.169984
5176,0.167936
5177,0.166912
5178,0.171008
5179,0.175104
5180,0.174080
5181,0.360448
5182,0.177152
5183,0.168960
5184,0.182272
5185,0.165888
5186,0.169984
5187,0.174080
5188,0.167936
5189,0.164864
5190,0.177152
5191,0.167936
5192,0.171008
5193,0.166912
5194,0.163840
5195,0.163840
5196,0.163840
5197,0.172032
5198,0.169984
5199,0.166912
5200,0.162816
5201,0.163840
5202,0.172032
5203,0.169984
5204,0.174080
5205,0.176128
5206,0.179200
5207,0.172032
5208,0.169984
5209,0.165888
5210,0.165888
5211,0.164864
5212,0.165888
5213,0.168960
5214,0.167936
5215,0.167936
5216,0.171008
5217,0.162816
5218,0.168960
5219,0.167936
5220,0.167936
5221,0.166912
5222,0.171008
5223,0.165888
5224,0.164864
5225,0.169984
5226,0.169984
5227,0.163840
5228,0.176128
5229,0.171008
5230,0.163840
5231,0.167936
5232,0.164864
5233,0.164864
5234,0.168960
5235,0.165888
5236,0.163840
5237,0.161792
5238,0.172032
5239,0.168960
5240,0.172032
5241,0.171008
5242,0.164864
5243,0.168960
5244,0.167936
5245,0.163840
5246,0.175104
5247,0.173056
5248,0.169984
5249,0.162816
5250,0.166912
5251,0.166912
5252,0.171008
5253,0.168960
5254,0.163840
5255,0.175104
5256,0.167936
5257,0.164864
5258,0.176128
5259,0.167936
5260,0.167936
5261,0.166912
5262,0.172032
5263,0.172032
5264,0.167936
5265,0.166912
5266,0.166912
5267,0.171008
5268,0.171008
5269,0.168960
5270,0.163840
5271,0.167936
5272,0.172032
5273,0.168960
5274,0.159744
5275,0.159744
5276,0.167936
5277,0.167936
5278,0.169984
5279,0.169984
5280,0.167936
5281,0.163840
5282,0.165888
5283,0.167936
5284,0.159744
5285,0.168960
5286,0.165888
5287,0.162816
5288,0.168960
5289,0.165888
5290,0.163840
5291,0.172032
5292,0.168960
5293,0.165888
5294,0.168960
5295,0.163840
5296,0.166912
5297,0.166912
5298,0.167936
5299,0.167936
5300,0.165888
5301,0.166912
5302,0.173056
5303,0.167936
5304,0.162816
5305,0.168960
5306,0.166912
5307,0.165888
5308,0.168960
5309,0.171008
5310,0.166912
5311,0.162816
5312,0.172032
5313,0.167936
5314,0.161792
5315,0.166912
5316,0.169984
5317,0.168960
5318,0.164864
5319,0.172032
5320,0.163840
5321,0.166912
5322,0.175104
5323,0.168960
5324,0.167936
5325,0.167936
5326,0.167936
5327,0.167936
5328,0.165888
5329,0.165888
5330,0.168960
5331,0.171008
5332,0.165888
5333,0.160768
5334,0.165888
5335,0.166912
5336,0.169984
5337,0.173056
5338,0.160768
5339,0.162816
5340,0.167936
5341,0.165888
5342,0.279552
5343,0.174080
5344,0.162816
5345,0.171008
5346,0.168960
5347,0.333824
5348,0.184320
5349,0.168960
5350,0.168960
5351,0.172032
5352,0.176128
5353,0.168960
5354,0.167936
5355,0.169984
5356,0.165888
5357,0.171008
5358,0.166912
5359,0.172032
5360,0.171008
5361,0.165888
5362,0.163840
5363,0.171008
5364,0.173056
5365,0.167936
5366,0.174080
5367,0.166912
5368,0.164864
5369,0.168960
5370,0.175104
5371,0.164864
5372,0.166912
5373,0.165888
5374,0.166912
5375,0.165888
5376,0.169984
5377,0.168960
5378,0.172032
5379,0.164864
5380,0.165888
5381,0.165888
5382,0.171008
5383,0.173056
5384,0.167936
5385,0.168960
5386,0.179200
5387,0.167936
5388,0.165888
5389,0.172032
5390,0.167936
5391,0.162816
5392,0.166912
5393,0.165888
5394,0.161792
5395,0.165888
5396,0.165888
5397,0.174080
5398,0.167936
5399,0.169984
5400,0.166912
5401,0.164864
5402,0.168960
5403,0.163840
5404,0.165888
5405,0.167936
5406,0.169984
5407,0.174080
5408,0.171008
5409,0.165888
5410,0.172032
5411,0.166912
5412,0.173056
5413,0.164864
5414,0.169984
5415,0.173056
5416,0.165888
5417,0.163840
5418,0.172032
5419,0.164864
5420,0.161792
5421,0.171008
5422,0.168960
5423,0.164864
5424,0.167936
5425,0.167936
5426,0.167936
5427,0.164864
5428,0.167936
5429,0.169984
5430,0.165888
5431,0.164864
5432,0.168960
5433,0.169984
5434,0.166912
5435,0.164864
5436,0.163840
5437,0.167936
5438,0.163840
5439,0.168960
5440,0.171008
5441,0.166912
5442,0.165888
5443,0.164864
5444,0.171008
5445,0.164864
5446,0.164864
5447,0.163840
5448,0.171008
5449,0.165888
5450,0.162816
5451,0.165888
5452,0.165888
5453,0.167936
5454,0.166912
5455,0.163840
5456,0.165888
5457,0.164864
5458,0.165888
5459,0.162816
5460,0.172032
5461,0.164864
5462,0.163840
5463,0.168960
5464,0.172032
5465,0.162816
5466,0.179200
5467,0.167936
5468,0.171008
5469,0.167936
5470,0.167936
5471,0.172032
5472,0.165888
5473,0.167936
5474,0.172032
5475,0.169984
5476,0.168960
5477,0.174080
5478,0.168960
5479,0.166912
5480,0.169984
5481,0.165888
5482,0.168960
5483,0.166912
5484,0.165888
5485,0.168960
5486,0.167936
5487,0.166912
5488,0.160768
5489,0.167936
5490,0.173056
5491,0.165888
5492,0.166912
5493,0.169984
5494,0.160768
5495,0.164864
5496,0.171008
5497,0.166912
5498,0.172032
5499,0.157696
5500,0.169984
5501,0.159744
5502,0.174080
5503,0.159744
5504,0.162816
5505,0.165888
5506,0.167936
5507,0.162816
5508,0.171008
5509,0.166912
5510,0.166912
5511,0.175104
5512,0.171008
5513,0.166912
5514,0.162816
5515,0.161792
5516,0.172032
5517,0.161792
5518,0.165888
5519,0.168960
5520,0.173056
5521,0.162816
5522,0.177152
5523,0.165888
5524,0.168960
5525,0.163840
5526,0.168960
5527,0.161792
5528,0.165888
5529,0.162816
5530,0.171008
5531,0.166912
5532,0.163840
5533,0.167936
5534,0.167936
5535,0.165888
5536,0.166912
5537,0.168960
5538,0.166912
5539,0.162816
5540,0.172032
5541,0.162816
5542,0.165888
5543,0.165888
5544,0.167936
5545,0.168960
5546,0.167936
5547,0.165888
5548,0.163840
5549,0.164864
5550,0.165888
5551,0.165888
5552,0.172032
5553,0.168960
5554,0.169984
5555,0.168960
5556,0.167936
5557,0.169984
5558,0.162816
5559,0.167936
5560,0.173056
5561,0.175104
5562,0.166912
5563,0.167936
5564,0.163840
5565,0.163840
5566,0.159744
5567,0.161792
5568,0.166912
5569,0.166912
5570,0.161792
5571,0.172032
5572,0.174080
5573,0.163840
5574,0.169984
5575,0.165888
5576,0.173056
5577,0.168960
5578,0.171008
5579,0.165888
5580,0.165888
5581,0.164864
5582,0.174080
5583,0.174080
5584,0.171008
5585,0.168960
5586,0.166912
5587,0.168960
5588,0.172032
5589,0.175104
5590,0.164864
5591,0.175104
5592,0.169984
5593,0.167936
5594,0.183296
5595,0.166912
5596,0.169984
5597,0.168960
5598,0.171008
5599,0.173056
5600,0.174080
5601,0.164864
5602,0.165888
5603,0.161792
5604,0.171008
5605,0.164864
5606,0.169984
5607,0.169984
5608,0.164864
5609,0.171008
5610,0.169984
5611,0.168960
5612,0.167936
5613,0.167936
5614,0.180224
5615,0.171008
5616,0.169984
5617,0.166912
5618,0.169984
5619,0.167936
5620,0.168960
5621,0.172032
5622,0.165888
5623,0.175104
5624,0.165888
5625,0.169984
5626,0.167936
5627,0.165888
5628,0.169984
5629,0.165888
5630,0.167936
5631,0.164864
5632,0.164864
5633,0.163840
5634,0.166912
5635,0.166912
5636,0.166912
5637,0.167936
5638,0.172032
5639,0.165888
5640,0.169984
5641,0.168960
5642,0.174080
5643,0.180224
5644,0.173056
5645,0.166912
5646,0.163840
5647,0.163840
5648,0.169984
5649,0.167936
5650,0.168960
5651,0.162816
5652,0.169984
5653,0.171008
5654,0.173056
5655,0.172032
5656,0.166912
5657,0.167936
5658,0.167936
5659,0.174080
5660,0.169984
5661,0.171008
5662,0.166912
5663,0.166912
5664,0.167936
5665,0.162816
5666,0.167936
5667,0.169984
5668,0.171008
5669,0.165888
5670,0.173056
5671,0.172032
5672,0.166912
5673,0.163840
5674,0.164864
5675,0.168960
5676,0.167936
5677,0.168960
5678,0.168960
5679,0.171008
5680,0.169984
5681,0.161792
5682,0.163840
5683,0.166912
5684,0.169984
5685,0.164864
5686,0.162816
5687,0.162816
5688,0.166912
5689,0.161792
5690,0.167936
5691,0.163840
5692,0.169984
5693,0.163840
5694,0.167936
5695,0.174080
5696,0.161792
5697,0.166912
5698,0.166912
5699,0.166912
5700,0.168960
5701,0.169984
5702,0.162816
5703,0.164864
5704,0.168960
5705,0.164864
5706,0.160768
5707,0.165888
5708,0.164864
5709,0.167936
5710,0.168960
5711,0.164864
5712,0.171008
5713,0.162816
5714,0.166912
5715,0.168960
5716,0.169984
5717,0.160768
5718,0.166912
5719,0.169984
5720,0.165888
5721,0.165888
5722,0.165888
5723,0.171008
5724,0.165888
5725,0.163840
5726,0.175104
5727,0.166912
5728,0.163840
5729,0.162816
5730,0.166912
5731,0.167936
5732,0.165888
5733,0.164864
5734,0.167936
5735,0.173056
5736,0.164864
5737,0.167936
5738,0.165888
5739,0.169984
5740,0.175104
5741,0.166912
5742,0.164864
5743,0.162816
5744,0.173056
5745,0.167936
5746,0.164864
5747,0.171008
5748,0.162816
5749,0.167936
5750,0.172032
5751,0.164864
5752,0.163840
5753,0.166912
5754,0.167936
5755,0.169984
5756,0.165888
5757,0.164864
5758,0.166912
5759,0.165888
5760,0.168960
5761,0.171008
5762,0.165888
5763,0.164864
5764,0.164864
5765,0.167936
5766,0.163840
5767,0.168960
5768,0.166912
5769,0.169984
5770,0.181248
5771,0.166912
5772,0.163840
5773,0.166912
5774,0.165888
5775,0.164864
5776,0.173056
5777,0.173056
5778,0.171008
5779,0.168960
5780,0.164864
5781,0.168960
5782,0.171008
5783,0.168960
5784,0.162816
5785,0.174080
5786,0.166912
5787,0.160768
5788,0.164864
5789,0.167936
5790,0.172032
5791,0.166912
5792,0.166912
5793,0.165888
5794,0.167936
5795,0.163840
5796,0.177152
5797,0.169984
5798,0.167936
5799,0.168960
5800,0.164864
5801,0.164864
5802,0.171008
5803,0.166912
5804,0.165888
5805,0.163840
5806,0.181248
5807,0.166912
5808,0.166912
5809,0.169984
5810,0.175104
5811,0.175104
5812,0.167936
5813,0.164864
5814,0.169984
5815,0.179200
5816,0.166912
5817,0.173056
5818,0.176128
5819,0.171008
5820,0.161792
5821,0.172032
5822,0.167936
5823,0.176128
5824,0.161792
5825,0.174080
5826,0.164864
5827,0.164864
5828,0.174080
5829,0.162816
5830,0.173056
5831,0.166912
5832,0.157696
5833,0.172032
5834,0.164864
5835,0.166912
5836,0.172032
5837,0.165888
5838,0.169984
5839,0.165888
5840,0.164864
5841,0.164864
5842,0.164864
5843,0.171008
5844,0.167936
5845,0.171008
5846,0.166912
5847,0.164864
5848,0.164864
5849,0.167936
5850,0.171008
5851,0.166912
5852,0.165888
5853,0.164864
5854,0.168960
5855,0.172032
5856,0.164864
5857,0.165888
5858,0.162816
5859,0.167936
5860,0.163840
5861,0.174080
5862,0.166912
5863,0.161792
5864,0.169984
5865,0.169984
5866,0.167936
5867,0.165888
5868,0.166912
5869,0.167936
5870,0.171008
5871,0.167936
5872,0.166912
5873,0.167936
5874,0.172032
5875,0.172032
5876,0.167936
5877,0.166912
5878,0.166912
5879,0.164864
5880,0.169984
5881,0.168960
5882,0.164864
5883,0.164864
5884,0.173056
5885,0.169984
5886,0.171008
5887,0.168960
5888,0.168960
5889,0.171008
5890,0.167936
5891,0.171008
5892,0.164864
5893,0.168960
5894,0.165888
5895,0.172032
5896,0.169984
5897,0.167936
5898,0.162816
5899,0.168960
5900,0.166912
5901,0.165888
5902,0.171008
5903,0.175104
5904,0.164864
5905,0.171008
5906,0.160768
5907,0.169984
5908,0.172032
5909,0.169984
5910,0.161792
5911,0.165888
5912,0.159744
5913,0.166912
5914,0.168960
5915,0.165888
5916,0.172032
5917,0.167936
5918,0.162816
5919,0.168960
5920,0.169984
5921,0.180224
5922,0.167936
5923,0.163840
5924,0.167936
5925,0.161792
5926,0.163840
5927,0.161792
5928,0.169984
5929,0.161792
5930,0.175104
5931,0.174080
5932,0.172032
5933,0.168960
5934,0.175104
5935,0.167936
5936,0.168960
5937,0.167936
5938,0.164864
5939,0.163840
5940,0.168960
5941,0.169984
5942,0.163840
5943,0.163840
5944,0.167936
5945,0.168960
5946,0.180224
5947,0.168960
5948,0.172032
5949,0.168960
5950,0.166912
5951,0.173056
5952,0.165888
5953,0.161792
5954,0.167936
5955,0.167936
5956,0.168960
5957,0.162816
5958,0.171008
5959,0.169984
5960,0.166912
5961,0.168960
5962,0.175104
5963,0.164864
5964,0.165888
5965,0.168960
5966,0.168960
5967,0.166912
5968,0.174080
5969,0.162816
5970,0.166912
5971,0.167936
5972,0.167936
5973,0.166912
5974,0.169984
5975,0.171008
5976,0.172032
5977,0.171008
5978,0.163840
5979,0.167936
5980,0.171008
5981,0.165888
5982,0.168960
5983,0.173056
5984,0.171008
5985,0.166912
5986,0.174080
5987,0.165888
5988,0.164864
5989,0.169984
5990,0.175104
5991,0.166912
5992,0.167936
5993,0.166912
5994,0.168960
5995,0.167936
5996,0.173056
5997,0.159744
5998,0.172032
5999,0.178176
6000,0.164864
6001,0.168960
6002,0.164864
6003,0.167936
6004,0.163840
6005,0.168960
6006,0.169984
6007,0.171008
6008,0.161792
6009,0.164864
6010,0.162816
6011,0.167936
6012,0.169984
6013,0.163840
6014,0.173056
6015,0.161792
6016,0.166912
6017,0.165888
6018,0.165888
6019,0.168960
6020,0.174080
6021,0.176128
6022,0.174080
6023,0.176128
6024,0.178176
6025,0.174080
6026,0.163840
6027,0.168960
6028,0.166912
6029,0.171008
6030,0.165888
6031,0.169984
6032,0.169984
6033,0.163840
6034,0.167936
6035,0.164864
6036,0.169984
6037,0.165888
6038,0.162816
6039,0.172032
6040,0.172032
6041,0.169984
6042,0.164864
6043,0.166912
6044,0.167936
6045,0.171008
6046,0.171008
6047,0.168960
6048,0.168960
6049,0.171008
6050,0.169984
6051,0.169984
6052,0.171008
6053,0.164864
6054,0.174080
6055,0.167936
6056,0.163840
6057,0.164864
6058,0.165888
6059,0.169984
6060,0.164864
6061,0.171008
6062,0.169984
6063,0.164864
6064,0.166912
6065,0.175104
6066,0.166912
6067,0.168960
6068,0.165888
6069,0.172032
6070,0.165888
6071,0.168960
6072,0.165888
6073,0.169984
6074,0.169984
6075,0.162816
6076,0.165888
6077,0.166912
6078,0.164864
6079,0.167936
6080,0.175104
6081,0.168960
6082,0.172032
6083,0.165888
6084,0.171008
6085,0.164864
6086,0.165888
6087,0.171008
6088,0.165888
6089,0.168960
6090,0.164864
6091,0.173056
6092,0.163840
6093,0.172032
6094,0.173056
6095,0.168960
6096,0.179200
6097,0.166912
6098,0.171008
6099,0.165888
6100,0.169984
6101,0.169984
6102,0.166912
6103,0.165888
6104,0.166912
6105,0.166912
6106,0.174080
6107,0.164864
6108,0.173056
6109,0.163840
6110,0.173056
6111,0.167936
6112,0.166912
6113,0.173056
6114,0.165888
6115,0.166912
6116,0.164864
6117,0.165888
6118,0.168960
6119,0.163840
6120,0.173056
6121,0.168960
6122,0.167936
6123,0.166912
6124,0.172032
6125,0.168960
6126,0.172032
6127,0.163840
6128,0.167936
6129,0.168960
6130,0.161792
6131,0.172032
6132,0.168960
6133,0.165888
6134,0.166912
6135,0.162816
6136,0.168960
6137,0.167936
6138,0.163840
6139,0.164864
6140,0.173056
6141,0.168960
6142,0.166912
6143,0.161792
6144,0.166912
6145,0.165888
6146,0.165888
6147,0.168960
6148,0.167936
6149,0.171008
6150,0.168960
6151,0.176128
6152,0.158720
6153,0.160768
6154,0.162816
6155,0.169984
6156,0.166912
6157,0.168960
6158,0.167936
6159,0.162816
6160,0.167936
6161,0.163840
6162,0.171008
6163,0.166912
6164,0.165888
6165,0.165888
6166,0.168960
6167,0.163840
6168,0.160768
6169,0.169984
6170,0.180224
6171,0.167936
6172,0.160768
6173,0.167936
6174,0.178176
6175,0.167936
6176,0.175104
6177,0.164864
6178,0.165888
6179,0.167936
6180,0.171008
6181,0.156672
6182,0.172032
6183,0.167936
6184,0.174080
6185,0.163840
6186,0.169984
6187,0.176128
6188,0.175104
6189,0.169984
6190,0.165888
6191,0.168960
6192,0.171008
6193,0.162816
6194,0.168960
6195,0.168960
6196,0.168960
6197,0.167936
6198,0.165888
6199,0.169984
6200,0.163840
6201,0.167936
6202,0.165888
6203,0.166912
6204,0.166912
6205,0.168960
6206,0.169984
6207,0.169984
6208,0.171008
6209,0.173056
6210,0.169984
6211,0.166912
6212,0.174080
6213,0.167936
6214,0.176128
6215,0.173056
6216,0.161792
6217,0.163840
6218,0.165888
6219,0.169984
6220,0.166912
6221,0.166912
6222,0.166912
6223,0.168960
6224,0.165888
6225,0.166912
6226,0.168960
6227,0.162816
6228,0.171008
6229,0.167936
6230,0.166912
6231,0.164864
6232,0.172032
6233,0.169984
6234,0.169984
6235,0.165888
6236,0.171008
6237,0.171008
6238,0.168960
6239,0.164864
6240,0.165888
6241,0.167936
6242,0.173056
6243,0.166912
6244,0.165888
6245,0.161792
6246,0.169984
6247,0.182272
6248,0.168960
6249,0.164864
6250,0.167936
6251,0.175104
6252,0.171008
6253,0.160768
6254,0.167936
6255,0.172032
6256,0.169984
6257,0.164864
6258,0.167936
6259,0.168960
6260,0.171008
6261,0.172032
6262,0.175104
6263,0.159744
6264,0.167936
6265,0.166912
6266,0.163840
6267,0.162816
6268,0.166912
6269,0.167936
6270,0.169984
6271,0.172032
6272,0.171008
6273,0.167936
6274,0.166912
6275,0.168960
6276,0.176128
6277,0.166912
6278,0.162816
6279,0.167936
6280,0.163840
6281,0.166912
6282,0.173056
6283,0.172032
6284,0.168960
6285,0.166912
6286,0.166912
6287,0.172032
6288,0.172032
6289,0.174080
6290,0.171008
6291,0.173056
6292,0.171008
6293,0.165888
6294,0.171008
6295,0.173056
6296,0.173056
6297,0.171008
6298,0.167936
6299,0.169984
6300,0.164864
6301,0.166912
6302,0.167936
6303,0.167936
6304,0.165888
6305,0.164864
6306,0.167936
6307,0.166912
6308,0.163840
6309,0.162816
6310,0.168960
6311,0.156672
6312,0.165888
6313,0.168960
6314,0.168960
6315,0.171008
6316,0.168960
6317,0.168960
6318,0.171008
6319,0.169984
6320,0.171008
6321,0.166912
6322,0.162816
6323,0.166912
6324,0.164864
6325,0.165888
6326,0.166912
6327,0.164864
6328,0.167936
6329,0.173056
6330,0.166912
6331,0.171008
6332,0.169984
6333,0.167936
6334,0.172032
6335,0.164864
6336,0.161792
6337,0.167936
6338,0.168960
6339,0.169984
6340,0.173056
6341,0.169984
6342,0.163840
6343,0.169984
6344,0.172032
6345,0.165888
6346,0.166912
6347,0.167936
6348,0.164864
6349,0.169984
6350,0.165888
6351,0.168960
6352,0.159744
6353,0.174080
6354,0.159744
6355,0.165888
6356,0.163840
6357,0.163840
6358,0.172032
6359,0.165888
6360,0.166912
6361,0.165888
6362,0.166912
6363,0.169984
6364,0.171008
6365,0.172032
6366,0.168960
6367,0.176128
6368,0.168960
6369,0.164864
6370,0.166912
6371,0.164864
6372,0.163840
6373,0.165888
6374,0.161792
6375,0.167936
6376,0.164864
6377,0.166912
6378,0.167936
6379,0.172032
6380,0.168960
6381,0.161792
6382,0.166912
6383,0.177152
6384,0.171008
6385,0.159744
6386,0.165888
6387,0.168960
6388,0.166912
6389,0.166912
6390,0.171008
6391,0.161792
6392,0.166912
6393,0.167936
6394,0.169984
6395,0.165888
6396,0.168960
6397,0.173056
6398,0.171008
6399,0.159744
6400,0.171008
6401,0.166912
6402,0.163840
6403,0.173056
6404,0.169984
6405,0.165888
6406,0.172032
6407,0.167936
6408,0.166912
6409,0.165888
6410,0.172032
6411,0.166912
6412,0.165888
6413,0.174080
6414,0.168960
6415,0.168960
6416,0.169984
6417,0.161792
6418,0.166912
6419,0.175104
6420,0.165888
6421,0.173056
6422,0.172032
6423,0.166912
6424,0.165888
6425,0.165888
6426,0.166912
6427,0.167936
6428,0.174080
6429,0.166912
6430,0.169984
6431,0.173056
6432,0.168960
6433,0.166912
6434,0.171008
6435,0.166912
6436,0.169984
6437,0.171008
6438,0.160768
6439,0.157696
6440,0.165888
6441,0.168960
6442,0.168960
6443,0.171008
6444,0.163840
6445,0.165888
6446,0.169984
6447,0.175104
6448,0.165888
6449,0.168960
6450,0.166912
6451,0.175104
6452,0.163840
6453,0.169984
6454,0.164864
6455,0.172032
6456,0.172032
6457,0.172032
6458,0.165888
6459,0.168960
6460,0.338944
6461,0.172032
6462,0.169984
6463,0.163840
6464,0.168960
6465,0.163840
6466,0.167936
6467,0.168960
6468,0.171008
6469,0.167936
6470,0.169984
6471,0.168960
6472,0.173056
6473,0.169984
6474,0.166912
6475,0.171008
6476,0.167936
6477,0.165888
6478,0.167936
6479,0.163840
6480,0.162816
6481,0.167936
6482,0.165888
6483,0.161792
6484,0.163840
6485,0.172032
6486,0.165888
6487,0.165888
6488,0.168960
6489,0.173056
6490,0.169984
6491,0.166912
6492,0.160768
6493,0.169984
6494,0.165888
6495,0.166912
6496,0.164864
6497,0.175104
6498,0.164864
6499,0.163840
6500,0.167936
6501,0.168960
6502,0.166912
6503,0.168960
6504,0.163840
6505,0.171008
6506,0.164864
6507,0.162816
6508,0.163840
6509,0.169984
6510,0.175104
6511,0.169984
6512,0.168960
6513,0.169984
6514,0.171008
6515,0.169984
6516,0.161792
6517,0.171008
6518,0.166912
6519,0.164864
6520,0.167936
6521,0.175104
6522,0.167936
6523,0.164864
6524,0.166912
6525,0.172032
6526,0.167936
6527,0.169984
6528,0.168960
6529,0.169984
6530,0.168960
6531,0.162816
6532,0.165888
6533,0.165888
6534,0.162816
6535,0.166912
6536,0.166912
6537,0.167936
6538,0.167936
6539,0.167936
6540,0.168960
6541,0.163840
6542,0.173056
6543,0.165888
6544,0.174080
6545,0.165888
6546,0.168960
6547,0.171008
6548,0.164864
6549,0.175104
6550,0.167936
6551,0.172032
6552,0.162816
6553,0.164864
6554,0.169984
6555,0.168960
6556,0.166912
6557,0.171008
6558,0.176128
6559,0.166912
6560,0.166912
6561,0.166912
6562,0.169984
6563,0.171008
6564,0.171008
6565,0.165888
6566,0.169984
6567,0.160768
6568,0.171008
6569,0.163840
6570,0.166912
6571,0.164864
6572,0.174080
6573,0.164864
6574,0.167936
6575,0.163840
6576,0.165888
6577,0.174080
6578,0.172032
6579,0.168960
6580,0.164864
6581,0.171008
6582,0.168960
6583,0.167936
6584,0.166912
6585,0.171008
6586,0.169984
6587,0.162816
6588,0.167936
6589,0.174080
6590,0.166912
6591,0.164864
6592,0.166912
6593,0.171008
6594,0.212992
6595,0.181248
6596,0.171008
6597,0.166912
6598,0.159744
6599,0.176128
6600,0.175104
6601,0.165888
6602,0.163840
6603,0.168960
6604,0.175104
6605,0.166912
6606,0.168960
6607,0.164864
6608,0.168960
6609,0.163840
6610,0.168960
6611,0.166912
6612,0.168960
6613,0.163840
6614,0.174080
6615,0.166912
6616,0.167936
6617,0.172032
6618,0.169984
6619,0.164864
6620,0.171008
6621,0.156672
6622,0.162816
6623,0.163840
6624,0.168960
6625,0.184320
6626,0.174080
6627,0.163840
6628,0.163840
6629,0.166912
6630,0.166912
6631,0.185344
6632,0.179200
6633,0.174080
6634,0.175104
6635,0.169984
6636,0.173056
6637,0.174080
6638,0.165888
6639,0.168960
6640,0.169984
6641,0.167936
6642,0.331776
6643,0.172032
6644,0.161792
6645,0.163840
6646,0.173056
6647,0.165888
6648,0.167936
6649,0.165888
6650,0.174080
6651,0.163840
6652,0.174080
6653,0.164864
6654,0.165888
6655,0.164864
6656,0.166912
6657,0.163840
6658,0.174080
6659,0.174080
6660,0.163840
6661,0.164864
6662,0.171008
6663,0.163840
6664,0.169984
6665,0.164864
6666,0.166912
6667,0.167936
6668,0.165888
6669,0.164864
6670,0.164864
6671,0.164864
6672,0.173056
6673,0.166912
6674,0.165888
6675,0.167936
6676,0.165888
6677,0.172032
6678,0.172032
6679,0.167936
6680,0.165888
6681,0.167936
6682,0.172032
6683,0.172032
6684,0.162816
6685,0.164864
6686,0.166912
6687,0.169984
6688,0.173056
6689,0.163840
6690,0.162816
6691,0.161792
6692,0.165888
6693,0.167936
6694,0.167936
6695,0.172032
6696,0.171008
6697,0.166912
6698,0.171008
6699,0.168960
6700,0.168960
6701,0.167936
6702,0.169984
6703,0.174080
6704,0.174080
6705,0.165888
6706,0.172032
6707,0.169984
6708,0.163840
6709,0.175104
6710,0.172032
6711,0.174080
6712,0.167936
6713,0.165888
6714,0.166912
6715,0.169984
6716,0.164864
6717,0.169984
6718,0.168960
6719,0.172032
6720,0.162816
6721,0.167936
6722,0.176128
6723,0.161792
6724,0.173056
6725,0.166912
6726,0.161792
6727,0.168960
6728,0.168960
6729,0.161792
6730,0.175104
6731,0.172032
6732,0.164864
6733,0.168960
6734,0.166912
6735,0.163840
6736,0.166912
6737,0.162816
6738,0.167936
6739,0.167936
6740,0.162816
6741,0.168960
6742,0.168960
6743,0.169984
6744,0.169984
6745,0.162816
6746,0.168960
6747,0.159744
6748,0.166912
6749,0.161792
6750,0.161792
6751,0.167936
6752,0.165888
6753,0.163840
6754,0.163840
6755,0.171008
6756,0.164864
6757,0.166912
6758,0.165888
6759,0.173056
6760,0.164864
6761,0.169984
6762,0.169984
6763,0.165888
6764,0.169984
6765,0.167936
6766,0.166912
6767,0.160768
6768,0.168960
6769,0.165888
6770,0.167936
6771,0.161792
6772,0.168960
6773,0.166912
6774,0.171008
6775,0.168960
6776,0.164864
6777,0.164864
6778,0.165888
6779,0.169984
6780,0.165888
6781,0.165888
6782,0.164864
6783,0.164864
6784,0.166912
6785,0.164864
6786,0.169984
6787,0.168960
6788,0.166912
6789,0.172032
6790,0.165888
6791,0.167936
6792,0.166912
6793,0.164864
6794,0.164864
6795,0.164864
6796,0.160768
6797,0.167936
6798,0.169984
6799,0.168960
6800,0.172032
6801,0.176128
6802,0.162816
6803,0.173056
6804,0.169984
6805,0.168960
6806,0.159744
6807,0.168960
6808,0.172032
6809,0.168960
6810,0.171008
6811,0.164864
6812,0.175104
6813,0.167936
6814,0.175104
6815,0.166912
6816,0.165888
6817,0.168960
6818,0.167936
6819,0.166912
6820,0.172032
6821,0.157696
6822,0.163840
6823,0.164864
6824,0.165888
6825,0.164864
6826,0.161792
6827,0.162816
6828,0.165888
6829,0.165888
6830,0.173056
6831,0.161792
6832,0.166912
6833,0.167936
6834,0.171008
6835,0.168960
6836,0.168960
6837,0.164864
6838,0.165888
6839,0.164864
6840,0.167936
6841,0.167936
6842,0.172032
6843,0.167936
6844,0.165888
6845,0.165888
6846,0.165888
6847,0.164864
6848,0.168960
6849,0.172032
6850,0.164864
6851,0.167936
6852,0.164864
6853,0.173056
6854,0.167936
6855,0.166912
6856,0.169984
6857,0.164864
6858,0.168960
6859,0.165888
6860,0.166912
6861,0.163840
6862,0.164864
6863,0.164864
6864,0.168960
6865,0.166912
6866,0.163840
6867,0.166912
6868,0.168960
6869,0.168960
6870,0.168960
6871,0.166912
6872,0.171008
6873,0.164864
6874,0.167936
6875,0.171008
6876,0.166912
6877,0.169984
6878,0.166912
6879,0.165888
6880,0.167936
6881,0.162816
6882,0.162816
6883,0.163840
6884,0.167936
6885,0.167936
6886,0.164864
6887,0.171008
6888,0.165888
6889,0.163840
6890,0.161792
6891,0.166912
6892,0.168960
6893,0.166912
6894,0.163840
6895,0.172032
6896,0.162816
6897,0.172032
6898,0.169984
6899,0.163840
6900,0.167936
6901,0.168960
6902,0.162816
6903,0.171008
6904,0.165888
6905,0.166912
6906,0.176128
6907,0.169984
6908,0.162816
6909,0.171008
6910,0.173056
6911,0.165888
6912,0.169984
6913,0.166912
6914,0.162816
6915,0.167936
6916,0.166912
6917,0.172032
6918,0.167936
6919,0.167936
6920,0.166912
6921,0.167936
6922,0.167936
6923,0.169984
6924,0.169984
6925,0.165888
6926,0.166912
6927,0.159744
6928,0.168960
6929,0.161792
6930,0.165888
6931,0.166912
6932,0.164864
6933,0.168960
6934,0.163840
6935,0.168960
6936,0.159744
6937,0.169984
6938,0.167936
6939,0.166912
6940,0.165888
6941,0.168960
6942,0.174080
6943,0.165888
6944,0.169984
6945,0.169984
6946,0.166912
6947,0.179200
6948,0.164864
6949,0.172032
6950,0.174080
6951,0.171008
6952,0.165888
6953,0.165888
6954,0.164864
6955,0.172032
6956,0.164864
6957,0.169984
6958,0.171008
6959,0.169984
6960,0.166912
6961,0.167936
6962,0.166912
6963,0.164864
6964,0.162816
6965,0.168960
6966,0.167936
6967,0.175104
6968,0.165888
6969,0.164864
6970,0.169984
6971,0.164864
6972,0.163840
6973,0.179200
6974,0.167936
6975,0.173056
6976,0.176128
6977,0.175104
6978,0.165888
6979,0.167936
6980,0.171008
6981,0.164864
6982,0.174080
6983,0.172032
6984,0.167936
6985,0.163840
6986,0.165888
6987,0.168960
6988,0.167936
6989,0.173056
6990,0.172032
6991,0.163840
6992,0.163840
6993,0.165888
6994,0.165888
6995,0.163840
6996,0.162816
6997,0.165888
6998,0.168960
6999,0.166912
7000,0.165888
7001,0.165888
7002,0.165888
7003,0.165888
7004,0.168960
7005,0.162816
7006,0.166912
7007,0.169984
7008,0.165888
7009,0.173056
7010,0.167936
7011,0.167936
7012,0.174080
7013,0.169984
7014,0.175104
7015,0.169984
7016,0.172032
7017,0.163840
7018,0.169984
7019,0.174080
7020,0.163840
7021,0.165888
7022,0.169984
7023,0.173056
7024,0.164864
7025,0.168960
7026,0.164864
7027,0.161792
7028,0.167936
7029,0.165888
7030,0.172032
7031,0.162816
7032,0.178176
7033,0.159744
7034,0.172032
7035,0.165888
7036,0.171008
7037,0.171008
7038,0.164864
7039,0.168960
7040,0.166912
7041,0.172032
7042,0.164864
7043,0.169984
7044,0.177152
7045,0.171008
7046,0.169984
7047,0.165888
7048,0.168960
7049,0.168960
7050,0.165888
7051,0.168960
7052,0.169984
7053,0.168960
7054,0.171008
7055,0.175104
7056,0.174080
7057,0.166912
7058,0.166912
7059,0.169984
7060,0.172032
7061,0.169984
7062,0.172032
7063,0.171008
7064,0.166912
7065,0.160768
7066,0.165888
7067,0.165888
7068,0.166912
7069,0.167936
7070,0.166912
7071,0.163840
7072,0.168960
7073,0.171008
7074,0.167936
7075,0.172032
7076,0.167936
7077,0.173056
7078,0.167936
7079,0.168960
7080,0.166912
7081,0.172032
7082,0.168960
7083,0.171008
7084,0.171008
7085,0.164864
7086,0.168960
7087,0.169984
7088,0.171008
7089,0.168960
7090,0.167936
7091,0.166912
7092,0.164864
7093,0.176128
7094,0.161792
7095,0.175104
7096,0.166912
7097,0.171008
7098,0.167936
7099,0.163840
7100,0.163840
7101,0.168960
7102,0.167936
7103,0.166912
7104,0.167936
7105,0.163840
7106,0.172032
7107,0.167936
7108,0.177152
7109,0.169984
7110,0.172032
7111,0.171008
7112,0.175104
7113,0.165888
7114,0.173056
7115,0.169984
7116,0.165888
7117,0.163840
7118,0.172032
7119,0.163840
7120,0.168960
7121,0.168960
7122,0.166912
7123,0.178176
7124,0.167936
7125,0.167936
7126,0.174080
7127,0.168960
7128,0.163840
7129,0.161792
7130,0.166912
7131,0.165888
7132,0.167936
7133,0.168960
7134,0.169984
7135,0.162816
7136,0.166912
7137,0.169984
7138,0.165888
7139,0.165888
7140,0.163840
7141,0.173056
7142,0.163840
7143,0.172032
7144,0.173056
7145,0.168960
7146,0.172032
7147,0.167936
7148,0.173056
7149,0.167936
7150,0.172032
7151,0.162816
7152,0.169984
7153,0.169984
7154,0.171008
7155,0.168960
7156,0.173056
7157,0.167936
7158,0.168960
7159,0.171008
7160,0.165888
7161,0.161792
7162,0.169984
7163,0.165888
7164,0.161792
7165,0.176128
7166,0.167936
7167,0.162816
7168,0.164864
7169,0.174080
7170,0.167936
7171,0.166912
7172,0.168960
7173,0.173056
7174,0.172032
7175,0.172032
7176,0.166912
7177,0.168960
7178,0.171008
7179,0.166912
7180,0.171008
7181,0.168960
7182,0.162816
7183,0.161792
7184,0.166912
7185,0.171008
7186,0.169984
7187,0.165888
7188,0.166912
7189,0.168960
7190,0.164864
7191,0.174080
7192,0.169984
7193,0.176128
7194,0.172032
7195,0.169984
7196,0.166912
7197,0.336896
7198,0.171008
7199,0.163840
7200,0.163840
7201,0.163840
7202,0.164864
7203,0.164864
7204,0.167936
7205,0.165888
7206,0.168960
7207,0.169984
7208,0.164864
7209,0.164864
7210,0.162816
7211,0.167936
7212,0.164864
7213,0.166912
7214,0.174080
7215,0.159744
7216,0.163840
7217,0.159744
7218,0.168960
7219,0.167936
7220,0.166912
7221,0.168960
7222,0.168960
7223,0.160768
7224,0.167936
7225,0.164864
7226,0.168960
7227,0.162816
7228,0.161792
7229,0.164864
7230,0.166912
7231,0.166912
7232,0.163840
7233,0.163840
7234,0.169984
7235,0.163840
7236,0.166912
7237,0.166912
7238,0.168960
7239,0.167936
7240,0.169984
7241,0.164864
7242,0.165888
7243,0.163840
7244,0.168960
7245,0.173056
7246,0.167936
7247,0.165888
7248,0.171008
7249,0.167936
7250,0.163840
7251,0.167936
7252,0.167936
7253,0.167936
7254,0.164864
7255,0.168960
7256,0.164864
7257,0.172032
7258,0.168960
7259,0.171008
7260,0.164864
7261,0.171008
7262,0.168960
7263,0.169984
7264,0.164864
7265,0.168960
7266,0.173056
7267,0.173056
7268,0.165888
7269,0.163840
7270,0.163840
7271,0.171008
7272,0.162816
7273,0.167936
7274,0.167936
7275,0.162816
7276,0.168960
7277,0.167936
7278,0.162816
7279,0.167936
7280,0.171008
7281,0.167936
7282,0.160768
7283,0.168960
7284,0.173056
7285,0.166912
7286,0.168960
7287,0.162816
7288,0.164864
7289,0.166912
7290,0.164864
7291,0.164864
7292,0.173056
7293,0.156672
7294,0.169984
7295,0.163840
7296,0.169984
7297,0.165888
7298,0.166912
7299,0.167936
7300,0.162816
7301,0.171008
7302,0.171008
7303,0.171008
7304,0.167936
7305,0.173056
7306,0.169984
7307,0.171008
7308,0.165888
7309,0.166912
7310,0.163840
7311,0.168960
7312,0.175104
7313,0.172032
7314,0.167936
7315,0.161792
7316,0.175104
7317,0.163840
7318,0.166912
7319,0.168960
7320,0.166912
7321,0.173056
7322,0.164864
7323,0.167936
7324,0.163840
7325,0.163840
7326,0.163840
7327,0.163840
7328,0.168960
7329,0.162816
7330,0.166912
7331,0.166912
7332,0.162816
7333,0.167936
7334,0.165888
7335,0.167936
7336,0.166912
7337,0.167936
7338,0.171008
7339,0.169984
7340,0.166912
7341,0.163840
7342,0.166912
7343,0.174080
7344,0.163840
7345,0.164864
7346,0.169984
7347,0.171008
7348,0.167936
7349,0.167936
7350,0.172032
7351,0.165888
7352,0.168960
7353,0.178176
7354,0.169984
7355,0.166912
7356,0.169984
7357,0.169984
7358,0.172032
7359,0.163840
7360,0.167936
7361,0.171008
7362,0.174080
7363,0.172032
7364,0.167936
7365,0.168960
7366,0.171008
7367,0.168960
7368,0.167936
7369,0.171008
7370,0.173056
7371,0.162816
7372,0.167936
7373,0.165888
7374,0.169984
7375,0.173056
7376,0.168960
7377,0.176128
7378,0.171008
7379,0.171008
7380,0.167936
7381,0.166912
7382,0.167936
7383,0.169984
7384,0.168960
7385,0.166912
7386,0.166912
7387,0.168960
7388,0.168960
7389,0.171008
7390,0.168960
7391,0.171008
7392,0.166912
7393,0.167936
7394,0.167936
7395,0.164864
7396,0.166912
7397,0.169984
7398,0.171008
7399,0.166912
7400,0.165888
7401,0.166912
7402,0.166912
7403,0.166912
7404,0.166912
7405,0.166912
7406,0.172032
7407,0.166912
7408,0.168960
7409,0.168960
7410,0.172032
7411,0.174080
7412,0.175104
7413,0.166912
7414,0.172032
7415,0.174080
7416,0.168960
7417,0.165888
7418,0.168960
7419,0.164864
7420,0.300032
7421,0.165888
7422,0.162816
7423,0.169984
7424,0.168960
7425,0.173056
7426,0.167936
7427,0.166912
7428,0.166912
7429,0.167936
7430,0.167936
7431,0.165888
7432,0.174080
7433,0.168960
7434,0.169984
7435,0.169984
7436,0.175104
7437,0.163840
7438,0.172032
7439,0.172032
7440,0.172032
7441,0.165888
7442,0.166912
7443,0.169984
7444,0.177152
7445,0.181248
7446,0.164864
7447,0.171008
7448,0.163840
7449,0.168960
7450,0.179200
7451,0.163840
7452,0.171008
7453,0.168960
7454,0.171008
7455,0.174080
7456,0.169984
7457,0.166912
7458,0.166912
7459,0.168960
7460,0.165888
7461,0.174080
7462,0.167936
7463,0.166912
7464,0.167936
7465,0.172032
7466,0.175104
7467,0.164864
7468,0.167936
7469,0.166912
7470,0.172032
7471,0.165888
7472,0.165888
7473,0.165888
7474,0.165888
7475,0.172032
7476,0.178176
7477,0.171008
7478,0.164864
7479,0.172032
7480,0.167936
7481,0.168960
7482,0.164864
7483,0.168960
7484,0.168960
7485,0.167936
7486,0.163840
7487,0.165888
7488,0.163840
7489,0.161792
7490,0.166912
7491,0.165888
7492,0.166912
7493,0.163840
7494,0.166912
7495,0.166912
7496,0.168960
7497,0.169984
7498,0.169984
7499,0.166912
7500,0.172032
7501,0.168960
7502,0.178176
7503,0.159744
7504,0.162816
7505,0.166912
7506,0.166912
7507,0.164864
7508,0.162816
7509,0.169984
7510,0.161792
7511,0.168960
7512,0.166912
7513,0.173056
7514,0.174080
7515,0.165888
7516,0.177152
7517,0.164864
7518,0.167936
7519,0.168960
7520,0.176128
7521,0.163840
7522,0.173056
7523,0.177152
7524,0.174080
7525,0.171008
7526,0.175104
7527,0.165888
7528,0.165888
7529,0.169984
7530,0.167936
7531,0.167936
7532,0.174080
7533,0.164864
7534,0.168960
7535,0.169984
7536,0.173056
7537,0.172032
7538,0.177152
7539,0.167936
7540,0.168960
7541,0.168960
7542,0.165888
7543,0.167936
7544,0.172032
7545,0.167936
7546,0.167936
7547,0.167936
7548,0.168960
7549,0.166912
7550,0.173056
7551,0.173056
7552,0.166912
7553,0.174080
7554,0.164864
7555,0.159744
7556,0.162816
7557,0.173056
7558,0.176128
7559,0.167936
7560,0.167936
7561,0.168960
7562,0.168960
7563,0.164864
7564,0.166912
7565,0.163840
7566,0.165888
7567,0.171008
7568,0.175104
7569,0.166912
7570,0.167936
7571,0.169984
7572,0.168960
7573,0.167936
7574,0.167936
7575,0.173056
7576,0.169984
7577,0.169984
7578,0.161792
7579,0.164864
7580,0.168960
7581,0.164864
7582,0.172032
7583,0.165888
7584,0.163840
7585,0.167936
7586,0.166912
7587,0.166912
7588,0.178176
7589,0.172032
7590,0.169984
7591,0.161792
7592,0.166912
7593,0.166912
7594,0.164864
7595,0.166912
7596,0.161792
7597,0.173056
7598,0.169984
7599,0.168960
7600,0.172032
7601,0.166912
7602,0.163840
7603,0.173056
7604,0.176128
7605,0.175104
7606,0.168960
7607,0.165888
7608,0.166912
7609,0.166912
7610,0.173056
7611,0.171008
7612,0.168960
7613,0.168960
7614,0.165888
7615,0.161792
7616,0.174080
7617,0.174080
7618,0.163840
7619,0.161792
7620,0.174080
7621,0.160768
7622,0.168960
7623,0.169984
7624,0.164864
7625,0.162816
7626,0.166912
7627,0.168960
7628,0.168960
7629,0.168960
7630,0.161792
7631,0.165888
7632,0.162816
7633,0.166912
7634,0.167936
7635,0.168960
7636,0.166912
7637,0.168960
7638,0.169984
7639,0.167936
7640,0.165888
7641,0.165888
7642,0.168960
7643,0.162816
7644,0.171008
7645,0.164864
7646,0.164864
7647,0.168960
7648,0.167936
7649,0.164864
7650,0.167936
7651,0.162816
7652,0.165888
7653,0.162816
7654,0.166912
7655,0.176128
7656,0.163840
7657,0.163840
7658,0.164864
7659,0.169984
7660,0.167936
7661,0.172032
7662,0.166912
7663,0.171008
7664,0.167936
7665,0.166912
7666,0.168960
7667,0.169984
7668,0.167936
7669,0.171008
7670,0.168960
7671,0.172032
7672,0.172032
7673,0.161792
7674,0.167936
7675,0.162816
7676,0.165888
7677,0.171008
7678,0.171008
7679,0.172032
7680,0.166912
7681,0.168960
7682,0.168960
7683,0.174080
7684,0.172032
7685,0.168960
7686,0.163840
7687,0.174080
7688,0.173056
7689,0.164864
7690,0.166912
7691,0.167936
7692,0.171008
7693,0.168960
7694,0.165888
7695,0.173056
7696,0.166912
7697,0.171008
7698,0.167936
7699,0.168960
7700,0.165888
7701,0.176128
7702,0.165888
7703,0.174080
7704,0.168960
7705,0.169984
7706,0.162816
7707,0.167936
7708,0.173056
7709,0.168960
7710,0.167936
7711,0.163840
7712,0.169984
7713,0.168960
7714,0.167936
7715,0.173056
7716,0.169984
7717,0.169984
7718,0.174080
7719,0.168960
7720,0.168960
7721,0.173056
7722,0.171008
7723,0.166912
7724,0.168960
7725,0.165888
7726,0.165888
7727,0.171008
7728,0.168960
7729,0.165888
7730,0.167936
7731,0.178176
7732,0.168960
7733,0.167936
7734,0.165888
7735,0.174080
7736,0.163840
7737,0.165888
7738,0.168960
7739,0.175104
7740,0.164864
7741,0.167936
7742,0.166912
7743,0.166912
7744,0.176128
7745,0.164864
7746,0.167936
7747,0.162816
7748,0.164864
7749,0.173056
7750,0.168960
7751,0.162816
7752,0.162816
7753,0.171008
7754,0.169984
7755,0.165888
7756,0.160768
7757,0.165888
7758,0.169984
7759,0.175104
7760,0.172032
7761,0.167936
7762,0.167936
7763,0.166912
7764,0.169984
7765,0.163840
7766,0.160768
7767,0.171008
7768,0.164864
7769,0.163840
7770,0.169984
7771,0.172032
7772,0.171008
7773,0.164864
7774,0.164864
7775,0.165888
7776,0.166912
7777,0.167936
7778,0.161792
7779,0.163840
7780,0.163840
7781,0.168960
7782,0.168960
7783,0.166912
7784,0.166912
7785,0.166912
7786,0.169984
7787,0.162816
7788,0.161792
7789,0.169984
7790,0.168960
7791,0.167936
7792,0.164864
7793,0.166912
7794,0.162816
7795,0.163840
7796,0.163840
7797,0.172032
7798,0.168960
7799,0.163840
7800,0.164864
7801,0.166912
7802,0.175104
7803,0.173056
7804,0.167936
7805,0.167936
7806,0.165888
7807,0.167936
7808,0.169984
7809,0.165888
7810,0.167936
7811,0.166912
7812,0.163840
7813,0.164864
7814,0.169984
7815,0.173056
7816,0.178176
7817,0.171008
7818,0.160768
7819,0.169984
7820,0.162816
7821,0.166912
7822,0.162816
7823,0.162816
7824,0.172032
7825,0.171008
7826,0.177152
7827,0.171008
7828,0.175104
7829,0.172032
7830,0.167936
7831,0.164864
7832,0.175104
7833,0.164864
7834,0.174080
7835,0.165888
7836,0.167936
7837,0.163840
7838,0.167936
7839,0.166912
7840,0.176128
7841,0.164864
7842,0.162816
7843,0.164864
7844,0.166912
7845,0.166912
7846,0.166912
7847,0.164864
7848,0.167936
7849,0.169984
7850,0.162816
7851,0.166912
7852,0.165888
7853,0.164864
7854,0.169984
7855,0.169984
7856,0.166912
7857,0.168960
7858,0.177152
7859,0.166912
7860,0.166912
7861,0.167936
7862,0.162816
7863,0.165888
7864,0.169984
7865,0.166912
7866,0.167936
7867,0.166912
7868,0.167936
7869,0.169984
7870,0.167936
7871,0.171008
7872,0.167936
7873,0.169984
7874,0.169984
7875,0.166912
7876,0.168960
7877,0.163840
7878,0.164864
7879,0.178176
7880,0.167936
7881,0.172032
7882,0.161792
7883,0.168960
7884,0.166912
7885,0.165888
7886,0.168960
7887,0.165888
7888,0.172032
7889,0.171008
7890,0.162816
7891,0.167936
7892,0.174080
7893,0.168960
7894,0.169984
7895,0.165888
7896,0.173056
7897,0.168960
7898,0.172032
7899,0.165888
7900,0.166912
7901,0.171008
7902,0.172032
7903,0.161792
7904,0.160768
7905,0.166912
7906,0.164864
7907,0.165888
7908,0.164864
7909,0.162816
7910,0.171008
7911,0.163840
7912,0.166912
7913,0.169984
7914,0.164864
7915,0.164864
7916,0.163840
7917,0.169984
7918,0.165888
7919,0.166912
7920,0.160768
7921,0.167936
7922,0.174080
7923,0.163840
7924,0.166912
7925,0.164864
7926,0.167936
7927,0.164864
7928,0.171008
7929,0.166912
7930,0.175104
7931,0.169984
7932,0.165888
7933,0.167936
7934,0.164864
7935,0.169984
7936,0.167936
7937,0.168960
7938,0.171008
7939,0.167936
7940,0.169984
7941,0.164864
7942,0.166912
7943,0.166912
7944,0.169984
7945,0.165888
7946,0.163840
7947,0.168960
7948,0.167936
7949,0.172032
7950,0.167936
7951,0.172032
7952,0.171008
7953,0.160768
7954,0.164864
7955,0.168960
7956,0.171008
7957,0.175104
7958,0.165888
7959,0.168960
7960,0.164864
7961,0.167936
7962,0.166912
7963,0.165888
7964,0.168960
7965,0.162816
7966,0.164864
7967,0.169984
7968,0.168960
7969,0.172032
7970,0.171008
7971,0.166912
7972,0.162816
7973,0.335872
7974,0.171008
7975,0.174080
7976,0.171008
7977,0.171008
7978,0.171008
7979,0.166912
7980,0.174080
7981,0.164864
7982,0.163840
7983,0.167936
7984,0.168960
7985,0.169984
7986,0.176128
7987,0.160768
7988,0.172032
7989,0.174080
7990,0.163840
7991,0.168960
7992,0.165888
7993,0.164864
7994,0.166912
7995,0.176128
7996,0.162816
7997,0.169984
7998,0.161792
7999,0.166912
8000,0.167936
8001,0.163840
8002,0.161792
8003,0.180224
8004,0.175104
8005,0.166912
8006,0.176128
8007,0.174080
8008,0.165888
8009,0.164864
8010,0.166912
8011,0.165888
8012,0.307200
8013,0.163840
8014,0.174080
8015,0.163840
8016,0.176128
8017,0.163840
8018,0.173056
8019,0.168960
8020,0.169984
8021,0.168960
8022,0.166912
8023,0.178176
8024,0.171008
8025,0.161792
8026,0.163840
8027,0.171008
8028,0.165888
8029,0.163840
8030,0.172032
8031,0.165888
8032,0.171008
8033,0.164864
8034,0.165888
8035,0.160768
8036,0.172032
8037,0.168960
8038,0.164864
8039,0.165888
8040,0.168960
8041,0.161792
8042,0.162816
8043,0.162816
8044,0.166912
8045,0.164864
8046,0.173056
8047,0.168960
8048,0.179200
8049,0.175104
8050,0.168960
8051,0.171008
8052,0.166912
8053,0.168960
8054,0.172032
8055,0.169984
8056,0.171008
8057,0.167936
8058,0.172032
8059,0.165888
8060,0.162816
8061,0.168960
8062,0.162816
8063,0.169984
8064,0.166912
8065,0.160768
8066,0.173056
8067,0.167936
8068,0.166912
8069,0.168960
8070,0.168960
8071,0.167936
8072,0.164864
8073,0.167936
8074,0.164864
8075,0.166912
8076,0.167936
8077,0.169984
8078,0.171008
8079,0.168960
8080,0.164864
8081,0.159744
8082,0.163840
8083,0.162816
8084,0.166912
8085,0.164864
8086,0.162816
8087,0.163840
8088,0.169984
8089,0.161792
8090,0.165888
8091,0.172032
8092,0.169984
8093,0.161792
8094,0.164864
8095,0.164864
8096,0.165888
8097,0.166912
8098,0.159744
8099,0.168960
8100,0.169984
8101,0.163840
8102,0.168960
8103,0.174080
8104,0.175104
8105,0.166912
8106,0.167936
8107,0.166912
8108,0.172032
8109,0.167936
8110,0.165888
8111,0.160768
8112,0.167936
8113,0.171008
8114,0.172032
8115,0.168960
8116,0.164864
8117,0.167936
8118,0.171008
8119,0.162816
8120,0.164864
8121,0.165888
8122,0.164864
8123,0.171008
8124,0.171008
8125,0.163840
8126,0.168960
8127,0.164864
8128,0.171008
8129,0.166912
8130,0.164864
8131,0.179200
8132,0.176128
8133,0.167936
8134,0.171008
8135,0.172032
8136,0.168960
8137,0.168960
8138,0.166912
8139,0.163840
8140,0.169984
8141,0.163840
8142,0.162816
8143,0.165888
8144,0.168960
8145,0.169984
8146,0.169984
8147,0.173056
8148,0.175104
8149,0.169984
8150,0.168960
8151,0.168960
8152,0.165888
8153,0.164864
8154,0.166912
8155,0.173056
8156,0.173056
8157,0.166912
8158,0.169984
8159,0.165888
8160,0.167936
8161,0.159744
8162,0.159744
8163,0.166912
8164,0.166912
8165,0.168960
8166,0.168960
8167,0.167936
8168,0.164864
8169,0.173056
8170,0.162816
8171,0.163840
8172,0.169984
8173,0.169984
8174,0.168960
8175,0.173056
8176,0.165888
8177,0.171008
8178,0.163840
8179,0.167936
8180,0.166912
8181,0.159744
8182,0.166912
8183,0.168960
8184,0.172032
8185,0.166912
8186,0.167936
8187,0.167936
8188,0.172032
8189,0.169984
8190,0.171008
8191,0.171008
8192,0.169984
8193,0.168960
8194,0.171008
8195,0.164864
8196,0.162816
8197,0.169984
8198,0.163840
8199,0.165888
8200,0.163840
8201,0.159744
8202,0.163840
8203,0.162816
8204,0.168960
8205,0.166912
8206,0.168960
8207,0.168960
8208,0.167936
8209,0.168960
8210,0.164864
8211,0.164864
8212,0.166912
8213,0.165888
8214,0.166912
8215,0.169984
8216,0.166912
8217,0.166912
8218,0.169984
8219,0.171008
8220,0.172032
8221,0.173056
8222,0.171008
8223,0.171008
8224,0.165888
8225,0.165888
8226,0.169984
8227,0.169984
8228,0.165888
8229,0.164864
8230,0.165888
8231,0.168960
8232,0.163840
8233,0.166912
8234,0.166912
8235,0.167936
8236,0.161792
8237,0.166912
8238,0.167936
8239,0.168960
8240,0.167936
8241,0.168960
8242,0.168960
8243,0.168960
8244,0.164864
8245,0.176128
8246,0.163840
8247,0.166912
8248,0.164864
8249,0.163840
8250,0.165888
8251,0.169984
8252,0.167936
8253,0.171008
8254,0.165888
8255,0.164864
8256,0.171008
8257,0.172032
8258,0.165888
8259,0.171008
8260,0.171008
8261,0.169984
8262,0.163840
8263,0.166912
8264,0.174080
8265,0.163840
8266,0.175104
8267,0.174080
8268,0.164864
8269,0.167936
8270,0.164864
8271,0.166912
8272,0.171008
8273,0.172032
8274,0.164864
8275,0.168960
8276,0.169984
8277,0.167936
8278,0.167936
8279,0.172032
8280,0.171008
8281,0.168960
8282,0.167936
8283,0.165888
8284,0.163840
8285,0.168960
8286,0.162816
8287,0.168960
8288,0.165888
8289,0.166912
8290,0.168960
8291,0.169984
8292,0.166912
8293,0.167936
8294,0.166912
8295,0.169984
8296,0.173056
8297,0.168960
8298,0.164864
8299,0.176128
8300,0.167936
8301,0.164864
8302,0.167936
8303,0.165888
8304,0.168960
8305,0.162816
8306,0.164864
8307,0.167936
8308,0.169984
8309,0.167936
8310,0.171008
8311,0.167936
8312,0.174080
8313,0.167936
8314,0.166912
8315,0.165888
8316,0.167936
8317,0.162816
8318,0.172032
8319,0.165888
8320,0.166912
8321,0.165888
8322,0.164864
8323,0.165888
8324,0.167936
8325,0.165888
8326,0.172032
8327,0.162816
8328,0.168960
8329,0.164864
8330,0.166912
8331,0.165888
8332,0.166912
8333,0.167936
8334,0.167936
8335,0.165888
8336,0.171008
8337,0.171008
8338,0.172032
8339,0.169984
8340,0.168960
8341,0.171008
8342,0.173056
8343,0.165888
8344,0.172032
8345,0.167936
8346,0.165888
8347,0.166912
8348,0.165888
8349,0.169984
8350,0.161792
8351,0.163840
8352,0.169984
8353,0.168960
8354,0.164864
8355,0.165888
8356,0.168960
8357,0.174080
8358,0.163840
8359,0.171008
8360,0.168960
8361,0.172032
8362,0.173056
8363,0.169984
8364,0.169984
8365,0.165888
8366,0.168960
8367,0.171008
8368,0.164864
8369,0.162816
8370,0.165888
8371,0.161792
8372,0.166912
8373,0.169984
8374,0.162816
8375,0.164864
8376,0.176128
8377,0.165888
8378,0.172032
8379,0.176128
8380,0.178176
8381,0.166912
8382,0.165888
8383,0.167936
8384,0.173056
8385,0.164864
8386,0.165888
8387,0.171008
8388,0.166912
8389,0.169984
8390,0.164864
8391,0.166912
8392,0.174080
8393,0.173056
8394,0.165888
8395,0.161792
8396,0.169984
8397,0.168960
8398,0.167936
8399,0.168960
8400,0.169984
8401,0.176128
8402,0.165888
8403,0.163840
8404,0.172032
8405,0.166912
8406,0.337920
8407,0.168960
8408,0.172032
8409,0.165888
8410,0.179200
8411,0.365568
8412,0.174080
8413,0.172032
8414,0.168960
8415,0.177152
8416,0.173056
8417,0.164864
8418,0.167936
8419,0.177152
8420,0.162816
8421,0.167936
8422,0.177152
8423,0.165888
8424,0.168960
8425,0.169984
8426,0.168960
8427,0.167936
8428,0.177152
8429,0.167936
8430,0.165888
8431,0.172032
8432,0.174080
8433,0.171008
8434,0.167936
8435,0.168960
8436,0.165888
8437,0.162816
8438,0.171008
8439,0.172032
8440,0.162816
8441,0.171008
8442,0.165888
8443,0.167936
8444,0.160768
8445,0.172032
8446,0.168960
8447,0.173056
8448,0.164864
8449,0.165888
8450,0.172032
8451,0.174080
8452,0.167936
8453,0.166912
8454,0.164864
8455,0.165888
8456,0.164864
8457,0.164864
8458,0.166912
8459,0.166912
8460,0.166912
8461,0.164864
8462,0.166912
8463,0.165888
8464,0.166912
8465,0.166912
8466,0.167936
8467,0.168960
8468,0.164864
8469,0.194560
8470,0.165888
8471,0.160768
8472,0.163840
8473,0.165888
8474,0.177152
8475,0.167936
8476,0.165888
8477,0.172032
8478,0.172032
8479,0.171008
8480,0.166912
8481,0.175104
8482,0.163840
8483,0.166912
8484,0.164864
8485,0.169984
8486,0.160768
8487,0.171008
8488,0.169984
8489,0.173056
8490,0.172032
8491,0.169984
8492,0.172032
8493,0.167936
8494,0.172032
8495,0.161792
8496,0.168960
8497,0.167936
8498,0.169984
8499,0.161792
8500,0.171008
8501,0.167936
8502,0.162816
8503,0.173056
8504,0.164864
8505,0.172032
8506,0.160768
8507,0.163840
8508,0.168960
8509,0.171008
8510,0.167936
8511,0.177152
8512,0.172032
8513,0.178176
8514,0.160768
8515,0.169984
8516,0.165888
8517,0.167936
8518,0.165888
8519,0.166912
8520,0.169984
8521,0.166912
8522,0.168960
8523,0.163840
8524,0.168960
8525,0.166912
8526,0.162816
8527,0.163840
8528,0.167936
8529,0.166912
8530,0.169984
8531,0.176128
8532,0.163840
8533,0.169984
8534,0.164864
8535,0.166912
8536,0.169984
8537,0.175104
8538,0.166912
8539,0.167936
8540,0.183296
8541,0.159744
8542,0.184320
8543,0.162816
8544,0.172032
8545,0.167936
8546,0.168960
8547,0.161792
8548,0.180224
8549,0.173056
8550,0.178176
8551,0.167936
8552,0.171008
8553,0.180224
8554,0.168960
8555,0.168960
8556,0.166912
8557,0.175104
8558,0.166912
8559,0.166912
8560,0.164864
8561,0.166912
8562,0.163840
8563,0.167936
8564,0.171008
8565,0.166912
8566,0.164864
8567,0.173056
8568,0.175104
8569,0.174080
8570,0.166912
8571,0.171008
8572,0.166912
8573,0.164864
8574,0.163840
8575,0.164864
8576,0.178176
8577,0.164864
8578,0.168960
8579,0.169984
8580,0.173056
8581,0.162816
8582,0.171008
8583,0.167936
8584,0.165888
8585,0.169984
8586,0.175104
8587,0.165888
8588,0.171008
8589,0.167936
8590,0.166912
8591,0.164864
8592,0.166912
8593,0.166912
8594,0.162816
8595,0.160768
8596,0.178176
8597,0.168960
8598,0.169984
8599,0.165888
8600,0.165888
8601,0.167936
8602,0.173056
8603,0.160768
8604,0.166912
8605,0.163840
8606,0.167936
8607,0.163840
8608,0.166912
8609,0.166912
8610,0.169984
8611,0.166912
8612,0.164864
8613,0.168960
8614,0.164864
8615,0.167936
8616,0.171008
8617,0.171008
8618,0.167936
8619,0.161792
8620,0.163840
8621,0.168960
8622,0.174080
8623,0.166912
8624,0.162816
8625,0.165888
8626,0.165888
8627,0.168960
8628,0.162816
8629,0.164864
8630,0.168960
8631,0.163840
8632,0.163840
8633,0.163840
8634,0.168960
8635,0.165888
8636,0.163840
8637,0.172032
8638,0.162816
8639,0.167936
8640,0.167936
8641,0.164864
8642,0.166912
8643,0.165888
8644,0.169984
8645,0.158720
8646,0.164864
8647,0.166912
8648,0.168960
8649,0.163840
8650,0.172032
8651,0.169984
8652,0.167936
8653,0.165888
8654,0.168960
8655,0.165888
8656,0.162816
8657,0.163840
8658,0.166912
8659,0.167936
8660,0.167936
8661,0.171008
8662,0.164864
8663,0.165888
8664,0.165888
8665,0.169984
8666,0.166912
8667,0.167936
8668,0.172032
8669,0.172032
8670,0.166912
8671,0.164864
8672,0.168960
8673,0.165888
8674,0.167936
8675,0.169984
8676,0.174080
8677,0.165888
8678,0.169984
8679,0.163840
8680,0.159744
8681,0.162816
8682,0.158720
8683,0.166912
8684,0.172032
8685,0.163840
8686,0.161792
8687,0.164864
8688,0.168960
8689,0.165888
8690,0.172032
8691,0.165888
8692,0.172032
8693,0.166912
8694,0.167936
8695,0.169984
8696,0.163840
8697,0.163840
8698,0.165888
8699,0.167936
8700,0.167936
8701,0.172032
8702,0.160768
8703,0.164864
8704,0.168960
8705,0.169984
8706,0.169984
8707,0.172032
8708,0.167936
8709,0.166912
8710,0.167936
8711,0.163840
8712,0.167936
8713,0.171008
8714,0.169984
8715,0.165888
8716,0.171008
8717,0.165888
8718,0.164864
8719,0.167936
8720,0.165888
8721,0.171008
8722,0.171008
8723,0.172032
8724,0.166912
8725,0.162816
8726,0.163840
8727,0.176128
8728,0.165888
8729,0.171008
8730,0.167936
8731,0.163840
8732,0.157696
8733,0.161792
8734,0.169984
8735,0.163840
8736,0.171008
8737,0.167936
8738,0.161792
8739,0.173056
8740,0.165888
8741,0.169984
8742,0.166912
8743,0.168960
8744,0.161792
8745,0.164864
8746,0.168960
8747,0.167936
8748,0.175104
8749,0.172032
8750,0.166912
8751,0.174080
8752,0.167936
8753,0.161792
8754,0.165888
8755,0.169984
8756,0.161792
8757,0.172032
8758,0.169984
8759,0.167936
8760,0.166912
8761,0.165888
8762,0.165888
8763,0.167936
8764,0.167936
8765,0.164864
8766,0.167936
8767,0.163840
8768,0.166912
8769,0.164864
8770,0.168960
8771,0.167936
8772,0.174080
8773,0.167936
8774,0.173056
8775,0.166912
8776,0.165888
8777,0.168960
8778,0.169984
8779,0.166912
8780,0.167936
8781,0.166912
8782,0.167936
8783,0.165888
8784,0.165888
8785,0.162816
8786,0.165888
8787,0.159744
8788,0.177152
8789,0.163840
8790,0.164864
8791,0.163840
8792,0.163840
8793,0.167936
8794,0.162816
8795,0.162816
8796,0.167936
8797,0.166912
8798,0.172032
8799,0.161792
8800,0.174080
8801,0.172032
8802,0.166912
8803,0.166912
8804,0.169984
8805,0.162816
8806,0.173056
8807,0.168960
8808,0.172032
8809,0.173056
8810,0.166912
8811,0.171008
8812,0.175104
8813,0.167936
8814,0.165888
8815,0.161792
8816,0.163840
8817,0.171008
8818,0.179200
8819,0.175104
8820,0.165888
8821,0.173056
8822,0.168960
8823,0.167936
8824,0.175104
8825,0.175104
8826,0.168960
8827,0.168960
8828,0.173056
8829,0.166912
8830,0.171008
8831,0.166912
8832,0.177152
8833,0.166912
8834,0.167936
8835,0.161792
8836,0.162816
8837,0.164864
8838,0.163840
8839,0.161792
8840,0.175104
8841,0.173056
8842,0.167936
8843,0.166912
8844,0.172032
8845,0.166912
8846,0.171008
8847,0.166912
8848,0.169984
8849,0.172032
8850,0.167936
8851,0.165888
8852,0.165888
8853,0.172032
8854,0.166912
8855,0.167936
8856,0.166912
8857,0.164864
8858,0.167936
8859,0.159744
8860,0.166912
8861,0.167936
8862,0.175104
8863,0.169984
8864,0.164864
8865,0.172032
8866,0.164864
8867,0.171008
8868,0.161792
8869,0.162816
8870,0.167936
8871,0.166912
8872,0.171008
8873,0.166912
8874,0.166912
8875,0.160768
8876,0.165888
8877,0.162816
8878,0.168960
8879,0.168960
8880,0.168960
8881,0.167936
8882,0.169984
8883,0.166912
8884,0.173056
8885,0.169984
8886,0.165888
8887,0.164864
8888,0.171008
8889,0.173056
8890,0.169984
8891,0.164864
8892,0.165888
8893,0.168960
8894,0.173056
8895,0.173056
8896,0.166912
8897,0.165888
8898,0.171008
8899,0.162816
8900,0.172032
8901,0.168960
8902,0.166912
8903,0.167936
8904,0.163840
8905,0.164864
8906,0.161792
8907,0.159744
8908,0.158720
8909,0.165888
8910,0.154624
8911,0.160768
8912,0.164864
8913,0.162816
8914,0.162816
8915,0.173056
8916,0.160768
8917,0.165888
8918,0.161792
8919,0.160768
8920,0.163840
8921,0.165888
8922,0.165888
8923,0.161792
8924,0.161792
8925,0.164864
8926,0.160768
8927,0.166912
8928,0.166912
8929,0.162816
8930,0.172032
8931,0.166912
8932,0.165888
8933,0.164864
8934,0.167936
8935,0.165888
8936,0.165888
8937,0.171008
8938,0.168960
8939,0.174080
8940,0.161792
8941,0.166912
8942,0.163840
8943,0.166912
8944,0.166912
8945,0.169984
8946,0.166912
8947,0.164864
8948,0.165888
8949,0.169984
8950,0.165888
8951,0.163840
8952,0.174080
8953,0.163840
8954,0.163840
8955,0.166912
8956,0.166912
8957,0.162816
8958,0.167936
8959,0.164864
8960,0.166912
8961,0.166912
8962,0.167936
8963,0.173056
8964,0.164864
8965,0.166912
8966,0.237568
8967,0.175104
8968,0.169984
8969,0.169984
8970,0.165888
8971,0.173056
8972,0.160768
8973,0.166912
8974,0.166912
8975,0.169984
8976,0.173056
8977,0.169984
8978,0.172032
8979,0.173056
8980,0.171008
8981,0.164864
8982,0.172032
8983,0.165888
8984,0.164864
8985,0.164864
8986,0.165888
8987,0.162816
8988,0.171008
8989,0.160768
8990,0.164864
8991,0.168960
8992,0.171008
8993,0.164864
8994,0.169984
8995,0.169984
8996,0.163840
8997,0.161792
8998,0.162816
8999,0.345088
9000,0.165888
9001,0.168960
9002,0.167936
9003,0.165888
9004,0.356352
9005,0.166912
9006,0.163840
9007,0.165888
9008,0.168960
9009,0.165888
9010,0.164864
9011,0.174080
9012,0.164864
9013,0.167936
9014,0.167936
9015,0.163840
9016,0.165888
9017,0.172032
9018,0.162816
9019,0.165888
9020,0.161792
9021,0.164864
9022,0.166912
9023,0.167936
9024,0.166912
9025,0.163840
9026,0.169984
9027,0.175104
9028,0.168960
9029,0.166912
9030,0.166912
9031,0.168960
9032,0.162816
9033,0.167936
9034,0.168960
9035,0.168960
9036,0.165888
9037,0.168960
9038,0.167936
9039,0.163840
9040,0.163840
9041,0.173056
9042,0.174080
9043,0.166912
9044,0.178176
9045,0.171008
9046,0.167936
9047,0.165888
9048,0.164864
9049,0.162816
9050,0.168960
9051,0.164864
9052,0.164864
9053,0.160768
9054,0.167936
9055,0.166912
9056,0.168960
9057,0.166912
9058,0.164864
9059,0.168960
9060,0.167936
9061,0.167936
9062,0.166912
9063,0.162816
9064,0.169984
9065,0.161792
9066,0.174080
9067,0.168960
9068,0.161792
9069,0.172032
9070,0.169984
9071,0.163840
9072,0.167936
9073,0.173056
9074,0.163840
9075,0.163840
9076,0.163840
9077,0.164864
9078,0.168960
9079,0.164864
9080,0.165888
9081,0.164864
9082,0.168960
9083,0.162816
9084,0.167936
9085,0.165888
9086,0.166912
9087,0.169984
9088,0.171008
9089,0.165888
9090,0.159744
9091,0.173056
9092,0.169984
9093,0.168960
9094,0.167936
9095,0.165888
9096,0.163840
9097,0.162816
9098,0.164864
9099,0.162816
9100,0.166912
9101,0.167936
9102,0.167936
9103,0.173056
9104,0.174080
9105,0.171008
9106,0.174080
9107,0.166912
9108,0.175104
9109,0.175104
9110,0.165888
9111,0.164864
9112,0.162816
9113,0.167936
9114,0.167936
9115,0.160768
9116,0.172032
9117,0.169984
9118,0.173056
9119,0.168960
9120,0.167936
9121,0.164864
9122,0.173056
9123,0.167936
9124,0.168960
9125,0.168960
9126,0.166912
9127,0.162816
9128,0.163840
9129,0.173056
9130,0.164864
9131,0.168960
9132,0.163840
9133,0.164864
9134,0.159744
9135,0.154624
9136,0.161792
9137,0.162816
9138,0.160768
9139,0.160768
9140,0.165888
9141,0.164864
9142,0.161792
9143,0.166912
9144,0.165888
9145,0.164864
9146,0.161792
9147,0.162816
9148,0.162816
9149,0.155648
9150,0.166912
9151,0.155648
9152,0.159744
9153,0.162816
9154,0.164864
9155,0.166912
9156,0.166912
9157,0.163840
9158,0.165888
9159,0.169984
9160,0.163840
9161,0.165888
9162,0.171008
9163,0.167936
9164,0.164864
9165,0.168960
9166,0.167936
9167,0.168960
9168,0.169984
9169,0.167936
9170,0.169984
9171,0.173056
9172,0.166912
9173,0.174080
9174,0.165888
9175,0.174080
9176,0.165888
9177,0.166912
9178,0.178176
9179,0.169984
9180,0.163840
9181,0.168960
9182,0.168960
9183,0.164864
9184,0.166912
9185,0.166912
9186,0.171008
9187,0.169984
9188,0.172032
9189,0.166912
9190,0.173056
9191,0.164864
9192,0.165888
9193,0.165888
9194,0.162816
9195,0.167936
9196,0.172032
9197,0.167936
9198,0.165888
9199,0.163840
9200,0.164864
9201,0.167936
9202,0.167936
9203,0.164864
9204,0.165888
9205,0.168960
9206,0.169984
9207,0.167936
9208,0.164864
9209,0.171008
9210,0.164864
9211,0.163840
9212,0.167936
9213,0.166912
9214,0.174080
9215,0.167936
9216,0.169984
9217,0.166912
9218,0.169984
9219,0.166912
9220,0.166912
9221,0.162816
9222,0.167936
9223,0.168960
9224,0.163840
9225,0.160768
9226,0.165888
9227,0.165888
9228,0.167936
9229,0.169984
9230,0.169984
9231,0.165888
9232,0.166912
9233,0.167936
9234,0.167936
9235,0.165888
9236,0.169984
9237,0.164864
9238,0.167936
9239,0.172032
9240,0.177152
9241,0.179200
9242,0.162816
9243,0.168960
9244,0.167936
9245,0.171008
9246,0.171008
9247,0.164864
9248,0.168960
9249,0.164864
9250,0.167936
9251,0.167936
9252,0.164864
9253,0.166912
9254,0.172032
9255,0.175104
9256,0.165888
9257,0.178176
9258,0.161792
9259,0.164864
9260,0.169984
9261,0.171008
9262,0.169984
9263,0.166912
9264,0.168960
9265,0.161792
9266,0.165888
9267,0.164864
9268,0.174080
9269,0.161792
9270,0.160768
9271,0.166912
9272,0.169984
9273,0.168960
9274,0.169984
9275,0.171008
9276,0.166912
9277,0.168960
9278,0.179200
9279,0.161792
9280,0.174080
9281,0.166912
9282,0.165888
9283,0.172032
9284,0.172032
9285,0.159744
9286,0.166912
9287,0.169984
9288,0.168960
9289,0.167936
9290,0.167936
9291,0.161792
9292,0.167936
9293,0.169984
9294,0.168960
9295,0.174080
9296,0.165888
9297,0.173056
9298,0.172032
9299,0.160768
9300,0.168960
9301,0.174080
9302,0.166912
9303,0.161792
9304,0.161792
9305,0.167936
9306,0.166912
9307,0.163840
9308,0.161792
9309,0.164864
9310,0.165888
9311,0.164864
9312,0.168960
9313,0.168960
9314,0.168960
9315,0.164864
9316,0.174080
9317,0.174080
9318,0.162816
9319,0.163840
9320,0.164864
9321,0.173056
9322,0.166912
9323,0.173056
9324,0.173056
9325,0.166912
9326,0.168960
9327,0.166912
9328,0.172032
9329,0.160768
9330,0.172032
9331,0.165888
9332,0.165888
9333,0.164864
9334,0.175104
9335,0.164864
9336,0.175104
9337,0.172032
9338,0.167936
9339,0.172032
9340,0.166912
9341,0.169984
9342,0.174080
9343,0.168960
9344,0.171008
9345,0.174080
9346,0.165888
9347,0.168960
9348,0.168960
9349,0.166912
9350,0.169984
9351,0.163840
9352,0.165888
9353,0.164864
9354,0.166912
9355,0.166912
9356,0.165888
9357,0.164864
9358,0.169984
9359,0.169984
9360,0.165888
9361,0.167936
9362,0.173056
9363,0.165888
9364,0.174080
9365,0.167936
9366,0.171008
9367,0.165888
9368,0.171008
9369,0.169984
9370,0.168960
9371,0.166912
9372,0.172032
9373,0.168960
9374,0.164864
9375,0.167936
9376,0.166912
9377,0.173056
9378,0.171008
9379,0.175104
9380,0.167936
9381,0.162816
9382,0.161792
9383,0.167936
9384,0.174080
9385,0.167936
9386,0.165888
9387,0.166912
9388,0.169984
9389,0.174080
9390,0.166912
9391,0.173056
9392,0.164864
9393,0.165888
9394,0.179200
9395,0.169984
9396,0.172032
9397,0.169984
9398,0.165888
9399,0.163840
9400,0.173056
9401,0.179200
9402,0.161792
9403,0.167936
9404,0.163840
9405,0.167936
9406,0.160768
9407,0.166912
9408,0.164864
9409,0.169984
9410,0.168960
9411,0.158720
9412,0.165888
9413,0.173056
9414,0.171008
9415,0.167936
9416,0.163840
9417,0.172032
9418,0.173056
9419,0.166912
9420,0.174080
9421,0.171008
9422,0.163840
9423,0.171008
9424,0.163840
9425,0.163840
9426,0.166912
9427,0.176128
9428,0.164864
9429,0.165888
9430,0.164864
9431,0.166912
9432,0.163840
9433,0.165888
9434,0.166912
9435,0.172032
9436,0.169984
9437,0.173056
9438,0.166912
9439,0.172032
9440,0.168960
9441,0.171008
9442,0.172032
9443,0.164864
9444,0.165888
9445,0.164864
9446,0.161792
9447,0.160768
9448,0.166912
9449,0.165888
9450,0.171008
9451,0.164864
9452,0.160768
9453,0.165888
9454,0.159744
9455,0.167936
9456,0.167936
9457,0.163840
9458,0.171008
9459,0.166912
9460,0.168960
9461,0.171008
9462,0.169984
9463,0.158720
9464,0.160768
9465,0.156672
9466,0.166912
9467,0.161792
9468,0.160768
9469,0.160768
9470,0.166912
9471,0.160768
9472,0.162816
9473,0.164864
9474,0.162816
9475,0.158720
9476,0.167936
9477,0.165888
9478,0.160768
9479,0.161792
9480,0.171008
9481,0.167936
9482,0.162816
9483,0.167936
9484,0.159744
9485,0.159744
9486,0.163840
9487,0.161792
9488,0.162816
9489,0.165888
9490,0.162816
9491,0.161792
9492,0.158720
9493,0.159744
9494,0.167936
9495,0.162816
9496,0.161792
9497,0.163840
9498,0.165888
9499,0.159744
9500,0.162816
9501,0.160768
9502,0.158720
9503,0.161792
9504,0.159744
9505,0.166912
9506,0.161792
9507,0.167936
9508,0.163840
9509,0.162816
9510,0.159744
9511,0.162816
9512,0.172032
9513,0.165888
9514,0.165888
9515,0.167936
9516,0.171008
9517,0.167936
9518,0.167936
9519,0.161792
9520,0.164864
9521,0.167936
9522,0.160768
9523,0.163840
9524,0.155648
9525,0.172032
9526,0.164864
9527,0.178176
9528,0.161792
9529,0.158720
9530,0.166912
9531,0.162816
9532,0.166912
9533,0.163840
9534,0.166912
9535,0.166912
9536,0.166912
9537,0.167936
9538,0.169984
9539,0.161792
9540,0.163840
9541,0.160768
9542,0.162816
9543,0.154624
9544,0.159744
9545,0.163840
9546,0.169984
9547,0.159744
9548,0.163840
9549,0.162816
9550,0.168960
9551,0.161792
9552,0.158720
9553,0.163840
9554,0.164864
9555,0.162816
9556,0.159744
9557,0.162816
9558,0.166912
9559,0.320512
9560,0.163840
9561,0.164864
9562,0.159744
9563,0.157696
9564,0.163840
9565,0.158720
9566,0.166912
9567,0.162816
9568,0.160768
9569,0.161792
9570,0.159744
9571,0.162816
9572,0.164864
9573,0.158720
9574,0.156672
9575,0.158720
9576,0.158720
9577,0.157696
9578,0.155648
9579,0.159744
9580,0.156672
9581,0.157696
9582,0.157696
9583,0.156672
9584,0.155648
9585,0.154624
9586,0.158720
9587,0.160768
9588,0.157696
9589,0.158720
9590,0.154624
9591,0.155648
9592,0.158720
9593,0.160768
9594,0.162816
9595,0.157696
9596,0.157696
9597,0.154624
9598,0.155648
9599,0.155648
9600,0.155648
9601,0.157696
9602,0.155648
9603,0.160768
9604,0.159744
9605,0.155648
9606,0.160768
9607,0.158720
9608,0.158720
9609,0.160768
9610,0.158720
9611,0.157696
9612,0.158720
9613,0.159744
9614,0.156672
9615,0.160768
9616,0.159744
9617,0.161792
9618,0.231424
9619,0.164864
9620,0.154624
9621,0.160768
9622,0.158720
9623,0.158720
9624,0.154624
9625,0.159744
9626,0.155648
9627,0.153600
9628,0.154624
9629,0.222208
9630,0.157696
9631,0.157696
9632,0.154624
9633,0.153600
9634,0.156672
9635,0.163840
9636,0.157696
9637,0.166912
9638,0.159744
9639,0.162816
9640,0.153600
9641,0.156672
9642,0.154624
9643,0.164864
9644,0.157696
9645,0.155648
9646,0.157696
9647,0.162816
9648,0.152576
9649,0.159744
9650,0.157696
9651,0.156672
9652,0.158720
9653,0.151552
9654,0.155648
9655,0.158720
9656,0.159744
9657,0.159744
9658,0.157696
9659,0.162816
9660,0.161792
9661,0.158720
9662,0.156672
9663,0.158720
9664,0.158720
9665,0.153600
9666,0.157696
9667,0.159744
9668,0.161792
9669,0.159744
9670,0.156672
9671,0.163840
9672,0.159744
9673,0.157696
9674,0.157696
9675,0.157696
9676,0.158720
9677,0.156672
9678,0.160768
9679,0.158720
9680,0.157696
9681,0.161792
9682,0.159744
9683,0.166912
9684,0.157696
9685,0.162816
9686,0.159744
9687,0.157696
9688,0.161792
9689,0.158720
9690,0.157696
9691,0.156672
9692,0.160768
9693,0.159744
9694,0.156672
9695,0.162816
9696,0.158720
9697,0.158720
9698,0.157696
9699,0.158720
9700,0.157696
9701,0.161792
9702,0.161792
9703,0.156672
9704,0.158720
9705,0.161792
9706,0.158720
9707,0.165888
9708,0.160768
9709,0.156672
9710,0.156672
9711,0.159744
9712,0.157696
9713,0.159744
9714,0.164864
9715,0.156672
9716,0.166912
9717,0.164864
9718,0.162816
9719,0.158720
9720,0.156672
9721,0.156672
9722,0.159744
9723,0.161792
9724,0.156672
9725,0.156672
9726,0.160768
9727,0.162816
9728,0.157696
9729,0.157696
9730,0.156672
9731,0.156672
9732,0.158720
9733,0.155648
9734,0.160768
9735,0.158720
9736,0.161792
9737,0.152576
9738,0.162816
9739,0.158720
9740,0.159744
9741,0.159744
9742,0.157696
9743,0.159744
9744,0.160768
9745,0.163840
9746,0.153600
9747,0.152576
9748,0.153600
9749,0.149504
9750,0.152576
9751,0.152576
9752,0.153600
9753,0.153600
9754,0.154624
9755,0.156672
9756,0.153600
9757,0.148480
9758,0.154624
9759,0.152576
9760,0.154624
9761,0.150528
9762,0.151552
9763,0.150528
9764,0.150528
9765,0.151552
9766,0.147456
9767,0.154624
9768,0.148480
9769,0.154624
9770,0.151552
9771,0.150528
9772,0.148480
9773,0.148480
9774,0.154624
9775,0.150528
9776,0.146432
9777,0.143360
9778,0.143360
9779,0.143360
9780,0.144384
9781,0.143360
9782,0.142336
9783,0.143360
9784,0.142336
9785,0.143360
9786,0.142336
9787,0.142336
9788,0.141312
9789,0.142336
9790,0.145408
9791,0.144384
9792,0.143360
9793,0.143360
9794,0.143360
9795,0.143360
9796,0.143360
9797,0.143360
9798,0.143360
9799,0.145408
9800,0.143360
9801,0.143360
9802,0.144384
9803,0.143360
9804,0.144384
9805,0.143360
9806,0.143360
9807,0.142336
9808,0.140288
9809,0.140288
9810,0.139264
9811,0.140288
9812,0.140288
9813,0.140288
9814,0.140288
9815,0.140288
9816,0.140288
9817,0.140288
9818,0.140288
9819,0.141312
9820,0.140288
9821,0.140288
9822,0.711680
9823,0.141312
9824,0.140288
9825,0.139264
9826,0.141312
9827,0.140288
9828,0.140288
9829,0.141312
9830,0.140288
9831,0.140288
9832,0.141312
9833,0.140288
9834,0.140288
9835,0.141312
9836,0.141312
9837,0.140288
9838,0.141312
9839,0.141312
9840,0.141312
9841,0.141312
9842,0.140288
9843,0.140288
9844,0.140288
9845,0.140288
9846,0.140288
9847,0.140288
9848,0.140288
9849,0.140288
9850,0.140288
9851,0.141312
9852,0.141312
9853,0.141312
9854,0.141312
9855,0.140288
9856,0.140288
9857,0.141312
9858,0.140288
9859,0.140288
9860,0.141312
9861,0.141312
9862,0.141312
9863,0.141312
9864,0.140288
9865,0.140288
9866,0.144384
9867,0.141312
9868,0.140288
9869,0.141312
9870,0.141312
9871,0.141312
9872,0.140288
9873,0.140288
9874,0.141312
9875,0.140288
9876,0.141312
9877,0.140288
9878,0.141312
9879,0.140288
9880,0.140288
9881,0.141312
9882,0.141312
9883,0.140288
9884,0.141312
9885,0.141312
9886,0.140288
9887,0.140288
9888,0.141312
9889,0.141312
9890,0.140288
9891,0.140288
9892,0.139264
9893,0.140288
9894,0.141312
9895,0.140288
9896,0.139264
9897,0.140288
9898,0.139264
9899,0.140288
9900,0.140288
9901,0.141312
9902,0.140288
9903,0.139264
9904,0.140288
9905,0.141312
9906,0.140288
9907,0.140288
9908,0.140288
9909,0.140288
9910,0.140288
9911,0.140288
9912,0.139264
9913,0.139264
9914,0.140288
9915,0.140288
9916,0.140288
9917,0.140288
9918,0.140288
9919,0.140288
9920,0.140288
9921,0.140288
9922,0.141312
9923,0.140288
9924,0.140288
9925,0.140288
9926,0.140288
9927,0.140288
9928,0.140288
9929,0.140288
9930,0.140288
9931,0.140288
9932,0.140288
9933,0.140288
9934,0.140288
9935,0.140288
9936,0.140288
9937,0.140288
9938,0.141312
9939,0.140288
9940,0.140288
9941,0.140288
9942,0.140288
9943,0.140288
9944,0.140288
9945,0.140288
9946,0.140288
9947,0.139264
9948,0.140288
9949,0.140288
9950,0.140288
9951,0.140288
9952,0.141312
9953,0.140288
9954,0.140288
9955,0.140288
9956,0.140288
9957,0.140288
9958,0.140288
9959,0.140288
9960,0.140288
9961,0.140288
9962,0.141312
9963,0.140288
9964,0.140288
9965,0.140288
9966,0.140288
9967,0.140288
9968,0.141312
9969,0.140288
9970,0.140288
9971,0.139264
9972,0.140288
9973,0.140288
9974,0.140288
9975,0.140288
9976,0.140288
9977,0.139264
9978,0.140288
9979,0.785408
9980,0.140288
9981,0.140288
9982,0.139264
9983,0.140288
9984,0.140288
9985,0.140288
9986,0.140288
9987,0.140288
9988,0.140288
9989,0.140288
9990,0.140288
9991,0.140288
9992,0.140288
9993,0.140288
9994,0.140288
9995,0.140288
9996,0.140288
9997,0.140288
9998,0.140288
9999,0.140288
